// Created by Crowbar 0.68
version 1
nodes
  0 "ValveBiped.Bip01" -1
  1 "ValveBiped.Bip01_Spine" 0
  2 "ValveBiped.Bip01_Spine1" 1
  3 "ValveBiped.Bip01_Spine2" 2
  4 "ValveBiped.Bip01_Spine4" 3
  5 "ValveBiped.Bip01_L_Clavicle" 4
  6 "ValveBiped.Bip01_L_UpperArm" 5
  7 "ValveBiped.Bip01_L_Forearm" 6
  8 "ValveBiped.Bip01_L_Hand" 7
  9 "ValveBiped.Bip01_L_Finger4" 8
  10 "ValveBiped.Bip01_L_Finger41" 9
  11 "ValveBiped.Bip01_L_Finger42" 10
  12 "ValveBiped.Bip01_L_Finger3" 8
  13 "ValveBiped.Bip01_L_Finger31" 12
  14 "ValveBiped.Bip01_L_Finger32" 13
  15 "ValveBiped.Bip01_L_Finger2" 8
  16 "ValveBiped.Bip01_L_Finger21" 15
  17 "ValveBiped.Bip01_L_Finger22" 16
  18 "ValveBiped.Bip01_L_Finger1" 8
  19 "ValveBiped.Bip01_L_Finger11" 18
  20 "ValveBiped.Bip01_L_Finger12" 19
  21 "ValveBiped.Bip01_L_Finger0" 8
  22 "ValveBiped.Bip01_L_Finger01" 21
  23 "ValveBiped.Bip01_L_Finger02" 22
  24 "ValveBiped.Bip01_R_Clavicle" 4
  25 "ValveBiped.Bip01_R_UpperArm" 24
  26 "ValveBiped.Bip01_R_Forearm" 25
  27 "ValveBiped.Bip01_R_Hand" 26
  28 "ValveBiped.Bip01_R_Finger4" 27
  29 "ValveBiped.Bip01_R_Finger41" 28
  30 "ValveBiped.Bip01_R_Finger42" 29
  31 "ValveBiped.Bip01_R_Finger3" 27
  32 "ValveBiped.Bip01_R_Finger31" 31
  33 "ValveBiped.Bip01_R_Finger32" 32
  34 "ValveBiped.Bip01_R_Finger2" 27
  35 "ValveBiped.Bip01_R_Finger21" 34
  36 "ValveBiped.Bip01_R_Finger22" 35
  37 "ValveBiped.Bip01_R_Finger1" 27
  38 "ValveBiped.Bip01_R_Finger11" 37
  39 "ValveBiped.Bip01_R_Finger12" 38
  40 "ValveBiped.Bip01_R_Finger0" 27
  41 "ValveBiped.Bip01_R_Finger01" 40
  42 "ValveBiped.Bip01_R_Finger02" 41
end
skeleton
  time 0
    0 -0.002329 -13.531663 -29.431290 1.570796 0.000000 0.000000
    1 0.000000 3.345132 -2.981898 1.570796 0.086285 1.570796
    2 4.015371 0.000000 0.000000 0.000000 0.000000 -0.029235
    3 3.520296 0.000000 0.000000 0.000000 0.000000 0.100327
    4 8.941008 0.000000 0.000000 0.000000 0.000000 0.194095
    5 2.036092 0.997454 1.937661 1.596631 -1.286515 2.942968
    6 6.028141 0.000000 0.000000 -1.523732 0.150580 -0.703750
    7 11.692555 0.000000 0.000000 0.000000 0.000000 -2.053000
    8 10.637896 8.324473 -4.984560 2.286593 0.233066 0.784779
    9 3.858223 -0.139536 -1.192189 -0.491829 0.051144 -1.071689
    10 1.312564 -0.000002 0.000000 0.000000 0.009670 -0.439706
    11 0.729363 0.000000 0.000000 0.000000 0.004976 -0.244287
    12 3.941966 0.046948 -0.435170 -0.161948 0.051599 -0.946614
    13 1.539098 -0.000001 0.000000 0.000000 0.004456 -0.247810
    14 1.196321 0.000001 0.000000 0.000000 0.007354 -0.430806
    15 3.881372 -0.043128 0.427603 0.078528 0.038000 -0.783634
    16 1.719579 -0.000001 0.000000 0.000000 0.005514 -0.503913
    17 1.209176 0.000000 0.000000 0.000000 0.003079 -0.334204
    18 3.863473 -0.136491 1.332153 0.350927 0.025231 -0.715860
    19 1.719429 0.000001 0.000001 0.000000 0.004062 -0.762571
    20 1.099664 0.000001 0.000000 0.000000 0.002588 -0.244310
    21 0.807580 -0.347157 1.320587 -1.261643 -0.493778 -0.711454
    22 1.789782 0.000000 0.000000 0.000000 0.007387 0.554690
    23 1.207003 0.000000 0.000000 0.000000 0.011266 0.769177
    24 2.036095 0.997454 -1.937661 -1.668472 1.286515 2.942956
    25 6.028141 0.000003 0.000000 1.370864 -0.013390 -0.884750
    26 11.692552 0.000000 -0.000001 0.000000 0.000000 -2.082772
    27 11.680877 8.894802 -2.613344 -1.566264 0.133552 0.777224
    28 3.858241 -0.131719 1.196095 0.479130 -0.158525 -0.879032
    29 1.312565 0.000000 0.000000 0.000000 -0.011935 -0.439662
    30 0.729363 0.000000 0.000000 0.000000 -0.006139 -0.244260
    31 3.941985 0.050854 0.431264 0.154997 -0.079295 -0.810189
    32 1.539096 -0.000001 0.000000 0.000000 -0.005846 -0.247810
    33 1.196321 0.000000 0.000000 0.000000 -0.009656 -0.430780
    34 3.881388 -0.047033 -0.427603 -0.085910 -0.026399 -0.587694
    35 1.719579 0.000001 0.000000 0.000000 -0.007970 -0.366425
    36 1.209177 0.000000 0.000000 0.000000 -0.004458 -0.216376
    37 3.863492 -0.148208 -1.328247 -0.354415 0.038570 -0.531989
    38 1.719428 -0.000001 -0.000001 0.000000 -0.006603 -0.362961
    39 1.099665 0.000000 0.000000 0.000000 -0.004206 -0.244307
    40 0.807598 -0.358882 -1.316680 1.204201 0.673617 -0.793952
    41 1.789785 0.000000 -0.000001 0.000000 -0.006296 0.228562
    42 1.207004 0.000000 0.000000 0.000000 -0.009612 0.362916
  time 1
    0 -0.002329 -13.531663 -29.431290 1.570796 0.000000 0.000000
    1 0.000000 3.345132 -2.981898 1.570796 0.086285 1.570796
    2 4.015371 0.000000 0.000000 0.000000 0.000000 -0.029235
    3 3.520296 0.000000 0.000000 0.000000 0.000000 0.100327
    4 8.941008 0.000000 0.000000 0.000000 0.000000 0.194095
    5 2.036092 0.997454 1.937661 1.596631 -1.286515 2.942968
    6 6.028141 0.000000 0.000000 -1.179446 -0.102531 -0.807777
    7 11.692555 0.000000 0.000000 0.000000 0.000000 -1.065084
    8 11.481671 0.000000 -0.000033 2.158428 -0.098693 0.040451
    9 3.858223 -0.139536 -1.192189 -0.490115 0.053577 -1.072331
    10 1.312564 -0.000002 0.000000 -0.000036 0.009694 -0.447216
    11 0.729363 0.000000 0.000000 -0.000012 0.004988 -0.253272
    12 3.941966 0.046948 -0.435170 -0.161864 0.051958 -0.944390
    13 1.539098 -0.000001 0.000000 0.000000 0.004468 -0.253753
    14 1.196321 0.000001 0.000000 -0.000024 0.007366 -0.440202
    15 3.881372 -0.043128 0.427603 0.078600 0.037905 -0.782349
    16 1.719579 -0.000001 0.000000 0.000000 0.005514 -0.502208
    17 1.209176 0.000000 0.000000 0.000000 0.003079 -0.333753
    18 3.863473 -0.136491 1.332153 0.350759 0.023350 -0.714286
    19 1.719429 0.000001 0.000001 0.000336 0.003008 -0.753586
    20 1.099664 0.000001 0.000000 0.000000 0.002588 -0.247098
    21 0.807580 -0.347157 1.320587 -1.255675 -0.496642 -0.720465
    22 1.789782 0.000000 0.000000 0.000000 0.007399 0.548847
    23 1.207003 0.000000 0.000000 0.000000 0.011290 0.762417
    24 2.036095 0.997454 -1.937661 -1.668472 1.286515 2.942956
    25 6.028141 0.000003 0.000000 1.334682 0.327210 -0.730400
    26 11.692552 0.000000 -0.000001 0.000000 0.000000 -1.056790
    27 11.481652 -0.000001 0.000017 -1.317472 0.097362 0.038510
    28 3.858241 -0.131719 1.196095 0.477282 -0.160307 -0.892473
    29 1.312565 0.000000 0.000000 0.000000 -0.011983 -0.449445
    30 0.729363 0.000000 0.000000 0.000000 -0.006162 -0.250843
    31 3.941985 0.050854 0.431264 0.155237 -0.078684 -0.814189
    32 1.539096 -0.000001 0.000000 0.000000 -0.005870 -0.266426
    33 1.196321 0.000000 0.000000 0.000000 -0.009691 -0.431137
    34 3.881388 -0.047033 -0.427603 -0.083789 -0.025680 -0.593275
    35 1.719579 0.000001 0.000000 0.000000 -0.007970 -0.376252
    36 1.209177 0.000000 0.000000 0.000000 -0.004458 -0.216980
    37 3.863492 -0.148208 -1.328247 -0.354642 0.040426 -0.530627
    38 1.719428 -0.000001 -0.000001 0.000000 -0.006603 -0.374085
    39 1.099665 0.000000 0.000000 0.000000 -0.004206 -0.244586
    40 0.807598 -0.358882 -1.316680 1.197658 0.670465 -0.804368
    41 1.789785 0.000000 -0.000001 0.000000 -0.006320 0.228982
    42 1.207004 0.000000 0.000000 0.000000 -0.009648 0.363221
  time 2
    0 -0.002329 -13.531663 -29.431290 1.570796 0.000000 0.000000
    1 0.000000 3.345132 -2.981898 1.570796 0.086285 1.570796
    2 4.015371 0.000000 0.000000 0.000000 0.000000 -0.029235
    3 3.520296 0.000000 0.000000 0.000000 0.000000 0.100327
    4 8.941008 0.000000 0.000000 0.000000 0.000000 0.194095
    5 2.036092 0.997454 1.937661 1.596631 -1.286515 2.942968
    6 6.028141 0.000000 0.000000 -1.189533 -0.122494 -0.799927
    7 11.692555 0.000000 0.000000 0.000000 0.000000 -1.085472
    8 11.481671 0.000000 -0.000033 2.100987 -0.083471 0.033268
    9 3.858223 -0.139536 -1.192189 -0.486771 0.058300 -1.073579
    10 1.312564 -0.000002 0.000000 -0.000096 0.009741 -0.461886
    11 0.729363 0.000000 0.000000 -0.000048 0.005012 -0.270750
    12 3.941966 0.046948 -0.435170 -0.161709 0.052666 -0.940049
    13 1.539098 -0.000001 0.000000 -0.000024 0.004492 -0.265389
    14 1.196321 0.000001 0.000000 -0.000096 0.007402 -0.458533
    15 3.881372 -0.043128 0.427603 0.078756 0.037713 -0.779889
    16 1.719579 -0.000001 0.000000 -0.000012 0.005514 -0.498932
    17 1.209176 0.000000 0.000000 -0.000012 0.003079 -0.332899
    18 3.863473 -0.136491 1.332153 0.350424 0.019682 -0.711220
    19 1.719429 0.000001 0.000001 0.001007 0.000934 -0.736028
    20 1.099664 0.000001 0.000000 -0.000012 0.002588 -0.252520
    21 0.807580 -0.347157 1.320587 -1.243846 -0.502119 -0.738112
    22 1.789782 0.000000 0.000000 0.000000 0.007447 0.537420
    23 1.207003 0.000000 0.000000 0.000000 0.011350 0.749158
    24 2.036095 0.997454 -1.937661 -1.668472 1.286515 2.942956
    25 6.028141 0.000003 0.000000 1.354721 0.342720 -0.722934
    26 11.692552 0.000000 -0.000001 0.000000 0.000000 -1.105734
    27 11.481652 -0.000001 0.000017 -1.281688 0.080248 0.028037
    28 3.858241 -0.131719 1.196095 0.473616 -0.163673 -0.917920
    29 1.312565 0.000000 0.000000 0.000000 -0.012066 -0.467930
    30 0.729363 0.000000 0.000000 0.000000 -0.006210 -0.263315
    31 3.941985 0.050854 0.431264 0.155668 -0.077534 -0.821679
    32 1.539096 -0.000001 0.000000 0.000000 -0.005906 -0.301686
    33 1.196321 0.000000 0.000000 0.000000 -0.009763 -0.431811
    34 3.881388 -0.047033 -0.427603 -0.079750 -0.024314 -0.603804
    35 1.719579 0.000001 0.000000 0.000012 -0.007970 -0.394853
    36 1.209177 0.000000 0.000000 0.000000 -0.004458 -0.218105
    37 3.863492 -0.148208 -1.328247 -0.355062 0.043989 -0.528055
    38 1.719428 -0.000001 -0.000001 0.000012 -0.006603 -0.395129
    39 1.099665 0.000000 0.000000 0.000000 -0.004206 -0.245143
    40 0.807598 -0.358882 -1.316680 1.185421 0.664353 -0.823937
    41 1.789785 0.000000 -0.000001 0.000000 -0.006368 0.229773
    42 1.207004 0.000000 0.000000 0.000000 -0.009708 0.363808
  time 3
    0 -0.002329 -13.531663 -29.431290 1.570796 0.000000 0.000000
    1 0.000000 3.345132 -2.981898 1.570796 0.086285 1.570796
    2 4.015371 0.000000 0.000000 0.000000 0.000000 -0.029235
    3 3.520296 0.000000 0.000000 0.000000 0.000000 0.100327
    4 8.941008 0.000000 0.000000 0.000000 0.000000 0.194095
    5 2.036092 0.997454 1.937661 1.596631 -1.286515 2.942968
    6 6.028141 0.000000 0.000000 -1.202521 -0.147237 -0.790471
    7 11.692555 0.000000 0.000000 0.000000 0.000000 -1.108781
    8 11.481671 0.000000 -0.000033 2.031196 -0.065033 0.024464
    9 3.858223 -0.139536 -1.192189 -0.482696 0.064025 -1.075112
    10 1.312564 -0.000002 0.000000 -0.000180 0.009789 -0.479708
    11 0.729363 0.000000 0.000000 -0.000084 0.005036 -0.291983
    12 3.941966 0.046948 -0.435170 -0.161505 0.053528 -0.934754
    13 1.539098 -0.000001 0.000000 -0.000048 0.004516 -0.279521
    14 1.196321 0.000001 0.000000 -0.000168 0.007438 -0.480811
    15 3.881372 -0.043128 0.427603 0.078935 0.037473 -0.776871
    16 1.719579 -0.000001 0.000000 -0.000024 0.005514 -0.494938
    17 1.209176 0.000000 0.000000 -0.000024 0.003079 -0.331852
    18 3.863473 -0.136491 1.332153 0.350016 0.015212 -0.707508
    19 1.719429 0.000001 0.000001 0.001822 -0.001571 -0.714689
    20 1.099664 0.000001 0.000000 -0.000036 0.002588 -0.259129
    21 0.807580 -0.347157 1.320587 -1.229141 -0.508555 -0.759663
    22 1.789782 0.000000 0.000000 0.000000 0.007483 0.523468
    23 1.207003 0.000000 0.000000 0.000000 0.011422 0.732903
    24 2.036095 0.997454 -1.937661 -1.668472 1.286515 2.942956
    25 6.028141 0.000003 0.000000 1.378055 0.363879 -0.714245
    26 11.692552 0.000000 -0.000001 0.000000 0.000000 -1.160357
    27 11.481652 -0.000001 0.000017 -1.238892 0.059970 0.015596
    28 3.858241 -0.131719 1.196095 0.468966 -0.167757 -0.948189
    29 1.312565 0.000000 0.000000 0.000000 -0.012150 -0.490111
    30 0.729363 0.000000 0.000000 0.000000 -0.006246 -0.278234
    31 3.941985 0.050854 0.431264 0.156172 -0.076167 -0.830458
    32 1.539096 -0.000001 0.000000 0.000000 -0.005954 -0.343822
    33 1.196321 0.000000 0.000000 0.000000 -0.009835 -0.432583
    34 3.881388 -0.047033 -0.427603 -0.074909 -0.022636 -0.616355
    35 1.719579 0.000001 0.000000 0.000024 -0.007970 -0.417013
    36 1.209177 0.000000 0.000000 0.000012 -0.004458 -0.219370
    37 3.863492 -0.148208 -1.328247 -0.355529 0.048338 -0.524953
    38 1.719428 -0.000001 -0.000001 0.000012 -0.006603 -0.420205
    39 1.099665 0.000000 0.000000 0.000000 -0.004206 -0.245751
    40 0.807598 -0.358882 -1.316680 1.171076 0.656791 -0.847119
    41 1.789785 0.000000 -0.000001 0.000000 -0.006416 0.230659
    42 1.207004 0.000000 0.000000 0.000000 -0.009792 0.364489
  time 4
    0 -0.002329 -13.531663 -29.431290 1.570796 0.000000 0.000000
    1 0.000000 3.345132 -2.981898 1.570796 0.086285 1.570796
    2 4.015371 0.000000 0.000000 0.000000 0.000000 -0.029235
    3 3.520296 0.000000 0.000000 0.000000 0.000000 0.100327
    4 8.941008 0.000000 0.000000 0.000000 0.000000 0.194095
    5 2.036092 0.997454 1.937661 1.596631 -1.286515 2.942968
    6 6.028141 0.000000 0.000000 -1.218061 -0.175488 -0.780152
    7 11.692555 0.000000 0.000000 0.000000 0.000000 -1.132820
    8 11.481671 0.000000 -0.000033 1.953853 -0.044712 0.014662
    9 3.858223 -0.139536 -1.192189 -0.478226 0.070322 -1.076896
    10 1.312564 -0.000002 0.000000 -0.000276 0.009849 -0.499398
    11 0.729363 0.000000 0.000000 -0.000132 0.005072 -0.315391
    12 3.941966 0.046948 -0.435170 -0.161277 0.054475 -0.928929
    13 1.539098 -0.000001 0.000000 -0.000072 0.004540 -0.295202
    14 1.196321 0.000001 0.000000 -0.000252 0.007474 -0.505402
    15 3.881372 -0.043128 0.427603 0.079127 0.037209 -0.773545
    16 1.719579 -0.000001 0.000000 -0.000036 0.005514 -0.490496
    17 1.209176 0.000000 0.000000 -0.000036 0.003079 -0.330708
    18 3.863473 -0.136491 1.332153 0.349561 0.010287 -0.703393
    19 1.719429 0.000001 0.000001 0.002732 -0.004351 -0.691066
    20 1.099664 0.000001 0.000000 -0.000048 0.002588 -0.266409
    21 0.807580 -0.347157 1.320587 -1.212470 -0.515374 -0.783607
    22 1.789782 0.000000 0.000000 0.000000 0.007531 0.507967
    23 1.207003 0.000000 0.000000 0.000000 0.011494 0.714836
    24 2.036095 0.997454 -1.937661 -1.668472 1.286515 2.942956
    25 6.028141 0.000003 0.000000 1.403378 0.390311 -0.705041
    26 11.692552 0.000000 -0.000001 0.000000 0.000000 -1.215412
    27 11.481652 -0.000001 0.000017 -1.191660 0.037891 0.002024
    28 3.858241 -0.131719 1.196095 0.463544 -0.172237 -0.981160
    29 1.312565 0.000000 0.000000 0.000000 -0.012246 -0.514322
    30 0.729363 0.000000 0.000000 0.000000 -0.006306 -0.294527
    31 3.941985 0.050854 0.431264 0.156687 -0.074705 -0.839881
    32 1.539096 -0.000001 0.000000 0.000000 -0.006002 -0.389682
    33 1.196321 0.000000 0.000000 0.000000 -0.009907 -0.433376
    34 3.881388 -0.047033 -0.427603 -0.069611 -0.020779 -0.629991
    35 1.719579 0.000001 0.000000 0.000036 -0.007970 -0.441078
    36 1.209177 0.000000 0.000000 0.000012 -0.004458 -0.220678
    37 3.863492 -0.148208 -1.328247 -0.356009 0.053202 -0.521549
    38 1.719428 -0.000001 -0.000001 0.000024 -0.006615 -0.447506
    39 1.099665 0.000000 0.000000 0.000000 -0.004206 -0.246384
    40 0.807598 -0.358882 -1.316680 1.155759 0.648246 -0.872115
    41 1.789785 0.000000 -0.000001 0.000000 -0.006464 0.231582
    42 1.207004 0.000000 0.000000 0.000000 -0.009864 0.365194
  time 5
    0 -0.002329 -13.531663 -29.431290 1.570796 0.000000 0.000000
    1 0.000000 3.345132 -2.981898 1.570796 0.086285 1.570796
    2 4.015371 0.000000 0.000000 0.000000 0.000000 -0.029235
    3 3.520296 0.000000 0.000000 0.000000 0.000000 0.100327
    4 8.941008 0.000000 0.000000 0.000000 0.000000 0.194095
    5 2.036092 0.997454 1.937661 1.596631 -1.286515 2.942968
    6 6.028141 0.000000 0.000000 -1.236189 -0.206643 -0.769282
    7 11.692555 0.000000 0.000000 0.000000 0.000000 -1.156615
    8 11.481671 0.000000 -0.000033 1.871134 -0.023119 0.004104
    9 3.858223 -0.139536 -1.192189 -0.473468 0.077025 -1.078821
    10 1.312564 -0.000002 0.000000 -0.000384 0.009897 -0.520294
    11 0.729363 0.000000 0.000000 -0.000168 0.005096 -0.340230
    12 3.941966 0.046948 -0.435170 -0.161025 0.055482 -0.922734
    13 1.539098 -0.000001 0.000000 -0.000108 0.004564 -0.311831
    14 1.196321 0.000001 0.000000 -0.000348 0.007510 -0.531525
    15 3.881372 -0.043128 0.427603 0.079343 0.036934 -0.769968
    16 1.719579 -0.000001 0.000000 -0.000060 0.005514 -0.485829
    17 1.209176 0.000000 0.000000 -0.000060 0.003079 -0.329483
    18 3.863473 -0.136491 1.332153 0.349081 0.005061 -0.699036
    19 1.719429 0.000001 0.000001 0.003679 -0.007287 -0.665945
    20 1.099664 0.000001 0.000000 -0.000072 0.002588 -0.274180
    21 0.807580 -0.347157 1.320587 -1.194278 -0.522277 -0.809208
    22 1.789782 0.000000 0.000000 0.000000 0.007579 0.491435
    23 1.207003 0.000000 0.000000 0.000000 0.011566 0.695479
    24 2.036095 0.997454 -1.937661 -1.668472 1.286515 2.942956
    25 6.028141 0.000003 0.000000 1.430308 0.421673 -0.695609
    26 11.692552 0.000000 -0.000001 0.000000 0.000000 -1.268985
    27 11.481652 -0.000001 0.000017 -1.141259 0.014663 -0.012295
    28 3.858241 -0.131719 1.196095 0.457455 -0.177039 -1.015739
    29 1.312565 0.000000 0.000000 0.000000 -0.012342 -0.539794
    30 0.729363 0.000000 0.000000 0.000000 -0.006342 -0.311702
    31 3.941985 0.050854 0.431264 0.157190 -0.073183 -0.849627
    32 1.539096 -0.000001 0.000000 0.000000 -0.006050 -0.437864
    33 1.196321 0.000000 0.000000 0.000000 -0.009979 -0.434148
    34 3.881388 -0.047033 -0.427603 -0.064015 -0.018765 -0.644262
    35 1.719579 0.000001 0.000000 0.000060 -0.007970 -0.466297
    36 1.209177 0.000000 0.000000 0.000024 -0.004458 -0.221957
    37 3.863492 -0.148208 -1.328247 -0.356488 0.058432 -0.517917
    38 1.719428 -0.000001 -0.000001 0.000036 -0.006615 -0.476151
    39 1.099665 0.000000 0.000000 0.000000 -0.004206 -0.246992
    40 0.807598 -0.358882 -1.316680 1.140036 0.638922 -0.898098
    41 1.789785 0.000000 -0.000001 0.000000 -0.006512 0.232481
    42 1.207004 0.000000 0.000000 0.000000 -0.009936 0.365875
  time 6
    0 -0.002329 -13.531663 -29.431290 1.570796 0.000000 0.000000
    1 0.000000 3.345132 -2.981898 1.570796 0.086285 1.570796
    2 4.015371 0.000000 0.000000 0.000000 0.000000 -0.029235
    3 3.520296 0.000000 0.000000 0.000000 0.000000 0.100327
    4 8.941008 0.000000 0.000000 0.000000 0.000000 0.194095
    5 2.036092 0.997454 1.937661 1.596631 -1.286515 2.942968
    6 6.028141 0.000000 0.000000 -1.257086 -0.240217 -0.758040
    7 11.692555 0.000000 0.000000 0.000000 0.000000 -1.179924
    8 11.481671 0.000000 -0.000033 1.784418 -0.000608 -0.007022
    9 3.858223 -0.139536 -1.192189 -0.468518 0.083990 -1.080854
    10 1.312564 -0.000002 0.000000 -0.000479 0.009945 -0.542007
    11 0.729363 0.000000 0.000000 -0.000216 0.005120 -0.366067
    12 3.941966 0.046948 -0.435170 -0.160762 0.056525 -0.916301
    13 1.539098 -0.000001 0.000000 -0.000132 0.004600 -0.329210
    14 1.196321 0.000001 0.000000 -0.000443 0.007546 -0.558703
    15 3.881372 -0.043128 0.427603 0.079571 0.036646 -0.766223
    16 1.719579 -0.000001 0.000000 -0.000072 0.005514 -0.480938
    17 1.209176 0.000000 0.000000 -0.000072 0.003079 -0.328194
    18 3.863473 -0.136491 1.332153 0.348566 -0.000392 -0.694517
    19 1.719429 0.000001 0.000001 0.004686 -0.010355 -0.639814
    20 1.099664 0.000001 0.000000 -0.000096 0.002588 -0.282260
    21 0.807580 -0.347157 1.320587 -1.174815 -0.529060 -0.836026
    22 1.789782 0.000000 0.000000 -0.000012 0.007626 0.474110
    23 1.207003 0.000000 0.000000 0.000000 0.011638 0.675165
    24 2.036095 0.997454 -1.937661 -1.668472 1.286515 2.942956
    25 6.028141 0.000003 0.000000 1.458843 0.457417 -0.686069
    26 11.692552 0.000000 -0.000001 0.000000 0.000000 -1.320831
    27 11.481652 -0.000001 0.000017 -1.088324 -0.009326 -0.027157
    28 3.858241 -0.131719 1.196095 0.450791 -0.182113 -1.051207
    29 1.312565 0.000000 0.000000 0.000000 -0.012426 -0.566124
    30 0.729363 0.000000 0.000000 0.000000 -0.006390 -0.329420
    31 3.941985 0.050854 0.431264 0.157694 -0.071637 -0.859453
    32 1.539096 -0.000001 0.000000 0.000000 -0.006086 -0.487447
    33 1.196321 0.000000 0.000000 0.000000 -0.010063 -0.434901
    34 3.881388 -0.047033 -0.427603 -0.058202 -0.016656 -0.658924
    35 1.719579 0.000001 0.000000 0.000072 -0.007970 -0.492268
    36 1.209177 0.000000 0.000000 0.000024 -0.004458 -0.223166
    37 3.863492 -0.148208 -1.328247 -0.356931 0.063959 -0.514135
    38 1.719428 -0.000001 -0.000001 0.000048 -0.006615 -0.505630
    39 1.099665 0.000000 0.000000 0.000012 -0.004206 -0.247574
    40 0.807598 -0.358882 -1.316680 1.124240 0.628963 -0.924544
    41 1.789785 0.000000 -0.000001 0.000000 -0.006560 0.233344
    42 1.207004 0.000000 0.000000 0.000000 -0.010008 0.366510
  time 7
    0 -0.002329 -13.531663 -29.431290 1.570796 0.000000 0.000000
    1 0.000000 3.345132 -2.981898 1.570796 0.086285 1.570796
    2 4.015371 0.000000 0.000000 0.000000 0.000000 -0.029235
    3 3.520296 0.000000 0.000000 0.000000 0.000000 0.100327
    4 8.941008 0.000000 0.000000 0.000000 0.000000 0.194095
    5 2.036092 0.997454 1.937661 1.596631 -1.286515 2.942968
    6 6.028141 0.000000 0.000000 -1.281112 -0.275879 -0.746487
    7 11.692555 0.000000 0.000000 0.000000 0.000000 -1.202990
    8 11.481671 0.000000 -0.000033 1.694458 0.022577 -0.018714
    9 3.858223 -0.139536 -1.192189 -0.463449 0.091146 -1.083029
    10 1.312564 -0.000002 0.000000 -0.000587 0.010005 -0.564382
    11 0.729363 0.000000 0.000000 -0.000276 0.005156 -0.392604
    12 3.941966 0.046948 -0.435170 -0.160486 0.057591 -0.909682
    13 1.539098 -0.000001 0.000000 -0.000168 0.004624 -0.347038
    14 1.196321 0.000001 0.000000 -0.000539 0.007582 -0.586648
    15 3.881372 -0.043128 0.427603 0.079798 0.036335 -0.762367
    16 1.719579 -0.000001 0.000000 -0.000084 0.005514 -0.475957
    17 1.209176 0.000000 0.000000 -0.000096 0.003079 -0.326889
    18 3.863473 -0.136491 1.332153 0.348051 -0.006001 -0.689837
    19 1.719429 0.000001 0.000001 0.005705 -0.013507 -0.612859
    20 1.099664 0.000001 0.000000 -0.000120 0.002576 -0.290599
    21 0.807580 -0.347157 1.320587 -1.154273 -0.535616 -0.863780
    22 1.789782 0.000000 0.000000 -0.000012 0.007674 0.456176
    23 1.207003 0.000000 0.000000 0.000000 0.011710 0.654066
    24 2.036095 0.997454 -1.937661 -1.668472 1.286515 2.942956
    25 6.028141 0.000003 0.000000 1.489080 0.496825 -0.676530
    26 11.692552 0.000000 -0.000001 0.000000 0.000000 -1.371565
    27 11.481652 -0.000001 0.000017 -1.033276 -0.033782 -0.042471
    28 3.858241 -0.131719 1.196095 0.443581 -0.187410 -1.087187
    29 1.312565 0.000000 0.000000 0.000000 -0.012510 -0.592994
    30 0.729363 0.000000 0.000000 0.000000 -0.006438 -0.347504
    31 3.941985 0.050854 0.431264 0.158149 -0.070091 -0.869225
    32 1.539096 -0.000001 0.000000 0.000000 -0.006134 -0.537862
    33 1.196321 0.000000 0.000000 0.000000 -0.010123 -0.435575
    34 3.881388 -0.047033 -0.427603 -0.052270 -0.014451 -0.673798
    35 1.719579 0.000001 0.000000 0.000084 -0.007982 -0.518539
    36 1.209177 0.000000 0.000000 0.000024 -0.004458 -0.224290
    37 3.863492 -0.148208 -1.328247 -0.357351 0.069745 -0.510276
    38 1.719428 -0.000001 -0.000001 0.000060 -0.006615 -0.535527
    39 1.099665 0.000000 0.000000 0.000012 -0.004206 -0.248131
    40 0.807598 -0.358882 -1.316680 1.108588 0.618452 -0.951127
    41 1.789785 0.000000 -0.000001 0.000000 -0.006596 0.234135
    42 1.207004 0.000000 0.000000 0.000000 -0.010080 0.367120
  time 8
    0 -0.002329 -13.531663 -29.431290 1.570796 0.000000 0.000000
    1 0.000000 3.345132 -2.981898 1.570796 0.086285 1.570796
    2 4.015371 0.000000 0.000000 0.000000 0.000000 -0.029235
    3 3.520296 0.000000 0.000000 0.000000 0.000000 0.100327
    4 8.941008 0.000000 0.000000 0.000000 0.000000 0.194095
    5 2.036092 0.997454 1.937661 1.596631 -1.286515 2.942968
    6 6.028141 0.000000 0.000000 -1.308761 -0.313144 -0.734587
    7 11.692555 0.000000 0.000000 0.000000 0.000000 -1.226603
    8 11.481671 0.000000 -0.000033 1.601833 0.046283 -0.030866
    9 3.858223 -0.139536 -1.192189 -0.458272 0.098421 -1.085312
    10 1.312564 -0.000002 0.000000 -0.000695 0.010041 -0.587146
    11 0.729363 0.000000 0.000000 -0.000324 0.005180 -0.419633
    12 3.941966 0.046948 -0.435170 -0.160187 0.058682 -0.902931
    13 1.539098 -0.000001 0.000000 -0.000192 0.004648 -0.365316
    14 1.196321 0.000001 0.000000 -0.000635 0.007618 -0.615142
    15 3.881372 -0.043128 0.427603 0.080026 0.036023 -0.758426
    16 1.719579 -0.000001 0.000000 -0.000108 0.005502 -0.470842
    17 1.209176 0.000000 0.000000 -0.000108 0.003067 -0.325552
    18 3.863473 -0.136491 1.332153 0.347511 -0.011705 -0.685076
    19 1.719429 0.000001 0.000001 0.006747 -0.016719 -0.585343
    20 1.099664 0.000001 0.000000 -0.000144 0.002576 -0.299118
    21 0.807580 -0.347157 1.320587 -1.132785 -0.541824 -0.892243
    22 1.789782 0.000000 0.000000 -0.000012 0.007722 0.437746
    23 1.207003 0.000000 0.000000 0.000000 0.011782 0.632340
    24 2.036095 0.997454 -1.937661 -1.668472 1.286515 2.942956
    25 6.028141 0.000003 0.000000 1.521115 0.539041 -0.667074
    26 11.692552 0.000000 -0.000001 0.000000 0.000000 -1.422855
    27 11.481652 -0.000001 0.000017 -0.976454 -0.058491 -0.058124
    28 3.858241 -0.131719 1.196095 0.435917 -0.192979 -1.123271
    29 1.312565 0.000000 0.000000 0.000000 -0.012582 -0.620135
    30 0.729363 0.000000 0.000000 0.000000 -0.006474 -0.365790
    31 3.941985 0.050854 0.431264 0.158581 -0.068581 -0.878810
    32 1.539096 -0.000001 0.000000 0.000000 -0.006170 -0.588584
    33 1.196321 0.000000 0.000000 0.000000 -0.010183 -0.436189
    34 3.881388 -0.047033 -0.427603 -0.046241 -0.012150 -0.688671
    35 1.719579 0.000001 0.000000 0.000096 -0.007982 -0.544911
    36 1.209177 0.000000 0.000000 0.000036 -0.004458 -0.225288
    37 3.863492 -0.148208 -1.328247 -0.357710 0.075774 -0.506267
    38 1.719428 -0.000001 -0.000001 0.000060 -0.006615 -0.565609
    39 1.099665 0.000000 0.000000 0.000012 -0.004206 -0.248613
    40 0.807598 -0.358882 -1.316680 1.093260 0.607498 -0.977598
    41 1.789785 0.000000 -0.000001 0.000000 -0.006632 0.234842
    42 1.207004 0.000000 0.000000 0.000000 -0.010128 0.367637
  time 9
    0 -0.002329 -13.531663 -29.431290 1.570796 0.000000 0.000000
    1 0.000000 3.345132 -2.981898 1.570796 0.086285 1.570796
    2 4.015371 0.000000 0.000000 0.000000 0.000000 -0.029235
    3 3.520296 0.000000 0.000000 0.000000 0.000000 0.100327
    4 8.941008 0.000000 0.000000 0.000000 0.000000 0.194095
    5 2.036092 0.997454 1.937661 1.596631 -1.286515 2.942968
    6 6.028141 0.000000 0.000000 -1.340780 -0.351558 -0.722302
    7 11.692555 0.000000 0.000000 0.000000 0.000000 -1.252468
    8 11.481671 0.000000 -0.000033 1.506942 0.070341 -0.043558
    9 3.858223 -0.139536 -1.192189 -0.453022 0.105792 -1.087737
    10 1.312564 -0.000002 0.000000 -0.000803 0.010089 -0.610221
    11 0.729363 0.000000 0.000000 -0.000372 0.005204 -0.446975
    12 3.941966 0.046948 -0.435170 -0.159875 0.059784 -0.896074
    13 1.539098 -0.000001 0.000000 -0.000228 0.004672 -0.383843
    14 1.196321 0.000001 0.000000 -0.000731 0.007642 -0.644012
    15 3.881372 -0.043128 0.427603 0.080254 0.035711 -0.754374
    16 1.719579 -0.000001 0.000000 -0.000120 0.005502 -0.465636
    17 1.209176 0.000000 0.000000 -0.000132 0.003067 -0.324199
    18 3.863473 -0.136491 1.332153 0.346960 -0.017494 -0.680275
    19 1.719429 0.000001 0.000001 0.007802 -0.019979 -0.557377
    20 1.099664 0.000001 0.000000 -0.000168 0.002576 -0.307793
    21 0.807580 -0.347157 1.320587 -1.110482 -0.547600 -0.921227
    22 1.789782 0.000000 0.000000 -0.000012 0.007758 0.418928
    23 1.207003 0.000000 0.000000 0.000000 0.011842 0.610056
    24 2.036095 0.997454 -1.937661 -1.668472 1.286515 2.942956
    25 6.028141 0.000003 0.000000 1.554720 0.585297 -0.658002
    26 11.692552 0.000000 -0.000001 0.000000 0.000000 -1.477107
    27 11.481652 -0.000001 0.000017 -0.918153 -0.083268 -0.074094
    28 3.858241 -0.131719 1.196095 0.427859 -0.198870 -1.159115
    29 1.312565 0.000000 0.000000 0.000000 -0.012642 -0.647366
    30 0.729363 0.000000 0.000000 0.000000 -0.006498 -0.384138
    31 3.941985 0.050854 0.431264 0.158976 -0.067107 -0.888045
    32 1.539096 -0.000001 0.000000 0.000000 -0.006194 -0.639262
    33 1.196321 0.000000 0.000000 0.000000 -0.010231 -0.436684
    34 3.881388 -0.047033 -0.427603 -0.040177 -0.009777 -0.703485
    35 1.719579 0.000001 0.000000 0.000096 -0.007982 -0.571132
    36 1.209177 0.000000 0.000000 0.000036 -0.004458 -0.226104
    37 3.863492 -0.148208 -1.328247 -0.358010 0.082033 -0.502219
    38 1.719428 -0.000001 -0.000001 0.000072 -0.006615 -0.595598
    39 1.099665 0.000000 0.000000 0.000012 -0.004206 -0.248992
    40 0.807598 -0.358882 -1.316680 1.078363 0.596173 -1.003744
    41 1.789785 0.000000 -0.000001 0.000000 -0.006668 0.235417
    42 1.207004 0.000000 0.000000 0.000000 -0.010176 0.368084
  time 10
    0 -0.002329 -13.531663 -29.431290 1.570796 0.000000 0.000000
    1 0.000000 3.345132 -2.981898 1.570796 0.086285 1.570796
    2 4.015371 0.000000 0.000000 0.000000 0.000000 -0.029235
    3 3.520296 0.000000 0.000000 0.000000 0.000000 0.100327
    4 8.941008 0.000000 0.000000 0.000000 0.000000 0.194095
    5 2.036092 0.997454 1.937661 1.596631 -1.286515 2.942968
    6 6.028141 0.000000 0.000000 -1.378396 -0.390456 -0.709443
    7 11.692555 0.000000 0.000000 0.000000 0.000000 -1.283201
    8 11.481671 0.000000 -0.000033 1.410140 0.094675 -0.056735
    9 3.858223 -0.139536 -1.192189 -0.447737 0.113162 -1.090233
    10 1.312564 -0.000002 0.000000 -0.000923 0.010125 -0.633491
    11 0.729363 0.000000 0.000000 -0.000420 0.005216 -0.474511
    12 3.941966 0.046948 -0.435170 -0.159551 0.060899 -0.889191
    13 1.539098 -0.000001 0.000000 -0.000264 0.004684 -0.402570
    14 1.196321 0.000001 0.000000 -0.000839 0.007666 -0.673113
    15 3.881372 -0.043128 0.427603 0.080493 0.035388 -0.750266
    16 1.719579 -0.000001 0.000000 -0.000144 0.005502 -0.460431
    17 1.209176 0.000000 0.000000 -0.000144 0.003067 -0.322829
    18 3.863473 -0.136491 1.332153 0.346409 -0.023330 -0.675434
    19 1.719429 0.000001 0.000001 0.008869 -0.023251 -0.529150
    20 1.099664 0.000001 0.000000 -0.000192 0.002576 -0.316545
    21 0.807580 -0.347157 1.320587 -1.087483 -0.552886 -0.950572
    22 1.789782 0.000000 0.000000 -0.000024 0.007794 0.399796
    23 1.207003 0.000000 0.000000 0.000000 0.011889 0.587285
    24 2.036095 0.997454 -1.937661 -1.668472 1.286515 2.942956
    25 6.028141 0.000003 0.000000 1.589703 0.638400 -0.649241
    26 11.692552 0.000000 -0.000001 0.000000 0.000000 -1.534075
    27 11.481652 -0.000001 0.000017 -0.858669 -0.107911 -0.090290
    28 3.858241 -0.131719 1.196095 0.419514 -0.205083 -1.194412
    29 1.312565 0.000000 0.000000 0.000000 -0.012690 -0.674507
    30 0.729363 0.000000 0.000000 0.000000 -0.006522 -0.402411
    31 3.941985 0.050854 0.431264 0.159312 -0.065705 -0.896797
    32 1.539096 -0.000001 0.000000 0.000000 -0.006218 -0.689370
    33 1.196321 0.000000 0.000000 0.000000 -0.010267 -0.437061
    34 3.881388 -0.047033 -0.427603 -0.034113 -0.007320 -0.718026
    35 1.719579 0.000001 0.000000 0.000108 -0.007982 -0.597003
    36 1.209177 0.000000 0.000000 0.000036 -0.004458 -0.226708
    37 3.863492 -0.148208 -1.328247 -0.358238 0.088523 -0.498134
    38 1.719428 -0.000001 -0.000001 0.000072 -0.006615 -0.625217
    39 1.099665 0.000000 0.000000 0.000012 -0.004206 -0.249296
    40 0.807598 -0.358882 -1.316680 1.064029 0.584584 -1.029377
    41 1.789785 0.000000 -0.000001 0.000000 -0.006692 0.235849
    42 1.207004 0.000000 0.000000 0.000000 -0.010212 0.368389
  time 11
    0 -0.002329 -13.531663 -29.431290 1.570796 0.000000 0.000000
    1 0.000000 3.345132 -2.981898 1.570796 0.086285 1.570796
    2 4.015371 0.000000 0.000000 0.000000 0.000000 -0.029235
    3 3.520296 0.000000 0.000000 0.000000 0.000000 0.100327
    4 8.941008 0.000000 0.000000 0.000000 0.000000 0.194095
    5 2.036092 0.997454 1.937661 1.596631 -1.286515 2.942968
    6 6.028141 0.000000 0.000000 -1.423896 -0.429052 -0.695709
    7 11.692555 0.000000 0.000000 0.000000 0.000000 -1.324341
    8 11.481671 0.000000 -0.000033 1.311696 0.119146 -0.070480
    9 3.858223 -0.139536 -1.192189 -0.442416 0.120580 -1.092872
    10 1.312564 -0.000002 0.000000 -0.001031 0.010149 -0.656838
    11 0.729363 0.000000 0.000000 -0.000479 0.005228 -0.502091
    12 3.941966 0.046948 -0.435170 -0.159228 0.062002 -0.882281
    13 1.539098 -0.000001 0.000000 -0.000288 0.004708 -0.421447
    14 1.196321 0.000001 0.000000 -0.000935 0.007690 -0.702316
    15 3.881372 -0.043128 0.427603 0.080733 0.035052 -0.746130
    16 1.719579 -0.000001 0.000000 -0.000156 0.005502 -0.455181
    17 1.209176 0.000000 0.000000 -0.000168 0.003067 -0.321460
    18 3.863473 -0.136491 1.332153 0.345846 -0.029191 -0.670552
    19 1.719429 0.000001 0.000001 0.009947 -0.026546 -0.500772
    20 1.099664 0.000001 0.000000 -0.000216 0.002576 -0.325348
    21 0.807580 -0.347157 1.320587 -1.063933 -0.557632 -0.980104
    22 1.789782 0.000000 0.000000 -0.000024 0.007818 0.380370
    23 1.207003 0.000000 0.000000 0.000000 0.011937 0.564095
    24 2.036095 0.997454 -1.937661 -1.668472 1.286515 2.942956
    25 6.028141 0.000003 0.000000 1.626735 0.700679 -0.639773
    26 11.692552 0.000000 -0.000001 0.000000 0.000000 -1.590426
    27 11.481652 -0.000001 0.000017 -0.798298 -0.132166 -0.106645
    28 3.858241 -0.131719 1.196095 0.411016 -0.211691 -1.228717
    29 1.312565 0.000000 0.000000 0.000000 -0.012714 -0.701332
    30 0.729363 0.000000 0.000000 0.000000 -0.006534 -0.420457
    31 3.941985 0.050854 0.431264 0.159587 -0.064410 -0.904851
    32 1.539096 -0.000001 0.000000 0.000000 -0.006230 -0.738428
    33 1.196321 0.000000 0.000000 0.000000 -0.010279 -0.437259
    34 3.881388 -0.047033 -0.427603 -0.028109 -0.004791 -0.732176
    35 1.719579 0.000001 0.000000 0.000108 -0.007982 -0.622171
    36 1.209177 0.000000 0.000000 0.000036 -0.004458 -0.227032
    37 3.863492 -0.148208 -1.328247 -0.358358 0.095270 -0.493973
    38 1.719428 -0.000001 -0.000001 0.000072 -0.006615 -0.654140
    39 1.099665 0.000000 0.000000 0.000012 -0.004206 -0.249448
    40 0.807598 -0.358882 -1.316680 1.050355 0.572851 -1.054310
    41 1.789785 0.000000 -0.000001 0.000000 -0.006704 0.236076
    42 1.207004 0.000000 0.000000 0.000000 -0.010236 0.368577
  time 12
    0 -0.002329 -13.531663 -29.431290 1.570796 0.000000 0.000000
    1 0.000000 3.345132 -2.981898 1.570796 0.086285 1.570796
    2 4.015371 0.000000 0.000000 0.000000 0.000000 -0.029235
    3 3.520296 0.000000 0.000000 0.000000 0.000000 0.100327
    4 8.941008 0.000000 0.000000 0.000000 0.000000 0.194095
    5 2.036092 0.997454 1.937661 1.596631 -1.286515 2.942968
    6 6.028141 0.000000 0.000000 -1.478437 -0.463776 -0.680980
    7 11.692555 0.000000 0.000000 0.000000 0.000000 -1.382644
    8 11.481671 0.000000 -0.000033 1.211874 0.143664 -0.084846
    9 3.858223 -0.139536 -1.192189 -0.437083 0.127975 -1.095653
    10 1.312564 -0.000002 0.000000 -0.001139 0.010173 -0.680147
    11 0.729363 0.000000 0.000000 -0.000527 0.005240 -0.529567
    12 3.941966 0.046948 -0.435170 -0.158880 0.063116 -0.875371
    13 1.539098 -0.000001 0.000000 -0.000324 0.004720 -0.440324
    14 1.196321 0.000001 0.000000 -0.001043 0.007702 -0.731475
    15 3.881372 -0.043128 0.427603 0.080973 0.034717 -0.741938
    16 1.719579 -0.000001 0.000000 -0.000180 0.005502 -0.449976
    17 1.209176 0.000000 0.000000 -0.000180 0.003067 -0.320090
    18 3.863473 -0.136491 1.332153 0.345282 -0.035039 -0.665711
    19 1.719429 0.000001 0.000001 0.011014 -0.029830 -0.472320
    20 1.099664 0.000001 0.000000 -0.000228 0.002576 -0.334177
    21 0.807580 -0.347157 1.320587 -1.039964 -0.561802 -1.009663
    22 1.789782 0.000000 0.000000 -0.000024 0.007842 0.360723
    23 1.207003 0.000000 0.000000 0.000000 0.011973 0.540488
    24 2.036095 0.997454 -1.937661 -1.668472 1.286515 2.942956
    25 6.028141 0.000003 0.000000 1.667782 0.775934 -0.627177
    26 11.692552 0.000000 -0.000001 0.000000 0.000000 -1.639124
    27 11.481652 -0.000001 0.000017 -0.737716 -0.155648 -0.123045
    28 3.858241 -0.131719 1.196095 0.402550 -0.218795 -1.261586
    29 1.312565 0.000000 0.000000 0.000000 -0.012714 -0.727481
    30 0.729363 0.000000 0.000000 0.000000 -0.006534 -0.438087
    31 3.941985 0.050854 0.431264 0.159791 -0.063260 -0.911966
    32 1.539096 -0.000001 0.000000 0.000000 -0.006230 -0.785821
    33 1.196321 0.000000 0.000000 0.000000 -0.010279 -0.437219
    34 3.881388 -0.047033 -0.427603 -0.022224 -0.002167 -0.745662
    35 1.719579 0.000001 0.000000 0.000108 -0.007982 -0.646237
    36 1.209177 0.000000 0.000000 0.000036 -0.004458 -0.226989
    37 3.863492 -0.148208 -1.328247 -0.358334 0.102315 -0.489812
    38 1.719428 -0.000001 -0.000001 0.000072 -0.006615 -0.681951
    39 1.099665 0.000000 0.000000 0.000012 -0.004206 -0.249423
    40 0.807598 -0.358882 -1.316680 1.037472 0.561106 -1.078305
    41 1.789785 0.000000 -0.000001 0.000000 -0.006704 0.236040
    42 1.207004 0.000000 0.000000 0.000000 -0.010236 0.368553
  time 13
    0 -0.002329 -13.531663 -29.431290 1.570796 0.000000 0.000000
    1 0.000000 3.345132 -2.981898 1.570796 0.086285 1.570796
    2 4.015371 0.000000 0.000000 0.000000 0.000000 -0.029235
    3 3.520296 0.000000 0.000000 0.000000 0.000000 0.100327
    4 8.941008 0.000000 0.000000 0.000000 0.000000 0.194095
    5 2.036092 0.997454 1.937661 1.596631 -1.286515 2.942968
    6 6.028141 0.000000 0.000000 -1.540620 -0.499408 -0.666802
    7 11.692555 0.000000 0.000000 0.000000 0.000000 -1.447823
    8 11.481671 0.000000 -0.000033 1.111074 0.168089 -0.099941
    9 3.858223 -0.139536 -1.192189 -0.431762 0.135298 -1.098542
    10 1.312564 -0.000002 0.000000 -0.001246 0.010173 -0.703300
    11 0.729363 0.000000 0.000000 -0.000575 0.005252 -0.556819
    12 3.941966 0.046948 -0.435170 -0.158533 0.064207 -0.868487
    13 1.539098 -0.000001 0.000000 -0.000360 0.004720 -0.459200
    14 1.196321 0.000001 0.000000 -0.001139 0.007702 -0.760446
    15 3.881372 -0.043128 0.427603 0.081200 0.034381 -0.737690
    16 1.719579 -0.000001 0.000000 -0.000192 0.005502 -0.444771
    17 1.209176 0.000000 0.000000 -0.000204 0.003067 -0.318737
    18 3.863473 -0.136491 1.332153 0.344731 -0.040852 -0.660910
    19 1.719429 0.000001 0.000001 0.012068 -0.033102 -0.443905
    20 1.099664 0.000001 0.000000 -0.000252 0.002576 -0.343006
    21 0.807580 -0.347157 1.320587 -1.015767 -0.565362 -1.039035
    22 1.789782 0.000000 0.000000 -0.000024 0.007854 0.340873
    23 1.207003 0.000000 0.000000 0.000000 0.011985 0.516514
    24 2.036095 0.997454 -1.937661 -1.668472 1.286515 2.942956
    25 6.028141 0.000003 0.000000 1.717830 0.867555 -0.606180
    26 11.692552 0.000000 -0.000001 0.000000 0.000000 -1.668256
    27 11.481652 -0.000001 0.000017 -0.678063 -0.177621 -0.139150
    28 3.858241 -0.131719 1.196095 0.394431 -0.226493 -1.292197
    29 1.312565 0.000000 0.000000 0.000000 -0.012666 -0.752639
    30 0.729363 0.000000 0.000000 0.000000 -0.006510 -0.455023
    31 3.941985 0.050854 0.431264 0.159899 -0.062313 -0.917684
    32 1.539096 -0.000001 0.000000 0.000000 -0.006206 -0.830498
    33 1.196321 0.000000 0.000000 0.000000 -0.010255 -0.436882
    34 3.881388 -0.047033 -0.427603 -0.016556 0.000542 -0.758212
    35 1.719579 0.000001 0.000000 0.000108 -0.007982 -0.668648
    36 1.209177 0.000000 0.000000 0.000036 -0.004458 -0.226427
    37 3.863492 -0.148208 -1.328247 -0.358130 0.109699 -0.485652
    38 1.719428 -0.000001 -0.000001 0.000072 -0.006615 -0.708047
    39 1.099665 0.000000 0.000000 0.000012 -0.004206 -0.249144
    40 0.807598 -0.358882 -1.316680 1.025571 0.549589 -1.101000
    41 1.789785 0.000000 -0.000001 0.000000 -0.006680 0.235645
    42 1.207004 0.000000 0.000000 0.000000 -0.010200 0.368248
  time 14
    0 -0.002329 -13.531663 -29.431290 1.570796 0.000000 0.000000
    1 0.000000 3.345132 -2.981898 1.570796 0.086285 1.570796
    2 4.015371 0.000000 0.000000 0.000000 0.000000 -0.029235
    3 3.520296 0.000000 0.000000 0.000000 0.000000 0.100327
    4 8.941008 0.000000 0.000000 0.000000 0.000000 0.194095
    5 2.036092 0.997454 1.937661 1.596631 -1.286515 2.942968
    6 6.028141 0.000000 0.000000 -1.609870 -0.543660 -0.653043
    7 11.692555 0.000000 0.000000 0.000000 0.000000 -1.507769
    8 11.481671 0.000000 -0.000033 1.009653 0.192300 -0.115927
    9 3.858223 -0.139536 -1.192189 -0.426465 0.142501 -1.101645
    10 1.312564 -0.000002 0.000000 -0.001354 0.010173 -0.726142
    11 0.729363 0.000000 0.000000 -0.000635 0.005252 -0.583625
    12 3.941966 0.046948 -0.435170 -0.158173 0.065285 -0.861710
    13 1.539098 -0.000001 0.000000 -0.000384 0.004720 -0.477927
    14 1.196321 0.000001 0.000000 -0.001246 0.007690 -0.789055
    15 3.881372 -0.043128 0.427603 0.081440 0.034046 -0.733470
    16 1.719579 -0.000001 0.000000 -0.000216 0.005502 -0.439655
    17 1.209176 0.000000 0.000000 -0.000216 0.003067 -0.317400
    18 3.863473 -0.136491 1.332153 0.344168 -0.046580 -0.656149
    19 1.719429 0.000001 0.000001 0.013123 -0.036326 -0.415715
    20 1.099664 0.000001 0.000000 -0.000276 0.002564 -0.351758
    21 0.807580 -0.347157 1.320587 -0.991547 -0.568286 -1.067992
    22 1.789782 0.000000 0.000000 -0.000036 0.007866 0.320894
    23 1.207003 0.000000 0.000000 0.000000 0.011997 0.492175
    24 2.036095 0.997454 -1.937661 -1.668472 1.286515 2.942956
    25 6.028141 0.000003 0.000000 1.787400 0.968900 -0.567793
    26 11.692552 0.000000 -0.000001 0.000000 0.000000 -1.667886
    27 11.481652 -0.000001 0.000017 -0.625128 -0.195269 -0.153695
    28 3.858241 -0.131719 1.196095 0.387146 -0.235057 -1.319285
    29 1.312565 0.000000 0.000000 0.000000 -0.012570 -0.776038
    30 0.729363 0.000000 0.000000 0.000000 -0.006462 -0.470787
    31 3.941985 0.050854 0.431264 0.159863 -0.061702 -0.921309
    32 1.539096 -0.000001 0.000000 0.000000 -0.006158 -0.870883
    33 1.196321 0.000000 0.000000 0.000000 -0.010171 -0.436070
    34 3.881388 -0.047033 -0.427603 -0.011270 0.003358 -0.769194
    35 1.719579 0.000001 0.000000 0.000084 -0.007982 -0.688451
    36 1.209177 0.000000 0.000000 0.000036 -0.004458 -0.225106
    37 3.863492 -0.148208 -1.328247 -0.357650 0.117557 -0.481491
    38 1.719428 -0.000001 -0.000001 0.000060 -0.006615 -0.731362
    39 1.099665 0.000000 0.000000 0.000012 -0.004206 -0.248511
    40 0.807598 -0.358882 -1.316680 1.014928 0.538659 -1.121831
    41 1.789785 0.000000 -0.000001 0.000000 -0.006632 0.234710
    42 1.207004 0.000000 0.000000 0.000000 -0.010128 0.367543
  time 15
    0 -0.002329 -13.531663 -29.431290 1.570796 0.000000 0.000000
    1 0.000000 3.345132 -2.981898 1.570796 0.086285 1.570796
    2 4.015371 0.000000 0.000000 0.000000 0.000000 -0.029235
    3 3.520296 0.000000 0.000000 0.000000 0.000000 0.100327
    4 8.941008 0.000000 0.000000 0.000000 0.000000 0.194095
    5 2.036092 0.997454 1.937661 1.596631 -1.286515 2.942968
    6 6.028141 0.000000 0.000000 -1.684549 -0.599708 -0.637428
    7 11.692555 0.000000 0.000000 0.000000 0.000000 -1.554265
    8 11.481671 0.000000 -0.000033 0.908409 0.216037 -0.133021
    9 3.858223 -0.139536 -1.192189 -0.421203 0.149514 -1.104925
    10 1.312564 -0.000002 0.000000 -0.001462 0.010149 -0.748477
    11 0.729363 0.000000 0.000000 -0.000683 0.005240 -0.609730
    12 3.941966 0.046948 -0.435170 -0.157802 0.066340 -0.855091
    13 1.539098 -0.000001 0.000000 -0.000419 0.004708 -0.496355
    14 1.196321 0.000001 0.000000 -0.001342 0.007666 -0.817043
    15 3.881372 -0.043128 0.427603 0.081680 0.033710 -0.729222
    16 1.719579 -0.000001 0.000000 -0.000228 0.005502 -0.434629
    17 1.209176 0.000000 0.000000 -0.000240 0.003067 -0.316079
    18 3.863473 -0.136491 1.332153 0.343616 -0.052201 -0.651469
    19 1.719429 0.000001 0.000001 0.014142 -0.039478 -0.387974
    20 1.099664 0.000001 0.000000 -0.000300 0.002564 -0.360433
    21 0.807580 -0.347157 1.320587 -0.967625 -0.570575 -1.096174
    22 1.789782 0.000000 0.000000 -0.000036 0.007854 0.300804
    23 1.207003 0.000000 0.000000 0.000000 0.011973 0.467435
    24 2.036095 0.997454 -1.937661 -1.668484 1.286551 2.942944
    25 6.028141 0.000003 0.000000 1.852321 1.043299 -0.530641
    26 11.692552 0.000000 -0.000001 0.000000 0.000000 -1.655665
    27 11.481652 -0.000001 0.000017 -0.586007 -0.206856 -0.166679
    28 3.858241 -0.131719 1.196095 0.381723 -0.244883 -1.340012
    29 1.312565 0.000000 0.000000 0.000000 -0.012378 -0.796145
    30 0.729363 0.000000 0.000000 0.000000 -0.006366 -0.484331
    31 3.941985 0.050854 0.431264 0.159587 -0.061666 -0.921174
    32 1.539096 -0.000001 0.000000 0.000000 -0.006062 -0.903164
    33 1.196321 0.000000 0.000000 0.000000 -0.010015 -0.434446
    34 3.881388 -0.047033 -0.427603 -0.006704 0.006354 -0.777340
    35 1.719579 0.000001 0.000000 0.000060 -0.007970 -0.703342
    36 1.209177 0.000000 0.000000 0.000024 -0.004458 -0.222435
    37 3.863492 -0.148208 -1.328247 -0.356680 0.126187 -0.477443
    38 1.719428 -0.000001 -0.000001 0.000036 -0.006615 -0.749624
    39 1.099665 0.000000 0.000000 0.000000 -0.004206 -0.247220
    40 0.807598 -0.358882 -1.316680 1.006228 0.529095 -1.139500
    41 1.789785 0.000000 -0.000001 0.000000 -0.006524 0.232829
    42 1.207004 0.000000 0.000000 0.000000 -0.009972 0.366134
  time 16
    0 -0.002329 -13.531663 -29.431290 1.570796 0.000000 0.000000
    1 0.000000 3.345132 -2.981898 1.570796 0.086285 1.570796
    2 4.015371 0.000000 0.000000 0.000000 0.000000 -0.029235
    3 3.520296 0.000000 0.000000 0.000000 0.000000 0.100327
    4 8.941008 0.000000 0.000000 0.000000 0.000000 0.194095
    5 2.036092 0.997454 1.937661 1.596631 -1.286515 2.942968
    6 6.028141 0.000000 0.000000 -1.760828 -0.664317 -0.617245
    7 11.692555 0.000000 0.000000 0.000000 0.000000 -1.582929
    8 11.481671 0.000000 -0.000033 0.808809 0.238793 -0.151842
    9 3.858223 -0.139536 -1.192189 -0.416014 0.156217 -1.108492
    10 1.312564 -0.000002 0.000000 -0.001570 0.010089 -0.769996
    11 0.729363 0.000000 0.000000 -0.000731 0.005204 -0.634763
    12 3.941966 0.046948 -0.435170 -0.157442 0.067347 -0.848711
    13 1.539098 -0.000001 0.000000 -0.000443 0.004696 -0.514383
    14 1.196321 0.000001 0.000000 -0.001438 0.007630 -0.844034
    15 3.881372 -0.043128 0.427603 0.081908 0.033362 -0.724974
    16 1.719579 -0.000001 0.000000 -0.000252 0.005502 -0.429783
    17 1.209176 0.000000 0.000000 -0.000252 0.003067 -0.314806
    18 3.863473 -0.136491 1.332153 0.343089 -0.057618 -0.646991
    19 1.719429 0.000001 0.000001 0.015137 -0.042522 -0.360907
    20 1.099664 0.000001 0.000000 -0.000324 0.002564 -0.368875
    21 0.807580 -0.347157 1.320587 -0.944423 -0.572241 -1.123125
    22 1.789782 0.000000 0.000000 -0.000036 0.007818 0.280677
    23 1.207003 0.000000 0.000000 0.000000 0.011925 0.442311
    24 2.036095 0.997454 -1.937661 -1.668508 1.286634 2.942908
    25 6.028141 0.000003 0.000000 1.888514 1.088322 -0.515061
    26 11.692552 0.000000 -0.000001 0.000000 0.000000 -1.650110
    27 11.481652 -0.000001 0.000017 -0.548154 -0.217882 -0.181179
    28 3.858241 -0.131719 1.196095 0.381678 -0.257804 -1.344116
    29 1.312565 0.000000 0.000000 0.000000 -0.011935 -0.807462
    30 0.729363 0.000000 0.000000 0.000000 -0.006139 -0.491935
    31 3.941985 0.050854 0.431264 0.158700 -0.063140 -0.911402
    32 1.539096 -0.000001 0.000000 0.000000 -0.005846 -0.914202
    33 1.196321 0.000000 0.000000 0.000000 -0.009656 -0.430780
    34 3.881388 -0.047033 -0.427603 -0.004116 0.009710 -0.778064
    35 1.719579 0.000001 0.000000 0.000000 -0.007970 -0.705498
    36 1.209177 0.000000 0.000000 0.000000 -0.004458 -0.216362
    37 3.863492 -0.148208 -1.328247 -0.354463 0.136633 -0.473698
    38 1.719428 -0.000001 -0.000001 0.000000 -0.006603 -0.754398
    39 1.099665 0.000000 0.000000 0.000000 -0.004206 -0.244307
    40 0.807598 -0.358882 -1.316680 1.001961 0.523630 -1.149290
    41 1.789785 0.000000 -0.000001 0.000000 -0.006296 0.228562
    42 1.207004 0.000000 0.000000 0.000000 -0.009612 0.362916
  time 17
    0 -0.002329 -13.531663 -29.431290 1.570796 0.000000 0.000000
    1 0.000000 3.345132 -2.981898 1.570796 0.086285 1.570796
    2 4.015371 0.000000 0.000000 0.000000 0.000000 -0.029235
    3 3.520296 0.000000 0.000000 0.000000 0.000000 0.100327
    4 8.941008 0.000000 0.000000 0.000000 0.000000 0.194095
    5 2.036092 0.997454 1.937661 1.596631 -1.286515 2.942968
    6 6.028141 0.000000 0.000000 -1.825431 -0.721182 -0.595086
    7 11.692555 0.000000 0.000000 0.000000 0.000000 -1.595770
    8 11.481671 0.000000 -0.000033 0.716717 0.258900 -0.174417
    9 3.858223 -0.139536 -1.192189 -0.410945 0.162418 -1.112450
    10 1.312564 -0.000002 0.000000 -0.001666 0.010005 -0.790192
    11 0.729363 0.000000 0.000000 -0.000779 0.005168 -0.657977
    12 3.941966 0.046948 -0.435170 -0.157071 0.068293 -0.842701
    13 1.539098 -0.000001 0.000000 -0.000479 0.004648 -0.531562
    14 1.196321 0.000001 0.000000 -0.001522 0.007558 -0.869362
    15 3.881372 -0.043128 0.427603 0.082123 0.033027 -0.720782
    16 1.719579 -0.000001 0.000000 -0.000264 0.005502 -0.425251
    17 1.209176 0.000000 0.000000 -0.000264 0.003067 -0.313630
    18 3.863473 -0.136491 1.332153 0.342586 -0.062700 -0.642795
    19 1.719429 0.000001 0.000001 0.016059 -0.045386 -0.335150
    20 1.099664 0.000001 0.000000 -0.000348 0.002564 -0.376981
    21 0.807580 -0.347157 1.320587 -0.922707 -0.573307 -1.147992
    22 1.789782 0.000000 0.000000 -0.000036 0.007758 0.260588
    23 1.207003 0.000000 0.000000 0.000000 0.011830 0.416700
    24 2.036095 0.997454 -1.937661 -1.668556 1.286766 2.942872
    25 6.028141 0.000003 0.000000 1.895046 1.109173 -0.524170
    26 11.692552 0.000000 -0.000001 0.000000 0.000000 -1.654616
    27 11.481652 -0.000001 0.000017 -0.512793 -0.228108 -0.196267
    28 3.858241 -0.131719 1.196095 0.392614 -0.275427 -1.312684
    29 1.312565 0.000000 0.000000 0.000000 -0.011036 -0.798670
    30 0.729363 0.000000 0.000000 0.000000 -0.005683 -0.486020
    31 3.941985 0.050854 0.431264 0.156579 -0.067538 -0.882729
    32 1.539096 -0.000001 0.000000 0.000000 -0.005415 -0.878811
    33 1.196321 0.000000 0.000000 0.000000 -0.008936 -0.423252
    34 3.881388 -0.047033 -0.427603 -0.006009 0.013342 -0.763130
    35 1.719579 0.000001 0.000000 -0.000132 -0.007959 -0.680580
    36 1.209177 0.000000 0.000000 -0.000048 -0.004446 -0.204033
    37 3.863492 -0.148208 -1.328247 -0.349980 0.149422 -0.471126
    38 1.719428 -0.000001 -0.000001 -0.000096 -0.006603 -0.730342
    39 1.099665 0.000000 0.000000 -0.000024 -0.004206 -0.238331
    40 0.807598 -0.358882 -1.316680 1.009440 0.529946 -1.137436
    41 1.789785 0.000000 -0.000001 0.000000 -0.005757 0.214648
    42 1.207004 0.000000 0.000000 0.000000 -0.008678 0.346472
  time 18
    0 -0.002329 -13.531663 -29.431290 1.570796 0.000000 0.000000
    1 0.000000 3.345132 -2.981898 1.570796 0.086285 1.570796
    2 4.015371 0.000000 0.000000 0.000000 0.000000 -0.029235
    3 3.520296 0.000000 0.000000 0.000000 0.000000 0.100327
    4 8.941008 0.000000 0.000000 0.000000 0.000000 0.194095
    5 2.036092 0.997454 1.937661 1.596631 -1.286527 2.942968
    6 6.028141 0.000000 0.000000 -1.866646 -0.753274 -0.576678
    7 11.692555 0.000000 0.000000 0.000000 0.000000 -1.605508
    8 11.481671 0.000000 -0.000033 0.636220 0.271304 -0.201637
    9 3.858223 -0.139536 -1.192189 -0.406103 0.167666 -1.117050
    10 1.312564 -0.000002 0.000000 -0.001750 0.009849 -0.807780
    11 0.729363 0.000000 0.000000 -0.000815 0.005084 -0.677779
    12 3.941966 0.046948 -0.435170 -0.156723 0.069120 -0.837485
    13 1.539098 -0.000001 0.000000 -0.000503 0.004588 -0.547192
    14 1.196321 0.000001 0.000000 -0.001594 0.007438 -0.891524
    15 3.881372 -0.043128 0.427603 0.082339 0.032691 -0.716701
    16 1.719579 -0.000001 0.000000 -0.000276 0.005502 -0.421257
    17 1.209176 0.000000 0.000000 -0.000276 0.003067 -0.312582
    18 3.863473 -0.136491 1.332153 0.342142 -0.067146 -0.639123
    19 1.719429 0.000001 0.000001 0.016874 -0.047879 -0.311715
    20 1.099664 0.000001 0.000000 -0.000360 0.002564 -0.384390
    21 0.807580 -0.347157 1.320587 -0.904119 -0.573847 -1.168928
    22 1.789782 0.000000 0.000000 -0.000048 0.007638 0.240738
    23 1.207003 0.000000 0.000000 0.000000 0.011662 0.390444
    24 2.036095 0.997454 -1.937661 -1.668604 1.286898 2.942824
    25 6.028141 0.000003 0.000000 1.876722 1.109995 -0.554107
    26 11.692552 0.000000 -0.000001 0.000000 0.000000 -1.668626
    27 11.481652 -0.000001 0.000017 -0.481108 -0.237319 -0.210879
    28 3.858241 -0.131719 1.196095 0.409426 -0.294808 -1.256695
    29 1.312565 0.000000 0.000000 0.000000 -0.009909 -0.775046
    30 0.729363 0.000000 0.000000 0.000000 -0.005096 -0.470143
    31 3.941985 0.050854 0.431264 0.153547 -0.073603 -0.842888
    32 1.539096 -0.000001 0.000000 0.000000 -0.004852 -0.810437
    33 1.196321 0.000000 0.000000 0.000000 -0.008014 -0.413703
    34 3.881388 -0.047033 -0.427603 -0.011186 0.016757 -0.737757
    35 1.719579 0.000001 0.000000 -0.000300 -0.007935 -0.637312
    36 1.209177 0.000000 0.000000 -0.000120 -0.004446 -0.188387
    37 3.863492 -0.148208 -1.328247 -0.344336 0.162307 -0.469840
    38 1.719428 -0.000001 -0.000001 -0.000216 -0.006591 -0.686308
    39 1.099665 0.000000 0.000000 -0.000048 -0.004206 -0.230810
    40 0.807598 -0.358882 -1.316680 1.028303 0.546940 -1.104964
    41 1.789785 0.000000 -0.000001 0.000000 -0.004966 0.189576
    42 1.207004 0.000000 0.000000 0.000000 -0.007036 0.305480
  time 19
    0 -0.002329 -13.531663 -29.431290 1.570796 0.000000 0.000000
    1 0.000000 3.345132 -2.981898 1.570796 0.086285 1.570796
    2 4.015371 0.000000 0.000000 0.000000 0.000000 -0.029235
    3 3.520296 0.000000 0.000000 0.000000 0.000000 0.100327
    4 8.941008 0.000000 0.000000 0.000000 0.000000 0.194095
    5 2.036092 0.997454 1.937661 1.596643 -1.286599 2.942956
    6 6.028141 0.000000 0.000000 -1.897149 -0.770183 -0.559096
    7 11.692555 0.000000 0.000000 0.000000 0.000000 -1.619262
    8 11.481671 0.000000 -0.000033 0.557011 0.275317 -0.228749
    9 3.858223 -0.139536 -1.192189 -0.401908 0.170290 -1.123327
    10 1.312564 -0.000002 0.000000 -0.001798 0.009502 -0.817975
    11 0.729363 0.000000 0.000000 -0.000839 0.004904 -0.687852
    12 3.941966 0.046948 -0.435170 -0.156435 0.069600 -0.834441
    13 1.539098 -0.000001 0.000000 -0.000515 0.004420 -0.558229
    14 1.196321 0.000001 0.000000 -0.001642 0.007163 -0.904535
    15 3.881372 -0.043128 0.427603 0.082507 0.032392 -0.712985
    16 1.719579 -0.000001 0.000000 -0.000288 0.005502 -0.418924
    17 1.209176 0.000000 0.000000 -0.000288 0.003067 -0.311970
    18 3.863473 -0.136491 1.332153 0.341891 -0.069759 -0.636945
    19 1.719429 0.000001 0.000001 0.017354 -0.049341 -0.295317
    20 1.099664 0.000001 0.000000 -0.000372 0.002564 -0.389760
    21 0.807580 -0.347157 1.320587 -0.895023 -0.573931 -1.178700
    22 1.789782 0.000000 0.000000 -0.000048 0.007387 0.221920
    23 1.207003 0.000000 0.000000 0.000000 0.011266 0.362864
    24 2.036095 0.997454 -1.937661 -1.668640 1.287030 2.942776
    25 6.028141 0.000003 0.000000 1.842422 1.094246 -0.596401
    26 11.692552 0.000000 -0.000001 0.000000 0.000000 -1.689858
    27 11.481652 -0.000001 0.000017 -0.454070 -0.245462 -0.223886
    28 3.858241 -0.131719 1.196095 0.428495 -0.315500 -1.181928
    29 1.312565 0.000000 0.000000 0.000000 -0.008603 -0.740331
    30 0.729363 0.000000 0.000000 0.000000 -0.004425 -0.446839
    31 3.941985 0.050854 0.431264 0.149676 -0.080769 -0.795047
    32 1.539096 -0.000001 0.000000 0.000000 -0.004216 -0.717359
    33 1.196321 0.000000 0.000000 0.000000 -0.006959 -0.402786
    34 3.881388 -0.047033 -0.427603 -0.018737 0.019945 -0.704752
    35 1.719579 0.000001 0.000000 -0.000491 -0.007911 -0.580508
    36 1.209177 0.000000 0.000000 -0.000204 -0.004434 -0.170464
    37 3.863492 -0.148208 -1.328247 -0.337912 0.175042 -0.469613
    38 1.719428 -0.000001 -0.000001 -0.000348 -0.006567 -0.627581
    39 1.099665 0.000000 0.000000 -0.000084 -0.004206 -0.222174
    40 0.807598 -0.358882 -1.316680 1.056455 0.570694 -1.056811
    41 1.789785 0.000000 -0.000001 0.000000 -0.004031 0.156918
    42 1.207004 0.000000 0.000000 0.000000 -0.004986 0.247621
  time 20
    0 -0.002329 -13.531663 -29.431290 1.570796 0.000000 0.000000
    1 0.000000 3.345132 -2.981898 1.570796 0.086285 1.570796
    2 4.015371 0.000000 0.000000 0.000000 0.000000 -0.029235
    3 3.520296 0.000000 0.000000 0.000000 0.000000 0.100327
    4 8.941008 0.000000 0.000000 0.000000 0.000000 0.194095
    5 2.036092 0.997454 1.937661 1.596643 -1.286694 2.942956
    6 6.028141 0.000000 0.000000 -1.915939 -0.770757 -0.543756
    7 11.692555 0.000000 0.000000 0.000000 0.000000 -1.639223
    8 11.481671 0.000000 -0.000033 0.480600 0.271090 -0.255266
    9 3.858223 -0.139536 -1.192189 -0.399355 0.169264 -1.128498
    10 1.312564 -0.000002 0.000000 -0.001774 0.008819 -0.809959
    11 0.729363 0.000000 0.000000 -0.000827 0.004557 -0.675589
    12 3.941966 0.046948 -0.435170 -0.156100 0.069827 -0.832852
    13 1.539098 -0.000001 0.000000 -0.000503 0.004109 -0.558379
    14 1.196321 0.000001 0.000000 -0.001618 0.006647 -0.895051
    15 3.881372 -0.043128 0.427603 0.082758 0.031828 -0.706138
    16 1.719579 -0.000001 0.000000 -0.000276 0.005502 -0.416725
    17 1.209176 0.000000 0.000000 -0.000288 0.003067 -0.310649
    18 3.863473 -0.136491 1.332153 0.342082 -0.069926 -0.634564
    19 1.719429 0.000001 0.000001 0.017114 -0.048598 -0.288017
    20 1.099664 0.000001 0.000000 -0.000360 0.002564 -0.390509
    21 0.807580 -0.347157 1.320587 -0.906708 -0.576711 -1.163486
    22 1.789782 0.000000 0.000000 -0.000048 0.006812 0.200687
    23 1.207003 0.000000 0.000000 0.000000 0.010391 0.326625
    24 2.036095 0.997454 -1.937661 -1.668676 1.287138 2.942740
    25 6.028141 0.000003 0.000000 1.801578 1.065451 -0.641966
    26 11.692552 0.000000 -0.000001 0.000000 0.000000 -1.715040
    27 11.481652 -0.000001 0.000017 -0.432101 -0.252564 -0.234563
    28 3.858241 -0.131719 1.196095 0.446671 -0.336762 -1.093720
    29 1.312565 0.000000 0.000000 0.000000 -0.007213 -0.697861
    30 0.729363 0.000000 0.000000 0.000000 -0.003706 -0.418288
    31 3.941985 0.050854 0.431264 0.145026 -0.088535 -0.742078
    32 1.539096 -0.000001 0.000000 0.000000 -0.003545 -0.607418
    33 1.196321 0.000000 0.000000 0.000000 -0.005844 -0.391038
    34 3.881388 -0.047033 -0.427603 -0.027905 0.022929 -0.666587
    35 1.719579 0.000001 0.000000 -0.000695 -0.007887 -0.514628
    36 1.209177 0.000000 0.000000 -0.000288 -0.004434 -0.151191
    37 3.863492 -0.148208 -1.328247 -0.331033 0.187371 -0.470143
    38 1.719428 -0.000001 -0.000001 -0.000503 -0.006555 -0.558842
    39 1.099665 0.000000 0.000000 -0.000132 -0.004194 -0.212881
    40 0.807598 -0.358882 -1.316680 1.091174 0.597036 -0.998880
    41 1.789785 0.000000 -0.000001 0.000000 -0.003024 0.120605
    42 1.207004 0.000000 0.000000 0.000000 -0.003153 0.192864
  time 21
    0 -0.002329 -13.531663 -29.431290 1.570796 0.000000 0.000000
    1 0.000000 3.345132 -2.981898 1.570796 0.086285 1.570796
    2 4.015371 0.000000 0.000000 0.000000 0.000000 -0.029235
    3 3.520296 0.000000 0.000000 0.000000 0.000000 0.100327
    4 8.941008 0.000000 0.000000 0.000000 0.000000 0.194095
    5 2.036092 0.997454 1.937661 1.596655 -1.286814 2.942944
    6 6.028141 0.000000 0.000000 -1.922607 -0.754998 -0.531436
    7 11.692555 0.000000 0.000000 0.000000 0.000000 -1.665940
    8 11.481671 0.000000 -0.000033 0.408721 0.259298 -0.280542
    9 3.858223 -0.139536 -1.192189 -0.398409 0.168620 -1.126108
    10 1.312564 -0.000002 0.000000 -0.001702 0.007992 -0.785600
    11 0.729363 0.000000 0.000000 -0.000791 0.004125 -0.645103
    12 3.941966 0.046948 -0.435170 -0.155465 0.070618 -0.827716
    13 1.539098 -0.000001 0.000000 -0.000479 0.003737 -0.549140
    14 1.196321 0.000001 0.000000 -0.001546 0.006024 -0.865227
    15 3.881372 -0.043128 0.427603 0.083250 0.030618 -0.691298
    16 1.719579 -0.000001 0.000000 -0.000228 0.005502 -0.409860
    17 1.209176 0.000000 0.000000 -0.000276 0.003067 -0.306460
    18 3.863473 -0.136491 1.332153 0.342670 -0.070478 -0.627020
    19 1.719429 0.000001 0.000001 0.016371 -0.046273 -0.278620
    20 1.099664 0.000001 0.000000 -0.000348 0.002564 -0.387540
    21 0.807580 -0.347157 1.320587 -0.935255 -0.585987 -1.126695
    22 1.789782 0.000000 0.000000 -0.000036 0.005985 0.170571
    23 1.207003 0.000000 0.000000 0.000000 0.009133 0.274601
    24 2.036095 0.997454 -1.937661 -1.668699 1.287198 2.942716
    25 6.028141 0.000003 0.000000 1.761382 1.027413 -0.683996
    26 11.692552 0.000000 -0.000001 0.000000 0.000000 -1.741148
    27 11.481652 -0.000001 0.000017 -0.415118 -0.258771 -0.242661
    28 3.858241 -0.131719 1.196095 0.461575 -0.357479 -0.997235
    29 1.312565 0.000000 0.000000 0.000000 -0.005775 -0.650612
    30 0.729363 0.000000 0.000000 0.000000 -0.002975 -0.386572
    31 3.941985 0.050854 0.431264 0.139753 -0.096445 -0.686692
    32 1.539096 -0.000001 0.000000 0.000000 -0.002838 -0.488366
    33 1.196321 0.000000 0.000000 0.000000 -0.004682 -0.378992
    34 3.881388 -0.047033 -0.427603 -0.037972 0.025686 -0.625526
    35 1.719579 0.000001 0.000000 -0.000911 -0.007863 -0.443685
    36 1.209177 0.000000 0.000000 -0.000372 -0.004422 -0.131398
    37 3.863492 -0.148208 -1.328247 -0.324022 0.199050 -0.471315
    38 1.719428 -0.000001 -0.000001 -0.000659 -0.006543 -0.484494
    39 1.099665 0.000000 0.000000 -0.000168 -0.004194 -0.203333
    40 0.807598 -0.358882 -1.316680 1.128794 0.622179 -0.937848
    41 1.789785 0.000000 -0.000001 0.000000 -0.002066 0.084567
    42 1.207004 0.000000 0.000000 0.000000 -0.001810 0.151848
  time 22
    0 -0.002329 -13.531663 -29.431290 1.570796 0.000000 0.000000
    1 0.000000 3.345132 -2.981898 1.570796 0.086285 1.570796
    2 4.015371 0.000000 0.000000 0.000000 0.000000 -0.029235
    3 3.520296 0.000000 0.000000 0.000000 0.000000 0.100327
    4 8.941008 0.000000 0.000000 0.000000 0.000000 0.194095
    5 2.036092 0.997454 1.937661 1.596667 -1.286922 2.942932
    6 6.028141 0.000000 0.000000 -1.917624 -0.724267 -0.522148
    7 11.692555 0.000000 0.000000 0.000000 0.000000 -1.698134
    8 11.481671 0.000000 -0.000033 0.343328 0.241305 -0.303981
    9 3.858223 -0.139536 -1.192189 -0.399200 0.168406 -1.115517
    10 1.312564 -0.000002 0.000000 -0.001558 0.006997 -0.743574
    11 0.729363 0.000000 0.000000 -0.000719 0.003622 -0.594964
    12 3.941966 0.046948 -0.435170 -0.154506 0.071985 -0.818768
    13 1.539098 -0.000001 0.000000 -0.000443 0.003270 -0.529714
    14 1.196321 0.000001 0.000000 -0.001426 0.005281 -0.813415
    15 3.881372 -0.043128 0.427603 0.083981 0.028676 -0.667962
    16 1.719579 -0.000001 0.000000 -0.000168 0.005502 -0.397968
    17 1.209176 0.000000 0.000000 -0.000252 0.003067 -0.299226
    18 3.863473 -0.136491 1.332153 0.343652 -0.071424 -0.613948
    19 1.719429 0.000001 0.000001 0.015077 -0.042222 -0.267089
    20 1.099664 0.000001 0.000000 -0.000324 0.002564 -0.380569
    21 0.807580 -0.347157 1.320587 -0.983793 -0.601303 -1.064048
    22 1.789782 0.000000 0.000000 -0.000036 0.004906 0.130889
    23 1.207003 0.000000 0.000000 0.000000 0.007479 0.205416
    24 2.036095 0.997454 -1.937661 -1.668699 1.287186 2.942716
    25 6.028141 0.000003 0.000000 1.726207 0.984581 -0.718919
    26 11.692552 0.000000 -0.000001 0.000000 0.000000 -1.765404
    27 11.481652 -0.000001 0.000017 -0.402782 -0.264218 -0.248226
    28 3.858241 -0.131719 1.196095 0.471829 -0.376414 -0.897774
    29 1.312565 0.000000 0.000000 0.000000 -0.004360 -0.601650
    30 0.729363 0.000000 0.000000 0.000000 -0.002244 -0.353633
    31 3.941985 0.050854 0.431264 0.134072 -0.104067 -0.631522
    32 1.539096 -0.000001 0.000000 0.000000 -0.002143 -0.367563
    33 1.196321 0.000000 0.000000 0.000000 -0.003531 -0.367125
    34 3.881388 -0.047033 -0.427603 -0.048315 0.028202 -0.583862
    35 1.719579 0.000001 0.000000 -0.001115 -0.007839 -0.371740
    36 1.209177 0.000000 0.000000 -0.000455 -0.004422 -0.111943
    37 3.863492 -0.148208 -1.328247 -0.317154 0.209848 -0.472866
    38 1.719428 -0.000001 -0.000001 -0.000803 -0.006531 -0.408849
    39 1.099665 0.000000 0.000000 -0.000204 -0.004194 -0.193938
    40 0.807598 -0.358882 -1.316680 1.164904 0.643380 -0.880730
    41 1.789785 0.000000 -0.000001 0.000000 -0.001215 0.052377
    42 1.207004 0.000000 0.000000 0.000000 -0.000912 0.124340
  time 23
    0 -0.002329 -13.531663 -29.431290 1.570796 0.000000 0.000000
    1 0.000000 3.345132 -2.981898 1.570796 0.086285 1.570796
    2 4.015371 0.000000 0.000000 0.000000 0.000000 -0.029235
    3 3.520296 0.000000 0.000000 0.000000 0.000000 0.100327
    4 8.941008 0.000000 0.000000 0.000000 0.000000 0.194095
    5 2.036092 0.997454 1.937661 1.596679 -1.286994 2.942920
    6 6.028141 0.000000 0.000000 -1.902541 -0.681800 -0.515400
    7 11.692555 0.000000 0.000000 0.000000 0.000000 -1.732945
    8 11.481671 0.000000 -0.000033 0.286243 0.219467 -0.324855
    9 3.858223 -0.139536 -1.192189 -0.401680 0.168644 -1.096438
    10 1.312564 -0.000002 0.000000 -0.001366 0.005870 -0.683883
    11 0.729363 0.000000 0.000000 -0.000635 0.003035 -0.525216
    12 3.941966 0.046948 -0.435170 -0.153223 0.073926 -0.805980
    13 1.539098 -0.000001 0.000000 -0.000384 0.002742 -0.500000
    14 1.196321 0.000001 0.000000 -0.001246 0.004430 -0.739541
    15 3.881372 -0.043128 0.427603 0.084904 0.026004 -0.636187
    16 1.719579 -0.000001 0.000000 -0.000072 0.005502 -0.381006
    17 1.209176 0.000000 0.000000 -0.000216 0.003067 -0.288931
    18 3.863473 -0.136491 1.332153 0.344959 -0.072779 -0.595389
    19 1.719429 0.000001 0.000001 0.013243 -0.036470 -0.253575
    20 1.099664 0.000001 0.000000 -0.000276 0.002564 -0.369546
    21 0.807580 -0.347157 1.320587 -1.051134 -0.619472 -0.976762
    22 1.789782 0.000000 0.000000 -0.000024 0.003612 0.083835
    23 1.207003 0.000000 0.000000 0.000000 0.005514 0.123059
    24 2.036095 0.997454 -1.937661 -1.668664 1.287090 2.942752
    25 6.028141 0.000003 0.000000 1.698463 0.942092 -0.745777
    26 11.692552 0.000000 -0.000001 0.000000 0.000000 -1.785710
    27 11.481652 -0.000001 0.000017 -0.394502 -0.269077 -0.251415
    28 3.858241 -0.131719 1.196095 0.477206 -0.392379 -0.800947
    29 1.312565 0.000000 0.000000 0.000000 -0.003030 -0.553771
    30 0.729363 0.000000 0.000000 0.000000 -0.001560 -0.321425
    31 3.941985 0.050854 0.431264 0.128308 -0.111042 -0.579197
    32 1.539096 -0.000001 0.000000 0.000000 -0.001496 -0.252365
    33 1.196321 0.000000 0.000000 0.000000 -0.002453 -0.355991
    34 3.881388 -0.047033 -0.427603 -0.058286 0.030432 -0.543736
    35 1.719579 0.000001 0.000000 -0.001306 -0.007815 -0.302802
    36 1.209177 0.000000 0.000000 -0.000539 -0.004410 -0.093654
    37 3.863492 -0.148208 -1.328247 -0.310719 0.219508 -0.474644
    38 1.719428 -0.000001 -0.000001 -0.000947 -0.006507 -0.336216
    39 1.099665 0.000000 0.000000 -0.000240 -0.004194 -0.185126
    40 0.807598 -0.358882 -1.316680 1.194973 0.659068 -0.834103
    41 1.789785 0.000000 -0.000001 0.000000 -0.000556 0.026993
    42 1.207004 0.000000 0.000000 0.000000 -0.000360 0.107591
  time 24
    0 -0.002329 -13.531663 -29.431290 1.570796 0.000000 0.000000
    1 0.000000 3.345132 -2.981898 1.570796 0.086285 1.570796
    2 4.015371 0.000000 0.000000 0.000000 0.000000 -0.029235
    3 3.520296 0.000000 0.000000 0.000000 0.000000 0.100327
    4 8.941008 0.000000 0.000000 0.000000 0.000000 0.194095
    5 2.036092 0.997454 1.937661 1.596679 -1.286994 2.942920
    6 6.028141 0.000000 0.000000 -1.880453 -0.633404 -0.510774
    7 11.692555 0.000000 0.000000 0.000000 0.000000 -1.765930
    8 11.481671 0.000000 -0.000033 0.239019 0.197339 -0.342299
    9 3.858223 -0.139536 -1.192189 -0.405563 0.169288 -1.069728
    10 1.312564 -0.000002 0.000000 -0.001115 0.004636 -0.608937
    11 0.729363 0.000000 0.000000 -0.000515 0.002399 -0.438661
    12 3.941966 0.046948 -0.435170 -0.151618 0.076371 -0.789857
    13 1.539098 -0.000001 0.000000 -0.000324 0.002179 -0.461298
    14 1.196321 0.000001 0.000000 -0.001019 0.003495 -0.646629
    15 3.881372 -0.043128 0.427603 0.085898 0.022684 -0.597257
    16 1.719579 -0.000001 0.000000 0.000036 0.005490 -0.359737
    17 1.209176 0.000000 0.000000 -0.000180 0.003067 -0.275977
    18 3.863473 -0.136491 1.332153 0.346421 -0.074480 -0.572029
    19 1.719429 0.000001 0.000001 0.010942 -0.029243 -0.238525
    20 1.099664 0.000001 0.000000 -0.000228 0.002576 -0.354908
    21 0.807580 -0.347157 1.320587 -1.126086 -0.634932 -0.879008
    22 1.789782 0.000000 0.000000 -0.000012 0.002305 0.036560
    23 1.207003 0.000000 0.000000 0.000000 0.003512 0.040458
    24 2.036095 0.997454 -1.937661 -1.668592 1.286874 2.942836
    25 6.028141 0.000003 0.000000 1.679983 0.906244 -0.765371
    26 11.692552 0.000000 -0.000001 0.000000 0.000000 -1.800708
    27 11.481652 -0.000001 0.000017 -0.389728 -0.273469 -0.252546
    28 3.858241 -0.131719 1.196095 0.478478 -0.404581 -0.712979
    29 1.312565 0.000000 0.000000 0.000000 -0.001856 -0.510174
    30 0.729363 0.000000 0.000000 0.000000 -0.000961 -0.292004
    31 3.941985 0.050854 0.431264 0.122855 -0.117035 -0.532510
    32 1.539096 -0.000001 0.000000 0.000000 -0.000909 -0.150046
    33 1.196321 0.000000 0.000000 0.000000 -0.001506 -0.346085
    34 3.881388 -0.047033 -0.427603 -0.067310 0.032313 -0.507563
    35 1.719579 0.000001 0.000000 -0.001486 -0.007803 -0.240884
    36 1.209177 0.000000 0.000000 -0.000611 -0.004410 -0.077431
    37 3.863492 -0.148208 -1.328247 -0.305038 0.227718 -0.476460
    38 1.719428 -0.000001 -0.000001 -0.001079 -0.006495 -0.270907
    39 1.099665 0.000000 0.000000 -0.000276 -0.004194 -0.177275
    40 0.807598 -0.358882 -1.316680 1.214999 0.668608 -0.803455
    41 1.789785 0.000000 -0.000001 0.000000 -0.000136 0.010694
    42 1.207004 0.000000 0.000000 0.000000 -0.000085 0.099111
  time 25
    0 -0.002329 -13.531663 -29.431290 1.570796 0.000000 0.000000
    1 0.000000 3.345132 -2.981898 1.570796 0.086285 1.570796
    2 4.015371 0.000000 0.000000 0.000000 0.000000 -0.029235
    3 3.520296 0.000000 0.000000 0.000000 0.000000 0.100327
    4 8.941008 0.000000 0.000000 0.000000 0.000000 0.194095
    5 2.036092 0.997454 1.937661 1.596655 -1.286850 2.942932
    6 6.028141 0.000000 0.000000 -1.856981 -0.588244 -0.508342
    7 11.692555 0.000000 0.000000 0.000000 0.000000 -1.792282
    8 11.481671 0.000000 -0.000033 0.202680 0.179728 -0.355369
    9 3.858223 -0.139536 -1.192189 -0.410213 0.170266 -1.037668
    10 1.312564 -0.000002 0.000000 -0.000851 0.003390 -0.524730
    11 0.729363 0.000000 0.000000 -0.000396 0.001752 -0.342256
    12 3.941966 0.046948 -0.435170 -0.149820 0.079104 -0.771669
    13 1.539098 -0.000001 0.000000 -0.000240 0.001592 -0.416653
    14 1.196321 0.000001 0.000000 -0.000767 0.002549 -0.542223
    15 3.881372 -0.043128 0.427603 0.086845 0.018957 -0.554079
    16 1.719579 -0.000001 0.000000 0.000168 0.005490 -0.335730
    17 1.209176 0.000000 0.000000 -0.000132 0.003067 -0.261380
    18 3.863473 -0.136491 1.332153 0.347847 -0.076398 -0.545684
    19 1.719429 0.000001 0.000001 0.008341 -0.021093 -0.223026
    20 1.099664 0.000001 0.000000 -0.000168 0.002576 -0.337869
    21 0.807580 -0.347157 1.320587 -1.191378 -0.644316 -0.793192
    22 1.789782 0.000000 0.000000 0.000000 0.001227 -0.002200
    23 1.207003 0.000000 0.000000 0.000000 0.001882 -0.026810
    24 2.036095 0.997454 -1.937661 -1.668472 1.286515 2.942956
    25 6.028141 0.000003 0.000000 1.673511 0.885256 -0.779274
    26 11.692552 0.000000 -0.000001 0.000000 0.000000 -1.809473
    27 11.481652 -0.000001 0.000017 -0.387911 -0.277487 -0.251890
    28 3.858241 -0.131719 1.196095 0.477206 -0.412750 -0.640572
    29 1.312565 0.000000 0.000000 0.000000 -0.000897 -0.474016
    30 0.729363 0.000000 0.000000 0.000000 -0.000470 -0.267577
    31 3.941985 0.050854 0.431264 0.118228 -0.121745 -0.494575
    32 1.539096 -0.000001 0.000000 0.000000 -0.000441 -0.067787
    33 1.196321 0.000000 0.000000 0.000000 -0.000727 -0.338061
    34 3.881388 -0.047033 -0.427603 -0.074729 0.033775 -0.477816
    35 1.719579 0.000001 0.000000 -0.001630 -0.007791 -0.190346
    36 1.209177 0.000000 0.000000 -0.000671 -0.004398 -0.064288
    37 3.863492 -0.148208 -1.328247 -0.300436 0.234154 -0.478048
    38 1.719428 -0.000001 -0.000001 -0.001175 -0.006495 -0.217557
    39 1.099665 0.000000 0.000000 -0.000300 -0.004194 -0.170944
    40 0.807598 -0.358882 -1.316680 1.222082 0.671832 -0.792677
    41 1.789785 0.000000 -0.000001 0.000000 0.000008 0.005014
    42 1.207004 0.000000 0.000000 0.000000 0.000011 0.097020
  time 26
    0 -0.002329 -13.531663 -29.431290 1.570796 0.000000 0.000000
    1 0.000000 3.345132 -2.981898 1.570796 0.086285 1.570796
    2 4.015371 0.000000 0.000000 0.000000 0.000000 -0.029235
    3 3.520296 0.000000 0.000000 0.000000 0.000000 0.100327
    4 8.941008 0.000000 0.000000 0.000000 0.000000 0.194095
    5 2.036092 0.997454 1.937661 1.596631 -1.286515 2.942968
    6 6.028141 0.000000 0.000000 -1.842404 -0.559691 -0.508581
    7 11.692555 0.000000 0.000000 0.000000 0.000000 -1.807801
    8 11.481671 0.000000 -0.000033 0.177358 0.172193 -0.363173
    9 3.858223 -0.139536 -1.192189 -0.414851 0.171387 -1.004182
    10 1.312564 -0.000002 0.000000 -0.000563 0.002227 -0.440601
    11 0.729363 0.000000 0.000000 -0.000264 0.001153 -0.246760
    12 3.941966 0.046948 -0.435170 -0.147986 0.081824 -0.753428
    13 1.539098 -0.000001 0.000000 -0.000156 0.001040 -0.371308
    14 1.196321 0.000001 0.000000 -0.000515 0.001674 -0.438135
    15 3.881372 -0.043128 0.427603 0.087624 0.015206 -0.511292
    16 1.719579 -0.000001 0.000000 0.000300 0.005490 -0.311678
    17 1.209176 0.000000 0.000000 -0.000084 0.003079 -0.246751
    18 3.863473 -0.136491 1.332153 0.349045 -0.078328 -0.519218
    19 1.719429 0.000001 0.000001 0.005741 -0.012920 -0.208388
    20 1.099664 0.000001 0.000000 -0.000120 0.002576 -0.320443
    21 0.807580 -0.347157 1.320587 -1.236739 -0.648631 -0.733152
    22 1.789782 0.000000 0.000000 0.000000 0.000496 -0.028243
    23 1.207003 0.000000 0.000000 0.000000 0.000768 -0.071691
    24 2.036095 0.997454 -1.937661 -1.668352 1.286179 2.943076
    25 6.028141 0.000003 0.000000 1.673894 0.880326 -0.787088
    26 11.692552 0.000000 -0.000001 0.000000 0.000000 -1.811942
    27 11.481652 -0.000001 0.000017 -0.387869 -0.280170 -0.250533
    28 3.858241 -0.131719 1.196095 0.475298 -0.417155 -0.591150
    29 1.312565 0.000000 0.000000 0.000000 -0.000250 -0.449084
    30 0.729363 0.000000 0.000000 0.000000 -0.000134 -0.250666
    31 3.941985 0.050854 0.431264 0.114969 -0.124861 -0.468775
    32 1.539096 -0.000001 0.000000 0.000000 -0.000130 -0.012904
    33 1.196321 0.000000 0.000000 0.000000 -0.000200 -0.332613
    34 3.881388 -0.047033 -0.427603 -0.079834 0.034722 -0.457391
    35 1.719579 0.000001 0.000000 -0.001726 -0.007779 -0.156003
    36 1.209177 0.000000 0.000000 -0.000707 -0.004398 -0.055333
    37 3.863492 -0.148208 -1.328247 -0.297308 0.238395 -0.479221
    38 1.719428 -0.000001 -0.000001 -0.001246 -0.006483 -0.181310
    39 1.099665 0.000000 0.000000 -0.000324 -0.004194 -0.166614
    40 0.807598 -0.358882 -1.316680 1.222034 0.671808 -0.792752
    41 1.789785 0.000000 -0.000001 0.000000 0.000008 0.005097
    42 1.207004 0.000000 0.000000 0.000000 -0.000001 0.097748
  time 27
    0 -0.002329 -13.531663 -29.431290 1.570796 0.000000 0.000000
    1 0.000000 3.345132 -2.981898 1.570796 0.086285 1.570796
    2 4.015371 0.000000 0.000000 0.000000 0.000000 -0.029235
    3 3.520296 0.000000 0.000000 0.000000 0.000000 0.100327
    4 8.941008 0.000000 0.000000 0.000000 0.000000 0.194095
    5 2.036092 0.997454 1.937661 1.596595 -1.286179 2.943004
    6 6.028141 0.000000 0.000000 -1.837541 -0.548741 -0.510391
    7 11.692555 0.000000 0.000000 0.000000 0.000000 -1.813765
    8 11.481671 0.000000 -0.000033 0.164653 0.172101 -0.366062
    9 3.858223 -0.139536 -1.192189 -0.418782 0.172413 -0.973834
    10 1.312564 -0.000002 0.000000 -0.000324 0.001256 -0.366979
    11 0.729363 0.000000 0.000000 -0.000144 0.000650 -0.163811
    12 3.941966 0.046948 -0.435170 -0.146356 0.084197 -0.737331
    13 1.539098 -0.000001 0.000000 -0.000084 0.000585 -0.331058
    14 1.196321 0.000001 0.000000 -0.000300 0.000943 -0.347319
    15 3.881372 -0.043128 0.427603 0.088163 0.011898 -0.473927
    16 1.719579 -0.000001 0.000000 0.000407 0.005490 -0.290453
    17 1.209176 0.000000 0.000000 -0.000048 0.003079 -0.233878
    18 3.863473 -0.136491 1.332153 0.349896 -0.080005 -0.495939
    19 1.719429 0.000001 0.000001 0.003452 -0.005717 -0.196034
    20 1.099664 0.000001 0.000000 -0.000060 0.002588 -0.304850
    21 0.807580 -0.347157 1.320587 -1.261475 -0.650236 -0.700211
    22 1.789782 0.000000 0.000000 0.000000 0.000112 -0.042195
    23 1.207003 0.000000 0.000000 0.000000 0.000169 -0.095612
    24 2.036095 0.997454 -1.937661 -1.668256 1.285891 2.943184
    25 6.028141 0.000003 0.000000 1.674434 0.877245 -0.790263
    26 11.692552 0.000000 -0.000001 0.000000 0.000000 -1.812991
    27 11.481652 -0.000001 0.000017 -0.388334 -0.281745 -0.249244
    28 3.858241 -0.131719 1.196095 0.474419 -0.418467 -0.572749
    29 1.312565 0.000000 0.000000 0.000000 -0.000010 -0.439662
    30 0.729363 0.000000 0.000000 0.000000 -0.000002 -0.244260
    31 3.941985 0.050854 0.431264 0.113734 -0.125999 -0.459164
    32 1.539096 -0.000001 0.000000 0.000000 -0.000010 0.007069
    33 1.196321 0.000000 0.000000 0.000000 -0.000008 -0.330572
    34 3.881388 -0.047033 -0.427603 -0.081764 0.035058 -0.449698
    35 1.719579 0.000001 0.000000 -0.001762 -0.007767 -0.143218
    36 1.209177 0.000000 0.000000 -0.000719 -0.004398 -0.052001
    37 3.863492 -0.148208 -1.328247 -0.296134 0.239939 -0.479675
    38 1.719428 -0.000001 -0.000001 -0.001282 -0.006483 -0.167822
    39 1.099665 0.000000 0.000000 -0.000324 -0.004194 -0.164993
    40 0.807598 -0.358882 -1.316680 1.221878 0.671748 -0.792977
    41 1.789785 0.000000 -0.000001 0.000000 -0.000004 0.005361
    42 1.207004 0.000000 0.000000 0.000000 -0.000001 0.098711
  time 28
    0 -0.002329 -13.531663 -29.431290 1.570796 0.000000 0.000000
    1 0.000000 3.345132 -2.981898 1.570796 0.086285 1.570796
    2 4.015371 0.000000 0.000000 0.000000 0.000000 -0.029235
    3 3.520296 0.000000 0.000000 0.000000 0.000000 0.100327
    4 8.941008 0.000000 0.000000 0.000000 0.000000 0.194095
    5 2.036092 0.997454 1.937661 1.596583 -1.285939 2.943016
    6 6.028141 0.000000 0.000000 -1.833267 -0.541270 -0.512201
    7 11.692555 0.000000 0.000000 0.000000 0.000000 -1.816991
    8 11.481671 0.000000 -0.000033 0.158300 0.172484 -0.367169
    9 3.858223 -0.139536 -1.192189 -0.421611 0.173200 -0.950511
    10 1.312564 -0.000002 0.000000 -0.000144 0.000549 -0.311645
    11 0.729363 0.000000 0.000000 -0.000060 0.000290 -0.101975
    12 3.941966 0.046948 -0.435170 -0.145110 0.085983 -0.725179
    13 1.539098 -0.000001 0.000000 -0.000036 0.000261 -0.300495
    14 1.196321 0.000001 0.000000 -0.000132 0.000415 -0.279358
    15 3.881372 -0.043128 0.427603 0.088487 0.009393 -0.445868
    16 1.719579 -0.000001 0.000000 0.000503 0.005478 -0.274479
    17 1.209176 0.000000 0.000000 -0.000012 0.003079 -0.224163
    18 3.863473 -0.136491 1.332153 0.350424 -0.081264 -0.478348
    19 1.719429 0.000001 0.000001 0.001714 -0.000288 -0.187049
    20 1.099664 0.000001 0.000000 -0.000024 0.002588 -0.292974
    21 0.807580 -0.347157 1.320587 -1.268894 -0.650620 -0.690305
    22 1.789782 0.000000 0.000000 0.000000 -0.000008 -0.046324
    23 1.207003 0.000000 0.000000 0.000000 -0.000011 -0.102668
    24 2.036095 0.997454 -1.937661 -1.668160 1.285592 2.943280
    25 6.028141 0.000003 0.000000 1.675392 0.874437 -0.790479
    26 11.692552 0.000000 -0.000001 0.000000 0.000000 -1.813608
    27 11.481652 -0.000001 0.000017 -0.389136 -0.282840 -0.247932
    28 3.858241 -0.131719 1.196095 0.474449 -0.418393 -0.573022
    29 1.312565 0.000000 0.000000 0.000000 -0.000010 -0.439797
    30 0.729363 0.000000 0.000000 0.000000 -0.000002 -0.244361
    31 3.941985 0.050854 0.431264 0.113758 -0.125975 -0.459351
    32 1.539096 -0.000001 0.000000 0.000000 -0.000010 0.006807
    33 1.196321 0.000000 0.000000 0.000000 -0.000008 -0.330612
    34 3.881388 -0.047033 -0.427603 -0.081740 0.035058 -0.449848
    35 1.719579 0.000001 0.000000 -0.001762 -0.007767 -0.143368
    36 1.209177 0.000000 0.000000 -0.000719 -0.004398 -0.052058
    37 3.863492 -0.148208 -1.328247 -0.296157 0.239898 -0.479713
    38 1.719428 -0.000001 -0.000001 -0.001270 -0.006483 -0.168007
    39 1.099665 0.000000 0.000000 -0.000324 -0.004194 -0.165018
    40 0.807598 -0.358882 -1.316680 1.221615 0.671628 -0.793365
    41 1.789785 0.000000 -0.000001 0.000000 -0.000004 0.005840
    42 1.207004 0.000000 0.000000 0.000000 -0.000001 0.100027
  time 29
    0 -0.002329 -13.531663 -29.431290 1.570796 0.000000 0.000000
    1 0.000000 3.345132 -2.981898 1.570796 0.086285 1.570796
    2 4.015371 0.000000 0.000000 0.000000 0.000000 -0.029235
    3 3.520296 0.000000 0.000000 0.000000 0.000000 0.100327
    4 8.941008 0.000000 0.000000 0.000000 0.000000 0.194095
    5 2.036092 0.997454 1.937661 1.596559 -1.285724 2.943040
    6 6.028141 0.000000 0.000000 -1.829476 -0.535463 -0.513950
    7 11.692555 0.000000 0.000000 0.000000 0.000000 -1.819060
    8 11.481671 0.000000 -0.000033 0.154613 0.173097 -0.367466
    9 3.858223 -0.139536 -1.192189 -0.423265 0.173701 -0.936211
    10 1.312564 -0.000002 0.000000 -0.000036 0.000142 -0.278491
    11 0.729363 0.000000 0.000000 -0.000012 0.000074 -0.065127
    12 3.941966 0.046948 -0.435170 -0.144343 0.087049 -0.717846
    13 1.539098 -0.000001 0.000000 0.000000 0.000070 -0.282018
    14 1.196321 0.000001 0.000000 -0.000024 0.000104 -0.238764
    15 3.881372 -0.043128 0.427603 0.088655 0.007883 -0.429044
    16 1.719579 -0.000001 0.000000 0.000551 0.005478 -0.264831
    17 1.209176 0.000000 0.000000 0.000000 0.003079 -0.218298
    18 3.863473 -0.136491 1.332153 0.350687 -0.082007 -0.467737
    19 1.719429 0.000001 0.000001 0.000671 0.002996 -0.181770
    20 1.099664 0.000001 0.000000 0.000000 0.002588 -0.285771
    21 0.807580 -0.347157 1.320587 -1.268786 -0.650632 -0.690452
    22 1.789782 0.000000 0.000000 0.000000 -0.000008 -0.046232
    23 1.207003 0.000000 0.000000 0.000000 0.000001 -0.102529
    24 2.036095 0.997454 -1.937661 -1.668052 1.285280 2.943387
    25 6.028141 0.000003 0.000000 1.676687 0.871732 -0.788574
    26 11.692552 0.000000 -0.000001 0.000000 0.000000 -1.813917
    27 11.481652 -0.000001 0.000017 -0.390277 -0.283654 -0.246507
    28 3.858241 -0.131719 1.196095 0.474540 -0.418195 -0.573946
    29 1.312565 0.000000 0.000000 0.000000 -0.000022 -0.440203
    30 0.729363 0.000000 0.000000 0.000000 -0.000014 -0.244639
    31 3.941985 0.050854 0.431264 0.113842 -0.125891 -0.459888
    32 1.539096 -0.000001 0.000000 0.000000 -0.000010 0.005930
    33 1.196321 0.000000 0.000000 0.000000 -0.000020 -0.330750
    34 3.881388 -0.047033 -0.427603 -0.081668 0.035046 -0.450271
    35 1.719579 0.000001 0.000000 -0.001762 -0.007767 -0.143920
    36 1.209177 0.000000 0.000000 -0.000719 -0.004398 -0.052254
    37 3.863492 -0.148208 -1.328247 -0.296241 0.239749 -0.479788
    38 1.719428 -0.000001 -0.000001 -0.001270 -0.006483 -0.168563
    39 1.099665 0.000000 0.000000 -0.000324 -0.004194 -0.165094
    40 0.807598 -0.358882 -1.316680 1.221219 0.671448 -0.793965
    41 1.789785 0.000000 -0.000001 0.000000 -0.000016 0.006607
    42 1.207004 0.000000 0.000000 0.000000 -0.000013 0.101859
  time 30
    0 -0.002329 -13.531663 -29.431290 1.570796 0.000000 0.000000
    1 0.000000 3.345132 -2.981898 1.570796 0.086285 1.570796
    2 4.015371 0.000000 0.000000 0.000000 0.000000 -0.029235
    3 3.520296 0.000000 0.000000 0.000000 0.000000 0.100327
    4 8.941008 0.000000 0.000000 0.000000 0.000000 0.194095
    5 2.036092 0.997454 1.937661 1.596547 -1.285532 2.943052
    6 6.028141 0.000000 0.000000 -1.826045 -0.530714 -0.515664
    7 11.692555 0.000000 0.000000 0.000000 0.000000 -1.820399
    8 11.481671 0.000000 -0.000033 0.152525 0.173863 -0.367304
    9 3.858223 -0.139536 -1.192189 -0.423804 0.173868 -0.931539
    10 1.312564 -0.000002 0.000000 0.000000 0.000010 -0.267790
    11 0.729363 0.000000 0.000000 0.000000 0.000002 -0.053251
    12 3.941966 0.046948 -0.435170 -0.144091 0.087397 -0.715463
    13 1.539098 -0.000001 0.000000 0.000000 0.000010 -0.275975
    14 1.196321 0.000001 0.000000 0.000000 0.000008 -0.225652
    15 3.881372 -0.043128 0.427603 0.088703 0.007392 -0.423623
    16 1.719579 -0.000001 0.000000 0.000575 0.005478 -0.261690
    17 1.209176 0.000000 0.000000 0.000000 0.003079 -0.216397
    18 3.863473 -0.136491 1.332153 0.350759 -0.082258 -0.464268
    19 1.719429 0.000001 0.000001 0.000324 0.004050 -0.180085
    20 1.099664 0.000001 0.000000 0.000000 0.002588 -0.283396
    21 0.807580 -0.347157 1.320587 -1.268486 -0.650656 -0.690879
    22 1.789782 0.000000 0.000000 0.000000 0.000004 -0.045992
    23 1.207003 0.000000 0.000000 0.000000 0.000013 -0.102093
    24 2.036095 0.997454 -1.937661 -1.667932 1.284933 2.943507
    25 6.028141 0.000003 0.000000 1.678245 0.868925 -0.785098
    26 11.692552 0.000000 -0.000001 0.000000 0.000000 -1.813978
    27 11.481652 -0.000001 0.000017 -0.391756 -0.284295 -0.244855
    28 3.858241 -0.131719 1.196095 0.474722 -0.417799 -0.575588
    29 1.312565 0.000000 0.000000 0.000000 -0.000046 -0.440924
    30 0.729363 0.000000 0.000000 0.000000 -0.000026 -0.245130
    31 3.941985 0.050854 0.431264 0.113986 -0.125748 -0.460855
    32 1.539096 -0.000001 0.000000 0.000000 -0.000022 0.004441
    33 1.196321 0.000000 0.000000 0.000000 -0.000032 -0.330988
    34 3.881388 -0.047033 -0.427603 -0.081548 0.035022 -0.450995
    35 1.719579 0.000001 0.000000 -0.001750 -0.007767 -0.144923
    36 1.209177 0.000000 0.000000 -0.000719 -0.004398 -0.052606
    37 3.863492 -0.148208 -1.328247 -0.296361 0.239492 -0.479902
    38 1.719428 -0.000001 -0.000001 -0.001270 -0.006483 -0.169583
    39 1.099665 0.000000 0.000000 -0.000324 -0.004194 -0.165221
    40 0.807598 -0.358882 -1.316680 1.220632 0.671184 -0.794840
    41 1.789785 0.000000 -0.000001 0.000000 -0.000028 0.007806
    42 1.207004 0.000000 0.000000 0.000000 -0.000025 0.104467
  time 31
    0 -0.002329 -13.531663 -29.431290 1.570796 0.000000 0.000000
    1 0.000000 3.345132 -2.981898 1.570796 0.086285 1.570796
    2 4.015371 0.000000 0.000000 0.000000 0.000000 -0.029235
    3 3.520296 0.000000 0.000000 0.000000 0.000000 0.100327
    4 8.941008 0.000000 0.000000 0.000000 0.000000 0.194095
    5 2.036092 0.997454 1.937661 1.596523 -1.285352 2.943076
    6 6.028141 0.000000 0.000000 -1.822903 -0.526721 -0.517366
    7 11.692555 0.000000 0.000000 0.000000 0.000000 -1.821312
    8 11.481671 0.000000 -0.000033 0.151547 0.174766 -0.366764
    9 3.858223 -0.139536 -1.192189 -0.423804 0.173772 -0.931718
    10 1.312564 -0.000002 0.000000 0.000000 0.000010 -0.268102
    11 0.729363 0.000000 0.000000 0.000000 0.000002 -0.053564
    12 3.941966 0.046948 -0.435170 -0.144115 0.087361 -0.715596
    13 1.539098 -0.000001 0.000000 0.000000 0.000010 -0.276125
    14 1.196321 0.000001 0.000000 0.000000 0.000008 -0.226027
    15 3.881372 -0.043128 0.427603 0.088703 0.007404 -0.423818
    16 1.719579 -0.000001 0.000000 0.000575 0.005478 -0.261824
    17 1.209176 0.000000 0.000000 0.000000 0.003079 -0.216429
    18 3.863473 -0.136491 1.332153 0.350759 -0.082211 -0.464429
    19 1.719429 0.000001 0.000001 0.000336 0.004038 -0.180198
    20 1.099664 0.000001 0.000000 0.000000 0.002588 -0.283448
    21 0.807580 -0.347157 1.320587 -1.268019 -0.650704 -0.691534
    22 1.789782 0.000000 0.000000 0.000000 0.000016 -0.045587
    23 1.207003 0.000000 0.000000 0.000000 0.000025 -0.101414
    24 2.036095 0.997454 -1.937661 -1.667801 1.284513 2.943663
    25 6.028141 0.000003 0.000000 1.679995 0.865809 -0.780544
    26 11.692552 0.000000 -0.000001 0.000000 0.000000 -1.813793
    27 11.481652 -0.000001 0.000017 -0.393868 -0.284842 -0.242774
    28 3.858241 -0.131719 1.196095 0.474980 -0.417230 -0.578050
    29 1.312565 0.000000 0.000000 0.000000 -0.000070 -0.442051
    30 0.729363 0.000000 0.000000 0.000000 -0.000038 -0.245887
    31 3.941985 0.050854 0.431264 0.114202 -0.125520 -0.462331
    32 1.539096 -0.000001 0.000000 0.000000 -0.000046 0.002120
    33 1.196321 0.000000 0.000000 0.000000 -0.000068 -0.331365
    34 3.881388 -0.047033 -0.427603 -0.081356 0.034986 -0.452111
    35 1.719579 0.000001 0.000000 -0.001750 -0.007767 -0.146427
    36 1.209177 0.000000 0.000000 -0.000719 -0.004398 -0.053140
    37 3.863492 -0.148208 -1.328247 -0.296565 0.239099 -0.480129
    38 1.719428 -0.000001 -0.000001 -0.001270 -0.006483 -0.171113
    39 1.099665 0.000000 0.000000 -0.000324 -0.004194 -0.165398
    40 0.807598 -0.358882 -1.316680 1.219733 0.670789 -0.796178
    41 1.789785 0.000000 -0.000001 0.000000 -0.000052 0.009676
    42 1.207004 0.000000 0.000000 0.000000 -0.000037 0.108413
  time 32
    0 -0.002329 -13.531663 -29.431290 1.570796 0.000000 0.000000
    1 0.000000 3.345132 -2.981898 1.570796 0.086285 1.570796
    2 4.015371 0.000000 0.000000 0.000000 0.000000 -0.029235
    3 3.520296 0.000000 0.000000 0.000000 0.000000 0.100327
    4 8.941008 0.000000 0.000000 0.000000 0.000000 0.194095
    5 2.036092 0.997454 1.937661 1.596511 -1.285172 2.943088
    6 6.028141 0.000000 0.000000 -1.820003 -0.523303 -0.519068
    7 11.692555 0.000000 0.000000 0.000000 0.000000 -1.821859
    8 11.481671 0.000000 -0.000033 0.151414 0.175777 -0.365954
    9 3.858223 -0.139536 -1.192189 -0.423828 0.173558 -0.932217
    10 1.312564 -0.000002 0.000000 0.000000 0.000022 -0.269075
    11 0.729363 0.000000 0.000000 0.000000 0.000014 -0.054533
    12 3.941966 0.046948 -0.435170 -0.144163 0.087265 -0.716046
    13 1.539098 -0.000001 0.000000 0.000000 0.000010 -0.276575
    14 1.196321 0.000001 0.000000 0.000000 0.000020 -0.227155
    15 3.881372 -0.043128 0.427603 0.088691 0.007452 -0.424433
    16 1.719579 -0.000001 0.000000 0.000563 0.005478 -0.262228
    17 1.209176 0.000000 0.000000 0.000000 0.003079 -0.216558
    18 3.863473 -0.136491 1.332153 0.350771 -0.082067 -0.464792
    19 1.719429 0.000001 0.000001 0.000348 0.003978 -0.180535
    20 1.099664 0.000001 0.000000 0.000000 0.002588 -0.283603
    21 0.807580 -0.347157 1.320587 -1.267384 -0.650752 -0.692430
    22 1.789782 0.000000 0.000000 0.000000 0.000028 -0.045052
    23 1.207003 0.000000 0.000000 0.000000 0.000049 -0.100508
    24 2.036095 0.997454 -1.937661 -1.667585 1.283878 2.943879
    25 6.028141 0.000003 0.000000 1.681816 0.861906 -0.775810
    26 11.692552 0.000000 -0.000001 0.000000 0.000000 -1.813176
    27 11.481652 -0.000001 0.000017 -0.397543 -0.285510 -0.239291
    28 3.858241 -0.131719 1.196095 0.475389 -0.416339 -0.581813
    29 1.312565 0.000000 0.000000 0.000000 -0.000118 -0.443719
    30 0.729363 0.000000 0.000000 0.000000 -0.000062 -0.247022
    31 3.941985 0.050854 0.431264 0.114525 -0.125184 -0.464533
    32 1.539096 -0.000001 0.000000 0.000000 -0.000070 -0.001384
    33 1.196321 0.000000 0.000000 0.000000 -0.000104 -0.331919
    34 3.881388 -0.047033 -0.427603 -0.081069 0.034926 -0.453770
    35 1.719579 0.000001 0.000000 -0.001738 -0.007767 -0.148683
    36 1.209177 0.000000 0.000000 -0.000719 -0.004398 -0.053941
    37 3.863492 -0.148208 -1.328247 -0.296865 0.238516 -0.480431
    38 1.719428 -0.000001 -0.000001 -0.001258 -0.006483 -0.173477
    39 1.099665 0.000000 0.000000 -0.000324 -0.004194 -0.165677
    40 0.807598 -0.358882 -1.316680 1.218151 0.670094 -0.798541
    41 1.789785 0.000000 -0.000001 0.000000 -0.000100 0.013151
    42 1.207004 0.000000 0.000000 0.000000 -0.000085 0.115554
  time 33
    0 -0.002329 -13.531663 -29.431290 1.570796 0.000000 0.000000
    1 0.000000 3.345132 -2.981898 1.570796 0.086285 1.570796
    2 4.015371 0.000000 0.000000 0.000000 0.000000 -0.029235
    3 3.520296 0.000000 0.000000 0.000000 0.000000 0.100327
    4 8.941008 0.000000 0.000000 0.000000 0.000000 0.194095
    5 2.036092 0.997454 1.937661 1.596499 -1.284993 2.943112
    6 6.028141 0.000000 0.000000 -1.817306 -0.520309 -0.520805
    7 11.692555 0.000000 0.000000 0.000000 0.000000 -1.822164
    8 11.481671 0.000000 -0.000033 0.151947 0.176925 -0.364901
    9 3.858223 -0.139536 -1.192189 -0.423852 0.173176 -0.933108
    10 1.312564 -0.000002 0.000000 0.000000 0.000034 -0.270748
    11 0.729363 0.000000 0.000000 0.000000 0.000026 -0.056157
    12 3.941966 0.046948 -0.435170 -0.144247 0.087109 -0.716787
    13 1.539098 -0.000001 0.000000 0.000000 0.000022 -0.277274
    14 1.196321 0.000001 0.000000 0.000000 0.000032 -0.229078
    15 3.881372 -0.043128 0.427603 0.088679 0.007512 -0.425467
    16 1.719579 -0.000001 0.000000 0.000563 0.005478 -0.262946
    17 1.209176 0.000000 0.000000 0.000000 0.003079 -0.216767
    18 3.863473 -0.136491 1.332153 0.350783 -0.081815 -0.465438
    19 1.719429 0.000001 0.000001 0.000384 0.003882 -0.181096
    20 1.099664 0.000001 0.000000 0.000000 0.002588 -0.283861
    21 0.807580 -0.347157 1.320587 -1.266569 -0.650812 -0.693553
    22 1.789782 0.000000 0.000000 0.000000 0.000052 -0.044389
    23 1.207003 0.000000 0.000000 0.000000 0.000073 -0.099358
    24 2.036095 0.997454 -1.937661 -1.667273 1.282919 2.944202
    25 6.028141 0.000003 0.000000 1.683410 0.856941 -0.772382
    26 11.692552 0.000000 -0.000001 0.000000 0.000000 -1.811510
    27 11.481652 -0.000001 0.000017 -0.406711 -0.285897 -0.231577
    28 3.858241 -0.131719 1.196095 0.476055 -0.414804 -0.588208
    29 1.312565 0.000000 0.000000 0.000000 -0.000202 -0.446605
    30 0.729363 0.000000 0.000000 0.000000 -0.000110 -0.248951
    31 3.941985 0.050854 0.431264 0.115089 -0.124609 -0.468318
    32 1.539096 -0.000001 0.000000 0.000000 -0.000106 -0.007341
    33 1.196321 0.000000 0.000000 0.000000 -0.000164 -0.332870
    34 3.881388 -0.047033 -0.427603 -0.080589 0.034842 -0.456637
    35 1.719579 0.000001 0.000000 -0.001726 -0.007779 -0.152543
    36 1.209177 0.000000 0.000000 -0.000707 -0.004398 -0.055305
    37 3.863492 -0.148208 -1.328247 -0.297380 0.237514 -0.480999
    38 1.719428 -0.000001 -0.000001 -0.001258 -0.006483 -0.177463
    39 1.099665 0.000000 0.000000 -0.000324 -0.004194 -0.166158
    40 0.807598 -0.358882 -1.316680 1.213393 0.667949 -0.805644
    41 1.789785 0.000000 -0.000001 0.000000 -0.000232 0.024141
    42 1.207004 0.000000 0.000000 0.000000 -0.000204 0.137260
  time 34
    0 -0.002329 -13.531663 -29.431290 1.570796 0.000000 0.000000
    1 0.000000 3.345132 -2.981898 1.570796 0.086285 1.570796
    2 4.015371 0.000000 0.000000 0.000000 0.000000 -0.029235
    3 3.520296 0.000000 0.000000 0.000000 0.000000 0.100327
    4 8.941008 0.000000 0.000000 0.000000 0.000000 0.194095
    5 2.036092 0.997454 1.937661 1.596475 -1.284789 2.943124
    6 6.028141 0.000000 0.000000 -1.814815 -0.517677 -0.522603
    7 11.692555 0.000000 0.000000 0.000000 0.000000 -1.822225
    8 11.481671 0.000000 -0.000033 0.153058 0.178242 -0.363578
    9 3.858223 -0.139536 -1.192189 -0.423900 0.172651 -0.934321
    10 1.312564 -0.000002 0.000000 0.000000 0.000058 -0.273121
    11 0.729363 0.000000 0.000000 0.000000 0.000038 -0.058481
    12 3.941966 0.046948 -0.435170 -0.144367 0.086882 -0.717846
    13 1.539098 -0.000001 0.000000 0.000000 0.000034 -0.278273
    14 1.196321 0.000001 0.000000 0.000000 0.000044 -0.231825
    15 3.881372 -0.043128 0.427603 0.088667 0.007608 -0.426948
    16 1.719579 -0.000001 0.000000 0.000563 0.005478 -0.263978
    17 1.209176 0.000000 0.000000 0.000000 0.003079 -0.217057
    18 3.863473 -0.136491 1.332153 0.350807 -0.081467 -0.466366
    19 1.719429 0.000001 0.000001 0.000419 0.003763 -0.181920
    20 1.099664 0.000001 0.000000 0.000000 0.002588 -0.284197
    21 0.807580 -0.347157 1.320587 -1.265586 -0.650896 -0.694930
    22 1.789782 0.000000 0.000000 0.000000 0.000076 -0.043559
    23 1.207003 0.000000 0.000000 0.000000 0.000109 -0.097947
    24 2.036095 0.997454 -1.937661 -1.666926 1.281865 2.944562
    25 6.028141 0.000003 0.000000 1.684609 0.852148 -0.769494
    26 11.692552 0.000000 -0.000001 0.000000 0.000000 -1.809041
    27 11.481652 -0.000001 0.000017 -0.423187 -0.284963 -0.219339
    28 3.858241 -0.131719 1.196095 0.478251 -0.409408 -0.609824
    29 1.312565 0.000000 0.000000 0.000000 -0.000477 -0.456298
    30 0.729363 0.000000 0.000000 0.000000 -0.000254 -0.255496
    31 3.941985 0.050854 0.431264 0.116982 -0.122608 -0.481124
    32 1.539096 -0.000001 0.000000 0.000000 -0.000238 -0.027271
    33 1.196321 0.000000 0.000000 0.000000 -0.000391 -0.336119
    34 3.881388 -0.047033 -0.427603 -0.078959 0.034566 -0.466381
    35 1.719579 0.000001 0.000000 -0.001690 -0.007779 -0.165428
    36 1.209177 0.000000 0.000000 -0.000683 -0.004398 -0.059958
    37 3.863492 -0.148208 -1.328247 -0.299142 0.234059 -0.482966
    38 1.719428 -0.000001 -0.000001 -0.001222 -0.006483 -0.190812
    39 1.099665 0.000000 0.000000 -0.000312 -0.004194 -0.167728
    40 0.807598 -0.358882 -1.316680 1.201517 0.662448 -0.823437
    41 1.789785 0.000000 -0.000001 0.000000 -0.000556 0.051166
    42 1.207004 0.000000 0.000000 0.000000 -0.000576 0.184712
  time 35
    0 -0.002329 -13.531663 -29.431290 1.570796 0.000000 0.000000
    1 0.000000 3.345132 -2.981898 1.570796 0.086285 1.570796
    2 4.015371 0.000000 0.000000 0.000000 0.000000 -0.029235
    3 3.520296 0.000000 0.000000 0.000000 0.000000 0.100327
    4 8.941008 0.000000 0.000000 0.000000 0.000000 0.194095
    5 2.036092 0.997454 1.937661 1.596463 -1.284573 2.943148
    6 6.028141 0.000000 0.000000 -1.812503 -0.515348 -0.524533
    7 11.692555 0.000000 0.000000 0.000000 0.000000 -1.822164
    8 11.481671 0.000000 -0.000033 0.154657 0.179743 -0.361958
    9 3.858223 -0.139536 -1.192189 -0.423960 0.171936 -0.935997
    10 1.312564 -0.000002 0.000000 -0.000012 0.000094 -0.276273
    11 0.729363 0.000000 0.000000 0.000000 0.000050 -0.061595
    12 3.941966 0.046948 -0.435170 -0.144535 0.086582 -0.719276
    13 1.539098 -0.000001 0.000000 0.000000 0.000046 -0.279621
    14 1.196321 0.000001 0.000000 -0.000012 0.000068 -0.235511
    15 3.881372 -0.043128 0.427603 0.088655 0.007739 -0.428933
    16 1.719579 -0.000001 0.000000 0.000551 0.005478 -0.265325
    17 1.209176 0.000000 0.000000 0.000000 0.003079 -0.217444
    18 3.863473 -0.136491 1.332153 0.350831 -0.081000 -0.467576
    19 1.719429 0.000001 0.000001 0.000467 0.003583 -0.183006
    20 1.099664 0.000001 0.000000 0.000000 0.002588 -0.284661
    21 0.807580 -0.347157 1.320587 -1.264364 -0.650991 -0.696641
    22 1.789782 0.000000 0.000000 0.000000 0.000100 -0.042546
    23 1.207003 0.000000 0.000000 0.000000 0.000157 -0.096205
    24 2.036095 0.997454 -1.937661 -1.666566 1.280738 2.944933
    25 6.028141 0.000003 0.000000 1.685507 0.847492 -0.766929
    26 11.692552 0.000000 -0.000001 0.000000 0.000000 -1.805770
    27 11.481652 -0.000001 0.000017 -0.448916 -0.282466 -0.201899
    28 3.858241 -0.131719 1.196095 0.483992 -0.390720 -0.681820
    29 1.312565 0.000000 0.000000 0.000000 -0.001412 -0.488894
    30 0.729363 0.000000 0.000000 0.000000 -0.000733 -0.277502
    31 3.941985 0.050854 0.431264 0.123154 -0.115812 -0.524133
    32 1.539096 -0.000001 0.000000 0.000000 -0.000693 -0.094725
    33 1.196321 0.000000 0.000000 0.000000 -0.001146 -0.346976
    34 3.881388 -0.047033 -0.427603 -0.073386 0.033595 -0.499025
    35 1.719579 0.000001 0.000000 -0.001546 -0.007791 -0.209047
    36 1.209177 0.000000 0.000000 -0.000623 -0.004410 -0.075548
    37 3.863492 -0.148208 -1.328247 -0.305026 0.222543 -0.489396
    38 1.719428 -0.000001 -0.000001 -0.001127 -0.006495 -0.236005
    39 1.099665 0.000000 0.000000 -0.000300 -0.004194 -0.173122
    40 0.807598 -0.358882 -1.316680 1.176313 0.649948 -0.861649
    41 1.789785 0.000000 -0.000001 0.000000 -0.001251 0.103934
    42 1.207004 0.000000 0.000000 0.000000 -0.001559 0.258897
  time 36
    0 -0.002329 -13.531663 -29.431290 1.570796 0.000000 0.000000
    1 0.000000 3.345132 -2.981898 1.570796 0.086285 1.570796
    2 4.015371 0.000000 0.000000 0.000000 0.000000 -0.029235
    3 3.520296 0.000000 0.000000 0.000000 0.000000 0.100327
    4 8.941008 0.000000 0.000000 0.000000 0.000000 0.194095
    5 2.036092 0.997454 1.937661 1.596439 -1.284321 2.943172
    6 6.028141 0.000000 0.000000 -1.810421 -0.513231 -0.526714
    7 11.692555 0.000000 0.000000 0.000000 0.000000 -1.821981
    8 11.481671 0.000000 -0.000033 0.156789 0.181611 -0.359959
    9 3.858223 -0.139536 -1.192189 -0.424032 0.171005 -0.938137
    10 1.312564 -0.000002 0.000000 -0.000024 0.000130 -0.280398
    11 0.729363 0.000000 0.000000 0.000000 0.000074 -0.065648
    12 3.941966 0.046948 -0.435170 -0.144750 0.086186 -0.721129
    13 1.539098 -0.000001 0.000000 0.000000 0.000070 -0.281369
    14 1.196321 0.000001 0.000000 -0.000012 0.000104 -0.240311
    15 3.881372 -0.043128 0.427603 0.088631 0.007907 -0.431504
    16 1.719579 -0.000001 0.000000 0.000539 0.005478 -0.267119
    17 1.209176 0.000000 0.000000 0.000000 0.003079 -0.217944
    18 3.863473 -0.136491 1.332153 0.350855 -0.080389 -0.469150
    19 1.719429 0.000001 0.000001 0.000539 0.003355 -0.184428
    20 1.099664 0.000001 0.000000 0.000000 0.002588 -0.285281
    21 0.807580 -0.347157 1.320587 -1.262770 -0.651111 -0.698847
    22 1.789782 0.000000 0.000000 0.000000 0.000136 -0.041237
    23 1.207003 0.000000 0.000000 0.000000 0.000205 -0.093940
    24 2.036095 0.997454 -1.937661 -1.666195 1.279576 2.945329
    25 6.028141 0.000003 0.000000 1.686215 0.842938 -0.764485
    26 11.692552 0.000000 -0.000001 0.000000 0.000000 -1.801634
    27 11.481652 -0.000001 0.000017 -0.486389 -0.278034 -0.178985
    28 3.858241 -0.131719 1.196095 0.484491 -0.335747 -0.888540
    29 1.312565 0.000000 0.000000 0.000000 -0.004205 -0.583256
    30 0.729363 0.000000 0.000000 0.000000 -0.002160 -0.340871
    31 3.941985 0.050854 0.431264 0.138590 -0.096841 -0.646153
    32 1.539096 -0.000001 0.000000 0.000000 -0.002071 -0.312899
    33 1.196321 0.000000 0.000000 0.000000 -0.003412 -0.376337
    34 3.881388 -0.047033 -0.427603 -0.055985 0.029629 -0.589986
    35 1.719579 0.000001 0.000000 -0.001127 -0.007839 -0.342661
    36 1.209177 0.000000 0.000000 -0.000431 -0.004422 -0.119421
    37 3.863492 -0.148208 -1.328247 -0.321241 0.191666 -0.501425
    38 1.719428 -0.000001 -0.000001 -0.000827 -0.006531 -0.374966
    39 1.099665 0.000000 0.000000 -0.000228 -0.004194 -0.190089
    40 0.807598 -0.358882 -1.316680 1.141138 0.630497 -0.916104
    41 1.789785 0.000000 -0.000001 0.000000 -0.002209 0.158189
    42 1.207004 0.000000 0.000000 0.000000 -0.003380 0.322675
  time 37
    0 -0.002329 -13.531663 -29.431290 1.570796 0.000000 0.000000
    1 0.000000 3.345132 -2.981898 1.570796 0.086285 1.570796
    2 4.015371 0.000000 0.000000 0.000000 0.000000 -0.029235
    3 3.520296 0.000000 0.000000 0.000000 0.000000 0.100327
    4 8.941008 0.000000 0.000000 0.000000 0.000000 0.194095
    5 2.036092 0.997454 1.937661 1.596403 -1.283866 2.943208
    6 6.028141 0.000000 0.000000 -1.808784 -0.510932 -0.529854
    7 11.692555 0.000000 0.000000 0.000000 0.000000 -1.822042
    8 11.481671 0.000000 -0.000033 0.159455 0.184674 -0.356881
    9 3.858223 -0.139536 -1.192189 -0.424128 0.169765 -0.940990
    10 1.312564 -0.000002 0.000000 -0.000024 0.000178 -0.285885
    11 0.729363 0.000000 0.000000 -0.000012 0.000098 -0.071057
    12 3.941966 0.046948 -0.435170 -0.145026 0.085671 -0.723591
    13 1.539098 -0.000001 0.000000 0.000000 0.000094 -0.283716
    14 1.196321 0.000001 0.000000 -0.000024 0.000140 -0.246744
    15 3.881372 -0.043128 0.427603 0.088595 0.008123 -0.434941
    16 1.719579 -0.000001 0.000000 0.000527 0.005478 -0.269498
    17 1.209176 0.000000 0.000000 0.000000 0.003079 -0.218604
    18 3.863473 -0.136491 1.332153 0.350903 -0.079562 -0.471247
    19 1.719429 0.000001 0.000001 0.000635 0.003067 -0.186337
    20 1.099664 0.000001 0.000000 0.000000 0.002588 -0.286055
    21 0.807580 -0.347157 1.320587 -1.260085 -0.651315 -0.702591
    22 1.789782 0.000000 0.000000 0.000000 0.000196 -0.039007
    23 1.207003 0.000000 0.000000 0.000000 0.000300 -0.090089
    24 2.036095 0.997454 -1.937661 -1.665823 1.278401 2.945724
    25 6.028141 0.000003 0.000000 1.686850 0.838556 -0.761968
    26 11.692552 0.000000 -0.000001 0.000000 0.000000 -1.796635
    27 11.481652 -0.000001 0.000017 -0.533874 -0.271133 -0.154328
    28 3.858241 -0.131719 1.196095 0.467921 -0.301936 -1.032600
    29 1.312565 0.000000 0.000000 0.000000 -0.006398 -0.652100
    30 0.729363 0.000000 0.000000 0.000000 -0.003298 -0.387228
    31 3.941985 0.050854 0.431264 0.147315 -0.084413 -0.731527
    32 1.539096 -0.000001 0.000000 0.000000 -0.003150 -0.482278
    33 1.196321 0.000000 0.000000 0.000000 -0.005185 -0.395634
    34 3.881388 -0.047033 -0.427603 -0.041675 0.025254 -0.652438
    35 1.719579 0.000001 0.000000 -0.000803 -0.007875 -0.446293
    36 1.209177 0.000000 0.000000 -0.000288 -0.004434 -0.150446
    37 3.863492 -0.148208 -1.328247 -0.332363 0.171682 -0.502219
    38 1.719428 -0.000001 -0.000001 -0.000587 -0.006543 -0.483057
    39 1.099665 0.000000 0.000000 -0.000168 -0.004194 -0.204473
    40 0.807598 -0.358882 -1.316680 1.101925 0.605737 -0.978523
    41 1.789785 0.000000 -0.000001 0.000000 -0.003312 0.185921
    42 1.207004 0.000000 0.000000 0.000000 -0.005058 0.350230
  time 38
    0 -0.002329 -13.531663 -29.431290 1.570796 0.000000 0.000000
    1 0.000000 3.345132 -2.981898 1.570796 0.086285 1.570796
    2 4.015371 0.000000 0.000000 0.000000 0.000000 -0.029235
    3 3.520296 0.000000 0.000000 0.000000 0.000000 0.100327
    4 8.941008 0.000000 0.000000 0.000000 0.000000 0.194095
    5 2.036092 0.997454 1.937661 1.596319 -1.282919 2.943291
    6 6.028141 0.000000 0.000000 -1.808122 -0.507968 -0.536326
    7 11.692555 0.000000 0.000000 0.000000 0.000000 -1.822711
    8 11.481671 0.000000 -0.000033 0.164075 0.190891 -0.350805
    9 3.858223 -0.139536 -1.192189 -0.424307 0.167690 -0.945697
    10 1.312564 -0.000002 0.000000 -0.000048 0.000262 -0.294951
    11 0.729363 0.000000 0.000000 -0.000012 0.000146 -0.079982
    12 3.941966 0.046948 -0.435170 -0.145493 0.084796 -0.727694
    13 1.539098 -0.000001 0.000000 -0.000012 0.000130 -0.287511
    14 1.196321 0.000001 0.000000 -0.000036 0.000200 -0.257398
    15 3.881372 -0.043128 0.427603 0.088535 0.008494 -0.440614
    16 1.719579 -0.000001 0.000000 0.000515 0.005478 -0.273491
    17 1.209176 0.000000 0.000000 0.000000 0.003079 -0.219668
    18 3.863473 -0.136491 1.332153 0.350963 -0.078184 -0.474757
    19 1.719429 0.000001 0.000001 0.000779 0.002588 -0.189520
    20 1.099664 0.000001 0.000000 0.000000 0.002588 -0.287346
    21 0.807580 -0.347157 1.320587 -1.253662 -0.651770 -0.711534
    22 1.789782 0.000000 0.000000 0.000000 0.000340 -0.033680
    23 1.207003 0.000000 0.000000 0.000000 0.000528 -0.080890
    24 2.036095 0.997454 -1.937661 -1.665464 1.277287 2.946084
    25 6.028141 0.000003 0.000000 1.687521 0.834413 -0.759199
    26 11.692552 0.000000 -0.000001 0.000000 0.000000 -1.790586
    27 11.481652 -0.000001 0.000017 -0.602610 -0.260787 -0.119832
    28 3.858241 -0.131719 1.196095 0.434327 -0.261789 -1.199987
    29 1.312565 0.000000 0.000000 0.000000 -0.009034 -0.734019
    30 0.729363 0.000000 0.000000 0.000000 -0.004652 -0.442375
    31 3.941985 0.050854 0.431264 0.156124 -0.069204 -0.832499
    32 1.539096 -0.000001 0.000000 0.000000 -0.004420 -0.685122
    33 1.196321 0.000000 0.000000 0.000000 -0.007307 -0.418319
    34 3.881388 -0.047033 -0.427603 -0.024106 0.020065 -0.726233
    35 1.719579 0.000001 0.000000 -0.000407 -0.007923 -0.570330
    36 1.209177 0.000000 0.000000 -0.000120 -0.004458 -0.187249
    37 3.863492 -0.148208 -1.328247 -0.345678 0.148217 -0.502333
    38 1.719428 -0.000001 -0.000001 -0.000300 -0.006579 -0.612424
    39 1.099665 0.000000 0.000000 -0.000084 -0.004206 -0.221820
    40 0.807598 -0.358882 -1.316680 1.055484 0.571533 -1.055160
    41 1.789785 0.000000 -0.000001 0.000000 -0.004702 0.211101
    42 1.207004 0.000000 0.000000 0.000000 -0.007191 0.368577
  time 39
    0 -0.002329 -13.531663 -29.431290 1.570796 0.000000 0.000000
    1 0.000000 3.345132 -2.981898 1.570796 0.086285 1.570796
    2 4.015371 0.000000 0.000000 0.000000 0.000000 -0.029235
    3 3.520296 0.000000 0.000000 0.000000 0.000000 0.100327
    4 8.941008 0.000000 0.000000 0.000000 0.000000 0.194095
    5 2.036092 0.997454 1.937661 1.596235 -1.281949 2.943387
    6 6.028141 0.000000 0.000000 -1.807676 -0.505669 -0.544391
    7 11.692555 0.000000 0.000000 0.000000 0.000000 -1.822833
    8 11.481671 0.000000 -0.000033 0.171227 0.197752 -0.343676
    9 3.858223 -0.139536 -1.192189 -0.424679 0.162800 -0.956788
    10 1.312564 -0.000002 0.000000 -0.000084 0.000465 -0.316276
    11 0.729363 0.000000 0.000000 -0.000036 0.000242 -0.100828
    12 3.941966 0.046948 -0.435170 -0.146572 0.082759 -0.737411
    13 1.539098 -0.000001 0.000000 -0.000024 0.000214 -0.296400
    14 1.196321 0.000001 0.000000 -0.000072 0.000355 -0.282350
    15 3.881372 -0.043128 0.427603 0.088391 0.009357 -0.454001
    16 1.719579 -0.000001 0.000000 0.000467 0.005490 -0.282870
    17 1.209176 0.000000 0.000000 -0.000012 0.003079 -0.222149
    18 3.863473 -0.136491 1.332153 0.351119 -0.074924 -0.482988
    19 1.719429 0.000001 0.000001 0.001115 0.001486 -0.197007
    20 1.099664 0.000001 0.000000 -0.000012 0.002588 -0.290341
    21 0.807580 -0.347157 1.320587 -1.244002 -0.652370 -0.724917
    22 1.789782 0.000000 0.000000 0.000000 0.000568 -0.025737
    23 1.207003 0.000000 0.000000 0.000000 0.000864 -0.067126
    24 2.036095 0.997454 -1.937661 -1.665224 1.276519 2.946336
    25 6.028141 0.000003 0.000000 1.688372 0.830784 -0.756191
    26 11.692552 0.000000 -0.000001 0.000000 0.000000 -1.782748
    27 11.481652 -0.000001 0.000017 -0.733914 -0.239802 -0.052899
    28 3.858241 -0.131719 1.196095 0.396340 -0.239834 -1.324723
    29 1.312565 0.000000 0.000000 0.000000 -0.011180 -0.796596
    30 0.729363 0.000000 0.000000 0.000000 -0.005755 -0.484532
    31 3.941985 0.050854 0.431264 0.160750 -0.059245 -0.906570
    32 1.539096 -0.000001 0.000000 0.000000 -0.005475 -0.852180
    33 1.196321 0.000000 0.000000 0.000000 -0.009044 -0.433613
    34 3.881388 -0.047033 -0.427603 -0.009389 0.014732 -0.778939
    35 1.719579 0.000001 0.000000 -0.000096 -0.007959 -0.671255
    36 1.209177 0.000000 0.000000 0.000000 -0.004458 -0.214366
    37 3.863492 -0.148208 -1.328247 -0.355158 0.132704 -0.495070
    38 1.719428 -0.000001 -0.000001 -0.000072 -0.006603 -0.717920
    39 1.099665 0.000000 0.000000 -0.000024 -0.004206 -0.236812
    40 0.807598 -0.358882 -1.316680 1.018200 0.539414 -1.119618
    41 1.789785 0.000000 -0.000001 0.000000 -0.005877 0.227412
    42 1.207004 0.000000 0.000000 0.000000 -0.008977 0.374050
  time 40
    0 -0.002329 -13.531663 -29.431290 1.570796 0.000000 0.000000
    1 0.000000 3.345132 -2.981898 1.570796 0.086285 1.570796
    2 4.015371 0.000000 0.000000 0.000000 0.000000 -0.029235
    3 3.520296 0.000000 0.000000 0.000000 0.000000 0.100327
    4 8.941008 0.000000 0.000000 0.000000 0.000000 0.194095
    5 2.036092 0.997454 1.937661 1.596152 -1.280954 2.943471
    6 6.028141 0.000000 0.000000 -1.807376 -0.503914 -0.553535
    7 11.692555 0.000000 0.000000 0.000000 0.000000 -1.822468
    8 11.481671 0.000000 -0.000033 0.180734 0.205118 -0.335683
    9 3.858223 -0.139536 -1.192189 -0.425086 0.155167 -0.974119
    10 1.312564 -0.000002 0.000000 -0.000144 0.000777 -0.349896
    11 0.729363 0.000000 0.000000 -0.000060 0.000410 -0.133921
    12 3.941966 0.046948 -0.435170 -0.148250 0.079547 -0.752528
    13 1.539098 -0.000001 0.000000 -0.000036 0.000369 -0.310533
    14 1.196321 0.000001 0.000000 -0.000132 0.000595 -0.321774
    15 3.881372 -0.043128 0.427603 0.088128 0.010712 -0.474989
    16 1.719579 -0.000001 0.000000 0.000384 0.005490 -0.297453
    17 1.209176 0.000000 0.000000 -0.000024 0.003079 -0.226128
    18 3.863473 -0.136491 1.332153 0.351287 -0.069866 -0.495858
    19 1.719429 0.000001 0.000001 0.001654 -0.000288 -0.208687
    20 1.099664 0.000001 0.000000 -0.000024 0.002588 -0.295117
    21 0.807580 -0.347157 1.320587 -1.230244 -0.652993 -0.743887
    22 1.789782 0.000000 0.000000 0.000000 0.000867 -0.014531
    23 1.207003 0.000000 0.000000 0.000000 0.001331 -0.047665
    24 2.036095 0.997454 -1.937661 -1.664816 1.275201 2.946767
    25 6.028141 0.000003 0.000000 1.688528 0.829346 -0.751385
    26 11.692552 0.000000 -0.000001 0.000000 0.000000 -1.766207
    27 11.481652 -0.000001 0.000017 -0.901804 -0.199006 0.011434
    28 3.858241 -0.131719 1.196095 0.381678 -0.257804 -1.344116
    29 1.312565 0.000000 0.000000 0.000000 -0.011935 -0.807462
    30 0.729363 0.000000 0.000000 0.000000 -0.006139 -0.491935
    31 3.941985 0.050854 0.431264 0.158700 -0.063140 -0.911402
    32 1.539096 -0.000001 0.000000 0.000000 -0.005846 -0.914202
    33 1.196321 0.000000 0.000000 0.000000 -0.009656 -0.430780
    34 3.881388 -0.047033 -0.427603 -0.004116 0.009710 -0.778064
    35 1.719579 0.000001 0.000000 0.000000 -0.007970 -0.705498
    36 1.209177 0.000000 0.000000 0.000000 -0.004458 -0.216362
    37 3.863492 -0.148208 -1.328247 -0.354463 0.136633 -0.473698
    38 1.719428 -0.000001 -0.000001 0.000000 -0.006603 -0.754398
    39 1.099665 0.000000 0.000000 0.000000 -0.004206 -0.244307
    40 0.807598 -0.358882 -1.316680 1.001961 0.523630 -1.149290
    41 1.789785 0.000000 -0.000001 0.000000 -0.006296 0.228562
    42 1.207004 0.000000 0.000000 0.000000 -0.009612 0.362916
  time 41
    0 -0.002329 -13.531663 -29.431290 1.570796 0.000000 0.000000
    1 0.000000 3.345132 -2.981898 1.570796 0.086285 1.570796
    2 4.015371 0.000000 0.000000 0.000000 0.000000 -0.029235
    3 3.520296 0.000000 0.000000 0.000000 0.000000 0.100327
    4 8.941008 0.000000 0.000000 0.000000 0.000000 0.194095
    5 2.036092 0.997454 1.937661 1.596068 -1.279947 2.943555
    6 6.028141 0.000000 0.000000 -1.807195 -0.502614 -0.563315
    7 11.692555 0.000000 0.000000 0.000000 0.000000 -1.821433
    8 11.481671 0.000000 -0.000033 0.192329 0.212913 -0.326934
    9 3.858223 -0.139536 -1.192189 -0.425326 0.143598 -1.000651
    10 1.312564 -0.000002 0.000000 -0.000240 0.001280 -0.401844
    11 0.729363 0.000000 0.000000 -0.000108 0.000662 -0.185446
    12 3.941966 0.046948 -0.435170 -0.150719 0.074621 -0.775508
    13 1.539098 -0.000001 0.000000 -0.000060 0.000597 -0.332456
    14 1.196321 0.000001 0.000000 -0.000216 0.000967 -0.382824
    15 3.881372 -0.043128 0.427603 0.087648 0.012773 -0.507212
    16 1.719579 -0.000001 0.000000 0.000276 0.005490 -0.319710
    17 1.209176 0.000000 0.000000 -0.000036 0.003079 -0.232380
    18 3.863473 -0.136491 1.332153 0.351394 -0.062256 -0.515627
    19 1.719429 0.000001 0.000001 0.002517 -0.003105 -0.226470
    20 1.099664 0.000001 0.000000 -0.000048 0.002588 -0.302629
    21 0.807580 -0.347157 1.320587 -1.210972 -0.653412 -0.770224
    22 1.789782 0.000000 0.000000 0.000000 0.001299 0.000878
    23 1.207003 0.000000 0.000000 0.000000 0.001978 -0.020834
    24 2.036095 0.997454 -1.937661 -1.663966 1.272433 2.947654
    25 6.028141 0.000003 0.000000 1.685244 0.831674 -0.743092
    26 11.692552 0.000000 -0.000001 0.000000 0.000000 -1.732877
    27 11.481652 -0.000001 0.000017 -1.037670 -0.147531 0.029530
    28 3.858241 -0.131719 1.196095 0.390054 -0.309906 -1.274206
    29 1.312565 0.000000 0.000000 0.000000 -0.011503 -0.773558
    30 0.729363 0.000000 0.000000 0.000000 -0.005911 -0.469046
    31 3.941985 0.050854 0.431264 0.151162 -0.079056 -0.856634
    32 1.539096 -0.000001 0.000000 0.000000 -0.005631 -0.885819
    33 1.196321 0.000000 0.000000 0.000000 -0.009308 -0.411939
    34 3.881388 -0.047033 -0.427603 -0.006884 0.004952 -0.731060
    35 1.719579 0.000001 0.000000 -0.000072 -0.007959 -0.682084
    36 1.209177 0.000000 0.000000 -0.000072 -0.004434 -0.196442
    37 3.863492 -0.148208 -1.328247 -0.344731 0.157484 -0.439655
    38 1.719428 -0.000001 -0.000001 -0.000048 -0.006603 -0.731593
    39 1.099665 0.000000 0.000000 0.000000 -0.004206 -0.245118
    40 0.807598 -0.358882 -1.316680 1.002057 0.523103 -1.150378
    41 1.789785 0.000000 -0.000001 0.000000 -0.006068 0.218591
    42 1.207004 0.000000 0.000000 0.000000 -0.009265 0.338626
  time 42
    0 -0.002329 -13.531663 -29.431290 1.570796 0.000000 0.000000
    1 0.000000 3.345132 -2.981898 1.570796 0.086285 1.570796
    2 4.015371 0.000000 0.000000 0.000000 0.000000 -0.029235
    3 3.520296 0.000000 0.000000 0.000000 0.000000 0.100327
    4 8.941008 0.000000 0.000000 0.000000 0.000000 0.194095
    5 2.036092 0.997454 1.937661 1.595984 -1.278940 2.943651
    6 6.028141 0.000000 0.000000 -1.807039 -0.501737 -0.573250
    7 11.692555 0.000000 0.000000 0.000000 0.000000 -1.819608
    8 11.481671 0.000000 -0.000033 0.206056 0.221029 -0.317510
    9 3.858223 -0.139536 -1.192189 -0.424763 0.126210 -1.041519
    10 1.312564 -0.000002 0.000000 -0.000396 0.002107 -0.483911
    11 0.729363 0.000000 0.000000 -0.000180 0.001093 -0.267949
    12 3.941966 0.046948 -0.435170 -0.154362 0.067059 -0.810613
    13 1.539098 -0.000001 0.000000 -0.000108 0.000981 -0.367513
    14 1.196321 0.000001 0.000000 -0.000360 0.001590 -0.479814
    15 3.881372 -0.043128 0.427603 0.086725 0.015973 -0.557460
    16 1.719579 -0.000001 0.000000 0.000096 0.005502 -0.353993
    17 1.209176 0.000000 0.000000 -0.000060 0.003079 -0.242498
    18 3.863473 -0.136491 1.332153 0.351227 -0.050811 -0.546370
    19 1.719429 0.000001 0.000001 0.003931 -0.007731 -0.253799
    20 1.099664 0.000001 0.000000 -0.000072 0.002588 -0.314712
    21 0.807580 -0.347157 1.320587 -1.184127 -0.653029 -0.806508
    22 1.789782 0.000000 0.000000 -0.000012 0.001874 0.021760
    23 1.207003 0.000000 0.000000 0.000000 0.002853 0.015753
    24 2.036095 0.997454 -1.937661 -1.664697 1.274794 2.946899
    25 6.028141 0.000003 0.000000 1.677142 0.837426 -0.737711
    26 11.692552 0.000000 -0.000001 0.000000 0.000000 -1.688932
    27 11.481652 -0.000001 0.000017 -1.162890 -0.087660 0.018944
    28 3.858241 -0.131719 1.196095 0.399657 -0.372157 -1.182373
    29 1.312565 0.000000 0.000000 0.000000 -0.010808 -0.728609
    30 0.729363 0.000000 0.000000 0.000000 -0.005563 -0.438528
    31 3.941985 0.050854 0.431264 0.141562 -0.097883 -0.787100
    32 1.539096 -0.000001 0.000000 0.000000 -0.005295 -0.837243
    33 1.196321 0.000000 0.000000 0.000000 -0.008745 -0.388740
    34 3.881388 -0.047033 -0.427603 -0.011115 0.000230 -0.672470
    35 1.719579 0.000001 0.000000 -0.000192 -0.007947 -0.645284
    36 1.209177 0.000000 0.000000 -0.000180 -0.004422 -0.170787
    37 3.863492 -0.148208 -1.328247 -0.332327 0.182846 -0.401110
    38 1.719428 -0.000001 -0.000001 -0.000120 -0.006591 -0.695393
    39 1.099665 0.000000 0.000000 0.000000 -0.004206 -0.244383
    40 0.807598 -0.358882 -1.316680 1.005377 0.525440 -1.145914
    41 1.789785 0.000000 -0.000001 0.000024 -0.005709 0.206007
    42 1.207004 0.000000 0.000000 0.000000 -0.008702 0.309191
  time 43
    0 -0.002329 -13.531663 -29.431290 1.570796 0.000000 0.000000
    1 0.000000 3.345132 -2.981898 1.570796 0.086285 1.570796
    2 4.015371 0.000000 0.000000 0.000000 0.000000 -0.029235
    3 3.520296 0.000000 0.000000 0.000000 0.000000 0.100327
    4 8.941008 0.000000 0.000000 0.000000 0.000000 0.194095
    5 2.036092 0.997454 1.937661 1.595900 -1.277970 2.943735
    6 6.028141 0.000000 0.000000 -1.806810 -0.501253 -0.582610
    7 11.692555 0.000000 0.000000 0.000000 0.000000 -1.816747
    8 11.481671 0.000000 -0.000033 0.222094 0.229375 -0.307437
    9 3.858223 -0.139536 -1.192189 -0.421970 0.109155 -1.089948
    10 1.312564 -0.000002 0.000000 -0.000635 0.003354 -0.589986
    11 0.729363 0.000000 0.000000 -0.000288 0.001728 -0.379209
    12 3.941966 0.046948 -0.435170 -0.158209 0.058802 -0.850140
    13 1.539098 -0.000001 0.000000 -0.000180 0.001568 -0.414855
    14 1.196321 0.000001 0.000000 -0.000575 0.002537 -0.607205
    15 3.881372 -0.043128 0.427603 0.085263 0.020167 -0.619782
    16 1.719579 -0.000001 0.000000 -0.000096 0.005514 -0.394423
    17 1.209176 0.000000 0.000000 -0.000096 0.003067 -0.256821
    18 3.863473 -0.136491 1.332153 0.350196 -0.039162 -0.584254
    19 1.719429 0.000001 0.000001 0.006100 -0.014730 -0.285621
    20 1.099664 0.000001 0.000000 -0.000132 0.002576 -0.331467
    21 0.807580 -0.347157 1.320587 -1.148221 -0.650129 -0.854168
    22 1.789782 0.000000 0.000000 -0.000012 0.002593 0.048208
    23 1.207003 0.000000 0.000000 0.000000 0.003956 0.062045
    24 2.036095 0.997454 -1.937661 -1.668472 1.286515 2.942956
    25 6.028141 0.000003 0.000000 1.667015 0.841911 -0.740228
    26 11.692552 0.000000 -0.000001 0.000000 0.000000 -1.655109
    27 11.481652 -0.000001 0.000017 -1.304333 -0.018190 -0.001143
    28 3.858241 -0.131719 1.196095 0.405867 -0.440348 -1.076003
    29 1.312565 0.000000 0.000000 0.000000 -0.009957 -0.677257
    30 0.729363 0.000000 0.000000 0.000000 -0.005120 -0.403571
    31 3.941985 0.050854 0.431264 0.130165 -0.118149 -0.708707
    32 1.539096 -0.000001 0.000000 0.000000 -0.004876 -0.776491
    33 1.196321 0.000000 0.000000 0.000000 -0.008062 -0.363024
    34 3.881388 -0.047033 -0.427603 -0.016028 -0.004360 -0.607123
    35 1.719579 0.000001 0.000000 -0.000336 -0.007923 -0.600512
    36 1.209177 0.000000 0.000000 -0.000300 -0.004398 -0.141801
    37 3.863492 -0.148208 -1.328247 -0.318077 0.210729 -0.359954
    38 1.719428 -0.000001 -0.000001 -0.000216 -0.006591 -0.651266
    39 1.099665 0.000000 0.000000 0.000000 -0.004206 -0.242712
    40 0.807598 -0.358882 -1.316680 1.010722 0.529527 -1.137999
    41 1.789785 0.000000 -0.000001 0.000048 -0.005254 0.191230
    42 1.207004 0.000000 0.000000 0.000000 -0.008018 0.276680
  time 44
    0 -0.002329 -13.531663 -29.431290 1.570796 0.000000 0.000000
    1 0.000000 3.345132 -2.981898 1.570796 0.086285 1.570796
    2 4.015371 0.000000 0.000000 0.000000 0.000000 -0.029235
    3 3.520296 0.000000 0.000000 0.000000 0.000000 0.100327
    4 8.941008 0.000000 0.000000 0.000000 0.000000 0.194095
    5 2.036092 0.997454 1.937661 1.595816 -1.277071 2.943807
    6 6.028141 0.000000 0.000000 -1.806256 -0.501253 -0.589921
    7 11.692555 0.000000 0.000000 0.000000 0.000000 -1.812061
    8 11.481671 0.000000 -0.000033 0.241152 0.237798 -0.296690
    9 3.858223 -0.139536 -1.192189 -0.415870 0.110371 -1.114376
    10 1.312564 -0.000002 0.000000 -0.000935 0.004924 -0.664465
    11 0.729363 0.000000 0.000000 -0.000431 0.002543 -0.471262
    12 3.941966 0.046948 -0.435170 -0.159623 0.056525 -0.861286
    13 1.539098 -0.000001 0.000000 -0.000264 0.002299 -0.457652
    14 1.196321 0.000001 0.000000 -0.000851 0.003723 -0.698051
    15 3.881372 -0.043128 0.427603 0.084233 0.023008 -0.656588
    16 1.719579 -0.000001 0.000000 -0.000180 0.005514 -0.409725
    17 1.209176 0.000000 0.000000 -0.000144 0.003067 -0.273093
    18 3.863473 -0.136491 1.332153 0.348051 -0.040528 -0.606524
    19 1.719429 0.000001 0.000001 0.008964 -0.023586 -0.296515
    20 1.099664 0.000001 0.000000 -0.000192 0.002576 -0.349770
    21 0.807580 -0.347157 1.320587 -1.087435 -0.640589 -0.933326
    22 1.789782 0.000000 0.000000 -0.000024 0.003767 0.091042
    23 1.207003 0.000000 0.000000 0.000000 0.005753 0.136440
    24 2.036095 0.997454 -1.937661 -1.675531 1.306109 2.935621
    25 6.028141 0.000003 0.000000 1.654000 0.844136 -0.748749
    26 11.692552 0.000000 -0.000001 0.000000 0.000000 -1.631162
    27 11.481652 -0.000001 0.000017 -1.455450 0.055619 -0.026976
    28 3.858241 -0.131719 1.196095 0.405518 -0.511756 -0.957971
    29 1.312565 0.000000 0.000000 0.000000 -0.009010 -0.621848
    30 0.729363 0.000000 0.000000 0.000000 -0.004640 -0.365865
    31 3.941985 0.050854 0.431264 0.117114 -0.138967 -0.624568
    32 1.539096 -0.000001 0.000000 0.000000 -0.004408 -0.707986
    33 1.196321 0.000000 0.000000 0.000000 -0.007283 -0.335802
    34 3.881388 -0.047033 -0.427603 -0.021194 -0.008794 -0.537491
    35 1.719579 0.000001 0.000000 -0.000491 -0.007911 -0.550727
    36 1.209177 0.000000 0.000000 -0.000419 -0.004386 -0.110804
    37 3.863492 -0.148208 -1.328247 -0.302354 0.240061 -0.317135
    38 1.719428 -0.000001 -0.000001 -0.000312 -0.006579 -0.601995
    39 1.099665 0.000000 0.000000 0.000000 -0.004218 -0.240484
    40 0.807598 -0.358882 -1.316680 1.017469 0.534728 -1.127721
    41 1.789785 0.000000 -0.000001 0.000072 -0.004762 0.174667
    42 1.207004 0.000000 0.000000 0.000000 -0.007251 0.242383
  time 45
    0 -0.002329 -13.531663 -29.431290 1.570796 0.000000 0.000000
    1 0.000000 3.345132 -2.981898 1.570796 0.086285 1.570796
    2 4.015371 0.000000 0.000000 0.000000 0.000000 -0.029235
    3 3.520296 0.000000 0.000000 0.000000 0.000000 0.100327
    4 8.941008 0.000000 0.000000 0.000000 0.000000 0.194095
    5 2.036092 0.997454 1.937661 1.595768 -1.276472 2.943867
    6 6.028141 0.000000 0.000000 -1.804174 -0.501827 -0.588279
    7 11.692555 0.000000 0.000000 0.000000 0.000000 -1.801959
    8 11.481671 0.000000 -0.000033 0.266829 0.245547 -0.285051
    9 3.858223 -0.139536 -1.192189 -0.407073 0.117217 -1.138269
    10 1.312564 -0.000002 0.000000 -0.001330 0.007033 -0.749411
    11 0.729363 0.000000 0.000000 -0.000611 0.003634 -0.582865
    12 3.941966 0.046948 -0.435170 -0.160738 0.055362 -0.866766
    13 1.539098 -0.000001 0.000000 -0.000384 0.003282 -0.510837
    14 1.196321 0.000001 0.000000 -0.001210 0.005317 -0.802312
    15 3.881372 -0.043128 0.427603 0.082998 0.026088 -0.695490
    16 1.719579 -0.000001 0.000000 -0.000240 0.005502 -0.421033
    17 1.209176 0.000000 0.000000 -0.000216 0.003067 -0.294570
    18 3.863473 -0.136491 1.332153 0.344947 -0.046305 -0.630005
    19 1.719429 0.000001 0.000001 0.012824 -0.035451 -0.303703
    20 1.099664 0.000001 0.000000 -0.000276 0.002564 -0.373780
    21 0.807580 -0.347157 1.320587 -1.002932 -0.621018 -1.041936
    22 1.789782 0.000000 0.000000 -0.000036 0.005421 0.150795
    23 1.207003 0.000000 0.000000 0.000000 0.008270 0.240174
    24 2.036095 0.997454 -1.937661 -1.687048 1.332739 2.923733
    25 6.028141 0.000003 0.000000 1.637485 0.845917 -0.761572
    26 11.692552 0.000000 -0.000001 0.000000 0.000000 -1.610671
    27 11.481652 -0.000001 0.000017 -1.611468 0.130228 -0.056495
    28 3.858241 -0.131719 1.196095 0.396067 -0.583908 -0.829199
    29 1.312565 0.000000 0.000000 0.000000 -0.007992 -0.563960
    30 0.729363 0.000000 0.000000 0.000000 -0.004113 -0.326520
    31 3.941985 0.050854 0.431264 0.102529 -0.159736 -0.536698
    32 1.539096 -0.000001 0.000000 0.000000 -0.003917 -0.634444
    33 1.196321 0.000000 0.000000 0.000000 -0.006468 -0.307729
    34 3.881388 -0.047033 -0.427603 -0.026347 -0.013073 -0.465265
    35 1.719579 0.000001 0.000000 -0.000647 -0.007887 -0.497783
    36 1.209177 0.000000 0.000000 -0.000551 -0.004362 -0.078626
    37 3.863492 -0.148208 -1.328247 -0.285455 0.270138 -0.273332
    38 1.719428 -0.000001 -0.000001 -0.000419 -0.006579 -0.549340
    39 1.099665 0.000000 0.000000 0.000000 -0.004218 -0.237901
    40 0.807598 -0.358882 -1.316680 1.025211 0.540708 -1.115792
    41 1.789785 0.000000 -0.000001 0.000096 -0.004223 0.156714
    42 1.207004 0.000000 0.000000 0.000000 -0.006436 0.207264
  time 46
    0 -0.002329 -13.531663 -29.431290 1.570796 0.000000 0.000000
    1 0.000000 3.345132 -2.981898 1.570796 0.086285 1.570796
    2 4.015371 0.000000 0.000000 0.000000 0.000000 -0.029235
    3 3.520296 0.000000 0.000000 0.000000 0.000000 0.100327
    4 8.941008 0.000000 0.000000 0.000000 0.000000 0.194095
    5 2.036092 0.997454 1.937661 1.595684 -1.275381 2.943951
    6 6.028141 0.000000 0.000000 -1.792847 -0.501192 -0.565388
    7 11.692555 0.000000 0.000000 0.000000 0.000000 -1.763922
    8 11.481671 0.000000 -0.000033 0.320183 0.260646 -0.261693
    9 3.858223 -0.139536 -1.192189 -0.400734 0.135321 -1.146328
    10 1.312564 -0.000002 0.000000 -0.001678 0.008831 -0.811671
    11 0.729363 0.000000 0.000000 -0.000779 0.004557 -0.669808
    12 3.941966 0.046948 -0.435170 -0.160163 0.058634 -0.859989
    13 1.539098 -0.000001 0.000000 -0.000479 0.004109 -0.551887
    14 1.196321 0.000001 0.000000 -0.001534 0.006659 -0.883356
    15 3.881372 -0.043128 0.427603 0.082183 0.029264 -0.719832
    16 1.719579 -0.000001 0.000000 -0.000276 0.005502 -0.425206
    17 1.209176 0.000000 0.000000 -0.000264 0.003067 -0.310955
    18 3.863473 -0.136491 1.332153 0.342370 -0.056156 -0.643803
    19 1.719429 0.000001 0.000001 0.016131 -0.045614 -0.304302
    20 1.099664 0.000001 0.000000 -0.000348 0.002564 -0.391206
    21 0.807580 -0.347157 1.320587 -0.928484 -0.594856 -1.136481
    22 1.789782 0.000000 0.000000 -0.000036 0.006847 0.202696
    23 1.207003 0.000000 0.000000 0.000000 0.010451 0.330057
    24 2.036095 0.997454 -1.937661 -1.704282 1.363815 2.906067
    25 6.028141 0.000003 0.000000 1.620647 0.848793 -0.775522
    26 11.692552 0.000000 -0.000001 0.000000 0.000000 -1.592093
    27 11.481652 -0.000001 0.000017 -1.768374 0.202848 -0.088300
    28 3.858241 -0.131719 1.196095 0.375256 -0.654475 -0.689584
    29 1.312565 0.000000 0.000000 0.000000 -0.006937 -0.504764
    30 0.729363 0.000000 0.000000 0.000000 -0.003562 -0.286330
    31 3.941985 0.050854 0.431264 0.086613 -0.179990 -0.446572
    32 1.539096 -0.000001 0.000000 0.000000 -0.003401 -0.557791
    33 1.196321 0.000000 0.000000 0.000000 -0.005617 -0.279299
    34 3.881388 -0.047033 -0.427603 -0.031297 -0.017207 -0.391651
    35 1.719579 0.000001 0.000000 -0.000827 -0.007875 -0.442984
    36 1.209177 0.000000 0.000000 -0.000683 -0.004350 -0.045886
    37 3.863492 -0.148208 -1.328247 -0.267598 0.300405 -0.229037
    38 1.719428 -0.000001 -0.000001 -0.000539 -0.006567 -0.494738
    39 1.099665 0.000000 0.000000 0.000000 -0.004218 -0.235140
    40 0.807598 -0.358882 -1.316680 1.033684 0.547216 -1.102688
    41 1.789785 0.000000 -0.000001 0.000120 -0.003660 0.137815
    42 1.207004 0.000000 0.000000 0.000000 -0.005574 0.172050
  time 47
    0 -0.002329 -13.531663 -29.431290 1.570796 0.000000 0.000000
    1 0.000000 3.345132 -2.981898 1.570796 0.086285 1.570796
    2 4.015371 0.000000 0.000000 0.000000 0.000000 -0.029235
    3 3.520296 0.000000 0.000000 0.000000 0.000000 0.100327
    4 8.941008 0.000000 0.000000 0.000000 0.000000 0.194095
    5 2.036092 0.997454 1.937661 1.595480 -1.272936 2.944166
    6 6.028141 0.000000 0.000000 -1.771204 -0.515590 -0.532730
    7 11.692555 0.000000 0.000000 0.000000 0.000000 -1.678781
    8 11.481671 0.000000 -0.000033 0.432222 0.293188 -0.212276
    9 3.858223 -0.139536 -1.192189 -0.401908 0.170290 -1.123327
    10 1.312564 -0.000002 0.000000 -0.001798 0.009502 -0.817975
    11 0.729363 0.000000 0.000000 -0.000839 0.004904 -0.687852
    12 3.941966 0.046948 -0.435170 -0.156435 0.069600 -0.834441
    13 1.539098 -0.000001 0.000000 -0.000515 0.004420 -0.558229
    14 1.196321 0.000001 0.000000 -0.001642 0.007163 -0.904535
    15 3.881372 -0.043128 0.427603 0.082507 0.032392 -0.712985
    16 1.719579 -0.000001 0.000000 -0.000288 0.005502 -0.418924
    17 1.209176 0.000000 0.000000 -0.000288 0.003067 -0.311970
    18 3.863473 -0.136491 1.332153 0.341891 -0.069759 -0.636945
    19 1.719429 0.000001 0.000001 0.017354 -0.049341 -0.295317
    20 1.099664 0.000001 0.000000 -0.000372 0.002564 -0.389760
    21 0.807580 -0.347157 1.320587 -0.895023 -0.573931 -1.178700
    22 1.789782 0.000000 0.000000 -0.000048 0.007387 0.221920
    23 1.207003 0.000000 0.000000 0.000000 0.011266 0.362864
    24 2.036095 0.997454 -1.937661 -1.729282 1.396617 2.880612
    25 6.028141 0.000003 0.000000 1.606829 0.853997 -0.787555
    26 11.692552 0.000000 -0.000001 0.000000 0.000000 -1.574009
    27 11.481652 -0.000001 0.000017 -1.921899 0.271143 -0.121303
    28 3.858241 -0.131719 1.196095 0.341207 -0.721082 -0.538615
    29 1.312565 0.000000 0.000000 0.000000 -0.005846 -0.445207
    30 0.729363 0.000000 0.000000 0.000000 -0.003011 -0.246001
    31 3.941985 0.050854 0.431264 0.069523 -0.199345 -0.355373
    32 1.539096 -0.000001 0.000000 0.000000 -0.002874 -0.479694
    33 1.196321 0.000000 0.000000 0.000000 -0.004742 -0.250928
    34 3.881388 -0.047033 -0.427603 -0.035935 -0.021234 -0.317675
    35 1.719579 0.000001 0.000000 -0.001007 -0.007851 -0.387432
    36 1.209177 0.000000 0.000000 -0.000815 -0.004326 -0.013118
    37 3.863492 -0.148208 -1.328247 -0.248998 0.330429 -0.184667
    38 1.719428 -0.000001 -0.000001 -0.000659 -0.006555 -0.439116
    39 1.099665 0.000000 0.000000 0.000000 -0.004218 -0.232329
    40 0.807598 -0.358882 -1.316680 1.042637 0.554035 -1.088808
    41 1.789785 0.000000 -0.000001 0.000132 -0.003096 0.118364
    42 1.207004 0.000000 0.000000 0.000000 -0.004699 0.137378
  time 48
    0 -0.002329 -13.531663 -29.431290 1.570796 0.000000 0.000000
    1 0.000000 3.345132 -2.981898 1.570796 0.086285 1.570796
    2 4.015371 0.000000 0.000000 0.000000 0.000000 -0.029235
    3 3.520296 0.000000 0.000000 0.000000 0.000000 0.100327
    4 8.941008 0.000000 0.000000 0.000000 0.000000 0.194095
    5 2.036092 0.997454 1.937661 1.595720 -1.275896 2.943915
    6 6.028141 0.000000 0.000000 -1.746817 -0.551312 -0.496860
    7 11.692555 0.000000 0.000000 0.000000 0.000000 -1.566071
    8 11.481671 0.000000 -0.000033 0.591839 0.301166 -0.170556
    9 3.858223 -0.139536 -1.192189 -0.408775 0.218926 -1.074934
    10 1.312564 -0.000002 0.000000 -0.001738 0.009202 -0.778012
    11 0.729363 0.000000 0.000000 -0.000815 0.004748 -0.648232
    12 3.941966 0.046948 -0.435170 -0.150072 0.086774 -0.793828
    13 1.539098 -0.000001 0.000000 -0.000491 0.004288 -0.535207
    14 1.196321 0.000001 0.000000 -0.001594 0.006935 -0.876287
    15 3.881372 -0.043128 0.427603 0.083657 0.035472 -0.680706
    16 1.719579 -0.000001 0.000000 -0.000276 0.005502 -0.404295
    17 1.209176 0.000000 0.000000 -0.000276 0.003067 -0.299548
    18 3.863473 -0.136491 1.332153 0.342945 -0.086237 -0.613060
    19 1.719429 0.000001 0.000001 0.016802 -0.047651 -0.278583
    20 1.099664 0.000001 0.000000 -0.000360 0.002564 -0.371973
    21 0.807580 -0.347157 1.320587 -0.894723 -0.560903 -1.178727
    22 1.789782 0.000000 0.000000 -0.000048 0.007159 0.213110
    23 1.207003 0.000000 0.000000 0.000000 0.010907 0.346609
    24 2.036095 0.997454 -1.937661 -1.764756 1.428400 2.844694
    25 6.028141 0.000003 0.000000 1.599722 0.862693 -0.796220
    26 11.692552 0.000000 -0.000001 0.000000 0.000000 -1.555986
    27 11.481652 -0.000001 0.000017 -2.067398 0.333057 -0.154215
    28 3.858241 -0.131719 1.196095 0.292678 -0.781203 -0.376188
    29 1.312565 0.000000 0.000000 0.000000 -0.004756 -0.386236
    30 0.729363 0.000000 0.000000 0.000000 -0.002447 -0.206176
    31 3.941985 0.050854 0.431264 0.051534 -0.217502 -0.264308
    32 1.539096 -0.000001 0.000000 0.000000 -0.002335 -0.401552
    33 1.196321 0.000000 0.000000 0.000000 -0.003855 -0.222994
    34 3.881388 -0.047033 -0.427603 -0.040177 -0.025165 -0.244242
    35 1.719579 0.000001 0.000000 -0.001186 -0.007827 -0.332232
    36 1.209177 0.000000 0.000000 -0.000947 -0.004302 0.019200
    37 3.863492 -0.148208 -1.328247 -0.229871 0.359788 -0.140675
    38 1.719428 -0.000001 -0.000001 -0.000779 -0.006543 -0.383541
    39 1.099665 0.000000 0.000000 0.000000 -0.004218 -0.229594
    40 0.807598 -0.358882 -1.316680 1.051853 0.561082 -1.074504
    41 1.789785 0.000000 -0.000001 0.000144 -0.002521 0.098781
    42 1.207004 0.000000 0.000000 0.000000 -0.003824 0.103785
  time 49
    0 -0.002329 -13.531663 -29.431290 1.570796 0.000000 0.000000
    1 0.000000 3.345132 -2.981898 1.570796 0.086285 1.570796
    2 4.015371 0.000000 0.000000 0.000000 0.000000 -0.029235
    3 3.520296 0.000000 0.000000 0.000000 0.000000 0.100327
    4 8.941008 0.000000 0.000000 0.000000 0.000000 0.194095
    5 2.036092 0.997454 1.937661 1.596631 -1.286515 2.942968
    6 6.028141 0.000000 0.000000 -1.721659 -0.582104 -0.466216
    7 11.692555 0.000000 0.000000 0.000000 0.000000 -1.483486
    8 11.481671 0.000000 -0.000033 0.716717 0.258900 -0.174417
    9 3.858223 -0.139536 -1.192189 -0.415882 0.272476 -1.019160
    10 1.312564 -0.000002 0.000000 -0.001654 0.008723 -0.727231
    11 0.729363 0.000000 0.000000 -0.000767 0.004509 -0.595888
    12 3.941966 0.046948 -0.435170 -0.142821 0.105817 -0.748054
    13 1.539098 -0.000001 0.000000 -0.000467 0.004061 -0.505444
    14 1.196321 0.000001 0.000000 -0.001510 0.006575 -0.837095
    15 3.881372 -0.043128 0.427603 0.084820 0.038552 -0.641916
    16 1.719579 -0.000001 0.000000 -0.000252 0.005514 -0.386660
    17 1.209176 0.000000 0.000000 -0.000264 0.003067 -0.283678
    18 3.863473 -0.136491 1.332153 0.343988 -0.104370 -0.584536
    19 1.719429 0.000001 0.000001 0.015928 -0.044967 -0.258891
    20 1.099664 0.000001 0.000000 -0.000336 0.002564 -0.349951
    21 0.807580 -0.347157 1.320587 -0.899433 -0.548691 -1.172163
    22 1.789782 0.000000 0.000000 -0.000060 0.006835 0.199121
    23 1.207003 0.000000 0.000000 0.000000 0.010331 0.321067
    24 2.036095 0.997454 -1.937661 -1.813066 1.456528 2.795989
    25 6.028141 0.000003 0.000000 1.599194 0.874437 -0.800906
    26 11.692552 0.000000 -0.000001 0.000000 0.000000 -1.537902
    27 11.481652 -0.000001 0.000017 -2.199547 0.386668 -0.185432
    28 3.858241 -0.131719 1.196095 0.229684 -0.832415 -0.203465
    29 1.312565 0.000000 0.000000 0.000000 -0.003677 -0.328663
    30 0.729363 0.000000 0.000000 0.000000 -0.001896 -0.167499
    31 3.941985 0.050854 0.431264 0.032994 -0.234172 -0.174639
    32 1.539096 -0.000001 0.000000 0.000000 -0.001807 -0.324988
    33 1.196321 0.000000 0.000000 0.000000 -0.002980 -0.195970
    34 3.881388 -0.047033 -0.427603 -0.043976 -0.029024 -0.172408
    35 1.719579 0.000001 0.000000 -0.001366 -0.007803 -0.278386
    36 1.209177 0.000000 0.000000 -0.001091 -0.004278 0.050492
    37 3.863492 -0.148208 -1.328247 -0.210468 0.388050 -0.097666
    38 1.719428 -0.000001 -0.000001 -0.000899 -0.006531 -0.329032
    39 1.099665 0.000000 0.000000 -0.000012 -0.004218 -0.227087
    40 0.807598 -0.358882 -1.316680 1.061105 0.568177 -1.060124
    41 1.789785 0.000000 -0.000001 0.000144 -0.001946 0.079474
    42 1.207004 0.000000 0.000000 0.000000 -0.002949 0.071767
  time 50
    0 -0.002329 -13.531663 -29.431290 1.570796 0.000000 0.000000
    1 0.000000 3.345132 -2.981898 1.570796 0.086285 1.570796
    2 4.015371 0.000000 0.000000 0.000000 0.000000 -0.029235
    3 3.520296 0.000000 0.000000 0.000000 0.000000 0.100327
    4 8.941008 0.000000 0.000000 0.000000 0.000000 0.194095
    5 2.036092 0.997454 1.937661 1.598321 -1.304396 2.941206
    6 6.028141 0.000000 0.000000 -1.692830 -0.608359 -0.440077
    7 11.692555 0.000000 0.000000 0.000000 0.000000 -1.427071
    8 11.481671 0.000000 -0.000033 0.852790 0.175777 -0.208550
    9 3.858223 -0.139536 -1.192189 -0.422174 0.329007 -0.958107
    10 1.312564 -0.000002 0.000000 -0.001534 0.008124 -0.669251
    11 0.729363 0.000000 0.000000 -0.000719 0.004197 -0.535035
    12 3.941966 0.046948 -0.435170 -0.134791 0.125975 -0.698863
    13 1.539098 -0.000001 0.000000 -0.000443 0.003785 -0.471136
    14 1.196321 0.000001 0.000000 -0.001402 0.006144 -0.790588
    15 3.881372 -0.043128 0.427603 0.085934 0.041584 -0.598877
    16 1.719579 -0.000001 0.000000 -0.000228 0.005514 -0.367141
    17 1.209176 0.000000 0.000000 -0.000240 0.003067 -0.265553
    18 3.863473 -0.136491 1.332153 0.344827 -0.123509 -0.552987
    19 1.719429 0.000001 0.000001 0.014849 -0.041599 -0.237327
    20 1.099664 0.000001 0.000000 -0.000312 0.002576 -0.325219
    21 0.807580 -0.347157 1.320587 -0.907439 -0.536970 -1.161187
    22 1.789782 0.000000 0.000000 -0.000072 0.006416 0.181611
    23 1.207003 0.000000 0.000000 0.000000 0.009624 0.289271
    24 2.036095 0.997454 -1.937661 -1.872222 1.478532 2.736521
    25 6.028141 0.000003 0.000000 1.603077 0.888851 -0.799779
    26 11.692552 0.000000 -0.000001 0.000000 0.000000 -1.518090
    27 11.481652 -0.000001 0.000017 -2.311712 0.430067 -0.212734
    28 3.858241 -0.131719 1.196095 0.154407 -0.872611 -0.023937
    29 1.312565 0.000000 0.000000 0.000000 -0.002623 -0.273750
    30 0.729363 0.000000 0.000000 0.000000 -0.001357 -0.130839
    31 3.941985 0.050854 0.431264 0.014322 -0.249129 -0.087949
    32 1.539096 -0.000001 0.000000 0.000000 -0.001292 -0.251665
    33 1.196321 0.000000 0.000000 0.000000 -0.002129 -0.170354
    34 3.881388 -0.047033 -0.427603 -0.047284 -0.032847 -0.103350
    35 1.719579 0.000001 0.000000 -0.001534 -0.007779 -0.227146
    36 1.209177 0.000000 0.000000 -0.001222 -0.004254 0.080139
    37 3.863492 -0.148208 -1.328247 -0.191148 0.414686 -0.056246
    38 1.719428 -0.000001 -0.000001 -0.001031 -0.006519 -0.276655
    39 1.099665 0.000000 0.000000 -0.000024 -0.004218 -0.224935
    40 0.807598 -0.358882 -1.316680 1.070153 0.575212 -1.046095
    41 1.789785 0.000000 -0.000001 0.000144 -0.001394 0.060862
    42 1.207004 0.000000 0.000000 0.000000 -0.002098 0.041886
  time 51
    0 -0.002329 -13.531663 -29.431290 1.570796 0.000000 0.000000
    1 0.000000 3.345132 -2.981898 1.570796 0.086285 1.570796
    2 4.015371 0.000000 0.000000 0.000000 0.000000 -0.029235
    3 3.520296 0.000000 0.000000 0.000000 0.000000 0.100327
    4 8.941008 0.000000 0.000000 0.000000 0.000000 0.194095
    5 2.036092 0.997454 1.937661 1.601353 -1.331373 2.938078
    6 6.028141 0.000000 0.000000 -1.661943 -0.636217 -0.419787
    7 11.692555 0.000000 0.000000 0.000000 0.000000 -1.378627
    8 11.481671 0.000000 -0.000033 1.052567 0.049974 -0.268147
    9 3.858223 -0.139536 -1.192189 -0.426872 0.387208 -0.892918
    10 1.312564 -0.000002 0.000000 -0.001414 0.007440 -0.606408
    11 0.729363 0.000000 0.000000 -0.000647 0.003837 -0.468401
    12 3.941966 0.046948 -0.435170 -0.126078 0.146733 -0.647397
    13 1.539098 -0.000001 0.000000 -0.000396 0.003473 -0.433882
    14 1.196321 0.000001 0.000000 -0.001282 0.005629 -0.739050
    15 3.881372 -0.043128 0.427603 0.086917 0.044568 -0.552933
    16 1.719579 -0.000001 0.000000 -0.000204 0.005526 -0.346410
    17 1.209176 0.000000 0.000000 -0.000216 0.003079 -0.245978
    18 3.863473 -0.136491 1.332153 0.345354 -0.143248 -0.519419
    19 1.719429 0.000001 0.000001 0.013603 -0.037752 -0.214602
    20 1.099664 0.000001 0.000000 -0.000276 0.002576 -0.298680
    21 0.807580 -0.347157 1.320587 -0.917614 -0.525525 -1.147149
    22 1.789782 0.000000 0.000000 -0.000084 0.005949 0.161650
    23 1.207003 0.000000 0.000000 0.000000 0.008821 0.253119
    24 2.036095 0.997454 -1.937661 -1.927207 1.492326 2.681320
    25 6.028141 0.000003 0.000000 1.606133 0.906929 -0.790527
    26 11.692552 0.000000 -0.000001 0.000000 0.000000 -1.490994
    27 11.481652 -0.000001 0.000017 -2.395911 0.461197 -0.233274
    28 3.858241 -0.131719 1.196095 0.071829 -0.900531 0.155284
    29 1.312565 0.000000 0.000000 0.000000 -0.001628 -0.222985
    30 0.729363 0.000000 0.000000 0.000000 -0.000841 -0.097308
    31 3.941985 0.050854 0.431264 -0.003906 -0.262156 -0.006361
    32 1.539096 -0.000001 0.000000 0.000000 -0.000801 -0.183992
    33 1.196321 0.000000 0.000000 0.000000 -0.001326 -0.146896
    34 3.881388 -0.047033 -0.427603 -0.050088 -0.036598 -0.038636
    35 1.719579 0.000001 0.000000 -0.001702 -0.007755 -0.180219
    36 1.209177 0.000000 0.000000 -0.001354 -0.004230 0.107228
    37 3.863492 -0.148208 -1.328247 -0.172441 0.439046 -0.017550
    38 1.719428 -0.000001 -0.000001 -0.001151 -0.006495 -0.227986
    39 1.099665 0.000000 0.000000 -0.000036 -0.004218 -0.223365
    40 0.807598 -0.358882 -1.316680 1.078639 0.581995 -1.032916
    41 1.789785 0.000000 -0.000001 0.000120 -0.000867 0.043352
    42 1.207004 0.000000 0.000000 0.000000 -0.001307 0.014684
  time 52
    0 -0.002329 -13.531663 -29.431290 1.570796 0.000000 0.000000
    1 0.000000 3.345132 -2.981898 1.570796 0.086285 1.570796
    2 4.015371 0.000000 0.000000 0.000000 0.000000 -0.029235
    3 3.520296 0.000000 0.000000 0.000000 0.000000 0.100327
    4 8.941008 0.000000 0.000000 0.000000 0.000000 0.194095
    5 2.036092 0.997454 1.937661 1.606195 -1.364618 2.933117
    6 6.028141 0.000000 0.000000 -1.631104 -0.665315 -0.404219
    7 11.692555 0.000000 0.000000 0.000000 0.000000 -1.337304
    8 11.481671 0.000000 -0.000033 1.311251 -0.099474 -0.351048
    9 3.858223 -0.139536 -1.192189 -0.429377 0.446054 -0.824234
    10 1.312564 -0.000002 0.000000 -0.001270 0.006697 -0.540334
    11 0.729363 0.000000 0.000000 -0.000587 0.003466 -0.397864
    12 3.941966 0.046948 -0.435170 -0.116742 0.167742 -0.594447
    13 1.539098 -0.000001 0.000000 -0.000360 0.003126 -0.394630
    14 1.196321 0.000001 0.000000 -0.001163 0.005065 -0.684100
    15 3.881372 -0.043128 0.427603 0.087768 0.047492 -0.505144
    16 1.719579 -0.000001 0.000000 -0.000168 0.005526 -0.324916
    17 1.209176 0.000000 0.000000 -0.000180 0.003079 -0.225516
    18 3.863473 -0.136491 1.332153 0.345522 -0.163286 -0.484481
    19 1.719429 0.000001 0.000001 0.012248 -0.033569 -0.191167
    20 1.099664 0.000001 0.000000 -0.000240 0.002576 -0.271056
    21 0.807580 -0.347157 1.320587 -0.929251 -0.514199 -1.130946
    22 1.789782 0.000000 0.000000 -0.000096 0.005433 0.139939
    23 1.207003 0.000000 0.000000 0.000000 0.007935 0.213936
    24 2.036095 0.997454 -1.937661 -1.948048 1.496473 2.660431
    25 6.028141 0.000003 0.000000 1.605738 0.927712 -0.771460
    26 11.692552 0.000000 -0.000001 0.000000 0.000000 -1.456060
    27 11.481652 -0.000001 0.000017 -2.437946 0.473185 -0.240648
    28 3.858241 -0.131719 1.196095 -0.010022 -0.916397 0.322602
    29 1.312565 0.000000 0.000000 0.000000 -0.000729 -0.178712
    30 0.729363 0.000000 0.000000 0.000000 -0.000386 -0.068631
    31 3.941985 0.050854 0.431264 -0.020889 -0.273014 0.066824
    32 1.539096 -0.000001 0.000000 0.000000 -0.000357 -0.125473
    33 1.196321 0.000000 0.000000 0.000000 -0.000595 -0.126708
    34 3.881388 -0.047033 -0.427603 -0.052413 -0.040266 0.019199
    35 1.719579 0.000001 0.000000 -0.001870 -0.007731 -0.140260
    36 1.209177 0.000000 0.000000 -0.001474 -0.004194 0.130395
    37 3.863492 -0.148208 -1.328247 -0.155123 0.460113 0.016796
    38 1.719428 -0.000001 -0.000001 -0.001258 -0.006483 -0.185389
    39 1.099665 0.000000 0.000000 -0.000060 -0.004218 -0.222757
    40 0.807598 -0.358882 -1.316680 1.086045 0.588263 -1.021350
    41 1.789785 0.000000 -0.000001 0.000072 -0.000388 0.027365
    42 1.207004 0.000000 0.000000 0.000000 -0.000576 -0.009230
  time 53
    0 -0.002329 -13.531663 -29.431290 1.570796 0.000000 0.000000
    1 0.000000 3.345132 -2.981898 1.570796 0.086285 1.570796
    2 4.015371 0.000000 0.000000 0.000000 0.000000 -0.029235
    3 3.520296 0.000000 0.000000 0.000000 0.000000 0.100327
    4 8.941008 0.000000 0.000000 0.000000 0.000000 0.194095
    5 2.036092 0.997454 1.937661 1.613481 -1.400188 2.925698
    6 6.028141 0.000000 0.000000 -1.602804 -0.695139 -0.392199
    7 11.692555 0.000000 0.000000 0.000000 0.000000 -1.301763
    8 11.481671 0.000000 -0.000033 1.611917 -0.247207 -0.454121
    9 3.858223 -0.139536 -1.192189 -0.429149 0.504613 -0.752519
    10 1.312564 -0.000002 0.000000 -0.001115 0.005918 -0.472276
    11 0.729363 0.000000 0.000000 -0.000515 0.003058 -0.324912
    12 3.941966 0.046948 -0.435170 -0.106867 0.188715 -0.540677
    13 1.539098 -0.000001 0.000000 -0.000312 0.002766 -0.354229
    14 1.196321 0.000001 0.000000 -0.001019 0.004466 -0.626982
    15 3.881372 -0.043128 0.427603 0.088439 0.050345 -0.456265
    16 1.719579 -0.000001 0.000000 -0.000132 0.005538 -0.303107
    17 1.209176 0.000000 0.000000 -0.000156 0.003079 -0.204636
    18 3.863473 -0.136491 1.332153 0.345270 -0.183349 -0.448775
    19 1.719429 0.000001 0.000001 0.010822 -0.029147 -0.167507
    20 1.099664 0.000001 0.000000 -0.000216 0.002588 -0.242890
    21 0.807580 -0.347157 1.320587 -0.941787 -0.502898 -1.113246
    22 1.789782 0.000000 0.000000 -0.000108 0.004870 0.117066
    23 1.207003 0.000000 0.000000 0.000000 0.007000 0.172731
    24 2.036095 0.997454 -1.937661 -1.951260 1.497072 2.657207
    25 6.028141 0.000003 0.000000 1.610040 0.945070 -0.750702
    26 11.692552 0.000000 -0.000001 0.000000 0.000000 -1.427484
    27 11.481652 -0.000001 0.000017 -2.460464 0.476109 -0.241711
    28 3.858241 -0.131719 1.196095 -0.080029 -0.922313 0.459959
    29 1.312565 0.000000 0.000000 0.000000 -0.000010 -0.145169
    30 0.729363 0.000000 0.000000 0.000000 -0.000002 -0.047924
    31 3.941985 0.050854 0.431264 -0.035246 -0.281248 0.125726
    32 1.539096 -0.000001 0.000000 0.000000 -0.000010 -0.082417
    33 1.196321 0.000000 0.000000 0.000000 -0.000008 -0.111869
    34 3.881388 -0.047033 -0.427603 -0.054211 -0.043729 0.065751
    35 1.719579 0.000001 0.000000 -0.002001 -0.007707 -0.111782
    36 1.209177 0.000000 0.000000 -0.001582 -0.004158 0.147152
    37 3.863492 -0.148208 -1.328247 -0.140669 0.476060 0.043615
    38 1.719428 -0.000001 -0.000001 -0.001366 -0.006459 -0.153082
    39 1.099665 0.000000 0.000000 -0.000084 -0.004206 -0.223669
    40 0.807598 -0.358882 -1.316680 1.091510 0.593500 -1.012759
    41 1.789785 0.000000 -0.000001 0.000000 0.000008 0.013307
    42 1.207004 0.000000 0.000000 0.000000 0.000011 -0.029127
  time 54
    0 -0.002329 -13.531663 -29.431290 1.570796 0.000000 0.000000
    1 0.000000 3.345132 -2.981898 1.570796 0.086285 1.570796
    2 4.015371 0.000000 0.000000 0.000000 0.000000 -0.029235
    3 3.520296 0.000000 0.000000 0.000000 0.000000 0.100327
    4 8.941008 0.000000 0.000000 0.000000 0.000000 0.194095
    5 2.036092 0.997454 1.937661 1.623920 -1.433913 2.915128
    6 6.028141 0.000000 0.000000 -1.579284 -0.724872 -0.382887
    7 11.692555 0.000000 0.000000 0.000000 0.000000 -1.270056
    8 11.481671 0.000000 -0.000033 1.924444 -0.369978 -0.569183
    9 3.858223 -0.139536 -1.192189 -0.425745 0.562146 -0.677950
    10 1.312564 -0.000002 0.000000 -0.000959 0.005103 -0.403362
    11 0.729363 0.000000 0.000000 -0.000443 0.002639 -0.250798
    12 3.941966 0.046948 -0.435170 -0.096524 0.209388 -0.486615
    13 1.539098 -0.000001 0.000000 -0.000276 0.002383 -0.313330
    14 1.196321 0.000001 0.000000 -0.000875 0.003855 -0.568751
    15 3.881372 -0.043128 0.427603 0.088942 0.053137 -0.406966
    16 1.719579 -0.000001 0.000000 -0.000108 0.005538 -0.281344
    17 1.209176 0.000000 0.000000 -0.000132 0.003091 -0.183658
    18 3.863473 -0.136491 1.332153 0.344599 -0.203219 -0.412747
    19 1.719429 0.000001 0.000001 0.009336 -0.024581 -0.143959
    20 1.099664 0.000001 0.000000 -0.000180 0.002588 -0.214621
    21 0.807580 -0.347157 1.320587 -0.954790 -0.491548 -1.094609
    22 1.789782 0.000000 0.000000 -0.000120 0.004295 0.093511
    23 1.207003 0.000000 0.000000 0.000000 0.006041 0.130394
    24 2.036095 0.997454 -1.937661 -1.948216 1.496509 2.660263
    25 6.028141 0.000003 0.000000 1.617555 0.958286 -0.731131
    26 11.692552 0.000000 -0.000001 0.000000 0.000000 -1.406067
    27 11.481652 -0.000001 0.000017 -2.474828 0.475695 -0.240670
    28 3.858241 -0.131719 1.196095 -0.115895 -0.923080 0.525115
    29 1.312565 0.000000 0.000000 0.000000 0.000266 -0.121320
    30 0.729363 0.000000 0.000000 0.000000 0.000129 -0.038516
    31 3.941985 0.050854 0.431264 -0.042581 -0.284208 0.155634
    32 1.539096 -0.000001 0.000000 0.000000 0.000122 -0.059333
    33 1.196321 0.000000 0.000000 0.000000 0.000208 -0.095108
    34 3.881388 -0.047033 -0.427603 -0.054978 -0.044616 0.091606
    35 1.719579 0.000001 0.000000 -0.002109 -0.007695 -0.091979
    36 1.209177 0.000000 0.000000 -0.001642 -0.004146 0.161055
    37 3.863492 -0.148208 -1.328247 -0.133227 0.483335 0.058973
    38 1.719428 -0.000001 -0.000001 -0.001546 -0.006411 -0.118040
    39 1.099665 0.000000 0.000000 -0.000144 -0.004194 -0.208626
    40 0.807598 -0.358882 -1.316680 1.091630 0.598090 -1.011571
    41 1.789785 0.000000 -0.000001 0.000000 0.000152 0.004390
    42 1.207004 0.000000 0.000000 0.000000 0.000227 -0.041225
  time 55
    0 -0.002329 -13.531663 -29.431290 1.570796 0.000000 0.000000
    1 0.000000 3.345132 -2.981898 1.570796 0.086285 1.570796
    2 4.015371 0.000000 0.000000 0.000000 0.000000 -0.029235
    3 3.520296 0.000000 0.000000 0.000000 0.000000 0.100327
    4 8.941008 0.000000 0.000000 0.000000 0.000000 0.194095
    5 2.036092 0.997454 1.937661 1.637798 -1.462353 2.901154
    6 6.028141 0.000000 0.000000 -1.565273 -0.756360 -0.374689
    7 11.692555 0.000000 0.000000 0.000000 0.000000 -1.236705
    8 11.481671 0.000000 -0.000033 2.210050 -0.455843 -0.680546
    9 3.858223 -0.139536 -1.192189 -0.418794 0.617843 -0.600922
    10 1.312564 -0.000002 0.000000 -0.000803 0.004276 -0.334564
    11 0.729363 0.000000 0.000000 -0.000372 0.002208 -0.176685
    12 3.941966 0.046948 -0.435170 -0.085786 0.229570 -0.432845
    13 1.539098 -0.000001 0.000000 -0.000228 0.001999 -0.272630
    14 1.196321 0.000001 0.000000 -0.000731 0.003232 -0.510389
    15 3.881372 -0.043128 0.427603 0.089278 0.055869 -0.357864
    16 1.719579 -0.000001 0.000000 -0.000072 0.005538 -0.259985
    17 1.209176 0.000000 0.000000 -0.000096 0.003091 -0.163003
    18 3.863473 -0.136491 1.332153 0.343545 -0.222670 -0.376880
    19 1.719429 0.000001 0.000001 0.007838 -0.019931 -0.120860
    20 1.099664 0.000001 0.000000 -0.000144 0.002600 -0.186713
    21 0.807580 -0.347157 1.320587 -0.967949 -0.480127 -1.075478
    22 1.789782 0.000000 0.000000 -0.000132 0.003696 0.069680
    23 1.207003 0.000000 0.000000 0.000000 0.005058 0.087656
    24 2.036095 0.997454 -1.937661 -1.942547 1.495418 2.665944
    25 6.028141 0.000003 0.000000 1.626687 0.967257 -0.713718
    26 11.692552 0.000000 -0.000001 0.000000 0.000000 -1.391994
    27 11.481652 -0.000001 0.000017 -2.483911 0.473412 -0.238725
    28 3.858241 -0.131719 1.196095 -0.128876 -0.923006 0.543310
    29 1.312565 0.000000 0.000000 0.000000 0.000230 -0.101888
    30 0.729363 0.000000 0.000000 0.000000 0.000117 -0.035414
    31 3.941985 0.050854 0.431264 -0.045145 -0.283812 0.167098
    32 1.539096 -0.000001 0.000000 0.000000 0.000110 -0.046587
    33 1.196321 0.000000 0.000000 0.000000 0.000184 -0.075514
    34 3.881388 -0.047033 -0.427603 -0.055146 -0.043513 0.104519
    35 1.719579 0.000001 0.000000 -0.002181 -0.007671 -0.075133
    36 1.209177 0.000000 0.000000 -0.001678 -0.004134 0.174536
    37 3.863492 -0.148208 -1.328247 -0.130518 0.485340 0.067219
    38 1.719428 -0.000001 -0.000001 -0.001774 -0.006351 -0.077946
    39 1.099665 0.000000 0.000000 -0.000240 -0.004194 -0.180972
    40 0.807598 -0.358882 -1.316680 1.088346 0.602645 -1.014960
    41 1.789785 0.000000 -0.000001 0.000048 0.000128 -0.000404
    42 1.207004 0.000000 0.000000 0.000000 0.000203 -0.047638
  time 56
    0 -0.002329 -13.531663 -29.431290 1.570796 0.000000 0.000000
    1 0.000000 3.345132 -2.981898 1.570796 0.086285 1.570796
    2 4.015371 0.000000 0.000000 0.000000 0.000000 -0.029235
    3 3.520296 0.000000 0.000000 0.000000 0.000000 0.100327
    4 8.941008 0.000000 0.000000 0.000000 0.000000 0.194095
    5 2.036092 0.997454 1.937661 1.653785 -1.483266 2.885082
    6 6.028141 0.000000 0.000000 -1.561397 -0.789027 -0.366084
    7 11.692555 0.000000 0.000000 0.000000 0.000000 -1.199460
    8 11.481671 0.000000 -0.000033 2.431951 -0.506455 -0.769604
    9 3.858223 -0.139536 -1.192189 -0.407996 0.670987 -0.521753
    10 1.312564 -0.000002 0.000000 -0.000647 0.003450 -0.266895
    11 0.729363 0.000000 0.000000 -0.000300 0.001788 -0.103703
    12 3.941966 0.046948 -0.435170 -0.074772 0.249021 -0.379949
    13 1.539098 -0.000001 0.000000 -0.000180 0.001616 -0.232779
    14 1.196321 0.000001 0.000000 -0.000587 0.002609 -0.452866
    15 3.881372 -0.043128 0.427603 0.089458 0.058566 -0.309627
    16 1.719579 -0.000001 0.000000 -0.000048 0.005550 -0.239388
    17 1.209176 0.000000 0.000000 -0.000072 0.003091 -0.143041
    18 3.863473 -0.136491 1.332153 0.342130 -0.241462 -0.341619
    19 1.719429 0.000001 0.000001 0.006328 -0.015293 -0.098547
    20 1.099664 0.000001 0.000000 -0.000108 0.002600 -0.159580
    21 0.807580 -0.347157 1.320587 -0.980928 -0.468646 -1.056281
    22 1.789782 0.000000 0.000000 -0.000132 0.003072 0.046015
    23 1.207003 0.000000 0.000000 0.000000 0.004088 0.045337
    24 2.036095 0.997454 -1.937661 -1.936220 1.494172 2.672296
    25 6.028141 0.000003 0.000000 1.635759 0.972255 -0.699049
    26 11.692552 0.000000 -0.000001 0.000000 0.000000 -1.384650
    27 11.481652 -0.000001 0.000017 -2.488812 0.469955 -0.236486
    28 3.858241 -0.131719 1.196095 -0.132435 -0.922437 0.542353
    29 1.312565 0.000000 0.000000 0.000000 0.000122 -0.087867
    30 0.729363 0.000000 0.000000 0.000000 0.000058 -0.036171
    31 3.941985 0.050854 0.431264 -0.045889 -0.282326 0.170346
    32 1.539096 -0.000001 0.000000 0.000000 0.000050 -0.040762
    33 1.196321 0.000000 0.000000 0.000000 0.000100 -0.058654
    34 3.881388 -0.047033 -0.427603 -0.055230 -0.042051 0.110975
    35 1.719579 0.000001 0.000000 -0.002253 -0.007647 -0.063501
    36 1.209177 0.000000 0.000000 -0.001690 -0.004134 0.184868
    37 3.863492 -0.148208 -1.328247 -0.129847 0.484731 0.070850
    38 1.719428 -0.000001 -0.000001 -0.001989 -0.006291 -0.042627
    39 1.099665 0.000000 0.000000 -0.000336 -0.004194 -0.153699
    40 0.807598 -0.358882 -1.316680 1.084128 0.606947 -1.019586
    41 1.789785 0.000000 -0.000001 0.000096 0.000068 -0.003136
    42 1.207004 0.000000 0.000000 0.000000 0.000107 -0.050903
  time 57
    0 -0.002329 -13.531663 -29.431290 1.570796 0.000000 0.000000
    1 0.000000 3.345132 -2.981898 1.570796 0.086285 1.570796
    2 4.015371 0.000000 0.000000 0.000000 0.000000 -0.029235
    3 3.520296 0.000000 0.000000 0.000000 0.000000 0.100327
    4 8.941008 0.000000 0.000000 0.000000 0.000000 0.194095
    5 2.036092 0.997454 1.937661 1.667520 -1.495694 2.871312
    6 6.028141 0.000000 0.000000 -1.562179 -0.816522 -0.356916
    7 11.692555 0.000000 0.000000 0.000000 0.000000 -1.163249
    8 11.481671 0.000000 -0.000033 2.565802 -0.530850 -0.822748
    9 3.858223 -0.139536 -1.192189 -0.393255 0.720768 -0.441158
    10 1.312564 -0.000002 0.000000 -0.000491 0.002647 -0.201483
    11 0.729363 0.000000 0.000000 -0.000228 0.001369 -0.033195
    12 3.941966 0.046948 -0.435170 -0.063591 0.267525 -0.328614
    13 1.539098 -0.000001 0.000000 -0.000144 0.001232 -0.194476
    14 1.196321 0.000001 0.000000 -0.000455 0.001997 -0.397281
    15 3.881372 -0.043128 0.427603 0.089530 0.061215 -0.262984
    16 1.719579 -0.000001 0.000000 -0.000024 0.005550 -0.219958
    17 1.209176 0.000000 0.000000 -0.000048 0.003091 -0.124207
    18 3.863473 -0.136491 1.332153 0.340453 -0.259331 -0.307568
    19 1.719429 0.000001 0.000001 0.004854 -0.010739 -0.077507
    20 1.099664 0.000001 0.000000 -0.000072 0.002600 -0.133815
    21 0.807580 -0.347157 1.320587 -0.993476 -0.457177 -1.037470
    22 1.789782 0.000000 0.000000 -0.000132 0.002449 0.022958
    23 1.207003 0.000000 0.000000 0.000000 0.003129 0.004237
    24 2.036095 0.997454 -1.937661 -1.930611 1.493033 2.677917
    25 6.028141 0.000003 0.000000 1.643142 0.974001 -0.687783
    26 11.692552 0.000000 -0.000001 0.000000 0.000000 -1.383045
    27 11.481652 -0.000001 0.000017 -2.489826 0.465776 -0.234473
    28 3.858241 -0.131719 1.196095 -0.131769 -0.921026 0.533186
    29 1.312565 0.000000 0.000000 0.000000 0.000014 -0.080924
    30 0.729363 0.000000 0.000000 0.000000 0.000010 -0.040257
    31 3.941985 0.050854 0.431264 -0.045996 -0.280708 0.169165
    32 1.539096 -0.000001 0.000000 0.000000 0.000002 -0.041375
    33 1.196321 0.000000 0.000000 0.000000 0.000004 -0.047936
    34 3.881388 -0.047033 -0.427603 -0.055493 -0.041021 0.113147
    35 1.719579 0.000001 0.000000 -0.002313 -0.007623 -0.059089
    36 1.209177 0.000000 0.000000 -0.001714 -0.004122 0.189999
    37 3.863492 -0.148208 -1.328247 -0.130171 0.482387 0.070283
    38 1.719428 -0.000001 -0.000001 -0.002157 -0.006243 -0.018107
    39 1.099665 0.000000 0.000000 -0.000420 -0.004194 -0.133642
    40 0.807598 -0.358882 -1.316680 1.080149 0.610854 -1.023925
    41 1.789785 0.000000 -0.000001 0.000084 0.000008 -0.004454
    42 1.207004 0.000000 0.000000 0.000000 0.000023 -0.051585
  time 58
    0 -0.002329 -13.531663 -29.431290 1.570796 0.000000 0.000000
    1 0.000000 3.345132 -2.981898 1.570796 0.086285 1.570796
    2 4.015371 0.000000 0.000000 0.000000 0.000000 -0.029235
    3 3.520296 0.000000 0.000000 0.000000 0.000000 0.100327
    4 8.941008 0.000000 0.000000 0.000000 0.000000 0.194095
    5 2.036092 0.997454 1.937661 1.673500 -1.500056 2.865320
    6 6.028141 0.000000 0.000000 -1.564129 -0.838179 -0.346993
    7 11.692555 0.000000 0.000000 0.000000 0.000000 -1.128316
    8 11.481671 0.000000 -0.000033 2.615202 -0.538660 -0.842244
    9 3.858223 -0.139536 -1.192189 -0.374739 0.766327 -0.360420
    10 1.312564 -0.000002 0.000000 -0.000348 0.001868 -0.139768
    11 0.729363 0.000000 0.000000 -0.000156 0.000961 0.033274
    12 3.941966 0.046948 -0.435170 -0.052445 0.284807 -0.279768
    13 1.539098 -0.000001 0.000000 -0.000096 0.000873 -0.158670
    14 1.196321 0.000001 0.000000 -0.000312 0.001410 -0.344919
    15 3.881372 -0.043128 0.427603 0.089530 0.063815 -0.218772
    16 1.719579 -0.000001 0.000000 0.000000 0.005538 -0.202233
    17 1.209176 0.000000 0.000000 -0.000024 0.003091 -0.107048
    18 3.863473 -0.136491 1.332153 0.338631 -0.275941 -0.275372
    19 1.719429 0.000001 0.000001 0.003428 -0.006364 -0.058265
    20 1.099664 0.000001 0.000000 -0.000048 0.002600 -0.110064
    21 0.807580 -0.347157 1.320587 -1.005329 -0.445803 -1.019516
    22 1.789782 0.000000 0.000000 -0.000120 0.001814 0.001044
    23 1.207003 0.000000 0.000000 0.000000 0.002206 -0.034581
    24 2.036095 0.997454 -1.937661 -1.927207 1.492326 2.681320
    25 6.028141 0.000003 0.000000 1.647217 0.973419 -0.681947
    26 11.692552 0.000000 -0.000001 0.000000 0.000000 -1.385637
    27 11.481652 -0.000001 0.000017 -2.486530 0.461197 -0.233274
    28 3.858241 -0.131719 1.196095 -0.130390 -0.918278 0.523234
    29 1.312565 0.000000 0.000000 0.000000 -0.000010 -0.083674
    30 0.729363 0.000000 0.000000 0.000000 -0.000002 -0.047924
    31 3.941985 0.050854 0.431264 -0.046332 -0.279678 0.165782
    32 1.539096 -0.000001 0.000000 0.000000 -0.000010 -0.049347
    33 1.196321 0.000000 0.000000 0.000000 -0.000008 -0.047421
    34 3.881388 -0.047033 -0.427603 -0.056177 -0.041176 0.111971
    35 1.719579 0.000001 0.000000 -0.002361 -0.007611 -0.065105
    36 1.209177 0.000000 0.000000 -0.001750 -0.004098 0.187202
    37 3.863492 -0.148208 -1.328247 -0.130818 0.478661 0.065063
    38 1.719428 -0.000001 -0.000001 -0.002265 -0.006207 -0.011618
    39 1.099665 0.000000 0.000000 -0.000479 -0.004182 -0.127970
    40 0.807598 -0.358882 -1.316680 1.077440 0.614174 -1.026601
    41 1.789785 0.000000 -0.000001 0.000000 0.000008 -0.004598
    42 1.207004 0.000000 0.000000 0.000000 0.000011 -0.049494
  time 59
    0 -0.002329 -13.531663 -29.431290 1.570796 0.000000 0.000000
    1 0.000000 3.345132 -2.981898 1.570796 0.086285 1.570796
    2 4.015371 0.000000 0.000000 0.000000 0.000000 -0.029235
    3 3.520296 0.000000 0.000000 0.000000 0.000000 0.100327
    4 8.941008 0.000000 0.000000 0.000000 0.000000 0.194095
    5 2.036092 0.997454 1.937661 1.674806 -1.500943 2.864001
    6 6.028141 0.000000 0.000000 -1.568306 -0.861560 -0.337705
    7 11.692555 0.000000 0.000000 0.000000 0.000000 -1.087602
    8 11.481671 0.000000 -0.000033 2.629329 -0.540498 -0.848590
    9 3.858223 -0.139536 -1.192189 -0.353083 0.806734 -0.281715
    10 1.312564 -0.000002 0.000000 -0.000216 0.001137 -0.083578
    11 0.729363 0.000000 0.000000 -0.000096 0.000590 0.093591
    12 3.941966 0.046948 -0.435170 -0.041539 0.300531 -0.234602
    13 1.539098 -0.000001 0.000000 -0.000060 0.000537 -0.126509
    14 1.196321 0.000001 0.000000 -0.000192 0.000859 -0.297515
    15 3.881372 -0.043128 0.427603 0.089554 0.066368 -0.178221
    16 1.719579 -0.000001 0.000000 0.000000 0.005538 -0.186887
    17 1.209176 0.000000 0.000000 -0.000012 0.003091 -0.092306
    18 3.863473 -0.136491 1.332153 0.336857 -0.290886 -0.246041
    19 1.719429 0.000001 0.000001 0.002097 -0.002302 -0.041530
    20 1.099664 0.000001 0.000000 -0.000024 0.002600 -0.089179
    21 0.807580 -0.347157 1.320587 -1.016163 -0.434706 -1.003045
    22 1.789782 0.000000 0.000000 -0.000096 0.001191 -0.018991
    23 1.207003 0.000000 0.000000 0.000000 0.001343 -0.069844
    24 2.036095 0.997454 -1.937661 -1.926200 1.492110 2.682339
    25 6.028141 0.000003 0.000000 1.650213 0.973385 -0.681407
    26 11.692552 0.000000 -0.000001 0.000000 0.000000 -1.386872
    27 11.481652 -0.000001 0.000017 -2.481925 0.457179 -0.232980
    28 3.858241 -0.131719 1.196095 -0.129118 -0.914937 0.515299
    29 1.312565 0.000000 0.000000 0.000000 0.000050 -0.093593
    30 0.729363 0.000000 0.000000 0.000000 0.000022 -0.056878
    31 3.941985 0.050854 0.431264 -0.046883 -0.279366 0.161621
    32 1.539096 -0.000001 0.000000 0.000000 0.000026 -0.061567
    33 1.196321 0.000000 0.000000 0.000000 0.000040 -0.055187
    34 3.881388 -0.047033 -0.427603 -0.057075 -0.042279 0.108592
    35 1.719579 0.000001 0.000000 -0.002397 -0.007599 -0.078241
    36 1.209177 0.000000 0.000000 -0.001774 -0.004062 0.178626
    37 3.863492 -0.148208 -1.328247 -0.131465 0.474475 0.057271
    38 1.719428 -0.000001 -0.000001 -0.002301 -0.006183 -0.020841
    39 1.099665 0.000000 0.000000 -0.000503 -0.004158 -0.135010
    40 0.807598 -0.358882 -1.316680 1.077176 0.615192 -1.026551
    41 1.789785 0.000000 -0.000001 -0.000168 0.000056 -0.003280
    42 1.207004 0.000000 0.000000 0.000000 0.000059 -0.046158
  time 60
    0 -0.002329 -13.531663 -29.431290 1.570796 0.000000 0.000000
    1 0.000000 3.345132 -2.981898 1.570796 0.086285 1.570796
    2 4.015371 0.000000 0.000000 0.000000 0.000000 -0.029235
    3 3.520296 0.000000 0.000000 0.000000 0.000000 0.100327
    4 8.941008 0.000000 0.000000 0.000000 0.000000 0.194095
    5 2.036092 0.997454 1.937661 1.674051 -1.500428 2.864768
    6 6.028141 0.000000 0.000000 -1.574096 -0.885940 -0.329699
    7 11.692555 0.000000 0.000000 0.000000 0.000000 -1.042384
    8 11.481671 0.000000 -0.000033 2.627819 -0.539977 -0.848833
    9 3.858223 -0.139536 -1.192189 -0.329641 0.840820 -0.208681
    10 1.312564 -0.000002 0.000000 -0.000084 0.000501 -0.035638
    11 0.729363 0.000000 0.000000 -0.000036 0.000266 0.144669
    12 3.941966 0.046948 -0.435170 -0.031232 0.314205 -0.194943
    13 1.539098 -0.000001 0.000000 -0.000024 0.000238 -0.099842
    14 1.196321 0.000001 0.000000 -0.000084 0.000379 -0.257659
    15 3.881372 -0.043128 0.427603 0.089721 0.068861 -0.143036
    16 1.719579 -0.000001 0.000000 0.000000 0.005526 -0.174996
    17 1.209176 0.000000 0.000000 0.000000 0.003091 -0.081077
    18 3.863473 -0.136491 1.332153 0.335419 -0.303518 -0.221027
    19 1.719429 0.000001 0.000001 0.000923 0.001282 -0.028427
    20 1.099664 0.000001 0.000000 0.000000 0.002600 -0.072501
    21 0.807580 -0.347157 1.320587 -1.025571 -0.424123 -0.988928
    22 1.789782 0.000000 0.000000 -0.000060 0.000580 -0.036113
    23 1.207003 0.000000 0.000000 0.000000 0.000588 -0.099550
    24 2.036095 0.997454 -1.937661 -1.925661 1.491990 2.682878
    25 6.028141 0.000003 0.000000 1.653557 0.973659 -0.680892
    26 11.692552 0.000000 -0.000001 0.000000 0.000000 -1.387365
    27 11.481652 -0.000001 0.000017 -2.478208 0.453628 -0.232821
    28 3.858241 -0.131719 1.196095 -0.127058 -0.911868 0.507158
    29 1.312565 0.000000 0.000000 0.000000 0.000110 -0.104548
    30 0.729363 0.000000 0.000000 0.000000 0.000058 -0.065125
    31 3.941985 0.050854 0.431264 -0.047207 -0.279174 0.157003
    32 1.539096 -0.000001 0.000000 0.000000 0.000050 -0.073744
    33 1.196321 0.000000 0.000000 0.000000 0.000088 -0.064241
    34 3.881388 -0.047033 -0.427603 -0.057878 -0.043418 0.104428
    35 1.719579 0.000001 0.000000 -0.002409 -0.007587 -0.091828
    36 1.209177 0.000000 0.000000 -0.001810 -0.004038 0.169531
    37 3.863492 -0.148208 -1.328247 -0.132196 0.470424 0.049668
    38 1.719428 -0.000001 -0.000001 -0.002301 -0.006171 -0.033356
    39 1.099665 0.000000 0.000000 -0.000527 -0.004146 -0.144455
    40 0.807598 -0.358882 -1.316680 1.078147 0.614437 -1.025288
    41 1.789785 0.000000 -0.000001 -0.000336 0.000104 -0.001075
    42 1.207004 0.000000 0.000000 0.000000 0.000107 -0.043128
  time 61
    0 -0.002329 -13.531663 -29.431290 1.570796 0.000000 0.000000
    1 0.000000 3.345132 -2.981898 1.570796 0.086285 1.570796
    2 4.015371 0.000000 0.000000 0.000000 0.000000 -0.029235
    3 3.520296 0.000000 0.000000 0.000000 0.000000 0.100327
    4 8.941008 0.000000 0.000000 0.000000 0.000000 0.194095
    5 2.036092 0.997454 1.937661 1.672338 -1.499241 2.866482
    6 6.028141 0.000000 0.000000 -1.580921 -0.909412 -0.323060
    7 11.692555 0.000000 0.000000 0.000000 0.000000 -0.996801
    8 11.481671 0.000000 -0.000033 2.617512 -0.538216 -0.845377
    9 3.858223 -0.139536 -1.192189 -0.307050 0.866796 -0.148092
    10 1.312564 -0.000002 0.000000 0.000000 0.000010 -0.000539
    11 0.729363 0.000000 0.000000 0.000000 0.000002 0.181338
    12 3.941966 0.046948 -0.435170 -0.022076 0.324979 -0.163888
    13 1.539098 -0.000001 0.000000 0.000000 0.000010 -0.081614
    14 1.196321 0.000001 0.000000 0.000000 0.000008 -0.229584
    15 3.881372 -0.043128 0.427603 0.090225 0.071270 -0.116235
    16 1.719579 -0.000001 0.000000 0.000000 0.005514 -0.168355
    17 1.209176 0.000000 0.000000 0.000000 0.003079 -0.075212
    18 3.863473 -0.136491 1.332153 0.334796 -0.312746 -0.202832
    19 1.719429 0.000001 0.000001 0.000000 0.004062 -0.020790
    20 1.099664 0.000001 0.000000 0.000000 0.002588 -0.062226
    21 0.807580 -0.347157 1.320587 -1.032905 -0.414524 -0.978567
    22 1.789782 0.000000 0.000000 0.000000 -0.000008 -0.048591
    23 1.207003 0.000000 0.000000 0.000000 -0.000011 -0.120492
    24 2.036095 0.997454 -1.937661 -1.925254 1.491907 2.683298
    25 6.028141 0.000003 0.000000 1.656996 0.974036 -0.680269
    26 11.692552 0.000000 -0.000001 0.000000 0.000000 -1.387797
    27 11.481652 -0.000001 0.000017 -2.474659 0.450211 -0.232731
    28 3.858241 -0.131719 1.196095 -0.124574 -0.908922 0.498710
    29 1.312565 0.000000 0.000000 0.000000 0.000182 -0.116045
    30 0.729363 0.000000 0.000000 0.000000 0.000093 -0.073145
    31 3.941985 0.050854 0.431264 -0.047411 -0.279007 0.152117
    32 1.539096 -0.000001 0.000000 0.000000 0.000086 -0.086052
    33 1.196321 0.000000 0.000000 0.000000 0.000148 -0.074009
    34 3.881388 -0.047033 -0.427603 -0.058633 -0.044580 0.099873
    35 1.719579 0.000001 0.000000 -0.002433 -0.007575 -0.105716
    36 1.209177 0.000000 0.000000 -0.001834 -0.004014 0.160099
    37 3.863492 -0.148208 -1.328247 -0.132987 0.466386 0.042027
    38 1.719428 -0.000001 -0.000001 -0.002289 -0.006171 -0.047540
    39 1.099665 0.000000 0.000000 -0.000527 -0.004134 -0.155066
    40 0.807598 -0.358882 -1.316680 1.079645 0.612963 -1.023525
    41 1.789785 0.000000 -0.000001 -0.000515 0.000152 0.001622
    42 1.207004 0.000000 0.000000 0.000000 0.000155 -0.040098
  time 62
    0 -0.002329 -13.531663 -29.431290 1.570796 0.000000 0.000000
    1 0.000000 3.345132 -2.981898 1.570796 0.086285 1.570796
    2 4.015371 0.000000 0.000000 0.000000 0.000000 -0.029235
    3 3.520296 0.000000 0.000000 0.000000 0.000000 0.100327
    4 8.941008 0.000000 0.000000 0.000000 0.000000 0.194095
    5 2.036092 0.997454 1.937661 1.670348 -1.497815 2.868472
    6 6.028141 0.000000 0.000000 -1.587914 -0.928377 -0.318026
    7 11.692555 0.000000 0.000000 0.000000 0.000000 -0.958399
    8 11.481671 0.000000 -0.000033 2.602097 -0.535812 -0.839409
    9 3.858223 -0.139536 -1.192189 -0.282637 0.884924 -0.089322
    10 1.312564 -0.000002 0.000000 0.000036 -0.000230 0.034288
    11 0.729363 0.000000 0.000000 0.000012 -0.000117 0.212182
    12 3.941966 0.046948 -0.435170 -0.016228 0.331187 -0.138763
    13 1.539098 -0.000001 0.000000 0.000012 -0.000110 -0.054997
    14 1.196321 0.000001 0.000000 0.000036 -0.000172 -0.184219
    15 3.881372 -0.043128 0.427603 0.090285 0.072013 -0.097846
    16 1.719579 -0.000001 0.000000 0.000000 0.005502 -0.149687
    17 1.209176 0.000000 0.000000 0.000000 0.003079 -0.045390
    18 3.863473 -0.136491 1.332153 0.334268 -0.317732 -0.193230
    19 1.719429 0.000001 0.000001 -0.000431 0.005404 -0.016223
    20 1.099664 0.000001 0.000000 0.000000 0.002588 -0.056443
    21 0.807580 -0.347157 1.320587 -1.035973 -0.409670 -0.974061
    22 1.789782 0.000000 0.000000 0.000012 -0.000259 -0.054710
    23 1.207003 0.000000 0.000000 0.000000 -0.000287 -0.130893
    24 2.036095 0.997454 -1.937661 -1.924846 1.491823 2.683693
    25 6.028141 0.000003 0.000000 1.660532 0.974378 -0.679382
    26 11.692552 0.000000 -0.000001 0.000000 0.000000 -1.388230
    27 11.481652 -0.000001 0.000017 -2.471152 0.446793 -0.232618
    28 3.858241 -0.131719 1.196095 -0.121787 -0.905977 0.489920
    29 1.312565 0.000000 0.000000 0.000000 0.000242 -0.127992
    30 0.729363 0.000000 0.000000 0.000000 0.000117 -0.081115
    31 3.941985 0.050854 0.431264 -0.047542 -0.278875 0.146935
    32 1.539096 -0.000001 0.000000 0.000000 0.000110 -0.098579
    33 1.196321 0.000000 0.000000 0.000000 0.000196 -0.084231
    34 3.881388 -0.047033 -0.427603 -0.059377 -0.045766 0.094955
    35 1.719579 0.000001 0.000000 -0.002445 -0.007575 -0.119955
    36 1.209177 0.000000 0.000000 -0.001858 -0.003990 0.150385
    37 3.863492 -0.148208 -1.328247 -0.133802 0.462322 0.034272
    38 1.719428 -0.000001 -0.000001 -0.002277 -0.006160 -0.062789
    39 1.099665 0.000000 0.000000 -0.000527 -0.004122 -0.166411
    40 0.807598 -0.358882 -1.316680 1.081419 0.611058 -1.021475
    41 1.789785 0.000000 -0.000001 -0.000683 0.000199 0.004690
    42 1.207004 0.000000 0.000000 0.000000 0.000203 -0.036903
  time 63
    0 -0.002329 -13.531663 -29.431290 1.570796 0.000000 0.000000
    1 0.000000 3.345132 -2.981898 1.570796 0.086285 1.570796
    2 4.015371 0.000000 0.000000 0.000000 0.000000 -0.029235
    3 3.520296 0.000000 0.000000 0.000000 0.000000 0.100327
    4 8.941008 0.000000 0.000000 0.000000 0.000000 0.194095
    5 2.036092 0.997454 1.937661 1.668574 -1.496497 2.870257
    6 6.028141 0.000000 0.000000 -1.594017 -0.939024 -0.315222
    7 11.692555 0.000000 0.000000 0.000000 0.000000 -0.936004
    8 11.481671 0.000000 -0.000033 2.584060 -0.533193 -0.831713
    9 3.858223 -0.139536 -1.192189 -0.254689 0.893630 -0.026450
    10 1.312564 -0.000002 0.000000 0.000012 -0.000122 0.077559
    11 0.729363 0.000000 0.000000 0.000000 -0.000058 0.243114
    12 3.941966 0.046948 -0.435170 -0.015592 0.331044 -0.118960
    13 1.539098 -0.000001 0.000000 0.000000 -0.000050 -0.007605
    14 1.196321 0.000001 0.000000 0.000012 -0.000088 -0.099763
    15 3.881372 -0.043128 0.427603 0.089338 0.069844 -0.088875
    16 1.719579 -0.000001 0.000000 0.000012 0.005526 -0.106206
    17 1.209176 0.000000 0.000000 0.000012 0.003079 0.030366
    18 3.863473 -0.136491 1.332153 0.333394 -0.317240 -0.194400
    19 1.719429 0.000001 0.000001 -0.000216 0.004781 -0.013565
    20 1.099664 0.000001 0.000000 0.000012 0.002600 -0.054197
    21 0.807580 -0.347157 1.320587 -1.033577 -0.412870 -0.976307
    22 1.789782 0.000000 0.000000 -0.000024 0.000016 -0.053180
    23 1.207003 0.000000 0.000000 0.000000 -0.000155 -0.129464
    24 2.036095 0.997454 -1.937661 -1.924403 1.491727 2.684149
    25 6.028141 0.000003 0.000000 1.664151 0.974686 -0.678088
    26 11.692552 0.000000 -0.000001 0.000000 0.000000 -1.388662
    27 11.481652 -0.000001 0.000017 -2.467561 0.443323 -0.232527
    28 3.858241 -0.131719 1.196095 -0.118728 -0.903031 0.480788
    29 1.312565 0.000000 0.000000 0.000000 0.000302 -0.140345
    30 0.729363 0.000000 0.000000 0.000000 0.000153 -0.089148
    31 3.941985 0.050854 0.431264 -0.047614 -0.278731 0.141512
    32 1.539096 -0.000001 0.000000 0.000000 0.000146 -0.111369
    33 1.196321 0.000000 0.000000 0.000000 0.000244 -0.094851
    34 3.881388 -0.047033 -0.427603 -0.060120 -0.046965 0.089796
    35 1.719579 0.000001 0.000000 -0.002445 -0.007563 -0.134494
    36 1.209177 0.000000 0.000000 -0.001882 -0.003966 0.140404
    37 3.863492 -0.148208 -1.328247 -0.134665 0.458230 0.026404
    38 1.719428 -0.000001 -0.000001 -0.002253 -0.006160 -0.078873
    39 1.099665 0.000000 0.000000 -0.000539 -0.004098 -0.178313
    40 0.807598 -0.358882 -1.316680 1.083372 0.608876 -1.019249
    41 1.789785 0.000000 -0.000001 -0.000863 0.000259 0.008070
    42 1.207004 0.000000 0.000000 0.000000 0.000251 -0.033450
  time 64
    0 -0.002329 -13.531663 -29.431290 1.570796 0.000000 0.000000
    1 0.000000 3.345132 -2.981898 1.570796 0.086285 1.570796
    2 4.015371 0.000000 0.000000 0.000000 0.000000 -0.029235
    3 3.520296 0.000000 0.000000 0.000000 0.000000 0.100327
    4 8.941008 0.000000 0.000000 0.000000 0.000000 0.194095
    5 2.036092 0.997454 1.937661 1.667520 -1.495694 2.871312
    6 6.028141 0.000000 0.000000 -1.598327 -0.939538 -0.315378
    7 11.692555 0.000000 0.000000 0.000000 0.000000 -0.934239
    8 11.481671 0.000000 -0.000033 2.565802 -0.530850 -0.822748
    9 3.858223 -0.139536 -1.192189 -0.239193 0.893058 -0.001273
    10 1.312564 -0.000002 0.000000 0.000000 0.000010 0.091100
    11 0.729363 0.000000 0.000000 0.000000 0.000002 0.247242
    12 3.941966 0.046948 -0.435170 -0.014921 0.328898 -0.115095
    13 1.539098 -0.000001 0.000000 0.000000 0.000010 0.010922
    14 1.196321 0.000001 0.000000 0.000000 0.000008 -0.060774
    15 3.881372 -0.043128 0.427603 0.089877 0.068981 -0.090803
    16 1.719579 -0.000001 0.000000 0.000000 0.005514 -0.088481
    17 1.209176 0.000000 0.000000 0.000000 0.003079 0.067455
    18 3.863473 -0.136491 1.332153 0.334796 -0.312746 -0.202832
    19 1.719429 0.000001 0.000001 0.000000 0.004062 -0.020790
    20 1.099664 0.000001 0.000000 0.000000 0.002588 -0.062226
    21 0.807580 -0.347157 1.320587 -1.032905 -0.414524 -0.978567
    22 1.789782 0.000000 0.000000 0.000000 -0.000008 -0.048591
    23 1.207003 0.000000 0.000000 0.000000 -0.000011 -0.120492
    24 2.036095 0.997454 -1.937661 -1.923863 1.491607 2.684688
    25 6.028141 0.000003 0.000000 1.667890 0.974960 -0.676230
    26 11.692552 0.000000 -0.000001 0.000000 0.000000 -1.389155
    27 11.481652 -0.000001 0.000017 -2.463759 0.439745 -0.232391
    28 3.858241 -0.131719 1.196095 -0.115441 -0.900012 0.471177
    29 1.312565 0.000000 0.000000 0.000000 0.000362 -0.153059
    30 0.729363 0.000000 0.000000 0.000000 0.000189 -0.097308
    31 3.941985 0.050854 0.431264 -0.047626 -0.278575 0.135821
    32 1.539096 -0.000001 0.000000 0.000000 0.000182 -0.124466
    33 1.196321 0.000000 0.000000 0.000000 0.000292 -0.105807
    34 3.881388 -0.047033 -0.427603 -0.060851 -0.048187 0.084335
    35 1.719579 0.000001 0.000000 -0.002457 -0.007563 -0.149385
    36 1.209177 0.000000 0.000000 -0.001894 -0.003942 0.130156
    37 3.863492 -0.148208 -1.328247 -0.135564 0.454057 0.018309
    38 1.719428 -0.000001 -0.000001 -0.002229 -0.006160 -0.095606
    39 1.099665 0.000000 0.000000 -0.000539 -0.004086 -0.190646
    40 0.807598 -0.358882 -1.316680 1.085410 0.606539 -1.016923
    41 1.789785 0.000000 -0.000001 -0.001043 0.000307 0.011761
    42 1.207004 0.000000 0.000000 0.000000 0.000311 -0.029644
  time 65
    0 -0.002329 -13.531663 -29.431290 1.570796 0.000000 0.000000
    1 0.000000 3.345132 -2.981898 1.570796 0.086285 1.570796
    2 4.015371 0.000000 0.000000 0.000000 0.000000 -0.029235
    3 3.520296 0.000000 0.000000 0.000000 0.000000 0.100327
    4 8.941008 0.000000 0.000000 0.000000 0.000000 0.194095
    5 2.036092 0.997454 1.937661 1.667100 -1.495358 2.871731
    6 6.028141 0.000000 0.000000 -1.603334 -0.937088 -0.316840
    7 11.692555 0.000000 0.000000 0.000000 0.000000 -0.937160
    8 11.481671 0.000000 -0.000033 2.548654 -0.528844 -0.813350
    9 3.858223 -0.139536 -1.192189 -0.234855 0.890720 -0.005945
    10 1.312564 -0.000002 0.000000 0.000000 -0.000038 0.078492
    11 0.729363 0.000000 0.000000 0.000000 -0.000022 0.232103
    12 3.941966 0.046948 -0.435170 -0.011638 0.328563 -0.120046
    13 1.539098 -0.000001 0.000000 0.000000 -0.000014 -0.002412
    14 1.196321 0.000001 0.000000 0.000000 -0.000028 -0.075780
    15 3.881372 -0.043128 0.427603 0.091915 0.070539 -0.095666
    16 1.719579 -0.000001 0.000000 -0.000048 0.005466 -0.102347
    17 1.209176 0.000000 0.000000 -0.000024 0.003055 0.052117
    18 3.863473 -0.136491 1.332153 0.337876 -0.308432 -0.210538
    19 1.719429 0.000001 0.000001 -0.000120 0.004290 -0.033594
    20 1.099664 0.000001 0.000000 -0.000024 0.002564 -0.075341
    21 0.807580 -0.347157 1.320587 -1.036213 -0.411000 -0.977310
    22 1.789782 0.000000 0.000000 0.000132 -0.000499 -0.045900
    23 1.207003 0.000000 0.000000 0.000000 -0.000059 -0.112582
    24 2.036095 0.997454 -1.937661 -1.923180 1.491463 2.685371
    25 6.028141 0.000003 0.000000 1.671737 0.975166 -0.673605
    26 11.692552 0.000000 -0.000001 0.000000 0.000000 -1.389834
    27 11.481652 -0.000001 0.000017 -2.459703 0.436007 -0.232210
    28 3.858241 -0.131719 1.196095 -0.111881 -0.896918 0.461054
    29 1.312565 0.000000 0.000000 0.000000 0.000433 -0.166134
    30 0.729363 0.000000 0.000000 0.000000 0.000213 -0.105706
    31 3.941985 0.050854 0.431264 -0.047590 -0.278395 0.129834
    32 1.539096 -0.000001 0.000000 0.000000 0.000206 -0.137913
    33 1.196321 0.000000 0.000000 0.000000 0.000352 -0.117119
    34 3.881388 -0.047033 -0.427603 -0.061594 -0.049434 0.078603
    35 1.719579 0.000001 0.000000 -0.002469 -0.007551 -0.164676
    36 1.209177 0.000000 0.000000 -0.001918 -0.003918 0.119599
    37 3.863492 -0.148208 -1.328247 -0.136523 0.449776 0.009950
    38 1.719428 -0.000001 -0.000001 -0.002205 -0.006148 -0.112895
    39 1.099665 0.000000 0.000000 -0.000539 -0.004074 -0.203308
    40 0.807598 -0.358882 -1.316680 1.087507 0.604107 -1.014547
    41 1.789785 0.000000 -0.000001 -0.001210 0.000355 0.015776
    42 1.207004 0.000000 0.000000 0.000000 0.000359 -0.025392
  time 66
    0 -0.002329 -13.531663 -29.431290 1.570796 0.000000 0.000000
    1 0.000000 3.345132 -2.981898 1.570796 0.086285 1.570796
    2 4.015371 0.000000 0.000000 0.000000 0.000000 -0.029235
    3 3.520296 0.000000 0.000000 0.000000 0.000000 0.100327
    4 8.941008 0.000000 0.000000 0.000000 0.000000 0.194095
    5 2.036092 0.997454 1.937661 1.666741 -1.495082 2.872091
    6 6.028141 0.000000 0.000000 -1.609280 -0.935455 -0.318685
    7 11.692555 0.000000 0.000000 0.000000 0.000000 -0.937829
    8 11.481671 0.000000 -0.000033 2.531595 -0.526792 -0.803899
    9 3.858223 -0.139536 -1.192189 -0.232074 0.888001 -0.013541
    10 1.312564 -0.000002 0.000000 0.000012 -0.000086 0.064328
    11 0.729363 0.000000 0.000000 0.000000 -0.000046 0.216071
    12 3.941966 0.046948 -0.435170 -0.008557 0.328191 -0.125817
    13 1.539098 -0.000001 0.000000 0.000000 -0.000038 -0.017393
    14 1.196321 0.000001 0.000000 0.000012 -0.000064 -0.094038
    15 3.881372 -0.043128 0.427603 0.093916 0.072121 -0.100864
    16 1.719579 -0.000001 0.000000 -0.000108 0.005430 -0.117603
    17 1.209176 0.000000 0.000000 -0.000060 0.003031 0.034008
    18 3.863473 -0.136491 1.332153 0.340848 -0.304285 -0.217921
    19 1.719429 0.000001 0.000001 -0.000252 0.004530 -0.046023
    20 1.099664 0.000001 0.000000 -0.000048 0.002552 -0.087991
    21 0.807580 -0.347157 1.320587 -1.039461 -0.407525 -0.976053
    22 1.789782 0.000000 0.000000 0.000276 -0.000978 -0.043357
    23 1.207003 0.000000 0.000000 0.000000 -0.000119 -0.104986
    24 2.036095 0.997454 -1.937661 -1.922293 1.491271 2.686258
    25 6.028141 0.000003 0.000000 1.675752 0.975234 -0.669998
    26 11.692552 0.000000 -0.000001 0.000000 0.000000 -1.390637
    27 11.481652 -0.000001 0.000017 -2.455268 0.432042 -0.231962
    28 3.858241 -0.131719 1.196095 -0.108065 -0.893675 0.450211
    29 1.312565 0.000000 0.000000 0.000000 0.000493 -0.179704
    30 0.729363 0.000000 0.000000 0.000000 0.000249 -0.114433
    31 3.941985 0.050854 0.431264 -0.047518 -0.278180 0.123471
    32 1.539096 -0.000001 0.000000 0.000000 0.000242 -0.151885
    33 1.196321 0.000000 0.000000 0.000000 0.000400 -0.128768
    34 3.881388 -0.047033 -0.427603 -0.062349 -0.050704 0.072569
    35 1.719579 0.000001 0.000000 -0.002481 -0.007551 -0.180519
    36 1.209177 0.000000 0.000000 -0.001942 -0.003894 0.108704
    37 3.863492 -0.148208 -1.328247 -0.137529 0.445373 0.001250
    38 1.719428 -0.000001 -0.000001 -0.002181 -0.006148 -0.130741
    39 1.099665 0.000000 0.000000 -0.000539 -0.004062 -0.216299
    40 0.807598 -0.358882 -1.316680 1.089604 0.601626 -1.012159
    41 1.789785 0.000000 -0.000001 -0.001390 0.000403 0.020150
    42 1.207004 0.000000 0.000000 0.000000 0.000407 -0.020553
  time 67
    0 -0.002329 -13.531663 -29.431290 1.570796 0.000000 0.000000
    1 0.000000 3.345132 -2.981898 1.570796 0.086285 1.570796
    2 4.015371 0.000000 0.000000 0.000000 0.000000 -0.029235
    3 3.520296 0.000000 0.000000 0.000000 0.000000 0.100327
    4 8.941008 0.000000 0.000000 0.000000 0.000000 0.194095
    5 2.036092 0.997454 1.937661 1.666405 -1.494807 2.872427
    6 6.028141 0.000000 0.000000 -1.615612 -0.934033 -0.320867
    7 11.692555 0.000000 0.000000 0.000000 0.000000 -0.937890
    8 11.481671 0.000000 -0.000033 2.514536 -0.524632 -0.794367
    9 3.858223 -0.139536 -1.192189 -0.230361 0.884972 -0.023170
    10 1.312564 -0.000002 0.000000 0.000024 -0.000134 0.048997
    11 0.729363 0.000000 0.000000 0.000000 -0.000069 0.199352
    12 3.941966 0.046948 -0.435170 -0.005621 0.327784 -0.132198
    13 1.539098 -0.000001 0.000000 0.000000 -0.000062 -0.033623
    14 1.196321 0.000001 0.000000 0.000012 -0.000100 -0.114668
    15 3.881372 -0.043128 0.427603 0.095906 0.073715 -0.106286
    16 1.719579 -0.000001 0.000000 -0.000168 0.005394 -0.133847
    17 1.209176 0.000000 0.000000 -0.000084 0.003007 0.013901
    18 3.863473 -0.136491 1.332153 0.343748 -0.300222 -0.225143
    19 1.719429 0.000001 0.000001 -0.000384 0.004769 -0.058227
    20 1.099664 0.000001 0.000000 -0.000072 0.002528 -0.100383
    21 0.807580 -0.347157 1.320587 -1.042661 -0.404085 -0.974810
    22 1.789782 0.000000 0.000000 0.000407 -0.001446 -0.040887
    23 1.207003 0.000000 0.000000 0.000000 -0.000167 -0.097581
    24 2.036095 0.997454 -1.937661 -1.921143 1.491020 2.687420
    25 6.028141 0.000003 0.000000 1.679959 0.975166 -0.665132
    26 11.692552 0.000000 -0.000001 0.000000 0.000000 -1.391624
    27 11.481652 -0.000001 0.000017 -2.450282 0.427757 -0.231645
    28 3.858241 -0.131719 1.196095 -0.103914 -0.890259 0.438514
    29 1.312565 0.000000 0.000000 0.000000 0.000553 -0.193815
    30 0.729363 0.000000 0.000000 0.000000 0.000285 -0.123626
    31 3.941985 0.050854 0.431264 -0.047387 -0.277928 0.116652
    32 1.539096 -0.000001 0.000000 0.000000 0.000266 -0.166515
    33 1.196321 0.000000 0.000000 0.000000 0.000447 -0.140814
    34 3.881388 -0.047033 -0.427603 -0.063128 -0.051998 0.066143
    35 1.719579 0.000001 0.000000 -0.002481 -0.007539 -0.197014
    36 1.209177 0.000000 0.000000 -0.001965 -0.003870 0.097360
    37 3.863492 -0.148208 -1.328247 -0.138608 0.440793 -0.007904
    38 1.719428 -0.000001 -0.000001 -0.002157 -0.006148 -0.149142
    39 1.099665 0.000000 0.000000 -0.000539 -0.004038 -0.229594
    40 0.807598 -0.358882 -1.316680 1.091666 0.599169 -1.009808
    41 1.789785 0.000000 -0.000001 -0.001558 0.000451 0.024956
    42 1.207004 0.000000 0.000000 0.000000 0.000455 -0.014939
  time 68
    0 -0.002329 -13.531663 -29.431290 1.570796 0.000000 0.000000
    1 0.000000 3.345132 -2.981898 1.570796 0.086285 1.570796
    2 4.015371 0.000000 0.000000 0.000000 0.000000 -0.029235
    3 3.520296 0.000000 0.000000 0.000000 0.000000 0.100327
    4 8.941008 0.000000 0.000000 0.000000 0.000000 0.194095
    5 2.036092 0.997454 1.937661 1.666082 -1.494555 2.872762
    6 6.028141 0.000000 0.000000 -1.622148 -0.932732 -0.323192
    7 11.692555 0.000000 0.000000 0.000000 0.000000 -0.937768
    8 11.481671 0.000000 -0.000033 2.497255 -0.522320 -0.784700
    9 3.858223 -0.139536 -1.192189 -0.229426 0.881704 -0.034367
    10 1.312564 -0.000002 0.000000 0.000024 -0.000182 0.032770
    11 0.729363 0.000000 0.000000 0.000012 -0.000093 0.182053
    12 3.941966 0.046948 -0.435170 -0.002769 0.327352 -0.139081
    13 1.539098 -0.000001 0.000000 0.000000 -0.000086 -0.050752
    14 1.196321 0.000001 0.000000 0.000024 -0.000136 -0.137119
    15 3.881372 -0.043128 0.427603 0.097871 0.075332 -0.111931
    16 1.719579 -0.000001 0.000000 -0.000216 0.005346 -0.150899
    17 1.209176 0.000000 0.000000 -0.000120 0.002983 -0.007753
    18 3.863473 -0.136491 1.332153 0.346601 -0.296219 -0.232203
    19 1.719429 0.000001 0.000001 -0.000503 0.005009 -0.070282
    20 1.099664 0.000001 0.000000 -0.000096 0.002504 -0.112646
    21 0.807580 -0.347157 1.320587 -1.045837 -0.400657 -0.973580
    22 1.789782 0.000000 0.000000 0.000539 -0.001925 -0.038472
    23 1.207003 0.000000 0.000000 0.000000 -0.000227 -0.090263
    24 2.036095 0.997454 -1.937661 -1.919597 1.490672 2.688966
    25 6.028141 0.000003 0.000000 1.684405 0.974857 -0.658685
    26 11.692552 0.000000 -0.000001 0.000000 0.000000 -1.392920
    27 11.481652 -0.000001 0.000017 -2.444537 0.423032 -0.231193
    28 3.858241 -0.131719 1.196095 -0.099340 -0.886571 0.425551
    29 1.312565 0.000000 0.000000 0.000000 0.000613 -0.208648
    30 0.729363 0.000000 0.000000 0.000000 0.000309 -0.133488
    31 3.941985 0.050854 0.431264 -0.047195 -0.277580 0.109215
    32 1.539096 -0.000001 0.000000 0.000000 0.000302 -0.182064
    33 1.196321 0.000000 0.000000 0.000000 0.000495 -0.153355
    34 3.881388 -0.047033 -0.427603 -0.063931 -0.053341 0.059234
    35 1.719579 0.000001 0.000000 -0.002493 -0.007527 -0.214362
    36 1.209177 0.000000 0.000000 -0.001989 -0.003834 0.085453
    37 3.863492 -0.148208 -1.328247 -0.139795 0.435970 -0.017701
    38 1.719428 -0.000001 -0.000001 -0.002133 -0.006148 -0.168146
    39 1.099665 0.000000 0.000000 -0.000539 -0.004026 -0.243143
    40 0.807598 -0.358882 -1.316680 1.093631 0.596796 -1.007520
    41 1.789785 0.000000 -0.000001 -0.001726 0.000499 0.030313
    42 1.207004 0.000000 0.000000 0.000000 0.000503 -0.008220
  time 69
    0 -0.002329 -13.531663 -29.431290 1.570796 0.000000 0.000000
    1 0.000000 3.345132 -2.981898 1.570796 0.086285 1.570796
    2 4.015371 0.000000 0.000000 0.000000 0.000000 -0.029235
    3 3.520296 0.000000 0.000000 0.000000 0.000000 0.100327
    4 8.941008 0.000000 0.000000 0.000000 0.000000 0.194095
    5 2.036092 0.997454 1.937661 1.665746 -1.494291 2.873086
    6 6.028141 0.000000 0.000000 -1.628756 -0.931462 -0.325409
    7 11.692555 0.000000 0.000000 0.000000 0.000000 -0.937525
    8 11.481671 0.000000 -0.000033 2.479707 -0.519870 -0.774843
    9 3.858223 -0.139536 -1.192189 -0.229042 0.878173 -0.046777
    10 1.312564 -0.000002 0.000000 0.000036 -0.000230 0.015765
    11 0.729363 0.000000 0.000000 0.000012 -0.000117 0.164203
    12 3.941966 0.046948 -0.435170 0.000011 0.326885 -0.146335
    13 1.539098 -0.000001 0.000000 0.000012 -0.000098 -0.068730
    14 1.196321 0.000001 0.000000 0.000036 -0.000172 -0.161074
    15 3.881372 -0.043128 0.427603 0.099825 0.076962 -0.117772
    16 1.719579 -0.000001 0.000000 -0.000276 0.005310 -0.168669
    17 1.209176 0.000000 0.000000 -0.000144 0.002960 -0.030696
    18 3.863473 -0.136491 1.332153 0.349429 -0.292229 -0.239223
    19 1.719429 0.000001 0.000001 -0.000635 0.005249 -0.082262
    20 1.099664 0.000001 0.000000 -0.000120 0.002492 -0.124831
    21 0.807580 -0.347157 1.320587 -1.049001 -0.397242 -0.972350
    22 1.789782 0.000000 0.000000 0.000671 -0.002393 -0.036076
    23 1.207003 0.000000 0.000000 0.000000 -0.000287 -0.083016
    24 2.036095 0.997454 -1.937661 -1.917428 1.490193 2.691136
    25 6.028141 0.000003 0.000000 1.689151 0.974241 -0.650224
    26 11.692552 0.000000 -0.000001 0.000000 0.000000 -1.394772
    27 11.481652 -0.000001 0.000017 -2.437566 0.417599 -0.230537
    28 3.858241 -0.131719 1.196095 -0.094160 -0.882463 0.410742
    29 1.312565 0.000000 0.000000 0.000000 0.000661 -0.224518
    30 0.729363 0.000000 0.000000 0.000000 0.000345 -0.144434
    31 3.941985 0.050854 0.431264 -0.046931 -0.277125 0.100866
    32 1.539096 -0.000001 0.000000 0.000000 0.000326 -0.199016
    33 1.196321 0.000000 0.000000 0.000000 0.000543 -0.166570
    34 3.881388 -0.047033 -0.427603 -0.064806 -0.054731 0.051631
    35 1.719579 0.000001 0.000000 -0.002505 -0.007527 -0.233062
    36 1.209177 0.000000 0.000000 -0.002013 -0.003810 0.072675
    37 3.863492 -0.148208 -1.328247 -0.141149 0.430754 -0.028520
    38 1.719428 -0.000001 -0.000001 -0.002109 -0.006136 -0.187845
    39 1.099665 0.000000 0.000000 -0.000539 -0.004014 -0.257045
    40 0.807598 -0.358882 -1.316680 1.095417 0.594639 -1.005407
    41 1.789785 0.000000 -0.000001 -0.001882 0.000547 0.036437
    42 1.207004 0.000000 0.000000 0.000000 0.000551 0.000072
  time 70
    0 -0.002329 -13.531663 -29.431290 1.570796 0.000000 0.000000
    1 0.000000 3.345132 -2.981898 1.570796 0.086285 1.570796
    2 4.015371 0.000000 0.000000 0.000000 0.000000 -0.029235
    3 3.520296 0.000000 0.000000 0.000000 0.000000 0.100327
    4 8.941008 0.000000 0.000000 0.000000 0.000000 0.194095
    5 2.036092 0.997454 1.937661 1.665399 -1.494004 2.873445
    6 6.028141 0.000000 0.000000 -1.635305 -0.930161 -0.327218
    7 11.692555 0.000000 0.000000 0.000000 0.000000 -0.937342
    8 11.481671 0.000000 -0.000033 2.461759 -0.517205 -0.764771
    9 3.858223 -0.139536 -1.192189 -0.229102 0.874405 -0.060258
    10 1.312564 -0.000002 0.000000 0.000048 -0.000278 -0.001979
    11 0.729363 0.000000 0.000000 0.000024 -0.000141 0.145861
    12 3.941966 0.046948 -0.435170 0.002744 0.326382 -0.153986
    13 1.539098 -0.000001 0.000000 0.000012 -0.000122 -0.087357
    14 1.196321 0.000001 0.000000 0.000048 -0.000208 -0.186330
    15 3.881372 -0.043128 0.427603 0.101790 0.078604 -0.123809
    16 1.719579 -0.000001 0.000000 -0.000324 0.005274 -0.187066
    17 1.209176 0.000000 0.000000 -0.000180 0.002936 -0.054734
    18 3.863473 -0.136491 1.332153 0.352245 -0.288226 -0.246283
    19 1.719429 0.000001 0.000001 -0.000767 0.005488 -0.094279
    20 1.099664 0.000001 0.000000 -0.000144 0.002468 -0.137042
    21 0.807580 -0.347157 1.320587 -1.052165 -0.393802 -0.971120
    22 1.789782 0.000000 0.000000 0.000803 -0.002860 -0.033680
    23 1.207003 0.000000 0.000000 0.000000 -0.000347 -0.075750
    24 2.036095 0.997454 -1.937661 -1.914132 1.489450 2.694443
    25 6.028141 0.000003 0.000000 1.694280 0.973077 -0.639174
    26 11.692552 0.000000 -0.000001 0.000000 0.000000 -1.397549
    27 11.481652 -0.000001 0.000017 -2.428272 0.410817 -0.229496
    28 3.858241 -0.131719 1.196095 -0.087874 -0.877562 0.392409
    29 1.312565 0.000000 0.000000 0.000000 0.000721 -0.242236
    30 0.729363 0.000000 0.000000 0.000000 0.000369 -0.157435
    31 3.941985 0.050854 0.431264 -0.046524 -0.276442 0.090852
    32 1.539096 -0.000001 0.000000 0.000000 0.000350 -0.218595
    33 1.196321 0.000000 0.000000 0.000000 0.000579 -0.180993
    34 3.881388 -0.047033 -0.427603 -0.065800 -0.056217 0.042762
    35 1.719579 0.000001 0.000000 -0.002529 -0.007515 -0.254220
    36 1.209177 0.000000 0.000000 -0.002049 -0.003774 0.058322
    37 3.863492 -0.148208 -1.328247 -0.142803 0.424833 -0.041267
    38 1.719428 -0.000001 -0.000001 -0.002097 -0.006124 -0.208750
    39 1.099665 0.000000 0.000000 -0.000563 -0.003991 -0.271404
    40 0.807598 -0.358882 -1.316680 1.096843 0.592937 -1.003594
    41 1.789785 0.000000 -0.000001 -0.002037 0.000583 0.043868
    42 1.207004 0.000000 0.000000 0.000000 0.000587 0.011160
  time 71
    0 -0.002329 -13.531663 -29.431290 1.570796 0.000000 0.000000
    1 0.000000 3.345132 -2.981898 1.570796 0.086285 1.570796
    2 4.015371 0.000000 0.000000 0.000000 0.000000 -0.029235
    3 3.520296 0.000000 0.000000 0.000000 0.000000 0.100327
    4 8.941008 0.000000 0.000000 0.000000 0.000000 0.194095
    5 2.036092 0.997454 1.937661 1.665015 -1.493692 2.873829
    6 6.028141 0.000000 0.000000 -1.641636 -0.928800 -0.328249
    7 11.692555 0.000000 0.000000 0.000000 0.000000 -0.937282
    8 11.481671 0.000000 -0.000033 2.443146 -0.514311 -0.754347
    9 3.858223 -0.139536 -1.192189 -0.229474 0.870397 -0.074593
    10 1.312564 -0.000002 0.000000 0.000060 -0.000326 -0.020345
    11 0.729363 0.000000 0.000000 0.000024 -0.000165 0.126982
    12 3.941966 0.046948 -0.435170 0.005464 0.325830 -0.161955
    13 1.539098 -0.000001 0.000000 0.000012 -0.000146 -0.106733
    14 1.196321 0.000001 0.000000 0.000048 -0.000244 -0.212742
    15 3.881372 -0.043128 0.427603 0.103755 0.080282 -0.130041
    16 1.719579 -0.000001 0.000000 -0.000383 0.005226 -0.206048
    17 1.209176 0.000000 0.000000 -0.000204 0.002912 -0.079755
    18 3.863473 -0.136491 1.332153 0.355062 -0.284175 -0.253344
    19 1.719429 0.000001 0.000001 -0.000899 0.005728 -0.106409
    20 1.099664 0.000001 0.000000 -0.000180 0.002445 -0.149357
    21 0.807580 -0.347157 1.320587 -1.055341 -0.390351 -0.969903
    22 1.789782 0.000000 0.000000 0.000935 -0.003327 -0.031266
    23 1.207003 0.000000 0.000000 0.000000 -0.000407 -0.068415
    24 2.036095 0.997454 -1.937661 -1.906725 1.487724 2.701874
    25 6.028141 0.000003 0.000000 1.699961 0.970304 -0.624361
    26 11.692552 0.000000 -0.000001 0.000000 0.000000 -1.403968
    27 11.481652 -0.000001 0.000017 -2.410401 0.399043 -0.227030
    28 3.858241 -0.131719 1.196095 -0.077696 -0.869790 0.361353
    29 1.312565 0.000000 0.000000 0.000000 0.000757 -0.266537
    30 0.729363 0.000000 0.000000 0.000000 0.000381 -0.177991
    31 3.941985 0.050854 0.431264 -0.045673 -0.274920 0.074824
    32 1.539096 -0.000001 0.000000 0.000000 0.000374 -0.247635
    33 1.196321 0.000000 0.000000 0.000000 0.000615 -0.199457
    34 3.881388 -0.047033 -0.427603 -0.067250 -0.058075 0.029487
    35 1.719579 0.000001 0.000000 -0.002565 -0.007491 -0.284252
    36 1.209177 0.000000 0.000000 -0.002097 -0.003727 0.038389
    37 3.863492 -0.148208 -1.328247 -0.145643 0.416406 -0.060975
    38 1.719428 -0.000001 -0.000001 -0.002133 -0.006100 -0.233223
    39 1.099665 0.000000 0.000000 -0.000599 -0.003967 -0.286928
    40 0.807598 -0.358882 -1.316680 1.097251 0.592530 -1.002681
    41 1.789785 0.000000 -0.000001 -0.002133 0.000619 0.054438
    42 1.207004 0.000000 0.000000 0.000000 0.000622 0.029084
  time 72
    0 -0.002329 -13.531663 -29.431290 1.570796 0.000000 0.000000
    1 0.000000 3.345132 -2.981898 1.570796 0.086285 1.570796
    2 4.015371 0.000000 0.000000 0.000000 0.000000 -0.029235
    3 3.520296 0.000000 0.000000 0.000000 0.000000 0.100327
    4 8.941008 0.000000 0.000000 0.000000 0.000000 0.194095
    5 2.036092 0.997454 1.937661 1.664572 -1.493333 2.874272
    6 6.028141 0.000000 0.000000 -1.647522 -0.927258 -0.327997
    7 11.692555 0.000000 0.000000 0.000000 0.000000 -0.937464
    8 11.481671 0.000000 -0.000033 2.423599 -0.511095 -0.743465
    9 3.858223 -0.139536 -1.192189 -0.230061 0.866128 -0.089714
    10 1.312564 -0.000002 0.000000 0.000072 -0.000374 -0.039413
    11 0.729363 0.000000 0.000000 0.000024 -0.000189 0.107537
    12 3.941966 0.046948 -0.435170 0.008173 0.325231 -0.170295
    13 1.539098 -0.000001 0.000000 0.000012 -0.000170 -0.126709
    14 1.196321 0.000001 0.000000 0.000060 -0.000280 -0.240224
    15 3.881372 -0.043128 0.427603 0.105757 0.081984 -0.136469
    16 1.719579 -0.000001 0.000000 -0.000431 0.005190 -0.225612
    17 1.209176 0.000000 0.000000 -0.000240 0.002888 -0.105695
    18 3.863473 -0.136491 1.332153 0.357890 -0.280064 -0.260525
    19 1.719429 0.000001 0.000001 -0.001031 0.005968 -0.118688
    20 1.099664 0.000001 0.000000 -0.000204 0.002421 -0.161852
    21 0.807580 -0.347157 1.320587 -1.058540 -0.386875 -0.968687
    22 1.789782 0.000000 0.000000 0.001079 -0.003795 -0.028778
    23 1.207003 0.000000 0.000000 0.000000 -0.000455 -0.060959
    24 2.036095 0.997454 -1.937661 -1.889408 1.483362 2.719264
    25 6.028141 0.000003 0.000000 1.705126 0.964278 -0.607582
    26 11.692552 0.000000 -0.000001 0.000000 0.000000 -1.419090
    27 11.481652 -0.000001 0.000017 -2.368534 0.374520 -0.222258
    28 3.858241 -0.131719 1.196095 -0.055840 -0.856671 0.302833
    29 1.312565 0.000000 0.000000 0.000000 0.000757 -0.300440
    30 0.729363 0.000000 0.000000 0.000000 0.000381 -0.211220
    31 3.941985 0.050854 0.431264 -0.043288 -0.271996 0.045534
    32 1.539096 -0.000001 0.000000 0.000000 0.000374 -0.294765
    33 1.196321 0.000000 0.000000 0.000000 0.000615 -0.224064
    34 3.881388 -0.047033 -0.427603 -0.069527 -0.060567 0.009635
    35 1.719579 0.000001 0.000000 -0.002649 -0.007467 -0.328823
    36 1.209177 0.000000 0.000000 -0.002181 -0.003643 0.010470
    37 3.863492 -0.148208 -1.328247 -0.150209 0.403834 -0.092068
    38 1.719428 -0.000001 -0.000001 -0.002241 -0.006028 -0.261915
    39 1.099665 0.000000 0.000000 -0.000695 -0.003919 -0.302730
    40 0.807598 -0.358882 -1.316680 1.096939 0.594950 -1.001668
    41 1.789785 0.000000 -0.000001 -0.002145 0.000619 0.065560
    42 1.207004 0.000000 0.000000 0.000000 0.000622 0.048111
  time 73
    0 -0.002329 -13.531663 -29.431290 1.570796 0.000000 0.000000
    1 0.000000 3.345132 -2.981898 1.570796 0.086285 1.570796
    2 4.015371 0.000000 0.000000 0.000000 0.000000 -0.029235
    3 3.520296 0.000000 0.000000 0.000000 0.000000 0.100327
    4 8.941008 0.000000 0.000000 0.000000 0.000000 0.194095
    5 2.036092 0.997454 1.937661 1.664032 -1.492889 2.874812
    6 6.028141 0.000000 0.000000 -1.652674 -0.925352 -0.325732
    7 11.692555 0.000000 0.000000 0.000000 0.000000 -0.938194
    8 11.481671 0.000000 -0.000033 2.402541 -0.507404 -0.731853
    9 3.858223 -0.139536 -1.192189 -0.230792 0.861572 -0.105548
    10 1.312564 -0.000002 0.000000 0.000072 -0.000421 -0.059180
    11 0.729363 0.000000 0.000000 0.000036 -0.000213 0.087422
    12 3.941966 0.046948 -0.435170 0.010905 0.324584 -0.179005
    13 1.539098 -0.000001 0.000000 0.000012 -0.000194 -0.147383
    14 1.196321 0.000001 0.000000 0.000072 -0.000316 -0.268776
    15 3.881372 -0.043128 0.427603 0.107782 0.083734 -0.143204
    16 1.719579 -0.000001 0.000000 -0.000491 0.005142 -0.245805
    17 1.209176 0.000000 0.000000 -0.000276 0.002864 -0.132569
    18 3.863473 -0.136491 1.332153 0.360766 -0.275834 -0.267908
    19 1.719429 0.000001 0.000001 -0.001163 0.006207 -0.131230
    20 1.099664 0.000001 0.000000 -0.000228 0.002409 -0.174631
    21 0.807580 -0.347157 1.320587 -1.061788 -0.383340 -0.967470
    22 1.789782 0.000000 0.000000 0.001210 -0.004286 -0.026216
    23 1.207003 0.000000 0.000000 0.000000 -0.000515 -0.053293
    24 2.036095 0.997454 -1.937661 -1.872306 1.478556 2.736437
    25 6.028141 0.000003 0.000000 1.708242 0.958971 -0.593536
    26 11.692552 0.000000 -0.000001 0.000000 0.000000 -1.432360
    27 11.481652 -0.000001 0.000017 -2.320711 0.348930 -0.219475
    28 3.858241 -0.131719 1.196095 -0.028804 -0.846548 0.248725
    29 1.312565 0.000000 0.000000 0.000000 0.000769 -0.323569
    30 0.729363 0.000000 0.000000 0.000000 0.000381 -0.234361
    31 3.941985 0.050854 0.431264 -0.039932 -0.270186 0.017667
    32 1.539096 -0.000001 0.000000 0.000000 0.000374 -0.333967
    33 1.196321 0.000000 0.000000 0.000000 0.000615 -0.242528
    34 3.881388 -0.047033 -0.427603 -0.071301 -0.062653 -0.003338
    35 1.719579 0.000001 0.000000 -0.002709 -0.007491 -0.361863
    36 1.209177 0.000000 0.000000 -0.002265 -0.003571 -0.007790
    37 3.863492 -0.148208 -1.328247 -0.152882 0.394241 -0.113402
    38 1.719428 -0.000001 -0.000001 -0.002337 -0.006004 -0.283654
    39 1.099665 0.000000 0.000000 -0.000779 -0.003883 -0.314531
    40 0.807598 -0.358882 -1.316680 1.098149 0.599529 -0.998155
    41 1.789785 0.000000 -0.000001 -0.002145 0.000607 0.070401
    42 1.207004 0.000000 0.000000 0.000000 0.000622 0.053561
  time 74
    0 -0.002329 -13.531663 -29.431290 1.570796 0.000000 0.000000
    1 0.000000 3.345132 -2.981898 1.570796 0.086285 1.570796
    2 4.015371 0.000000 0.000000 0.000000 0.000000 -0.029235
    3 3.520296 0.000000 0.000000 0.000000 0.000000 0.100327
    4 8.941008 0.000000 0.000000 0.000000 0.000000 0.194095
    5 2.036092 0.997454 1.937661 1.663301 -1.492266 2.875543
    6 6.028141 0.000000 0.000000 -1.656574 -0.922751 -0.320207
    7 11.692555 0.000000 0.000000 0.000000 0.000000 -0.940081
    8 11.481671 0.000000 -0.000033 2.378419 -0.502917 -0.718784
    9 3.858223 -0.139536 -1.192189 -0.231571 0.856706 -0.122130
    10 1.312564 -0.000002 0.000000 0.000084 -0.000469 -0.079765
    11 0.729363 0.000000 0.000000 0.000036 -0.000237 0.066457
    12 3.941966 0.046948 -0.435170 0.013698 0.323853 -0.188165
    13 1.539098 -0.000001 0.000000 0.000024 -0.000218 -0.168857
    14 1.196321 0.000001 0.000000 0.000072 -0.000352 -0.298455
    15 3.881372 -0.043128 0.427603 0.109868 0.085519 -0.150274
    16 1.719579 -0.000001 0.000000 -0.000551 0.005106 -0.266716
    17 1.209176 0.000000 0.000000 -0.000300 0.002840 -0.160393
    18 3.863473 -0.136491 1.332153 0.363715 -0.271411 -0.275614
    19 1.719429 0.000001 0.000001 -0.001294 0.006447 -0.144258
    20 1.099664 0.000001 0.000000 -0.000252 0.002385 -0.187901
    21 0.807580 -0.347157 1.320587 -1.065108 -0.379720 -0.966254
    22 1.789782 0.000000 0.000000 0.001354 -0.004790 -0.023525
    23 1.207003 0.000000 0.000000 0.000000 -0.000574 -0.045313
    24 2.036095 0.997454 -1.937661 -1.855791 1.473354 2.753024
    25 6.028141 0.000003 0.000000 1.709549 0.954349 -0.581947
    26 11.692552 0.000000 -0.000001 0.000000 0.000000 -1.444025
    27 11.481652 -0.000001 0.000017 -2.267522 0.322498 -0.218457
    28 3.858241 -0.131719 1.196095 0.003337 -0.839122 0.197866
    29 1.312565 0.000000 0.000000 0.000000 0.000769 -0.337455
    30 0.729363 0.000000 0.000000 0.000000 0.000381 -0.248359
    31 3.941985 0.050854 0.431264 -0.035606 -0.269347 -0.009100
    32 1.539096 -0.000001 0.000000 0.000000 0.000374 -0.366030
    33 1.196321 0.000000 0.000000 0.000000 0.000615 -0.255545
    34 3.881388 -0.047033 -0.427603 -0.072596 -0.064343 -0.010186
    35 1.719579 0.000001 0.000000 -0.002744 -0.007539 -0.384625
    36 1.209177 0.000000 0.000000 -0.002349 -0.003523 -0.017406
    37 3.863492 -0.148208 -1.328247 -0.154092 0.387440 -0.126074
    38 1.719428 -0.000001 -0.000001 -0.002397 -0.006004 -0.299321
    39 1.099665 0.000000 0.000000 -0.000839 -0.003859 -0.322736
    40 0.807598 -0.358882 -1.316680 1.100858 0.606036 -0.992278
    41 1.789785 0.000000 -0.000001 -0.002145 0.000583 0.069610
    42 1.207004 0.000000 0.000000 -0.000012 0.000622 0.046796
  time 75
    0 -0.002329 -13.531663 -29.431290 1.570796 0.000000 0.000000
    1 0.000000 3.345132 -2.981898 1.570796 0.086285 1.570796
    2 4.015371 0.000000 0.000000 0.000000 0.000000 -0.029235
    3 3.520296 0.000000 0.000000 0.000000 0.000000 0.100327
    4 8.941008 0.000000 0.000000 0.000000 0.000000 0.194095
    5 2.036092 0.997454 1.937661 1.661635 -1.490828 2.877220
    6 6.028141 0.000000 0.000000 -1.658308 -0.917094 -0.308666
    7 11.692555 0.000000 0.000000 0.000000 0.000000 -0.947628
    8 11.481671 0.000000 -0.000033 2.339903 -0.495031 -0.698828
    9 3.858223 -0.139536 -1.192189 -0.232266 0.851387 -0.139533
    10 1.312564 -0.000002 0.000000 0.000096 -0.000517 -0.101478
    11 0.729363 0.000000 0.000000 0.000036 -0.000261 0.044301
    12 3.941966 0.046948 -0.435170 0.016586 0.323026 -0.197882
    13 1.539098 -0.000001 0.000000 0.000024 -0.000242 -0.191379
    14 1.196321 0.000001 0.000000 0.000084 -0.000388 -0.329450
    15 3.881372 -0.043128 0.427603 0.112061 0.087401 -0.157848
    16 1.719579 -0.000001 0.000000 -0.000611 0.005058 -0.288569
    17 1.209176 0.000000 0.000000 -0.000336 0.002816 -0.189362
    18 3.863473 -0.136491 1.332153 0.366795 -0.266677 -0.283845
    19 1.719429 0.000001 0.000001 -0.001426 0.006675 -0.158035
    20 1.099664 0.000001 0.000000 -0.000288 0.002361 -0.201971
    21 0.807580 -0.347157 1.320587 -1.068572 -0.375969 -0.965024
    22 1.789782 0.000000 0.000000 0.001510 -0.005305 -0.020576
    23 1.207003 0.000000 0.000000 0.000000 -0.000622 -0.036759
    24 2.036095 0.997454 -1.937661 -1.840067 1.467794 2.768820
    25 6.028141 0.000003 0.000000 1.709249 0.950309 -0.572515
    26 11.692552 0.000000 -0.000001 0.000000 0.000000 -1.454394
    27 11.481652 -0.000001 0.000017 -2.209475 0.295386 -0.218932
    28 3.858241 -0.131719 1.196095 0.040264 -0.834073 0.149093
    29 1.312565 0.000000 0.000000 0.000000 0.000781 -0.343722
    30 0.729363 0.000000 0.000000 0.000000 0.000393 -0.254374
    31 3.941985 0.050854 0.431264 -0.030321 -0.269335 -0.035088
    32 1.539096 -0.000001 0.000000 0.000000 0.000374 -0.391916
    33 1.196321 0.000000 0.000000 0.000000 0.000615 -0.263925
    34 3.881388 -0.047033 -0.427603 -0.073458 -0.065661 -0.011906
    35 1.719579 0.000001 0.000000 -0.002756 -0.007611 -0.398763
    36 1.209177 0.000000 0.000000 -0.002409 -0.003487 -0.019557
    37 3.863492 -0.148208 -1.328247 -0.154212 0.383091 -0.131407
    38 1.719428 -0.000001 -0.000001 -0.002433 -0.006016 -0.309842
    39 1.099665 0.000000 0.000000 -0.000875 -0.003847 -0.327826
    40 0.807598 -0.358882 -1.316680 1.104981 0.614198 -0.984263
    41 1.789785 0.000000 -0.000001 -0.002157 0.000559 0.063918
    42 1.207004 0.000000 0.000000 -0.000036 0.000622 0.029460
  time 76
    0 -0.002329 -13.531663 -29.431290 1.570796 0.000000 0.000000
    1 0.000000 3.345132 -2.981898 1.570796 0.086285 1.570796
    2 4.015371 0.000000 0.000000 0.000000 0.000000 -0.029235
    3 3.520296 0.000000 0.000000 0.000000 0.000000 0.100327
    4 8.941008 0.000000 0.000000 0.000000 0.000000 0.194095
    5 2.036092 0.997454 1.937661 1.654924 -1.484452 2.883944
    6 6.028141 0.000000 0.000000 -1.659608 -0.896677 -0.293434
    7 11.692555 0.000000 0.000000 0.000000 0.000000 -0.989072
    8 11.481671 0.000000 -0.000033 2.225376 -0.468354 -0.650653
    9 3.858223 -0.139536 -1.192189 -0.232626 0.845400 -0.158041
    10 1.312564 -0.000002 0.000000 0.000108 -0.000565 -0.124942
    11 0.729363 0.000000 0.000000 0.000048 -0.000285 0.019998
    12 3.941966 0.046948 -0.435170 0.019726 0.322007 -0.208551
    13 1.539098 -0.000001 0.000000 0.000024 -0.000266 -0.215500
    14 1.196321 0.000001 0.000000 0.000096 -0.000424 -0.362339
    15 3.881372 -0.043128 0.427603 0.114446 0.089438 -0.166316
    16 1.719579 -0.000001 0.000000 -0.000671 0.005010 -0.311992
    17 1.209176 0.000000 0.000000 -0.000372 0.002780 -0.219974
    18 3.863473 -0.136491 1.332153 0.370162 -0.261296 -0.293164
    19 1.719429 0.000001 0.000001 -0.001558 0.006891 -0.173347
    20 1.099664 0.000001 0.000000 -0.000312 0.002337 -0.217719
    21 0.807580 -0.347157 1.320587 -1.072299 -0.371954 -0.963794
    22 1.789782 0.000000 0.000000 0.001666 -0.005880 -0.017129
    23 1.207003 0.000000 0.000000 0.000000 -0.000682 -0.027037
    24 2.036095 0.997454 -1.937661 -1.825266 1.461921 2.783705
    25 6.028141 0.000003 0.000000 1.707511 0.946782 -0.565073
    26 11.692552 0.000000 -0.000001 0.000000 0.000000 -1.463529
    27 11.481652 -0.000001 0.000017 -2.147118 0.267752 -0.220719
    28 3.858241 -0.131719 1.196095 0.081538 -0.830880 0.101483
    29 1.312565 0.000000 0.000000 0.000000 0.000793 -0.344082
    30 0.729363 0.000000 0.000000 0.000000 0.000393 -0.253643
    31 3.941985 0.050854 0.431264 -0.024148 -0.269970 -0.060592
    32 1.539096 -0.000001 0.000000 -0.000012 0.000374 -0.412766
    33 1.196321 0.000000 0.000000 0.000000 0.000615 -0.268541
    34 3.881388 -0.047033 -0.427603 -0.073938 -0.066620 -0.009492
    35 1.719579 0.000001 0.000000 -0.002744 -0.007707 -0.406033
    36 1.209177 0.000000 0.000000 -0.002469 -0.003463 -0.015550
    37 3.863492 -0.148208 -1.328247 -0.153529 0.380828 -0.130726
    38 1.719428 -0.000001 -0.000001 -0.002433 -0.006052 -0.316285
    39 1.099665 0.000000 0.000000 -0.000899 -0.003847 -0.330383
    40 0.807598 -0.358882 -1.316680 1.110458 0.623713 -0.974322
    41 1.789785 0.000000 -0.000001 -0.002169 0.000535 0.054162
    42 1.207004 0.000000 0.000000 -0.000048 0.000610 0.003384
  time 77
    0 -0.002329 -13.531663 -29.431290 1.570796 0.000000 0.000000
    1 0.000000 3.345132 -2.981898 1.570796 0.086285 1.570796
    2 4.015371 0.000000 0.000000 0.000000 0.000000 -0.029235
    3 3.520296 0.000000 0.000000 0.000000 0.000000 0.100327
    4 8.941008 0.000000 0.000000 0.000000 0.000000 0.194095
    5 2.036092 0.997454 1.937661 1.648285 -1.477046 2.890619
    6 6.028141 0.000000 0.000000 -1.662135 -0.879225 -0.282995
    7 11.692555 0.000000 0.000000 0.000000 0.000000 -1.029543
    8 11.481671 0.000000 -0.000033 2.107251 -0.438630 -0.612659
    9 3.858223 -0.139536 -1.192189 -0.230876 0.836932 -0.180258
    10 1.312564 -0.000002 0.000000 0.000108 -0.000601 -0.155722
    11 0.729363 0.000000 0.000000 0.000048 -0.000309 -0.013676
    12 3.941966 0.046948 -0.435170 0.024124 0.320162 -0.223112
    13 1.539098 -0.000001 0.000000 0.000024 -0.000278 -0.246062
    14 1.196321 0.000001 0.000000 0.000096 -0.000447 -0.401704
    15 3.881372 -0.043128 0.427603 0.117813 0.092183 -0.178780
    16 1.719579 -0.000001 0.000000 -0.000779 0.004938 -0.341743
    17 1.209176 0.000000 0.000000 -0.000431 0.002744 -0.256321
    18 3.863473 -0.136491 1.332153 0.375004 -0.252811 -0.307890
    19 1.719429 0.000001 0.000001 -0.001702 0.007046 -0.196183
    20 1.099664 0.000001 0.000000 -0.000360 0.002301 -0.241522
    21 0.807580 -0.347157 1.320587 -1.077368 -0.366645 -0.962444
    22 1.789782 0.000000 0.000000 0.001882 -0.006671 -0.011231
    23 1.207003 0.000000 0.000000 0.000000 -0.000730 -0.011705
    24 2.036095 0.997454 -1.937661 -1.811436 1.455773 2.797619
    25 6.028141 0.000003 0.000000 1.704479 0.943701 -0.559416
    26 11.692552 0.000000 -0.000001 0.000000 0.000000 -1.471614
    27 11.481652 -0.000001 0.000017 -2.080748 0.239759 -0.223637
    28 3.858241 -0.131719 1.196095 0.126507 -0.828999 0.054113
    29 1.312565 0.000000 0.000000 0.000000 0.000805 -0.340385
    30 0.729363 0.000000 0.000000 0.000012 0.000393 -0.247501
    31 3.941985 0.050854 0.431264 -0.017149 -0.271073 -0.085990
    32 1.539096 -0.000001 0.000000 -0.000024 0.000374 -0.429717
    33 1.196321 0.000000 0.000000 0.000000 0.000627 -0.270304
    34 3.881388 -0.047033 -0.427603 -0.074070 -0.067279 -0.004032
    35 1.719579 0.000001 0.000000 -0.002697 -0.007815 -0.408139
    36 1.209177 0.000000 0.000000 -0.002517 -0.003451 -0.006764
    37 3.863492 -0.148208 -1.328247 -0.152294 0.380232 -0.125431
    38 1.719428 -0.000001 -0.000001 -0.002421 -0.006112 -0.319669
    39 1.099665 0.000000 0.000000 -0.000911 -0.003847 -0.330941
    40 0.807598 -0.358882 -1.316680 1.117181 0.634236 -0.962718
    41 1.789785 0.000000 -0.000001 -0.002169 0.000511 0.041207
    42 1.207004 0.000000 0.000000 -0.000072 0.000610 -0.029597
  time 78
    0 -0.002329 -13.531663 -29.431290 1.570796 0.000000 0.000000
    1 0.000000 3.345132 -2.981898 1.570796 0.086285 1.570796
    2 4.015371 0.000000 0.000000 0.000000 0.000000 -0.029235
    3 3.520296 0.000000 0.000000 0.000000 0.000000 0.100327
    4 8.941008 0.000000 0.000000 0.000000 0.000000 0.194095
    5 2.036092 0.997454 1.937661 1.642148 -1.468968 2.896791
    6 6.028141 0.000000 0.000000 -1.665434 -0.864101 -0.275840
    7 11.692555 0.000000 0.000000 0.000000 0.000000 -1.068858
    8 11.481671 0.000000 -0.000033 1.987571 -0.407252 -0.582226
    9 3.858223 -0.139536 -1.192189 -0.227640 0.819972 -0.219308
    10 1.312564 -0.000002 0.000000 0.000120 -0.000601 -0.211328
    11 0.729363 0.000000 0.000000 0.000048 -0.000309 -0.074126
    12 3.941966 0.046948 -0.435170 0.034096 0.315787 -0.245192
    13 1.539098 -0.000001 0.000000 0.000036 -0.000278 -0.297699
    14 1.196321 0.000001 0.000000 0.000096 -0.000447 -0.452303
    15 3.881372 -0.043128 0.427603 0.121696 0.096713 -0.199098
    16 1.719579 -0.000001 0.000000 -0.001007 0.004807 -0.388366
    17 1.209176 0.000000 0.000000 -0.000539 0.002660 -0.301014
    18 3.863473 -0.136491 1.332153 0.380685 -0.233073 -0.329031
    19 1.719429 0.000001 0.000001 -0.001858 0.006962 -0.244889
    20 1.099664 0.000001 0.000000 -0.000443 0.002229 -0.288405
    21 0.807580 -0.347157 1.320587 -1.085230 -0.361444 -0.964168
    22 1.789782 0.000000 0.000000 0.002361 -0.008685 -0.008670
    23 1.207003 0.000000 0.000000 0.000000 -0.000730 0.014987
    24 2.036095 0.997454 -1.937661 -1.798576 1.449373 2.810574
    25 6.028141 0.000003 0.000000 1.700272 0.940996 -0.555401
    26 11.692552 0.000000 -0.000001 0.000000 0.000000 -1.478774
    27 11.481652 -0.000001 0.000017 -2.010829 0.211498 -0.227528
    28 3.858241 -0.131719 1.196095 0.174476 -0.827761 0.006298
    29 1.312565 0.000000 0.000000 0.000000 0.000817 -0.334389
    30 0.729363 0.000000 0.000000 0.000012 0.000393 -0.237337
    31 3.941985 0.050854 0.431264 -0.009395 -0.272451 -0.111548
    32 1.539096 -0.000001 0.000000 -0.000024 0.000374 -0.443908
    33 1.196321 0.000000 0.000000 0.000000 0.000627 -0.270106
    34 3.881388 -0.047033 -0.427603 -0.073902 -0.067650 0.003451
    35 1.719579 0.000001 0.000000 -0.002637 -0.007935 -0.406885
    36 1.209177 0.000000 0.000000 -0.002553 -0.003451 0.005452
    37 3.863492 -0.148208 -1.328247 -0.150748 0.380842 -0.116882
    38 1.719428 -0.000001 -0.000001 -0.002373 -0.006171 -0.321106
    39 1.099665 0.000000 0.000000 -0.000899 -0.003859 -0.330079
    40 0.807598 -0.358882 -1.316680 1.125031 0.645453 -0.949714
    41 1.789785 0.000000 -0.000001 -0.002181 0.000475 0.025939
    42 1.207004 0.000000 0.000000 -0.000096 0.000610 -0.067512
  time 79
    0 -0.002329 -13.531663 -29.431290 1.570796 0.000000 0.000000
    1 0.000000 3.345132 -2.981898 1.570796 0.086285 1.570796
    2 4.015371 0.000000 0.000000 0.000000 0.000000 -0.029235
    3 3.520296 0.000000 0.000000 0.000000 0.000000 0.100327
    4 8.941008 0.000000 0.000000 0.000000 0.000000 0.194095
    5 2.036092 0.997454 1.937661 1.636624 -1.460411 2.902340
    6 6.028141 0.000000 0.000000 -1.669201 -0.850853 -0.271214
    7 11.692555 0.000000 0.000000 0.000000 0.000000 -1.107016
    8 11.481671 0.000000 -0.000033 1.867403 -0.375047 -0.557734
    9 3.858223 -0.139536 -1.192189 -0.240200 0.807044 -0.260782
    10 1.312564 -0.000002 0.000000 0.000132 -0.000601 -0.252848
    11 0.729363 0.000000 0.000000 0.000048 -0.000309 -0.104970
    12 3.941966 0.046948 -0.435170 0.042245 0.313618 -0.250725
    13 1.539098 -0.000001 0.000000 0.000048 -0.000278 -0.335852
    14 1.196321 0.000001 0.000000 0.000108 -0.000447 -0.474942
    15 3.881372 -0.043128 0.427603 0.118449 0.098379 -0.201445
    16 1.719579 -0.000001 0.000000 -0.001210 0.004747 -0.415244
    17 1.209176 0.000000 0.000000 -0.000587 0.002624 -0.318350
    18 3.863473 -0.136491 1.332153 0.376334 -0.220249 -0.318138
    19 1.719429 0.000001 0.000001 -0.001989 0.006950 -0.275288
    20 1.099664 0.000001 0.000000 -0.000479 0.002193 -0.307793
    21 0.807580 -0.347157 1.320587 -1.086824 -0.366705 -0.971494
    22 1.789782 0.000000 0.000000 0.002744 -0.010758 -0.030565
    23 1.207003 0.000000 0.000000 0.000000 -0.000730 0.015126
    24 2.036095 0.997454 -1.937661 -1.786664 1.442746 2.822583
    25 6.028141 0.000003 0.000000 1.695035 0.938668 -0.552885
    26 11.692552 0.000000 -0.000001 0.000000 0.000000 -1.485131
    27 11.481652 -0.000001 0.000017 -1.937615 0.183118 -0.232278
    28 3.858241 -0.131719 1.196095 0.224640 -0.826598 -0.042646
    29 1.312565 0.000000 0.000000 -0.000012 0.000817 -0.327807
    30 0.729363 0.000000 0.000000 0.000012 0.000393 -0.224411
    31 3.941985 0.050854 0.431264 -0.000982 -0.273925 -0.137563
    32 1.539096 -0.000001 0.000000 -0.000036 0.000374 -0.456392
    33 1.196321 0.000000 0.000000 0.000000 0.000627 -0.268858
    34 3.881388 -0.047033 -0.427603 -0.073482 -0.067794 0.011898
    35 1.719579 0.000001 0.000000 -0.002541 -0.008042 -0.403927
    36 1.209177 0.000000 0.000000 -0.002577 -0.003463 0.019734
    37 3.863492 -0.148208 -1.328247 -0.149119 0.382237 -0.106328
    38 1.719428 -0.000001 -0.000001 -0.002313 -0.006243 -0.321569
    39 1.099665 0.000000 0.000000 -0.000875 -0.003871 -0.328357
    40 0.807598 -0.358882 -1.316680 1.133888 0.657067 -0.935585
    41 1.789785 0.000000 -0.000001 -0.002193 0.000451 0.009196
    42 1.207004 0.000000 0.000000 -0.000108 0.000610 -0.108551
  time 80
    0 -0.002329 -13.531663 -29.431290 1.570796 0.000000 0.000000
    1 0.000000 3.345132 -2.981898 1.570796 0.086285 1.570796
    2 4.015371 0.000000 0.000000 0.000000 0.000000 -0.029235
    3 3.520296 0.000000 0.000000 0.000000 0.000000 0.100327
    4 8.941008 0.000000 0.000000 0.000000 0.000000 0.194095
    5 2.036092 0.997454 1.937661 1.631722 -1.451507 2.907278
    6 6.028141 0.000000 0.000000 -1.673210 -0.839238 -0.268662
    7 11.692555 0.000000 0.000000 0.000000 0.000000 -1.144079
    8 11.481671 0.000000 -0.000033 1.747501 -0.342551 -0.537940
    9 3.858223 -0.139536 -1.192189 -0.264121 0.795976 -0.305466
    10 1.312564 -0.000002 0.000000 0.000144 -0.000601 -0.285885
    11 0.729363 0.000000 0.000000 0.000048 -0.000309 -0.115355
    12 3.941966 0.046948 -0.435170 0.048357 0.312743 -0.246013
    13 1.539098 -0.000001 0.000000 0.000060 -0.000266 -0.366065
    14 1.196321 0.000001 0.000000 0.000108 -0.000447 -0.477862
    15 3.881372 -0.043128 0.427603 0.110227 0.097887 -0.192223
    16 1.719579 -0.000001 0.000000 -0.001402 0.004723 -0.429334
    17 1.209176 0.000000 0.000000 -0.000611 0.002612 -0.316691
    18 3.863473 -0.136491 1.332153 0.365141 -0.212351 -0.286628
    19 1.719429 0.000001 0.000001 -0.002097 0.006974 -0.293370
    20 1.099664 0.000001 0.000000 -0.000467 0.002193 -0.308180
    21 0.807580 -0.347157 1.320587 -1.083888 -0.379205 -0.982430
    22 1.789782 0.000000 0.000000 0.003044 -0.012639 -0.068754
    23 1.207003 0.000000 0.000000 0.000012 -0.000730 -0.002802
    24 2.036095 0.997454 -1.937661 -1.775638 1.435927 2.833704
    25 6.028141 0.000003 0.000000 1.688827 0.936579 -0.551734
    26 11.692552 0.000000 -0.000001 0.000000 0.000000 -1.490809
    27 11.481652 -0.000001 0.000017 -1.861486 0.154684 -0.237752
    28 3.858241 -0.131719 1.196095 0.276123 -0.824841 -0.093060
    29 1.312565 0.000000 0.000000 -0.000012 0.000829 -0.322171
    30 0.729363 0.000000 0.000000 0.000012 0.000393 -0.209984
    31 3.941985 0.050854 0.431264 0.007994 -0.275315 -0.164276
    32 1.539096 -0.000001 0.000000 -0.000048 0.000374 -0.468262
    33 1.196321 0.000000 0.000000 0.000000 0.000627 -0.267313
    34 3.881388 -0.047033 -0.427603 -0.072847 -0.067746 0.020436
    35 1.719579 0.000001 0.000000 -0.002421 -0.008150 -0.400869
    36 1.209177 0.000000 0.000000 -0.002589 -0.003475 0.034888
    37 3.863492 -0.148208 -1.328247 -0.147596 0.384053 -0.095094
    38 1.719428 -0.000001 -0.000001 -0.002229 -0.006303 -0.322033
    39 1.099665 0.000000 0.000000 -0.000851 -0.003895 -0.326281
    40 0.807598 -0.358882 -1.316680 1.143583 0.668752 -0.920593
    41 1.789785 0.000000 -0.000001 -0.002193 0.000415 -0.008229
    42 1.207004 0.000000 0.000000 -0.000132 0.000610 -0.150999
  time 81
    0 -0.002329 -13.531663 -29.431290 1.570796 0.000000 0.000000
    1 0.000000 3.345132 -2.981898 1.570796 0.086285 1.570796
    2 4.015371 0.000000 0.000000 0.000000 0.000000 -0.029235
    3 3.520296 0.000000 0.000000 0.000000 0.000000 0.100327
    4 8.941008 0.000000 0.000000 0.000000 0.000000 0.194095
    5 2.036092 0.997454 1.937661 1.627383 -1.442314 2.911652
    6 6.028141 0.000000 0.000000 -1.677302 -0.829105 -0.267919
    7 11.692555 0.000000 0.000000 0.000000 0.000000 -1.179985
    8 11.481671 0.000000 -0.000033 1.628354 -0.310131 -0.522008
    9 3.858223 -0.139536 -1.192189 -0.295701 0.785004 -0.353752
    10 1.312564 -0.000002 0.000000 0.000168 -0.000601 -0.315069
    11 0.729363 0.000000 0.000000 0.000048 -0.000309 -0.112658
    12 3.941966 0.046948 -0.435170 0.052336 0.312396 -0.236111
    13 1.539098 -0.000001 0.000000 0.000084 -0.000266 -0.392832
    14 1.196321 0.000001 0.000000 0.000108 -0.000447 -0.467699
    15 3.881372 -0.043128 0.427603 0.098746 0.095826 -0.176516
    16 1.719579 -0.000001 0.000000 -0.001570 0.004735 -0.436335
    17 1.209176 0.000000 0.000000 -0.000611 0.002612 -0.302771
    18 3.863473 -0.136491 1.332153 0.349369 -0.207725 -0.243459
    19 1.719429 0.000001 0.000001 -0.002193 0.007010 -0.304003
    20 1.099664 0.000001 0.000000 -0.000443 0.002217 -0.296485
    21 0.807580 -0.347157 1.320587 -1.077800 -0.396355 -0.995465
    22 1.789782 0.000000 0.000000 0.003284 -0.014173 -0.116656
    23 1.207003 0.000000 0.000000 0.000024 -0.000730 -0.031950
    24 2.036095 0.997454 -1.937661 -1.765463 1.428916 2.843975
    25 6.028141 0.000003 0.000000 1.681780 0.934765 -0.551842
    26 11.692552 0.000000 -0.000001 0.000000 0.000000 -1.495809
    27 11.481652 -0.000001 0.000017 -1.782695 0.126316 -0.243860
    28 3.858241 -0.131719 1.196095 0.328045 -0.821969 -0.145253
    29 1.312565 0.000000 0.000000 -0.000024 0.000829 -0.318790
    30 0.729363 0.000000 0.000000 0.000012 0.000393 -0.195179
    31 3.941985 0.050854 0.431264 0.017450 -0.276466 -0.191874
    32 1.539096 -0.000001 0.000000 -0.000060 0.000374 -0.480395
    33 1.196321 0.000000 0.000000 -0.000012 0.000627 -0.266243
    34 3.881388 -0.047033 -0.427603 -0.072056 -0.067531 0.028159
    35 1.719579 0.000001 0.000000 -0.002277 -0.008246 -0.399114
    36 1.209177 0.000000 0.000000 -0.002601 -0.003499 0.049775
    37 3.863492 -0.148208 -1.328247 -0.146398 0.385923 -0.084200
    38 1.719428 -0.000001 -0.000001 -0.002121 -0.006375 -0.323284
    39 1.099665 0.000000 0.000000 -0.000803 -0.003907 -0.324331
    40 0.807598 -0.358882 -1.316680 1.153938 0.680269 -0.904988
    41 1.789785 0.000000 -0.000001 -0.002205 0.000391 -0.025607
    42 1.207004 0.000000 0.000000 -0.000156 0.000598 -0.193306
  time 82
    0 -0.002329 -13.531663 -29.431290 1.570796 0.000000 0.000000
    1 0.000000 3.345132 -2.981898 1.570796 0.086285 1.570796
    2 4.015371 0.000000 0.000000 0.000000 0.000000 -0.029235
    3 3.520296 0.000000 0.000000 0.000000 0.000000 0.100327
    4 8.941008 0.000000 0.000000 0.000000 0.000000 0.194095
    5 2.036092 0.997454 1.937661 1.623536 -1.432906 2.915523
    6 6.028141 0.000000 0.000000 -1.681347 -0.820303 -0.268770
    7 11.692555 0.000000 0.000000 0.000000 0.000000 -1.214857
    8 11.481671 0.000000 -0.000033 1.510362 -0.278080 -0.509262
    9 3.858223 -0.139536 -1.192189 -0.331666 0.772648 -0.405639
    10 1.312564 -0.000002 0.000000 0.000204 -0.000601 -0.344059
    11 0.729363 0.000000 0.000000 0.000048 -0.000309 -0.102884
    12 3.941966 0.046948 -0.435170 0.054086 0.311976 -0.225098
    13 1.539098 -0.000001 0.000000 0.000108 -0.000254 -0.419749
    14 1.196321 0.000001 0.000000 0.000120 -0.000447 -0.449932
    15 3.881372 -0.043128 0.427603 0.085407 0.092662 -0.158435
    16 1.719579 -0.000001 0.000000 -0.001738 0.004735 -0.440822
    17 1.209176 0.000000 0.000000 -0.000599 0.002636 -0.282116
    18 3.863473 -0.136491 1.332153 0.330985 -0.205017 -0.195973
    19 1.719429 0.000001 0.000001 -0.002301 0.007046 -0.311078
    20 1.099664 0.000001 0.000000 -0.000395 0.002241 -0.278259
    21 0.807580 -0.347157 1.320587 -1.069770 -0.416046 -1.009355
    22 1.789782 0.000000 0.000000 0.003475 -0.015192 -0.168908
    23 1.207003 0.000000 0.000000 0.000036 -0.000730 -0.066743
    24 2.036095 0.997454 -1.937661 -1.756067 1.421761 2.853467
    25 6.028141 0.000003 0.000000 1.673966 0.933121 -0.553088
    26 11.692552 0.000000 -0.000001 0.000000 0.000000 -1.500191
    27 11.481652 -0.000001 0.000017 -1.701581 0.098109 -0.250510
    28 3.858241 -0.131719 1.196095 0.379527 -0.817415 -0.199293
    29 1.312565 0.000000 0.000000 -0.000036 0.000841 -0.318835
    30 0.729363 0.000000 0.000000 0.000024 0.000393 -0.180980
    31 3.941985 0.050854 0.431264 0.027265 -0.277233 -0.220547
    32 1.539096 -0.000001 0.000000 -0.000060 0.000374 -0.493579
    33 1.196321 0.000000 0.000000 -0.000012 0.000627 -0.266243
    34 3.881388 -0.047033 -0.427603 -0.071157 -0.067207 0.034435
    35 1.719579 0.000001 0.000000 -0.002121 -0.008318 -0.399766
    36 1.209177 0.000000 0.000000 -0.002589 -0.003523 0.063439
    37 3.863492 -0.148208 -1.328247 -0.145691 0.387562 -0.074706
    38 1.719428 -0.000001 -0.000001 -0.002001 -0.006435 -0.326112
    39 1.099665 0.000000 0.000000 -0.000755 -0.003931 -0.322888
    40 0.807598 -0.358882 -1.316680 1.164796 0.691402 -0.889045
    41 1.789785 0.000000 -0.000001 -0.002217 0.000355 -0.042338
    42 1.207004 0.000000 0.000000 -0.000180 0.000598 -0.234110
  time 83
    0 -0.002329 -13.531663 -29.431290 1.570796 0.000000 0.000000
    1 0.000000 3.345132 -2.981898 1.570796 0.086285 1.570796
    2 4.015371 0.000000 0.000000 0.000000 0.000000 -0.029235
    3 3.520296 0.000000 0.000000 0.000000 0.000000 0.100327
    4 8.941008 0.000000 0.000000 0.000000 0.000000 0.194095
    5 2.036092 0.997454 1.937661 1.620133 -1.423331 2.918963
    6 6.028141 0.000000 0.000000 -1.685223 -0.812741 -0.271083
    7 11.692555 0.000000 0.000000 0.000000 0.000000 -1.248694
    8 11.481671 0.000000 -0.000033 1.393925 -0.246594 -0.499163
    9 3.858223 -0.139536 -1.192189 -0.369178 0.757692 -0.461164
    10 1.312564 -0.000002 0.000000 0.000228 -0.000589 -0.375851
    11 0.729363 0.000000 0.000000 0.000048 -0.000309 -0.090964
    12 3.941966 0.046948 -0.435170 0.053547 0.310981 -0.216334
    13 1.539098 -0.000001 0.000000 0.000132 -0.000242 -0.449812
    14 1.196321 0.000001 0.000000 0.000120 -0.000447 -0.429013
    15 3.881372 -0.043128 0.427603 0.071361 0.088803 -0.141443
    16 1.719579 -0.000001 0.000000 -0.001906 0.004735 -0.446521
    17 1.209176 0.000000 0.000000 -0.000575 0.002660 -0.259205
    18 3.863473 -0.136491 1.332153 0.311893 -0.203195 -0.150141
    19 1.719429 0.000001 0.000001 -0.002409 0.007070 -0.317854
    20 1.099664 0.000001 0.000000 -0.000360 0.002277 -0.258148
    21 0.807580 -0.347157 1.320587 -1.060889 -0.436635 -1.022978
    22 1.789782 0.000000 0.000000 0.003607 -0.015600 -0.221160
    23 1.207003 0.000000 0.000000 0.000048 -0.000730 -0.102599
    24 2.036095 0.997454 -1.937661 -1.747402 1.414474 2.862240
    25 6.028141 0.000003 0.000000 1.665481 0.931580 -0.555365
    26 11.692552 0.000000 -0.000001 0.000000 0.000000 -1.504079
    27 11.481652 -0.000001 0.000017 -1.618312 0.070129 -0.257591
    28 3.858241 -0.131719 1.196095 0.429722 -0.810757 -0.255145
    29 1.312565 0.000000 0.000000 -0.000048 0.000841 -0.323253
    30 0.729363 0.000000 0.000000 0.000012 0.000393 -0.168218
    31 3.941985 0.050854 0.431264 0.037368 -0.277496 -0.250374
    32 1.539096 -0.000001 0.000000 -0.000072 0.000374 -0.508559
    33 1.196321 0.000000 0.000000 -0.000024 0.000627 -0.267848
    34 3.881388 -0.047033 -0.427603 -0.070187 -0.066775 0.038598
    35 1.719579 0.000001 0.000000 -0.001930 -0.008378 -0.403927
    36 1.209177 0.000000 0.000000 -0.002565 -0.003547 0.075065
    37 3.863492 -0.148208 -1.328247 -0.145655 0.388727 -0.067367
    38 1.719428 -0.000001 -0.000001 -0.001882 -0.006483 -0.331071
    39 1.099665 0.000000 0.000000 -0.000707 -0.003955 -0.322305
    40 0.807598 -0.358882 -1.316680 1.175977 0.701949 -0.872990
    41 1.789785 0.000000 -0.000001 -0.002217 0.000331 -0.057882
    42 1.207004 0.000000 0.000000 -0.000192 0.000598 -0.272283
  time 84
    0 -0.002329 -13.531663 -29.431290 1.570796 0.000000 0.000000
    1 0.000000 3.345132 -2.981898 1.570796 0.086285 1.570796
    2 4.015371 0.000000 0.000000 0.000000 0.000000 -0.029235
    3 3.520296 0.000000 0.000000 0.000000 0.000000 0.100327
    4 8.941008 0.000000 0.000000 0.000000 0.000000 0.194095
    5 2.036092 0.997454 1.937661 1.617101 -1.413611 2.922031
    6 6.028141 0.000000 0.000000 -1.688846 -0.806328 -0.274762
    7 11.692555 0.000000 0.000000 0.000000 0.000000 -1.281558
    8 11.481671 0.000000 -0.000033 1.279310 -0.215844 -0.491305
    9 3.858223 -0.139536 -1.192189 -0.405707 0.739087 -0.519899
    10 1.312564 -0.000002 0.000000 0.000264 -0.000577 -0.412856
    11 0.729363 0.000000 0.000000 0.000060 -0.000309 -0.080951
    12 3.941966 0.046948 -0.435170 0.050646 0.309040 -0.212575
    13 1.539098 -0.000001 0.000000 0.000156 -0.000230 -0.485368
    14 1.196321 0.000001 0.000000 0.000132 -0.000447 -0.408600
    15 3.881372 -0.043128 0.427603 0.057579 0.084549 -0.128280
    16 1.719579 -0.000001 0.000000 -0.002073 0.004699 -0.456572
    17 1.209176 0.000000 0.000000 -0.000563 0.002696 -0.237777
    18 3.863473 -0.136491 1.332153 0.293928 -0.201541 -0.111047
    19 1.719429 0.000001 0.000001 -0.002529 0.007058 -0.326952
    20 1.099664 0.000001 0.000000 -0.000324 0.002301 -0.239947
    21 0.807580 -0.347157 1.320587 -1.052201 -0.456781 -1.035358
    22 1.789782 0.000000 0.000000 0.003715 -0.015300 -0.269762
    23 1.207003 0.000000 0.000000 0.000060 -0.000730 -0.135771
    24 2.036095 0.997454 -1.937661 -1.739397 1.407068 2.870341
    25 6.028141 0.000003 0.000000 1.656397 0.930177 -0.558565
    26 11.692552 0.000000 -0.000001 0.000000 0.000000 -1.507535
    27 11.481652 -0.000001 0.000017 -1.533312 0.042483 -0.265055
    28 3.858241 -0.131719 1.196095 0.477767 -0.801599 -0.312639
    29 1.312565 0.000000 0.000000 -0.000072 0.000829 -0.332811
    30 0.729363 0.000000 0.000000 0.000024 0.000393 -0.157612
    31 3.941985 0.050854 0.431264 0.047651 -0.277149 -0.281463
    32 1.539096 -0.000001 0.000000 -0.000084 0.000374 -0.525860
    33 1.196321 0.000000 0.000000 -0.000024 0.000627 -0.271493
    34 3.881388 -0.047033 -0.427603 -0.069180 -0.066284 0.040197
    35 1.719579 0.000001 0.000000 -0.001726 -0.008414 -0.412400
    36 1.209177 0.000000 0.000000 -0.002541 -0.003571 0.083977
    37 3.863492 -0.148208 -1.328247 -0.146422 0.389228 -0.062942
    38 1.719428 -0.000001 -0.000001 -0.001738 -0.006531 -0.338673
    39 1.099665 0.000000 0.000000 -0.000659 -0.003967 -0.322888
    40 0.807598 -0.358882 -1.316680 1.187279 0.711776 -0.857035
    41 1.789785 0.000000 -0.000001 -0.002217 0.000319 -0.071784
    42 1.207004 0.000000 0.000000 -0.000216 0.000587 -0.306839
  time 85
    0 -0.002329 -13.531663 -29.431290 1.570796 0.000000 0.000000
    1 0.000000 3.345132 -2.981898 1.570796 0.086285 1.570796
    2 4.015371 0.000000 0.000000 0.000000 0.000000 -0.029235
    3 3.520296 0.000000 0.000000 0.000000 0.000000 0.100327
    4 8.941008 0.000000 0.000000 0.000000 0.000000 0.194095
    5 2.036092 0.997454 1.937661 1.614392 -1.403772 2.924775
    6 6.028141 0.000000 0.000000 -1.692108 -0.800975 -0.279699
    7 11.692555 0.000000 0.000000 0.000000 0.000000 -1.313509
    8 11.481671 0.000000 -0.000033 1.166960 -0.185982 -0.485364
    9 3.858223 -0.139536 -1.192189 -0.438976 0.716021 -0.581522
    10 1.312564 -0.000002 0.000000 0.000300 -0.000553 -0.457217
    11 0.729363 0.000000 0.000000 0.000060 -0.000309 -0.076257
    12 3.941966 0.046948 -0.435170 0.045361 0.305828 -0.216017
    13 1.539098 -0.000001 0.000000 0.000180 -0.000218 -0.528465
    14 1.196321 0.000001 0.000000 0.000144 -0.000447 -0.391787
    15 3.881372 -0.043128 0.427603 0.044887 0.080198 -0.121210
    16 1.719579 -0.000001 0.000000 -0.002241 0.004639 -0.473534
    17 1.209176 0.000000 0.000000 -0.000551 0.002708 -0.220940
    18 3.863473 -0.136491 1.332153 0.278852 -0.199564 -0.082603
    19 1.719429 0.000001 0.000001 -0.002673 0.006998 -0.340579
    20 1.099664 0.000001 0.000000 -0.000300 0.002325 -0.226781
    21 0.807580 -0.347157 1.320587 -1.044674 -0.475465 -1.045559
    22 1.789782 0.000000 0.000000 0.003787 -0.014221 -0.311747
    23 1.207003 0.000000 0.000000 0.000060 -0.000730 -0.163125
    24 2.036095 0.997454 -1.937661 -1.732002 1.399553 2.877844
    25 6.028141 0.000003 0.000000 1.646785 0.928807 -0.562604
    26 11.692552 0.000000 -0.000001 0.000000 0.000000 -1.510621
    27 11.481652 -0.000001 0.000017 -1.446747 0.015237 -0.272769
    28 3.858241 -0.131719 1.196095 0.522903 -0.789644 -0.371468
    29 1.312565 0.000000 0.000000 -0.000084 0.000829 -0.348050
    30 0.729363 0.000000 0.000000 0.000012 0.000393 -0.149730
    31 3.941985 0.050854 0.431264 0.058042 -0.276118 -0.313894
    32 1.539096 -0.000001 0.000000 -0.000096 0.000362 -0.545921
    33 1.196321 0.000000 0.000000 -0.000036 0.000627 -0.277516
    34 3.881388 -0.047033 -0.427603 -0.068161 -0.065757 0.038870
    35 1.719579 0.000001 0.000000 -0.001510 -0.008426 -0.425737
    36 1.209177 0.000000 0.000000 -0.002505 -0.003607 0.089614
    37 3.863492 -0.148208 -1.328247 -0.148100 0.388903 -0.061882
    38 1.719428 -0.000001 -0.000001 -0.001582 -0.006555 -0.349241
    39 1.099665 0.000000 0.000000 -0.000599 -0.003979 -0.324812
    40 0.807598 -0.358882 -1.316680 1.198544 0.720765 -0.841380
    41 1.789785 0.000000 -0.000001 -0.002229 0.000295 -0.083720
    42 1.207004 0.000000 0.000000 -0.000228 0.000587 -0.337048
  time 86
    0 -0.002329 -13.531663 -29.431290 1.570796 0.000000 0.000000
    1 0.000000 3.345132 -2.981898 1.570796 0.086285 1.570796
    2 4.015371 0.000000 0.000000 0.000000 0.000000 -0.029235
    3 3.520296 0.000000 0.000000 0.000000 0.000000 0.100327
    4 8.941008 0.000000 0.000000 0.000000 0.000000 0.194095
    5 2.036092 0.997454 1.937661 1.611971 -1.393861 2.927232
    6 6.028141 0.000000 0.000000 -1.694949 -0.796619 -0.285848
    7 11.692555 0.000000 0.000000 0.000000 0.000000 -1.344546
    8 11.481671 0.000000 -0.000033 1.057276 -0.157116 -0.480990
    9 3.858223 -0.139536 -1.192189 -0.467020 0.687827 -0.645498
    10 1.312564 -0.000002 0.000000 0.000324 -0.000541 -0.510566
    11 0.729363 0.000000 0.000000 0.000060 -0.000309 -0.079654
    12 3.941966 0.046948 -0.435170 0.037703 0.301070 -0.228539
    13 1.539098 -0.000001 0.000000 0.000204 -0.000194 -0.580701
    14 1.196321 0.000001 0.000000 0.000144 -0.000435 -0.381133
    15 3.881372 -0.043128 0.427603 0.033993 0.075956 -0.122188
    16 1.719579 -0.000001 0.000000 -0.002409 0.004531 -0.499426
    17 1.209176 0.000000 0.000000 -0.000563 0.002720 -0.211241
    18 3.863473 -0.136491 1.332153 0.268173 -0.196915 -0.068362
    19 1.719429 0.000001 0.000001 -0.002840 0.006891 -0.360495
    20 1.099664 0.000001 0.000000 -0.000300 0.002325 -0.221256
    21 0.807580 -0.347157 1.320587 -1.039245 -0.491848 -1.052698
    22 1.789782 0.000000 0.000000 0.003823 -0.012304 -0.344647
    23 1.207003 0.000000 0.000000 0.000060 -0.000730 -0.182098
    24 2.036095 0.997454 -1.937661 -1.725171 1.391967 2.884783
    25 6.028141 0.000003 0.000000 1.636730 0.927472 -0.567374
    26 11.692552 0.000000 -0.000001 0.000000 0.000000 -1.513337
    27 11.481652 -0.000001 0.000017 -1.358916 -0.011555 -0.280709
    28 3.858241 -0.131719 1.196095 0.564419 -0.774669 -0.431390
    29 1.312565 0.000000 0.000000 -0.000108 0.000817 -0.369465
    30 0.729363 0.000000 0.000000 0.000012 0.000393 -0.145001
    31 3.941985 0.050854 0.431264 0.068456 -0.274333 -0.347668
    32 1.539096 -0.000001 0.000000 -0.000108 0.000362 -0.569048
    33 1.196321 0.000000 0.000000 -0.000048 0.000627 -0.286154
    34 3.881388 -0.047033 -0.427603 -0.067178 -0.065194 0.034284
    35 1.719579 0.000001 0.000000 -0.001270 -0.008414 -0.444538
    36 1.209177 0.000000 0.000000 -0.002457 -0.003631 0.091596
    37 3.863492 -0.148208 -1.328247 -0.150748 0.387630 -0.064682
    38 1.719428 -0.000001 -0.000001 -0.001414 -0.006567 -0.363100
    39 1.099665 0.000000 0.000000 -0.000539 -0.003991 -0.328281
    40 0.807598 -0.358882 -1.316680 1.209618 0.728854 -0.826200
    41 1.789785 0.000000 -0.000001 -0.002229 0.000283 -0.093392
    42 1.207004 0.000000 0.000000 -0.000240 0.000587 -0.362301
  time 87
    0 -0.002329 -13.531663 -29.431290 1.570796 0.000000 0.000000
    1 0.000000 3.345132 -2.981898 1.570796 0.086285 1.570796
    2 4.015371 0.000000 0.000000 0.000000 0.000000 -0.029235
    3 3.520296 0.000000 0.000000 0.000000 0.000000 0.100327
    4 8.941008 0.000000 0.000000 0.000000 0.000000 0.194095
    5 2.036092 0.997454 1.937661 1.609802 -1.383877 2.929449
    6 6.028141 0.000000 0.000000 -1.697272 -0.793171 -0.293134
    7 11.692555 0.000000 0.000000 0.000000 0.000000 -1.374732
    8 11.481671 0.000000 -0.000033 0.950657 -0.129398 -0.477965
    9 3.858223 -0.139536 -1.192189 -0.488113 0.653980 -0.711472
    10 1.312564 -0.000002 0.000000 0.000359 -0.000505 -0.574266
    11 0.729363 0.000000 0.000000 0.000072 -0.000309 -0.093482
    12 3.941966 0.046948 -0.435170 0.027684 0.294503 -0.251652
    13 1.539098 -0.000001 0.000000 0.000216 -0.000182 -0.643424
    14 1.196321 0.000001 0.000000 0.000156 -0.000435 -0.378747
    15 3.881372 -0.043128 0.427603 0.025424 0.072025 -0.132724
    16 1.719579 -0.000001 0.000000 -0.002589 0.004375 -0.536087
    17 1.209176 0.000000 0.000000 -0.000587 0.002720 -0.210822
    18 3.863473 -0.136491 1.332153 0.263116 -0.193308 -0.071105
    19 1.719429 0.000001 0.000001 -0.003032 0.006711 -0.388311
    20 1.099664 0.000001 0.000000 -0.000312 0.002325 -0.225567
    21 0.807580 -0.347157 1.320587 -1.036728 -0.505247 -1.056000
    22 1.789782 0.000000 0.000000 0.003835 -0.009500 -0.366414
    23 1.207003 0.000000 0.000000 0.000060 -0.000730 -0.190513
    24 2.036095 0.997454 -1.937661 -1.718855 1.384309 2.891206
    25 6.028141 0.000003 0.000000 1.626328 0.926102 -0.572755
    26 11.692552 0.000000 -0.000001 0.000000 0.000000 -1.515744
    27 11.481652 -0.000001 0.000017 -1.270071 -0.037800 -0.288716
    28 3.858241 -0.131719 1.196095 0.601679 -0.756526 -0.492065
    29 1.312565 0.000000 0.000000 -0.000120 0.000805 -0.397237
    30 0.729363 0.000000 0.000000 0.000012 0.000393 -0.143791
    31 3.941985 0.050854 0.431264 0.078823 -0.271744 -0.382784
    32 1.539096 -0.000001 0.000000 -0.000120 0.000350 -0.595592
    33 1.196321 0.000000 0.000000 -0.000048 0.000627 -0.297625
    34 3.881388 -0.047033 -0.427603 -0.066232 -0.064642 0.026289
    35 1.719579 0.000001 0.000000 -0.001019 -0.008366 -0.469054
    36 1.209177 0.000000 0.000000 -0.002397 -0.003655 0.089586
    37 3.863492 -0.148208 -1.328247 -0.154428 0.385313 -0.071604
    38 1.719428 -0.000001 -0.000001 -0.001246 -0.006579 -0.380482
    39 1.099665 0.000000 0.000000 -0.000479 -0.004002 -0.333397
    40 0.807598 -0.358882 -1.316680 1.220344 0.735973 -0.811646
    41 1.789785 0.000000 -0.000001 -0.002229 0.000271 -0.100619
    42 1.207004 0.000000 0.000000 -0.000240 0.000575 -0.382151
  time 88
    0 -0.002329 -13.531663 -29.431290 1.570796 0.000000 0.000000
    1 0.000000 3.345132 -2.981898 1.570796 0.086285 1.570796
    2 4.015371 0.000000 0.000000 0.000000 0.000000 -0.029235
    3 3.520296 0.000000 0.000000 0.000000 0.000000 0.100327
    4 8.941008 0.000000 0.000000 0.000000 0.000000 0.194095
    5 2.036092 0.997454 1.937661 1.607837 -1.373846 2.931439
    6 6.028141 0.000000 0.000000 -1.699017 -0.790509 -0.301499
    7 11.692555 0.000000 0.000000 0.000000 0.000000 -1.404066
    8 11.481671 0.000000 -0.000033 0.847592 -0.102905 -0.476048
    9 3.858223 -0.139536 -1.192189 -0.500829 0.614074 -0.779051
    10 1.312564 -0.000002 0.000000 0.000383 -0.000469 -0.649406
    11 0.729363 0.000000 0.000000 0.000084 -0.000297 -0.119721
    12 3.941966 0.046948 -0.435170 0.015412 0.285826 -0.286519
    13 1.539098 -0.000001 0.000000 0.000228 -0.000158 -0.717733
    14 1.196321 0.000001 0.000000 0.000168 -0.000435 -0.386438
    15 3.881372 -0.043128 0.427603 0.019624 0.068573 -0.154215
    16 1.719579 -0.000001 0.000000 -0.002768 0.004159 -0.584908
    17 1.209176 0.000000 0.000000 -0.000623 0.002696 -0.221472
    18 3.863473 -0.136491 1.332153 0.264494 -0.188334 -0.093093
    19 1.719429 0.000001 0.000001 -0.003260 0.006483 -0.425262
    20 1.099664 0.000001 0.000000 -0.000360 0.002301 -0.241522
    21 0.807580 -0.347157 1.320587 -1.037831 -0.515086 -1.054783
    22 1.789782 0.000000 0.000000 0.003835 -0.005772 -0.375316
    23 1.207003 0.000000 0.000000 0.000048 -0.000730 -0.186576
    24 2.036095 0.997454 -1.937661 -1.713007 1.376603 2.897163
    25 6.028141 0.000003 0.000000 1.615613 0.924664 -0.578664
    26 11.692552 0.000000 -0.000001 0.000000 0.000000 -1.517966
    27 11.481652 -0.000001 0.000017 -1.180591 -0.063417 -0.296769
    28 3.858241 -0.131719 1.196095 0.634183 -0.735140 -0.553151
    29 1.312565 0.000000 0.000000 -0.000144 0.000793 -0.431591
    30 0.729363 0.000000 0.000000 0.000012 0.000393 -0.146351
    31 3.941985 0.050854 0.431264 0.089070 -0.268304 -0.419242
    32 1.539096 -0.000001 0.000000 -0.000132 0.000350 -0.625640
    33 1.196321 0.000000 0.000000 -0.000060 0.000615 -0.312028
    34 3.881388 -0.047033 -0.427603 -0.065333 -0.064103 0.014674
    35 1.719579 0.000001 0.000000 -0.000755 -0.008294 -0.499537
    36 1.209177 0.000000 0.000000 -0.002337 -0.003679 0.083373
    37 3.863492 -0.148208 -1.328247 -0.159102 0.381858 -0.082876
    38 1.719428 -0.000001 -0.000001 -0.001079 -0.006567 -0.401479
    39 1.099665 0.000000 0.000000 -0.000420 -0.004002 -0.340310
    40 0.807598 -0.358882 -1.316680 1.230591 0.742097 -0.797854
    41 1.789785 0.000000 -0.000001 -0.002229 0.000271 -0.105221
    42 1.207004 0.000000 0.000000 -0.000252 0.000575 -0.396316
  time 89
    0 -0.002329 -13.531663 -29.431290 1.570796 0.000000 0.000000
    1 0.000000 3.345132 -2.981898 1.570796 0.086285 1.570796
    2 4.015371 0.000000 0.000000 0.000000 0.000000 -0.029235
    3 3.520296 0.000000 0.000000 0.000000 0.000000 0.100327
    4 8.941008 0.000000 0.000000 0.000000 0.000000 0.194095
    5 2.036092 0.997454 1.937661 1.606063 -1.363803 2.933260
    6 6.028141 0.000000 0.000000 -1.700113 -0.788634 -0.310883
    7 11.692555 0.000000 0.000000 0.000000 0.000000 -1.432669
    8 11.481671 0.000000 -0.000033 0.748614 -0.077775 -0.475022
    9 3.858223 -0.139536 -1.192189 -0.503490 0.558186 -0.860145
    10 1.312564 -0.000002 0.000000 0.000419 -0.000421 -0.753575
    11 0.729363 0.000000 0.000000 0.000096 -0.000297 -0.166359
    12 3.941966 0.046948 -0.435170 -0.004495 0.272043 -0.346723
    13 1.539098 -0.000001 0.000000 0.000240 -0.000134 -0.820307
    14 1.196321 0.000001 0.000000 0.000180 -0.000424 -0.407473
    15 3.881372 -0.043128 0.427603 0.017275 0.064834 -0.195436
    16 1.719579 -0.000001 0.000000 -0.002972 0.003836 -0.655897
    17 1.209176 0.000000 0.000000 -0.000707 0.002660 -0.247702
    18 3.863473 -0.136491 1.332153 0.275328 -0.183325 -0.148285
    19 1.719429 0.000001 0.000001 -0.003547 0.006100 -0.474866
    20 1.099664 0.000001 0.000000 -0.000443 0.002241 -0.272708
    21 0.807580 -0.347157 1.320587 -1.043871 -0.520779 -1.046174
    22 1.789782 0.000000 0.000000 0.003751 -0.000128 -0.365437
    23 1.207003 0.000000 0.000000 0.000036 -0.000718 -0.166104
    24 2.036095 0.997454 -1.937661 -1.707589 1.368861 2.902688
    25 6.028141 0.000003 0.000000 1.604695 0.923158 -0.584979
    26 11.692552 0.000000 -0.000001 0.000000 0.000000 -1.520003
    27 11.481652 -0.000001 0.000017 -1.090690 -0.088367 -0.304709
    28 3.858241 -0.131719 1.196095 0.661537 -0.710463 -0.614339
    29 1.312565 0.000000 0.000000 -0.000168 0.000769 -0.472664
    30 0.729363 0.000000 0.000000 0.000000 0.000393 -0.152833
    31 3.941985 0.050854 0.431264 0.099137 -0.264002 -0.457016
    32 1.539096 -0.000001 0.000000 -0.000144 0.000338 -0.659366
    33 1.196321 0.000000 0.000000 -0.000072 0.000615 -0.329482
    34 3.881388 -0.047033 -0.427603 -0.064482 -0.063600 -0.000562
    35 1.719579 0.000001 0.000000 -0.000479 -0.008198 -0.536087
    36 1.209177 0.000000 0.000000 -0.002265 -0.003691 0.072815
    37 3.863492 -0.148208 -1.328247 -0.164770 0.377225 -0.098574
    38 1.719428 -0.000001 -0.000001 -0.000899 -0.006531 -0.426184
    39 1.099665 0.000000 0.000000 -0.000372 -0.004002 -0.348996
    40 0.807598 -0.358882 -1.316680 1.240251 0.747215 -0.784925
    41 1.789785 0.000000 -0.000001 -0.002217 0.000271 -0.107138
    42 1.207004 0.000000 0.000000 -0.000252 0.000575 -0.404562
  time 90
    0 -0.002329 -13.531663 -29.431290 1.570796 0.000000 0.000000
    1 0.000000 3.345132 -2.981898 1.570796 0.086285 1.570796
    2 4.015371 0.000000 0.000000 0.000000 0.000000 -0.029235
    3 3.520296 0.000000 0.000000 0.000000 0.000000 0.100327
    4 8.941008 0.000000 0.000000 0.000000 0.000000 0.194095
    5 2.036092 0.997454 1.937661 1.604445 -1.353748 2.934902
    6 6.028141 0.000000 0.000000 -1.700522 -0.787393 -0.321214
    7 11.692555 0.000000 0.000000 0.000000 0.000000 -1.460421
    8 11.481671 0.000000 -0.000033 0.654434 -0.054145 -0.474698
    9 3.858223 -0.139536 -1.192189 -0.494417 0.481714 -0.959213
    10 1.312564 -0.000002 0.000000 0.000455 -0.000350 -0.893699
    11 0.729363 0.000000 0.000000 0.000108 -0.000285 -0.234706
    12 3.941966 0.046948 -0.435170 -0.034348 0.251358 -0.437346
    13 1.539098 -0.000001 0.000000 0.000240 -0.000086 -0.958038
    14 1.196321 0.000001 0.000000 0.000192 -0.000424 -0.441070
    15 3.881372 -0.043128 0.427603 0.017958 0.060196 -0.259602
    16 1.719579 -0.000001 0.000000 -0.003188 0.003368 -0.752732
    17 1.209176 0.000000 0.000000 -0.000815 0.002612 -0.289591
    18 3.863473 -0.136491 1.332153 0.294743 -0.178555 -0.241724
    19 1.719429 0.000001 0.000001 -0.003907 0.005548 -0.537948
    20 1.099664 0.000001 0.000000 -0.000575 0.002157 -0.319100
    21 0.807580 -0.347157 1.320587 -1.054969 -0.522648 -1.028981
    22 1.789782 0.000000 0.000000 0.003535 0.008106 -0.335044
    23 1.207003 0.000000 0.000000 0.000012 -0.000706 -0.128541
    24 2.036095 0.997454 -1.937661 -1.702568 1.361095 2.907817
    25 6.028141 0.000003 0.000000 1.593634 0.921514 -0.591595
    26 11.692552 0.000000 -0.000001 0.000000 0.000000 -1.521916
    27 11.481652 -0.000001 0.000017 -1.000788 -0.112556 -0.312468
    28 3.858241 -0.131719 1.196095 0.683439 -0.682494 -0.675493
    29 1.312565 0.000000 0.000000 -0.000204 0.000745 -0.520408
    30 0.729363 0.000000 0.000000 0.000000 0.000393 -0.163362
    31 3.941985 0.050854 0.431264 0.108952 -0.258812 -0.496051
    32 1.539096 -0.000001 0.000000 -0.000156 0.000338 -0.696773
    33 1.196321 0.000000 0.000000 -0.000084 0.000603 -0.349988
    34 3.881388 -0.047033 -0.427603 -0.063679 -0.063144 -0.019509
    35 1.719579 0.000001 0.000000 -0.000192 -0.008078 -0.578853
    36 1.209177 0.000000 0.000000 -0.002181 -0.003715 0.057830
    37 3.863492 -0.148208 -1.328247 -0.171326 0.371317 -0.118773
    38 1.719428 -0.000001 -0.000001 -0.000719 -0.006495 -0.454644
    39 1.099665 0.000000 0.000000 -0.000312 -0.004002 -0.359556
    40 0.807598 -0.358882 -1.316680 1.249203 0.751349 -0.772946
    41 1.789785 0.000000 -0.000001 -0.002217 0.000271 -0.106287
    42 1.207004 0.000000 0.000000 -0.000252 0.000575 -0.406770
  time 91
    0 -0.002329 -13.531663 -29.431290 1.570796 0.000000 0.000000
    1 0.000000 3.345132 -2.981898 1.570796 0.086285 1.570796
    2 4.015371 0.000000 0.000000 0.000000 0.000000 -0.029235
    3 3.520296 0.000000 0.000000 0.000000 0.000000 0.100327
    4 8.941008 0.000000 0.000000 0.000000 0.000000 0.194095
    5 2.036092 0.997454 1.937661 1.602983 -1.343729 2.936400
    6 6.028141 0.000000 0.000000 -1.700197 -0.786667 -0.332432
    7 11.692555 0.000000 0.000000 0.000000 0.000000 -1.487503
    8 11.481671 0.000000 -0.000033 0.565762 -0.032170 -0.474860
    9 3.858223 -0.139536 -1.192189 -0.474031 0.392695 -1.066447
    10 1.312564 -0.000002 0.000000 0.000491 -0.000266 -1.055069
    11 0.729363 0.000000 0.000000 0.000132 -0.000273 -0.316330
    12 3.941966 0.046948 -0.435170 -0.069475 0.225447 -0.546660
    13 1.539098 -0.000001 0.000000 0.000240 -0.000050 -1.117192
    14 1.196321 0.000001 0.000000 0.000204 -0.000412 -0.482748
    15 3.881372 -0.043128 0.427603 0.020439 0.054995 -0.339475
    16 1.719579 -0.000001 0.000000 -0.003404 0.002805 -0.867247
    17 1.209176 0.000000 0.000000 -0.000935 0.002540 -0.342099
    18 3.863473 -0.136491 1.332153 0.317154 -0.172395 -0.361711
    19 1.719429 0.000001 0.000001 -0.004326 0.004877 -0.611437
    20 1.099664 0.000001 0.000000 -0.000743 0.002061 -0.376774
    21 0.807580 -0.347157 1.320587 -1.069782 -0.521474 -1.005211
    22 1.789782 0.000000 0.000000 0.003236 0.018365 -0.289059
    23 1.207003 0.000000 0.000000 -0.000012 -0.000694 -0.077754
    24 2.036095 0.997454 -1.937661 -1.697906 1.353329 2.912587
    25 6.028141 0.000003 0.000000 1.582524 0.919734 -0.598402
    26 11.692552 0.000000 -0.000001 0.000000 0.000000 -1.523768
    27 11.481652 -0.000001 0.000017 -0.911182 -0.135931 -0.319932
    28 3.858241 -0.131719 1.196095 0.699706 -0.651331 -0.736407
    29 1.312565 0.000000 0.000000 -0.000228 0.000721 -0.574780
    30 0.729363 0.000000 0.000000 0.000000 0.000381 -0.177991
    31 3.941985 0.050854 0.431264 0.118492 -0.252724 -0.536295
    32 1.539096 -0.000001 0.000000 -0.000168 0.000326 -0.737946
    33 1.196321 0.000000 0.000000 -0.000096 0.000603 -0.373564
    34 3.881388 -0.047033 -0.427603 -0.062924 -0.062737 -0.042136
    35 1.719579 0.000001 0.000000 0.000096 -0.007923 -0.627786
    36 1.209177 0.000000 0.000000 -0.002097 -0.003727 0.038389
    37 3.863492 -0.148208 -1.328247 -0.178685 0.364123 -0.143361
    38 1.719428 -0.000001 -0.000001 -0.000527 -0.006435 -0.486812
    39 1.099665 0.000000 0.000000 -0.000264 -0.004002 -0.371991
    40 0.807598 -0.358882 -1.316680 1.257413 0.754477 -0.762005
    41 1.789785 0.000000 -0.000001 -0.002205 0.000271 -0.102644
    42 1.207004 0.000000 0.000000 -0.000252 0.000563 -0.402870
  time 92
    0 -0.002329 -13.531663 -29.431290 1.570796 0.000000 0.000000
    1 0.000000 3.345132 -2.981898 1.570796 0.086285 1.570796
    2 4.015371 0.000000 0.000000 0.000000 0.000000 -0.029235
    3 3.520296 0.000000 0.000000 0.000000 0.000000 0.100327
    4 8.941008 0.000000 0.000000 0.000000 0.000000 0.194095
    5 2.036092 0.997454 1.937661 1.601652 -1.333746 2.937767
    6 6.028141 0.000000 0.000000 -1.699089 -0.786335 -0.344428
    7 11.692555 0.000000 0.000000 0.000000 0.000000 -1.513855
    8 11.481671 0.000000 -0.000033 0.483532 -0.011971 -0.475319
    9 3.858223 -0.139536 -1.192189 -0.444861 0.299764 -1.173895
    10 1.312564 -0.000002 0.000000 0.000527 -0.000170 -1.222938
    11 0.729363 0.000000 0.000000 0.000156 -0.000261 -0.402840
    12 3.941966 0.046948 -0.435170 -0.105489 0.196541 -0.663361
    13 1.539098 -0.000001 0.000000 0.000240 -0.000002 -1.284037
    14 1.196321 0.000001 0.000000 0.000228 -0.000400 -0.527998
    15 3.881372 -0.043128 0.427603 0.023579 0.049494 -0.427815
    16 1.719579 -0.000001 0.000000 -0.003619 0.002206 -0.991186
    17 1.209176 0.000000 0.000000 -0.001079 0.002468 -0.400164
    18 3.863473 -0.136491 1.332153 0.337540 -0.164029 -0.496544
    19 1.719429 0.000001 0.000001 -0.004782 0.004146 -0.692376
    20 1.099664 0.000001 0.000000 -0.000923 0.001953 -0.441909
    21 0.807580 -0.347157 1.320587 -1.086896 -0.518034 -0.976909
    22 1.789782 0.000000 0.000000 0.002864 0.030110 -0.232347
    23 1.207003 0.000000 0.000000 -0.000048 -0.000682 -0.017646
    24 2.036095 0.997454 -1.937661 -1.693579 1.345587 2.917021
    25 6.028141 0.000003 0.000000 1.571426 0.917817 -0.605293
    26 11.692552 0.000000 -0.000001 0.000000 0.000000 -1.525620
    27 11.481652 -0.000001 0.000017 -0.822252 -0.158411 -0.326945
    28 3.858241 -0.131719 1.196095 0.700342 -0.602447 -0.813842
    29 1.312565 0.000000 0.000000 -0.000276 0.000673 -0.675319
    30 0.729363 0.000000 0.000000 -0.000012 0.000381 -0.211119
    31 3.941985 0.050854 0.431264 0.129985 -0.242286 -0.588432
    32 1.539096 -0.000001 0.000000 -0.000180 0.000314 -0.798523
    33 1.196321 0.000000 0.000000 -0.000120 0.000591 -0.413683
    34 3.881388 -0.047033 -0.427603 -0.061702 -0.061946 -0.083197
    35 1.719579 0.000001 0.000000 0.000551 -0.007587 -0.712116
    36 1.209177 0.000000 0.000000 -0.001930 -0.003738 -0.003419
    37 3.863492 -0.148208 -1.328247 -0.190561 0.352201 -0.187088
    38 1.719428 -0.000001 -0.000001 -0.000264 -0.006303 -0.536361
    39 1.099665 0.000000 0.000000 -0.000192 -0.003979 -0.390907
    40 0.807598 -0.358882 -1.316680 1.261308 0.748928 -0.756778
    41 1.789785 0.000000 -0.000001 -0.002181 0.000331 -0.076673
    42 1.207004 0.000000 0.000000 -0.000216 0.000563 -0.345294
  time 93
    0 -0.002329 -13.531663 -29.431290 1.570796 0.000000 0.000000
    1 0.000000 3.345132 -2.981898 1.570796 0.086285 1.570796
    2 4.015371 0.000000 0.000000 0.000000 0.000000 -0.029235
    3 3.520296 0.000000 0.000000 0.000000 0.000000 0.100327
    4 8.941008 0.000000 0.000000 0.000000 0.000000 0.194095
    5 2.036092 0.997454 1.937661 1.600442 -1.323859 2.939013
    6 6.028141 0.000000 0.000000 -1.697212 -0.786214 -0.357084
    7 11.692555 0.000000 0.000000 0.000000 0.000000 -1.539598
    8 11.481671 0.000000 -0.000033 0.408810 0.006252 -0.475832
    9 3.858223 -0.139536 -1.192189 -0.411148 0.211746 -1.274389
    10 1.312564 -0.000002 0.000000 0.000563 -0.000074 -1.382558
    11 0.729363 0.000000 0.000000 0.000180 -0.000237 -0.485835
    12 3.941966 0.046948 -0.435170 -0.138746 0.167370 -0.776435
    13 1.539098 -0.000001 0.000000 0.000240 0.000046 -1.444990
    14 1.196321 0.000001 0.000000 0.000240 -0.000388 -0.572322
    15 3.881372 -0.043128 0.427603 0.026479 0.044005 -0.517412
    16 1.719579 -0.000001 0.000000 -0.003835 0.001607 -1.116426
    17 1.209176 0.000000 0.000000 -0.001210 0.002396 -0.458762
    18 3.863473 -0.136491 1.332153 0.352545 -0.153579 -0.634524
    19 1.719429 0.000001 0.000001 -0.005213 0.003415 -0.777808
    20 1.099664 0.000001 0.000000 -0.001091 0.001845 -0.510659
    21 0.807580 -0.347157 1.320587 -1.105017 -0.513205 -0.946107
    22 1.789782 0.000000 0.000000 0.002457 0.042789 -0.169829
    23 1.207003 0.000000 0.000000 -0.000096 -0.000670 0.047898
    24 2.036095 0.997454 -1.937661 -1.689565 1.337857 2.921144
    25 6.028141 0.000003 0.000000 1.560424 0.915694 -0.612113
    26 11.692552 0.000000 -0.000001 0.000000 0.000000 -1.527595
    27 11.481652 -0.000001 0.000017 -0.734421 -0.179943 -0.333391
    28 3.858241 -0.131719 1.196095 0.676578 -0.527177 -0.914841
    29 1.312565 0.000000 0.000000 -0.000348 0.000577 -0.844521
    30 0.729363 0.000000 0.000000 -0.000024 0.000381 -0.270680
    31 3.941985 0.050854 0.431264 0.144475 -0.225184 -0.658234
    32 1.539096 -0.000001 0.000000 -0.000204 0.000290 -0.887527
    33 1.196321 0.000000 0.000000 -0.000156 0.000567 -0.478269
    34 3.881388 -0.047033 -0.427603 -0.059412 -0.060460 -0.152014
    35 1.719579 0.000001 0.000000 0.001258 -0.006964 -0.849088
    36 1.209177 0.000000 0.000000 -0.001618 -0.003774 -0.077980
    37 3.863492 -0.148208 -1.328247 -0.208382 0.333016 -0.258958
    38 1.719428 -0.000001 -0.000001 0.000120 -0.006076 -0.612424
    39 1.099665 0.000000 0.000000 -0.000072 -0.003955 -0.419777
    40 0.807598 -0.358882 -1.316680 1.262686 0.738358 -0.754890
    41 1.789785 0.000000 -0.000001 -0.002145 0.000403 -0.037472
    42 1.207004 0.000000 0.000000 -0.000168 0.000551 -0.257085
  time 94
    0 -0.002329 -13.531663 -29.431290 1.570796 0.000000 0.000000
    1 0.000000 3.345132 -2.981898 1.570796 0.086285 1.570796
    2 4.015371 0.000000 0.000000 0.000000 0.000000 -0.029235
    3 3.520296 0.000000 0.000000 0.000000 0.000000 0.100327
    4 8.941008 0.000000 0.000000 0.000000 0.000000 0.194095
    5 2.036092 0.997454 1.937661 1.599339 -1.314103 2.940164
    6 6.028141 0.000000 0.000000 -1.694576 -0.786123 -0.370219
    7 11.692555 0.000000 0.000000 0.000000 0.000000 -1.564671
    8 11.481671 0.000000 -0.000033 0.342973 0.022225 -0.476183
    9 3.858223 -0.139536 -1.192189 -0.378466 0.137110 -1.360547
    10 1.312564 -0.000002 0.000000 0.000587 -0.000002 -1.519102
    11 0.729363 0.000000 0.000000 0.000204 -0.000237 -0.556909
    12 3.941966 0.046948 -0.435170 -0.166287 0.141052 -0.875106
    13 1.539098 -0.000001 0.000000 0.000240 0.000082 -1.586216
    14 1.196321 0.000001 0.000000 0.000252 -0.000376 -0.611210
    15 3.881372 -0.043128 0.427603 0.028432 0.038815 -0.600974
    16 1.719579 -0.000001 0.000000 -0.004027 0.001043 -1.234665
    17 1.209176 0.000000 0.000000 -0.001342 0.002336 -0.512848
    18 3.863473 -0.136491 1.332153 0.360814 -0.141414 -0.764314
    19 1.719429 0.000001 0.000001 -0.005621 0.002732 -0.864662
    20 1.099664 0.000001 0.000000 -0.001258 0.001737 -0.579124
    21 0.807580 -0.347157 1.320587 -1.123041 -0.508063 -0.914770
    22 1.789782 0.000000 0.000000 0.002049 0.055876 -0.106390
    23 1.207003 0.000000 0.000000 -0.000144 -0.000658 0.114992
    24 2.036095 0.997454 -1.937661 -1.685825 1.330186 2.924991
    25 6.028141 0.000003 0.000000 1.549614 0.913332 -0.618764
    26 11.692552 0.000000 -0.000001 0.000000 0.000000 -1.529693
    27 11.481652 -0.000001 0.000017 -0.648110 -0.200435 -0.339069
    28 3.858241 -0.131719 1.196095 0.631972 -0.434977 -1.026923
    29 1.312565 0.000000 0.000000 -0.000431 0.000457 -1.056779
    30 0.729363 0.000000 0.000000 -0.000060 0.000369 -0.347075
    31 3.941985 0.050854 0.431264 0.160151 -0.203312 -0.738561
    32 1.539096 -0.000001 0.000000 -0.000228 0.000254 -0.994972
    33 1.196321 0.000000 0.000000 -0.000204 0.000543 -0.559042
    34 3.881388 -0.047033 -0.427603 -0.055877 -0.058506 -0.240682
    35 1.719579 0.000001 0.000000 0.002121 -0.006161 -1.020555
    36 1.209177 0.000000 0.000000 -0.001234 -0.003822 -0.173993
    37 3.863492 -0.148208 -1.328247 -0.228528 0.307938 -0.350687
    38 1.719428 -0.000001 -0.000001 0.000623 -0.005776 -0.708186
    39 1.099665 0.000000 0.000000 0.000060 -0.003919 -0.456674
    40 0.807598 -0.358882 -1.316680 1.263273 0.726373 -0.754127
    41 1.789785 0.000000 -0.000001 -0.002109 0.000487 0.005936
    42 1.207004 0.000000 0.000000 -0.000108 0.000551 -0.160677
  time 95
    0 -0.002329 -13.531663 -29.431290 1.570796 0.000000 0.000000
    1 0.000000 3.345132 -2.981898 1.570796 0.086285 1.570796
    2 4.015371 0.000000 0.000000 0.000000 0.000000 -0.029235
    3 3.520296 0.000000 0.000000 0.000000 0.000000 0.100327
    4 8.941008 0.000000 0.000000 0.000000 0.000000 0.194095
    5 2.036092 0.997454 1.937661 1.598333 -1.304539 2.941194
    6 6.028141 0.000000 0.000000 -1.691241 -0.785730 -0.383570
    7 11.692555 0.000000 0.000000 0.000000 0.000000 -1.589258
    8 11.481671 0.000000 -0.000033 0.283488 0.036865 -0.462735
    9 3.858223 -0.139536 -1.192189 -0.353263 0.083775 -1.424025
    10 1.312564 -0.000002 0.000000 0.000611 0.000058 -1.617901
    11 0.729363 0.000000 0.000000 0.000216 -0.000225 -0.607659
    12 3.941966 0.046948 -0.435170 -0.185858 0.120882 -0.948865
    13 1.539098 -0.000001 0.000000 0.000240 0.000106 -1.694084
    14 1.196321 0.000001 0.000000 0.000264 -0.000376 -0.640195
    15 3.881372 -0.043128 0.427603 0.028936 0.034333 -0.671260
    16 1.719579 -0.000001 0.000000 -0.004207 0.000576 -1.337783
    17 1.209176 0.000000 0.000000 -0.001450 0.002276 -0.557364
    18 3.863473 -0.136491 1.332153 0.363067 -0.127584 -0.874980
    19 1.719429 0.000001 0.000001 -0.005968 0.002169 -0.950019
    20 1.099664 0.000001 0.000000 -0.001402 0.001654 -0.643459
    21 0.807580 -0.347157 1.320587 -1.140096 -0.503797 -0.884743
    22 1.789782 0.000000 0.000000 0.001654 0.068820 -0.046895
    23 1.207003 0.000000 0.000000 -0.000180 -0.000646 0.179770
    24 2.036095 0.997454 -1.937661 -1.682362 1.322588 2.928562
    25 6.028141 0.000003 0.000000 1.539080 0.910764 -0.625092
    26 11.692552 0.000000 -0.000001 0.000000 0.000000 -1.532039
    27 11.481652 -0.000001 0.000017 -0.563828 -0.219805 -0.343819
    28 3.858241 -0.131719 1.196095 0.572901 -0.336192 -1.140201
    29 1.312565 0.000000 0.000000 -0.000527 0.000326 -1.286440
    30 0.729363 0.000000 0.000000 -0.000096 0.000369 -0.430697
    31 3.941985 0.050854 0.431264 0.175491 -0.178743 -0.822297
    32 1.539096 -0.000001 0.000000 -0.000252 0.000218 -1.110870
    33 1.196321 0.000000 0.000000 -0.000240 0.000519 -0.647681
    34 3.881388 -0.047033 -0.427603 -0.051035 -0.056217 -0.341087
    35 1.719579 0.000001 0.000000 0.003080 -0.005274 -1.208316
    36 1.209177 0.000000 0.000000 -0.000791 -0.003870 -0.280141
    37 3.863492 -0.148208 -1.328247 -0.247764 0.278728 -0.454293
    38 1.719428 -0.000001 -0.000001 0.001186 -0.005416 -0.816834
    39 1.099665 0.000000 0.000000 0.000228 -0.003871 -0.499750
    40 0.807598 -0.358882 -1.316680 1.263477 0.713873 -0.753940
    41 1.789785 0.000000 -0.000001 -0.002061 0.000583 0.051382
    42 1.207004 0.000000 0.000000 -0.000048 0.000539 -0.061803
  time 96
    0 -0.002329 -13.531663 -29.431290 1.570796 0.000000 0.000000
    1 0.000000 3.345132 -2.981898 1.570796 0.086285 1.570796
    2 4.015371 0.000000 0.000000 0.000000 0.000000 -0.029235
    3 3.520296 0.000000 0.000000 0.000000 0.000000 0.100327
    4 8.941008 0.000000 0.000000 0.000000 0.000000 0.194095
    5 2.036092 0.997454 1.937661 1.597434 -1.295275 2.942129
    6 6.028141 0.000000 0.000000 -1.687353 -0.784550 -0.396693
    7 11.692555 0.000000 0.000000 0.000000 0.000000 -1.613297
    8 11.481671 0.000000 -0.000033 0.228935 0.051336 -0.419475
    9 3.858223 -0.139536 -1.192189 -0.339444 0.056392 -1.456797
    10 1.312564 -0.000002 0.000000 0.000623 0.000082 -1.669771
    11 0.729363 0.000000 0.000000 0.000216 -0.000213 -0.634062
    12 3.941966 0.046948 -0.435170 -0.197363 0.108466 -0.993051
    13 1.539098 -0.000001 0.000000 0.000240 0.000130 -1.762200
    14 1.196321 0.000001 0.000000 0.000276 -0.000376 -0.658035
    15 3.881372 -0.043128 0.427603 0.028432 0.030606 -0.727908
    16 1.719579 -0.000001 0.000000 -0.004350 0.000204 -1.427663
    17 1.209176 0.000000 0.000000 -0.001534 0.002228 -0.592326
    18 3.863473 -0.136491 1.332153 0.361414 -0.110554 -0.969791
    19 1.719429 0.000001 0.000001 -0.006256 0.001713 -1.039044
    20 1.099664 0.000001 0.000000 -0.001510 0.001582 -0.707329
    21 0.807580 -0.347157 1.320587 -1.157761 -0.499806 -0.853206
    22 1.789782 0.000000 0.000000 0.000983 0.082770 0.012821
    23 1.207003 0.000000 0.000000 -0.000228 -0.000634 0.242840
    24 2.036095 0.997454 -1.937661 -1.679138 1.315086 2.931882
    25 6.028141 0.000003 0.000000 1.528905 0.907990 -0.630952
    26 11.692552 0.000000 -0.000001 0.000000 0.000000 -1.534754
    27 11.481652 -0.000001 0.000017 -0.482122 -0.237986 -0.347416
    28 3.858241 -0.131719 1.196095 0.507984 -0.241443 -1.246195
    29 1.312565 0.000000 0.000000 -0.000623 0.000194 -1.507850
    30 0.729363 0.000000 0.000000 -0.000120 0.000357 -0.511910
    31 3.941985 0.050854 0.431264 0.189297 -0.153732 -0.902543
    32 1.539096 -0.000001 0.000000 -0.000276 0.000182 -1.225278
    33 1.196321 0.000000 0.000000 -0.000288 0.000495 -0.735843
    34 3.881388 -0.047033 -0.427603 -0.045043 -0.053688 -0.445202
    35 1.719579 0.000001 0.000000 0.004039 -0.004375 -1.394222
    36 1.209177 0.000000 0.000000 -0.000360 -0.003918 -0.385179
    37 3.863492 -0.148208 -1.328247 -0.263799 0.247580 -0.562212
    38 1.719428 -0.000001 -0.000001 0.001774 -0.005045 -0.931600
    39 1.099665 0.000000 0.000000 0.000407 -0.003823 -0.547131
    40 0.807598 -0.358882 -1.316680 1.263501 0.701386 -0.754065
    41 1.789785 0.000000 -0.000001 -0.002013 0.000679 0.097798
    42 1.207004 0.000000 0.000000 0.000000 0.000527 0.036248
  time 97
    0 -0.002329 -13.531663 -29.431290 1.570796 0.000000 0.000000
    1 0.000000 3.345132 -2.981898 1.570796 0.086285 1.570796
    2 4.015371 0.000000 0.000000 0.000000 0.000000 -0.029235
    3 3.520296 0.000000 0.000000 0.000000 0.000000 0.100327
    4 8.941008 0.000000 0.000000 0.000000 0.000000 0.194095
    5 2.036092 0.997454 1.937661 1.596631 -1.286515 2.942968
    6 6.028141 0.000000 0.000000 -1.683225 -0.781767 -0.408786
    7 11.692555 0.000000 0.000000 0.000000 0.000000 -1.636971
    8 11.481671 0.000000 -0.000033 0.183089 0.065303 -0.345323
    9 3.858223 -0.139536 -1.192189 -0.335058 0.049522 -1.463359
    10 1.312564 -0.000002 0.000000 0.000623 0.000094 -1.684091
    11 0.729363 0.000000 0.000000 0.000228 -0.000213 -0.641870
    12 3.941966 0.046948 -0.435170 -0.203487 0.101946 -1.015528
    13 1.539098 -0.000001 0.000000 0.000240 0.000142 -1.799904
    14 1.196321 0.000001 0.000000 0.000276 -0.000364 -0.668140
    15 3.881372 -0.043128 0.427603 0.027701 0.027370 -0.777039
    16 1.719579 -0.000001 0.000000 -0.004482 -0.000119 -1.511665
    17 1.209176 0.000000 0.000000 -0.001606 0.002192 -0.622036
    18 3.863473 -0.136491 1.332153 0.357111 -0.090396 -1.059519
    19 1.719429 0.000001 0.000001 -0.006508 0.001342 -1.135894
    20 1.099664 0.000001 0.000000 -0.001606 0.001534 -0.775175
    21 0.807580 -0.347157 1.320587 -1.177092 -0.494652 -0.817724
    22 1.789782 0.000000 0.000000 -0.000048 0.098542 0.078527
    23 1.207003 0.000000 0.000000 -0.000276 -0.000622 0.308366
    24 2.036095 0.997454 -1.937661 -1.676154 1.307691 2.934974
    25 6.028141 0.000003 0.000000 1.519185 0.904909 -0.636178
    26 11.692552 0.000000 -0.000001 0.000000 0.000000 -1.537840
    27 11.481652 -0.000001 0.000017 -0.403627 -0.254860 -0.349655
    28 3.858241 -0.131719 1.196095 0.447489 -0.161148 -1.336284
    29 1.312565 0.000000 0.000000 -0.000707 0.000086 -1.695492
    30 0.729363 0.000000 0.000000 -0.000144 0.000357 -0.581118
    31 3.941985 0.050854 0.431264 0.200742 -0.130649 -0.972560
    32 1.539096 -0.000001 0.000000 -0.000300 0.000158 -1.328124
    33 1.196321 0.000000 0.000000 -0.000336 0.000471 -0.815249
    34 3.881388 -0.047033 -0.427603 -0.038380 -0.051016 -0.544943
    35 1.719579 0.000001 0.000000 0.004902 -0.003584 -1.560123
    36 1.209177 0.000000 0.000000 0.000000 -0.003966 -0.477790
    37 3.863492 -0.148208 -1.328247 -0.275496 0.216947 -0.667294
    38 1.719428 -0.000001 -0.000001 0.002349 -0.004661 -1.045670
    39 1.099665 0.000000 0.000000 0.000599 -0.003775 -0.596968
    40 0.807598 -0.358882 -1.316680 1.263453 0.689329 -0.754365
    41 1.789785 0.000000 -0.000001 -0.001977 0.000775 0.144406
    42 1.207004 0.000000 0.000000 0.000048 0.000527 0.130424
  time 98
    0 -0.002329 -13.531663 -29.431290 1.570796 0.000000 0.000000
    1 0.000000 3.345132 -2.981898 1.570796 0.086285 1.570796
    2 4.015371 0.000000 0.000000 0.000000 0.000000 -0.029235
    3 3.520296 0.000000 0.000000 0.000000 0.000000 0.100327
    4 8.941008 0.000000 0.000000 0.000000 0.000000 0.194095
    5 2.036092 0.997454 1.937661 1.595972 -1.278916 2.943651
    6 6.028141 0.000000 0.000000 -1.679481 -0.776958 -0.422292
    7 11.692555 0.000000 0.000000 0.000000 0.000000 -1.657907
    8 11.481671 0.000000 -0.000033 0.149193 0.077584 -0.246328
    9 3.858223 -0.139536 -1.192189 -0.337239 0.055748 -1.453659
    10 1.312564 -0.000002 0.000000 0.000623 0.000082 -1.673701
    11 0.729363 0.000000 0.000000 0.000228 -0.000213 -0.637251
    12 3.941966 0.046948 -0.435170 -0.206183 0.099250 -1.024344
    13 1.539098 -0.000001 0.000000 0.000240 0.000142 -1.817033
    14 1.196321 0.000001 0.000000 0.000276 -0.000364 -0.672911
    15 3.881372 -0.043128 0.427603 0.026814 0.024566 -0.821279
    16 1.719579 -0.000001 0.000000 -0.004602 -0.000407 -1.589923
    17 1.209176 0.000000 0.000000 -0.001678 0.002169 -0.647878
    18 3.863473 -0.136491 1.332153 0.350783 -0.068788 -1.144647
    19 1.719429 0.000001 0.000001 -0.006723 0.001006 -1.236114
    20 1.099664 0.000001 0.000000 -0.001678 0.001486 -0.844414
    21 0.807580 -0.347157 1.320587 -1.196639 -0.488528 -0.780666
    22 1.789782 0.000000 0.000000 -0.001103 0.115116 0.147717
    23 1.207003 0.000000 0.000000 -0.000324 -0.000610 0.377743
    24 2.036095 0.997454 -1.937661 -1.673385 1.300441 2.937850
    25 6.028141 0.000003 0.000000 1.510029 0.901588 -0.640600
    26 11.692552 0.000000 -0.000001 0.000000 0.000000 -1.541544
    27 11.481652 -0.000001 0.000017 -0.337637 -0.262122 -0.340472
    28 3.858241 -0.131719 1.196095 0.402747 -0.105036 -1.400789
    29 1.312565 0.000000 0.000000 -0.000767 0.000014 -1.823623
    30 0.729363 0.000000 0.000000 -0.000168 0.000345 -0.628685
    31 3.941985 0.050854 0.431264 0.209263 -0.111869 -1.025609
    32 1.539096 -0.000001 0.000000 -0.000312 0.000134 -1.409463
    33 1.196321 0.000000 0.000000 -0.000360 0.000447 -0.877577
    34 3.881388 -0.047033 -0.427603 -0.031788 -0.048355 -0.632224
    35 1.719579 0.000001 0.000000 0.005597 -0.002985 -1.687921
    36 1.209177 0.000000 0.000000 0.000288 -0.004014 -0.546672
    37 3.863492 -0.148208 -1.328247 -0.282867 0.189214 -0.762616
    38 1.719428 -0.000001 -0.000001 0.002900 -0.004314 -1.152232
    39 1.099665 0.000000 0.000000 0.000791 -0.003727 -0.647388
    40 0.807598 -0.358882 -1.316680 1.263429 0.678327 -0.754665
    41 1.789785 0.000000 -0.000001 -0.001930 0.000859 0.190307
    42 1.207004 0.000000 0.000000 0.000096 0.000515 0.216190
  time 99
    0 -0.002329 -13.531663 -29.431290 1.570796 0.000000 0.000000
    1 0.000000 3.345132 -2.981898 1.570796 0.086285 1.570796
    2 4.015371 0.000000 0.000000 0.000000 0.000000 -0.029235
    3 3.520296 0.000000 0.000000 0.000000 0.000000 0.100327
    4 8.941008 0.000000 0.000000 0.000000 0.000000 0.194095
    5 2.036092 0.997454 1.937661 1.595456 -1.272636 2.944190
    6 6.028141 0.000000 0.000000 -1.675918 -0.769638 -0.439574
    7 11.692555 0.000000 0.000000 0.000000 0.000000 -1.675251
    8 11.481671 0.000000 -0.000033 0.128224 0.086757 -0.137368
    9 3.858223 -0.139536 -1.192189 -0.342752 0.067865 -1.437826
    10 1.312564 -0.000002 0.000000 0.000623 0.000070 -1.651638
    11 0.729363 0.000000 0.000000 0.000216 -0.000225 -0.626418
    12 3.941966 0.046948 -0.435170 -0.207190 0.098279 -1.027468
    13 1.539098 -0.000001 0.000000 0.000240 0.000142 -1.823525
    14 1.196321 0.000001 0.000000 0.000288 -0.000364 -0.674732
    15 3.881372 -0.043128 0.427603 0.025844 0.022121 -0.863171
    16 1.719579 -0.000001 0.000000 -0.004698 -0.000658 -1.662617
    17 1.209176 0.000000 0.000000 -0.001726 0.002133 -0.671256
    18 3.863473 -0.136491 1.332153 0.342993 -0.047407 -1.225539
    19 1.719429 0.000001 0.000001 -0.006915 0.000707 -1.335173
    20 1.099664 0.000001 0.000000 -0.001750 0.001438 -0.912441
    21 0.807580 -0.347157 1.320587 -1.215119 -0.481817 -0.744369
    22 1.789782 0.000000 0.000000 -0.001846 0.131439 0.217865
    23 1.207003 0.000000 0.000000 -0.000372 -0.000598 0.452469
    24 2.036095 0.997454 -1.937661 -1.670821 1.293370 2.940499
    25 6.028141 0.000003 0.000000 1.501544 0.897993 -0.644015
    26 11.692552 0.000000 -0.000001 0.000000 0.000000 -1.545987
    27 11.481652 -0.000001 0.000017 -0.291123 -0.253191 -0.312581
    28 3.858241 -0.131719 1.196095 0.378043 -0.077611 -1.431606
    29 1.312565 0.000000 0.000000 -0.000791 -0.000010 -1.881241
    30 0.729363 0.000000 0.000000 -0.000168 0.000345 -0.650742
    31 3.941985 0.050854 0.431264 0.214980 -0.097788 -1.057745
    32 1.539096 -0.000001 0.000000 -0.000324 0.000122 -1.466448
    33 1.196321 0.000000 0.000000 -0.000383 0.000435 -0.921282
    34 3.881388 -0.047033 -0.427603 -0.025208 -0.045551 -0.709911
    35 1.719579 0.000001 0.000000 0.006124 -0.002589 -1.774205
    36 1.209177 0.000000 0.000000 0.000467 -0.004050 -0.589477
    37 3.863492 -0.148208 -1.328247 -0.287073 0.163282 -0.853740
    38 1.719428 -0.000001 -0.000001 0.003428 -0.003978 -1.257496
    39 1.099665 0.000000 0.000000 0.000995 -0.003667 -0.702847
    40 0.807598 -0.358882 -1.316680 1.263153 0.667421 -0.755390
    41 1.789785 0.000000 -0.000001 -0.001894 0.000967 0.240175
    42 1.207004 0.000000 0.000000 0.000144 0.000515 0.294744
  time 100
    0 -0.002329 -13.531663 -29.431290 1.570796 0.000000 0.000000
    1 0.000000 3.345132 -2.981898 1.570796 0.086285 1.570796
    2 4.015371 0.000000 0.000000 0.000000 0.000000 -0.029235
    3 3.520296 0.000000 0.000000 0.000000 0.000000 0.100327
    4 8.941008 0.000000 0.000000 0.000000 0.000000 0.194095
    5 2.036092 0.997454 1.937661 1.595037 -1.267291 2.944634
    6 6.028141 0.000000 0.000000 -1.671922 -0.758598 -0.459133
    7 11.692555 0.000000 0.000000 0.000000 0.000000 -1.691379
    8 11.481671 0.000000 -0.000033 0.117696 0.092301 -0.036537
    9 3.858223 -0.139536 -1.192189 -0.348529 0.078552 -1.425950
    10 1.312564 -0.000002 0.000000 0.000611 0.000058 -1.630820
    11 0.729363 0.000000 0.000000 0.000216 -0.000225 -0.615526
    12 3.941966 0.046948 -0.435170 -0.208197 0.096889 -1.032896
    13 1.539098 -0.000001 0.000000 0.000240 0.000142 -1.829218
    14 1.196321 0.000001 0.000000 0.000288 -0.000364 -0.676019
    15 3.881372 -0.043128 0.427603 0.024801 0.019952 -0.905259
    16 1.719579 -0.000001 0.000000 -0.004794 -0.000898 -1.729791
    17 1.209176 0.000000 0.000000 -0.001786 0.002109 -0.693587
    18 3.863473 -0.136491 1.332153 0.334256 -0.027860 -1.302517
    19 1.719429 0.000001 0.000001 -0.007095 0.000419 -1.428541
    20 1.099664 0.000001 0.000000 -0.001822 0.001390 -0.976672
    21 0.807580 -0.347157 1.320587 -1.231442 -0.475058 -0.711120
    22 1.789782 0.000000 0.000000 -0.001918 0.146480 0.286465
    23 1.207003 0.000000 0.000000 -0.000419 -0.000574 0.533954
    24 2.036095 0.997454 -1.937661 -1.668472 1.286515 2.942956
    25 6.028141 0.000003 0.000000 1.493874 0.894056 -0.646209
    26 11.692552 0.000000 -0.000001 0.000000 0.000000 -1.551234
    27 11.481652 -0.000001 0.000017 -0.259987 -0.230351 -0.270620
    28 3.858241 -0.131719 1.196095 0.367531 -0.071918 -1.434513
    29 1.312565 0.000000 0.000000 -0.000803 -0.000022 -1.886290
    30 0.729363 0.000000 0.000000 -0.000180 0.000345 -0.654222
    31 3.941985 0.050854 0.431264 0.218791 -0.086606 -1.073504
    32 1.539096 -0.000001 0.000000 -0.000336 0.000098 -1.506658
    33 1.196321 0.000000 0.000000 -0.000407 0.000435 -0.952961
    34 3.881388 -0.047033 -0.427603 -0.018138 -0.042327 -0.785848
    35 1.719579 0.000001 0.000000 0.006556 -0.002326 -1.833316
    36 1.209177 0.000000 0.000000 0.000575 -0.004086 -0.615005
    37 3.863492 -0.148208 -1.328247 -0.288439 0.137351 -0.948571
    38 1.719428 -0.000001 -0.000001 0.003991 -0.003619 -1.369203
    39 1.099665 0.000000 0.000000 0.001246 -0.003607 -0.766410
    40 0.807598 -0.358882 -1.316680 1.262350 0.655365 -0.756991
    41 1.789785 0.000000 -0.000001 -0.001834 0.001074 0.298217
    42 1.207004 0.000000 0.000000 0.000192 0.000515 0.372946
  time 101
    0 -0.002329 -13.531663 -29.431290 1.570796 0.000000 0.000000
    1 0.000000 3.345132 -2.981898 1.570796 0.086285 1.570796
    2 4.015371 0.000000 0.000000 0.000000 0.000000 -0.029235
    3 3.520296 0.000000 0.000000 0.000000 0.000000 0.100327
    4 8.941008 0.000000 0.000000 0.000000 0.000000 0.194095
    5 2.036092 0.997454 1.937661 1.594677 -1.262486 2.945017
    6 6.028141 0.000000 0.000000 -1.666890 -0.742567 -0.479507
    7 11.692555 0.000000 0.000000 0.000000 0.000000 -1.708541
    8 11.481671 0.000000 -0.000033 0.113609 0.094935 0.043610
    9 3.858223 -0.139536 -1.192189 -0.351669 0.080436 -1.428090
    10 1.312564 -0.000002 0.000000 0.000611 0.000058 -1.624127
    11 0.729363 0.000000 0.000000 0.000216 -0.000225 -0.610788
    12 3.941966 0.046948 -0.435170 -0.210869 0.092970 -1.048648
    13 1.539098 -0.000001 0.000000 0.000240 0.000154 -1.844049
    14 1.196321 0.000001 0.000000 0.000288 -0.000364 -0.679156
    15 3.881372 -0.043128 0.427603 0.023650 0.017938 -0.950114
    16 1.719579 -0.000001 0.000000 -0.004878 -0.001114 -1.791626
    17 1.209176 0.000000 0.000000 -0.001834 0.002073 -0.716239
    18 3.863473 -0.136491 1.332153 0.325040 -0.011717 -1.375582
    19 1.719429 0.000001 0.000001 -0.007251 0.000131 -1.511764
    20 1.099664 0.000001 0.000000 -0.001894 0.001354 -1.034527
    21 0.807580 -0.347157 1.320587 -1.244721 -0.468934 -0.683072
    22 1.789782 0.000000 0.000000 -0.000971 0.159208 0.351010
    23 1.207003 0.000000 0.000000 -0.000479 -0.000539 0.623628
    24 2.036095 0.997454 -1.937661 -1.666374 1.280139 2.945137
    25 6.028141 0.000003 0.000000 1.487378 0.892481 -0.645202
    26 11.692552 0.000000 -0.000001 0.000000 0.000000 -1.554752
    27 11.481652 -0.000001 0.000017 -0.239244 -0.196203 -0.219724
    28 3.858241 -0.131719 1.196095 0.366835 -0.080087 -1.420114
    29 1.312565 0.000000 0.000000 -0.000791 0.000002 -1.856985
    30 0.729363 0.000000 0.000000 -0.000168 0.000345 -0.645697
    31 3.941985 0.050854 0.431264 0.221380 -0.077462 -1.078874
    32 1.539096 -0.000001 0.000000 -0.000348 0.000098 -1.535742
    33 1.196321 0.000000 0.000000 -0.000419 0.000424 -0.976478
    34 3.881388 -0.047033 -0.427603 -0.010815 -0.038815 -0.859432
    35 1.719579 0.000001 0.000000 0.006891 -0.002146 -1.873425
    36 1.209177 0.000000 0.000000 0.000635 -0.004122 -0.628739
    37 3.863492 -0.148208 -1.328247 -0.286845 0.112530 -1.044045
    38 1.719428 -0.000001 -0.000001 0.004554 -0.003235 -1.483042
    39 1.099665 0.000000 0.000000 0.001498 -0.003535 -0.834151
    40 0.807598 -0.358882 -1.316680 1.261308 0.643128 -0.759079
    41 1.789785 0.000000 -0.000001 -0.001786 0.001194 0.360165
    42 1.207004 0.000000 0.000000 0.000240 0.000515 0.452346
  time 102
    0 -0.002329 -13.531663 -29.431290 1.570796 0.000000 0.000000
    1 0.000000 3.345132 -2.981898 1.570796 0.086285 1.570796
    2 4.015371 0.000000 0.000000 0.000000 0.000000 -0.029235
    3 3.520296 0.000000 0.000000 0.000000 0.000000 0.100327
    4 8.941008 0.000000 0.000000 0.000000 0.000000 0.194095
    5 2.036092 0.997454 1.937661 1.594330 -1.257800 2.945377
    6 6.028141 0.000000 0.000000 -1.660197 -0.720365 -0.499293
    7 11.692555 0.000000 0.000000 0.000000 0.000000 -1.728624
    8 11.481671 0.000000 -0.000033 0.112587 0.095869 0.098751
    9 3.858223 -0.139536 -1.192189 -0.350890 0.052671 -1.489891
    10 1.312564 -0.000002 0.000000 0.000611 0.000082 -1.657241
    11 0.729363 0.000000 0.000000 0.000216 -0.000225 -0.619073
    12 3.941966 0.046948 -0.435170 -0.218587 0.078349 -1.111261
    13 1.539098 -0.000001 0.000000 0.000240 0.000154 -1.884200
    14 1.196321 0.000001 0.000000 0.000288 -0.000364 -0.685257
    15 3.881372 -0.043128 0.427603 0.022033 0.017495 -1.024201
    16 1.719579 -0.000001 0.000000 -0.004926 -0.001306 -1.836364
    17 1.209176 0.000000 0.000000 -0.001906 0.002025 -0.744064
    18 3.863473 -0.136491 1.332153 0.319060 0.003827 -1.447800
    19 1.719429 0.000001 0.000001 -0.007359 -0.000240 -1.574546
    20 1.099664 0.000001 0.000000 -0.001953 0.001282 -1.080842
    21 0.807580 -0.347157 1.320587 -1.250354 -0.466153 -0.670893
    22 1.789782 0.000000 0.000000 0.006879 0.164457 0.426281
    23 1.207003 0.000000 0.000000 -0.000563 -0.000443 0.815817
    24 2.036095 0.997454 -1.937661 -1.664565 1.274362 2.947043
    25 6.028141 0.000003 0.000000 1.481805 0.893782 -0.640384
    26 11.692552 0.000000 -0.000001 0.000000 0.000000 -1.555863
    27 11.481652 -0.000001 0.000017 -0.224458 -0.154166 -0.164937
    28 3.858241 -0.131719 1.196095 0.371212 -0.094467 -1.399285
    29 1.312565 0.000000 0.000000 -0.000779 0.000026 -1.811314
    30 0.729363 0.000000 0.000000 -0.000168 0.000345 -0.631775
    31 3.941985 0.050854 0.431264 0.223321 -0.069456 -1.079787
    32 1.539096 -0.000001 0.000000 -0.000348 0.000086 -1.559263
    33 1.196321 0.000000 0.000000 -0.000431 0.000424 -0.995715
    34 3.881388 -0.047033 -0.427603 -0.003480 -0.035172 -0.930059
    35 1.719579 0.000001 0.000000 0.007191 -0.002026 -1.902805
    36 1.209177 0.000000 0.000000 0.000671 -0.004146 -0.636162
    37 3.863492 -0.148208 -1.328247 -0.282627 0.089783 -1.137173
    38 1.719428 -0.000001 -0.000001 0.005105 -0.002876 -1.594749
    39 1.099665 0.000000 0.000000 0.001750 -0.003463 -0.902121
    40 0.807598 -0.358882 -1.316680 1.260289 0.631707 -0.761179
    41 1.789785 0.000000 -0.000001 -0.001726 0.001326 0.420975
    42 1.207004 0.000000 0.000000 0.000288 0.000515 0.534048
  time 103
    0 -0.002329 -13.531663 -29.431290 1.570796 0.000000 0.000000
    1 0.000000 3.345132 -2.981898 1.570796 0.086285 1.570796
    2 4.015371 0.000000 0.000000 0.000000 0.000000 -0.029235
    3 3.520296 0.000000 0.000000 0.000000 0.000000 0.100327
    4 8.941008 0.000000 0.000000 0.000000 0.000000 0.194095
    5 2.036092 0.997454 1.937661 1.593970 -1.252862 2.945748
    6 6.028141 0.000000 0.000000 -1.651133 -0.690723 -0.517042
    7 11.692555 0.000000 0.000000 0.000000 0.000000 -1.753454
    8 11.481671 0.000000 -0.000033 0.112720 0.096053 0.129725
    9 3.858223 -0.139536 -1.192189 -0.357685 0.044967 -1.524055
    10 1.312564 -0.000002 0.000000 0.000611 0.000082 -1.655529
    11 0.729363 0.000000 0.000000 0.000216 -0.000225 -0.610788
    12 3.941966 0.046948 -0.435170 -0.218240 0.073722 -1.137180
    13 1.539098 -0.000001 0.000000 0.000240 0.000154 -1.875461
    14 1.196321 0.000001 0.000000 0.000288 -0.000364 -0.679156
    15 3.881372 -0.043128 0.427603 0.021781 0.020167 -1.048263
    16 1.719579 -0.000001 0.000000 -0.004854 -0.001210 -1.811235
    17 1.209176 0.000000 0.000000 -0.001894 0.002025 -0.743726
    18 3.863473 -0.136491 1.332153 0.325064 0.010874 -1.442555
    19 1.719429 0.000001 0.000001 -0.007251 -0.000240 -1.562791
    20 1.099664 0.000001 0.000000 -0.001942 0.001270 -1.073794
    21 0.807580 -0.347157 1.320587 -1.244721 -0.468934 -0.683072
    22 1.789782 0.000000 0.000000 0.014130 0.158584 0.446500
    23 1.207003 0.000000 0.000000 -0.000611 -0.000371 0.933856
    24 2.036095 0.997454 -1.937661 -1.662935 1.268969 2.948744
    25 6.028141 0.000003 0.000000 1.476364 0.894946 -0.633553
    26 11.692552 0.000000 -0.000001 0.000000 0.000000 -1.557529
    27 11.481652 -0.000001 0.000017 -0.212502 -0.108565 -0.110897
    28 3.858241 -0.131719 1.196095 0.376180 -0.107190 -1.382696
    29 1.312565 0.000000 0.000000 -0.000755 0.000050 -1.767402
    30 0.729363 0.000000 0.000000 -0.000168 0.000345 -0.619038
    31 3.941985 0.050854 0.431264 0.225143 -0.061702 -1.082176
    32 1.539096 -0.000001 0.000000 -0.000360 0.000074 -1.582959
    33 1.196321 0.000000 0.000000 -0.000443 0.000412 -1.014537
    34 3.881388 -0.047033 -0.427603 0.003603 -0.031565 -0.997186
    35 1.719579 0.000001 0.000000 0.007454 -0.001906 -1.929729
    36 1.209177 0.000000 0.000000 0.000707 -0.004182 -0.642741
    37 3.863492 -0.148208 -1.328247 -0.276491 0.069785 -1.224817
    38 1.719428 -0.000001 -0.000001 0.005621 -0.002516 -1.699966
    39 1.099665 0.000000 0.000000 0.002001 -0.003403 -0.966418
    40 0.807598 -0.358882 -1.316680 1.259498 0.621568 -0.762968
    41 1.789785 0.000000 -0.000001 -0.001678 0.001434 0.477542
    42 1.207004 0.000000 0.000000 0.000336 0.000503 0.618287
  time 104
    0 -0.002329 -13.531663 -29.431290 1.570796 0.000000 0.000000
    1 0.000000 3.345132 -2.981898 1.570796 0.086285 1.570796
    2 4.015371 0.000000 0.000000 0.000000 0.000000 -0.029235
    3 3.520296 0.000000 0.000000 0.000000 0.000000 0.100327
    4 8.941008 0.000000 0.000000 0.000000 0.000000 0.194095
    5 2.036092 0.997454 1.937661 1.593587 -1.247265 2.946156
    6 6.028141 0.000000 0.000000 -1.638783 -0.652339 -0.531064
    7 11.692555 0.000000 0.000000 0.000000 0.000000 -1.784553
    8 11.481671 0.000000 -0.000033 0.112898 0.096053 0.139311
    9 3.858223 -0.139536 -1.192189 -0.377855 0.083346 -1.475199
    10 1.312564 -0.000002 0.000000 0.000587 0.000034 -1.583230
    11 0.729363 0.000000 0.000000 0.000204 -0.000225 -0.574625
    12 3.941966 0.046948 -0.435170 -0.205297 0.089626 -1.080656
    13 1.539098 -0.000001 0.000000 0.000240 0.000130 -1.791963
    14 1.196321 0.000001 0.000000 0.000276 -0.000376 -0.657601
    15 3.881372 -0.043128 0.427603 0.023626 0.024973 -0.988149
    16 1.719579 -0.000001 0.000000 -0.004698 -0.000826 -1.722073
    17 1.209176 0.000000 0.000000 -0.001810 0.002073 -0.706830
    18 3.863473 -0.136491 1.332153 0.340153 0.005780 -1.348430
    19 1.719429 0.000001 0.000001 -0.006951 0.000227 -1.481926
    20 1.099664 0.000001 0.000000 -0.001834 0.001342 -1.014726
    21 0.807580 -0.347157 1.320587 -1.232113 -0.474770 -0.709743
    22 1.789782 0.000000 0.000000 0.014238 0.146444 0.391392
    23 1.207003 0.000000 0.000000 -0.000575 -0.000383 0.868974
    24 2.036095 0.997454 -1.937661 -1.661425 1.263780 2.950314
    25 6.028141 0.000003 0.000000 1.470252 0.892960 -0.626482
    26 11.692552 0.000000 -0.000001 0.000000 0.000000 -1.562714
    27 11.481652 -0.000001 0.000017 -0.201898 -0.064392 -0.061879
    28 3.858241 -0.131719 1.196095 0.377573 -0.110407 -1.381089
    29 1.312565 0.000000 0.000000 -0.000755 0.000062 -1.743372
    30 0.729363 0.000000 0.000000 -0.000156 0.000345 -0.614070
    31 3.941985 0.050854 0.431264 0.227384 -0.053325 -1.091948
    32 1.539096 -0.000001 0.000000 -0.000360 0.000074 -1.612394
    33 1.196321 0.000000 0.000000 -0.000455 0.000412 -1.036805
    34 3.881388 -0.047033 -0.427603 0.010182 -0.028173 -1.060211
    35 1.719579 0.000001 0.000000 0.007718 -0.001750 -1.962317
    36 1.209177 0.000000 0.000000 0.000755 -0.004206 -0.653973
    37 3.863492 -0.148208 -1.328247 -0.269456 0.052945 -1.303950
    38 1.719428 -0.000001 -0.000001 0.006076 -0.002193 -1.794430
    39 1.099665 0.000000 0.000000 0.002205 -0.003343 -1.023093
    40 0.807598 -0.358882 -1.316680 1.258983 0.612759 -0.764343
    41 1.789785 0.000000 -0.000001 -0.001618 0.001530 0.528956
    42 1.207004 0.000000 0.000000 0.000384 0.000491 0.704781
  time 105
    0 -0.002329 -13.531663 -29.431290 1.570796 0.000000 0.000000
    1 0.000000 3.345132 -2.981898 1.570796 0.086285 1.570796
    2 4.015371 0.000000 0.000000 0.000000 0.000000 -0.029235
    3 3.520296 0.000000 0.000000 0.000000 0.000000 0.100327
    4 8.941008 0.000000 0.000000 0.000000 0.000000 0.194095
    5 2.036092 0.997454 1.937661 1.593155 -1.240745 2.946611
    6 6.028141 0.000000 0.000000 -1.623352 -0.603489 -0.542749
    7 11.692555 0.000000 0.000000 0.000000 0.000000 -1.822164
    8 11.481671 0.000000 -0.000033 0.112898 0.096053 0.139311
    9 3.858223 -0.139536 -1.192189 -0.399715 0.129478 -1.416393
    10 1.312564 -0.000002 0.000000 0.000575 -0.000002 -1.498361
    11 0.729363 0.000000 0.000000 0.000192 -0.000237 -0.532607
    12 3.941966 0.046948 -0.435170 -0.189357 0.108550 -1.012457
    13 1.539098 -0.000001 0.000000 0.000240 0.000106 -1.694134
    14 1.196321 0.000001 0.000000 0.000264 -0.000376 -0.632562
    15 3.881372 -0.043128 0.427603 0.025520 0.030199 -0.915543
    16 1.719579 -0.000001 0.000000 -0.004518 -0.000371 -1.617923
    17 1.209176 0.000000 0.000000 -0.001702 0.002121 -0.663217
    18 3.863473 -0.136491 1.332153 0.354738 -0.003687 -1.236916
    19 1.719429 0.000001 0.000001 -0.006615 0.000790 -1.386574
    20 1.099664 0.000001 0.000000 -0.001702 0.001426 -0.945047
    21 0.807580 -0.347157 1.320587 -1.216857 -0.481134 -0.740893
    22 1.789782 0.000000 0.000000 0.013938 0.132362 0.324782
    23 1.207003 0.000000 0.000000 -0.000527 -0.000407 0.785119
    24 2.036095 0.997454 -1.937661 -1.659963 1.258591 2.951860
    25 6.028141 0.000003 0.000000 1.462666 0.884709 -0.620885
    26 11.692552 0.000000 -0.000001 0.000000 0.000000 -1.574441
    27 11.481652 -0.000001 0.000017 -0.192730 -0.026814 -0.021886
    28 3.858241 -0.131719 1.196095 0.375135 -0.081126 -1.441696
    29 1.312565 0.000000 0.000000 -0.000767 0.000050 -1.769205
    30 0.729363 0.000000 0.000000 -0.000168 0.000345 -0.633112
    31 3.941985 0.050854 0.431264 0.231195 -0.040669 -1.136327
    32 1.539096 -0.000001 0.000000 -0.000372 0.000050 -1.673759
    33 1.196321 0.000000 0.000000 -0.000467 0.000388 -1.077360
    34 3.881388 -0.047033 -0.427603 0.014425 -0.026100 -1.121123
    35 1.719579 0.000001 0.000000 0.007934 -0.001487 -2.008844
    36 1.209177 0.000000 0.000000 0.000851 -0.004218 -0.676746
    37 3.863492 -0.148208 -1.328247 -0.266340 0.038990 -1.365304
    38 1.719428 -0.000001 -0.000001 0.006340 -0.001857 -1.866646
    39 1.099665 0.000000 0.000000 0.002361 -0.003271 -1.064700
    40 0.807598 -0.358882 -1.316680 1.258252 0.609907 -0.765706
    41 1.789785 0.000000 -0.000001 -0.001558 0.001614 0.577901
    42 1.207004 0.000000 0.000000 0.000443 0.000431 0.850567
  time 106
    0 -0.002329 -13.531663 -29.431290 1.570796 0.000000 0.000000
    1 0.000000 3.345132 -2.981898 1.570796 0.086285 1.570796
    2 4.015371 0.000000 0.000000 0.000000 0.000000 -0.029235
    3 3.520296 0.000000 0.000000 0.000000 0.000000 0.100327
    4 8.941008 0.000000 0.000000 0.000000 0.000000 0.194095
    5 2.036092 0.997454 1.937661 1.592688 -1.233471 2.947103
    6 6.028141 0.000000 0.000000 -1.606524 -0.545111 -0.554962
    7 11.692555 0.000000 0.000000 0.000000 0.000000 -1.863000
    8 11.481671 0.000000 -0.000033 0.112898 0.096053 0.139311
    9 3.858223 -0.139536 -1.192189 -0.421719 0.181811 -1.350241
    10 1.312564 -0.000002 0.000000 0.000551 -0.000062 -1.404193
    11 0.729363 0.000000 0.000000 0.000180 -0.000237 -0.486282
    12 3.941966 0.046948 -0.435170 -0.170697 0.129631 -0.935336
    13 1.539098 -0.000001 0.000000 0.000240 0.000082 -1.585667
    14 1.196321 0.000001 0.000000 0.000252 -0.000388 -0.604950
    15 3.881372 -0.043128 0.427603 0.027198 0.035556 -0.833519
    16 1.719579 -0.000001 0.000000 -0.004326 0.000133 -1.502645
    17 1.209176 0.000000 0.000000 -0.001582 0.002192 -0.614576
    18 3.863473 -0.136491 1.332153 0.366651 -0.017937 -1.112411
    19 1.719429 0.000001 0.000001 -0.006232 0.001414 -1.280439
    20 1.099664 0.000001 0.000000 -0.001546 0.001522 -0.867443
    21 0.807580 -0.347157 1.320587 -1.199323 -0.487606 -0.775492
    22 1.789782 0.000000 0.000000 0.013315 0.116842 0.249437
    23 1.207003 0.000000 0.000000 -0.000455 -0.000443 0.686507
    24 2.036095 0.997454 -1.937661 -1.658501 1.253197 2.953394
    25 6.028141 0.000003 0.000000 1.452791 0.867110 -0.618536
    26 11.692552 0.000000 -0.000001 0.000000 0.000000 -1.595364
    27 11.481652 -0.000001 0.000017 -0.186309 -0.000889 0.005055
    28 3.858241 -0.131719 1.196095 0.386252 -0.072315 -1.476240
    29 1.312565 0.000000 0.000000 -0.000755 0.000050 -1.759061
    30 0.729363 0.000000 0.000000 -0.000168 0.000345 -0.637639
    31 3.941985 0.050854 0.431264 0.230069 -0.039974 -1.149374
    32 1.539096 -0.000001 0.000000 -0.000360 0.000050 -1.683089
    33 1.196321 0.000000 0.000000 -0.000467 0.000388 -1.079995
    34 3.881388 -0.047033 -0.427603 0.011824 -0.027526 -1.119132
    35 1.719579 0.000001 0.000000 0.007778 -0.001511 -1.993753
    36 1.209177 0.000000 0.000000 0.000827 -0.004194 -0.669675
    37 3.863492 -0.148208 -1.328247 -0.271721 0.039315 -1.353200
    38 1.719428 -0.000001 -0.000001 0.006196 -0.001821 -1.853343
    39 1.099665 0.000000 0.000000 0.002325 -0.003259 -1.059737
    40 0.807598 -0.358882 -1.316680 1.258983 0.612759 -0.764343
    41 1.789785 0.000000 -0.000001 -0.001546 0.001614 0.581137
    42 1.207004 0.000000 0.000000 0.000467 0.000395 0.916154
  time 107
    0 -0.002329 -13.531663 -29.431290 1.570796 0.000000 0.000000
    1 0.000000 3.345132 -2.981898 1.570796 0.086285 1.570796
    2 4.015371 0.000000 0.000000 0.000000 0.000000 -0.029235
    3 3.520296 0.000000 0.000000 0.000000 0.000000 0.100327
    4 8.941008 0.000000 0.000000 0.000000 0.000000 0.194095
    5 2.036092 0.997454 1.937661 1.592209 -1.225621 2.947618
    6 6.028141 0.000000 0.000000 -1.589299 -0.479414 -0.567989
    7 11.692555 0.000000 0.000000 0.000000 0.000000 -1.903653
    8 11.481671 0.000000 -0.000033 0.112898 0.096053 0.139311
    9 3.858223 -0.139536 -1.192189 -0.442512 0.238485 -1.278954
    10 1.312564 -0.000002 0.000000 0.000527 -0.000110 -1.303799
    11 0.729363 0.000000 0.000000 0.000168 -0.000249 -0.437156
    12 3.941966 0.046948 -0.435170 -0.149676 0.151982 -0.851994
    13 1.539098 -0.000001 0.000000 0.000228 0.000046 -1.470109
    14 1.196321 0.000001 0.000000 0.000240 -0.000388 -0.575661
    15 3.881372 -0.043128 0.427603 0.028420 0.040829 -0.744984
    16 1.719579 -0.000001 0.000000 -0.004111 0.000672 -1.380143
    17 1.209176 0.000000 0.000000 -0.001450 0.002252 -0.562584
    18 3.863473 -0.136491 1.332153 0.373902 -0.036693 -0.979111
    19 1.719429 0.000001 0.000001 -0.005836 0.002085 -1.167117
    20 1.099664 0.000001 0.000000 -0.001390 0.001630 -0.784546
    21 0.807580 -0.347157 1.320587 -1.179932 -0.493826 -0.812430
    22 1.789782 0.000000 0.000000 0.012428 0.100387 0.168138
    23 1.207003 0.000000 0.000000 -0.000396 -0.000479 0.577354
    24 2.036095 0.997454 -1.937661 -1.656979 1.247421 2.955000
    25 6.028141 0.000003 0.000000 1.439991 0.836981 -0.621413
    26 11.692552 0.000000 -0.000001 0.000000 0.000000 -1.627644
    27 11.481652 -0.000001 0.000017 -0.184027 0.008722 0.014917
    28 3.858241 -0.131719 1.196095 0.417075 -0.113006 -1.427057
    29 1.312565 0.000000 0.000000 -0.000707 0.000098 -1.669659
    30 0.729363 0.000000 0.000000 -0.000156 0.000345 -0.606138
    31 3.941985 0.050854 0.431264 0.222087 -0.056872 -1.095949
    32 1.539096 -0.000001 0.000000 -0.000348 0.000062 -1.603896
    33 1.196321 0.000000 0.000000 -0.000443 0.000400 -1.023076
    34 3.881388 -0.047033 -0.427603 0.003626 -0.031577 -1.045789
    35 1.719579 0.000001 0.000000 0.007239 -0.001954 -1.898694
    36 1.209177 0.000000 0.000000 0.000611 -0.004158 -0.620024
    37 3.863492 -0.148208 -1.328247 -0.281333 0.055668 -1.271154
    38 1.719428 -0.000001 -0.000001 0.005717 -0.002133 -1.759574
    39 1.099665 0.000000 0.000000 0.002157 -0.003307 -1.012837
    40 0.807598 -0.358882 -1.316680 1.261823 0.616343 -0.759566
    41 1.789785 0.000000 -0.000001 -0.001582 0.001518 0.532851
    42 1.207004 0.000000 0.000000 0.000419 0.000407 0.831469
  time 108
    0 -0.002329 -13.531663 -29.431290 1.570796 0.000000 0.000000
    1 0.000000 3.345132 -2.981898 1.570796 0.086285 1.570796
    2 4.015371 0.000000 0.000000 0.000000 0.000000 -0.029235
    3 3.520296 0.000000 0.000000 0.000000 0.000000 0.100327
    4 8.941008 0.000000 0.000000 0.000000 0.000000 0.194095
    5 2.036092 0.997454 1.937661 1.591729 -1.217411 2.948121
    6 6.028141 0.000000 0.000000 -1.572699 -0.408302 -0.582179
    7 11.692555 0.000000 0.000000 0.000000 0.000000 -1.941690
    8 11.481671 0.000000 -0.000033 0.112898 0.096053 0.139311
    9 3.858223 -0.139536 -1.192189 -0.461004 0.297545 -1.204706
    10 1.312564 -0.000002 0.000000 0.000503 -0.000170 -1.200486
    11 0.729363 0.000000 0.000000 0.000156 -0.000261 -0.386733
    12 3.941966 0.046948 -0.435170 -0.126809 0.174717 -0.765130
    13 1.539098 -0.000001 0.000000 0.000228 0.000010 -1.351255
    14 1.196321 0.000001 0.000000 0.000228 -0.000400 -0.545606
    15 3.881372 -0.043128 0.427603 0.029032 0.045850 -0.653011
    16 1.719579 -0.000001 0.000000 -0.003907 0.001223 -1.254230
    17 1.209176 0.000000 0.000000 -0.001330 0.002324 -0.508933
    18 3.863473 -0.136491 1.332153 0.375100 -0.058972 -0.841333
    19 1.719429 0.000001 0.000001 -0.005429 0.002780 -1.050276
    20 1.099664 0.000001 0.000000 -0.001222 0.001725 -0.699042
    21 0.807580 -0.347157 1.320587 -1.159223 -0.499446 -0.850559
    22 1.789782 0.000000 0.000000 0.011337 0.083513 0.083614
    23 1.207003 0.000000 0.000000 -0.000324 -0.000515 0.461842
    24 2.036095 0.997454 -1.937661 -1.655337 1.240925 2.956726
    25 6.028141 0.000003 0.000000 1.424219 0.793704 -0.629382
    26 11.692552 0.000000 -0.000001 0.000000 0.000000 -1.670725
    27 11.481652 -0.000001 0.000017 -0.184027 0.008722 0.014917
    28 3.858241 -0.131719 1.196095 0.451745 -0.162708 -1.366895
    29 1.312565 0.000000 0.000000 -0.000659 0.000158 -1.563665
    30 0.729363 0.000000 0.000000 -0.000144 0.000357 -0.568280
    31 3.941985 0.050854 0.431264 0.211948 -0.077150 -1.031167
    32 1.539096 -0.000001 0.000000 -0.000324 0.000086 -1.508453
    33 1.196321 0.000000 0.000000 -0.000407 0.000424 -0.954626
    34 3.881388 -0.047033 -0.427603 -0.005650 -0.035915 -0.957453
    35 1.719579 0.000001 0.000000 0.006592 -0.002482 -1.785536
    36 1.209177 0.000000 0.000000 0.000372 -0.004122 -0.560968
    37 3.863492 -0.148208 -1.328247 -0.290093 0.077521 -1.173033
    38 1.719428 -0.000001 -0.000001 0.005165 -0.002516 -1.647172
    39 1.099665 0.000000 0.000000 0.001941 -0.003367 -0.956441
    40 0.807598 -0.358882 -1.316680 1.265227 0.620573 -0.753890
    41 1.789785 0.000000 -0.000001 -0.001642 0.001398 0.474390
    42 1.207004 0.000000 0.000000 0.000360 0.000407 0.725547
  time 109
    0 -0.002329 -13.531663 -29.431290 1.570796 0.000000 0.000000
    1 0.000000 3.345132 -2.981898 1.570796 0.086285 1.570796
    2 4.015371 0.000000 0.000000 0.000000 0.000000 -0.029235
    3 3.520296 0.000000 0.000000 0.000000 0.000000 0.100327
    4 8.941008 0.000000 0.000000 0.000000 0.000000 0.194095
    5 2.036092 0.997454 1.937661 1.591262 -1.209034 2.948625
    6 6.028141 0.000000 0.000000 -1.557713 -0.333531 -0.597627
    7 11.692555 0.000000 0.000000 0.000000 0.000000 -1.975405
    8 11.481671 0.000000 -0.000033 0.112898 0.096053 0.139311
    9 3.858223 -0.139536 -1.192189 -0.476368 0.356987 -1.129496
    10 1.312564 -0.000002 0.000000 0.000479 -0.000230 -1.097367
    11 0.729363 0.000000 0.000000 0.000144 -0.000261 -0.336564
    12 3.941966 0.046948 -0.435170 -0.102756 0.196996 -0.677498
    13 1.539098 -0.000001 0.000000 0.000228 -0.000014 -1.232650
    14 1.196321 0.000001 0.000000 0.000216 -0.000400 -0.515695
    15 3.881372 -0.043128 0.427603 0.028936 0.050512 -0.560590
    16 1.719579 -0.000001 0.000000 -0.003691 0.001774 -1.128766
    17 1.209176 0.000000 0.000000 -0.001198 0.002396 -0.455282
    18 3.863473 -0.136491 1.332153 0.369587 -0.083277 -0.703272
    19 1.719429 0.000001 0.000001 -0.005022 0.003463 -0.933509
    20 1.099664 0.000001 0.000000 -0.001067 0.001833 -0.613615
    21 0.807580 -0.347157 1.320587 -1.137842 -0.504264 -0.888700
    22 1.789782 0.000000 0.000000 0.010139 0.066734 -0.001334
    23 1.207003 0.000000 0.000000 -0.000252 -0.000551 0.344204
    24 2.036095 0.997454 -1.937661 -1.653587 1.233675 2.958584
    25 6.028141 0.000003 0.000000 1.406434 0.740053 -0.640840
    26 11.692552 0.000000 -0.000001 0.000000 0.000000 -1.720348
    27 11.481652 -0.000001 0.000017 -0.184027 0.008722 0.014917
    28 3.858241 -0.131719 1.196095 0.488187 -0.219686 -1.298045
    29 1.312565 0.000000 0.000000 -0.000611 0.000230 -1.444822
    30 0.729363 0.000000 0.000000 -0.000132 0.000357 -0.525467
    31 3.941985 0.050854 0.431264 0.199724 -0.099957 -0.957445
    32 1.539096 -0.000001 0.000000 -0.000300 0.000122 -1.400221
    33 1.196321 0.000000 0.000000 -0.000360 0.000447 -0.877201
    34 3.881388 -0.047033 -0.427603 -0.015393 -0.040230 -0.857380
    35 1.719579 0.000001 0.000000 0.005884 -0.003081 -1.658390
    36 1.209177 0.000000 0.000000 0.000096 -0.004074 -0.494603
    37 3.863492 -0.148208 -1.328247 -0.296241 0.104686 -1.062428
    38 1.719428 -0.000001 -0.000001 0.004530 -0.002936 -1.520308
    39 1.099665 0.000000 0.000000 0.001702 -0.003427 -0.892624
    40 0.807598 -0.358882 -1.316680 1.269098 0.625283 -0.747513
    41 1.789785 0.000000 -0.000001 -0.001702 0.001266 0.407923
    42 1.207004 0.000000 0.000000 0.000300 0.000431 0.602666
  time 110
    0 -0.002329 -13.531663 -29.431290 1.570796 0.000000 0.000000
    1 0.000000 3.345132 -2.981898 1.570796 0.086285 1.570796
    2 4.015371 0.000000 0.000000 0.000000 0.000000 -0.029235
    3 3.520296 0.000000 0.000000 0.000000 0.000000 0.100327
    4 8.941008 0.000000 0.000000 0.000000 0.000000 0.194095
    5 2.036092 0.997454 1.937661 1.590830 -1.200693 2.949092
    6 6.028141 0.000000 0.000000 -1.545195 -0.257035 -0.614165
    7 11.692555 0.000000 0.000000 0.000000 0.000000 -2.003400
    8 11.481671 0.000000 -0.000033 0.112898 0.096053 0.139311
    9 3.858223 -0.139536 -1.192189 -0.488101 0.414639 -1.055427
    10 1.312564 -0.000002 0.000000 0.000455 -0.000278 -0.997634
    11 0.729363 0.000000 0.000000 0.000132 -0.000273 -0.288153
    12 3.941966 0.046948 -0.435170 -0.078356 0.218005 -0.591932
    13 1.539098 -0.000001 0.000000 0.000228 -0.000050 -1.117991
    14 1.196321 0.000001 0.000000 0.000204 -0.000412 -0.486840
    15 3.881372 -0.043128 0.427603 0.028145 0.054767 -0.470741
    16 1.719579 -0.000001 0.000000 -0.003488 0.002302 -1.007520
    17 1.209176 0.000000 0.000000 -0.001067 0.002468 -0.403338
    18 3.863473 -0.136491 1.332153 0.357662 -0.107810 -0.569044
    19 1.719429 0.000001 0.000001 -0.004626 0.004134 -0.820524
    20 1.099664 0.000001 0.000000 -0.000911 0.001941 -0.530899
    21 0.807580 -0.347157 1.320587 -1.116534 -0.508111 -0.925666
    22 1.789782 0.000000 0.000000 0.008869 0.050531 -0.083923
    23 1.207003 0.000000 0.000000 -0.000180 -0.000586 0.228588
    24 2.036095 0.997454 -1.937661 -1.651777 1.225849 2.960501
    25 6.028141 0.000003 0.000000 1.387870 0.677363 -0.656144
    26 11.692552 0.000000 -0.000001 0.000000 0.000000 -1.773366
    27 11.481652 -0.000001 0.000017 -0.184027 0.008722 0.014917
    28 3.858241 -0.131719 1.196095 0.524311 -0.281739 -1.223108
    29 1.312565 0.000000 0.000000 -0.000551 0.000290 -1.317593
    30 0.729363 0.000000 0.000000 -0.000108 0.000357 -0.479337
    31 3.941985 0.050854 0.431264 0.185594 -0.124309 -0.877494
    32 1.539096 -0.000001 0.000000 -0.000276 0.000146 -1.283446
    33 1.196321 0.000000 0.000000 -0.000312 0.000459 -0.793773
    34 3.881388 -0.047033 -0.427603 -0.024993 -0.044268 -0.749463
    35 1.719579 0.000001 0.000000 0.005117 -0.003728 -1.522019
    36 1.209177 0.000000 0.000000 -0.000192 -0.004026 -0.423443
    37 3.863492 -0.148208 -1.328247 -0.298243 0.136389 -0.943426
    38 1.719428 -0.000001 -0.000001 0.003859 -0.003403 -1.383757
    39 1.099665 0.000000 0.000000 0.001438 -0.003511 -0.823819
    40 0.807598 -0.358882 -1.316680 1.273304 0.630293 -0.740648
    41 1.789785 0.000000 -0.000001 -0.001774 0.001134 0.336064
    42 1.207004 0.000000 0.000000 0.000216 0.000443 0.467991
  time 111
    0 -0.002329 -13.531663 -29.431290 1.570796 0.000000 0.000000
    1 0.000000 3.345132 -2.981898 1.570796 0.086285 1.570796
    2 4.015371 0.000000 0.000000 0.000000 0.000000 -0.029235
    3 3.520296 0.000000 0.000000 0.000000 0.000000 0.100327
    4 8.941008 0.000000 0.000000 0.000000 0.000000 0.194095
    5 2.036092 0.997454 1.937661 1.590411 -1.192591 2.949535
    6 6.028141 0.000000 0.000000 -1.535685 -0.180932 -0.631184
    7 11.692555 0.000000 0.000000 0.000000 0.000000 -2.025127
    8 11.481671 0.000000 -0.000033 0.112898 0.096053 0.139311
    9 3.858223 -0.139536 -1.192189 -0.496083 0.468475 -0.984604
    10 1.312564 -0.000002 0.000000 0.000443 -0.000338 -0.904517
    11 0.729363 0.000000 0.000000 0.000120 -0.000285 -0.243006
    12 3.941966 0.046948 -0.435170 -0.054542 0.237072 -0.511263
    13 1.539098 -0.000001 0.000000 0.000228 -0.000074 -1.010923
    14 1.196321 0.000001 0.000000 0.000192 -0.000412 -0.459936
    15 3.881372 -0.043128 0.427603 0.026754 0.058566 -0.386481
    16 1.719579 -0.000001 0.000000 -0.003296 0.002805 -0.894395
    17 1.209176 0.000000 0.000000 -0.000947 0.002528 -0.354778
    18 3.863473 -0.136491 1.332153 0.340560 -0.130832 -0.443006
    19 1.719429 0.000001 0.000001 -0.004255 0.004757 -0.714951
    20 1.099664 0.000001 0.000000 -0.000767 0.002037 -0.453604
    21 0.807580 -0.347157 1.320587 -1.096100 -0.510987 -0.960211
    22 1.789782 0.000000 0.000000 0.007610 0.035443 -0.161425
    23 1.207003 0.000000 0.000000 -0.000120 -0.000622 0.119244
    24 2.036095 0.997454 -1.937661 -1.649968 1.217663 2.962419
    25 6.028141 0.000003 0.000000 1.369941 0.606867 -0.675631
    26 11.692552 0.000000 -0.000001 0.000000 0.000000 -1.826940
    27 11.481652 -0.000001 0.000017 -0.184027 0.008722 0.014917
    28 3.858241 -0.131719 1.196095 0.558163 -0.346316 -1.144682
    29 1.312565 0.000000 0.000000 -0.000491 0.000362 -1.186803
    30 0.729363 0.000000 0.000000 -0.000096 0.000369 -0.431693
    31 3.941985 0.050854 0.431264 0.169954 -0.149118 -0.794456
    32 1.539096 -0.000001 0.000000 -0.000240 0.000182 -1.162730
    33 1.196321 0.000000 0.000000 -0.000276 0.000483 -0.707611
    34 3.881388 -0.047033 -0.427603 -0.033885 -0.047888 -0.637926
    35 1.719579 0.000001 0.000000 0.004326 -0.004399 -1.381637
    36 1.209177 0.000000 0.000000 -0.000491 -0.003978 -0.350204
    37 3.863492 -0.148208 -1.328247 -0.295007 0.171168 -0.820377
    38 1.719428 -0.000001 -0.000001 0.003164 -0.003882 -1.242895
    39 1.099665 0.000000 0.000000 0.001162 -0.003583 -0.752760
    40 0.807598 -0.358882 -1.316680 1.277715 0.635410 -0.733558
    41 1.789785 0.000000 -0.000001 -0.001834 0.000978 0.261676
    42 1.207004 0.000000 0.000000 0.000144 0.000455 0.327209
  time 112
    0 -0.002329 -13.531663 -29.431290 1.570796 0.000000 0.000000
    1 0.000000 3.345132 -2.981898 1.570796 0.086285 1.570796
    2 4.015371 0.000000 0.000000 0.000000 0.000000 -0.029235
    3 3.520296 0.000000 0.000000 0.000000 0.000000 0.100327
    4 8.941008 0.000000 0.000000 0.000000 0.000000 0.194095
    5 2.036092 0.997454 1.937661 1.590039 -1.184909 2.949931
    6 6.028141 0.000000 0.000000 -1.529269 -0.107431 -0.647842
    7 11.692555 0.000000 0.000000 0.000000 0.000000 -2.040402
    8 11.481671 0.000000 -0.000033 0.112898 0.096053 0.139311
    9 3.858223 -0.139536 -1.192189 -0.500565 0.516444 -0.919593
    10 1.312564 -0.000002 0.000000 0.000419 -0.000386 -0.821205
    11 0.729363 0.000000 0.000000 0.000108 -0.000285 -0.202686
    12 3.941966 0.046948 -0.435170 -0.032443 0.253599 -0.438458
    13 1.539098 -0.000001 0.000000 0.000228 -0.000098 -0.915140
    14 1.196321 0.000001 0.000000 0.000180 -0.000424 -0.435894
    15 3.881372 -0.043128 0.427603 0.024969 0.061862 -0.310829
    16 1.719579 -0.000001 0.000000 -0.003128 0.003249 -0.793207
    17 1.209176 0.000000 0.000000 -0.000851 0.002588 -0.311261
    18 3.863473 -0.136491 1.332153 0.320378 -0.150906 -0.329475
    19 1.719429 0.000001 0.000001 -0.003931 0.005321 -0.620384
    20 1.099664 0.000001 0.000000 -0.000635 0.002121 -0.384365
    21 0.807580 -0.347157 1.320587 -1.077404 -0.512941 -0.991147
    22 1.789782 0.000000 0.000000 0.006436 0.021948 -0.231038
    23 1.207003 0.000000 0.000000 -0.000060 -0.000658 0.020353
    24 2.036095 0.997454 -1.937661 -1.648218 1.209310 2.964300
    25 6.028141 0.000003 0.000000 1.354301 0.529899 -0.699336
    26 11.692552 0.000000 -0.000001 0.000000 0.000000 -1.878415
    27 11.481652 -0.000001 0.000017 -0.184027 0.008722 0.014917
    28 3.858241 -0.131719 1.196095 0.588138 -0.410547 -1.065537
    29 1.312565 0.000000 0.000000 -0.000431 0.000433 -1.057546
    30 0.729363 0.000000 0.000000 -0.000072 0.000369 -0.384454
    31 3.941985 0.050854 0.431264 0.153391 -0.173290 -0.711606
    32 1.539096 -0.000001 0.000000 -0.000216 0.000218 -1.042934
    33 1.196321 0.000000 0.000000 -0.000228 0.000507 -0.622143
    34 3.881388 -0.047033 -0.427603 -0.041651 -0.051028 -0.527264
    35 1.719579 0.000001 0.000000 0.003547 -0.005058 -1.242810
    36 1.209177 0.000000 0.000000 -0.000791 -0.003930 -0.277751
    37 3.863492 -0.148208 -1.328247 -0.286270 0.207044 -0.697820
    38 1.719428 -0.000001 -0.000001 0.002481 -0.004362 -1.103285
    39 1.099665 0.000000 0.000000 0.000899 -0.003667 -0.682284
    40 0.807598 -0.358882 -1.316680 1.282137 0.640444 -0.726493
    41 1.789785 0.000000 -0.000001 -0.001906 0.000835 0.187767
    42 1.207004 0.000000 0.000000 0.000060 0.000479 0.186239
  time 113
    0 -0.002329 -13.531663 -29.431290 1.570796 0.000000 0.000000
    1 0.000000 3.345132 -2.981898 1.570796 0.086285 1.570796
    2 4.015371 0.000000 0.000000 0.000000 0.000000 -0.029235
    3 3.520296 0.000000 0.000000 0.000000 0.000000 0.100327
    4 8.941008 0.000000 0.000000 0.000000 0.000000 0.194095
    5 2.036092 0.997454 1.937661 1.589728 -1.177874 2.950279
    6 6.028141 0.000000 0.000000 -1.525574 -0.038860 -0.663278
    7 11.692555 0.000000 0.000000 0.000000 0.000000 -2.049653
    8 11.481671 0.000000 -0.000033 0.112898 0.096053 0.139311
    9 3.858223 -0.139536 -1.192189 -0.502231 0.556684 -0.863212
    10 1.312564 -0.000002 0.000000 0.000407 -0.000421 -0.750812
    11 0.729363 0.000000 0.000000 0.000096 -0.000297 -0.168668
    12 3.941966 0.046948 -0.435170 -0.013196 0.267118 -0.376533
    13 1.539098 -0.000001 0.000000 0.000228 -0.000122 -0.834240
    14 1.196321 0.000001 0.000000 0.000180 -0.000424 -0.415626
    15 3.881372 -0.043128 0.427603 0.023051 0.064618 -0.246803
    16 1.719579 -0.000001 0.000000 -0.002984 0.003620 -0.707859
    17 1.209176 0.000000 0.000000 -0.000755 0.002636 -0.274495
    18 3.863473 -0.136491 1.332153 0.299777 -0.167037 -0.233050
    19 1.719429 0.000001 0.000001 -0.003655 0.005800 -0.540493
    20 1.099664 0.000001 0.000000 -0.000515 0.002193 -0.325864
    21 0.807580 -0.347157 1.320587 -1.061357 -0.514127 -1.017243
    22 1.789782 0.000000 0.000000 0.005393 0.010575 -0.290017
    23 1.207003 0.000000 0.000000 -0.000012 -0.000682 -0.063868
    24 2.036095 0.997454 -1.937661 -1.646552 1.200993 2.966086
    25 6.028141 0.000003 0.000000 1.342580 0.448173 -0.726673
    26 11.692552 0.000000 -0.000001 0.000000 0.000000 -1.925816
    27 11.481652 -0.000001 0.000017 -0.184027 0.008722 0.014917
    28 3.858241 -0.131719 1.196095 0.613160 -0.471634 -0.988342
    29 1.312565 0.000000 0.000000 -0.000372 0.000505 -0.934780
    30 0.729363 0.000000 0.000000 -0.000060 0.000369 -0.339446
    31 3.941985 0.050854 0.431264 0.136649 -0.195833 -0.632193
    32 1.539096 -0.000001 0.000000 -0.000192 0.000254 -0.928700
    33 1.196321 0.000000 0.000000 -0.000180 0.000531 -0.540756
    34 3.881388 -0.047033 -0.427603 -0.048027 -0.053736 -0.421821
    35 1.719579 0.000001 0.000000 0.002816 -0.005681 -1.110801
    36 1.209177 0.000000 0.000000 -0.001079 -0.003882 -0.208911
    37 3.863492 -0.148208 -1.328247 -0.272632 0.241876 -0.580217
    38 1.719428 -0.000001 -0.000001 0.001834 -0.004817 -0.970396
    39 1.099665 0.000000 0.000000 0.000647 -0.003739 -0.615125
    40 0.807598 -0.358882 -1.316680 1.286403 0.645202 -0.719741
    41 1.789785 0.000000 -0.000001 -0.001977 0.000703 0.117237
    42 1.207004 0.000000 0.000000 0.000000 0.000491 0.051001
  time 114
    0 -0.002329 -13.531663 -29.431290 1.570796 0.000000 0.000000
    1 0.000000 3.345132 -2.981898 1.570796 0.086285 1.570796
    2 4.015371 0.000000 0.000000 0.000000 0.000000 -0.029235
    3 3.520296 0.000000 0.000000 0.000000 0.000000 0.100327
    4 8.941008 0.000000 0.000000 0.000000 0.000000 0.194095
    5 2.036092 0.997454 1.937661 1.589452 -1.171666 2.950578
    6 6.028141 0.000000 0.000000 -1.523901 0.022542 -0.676797
    7 11.692555 0.000000 0.000000 0.000000 0.000000 -2.053852
    8 11.481671 0.000000 -0.000033 0.112898 0.096053 0.139311
    9 3.858223 -0.139536 -1.192189 -0.502075 0.587478 -0.818706
    10 1.312564 -0.000002 0.000000 0.000395 -0.000445 -0.696607
    11 0.729363 0.000000 0.000000 0.000084 -0.000297 -0.142489
    12 3.941966 0.046948 -0.435170 0.001965 0.277233 -0.328535
    13 1.539098 -0.000001 0.000000 0.000228 -0.000146 -0.771966
    14 1.196321 0.000001 0.000000 0.000168 -0.000435 -0.400013
    15 3.881372 -0.043128 0.427603 0.021325 0.066728 -0.197365
    16 1.719579 -0.000001 0.000000 -0.002864 0.003908 -0.642121
    17 1.209176 0.000000 0.000000 -0.000683 0.002672 -0.246155
    18 3.863473 -0.136491 1.332153 0.281728 -0.178758 -0.158331
    19 1.719429 0.000001 0.000001 -0.003440 0.006160 -0.478909
    20 1.099664 0.000001 0.000000 -0.000431 0.002253 -0.280789
    21 0.807580 -0.347157 1.320587 -1.048833 -0.514751 -1.037323
    22 1.789782 0.000000 0.000000 0.004578 0.001826 -0.335560
    23 1.207003 0.000000 0.000000 0.000012 -0.000706 -0.129238
    24 2.036095 0.997454 -1.937661 -1.645006 1.192903 2.967752
    25 6.028141 0.000003 0.000000 1.336025 0.364050 -0.756299
    26 11.692552 0.000000 -0.000001 0.000000 0.000000 -1.967539
    27 11.481652 -0.000001 0.000017 -0.184027 0.008722 0.014917
    28 3.858241 -0.131719 1.196095 0.632684 -0.527078 -0.916004
    29 1.312565 0.000000 0.000000 -0.000324 0.000565 -0.823016
    30 0.729363 0.000000 0.000000 -0.000036 0.000381 -0.298398
    31 3.941985 0.050854 0.431264 0.120565 -0.215908 -0.559303
    32 1.539096 -0.000001 0.000000 -0.000168 0.000278 -0.824497
    33 1.196321 0.000000 0.000000 -0.000144 0.000555 -0.466501
    34 3.881388 -0.047033 -0.427603 -0.052965 -0.056049 -0.325700
    35 1.719579 0.000001 0.000000 0.002145 -0.006257 -0.990624
    36 1.209177 0.000000 0.000000 -0.001330 -0.003846 -0.146201
    37 3.863492 -0.148208 -1.328247 -0.255566 0.273702 -0.471958
    38 1.719428 -0.000001 -0.000001 0.001246 -0.005225 -0.849233
    39 1.099665 0.000000 0.000000 0.000419 -0.003799 -0.553892
    40 0.807598 -0.358882 -1.316680 1.290358 0.649504 -0.713564
    41 1.789785 0.000000 -0.000001 -0.002037 0.000571 0.052844
    42 1.207004 0.000000 0.000000 -0.000072 0.000515 -0.073079
  time 115
    0 -0.002329 -13.531663 -29.431290 1.570796 0.000000 0.000000
    1 0.000000 3.345132 -2.981898 1.570796 0.086285 1.570796
    2 4.015371 0.000000 0.000000 0.000000 0.000000 -0.029235
    3 3.520296 0.000000 0.000000 0.000000 0.000000 0.100327
    4 8.941008 0.000000 0.000000 0.000000 0.000000 0.194095
    5 2.036092 0.997454 1.937661 1.589224 -1.166477 2.950818
    6 6.028141 0.000000 0.000000 -1.523468 0.074628 -0.687907
    7 11.692555 0.000000 0.000000 0.000000 0.000000 -2.054582
    8 11.481671 0.000000 -0.000033 0.112898 0.096053 0.139311
    9 3.858223 -0.139536 -1.192189 -0.501260 0.607133 -0.789500
    10 1.312564 -0.000002 0.000000 0.000383 -0.000469 -0.661741
    11 0.729363 0.000000 0.000000 0.000084 -0.000297 -0.125666
    12 3.941966 0.046948 -0.435170 0.011876 0.283609 -0.297506
    13 1.539098 -0.000001 0.000000 0.000228 -0.000158 -0.731915
    14 1.196321 0.000001 0.000000 0.000168 -0.000435 -0.389995
    15 3.881372 -0.043128 0.427603 0.020091 0.068094 -0.165505
    16 1.719579 -0.000001 0.000000 -0.002792 0.004099 -0.599851
    17 1.209176 0.000000 0.000000 -0.000647 0.002696 -0.227917
    18 3.863473 -0.136491 1.332153 0.269132 -0.185901 -0.110159
    19 1.719429 0.000001 0.000001 -0.003308 0.006399 -0.439301
    20 1.099664 0.000001 0.000000 -0.000384 0.002289 -0.251771
    21 0.807580 -0.347157 1.320587 -1.040707 -0.515014 -1.050224
    22 1.789782 0.000000 0.000000 0.004027 -0.003783 -0.364921
    23 1.207003 0.000000 0.000000 0.000036 -0.000718 -0.171540
    24 2.036095 0.997454 -1.937661 -1.643592 1.185245 2.969262
    25 6.028141 0.000003 0.000000 1.335054 0.280680 -0.786249
    26 11.692552 0.000000 -0.000001 0.000000 0.000000 -2.002597
    27 11.481652 -0.000001 0.000017 -0.184027 0.008722 0.014917
    28 3.858241 -0.131719 1.196095 0.646845 -0.574749 -0.851362
    29 1.312565 0.000000 0.000000 -0.000276 0.000613 -0.726309
    30 0.729363 0.000000 0.000000 -0.000024 0.000381 -0.262811
    31 3.941985 0.050854 0.431264 0.106016 -0.232902 -0.495756
    32 1.539096 -0.000001 0.000000 -0.000144 0.000302 -0.734091
    33 1.196321 0.000000 0.000000 -0.000108 0.000567 -0.402132
    34 3.881388 -0.047033 -0.427603 -0.056560 -0.057991 -0.242342
    35 1.719579 0.000001 0.000000 0.001558 -0.006748 -0.886540
    36 1.209177 0.000000 0.000000 -0.001558 -0.003810 -0.091911
    37 3.863492 -0.148208 -1.328247 -0.237109 0.300961 -0.377090
    38 1.719428 -0.000001 -0.000001 0.000731 -0.005584 -0.744247
    39 1.099665 0.000000 0.000000 0.000216 -0.003859 -0.500762
    40 0.807598 -0.358882 -1.316680 1.293822 0.653219 -0.708175
    41 1.789785 0.000000 -0.000001 -0.002097 0.000463 -0.003040
    42 1.207004 0.000000 0.000000 -0.000132 0.000527 -0.181162
  time 116
    0 -0.002329 -13.531663 -29.431290 1.570796 0.000000 0.000000
    1 0.000000 3.345132 -2.981898 1.570796 0.086285 1.570796
    2 4.015371 0.000000 0.000000 0.000000 0.000000 -0.029235
    3 3.520296 0.000000 0.000000 0.000000 0.000000 0.100327
    4 8.941008 0.000000 0.000000 0.000000 0.000000 0.194095
    5 2.036092 0.997454 1.937661 1.589057 -1.162534 2.951010
    6 6.028141 0.000000 0.000000 -1.523564 0.115341 -0.696332
    7 11.692555 0.000000 0.000000 0.000000 0.000000 -2.053487
    8 11.481671 0.000000 -0.000033 0.112898 0.096053 0.139311
    9 3.858223 -0.139536 -1.192189 -0.500829 0.614074 -0.779051
    10 1.312564 -0.000002 0.000000 0.000383 -0.000469 -0.649406
    11 0.729363 0.000000 0.000000 0.000084 -0.000297 -0.119706
    12 3.941966 0.046948 -0.435170 0.015412 0.285826 -0.286519
    13 1.539098 -0.000001 0.000000 0.000228 -0.000158 -0.717733
    14 1.196321 0.000001 0.000000 0.000168 -0.000435 -0.386438
    15 3.881372 -0.043128 0.427603 0.019624 0.068573 -0.154215
    16 1.719579 -0.000001 0.000000 -0.002768 0.004159 -0.584908
    17 1.209176 0.000000 0.000000 -0.000623 0.002696 -0.221472
    18 3.863473 -0.136491 1.332153 0.264494 -0.188334 -0.093093
    19 1.719429 0.000001 0.000001 -0.003260 0.006483 -0.425262
    20 1.099664 0.000001 0.000000 -0.000360 0.002301 -0.241522
    21 0.807580 -0.347157 1.320587 -1.037831 -0.515086 -1.054783
    22 1.789782 0.000000 0.000000 0.003835 -0.005772 -0.375334
    23 1.207003 0.000000 0.000000 0.000048 -0.000730 -0.186576
    24 2.036095 0.997454 -1.937661 -1.642357 1.178222 2.970604
    25 6.028141 0.000003 0.000000 1.338997 0.201659 -0.814388
    26 11.692552 0.000000 -0.000001 0.000000 0.000000 -2.030556
    27 11.481652 -0.000001 0.000017 -0.184027 0.008722 0.014917
    28 3.858241 -0.131719 1.196095 0.656266 -0.613090 -0.797254
    29 1.312565 0.000000 0.000000 -0.000240 0.000661 -0.647862
    30 0.729363 0.000000 0.000000 -0.000012 0.000381 -0.233919
    31 3.941985 0.050854 0.431264 0.093792 -0.246396 -0.443861
    32 1.539096 -0.000001 0.000000 -0.000132 0.000326 -0.660637
    33 1.196321 0.000000 0.000000 -0.000084 0.000591 -0.349829
    34 3.881388 -0.047033 -0.427603 -0.059005 -0.059573 -0.174641
    35 1.719579 0.000001 0.000000 0.001091 -0.007156 -0.802061
    36 1.209177 0.000000 0.000000 -0.001738 -0.003774 -0.047840
    37 3.863492 -0.148208 -1.328247 -0.219588 0.322652 -0.299205
    38 1.719428 -0.000001 -0.000001 0.000312 -0.005884 -0.658961
    39 1.099665 0.000000 0.000000 0.000048 -0.003907 -0.457611
    40 0.807598 -0.358882 -1.316680 1.296662 0.656216 -0.703799
    41 1.789785 0.000000 -0.000001 -0.002133 0.000379 -0.048486
    42 1.207004 0.000000 0.000000 -0.000180 0.000539 -0.269300
  time 117
    0 -0.002329 -13.531663 -29.431290 1.570796 0.000000 0.000000
    1 0.000000 3.345132 -2.981898 1.570796 0.086285 1.570796
    2 4.015371 0.000000 0.000000 0.000000 0.000000 -0.029235
    3 3.520296 0.000000 0.000000 0.000000 0.000000 0.100327
    4 8.941008 0.000000 0.000000 0.000000 0.000000 0.194095
    5 2.036092 0.997454 1.937661 1.588949 -1.160029 2.951117
    6 6.028141 0.000000 0.000000 -1.523696 0.141989 -0.701761
    7 11.692555 0.000000 0.000000 0.000000 0.000000 -2.052574
    8 11.481671 0.000000 -0.000033 0.112898 0.096053 0.139311
    9 3.858223 -0.139536 -1.192189 -0.500829 0.614074 -0.779051
    10 1.312564 -0.000002 0.000000 0.000383 -0.000469 -0.649406
    11 0.729363 0.000000 0.000000 0.000084 -0.000297 -0.119721
    12 3.941966 0.046948 -0.435170 0.015412 0.285826 -0.286519
    13 1.539098 -0.000001 0.000000 0.000228 -0.000158 -0.717733
    14 1.196321 0.000001 0.000000 0.000168 -0.000435 -0.386438
    15 3.881372 -0.043128 0.427603 0.019624 0.068573 -0.154215
    16 1.719579 -0.000001 0.000000 -0.002768 0.004159 -0.584908
    17 1.209176 0.000000 0.000000 -0.000623 0.002696 -0.221472
    18 3.863473 -0.136491 1.332153 0.264494 -0.188334 -0.093093
    19 1.719429 0.000001 0.000001 -0.003260 0.006483 -0.425262
    20 1.099664 0.000001 0.000000 -0.000360 0.002301 -0.241522
    21 0.807580 -0.347157 1.320587 -1.037831 -0.515086 -1.054783
    22 1.789782 0.000000 0.000000 0.003835 -0.005772 -0.375316
    23 1.207003 0.000000 0.000000 0.000048 -0.000730 -0.186576
    24 2.036095 0.997454 -1.937661 -1.641303 1.172026 2.971743
    25 6.028141 0.000003 0.000000 1.346320 0.130683 -0.838885
    26 11.692552 0.000000 -0.000001 0.000000 0.000000 -2.051541
    27 11.481652 -0.000001 0.000017 -0.184027 0.008722 0.014917
    28 3.858241 -0.131719 1.196095 0.661901 -0.641084 -0.756382
    29 1.312565 0.000000 0.000000 -0.000216 0.000685 -0.590109
    30 0.729363 0.000000 0.000000 -0.000012 0.000381 -0.212607
    31 3.941985 0.050854 0.431264 0.084552 -0.256152 -0.405469
    32 1.539096 -0.000001 0.000000 -0.000120 0.000338 -0.606455
    33 1.196321 0.000000 0.000000 -0.000060 0.000591 -0.311295
    34 3.881388 -0.047033 -0.427603 -0.060539 -0.060747 -0.124801
    35 1.719579 0.000001 0.000000 0.000743 -0.007443 -0.739891
    36 1.209177 0.000000 0.000000 -0.001870 -0.003762 -0.015410
    37 3.863492 -0.148208 -1.328247 -0.205230 0.338273 -0.241293
    38 1.719428 -0.000001 -0.000001 0.000012 -0.006100 -0.596155
    39 1.099665 0.000000 0.000000 -0.000060 -0.003943 -0.425804
    40 0.807598 -0.358882 -1.316680 1.298784 0.658409 -0.700560
    41 1.789785 0.000000 -0.000001 -0.002169 0.000307 -0.081983
    42 1.207004 0.000000 0.000000 -0.000216 0.000551 -0.334464
  time 118
    0 -0.002329 -13.531663 -29.431290 1.570796 0.000000 0.000000
    1 0.000000 3.345132 -2.981898 1.570796 0.086285 1.570796
    2 4.015371 0.000000 0.000000 0.000000 0.000000 -0.029235
    3 3.520296 0.000000 0.000000 0.000000 0.000000 0.100327
    4 8.941008 0.000000 0.000000 0.000000 0.000000 0.194095
    5 2.036092 0.997454 1.937661 1.588913 -1.159142 2.951165
    6 6.028141 0.000000 0.000000 -1.523732 0.150580 -0.703750
    7 11.692555 0.000000 0.000000 0.000000 0.000000 -2.053000
    8 11.481671 0.000000 -0.000033 0.112898 0.096053 0.139311
    9 3.858223 -0.139536 -1.192189 -0.500829 0.614074 -0.779051
    10 1.312564 -0.000002 0.000000 0.000383 -0.000469 -0.649406
    11 0.729363 0.000000 0.000000 0.000084 -0.000297 -0.119721
    12 3.941966 0.046948 -0.435170 0.015412 0.285826 -0.286519
    13 1.539098 -0.000001 0.000000 0.000228 -0.000158 -0.717733
    14 1.196321 0.000001 0.000000 0.000168 -0.000435 -0.386438
    15 3.881372 -0.043128 0.427603 0.019624 0.068573 -0.154215
    16 1.719579 -0.000001 0.000000 -0.002768 0.004159 -0.584908
    17 1.209176 0.000000 0.000000 -0.000623 0.002696 -0.221472
    18 3.863473 -0.136491 1.332153 0.264494 -0.188334 -0.093093
    19 1.719429 0.000001 0.000001 -0.003260 0.006483 -0.425262
    20 1.099664 0.000001 0.000000 -0.000360 0.002301 -0.241522
    21 0.807580 -0.347157 1.320587 -1.037831 -0.515086 -1.054783
    22 1.789782 0.000000 0.000000 0.003835 -0.005772 -0.375316
    23 1.207003 0.000000 0.000000 0.000048 -0.000730 -0.186576
    24 2.036095 0.997454 -1.937661 -1.640452 1.166860 2.972666
    25 6.028141 0.000003 0.000000 1.354984 0.071075 -0.858588
    26 11.692552 0.000000 -0.000001 0.000000 0.000000 -2.066354
    27 11.481652 -0.000001 0.000017 -0.183985 0.008722 0.014917
    28 3.858241 -0.131719 1.196095 0.664779 -0.658088 -0.730832
    29 1.312565 0.000000 0.000000 -0.000192 0.000709 -0.554808
    30 0.729363 0.000000 0.000000 0.000000 0.000381 -0.199568
    31 3.941985 0.050854 0.431264 0.078799 -0.262048 -0.381898
    32 1.539096 -0.000001 0.000000 -0.000108 0.000350 -0.573297
    33 1.196321 0.000000 0.000000 -0.000048 0.000603 -0.287699
    34 3.881388 -0.047033 -0.427603 -0.061366 -0.061478 -0.094269
    35 1.719579 0.000001 0.000000 0.000539 -0.007623 -0.701838
    36 1.209177 0.000000 0.000000 -0.001953 -0.003738 0.004440
    37 3.863492 -0.148208 -1.328247 -0.195822 0.347648 -0.205623
    38 1.719428 -0.000001 -0.000001 -0.000168 -0.006231 -0.557683
    39 1.099665 0.000000 0.000000 -0.000132 -0.003967 -0.406330
    40 0.807598 -0.358882 -1.316680 1.300078 0.659751 -0.698572
    41 1.789785 0.000000 -0.000001 -0.002193 0.000271 -0.102524
    42 1.207004 0.000000 0.000000 -0.000240 0.000551 -0.374470
  time 119
    0 -0.002329 -13.531663 -29.431290 1.570796 0.000000 0.000000
    1 0.000000 3.345132 -2.981898 1.570796 0.086285 1.570796
    2 4.015371 0.000000 0.000000 0.000000 0.000000 -0.029235
    3 3.520296 0.000000 0.000000 0.000000 0.000000 0.100327
    4 8.941008 0.000000 0.000000 0.000000 0.000000 0.194095
    5 2.036092 0.997454 1.937661 1.588913 -1.159142 2.951165
    6 6.028141 0.000000 0.000000 -1.523732 0.150580 -0.703750
    7 11.692555 0.000000 0.000000 0.000000 0.000000 -2.053000
    8 11.481671 0.000000 -0.000033 0.112898 0.096053 0.139311
    9 3.858223 -0.139536 -1.192189 -0.500829 0.614074 -0.779051
    10 1.312564 -0.000002 0.000000 0.000383 -0.000469 -0.649406
    11 0.729363 0.000000 0.000000 0.000084 -0.000297 -0.119721
    12 3.941966 0.046948 -0.435170 0.015412 0.285826 -0.286519
    13 1.539098 -0.000001 0.000000 0.000228 -0.000158 -0.717733
    14 1.196321 0.000001 0.000000 0.000168 -0.000435 -0.386438
    15 3.881372 -0.043128 0.427603 0.019624 0.068573 -0.154215
    16 1.719579 -0.000001 0.000000 -0.002768 0.004159 -0.584908
    17 1.209176 0.000000 0.000000 -0.000623 0.002696 -0.221472
    18 3.863473 -0.136491 1.332153 0.264494 -0.188334 -0.093093
    19 1.719429 0.000001 0.000001 -0.003260 0.006483 -0.425262
    20 1.099664 0.000001 0.000000 -0.000360 0.002301 -0.241522
    21 0.807580 -0.347157 1.320587 -1.037831 -0.515086 -1.054783
    22 1.789782 0.000000 0.000000 0.003835 -0.005772 -0.375316
    23 1.207003 0.000000 0.000000 0.000048 -0.000730 -0.186576
    24 2.036095 0.997454 -1.937661 -1.639817 1.162930 2.973361
    25 6.028141 0.000003 0.000000 1.363026 0.025607 -0.872933
    26 11.692552 0.000000 -0.000001 0.000000 0.000000 -2.075859
    27 11.481652 -0.000001 0.000017 -0.183985 0.008722 0.014917
    28 3.858241 -0.131719 1.196095 0.665627 -0.663806 -0.722145
    29 1.312565 0.000000 0.000000 -0.000192 0.000709 -0.542905
    30 0.729363 0.000000 0.000000 0.000000 0.000381 -0.195167
    31 3.941985 0.050854 0.431264 0.076846 -0.264014 -0.373924
    32 1.539096 -0.000001 0.000000 -0.000108 0.000350 -0.562084
    33 1.196321 0.000000 0.000000 -0.000048 0.000603 -0.279735
    34 3.881388 -0.047033 -0.427603 -0.061618 -0.061730 -0.083981
    35 1.719579 0.000001 0.000000 0.000467 -0.007683 -0.689003
    36 1.209177 0.000000 0.000000 -0.001989 -0.003738 0.011131
    37 3.863492 -0.148208 -1.328247 -0.192551 0.350778 -0.193556
    38 1.719428 -0.000001 -0.000001 -0.000228 -0.006279 -0.544705
    39 1.099665 0.000000 0.000000 -0.000156 -0.003979 -0.399771
    40 0.807598 -0.358882 -1.316680 1.300521 0.660206 -0.697909
    41 1.789785 0.000000 -0.000001 -0.002193 0.000259 -0.109451
    42 1.207004 0.000000 0.000000 -0.000240 0.000551 -0.388001
  time 120
    0 -0.002329 -13.531663 -29.431290 1.570796 0.000000 0.000000
    1 0.000000 3.345132 -2.981898 1.570796 0.086285 1.570796
    2 4.015371 0.000000 0.000000 0.000000 0.000000 -0.029235
    3 3.520296 0.000000 0.000000 0.000000 0.000000 0.100327
    4 8.941008 0.000000 0.000000 0.000000 0.000000 0.194095
    5 2.036092 0.997454 1.937661 1.588913 -1.159142 2.951165
    6 6.028141 0.000000 0.000000 -1.523732 0.150580 -0.703750
    7 11.692555 0.000000 0.000000 0.000000 0.000000 -2.053000
    8 11.481671 0.000000 -0.000033 0.112898 0.096053 0.139311
    9 3.858223 -0.139536 -1.192189 -0.500829 0.614074 -0.779051
    10 1.312564 -0.000002 0.000000 0.000383 -0.000469 -0.649406
    11 0.729363 0.000000 0.000000 0.000084 -0.000297 -0.119721
    12 3.941966 0.046948 -0.435170 0.015412 0.285826 -0.286519
    13 1.539098 -0.000001 0.000000 0.000228 -0.000158 -0.717733
    14 1.196321 0.000001 0.000000 0.000168 -0.000435 -0.386438
    15 3.881372 -0.043128 0.427603 0.019624 0.068573 -0.154215
    16 1.719579 -0.000001 0.000000 -0.002768 0.004159 -0.584908
    17 1.209176 0.000000 0.000000 -0.000623 0.002696 -0.221472
    18 3.863473 -0.136491 1.332153 0.264494 -0.188334 -0.093093
    19 1.719429 0.000001 0.000001 -0.003260 0.006483 -0.425262
    20 1.099664 0.000001 0.000000 -0.000360 0.002301 -0.241522
    21 0.807580 -0.347157 1.320587 -1.037831 -0.515086 -1.054783
    22 1.789782 0.000000 0.000000 0.003835 -0.005772 -0.375316
    23 1.207003 0.000000 0.000000 0.000048 -0.000730 -0.186576
    24 2.036095 0.997454 -1.937661 -1.639409 1.160425 2.973792
    25 6.028141 0.000003 0.000000 1.368743 -0.003290 -0.881730
    26 11.692552 0.000000 -0.000001 0.000000 0.000000 -2.081105
    27 11.481652 -0.000001 0.000017 -0.184027 0.008722 0.014917
    28 3.858241 -0.131719 1.196095 0.665627 -0.663806 -0.722145
    29 1.312565 0.000000 0.000000 -0.000192 0.000709 -0.542905
    30 0.729363 0.000000 0.000000 0.000000 0.000381 -0.195167
    31 3.941985 0.050854 0.431264 0.076846 -0.264014 -0.373924
    32 1.539096 -0.000001 0.000000 -0.000108 0.000350 -0.562084
    33 1.196321 0.000000 0.000000 -0.000048 0.000603 -0.279735
    34 3.881388 -0.047033 -0.427603 -0.061618 -0.061730 -0.083981
    35 1.719579 0.000001 0.000000 0.000467 -0.007683 -0.689003
    36 1.209177 0.000000 0.000000 -0.001989 -0.003738 0.011131
    37 3.863492 -0.148208 -1.328247 -0.192551 0.350778 -0.193556
    38 1.719428 -0.000001 -0.000001 -0.000228 -0.006279 -0.544705
    39 1.099665 0.000000 0.000000 -0.000156 -0.003979 -0.399771
    40 0.807598 -0.358882 -1.316680 1.300521 0.660206 -0.697909
    41 1.789785 0.000000 -0.000001 -0.002193 0.000259 -0.109451
    42 1.207004 0.000000 0.000000 -0.000240 0.000551 -0.388001
  time 121
    0 -0.002329 -13.531663 -29.431290 1.570796 0.000000 0.000000
    1 0.000000 3.345132 -2.981898 1.570796 0.086285 1.570796
    2 4.015371 0.000000 0.000000 0.000000 0.000000 -0.029235
    3 3.520296 0.000000 0.000000 0.000000 0.000000 0.100327
    4 8.941008 0.000000 0.000000 0.000000 0.000000 0.194095
    5 2.036092 0.997454 1.937661 1.588913 -1.159142 2.951165
    6 6.028141 0.000000 0.000000 -1.523732 0.150580 -0.703750
    7 11.692555 0.000000 0.000000 0.000000 0.000000 -2.053000
    8 11.481671 0.000000 -0.000033 0.112898 0.096053 0.139311
    9 3.858223 -0.139536 -1.192189 -0.500829 0.614074 -0.779051
    10 1.312564 -0.000002 0.000000 0.000383 -0.000469 -0.649406
    11 0.729363 0.000000 0.000000 0.000084 -0.000297 -0.119721
    12 3.941966 0.046948 -0.435170 0.015412 0.285826 -0.286519
    13 1.539098 -0.000001 0.000000 0.000228 -0.000158 -0.717733
    14 1.196321 0.000001 0.000000 0.000168 -0.000435 -0.386438
    15 3.881372 -0.043128 0.427603 0.019624 0.068573 -0.154215
    16 1.719579 -0.000001 0.000000 -0.002768 0.004159 -0.584908
    17 1.209176 0.000000 0.000000 -0.000623 0.002696 -0.221472
    18 3.863473 -0.136491 1.332153 0.264494 -0.188334 -0.093093
    19 1.719429 0.000001 0.000001 -0.003260 0.006483 -0.425262
    20 1.099664 0.000001 0.000000 -0.000360 0.002301 -0.241522
    21 0.807580 -0.347157 1.320587 -1.037831 -0.515086 -1.054783
    22 1.789782 0.000000 0.000000 0.003835 -0.005772 -0.375316
    23 1.207003 0.000000 0.000000 0.000048 -0.000730 -0.186576
    24 2.036095 0.997454 -1.937661 -1.639277 1.159538 2.973948
    25 6.028141 0.000003 0.000000 1.370864 -0.013390 -0.884750
    26 11.692552 0.000000 -0.000001 0.000000 0.000000 -2.082772
    27 11.481652 -0.000001 0.000017 -0.184027 0.008722 0.014917
    28 3.858241 -0.131719 1.196095 0.665627 -0.663806 -0.722145
    29 1.312565 0.000000 0.000000 -0.000192 0.000709 -0.542905
    30 0.729363 0.000000 0.000000 0.000000 0.000381 -0.195167
    31 3.941985 0.050854 0.431264 0.076846 -0.264014 -0.373924
    32 1.539096 -0.000001 0.000000 -0.000108 0.000350 -0.562084
    33 1.196321 0.000000 0.000000 -0.000036 0.000603 -0.279735
    34 3.881388 -0.047033 -0.427603 -0.061618 -0.061730 -0.083981
    35 1.719579 0.000001 0.000000 0.000467 -0.007683 -0.689003
    36 1.209177 0.000000 0.000000 -0.001989 -0.003738 0.011131
    37 3.863492 -0.148208 -1.328247 -0.192551 0.350778 -0.193556
    38 1.719428 -0.000001 -0.000001 -0.000228 -0.006279 -0.544705
    39 1.099665 0.000000 0.000000 -0.000156 -0.003979 -0.399771
    40 0.807598 -0.358882 -1.316680 1.300521 0.660206 -0.697909
    41 1.789785 0.000000 -0.000001 -0.002193 0.000259 -0.109451
    42 1.207004 0.000000 0.000000 -0.000240 0.000551 -0.388001
end
