version 1
nodes
0 "bip_pelvis" -1
1 "bip_spine_0" 0
2 "bip_spine_1" 1
3 "bip_spine_2" 2
4 "bip_spine_3" 3
5 "bip_collar_R" 4
6 "bip_upperArm_R" 5
7 "bip_lowerArm_R" 6
8 "bip_hand_R" 7
9 "bip_twistArm_R" 7
10 "bip_pinky_0_R" 8
11 "bip_pinky_1_R" 10
12 "bip_pinky_2_R" 11
13 "bip_ring_0_R" 8
14 "bip_ring_1_R" 13
15 "bip_ring_2_R" 14
16 "bip_middle_0_R" 8
17 "bip_middle_1_R" 16
18 "bip_middle_2_R" 17
19 "bip_index_0_R" 8
20 "bip_index_1_R" 19
21 "bip_index_2_R" 20
22 "bip_thumb_0_R" 8
23 "bip_thumb_1_R" 22
24 "bip_thumb_2_R" 23
25 "bip_collar_L" 4
26 "bip_upperArm_L" 25
27 "bip_lowerArm_L" 26
28 "bip_hand_L" 27
29 "bip_twistArm_L" 27
30 "bip_thumb_0_L" 28
31 "bip_thumb_1_L" 30
32 "bip_thumb_2_L" 31
33 "bip_index_0_L" 28
34 "bip_index_1_L" 33
35 "bip_index_2_L" 34
36 "bip_middle_0_L" 28
37 "bip_middle_1_L" 36
38 "bip_middle_2_L" 37
39 "bip_ring_0_L" 28
40 "bip_ring_1_L" 39
41 "bip_ring_2_L" 40
42 "bip_pinky_0_L" 28
43 "bip_pinky_1_L" 42
44 "bip_pinky_2_L" 43
45 "collar_R" 4
46 "collar_L" 4
47 "bip_neck" 4
48 "bip_head" 47
49 "ponytail" 48
50 "bip_hip_L" 0
51 "bip_knee_L" 50
52 "bip_foot_L" 51
53 "bip_toe_L" 52
54 "spring_base_L" 51
55 "spring_end_L" 54
56 "spring_L" 54
57 "bip_hip_R" 0
58 "bip_knee_R" 57
59 "bip_foot_R" 58
60 "bip_toe_R" 59
61 "spring_base_R" 58
62 "spring_end_R" 61
63 "spring_R" 61
64 "weapon_bone" 8
65 "forward" 48
66 "thigh_twist_L" 50
67 "thigh_twist_R" 57
68 "Tail_1" 0
69 "Tail_2" 68
70 "Tail_3" 69
71 "Tail_4" 70
72 "LeftEye" 48
73 "RightEye" 48
74 "Ear.R" 48
75 "Ear.R.002" 74
76 "Ear.R.001" 75
77 "Ear.R.003" 76
78 "Ear.L" 48
79 "Ear.L.002" 78
80 "Ear.L.001" 79
81 "Ear.L.003" 80
82 "bicep_twist_L" 26
83 "Palm_01_L" 28
84 "Palm_02_L" 28
85 "Palm_03_L" 28
86 "Palm_04_L" 28
87 "Palm_01_L.001" 28
88 "MagBone.L" 28
89 "Magazine Follow.L" 88
90 "bicep_twist_R" 6
91 "Palm_01_R" 8
92 "Palm_02_R" 8
93 "Palm_03_R" 8
94 "Palm_04_R" 8
95 "Breast_L" 4
96 "Breast_R" 4
end
skeleton
time 0
0 0.000000000 30.915294647 -1.393723726 -3.111549854 -0.000000000 0.000000000
1 0.000000000 -7.718697548 -1.967558026 -0.014022605 -0.000000000 0.000000000
2 0.000000000 -3.783939123 0.162977859 -0.060448296 -0.000000000 0.000000000
3 0.000000000 -2.800630569 0.686419368 -0.175138041 -0.000000000 0.000000000
4 0.000000000 -2.877394915 0.187924087 0.157931373 -0.000000000 0.000000000
5 -0.618524432 -3.756993771 -2.310322285 0.240897879 -0.114563063 1.530737519
6 -0.000004772 6.067139626 0.000004709 -2.958233595 0.081030831 1.594341278
7 9.383005142 0.000005811 -0.000001550 -1.310340405 -0.350754231 0.004461746
8 9.326812744 -0.000000071 0.000014877 1.440738320 -1.644804239 0.409069955
9 4.663411617 -0.000000656 0.000007480 1.666313767 -2.313827276 0.095505305
10 -1.909900784 -4.692540169 -1.954120398 0.670474350 -1.347451329 2.684238195
11 -0.000039279 1.611063719 0.000072241 0.036986101 0.048001718 0.053039540
12 0.000071883 1.348505139 -0.000110149 0.575197101 -0.141563937 0.487383485
13 -1.100126982 -3.471724749 -0.275598049 0.694305420 -1.390636563 2.508645535
14 -0.000035727 2.304784536 0.000063658 0.075329751 0.013463710 0.024491765
15 0.000016481 2.038696527 0.000002354 0.574334502 -0.075833626 0.248024225
16 -0.515994787 -3.071914911 0.473482013 1.372522235 -1.208564281 1.833710194
17 -0.000071049 2.462727308 0.000150293 0.133667707 -0.017362142 0.147103339
18 -0.000001192 1.798555374 -0.000030398 0.524106979 -0.055827871 0.202961192
19 0.371694744 -2.518731594 1.526139021 1.582503080 -1.176367044 1.533055305
20 -0.000035167 2.140416145 0.000068367 0.107497677 -0.016315933 0.101081744
21 0.000027180 1.462277770 -0.000089049 0.834983706 -0.043006752 0.090597026
22 1.944491863 0.972336411 1.466470003 2.529113293 -0.338147134 0.396834940
23 0.000020742 2.659258127 0.000113249 0.087229006 -0.069297239 -0.114001997
24 -0.000030041 1.780094385 -0.000014544 -0.432512790 -0.059704088 -0.641288877
25 0.618524432 -3.756993771 -2.310322285 -2.900694132 0.114563204 -1.530738473
26 -0.000001290 -6.067140102 -0.000000477 1.387437820 -0.081031494 -1.547252893
27 9.383004189 -0.000000834 0.000003651 -0.261988401 -0.004189272 0.350757807
28 9.326812744 -0.000003252 0.000011621 -1.700931907 1.496809006 -0.409141809
29 4.663411140 -0.000003159 0.000004023 -1.475283265 0.827769756 -0.095511213
30 -1.944480896 0.972367764 1.466472864 -0.612436712 0.338157684 -0.396870673
31 0.000004530 -2.659265041 0.000000954 0.087185606 -0.069323584 -0.113971233
32 -0.000001192 -1.780093193 0.000006437 -0.432512403 -0.059699245 -0.641305029
33 -0.371761143 -2.518736601 1.526120901 -1.559063554 1.176388741 -1.533085227
34 -0.000001192 -2.140412569 -0.000006557 0.107412212 -0.016318167 0.101048380
35 0.000004053 -1.462278128 0.000012815 0.835034907 -0.043006353 0.090615042
36 0.515921652 -3.071930170 0.473463297 1.372569203 1.932992816 1.307845473
37 0.000000775 -2.462728024 -0.000006616 0.133589432 -0.017347760 0.147076860
38 0.000002980 -1.798555136 0.000003219 0.524114966 -0.055833001 0.202960312
39 1.100046396 -3.471746445 -0.275618553 0.694226444 1.750943422 0.632814169
40 -0.000002984 -2.304782867 0.000008970 0.075294495 0.013462078 0.024464333
41 0.000003248 -2.038695097 -0.000005677 0.574332714 -0.075831413 0.248035029
42 1.909797311 -4.692568302 -1.954147100 0.670433819 1.794120550 0.457245976
43 0.000002831 -1.611061811 0.000000119 0.036859989 0.048019461 0.052962642
44 0.000000477 -1.348502755 0.000010252 0.575258493 -0.141602859 0.487428308
45 -2.000000000 0.000005513 0.000000238 0.728770912 0.538898766 -0.521737516
46 2.000000000 0.000005513 0.000000238 -2.412821531 -0.538898766 0.521737516
47 0.000000000 -5.374016285 -0.177789569 0.196962893 -0.000000000 0.000000000
48 0.000000000 -3.541619062 -0.535014689 -0.109275430 -0.000000000 0.000000000
49 0.000000000 -1.937024474 3.120672703 2.436307430 -0.000000000 0.000000000
50 2.628673077 0.049848754 -2.613191843 3.058845997 0.141678572 1.423443556
51 12.181146622 0.000000447 0.000001013 0.007673983 0.323615134 -0.100524455
52 16.169355392 0.000000432 -0.000002116 -1.100528240 -0.028622011 1.514621258
53 0.000000399 -3.993541241 0.000000432 -0.468303770 -0.009904339 0.026863512
54 4.961766720 0.036237754 -2.589795113 -3.102707386 -0.001624216 1.534082055
55 1.224202156 23.379367828 -1.143058300 2.900890589 -0.024919068 0.006115956
56 0.935024202 20.687267303 3.230806351 2.846519709 -0.045182776 0.003709403
57 -2.628673077 0.049848754 -2.613191843 0.082746595 2.999914169 -1.423443556
58 12.181147575 0.000000060 0.000000536 -0.007673959 0.323615104 0.100524470
59 16.169357300 0.000000324 -0.000002235 2.041064978 0.028621795 1.626971364
60 0.000001065 3.993541241 -0.000002608 -0.468304455 -0.009904413 0.026863214
61 4.961768150 -0.036237661 -2.589794874 0.038885087 0.001624298 1.607510448
62 -1.224198580 -23.379367828 1.143054962 2.900890589 -0.024919087 0.006115964
63 -0.935020924 -20.687267303 -3.230809212 2.846519709 -0.045182806 0.003709411
64 2.457207441 24.680942535 -2.581466198 -1.301296115 1.721878052 0.949639082
65 0.000000000 -2.499156713 0.065124370 1.570796490 1.570796132 0.000000000
66 5.695569515 0.000000298 0.000000060 -1.761950374 -0.000000658 0.000000568
67 5.695569992 -0.000000328 -0.000000656 0.191153109 -0.000000822 -0.000000102
68 0.107572533 -3.511920691 1.006515861 -0.261006892 -0.000000002 0.000000001
69 -0.000000001 0.000000477 5.249754429 0.162077531 0.000000002 -0.000000000
70 -0.000000012 0.000002027 8.363883018 0.074264571 0.000000000 -0.000000000
71 -0.000000011 0.000004932 0.685908437 0.881068766 0.000000000 -0.000000000
72 2.015471697 -6.399690151 -0.544794202 -1.544743538 0.000000004 3.141592503
73 -2.015471697 -6.399690151 -0.544794202 -1.544743538 -0.000000004 -3.141592503
74 -4.140473843 -6.212677479 2.446212530 -1.472083926 -0.002576770 2.746662855
75 0.000006445 0.000003070 1.942694545 -0.000000005 -0.000007084 -0.000000268
76 0.000029236 -0.000000060 1.942679167 0.000000054 -0.000000022 -0.000000034
77 0.000030112 0.000000179 1.942669988 0.000000056 0.000001222 -0.000000183
78 4.140473843 -6.212677479 2.446212530 -1.472083926 0.002576770 -2.746662855
79 -0.000006445 0.000003070 1.942694545 -0.000000005 0.000007084 0.000000268
80 -0.000029236 -0.000000060 1.942679167 0.000000054 0.000000022 0.000000034
81 -0.000030112 0.000000179 1.942669988 0.000000056 -0.000001222 0.000000183
82 4.691502094 -0.000000358 0.000001580 0.000014689 -1.393164515 -1.570812464
83 -0.476022512 -0.428182364 0.471465707 0.808999419 -0.899691880 2.504005671
84 0.202547073 -0.890875936 -0.305104226 0.629668057 -0.969458401 2.743292093
85 0.594023228 -1.215339541 -1.026863575 0.555873215 -0.945268035 2.895684958
86 1.274671793 -1.988788486 -2.575719595 0.420657307 -1.006509066 3.010905981
87 -2.566137791 -5.675147057 1.349706650 0.808996022 -0.899692357 2.504007339
88 -1.186924696 -1.021386147 2.349654913 0.272713572 -0.171223655 -1.461586356
89 1.904484987 8.546315193 -0.587080598 -1.570639491 -0.040154334 -0.000227958
90 4.691503525 0.000000961 -0.000000477 -0.000000464 -2.963958979 1.570799589
91 0.476003408 -0.428189456 0.471470416 0.809006929 0.899690330 -2.504020929
92 -0.202571452 -0.890875161 -0.305096924 0.629682481 0.969462097 -2.743299484
93 -0.594053030 -1.215334177 -1.026854992 0.555886328 0.945270479 -2.895696640
94 -1.274719238 -1.988780856 -2.575709581 0.420671910 1.006515503 -3.010913849
95 3.413403034 0.096739948 1.197661638 1.509161711 3.141592741 0.000000151
96 -3.413403034 0.096739948 1.197661638 1.509161711 3.141592741 0.000000151
end
triangles
phy
0 8.57439709 34.99973679 -5.03477478 0.90553510 0.30687904 0.29297003 0.00000000 0.00000000 1 0 1.000000000
0 8.57439423 35.23222733 0.46238732 0.94876665 -0.30506688 0.08231597 0.00000000 0.00000000 1 0 1.000000000
0 9.01011562 35.11598206 -2.28619385 0.99936575 0.00150400 0.03557699 0.00000000 0.00000000 1 0 1.000000000
phy
0 8.57439709 34.99973679 -5.03477478 0.90553510 0.30687904 0.29297003 0.00000000 0.00000000 1 0 1.000000000
0 7.30988169 35.33709335 2.94191742 0.19072905 -0.09738502 0.97680026 0.00000000 0.00000000 1 0 1.000000000
0 8.57439423 35.23222733 0.46238732 0.94876665 -0.30506688 0.08231597 0.00000000 0.00000000 1 0 1.000000000
phy
0 8.57439709 34.99973679 -5.03477478 0.90553510 0.30687904 0.29297003 0.00000000 0.00000000 1 0 1.000000000
0 5.34035873 34.81165314 -9.48207283 0.16771506 0.24749009 0.95426434 0.00000000 0.00000000 1 0 1.000000000
0 7.30988169 35.33709335 2.94191742 0.19072905 -0.09738502 0.97680026 0.00000000 0.00000000 1 0 1.000000000
phy
0 7.30988455 34.89487457 -7.51430655 0.80850416 0.58839214 0.01075600 0.00000000 0.00000000 1 0 1.000000000
0 7.30988550 22.67726517 -6.99759483 0.80706900 0.58291602 -0.09406700 0.00000000 0.00000000 1 0 1.000000000
0 5.34035873 34.81165314 -9.48207283 0.16771506 0.24749009 0.95426434 0.00000000 0.00000000 1 0 1.000000000
phy
0 7.30988550 22.67726517 -6.99759483 0.80706900 0.58291602 -0.09406700 0.00000000 0.00000000 1 0 1.000000000
0 5.34035873 22.59404373 -8.96536160 0.31189397 0.44562095 -0.83913291 0.00000000 0.00000000 1 0 1.000000000
0 5.34035873 34.81165314 -9.48207283 0.16771506 0.24749009 0.95426434 0.00000000 0.00000000 1 0 1.000000000
phy
0 5.34035635 35.42031479 4.90968323 0.57967496 -0.79014587 0.19911397 0.00000000 0.00000000 1 0 1.000000000
0 7.30988169 35.33709335 2.94191742 0.19072905 -0.09738502 0.97680026 0.00000000 0.00000000 1 0 1.000000000
0 -2.64346433 35.47374725 6.17306805 -0.29602718 -0.74573439 0.59686536 0.00000000 0.00000000 1 0 1.000000000
phy
0 7.30988169 35.33709335 2.94191742 0.19072905 -0.09738502 0.97680026 0.00000000 0.00000000 1 0 1.000000000
0 -7.09473753 35.33709335 2.94191742 -0.26261601 -0.15066500 0.95306498 0.00000000 0.00000000 1 0 1.000000000
0 -2.64346433 35.47374725 6.17306805 -0.29602718 -0.74573439 0.59686536 0.00000000 0.00000000 1 0 1.000000000
phy
0 7.30988169 35.33709335 2.94191742 0.19072905 -0.09738502 0.97680026 0.00000000 0.00000000 1 0 1.000000000
0 5.34035873 34.81165314 -9.48207283 0.16771506 0.24749009 0.95426434 0.00000000 0.00000000 1 0 1.000000000
0 -7.09473753 35.33709335 2.94191742 -0.26261601 -0.15066500 0.95306498 0.00000000 0.00000000 1 0 1.000000000
phy
0 -7.09473753 35.33709335 2.94191742 -0.26261601 -0.15066500 0.95306498 0.00000000 0.00000000 1 0 1.000000000
0 -5.12521267 34.81165314 -9.48207188 -0.33033621 0.44321728 0.83332849 0.00000000 0.00000000 1 0 1.000000000
0 -7.09473848 34.89487457 -7.51430464 -0.77787417 0.52009910 0.35271609 0.00000000 0.00000000 1 0 1.000000000
phy
0 -7.09473753 35.33709335 2.94191742 -0.26261601 -0.15066500 0.95306498 0.00000000 0.00000000 1 0 1.000000000
0 5.34035873 34.81165314 -9.48207283 0.16771506 0.24749009 0.95426434 0.00000000 0.00000000 1 0 1.000000000
0 -5.12521267 34.81165314 -9.48207188 -0.33033621 0.44321728 0.83332849 0.00000000 0.00000000 1 0 1.000000000
phy
0 2.85861063 34.75822067 -10.74545670 0.35862708 0.93334824 -0.01573800 0.00000000 0.00000000 1 0 1.000000000
0 0.10757254 34.73981094 -11.18078899 0.05249700 0.99736500 0.05007100 0.00000000 0.00000000 1 0 1.000000000
0 5.34035873 34.81165314 -9.48207283 0.16771506 0.24749009 0.95426434 0.00000000 0.00000000 1 0 1.000000000
phy
0 0.10757254 34.73981094 -11.18078899 0.05249700 0.99736500 0.05007100 0.00000000 0.00000000 1 0 1.000000000
0 -2.64346552 34.75822067 -10.74545574 -0.30559587 0.94595766 0.10851397 0.00000000 0.00000000 1 0 1.000000000
0 5.34035873 34.81165314 -9.48207283 0.16771506 0.24749009 0.95426434 0.00000000 0.00000000 1 0 1.000000000
phy
0 -2.64346552 34.75822067 -10.74545574 -0.30559587 0.94595766 0.10851397 0.00000000 0.00000000 1 0 1.000000000
0 -5.12521267 34.81165314 -9.48207188 -0.33033621 0.44321728 0.83332849 0.00000000 0.00000000 1 0 1.000000000
0 5.34035873 34.81165314 -9.48207283 0.16771506 0.24749009 0.95426434 0.00000000 0.00000000 1 0 1.000000000
phy
0 8.57439709 34.99973679 -5.03477478 0.90553510 0.30687904 0.29297003 0.00000000 0.00000000 1 0 1.000000000
0 7.30988455 34.89487457 -7.51430655 0.80850416 0.58839214 0.01075600 0.00000000 0.00000000 1 0 1.000000000
0 5.34035873 34.81165314 -9.48207283 0.16771506 0.24749009 0.95426434 0.00000000 0.00000000 1 0 1.000000000
phy
0 2.85861063 34.75822067 -10.74545670 0.35862708 0.93334824 -0.01573800 0.00000000 0.00000000 1 0 1.000000000
0 5.34035873 34.81165314 -9.48207283 0.16771506 0.24749009 0.95426434 0.00000000 0.00000000 1 0 1.000000000
0 5.34035873 22.59404373 -8.96536160 0.31189397 0.44562095 -0.83913291 0.00000000 0.00000000 1 0 1.000000000
phy
0 5.34035540 23.20270538 5.42639542 0.15512602 -0.25407904 -0.95466214 0.00000000 0.00000000 1 0 1.000000000
0 5.34035635 35.42031479 4.90968323 0.57967496 -0.79014587 0.19911397 0.00000000 0.00000000 1 0 1.000000000
0 2.85860944 23.25613785 6.68977833 0.35720110 -0.93253326 -0.05281301 0.00000000 0.00000000 1 0 1.000000000
phy
0 5.34035635 35.42031479 4.90968323 0.57967496 -0.79014587 0.19911397 0.00000000 0.00000000 1 0 1.000000000
0 2.85860944 35.47374344 6.17306709 0.25837407 -0.96388924 0.06450102 0.00000000 0.00000000 1 0 1.000000000
0 2.85860944 23.25613785 6.68977833 0.35720110 -0.93253326 -0.05281301 0.00000000 0.00000000 1 0 1.000000000
phy
0 2.85860944 23.25613785 6.68977833 0.35720110 -0.93253326 -0.05281301 0.00000000 0.00000000 1 0 1.000000000
0 2.85860944 35.47374344 6.17306709 0.25837407 -0.96388924 0.06450102 0.00000000 0.00000000 1 0 1.000000000
0 0.10757254 23.27454758 7.12511158 0.05270699 -0.99843878 0.01849000 0.00000000 0.00000000 1 0 1.000000000
phy
0 2.85860944 35.47374344 6.17306709 0.25837407 -0.96388924 0.06450102 0.00000000 0.00000000 1 0 1.000000000
0 0.10757254 35.49215698 6.60840034 -0.05249699 -0.98957586 0.13410299 0.00000000 0.00000000 1 0 1.000000000
0 0.10757254 23.27454758 7.12511158 0.05270699 -0.99843878 0.01849000 0.00000000 0.00000000 1 0 1.000000000
phy
0 -2.64346433 23.25613785 6.68977928 -0.08045004 -0.34059614 -0.93676144 0.00000000 0.00000000 1 0 1.000000000
0 2.85860944 23.25613785 6.68977833 0.35720110 -0.93253326 -0.05281301 0.00000000 0.00000000 1 0 1.000000000
0 0.10757254 23.27454758 7.12511158 0.05270699 -0.99843878 0.01849000 0.00000000 0.00000000 1 0 1.000000000
phy
0 2.85860944 23.25613785 6.68977833 0.35720110 -0.93253326 -0.05281301 0.00000000 0.00000000 1 0 1.000000000
0 -2.64346433 23.25613785 6.68977928 -0.08045004 -0.34059614 -0.93676144 0.00000000 0.00000000 1 0 1.000000000
0 5.34035540 23.20270538 5.42639542 0.15512602 -0.25407904 -0.95466214 0.00000000 0.00000000 1 0 1.000000000
phy
0 -8.35925007 22.78213120 -4.51806259 -0.43632400 0.13017800 -0.89032298 0.00000000 0.00000000 1 0 1.000000000
0 -5.12521124 22.59404373 -8.96536160 -0.53120875 0.80873263 -0.25252488 0.00000000 0.00000000 1 0 1.000000000
0 0.10757054 22.52220154 -10.66407776 -0.01413001 0.22668611 -0.97386545 0.00000000 0.00000000 1 0 1.000000000
phy
0 -8.35925007 22.78213120 -4.51806259 -0.43632400 0.13017800 -0.89032298 0.00000000 0.00000000 1 0 1.000000000
0 0.10757054 22.52220154 -10.66407776 -0.01413001 0.22668611 -0.97386545 0.00000000 0.00000000 1 0 1.000000000
0 -2.64346433 23.25613785 6.68977928 -0.08045004 -0.34059614 -0.93676144 0.00000000 0.00000000 1 0 1.000000000
phy
0 -2.64346433 23.25613785 6.68977928 -0.08045004 -0.34059614 -0.93676144 0.00000000 0.00000000 1 0 1.000000000
0 0.10757054 22.52220154 -10.66407776 -0.01413001 0.22668611 -0.97386545 0.00000000 0.00000000 1 0 1.000000000
0 5.34035540 23.20270538 5.42639542 0.15512602 -0.25407904 -0.95466214 0.00000000 0.00000000 1 0 1.000000000
phy
0 -8.35925007 22.78213120 -4.51806259 -0.43632400 0.13017800 -0.89032298 0.00000000 0.00000000 1 0 1.000000000
0 -2.64346433 23.25613785 6.68977928 -0.08045004 -0.34059614 -0.93676144 0.00000000 0.00000000 1 0 1.000000000
0 -7.09473753 23.11948395 3.45862913 -0.69174904 -0.52404803 -0.49684706 0.00000000 0.00000000 1 0 1.000000000
phy
0 -2.64346433 23.25613785 6.68977928 -0.08045004 -0.34059614 -0.93676144 0.00000000 0.00000000 1 0 1.000000000
0 -5.12521124 23.20270538 5.42639637 -0.58769196 -0.80891889 0.01638200 0.00000000 0.00000000 1 0 1.000000000
0 -7.09473753 23.11948395 3.45862913 -0.69174904 -0.52404803 -0.49684706 0.00000000 0.00000000 1 0 1.000000000
phy
0 -2.64346433 23.25613785 6.68977928 -0.08045004 -0.34059614 -0.93676144 0.00000000 0.00000000 1 0 1.000000000
0 0.10757254 35.49215698 6.60840034 -0.05249699 -0.98957586 0.13410299 0.00000000 0.00000000 1 0 1.000000000
0 -2.64346433 35.47374725 6.17306805 -0.29602718 -0.74573439 0.59686536 0.00000000 0.00000000 1 0 1.000000000
phy
0 -2.64346433 23.25613785 6.68977928 -0.08045004 -0.34059614 -0.93676144 0.00000000 0.00000000 1 0 1.000000000
0 0.10757254 23.27454758 7.12511158 0.05270699 -0.99843878 0.01849000 0.00000000 0.00000000 1 0 1.000000000
0 0.10757254 35.49215698 6.60840034 -0.05249699 -0.98957586 0.13410299 0.00000000 0.00000000 1 0 1.000000000
phy
0 -2.64346433 23.25613785 6.68977928 -0.08045004 -0.34059614 -0.93676144 0.00000000 0.00000000 1 0 1.000000000
0 -2.64346433 35.47374725 6.17306805 -0.29602718 -0.74573439 0.59686536 0.00000000 0.00000000 1 0 1.000000000
0 -5.12521124 23.20270538 5.42639637 -0.58769196 -0.80891889 0.01638200 0.00000000 0.00000000 1 0 1.000000000
phy
0 -2.64346552 22.54061127 -10.22874451 -0.30882096 0.94809985 -0.07573799 0.00000000 0.00000000 1 0 1.000000000
0 -5.12521124 22.59404373 -8.96536160 -0.53120875 0.80873263 -0.25252488 0.00000000 0.00000000 1 0 1.000000000
0 -2.64346552 34.75822067 -10.74545574 -0.30559587 0.94595766 0.10851397 0.00000000 0.00000000 1 0 1.000000000
phy
0 -2.64346552 22.54061127 -10.22874451 -0.30882096 0.94809985 -0.07573799 0.00000000 0.00000000 1 0 1.000000000
0 -2.64346552 34.75822067 -10.74545574 -0.30559587 0.94595766 0.10851397 0.00000000 0.00000000 1 0 1.000000000
0 0.10757054 22.52220154 -10.66407776 -0.01413001 0.22668611 -0.97386545 0.00000000 0.00000000 1 0 1.000000000
phy
0 -5.12521124 22.59404373 -8.96536160 -0.53120875 0.80873263 -0.25252488 0.00000000 0.00000000 1 0 1.000000000
0 -2.64346552 22.54061127 -10.22874451 -0.30882096 0.94809985 -0.07573799 0.00000000 0.00000000 1 0 1.000000000
0 0.10757054 22.52220154 -10.66407776 -0.01413001 0.22668611 -0.97386545 0.00000000 0.00000000 1 0 1.000000000
phy
0 8.57439709 34.99973679 -5.03477478 0.90553510 0.30687904 0.29297003 0.00000000 0.00000000 1 0 1.000000000
0 7.30988550 22.67726517 -6.99759483 0.80706900 0.58291602 -0.09406700 0.00000000 0.00000000 1 0 1.000000000
0 7.30988455 34.89487457 -7.51430655 0.80850416 0.58839214 0.01075600 0.00000000 0.00000000 1 0 1.000000000
phy
0 8.57439709 22.78213120 -4.51806355 0.95045352 0.30703986 -0.04862598 0.00000000 0.00000000 1 0 1.000000000
0 7.30988550 22.67726517 -6.99759483 0.80706900 0.58291602 -0.09406700 0.00000000 0.00000000 1 0 1.000000000
0 8.57439709 34.99973679 -5.03477478 0.90553510 0.30687904 0.29297003 0.00000000 0.00000000 1 0 1.000000000
phy
0 8.57439709 34.99973679 -5.03477478 0.90553510 0.30687904 0.29297003 0.00000000 0.00000000 1 0 1.000000000
0 9.01011562 35.11598206 -2.28619385 0.99936575 0.00150400 0.03557699 0.00000000 0.00000000 1 0 1.000000000
0 9.01011562 22.89837265 -1.76948178 0.95213586 -0.01291700 -0.30540198 0.00000000 0.00000000 1 0 1.000000000
phy
0 8.57439709 34.99973679 -5.03477478 0.90553510 0.30687904 0.29297003 0.00000000 0.00000000 1 0 1.000000000
0 9.01011562 22.89837265 -1.76948178 0.95213586 -0.01291700 -0.30540198 0.00000000 0.00000000 1 0 1.000000000
0 8.57439709 22.78213120 -4.51806355 0.95045352 0.30703986 -0.04862598 0.00000000 0.00000000 1 0 1.000000000
phy
0 0.10757254 34.73981094 -11.18078899 0.05249700 0.99736500 0.05007100 0.00000000 0.00000000 1 0 1.000000000
0 2.85861063 34.75822067 -10.74545670 0.35862708 0.93334824 -0.01573800 0.00000000 0.00000000 1 0 1.000000000
0 2.85861063 22.54061127 -10.22874451 0.25837311 0.96388948 -0.06450103 0.00000000 0.00000000 1 0 1.000000000
phy
0 0.10757254 34.73981094 -11.18078899 0.05249700 0.99736500 0.05007100 0.00000000 0.00000000 1 0 1.000000000
0 2.85861063 22.54061127 -10.22874451 0.25837311 0.96388948 -0.06450103 0.00000000 0.00000000 1 0 1.000000000
0 0.10757054 22.52220154 -10.66407776 -0.01413001 0.22668611 -0.97386545 0.00000000 0.00000000 1 0 1.000000000
phy
0 2.85861063 34.75822067 -10.74545670 0.35862708 0.93334824 -0.01573800 0.00000000 0.00000000 1 0 1.000000000
0 5.34035873 22.59404373 -8.96536160 0.31189397 0.44562095 -0.83913291 0.00000000 0.00000000 1 0 1.000000000
0 2.85861063 22.54061127 -10.22874451 0.25837311 0.96388948 -0.06450103 0.00000000 0.00000000 1 0 1.000000000
phy
0 7.30988550 22.67726517 -6.99759483 0.80706900 0.58291602 -0.09406700 0.00000000 0.00000000 1 0 1.000000000
0 8.57439709 22.78213120 -4.51806355 0.95045352 0.30703986 -0.04862598 0.00000000 0.00000000 1 0 1.000000000
0 9.01011562 22.89837265 -1.76948178 0.95213586 -0.01291700 -0.30540198 0.00000000 0.00000000 1 0 1.000000000
phy
0 7.30988550 22.67726517 -6.99759483 0.80706900 0.58291602 -0.09406700 0.00000000 0.00000000 1 0 1.000000000
0 9.01011562 22.89837265 -1.76948178 0.95213586 -0.01291700 -0.30540198 0.00000000 0.00000000 1 0 1.000000000
0 5.34035873 22.59404373 -8.96536160 0.31189397 0.44562095 -0.83913291 0.00000000 0.00000000 1 0 1.000000000
phy
0 5.34035873 22.59404373 -8.96536160 0.31189397 0.44562095 -0.83913291 0.00000000 0.00000000 1 0 1.000000000
0 9.01011562 22.89837265 -1.76948178 0.95213586 -0.01291700 -0.30540198 0.00000000 0.00000000 1 0 1.000000000
0 7.30988169 23.11948395 3.45862818 0.73432696 -0.55077595 -0.39674893 0.00000000 0.00000000 1 0 1.000000000
phy
0 5.34035873 22.59404373 -8.96536160 0.31189397 0.44562095 -0.83913291 0.00000000 0.00000000 1 0 1.000000000
0 7.30988169 23.11948395 3.45862818 0.73432696 -0.55077595 -0.39674893 0.00000000 0.00000000 1 0 1.000000000
0 5.34035540 23.20270538 5.42639542 0.15512602 -0.25407904 -0.95466214 0.00000000 0.00000000 1 0 1.000000000
phy
0 5.34035873 22.59404373 -8.96536160 0.31189397 0.44562095 -0.83913291 0.00000000 0.00000000 1 0 1.000000000
0 5.34035540 23.20270538 5.42639542 0.15512602 -0.25407904 -0.95466214 0.00000000 0.00000000 1 0 1.000000000
0 0.10757054 22.52220154 -10.66407776 -0.01413001 0.22668611 -0.97386545 0.00000000 0.00000000 1 0 1.000000000
phy
0 2.85861063 22.54061127 -10.22874451 0.25837311 0.96388948 -0.06450103 0.00000000 0.00000000 1 0 1.000000000
0 5.34035873 22.59404373 -8.96536160 0.31189397 0.44562095 -0.83913291 0.00000000 0.00000000 1 0 1.000000000
0 0.10757054 22.52220154 -10.66407776 -0.01413001 0.22668611 -0.97386545 0.00000000 0.00000000 1 0 1.000000000
phy
0 8.57439423 23.01461792 0.97909832 0.95045334 -0.31005013 -0.02252801 0.00000000 0.00000000 1 0 1.000000000
0 8.57439423 35.23222733 0.46238732 0.94876665 -0.30506688 0.08231597 0.00000000 0.00000000 1 0 1.000000000
0 7.30988169 23.11948395 3.45862818 0.73432696 -0.55077595 -0.39674893 0.00000000 0.00000000 1 0 1.000000000
phy
0 8.57439423 23.01461792 0.97909832 0.95045334 -0.31005013 -0.02252801 0.00000000 0.00000000 1 0 1.000000000
0 9.01011562 22.89837265 -1.76948178 0.95213586 -0.01291700 -0.30540198 0.00000000 0.00000000 1 0 1.000000000
0 8.57439423 35.23222733 0.46238732 0.94876665 -0.30506688 0.08231597 0.00000000 0.00000000 1 0 1.000000000
phy
0 8.57439423 23.01461792 0.97909832 0.95045334 -0.31005013 -0.02252801 0.00000000 0.00000000 1 0 1.000000000
0 7.30988169 23.11948395 3.45862818 0.73432696 -0.55077595 -0.39674893 0.00000000 0.00000000 1 0 1.000000000
0 9.01011562 22.89837265 -1.76948178 0.95213586 -0.01291700 -0.30540198 0.00000000 0.00000000 1 0 1.000000000
phy
0 7.30988169 23.11948395 3.45862818 0.73432696 -0.55077595 -0.39674893 0.00000000 0.00000000 1 0 1.000000000
0 5.34035635 35.42031479 4.90968323 0.57967496 -0.79014587 0.19911397 0.00000000 0.00000000 1 0 1.000000000
0 5.34035540 23.20270538 5.42639542 0.15512602 -0.25407904 -0.95466214 0.00000000 0.00000000 1 0 1.000000000
phy
0 5.34035635 35.42031479 4.90968323 0.57967496 -0.79014587 0.19911397 0.00000000 0.00000000 1 0 1.000000000
0 0.10757254 35.49215698 6.60840034 -0.05249699 -0.98957586 0.13410299 0.00000000 0.00000000 1 0 1.000000000
0 2.85860944 35.47374344 6.17306709 0.25837407 -0.96388924 0.06450102 0.00000000 0.00000000 1 0 1.000000000
phy
0 -8.35925007 23.01461792 0.97909927 -0.94876665 -0.31092787 -0.05626398 0.00000000 0.00000000 1 0 1.000000000
0 -8.79497242 22.89837265 -1.76948178 -0.99832845 0.05165702 -0.02592101 0.00000000 0.00000000 1 0 1.000000000
0 -8.35925007 22.78213120 -4.51806259 -0.43632400 0.13017800 -0.89032298 0.00000000 0.00000000 1 0 1.000000000
phy
0 -8.35925007 23.01461792 0.97909927 -0.94876665 -0.31092787 -0.05626398 0.00000000 0.00000000 1 0 1.000000000
0 -8.35925007 22.78213120 -4.51806259 -0.43632400 0.13017800 -0.89032298 0.00000000 0.00000000 1 0 1.000000000
0 -7.09473753 23.11948395 3.45862913 -0.69174904 -0.52404803 -0.49684706 0.00000000 0.00000000 1 0 1.000000000
phy
0 -8.35925007 23.01461792 0.97909927 -0.94876665 -0.31092787 -0.05626398 0.00000000 0.00000000 1 0 1.000000000
0 -8.35925007 35.23222733 0.46238732 -0.90160114 -0.27923802 0.33036602 0.00000000 0.00000000 1 0 1.000000000
0 -8.79497242 35.11598587 -2.28619385 -0.99832845 -0.05165702 0.02592101 0.00000000 0.00000000 1 0 1.000000000
phy
0 -8.35925007 23.01461792 0.97909927 -0.94876665 -0.31092787 -0.05626398 0.00000000 0.00000000 1 0 1.000000000
0 -8.79497242 35.11598587 -2.28619385 -0.99832845 -0.05165702 0.02592101 0.00000000 0.00000000 1 0 1.000000000
0 -8.79497242 22.89837265 -1.76948178 -0.99832845 0.05165702 -0.02592101 0.00000000 0.00000000 1 0 1.000000000
phy
0 -8.35925007 23.01461792 0.97909927 -0.94876665 -0.31092787 -0.05626398 0.00000000 0.00000000 1 0 1.000000000
0 -7.09473753 23.11948395 3.45862913 -0.69174904 -0.52404803 -0.49684706 0.00000000 0.00000000 1 0 1.000000000
0 -7.09473753 35.33709335 2.94191742 -0.26261601 -0.15066500 0.95306498 0.00000000 0.00000000 1 0 1.000000000
phy
0 -8.35925007 35.23222733 0.46238732 -0.90160114 -0.27923802 0.33036602 0.00000000 0.00000000 1 0 1.000000000
0 -8.35925007 23.01461792 0.97909927 -0.94876665 -0.31092787 -0.05626398 0.00000000 0.00000000 1 0 1.000000000
0 -7.09473753 35.33709335 2.94191742 -0.26261601 -0.15066500 0.95306498 0.00000000 0.00000000 1 0 1.000000000
phy
0 -7.09473753 23.11948395 3.45862913 -0.69174904 -0.52404803 -0.49684706 0.00000000 0.00000000 1 0 1.000000000
0 -5.12521124 23.20270538 5.42639637 -0.58769196 -0.80891889 0.01638200 0.00000000 0.00000000 1 0 1.000000000
0 -7.09473753 35.33709335 2.94191742 -0.26261601 -0.15066500 0.95306498 0.00000000 0.00000000 1 0 1.000000000
phy
0 -5.12521124 23.20270538 5.42639637 -0.58769196 -0.80891889 0.01638200 0.00000000 0.00000000 1 0 1.000000000
0 -5.12521124 35.42031479 4.90968418 -0.58741230 -0.80627733 0.06974003 0.00000000 0.00000000 1 0 1.000000000
0 -7.09473753 35.33709335 2.94191742 -0.26261601 -0.15066500 0.95306498 0.00000000 0.00000000 1 0 1.000000000
phy
0 -2.64346433 35.47374725 6.17306805 -0.29602718 -0.74573439 0.59686536 0.00000000 0.00000000 1 0 1.000000000
0 -5.12521124 35.42031479 4.90968418 -0.58741230 -0.80627733 0.06974003 0.00000000 0.00000000 1 0 1.000000000
0 -5.12521124 23.20270538 5.42639637 -0.58769196 -0.80891889 0.01638200 0.00000000 0.00000000 1 0 1.000000000
phy
0 -2.64346433 35.47374725 6.17306805 -0.29602718 -0.74573439 0.59686536 0.00000000 0.00000000 1 0 1.000000000
0 0.10757254 35.49215698 6.60840034 -0.05249699 -0.98957586 0.13410299 0.00000000 0.00000000 1 0 1.000000000
0 5.34035635 35.42031479 4.90968323 0.57967496 -0.79014587 0.19911397 0.00000000 0.00000000 1 0 1.000000000
phy
0 -2.64346433 35.47374725 6.17306805 -0.29602718 -0.74573439 0.59686536 0.00000000 0.00000000 1 0 1.000000000
0 -7.09473753 35.33709335 2.94191742 -0.26261601 -0.15066500 0.95306498 0.00000000 0.00000000 1 0 1.000000000
0 -5.12521124 35.42031479 4.90968418 -0.58741230 -0.80627733 0.06974003 0.00000000 0.00000000 1 0 1.000000000
phy
0 -7.09473848 22.67726517 -6.99759388 -0.77668470 0.62787879 -0.05028998 0.00000000 0.00000000 1 0 1.000000000
0 -8.35925007 22.78213120 -4.51806259 -0.43632400 0.13017800 -0.89032298 0.00000000 0.00000000 1 0 1.000000000
0 -7.09473848 34.89487457 -7.51430464 -0.77787417 0.52009910 0.35271609 0.00000000 0.00000000 1 0 1.000000000
phy
0 -7.09473848 34.89487457 -7.51430464 -0.77787417 0.52009910 0.35271609 0.00000000 0.00000000 1 0 1.000000000
0 -8.35925007 22.78213120 -4.51806259 -0.43632400 0.13017800 -0.89032298 0.00000000 0.00000000 1 0 1.000000000
0 -8.35925007 34.99974060 -5.03477383 -0.96191353 0.26101089 0.08121296 0.00000000 0.00000000 1 0 1.000000000
phy
0 -8.35925007 22.78213120 -4.51806259 -0.43632400 0.13017800 -0.89032298 0.00000000 0.00000000 1 0 1.000000000
0 -8.79497242 22.89837265 -1.76948178 -0.99832845 0.05165702 -0.02592101 0.00000000 0.00000000 1 0 1.000000000
0 -8.35925007 34.99974060 -5.03477383 -0.96191353 0.26101089 0.08121296 0.00000000 0.00000000 1 0 1.000000000
phy
0 -8.35925007 34.99974060 -5.03477383 -0.96191353 0.26101089 0.08121296 0.00000000 0.00000000 1 0 1.000000000
0 -8.79497242 22.89837265 -1.76948178 -0.99832845 0.05165702 -0.02592101 0.00000000 0.00000000 1 0 1.000000000
0 -8.79497242 35.11598587 -2.28619385 -0.99832845 -0.05165702 0.02592101 0.00000000 0.00000000 1 0 1.000000000
phy
0 -5.12521124 22.59404373 -8.96536160 -0.53120875 0.80873263 -0.25252488 0.00000000 0.00000000 1 0 1.000000000
0 -8.35925007 22.78213120 -4.51806259 -0.43632400 0.13017800 -0.89032298 0.00000000 0.00000000 1 0 1.000000000
0 -7.09473848 22.67726517 -6.99759388 -0.77668470 0.62787879 -0.05028998 0.00000000 0.00000000 1 0 1.000000000
phy
0 -5.12521267 34.81165314 -9.48207188 -0.33033621 0.44321728 0.83332849 0.00000000 0.00000000 1 0 1.000000000
0 -5.12521124 22.59404373 -8.96536160 -0.53120875 0.80873263 -0.25252488 0.00000000 0.00000000 1 0 1.000000000
0 -7.09473848 22.67726517 -6.99759388 -0.77668470 0.62787879 -0.05028998 0.00000000 0.00000000 1 0 1.000000000
phy
0 -5.12521267 34.81165314 -9.48207188 -0.33033621 0.44321728 0.83332849 0.00000000 0.00000000 1 0 1.000000000
0 -7.09473848 22.67726517 -6.99759388 -0.77668470 0.62787879 -0.05028998 0.00000000 0.00000000 1 0 1.000000000
0 -7.09473848 34.89487457 -7.51430464 -0.77787417 0.52009910 0.35271609 0.00000000 0.00000000 1 0 1.000000000
phy
0 -2.64346552 34.75822067 -10.74545574 -0.30559587 0.94595766 0.10851397 0.00000000 0.00000000 1 0 1.000000000
0 -5.12521124 22.59404373 -8.96536160 -0.53120875 0.80873263 -0.25252488 0.00000000 0.00000000 1 0 1.000000000
0 -5.12521267 34.81165314 -9.48207188 -0.33033621 0.44321728 0.83332849 0.00000000 0.00000000 1 0 1.000000000
phy
0 -2.64346552 34.75822067 -10.74545574 -0.30559587 0.94595766 0.10851397 0.00000000 0.00000000 1 0 1.000000000
0 0.10757254 34.73981094 -11.18078899 0.05249700 0.99736500 0.05007100 0.00000000 0.00000000 1 0 1.000000000
0 0.10757054 22.52220154 -10.66407776 -0.01413001 0.22668611 -0.97386545 0.00000000 0.00000000 1 0 1.000000000
phy
0 8.57439423 35.23222733 0.46238732 0.94876665 -0.30506688 0.08231597 0.00000000 0.00000000 1 0 1.000000000
0 7.30988169 35.33709335 2.94191742 0.19072905 -0.09738502 0.97680026 0.00000000 0.00000000 1 0 1.000000000
0 7.30988169 23.11948395 3.45862818 0.73432696 -0.55077595 -0.39674893 0.00000000 0.00000000 1 0 1.000000000
phy
0 7.30988169 23.11948395 3.45862818 0.73432696 -0.55077595 -0.39674893 0.00000000 0.00000000 1 0 1.000000000
0 7.30988169 35.33709335 2.94191742 0.19072905 -0.09738502 0.97680026 0.00000000 0.00000000 1 0 1.000000000
0 5.34035635 35.42031479 4.90968323 0.57967496 -0.79014587 0.19911397 0.00000000 0.00000000 1 0 1.000000000
phy
0 9.01011562 22.89837265 -1.76948178 0.95213586 -0.01291700 -0.30540198 0.00000000 0.00000000 1 0 1.000000000
0 9.01011562 35.11598206 -2.28619385 0.99936575 0.00150400 0.03557699 0.00000000 0.00000000 1 0 1.000000000
0 8.57439423 35.23222733 0.46238732 0.94876665 -0.30506688 0.08231597 0.00000000 0.00000000 1 0 1.000000000
phy
0 -8.79497242 35.11598587 -2.28619385 -0.99832845 -0.05165702 0.02592101 0.00000000 0.00000000 1 0 1.000000000
0 -8.35925007 35.23222733 0.46238732 -0.90160114 -0.27923802 0.33036602 0.00000000 0.00000000 1 0 1.000000000
0 -8.35925007 34.99974060 -5.03477383 -0.96191353 0.26101089 0.08121296 0.00000000 0.00000000 1 0 1.000000000
phy
0 -8.35925007 35.23222733 0.46238732 -0.90160114 -0.27923802 0.33036602 0.00000000 0.00000000 1 0 1.000000000
0 -7.09473848 34.89487457 -7.51430464 -0.77787417 0.52009910 0.35271609 0.00000000 0.00000000 1 0 1.000000000
0 -8.35925007 34.99974060 -5.03477383 -0.96191353 0.26101089 0.08121296 0.00000000 0.00000000 1 0 1.000000000
phy
0 -7.09473753 35.33709335 2.94191742 -0.26261601 -0.15066500 0.95306498 0.00000000 0.00000000 1 0 1.000000000
0 -7.09473848 34.89487457 -7.51430464 -0.77787417 0.52009910 0.35271609 0.00000000 0.00000000 1 0 1.000000000
0 -8.35925007 35.23222733 0.46238732 -0.90160114 -0.27923802 0.33036602 0.00000000 0.00000000 1 0 1.000000000
phy
0 -7.75494051 54.68095779 2.09553456 -0.91245741 -0.39757252 0.09673455 0.00000000 0.00000000 1 4 1.000000000
0 -4.75172663 54.20283890 6.20135689 -0.18491696 -0.52589363 0.83020574 0.00000000 0.00000000 1 4 1.000000000
0 -7.75494051 55.27193832 -2.97954130 -0.77887028 0.12142950 0.61531782 0.00000000 0.00000000 1 4 1.000000000
phy
0 -4.75172663 54.20283890 6.20135689 -0.18491696 -0.52589363 0.83020574 0.00000000 0.00000000 1 4 1.000000000
0 -4.75172663 55.75006104 -7.08536386 -0.36841908 0.25177127 0.89491832 0.00000000 0.00000000 1 4 1.000000000
0 -7.75494051 55.27193832 -2.97954130 -0.77887028 0.12142950 0.61531782 0.00000000 0.00000000 1 4 1.000000000
phy
0 -4.75172663 54.20283890 6.20135689 -0.18491696 -0.52589363 0.83020574 0.00000000 0.00000000 1 4 1.000000000
0 2.66225863 55.88587952 -8.25174332 0.14325504 0.15673402 0.97719622 0.00000000 0.00000000 1 4 1.000000000
0 -4.75172663 55.75006104 -7.08536386 -0.36841908 0.25177127 0.89491832 0.00000000 0.00000000 1 4 1.000000000
phy
0 -4.75172663 54.20283890 6.20135689 -0.18491696 -0.52589363 0.83020574 0.00000000 0.00000000 1 4 1.000000000
0 7.97008562 55.27193832 -2.97954130 0.50926214 -0.09380060 0.85548443 0.00000000 0.00000000 1 4 1.000000000
0 2.66225863 55.88587952 -8.25174332 0.14325504 0.15673402 0.97719622 0.00000000 0.00000000 1 4 1.000000000
phy
0 -6.58067942 54.41439056 4.38468075 -0.80853909 -0.57097721 -0.14230151 0.00000000 0.00000000 1 4 1.000000000
0 -7.75494051 54.68095779 2.09553456 -0.91245741 -0.39757252 0.09673455 0.00000000 0.00000000 1 4 1.000000000
0 -6.58067942 42.72628784 3.02361917 -0.80889732 -0.55585754 -0.19159214 0.00000000 0.00000000 1 4 1.000000000
phy
0 -6.58067942 42.72628784 3.02361917 -0.80889732 -0.55585754 -0.19159214 0.00000000 0.00000000 1 4 1.000000000
0 -7.75494051 54.68095779 2.09553456 -0.91245741 -0.39757252 0.09673455 0.00000000 0.00000000 1 4 1.000000000
0 -7.75494051 42.99285507 0.73447299 -0.96219426 -0.21919775 -0.16166185 0.00000000 0.00000000 1 4 1.000000000
phy
0 -7.75494051 54.68095779 2.09553456 -0.91245741 -0.39757252 0.09673455 0.00000000 0.00000000 1 4 1.000000000
0 -8.15956116 54.97645187 -0.44200280 -0.99985224 -0.00512392 0.01640870 0.00000000 0.00000000 1 4 1.000000000
0 -7.75494051 42.99285507 0.73447299 -0.96219426 -0.21919775 -0.16166185 0.00000000 0.00000000 1 4 1.000000000
phy
0 -7.75494051 42.99285507 0.73447299 -0.96219426 -0.21919775 -0.16166185 0.00000000 0.00000000 1 4 1.000000000
0 -8.15956116 54.97645187 -0.44200280 -0.99985224 -0.00512392 0.01640870 0.00000000 0.00000000 1 4 1.000000000
0 -8.15956116 43.28834915 -1.80306435 -0.55344224 0.24826992 -0.79502439 0.00000000 0.00000000 1 4 1.000000000
phy
0 -7.75494051 55.27193832 -2.97954130 -0.77887028 0.12142950 0.61531782 0.00000000 0.00000000 1 4 1.000000000
0 -8.15956116 54.97645187 -0.44200280 -0.99985224 -0.00512392 0.01640870 0.00000000 0.00000000 1 4 1.000000000
0 -7.75494051 54.68095779 2.09553456 -0.91245741 -0.39757252 0.09673455 0.00000000 0.00000000 1 4 1.000000000
phy
0 -6.58067942 54.41439056 4.38468075 -0.80853909 -0.57097721 -0.14230151 0.00000000 0.00000000 1 4 1.000000000
0 -4.75172663 54.20283890 6.20135689 -0.18491696 -0.52589363 0.83020574 0.00000000 0.00000000 1 4 1.000000000
0 -7.75494051 54.68095779 2.09553456 -0.91245741 -0.39757252 0.09673455 0.00000000 0.00000000 1 4 1.000000000
phy
0 -6.58067942 54.41439056 4.38468075 -0.80853909 -0.57097721 -0.14230151 0.00000000 0.00000000 1 4 1.000000000
0 -6.58067942 42.72628784 3.02361917 -0.80889732 -0.55585754 -0.19159214 0.00000000 0.00000000 1 4 1.000000000
0 -4.75172663 54.20283890 6.20135689 -0.18491696 -0.52589363 0.83020574 0.00000000 0.00000000 1 4 1.000000000
phy
0 -4.75172663 55.75006104 -7.08536386 -0.36841908 0.25177127 0.89491832 0.00000000 0.00000000 1 4 1.000000000
0 0.10757454 55.93268204 -8.65365028 0.00000000 0.90642095 0.42237553 0.00000000 0.00000000 1 4 1.000000000
0 -2.44711256 55.88587952 -8.25174332 -0.25837907 0.91504651 0.30972588 0.00000000 0.00000000 1 4 1.000000000
phy
0 -4.75172663 55.75006104 -7.08536386 -0.36841908 0.25177127 0.89491832 0.00000000 0.00000000 1 4 1.000000000
0 2.66225863 55.88587952 -8.25174332 0.14325504 0.15673402 0.97719622 0.00000000 0.00000000 1 4 1.000000000
0 0.10757454 55.93268204 -8.65365028 0.00000000 0.90642095 0.42237553 0.00000000 0.00000000 1 4 1.000000000
phy
0 -2.44711256 55.88587952 -8.25174332 -0.25837907 0.91504651 0.30972588 0.00000000 0.00000000 1 4 1.000000000
0 -2.44711256 44.19777679 -9.61280441 -0.09352605 0.52007276 -0.84898597 0.00000000 0.00000000 1 4 1.000000000
0 -4.75172663 55.75006104 -7.08536386 -0.36841908 0.25177127 0.89491832 0.00000000 0.00000000 1 4 1.000000000
phy
0 -4.75172663 55.75006104 -7.08536386 -0.36841908 0.25177127 0.89491832 0.00000000 0.00000000 1 4 1.000000000
0 -2.44711256 44.19777679 -9.61280441 -0.09352605 0.52007276 -0.84898597 0.00000000 0.00000000 1 4 1.000000000
0 -4.75172663 44.06195831 -8.44642639 -0.56458533 0.82467848 -0.03389496 0.00000000 0.00000000 1 4 1.000000000
phy
0 -6.58067942 55.53851318 -5.26868677 -0.80853933 0.55048919 0.20790820 0.00000000 0.00000000 1 4 1.000000000
0 -4.75172663 55.75006104 -7.08536386 -0.36841908 0.25177127 0.89491832 0.00000000 0.00000000 1 4 1.000000000
0 -6.58067942 43.85040665 -6.62974930 -0.80720228 0.57975966 0.11092020 0.00000000 0.00000000 1 4 1.000000000
phy
0 -6.58067942 43.85040665 -6.62974930 -0.80720228 0.57975966 0.11092020 0.00000000 0.00000000 1 4 1.000000000
0 -4.75172663 55.75006104 -7.08536386 -0.36841908 0.25177127 0.89491832 0.00000000 0.00000000 1 4 1.000000000
0 -4.75172663 44.06195831 -8.44642639 -0.56458533 0.82467848 -0.03389496 0.00000000 0.00000000 1 4 1.000000000
phy
0 -4.75172663 55.75006104 -7.08536386 -0.36841908 0.25177127 0.89491832 0.00000000 0.00000000 1 4 1.000000000
0 -6.58067942 55.53851318 -5.26868677 -0.80853933 0.55048919 0.20790820 0.00000000 0.00000000 1 4 1.000000000
0 -7.75494051 55.27193832 -2.97954130 -0.77887028 0.12142950 0.61531782 0.00000000 0.00000000 1 4 1.000000000
phy
0 6.79582357 42.72628784 3.02361917 0.30442616 0.08921266 -0.94834900 0.00000000 0.00000000 1 4 1.000000000
0 6.79582262 54.41439056 4.38468361 0.77382213 -0.62513536 -0.10200614 0.00000000 0.00000000 1 4 1.000000000
0 4.96687174 42.51473999 4.84029484 0.62945491 -0.73456919 -0.25336668 0.00000000 0.00000000 1 4 1.000000000
phy
0 6.79582262 54.41439056 4.38468361 0.77382213 -0.62513536 -0.10200614 0.00000000 0.00000000 1 4 1.000000000
0 4.96687174 54.20283890 6.20135689 0.54417294 -0.80735737 -0.22814441 0.00000000 0.00000000 1 4 1.000000000
0 4.96687174 42.51473999 4.84029484 0.62945491 -0.73456919 -0.25336668 0.00000000 0.00000000 1 4 1.000000000
phy
0 2.66225767 54.06701279 7.36773586 0.29397306 -0.95549923 0.02451601 0.00000000 0.00000000 1 4 1.000000000
0 4.96687174 54.20283890 6.20135689 0.54417294 -0.80735737 -0.22814441 0.00000000 0.00000000 1 4 1.000000000
0 6.79582262 54.41439056 4.38468361 0.77382213 -0.62513536 -0.10200614 0.00000000 0.00000000 1 4 1.000000000
phy
0 6.79582262 54.41439056 4.38468361 0.77382213 -0.62513536 -0.10200614 0.00000000 0.00000000 1 4 1.000000000
0 7.97008276 54.68095779 2.09553456 0.54173809 -0.44147527 0.71527588 0.00000000 0.00000000 1 4 1.000000000
0 2.66225767 54.06701279 7.36773586 0.29397306 -0.95549923 0.02451601 0.00000000 0.00000000 1 4 1.000000000
phy
0 6.79582262 54.41439056 4.38468361 0.77382213 -0.62513536 -0.10200614 0.00000000 0.00000000 1 4 1.000000000
0 6.79582357 42.72628784 3.02361917 0.30442616 0.08921266 -0.94834900 0.00000000 0.00000000 1 4 1.000000000
0 7.97008276 54.68095779 2.09553456 0.54173809 -0.44147527 0.71527588 0.00000000 0.00000000 1 4 1.000000000
phy
0 4.96687174 54.20283890 6.20135689 0.54417294 -0.80735737 -0.22814441 0.00000000 0.00000000 1 4 1.000000000
0 2.66225767 42.37891769 6.00667381 0.30832395 -0.88583219 -0.34675288 0.00000000 0.00000000 1 4 1.000000000
0 4.96687174 42.51473999 4.84029484 0.62945491 -0.73456919 -0.25336668 0.00000000 0.00000000 1 4 1.000000000
phy
0 4.96687174 42.51473999 4.84029484 0.62945491 -0.73456919 -0.25336668 0.00000000 0.00000000 1 4 1.000000000
0 2.66225767 42.37891769 6.00667381 0.30832395 -0.88583219 -0.34675288 0.00000000 0.00000000 1 4 1.000000000
0 6.79582357 42.72628784 3.02361917 0.30442616 0.08921266 -0.94834900 0.00000000 0.00000000 1 4 1.000000000
phy
0 7.97008276 54.68095779 2.09553456 0.54173809 -0.44147527 0.71527588 0.00000000 0.00000000 1 4 1.000000000
0 0.10757254 54.02021408 7.76964188 0.00000000 -0.99791682 -0.06451390 0.00000000 0.00000000 1 4 1.000000000
0 2.66225767 54.06701279 7.36773586 0.29397306 -0.95549923 0.02451601 0.00000000 0.00000000 1 4 1.000000000
phy
0 7.97008276 54.68095779 2.09553456 0.54173809 -0.44147527 0.71527588 0.00000000 0.00000000 1 4 1.000000000
0 -2.44711041 54.06701279 7.36773586 -0.25285205 -0.91417921 0.31676865 0.00000000 0.00000000 1 4 1.000000000
0 0.10757254 54.02021408 7.76964188 0.00000000 -0.99791682 -0.06451390 0.00000000 0.00000000 1 4 1.000000000
phy
0 7.97008276 54.68095779 2.09553456 0.54173809 -0.44147527 0.71527588 0.00000000 0.00000000 1 4 1.000000000
0 -4.75172663 54.20283890 6.20135689 -0.18491696 -0.52589363 0.83020574 0.00000000 0.00000000 1 4 1.000000000
0 -2.44711041 54.06701279 7.36773586 -0.25285205 -0.91417921 0.31676865 0.00000000 0.00000000 1 4 1.000000000
phy
0 7.97008276 54.68095779 2.09553456 0.54173809 -0.44147527 0.71527588 0.00000000 0.00000000 1 4 1.000000000
0 7.97008562 55.27193832 -2.97954130 0.50926214 -0.09380060 0.85548443 0.00000000 0.00000000 1 4 1.000000000
0 -4.75172663 54.20283890 6.20135689 -0.18491696 -0.52589363 0.83020574 0.00000000 0.00000000 1 4 1.000000000
phy
0 2.66225767 54.06701279 7.36773586 0.29397306 -0.95549923 0.02451601 0.00000000 0.00000000 1 4 1.000000000
0 2.66225767 42.37891769 6.00667381 0.30832395 -0.88583219 -0.34675288 0.00000000 0.00000000 1 4 1.000000000
0 4.96687174 54.20283890 6.20135689 0.54417294 -0.80735737 -0.22814441 0.00000000 0.00000000 1 4 1.000000000
phy
0 2.66225767 54.06701279 7.36773586 0.29397306 -0.95549923 0.02451601 0.00000000 0.00000000 1 4 1.000000000
0 0.10757254 54.02021408 7.76964188 0.00000000 -0.99791682 -0.06451390 0.00000000 0.00000000 1 4 1.000000000
0 2.66225767 42.37891769 6.00667381 0.30832395 -0.88583219 -0.34675288 0.00000000 0.00000000 1 4 1.000000000
phy
0 2.66225863 55.88587952 -8.25174332 0.14325504 0.15673402 0.97719622 0.00000000 0.00000000 1 4 1.000000000
0 2.66225863 44.19777679 -9.61280441 0.13967402 0.67622751 -0.72333091 0.00000000 0.00000000 1 4 1.000000000
0 0.10757254 44.24457932 -10.01471138 0.00000000 0.95952320 0.28162971 0.00000000 0.00000000 1 4 1.000000000
phy
0 2.66225863 55.88587952 -8.25174332 0.14325504 0.15673402 0.97719622 0.00000000 0.00000000 1 4 1.000000000
0 0.10757254 44.24457932 -10.01471138 0.00000000 0.95952320 0.28162971 0.00000000 0.00000000 1 4 1.000000000
0 0.10757454 55.93268204 -8.65365028 0.00000000 0.90642095 0.42237553 0.00000000 0.00000000 1 4 1.000000000
phy
0 7.97008562 55.27193832 -2.97954130 0.50926214 -0.09380060 0.85548443 0.00000000 0.00000000 1 4 1.000000000
0 6.79582548 55.53851318 -5.26868677 0.77382213 0.57209265 0.27186301 0.00000000 0.00000000 1 4 1.000000000
0 2.66225863 55.88587952 -8.25174332 0.14325504 0.15673402 0.97719622 0.00000000 0.00000000 1 4 1.000000000
phy
0 2.66225863 55.88587952 -8.25174332 0.14325504 0.15673402 0.97719622 0.00000000 0.00000000 1 4 1.000000000
0 4.96687078 55.75006104 -7.08536673 0.58743829 0.76153910 0.27381480 0.00000000 0.00000000 1 4 1.000000000
0 4.96687269 44.06195831 -8.44642735 0.58171791 0.80698621 0.10187023 0.00000000 0.00000000 1 4 1.000000000
phy
0 2.66225863 44.19777679 -9.61280441 0.13967402 0.67622751 -0.72333091 0.00000000 0.00000000 1 4 1.000000000
0 2.66225863 55.88587952 -8.25174332 0.14325504 0.15673402 0.97719622 0.00000000 0.00000000 1 4 1.000000000
0 4.96687269 44.06195831 -8.44642735 0.58171791 0.80698621 0.10187023 0.00000000 0.00000000 1 4 1.000000000
phy
0 2.66225863 55.88587952 -8.25174332 0.14325504 0.15673402 0.97719622 0.00000000 0.00000000 1 4 1.000000000
0 6.79582548 55.53851318 -5.26868677 0.77382213 0.57209265 0.27186301 0.00000000 0.00000000 1 4 1.000000000
0 4.96687078 55.75006104 -7.08536673 0.58743829 0.76153910 0.27381480 0.00000000 0.00000000 1 4 1.000000000
phy
0 -6.58067942 42.72628784 3.02361917 -0.80889732 -0.55585754 -0.19159214 0.00000000 0.00000000 1 4 1.000000000
0 -7.75494051 42.99285507 0.73447299 -0.96219426 -0.21919775 -0.16166185 0.00000000 0.00000000 1 4 1.000000000
0 -4.75172663 42.51473999 4.84029579 -0.21933597 -0.01161441 -0.97558022 0.00000000 0.00000000 1 4 1.000000000
phy
0 -4.75172663 54.20283890 6.20135689 -0.18491696 -0.52589363 0.83020574 0.00000000 0.00000000 1 4 1.000000000
0 -6.58067942 42.72628784 3.02361917 -0.80889732 -0.55585754 -0.19159214 0.00000000 0.00000000 1 4 1.000000000
0 -4.75172663 42.51473999 4.84029579 -0.21933597 -0.01161441 -0.97558022 0.00000000 0.00000000 1 4 1.000000000
phy
0 -8.15956116 43.28834915 -1.80306435 -0.55344224 0.24826992 -0.79502439 0.00000000 0.00000000 1 4 1.000000000
0 -7.75494051 43.58383942 -4.34060383 -0.96577275 0.25345409 0.05517269 0.00000000 0.00000000 1 4 1.000000000
0 -6.58067942 43.85040665 -6.62974930 -0.80720228 0.57975966 0.11092020 0.00000000 0.00000000 1 4 1.000000000
phy
0 -8.15956116 43.28834915 -1.80306435 -0.55344224 0.24826992 -0.79502439 0.00000000 0.00000000 1 4 1.000000000
0 -6.58067942 43.85040665 -6.62974930 -0.80720228 0.57975966 0.11092020 0.00000000 0.00000000 1 4 1.000000000
0 -4.75172663 44.06195831 -8.44642639 -0.56458533 0.82467848 -0.03389496 0.00000000 0.00000000 1 4 1.000000000
phy
0 -4.75172663 44.06195831 -8.44642639 -0.56458533 0.82467848 -0.03389496 0.00000000 0.00000000 1 4 1.000000000
0 -2.44711256 44.19777679 -9.61280441 -0.09352605 0.52007276 -0.84898597 0.00000000 0.00000000 1 4 1.000000000
0 -8.15956116 43.28834915 -1.80306435 -0.55344224 0.24826992 -0.79502439 0.00000000 0.00000000 1 4 1.000000000
phy
0 7.97008276 42.99285507 0.73447299 0.96577263 -0.23981082 -0.09886394 0.00000000 0.00000000 1 4 1.000000000
0 8.37470436 54.97645187 -0.44200280 0.99834764 -0.05713371 0.00613405 0.00000000 0.00000000 1 4 1.000000000
0 7.97008276 54.68095779 2.09553456 0.54173809 -0.44147527 0.71527588 0.00000000 0.00000000 1 4 1.000000000
phy
0 7.97008276 42.99285507 0.73447299 0.96577263 -0.23981082 -0.09886394 0.00000000 0.00000000 1 4 1.000000000
0 8.37470436 43.28834915 -1.80306435 0.82446319 0.20973833 -0.52561420 0.00000000 0.00000000 1 4 1.000000000
0 8.37470436 54.97645187 -0.44200280 0.99834764 -0.05713371 0.00613405 0.00000000 0.00000000 1 4 1.000000000
phy
0 7.97008276 54.68095779 2.09553456 0.54173809 -0.44147527 0.71527588 0.00000000 0.00000000 1 4 1.000000000
0 6.79582357 42.72628784 3.02361917 0.30442616 0.08921266 -0.94834900 0.00000000 0.00000000 1 4 1.000000000
0 7.97008276 42.99285507 0.73447299 0.96577263 -0.23981082 -0.09886394 0.00000000 0.00000000 1 4 1.000000000
phy
0 7.97008276 42.99285507 0.73447299 0.96577263 -0.23981082 -0.09886394 0.00000000 0.00000000 1 4 1.000000000
0 6.79582357 42.72628784 3.02361917 0.30442616 0.08921266 -0.94834900 0.00000000 0.00000000 1 4 1.000000000
0 8.37470436 43.28834915 -1.80306435 0.82446319 0.20973833 -0.52561420 0.00000000 0.00000000 1 4 1.000000000
phy
0 8.37470436 54.97645187 -0.44200280 0.99834764 -0.05713371 0.00613405 0.00000000 0.00000000 1 4 1.000000000
0 8.37470436 43.28834915 -1.80306435 0.82446319 0.20973833 -0.52561420 0.00000000 0.00000000 1 4 1.000000000
0 7.97008562 55.27193832 -2.97954130 0.50926214 -0.09380060 0.85548443 0.00000000 0.00000000 1 4 1.000000000
phy
0 8.37470436 43.28834915 -1.80306435 0.82446319 0.20973833 -0.52561420 0.00000000 0.00000000 1 4 1.000000000
0 7.97008562 43.58383942 -4.34060383 0.95049489 0.30503815 0.05925494 0.00000000 0.00000000 1 4 1.000000000
0 7.97008562 55.27193832 -2.97954130 0.50926214 -0.09380060 0.85548443 0.00000000 0.00000000 1 4 1.000000000
phy
0 7.97008562 55.27193832 -2.97954130 0.50926214 -0.09380060 0.85548443 0.00000000 0.00000000 1 4 1.000000000
0 6.79582548 43.85040665 -6.62975025 0.83555382 0.54403132 0.07667921 0.00000000 0.00000000 1 4 1.000000000
0 6.79582548 55.53851318 -5.26868677 0.77382213 0.57209265 0.27186301 0.00000000 0.00000000 1 4 1.000000000
phy
0 7.97008562 43.58383942 -4.34060383 0.95049489 0.30503815 0.05925494 0.00000000 0.00000000 1 4 1.000000000
0 6.79582548 43.85040665 -6.62975025 0.83555382 0.54403132 0.07667921 0.00000000 0.00000000 1 4 1.000000000
0 7.97008562 55.27193832 -2.97954130 0.50926214 -0.09380060 0.85548443 0.00000000 0.00000000 1 4 1.000000000
phy
0 7.97008276 54.68095779 2.09553456 0.54173809 -0.44147527 0.71527588 0.00000000 0.00000000 1 4 1.000000000
0 8.37470436 54.97645187 -0.44200280 0.99834764 -0.05713371 0.00613405 0.00000000 0.00000000 1 4 1.000000000
0 7.97008562 55.27193832 -2.97954130 0.50926214 -0.09380060 0.85548443 0.00000000 0.00000000 1 4 1.000000000
phy
0 6.79582548 55.53851318 -5.26868677 0.77382213 0.57209265 0.27186301 0.00000000 0.00000000 1 4 1.000000000
0 4.96687269 44.06195831 -8.44642735 0.58171791 0.80698621 0.10187023 0.00000000 0.00000000 1 4 1.000000000
0 4.96687078 55.75006104 -7.08536673 0.58743829 0.76153910 0.27381480 0.00000000 0.00000000 1 4 1.000000000
phy
0 4.96687269 44.06195831 -8.44642735 0.58171791 0.80698621 0.10187023 0.00000000 0.00000000 1 4 1.000000000
0 8.37470436 43.28834915 -1.80306435 0.82446319 0.20973833 -0.52561420 0.00000000 0.00000000 1 4 1.000000000
0 2.66225863 44.19777679 -9.61280441 0.13967402 0.67622751 -0.72333091 0.00000000 0.00000000 1 4 1.000000000
phy
0 2.66225863 44.19777679 -9.61280441 0.13967402 0.67622751 -0.72333091 0.00000000 0.00000000 1 4 1.000000000
0 8.37470436 43.28834915 -1.80306435 0.82446319 0.20973833 -0.52561420 0.00000000 0.00000000 1 4 1.000000000
0 6.79582357 42.72628784 3.02361917 0.30442616 0.08921266 -0.94834900 0.00000000 0.00000000 1 4 1.000000000
phy
0 2.66225863 44.19777679 -9.61280441 0.13967402 0.67622751 -0.72333091 0.00000000 0.00000000 1 4 1.000000000
0 6.79582357 42.72628784 3.02361917 0.30442616 0.08921266 -0.94834900 0.00000000 0.00000000 1 4 1.000000000
0 -2.44711256 44.19777679 -9.61280441 -0.09352605 0.52007276 -0.84898597 0.00000000 0.00000000 1 4 1.000000000
phy
0 -2.44711256 44.19777679 -9.61280441 -0.09352605 0.52007276 -0.84898597 0.00000000 0.00000000 1 4 1.000000000
0 6.79582357 42.72628784 3.02361917 0.30442616 0.08921266 -0.94834900 0.00000000 0.00000000 1 4 1.000000000
0 0.10757254 42.33211899 6.40857887 0.00000000 0.00927657 -0.99995703 0.00000000 0.00000000 1 4 1.000000000
phy
0 -2.44711256 44.19777679 -9.61280441 -0.09352605 0.52007276 -0.84898597 0.00000000 0.00000000 1 4 1.000000000
0 0.10757254 42.33211899 6.40857887 0.00000000 0.00927657 -0.99995703 0.00000000 0.00000000 1 4 1.000000000
0 -4.75172663 42.51473999 4.84029579 -0.21933597 -0.01161441 -0.97558022 0.00000000 0.00000000 1 4 1.000000000
phy
0 -4.75172663 42.51473999 4.84029579 -0.21933597 -0.01161441 -0.97558022 0.00000000 0.00000000 1 4 1.000000000
0 0.10757254 42.33211899 6.40857887 0.00000000 0.00927657 -0.99995703 0.00000000 0.00000000 1 4 1.000000000
0 -2.44711256 42.37891769 6.00667381 -0.30897093 -0.90256315 -0.29986110 0.00000000 0.00000000 1 4 1.000000000
phy
0 2.66225863 44.19777679 -9.61280441 0.13967402 0.67622751 -0.72333091 0.00000000 0.00000000 1 4 1.000000000
0 -2.44711256 44.19777679 -9.61280441 -0.09352605 0.52007276 -0.84898597 0.00000000 0.00000000 1 4 1.000000000
0 0.10757254 44.24457932 -10.01471138 0.00000000 0.95952320 0.28162971 0.00000000 0.00000000 1 4 1.000000000
phy
0 -2.44711041 54.06701279 7.36773586 -0.25285205 -0.91417921 0.31676865 0.00000000 0.00000000 1 4 1.000000000
0 -2.44711256 42.37891769 6.00667381 -0.30897093 -0.90256315 -0.29986110 0.00000000 0.00000000 1 4 1.000000000
0 0.10757254 54.02021408 7.76964188 0.00000000 -0.99791682 -0.06451390 0.00000000 0.00000000 1 4 1.000000000
phy
0 -2.44711256 42.37891769 6.00667381 -0.30897093 -0.90256315 -0.29986110 0.00000000 0.00000000 1 4 1.000000000
0 0.10757254 42.33211899 6.40857887 0.00000000 0.00927657 -0.99995703 0.00000000 0.00000000 1 4 1.000000000
0 0.10757254 54.02021408 7.76964188 0.00000000 -0.99791682 -0.06451390 0.00000000 0.00000000 1 4 1.000000000
phy
0 -4.75172663 54.20283890 6.20135689 -0.18491696 -0.52589363 0.83020574 0.00000000 0.00000000 1 4 1.000000000
0 -2.44711256 42.37891769 6.00667381 -0.30897093 -0.90256315 -0.29986110 0.00000000 0.00000000 1 4 1.000000000
0 -2.44711041 54.06701279 7.36773586 -0.25285205 -0.91417921 0.31676865 0.00000000 0.00000000 1 4 1.000000000
phy
0 -4.75172663 42.51473999 4.84029579 -0.21933597 -0.01161441 -0.97558022 0.00000000 0.00000000 1 4 1.000000000
0 -7.75494051 42.99285507 0.73447299 -0.96219426 -0.21919775 -0.16166185 0.00000000 0.00000000 1 4 1.000000000
0 -8.15956116 43.28834915 -1.80306435 -0.55344224 0.24826992 -0.79502439 0.00000000 0.00000000 1 4 1.000000000
phy
0 -7.75494051 55.27193832 -2.97954130 -0.77887028 0.12142950 0.61531782 0.00000000 0.00000000 1 4 1.000000000
0 -7.75494051 43.58383942 -4.34060383 -0.96577275 0.25345409 0.05517269 0.00000000 0.00000000 1 4 1.000000000
0 -8.15956116 54.97645187 -0.44200280 -0.99985224 -0.00512392 0.01640870 0.00000000 0.00000000 1 4 1.000000000
phy
0 -7.75494051 43.58383942 -4.34060383 -0.96577275 0.25345409 0.05517269 0.00000000 0.00000000 1 4 1.000000000
0 -8.15956116 43.28834915 -1.80306435 -0.55344224 0.24826992 -0.79502439 0.00000000 0.00000000 1 4 1.000000000
0 -8.15956116 54.97645187 -0.44200280 -0.99985224 -0.00512392 0.01640870 0.00000000 0.00000000 1 4 1.000000000
phy
0 -6.58067942 43.85040665 -6.62974930 -0.80720228 0.57975966 0.11092020 0.00000000 0.00000000 1 4 1.000000000
0 -7.75494051 43.58383942 -4.34060383 -0.96577275 0.25345409 0.05517269 0.00000000 0.00000000 1 4 1.000000000
0 -7.75494051 55.27193832 -2.97954130 -0.77887028 0.12142950 0.61531782 0.00000000 0.00000000 1 4 1.000000000
phy
0 -2.44711256 44.19777679 -9.61280441 -0.09352605 0.52007276 -0.84898597 0.00000000 0.00000000 1 4 1.000000000
0 -2.44711256 55.88587952 -8.25174332 -0.25837907 0.91504651 0.30972588 0.00000000 0.00000000 1 4 1.000000000
0 0.10757254 44.24457932 -10.01471138 0.00000000 0.95952320 0.28162971 0.00000000 0.00000000 1 4 1.000000000
phy
0 0.10757254 44.24457932 -10.01471138 0.00000000 0.95952320 0.28162971 0.00000000 0.00000000 1 4 1.000000000
0 -2.44711256 55.88587952 -8.25174332 -0.25837907 0.91504651 0.30972588 0.00000000 0.00000000 1 4 1.000000000
0 0.10757454 55.93268204 -8.65365028 0.00000000 0.90642095 0.42237553 0.00000000 0.00000000 1 4 1.000000000
phy
0 -2.44711256 44.19777679 -9.61280441 -0.09352605 0.52007276 -0.84898597 0.00000000 0.00000000 1 4 1.000000000
0 -4.75172663 42.51473999 4.84029579 -0.21933597 -0.01161441 -0.97558022 0.00000000 0.00000000 1 4 1.000000000
0 -8.15956116 43.28834915 -1.80306435 -0.55344224 0.24826992 -0.79502439 0.00000000 0.00000000 1 4 1.000000000
phy
0 0.10757254 54.02021408 7.76964188 0.00000000 -0.99791682 -0.06451390 0.00000000 0.00000000 1 4 1.000000000
0 0.10757254 42.33211899 6.40857887 0.00000000 0.00927657 -0.99995703 0.00000000 0.00000000 1 4 1.000000000
0 2.66225767 42.37891769 6.00667381 0.30832395 -0.88583219 -0.34675288 0.00000000 0.00000000 1 4 1.000000000
phy
0 6.79582357 42.72628784 3.02361917 0.30442616 0.08921266 -0.94834900 0.00000000 0.00000000 1 4 1.000000000
0 2.66225767 42.37891769 6.00667381 0.30832395 -0.88583219 -0.34675288 0.00000000 0.00000000 1 4 1.000000000
0 0.10757254 42.33211899 6.40857887 0.00000000 0.00927657 -0.99995703 0.00000000 0.00000000 1 4 1.000000000
phy
0 6.79582548 43.85040665 -6.62975025 0.83555382 0.54403132 0.07667921 0.00000000 0.00000000 1 4 1.000000000
0 7.97008562 43.58383942 -4.34060383 0.95049489 0.30503815 0.05925494 0.00000000 0.00000000 1 4 1.000000000
0 8.37470436 43.28834915 -1.80306435 0.82446319 0.20973833 -0.52561420 0.00000000 0.00000000 1 4 1.000000000
phy
0 6.79582548 43.85040665 -6.62975025 0.83555382 0.54403132 0.07667921 0.00000000 0.00000000 1 4 1.000000000
0 8.37470436 43.28834915 -1.80306435 0.82446319 0.20973833 -0.52561420 0.00000000 0.00000000 1 4 1.000000000
0 4.96687269 44.06195831 -8.44642735 0.58171791 0.80698621 0.10187023 0.00000000 0.00000000 1 4 1.000000000
phy
0 6.79582548 55.53851318 -5.26868677 0.77382213 0.57209265 0.27186301 0.00000000 0.00000000 1 4 1.000000000
0 6.79582548 43.85040665 -6.62975025 0.83555382 0.54403132 0.07667921 0.00000000 0.00000000 1 4 1.000000000
0 4.96687269 44.06195831 -8.44642735 0.58171791 0.80698621 0.10187023 0.00000000 0.00000000 1 4 1.000000000
phy
0 -4.75172663 54.20283890 6.20135689 -0.18491696 -0.52589363 0.83020574 0.00000000 0.00000000 1 4 1.000000000
0 -4.75172663 42.51473999 4.84029579 -0.21933597 -0.01161441 -0.97558022 0.00000000 0.00000000 1 4 1.000000000
0 -2.44711256 42.37891769 6.00667381 -0.30897093 -0.90256315 -0.29986110 0.00000000 0.00000000 1 4 1.000000000
phy
0 -6.58067942 43.85040665 -6.62974930 -0.80720228 0.57975966 0.11092020 0.00000000 0.00000000 1 4 1.000000000
0 -7.75494051 55.27193832 -2.97954130 -0.77887028 0.12142950 0.61531782 0.00000000 0.00000000 1 4 1.000000000
0 -6.58067942 55.53851318 -5.26868677 -0.80853933 0.55048919 0.20790820 0.00000000 0.00000000 1 4 1.000000000
phy
0 -16.48652267 48.77711868 -1.54029500 0.65325612 -0.05878667 -0.75485128 0.00000000 0.00000000 1 6 1.000000000
0 -8.13193703 50.42923355 2.28352690 0.37646705 0.67495292 -0.63459522 0.00000000 0.00000000 1 6 1.000000000
0 -17.06227493 50.62759018 1.19613302 0.68164515 0.62784654 -0.37572414 0.00000000 0.00000000 1 6 1.000000000
phy
0 -8.13193703 50.42923355 2.28352690 0.37646705 0.67495292 -0.63459522 0.00000000 0.00000000 1 6 1.000000000
0 -16.48652267 48.77711868 -1.54029500 0.65325612 -0.05878667 -0.75485128 0.00000000 0.00000000 1 6 1.000000000
0 -7.52482891 49.44292831 -0.95402730 0.03937436 0.13403481 -0.99019408 0.00000000 0.00000000 1 6 1.000000000
phy
0 -16.48652267 48.77711868 -1.54029500 0.65325612 -0.05878667 -0.75485128 0.00000000 0.00000000 1 6 1.000000000
0 -16.22665977 49.27006531 -3.25997686 -0.19743882 -0.31851450 -0.92712814 0.00000000 0.00000000 1 6 1.000000000
0 -7.52482891 49.44292831 -0.95402730 0.03937436 0.13403481 -0.99019408 0.00000000 0.00000000 1 6 1.000000000
phy
0 -17.13437271 51.44695663 1.32435668 0.86260897 0.19127658 0.46831521 0.00000000 0.00000000 1 6 1.000000000
0 -16.94170570 53.95039749 -0.73072380 0.17356040 -0.44935253 0.87633276 0.00000000 0.00000000 1 6 1.000000000
0 -16.48652267 48.77711868 -1.54029500 0.65325612 -0.05878667 -0.75485128 0.00000000 0.00000000 1 6 1.000000000
phy
0 -16.48652267 48.77711868 -1.54029500 0.65325612 -0.05878667 -0.75485128 0.00000000 0.00000000 1 6 1.000000000
0 -16.94170570 53.95039749 -0.73072380 0.17356040 -0.44935253 0.87633276 0.00000000 0.00000000 1 6 1.000000000
0 -16.33460045 52.96409607 -3.96827865 -0.32455438 -0.78733611 0.52418160 0.00000000 0.00000000 1 6 1.000000000
phy
0 -16.48652267 48.77711868 -1.54029500 0.65325612 -0.05878667 -0.75485128 0.00000000 0.00000000 1 6 1.000000000
0 -17.06227493 50.62759018 1.19613302 0.68164515 0.62784654 -0.37572414 0.00000000 0.00000000 1 6 1.000000000
0 -17.13437271 51.44695663 1.32435668 0.86260897 0.19127658 0.46831521 0.00000000 0.00000000 1 6 1.000000000
phy
0 -16.33460045 52.96409607 -3.96827865 -0.32455438 -0.78733611 0.52418160 0.00000000 0.00000000 1 6 1.000000000
0 -16.12537575 50.58619690 -4.34039879 -0.46036673 -0.79218435 -0.40063253 0.00000000 0.00000000 1 6 1.000000000
0 -16.48652267 48.77711868 -1.54029500 0.65325612 -0.05878667 -0.75485128 0.00000000 0.00000000 1 6 1.000000000
phy
0 -16.48652267 48.77711868 -1.54029500 0.65325612 -0.05878667 -0.75485128 0.00000000 0.00000000 1 6 1.000000000
0 -16.12537575 50.58619690 -4.34039879 -0.46036673 -0.79218435 -0.40063253 0.00000000 0.00000000 1 6 1.000000000
0 -16.22665977 49.27006531 -3.25997686 -0.19743882 -0.31851450 -0.92712814 0.00000000 0.00000000 1 6 1.000000000
phy
0 -8.23987198 54.12326431 1.57522607 0.17023370 0.30342603 0.93752503 0.00000000 0.00000000 1 6 1.000000000
0 -17.05696297 53.58032990 0.08723775 0.45071149 0.44696316 0.77271163 0.00000000 0.00000000 1 6 1.000000000
0 -8.34116459 52.80712509 2.65564585 0.23754184 0.89360589 0.38084430 0.00000000 0.00000000 1 6 1.000000000
phy
0 -8.23987198 54.12326431 1.57522607 0.17023370 0.30342603 0.93752503 0.00000000 0.00000000 1 6 1.000000000
0 -16.94170570 53.95039749 -0.73072380 0.17356040 -0.44935253 0.87633276 0.00000000 0.00000000 1 6 1.000000000
0 -17.05696297 53.58032990 0.08723775 0.45071149 0.44696316 0.77271163 0.00000000 0.00000000 1 6 1.000000000
phy
0 -17.05696297 53.58032990 0.08723775 0.45071149 0.44696316 0.77271163 0.00000000 0.00000000 1 6 1.000000000
0 -17.13437271 51.44695663 1.32435668 0.86260897 0.19127658 0.46831521 0.00000000 0.00000000 1 6 1.000000000
0 -8.34116459 52.80712509 2.65564585 0.23754184 0.89360589 0.38084430 0.00000000 0.00000000 1 6 1.000000000
phy
0 -17.05696297 53.58032990 0.08723775 0.45071149 0.44696316 0.77271163 0.00000000 0.00000000 1 6 1.000000000
0 -16.94170570 53.95039749 -0.73072380 0.17356040 -0.44935253 0.87633276 0.00000000 0.00000000 1 6 1.000000000
0 -17.13437271 51.44695663 1.32435668 0.86260897 0.19127658 0.46831521 0.00000000 0.00000000 1 6 1.000000000
phy
0 -7.40426159 52.76573563 -2.88088512 -0.66878301 -0.58723509 0.45594341 0.00000000 0.00000000 1 6 1.000000000
0 -7.82020092 54.47988129 -1.04166484 -0.45405221 -0.38277584 0.80456150 0.00000000 0.00000000 1 6 1.000000000
0 -7.33216476 51.94636917 -3.00910759 -0.80344230 -0.55919015 -0.20441853 0.00000000 0.00000000 1 6 1.000000000
phy
0 -7.33216476 51.94636917 -3.00910759 -0.80344230 -0.55919015 -0.20441853 0.00000000 0.00000000 1 6 1.000000000
0 -7.82020092 54.47988129 -1.04166484 -0.45405221 -0.38277584 0.80456150 0.00000000 0.00000000 1 6 1.000000000
0 -7.98001003 54.61621094 -0.14445519 -0.57843632 0.49622506 0.64743501 0.00000000 0.00000000 1 6 1.000000000
phy
0 -7.33216476 51.94636917 -3.00910759 -0.80344230 -0.55919015 -0.20441853 0.00000000 0.00000000 1 6 1.000000000
0 -7.98001003 54.61621094 -0.14445519 -0.57843632 0.49622506 0.64743501 0.00000000 0.00000000 1 6 1.000000000
0 -7.33496189 50.39402390 -2.42612767 -0.78951544 0.09173121 -0.60683662 0.00000000 0.00000000 1 6 1.000000000
phy
0 -7.33496189 50.39402390 -2.42612767 -0.78951544 0.09173121 -0.60683662 0.00000000 0.00000000 1 6 1.000000000
0 -7.98001003 54.61621094 -0.14445519 -0.57843632 0.49622506 0.64743501 0.00000000 0.00000000 1 6 1.000000000
0 -8.34116459 52.80712509 2.65564585 0.23754184 0.89360589 0.38084430 0.00000000 0.00000000 1 6 1.000000000
phy
0 -7.82020092 54.47988129 -1.04166484 -0.45405221 -0.38277584 0.80456150 0.00000000 0.00000000 1 6 1.000000000
0 -7.40426159 52.76573563 -2.88088512 -0.66878301 -0.58723509 0.45594341 0.00000000 0.00000000 1 6 1.000000000
0 -16.33460045 52.96409607 -3.96827865 -0.32455438 -0.78733611 0.52418160 0.00000000 0.00000000 1 6 1.000000000
phy
0 -7.82020092 54.47988129 -1.04166484 -0.45405221 -0.38277584 0.80456150 0.00000000 0.00000000 1 6 1.000000000
0 -16.94170570 53.95039749 -0.73072380 0.17356040 -0.44935253 0.87633276 0.00000000 0.00000000 1 6 1.000000000
0 -7.98001003 54.61621094 -0.14445519 -0.57843632 0.49622506 0.64743501 0.00000000 0.00000000 1 6 1.000000000
phy
0 -16.33460045 52.96409607 -3.96827865 -0.32455438 -0.78733611 0.52418160 0.00000000 0.00000000 1 6 1.000000000
0 -16.94170570 53.95039749 -0.73072380 0.17356040 -0.44935253 0.87633276 0.00000000 0.00000000 1 6 1.000000000
0 -7.82020092 54.47988129 -1.04166484 -0.45405221 -0.38277584 0.80456150 0.00000000 0.00000000 1 6 1.000000000
phy
0 -7.98001003 54.61621094 -0.14445519 -0.57843632 0.49622506 0.64743501 0.00000000 0.00000000 1 6 1.000000000
0 -16.94170570 53.95039749 -0.73072380 0.17356040 -0.44935253 0.87633276 0.00000000 0.00000000 1 6 1.000000000
0 -8.23987198 54.12326431 1.57522607 0.17023370 0.30342603 0.93752503 0.00000000 0.00000000 1 6 1.000000000
phy
0 -7.98001003 54.61621094 -0.14445519 -0.57843632 0.49622506 0.64743501 0.00000000 0.00000000 1 6 1.000000000
0 -8.23987198 54.12326431 1.57522607 0.17023370 0.30342603 0.93752503 0.00000000 0.00000000 1 6 1.000000000
0 -8.34116459 52.80712509 2.65564585 0.23754184 0.89360589 0.38084430 0.00000000 0.00000000 1 6 1.000000000
phy
0 -16.33460045 52.96409607 -3.96827865 -0.32455438 -0.78733611 0.52418160 0.00000000 0.00000000 1 6 1.000000000
0 -7.40426159 52.76573563 -2.88088512 -0.66878301 -0.58723509 0.45594341 0.00000000 0.00000000 1 6 1.000000000
0 -7.33216476 51.94636917 -3.00910759 -0.80344230 -0.55919015 -0.20441853 0.00000000 0.00000000 1 6 1.000000000
phy
0 -7.33216476 51.94636917 -3.00910759 -0.80344230 -0.55919015 -0.20441853 0.00000000 0.00000000 1 6 1.000000000
0 -16.12537575 50.58619690 -4.34039879 -0.46036673 -0.79218435 -0.40063253 0.00000000 0.00000000 1 6 1.000000000
0 -16.33460045 52.96409607 -3.96827865 -0.32455438 -0.78733611 0.52418160 0.00000000 0.00000000 1 6 1.000000000
phy
0 -7.33496189 50.39402390 -2.42612767 -0.78951544 0.09173121 -0.60683662 0.00000000 0.00000000 1 6 1.000000000
0 -16.12537575 50.58619690 -4.34039879 -0.46036673 -0.79218435 -0.40063253 0.00000000 0.00000000 1 6 1.000000000
0 -7.33216476 51.94636917 -3.00910759 -0.80344230 -0.55919015 -0.20441853 0.00000000 0.00000000 1 6 1.000000000
phy
0 -8.13193703 50.42923355 2.28352690 0.37646705 0.67495292 -0.63459522 0.00000000 0.00000000 1 6 1.000000000
0 -7.33496189 50.39402390 -2.42612767 -0.78951544 0.09173121 -0.60683662 0.00000000 0.00000000 1 6 1.000000000
0 -8.34116459 52.80712509 2.65564585 0.23754184 0.89360589 0.38084430 0.00000000 0.00000000 1 6 1.000000000
phy
0 -7.33496189 50.39402390 -2.42612767 -0.78951544 0.09173121 -0.60683662 0.00000000 0.00000000 1 6 1.000000000
0 -8.13193703 50.42923355 2.28352690 0.37646705 0.67495292 -0.63459522 0.00000000 0.00000000 1 6 1.000000000
0 -7.52482891 49.44292831 -0.95402730 0.03937436 0.13403481 -0.99019408 0.00000000 0.00000000 1 6 1.000000000
phy
0 -17.06227493 50.62759018 1.19613302 0.68164515 0.62784654 -0.37572414 0.00000000 0.00000000 1 6 1.000000000
0 -8.13193703 50.42923355 2.28352690 0.37646705 0.67495292 -0.63459522 0.00000000 0.00000000 1 6 1.000000000
0 -8.34116459 52.80712509 2.65564585 0.23754184 0.89360589 0.38084430 0.00000000 0.00000000 1 6 1.000000000
phy
0 -17.13437271 51.44695663 1.32435668 0.86260897 0.19127658 0.46831521 0.00000000 0.00000000 1 6 1.000000000
0 -17.06227493 50.62759018 1.19613302 0.68164515 0.62784654 -0.37572414 0.00000000 0.00000000 1 6 1.000000000
0 -8.34116459 52.80712509 2.65564585 0.23754184 0.89360589 0.38084430 0.00000000 0.00000000 1 6 1.000000000
phy
0 -16.22665977 49.27006531 -3.25997686 -0.19743882 -0.31851450 -0.92712814 0.00000000 0.00000000 1 6 1.000000000
0 -16.12537575 50.58619690 -4.34039879 -0.46036673 -0.79218435 -0.40063253 0.00000000 0.00000000 1 6 1.000000000
0 -7.33496189 50.39402390 -2.42612767 -0.78951544 0.09173121 -0.60683662 0.00000000 0.00000000 1 6 1.000000000
phy
0 -16.22665977 49.27006531 -3.25997686 -0.19743882 -0.31851450 -0.92712814 0.00000000 0.00000000 1 6 1.000000000
0 -7.33496189 50.39402390 -2.42612767 -0.78951544 0.09173121 -0.60683662 0.00000000 0.00000000 1 6 1.000000000
0 -7.52482891 49.44292831 -0.95402730 0.03937436 0.13403481 -0.99019408 0.00000000 0.00000000 1 6 1.000000000
phy
0 17.02106476 54.02622223 -0.74073684 -0.16715859 0.37377241 -0.91233331 0.00000000 0.00000000 1 26 1.000000000
0 16.55727768 53.63057709 -3.34453893 0.57809669 0.40892366 -0.70610595 0.00000000 0.00000000 1 26 1.000000000
0 8.05937004 54.69203186 -0.15446383 -0.35530433 -0.17378986 -0.91845310 0.00000000 0.00000000 1 26 1.000000000
phy
0 8.05937004 54.69203186 -0.15446383 -0.35530433 -0.17378986 -0.91845310 0.00000000 0.00000000 1 26 1.000000000
0 16.55727768 53.63057709 -3.34453893 0.57809669 0.40892366 -0.70610595 0.00000000 0.00000000 1 26 1.000000000
0 7.89956093 54.55570221 -1.05167270 -0.06220523 -0.63102239 -0.77326661 0.00000000 0.00000000 1 26 1.000000000
phy
0 16.55727768 53.63057709 -3.34453893 0.57809669 0.40892366 -0.70610595 0.00000000 0.00000000 1 26 1.000000000
0 16.41395378 53.03992081 -3.97829080 0.52124548 -0.57107306 -0.63417560 0.00000000 0.00000000 1 26 1.000000000
0 7.89956093 54.55570221 -1.05167270 -0.06220523 -0.63102239 -0.77326661 0.00000000 0.00000000 1 26 1.000000000
phy
0 7.89956093 54.55570221 -1.05167270 -0.06220523 -0.63102239 -0.77326661 0.00000000 0.00000000 1 26 1.000000000
0 16.41395378 53.03992081 -3.97829080 0.52124548 -0.57107306 -0.63417560 0.00000000 0.00000000 1 26 1.000000000
0 7.48361588 52.84155655 -2.89089370 0.30114028 -0.88590598 -0.35282469 0.00000000 0.00000000 1 26 1.000000000
phy
0 8.21129799 50.50505066 2.27351856 -0.71657443 0.47502747 0.51075435 0.00000000 0.00000000 1 26 1.000000000
0 8.05937004 54.69203186 -0.15446383 -0.35530433 -0.17378986 -0.91845310 0.00000000 0.00000000 1 26 1.000000000
0 8.06797504 49.91439819 1.63976753 -0.50778633 -0.29111147 0.81080645 0.00000000 0.00000000 1 26 1.000000000
phy
0 8.06797504 49.91439819 1.63976753 -0.50778633 -0.29111147 0.81080645 0.00000000 0.00000000 1 26 1.000000000
0 8.05937004 54.69203186 -0.15446383 -0.35530433 -0.17378986 -0.91845310 0.00000000 0.00000000 1 26 1.000000000
0 7.89956093 54.55570221 -1.05167270 -0.06220523 -0.63102239 -0.77326661 0.00000000 0.00000000 1 26 1.000000000
phy
0 7.41431808 50.46984482 -2.43613625 0.34357238 -0.86108416 0.37482274 0.00000000 0.00000000 1 26 1.000000000
0 8.06797504 49.91439819 1.63976753 -0.50778633 -0.29111147 0.81080645 0.00000000 0.00000000 1 26 1.000000000
0 7.48361588 52.84155655 -2.89089370 0.30114028 -0.88590598 -0.35282469 0.00000000 0.00000000 1 26 1.000000000
phy
0 7.48361588 52.84155655 -2.89089370 0.30114028 -0.88590598 -0.35282469 0.00000000 0.00000000 1 26 1.000000000
0 8.06797504 49.91439819 1.63976753 -0.50778633 -0.29111147 0.81080645 0.00000000 0.00000000 1 26 1.000000000
0 7.89956093 54.55570221 -1.05167270 -0.06220523 -0.63102239 -0.77326661 0.00000000 0.00000000 1 26 1.000000000
phy
0 8.21129799 50.50505066 2.27351856 -0.71657443 0.47502747 0.51075435 0.00000000 0.00000000 1 26 1.000000000
0 17.21372986 51.52278137 1.31434464 -0.27374905 0.90144050 0.33536026 0.00000000 0.00000000 1 26 1.000000000
0 8.42052269 52.88294601 2.64563751 -0.83115625 0.55436629 -0.04309712 0.00000000 0.00000000 1 26 1.000000000
phy
0 17.21372986 51.52278137 1.31434464 -0.27374905 0.90144050 0.33536026 0.00000000 0.00000000 1 26 1.000000000
0 17.23760796 52.34002304 1.15764594 -0.55622518 0.63884592 -0.53149736 0.00000000 0.00000000 1 26 1.000000000
0 8.42052269 52.88294601 2.64563751 -0.83115625 0.55436629 -0.04309712 0.00000000 0.00000000 1 26 1.000000000
phy
0 17.21372986 51.52278137 1.31434464 -0.27374905 0.90144050 0.33536026 0.00000000 0.00000000 1 26 1.000000000
0 17.02106476 54.02622223 -0.74073684 -0.16715859 0.37377241 -0.91233331 0.00000000 0.00000000 1 26 1.000000000
0 17.23760796 52.34002304 1.15764594 -0.55622518 0.63884592 -0.53149736 0.00000000 0.00000000 1 26 1.000000000
phy
0 17.21372986 51.52278137 1.31434464 -0.27374905 0.90144050 0.33536026 0.00000000 0.00000000 1 26 1.000000000
0 16.88505936 49.37147141 0.15177593 0.01491506 0.70649064 0.70756519 0.00000000 0.00000000 1 26 1.000000000
0 16.55727768 53.63057709 -3.34453893 0.57809669 0.40892366 -0.70610595 0.00000000 0.00000000 1 26 1.000000000
phy
0 16.55727768 53.63057709 -3.34453893 0.57809669 0.40892366 -0.70610595 0.00000000 0.00000000 1 26 1.000000000
0 17.02106476 54.02622223 -0.74073684 -0.16715859 0.37377241 -0.91233331 0.00000000 0.00000000 1 26 1.000000000
0 17.21372986 51.52278137 1.31434464 -0.27374905 0.90144050 0.33536026 0.00000000 0.00000000 1 26 1.000000000
phy
0 17.21372986 51.52278137 1.31434464 -0.27374905 0.90144050 0.33536026 0.00000000 0.00000000 1 26 1.000000000
0 8.21129799 50.50505066 2.27351856 -0.71657443 0.47502747 0.51075435 0.00000000 0.00000000 1 26 1.000000000
0 16.88505936 49.37147141 0.15177593 0.01491506 0.70649064 0.70756519 0.00000000 0.00000000 1 26 1.000000000
phy
0 16.56588173 48.85293961 -1.55030835 0.40572631 0.05019722 0.91261518 0.00000000 0.00000000 1 26 1.000000000
0 16.20472908 50.66202164 -4.35040998 0.75361812 -0.54179662 0.37217751 0.00000000 0.00000000 1 26 1.000000000
0 16.55727768 53.63057709 -3.34453893 0.57809669 0.40892366 -0.70610595 0.00000000 0.00000000 1 26 1.000000000
phy
0 16.55727768 53.63057709 -3.34453893 0.57809669 0.40892366 -0.70610595 0.00000000 0.00000000 1 26 1.000000000
0 16.20472908 50.66202164 -4.35040998 0.75361812 -0.54179662 0.37217751 0.00000000 0.00000000 1 26 1.000000000
0 16.41395378 53.03992081 -3.97829080 0.52124548 -0.57107306 -0.63417560 0.00000000 0.00000000 1 26 1.000000000
phy
0 16.55727768 53.63057709 -3.34453893 0.57809669 0.40892366 -0.70610595 0.00000000 0.00000000 1 26 1.000000000
0 16.88505936 49.37147141 0.15177593 0.01491506 0.70649064 0.70756519 0.00000000 0.00000000 1 26 1.000000000
0 16.56588173 48.85293961 -1.55030835 0.40572631 0.05019722 0.91261518 0.00000000 0.00000000 1 26 1.000000000
phy
0 17.23760796 52.34002304 1.15764594 -0.55622518 0.63884592 -0.53149736 0.00000000 0.00000000 1 26 1.000000000
0 8.31923294 54.19908524 1.56521761 -0.50856322 0.47305870 -0.71942961 0.00000000 0.00000000 1 26 1.000000000
0 8.42052269 52.88294601 2.64563751 -0.83115625 0.55436629 -0.04309712 0.00000000 0.00000000 1 26 1.000000000
phy
0 8.31923294 54.19908524 1.56521761 -0.50856322 0.47305870 -0.71942961 0.00000000 0.00000000 1 26 1.000000000
0 17.23760796 52.34002304 1.15764594 -0.55622518 0.63884592 -0.53149736 0.00000000 0.00000000 1 26 1.000000000
0 17.02106476 54.02622223 -0.74073684 -0.16715859 0.37377241 -0.91233331 0.00000000 0.00000000 1 26 1.000000000
phy
0 8.31923294 54.19908524 1.56521761 -0.50856322 0.47305870 -0.71942961 0.00000000 0.00000000 1 26 1.000000000
0 8.05937004 54.69203186 -0.15446383 -0.35530433 -0.17378986 -0.91845310 0.00000000 0.00000000 1 26 1.000000000
0 8.42052269 52.88294601 2.64563751 -0.83115625 0.55436629 -0.04309712 0.00000000 0.00000000 1 26 1.000000000
phy
0 8.05937004 54.69203186 -0.15446383 -0.35530433 -0.17378986 -0.91845310 0.00000000 0.00000000 1 26 1.000000000
0 8.31923294 54.19908524 1.56521761 -0.50856322 0.47305870 -0.71942961 0.00000000 0.00000000 1 26 1.000000000
0 17.02106476 54.02622223 -0.74073684 -0.16715859 0.37377241 -0.91233331 0.00000000 0.00000000 1 26 1.000000000
phy
0 8.05937004 54.69203186 -0.15446383 -0.35530433 -0.17378986 -0.91845310 0.00000000 0.00000000 1 26 1.000000000
0 8.21129799 50.50505066 2.27351856 -0.71657443 0.47502747 0.51075435 0.00000000 0.00000000 1 26 1.000000000
0 8.42052269 52.88294601 2.64563751 -0.83115625 0.55436629 -0.04309712 0.00000000 0.00000000 1 26 1.000000000
phy
0 8.06797504 49.91439819 1.63976753 -0.50778633 -0.29111147 0.81080645 0.00000000 0.00000000 1 26 1.000000000
0 16.88505936 49.37147141 0.15177593 0.01491506 0.70649064 0.70756519 0.00000000 0.00000000 1 26 1.000000000
0 8.21129799 50.50505066 2.27351856 -0.71657443 0.47502747 0.51075435 0.00000000 0.00000000 1 26 1.000000000
phy
0 16.41395378 53.03992081 -3.97829080 0.52124548 -0.57107306 -0.63417560 0.00000000 0.00000000 1 26 1.000000000
0 16.20472908 50.66202164 -4.35040998 0.75361812 -0.54179662 0.37217751 0.00000000 0.00000000 1 26 1.000000000
0 7.48361588 52.84155655 -2.89089370 0.30114028 -0.88590598 -0.35282469 0.00000000 0.00000000 1 26 1.000000000
phy
0 8.06797504 49.91439819 1.63976753 -0.50778633 -0.29111147 0.81080645 0.00000000 0.00000000 1 26 1.000000000
0 7.41431808 50.46984482 -2.43613625 0.34357238 -0.86108416 0.37482274 0.00000000 0.00000000 1 26 1.000000000
0 7.60418987 49.51874924 -0.96403462 0.30468097 -0.31834835 0.89767689 0.00000000 0.00000000 1 26 1.000000000
phy
0 7.48361588 52.84155655 -2.89089370 0.30114028 -0.88590598 -0.35282469 0.00000000 0.00000000 1 26 1.000000000
0 16.20472908 50.66202164 -4.35040998 0.75361812 -0.54179662 0.37217751 0.00000000 0.00000000 1 26 1.000000000
0 7.41431808 50.46984482 -2.43613625 0.34357238 -0.86108416 0.37482274 0.00000000 0.00000000 1 26 1.000000000
phy
0 16.20472908 50.66202164 -4.35040998 0.75361812 -0.54179662 0.37217751 0.00000000 0.00000000 1 26 1.000000000
0 7.60418987 49.51874924 -0.96403462 0.30468097 -0.31834835 0.89767689 0.00000000 0.00000000 1 26 1.000000000
0 7.41431808 50.46984482 -2.43613625 0.34357238 -0.86108416 0.37482274 0.00000000 0.00000000 1 26 1.000000000
phy
0 8.06797504 49.91439819 1.63976753 -0.50778633 -0.29111147 0.81080645 0.00000000 0.00000000 1 26 1.000000000
0 7.60418987 49.51874924 -0.96403462 0.30468097 -0.31834835 0.89767689 0.00000000 0.00000000 1 26 1.000000000
0 16.56588173 48.85293961 -1.55030835 0.40572631 0.05019722 0.91261518 0.00000000 0.00000000 1 26 1.000000000
phy
0 16.56588173 48.85293961 -1.55030835 0.40572631 0.05019722 0.91261518 0.00000000 0.00000000 1 26 1.000000000
0 16.88505936 49.37147141 0.15177593 0.01491506 0.70649064 0.70756519 0.00000000 0.00000000 1 26 1.000000000
0 8.06797504 49.91439819 1.63976753 -0.50778633 -0.29111147 0.81080645 0.00000000 0.00000000 1 26 1.000000000
phy
0 16.56588173 48.85293961 -1.55030835 0.40572631 0.05019722 0.91261518 0.00000000 0.00000000 1 26 1.000000000
0 7.60418987 49.51874924 -0.96403462 0.30468097 -0.31834835 0.89767689 0.00000000 0.00000000 1 26 1.000000000
0 16.20472908 50.66202164 -4.35040998 0.75361812 -0.54179662 0.37217751 0.00000000 0.00000000 1 26 1.000000000
phy
0 25.04757309 52.44025421 1.74044657 0.18836878 0.11857122 0.97491443 0.00000000 0.00000000 1 27 1.000000000
0 25.19500160 50.75304031 1.45109594 0.70025265 -0.22108182 0.67879975 0.00000000 0.00000000 1 27 1.000000000
0 25.08137703 53.47087097 1.15540159 0.07045436 0.85153687 0.51953936 0.00000000 0.00000000 1 27 1.000000000
phy
0 25.08137703 53.47087097 1.15540159 0.07045436 0.85153687 0.51953936 0.00000000 0.00000000 1 27 1.000000000
0 25.19500160 50.75304031 1.45109594 0.70025265 -0.22108182 0.67879975 0.00000000 0.00000000 1 27 1.000000000
0 25.45774078 50.12867737 0.06353528 0.84993827 -0.52301162 0.06374805 0.00000000 0.00000000 1 27 1.000000000
phy
0 25.08137703 53.47087097 1.15540159 0.07045436 0.85153687 0.51953936 0.00000000 0.00000000 1 27 1.000000000
0 25.45774078 50.12867737 0.06353528 0.84993827 -0.52301162 0.06374805 0.00000000 0.00000000 1 27 1.000000000
0 25.58836174 50.61360931 -0.91737527 0.49265009 -0.49454895 -0.71604282 0.00000000 0.00000000 1 27 1.000000000
phy
0 25.58836174 50.61360931 -0.91737527 0.49265009 -0.49454895 -0.71604282 0.00000000 0.00000000 1 27 1.000000000
0 25.61917686 51.08191681 -1.27828634 0.29536724 -0.08674910 -0.95143723 0.00000000 0.00000000 1 27 1.000000000
0 25.08137703 53.47087097 1.15540159 0.07045436 0.85153687 0.51953936 0.00000000 0.00000000 1 27 1.000000000
phy
0 25.08137703 53.47087097 1.15540159 0.07045436 0.85153687 0.51953936 0.00000000 0.00000000 1 27 1.000000000
0 25.61917686 51.08191681 -1.27828634 0.29536724 -0.08674910 -0.95143723 0.00000000 0.00000000 1 27 1.000000000
0 25.59702682 52.24549103 -1.56783640 -0.22353283 0.14561334 -0.96375823 0.00000000 0.00000000 1 27 1.000000000
phy
0 25.59702682 52.24549103 -1.56783640 -0.22353283 0.14561334 -0.96375823 0.00000000 0.00000000 1 27 1.000000000
0 25.47473335 53.33143616 -1.21306777 -0.50531060 0.57692599 -0.64173007 0.00000000 0.00000000 1 27 1.000000000
0 25.08137703 53.47087097 1.15540159 0.07045436 0.85153687 0.51953936 0.00000000 0.00000000 1 27 1.000000000
phy
0 25.47473335 53.33143616 -1.21306777 -0.50531060 0.57692599 -0.64173007 0.00000000 0.00000000 1 27 1.000000000
0 25.21199989 53.95579529 0.17449158 -0.66976410 0.74233937 0.01865927 0.00000000 0.00000000 1 27 1.000000000
0 25.08137703 53.47087097 1.15540159 0.07045436 0.85153687 0.51953936 0.00000000 0.00000000 1 27 1.000000000
phy
0 16.31007576 53.27416229 -0.74203825 -0.79608077 0.40407515 0.45053145 0.00000000 0.00000000 1 27 1.000000000
0 16.22363091 52.47739792 0.08123332 -0.06549329 0.25190958 0.96553200 0.00000000 0.00000000 1 27 1.000000000
0 25.08137703 53.47087097 1.15540159 0.07045436 0.85153687 0.51953936 0.00000000 0.00000000 1 27 1.000000000
phy
0 16.31007576 53.27416229 -0.74203825 -0.79608077 0.40407515 0.45053145 0.00000000 0.00000000 1 27 1.000000000
0 25.08137703 53.47087097 1.15540159 0.07045436 0.85153687 0.51953936 0.00000000 0.00000000 1 27 1.000000000
0 25.21199989 53.95579529 0.17449158 -0.66976410 0.74233937 0.01865927 0.00000000 0.00000000 1 27 1.000000000
phy
0 25.08137703 53.47087097 1.15540159 0.07045436 0.85153687 0.51953936 0.00000000 0.00000000 1 27 1.000000000
0 16.22363091 52.47739792 0.08123332 -0.06549329 0.25190958 0.96553200 0.00000000 0.00000000 1 27 1.000000000
0 25.04757309 52.44025421 1.74044657 0.18836878 0.11857122 0.97491443 0.00000000 0.00000000 1 27 1.000000000
phy
0 25.47473335 53.33143616 -1.21306777 -0.50531060 0.57692599 -0.64173007 0.00000000 0.00000000 1 27 1.000000000
0 25.59702682 52.24549103 -1.56783640 -0.22353283 0.14561334 -0.96375823 0.00000000 0.00000000 1 27 1.000000000
0 16.56262970 53.18464279 -2.26268911 -0.76733297 0.31042883 -0.56110078 0.00000000 0.00000000 1 27 1.000000000
phy
0 25.59702682 52.24549103 -1.56783640 -0.22353283 0.14561334 -0.96375823 0.00000000 0.00000000 1 27 1.000000000
0 16.79523087 51.11905670 -2.93750048 -0.08153805 -0.35294199 -0.93208563 0.00000000 0.00000000 1 27 1.000000000
0 16.56262970 53.18464279 -2.26268911 -0.76733297 0.31042883 -0.56110078 0.00000000 0.00000000 1 27 1.000000000
phy
0 16.79523087 51.11905670 -2.93750048 -0.08153805 -0.35294199 -0.93208563 0.00000000 0.00000000 1 27 1.000000000
0 25.59702682 52.24549103 -1.56783640 -0.22353283 0.14561334 -0.96375823 0.00000000 0.00000000 1 27 1.000000000
0 25.61917686 51.08191681 -1.27828634 0.29536724 -0.08674910 -0.95143723 0.00000000 0.00000000 1 27 1.000000000
phy
0 25.58836174 50.61360931 -0.91737527 0.49265009 -0.49454895 -0.71604282 0.00000000 0.00000000 1 27 1.000000000
0 16.79523087 51.11905670 -2.93750048 -0.08153805 -0.35294199 -0.93208563 0.00000000 0.00000000 1 27 1.000000000
0 25.61917686 51.08191681 -1.27828634 0.29536724 -0.08674910 -0.95143723 0.00000000 0.00000000 1 27 1.000000000
phy
0 16.79523087 51.11905670 -2.93750048 -0.08153805 -0.35294199 -0.93208563 0.00000000 0.00000000 1 27 1.000000000
0 25.58836174 50.61360931 -0.91737527 0.49265009 -0.49454895 -0.71604282 0.00000000 0.00000000 1 27 1.000000000
0 16.63080788 49.60351181 -1.37154305 0.27546629 -0.91534477 -0.29370433 0.00000000 0.00000000 1 27 1.000000000
phy
0 25.45774078 50.12867737 0.06353528 0.84993827 -0.52301162 0.06374805 0.00000000 0.00000000 1 27 1.000000000
0 16.63080788 49.60351181 -1.37154305 0.27546629 -0.91534477 -0.29370433 0.00000000 0.00000000 1 27 1.000000000
0 25.58836174 50.61360931 -0.91737527 0.49265009 -0.49454895 -0.71604282 0.00000000 0.00000000 1 27 1.000000000
phy
0 25.04757309 52.44025421 1.74044657 0.18836878 0.11857122 0.97491443 0.00000000 0.00000000 1 27 1.000000000
0 16.22363091 52.47739792 0.08123332 -0.06549329 0.25190958 0.96553200 0.00000000 0.00000000 1 27 1.000000000
0 16.36807060 50.22787094 0.01601481 0.43671185 -0.40101928 0.80527401 0.00000000 0.00000000 1 27 1.000000000
phy
0 16.36807060 50.22787094 0.01601481 0.43671185 -0.40101928 0.80527401 0.00000000 0.00000000 1 27 1.000000000
0 25.19500160 50.75304031 1.45109594 0.70025265 -0.22108182 0.67879975 0.00000000 0.00000000 1 27 1.000000000
0 25.04757309 52.44025421 1.74044657 0.18836878 0.11857122 0.97491443 0.00000000 0.00000000 1 27 1.000000000
phy
0 16.36807060 50.22787094 0.01601481 0.43671185 -0.40101928 0.80527401 0.00000000 0.00000000 1 27 1.000000000
0 16.31007576 53.27416229 -0.74203825 -0.79608077 0.40407515 0.45053145 0.00000000 0.00000000 1 27 1.000000000
0 16.63080788 49.60351181 -1.37154305 0.27546629 -0.91534477 -0.29370433 0.00000000 0.00000000 1 27 1.000000000
phy
0 16.63080788 49.60351181 -1.37154305 0.27546629 -0.91534477 -0.29370433 0.00000000 0.00000000 1 27 1.000000000
0 16.31007576 53.27416229 -0.74203825 -0.79608077 0.40407515 0.45053145 0.00000000 0.00000000 1 27 1.000000000
0 16.56262970 53.18464279 -2.26268911 -0.76733297 0.31042883 -0.56110078 0.00000000 0.00000000 1 27 1.000000000
phy
0 16.31007576 53.27416229 -0.74203825 -0.79608077 0.40407515 0.45053145 0.00000000 0.00000000 1 27 1.000000000
0 16.36807060 50.22787094 0.01601481 0.43671185 -0.40101928 0.80527401 0.00000000 0.00000000 1 27 1.000000000
0 16.22363091 52.47739792 0.08123332 -0.06549329 0.25190958 0.96553200 0.00000000 0.00000000 1 27 1.000000000
phy
0 16.31007576 53.27416229 -0.74203825 -0.79608077 0.40407515 0.45053145 0.00000000 0.00000000 1 27 1.000000000
0 25.21199989 53.95579529 0.17449158 -0.66976410 0.74233937 0.01865927 0.00000000 0.00000000 1 27 1.000000000
0 16.56262970 53.18464279 -2.26268911 -0.76733297 0.31042883 -0.56110078 0.00000000 0.00000000 1 27 1.000000000
phy
0 16.36807060 50.22787094 0.01601481 0.43671185 -0.40101928 0.80527401 0.00000000 0.00000000 1 27 1.000000000
0 16.63080788 49.60351181 -1.37154305 0.27546629 -0.91534477 -0.29370433 0.00000000 0.00000000 1 27 1.000000000
0 25.45774078 50.12867737 0.06353528 0.84993827 -0.52301162 0.06374805 0.00000000 0.00000000 1 27 1.000000000
phy
0 25.45774078 50.12867737 0.06353528 0.84993827 -0.52301162 0.06374805 0.00000000 0.00000000 1 27 1.000000000
0 25.19500160 50.75304031 1.45109594 0.70025265 -0.22108182 0.67879975 0.00000000 0.00000000 1 27 1.000000000
0 16.36807060 50.22787094 0.01601481 0.43671185 -0.40101928 0.80527401 0.00000000 0.00000000 1 27 1.000000000
phy
0 25.21199989 53.95579529 0.17449158 -0.66976410 0.74233937 0.01865927 0.00000000 0.00000000 1 27 1.000000000
0 25.47473335 53.33143616 -1.21306777 -0.50531060 0.57692599 -0.64173007 0.00000000 0.00000000 1 27 1.000000000
0 16.56262970 53.18464279 -2.26268911 -0.76733297 0.31042883 -0.56110078 0.00000000 0.00000000 1 27 1.000000000
phy
0 16.79523087 51.11905670 -2.93750048 -0.08153805 -0.35294199 -0.93208563 0.00000000 0.00000000 1 27 1.000000000
0 16.63080788 49.60351181 -1.37154305 0.27546629 -0.91534477 -0.29370433 0.00000000 0.00000000 1 27 1.000000000
0 16.56262970 53.18464279 -2.26268911 -0.76733297 0.31042883 -0.56110078 0.00000000 0.00000000 1 27 1.000000000
phy
0 25.36314964 51.85927200 4.75712109 0.69334072 0.02032725 -0.72032326 0.00000000 0.00000000 1 28 1.000000000
0 24.85601234 49.61523056 -1.63076890 0.58657604 0.70353651 -0.40120444 0.00000000 0.00000000 1 28 1.000000000
0 32.56660080 51.57003403 4.28684521 0.98736984 0.14487363 -0.06412791 0.00000000 0.00000000 1 28 1.000000000
phy
0 32.56660080 51.57003403 4.28684521 0.98736984 0.14487363 -0.06412791 0.00000000 0.00000000 1 28 1.000000000
0 24.85601234 49.61523056 -1.63076890 0.58657604 0.70353651 -0.40120444 0.00000000 0.00000000 1 28 1.000000000
0 32.05946350 49.32599640 -2.10104394 0.63798326 0.69730234 0.32672146 0.00000000 0.00000000 1 28 1.000000000
phy
0 32.56660080 51.57003403 4.28684521 0.98736984 0.14487363 -0.06412791 0.00000000 0.00000000 1 28 1.000000000
0 25.40428734 54.26076889 3.91021991 -0.65364558 -0.75187367 0.08621720 0.00000000 0.00000000 1 28 1.000000000
0 25.36314964 51.85927200 4.75712109 0.69334072 0.02032725 -0.72032326 0.00000000 0.00000000 1 28 1.000000000
phy
0 32.56660080 51.57003403 4.28684521 0.98736984 0.14487363 -0.06412791 0.00000000 0.00000000 1 28 1.000000000
0 32.60773468 53.97153091 3.43994451 -0.41105959 -0.53375798 0.73900777 0.00000000 0.00000000 1 28 1.000000000
0 25.40428734 54.26076889 3.91021991 -0.65364558 -0.75187367 0.08621720 0.00000000 0.00000000 1 28 1.000000000
phy
0 32.05946350 49.32599640 -2.10104394 0.63798326 0.69730234 0.32672146 0.00000000 0.00000000 1 28 1.000000000
0 32.60773468 53.97153091 3.43994451 -0.41105959 -0.53375798 0.73900777 0.00000000 0.00000000 1 28 1.000000000
0 32.56660080 51.57003403 4.28684521 0.98736984 0.14487363 -0.06412791 0.00000000 0.00000000 1 28 1.000000000
phy
0 25.36314964 51.85927200 4.75712109 0.69334072 0.02032725 -0.72032326 0.00000000 0.00000000 1 28 1.000000000
0 25.40428734 54.26076889 3.91021991 -0.65364558 -0.75187367 0.08621720 0.00000000 0.00000000 1 28 1.000000000
0 24.89714813 52.01672745 -2.47766972 -0.92026436 -0.18387036 -0.34540594 0.00000000 0.00000000 1 28 1.000000000
phy
0 25.36314964 51.85927200 4.75712109 0.69334072 0.02032725 -0.72032326 0.00000000 0.00000000 1 28 1.000000000
0 24.89714813 52.01672745 -2.47766972 -0.92026436 -0.18387036 -0.34540594 0.00000000 0.00000000 1 28 1.000000000
0 24.85601234 49.61523056 -1.63076890 0.58657604 0.70353651 -0.40120444 0.00000000 0.00000000 1 28 1.000000000
phy
0 32.10060120 51.72748947 -2.94794512 -0.92030025 -0.09653667 0.37911510 0.00000000 0.00000000 1 28 1.000000000
0 32.05946350 49.32599640 -2.10104394 0.63798326 0.69730234 0.32672146 0.00000000 0.00000000 1 28 1.000000000
0 24.85601234 49.61523056 -1.63076890 0.58657604 0.70353651 -0.40120444 0.00000000 0.00000000 1 28 1.000000000
phy
0 32.10060120 51.72748947 -2.94794512 -0.92030025 -0.09653667 0.37911510 0.00000000 0.00000000 1 28 1.000000000
0 32.60773468 53.97153091 3.43994451 -0.41105959 -0.53375798 0.73900777 0.00000000 0.00000000 1 28 1.000000000
0 32.05946350 49.32599640 -2.10104394 0.63798326 0.69730234 0.32672146 0.00000000 0.00000000 1 28 1.000000000
phy
0 24.89714813 52.01672745 -2.47766972 -0.92026436 -0.18387036 -0.34540594 0.00000000 0.00000000 1 28 1.000000000
0 25.40428734 54.26076889 3.91021991 -0.65364558 -0.75187367 0.08621720 0.00000000 0.00000000 1 28 1.000000000
0 32.10060120 51.72748947 -2.94794512 -0.92030025 -0.09653667 0.37911510 0.00000000 0.00000000 1 28 1.000000000
phy
0 32.10060120 51.72748947 -2.94794512 -0.92030025 -0.09653667 0.37911510 0.00000000 0.00000000 1 28 1.000000000
0 25.40428734 54.26076889 3.91021991 -0.65364558 -0.75187367 0.08621720 0.00000000 0.00000000 1 28 1.000000000
0 32.60773468 53.97153091 3.43994451 -0.41105959 -0.53375798 0.73900777 0.00000000 0.00000000 1 28 1.000000000
phy
0 24.89714813 52.01672745 -2.47766972 -0.92026436 -0.18387036 -0.34540594 0.00000000 0.00000000 1 28 1.000000000
0 32.10060120 51.72748947 -2.94794512 -0.92030025 -0.09653667 0.37911510 0.00000000 0.00000000 1 28 1.000000000
0 24.85601234 49.61523056 -1.63076890 0.58657604 0.70353651 -0.40120444 0.00000000 0.00000000 1 28 1.000000000
phy
0 -16.36486626 53.41191864 -1.25616229 0.26586756 0.56149226 0.78360760 0.00000000 0.00000000 1 7 1.000000000
0 -16.20342636 52.45869064 0.08565927 0.34154522 0.93928456 0.03303729 0.00000000 0.00000000 1 7 1.000000000
0 -16.54242134 53.16593552 -2.25826430 -0.48546320 -0.06727492 0.87166476 0.00000000 0.00000000 1 7 1.000000000
phy
0 -16.36486626 53.41191864 -1.25616229 0.26586756 0.56149226 0.78360760 0.00000000 0.00000000 1 7 1.000000000
0 -16.54242134 53.16593552 -2.25826430 -0.48546320 -0.06727492 0.87166476 0.00000000 0.00000000 1 7 1.000000000
0 -25.19179916 53.93709183 0.17890471 -0.05047921 0.11657783 0.99189788 0.00000000 0.00000000 1 7 1.000000000
phy
0 -16.20342636 52.45869064 0.08565927 0.34154522 0.93928456 0.03303729 0.00000000 0.00000000 1 7 1.000000000
0 -16.36486626 53.41191864 -1.25616229 0.26586756 0.56149226 0.78360760 0.00000000 0.00000000 1 7 1.000000000
0 -25.06117058 53.45215988 1.15981567 0.60441941 0.56409067 0.56256455 0.00000000 0.00000000 1 7 1.000000000
phy
0 -25.19179916 53.93709183 0.17890471 -0.05047921 0.11657783 0.99189788 0.00000000 0.00000000 1 7 1.000000000
0 -25.06117058 53.45215988 1.15981567 0.60441941 0.56409067 0.56256455 0.00000000 0.00000000 1 7 1.000000000
0 -16.36486626 53.41191864 -1.25616229 0.26586756 0.56149226 0.78360760 0.00000000 0.00000000 1 7 1.000000000
phy
0 -25.52602005 52.80815887 -1.46371937 -0.41697514 -0.72535992 0.54770857 0.00000000 0.00000000 1 7 1.000000000
0 -25.06117058 53.45215988 1.15981567 0.60441941 0.56409067 0.56256455 0.00000000 0.00000000 1 7 1.000000000
0 -25.19179916 53.93709183 0.17890471 -0.05047921 0.11657783 0.99189788 0.00000000 0.00000000 1 7 1.000000000
phy
0 -25.52602005 52.80815887 -1.46371937 -0.41697514 -0.72535992 0.54770857 0.00000000 0.00000000 1 7 1.000000000
0 -25.02737427 52.42155075 1.74486113 0.83240199 0.51665843 -0.20042682 0.00000000 0.00000000 1 7 1.000000000
0 -25.06117058 53.45215988 1.15981567 0.60441941 0.56409067 0.56256455 0.00000000 0.00000000 1 7 1.000000000
phy
0 -25.02737427 52.42155075 1.74486113 0.83240199 0.51665843 -0.20042682 0.00000000 0.00000000 1 7 1.000000000
0 -16.34786797 50.20916748 0.02044186 0.58133644 0.53065491 -0.61680901 0.00000000 0.00000000 1 7 1.000000000
0 -16.20342636 52.45869064 0.08565927 0.34154522 0.93928456 0.03303729 0.00000000 0.00000000 1 7 1.000000000
phy
0 -16.34786797 50.20916748 0.02044186 0.58133644 0.53065491 -0.61680901 0.00000000 0.00000000 1 7 1.000000000
0 -25.02737427 52.42155075 1.74486113 0.83240199 0.51665843 -0.20042682 0.00000000 0.00000000 1 7 1.000000000
0 -25.17479897 50.73433685 1.45550931 0.60826749 0.01076033 -0.79365915 0.00000000 0.00000000 1 7 1.000000000
phy
0 -25.52602005 52.80815887 -1.46371937 -0.41697514 -0.72535992 0.54770857 0.00000000 0.00000000 1 7 1.000000000
0 -25.17479897 50.73433685 1.45550931 0.60826749 0.01076033 -0.79365915 0.00000000 0.00000000 1 7 1.000000000
0 -25.02737427 52.42155075 1.74486113 0.83240199 0.51665843 -0.20042682 0.00000000 0.00000000 1 7 1.000000000
phy
0 -25.02737427 52.42155075 1.74486113 0.83240199 0.51665843 -0.20042682 0.00000000 0.00000000 1 7 1.000000000
0 -16.20342636 52.45869064 0.08565927 0.34154522 0.93928456 0.03303729 0.00000000 0.00000000 1 7 1.000000000
0 -25.06117058 53.45215988 1.15981567 0.60441941 0.56409067 0.56256455 0.00000000 0.00000000 1 7 1.000000000
phy
0 -16.20342636 52.45869064 0.08565927 0.34154522 0.93928456 0.03303729 0.00000000 0.00000000 1 7 1.000000000
0 -16.34786797 50.20916748 0.02044186 0.58133644 0.53065491 -0.61680901 0.00000000 0.00000000 1 7 1.000000000
0 -16.61060143 49.58480453 -1.36711740 -0.21849300 -0.22073419 -0.95054579 0.00000000 0.00000000 1 7 1.000000000
phy
0 -16.61060143 49.58480453 -1.36711740 -0.21849300 -0.22073419 -0.95054579 0.00000000 0.00000000 1 7 1.000000000
0 -16.34786797 50.20916748 0.02044186 0.58133644 0.53065491 -0.61680901 0.00000000 0.00000000 1 7 1.000000000
0 -25.17479897 50.73433685 1.45550931 0.60826749 0.01076033 -0.79365915 0.00000000 0.00000000 1 7 1.000000000
phy
0 -16.77203751 50.53804016 -2.70893955 -0.79171228 -0.57390535 -0.20934273 0.00000000 0.00000000 1 7 1.000000000
0 -25.52602005 52.80815887 -1.46371937 -0.41697514 -0.72535992 0.54770857 0.00000000 0.00000000 1 7 1.000000000
0 -16.74988556 51.70161819 -2.99849010 -0.87474287 -0.32731941 0.35733306 0.00000000 0.00000000 1 7 1.000000000
phy
0 -16.77203751 50.53804016 -2.70893955 -0.79171228 -0.57390535 -0.20934273 0.00000000 0.00000000 1 7 1.000000000
0 -25.56815720 50.59490204 -0.91296118 -0.56516898 -0.74499029 -0.35436344 0.00000000 0.00000000 1 7 1.000000000
0 -25.52602005 52.80815887 -1.46371937 -0.41697514 -0.72535992 0.54770857 0.00000000 0.00000000 1 7 1.000000000
phy
0 -16.20342636 52.45869064 0.08565927 0.34154522 0.93928456 0.03303729 0.00000000 0.00000000 1 7 1.000000000
0 -16.77203751 50.53804016 -2.70893955 -0.79171228 -0.57390535 -0.20934273 0.00000000 0.00000000 1 7 1.000000000
0 -16.74988556 51.70161819 -2.99849010 -0.87474287 -0.32731941 0.35733306 0.00000000 0.00000000 1 7 1.000000000
phy
0 -16.77203751 50.53804016 -2.70893955 -0.79171228 -0.57390535 -0.20934273 0.00000000 0.00000000 1 7 1.000000000
0 -16.20342636 52.45869064 0.08565927 0.34154522 0.93928456 0.03303729 0.00000000 0.00000000 1 7 1.000000000
0 -16.61060143 49.58480453 -1.36711740 -0.21849300 -0.22073419 -0.95054579 0.00000000 0.00000000 1 7 1.000000000
phy
0 -16.77203751 50.53804016 -2.70893955 -0.79171228 -0.57390535 -0.20934273 0.00000000 0.00000000 1 7 1.000000000
0 -16.61060143 49.58480453 -1.36711740 -0.21849300 -0.22073419 -0.95054579 0.00000000 0.00000000 1 7 1.000000000
0 -25.56815720 50.59490204 -0.91296118 -0.56516898 -0.74499029 -0.35436344 0.00000000 0.00000000 1 7 1.000000000
phy
0 -25.56815720 50.59490204 -0.91296118 -0.56516898 -0.74499029 -0.35436344 0.00000000 0.00000000 1 7 1.000000000
0 -25.43753242 50.10997391 0.06795079 0.18448527 -0.48597157 -0.85428154 0.00000000 0.00000000 1 7 1.000000000
0 -25.52602005 52.80815887 -1.46371937 -0.41697514 -0.72535992 0.54770857 0.00000000 0.00000000 1 7 1.000000000
phy
0 -25.43753242 50.10997391 0.06795079 0.18448527 -0.48597157 -0.85428154 0.00000000 0.00000000 1 7 1.000000000
0 -25.17479897 50.73433685 1.45550931 0.60826749 0.01076033 -0.79365915 0.00000000 0.00000000 1 7 1.000000000
0 -25.52602005 52.80815887 -1.46371937 -0.41697514 -0.72535992 0.54770857 0.00000000 0.00000000 1 7 1.000000000
phy
0 -25.43753242 50.10997391 0.06795079 0.18448527 -0.48597157 -0.85428154 0.00000000 0.00000000 1 7 1.000000000
0 -25.56815720 50.59490204 -0.91296118 -0.56516898 -0.74499029 -0.35436344 0.00000000 0.00000000 1 7 1.000000000
0 -16.61060143 49.58480453 -1.36711740 -0.21849300 -0.22073419 -0.95054579 0.00000000 0.00000000 1 7 1.000000000
phy
0 -25.43753242 50.10997391 0.06795079 0.18448527 -0.48597157 -0.85428154 0.00000000 0.00000000 1 7 1.000000000
0 -16.61060143 49.58480453 -1.36711740 -0.21849300 -0.22073419 -0.95054579 0.00000000 0.00000000 1 7 1.000000000
0 -25.17479897 50.73433685 1.45550931 0.60826749 0.01076033 -0.79365915 0.00000000 0.00000000 1 7 1.000000000
phy
0 -16.20342636 52.45869064 0.08565927 0.34154522 0.93928456 0.03303729 0.00000000 0.00000000 1 7 1.000000000
0 -16.74988556 51.70161819 -2.99849010 -0.87474287 -0.32731941 0.35733306 0.00000000 0.00000000 1 7 1.000000000
0 -16.54242134 53.16593552 -2.25826430 -0.48546320 -0.06727492 0.87166476 0.00000000 0.00000000 1 7 1.000000000
phy
0 -25.19179916 53.93709183 0.17890471 -0.05047921 0.11657783 0.99189788 0.00000000 0.00000000 1 7 1.000000000
0 -16.54242134 53.16593552 -2.25826430 -0.48546320 -0.06727492 0.87166476 0.00000000 0.00000000 1 7 1.000000000
0 -25.52602005 52.80815887 -1.46371937 -0.41697514 -0.72535992 0.54770857 0.00000000 0.00000000 1 7 1.000000000
phy
0 -25.52602005 52.80815887 -1.46371937 -0.41697514 -0.72535992 0.54770857 0.00000000 0.00000000 1 7 1.000000000
0 -16.54242134 53.16593552 -2.25826430 -0.48546320 -0.06727492 0.87166476 0.00000000 0.00000000 1 7 1.000000000
0 -16.74988556 51.70161819 -2.99849010 -0.87474287 -0.32731941 0.35733306 0.00000000 0.00000000 1 7 1.000000000
phy
0 -32.21459198 49.47800827 -2.14053988 -0.70380348 0.32985342 -0.62917215 0.00000000 0.00000000 1 8 1.000000000
0 -32.24240112 51.87826538 -2.99149060 0.18898660 -0.95044410 -0.24686050 0.00000000 0.00000000 1 8 1.000000000
0 -25.00876808 49.72397232 -1.68219459 -0.87134260 0.44896609 -0.19796862 0.00000000 0.00000000 1 8 1.000000000
phy
0 -32.24240112 51.87826538 -2.99149060 0.18898660 -0.95044410 -0.24686050 0.00000000 0.00000000 1 8 1.000000000
0 -25.03657150 52.12422562 -2.53314543 0.35268992 -0.69888210 0.62223279 0.00000000 0.00000000 1 8 1.000000000
0 -25.00876808 49.72397232 -1.68219459 -0.87134260 0.44896609 -0.19796862 0.00000000 0.00000000 1 8 1.000000000
phy
0 -32.24240112 51.87826538 -2.99149060 0.18898660 -0.95044410 -0.24686050 0.00000000 0.00000000 1 8 1.000000000
0 -32.21459198 49.47800827 -2.14053988 -0.70380348 0.32985342 -0.62917215 0.00000000 0.00000000 1 8 1.000000000
0 -32.69779205 51.73598862 4.24429131 -0.35268992 0.69888210 -0.62223279 0.00000000 0.00000000 1 8 1.000000000
phy
0 -32.24240112 51.87826538 -2.99149060 0.18898660 -0.95044410 -0.24686050 0.00000000 0.00000000 1 8 1.000000000
0 -32.69779205 51.73598862 4.24429131 -0.35268992 0.69888210 -0.62223279 0.00000000 0.00000000 1 8 1.000000000
0 -32.72559738 54.13624573 3.39334083 0.87134260 -0.44896609 0.19796862 0.00000000 0.00000000 1 8 1.000000000
phy
0 -32.24240112 51.87826538 -2.99149060 0.18898660 -0.95044410 -0.24686050 0.00000000 0.00000000 1 8 1.000000000
0 -32.72559738 54.13624573 3.39334083 0.87134260 -0.44896609 0.19796862 0.00000000 0.00000000 1 8 1.000000000
0 -25.03657150 52.12422562 -2.53314543 0.35268992 -0.69888210 0.62223279 0.00000000 0.00000000 1 8 1.000000000
phy
0 -32.72559738 54.13624573 3.39334083 0.87134260 -0.44896609 0.19796862 0.00000000 0.00000000 1 8 1.000000000
0 -25.51976967 54.38220978 3.85168672 0.70380348 -0.32985342 0.62917215 0.00000000 0.00000000 1 8 1.000000000
0 -25.03657150 52.12422562 -2.53314543 0.35268992 -0.69888210 0.62223279 0.00000000 0.00000000 1 8 1.000000000
phy
0 -32.21459198 49.47800827 -2.14053988 -0.70380348 0.32985342 -0.62917215 0.00000000 0.00000000 1 8 1.000000000
0 -25.00876808 49.72397232 -1.68219459 -0.87134260 0.44896609 -0.19796862 0.00000000 0.00000000 1 8 1.000000000
0 -32.69779205 51.73598862 4.24429131 -0.35268992 0.69888210 -0.62223279 0.00000000 0.00000000 1 8 1.000000000
phy
0 -32.69779205 51.73598862 4.24429131 -0.35268992 0.69888210 -0.62223279 0.00000000 0.00000000 1 8 1.000000000
0 -25.00876808 49.72397232 -1.68219459 -0.87134260 0.44896609 -0.19796862 0.00000000 0.00000000 1 8 1.000000000
0 -25.49196625 51.98195267 4.70263672 -0.18898660 0.95044410 0.24686050 0.00000000 0.00000000 1 8 1.000000000
phy
0 -25.49196625 51.98195267 4.70263672 -0.18898660 0.95044410 0.24686050 0.00000000 0.00000000 1 8 1.000000000
0 -25.00876808 49.72397232 -1.68219459 -0.87134260 0.44896609 -0.19796862 0.00000000 0.00000000 1 8 1.000000000
0 -25.03657150 52.12422562 -2.53314543 0.35268992 -0.69888210 0.62223279 0.00000000 0.00000000 1 8 1.000000000
phy
0 -25.51976967 54.38220978 3.85168672 0.70380348 -0.32985342 0.62917215 0.00000000 0.00000000 1 8 1.000000000
0 -25.49196625 51.98195267 4.70263672 -0.18898660 0.95044410 0.24686050 0.00000000 0.00000000 1 8 1.000000000
0 -25.03657150 52.12422562 -2.53314543 0.35268992 -0.69888210 0.62223279 0.00000000 0.00000000 1 8 1.000000000
phy
0 -25.49196625 51.98195267 4.70263672 -0.18898660 0.95044410 0.24686050 0.00000000 0.00000000 1 8 1.000000000
0 -25.51976967 54.38220978 3.85168672 0.70380348 -0.32985342 0.62917215 0.00000000 0.00000000 1 8 1.000000000
0 -32.72559738 54.13624573 3.39334083 0.87134260 -0.44896609 0.19796862 0.00000000 0.00000000 1 8 1.000000000
phy
0 -25.49196625 51.98195267 4.70263672 -0.18898660 0.95044410 0.24686050 0.00000000 0.00000000 1 8 1.000000000
0 -32.72559738 54.13624573 3.39334083 0.87134260 -0.44896609 0.19796862 0.00000000 0.00000000 1 8 1.000000000
0 -32.69779205 51.73598862 4.24429131 -0.35268992 0.69888210 -0.62223279 0.00000000 0.00000000 1 8 1.000000000
phy
0 -9.68245029 11.30467796 4.26864433 -0.59047955 -0.39377508 -0.70446807 0.00000000 0.00000000 1 57 1.000000000
0 -7.04913092 10.67120934 -1.02642846 -0.48148805 0.87083459 -0.09907748 0.00000000 0.00000000 1 57 1.000000000
0 -4.48047686 10.27403831 -1.02689219 -0.03565526 0.86696023 -0.49710020 0.00000000 0.00000000 1 57 1.000000000
phy
0 -9.68245029 11.30467796 4.26864433 -0.59047955 -0.39377508 -0.70446807 0.00000000 0.00000000 1 57 1.000000000
0 -4.48047686 10.27403831 -1.02689219 -0.03565526 0.86696023 -0.49710020 0.00000000 0.00000000 1 57 1.000000000
0 -1.58213794 9.99669361 2.96875024 0.81782323 0.19249199 -0.54232085 0.00000000 0.00000000 1 57 1.000000000
phy
0 -9.68245029 11.30467796 4.26864433 -0.59047955 -0.39377508 -0.70446807 0.00000000 0.00000000 1 57 1.000000000
0 -1.58213794 9.99669361 2.96875024 0.81782323 0.19249199 -0.54232085 0.00000000 0.00000000 1 57 1.000000000
0 -2.35951877 10.22245884 5.43865681 0.87342495 -0.26703709 -0.40721026 0.00000000 0.00000000 1 57 1.000000000
phy
0 -2.39226985 10.01639557 0.49912989 0.82233381 0.56777889 0.03734136 0.00000000 0.00000000 1 57 1.000000000
0 -1.58213794 9.99669361 2.96875024 0.81782323 0.19249199 -0.54232085 0.00000000 0.00000000 1 57 1.000000000
0 -3.31791043 10.11978912 -0.43027842 0.41697323 0.90809876 0.03859949 0.00000000 0.00000000 1 57 1.000000000
phy
0 -3.31791043 10.11978912 -0.43027842 0.41697323 0.90809876 0.03859949 0.00000000 0.00000000 1 57 1.000000000
0 -1.58213794 9.99669361 2.96875024 0.81782323 0.19249199 -0.54232085 0.00000000 0.00000000 1 57 1.000000000
0 -4.48047686 10.27403831 -1.02689219 -0.03565526 0.86696023 -0.49710020 0.00000000 0.00000000 1 57 1.000000000
phy
0 -2.25019765 24.69886017 -1.64342177 0.27058461 0.95459962 0.12459395 0.00000000 0.00000000 1 57 1.000000000
0 -3.31791043 10.11978912 -0.43027842 0.41697323 0.90809876 0.03859949 0.00000000 0.00000000 1 57 1.000000000
0 -4.48047686 10.27403831 -1.02689219 -0.03565526 0.86696023 -0.49710020 0.00000000 0.00000000 1 57 1.000000000
phy
0 -2.39226985 10.01639557 0.49912989 0.82233381 0.56777889 0.03734136 0.00000000 0.00000000 1 57 1.000000000
0 -3.31791043 10.11978912 -0.43027842 0.41697323 0.90809876 0.03859949 0.00000000 0.00000000 1 57 1.000000000
0 -0.16199175 24.44121933 -0.11739957 0.50986135 0.51938623 0.68576908 0.00000000 0.00000000 1 57 1.000000000
phy
0 -3.31791043 10.11978912 -0.43027842 0.41697323 0.90809876 0.03859949 0.00000000 0.00000000 1 57 1.000000000
0 -2.25019765 24.69886017 -1.64342177 0.27058461 0.95459962 0.12459395 0.00000000 0.00000000 1 57 1.000000000
0 -0.16199175 24.44121933 -0.11739957 0.50986135 0.51938623 0.68576908 0.00000000 0.00000000 1 57 1.000000000
phy
0 -2.35951877 10.22245884 5.43865681 0.87342495 -0.26703709 -0.40721026 0.00000000 0.00000000 1 57 1.000000000
0 -5.71044588 10.81461334 7.17131233 0.12555698 -0.95294940 -0.27590373 0.00000000 0.00000000 1 57 1.000000000
0 -9.68245029 11.30467796 4.26864433 -0.59047955 -0.39377508 -0.70446807 0.00000000 0.00000000 1 57 1.000000000
phy
0 -5.71044588 10.81461334 7.17131233 0.12555698 -0.95294940 -0.27590373 0.00000000 0.00000000 1 57 1.000000000
0 -2.35951877 10.22245884 5.43865681 0.87342495 -0.26703709 -0.40721026 0.00000000 0.00000000 1 57 1.000000000
0 -3.27283239 10.40340614 6.36839676 0.61942869 -0.77716666 -0.11099563 0.00000000 0.00000000 1 57 1.000000000
phy
0 -3.48016834 25.23943138 6.55478287 0.04028390 -0.99042702 0.13202897 0.00000000 0.00000000 1 57 1.000000000
0 -5.92842484 25.58368683 5.75274897 -0.40963268 -0.90728152 0.09508674 0.00000000 0.00000000 1 57 1.000000000
0 -5.71044588 10.81461334 7.17131233 0.12555698 -0.95294940 -0.27590373 0.00000000 0.00000000 1 57 1.000000000
phy
0 -5.71044588 10.81461334 7.17131233 0.12555698 -0.95294940 -0.27590373 0.00000000 0.00000000 1 57 1.000000000
0 -5.92842484 25.58368683 5.75274897 -0.40963268 -0.90728152 0.09508674 0.00000000 0.00000000 1 57 1.000000000
0 -8.15870285 11.15886879 6.36927748 -0.41746727 -0.89702654 -0.14513595 0.00000000 0.00000000 1 57 1.000000000
phy
0 -9.68245029 11.30467796 4.26864433 -0.59047955 -0.39377508 -0.70446807 0.00000000 0.00000000 1 57 1.000000000
0 -5.71044588 10.81461334 7.17131233 0.12555698 -0.95294940 -0.27590373 0.00000000 0.00000000 1 57 1.000000000
0 -8.15870285 11.15886879 6.36927748 -0.41746727 -0.89702654 -0.14513595 0.00000000 0.00000000 1 57 1.000000000
phy
0 -5.71044588 10.81461334 7.17131233 0.12555698 -0.95294940 -0.27590373 0.00000000 0.00000000 1 57 1.000000000
0 -2.19720483 25.03226852 6.34889936 0.48902404 -0.87137401 -0.03953344 0.00000000 0.00000000 1 57 1.000000000
0 -3.48016834 25.23943138 6.55478287 0.04028390 -0.99042702 0.13202897 0.00000000 0.00000000 1 57 1.000000000
phy
0 -5.71044588 10.81461334 7.17131233 0.12555698 -0.95294940 -0.27590373 0.00000000 0.00000000 1 57 1.000000000
0 -3.27283239 10.40340614 6.36839676 0.61942869 -0.77716666 -0.11099563 0.00000000 0.00000000 1 57 1.000000000
0 -2.19720483 25.03226852 6.34889936 0.48902404 -0.87137401 -0.03953344 0.00000000 0.00000000 1 57 1.000000000
phy
0 -9.68245029 11.30467796 4.26864433 -0.59047955 -0.39377508 -0.70446807 0.00000000 0.00000000 1 57 1.000000000
0 -7.45217133 25.72949791 3.65211558 -0.54328024 -0.50331354 0.67195386 0.00000000 0.00000000 1 57 1.000000000
0 -7.66419840 25.70678520 2.35372019 -0.93042505 -0.14765421 0.33542126 0.00000000 0.00000000 1 57 1.000000000
phy
0 -9.68245029 11.30467796 4.26864433 -0.59047955 -0.39377508 -0.70446807 0.00000000 0.00000000 1 57 1.000000000
0 -5.92842484 25.58368683 5.75274897 -0.40963268 -0.90728152 0.09508674 0.00000000 0.00000000 1 57 1.000000000
0 -7.45217133 25.72949791 3.65211558 -0.54328024 -0.50331354 0.67195386 0.00000000 0.00000000 1 57 1.000000000
phy
0 -7.45217133 25.72949791 3.65211558 -0.54328024 -0.50331354 0.67195386 0.00000000 0.00000000 1 57 1.000000000
0 0.45333141 24.50713348 3.65068960 0.81206930 -0.22882636 0.53682584 0.00000000 0.00000000 1 57 1.000000000
0 -0.16199175 24.44121933 -0.11739957 0.50986135 0.51938623 0.68576908 0.00000000 0.00000000 1 57 1.000000000
phy
0 -5.92842484 25.58368683 5.75274897 -0.40963268 -0.90728152 0.09508674 0.00000000 0.00000000 1 57 1.000000000
0 0.45333141 24.50713348 3.65068960 0.81206930 -0.22882636 0.53682584 0.00000000 0.00000000 1 57 1.000000000
0 -7.45217133 25.72949791 3.65211558 -0.54328024 -0.50331354 0.67195386 0.00000000 0.00000000 1 57 1.000000000
phy
0 -7.45217133 25.72949791 3.65211558 -0.54328024 -0.50331354 0.67195386 0.00000000 0.00000000 1 57 1.000000000
0 -0.16199175 24.44121933 -0.11739957 0.50986135 0.51938623 0.68576908 0.00000000 0.00000000 1 57 1.000000000
0 -7.66419840 25.70678520 2.35372019 -0.93042505 -0.14765421 0.33542126 0.00000000 0.00000000 1 57 1.000000000
phy
0 -7.66419840 25.70678520 2.35372019 -0.93042505 -0.14765421 0.33542126 0.00000000 0.00000000 1 57 1.000000000
0 -6.88681698 25.48102379 -0.11618580 -0.94801617 0.17658335 0.26473325 0.00000000 0.00000000 1 57 1.000000000
0 -9.89447689 11.28196621 2.97024989 -0.99966109 0.02443251 -0.00899245 0.00000000 0.00000000 1 57 1.000000000
phy
0 -6.88681698 25.48102379 -0.11618580 -0.94801617 0.17658335 0.26473325 0.00000000 0.00000000 1 57 1.000000000
0 -9.11709499 11.05620098 0.50034386 -0.89035267 0.45265988 -0.04869544 0.00000000 0.00000000 1 57 1.000000000
0 -9.89447689 11.28196621 2.97024989 -0.99966109 0.02443251 -0.00899245 0.00000000 0.00000000 1 57 1.000000000
phy
0 -9.11709499 11.05620098 0.50034386 -0.89035267 0.45265988 -0.04869544 0.00000000 0.00000000 1 57 1.000000000
0 -6.88681698 25.48102379 -0.11618580 -0.94801617 0.17658335 0.26473325 0.00000000 0.00000000 1 57 1.000000000
0 -5.97350311 25.30007744 -1.04592621 -0.66098189 0.71765828 0.21924795 0.00000000 0.00000000 1 57 1.000000000
phy
0 -7.66419840 25.70678520 2.35372019 -0.93042505 -0.14765421 0.33542126 0.00000000 0.00000000 1 57 1.000000000
0 -0.16199175 24.44121933 -0.11739957 0.50986135 0.51938623 0.68576908 0.00000000 0.00000000 1 57 1.000000000
0 -6.88681698 25.48102379 -0.11618580 -0.94801617 0.17658335 0.26473325 0.00000000 0.00000000 1 57 1.000000000
phy
0 -0.16199175 24.44121933 -0.11739957 0.50986135 0.51938623 0.68576908 0.00000000 0.00000000 1 57 1.000000000
0 -5.97350311 25.30007744 -1.04592621 -0.66098189 0.71765828 0.21924795 0.00000000 0.00000000 1 57 1.000000000
0 -6.88681698 25.48102379 -0.11618580 -0.94801617 0.17658335 0.26473325 0.00000000 0.00000000 1 57 1.000000000
phy
0 0.64813995 24.42151833 2.35222173 0.91387379 0.40248716 0.05328088 0.00000000 0.00000000 1 57 1.000000000
0 -1.58213794 9.99669361 2.96875024 0.81782323 0.19249199 -0.54232085 0.00000000 0.00000000 1 57 1.000000000
0 -2.39226985 10.01639557 0.49912989 0.82233381 0.56777889 0.03734136 0.00000000 0.00000000 1 57 1.000000000
phy
0 -2.39226985 10.01639557 0.49912989 0.82233381 0.56777889 0.03734136 0.00000000 0.00000000 1 57 1.000000000
0 -0.16199175 24.44121933 -0.11739957 0.50986135 0.51938623 0.68576908 0.00000000 0.00000000 1 57 1.000000000
0 0.64813995 24.42151833 2.35222173 0.91387379 0.40248716 0.05328088 0.00000000 0.00000000 1 57 1.000000000
phy
0 0.64813995 24.42151833 2.35222173 0.91387379 0.40248716 0.05328088 0.00000000 0.00000000 1 57 1.000000000
0 0.45333141 24.50713348 3.65068960 0.81206930 -0.22882636 0.53682584 0.00000000 0.00000000 1 57 1.000000000
0 -1.58213794 9.99669361 2.96875024 0.81782323 0.19249199 -0.54232085 0.00000000 0.00000000 1 57 1.000000000
phy
0 -0.16199175 24.44121933 -0.11739957 0.50986135 0.51938623 0.68576908 0.00000000 0.00000000 1 57 1.000000000
0 0.45333141 24.50713348 3.65068960 0.81206930 -0.22882636 0.53682584 0.00000000 0.00000000 1 57 1.000000000
0 0.64813995 24.42151833 2.35222173 0.91387379 0.40248716 0.05328088 0.00000000 0.00000000 1 57 1.000000000
phy
0 -1.04255474 24.82822609 5.75186777 0.83179408 -0.55408740 -0.03325417 0.00000000 0.00000000 1 57 1.000000000
0 -3.27283239 10.40340614 6.36839676 0.61942869 -0.77716666 -0.11099563 0.00000000 0.00000000 1 57 1.000000000
0 -2.35951877 10.22245884 5.43865681 0.87342495 -0.26703709 -0.40721026 0.00000000 0.00000000 1 57 1.000000000
phy
0 -2.35951877 10.22245884 5.43865681 0.87342495 -0.26703709 -0.40721026 0.00000000 0.00000000 1 57 1.000000000
0 0.45333141 24.50713348 3.65068960 0.81206930 -0.22882636 0.53682584 0.00000000 0.00000000 1 57 1.000000000
0 -1.04255474 24.82822609 5.75186777 0.83179408 -0.55408740 -0.03325417 0.00000000 0.00000000 1 57 1.000000000
phy
0 -1.58213794 9.99669361 2.96875024 0.81782323 0.19249199 -0.54232085 0.00000000 0.00000000 1 57 1.000000000
0 0.45333141 24.50713348 3.65068960 0.81206930 -0.22882636 0.53682584 0.00000000 0.00000000 1 57 1.000000000
0 -2.35951877 10.22245884 5.43865681 0.87342495 -0.26703709 -0.40721026 0.00000000 0.00000000 1 57 1.000000000
phy
0 -3.53588939 24.88886452 -1.84884202 -0.28501451 0.93955374 0.18975104 0.00000000 0.00000000 1 57 1.000000000
0 -0.16199175 24.44121933 -0.11739957 0.50986135 0.51938623 0.68576908 0.00000000 0.00000000 1 57 1.000000000
0 -2.25019765 24.69886017 -1.64342177 0.27058461 0.95459962 0.12459395 0.00000000 0.00000000 1 57 1.000000000
phy
0 -3.53588939 24.88886452 -1.84884202 -0.28501451 0.93955374 0.18975104 0.00000000 0.00000000 1 57 1.000000000
0 -2.25019765 24.69886017 -1.64342177 0.27058461 0.95459962 0.12459395 0.00000000 0.00000000 1 57 1.000000000
0 -4.48047686 10.27403831 -1.02689219 -0.03565526 0.86696023 -0.49710020 0.00000000 0.00000000 1 57 1.000000000
phy
0 -2.19720483 25.03226852 6.34889936 0.48902404 -0.87137401 -0.03953344 0.00000000 0.00000000 1 57 1.000000000
0 0.45333141 24.50713348 3.65068960 0.81206930 -0.22882636 0.53682584 0.00000000 0.00000000 1 57 1.000000000
0 -3.48016834 25.23943138 6.55478287 0.04028390 -0.99042702 0.13202897 0.00000000 0.00000000 1 57 1.000000000
phy
0 -3.48016834 25.23943138 6.55478287 0.04028390 -0.99042702 0.13202897 0.00000000 0.00000000 1 57 1.000000000
0 0.45333141 24.50713348 3.65068960 0.81206930 -0.22882636 0.53682584 0.00000000 0.00000000 1 57 1.000000000
0 -5.92842484 25.58368683 5.75274897 -0.40963268 -0.90728152 0.09508674 0.00000000 0.00000000 1 57 1.000000000
phy
0 -2.19720483 25.03226852 6.34889936 0.48902404 -0.87137401 -0.03953344 0.00000000 0.00000000 1 57 1.000000000
0 -3.27283239 10.40340614 6.36839676 0.61942869 -0.77716666 -0.11099563 0.00000000 0.00000000 1 57 1.000000000
0 -1.04255474 24.82822609 5.75186777 0.83179408 -0.55408740 -0.03325417 0.00000000 0.00000000 1 57 1.000000000
phy
0 -1.04255474 24.82822609 5.75186777 0.83179408 -0.55408740 -0.03325417 0.00000000 0.00000000 1 57 1.000000000
0 0.45333141 24.50713348 3.65068960 0.81206930 -0.22882636 0.53682584 0.00000000 0.00000000 1 57 1.000000000
0 -2.19720483 25.03226852 6.34889936 0.48902404 -0.87137401 -0.03953344 0.00000000 0.00000000 1 57 1.000000000
phy
0 -9.11709499 11.05620098 0.50034386 -0.89035267 0.45265988 -0.04869544 0.00000000 0.00000000 1 57 1.000000000
0 -9.68245029 11.30467796 4.26864433 -0.59047955 -0.39377508 -0.70446807 0.00000000 0.00000000 1 57 1.000000000
0 -9.89447689 11.28196621 2.97024989 -0.99966109 0.02443251 -0.00899245 0.00000000 0.00000000 1 57 1.000000000
phy
0 -7.04913092 10.67120934 -1.02642846 -0.48148805 0.87083459 -0.09907748 0.00000000 0.00000000 1 57 1.000000000
0 -9.68245029 11.30467796 4.26864433 -0.59047955 -0.39377508 -0.70446807 0.00000000 0.00000000 1 57 1.000000000
0 -9.11709499 11.05620098 0.50034386 -0.89035267 0.45265988 -0.04869544 0.00000000 0.00000000 1 57 1.000000000
phy
0 -9.68245029 11.30467796 4.26864433 -0.59047955 -0.39377508 -0.70446807 0.00000000 0.00000000 1 57 1.000000000
0 -7.66419840 25.70678520 2.35372019 -0.93042505 -0.14765421 0.33542126 0.00000000 0.00000000 1 57 1.000000000
0 -9.89447689 11.28196621 2.97024989 -0.99966109 0.02443251 -0.00899245 0.00000000 0.00000000 1 57 1.000000000
phy
0 -8.15870285 11.15886879 6.36927748 -0.41746727 -0.89702654 -0.14513595 0.00000000 0.00000000 1 57 1.000000000
0 -5.92842484 25.58368683 5.75274897 -0.40963268 -0.90728152 0.09508674 0.00000000 0.00000000 1 57 1.000000000
0 -9.68245029 11.30467796 4.26864433 -0.59047955 -0.39377508 -0.70446807 0.00000000 0.00000000 1 57 1.000000000
phy
0 -3.53588939 24.88886452 -1.84884202 -0.28501451 0.93955374 0.18975104 0.00000000 0.00000000 1 57 1.000000000
0 -7.04913092 10.67120934 -1.02642846 -0.48148805 0.87083459 -0.09907748 0.00000000 0.00000000 1 57 1.000000000
0 -5.97350311 25.30007744 -1.04592621 -0.66098189 0.71765828 0.21924795 0.00000000 0.00000000 1 57 1.000000000
phy
0 -7.04913092 10.67120934 -1.02642846 -0.48148805 0.87083459 -0.09907748 0.00000000 0.00000000 1 57 1.000000000
0 -3.53588939 24.88886452 -1.84884202 -0.28501451 0.93955374 0.18975104 0.00000000 0.00000000 1 57 1.000000000
0 -4.48047686 10.27403831 -1.02689219 -0.03565526 0.86696023 -0.49710020 0.00000000 0.00000000 1 57 1.000000000
phy
0 -3.53588939 24.88886452 -1.84884202 -0.28501451 0.93955374 0.18975104 0.00000000 0.00000000 1 57 1.000000000
0 -5.97350311 25.30007744 -1.04592621 -0.66098189 0.71765828 0.21924795 0.00000000 0.00000000 1 57 1.000000000
0 -0.16199175 24.44121933 -0.11739957 0.50986135 0.51938623 0.68576908 0.00000000 0.00000000 1 57 1.000000000
phy
0 -7.04913092 10.67120934 -1.02642846 -0.48148805 0.87083459 -0.09907748 0.00000000 0.00000000 1 57 1.000000000
0 -9.11709499 11.05620098 0.50034386 -0.89035267 0.45265988 -0.04869544 0.00000000 0.00000000 1 57 1.000000000
0 -5.97350311 25.30007744 -1.04592621 -0.66098189 0.71765828 0.21924795 0.00000000 0.00000000 1 57 1.000000000
phy
0 -5.85231733 14.21970940 3.85635495 0.02324092 -0.19883889 0.97975659 0.00000000 0.00000000 1 58 1.000000000
0 -6.71633768 2.96176052 -0.22386581 0.06088145 -0.36777827 0.92791849 0.00000000 0.00000000 1 58 1.000000000
0 -4.22736263 2.68031764 0.71822405 0.50458801 0.27706310 0.81769621 0.00000000 0.00000000 1 58 1.000000000
phy
0 -4.22736263 2.68031764 0.71822405 0.50458801 0.27706310 0.81769621 0.00000000 0.00000000 1 58 1.000000000
0 -4.07175827 14.09377861 4.23757648 -0.36329967 0.33576390 0.86906612 0.00000000 0.00000000 1 58 1.000000000
0 -5.85231733 14.21970940 3.85635495 0.02324092 -0.19883889 0.97975659 0.00000000 0.00000000 1 58 1.000000000
phy
0 -2.38901138 14.24421787 3.55128288 0.03803140 0.84338540 0.53596151 0.00000000 0.00000000 1 58 1.000000000
0 -4.22736263 2.68031764 0.71822405 0.50458801 0.27706310 0.81769621 0.00000000 0.00000000 1 58 1.000000000
0 -1.94950509 2.99549246 -0.64376158 0.11651541 0.94247681 0.31330734 0.00000000 0.00000000 1 58 1.000000000
phy
0 -2.38901138 14.24421787 3.55128288 0.03803140 0.84338540 0.53596151 0.00000000 0.00000000 1 58 1.000000000
0 -4.07175827 14.09377861 4.23757648 -0.36329967 0.33576390 0.86906612 0.00000000 0.00000000 1 58 1.000000000
0 -4.22736263 2.68031764 0.71822405 0.50458801 0.27706310 0.81769621 0.00000000 0.00000000 1 58 1.000000000
phy
0 -4.22736263 2.68031764 0.71822405 0.50458801 0.27706310 0.81769621 0.00000000 0.00000000 1 58 1.000000000
0 -4.73951721 4.12747526 -4.87134027 0.30795068 -0.47144470 -0.82638150 0.00000000 0.00000000 1 58 1.000000000
0 -2.95895743 4.00154209 -4.49011850 0.21442296 0.03674362 -0.97604954 0.00000000 0.00000000 1 58 1.000000000
phy
0 -7.01737452 3.81234956 -3.50933790 0.17934529 -0.92718554 -0.32888019 0.00000000 0.00000000 1 58 1.000000000
0 -4.73951721 4.12747526 -4.87134027 0.30795068 -0.47144470 -0.82638150 0.00000000 0.00000000 1 58 1.000000000
0 -4.22736263 2.68031764 0.71822405 0.50458801 0.27706310 0.81769621 0.00000000 0.00000000 1 58 1.000000000
phy
0 -4.22736263 2.68031764 0.71822405 0.50458801 0.27706310 0.81769621 0.00000000 0.00000000 1 58 1.000000000
0 -6.71633768 2.96176052 -0.22386581 0.06088145 -0.36777827 0.92791849 0.00000000 0.00000000 1 58 1.000000000
0 -7.20618153 3.16050315 -0.96610355 0.12774782 -0.93201357 0.33916262 0.00000000 0.00000000 1 58 1.000000000
phy
0 -7.20618153 3.16050315 -0.96610355 0.12774782 -0.93201357 0.33916262 0.00000000 0.00000000 1 58 1.000000000
0 -7.01737452 3.81234956 -3.50933790 0.17934529 -0.92718554 -0.32888019 0.00000000 0.00000000 1 58 1.000000000
0 -4.22736263 2.68031764 0.71822405 0.50458801 0.27706310 0.81769621 0.00000000 0.00000000 1 58 1.000000000
phy
0 -2.95895743 4.00154209 -4.49011850 0.21442296 0.03674362 -0.97604954 0.00000000 0.00000000 1 58 1.000000000
0 -2.25054169 3.84608150 -3.92923355 0.16311276 0.65950930 -0.73378593 0.00000000 0.00000000 1 58 1.000000000
0 -4.22736263 2.68031764 0.71822405 0.50458801 0.27706310 0.81769621 0.00000000 0.00000000 1 58 1.000000000
phy
0 -4.22736263 2.68031764 0.71822405 0.50458801 0.27706310 0.81769621 0.00000000 0.00000000 1 58 1.000000000
0 -2.25054169 3.84608150 -3.92923355 0.16311276 0.65950930 -0.73378593 0.00000000 0.00000000 1 58 1.000000000
0 -1.53737569 3.42476821 -2.33606005 0.27639747 0.89945579 -0.33850238 0.00000000 0.00000000 1 58 1.000000000
phy
0 -1.53737569 3.42476821 -2.33606005 0.27639747 0.89945579 -0.33850238 0.00000000 0.00000000 1 58 1.000000000
0 -1.94950509 2.99549246 -0.64376158 0.11651541 0.94247681 0.31330734 0.00000000 0.00000000 1 58 1.000000000
0 -4.22736263 2.68031764 0.71822405 0.50458801 0.27706310 0.81769621 0.00000000 0.00000000 1 58 1.000000000
phy
0 -7.05057812 14.57391548 2.55323315 -0.66344225 -0.55210638 0.50499803 0.00000000 0.00000000 1 58 1.000000000
0 -6.71633768 2.96176052 -0.22386581 0.06088145 -0.36777827 0.92791849 0.00000000 0.00000000 1 58 1.000000000
0 -5.85231733 14.21970940 3.85635495 0.02324092 -0.19883889 0.97975659 0.00000000 0.00000000 1 58 1.000000000
phy
0 -7.05057812 14.57391548 2.55323315 -0.66344225 -0.55210638 0.50499803 0.00000000 0.00000000 1 58 1.000000000
0 -5.85231733 14.21970940 3.85635495 0.02324092 -0.19883889 0.97975659 0.00000000 0.00000000 1 58 1.000000000
0 -4.07175827 14.09377861 4.23757648 -0.36329967 0.33576390 0.86906612 0.00000000 0.00000000 1 58 1.000000000
phy
0 -4.58391237 15.54088688 -1.35200226 -0.31953961 -0.11278278 -0.94083714 0.00000000 0.00000000 1 58 1.000000000
0 -2.95895743 4.00154209 -4.49011850 0.21442296 0.03674362 -0.97604954 0.00000000 0.00000000 1 58 1.000000000
0 -4.73951721 4.12747526 -4.87134027 0.30795068 -0.47144470 -0.82638150 0.00000000 0.00000000 1 58 1.000000000
phy
0 -2.80335259 15.41495228 -0.97078168 -0.38199261 0.39677384 -0.83465695 0.00000000 0.00000000 1 58 1.000000000
0 -2.95895743 4.00154209 -4.49011850 0.21442296 0.03674362 -0.97604954 0.00000000 0.00000000 1 58 1.000000000
0 -4.58391237 15.54088688 -1.35200226 -0.31953961 -0.11278278 -0.94083714 0.00000000 0.00000000 1 58 1.000000000
phy
0 -2.95895743 4.00154209 -4.49011850 0.21442296 0.03674362 -0.97604954 0.00000000 0.00000000 1 58 1.000000000
0 -2.80335259 15.41495228 -0.97078168 -0.38199261 0.39677384 -0.83465695 0.00000000 0.00000000 1 58 1.000000000
0 -2.25054169 3.84608150 -3.92923355 0.16311276 0.65950930 -0.73378593 0.00000000 0.00000000 1 58 1.000000000
phy
0 -7.20618153 3.16050315 -0.96610355 0.12774782 -0.93201357 0.33916262 0.00000000 0.00000000 1 58 1.000000000
0 -6.71633768 2.96176052 -0.22386581 0.06088145 -0.36777827 0.92791849 0.00000000 0.00000000 1 58 1.000000000
0 -7.05057812 14.57391548 2.55323315 -0.66344225 -0.55210638 0.50499803 0.00000000 0.00000000 1 58 1.000000000
phy
0 -7.05057812 14.57391548 2.55323315 -0.66344225 -0.55210638 0.50499803 0.00000000 0.00000000 1 58 1.000000000
0 -7.20884275 15.02109623 0.82595861 -0.14056104 -0.99007112 -0.00132177 0.00000000 0.00000000 1 58 1.000000000
0 -7.20618153 3.16050315 -0.96610355 0.12774782 -0.93201357 0.33916262 0.00000000 0.00000000 1 58 1.000000000
phy
0 -7.20618153 3.16050315 -0.96610355 0.12774782 -0.93201357 0.33916262 0.00000000 0.00000000 1 58 1.000000000
0 -7.20884275 15.02109623 0.82595861 -0.14056104 -0.99007112 -0.00132177 0.00000000 0.00000000 1 58 1.000000000
0 -7.01737452 3.81234956 -3.50933790 0.17934529 -0.92718554 -0.32888019 0.00000000 0.00000000 1 58 1.000000000
phy
0 -4.58391237 15.54088688 -1.35200226 -0.31953961 -0.11278278 -0.94083714 0.00000000 0.00000000 1 58 1.000000000
0 -7.20884275 15.02109623 0.82595861 -0.14056104 -0.99007112 -0.00132177 0.00000000 0.00000000 1 58 1.000000000
0 -7.05057812 14.57391548 2.55323315 -0.66344225 -0.55210638 0.50499803 0.00000000 0.00000000 1 58 1.000000000
phy
0 -4.58391237 15.54088688 -1.35200226 -0.31953961 -0.11278278 -0.94083714 0.00000000 0.00000000 1 58 1.000000000
0 -7.05057812 14.57391548 2.55323315 -0.66344225 -0.55210638 0.50499803 0.00000000 0.00000000 1 58 1.000000000
0 -2.80335259 15.41495228 -0.97078168 -0.38199261 0.39677384 -0.83465695 0.00000000 0.00000000 1 58 1.000000000
phy
0 -2.80335259 15.41495228 -0.97078168 -0.38199261 0.39677384 -0.83465695 0.00000000 0.00000000 1 58 1.000000000
0 -7.05057812 14.57391548 2.55323315 -0.66344225 -0.55210638 0.50499803 0.00000000 0.00000000 1 58 1.000000000
0 -1.38177156 14.83817768 1.18327773 -0.29279944 0.90004331 -0.32278559 0.00000000 0.00000000 1 58 1.000000000
phy
0 -4.07175827 14.09377861 4.23757648 -0.36329967 0.33576390 0.86906612 0.00000000 0.00000000 1 58 1.000000000
0 -2.38901138 14.24421787 3.55128288 0.03803140 0.84338540 0.53596151 0.00000000 0.00000000 1 58 1.000000000
0 -1.38177156 14.83817768 1.18327773 -0.29279944 0.90004331 -0.32278559 0.00000000 0.00000000 1 58 1.000000000
phy
0 -4.07175827 14.09377861 4.23757648 -0.36329967 0.33576390 0.86906612 0.00000000 0.00000000 1 58 1.000000000
0 -1.38177156 14.83817768 1.18327773 -0.29279944 0.90004331 -0.32278559 0.00000000 0.00000000 1 58 1.000000000
0 -7.05057812 14.57391548 2.55323315 -0.66344225 -0.55210638 0.50499803 0.00000000 0.00000000 1 58 1.000000000
phy
0 -2.25054169 3.84608150 -3.92923355 0.16311276 0.65950930 -0.73378593 0.00000000 0.00000000 1 58 1.000000000
0 -2.80335259 15.41495228 -0.97078168 -0.38199261 0.39677384 -0.83465695 0.00000000 0.00000000 1 58 1.000000000
0 -1.38177156 14.83817768 1.18327773 -0.29279944 0.90004331 -0.32278559 0.00000000 0.00000000 1 58 1.000000000
phy
0 -1.53737569 3.42476821 -2.33606005 0.27639747 0.89945579 -0.33850238 0.00000000 0.00000000 1 58 1.000000000
0 -2.25054169 3.84608150 -3.92923355 0.16311276 0.65950930 -0.73378593 0.00000000 0.00000000 1 58 1.000000000
0 -1.38177156 14.83817768 1.18327773 -0.29279944 0.90004331 -0.32278559 0.00000000 0.00000000 1 58 1.000000000
phy
0 -1.53737569 3.42476821 -2.33606005 0.27639747 0.89945579 -0.33850238 0.00000000 0.00000000 1 58 1.000000000
0 -1.38177156 14.83817768 1.18327773 -0.29279944 0.90004331 -0.32278559 0.00000000 0.00000000 1 58 1.000000000
0 -1.94950509 2.99549246 -0.64376158 0.11651541 0.94247681 0.31330734 0.00000000 0.00000000 1 58 1.000000000
phy
0 -5.48176432 15.49903107 -1.13502240 -0.10091350 -0.77980185 -0.61783940 0.00000000 0.00000000 1 58 1.000000000
0 -4.58391237 15.54088688 -1.35200226 -0.31953961 -0.11278278 -0.94083714 0.00000000 0.00000000 1 58 1.000000000
0 -4.73951721 4.12747526 -4.87134027 0.30795068 -0.47144470 -0.82638150 0.00000000 0.00000000 1 58 1.000000000
phy
0 -5.48176432 15.49903107 -1.13502240 -0.10091350 -0.77980185 -0.61783940 0.00000000 0.00000000 1 58 1.000000000
0 -4.73951721 4.12747526 -4.87134027 0.30795068 -0.47144470 -0.82638150 0.00000000 0.00000000 1 58 1.000000000
0 -7.01737452 3.81234956 -3.50933790 0.17934529 -0.92718554 -0.32888019 0.00000000 0.00000000 1 58 1.000000000
phy
0 -4.58391237 15.54088688 -1.35200226 -0.31953961 -0.11278278 -0.94083714 0.00000000 0.00000000 1 58 1.000000000
0 -5.48176432 15.49903107 -1.13502240 -0.10091350 -0.77980185 -0.61783940 0.00000000 0.00000000 1 58 1.000000000
0 -7.20884275 15.02109623 0.82595861 -0.14056104 -0.99007112 -0.00132177 0.00000000 0.00000000 1 58 1.000000000
phy
0 -7.01737452 3.81234956 -3.50933790 0.17934529 -0.92718554 -0.32888019 0.00000000 0.00000000 1 58 1.000000000
0 -7.20884275 15.02109623 0.82595861 -0.14056104 -0.99007112 -0.00132177 0.00000000 0.00000000 1 58 1.000000000
0 -5.48176432 15.49903107 -1.13502240 -0.10091350 -0.77980185 -0.61783940 0.00000000 0.00000000 1 58 1.000000000
phy
0 -1.38177156 14.83817768 1.18327773 -0.29279944 0.90004331 -0.32278559 0.00000000 0.00000000 1 58 1.000000000
0 -2.38901138 14.24421787 3.55128288 0.03803140 0.84338540 0.53596151 0.00000000 0.00000000 1 58 1.000000000
0 -1.94950509 2.99549246 -0.64376158 0.11651541 0.94247681 0.31330734 0.00000000 0.00000000 1 58 1.000000000
phy
0 -2.50336933 13.77515984 -2.02831435 0.48585755 0.82808405 0.27967703 0.00000000 0.00000000 1 61 1.000000000
0 -5.33872414 13.98275852 -2.48465014 -0.23010211 0.89211476 0.38882422 0.00000000 0.00000000 1 61 1.000000000
0 -2.69712090 13.22303009 -1.07565451 0.22731647 -0.96288675 -0.14552081 0.00000000 0.00000000 1 61 1.000000000
phy
0 -5.33872414 13.98275852 -2.48465014 -0.23010211 0.89211476 0.38882422 0.00000000 0.00000000 1 61 1.000000000
0 -5.53247499 13.43062878 -1.53199053 -0.48655954 -0.84591150 -0.21838836 0.00000000 0.00000000 1 61 1.000000000
0 -2.69712090 13.22303009 -1.07565451 0.22731647 -0.96288675 -0.14552081 0.00000000 0.00000000 1 61 1.000000000
phy
0 -5.53247499 13.43062878 -1.53199053 -0.48655954 -0.84591150 -0.21838836 0.00000000 0.00000000 1 61 1.000000000
0 -5.33872414 13.98275852 -2.48465014 -0.23010211 0.89211476 0.38882422 0.00000000 0.00000000 1 61 1.000000000
0 -5.06403351 -0.15830521 -10.62447643 -0.22939794 0.95093566 0.20760059 0.00000000 0.00000000 1 61 1.000000000
phy
0 -5.53247499 13.43062878 -1.53199053 -0.48655954 -0.84591150 -0.21838836 0.00000000 0.00000000 1 61 1.000000000
0 -5.06403351 -0.15830521 -10.62447643 -0.22939794 0.95093566 0.20760059 0.00000000 0.00000000 1 61 1.000000000
0 -5.25778389 -0.71043599 -9.67181683 -0.48476627 -0.81792158 -0.30984837 0.00000000 0.00000000 1 61 1.000000000
phy
0 -5.33872414 13.98275852 -2.48465014 -0.23010211 0.89211476 0.38882422 0.00000000 0.00000000 1 61 1.000000000
0 -2.50336933 13.77515984 -2.02831435 0.48585755 0.82808405 0.27967703 0.00000000 0.00000000 1 61 1.000000000
0 -5.06403351 -0.15830521 -10.62447643 -0.22939794 0.95093566 0.20760059 0.00000000 0.00000000 1 61 1.000000000
phy
0 -2.42243075 -0.91803390 -9.21548176 0.23079969 -0.91533440 -0.32999152 0.00000000 0.00000000 1 61 1.000000000
0 -5.25778389 -0.71043599 -9.67181683 -0.48476627 -0.81792158 -0.30984837 0.00000000 0.00000000 1 61 1.000000000
0 -5.06403351 -0.15830521 -10.62447643 -0.22939794 0.95093566 0.20760059 0.00000000 0.00000000 1 61 1.000000000
phy
0 -2.42243075 -0.91803390 -9.21548176 0.23079969 -0.91533440 -0.32999152 0.00000000 0.00000000 1 61 1.000000000
0 -5.53247499 13.43062878 -1.53199053 -0.48655954 -0.84591150 -0.21838836 0.00000000 0.00000000 1 61 1.000000000
0 -5.25778389 -0.71043599 -9.67181683 -0.48476627 -0.81792158 -0.30984837 0.00000000 0.00000000 1 61 1.000000000
phy
0 -2.69712090 13.22303009 -1.07565451 0.22731647 -0.96288675 -0.14552081 0.00000000 0.00000000 1 61 1.000000000
0 -2.42243075 -0.91803390 -9.21548176 0.23079969 -0.91533440 -0.32999152 0.00000000 0.00000000 1 61 1.000000000
0 -2.50336933 13.77515984 -2.02831435 0.48585755 0.82808405 0.27967703 0.00000000 0.00000000 1 61 1.000000000
phy
0 -2.42243075 -0.91803390 -9.21548176 0.23079969 -0.91533440 -0.32999152 0.00000000 0.00000000 1 61 1.000000000
0 -2.22867918 -0.36590311 -10.16814137 0.48616824 0.85352224 0.18745753 0.00000000 0.00000000 1 61 1.000000000
0 -2.50336933 13.77515984 -2.02831435 0.48585755 0.82808405 0.27967703 0.00000000 0.00000000 1 61 1.000000000
phy
0 -5.06403351 -0.15830521 -10.62447643 -0.22939794 0.95093566 0.20760059 0.00000000 0.00000000 1 61 1.000000000
0 -2.50336933 13.77515984 -2.02831435 0.48585755 0.82808405 0.27967703 0.00000000 0.00000000 1 61 1.000000000
0 -2.22867918 -0.36590311 -10.16814137 0.48616824 0.85352224 0.18745753 0.00000000 0.00000000 1 61 1.000000000
phy
0 -2.69712090 13.22303009 -1.07565451 0.22731647 -0.96288675 -0.14552081 0.00000000 0.00000000 1 61 1.000000000
0 -5.53247499 13.43062878 -1.53199053 -0.48655954 -0.84591150 -0.21838836 0.00000000 0.00000000 1 61 1.000000000
0 -2.42243075 -0.91803390 -9.21548176 0.23079969 -0.91533440 -0.32999152 0.00000000 0.00000000 1 61 1.000000000
phy
0 -2.42243075 -0.91803390 -9.21548176 0.23079969 -0.91533440 -0.32999152 0.00000000 0.00000000 1 61 1.000000000
0 -5.06403351 -0.15830521 -10.62447643 -0.22939794 0.95093566 0.20760059 0.00000000 0.00000000 1 61 1.000000000
0 -2.22867918 -0.36590311 -10.16814137 0.48616824 0.85352224 0.18745753 0.00000000 0.00000000 1 61 1.000000000
phy
0 -6.89044809 0.53738266 1.86321259 -0.45038775 0.13878526 -0.88198048 0.00000000 0.00000000 1 59 1.000000000
0 -2.23405576 1.22271669 2.67492294 0.62615830 -0.06184773 -0.77723908 0.00000000 0.00000000 1 59 1.000000000
0 -7.59650373 3.88285685 3.08890605 -0.82761085 -0.56090456 0.02112670 0.00000000 0.00000000 1 59 1.000000000
phy
0 -7.59650373 3.88285685 3.08890605 -0.82761085 -0.56090456 0.02112670 0.00000000 0.00000000 1 59 1.000000000
0 -2.23405576 1.22271669 2.67492294 0.62615830 -0.06184773 -0.77723908 0.00000000 0.00000000 1 59 1.000000000
0 -2.94011235 4.56819105 3.90061617 0.14762254 -0.75732344 0.63613600 0.00000000 0.00000000 1 59 1.000000000
phy
0 -2.23405576 1.22271669 2.67492294 0.62615830 -0.06184773 -0.77723908 0.00000000 0.00000000 1 59 1.000000000
0 -6.89044809 0.53738266 1.86321259 -0.45038775 0.13878526 -0.88198048 0.00000000 0.00000000 1 59 1.000000000
0 -6.21027088 2.81500864 -3.96165252 -0.41557223 0.70481330 -0.57492429 0.00000000 0.00000000 1 59 1.000000000
phy
0 -2.23405576 1.22271669 2.67492294 0.62615830 -0.06184773 -0.77723908 0.00000000 0.00000000 1 59 1.000000000
0 -6.21027088 2.81500864 -3.96165252 -0.41557223 0.70481330 -0.57492429 0.00000000 0.00000000 1 59 1.000000000
0 -1.55387855 3.50034237 -3.14994216 0.60936290 0.78987265 -0.06912388 0.00000000 0.00000000 1 59 1.000000000
phy
0 -6.21027088 2.81500864 -3.96165252 -0.41557223 0.70481330 -0.57492429 0.00000000 0.00000000 1 59 1.000000000
0 -6.89044809 0.53738266 1.86321259 -0.45038775 0.13878526 -0.88198048 0.00000000 0.00000000 1 59 1.000000000
0 -7.59650373 3.88285685 3.08890605 -0.82761085 -0.56090456 0.02112670 0.00000000 0.00000000 1 59 1.000000000
phy
0 -2.94011235 4.56819105 3.90061617 0.14762254 -0.75732344 0.63613600 0.00000000 0.00000000 1 59 1.000000000
0 -6.91632795 6.16048336 -2.73595977 -0.40604964 0.01329427 0.91375440 0.00000000 0.00000000 1 59 1.000000000
0 -7.59650373 3.88285685 3.08890605 -0.82761085 -0.56090456 0.02112670 0.00000000 0.00000000 1 59 1.000000000
phy
0 -2.94011235 4.56819105 3.90061617 0.14762254 -0.75732344 0.63613600 0.00000000 0.00000000 1 59 1.000000000
0 -2.25993514 6.84581661 -1.92424941 0.71581328 -0.17311613 0.67649257 0.00000000 0.00000000 1 59 1.000000000
0 -6.91632795 6.16048336 -2.73595977 -0.40604964 0.01329427 0.91375440 0.00000000 0.00000000 1 59 1.000000000
phy
0 -6.91632795 6.16048336 -2.73595977 -0.40604964 0.01329427 0.91375440 0.00000000 0.00000000 1 59 1.000000000
0 -1.55387855 3.50034237 -3.14994216 0.60936290 0.78987265 -0.06912388 0.00000000 0.00000000 1 59 1.000000000
0 -6.21027088 2.81500864 -3.96165252 -0.41557223 0.70481330 -0.57492429 0.00000000 0.00000000 1 59 1.000000000
phy
0 -6.91632795 6.16048336 -2.73595977 -0.40604964 0.01329427 0.91375440 0.00000000 0.00000000 1 59 1.000000000
0 -2.25993514 6.84581661 -1.92424941 0.71581328 -0.17311613 0.67649257 0.00000000 0.00000000 1 59 1.000000000
0 -1.55387855 3.50034237 -3.14994216 0.60936290 0.78987265 -0.06912388 0.00000000 0.00000000 1 59 1.000000000
phy
0 -6.91632795 6.16048336 -2.73595977 -0.40604964 0.01329427 0.91375440 0.00000000 0.00000000 1 59 1.000000000
0 -6.21027088 2.81500864 -3.96165252 -0.41557223 0.70481330 -0.57492429 0.00000000 0.00000000 1 59 1.000000000
0 -7.59650373 3.88285685 3.08890605 -0.82761085 -0.56090456 0.02112670 0.00000000 0.00000000 1 59 1.000000000
phy
0 -2.23405576 1.22271669 2.67492294 0.62615830 -0.06184773 -0.77723908 0.00000000 0.00000000 1 59 1.000000000
0 -2.25993514 6.84581661 -1.92424941 0.71581328 -0.17311613 0.67649257 0.00000000 0.00000000 1 59 1.000000000
0 -2.94011235 4.56819105 3.90061617 0.14762254 -0.75732344 0.63613600 0.00000000 0.00000000 1 59 1.000000000
phy
0 -2.23405576 1.22271669 2.67492294 0.62615830 -0.06184773 -0.77723908 0.00000000 0.00000000 1 59 1.000000000
0 -1.55387855 3.50034237 -3.14994216 0.60936290 0.78987265 -0.06912388 0.00000000 0.00000000 1 59 1.000000000
0 -2.25993514 6.84581661 -1.92424941 0.71581328 -0.17311613 0.67649257 0.00000000 0.00000000 1 59 1.000000000
phy
0 -3.04640532 4.18495512 -1.52145159 0.13940386 -0.93468976 0.32698876 0.00000000 0.00000000 1 60 1.000000000
0 -2.87319803 2.15788245 1.53213727 0.75120276 0.57477981 -0.32453427 0.00000000 0.00000000 1 60 1.000000000
0 -3.40036893 2.28215551 -1.53769648 0.22866246 0.80441988 0.54829019 0.00000000 0.00000000 1 60 1.000000000
phy
0 -3.04640532 4.18495512 -1.52145159 0.13940386 -0.93468976 0.32698876 0.00000000 0.00000000 1 60 1.000000000
0 -2.51923466 4.06068087 1.54838216 0.25615403 -0.65994060 -0.70630276 0.00000000 0.00000000 1 60 1.000000000
0 -2.87319803 2.15788245 1.53213727 0.75120276 0.57477981 -0.32453427 0.00000000 0.00000000 1 60 1.000000000
phy
0 -3.04640532 4.18495512 -1.52145159 0.13940386 -0.93468976 0.32698876 0.00000000 0.00000000 1 60 1.000000000
0 -7.67190838 5.03832674 -0.69258612 -0.47848704 -0.53525358 0.69609892 0.00000000 0.00000000 1 60 1.000000000
0 -7.14473772 4.91405249 2.37724781 -0.46516737 -0.81651503 -0.34193945 0.00000000 0.00000000 1 60 1.000000000
phy
0 -3.04640532 4.18495512 -1.52145159 0.13940386 -0.93468976 0.32698876 0.00000000 0.00000000 1 60 1.000000000
0 -7.14473772 4.91405249 2.37724781 -0.46516737 -0.81651503 -0.34193945 0.00000000 0.00000000 1 60 1.000000000
0 -2.51923466 4.06068087 1.54838216 0.25615403 -0.65994060 -0.70630276 0.00000000 0.00000000 1 60 1.000000000
phy
0 -2.51923466 4.06068087 1.54838216 0.25615403 -0.65994060 -0.70630276 0.00000000 0.00000000 1 60 1.000000000
0 -7.49870110 3.01125383 2.36100388 0.07756574 0.84176922 -0.53423607 0.00000000 0.00000000 1 60 1.000000000
0 -2.87319803 2.15788245 1.53213727 0.75120276 0.57477981 -0.32453427 0.00000000 0.00000000 1 60 1.000000000
phy
0 -2.51923466 4.06068087 1.54838216 0.25615403 -0.65994060 -0.70630276 0.00000000 0.00000000 1 60 1.000000000
0 -7.14473772 4.91405249 2.37724781 -0.46516737 -0.81651503 -0.34193945 0.00000000 0.00000000 1 60 1.000000000
0 -7.49870110 3.01125383 2.36100388 0.07756574 0.84176922 -0.53423607 0.00000000 0.00000000 1 60 1.000000000
phy
0 -7.49870110 3.01125383 2.36100388 0.07756574 0.84176922 -0.53423607 0.00000000 0.00000000 1 60 1.000000000
0 -8.02587223 3.13552690 -0.70883006 -0.49527472 0.80101109 0.33627993 0.00000000 0.00000000 1 60 1.000000000
0 -3.40036893 2.28215551 -1.53769648 0.22866246 0.80441988 0.54829019 0.00000000 0.00000000 1 60 1.000000000
phy
0 -3.40036893 2.28215551 -1.53769648 0.22866246 0.80441988 0.54829019 0.00000000 0.00000000 1 60 1.000000000
0 -2.87319803 2.15788245 1.53213727 0.75120276 0.57477981 -0.32453427 0.00000000 0.00000000 1 60 1.000000000
0 -7.49870110 3.01125383 2.36100388 0.07756574 0.84176922 -0.53423607 0.00000000 0.00000000 1 60 1.000000000
phy
0 -7.49870110 3.01125383 2.36100388 0.07756574 0.84176922 -0.53423607 0.00000000 0.00000000 1 60 1.000000000
0 -7.14473772 4.91405249 2.37724781 -0.46516737 -0.81651503 -0.34193945 0.00000000 0.00000000 1 60 1.000000000
0 -8.02587223 3.13552690 -0.70883006 -0.49527472 0.80101109 0.33627993 0.00000000 0.00000000 1 60 1.000000000
phy
0 -3.04640532 4.18495512 -1.52145159 0.13940386 -0.93468976 0.32698876 0.00000000 0.00000000 1 60 1.000000000
0 -3.40036893 2.28215551 -1.53769648 0.22866246 0.80441988 0.54829019 0.00000000 0.00000000 1 60 1.000000000
0 -7.67190838 5.03832674 -0.69258612 -0.47848704 -0.53525358 0.69609892 0.00000000 0.00000000 1 60 1.000000000
phy
0 -3.40036893 2.28215551 -1.53769648 0.22866246 0.80441988 0.54829019 0.00000000 0.00000000 1 60 1.000000000
0 -8.02587223 3.13552690 -0.70883006 -0.49527472 0.80101109 0.33627993 0.00000000 0.00000000 1 60 1.000000000
0 -7.67190838 5.03832674 -0.69258612 -0.47848704 -0.53525358 0.69609892 0.00000000 0.00000000 1 60 1.000000000
phy
0 -8.02587223 3.13552690 -0.70883006 -0.49527472 0.80101109 0.33627993 0.00000000 0.00000000 1 60 1.000000000
0 -7.14473772 4.91405249 2.37724781 -0.46516737 -0.81651503 -0.34193945 0.00000000 0.00000000 1 60 1.000000000
0 -7.67190838 5.03832674 -0.69258612 -0.47848704 -0.53525358 0.69609892 0.00000000 0.00000000 1 60 1.000000000
phy
0 -5.11024237 -1.01183426 -10.80366802 -0.50369841 -0.84129435 -0.19624424 0.00000000 0.00000000 1 63 1.000000000
0 -5.48116636 -5.03405190 -8.41121292 -0.59944057 -0.59375745 0.53677094 0.00000000 0.00000000 1 63 1.000000000
0 -5.25778389 -0.71043855 -9.67181015 -0.99952716 0.03039156 0.00467015 0.00000000 0.00000000 1 63 1.000000000
phy
0 -5.48116636 -5.03405190 -8.41121292 -0.59944057 -0.59375745 0.53677094 0.00000000 0.00000000 1 63 1.000000000
0 -5.55931425 -4.45859432 -7.45586491 -0.49593657 0.79553068 0.34810609 0.00000000 0.00000000 1 63 1.000000000
0 -5.25778389 -0.71043855 -9.67181015 -0.99952716 0.03039156 0.00467015 0.00000000 0.00000000 1 63 1.000000000
phy
0 -5.11024237 -1.01183426 -10.80366802 -0.50369841 -0.84129435 -0.19624424 0.00000000 0.00000000 1 63 1.000000000
0 -2.61789680 -5.12588453 -8.12168312 0.27444941 -0.73425311 0.62092668 0.00000000 0.00000000 1 63 1.000000000
0 -5.48116636 -5.03405190 -8.41121292 -0.59944057 -0.59375745 0.53677094 0.00000000 0.00000000 1 63 1.000000000
phy
0 -5.48116636 -5.03405190 -8.41121292 -0.59944057 -0.59375745 0.53677094 0.00000000 0.00000000 1 63 1.000000000
0 -2.61789680 -5.12588453 -8.12168312 0.27444941 -0.73425311 0.62092668 0.00000000 0.00000000 1 63 1.000000000
0 -5.55931425 -4.45859432 -7.45586491 -0.49593657 0.79553068 0.34810609 0.00000000 0.00000000 1 63 1.000000000
phy
0 -2.22867775 -0.36590564 -10.16813469 0.64036101 -0.65314209 -0.40415752 0.00000000 0.00000000 1 63 1.000000000
0 -2.68626046 -4.59461784 -7.23911238 0.88438737 0.42195570 0.19953054 0.00000000 0.00000000 1 63 1.000000000
0 -2.61789680 -5.12588453 -8.12168312 0.27444941 -0.73425311 0.62092668 0.00000000 0.00000000 1 63 1.000000000
phy
0 -2.22867775 -0.36590564 -10.16813469 0.64036101 -0.65314209 -0.40415752 0.00000000 0.00000000 1 63 1.000000000
0 -2.50336790 13.77516079 -2.02831078 0.89929140 -0.33811241 -0.27740774 0.00000000 0.00000000 1 63 1.000000000
0 -2.68626046 -4.59461784 -7.23911238 0.88438737 0.42195570 0.19953054 0.00000000 0.00000000 1 63 1.000000000
phy
0 -5.11024237 -1.01183426 -10.80366802 -0.50369841 -0.84129435 -0.19624424 0.00000000 0.00000000 1 63 1.000000000
0 -5.33872271 13.98275948 -2.48464704 -0.19508918 -0.80601972 -0.55881351 0.00000000 0.00000000 1 63 1.000000000
0 -2.22867775 -0.36590564 -10.16813469 0.64036101 -0.65314209 -0.40415752 0.00000000 0.00000000 1 63 1.000000000
phy
0 -2.22867775 -0.36590564 -10.16813469 0.64036101 -0.65314209 -0.40415752 0.00000000 0.00000000 1 63 1.000000000
0 -2.24697208 -1.10366631 -10.51414013 0.18143380 -0.92318398 0.33884102 0.00000000 0.00000000 1 63 1.000000000
0 -5.11024237 -1.01183426 -10.80366802 -0.50369841 -0.84129435 -0.19624424 0.00000000 0.00000000 1 63 1.000000000
phy
0 -2.61789680 -5.12588453 -8.12168312 0.27444941 -0.73425311 0.62092668 0.00000000 0.00000000 1 63 1.000000000
0 -2.24697208 -1.10366631 -10.51414013 0.18143380 -0.92318398 0.33884102 0.00000000 0.00000000 1 63 1.000000000
0 -2.22867775 -0.36590564 -10.16813469 0.64036101 -0.65314209 -0.40415752 0.00000000 0.00000000 1 63 1.000000000
phy
0 -5.33872271 13.98275948 -2.48464704 -0.19508918 -0.80601972 -0.55881351 0.00000000 0.00000000 1 63 1.000000000
0 -2.50336790 13.77516079 -2.02831078 0.89929140 -0.33811241 -0.27740774 0.00000000 0.00000000 1 63 1.000000000
0 -2.22867775 -0.36590564 -10.16813469 0.64036101 -0.65314209 -0.40415752 0.00000000 0.00000000 1 63 1.000000000
phy
0 -5.33872271 13.98275948 -2.48464704 -0.19508918 -0.80601972 -0.55881351 0.00000000 0.00000000 1 63 1.000000000
0 -5.11024237 -1.01183426 -10.80366802 -0.50369841 -0.84129435 -0.19624424 0.00000000 0.00000000 1 63 1.000000000
0 -5.53247356 13.43062782 -1.53198731 -0.85964179 0.49575326 0.12346989 0.00000000 0.00000000 1 63 1.000000000
phy
0 -5.53247356 13.43062782 -1.53198731 -0.85964179 0.49575326 0.12346989 0.00000000 0.00000000 1 63 1.000000000
0 -5.11024237 -1.01183426 -10.80366802 -0.50369841 -0.84129435 -0.19624424 0.00000000 0.00000000 1 63 1.000000000
0 -5.25778389 -0.71043855 -9.67181015 -0.99952716 0.03039156 0.00467015 0.00000000 0.00000000 1 63 1.000000000
phy
0 -5.11024237 -1.01183426 -10.80366802 -0.50369841 -0.84129435 -0.19624424 0.00000000 0.00000000 1 63 1.000000000
0 -2.24697208 -1.10366631 -10.51414013 0.18143380 -0.92318398 0.33884102 0.00000000 0.00000000 1 63 1.000000000
0 -2.61789680 -5.12588453 -8.12168312 0.27444941 -0.73425311 0.62092668 0.00000000 0.00000000 1 63 1.000000000
phy
0 -5.55931425 -4.45859432 -7.45586491 -0.49593657 0.79553068 0.34810609 0.00000000 0.00000000 1 63 1.000000000
0 -2.69711947 13.22303104 -1.07565212 0.18888098 0.92099732 0.34071666 0.00000000 0.00000000 1 63 1.000000000
0 -5.53247356 13.43062782 -1.53198731 -0.85964179 0.49575326 0.12346989 0.00000000 0.00000000 1 63 1.000000000
phy
0 -2.69711947 13.22303104 -1.07565212 0.18888098 0.92099732 0.34071666 0.00000000 0.00000000 1 63 1.000000000
0 -5.55931425 -4.45859432 -7.45586491 -0.49593657 0.79553068 0.34810609 0.00000000 0.00000000 1 63 1.000000000
0 -2.68626046 -4.59461784 -7.23911238 0.88438737 0.42195570 0.19953054 0.00000000 0.00000000 1 63 1.000000000
phy
0 -5.53247356 13.43062782 -1.53198731 -0.85964179 0.49575326 0.12346989 0.00000000 0.00000000 1 63 1.000000000
0 -2.69711947 13.22303104 -1.07565212 0.18888098 0.92099732 0.34071666 0.00000000 0.00000000 1 63 1.000000000
0 -2.50336790 13.77516079 -2.02831078 0.89929140 -0.33811241 -0.27740774 0.00000000 0.00000000 1 63 1.000000000
phy
0 -2.68626046 -4.59461784 -7.23911238 0.88438737 0.42195570 0.19953054 0.00000000 0.00000000 1 63 1.000000000
0 -2.50336790 13.77516079 -2.02831078 0.89929140 -0.33811241 -0.27740774 0.00000000 0.00000000 1 63 1.000000000
0 -2.69711947 13.22303104 -1.07565212 0.18888098 0.92099732 0.34071666 0.00000000 0.00000000 1 63 1.000000000
phy
0 -2.61789680 -5.12588453 -8.12168312 0.27444941 -0.73425311 0.62092668 0.00000000 0.00000000 1 63 1.000000000
0 -2.68626046 -4.59461784 -7.23911238 0.88438737 0.42195570 0.19953054 0.00000000 0.00000000 1 63 1.000000000
0 -5.55931425 -4.45859432 -7.45586491 -0.49593657 0.79553068 0.34810609 0.00000000 0.00000000 1 63 1.000000000
phy
0 -5.55931425 -4.45859432 -7.45586491 -0.49593657 0.79553068 0.34810609 0.00000000 0.00000000 1 63 1.000000000
0 -5.53247356 13.43062782 -1.53198731 -0.85964179 0.49575326 0.12346989 0.00000000 0.00000000 1 63 1.000000000
0 -5.25778389 -0.71043855 -9.67181015 -0.99952716 0.03039156 0.00467015 0.00000000 0.00000000 1 63 1.000000000
phy
0 -5.33872271 13.98275948 -2.48464704 -0.19508918 -0.80601972 -0.55881351 0.00000000 0.00000000 1 63 1.000000000
0 -5.53247356 13.43062782 -1.53198731 -0.85964179 0.49575326 0.12346989 0.00000000 0.00000000 1 63 1.000000000
0 -2.50336790 13.77516079 -2.02831078 0.89929140 -0.33811241 -0.27740774 0.00000000 0.00000000 1 63 1.000000000
phy
0 -2.32511926 -0.52821195 -9.55879498 0.49919641 0.21235603 -0.84006417 0.00000000 0.00000000 1 62 1.000000000
0 -5.18838835 -0.43637985 -9.84832382 -0.15441141 0.46493244 -0.87177694 0.00000000 0.00000000 1 62 1.000000000
0 -2.39052176 -3.88767409 -4.04488468 0.30619594 0.59592825 -0.74237031 0.00000000 0.00000000 1 62 1.000000000
phy
0 -5.18838835 -0.43637985 -9.84832382 -0.15441141 0.46493244 -0.87177694 0.00000000 0.00000000 1 62 1.000000000
0 -5.79967213 -3.78644013 -4.52220201 -0.49018177 0.56273150 -0.66562384 0.00000000 0.00000000 1 62 1.000000000
0 -2.39052176 -3.88767409 -4.04488468 0.30619594 0.59592825 -0.74237031 0.00000000 0.00000000 1 62 1.000000000
phy
0 -5.18838835 -0.43637985 -9.84832382 -0.15441141 0.46493244 -0.87177694 0.00000000 0.00000000 1 62 1.000000000
0 -2.32511926 -0.52821195 -9.55879498 0.49919641 0.21235603 -0.84006417 0.00000000 0.00000000 1 62 1.000000000
0 -5.15510416 -1.01039863 -10.80820942 -0.90814286 -0.41864300 -0.00381168 0.00000000 0.00000000 1 62 1.000000000
phy
0 -5.79967213 -3.78644013 -4.52220201 -0.49018177 0.56273150 -0.66562384 0.00000000 0.00000000 1 62 1.000000000
0 -5.18838835 -0.43637985 -9.84832382 -0.15441141 0.46493244 -0.87177694 0.00000000 0.00000000 1 62 1.000000000
0 -5.15510416 -1.01039863 -10.80820942 -0.90814286 -0.41864300 -0.00381168 0.00000000 0.00000000 1 62 1.000000000
phy
0 -2.61789703 -5.12588739 -8.12168694 0.13486114 -0.39078876 0.91054738 0.00000000 0.00000000 1 62 1.000000000
0 -5.42576742 -4.24380112 -8.88269711 -0.51747984 -0.73103845 0.44474426 0.00000000 0.00000000 1 62 1.000000000
0 -2.24697232 -1.10366952 -10.51414299 0.43945953 -0.83326137 0.33548594 0.00000000 0.00000000 1 62 1.000000000
phy
0 -5.42576742 -4.24380112 -8.88269711 -0.51747984 -0.73103845 0.44474426 0.00000000 0.00000000 1 62 1.000000000
0 -5.15510416 -1.01039863 -10.80820942 -0.90814286 -0.41864300 -0.00381168 0.00000000 0.00000000 1 62 1.000000000
0 -2.24697232 -1.10366952 -10.51414299 0.43945953 -0.83326137 0.33548594 0.00000000 0.00000000 1 62 1.000000000
phy
0 -2.32511926 -0.52821195 -9.55879498 0.49919641 0.21235603 -0.84006417 0.00000000 0.00000000 1 62 1.000000000
0 -2.24697232 -1.10366952 -10.51414299 0.43945953 -0.83326137 0.33548594 0.00000000 0.00000000 1 62 1.000000000
0 -5.15510416 -1.01039863 -10.80820942 -0.90814286 -0.41864300 -0.00381168 0.00000000 0.00000000 1 62 1.000000000
phy
0 -2.24697232 -1.10366952 -10.51414299 0.43945953 -0.83326137 0.33548594 0.00000000 0.00000000 1 62 1.000000000
0 -2.05000377 -5.07178354 -6.72811413 0.95145780 -0.20904033 0.22589843 0.00000000 0.00000000 1 62 1.000000000
0 -2.61789703 -5.12588739 -8.12168694 0.13486114 -0.39078876 0.91054738 0.00000000 0.00000000 1 62 1.000000000
phy
0 -2.32511926 -0.52821195 -9.55879498 0.49919641 0.21235603 -0.84006417 0.00000000 0.00000000 1 62 1.000000000
0 -2.01366925 -3.95459199 -6.75068140 0.99028951 -0.04338520 -0.13207778 0.00000000 0.00000000 1 62 1.000000000
0 -2.24697232 -1.10366952 -10.51414299 0.43945953 -0.83326137 0.33548594 0.00000000 0.00000000 1 62 1.000000000
phy
0 -2.24697232 -1.10366952 -10.51414299 0.43945953 -0.83326137 0.33548594 0.00000000 0.00000000 1 62 1.000000000
0 -2.01366925 -3.95459199 -6.75068140 0.99028951 -0.04338520 -0.13207778 0.00000000 0.00000000 1 62 1.000000000
0 -2.05000377 -5.07178354 -6.72811413 0.95145780 -0.20904033 0.22589843 0.00000000 0.00000000 1 62 1.000000000
phy
0 -2.61789703 -5.12588739 -8.12168694 0.13486114 -0.39078876 0.91054738 0.00000000 0.00000000 1 62 1.000000000
0 -2.05000377 -5.07178354 -6.72811413 0.95145780 -0.20904033 0.22589843 0.00000000 0.00000000 1 62 1.000000000
0 -2.42685723 -5.00486660 -4.02231646 0.18364477 0.26399142 0.94688082 0.00000000 0.00000000 1 62 1.000000000
phy
0 -2.42685723 -5.00486660 -4.02231646 0.18364477 0.26399142 0.94688082 0.00000000 0.00000000 1 62 1.000000000
0 -5.83600712 -4.90363264 -4.49963236 -0.65851641 0.25334963 0.70863950 0.00000000 0.00000000 1 62 1.000000000
0 -2.61789703 -5.12588739 -8.12168694 0.13486114 -0.39078876 0.91054738 0.00000000 0.00000000 1 62 1.000000000
phy
0 -2.05000377 -5.07178354 -6.72811413 0.95145780 -0.20904033 0.22589843 0.00000000 0.00000000 1 62 1.000000000
0 -2.39052176 -3.88767409 -4.04488468 0.30619594 0.59592825 -0.74237031 0.00000000 0.00000000 1 62 1.000000000
0 -2.42685723 -5.00486660 -4.02231646 0.18364477 0.26399142 0.94688082 0.00000000 0.00000000 1 62 1.000000000
phy
0 -2.42685723 -5.00486660 -4.02231646 0.18364477 0.26399142 0.94688082 0.00000000 0.00000000 1 62 1.000000000
0 -2.39052176 -3.88767409 -4.04488468 0.30619594 0.59592825 -0.74237031 0.00000000 0.00000000 1 62 1.000000000
0 -5.83600712 -4.90363264 -4.49963236 -0.65851641 0.25334963 0.70863950 0.00000000 0.00000000 1 62 1.000000000
phy
0 -2.61789703 -5.12588739 -8.12168694 0.13486114 -0.39078876 0.91054738 0.00000000 0.00000000 1 62 1.000000000
0 -5.48139524 -5.03733063 -8.40926266 -0.24080296 -0.14117314 0.96025205 0.00000000 0.00000000 1 62 1.000000000
0 -5.42576742 -4.24380112 -8.88269711 -0.51747984 -0.73103845 0.44474426 0.00000000 0.00000000 1 62 1.000000000
phy
0 -2.61789703 -5.12588739 -8.12168694 0.13486114 -0.39078876 0.91054738 0.00000000 0.00000000 1 62 1.000000000
0 -5.83600712 -4.90363264 -4.49963236 -0.65851641 0.25334963 0.70863950 0.00000000 0.00000000 1 62 1.000000000
0 -5.48139524 -5.03733063 -8.40926266 -0.24080296 -0.14117314 0.96025205 0.00000000 0.00000000 1 62 1.000000000
phy
0 -2.39052176 -3.88767409 -4.04488468 0.30619594 0.59592825 -0.74237031 0.00000000 0.00000000 1 62 1.000000000
0 -2.01366925 -3.95459199 -6.75068140 0.99028951 -0.04338520 -0.13207778 0.00000000 0.00000000 1 62 1.000000000
0 -2.32511926 -0.52821195 -9.55879498 0.49919641 0.21235603 -0.84006417 0.00000000 0.00000000 1 62 1.000000000
phy
0 -2.39052176 -3.88767409 -4.04488468 0.30619594 0.59592825 -0.74237031 0.00000000 0.00000000 1 62 1.000000000
0 -5.79967213 -3.78644013 -4.52220201 -0.49018177 0.56273150 -0.66562384 0.00000000 0.00000000 1 62 1.000000000
0 -5.83600712 -4.90363264 -4.49963236 -0.65851641 0.25334963 0.70863950 0.00000000 0.00000000 1 62 1.000000000
phy
0 -5.79967213 -3.78644013 -4.52220201 -0.49018177 0.56273150 -0.66562384 0.00000000 0.00000000 1 62 1.000000000
0 -5.15510416 -1.01039863 -10.80820942 -0.90814286 -0.41864300 -0.00381168 0.00000000 0.00000000 1 62 1.000000000
0 -5.83600712 -4.90363264 -4.49963236 -0.65851641 0.25334963 0.70863950 0.00000000 0.00000000 1 62 1.000000000
phy
0 -5.42576742 -4.24380112 -8.88269711 -0.51747984 -0.73103845 0.44474426 0.00000000 0.00000000 1 62 1.000000000
0 -5.48139524 -5.03733063 -8.40926266 -0.24080296 -0.14117314 0.96025205 0.00000000 0.00000000 1 62 1.000000000
0 -5.83600712 -4.90363264 -4.49963236 -0.65851641 0.25334963 0.70863950 0.00000000 0.00000000 1 62 1.000000000
phy
0 -5.15510416 -1.01039863 -10.80820942 -0.90814286 -0.41864300 -0.00381168 0.00000000 0.00000000 1 62 1.000000000
0 -5.42576742 -4.24380112 -8.88269711 -0.51747984 -0.73103845 0.44474426 0.00000000 0.00000000 1 62 1.000000000
0 -5.83600712 -4.90363264 -4.49963236 -0.65851641 0.25334963 0.70863950 0.00000000 0.00000000 1 62 1.000000000
phy
0 -2.05000377 -5.07178354 -6.72811413 0.95145780 -0.20904033 0.22589843 0.00000000 0.00000000 1 62 1.000000000
0 -2.01366925 -3.95459199 -6.75068140 0.99028951 -0.04338520 -0.13207778 0.00000000 0.00000000 1 62 1.000000000
0 -2.39052176 -3.88767409 -4.04488468 0.30619594 0.59592825 -0.74237031 0.00000000 0.00000000 1 62 1.000000000
phy
0 3.24228764 24.86722374 -1.84522009 0.44618791 -0.69008124 -0.56982833 0.00000000 0.00000000 1 50 1.000000000
0 1.95659709 24.67721939 -1.63980007 -0.06680736 -0.99146724 -0.11193568 0.00000000 0.00000000 1 50 1.000000000
0 -0.13161002 24.41958046 -0.11377671 -0.53923029 -0.82726640 -0.15767361 0.00000000 0.00000000 1 50 1.000000000
phy
0 3.24228764 24.86722374 -1.84522009 0.44618791 -0.69008124 -0.56982833 0.00000000 0.00000000 1 50 1.000000000
0 -0.13161002 24.41958046 -0.11377671 -0.53923029 -0.82726640 -0.15767361 0.00000000 0.00000000 1 50 1.000000000
0 -0.94174176 24.39987755 2.35584378 -0.62795162 -0.30704966 -0.71512038 0.00000000 0.00000000 1 50 1.000000000
phy
0 1.95659709 24.67721939 -1.63980007 -0.06680736 -0.99146724 -0.11193568 0.00000000 0.00000000 1 50 1.000000000
0 3.02429843 10.09814644 -0.42666471 -0.19120663 -0.97892672 -0.07171229 0.00000000 0.00000000 1 50 1.000000000
0 -0.13161002 24.41958046 -0.11377671 -0.53923029 -0.82726640 -0.15767361 0.00000000 0.00000000 1 50 1.000000000
phy
0 3.24228764 24.86722374 -1.84522009 0.44618791 -0.69008124 -0.56982833 0.00000000 0.00000000 1 50 1.000000000
0 5.47255468 10.44239902 -1.22869873 0.23206244 -0.69372284 0.68183249 0.00000000 0.00000000 1 50 1.000000000
0 1.95659709 24.67721939 -1.63980007 -0.06680736 -0.99146724 -0.11193568 0.00000000 0.00000000 1 50 1.000000000
phy
0 5.47255468 10.44239902 -1.22869873 0.23206244 -0.69372284 0.68183249 0.00000000 0.00000000 1 50 1.000000000
0 3.02429843 10.09814644 -0.42666471 -0.19120663 -0.97892672 -0.07171229 0.00000000 0.00000000 1 50 1.000000000
0 1.95659709 24.67721939 -1.63980007 -0.06680736 -0.99146724 -0.11193568 0.00000000 0.00000000 1 50 1.000000000
phy
0 -0.94174176 24.39987755 2.35584378 -0.62795162 -0.30704966 -0.71512038 0.00000000 0.00000000 1 50 1.000000000
0 0.74895358 24.80658150 5.75549078 -0.92305648 0.37631038 -0.07973275 0.00000000 0.00000000 1 50 1.000000000
0 4.47225904 25.40778923 6.35298634 -0.12735717 0.98383462 -0.12589495 0.00000000 0.00000000 1 50 1.000000000
phy
0 -0.94174176 24.39987755 2.35584378 -0.62795162 -0.30704966 -0.71512038 0.00000000 0.00000000 1 50 1.000000000
0 4.47225904 25.40778923 6.35298634 -0.12735717 0.98383462 -0.12589495 0.00000000 0.00000000 1 50 1.000000000
0 5.63482428 25.56203651 5.75637102 0.36610249 0.85254985 -0.37299818 0.00000000 0.00000000 1 50 1.000000000
phy
0 -0.94174176 24.39987755 2.35584378 -0.62795162 -0.30704966 -0.71512038 0.00000000 0.00000000 1 50 1.000000000
0 5.63482428 25.56203651 5.75637102 0.36610249 0.85254985 -0.37299818 0.00000000 0.00000000 1 50 1.000000000
0 7.15857363 25.70784760 3.65573788 0.59479290 0.76058811 -0.26024455 0.00000000 0.00000000 1 50 1.000000000
phy
0 -0.94174176 24.39987755 2.35584378 -0.62795162 -0.30704966 -0.71512038 0.00000000 0.00000000 1 50 1.000000000
0 7.15857363 25.70784760 3.65573788 0.59479290 0.76058811 -0.26024455 0.00000000 0.00000000 1 50 1.000000000
0 7.37059975 25.68513680 2.35734344 0.81264222 0.26415777 -0.51945478 0.00000000 0.00000000 1 50 1.000000000
phy
0 -0.94174176 24.39987755 2.35584378 -0.62795162 -0.30704966 -0.71512038 0.00000000 0.00000000 1 50 1.000000000
0 7.37059975 25.68513680 2.35734344 0.81264222 0.26415777 -0.51945478 0.00000000 0.00000000 1 50 1.000000000
0 3.24228764 24.86722374 -1.84522009 0.44618791 -0.69008124 -0.56982833 0.00000000 0.00000000 1 50 1.000000000
phy
0 3.24228764 24.86722374 -1.84522009 0.44618791 -0.69008124 -0.56982833 0.00000000 0.00000000 1 50 1.000000000
0 7.37059975 25.68513680 2.35734344 0.81264222 0.26415777 -0.51945478 0.00000000 0.00000000 1 50 1.000000000
0 5.67990398 25.27842712 -1.04230440 0.71025187 -0.65815079 -0.24975969 0.00000000 0.00000000 1 50 1.000000000
phy
0 5.67990398 25.27842712 -1.04230440 0.71025187 -0.65815079 -0.24975969 0.00000000 0.00000000 1 50 1.000000000
0 7.37059975 25.68513680 2.35734344 0.81264222 0.26415777 -0.51945478 0.00000000 0.00000000 1 50 1.000000000
0 6.59321690 25.45937538 -0.11256368 0.97951508 -0.18525824 -0.07892719 0.00000000 0.00000000 1 50 1.000000000
phy
0 7.91017103 10.85360622 -0.42578197 0.78446883 -0.61718214 -0.06078503 0.00000000 0.00000000 1 50 1.000000000
0 5.47255468 10.44239902 -1.22869873 0.23206244 -0.69372284 0.68183249 0.00000000 0.00000000 1 50 1.000000000
0 3.24228764 24.86722374 -1.84522009 0.44618791 -0.69008124 -0.56982833 0.00000000 0.00000000 1 50 1.000000000
phy
0 3.24228764 24.86722374 -1.84522009 0.44618791 -0.69008124 -0.56982833 0.00000000 0.00000000 1 50 1.000000000
0 5.67990398 25.27842712 -1.04230440 0.71025187 -0.65815079 -0.24975969 0.00000000 0.00000000 1 50 1.000000000
0 7.91017103 10.85360622 -0.42578197 0.78446883 -0.61718214 -0.06078503 0.00000000 0.00000000 1 50 1.000000000
phy
0 -0.13161002 24.41958046 -0.11377671 -0.53923029 -0.82726640 -0.15767361 0.00000000 0.00000000 1 50 1.000000000
0 2.09865665 9.99475479 0.50274378 -0.72444689 -0.68703407 0.05622303 0.00000000 0.00000000 1 50 1.000000000
0 -0.94174176 24.39987755 2.35584378 -0.62795162 -0.30704966 -0.71512038 0.00000000 0.00000000 1 50 1.000000000
phy
0 -0.94174176 24.39987755 2.35584378 -0.62795162 -0.30704966 -0.71512038 0.00000000 0.00000000 1 50 1.000000000
0 2.09865665 9.99475479 0.50274378 -0.72444689 -0.68703407 0.05622303 0.00000000 0.00000000 1 50 1.000000000
0 1.28852534 9.97504902 2.97236490 -0.89053231 -0.41941237 0.17619681 0.00000000 0.00000000 1 50 1.000000000
phy
0 2.09865665 9.99475479 0.50274378 -0.72444689 -0.68703407 0.05622303 0.00000000 0.00000000 1 50 1.000000000
0 5.47255468 10.44239902 -1.22869873 0.23206244 -0.69372284 0.68183249 0.00000000 0.00000000 1 50 1.000000000
0 1.28852534 9.97504902 2.97236490 -0.89053231 -0.41941237 0.17619681 0.00000000 0.00000000 1 50 1.000000000
phy
0 2.09865665 9.99475479 0.50274378 -0.72444689 -0.68703407 0.05622303 0.00000000 0.00000000 1 50 1.000000000
0 3.02429843 10.09814644 -0.42666471 -0.19120663 -0.97892672 -0.07171229 0.00000000 0.00000000 1 50 1.000000000
0 5.47255468 10.44239902 -1.22869873 0.23206244 -0.69372284 0.68183249 0.00000000 0.00000000 1 50 1.000000000
phy
0 -0.13161002 24.41958046 -0.11377671 -0.53923029 -0.82726640 -0.15767361 0.00000000 0.00000000 1 50 1.000000000
0 3.02429843 10.09814644 -0.42666471 -0.19120663 -0.97892672 -0.07171229 0.00000000 0.00000000 1 50 1.000000000
0 2.09865665 9.99475479 0.50274378 -0.72444689 -0.68703407 0.05622303 0.00000000 0.00000000 1 50 1.000000000
phy
0 -0.74693316 24.48548889 3.65431142 -0.99848461 0.04715208 0.02837563 0.00000000 0.00000000 1 50 1.000000000
0 -0.94174176 24.39987755 2.35584378 -0.62795162 -0.30704966 -0.71512038 0.00000000 0.00000000 1 50 1.000000000
0 1.28852534 9.97504902 2.97236490 -0.89053231 -0.41941237 0.17619681 0.00000000 0.00000000 1 50 1.000000000
phy
0 -0.74693316 24.48548889 3.65431142 -0.99848461 0.04715208 0.02837563 0.00000000 0.00000000 1 50 1.000000000
0 1.28852534 9.97504902 2.97236490 -0.89053231 -0.41941237 0.17619681 0.00000000 0.00000000 1 50 1.000000000
0 1.48333395 10.06066418 4.27083302 -0.94093335 0.15776040 0.29959348 0.00000000 0.00000000 1 50 1.000000000
phy
0 0.74895358 24.80658150 5.75549078 -0.92305648 0.37631038 -0.07973275 0.00000000 0.00000000 1 50 1.000000000
0 -0.94174176 24.39987755 2.35584378 -0.62795162 -0.30704966 -0.71512038 0.00000000 0.00000000 1 50 1.000000000
0 -0.74693316 24.48548889 3.65431142 -0.99848461 0.04715208 0.02837563 0.00000000 0.00000000 1 50 1.000000000
phy
0 1.28852534 9.97504902 2.97236490 -0.89053231 -0.41941237 0.17619681 0.00000000 0.00000000 1 50 1.000000000
0 5.47255468 10.44239902 -1.22869873 0.23206244 -0.69372284 0.68183249 0.00000000 0.00000000 1 50 1.000000000
0 1.48333395 10.06066418 4.27083302 -0.94093335 0.15776040 0.29959348 0.00000000 0.00000000 1 50 1.000000000
phy
0 5.47255468 10.44239902 -1.22869873 0.23206244 -0.69372284 0.68183249 0.00000000 0.00000000 1 50 1.000000000
0 2.97922158 10.38175392 6.37201166 -0.72544384 0.50261617 0.47022155 0.00000000 0.00000000 1 50 1.000000000
0 1.48333395 10.06066418 4.27083302 -0.94093335 0.15776040 0.29959348 0.00000000 0.00000000 1 50 1.000000000
phy
0 0.74895358 24.80658150 5.75549078 -0.92305648 0.37631038 -0.07973275 0.00000000 0.00000000 1 50 1.000000000
0 1.48333395 10.06066418 4.27083302 -0.94093335 0.15776040 0.29959348 0.00000000 0.00000000 1 50 1.000000000
0 2.97922158 10.38175392 6.37201166 -0.72544384 0.50261617 0.47022155 0.00000000 0.00000000 1 50 1.000000000
phy
0 1.48333395 10.06066418 4.27083302 -0.94093335 0.15776040 0.29959348 0.00000000 0.00000000 1 50 1.000000000
0 0.74895358 24.80658150 5.75549078 -0.92305648 0.37631038 -0.07973275 0.00000000 0.00000000 1 50 1.000000000
0 -0.74693316 24.48548889 3.65431142 -0.99848461 0.04715208 0.02837563 0.00000000 0.00000000 1 50 1.000000000
phy
0 6.59321690 25.45937538 -0.11256368 0.97951508 -0.18525824 -0.07892719 0.00000000 0.00000000 1 50 1.000000000
0 9.40605927 11.17469215 1.67539573 0.99559522 0.01807015 0.09199814 0.00000000 0.00000000 1 50 1.000000000
0 7.91017103 10.85360622 -0.42578197 0.78446883 -0.61718214 -0.06078503 0.00000000 0.00000000 1 50 1.000000000
phy
0 7.91017103 10.85360622 -0.42578197 0.78446883 -0.61718214 -0.06078503 0.00000000 0.00000000 1 50 1.000000000
0 5.67990398 25.27842712 -1.04230440 0.71025187 -0.65815079 -0.24975969 0.00000000 0.00000000 1 50 1.000000000
0 6.59321690 25.45937538 -0.11256368 0.97951508 -0.18525824 -0.07892719 0.00000000 0.00000000 1 50 1.000000000
phy
0 7.91017103 10.85360622 -0.42578197 0.78446883 -0.61718214 -0.06078503 0.00000000 0.00000000 1 50 1.000000000
0 9.40605927 11.17469215 1.67539573 0.99559522 0.01807015 0.09199814 0.00000000 0.00000000 1 50 1.000000000
0 5.47255468 10.44239902 -1.22869873 0.23206244 -0.69372284 0.68183249 0.00000000 0.00000000 1 50 1.000000000
phy
0 7.37059975 25.68513680 2.35734344 0.81264222 0.26415777 -0.51945478 0.00000000 0.00000000 1 50 1.000000000
0 7.15857363 25.70784760 3.65573788 0.59479290 0.76058811 -0.26024455 0.00000000 0.00000000 1 50 1.000000000
0 9.38884163 11.28302002 4.27225876 0.78937167 0.53001279 0.30980453 0.00000000 0.00000000 1 50 1.000000000
phy
0 9.38884163 11.28302002 4.27225876 0.78937167 0.53001279 0.30980453 0.00000000 0.00000000 1 50 1.000000000
0 9.40605927 11.17469215 1.67539573 0.99559522 0.01807015 0.09199814 0.00000000 0.00000000 1 50 1.000000000
0 7.37059975 25.68513680 2.35734344 0.81264222 0.26415777 -0.51945478 0.00000000 0.00000000 1 50 1.000000000
phy
0 7.37059975 25.68513680 2.35734344 0.81264222 0.26415777 -0.51945478 0.00000000 0.00000000 1 50 1.000000000
0 9.40605927 11.17469215 1.67539573 0.99559522 0.01807015 0.09199814 0.00000000 0.00000000 1 50 1.000000000
0 6.59321690 25.45937538 -0.11256368 0.97951508 -0.18525824 -0.07892719 0.00000000 0.00000000 1 50 1.000000000
phy
0 6.70252800 10.98296165 6.96950626 -0.00197434 0.81898719 0.57380843 0.00000000 0.00000000 1 50 1.000000000
0 5.41683531 10.79295444 7.17492723 -0.38431433 0.82120216 0.42181712 0.00000000 0.00000000 1 50 1.000000000
0 5.47255468 10.44239902 -1.22869873 0.23206244 -0.69372284 0.68183249 0.00000000 0.00000000 1 50 1.000000000
phy
0 5.47255468 10.44239902 -1.22869873 0.23206244 -0.69372284 0.68183249 0.00000000 0.00000000 1 50 1.000000000
0 7.86509418 11.13720989 6.37289286 0.42740056 0.85155773 0.30360863 0.00000000 0.00000000 1 50 1.000000000
0 6.70252800 10.98296165 6.96950626 -0.00197434 0.81898719 0.57380843 0.00000000 0.00000000 1 50 1.000000000
phy
0 5.41683531 10.79295444 7.17492723 -0.38431433 0.82120216 0.42181712 0.00000000 0.00000000 1 50 1.000000000
0 6.70252800 10.98296165 6.96950626 -0.00197434 0.81898719 0.57380843 0.00000000 0.00000000 1 50 1.000000000
0 4.47225904 25.40778923 6.35298634 -0.12735717 0.98383462 -0.12589495 0.00000000 0.00000000 1 50 1.000000000
phy
0 6.70252800 10.98296165 6.96950626 -0.00197434 0.81898719 0.57380843 0.00000000 0.00000000 1 50 1.000000000
0 7.86509418 11.13720989 6.37289286 0.42740056 0.85155773 0.30360863 0.00000000 0.00000000 1 50 1.000000000
0 4.47225904 25.40778923 6.35298634 -0.12735717 0.98383462 -0.12589495 0.00000000 0.00000000 1 50 1.000000000
phy
0 5.41683531 10.79295444 7.17492723 -0.38431433 0.82120216 0.42181712 0.00000000 0.00000000 1 50 1.000000000
0 2.97922158 10.38175392 6.37201166 -0.72544384 0.50261617 0.47022155 0.00000000 0.00000000 1 50 1.000000000
0 5.47255468 10.44239902 -1.22869873 0.23206244 -0.69372284 0.68183249 0.00000000 0.00000000 1 50 1.000000000
phy
0 9.38884163 11.28302002 4.27225876 0.78937167 0.53001279 0.30980453 0.00000000 0.00000000 1 50 1.000000000
0 7.86509418 11.13720989 6.37289286 0.42740056 0.85155773 0.30360863 0.00000000 0.00000000 1 50 1.000000000
0 5.47255468 10.44239902 -1.22869873 0.23206244 -0.69372284 0.68183249 0.00000000 0.00000000 1 50 1.000000000
phy
0 5.47255468 10.44239902 -1.22869873 0.23206244 -0.69372284 0.68183249 0.00000000 0.00000000 1 50 1.000000000
0 9.40605927 11.17469215 1.67539573 0.99559522 0.01807015 0.09199814 0.00000000 0.00000000 1 50 1.000000000
0 9.38884163 11.28302002 4.27225876 0.78937167 0.53001279 0.30980453 0.00000000 0.00000000 1 50 1.000000000
phy
0 7.15857363 25.70784760 3.65573788 0.59479290 0.76058811 -0.26024455 0.00000000 0.00000000 1 50 1.000000000
0 5.63482428 25.56203651 5.75637102 0.36610249 0.85254985 -0.37299818 0.00000000 0.00000000 1 50 1.000000000
0 7.86509418 11.13720989 6.37289286 0.42740056 0.85155773 0.30360863 0.00000000 0.00000000 1 50 1.000000000
phy
0 7.86509418 11.13720989 6.37289286 0.42740056 0.85155773 0.30360863 0.00000000 0.00000000 1 50 1.000000000
0 5.63482428 25.56203651 5.75637102 0.36610249 0.85254985 -0.37299818 0.00000000 0.00000000 1 50 1.000000000
0 4.47225904 25.40778923 6.35298634 -0.12735717 0.98383462 -0.12589495 0.00000000 0.00000000 1 50 1.000000000
phy
0 9.38884163 11.28302002 4.27225876 0.78937167 0.53001279 0.30980453 0.00000000 0.00000000 1 50 1.000000000
0 7.15857363 25.70784760 3.65573788 0.59479290 0.76058811 -0.26024455 0.00000000 0.00000000 1 50 1.000000000
0 7.86509418 11.13720989 6.37289286 0.42740056 0.85155773 0.30360863 0.00000000 0.00000000 1 50 1.000000000
phy
0 1.90360510 25.01062393 6.35252237 -0.53312522 0.84118140 0.09050605 0.00000000 0.00000000 1 50 1.000000000
0 5.41683531 10.79295444 7.17492723 -0.38431433 0.82120216 0.42181712 0.00000000 0.00000000 1 50 1.000000000
0 4.47225904 25.40778923 6.35298634 -0.12735717 0.98383462 -0.12589495 0.00000000 0.00000000 1 50 1.000000000
phy
0 5.41683531 10.79295444 7.17492723 -0.38431433 0.82120216 0.42181712 0.00000000 0.00000000 1 50 1.000000000
0 1.90360510 25.01062393 6.35252237 -0.53312522 0.84118140 0.09050605 0.00000000 0.00000000 1 50 1.000000000
0 2.97922158 10.38175392 6.37201166 -0.72544384 0.50261617 0.47022155 0.00000000 0.00000000 1 50 1.000000000
phy
0 0.74895358 24.80658150 5.75549078 -0.92305648 0.37631038 -0.07973275 0.00000000 0.00000000 1 50 1.000000000
0 1.90360510 25.01062393 6.35252237 -0.53312522 0.84118140 0.09050605 0.00000000 0.00000000 1 50 1.000000000
0 4.47225904 25.40778923 6.35298634 -0.12735717 0.98383462 -0.12589495 0.00000000 0.00000000 1 50 1.000000000
phy
0 1.90360510 25.01062393 6.35252237 -0.53312522 0.84118140 0.09050605 0.00000000 0.00000000 1 50 1.000000000
0 0.74895358 24.80658150 5.75549078 -0.92305648 0.37631038 -0.07973275 0.00000000 0.00000000 1 50 1.000000000
0 2.97922158 10.38175392 6.37201166 -0.72544384 0.50261617 0.47022155 0.00000000 0.00000000 1 50 1.000000000
phy
0 4.53040504 2.68343687 0.71901190 0.17139731 -0.93071342 -0.32310283 0.00000000 0.00000000 1 51 1.000000000
0 7.01845789 3.00082850 -0.21404788 0.62458467 -0.71107346 0.32290629 0.00000000 0.00000000 1 51 1.000000000
0 5.97684860 14.24499702 3.86270380 0.05955830 -0.97513956 0.21343766 0.00000000 0.00000000 1 51 1.000000000
phy
0 5.97684860 14.24499702 3.86270380 0.05955830 -0.97513956 0.21343766 0.00000000 0.00000000 1 51 1.000000000
0 4.19692326 14.09331036 4.23745346 -0.46064809 -0.83502841 -0.30088356 0.00000000 0.00000000 1 51 1.000000000
0 4.53040504 2.68343687 0.71901190 0.17139731 -0.93071342 -0.32310283 0.00000000 0.00000000 1 51 1.000000000
phy
0 5.97684860 14.24499702 3.86270380 0.05955830 -0.97513956 0.21343766 0.00000000 0.00000000 1 51 1.000000000
0 7.01845789 3.00082850 -0.21404788 0.62458467 -0.71107346 0.32290629 0.00000000 0.00000000 1 51 1.000000000
0 7.17458916 14.61653233 2.56393719 -0.33550864 -0.61514479 0.71346390 0.00000000 0.00000000 1 51 1.000000000
phy
0 5.97684860 14.24499702 3.86270380 0.05955830 -0.97513956 0.21343766 0.00000000 0.00000000 1 51 1.000000000
0 7.17458916 14.61653233 2.56393719 -0.33550864 -0.61514479 0.71346390 0.00000000 0.00000000 1 51 1.000000000
0 4.19692326 14.09331036 4.23745346 -0.46064809 -0.83502841 -0.30088356 0.00000000 0.00000000 1 51 1.000000000
phy
0 5.93945646 4.10907602 -4.64846468 0.19279122 0.86458784 0.46402517 0.00000000 0.00000000 1 51 1.000000000
0 5.60597467 15.51895237 -1.13002276 -0.53999782 0.47836730 0.69250786 0.00000000 0.00000000 1 51 1.000000000
0 7.31909990 3.85576797 -3.49842668 0.01570571 0.26357689 0.96451050 0.00000000 0.00000000 1 51 1.000000000
phy
0 5.60597467 15.51895237 -1.13002276 -0.53999782 0.47836730 0.69250786 0.00000000 0.00000000 1 51 1.000000000
0 7.33264637 15.06599808 0.83723640 -0.08713829 0.01402089 0.99609756 0.00000000 0.00000000 1 51 1.000000000
0 7.31909990 3.85576797 -3.49842668 0.01570571 0.26357689 0.96451050 0.00000000 0.00000000 1 51 1.000000000
phy
0 7.31909990 3.85576797 -3.49842668 0.01570571 0.26357689 0.96451050 0.00000000 0.00000000 1 51 1.000000000
0 7.33264637 15.06599808 0.83723640 -0.08713829 0.01402089 0.99609756 0.00000000 0.00000000 1 51 1.000000000
0 7.50807095 3.20665550 -0.95450544 0.02454587 -0.33011371 0.94362199 0.00000000 0.00000000 1 51 1.000000000
phy
0 7.31909990 3.85576797 -3.49842668 0.01570571 0.26357689 0.96451050 0.00000000 0.00000000 1 51 1.000000000
0 7.01845789 3.00082850 -0.21404788 0.62458467 -0.71107346 0.32290629 0.00000000 0.00000000 1 51 1.000000000
0 5.93945646 4.10907602 -4.64846468 0.19279122 0.86458784 0.46402517 0.00000000 0.00000000 1 51 1.000000000
phy
0 7.31909990 3.85576797 -3.49842668 0.01570571 0.26357689 0.96451050 0.00000000 0.00000000 1 51 1.000000000
0 7.50807095 3.20665550 -0.95450544 0.02454587 -0.33011371 0.94362199 0.00000000 0.00000000 1 51 1.000000000
0 7.01845789 3.00082850 -0.21404788 0.62458467 -0.71107346 0.32290629 0.00000000 0.00000000 1 51 1.000000000
phy
0 1.84105229 3.38892508 -2.34506536 0.04965197 0.36503321 -0.92966956 0.00000000 0.00000000 1 51 1.000000000
0 1.50756991 14.79879856 1.17337632 0.00627215 0.01750012 -0.99982721 0.00000000 0.00000000 1 51 1.000000000
0 1.73073983 15.02459908 0.32325110 -0.15108977 0.67004800 -0.72677892 0.00000000 0.00000000 1 51 1.000000000
phy
0 1.50756991 14.79879856 1.17337632 0.00627215 0.01750012 -0.99982721 0.00000000 0.00000000 1 51 1.000000000
0 1.84105229 3.38892508 -2.34506536 0.04965197 0.36503321 -0.92966956 0.00000000 0.00000000 1 51 1.000000000
0 2.25319338 2.96561193 -0.65126938 0.40588048 -0.28928372 -0.86693490 0.00000000 0.00000000 1 51 1.000000000
phy
0 1.50756991 14.79879856 1.17337632 0.00627215 0.01750012 -0.99982721 0.00000000 0.00000000 1 51 1.000000000
0 2.51468182 14.21940994 3.54504442 -0.27211401 -0.53239965 -0.80156392 0.00000000 0.00000000 1 51 1.000000000
0 1.73073983 15.02459908 0.32325110 -0.15108977 0.67004800 -0.72677892 0.00000000 0.00000000 1 51 1.000000000
phy
0 2.51468182 14.21940994 3.54504442 -0.27211401 -0.53239965 -0.80156392 0.00000000 0.00000000 1 51 1.000000000
0 1.50756991 14.79879856 1.17337632 0.00627215 0.01750012 -0.99982721 0.00000000 0.00000000 1 51 1.000000000
0 2.25319338 2.96561193 -0.65126938 0.40588048 -0.28928372 -0.86693490 0.00000000 0.00000000 1 51 1.000000000
phy
0 7.01845789 3.00082850 -0.21404788 0.62458467 -0.71107346 0.32290629 0.00000000 0.00000000 1 51 1.000000000
0 7.50807095 3.20665550 -0.95450544 0.02454587 -0.33011371 0.94362199 0.00000000 0.00000000 1 51 1.000000000
0 7.17458916 14.61653233 2.56393719 -0.33550864 -0.61514479 0.71346390 0.00000000 0.00000000 1 51 1.000000000
phy
0 7.50807095 3.20665550 -0.95450544 0.02454587 -0.33011371 0.94362199 0.00000000 0.00000000 1 51 1.000000000
0 7.33264637 15.06599808 0.83723640 -0.08713829 0.01402089 0.99609756 0.00000000 0.00000000 1 51 1.000000000
0 7.17458916 14.61653233 2.56393719 -0.33550864 -0.61514479 0.71346390 0.00000000 0.00000000 1 51 1.000000000
phy
0 7.17458916 14.61653233 2.56393719 -0.33550864 -0.61514479 0.71346390 0.00000000 0.00000000 1 51 1.000000000
0 5.60597467 15.51895237 -1.13002276 -0.53999782 0.47836730 0.69250786 0.00000000 0.00000000 1 51 1.000000000
0 4.19692326 14.09331036 4.23745346 -0.46064809 -0.83502841 -0.30088356 0.00000000 0.00000000 1 51 1.000000000
phy
0 5.60597467 15.51895237 -1.13002276 -0.53999782 0.47836730 0.69250786 0.00000000 0.00000000 1 51 1.000000000
0 7.17458916 14.61653233 2.56393719 -0.33550864 -0.61514479 0.71346390 0.00000000 0.00000000 1 51 1.000000000
0 7.33264637 15.06599808 0.83723640 -0.08713829 0.01402089 0.99609756 0.00000000 0.00000000 1 51 1.000000000
phy
0 4.53040504 2.68343687 0.71901190 0.17139731 -0.93071342 -0.32310283 0.00000000 0.00000000 1 51 1.000000000
0 4.19692326 14.09331036 4.23745346 -0.46064809 -0.83502841 -0.30088356 0.00000000 0.00000000 1 51 1.000000000
0 2.51468182 14.21940994 3.54504442 -0.27211401 -0.53239965 -0.80156392 0.00000000 0.00000000 1 51 1.000000000
phy
0 4.53040504 2.68343687 0.71901190 0.17139731 -0.93071342 -0.32310283 0.00000000 0.00000000 1 51 1.000000000
0 2.51468182 14.21940994 3.54504442 -0.27211401 -0.53239965 -0.80156392 0.00000000 0.00000000 1 51 1.000000000
0 2.25319338 2.96561193 -0.65126938 0.40588048 -0.28928372 -0.86693490 0.00000000 0.00000000 1 51 1.000000000
phy
0 4.53040504 2.68343687 0.71901190 0.17139731 -0.93071342 -0.32310283 0.00000000 0.00000000 1 51 1.000000000
0 2.25319338 2.96561193 -0.65126938 0.40588048 -0.28928372 -0.86693490 0.00000000 0.00000000 1 51 1.000000000
0 7.01845789 3.00082850 -0.21404788 0.62458467 -0.71107346 0.32290629 0.00000000 0.00000000 1 51 1.000000000
phy
0 5.60597467 15.51895237 -1.13002276 -0.53999782 0.47836730 0.69250786 0.00000000 0.00000000 1 51 1.000000000
0 5.93945646 4.10907602 -4.64846468 0.19279122 0.86458784 0.46402517 0.00000000 0.00000000 1 51 1.000000000
0 4.70840549 15.54782104 -1.35026526 -0.28239465 0.94447792 0.16797273 0.00000000 0.00000000 1 51 1.000000000
phy
0 4.70840549 15.54782104 -1.35026526 -0.28239465 0.94447792 0.16797273 0.00000000 0.00000000 1 51 1.000000000
0 5.93945646 4.10907602 -4.64846468 0.19279122 0.86458784 0.46402517 0.00000000 0.00000000 1 51 1.000000000
0 3.26196218 3.98625779 -4.49395800 0.40908799 0.91162586 0.03981654 0.00000000 0.00000000 1 51 1.000000000
phy
0 7.01845789 3.00082850 -0.21404788 0.62458467 -0.71107346 0.32290629 0.00000000 0.00000000 1 51 1.000000000
0 3.26196218 3.98625779 -4.49395800 0.40908799 0.91162586 0.03981654 0.00000000 0.00000000 1 51 1.000000000
0 5.93945646 4.10907602 -4.64846468 0.19279122 0.86458784 0.46402517 0.00000000 0.00000000 1 51 1.000000000
phy
0 2.55383492 3.82055187 -3.93564844 0.03593348 0.77269882 -0.63375491 0.00000000 0.00000000 1 51 1.000000000
0 2.25319338 2.96561193 -0.65126938 0.40588048 -0.28928372 -0.86693490 0.00000000 0.00000000 1 51 1.000000000
0 1.84105229 3.38892508 -2.34506536 0.04965197 0.36503321 -0.92966956 0.00000000 0.00000000 1 51 1.000000000
phy
0 3.26196218 3.98625779 -4.49395800 0.40908799 0.91162586 0.03981654 0.00000000 0.00000000 1 51 1.000000000
0 2.25319338 2.96561193 -0.65126938 0.40588048 -0.28928372 -0.86693490 0.00000000 0.00000000 1 51 1.000000000
0 2.55383492 3.82055187 -3.93564844 0.03593348 0.77269882 -0.63375491 0.00000000 0.00000000 1 51 1.000000000
phy
0 2.92847943 15.39613342 -0.97551650 -0.31668618 0.89774710 -0.30620268 0.00000000 0.00000000 1 51 1.000000000
0 2.55383492 3.82055187 -3.93564844 0.03593348 0.77269882 -0.63375491 0.00000000 0.00000000 1 51 1.000000000
0 1.73073983 15.02459908 0.32325110 -0.15108977 0.67004800 -0.72677892 0.00000000 0.00000000 1 51 1.000000000
phy
0 2.55383492 3.82055187 -3.93564844 0.03593348 0.77269882 -0.63375491 0.00000000 0.00000000 1 51 1.000000000
0 2.92847943 15.39613342 -0.97551650 -0.31668618 0.89774710 -0.30620268 0.00000000 0.00000000 1 51 1.000000000
0 3.26196218 3.98625779 -4.49395800 0.40908799 0.91162586 0.03981654 0.00000000 0.00000000 1 51 1.000000000
phy
0 2.55383492 3.82055187 -3.93564844 0.03593348 0.77269882 -0.63375491 0.00000000 0.00000000 1 51 1.000000000
0 1.84105229 3.38892508 -2.34506536 0.04965197 0.36503321 -0.92966956 0.00000000 0.00000000 1 51 1.000000000
0 1.73073983 15.02459908 0.32325110 -0.15108977 0.67004800 -0.72677892 0.00000000 0.00000000 1 51 1.000000000
phy
0 2.92847943 15.39613342 -0.97551650 -0.31668618 0.89774710 -0.30620268 0.00000000 0.00000000 1 51 1.000000000
0 2.51468182 14.21940994 3.54504442 -0.27211401 -0.53239965 -0.80156392 0.00000000 0.00000000 1 51 1.000000000
0 4.70840549 15.54782104 -1.35026526 -0.28239465 0.94447792 0.16797273 0.00000000 0.00000000 1 51 1.000000000
phy
0 2.51468182 14.21940994 3.54504442 -0.27211401 -0.53239965 -0.80156392 0.00000000 0.00000000 1 51 1.000000000
0 2.92847943 15.39613342 -0.97551650 -0.31668618 0.89774710 -0.30620268 0.00000000 0.00000000 1 51 1.000000000
0 1.73073983 15.02459908 0.32325110 -0.15108977 0.67004800 -0.72677892 0.00000000 0.00000000 1 51 1.000000000
phy
0 2.92847943 15.39613342 -0.97551650 -0.31668618 0.89774710 -0.30620268 0.00000000 0.00000000 1 51 1.000000000
0 4.70840549 15.54782104 -1.35026526 -0.28239465 0.94447792 0.16797273 0.00000000 0.00000000 1 51 1.000000000
0 3.26196218 3.98625779 -4.49395800 0.40908799 0.91162586 0.03981654 0.00000000 0.00000000 1 51 1.000000000
phy
0 2.51468182 14.21940994 3.54504442 -0.27211401 -0.53239965 -0.80156392 0.00000000 0.00000000 1 51 1.000000000
0 5.60597467 15.51895237 -1.13002276 -0.53999782 0.47836730 0.69250786 0.00000000 0.00000000 1 51 1.000000000
0 4.70840549 15.54782104 -1.35026526 -0.28239465 0.94447792 0.16797273 0.00000000 0.00000000 1 51 1.000000000
phy
0 5.60597467 15.51895237 -1.13002276 -0.53999782 0.47836730 0.69250786 0.00000000 0.00000000 1 51 1.000000000
0 2.51468182 14.21940994 3.54504442 -0.27211401 -0.53239965 -0.80156392 0.00000000 0.00000000 1 51 1.000000000
0 4.19692326 14.09331036 4.23745346 -0.46064809 -0.83502841 -0.30088356 0.00000000 0.00000000 1 51 1.000000000
phy
0 7.01845789 3.00082850 -0.21404788 0.62458467 -0.71107346 0.32290629 0.00000000 0.00000000 1 51 1.000000000
0 2.25319338 2.96561193 -0.65126938 0.40588048 -0.28928372 -0.86693490 0.00000000 0.00000000 1 51 1.000000000
0 3.26196218 3.98625779 -4.49395800 0.40908799 0.91162586 0.03981654 0.00000000 0.00000000 1 51 1.000000000
phy
0 2.49337053 13.18832874 -1.08428657 -0.55287534 0.82404399 0.12361408 0.00000000 0.00000000 1 54 1.000000000
0 5.32706451 13.43693066 -1.53031909 0.42588651 0.87616098 0.22574911 0.00000000 0.00000000 1 54 1.000000000
0 5.12881088 13.98622608 -2.48369193 0.29491636 -0.87471151 -0.38458300 0.00000000 0.00000000 1 54 1.000000000
phy
0 2.49337053 13.18832874 -1.08428657 -0.55287534 0.82404399 0.12361408 0.00000000 0.00000000 1 54 1.000000000
0 5.12881088 13.98622608 -2.48369193 0.29491636 -0.87471151 -0.38458300 0.00000000 0.00000000 1 54 1.000000000
0 2.29511595 13.73762321 -2.03765917 -0.25791961 -0.91692835 -0.30449939 0.00000000 0.00000000 1 54 1.000000000
phy
0 2.49337053 13.18832874 -1.08428657 -0.55287534 0.82404399 0.12361408 0.00000000 0.00000000 1 54 1.000000000
0 2.29511595 13.73762321 -2.03765917 -0.25791961 -0.91692835 -0.30449939 0.00000000 0.00000000 1 54 1.000000000
0 2.25460362 -0.40572387 -10.17805672 -0.66618502 -0.72808427 -0.16152652 0.00000000 0.00000000 1 54 1.000000000
phy
0 2.49337053 13.18832874 -1.08428657 -0.55287534 0.82404399 0.12361408 0.00000000 0.00000000 1 54 1.000000000
0 2.25460362 -0.40572387 -10.17805672 -0.66618502 -0.72808427 -0.16152652 0.00000000 0.00000000 1 54 1.000000000
0 2.45285821 -0.95501918 -9.22468376 -0.12216284 0.93220311 0.34069604 0.00000000 0.00000000 1 54 1.000000000
phy
0 5.08829784 -0.15712000 -10.62408924 0.29518726 -0.93354607 -0.20336261 0.00000000 0.00000000 1 54 1.000000000
0 2.29511595 13.73762321 -2.03765917 -0.25791961 -0.91692835 -0.30449939 0.00000000 0.00000000 1 54 1.000000000
0 5.12881088 13.98622608 -2.48369193 0.29491636 -0.87471151 -0.38458300 0.00000000 0.00000000 1 54 1.000000000
phy
0 5.08829784 -0.15712000 -10.62408924 0.29518726 -0.93354607 -0.20336261 0.00000000 0.00000000 1 54 1.000000000
0 2.25460362 -0.40572387 -10.17805672 -0.66618502 -0.72808427 -0.16152652 0.00000000 0.00000000 1 54 1.000000000
0 2.29511595 13.73762321 -2.03765917 -0.25791961 -0.91692835 -0.30449939 0.00000000 0.00000000 1 54 1.000000000
phy
0 2.45285821 -0.95501918 -9.22468376 -0.12216284 0.93220311 0.34069604 0.00000000 0.00000000 1 54 1.000000000
0 5.08829784 -0.15712000 -10.62408924 0.29518726 -0.93354607 -0.20336261 0.00000000 0.00000000 1 54 1.000000000
0 5.28655291 -0.70641530 -9.67071629 0.42447636 0.84806520 0.31718332 0.00000000 0.00000000 1 54 1.000000000
phy
0 2.45285821 -0.95501918 -9.22468376 -0.12216284 0.93220311 0.34069604 0.00000000 0.00000000 1 54 1.000000000
0 5.28655291 -0.70641530 -9.67071629 0.42447636 0.84806520 0.31718332 0.00000000 0.00000000 1 54 1.000000000
0 5.32706451 13.43693066 -1.53031909 0.42588651 0.87616098 0.22574911 0.00000000 0.00000000 1 54 1.000000000
phy
0 5.08829784 -0.15712000 -10.62408924 0.29518726 -0.93354607 -0.20336261 0.00000000 0.00000000 1 54 1.000000000
0 5.32706451 13.43693066 -1.53031909 0.42588651 0.87616098 0.22574911 0.00000000 0.00000000 1 54 1.000000000
0 5.28655291 -0.70641530 -9.67071629 0.42447636 0.84806520 0.31718332 0.00000000 0.00000000 1 54 1.000000000
phy
0 5.12881088 13.98622608 -2.48369193 0.29491636 -0.87471151 -0.38458300 0.00000000 0.00000000 1 54 1.000000000
0 5.32706451 13.43693066 -1.53031909 0.42588651 0.87616098 0.22574911 0.00000000 0.00000000 1 54 1.000000000
0 5.08829784 -0.15712000 -10.62408924 0.29518726 -0.93354607 -0.20336261 0.00000000 0.00000000 1 54 1.000000000
phy
0 2.49337053 13.18832874 -1.08428657 -0.55287534 0.82404399 0.12361408 0.00000000 0.00000000 1 54 1.000000000
0 2.45285821 -0.95501918 -9.22468376 -0.12216284 0.93220311 0.34069604 0.00000000 0.00000000 1 54 1.000000000
0 5.32706451 13.43693066 -1.53031909 0.42588651 0.87616098 0.22574911 0.00000000 0.00000000 1 54 1.000000000
phy
0 2.45285821 -0.95501918 -9.22468376 -0.12216284 0.93220311 0.34069604 0.00000000 0.00000000 1 54 1.000000000
0 2.25460362 -0.40572387 -10.17805672 -0.66618502 -0.72808427 -0.16152652 0.00000000 0.00000000 1 54 1.000000000
0 5.08829784 -0.15712000 -10.62408924 0.29518726 -0.93354607 -0.20336261 0.00000000 0.00000000 1 54 1.000000000
phy
0 2.45290661 4.56473684 3.90288258 -0.15915973 0.75581098 -0.63515192 0.00000000 0.00000000 1 52 1.000000000
0 1.74685025 1.21926200 2.67719030 -0.62173712 0.05569728 0.78124309 0.00000000 0.00000000 1 52 1.000000000
0 7.10929775 3.87940288 3.09117436 0.82188886 0.56903487 -0.02641958 0.00000000 0.00000000 1 52 1.000000000
phy
0 1.74685025 1.21926200 2.67719030 -0.62173712 0.05569728 0.78124309 0.00000000 0.00000000 1 52 1.000000000
0 6.40324211 0.53392726 1.86548173 0.45738435 -0.13431047 0.87906790 0.00000000 0.00000000 1 52 1.000000000
0 7.10929775 3.87940288 3.09117436 0.82188886 0.56903487 -0.02641958 0.00000000 0.00000000 1 52 1.000000000
phy
0 1.77273202 6.84236288 -1.92198396 -0.66512078 -0.07481454 -0.74297851 0.00000000 0.00000000 1 52 1.000000000
0 2.45290661 4.56473684 3.90288258 -0.15915973 0.75581098 -0.63515192 0.00000000 0.00000000 1 52 1.000000000
0 6.42912436 6.15702772 -2.73369241 0.46412432 0.20560671 -0.86157674 0.00000000 0.00000000 1 52 1.000000000
phy
0 6.42912436 6.15702772 -2.73369241 0.46412432 0.20560671 -0.86157674 0.00000000 0.00000000 1 52 1.000000000
0 2.45290661 4.56473684 3.90288258 -0.15915973 0.75581098 -0.63515192 0.00000000 0.00000000 1 52 1.000000000
0 7.10929775 3.87940288 3.09117436 0.82188886 0.56903487 -0.02641958 0.00000000 0.00000000 1 52 1.000000000
phy
0 1.74685025 1.21926200 2.67719030 -0.62173712 0.05569728 0.78124309 0.00000000 0.00000000 1 52 1.000000000
0 2.45290661 4.56473684 3.90288258 -0.15915973 0.75581098 -0.63515192 0.00000000 0.00000000 1 52 1.000000000
0 1.77273202 6.84236288 -1.92198396 -0.66512078 -0.07481454 -0.74297851 0.00000000 0.00000000 1 52 1.000000000
phy
0 7.10929775 3.87940288 3.09117436 0.82188886 0.56903487 -0.02641958 0.00000000 0.00000000 1 52 1.000000000
0 5.72306871 2.81155300 -3.95938468 0.37732291 -0.82622415 0.41830757 0.00000000 0.00000000 1 52 1.000000000
0 6.42912436 6.15702772 -2.73369241 0.46412432 0.20560671 -0.86157674 0.00000000 0.00000000 1 52 1.000000000
phy
0 7.10929775 3.87940288 3.09117436 0.82188886 0.56903487 -0.02641958 0.00000000 0.00000000 1 52 1.000000000
0 6.40324211 0.53392726 1.86548173 0.45738435 -0.13431047 0.87906790 0.00000000 0.00000000 1 52 1.000000000
0 5.72306871 2.81155300 -3.95938468 0.37732291 -0.82622415 0.41830757 0.00000000 0.00000000 1 52 1.000000000
phy
0 6.40324211 0.53392726 1.86548173 0.45738435 -0.13431047 0.87906790 0.00000000 0.00000000 1 52 1.000000000
0 1.74685025 1.21926200 2.67719030 -0.62173712 0.05569728 0.78124309 0.00000000 0.00000000 1 52 1.000000000
0 5.72306871 2.81155300 -3.95938468 0.37732291 -0.82622415 0.41830757 0.00000000 0.00000000 1 52 1.000000000
phy
0 1.74685025 1.21926200 2.67719030 -0.62173712 0.05569728 0.78124309 0.00000000 0.00000000 1 52 1.000000000
0 1.06667566 3.49688745 -3.14767575 -0.70179731 -0.63621658 0.32048273 0.00000000 0.00000000 1 52 1.000000000
0 5.72306871 2.81155300 -3.95938468 0.37732291 -0.82622415 0.41830757 0.00000000 0.00000000 1 52 1.000000000
phy
0 1.77273202 6.84236288 -1.92198396 -0.66512078 -0.07481454 -0.74297851 0.00000000 0.00000000 1 52 1.000000000
0 6.42912436 6.15702772 -2.73369241 0.46412432 0.20560671 -0.86157674 0.00000000 0.00000000 1 52 1.000000000
0 5.72306871 2.81155300 -3.95938468 0.37732291 -0.82622415 0.41830757 0.00000000 0.00000000 1 52 1.000000000
phy
0 1.74685025 1.21926200 2.67719030 -0.62173712 0.05569728 0.78124309 0.00000000 0.00000000 1 52 1.000000000
0 1.77273202 6.84236288 -1.92198396 -0.66512078 -0.07481454 -0.74297851 0.00000000 0.00000000 1 52 1.000000000
0 1.06667566 3.49688745 -3.14767575 -0.70179731 -0.63621658 0.32048273 0.00000000 0.00000000 1 52 1.000000000
phy
0 1.77273202 6.84236288 -1.92198396 -0.66512078 -0.07481454 -0.74297851 0.00000000 0.00000000 1 52 1.000000000
0 5.72306871 2.81155300 -3.95938468 0.37732291 -0.82622415 0.41830757 0.00000000 0.00000000 1 52 1.000000000
0 1.06667566 3.49688745 -3.14767575 -0.70179731 -0.63621658 0.32048273 0.00000000 0.00000000 1 52 1.000000000
phy
0 7.15978384 4.45932293 1.85355353 0.23403482 0.80785072 -0.54092968 0.00000000 0.00000000 1 53 1.000000000
0 7.15977716 2.52388120 1.83731091 0.13658470 -0.93492520 -0.32750520 0.00000000 0.00000000 1 53 1.000000000
0 2.45621729 2.51694036 2.66618013 -0.56678122 -0.55400449 -0.60978532 0.00000000 0.00000000 1 53 1.000000000
phy
0 7.15978384 4.45932293 1.85355353 0.23403482 0.80785072 -0.54092968 0.00000000 0.00000000 1 53 1.000000000
0 2.45621729 2.51694036 2.66618013 -0.56678122 -0.55400449 -0.60978532 0.00000000 0.00000000 1 53 1.000000000
0 2.45622349 4.45238209 2.68242288 -0.40715274 0.80690473 -0.42793858 0.00000000 0.00000000 1 53 1.000000000
phy
0 7.15977716 2.52388120 1.83731091 0.13658470 -0.93492520 -0.32750520 0.00000000 0.00000000 1 53 1.000000000
0 2.99722695 2.49117589 5.73601341 -0.07685489 -0.84175789 0.53435665 0.00000000 0.00000000 1 53 1.000000000
0 2.45621729 2.51694036 2.66618013 -0.56678122 -0.55400449 -0.60978532 0.00000000 0.00000000 1 53 1.000000000
phy
0 7.15977716 2.52388120 1.83731091 0.13658470 -0.93492520 -0.32750520 0.00000000 0.00000000 1 53 1.000000000
0 7.70078611 2.49811673 4.90714407 0.63392276 -0.70246291 0.32355496 0.00000000 0.00000000 1 53 1.000000000
0 2.99722695 2.49117589 5.73601341 -0.07685489 -0.84175789 0.53435665 0.00000000 0.00000000 1 53 1.000000000
phy
0 2.45622349 4.45238209 2.68242288 -0.40715274 0.80690473 -0.42793858 0.00000000 0.00000000 1 53 1.000000000
0 2.45621729 2.51694036 2.66618013 -0.56678122 -0.55400449 -0.60978532 0.00000000 0.00000000 1 53 1.000000000
0 2.99723315 4.42661762 5.75225544 -0.30747291 0.88781345 0.34241438 0.00000000 0.00000000 1 53 1.000000000
phy
0 2.99723315 4.42661762 5.75225544 -0.30747291 0.88781345 0.34241438 0.00000000 0.00000000 1 53 1.000000000
0 2.45621729 2.51694036 2.66618013 -0.56678122 -0.55400449 -0.60978532 0.00000000 0.00000000 1 53 1.000000000
0 2.99722695 2.49117589 5.73601341 -0.07685489 -0.84175789 0.53435665 0.00000000 0.00000000 1 53 1.000000000
phy
0 7.15978384 4.45932293 1.85355353 0.23403482 0.80785072 -0.54092968 0.00000000 0.00000000 1 53 1.000000000
0 2.45622349 4.45238209 2.68242288 -0.40715274 0.80690473 -0.42793858 0.00000000 0.00000000 1 53 1.000000000
0 2.99723315 4.42661762 5.75225544 -0.30747291 0.88781345 0.34241438 0.00000000 0.00000000 1 53 1.000000000
phy
0 7.15978384 4.45932293 1.85355353 0.23403482 0.80785072 -0.54092968 0.00000000 0.00000000 1 53 1.000000000
0 2.99723315 4.42661762 5.75225544 -0.30747291 0.88781345 0.34241438 0.00000000 0.00000000 1 53 1.000000000
0 7.70079231 4.43355846 4.92338657 0.37361339 0.60196793 0.70572501 0.00000000 0.00000000 1 53 1.000000000
phy
0 7.15978384 4.45932293 1.85355353 0.23403482 0.80785072 -0.54092968 0.00000000 0.00000000 1 53 1.000000000
0 7.70078611 2.49811673 4.90714407 0.63392276 -0.70246291 0.32355496 0.00000000 0.00000000 1 53 1.000000000
0 7.15977716 2.52388120 1.83731091 0.13658470 -0.93492520 -0.32750520 0.00000000 0.00000000 1 53 1.000000000
phy
0 7.70079231 4.43355846 4.92338657 0.37361339 0.60196793 0.70572501 0.00000000 0.00000000 1 53 1.000000000
0 7.70078611 2.49811673 4.90714407 0.63392276 -0.70246291 0.32355496 0.00000000 0.00000000 1 53 1.000000000
0 7.15978384 4.45932293 1.85355353 0.23403482 0.80785072 -0.54092968 0.00000000 0.00000000 1 53 1.000000000
phy
0 2.99722695 2.49117589 5.73601341 -0.07685489 -0.84175789 0.53435665 0.00000000 0.00000000 1 53 1.000000000
0 7.70079231 4.43355846 4.92338657 0.37361339 0.60196793 0.70572501 0.00000000 0.00000000 1 53 1.000000000
0 2.99723315 4.42661762 5.75225544 -0.30747291 0.88781345 0.34241438 0.00000000 0.00000000 1 53 1.000000000
phy
0 2.99722695 2.49117589 5.73601341 -0.07685489 -0.84175789 0.53435665 0.00000000 0.00000000 1 53 1.000000000
0 7.70078611 2.49811673 4.90714407 0.63392276 -0.70246291 0.32355496 0.00000000 0.00000000 1 53 1.000000000
0 7.70079231 4.43355846 4.92338657 0.37361339 0.60196793 0.70572501 0.00000000 0.00000000 1 53 1.000000000
phy
0 2.38802195 -1.13897121 -10.52295208 -0.13749048 0.90407038 -0.40466437 0.00000000 0.00000000 1 56 1.000000000
0 5.25069714 -1.00572276 -10.80207443 0.82402647 0.52644193 0.20937847 0.00000000 0.00000000 1 56 1.000000000
0 5.67106771 -5.02221584 -8.40817928 0.78119135 0.52723420 -0.33431152 0.00000000 0.00000000 1 56 1.000000000
phy
0 2.38802195 -1.13897121 -10.52295208 -0.13749048 0.90407038 -0.40466437 0.00000000 0.00000000 1 56 1.000000000
0 5.67106771 -5.02221584 -8.40817928 0.78119135 0.52723420 -0.33431152 0.00000000 0.00000000 1 56 1.000000000
0 2.80839276 -5.15546560 -8.12905693 -0.50819850 0.50739658 -0.69590443 0.00000000 0.00000000 1 56 1.000000000
phy
0 2.38802195 -1.13897121 -10.52295208 -0.13749048 0.90407038 -0.40466437 0.00000000 0.00000000 1 56 1.000000000
0 2.80839276 -5.15546560 -8.12905693 -0.50819850 0.50739658 -0.69590443 0.00000000 0.00000000 1 56 1.000000000
0 2.25460482 -0.40572989 -10.17805672 -0.69300616 0.60774529 0.38779914 0.00000000 0.00000000 1 56 1.000000000
phy
0 2.38802195 -1.13897121 -10.52295208 -0.13749048 0.90407038 -0.40466437 0.00000000 0.00000000 1 56 1.000000000
0 2.25460482 -0.40572989 -10.17805672 -0.69300616 0.60774529 0.38779914 0.00000000 0.00000000 1 56 1.000000000
0 5.25069714 -1.00572276 -10.80207443 0.82402647 0.52644193 0.20937847 0.00000000 0.00000000 1 56 1.000000000
phy
0 2.80839276 -5.15546560 -8.12905693 -0.50819850 0.50739658 -0.69590443 0.00000000 0.00000000 1 56 1.000000000
0 5.67106771 -5.02221584 -8.40817928 0.78119135 0.52723420 -0.33431152 0.00000000 0.00000000 1 56 1.000000000
0 5.73740864 -4.44571400 -7.45256805 0.12140087 -0.90047652 -0.41761699 0.00000000 0.00000000 1 56 1.000000000
phy
0 2.80839276 -5.15546560 -8.12905693 -0.50819850 0.50739658 -0.69590443 0.00000000 0.00000000 1 56 1.000000000
0 5.73740864 -4.44571400 -7.45256805 0.12140087 -0.90047652 -0.41761699 0.00000000 0.00000000 1 56 1.000000000
0 2.87473345 -4.57896233 -7.17344618 -0.84490007 -0.48722130 -0.22081526 0.00000000 0.00000000 1 56 1.000000000
phy
0 2.25460482 -0.40572989 -10.17805672 -0.69300616 0.60774529 0.38779914 0.00000000 0.00000000 1 56 1.000000000
0 2.80839276 -5.15546560 -8.12905693 -0.50819850 0.50739658 -0.69590443 0.00000000 0.00000000 1 56 1.000000000
0 2.87473345 -4.57896233 -7.17344618 -0.84490007 -0.48722130 -0.22081526 0.00000000 0.00000000 1 56 1.000000000
phy
0 5.63918257 2.37022734 -5.20613813 0.87422740 -0.45267525 -0.17553219 0.00000000 0.00000000 1 56 1.000000000
0 5.73740864 -4.44571400 -7.45256805 0.12140087 -0.90047652 -0.41761699 0.00000000 0.00000000 1 56 1.000000000
0 5.67106771 -5.02221584 -8.40817928 0.78119135 0.52723420 -0.33431152 0.00000000 0.00000000 1 56 1.000000000
phy
0 5.67106771 -5.02221584 -8.40817928 0.78119135 0.52723420 -0.33431152 0.00000000 0.00000000 1 56 1.000000000
0 5.25069714 -1.00572276 -10.80207443 0.82402647 0.52644193 0.20937847 0.00000000 0.00000000 1 56 1.000000000
0 5.63918257 2.37022734 -5.20613813 0.87422740 -0.45267525 -0.17553219 0.00000000 0.00000000 1 56 1.000000000
phy
0 2.49337006 13.18832397 -1.08428991 -0.11035262 -0.93292284 -0.34274945 0.00000000 0.00000000 1 56 1.000000000
0 5.73740864 -4.44571400 -7.45256805 0.12140087 -0.90047652 -0.41761699 0.00000000 0.00000000 1 56 1.000000000
0 5.63918257 2.37022734 -5.20613813 0.87422740 -0.45267525 -0.17553219 0.00000000 0.00000000 1 56 1.000000000
phy
0 5.63918257 2.37022734 -5.20613813 0.87422740 -0.45267525 -0.17553219 0.00000000 0.00000000 1 56 1.000000000
0 5.32706451 13.43692589 -1.53032160 0.92043155 -0.38702911 -0.05490152 0.00000000 0.00000000 1 56 1.000000000
0 2.49337006 13.18832397 -1.08428991 -0.11035262 -0.93292284 -0.34274945 0.00000000 0.00000000 1 56 1.000000000
phy
0 5.63918257 2.37022734 -5.20613813 0.87422740 -0.45267525 -0.17553219 0.00000000 0.00000000 1 56 1.000000000
0 5.25069714 -1.00572276 -10.80207443 0.82402647 0.52644193 0.20937847 0.00000000 0.00000000 1 56 1.000000000
0 5.32706451 13.43692589 -1.53032160 0.92043155 -0.38702911 -0.05490152 0.00000000 0.00000000 1 56 1.000000000
phy
0 2.49337006 13.18832397 -1.08428991 -0.11035262 -0.93292284 -0.34274945 0.00000000 0.00000000 1 56 1.000000000
0 2.87473345 -4.57896233 -7.17344618 -0.84490007 -0.48722130 -0.22081526 0.00000000 0.00000000 1 56 1.000000000
0 5.73740864 -4.44571400 -7.45256805 0.12140087 -0.90047652 -0.41761699 0.00000000 0.00000000 1 56 1.000000000
phy
0 2.87473345 -4.57896233 -7.17344618 -0.84490007 -0.48722130 -0.22081526 0.00000000 0.00000000 1 56 1.000000000
0 2.49337006 13.18832397 -1.08428991 -0.11035262 -0.93292284 -0.34274945 0.00000000 0.00000000 1 56 1.000000000
0 2.29511547 13.73761845 -2.03766274 -0.93047535 0.26483923 0.25313213 0.00000000 0.00000000 1 56 1.000000000
phy
0 5.32706451 13.43692589 -1.53032160 0.92043155 -0.38702911 -0.05490152 0.00000000 0.00000000 1 56 1.000000000
0 2.29511547 13.73761845 -2.03766274 -0.93047535 0.26483923 0.25313213 0.00000000 0.00000000 1 56 1.000000000
0 2.49337006 13.18832397 -1.08428991 -0.11035262 -0.93292284 -0.34274945 0.00000000 0.00000000 1 56 1.000000000
phy
0 2.25460482 -0.40572989 -10.17805672 -0.69300616 0.60774529 0.38779914 0.00000000 0.00000000 1 56 1.000000000
0 5.12881088 13.98622322 -2.48369408 0.13101289 0.81687361 0.56174105 0.00000000 0.00000000 1 56 1.000000000
0 5.25069714 -1.00572276 -10.80207443 0.82402647 0.52644193 0.20937847 0.00000000 0.00000000 1 56 1.000000000
phy
0 5.12881088 13.98622322 -2.48369408 0.13101289 0.81687361 0.56174105 0.00000000 0.00000000 1 56 1.000000000
0 2.25460482 -0.40572989 -10.17805672 -0.69300616 0.60774529 0.38779914 0.00000000 0.00000000 1 56 1.000000000
0 2.29511547 13.73761845 -2.03766274 -0.93047535 0.26483923 0.25313213 0.00000000 0.00000000 1 56 1.000000000
phy
0 2.25460482 -0.40572989 -10.17805672 -0.69300616 0.60774529 0.38779914 0.00000000 0.00000000 1 56 1.000000000
0 2.87473345 -4.57896233 -7.17344618 -0.84490007 -0.48722130 -0.22081526 0.00000000 0.00000000 1 56 1.000000000
0 2.29511547 13.73761845 -2.03766274 -0.93047535 0.26483923 0.25313213 0.00000000 0.00000000 1 56 1.000000000
phy
0 5.32706451 13.43692589 -1.53032160 0.92043155 -0.38702911 -0.05490152 0.00000000 0.00000000 1 56 1.000000000
0 5.25069714 -1.00572276 -10.80207443 0.82402647 0.52644193 0.20937847 0.00000000 0.00000000 1 56 1.000000000
0 5.12881088 13.98622322 -2.48369408 0.13101289 0.81687361 0.56174105 0.00000000 0.00000000 1 56 1.000000000
phy
0 5.12881088 13.98622322 -2.48369408 0.13101289 0.81687361 0.56174105 0.00000000 0.00000000 1 56 1.000000000
0 2.29511547 13.73761845 -2.03766274 -0.93047535 0.26483923 0.25313213 0.00000000 0.00000000 1 56 1.000000000
0 5.32706451 13.43692589 -1.53032160 0.92043155 -0.38702911 -0.05490152 0.00000000 0.00000000 1 56 1.000000000
phy
0 2.80839252 -5.15546322 -8.12905598 -0.50270712 0.42396051 -0.75335455 0.00000000 0.00000000 1 55 1.000000000
0 5.67142200 -5.02559853 -8.40616131 0.23404573 0.50772244 -0.82912034 0.00000000 0.00000000 1 55 1.000000000
0 3.11859703 -5.01640701 -4.02528763 -0.23076019 -0.31342480 -0.92114860 0.00000000 0.00000000 1 55 1.000000000
phy
0 3.11859703 -5.01640701 -4.02528763 -0.23076019 -0.31342480 -0.92114860 0.00000000 0.00000000 1 55 1.000000000
0 5.67142200 -5.02559853 -8.40616131 0.23404573 0.50772244 -0.82912034 0.00000000 0.00000000 1 55 1.000000000
0 6.52763939 -4.86585569 -4.49021149 0.48351845 -0.18754002 -0.85500795 0.00000000 0.00000000 1 55 1.000000000
phy
0 2.80839252 -5.15546322 -8.12905598 -0.50270712 0.42396051 -0.75335455 0.00000000 0.00000000 1 55 1.000000000
0 2.38802290 -1.13896894 -10.52295017 -0.46306193 0.84105438 -0.27964488 0.00000000 0.00000000 1 55 1.000000000
0 5.67142200 -5.02559853 -8.40616131 0.23404573 0.50772244 -0.82912034 0.00000000 0.00000000 1 55 1.000000000
phy
0 2.38802290 -1.13896894 -10.52295017 -0.46306193 0.84105438 -0.27964488 0.00000000 0.00000000 1 55 1.000000000
0 2.80839252 -5.15546322 -8.12905598 -0.50270712 0.42396051 -0.75335455 0.00000000 0.00000000 1 55 1.000000000
0 2.70018029 -3.97214699 -6.75516558 -0.99891454 -0.04188926 -0.02037106 0.00000000 0.00000000 1 55 1.000000000
phy
0 2.80839252 -5.15546322 -8.12905598 -0.50270712 0.42396051 -0.75335455 0.00000000 0.00000000 1 55 1.000000000
0 3.11859703 -5.01640701 -4.02528763 -0.23076019 -0.31342480 -0.92114860 0.00000000 0.00000000 1 55 1.000000000
0 2.70018029 -3.97214699 -6.75516558 -0.99891454 -0.04188926 -0.02037106 0.00000000 0.00000000 1 55 1.000000000
phy
0 2.45436382 -0.56246710 -9.56733990 -0.55177242 -0.35287878 0.75566119 0.00000000 0.00000000 1 55 1.000000000
0 2.38802290 -1.13896894 -10.52295017 -0.46306193 0.84105438 -0.27964488 0.00000000 0.00000000 1 55 1.000000000
0 2.70018029 -3.97214699 -6.75516558 -0.99891454 -0.04188926 -0.02037106 0.00000000 0.00000000 1 55 1.000000000
phy
0 3.06618810 -3.89985633 -4.04801798 -0.24280809 -0.57844663 0.77874506 0.00000000 0.00000000 1 55 1.000000000
0 2.45436382 -0.56246710 -9.56733990 -0.55177242 -0.35287878 0.75566119 0.00000000 0.00000000 1 55 1.000000000
0 2.70018029 -3.97214699 -6.75516558 -0.99891454 -0.04188926 -0.02037106 0.00000000 0.00000000 1 55 1.000000000
phy
0 5.31703901 -0.42921749 -9.84646225 0.32003376 -0.35024861 0.88028651 0.00000000 0.00000000 1 55 1.000000000
0 2.38802290 -1.13896894 -10.52295017 -0.46306193 0.84105438 -0.27964488 0.00000000 0.00000000 1 55 1.000000000
0 2.45436382 -0.56246710 -9.56733990 -0.55177242 -0.35287878 0.75566119 0.00000000 0.00000000 1 55 1.000000000
phy
0 2.45436382 -0.56246710 -9.56733990 -0.55177242 -0.35287878 0.75566119 0.00000000 0.00000000 1 55 1.000000000
0 3.06618810 -3.89985633 -4.04801798 -0.24280809 -0.57844663 0.77874506 0.00000000 0.00000000 1 55 1.000000000
0 5.31703901 -0.42921749 -9.84646225 0.32003376 -0.35024861 0.88028651 0.00000000 0.00000000 1 55 1.000000000
phy
0 3.11859703 -5.01640701 -4.02528763 -0.23076019 -0.31342480 -0.92114860 0.00000000 0.00000000 1 55 1.000000000
0 6.47523022 -3.74930453 -4.51294184 0.46519226 -0.59554523 0.65492135 0.00000000 0.00000000 1 55 1.000000000
0 3.06618810 -3.89985633 -4.04801798 -0.24280809 -0.57844663 0.77874506 0.00000000 0.00000000 1 55 1.000000000
phy
0 3.11859703 -5.01640701 -4.02528763 -0.23076019 -0.31342480 -0.92114860 0.00000000 0.00000000 1 55 1.000000000
0 6.52763939 -4.86585569 -4.49021149 0.48351845 -0.18754002 -0.85500795 0.00000000 0.00000000 1 55 1.000000000
0 6.47523022 -3.74930453 -4.51294184 0.46519226 -0.59554523 0.65492135 0.00000000 0.00000000 1 55 1.000000000
phy
0 6.47523022 -3.74930453 -4.51294184 0.46519226 -0.59554523 0.65492135 0.00000000 0.00000000 1 55 1.000000000
0 6.10922241 -3.82159591 -7.22008991 0.98883104 0.14886016 -0.00734718 0.00000000 0.00000000 1 55 1.000000000
0 5.31703901 -0.42921749 -9.84646225 0.32003376 -0.35024861 0.88028651 0.00000000 0.00000000 1 55 1.000000000
phy
0 6.47523022 -3.74930453 -4.51294184 0.46519226 -0.59554523 0.65492135 0.00000000 0.00000000 1 55 1.000000000
0 6.52763939 -4.86585569 -4.49021149 0.48351845 -0.18754002 -0.85500795 0.00000000 0.00000000 1 55 1.000000000
0 6.10922241 -3.82159591 -7.22008991 0.98883104 0.14886016 -0.00734718 0.00000000 0.00000000 1 55 1.000000000
phy
0 5.31703901 -0.42921749 -9.84646225 0.32003376 -0.35024861 0.88028651 0.00000000 0.00000000 1 55 1.000000000
0 3.06618810 -3.89985633 -4.04801798 -0.24280809 -0.57844663 0.77874506 0.00000000 0.00000000 1 55 1.000000000
0 6.47523022 -3.74930453 -4.51294184 0.46519226 -0.59554523 0.65492135 0.00000000 0.00000000 1 55 1.000000000
phy
0 3.11859703 -5.01640701 -4.02528763 -0.23076019 -0.31342480 -0.92114860 0.00000000 0.00000000 1 55 1.000000000
0 3.06618810 -3.89985633 -4.04801798 -0.24280809 -0.57844663 0.77874506 0.00000000 0.00000000 1 55 1.000000000
0 2.70018029 -3.97214699 -6.75516558 -0.99891454 -0.04188926 -0.02037106 0.00000000 0.00000000 1 55 1.000000000
phy
0 5.31703901 -0.42921749 -9.84646225 0.32003376 -0.35024861 0.88028651 0.00000000 0.00000000 1 55 1.000000000
0 5.25069857 -1.00572050 -10.80207348 0.58633852 0.77855176 -0.22375028 0.00000000 0.00000000 1 55 1.000000000
0 2.38802290 -1.13896894 -10.52295017 -0.46306193 0.84105438 -0.27964488 0.00000000 0.00000000 1 55 1.000000000
phy
0 6.10922241 -3.82159591 -7.22008991 0.98883104 0.14886016 -0.00734718 0.00000000 0.00000000 1 55 1.000000000
0 5.25069857 -1.00572050 -10.80207348 0.58633852 0.77855176 -0.22375028 0.00000000 0.00000000 1 55 1.000000000
0 5.31703901 -0.42921749 -9.84646225 0.32003376 -0.35024861 0.88028651 0.00000000 0.00000000 1 55 1.000000000
phy
0 5.67142200 -5.02559853 -8.40616131 0.23404573 0.50772244 -0.82912034 0.00000000 0.00000000 1 55 1.000000000
0 2.38802290 -1.13896894 -10.52295017 -0.46306193 0.84105438 -0.27964488 0.00000000 0.00000000 1 55 1.000000000
0 5.25069857 -1.00572050 -10.80207348 0.58633852 0.77855176 -0.22375028 0.00000000 0.00000000 1 55 1.000000000
phy
0 5.67142200 -5.02559853 -8.40616131 0.23404573 0.50772244 -0.82912034 0.00000000 0.00000000 1 55 1.000000000
0 5.25069857 -1.00572050 -10.80207348 0.58633852 0.77855176 -0.22375028 0.00000000 0.00000000 1 55 1.000000000
0 6.10922241 -3.82159591 -7.22008991 0.98883104 0.14886016 -0.00734718 0.00000000 0.00000000 1 55 1.000000000
phy
0 6.10922241 -3.82159591 -7.22008991 0.98883104 0.14886016 -0.00734718 0.00000000 0.00000000 1 55 1.000000000
0 6.52763939 -4.86585569 -4.49021149 0.48351845 -0.18754002 -0.85500795 0.00000000 0.00000000 1 55 1.000000000
0 5.67142200 -5.02559853 -8.40616131 0.23404573 0.50772244 -0.82912034 0.00000000 0.00000000 1 55 1.000000000
phy
0 -3.81451750 55.25784302 5.86823273 -0.76807928 -0.44914615 -0.45642316 0.00000000 0.00000000 1 48 1.000000000
0 -3.62952733 63.81848907 7.89231968 -0.63417816 -0.59155512 0.49787611 0.00000000 0.00000000 1 48 1.000000000
0 -4.03330660 66.62286377 -3.93157816 -0.66336018 0.26300207 0.70055920 0.00000000 0.00000000 1 48 1.000000000
phy
0 -3.81451750 55.25784302 5.86823273 -0.76807928 -0.44914615 -0.45642316 0.00000000 0.00000000 1 48 1.000000000
0 4.43344164 63.71514893 7.59246588 0.43710399 -0.67697400 0.59215403 0.00000000 0.00000000 1 48 1.000000000
0 -3.62952733 63.81848907 7.89231968 -0.63417816 -0.59155512 0.49787611 0.00000000 0.00000000 1 48 1.000000000
phy
0 -3.62952733 63.81848907 7.89231968 -0.63417816 -0.59155512 0.49787611 0.00000000 0.00000000 1 48 1.000000000
0 4.43344164 63.71514893 7.59246588 0.43710399 -0.67697400 0.59215403 0.00000000 0.00000000 1 48 1.000000000
0 -4.03330660 66.62286377 -3.93157816 -0.66336018 0.26300207 0.70055920 0.00000000 0.00000000 1 48 1.000000000
phy
0 3.84467244 57.95886993 -6.25552034 0.49304906 0.81075913 -0.31555104 0.00000000 0.00000000 1 48 1.000000000
0 4.24845171 55.15450287 5.56837749 0.70943034 -0.05337803 -0.70275134 0.00000000 0.00000000 1 48 1.000000000
0 -4.21829653 58.06221008 -5.95566654 -0.48350695 0.46997893 -0.73847193 0.00000000 0.00000000 1 48 1.000000000
phy
0 -4.21829653 58.06221008 -5.95566654 -0.48350695 0.46997893 -0.73847193 0.00000000 0.00000000 1 48 1.000000000
0 4.24845171 55.15450287 5.56837749 0.70943034 -0.05337803 -0.70275134 0.00000000 0.00000000 1 48 1.000000000
0 -3.81451750 55.25784302 5.86823273 -0.76807928 -0.44914615 -0.45642316 0.00000000 0.00000000 1 48 1.000000000
phy
0 -3.81451750 55.25784302 5.86823273 -0.76807928 -0.44914615 -0.45642316 0.00000000 0.00000000 1 48 1.000000000
0 -4.03330660 66.62286377 -3.93157816 -0.66336018 0.26300207 0.70055920 0.00000000 0.00000000 1 48 1.000000000
0 -4.21829653 58.06221008 -5.95566654 -0.48350695 0.46997893 -0.73847193 0.00000000 0.00000000 1 48 1.000000000
phy
0 4.24845171 55.15450287 5.56837749 0.70943034 -0.05337803 -0.70275134 0.00000000 0.00000000 1 48 1.000000000
0 4.43344164 63.71514893 7.59246588 0.43710399 -0.67697400 0.59215403 0.00000000 0.00000000 1 48 1.000000000
0 -3.81451750 55.25784302 5.86823273 -0.76807928 -0.44914615 -0.45642316 0.00000000 0.00000000 1 48 1.000000000
phy
0 -4.21829653 58.06221008 -5.95566654 -0.48350695 0.46997893 -0.73847193 0.00000000 0.00000000 1 48 1.000000000
0 -4.03330660 66.62286377 -3.93157816 -0.66336018 0.26300207 0.70055920 0.00000000 0.00000000 1 48 1.000000000
0 3.84467244 57.95886993 -6.25552034 0.49304906 0.81075913 -0.31555104 0.00000000 0.00000000 1 48 1.000000000
phy
0 3.84467244 57.95886993 -6.25552034 0.49304906 0.81075913 -0.31555104 0.00000000 0.00000000 1 48 1.000000000
0 -4.03330660 66.62286377 -3.93157816 -0.66336018 0.26300207 0.70055920 0.00000000 0.00000000 1 48 1.000000000
0 4.02966261 66.51952362 -4.23143339 0.86839086 0.22136797 0.44372693 0.00000000 0.00000000 1 48 1.000000000
phy
0 -4.03330660 66.62286377 -3.93157816 -0.66336018 0.26300207 0.70055920 0.00000000 0.00000000 1 48 1.000000000
0 4.43344164 63.71514893 7.59246588 0.43710399 -0.67697400 0.59215403 0.00000000 0.00000000 1 48 1.000000000
0 4.02966261 66.51952362 -4.23143339 0.86839086 0.22136797 0.44372693 0.00000000 0.00000000 1 48 1.000000000
phy
0 4.24845171 55.15450287 5.56837749 0.70943034 -0.05337803 -0.70275134 0.00000000 0.00000000 1 48 1.000000000
0 3.84467244 57.95886993 -6.25552034 0.49304906 0.81075913 -0.31555104 0.00000000 0.00000000 1 48 1.000000000
0 4.02966261 66.51952362 -4.23143339 0.86839086 0.22136797 0.44372693 0.00000000 0.00000000 1 48 1.000000000
phy
0 4.02966261 66.51952362 -4.23143339 0.86839086 0.22136797 0.44372693 0.00000000 0.00000000 1 48 1.000000000
0 4.43344164 63.71514893 7.59246588 0.43710399 -0.67697400 0.59215403 0.00000000 0.00000000 1 48 1.000000000
0 4.24845171 55.15450287 5.56837749 0.70943034 -0.05337803 -0.70275134 0.00000000 0.00000000 1 48 1.000000000
end
