version 1
nodes
0 "root" -1
end
skeleton
time 0
0 0 0 0 0 0 0
end
triangles
p9_entry_c3
0 -111.82765 66.69340 13.55214 -0.96593 0.00000 -0.25882 0.5210 0.1059
0 -111.17124 53.94319 11.10238 -0.96593 0.00000 -0.25882 0.4214 0.0867
0 -116.30269 45.73083 30.25321 -0.96593 0.00000 -0.25882 0.3573 0.2364
p9_entry_c3
0 -111.82765 66.69340 13.55214 -0.96593 0.00000 -0.25882 0.5210 0.1059
0 -116.30269 45.73083 30.25321 -0.96593 0.00000 -0.25882 0.3573 0.2364
0 -118.17199 56.53993 37.22952 -0.96593 0.00000 -0.25882 0.4417 0.2909
p9_entry_c3
0 -111.17124 53.94319 11.10238 -0.88268 -0.29729 -0.36400 0.4214 0.0867
0 -108.93643 48.05848 10.48936 -0.88268 -0.29729 -0.36400 0.3755 0.0819
0 -113.50809 40.74201 27.55101 -0.88268 -0.29729 -0.36400 0.3183 0.2152
p9_entry_c3
0 -111.17124 53.94319 11.10238 -0.88268 -0.29729 -0.36400 0.4214 0.0867
0 -113.50809 40.74201 27.55101 -0.88268 -0.29729 -0.36400 0.3183 0.2152
0 -116.30269 45.73083 30.25321 -0.88268 -0.29729 -0.36400 0.3573 0.2364
p9_entry_clip
0 -108.93643 48.05848 10.48936 -0.53459 -0.71534 -0.45000 0.3755 0.0819
0 -105.91242 45.60652 10.79471 -0.53459 -0.71534 -0.45000 0.3563 0.0843
0 -110.25083 38.66334 26.98587 -0.53459 -0.71534 -0.45000 0.3021 0.2108
p9_entry_clip
0 -108.93643 48.05848 10.48936 -0.53459 -0.71534 -0.45000 0.3755 0.0819
0 -110.25083 38.66334 26.98587 -0.53459 -0.71534 -0.45000 0.3021 0.2108
0 -113.50809 40.74201 27.55101 -0.53459 -0.71534 -0.45000 0.3183 0.2152
p9_entry_ch3
0 -105.91242 45.60652 10.79471 -0.20601 -0.87814 -0.43177 0.3563 0.0843
0 -102.96415 44.62573 11.38273 -0.20601 -0.87814 -0.43177 0.3486 0.0889
0 -107.20926 37.83187 27.22568 -0.20601 -0.87814 -0.43177 0.2956 0.2127
p9_entry_ch3
0 -105.91242 45.60652 10.79471 -0.20601 -0.87814 -0.43177 0.3563 0.0843
0 -107.20926 37.83187 27.22568 -0.20601 -0.87814 -0.43177 0.2956 0.2127
0 -110.25083 38.66334 26.98587 -0.20601 -0.87814 -0.43177 0.3021 0.2108
p9_entry_ch3
0 -102.96415 44.62573 11.38273 -0.33637 -0.82951 -0.44584 0.3486 0.0889
0 -99.99064 43.15455 11.87652 -0.33637 -0.82951 -0.44584 0.3371 0.0928
0 -104.09579 36.58466 27.19718 -0.33637 -0.82951 -0.44584 0.2858 0.2125
p9_entry_ch3
0 -102.96415 44.62573 11.38273 -0.33637 -0.82951 -0.44584 0.3486 0.0889
0 -104.09579 36.58466 27.19718 -0.33637 -0.82951 -0.44584 0.2858 0.2125
0 -107.20926 37.83187 27.22568 -0.33637 -0.82951 -0.44584 0.2956 0.2127
p9_entry_clip
0 -99.99064 43.15455 11.87652 0.09905 -0.92388 -0.36964 0.3371 0.0928
0 -94.19508 43.15455 13.42943 0.09905 -0.92388 -0.36964 0.3371 0.1049
0 -98.30024 36.58466 28.75010 0.09905 -0.92388 -0.36964 0.2858 0.2246
p9_entry_clip
0 -99.99064 43.15455 11.87652 0.09905 -0.92388 -0.36964 0.3371 0.0928
0 -98.30024 36.58466 28.75010 0.09905 -0.92388 -0.36964 0.2858 0.2246
0 -104.09579 36.58466 27.19718 0.09905 -0.92388 -0.36964 0.2858 0.2125
p9_entry_ch3
0 -94.19508 43.15455 13.42943 0.51422 -0.82951 -0.21793 0.3371 0.1049
0 -91.37304 44.62573 14.48856 0.51422 -0.82951 -0.21793 0.3486 0.1132
0 -95.61815 37.83187 30.33151 0.51422 -0.82951 -0.21793 0.2956 0.2370
p9_entry_ch3
0 -94.19508 43.15455 13.42943 0.51422 -0.82951 -0.21793 0.3371 0.1049
0 -95.61815 37.83187 30.33151 0.51422 -0.82951 -0.21793 0.2956 0.2370
0 -98.30024 36.58466 28.75010 0.51422 -0.82951 -0.21793 0.2858 0.2246
p9_entry_ch3
0 -91.37304 44.62573 14.48856 0.39430 -0.87814 -0.27092 0.3486 0.1132
0 -88.52576 45.60652 15.45345 0.39430 -0.87814 -0.27092 0.3563 0.1207
0 -92.86417 38.66334 31.64461 0.39430 -0.87814 -0.27092 0.3021 0.2472
p9_entry_ch3
0 -91.37304 44.62573 14.48856 0.39430 -0.87814 -0.27092 0.3486 0.1132
0 -92.86417 38.66334 31.64461 0.39430 -0.87814 -0.27092 0.3021 0.2472
0 -95.61815 37.83187 30.33151 0.39430 -0.87814 -0.27092 0.2956 0.2370
p9_entry_clip
0 -88.52576 45.60652 15.45345 0.68796 -0.71534 -0.12242 0.3563 0.1207
0 -85.75421 48.05848 16.70102 0.68796 -0.71534 -0.12242 0.3755 0.1305
0 -90.32587 40.74201 33.76266 0.68796 -0.71534 -0.12242 0.3183 0.2638
p9_entry_clip
0 -88.52576 45.60652 15.45345 0.68796 -0.71534 -0.12242 0.3563 0.1207
0 -90.32587 40.74201 33.76266 0.68796 -0.71534 -0.12242 0.3183 0.2638
0 -92.86417 38.66334 31.64461 0.68796 -0.71534 -0.12242 0.3021 0.2472
p9_entry_c3
0 -85.75421 48.05848 16.70102 0.94642 -0.29729 0.12611 0.3755 0.1305
0 -84.12532 53.94319 18.34931 0.94642 -0.29729 0.12611 0.4214 0.1434
0 -89.25677 45.73083 37.50014 0.94642 -0.29729 0.12611 0.3573 0.2930
p9_entry_c3
0 -85.75421 48.05848 16.70102 0.94642 -0.29729 0.12611 0.3755 0.1305
0 -89.25677 45.73083 37.50014 0.94642 -0.29729 0.12611 0.3573 0.2930
0 -90.32587 40.74201 33.76266 0.94642 -0.29729 0.12611 0.3183 0.2638
p9_entry_c3
0 -84.12532 53.94319 18.34931 0.96593 -0.00000 0.25882 0.4214 0.1434
0 -84.78173 66.69340 20.79907 0.96593 -0.00000 0.25882 0.5210 0.1625
0 -91.12607 56.53993 44.47646 0.96593 -0.00000 0.25882 0.4417 0.3475
p9_entry_c3
0 -84.12532 53.94319 18.34931 0.96593 -0.00000 0.25882 0.4214 0.1434
0 -91.12607 56.53993 44.47646 0.96593 -0.00000 0.25882 0.4417 0.3475
0 -89.25677 45.73083 37.50014 0.96593 -0.00000 0.25882 0.3573 0.2930
p9_entry_c3
0 -84.78173 66.69340 20.79907 -0.09905 0.92388 0.36964 0.5210 0.1625
0 -111.82765 66.69340 13.55214 -0.09905 0.92388 0.36964 0.5210 0.1059
0 -118.17199 56.53993 37.22952 -0.09905 0.92388 0.36964 0.4417 0.2909
p9_entry_c3
0 -84.78173 66.69340 20.79907 -0.09905 0.92388 0.36964 0.5210 0.1625
0 -118.17199 56.53993 37.22952 -0.09905 0.92388 0.36964 0.4417 0.2909
0 -91.12607 56.53993 44.47646 -0.09905 0.92388 0.36964 0.4417 0.3475
p9_entry_c3
0 -118.17199 56.53993 37.22952 -0.96593 -0.00000 -0.25882 0.4417 0.2909
0 -116.30269 45.73083 30.25321 -0.96593 -0.00000 -0.25882 0.3573 0.2364
0 -120.23013 30.55636 44.91062 -0.96593 -0.00000 -0.25882 0.2387 0.3509
p9_entry_c3
0 -118.17199 56.53993 37.22952 -0.96593 -0.00000 -0.25882 0.4417 0.2909
0 -120.23013 30.55636 44.91062 -0.96593 -0.00000 -0.25882 0.2387 0.3509
0 -123.02774 37.77878 55.35141 -0.96593 -0.00000 -0.25882 0.2951 0.4324
p9_entry_c3
0 -116.30269 45.73083 30.25321 -0.85566 -0.22754 -0.46484 0.3573 0.2364
0 -113.50809 40.74201 27.55101 -0.85566 -0.22754 -0.46484 0.3183 0.2152
0 -117.00708 27.22294 40.60943 -0.85566 -0.22754 -0.46484 0.2127 0.3173
p9_entry_c3
0 -116.30269 45.73083 30.25321 -0.85566 -0.22754 -0.46484 0.3573 0.2364
0 -117.00708 27.22294 40.60943 -0.85566 -0.22754 -0.46484 0.2127 0.3173
0 -120.23013 30.55636 44.91062 -0.85566 -0.22754 -0.46484 0.2387 0.3509
p9_entry_clip
0 -113.50809 40.74201 27.55101 -0.46957 -0.54750 -0.69264 0.3183 0.2152
0 -110.25083 38.66334 26.98587 -0.46957 -0.54750 -0.69264 0.3021 0.2108
0 -113.57130 25.83402 39.37804 -0.46957 -0.54750 -0.69264 0.2018 0.3076
p9_entry_clip
0 -113.50809 40.74201 27.55101 -0.46957 -0.54750 -0.69264 0.3183 0.2152
0 -113.57130 25.83402 39.37804 -0.46957 -0.54750 -0.69264 0.2018 0.3076
0 -117.00708 27.22294 40.60943 -0.46957 -0.54750 -0.69264 0.2127 0.3173
p9_entry_ch3
0 -110.25083 38.66334 26.98587 -0.12620 -0.67210 -0.72963 0.3021 0.2108
0 -107.20926 37.83187 27.22568 -0.12620 -0.67210 -0.72963 0.2956 0.2127
0 -110.45832 25.27845 39.35136 -0.12620 -0.67210 -0.72963 0.1975 0.3074
p9_entry_ch3
0 -110.25083 38.66334 26.98587 -0.12620 -0.67210 -0.72963 0.3021 0.2108
0 -110.45832 25.27845 39.35136 -0.12620 -0.67210 -0.72963 0.1975 0.3074
0 -113.57130 25.83402 39.37804 -0.12620 -0.67210 -0.72963 0.2018 0.3076
p9_entry_ch3
0 -107.20926 37.83187 27.22568 -0.26098 -0.63488 -0.72720 0.2956 0.2127
0 -104.09579 36.58466 27.19718 -0.26098 -0.63488 -0.72720 0.2858 0.2125
0 -107.23775 24.44509 38.92311 -0.26098 -0.63488 -0.72720 0.1910 0.3041
p9_entry_ch3
0 -107.20926 37.83187 27.22568 -0.26098 -0.63488 -0.72720 0.2956 0.2127
0 -107.23775 24.44509 38.92311 -0.26098 -0.63488 -0.72720 0.1910 0.3041
0 -110.45832 25.27845 39.35136 -0.26098 -0.63488 -0.72720 0.1975 0.3074
p9_entry_clip
0 -104.09579 36.58466 27.19718 0.18301 -0.70711 -0.68301 0.2858 0.2125
0 -98.30024 36.58466 28.75010 0.18301 -0.70711 -0.68301 0.2858 0.2246
0 -101.44219 24.44509 40.47602 0.18301 -0.70711 -0.68301 0.1910 0.3162
p9_entry_clip
0 -104.09579 36.58466 27.19718 0.18301 -0.70711 -0.68301 0.2858 0.2125
0 -101.44219 24.44509 40.47602 0.18301 -0.70711 -0.68301 0.1910 0.3162
0 -107.23775 24.44509 38.92311 0.18301 -0.70711 -0.68301 0.1910 0.3041
p9_entry_ch3
0 -98.30024 36.58466 28.75010 0.58961 -0.63488 -0.49929 0.2858 0.2246
0 -95.61815 37.83187 30.33151 0.58961 -0.63488 -0.49929 0.2956 0.2370
0 -98.86722 25.27845 42.45719 0.58961 -0.63488 -0.49929 0.1975 0.3317
p9_entry_ch3
0 -98.30024 36.58466 28.75010 0.58961 -0.63488 -0.49929 0.2858 0.2246
0 -98.86722 25.27845 42.45719 0.58961 -0.63488 -0.49929 0.1975 0.3317
0 -101.44219 24.44509 40.47602 0.58961 -0.63488 -0.49929 0.1910 0.3162
p9_entry_ch3
0 -95.61815 37.83187 30.33151 0.47411 -0.67210 -0.56877 0.2956 0.2370
0 -92.86417 38.66334 31.64461 0.47411 -0.67210 -0.56877 0.3021 0.2472
0 -96.18464 25.83402 44.03678 0.47411 -0.67210 -0.56877 0.2018 0.3440
p9_entry_ch3
0 -95.61815 37.83187 30.33151 0.47411 -0.67210 -0.56877 0.2956 0.2370
0 -96.18464 25.83402 44.03678 0.47411 -0.67210 -0.56877 0.2018 0.3440
0 -98.86722 25.27845 42.45719 0.47411 -0.67210 -0.56877 0.1975 0.3317
p9_entry_clip
0 -92.86417 38.66334 31.64461 0.75298 -0.54750 -0.36506 0.3021 0.2472
0 -90.32587 40.74201 33.76266 0.75298 -0.54750 -0.36506 0.3183 0.2638
0 -93.82486 27.22294 46.82108 0.75298 -0.54750 -0.36506 0.2127 0.3658
p9_entry_clip
0 -92.86417 38.66334 31.64461 0.75298 -0.54750 -0.36506 0.3021 0.2472
0 -93.82486 27.22294 46.82108 0.75298 -0.54750 -0.36506 0.2127 0.3658
0 -96.18464 25.83402 44.03678 0.75298 -0.54750 -0.36506 0.2018 0.3440
p9_entry_c3
0 -90.32587 40.74201 33.76266 0.97344 -0.22754 0.02527 0.3183 0.2638
0 -89.25677 45.73083 37.50014 0.97344 -0.22754 0.02527 0.3573 0.2930
0 -93.18421 30.55636 52.15755 0.97344 -0.22754 0.02527 0.2387 0.4075
p9_entry_c3
0 -90.32587 40.74201 33.76266 0.97344 -0.22754 0.02527 0.3183 0.2638
0 -93.18421 30.55636 52.15755 0.97344 -0.22754 0.02527 0.2387 0.4075
0 -93.82486 27.22294 46.82108 0.97344 -0.22754 0.02527 0.2127 0.3658
p9_entry_c3
0 -89.25677 45.73083 37.50014 0.96593 0.00000 0.25882 0.3573 0.2930
0 -91.12607 56.53993 44.47646 0.96593 0.00000 0.25882 0.4417 0.3475
0 -95.98181 37.77878 62.59834 0.96593 0.00000 0.25882 0.2951 0.4890
p9_entry_c3
0 -89.25677 45.73083 37.50014 0.96593 0.00000 0.25882 0.3573 0.2930
0 -95.98181 37.77878 62.59834 0.96593 0.00000 0.25882 0.2951 0.4890
0 -93.18421 30.55636 52.15755 0.96593 0.00000 0.25882 0.2387 0.4075
p9_entry_c3
0 -91.12607 56.53993 44.47646 -0.18301 0.70711 0.68301 0.4417 0.3475
0 -118.17199 56.53993 37.22952 -0.18301 0.70711 0.68301 0.4417 0.2909
0 -123.02774 37.77878 55.35141 -0.18301 0.70711 0.68301 0.2951 0.4324
p9_entry_c3
0 -91.12607 56.53993 44.47646 -0.18301 0.70711 0.68301 0.4417 0.3475
0 -123.02774 37.77878 55.35141 -0.18301 0.70711 0.68301 0.2951 0.4324
0 -95.98181 37.77878 62.59834 -0.18301 0.70711 0.68301 0.2951 0.4890
p9_entry_c3
0 -123.02774 37.77878 55.35141 -0.96593 -0.00000 -0.25882 0.2951 0.4324
0 -120.23013 30.55636 44.91062 -0.96593 -0.00000 -0.25882 0.2387 0.3509
0 -122.35565 10.72997 52.84315 -0.96593 -0.00000 -0.25882 0.0838 0.4128
p9_entry_c3
0 -123.02774 37.77878 55.35141 -0.96593 -0.00000 -0.25882 0.2951 0.4324
0 -122.35565 10.72997 52.84315 -0.96593 -0.00000 -0.25882 0.0838 0.4128
0 -125.65565 13.26614 65.15890 -0.96593 -0.00000 -0.25882 0.1036 0.5091
p9_entry_c3
0 -120.23013 30.55636 44.91062 -0.83761 -0.12314 -0.53222 0.2387 0.3509
0 -117.00708 27.22294 40.60943 -0.83761 -0.12314 -0.53222 0.2127 0.3173
0 -118.90072 9.55943 47.67659 -0.83761 -0.12314 -0.53222 0.0747 0.3725
p9_entry_c3
0 -120.23013 30.55636 44.91062 -0.83761 -0.12314 -0.53222 0.2387 0.3509
0 -118.90072 9.55943 47.67659 -0.83761 -0.12314 -0.53222 0.0747 0.3725
0 -122.35565 10.72997 52.84315 -0.83761 -0.12314 -0.53222 0.0838 0.4128
p9_entry_clip
0 -117.00708 27.22294 40.60943 -0.42613 -0.29631 -0.85476 0.2127 0.3173
0 -113.57130 25.83402 39.37804 -0.42613 -0.29631 -0.85476 0.2018 0.3076
0 -115.36833 9.07170 46.08463 -0.42613 -0.29631 -0.85476 0.0709 0.3600
p9_entry_clip
0 -117.00708 27.22294 40.60943 -0.42613 -0.29631 -0.85476 0.2127 0.3173
0 -115.36833 9.07170 46.08463 -0.42613 -0.29631 -0.85476 0.0709 0.3600
0 -118.90072 9.55943 47.67659 -0.42613 -0.29631 -0.85476 0.0747 0.3725
p9_entry_ch3
0 -113.57130 25.83402 39.37804 -0.07288 -0.36374 -0.92865 0.2018 0.3076
0 -110.45832 25.27845 39.35136 -0.07288 -0.36374 -0.92865 0.1975 0.3074
0 -112.21671 8.87661 45.91373 -0.07288 -0.36374 -0.92865 0.0693 0.3587
p9_entry_ch3
0 -113.57130 25.83402 39.37804 -0.07288 -0.36374 -0.92865 0.2018 0.3076
0 -112.21671 8.87661 45.91373 -0.07288 -0.36374 -0.92865 0.0693 0.3587
0 -115.36833 9.07170 46.08463 -0.07288 -0.36374 -0.92865 0.0709 0.3600
p9_entry_ch3
0 -110.45832 25.27845 39.35136 -0.21060 -0.34359 -0.91520 0.1975 0.3074
0 -107.23775 24.44509 38.92311 -0.21060 -0.34359 -0.91520 0.1910 0.3041
0 -108.93816 8.58397 45.26913 -0.21060 -0.34359 -0.91520 0.0671 0.3537
p9_entry_ch3
0 -110.45832 25.27845 39.35136 -0.21060 -0.34359 -0.91520 0.1975 0.3074
0 -108.93816 8.58397 45.26913 -0.21060 -0.34359 -0.91520 0.0671 0.3537
0 -112.21671 8.87661 45.91373 -0.21060 -0.34359 -0.91520 0.0693 0.3587
p9_entry_clip
0 -107.23775 24.44509 38.92311 0.23912 -0.38268 -0.89240 0.1910 0.3041
0 -101.44219 24.44509 40.47602 0.23912 -0.38268 -0.89240 0.1910 0.3162
0 -103.14260 8.58397 46.82205 0.23912 -0.38268 -0.89240 0.0671 0.3658
p9_entry_clip
0 -107.23775 24.44509 38.92311 0.23912 -0.38268 -0.89240 0.1910 0.3041
0 -103.14260 8.58397 46.82205 0.23912 -0.38268 -0.89240 0.0671 0.3658
0 -108.93816 8.58397 45.26913 0.23912 -0.38268 -0.89240 0.0671 0.3537
p9_entry_ch3
0 -101.44219 24.44509 40.47602 0.63999 -0.34359 -0.68728 0.1910 0.3162
0 -98.86722 25.27845 42.45719 0.63999 -0.34359 -0.68728 0.1975 0.3317
0 -100.62560 8.87661 49.01955 0.63999 -0.34359 -0.68728 0.0693 0.3830
p9_entry_ch3
0 -101.44219 24.44509 40.47602 0.63999 -0.34359 -0.68728 0.1910 0.3162
0 -100.62560 8.87661 49.01955 0.63999 -0.34359 -0.68728 0.0693 0.3830
0 -103.14260 8.58397 46.82205 0.63999 -0.34359 -0.68728 0.0671 0.3658
p9_entry_ch3
0 -98.86722 25.27845 42.45719 0.52743 -0.36374 -0.76779 0.1975 0.3317
0 -96.18464 25.83402 44.03678 0.52743 -0.36374 -0.76779 0.2018 0.3440
0 -97.98166 9.07170 50.74338 0.52743 -0.36374 -0.76779 0.0709 0.3964
p9_entry_ch3
0 -98.86722 25.27845 42.45719 0.52743 -0.36374 -0.76779 0.1975 0.3317
0 -97.98166 9.07170 50.74338 0.52743 -0.36374 -0.76779 0.0709 0.3964
0 -100.62560 8.87661 49.01955 0.52743 -0.36374 -0.76779 0.0693 0.3830
p9_entry_clip
0 -96.18464 25.83402 44.03678 0.79642 -0.29631 -0.52718 0.2018 0.3440
0 -93.82486 27.22294 46.82108 0.79642 -0.29631 -0.52718 0.2127 0.3658
0 -95.71850 9.55943 53.88825 0.79642 -0.29631 -0.52718 0.0747 0.4210
p9_entry_clip
0 -96.18464 25.83402 44.03678 0.79642 -0.29631 -0.52718 0.2018 0.3440
0 -95.71850 9.55943 53.88825 0.79642 -0.29631 -0.52718 0.0747 0.4210
0 -97.98166 9.07170 50.74338 0.79642 -0.29631 -0.52718 0.0709 0.3964
p9_entry_c3
0 -93.82486 27.22294 46.82108 0.99150 -0.12314 -0.04211 0.2127 0.3658
0 -93.18421 30.55636 52.15755 0.99150 -0.12314 -0.04211 0.2387 0.4075
0 -95.30973 10.72997 60.09008 0.99150 -0.12314 -0.04211 0.0838 0.4695
p9_entry_c3
0 -93.82486 27.22294 46.82108 0.99150 -0.12314 -0.04211 0.2127 0.3658
0 -95.30973 10.72997 60.09008 0.99150 -0.12314 -0.04211 0.0838 0.4695
0 -95.71850 9.55943 53.88825 0.99150 -0.12314 -0.04211 0.0747 0.4210
p9_entry_c3
0 -93.18421 30.55636 52.15755 0.96593 0.00000 0.25882 0.2387 0.4075
0 -95.98181 37.77878 62.59834 0.96593 0.00000 0.25882 0.2951 0.4890
0 -98.60972 13.26614 72.40584 0.96593 0.00000 0.25882 0.1036 0.5657
p9_entry_c3
0 -93.18421 30.55636 52.15755 0.96593 0.00000 0.25882 0.2387 0.4075
0 -98.60972 13.26614 72.40584 0.96593 0.00000 0.25882 0.1036 0.5657
0 -95.30973 10.72997 60.09008 0.96593 0.00000 0.25882 0.0838 0.4695
p9_entry_c3
0 -95.98181 37.77878 62.59834 -0.23912 0.38268 0.89240 0.2951 0.4890
0 -123.02774 37.77878 55.35141 -0.23912 0.38268 0.89240 0.2951 0.4324
0 -125.65565 13.26614 65.15890 -0.23912 0.38268 0.89240 0.1036 0.5091
p9_entry_c3
0 -95.98181 37.77878 62.59834 -0.23912 0.38268 0.89240 0.2951 0.4890
0 -125.65565 13.26614 65.15890 -0.23912 0.38268 0.89240 0.1036 0.5091
0 -98.60972 13.26614 72.40584 -0.23912 0.38268 0.89240 0.1036 0.5657
p9_entry_c3
0 -125.65565 13.26614 65.15890 -0.96593 0.00000 -0.25882 0.1036 0.5091
0 -122.35565 10.72997 52.84315 -0.96593 0.00000 -0.25882 0.0838 0.4128
0 -122.35565 -10.72997 52.84315 -0.96593 0.00000 -0.25882 0.9162 0.4128
p9_entry_c3
0 -125.65565 13.26614 65.15890 -0.96593 0.00000 -0.25882 0.1036 0.5091
0 -122.35565 -10.72997 52.84315 -0.96593 0.00000 -0.25882 0.9162 0.4128
0 -125.65565 -13.26614 65.15890 -0.96593 0.00000 -0.25882 0.8964 0.5091
p9_entry_c3
0 -122.35565 10.72997 52.84315 -0.83127 0.00000 -0.55588 0.0838 0.4128
0 -118.90072 9.55943 47.67659 -0.83127 0.00000 -0.55588 0.0747 0.3725
0 -118.90072 -9.55943 47.67659 -0.83127 0.00000 -0.55588 0.9253 0.3725
p9_entry_c3
0 -122.35565 10.72997 52.84315 -0.83127 0.00000 -0.55588 0.0838 0.4128
0 -118.90072 -9.55943 47.67659 -0.83127 0.00000 -0.55588 0.9253 0.3725
0 -122.35565 -10.72997 52.84315 -0.83127 0.00000 -0.55588 0.9162 0.4128
p9_entry_clip
0 -118.90072 9.55943 47.67659 -0.41088 0.00000 -0.91169 0.0747 0.3725
0 -115.36833 9.07170 46.08463 -0.41088 0.00000 -0.91169 0.0709 0.3600
0 -115.36833 -9.07170 46.08463 -0.41088 0.00000 -0.91169 0.9291 0.3600
p9_entry_clip
0 -118.90072 9.55943 47.67659 -0.41088 0.00000 -0.91169 0.0747 0.3725
0 -115.36833 -9.07170 46.08463 -0.41088 0.00000 -0.91169 0.9291 0.3600
0 -118.90072 -9.55943 47.67659 -0.41088 0.00000 -0.91169 0.9253 0.3725
p9_entry_ch3
0 -115.36833 9.07170 46.08463 -0.05415 0.00000 -0.99853 0.0709 0.3600
0 -112.21671 8.87661 45.91373 -0.05415 0.00000 -0.99853 0.0693 0.3587
0 -112.21671 -8.87661 45.91373 -0.05415 0.00000 -0.99853 0.9307 0.3587
p9_entry_ch3
0 -115.36833 9.07170 46.08463 -0.05415 0.00000 -0.99853 0.0709 0.3600
0 -112.21671 -8.87661 45.91373 -0.05415 0.00000 -0.99853 0.9307 0.3587
0 -115.36833 -9.07170 46.08463 -0.05415 0.00000 -0.99853 0.9291 0.3600
p9_entry_ch3
0 -112.21671 8.87661 45.91373 -0.19292 0.00000 -0.98122 0.0693 0.3587
0 -108.93816 8.58397 45.26913 -0.19292 0.00000 -0.98122 0.0671 0.3537
0 -108.93816 -8.58397 45.26913 -0.19292 0.00000 -0.98122 0.9329 0.3537
p9_entry_ch3
0 -112.21671 8.87661 45.91373 -0.19292 0.00000 -0.98122 0.0693 0.3587
0 -108.93816 -8.58397 45.26913 -0.19292 0.00000 -0.98122 0.9329 0.3537
0 -112.21671 -8.87661 45.91373 -0.19292 0.00000 -0.98122 0.9307 0.3587
p9_entry_clip
0 -108.93816 8.58397 45.26913 0.25882 0.00000 -0.96593 0.0671 0.3537
0 -103.14260 8.58397 46.82205 0.25882 0.00000 -0.96593 0.0671 0.3658
0 -103.14260 -8.58397 46.82205 0.25882 0.00000 -0.96593 0.9329 0.3658
p9_entry_clip
0 -108.93816 8.58397 45.26913 0.25882 0.00000 -0.96593 0.0671 0.3537
0 -103.14260 -8.58397 46.82205 0.25882 0.00000 -0.96593 0.9329 0.3658
0 -108.93816 -8.58397 45.26913 0.25882 0.00000 -0.96593 0.9329 0.3537
p9_entry_ch3
0 -103.14260 8.58397 46.82205 0.65768 0.00000 -0.75330 0.0671 0.3658
0 -100.62560 8.87661 49.01955 0.65768 0.00000 -0.75330 0.0693 0.3830
0 -100.62560 -8.87661 49.01955 0.65768 0.00000 -0.75330 0.9307 0.3830
p9_entry_ch3
0 -103.14260 8.58397 46.82205 0.65768 0.00000 -0.75330 0.0671 0.3658
0 -100.62560 -8.87661 49.01955 0.65768 0.00000 -0.75330 0.9307 0.3830
0 -103.14260 -8.58397 46.82205 0.65768 0.00000 -0.75330 0.9329 0.3658
p9_entry_ch3
0 -100.62560 8.87661 49.01955 0.54616 0.00000 -0.83768 0.0693 0.3830
0 -97.98166 9.07170 50.74338 0.54616 0.00000 -0.83768 0.0709 0.3964
0 -97.98166 -9.07170 50.74338 0.54616 0.00000 -0.83768 0.9291 0.3964
p9_entry_ch3
0 -100.62560 8.87661 49.01955 0.54616 0.00000 -0.83768 0.0693 0.3830
0 -97.98166 -9.07170 50.74338 0.54616 0.00000 -0.83768 0.9291 0.3964
0 -100.62560 -8.87661 49.01955 0.54616 0.00000 -0.83768 0.9307 0.3830
p9_entry_clip
0 -97.98166 9.07170 50.74338 0.81167 0.00000 -0.58411 0.0709 0.3964
0 -95.71850 9.55943 53.88825 0.81167 0.00000 -0.58411 0.0747 0.4210
0 -95.71850 -9.55943 53.88825 0.81167 0.00000 -0.58411 0.9253 0.4210
p9_entry_clip
0 -97.98166 9.07170 50.74338 0.81167 0.00000 -0.58411 0.0709 0.3964
0 -95.71850 -9.55943 53.88825 0.81167 0.00000 -0.58411 0.9253 0.4210
0 -97.98166 -9.07170 50.74338 0.81167 0.00000 -0.58411 0.9291 0.3964
p9_entry_c3
0 -95.71850 9.55943 53.88825 0.99783 0.00000 -0.06577 0.0747 0.4210
0 -95.30973 10.72997 60.09008 0.99783 0.00000 -0.06577 0.0838 0.4695
0 -95.30973 -10.72997 60.09008 0.99783 0.00000 -0.06577 0.9162 0.4695
p9_entry_c3
0 -95.71850 9.55943 53.88825 0.99783 0.00000 -0.06577 0.0747 0.4210
0 -95.30973 -10.72997 60.09008 0.99783 0.00000 -0.06577 0.9162 0.4695
0 -95.71850 -9.55943 53.88825 0.99783 0.00000 -0.06577 0.9253 0.4210
p9_entry_c3
0 -95.30973 10.72997 60.09008 0.96593 0.00000 0.25882 0.0838 0.4695
0 -98.60972 13.26614 72.40584 0.96593 0.00000 0.25882 0.1036 0.5657
0 -98.60972 -13.26614 72.40584 0.96593 0.00000 0.25882 0.8964 0.5657
p9_entry_c3
0 -95.30973 10.72997 60.09008 0.96593 0.00000 0.25882 0.0838 0.4695
0 -98.60972 -13.26614 72.40584 0.96593 0.00000 0.25882 0.8964 0.5657
0 -95.30973 -10.72997 60.09008 0.96593 0.00000 0.25882 0.9162 0.4695
p9_entry_c3
0 -98.60972 13.26614 72.40584 -0.25882 0.00000 0.96593 0.1036 0.5657
0 -125.65565 13.26614 65.15890 -0.25882 0.00000 0.96593 0.1036 0.5091
0 -125.65565 -13.26614 65.15890 -0.25882 0.00000 0.96593 0.8964 0.5091
p9_entry_c3
0 -98.60972 13.26614 72.40584 -0.25882 0.00000 0.96593 0.1036 0.5657
0 -125.65565 -13.26614 65.15890 -0.25882 0.00000 0.96593 0.8964 0.5091
0 -98.60972 -13.26614 72.40584 -0.25882 0.00000 0.96593 0.8964 0.5657
p9_entry_c2
0 -125.65565 -13.26614 65.15890 -0.96593 0.00000 -0.25882 0.8964 0.5091
0 -122.35565 -10.72997 52.84315 -0.96593 0.00000 -0.25882 0.9162 0.4128
0 -120.23013 -30.55636 44.91062 -0.96593 0.00000 -0.25882 0.7613 0.3509
p9_entry_c2
0 -125.65565 -13.26614 65.15890 -0.96593 0.00000 -0.25882 0.8964 0.5091
0 -120.23013 -30.55636 44.91062 -0.96593 0.00000 -0.25882 0.7613 0.3509
0 -123.02774 -37.77878 55.35141 -0.96593 0.00000 -0.25882 0.7049 0.4324
p9_entry_c2
0 -122.35565 -10.72997 52.84315 -0.83761 0.12314 -0.53222 0.9162 0.4128
0 -118.90072 -9.55943 47.67659 -0.83761 0.12314 -0.53222 0.9253 0.3725
0 -117.00708 -27.22294 40.60943 -0.83761 0.12314 -0.53222 0.7873 0.3173
p9_entry_c2
0 -122.35565 -10.72997 52.84315 -0.83761 0.12314 -0.53222 0.9162 0.4128
0 -117.00708 -27.22294 40.60943 -0.83761 0.12314 -0.53222 0.7873 0.3173
0 -120.23013 -30.55636 44.91062 -0.83761 0.12314 -0.53222 0.7613 0.3509
p9_entry_clip
0 -118.90072 -9.55943 47.67659 -0.42613 0.29631 -0.85476 0.9253 0.3725
0 -115.36833 -9.07170 46.08463 -0.42613 0.29631 -0.85476 0.9291 0.3600
0 -113.57130 -25.83402 39.37804 -0.42613 0.29631 -0.85476 0.7982 0.3076
p9_entry_clip
0 -118.90072 -9.55943 47.67659 -0.42613 0.29631 -0.85476 0.9253 0.3725
0 -113.57130 -25.83402 39.37804 -0.42613 0.29631 -0.85476 0.7982 0.3076
0 -117.00708 -27.22294 40.60943 -0.42613 0.29631 -0.85476 0.7873 0.3173
p9_entry_ch2
0 -115.36833 -9.07170 46.08463 -0.07288 0.36374 -0.92865 0.9291 0.3600
0 -112.21671 -8.87661 45.91373 -0.07288 0.36374 -0.92865 0.9307 0.3587
0 -110.45832 -25.27845 39.35136 -0.07288 0.36374 -0.92865 0.8025 0.3074
p9_entry_ch2
0 -115.36833 -9.07170 46.08463 -0.07288 0.36374 -0.92865 0.9291 0.3600
0 -110.45832 -25.27845 39.35136 -0.07288 0.36374 -0.92865 0.8025 0.3074
0 -113.57130 -25.83402 39.37804 -0.07288 0.36374 -0.92865 0.7982 0.3076
p9_entry_ch2
0 -112.21671 -8.87661 45.91373 -0.21060 0.34359 -0.91520 0.9307 0.3587
0 -108.93816 -8.58397 45.26913 -0.21060 0.34359 -0.91520 0.9329 0.3537
0 -107.23775 -24.44509 38.92311 -0.21060 0.34359 -0.91520 0.8090 0.3041
p9_entry_ch2
0 -112.21671 -8.87661 45.91373 -0.21060 0.34359 -0.91520 0.9307 0.3587
0 -107.23775 -24.44509 38.92311 -0.21060 0.34359 -0.91520 0.8090 0.3041
0 -110.45832 -25.27845 39.35136 -0.21060 0.34359 -0.91520 0.8025 0.3074
p9_entry_clip
0 -108.93816 -8.58397 45.26913 0.23912 0.38268 -0.89240 0.9329 0.3537
0 -103.14260 -8.58397 46.82205 0.23912 0.38268 -0.89240 0.9329 0.3658
0 -101.44219 -24.44509 40.47602 0.23912 0.38268 -0.89240 0.8090 0.3162
p9_entry_clip
0 -108.93816 -8.58397 45.26913 0.23912 0.38268 -0.89240 0.9329 0.3537
0 -101.44219 -24.44509 40.47602 0.23912 0.38268 -0.89240 0.8090 0.3162
0 -107.23775 -24.44509 38.92311 0.23912 0.38268 -0.89240 0.8090 0.3041
p9_entry_ch2
0 -103.14260 -8.58397 46.82205 0.63999 0.34359 -0.68728 0.9329 0.3658
0 -100.62560 -8.87661 49.01955 0.63999 0.34359 -0.68728 0.9307 0.3830
0 -98.86722 -25.27845 42.45719 0.63999 0.34359 -0.68728 0.8025 0.3317
p9_entry_ch2
0 -103.14260 -8.58397 46.82205 0.63999 0.34359 -0.68728 0.9329 0.3658
0 -98.86722 -25.27845 42.45719 0.63999 0.34359 -0.68728 0.8025 0.3317
0 -101.44219 -24.44509 40.47602 0.63999 0.34359 -0.68728 0.8090 0.3162
p9_entry_ch2
0 -100.62560 -8.87661 49.01955 0.52743 0.36374 -0.76779 0.9307 0.3830
0 -97.98166 -9.07170 50.74338 0.52743 0.36374 -0.76779 0.9291 0.3964
0 -96.18464 -25.83402 44.03678 0.52743 0.36374 -0.76779 0.7982 0.3440
p9_entry_ch2
0 -100.62560 -8.87661 49.01955 0.52743 0.36374 -0.76779 0.9307 0.3830
0 -96.18464 -25.83402 44.03678 0.52743 0.36374 -0.76779 0.7982 0.3440
0 -98.86722 -25.27845 42.45719 0.52743 0.36374 -0.76779 0.8025 0.3317
p9_entry_clip
0 -97.98166 -9.07170 50.74338 0.79642 0.29631 -0.52718 0.9291 0.3964
0 -95.71850 -9.55943 53.88825 0.79642 0.29631 -0.52718 0.9253 0.4210
0 -93.82486 -27.22294 46.82108 0.79642 0.29631 -0.52718 0.7873 0.3658
p9_entry_clip
0 -97.98166 -9.07170 50.74338 0.79642 0.29631 -0.52718 0.9291 0.3964
0 -93.82486 -27.22294 46.82108 0.79642 0.29631 -0.52718 0.7873 0.3658
0 -96.18464 -25.83402 44.03678 0.79642 0.29631 -0.52718 0.7982 0.3440
p9_entry_c2
0 -95.71850 -9.55943 53.88825 0.99150 0.12314 -0.04211 0.9253 0.4210
0 -95.30973 -10.72997 60.09008 0.99150 0.12314 -0.04211 0.9162 0.4695
0 -93.18421 -30.55636 52.15755 0.99150 0.12314 -0.04211 0.7613 0.4075
p9_entry_c2
0 -95.71850 -9.55943 53.88825 0.99150 0.12314 -0.04211 0.9253 0.4210
0 -93.18421 -30.55636 52.15755 0.99150 0.12314 -0.04211 0.7613 0.4075
0 -93.82486 -27.22294 46.82108 0.99150 0.12314 -0.04211 0.7873 0.3658
p9_entry_c2
0 -95.30973 -10.72997 60.09008 0.96593 -0.00000 0.25882 0.9162 0.4695
0 -98.60972 -13.26614 72.40584 0.96593 -0.00000 0.25882 0.8964 0.5657
0 -95.98181 -37.77878 62.59834 0.96593 -0.00000 0.25882 0.7049 0.4890
p9_entry_c2
0 -95.30973 -10.72997 60.09008 0.96593 -0.00000 0.25882 0.9162 0.4695
0 -95.98181 -37.77878 62.59834 0.96593 -0.00000 0.25882 0.7049 0.4890
0 -93.18421 -30.55636 52.15755 0.96593 -0.00000 0.25882 0.7613 0.4075
p9_entry_c2
0 -98.60972 -13.26614 72.40584 -0.23912 -0.38268 0.89240 0.8964 0.5657
0 -125.65565 -13.26614 65.15890 -0.23912 -0.38268 0.89240 0.8964 0.5091
0 -123.02774 -37.77878 55.35141 -0.23912 -0.38268 0.89240 0.7049 0.4324
p9_entry_c2
0 -98.60972 -13.26614 72.40584 -0.23912 -0.38268 0.89240 0.8964 0.5657
0 -123.02774 -37.77878 55.35141 -0.23912 -0.38268 0.89240 0.7049 0.4324
0 -95.98181 -37.77878 62.59834 -0.23912 -0.38268 0.89240 0.7049 0.4890
p9_entry_c1
0 -123.02774 -37.77878 55.35141 -0.96593 0.00000 -0.25882 0.7049 0.4324
0 -120.23013 -30.55636 44.91062 -0.96593 0.00000 -0.25882 0.7613 0.3509
0 -116.30269 -45.73083 30.25321 -0.96593 0.00000 -0.25882 0.6427 0.2364
p9_entry_c1
0 -123.02774 -37.77878 55.35141 -0.96593 0.00000 -0.25882 0.7049 0.4324
0 -116.30269 -45.73083 30.25321 -0.96593 0.00000 -0.25882 0.6427 0.2364
0 -118.17199 -56.53993 37.22952 -0.96593 0.00000 -0.25882 0.5583 0.2909
p9_entry_c1
0 -120.23013 -30.55636 44.91062 -0.85566 0.22754 -0.46484 0.7613 0.3509
0 -117.00708 -27.22294 40.60943 -0.85566 0.22754 -0.46484 0.7873 0.3173
0 -113.50809 -40.74201 27.55101 -0.85566 0.22754 -0.46484 0.6817 0.2152
p9_entry_c1
0 -120.23013 -30.55636 44.91062 -0.85566 0.22754 -0.46484 0.7613 0.3509
0 -113.50809 -40.74201 27.55101 -0.85566 0.22754 -0.46484 0.6817 0.2152
0 -116.30269 -45.73083 30.25321 -0.85566 0.22754 -0.46484 0.6427 0.2364
p9_entry_clip
0 -117.00708 -27.22294 40.60943 -0.46957 0.54750 -0.69264 0.7873 0.3173
0 -113.57130 -25.83402 39.37804 -0.46957 0.54750 -0.69264 0.7982 0.3076
0 -110.25083 -38.66334 26.98587 -0.46957 0.54750 -0.69264 0.6979 0.2108
p9_entry_clip
0 -117.00708 -27.22294 40.60943 -0.46957 0.54750 -0.69264 0.7873 0.3173
0 -110.25083 -38.66334 26.98587 -0.46957 0.54750 -0.69264 0.6979 0.2108
0 -113.50809 -40.74201 27.55101 -0.46957 0.54750 -0.69264 0.6817 0.2152
p9_entry_ch1
0 -113.57130 -25.83402 39.37804 -0.12620 0.67210 -0.72963 0.7982 0.3076
0 -110.45832 -25.27845 39.35136 -0.12620 0.67210 -0.72963 0.8025 0.3074
0 -107.20926 -37.83187 27.22568 -0.12620 0.67210 -0.72963 0.7044 0.2127
p9_entry_ch1
0 -113.57130 -25.83402 39.37804 -0.12620 0.67210 -0.72963 0.7982 0.3076
0 -107.20926 -37.83187 27.22568 -0.12620 0.67210 -0.72963 0.7044 0.2127
0 -110.25083 -38.66334 26.98587 -0.12620 0.67210 -0.72963 0.6979 0.2108
p9_entry_ch1
0 -110.45832 -25.27845 39.35136 -0.26098 0.63488 -0.72720 0.8025 0.3074
0 -107.23775 -24.44509 38.92311 -0.26098 0.63488 -0.72720 0.8090 0.3041
0 -104.09579 -36.58466 27.19718 -0.26098 0.63488 -0.72720 0.7142 0.2125
p9_entry_ch1
0 -110.45832 -25.27845 39.35136 -0.26098 0.63488 -0.72720 0.8025 0.3074
0 -104.09579 -36.58466 27.19718 -0.26098 0.63488 -0.72720 0.7142 0.2125
0 -107.20926 -37.83187 27.22568 -0.26098 0.63488 -0.72720 0.7044 0.2127
p9_entry_clip
0 -107.23775 -24.44509 38.92311 0.18301 0.70711 -0.68301 0.8090 0.3041
0 -101.44219 -24.44509 40.47602 0.18301 0.70711 -0.68301 0.8090 0.3162
0 -98.30024 -36.58466 28.75010 0.18301 0.70711 -0.68301 0.7142 0.2246
p9_entry_clip
0 -107.23775 -24.44509 38.92311 0.18301 0.70711 -0.68301 0.8090 0.3041
0 -98.30024 -36.58466 28.75010 0.18301 0.70711 -0.68301 0.7142 0.2246
0 -104.09579 -36.58466 27.19718 0.18301 0.70711 -0.68301 0.7142 0.2125
p9_entry_ch1
0 -101.44219 -24.44509 40.47602 0.58961 0.63488 -0.49929 0.8090 0.3162
0 -98.86722 -25.27845 42.45719 0.58961 0.63488 -0.49929 0.8025 0.3317
0 -95.61815 -37.83187 30.33151 0.58961 0.63488 -0.49929 0.7044 0.2370
p9_entry_ch1
0 -101.44219 -24.44509 40.47602 0.58961 0.63488 -0.49929 0.8090 0.3162
0 -95.61815 -37.83187 30.33151 0.58961 0.63488 -0.49929 0.7044 0.2370
0 -98.30024 -36.58466 28.75010 0.58961 0.63488 -0.49929 0.7142 0.2246
p9_entry_ch1
0 -98.86722 -25.27845 42.45719 0.47411 0.67210 -0.56877 0.8025 0.3317
0 -96.18464 -25.83402 44.03678 0.47411 0.67210 -0.56877 0.7982 0.3440
0 -92.86417 -38.66334 31.64461 0.47411 0.67210 -0.56877 0.6979 0.2472
p9_entry_ch1
0 -98.86722 -25.27845 42.45719 0.47411 0.67210 -0.56877 0.8025 0.3317
0 -92.86417 -38.66334 31.64461 0.47411 0.67210 -0.56877 0.6979 0.2472
0 -95.61815 -37.83187 30.33151 0.47411 0.67210 -0.56877 0.7044 0.2370
p9_entry_clip
0 -96.18464 -25.83402 44.03678 0.75298 0.54750 -0.36506 0.7982 0.3440
0 -93.82486 -27.22294 46.82108 0.75298 0.54750 -0.36506 0.7873 0.3658
0 -90.32587 -40.74201 33.76266 0.75298 0.54750 -0.36506 0.6817 0.2638
p9_entry_clip
0 -96.18464 -25.83402 44.03678 0.75298 0.54750 -0.36506 0.7982 0.3440
0 -90.32587 -40.74201 33.76266 0.75298 0.54750 -0.36506 0.6817 0.2638
0 -92.86417 -38.66334 31.64461 0.75298 0.54750 -0.36506 0.6979 0.2472
p9_entry_c1
0 -93.82486 -27.22294 46.82108 0.97344 0.22754 0.02527 0.7873 0.3658
0 -93.18421 -30.55636 52.15755 0.97344 0.22754 0.02527 0.7613 0.4075
0 -89.25677 -45.73083 37.50014 0.97344 0.22754 0.02527 0.6427 0.2930
p9_entry_c1
0 -93.82486 -27.22294 46.82108 0.97344 0.22754 0.02527 0.7873 0.3658
0 -89.25677 -45.73083 37.50014 0.97344 0.22754 0.02527 0.6427 0.2930
0 -90.32587 -40.74201 33.76266 0.97344 0.22754 0.02527 0.6817 0.2638
p9_entry_c1
0 -93.18421 -30.55636 52.15755 0.96593 -0.00000 0.25882 0.7613 0.4075
0 -95.98181 -37.77878 62.59834 0.96593 -0.00000 0.25882 0.7049 0.4890
0 -91.12607 -56.53993 44.47646 0.96593 -0.00000 0.25882 0.5583 0.3475
p9_entry_c1
0 -93.18421 -30.55636 52.15755 0.96593 -0.00000 0.25882 0.7613 0.4075
0 -91.12607 -56.53993 44.47646 0.96593 -0.00000 0.25882 0.5583 0.3475
0 -89.25677 -45.73083 37.50014 0.96593 -0.00000 0.25882 0.6427 0.2930
p9_entry_c1
0 -95.98181 -37.77878 62.59834 -0.18301 -0.70711 0.68301 0.7049 0.4890
0 -123.02774 -37.77878 55.35141 -0.18301 -0.70711 0.68301 0.7049 0.4324
0 -118.17199 -56.53993 37.22952 -0.18301 -0.70711 0.68301 0.5583 0.2909
p9_entry_c1
0 -95.98181 -37.77878 62.59834 -0.18301 -0.70711 0.68301 0.7049 0.4890
0 -118.17199 -56.53993 37.22952 -0.18301 -0.70711 0.68301 0.5583 0.2909
0 -91.12607 -56.53993 44.47646 -0.18301 -0.70711 0.68301 0.5583 0.3475
p9_entry_c1
0 -118.17199 -56.53993 37.22952 -0.96593 0.00000 -0.25882 0.5583 0.2909
0 -116.30269 -45.73083 30.25321 -0.96593 0.00000 -0.25882 0.6427 0.2364
0 -111.17124 -53.94319 11.10238 -0.96593 0.00000 -0.25882 0.5786 0.0867
p9_entry_c1
0 -118.17199 -56.53993 37.22952 -0.96593 0.00000 -0.25882 0.5583 0.2909
0 -111.17124 -53.94319 11.10238 -0.96593 0.00000 -0.25882 0.5786 0.0867
0 -111.82765 -66.69340 13.55214 -0.96593 0.00000 -0.25882 0.4790 0.1059
p9_entry_c1
0 -116.30269 -45.73083 30.25321 -0.88268 0.29729 -0.36400 0.6427 0.2364
0 -113.50809 -40.74201 27.55101 -0.88268 0.29729 -0.36400 0.6817 0.2152
0 -108.93643 -48.05848 10.48936 -0.88268 0.29729 -0.36400 0.6245 0.0819
p9_entry_c1
0 -116.30269 -45.73083 30.25321 -0.88268 0.29729 -0.36400 0.6427 0.2364
0 -108.93643 -48.05848 10.48936 -0.88268 0.29729 -0.36400 0.6245 0.0819
0 -111.17124 -53.94319 11.10238 -0.88268 0.29729 -0.36400 0.5786 0.0867
p9_entry_clip
0 -113.50809 -40.74201 27.55101 -0.53459 0.71534 -0.45000 0.6817 0.2152
0 -110.25083 -38.66334 26.98587 -0.53459 0.71534 -0.45000 0.6979 0.2108
0 -105.91242 -45.60652 10.79471 -0.53459 0.71534 -0.45000 0.6437 0.0843
p9_entry_clip
0 -113.50809 -40.74201 27.55101 -0.53459 0.71534 -0.45000 0.6817 0.2152
0 -105.91242 -45.60652 10.79471 -0.53459 0.71534 -0.45000 0.6437 0.0843
0 -108.93643 -48.05848 10.48936 -0.53459 0.71534 -0.45000 0.6245 0.0819
p9_entry_ch1
0 -110.25083 -38.66334 26.98587 -0.20601 0.87814 -0.43177 0.6979 0.2108
0 -107.20926 -37.83187 27.22568 -0.20601 0.87814 -0.43177 0.7044 0.2127
0 -102.96415 -44.62573 11.38273 -0.20601 0.87814 -0.43177 0.6514 0.0889
p9_entry_ch1
0 -110.25083 -38.66334 26.98587 -0.20601 0.87814 -0.43177 0.6979 0.2108
0 -102.96415 -44.62573 11.38273 -0.20601 0.87814 -0.43177 0.6514 0.0889
0 -105.91242 -45.60652 10.79471 -0.20601 0.87814 -0.43177 0.6437 0.0843
p9_entry_ch1
0 -107.20926 -37.83187 27.22568 -0.33637 0.82951 -0.44584 0.7044 0.2127
0 -104.09579 -36.58466 27.19718 -0.33637 0.82951 -0.44584 0.7142 0.2125
0 -99.99064 -43.15455 11.87652 -0.33637 0.82951 -0.44584 0.6629 0.0928
p9_entry_ch1
0 -107.20926 -37.83187 27.22568 -0.33637 0.82951 -0.44584 0.7044 0.2127
0 -99.99064 -43.15455 11.87652 -0.33637 0.82951 -0.44584 0.6629 0.0928
0 -102.96415 -44.62573 11.38273 -0.33637 0.82951 -0.44584 0.6514 0.0889
p9_entry_clip
0 -104.09579 -36.58466 27.19718 0.09905 0.92388 -0.36964 0.7142 0.2125
0 -98.30024 -36.58466 28.75010 0.09905 0.92388 -0.36964 0.7142 0.2246
0 -94.19508 -43.15455 13.42943 0.09905 0.92388 -0.36964 0.6629 0.1049
p9_entry_clip
0 -104.09579 -36.58466 27.19718 0.09905 0.92388 -0.36964 0.7142 0.2125
0 -94.19508 -43.15455 13.42943 0.09905 0.92388 -0.36964 0.6629 0.1049
0 -99.99064 -43.15455 11.87652 0.09905 0.92388 -0.36964 0.6629 0.0928
p9_entry_ch1
0 -98.30024 -36.58466 28.75010 0.51422 0.82951 -0.21793 0.7142 0.2246
0 -95.61815 -37.83187 30.33151 0.51422 0.82951 -0.21793 0.7044 0.2370
0 -91.37304 -44.62573 14.48856 0.51422 0.82951 -0.21793 0.6514 0.1132
p9_entry_ch1
0 -98.30024 -36.58466 28.75010 0.51422 0.82951 -0.21793 0.7142 0.2246
0 -91.37304 -44.62573 14.48856 0.51422 0.82951 -0.21793 0.6514 0.1132
0 -94.19508 -43.15455 13.42943 0.51422 0.82951 -0.21793 0.6629 0.1049
p9_entry_ch1
0 -95.61815 -37.83187 30.33151 0.39430 0.87814 -0.27092 0.7044 0.2370
0 -92.86417 -38.66334 31.64461 0.39430 0.87814 -0.27092 0.6979 0.2472
0 -88.52576 -45.60652 15.45345 0.39430 0.87814 -0.27092 0.6437 0.1207
p9_entry_ch1
0 -95.61815 -37.83187 30.33151 0.39430 0.87814 -0.27092 0.7044 0.2370
0 -88.52576 -45.60652 15.45345 0.39430 0.87814 -0.27092 0.6437 0.1207
0 -91.37304 -44.62573 14.48856 0.39430 0.87814 -0.27092 0.6514 0.1132
p9_entry_clip
0 -92.86417 -38.66334 31.64461 0.68796 0.71534 -0.12242 0.6979 0.2472
0 -90.32587 -40.74201 33.76266 0.68796 0.71534 -0.12242 0.6817 0.2638
0 -85.75421 -48.05848 16.70102 0.68796 0.71534 -0.12242 0.6245 0.1305
p9_entry_clip
0 -92.86417 -38.66334 31.64461 0.68796 0.71534 -0.12242 0.6979 0.2472
0 -85.75421 -48.05848 16.70102 0.68796 0.71534 -0.12242 0.6245 0.1305
0 -88.52576 -45.60652 15.45345 0.68796 0.71534 -0.12242 0.6437 0.1207
p9_entry_c1
0 -90.32587 -40.74201 33.76266 0.94642 0.29729 0.12611 0.6817 0.2638
0 -89.25677 -45.73083 37.50014 0.94642 0.29729 0.12611 0.6427 0.2930
0 -84.12532 -53.94319 18.34931 0.94642 0.29729 0.12611 0.5786 0.1434
p9_entry_c1
0 -90.32587 -40.74201 33.76266 0.94642 0.29729 0.12611 0.6817 0.2638
0 -84.12532 -53.94319 18.34931 0.94642 0.29729 0.12611 0.5786 0.1434
0 -85.75421 -48.05848 16.70102 0.94642 0.29729 0.12611 0.6245 0.1305
p9_entry_c1
0 -89.25677 -45.73083 37.50014 0.96593 -0.00000 0.25882 0.6427 0.2930
0 -91.12607 -56.53993 44.47646 0.96593 -0.00000 0.25882 0.5583 0.3475
0 -84.78173 -66.69340 20.79907 0.96593 -0.00000 0.25882 0.4790 0.1625
p9_entry_c1
0 -89.25677 -45.73083 37.50014 0.96593 -0.00000 0.25882 0.6427 0.2930
0 -84.78173 -66.69340 20.79907 0.96593 -0.00000 0.25882 0.4790 0.1625
0 -84.12532 -53.94319 18.34931 0.96593 -0.00000 0.25882 0.5786 0.1434
p9_entry_c1
0 -91.12607 -56.53993 44.47646 -0.09905 -0.92388 0.36964 0.5583 0.3475
0 -118.17199 -56.53993 37.22952 -0.09905 -0.92388 0.36964 0.5583 0.2909
0 -111.82765 -66.69340 13.55214 -0.09905 -0.92388 0.36964 0.4790 0.1059
p9_entry_c1
0 -91.12607 -56.53993 44.47646 -0.09905 -0.92388 0.36964 0.5583 0.3475
0 -111.82765 -66.69340 13.55214 -0.09905 -0.92388 0.36964 0.4790 0.1059
0 -84.78173 -66.69340 20.79907 -0.09905 -0.92388 0.36964 0.4790 0.1625
p9_entry_c0
0 -111.82765 -66.69340 13.55214 -0.96593 -0.00000 -0.25882 0.4790 0.1059
0 -111.17124 -53.94319 11.10238 -0.96593 -0.00000 -0.25882 0.5786 0.0867
0 -105.61700 -53.94319 -9.62633 -0.96593 -0.00000 -0.25882 0.5786 0.9248
p9_entry_c0
0 -111.82765 -66.69340 13.55214 -0.96593 -0.00000 -0.25882 0.4790 0.1059
0 -105.61700 -53.94319 -9.62633 -0.96593 -0.00000 -0.25882 0.5786 0.9248
0 -104.96059 -66.69340 -12.07608 -0.96593 -0.00000 -0.25882 0.4790 0.9057
p9_entry_c0
0 -111.17124 -53.94319 11.10238 -0.91455 0.32179 -0.24505 0.5786 0.0867
0 -108.93643 -48.05848 10.48936 -0.91455 0.32179 -0.24505 0.6245 0.0819
0 -103.98811 -48.05848 -7.97803 -0.91455 0.32179 -0.24505 0.6245 0.9377
p9_entry_c0
0 -111.17124 -53.94319 11.10238 -0.91455 0.32179 -0.24505 0.5786 0.0867
0 -103.98811 -48.05848 -7.97803 -0.91455 0.32179 -0.24505 0.6245 0.9377
0 -105.61700 -53.94319 -9.62633 -0.91455 0.32179 -0.24505 0.5786 0.9248
p9_entry_clip
0 -108.93643 -48.05848 10.48936 -0.61128 0.77428 -0.16379 0.6245 0.0819
0 -105.91242 -45.60652 10.79471 -0.61128 0.77428 -0.16379 0.6437 0.0843
0 -101.21657 -45.60652 -6.73047 -0.61128 0.77428 -0.16379 0.6437 0.9474
p9_entry_clip
0 -108.93643 -48.05848 10.48936 -0.61128 0.77428 -0.16379 0.6245 0.0819
0 -101.21657 -45.60652 -6.73047 -0.61128 0.77428 -0.16379 0.6437 0.9474
0 -103.98811 -48.05848 -7.97803 -0.61128 0.77428 -0.16379 0.6245 0.9377
p9_entry_ch0
0 -105.91242 -45.60652 10.79471 -0.30016 0.95049 -0.08043 0.6437 0.0843
0 -102.96415 -44.62573 11.38273 -0.30016 0.95049 -0.08043 0.6514 0.0889
0 -98.36928 -44.62573 -5.76557 -0.30016 0.95049 -0.08043 0.6514 0.9550
p9_entry_ch0
0 -105.91242 -45.60652 10.79471 -0.30016 0.95049 -0.08043 0.6437 0.0843
0 -98.36928 -44.62573 -5.76557 -0.30016 0.95049 -0.08043 0.6514 0.9550
0 -101.21657 -45.60652 -6.73047 -0.30016 0.95049 -0.08043 0.6437 0.9474
p9_entry_ch0
0 -102.96415 -44.62573 11.38273 -0.42530 0.89785 -0.11396 0.6514 0.0889
0 -99.99064 -43.15455 11.87652 -0.42530 0.89785 -0.11396 0.6629 0.0928
0 -95.54724 -43.15455 -4.70645 -0.42530 0.89785 -0.11396 0.6629 0.9632
p9_entry_ch0
0 -102.96415 -44.62573 11.38273 -0.42530 0.89785 -0.11396 0.6514 0.0889
0 -95.54724 -43.15455 -4.70645 -0.42530 0.89785 -0.11396 0.6629 0.9632
0 -98.36928 -44.62573 -5.76557 -0.42530 0.89785 -0.11396 0.6514 0.9550
p9_entry_clip
0 -99.99064 -43.15455 11.87652 -0.00000 1.00000 0.00000 0.6629 0.0928
0 -94.19508 -43.15455 13.42943 -0.00000 1.00000 0.00000 0.6629 0.1049
0 -89.75169 -43.15455 -3.15353 -0.00000 1.00000 0.00000 0.6629 0.9754
p9_entry_clip
0 -99.99064 -43.15455 11.87652 -0.00000 1.00000 0.00000 0.6629 0.0928
0 -89.75169 -43.15455 -3.15353 -0.00000 1.00000 0.00000 0.6629 0.9754
0 -95.54724 -43.15455 -4.70645 -0.00000 1.00000 0.00000 0.6629 0.9632
p9_entry_ch0
0 -94.19508 -43.15455 13.42943 0.42530 0.89785 0.11396 0.6629 0.1049
0 -91.37304 -44.62573 14.48856 0.42530 0.89785 0.11396 0.6514 0.1132
0 -86.77817 -44.62573 -2.65974 0.42530 0.89785 0.11396 0.6514 0.9792
p9_entry_ch0
0 -94.19508 -43.15455 13.42943 0.42530 0.89785 0.11396 0.6629 0.1049
0 -86.77817 -44.62573 -2.65974 0.42530 0.89785 0.11396 0.6514 0.9792
0 -89.75169 -43.15455 -3.15353 0.42530 0.89785 0.11396 0.6629 0.9754
p9_entry_ch0
0 -91.37304 -44.62573 14.48856 0.30016 0.95049 0.08043 0.6514 0.1132
0 -88.52576 -45.60652 15.45345 0.30016 0.95049 0.08043 0.6437 0.1207
0 -83.82990 -45.60652 -2.07172 0.30016 0.95049 0.08043 0.6437 0.9838
p9_entry_ch0
0 -91.37304 -44.62573 14.48856 0.30016 0.95049 0.08043 0.6514 0.1132
0 -83.82990 -45.60652 -2.07172 0.30016 0.95049 0.08043 0.6437 0.9838
0 -86.77817 -44.62573 -2.65974 0.30016 0.95049 0.08043 0.6514 0.9792
p9_entry_clip
0 -88.52576 -45.60652 15.45345 0.61128 0.77428 0.16379 0.6437 0.1207
0 -85.75421 -48.05848 16.70102 0.61128 0.77428 0.16379 0.6245 0.1305
0 -80.80589 -48.05848 -1.76637 0.61128 0.77428 0.16379 0.6245 0.9862
p9_entry_clip
0 -88.52576 -45.60652 15.45345 0.61128 0.77428 0.16379 0.6437 0.1207
0 -80.80589 -48.05848 -1.76637 0.61128 0.77428 0.16379 0.6245 0.9862
0 -83.82990 -45.60652 -2.07172 0.61128 0.77428 0.16379 0.6437 0.9838
p9_entry_c0
0 -85.75421 -48.05848 16.70102 0.91455 0.32179 0.24505 0.6245 0.1305
0 -84.12532 -53.94319 18.34931 0.91455 0.32179 0.24505 0.5786 0.1434
0 -78.57108 -53.94319 -2.37939 0.91455 0.32179 0.24505 0.5786 0.9814
p9_entry_c0
0 -85.75421 -48.05848 16.70102 0.91455 0.32179 0.24505 0.6245 0.1305
0 -78.57108 -53.94319 -2.37939 0.91455 0.32179 0.24505 0.5786 0.9814
0 -80.80589 -48.05848 -1.76637 0.91455 0.32179 0.24505 0.6245 0.9862
p9_entry_c0
0 -84.12532 -53.94319 18.34931 0.96593 0.00000 0.25882 0.5786 0.1434
0 -84.78173 -66.69340 20.79907 0.96593 0.00000 0.25882 0.4790 0.1625
0 -77.91467 -66.69340 -4.82915 0.96593 0.00000 0.25882 0.4790 0.9623
p9_entry_c0
0 -84.12532 -53.94319 18.34931 0.96593 0.00000 0.25882 0.5786 0.1434
0 -77.91467 -66.69340 -4.82915 0.96593 0.00000 0.25882 0.4790 0.9623
0 -78.57108 -53.94319 -2.37939 0.96593 0.00000 0.25882 0.5786 0.9814
p9_entry_c0
0 -84.78173 -66.69340 20.79907 0.00000 -1.00000 0.00000 0.4790 0.1625
0 -111.82765 -66.69340 13.55214 0.00000 -1.00000 0.00000 0.4790 0.1059
0 -104.96059 -66.69340 -12.07608 0.00000 -1.00000 0.00000 0.4790 0.9057
p9_entry_c0
0 -84.78173 -66.69340 20.79907 0.00000 -1.00000 0.00000 0.4790 0.1625
0 -104.96059 -66.69340 -12.07608 0.00000 -1.00000 0.00000 0.4790 0.9057
0 -77.91467 -66.69340 -4.82915 0.00000 -1.00000 0.00000 0.4790 0.9623
p9_entry_c0
0 -104.96059 -66.69340 -12.07608 -0.96593 0.00000 -0.25882 0.4790 0.9057
0 -105.61700 -53.94319 -9.62633 -0.96593 0.00000 -0.25882 0.5786 0.9248
0 -100.48556 -45.73083 -28.77715 -0.96593 0.00000 -0.25882 0.6427 0.7752
p9_entry_c0
0 -104.96059 -66.69340 -12.07608 -0.96593 0.00000 -0.25882 0.4790 0.9057
0 -100.48556 -45.73083 -28.77715 -0.96593 0.00000 -0.25882 0.6427 0.7752
0 -98.61626 -56.53993 -35.75347 -0.96593 0.00000 -0.25882 0.5583 0.7207
p9_entry_c0
0 -105.61700 -53.94319 -9.62633 -0.94642 0.29729 -0.12611 0.5786 0.9248
0 -103.98811 -48.05848 -7.97803 -0.94642 0.29729 -0.12611 0.6245 0.9377
0 -99.41646 -40.74201 -25.03968 -0.94642 0.29729 -0.12611 0.6817 0.8044
p9_entry_c0
0 -105.61700 -53.94319 -9.62633 -0.94642 0.29729 -0.12611 0.5786 0.9248
0 -99.41646 -40.74201 -25.03968 -0.94642 0.29729 -0.12611 0.6817 0.8044
0 -100.48556 -45.73083 -28.77715 -0.94642 0.29729 -0.12611 0.6427 0.7752
p9_entry_clip
0 -103.98811 -48.05848 -7.97803 -0.68796 0.71534 0.12242 0.6245 0.9377
0 -101.21657 -45.60652 -6.73047 -0.68796 0.71534 0.12242 0.6437 0.9474
0 -96.87816 -38.66334 -22.92162 -0.68796 0.71534 0.12242 0.6979 0.8209
p9_entry_clip
0 -103.98811 -48.05848 -7.97803 -0.68796 0.71534 0.12242 0.6245 0.9377
0 -96.87816 -38.66334 -22.92162 -0.68796 0.71534 0.12242 0.6979 0.8209
0 -99.41646 -40.74201 -25.03968 -0.68796 0.71534 0.12242 0.6817 0.8044
p9_entry_ch0
0 -101.21657 -45.60652 -6.73047 -0.39430 0.87814 0.27092 0.6437 0.9474
0 -98.36928 -44.62573 -5.76557 -0.39430 0.87814 0.27092 0.6514 0.9550
0 -94.12417 -37.83187 -21.60852 -0.39430 0.87814 0.27092 0.7044 0.8312
p9_entry_ch0
0 -101.21657 -45.60652 -6.73047 -0.39430 0.87814 0.27092 0.6437 0.9474
0 -94.12417 -37.83187 -21.60852 -0.39430 0.87814 0.27092 0.7044 0.8312
0 -96.87816 -38.66334 -22.92162 -0.39430 0.87814 0.27092 0.6979 0.8209
p9_entry_ch0
0 -98.36928 -44.62573 -5.76557 -0.51422 0.82951 0.21793 0.6514 0.9550
0 -95.54724 -43.15455 -4.70645 -0.51422 0.82951 0.21793 0.6629 0.9632
0 -91.44208 -36.58466 -20.02711 -0.51422 0.82951 0.21793 0.7142 0.8435
p9_entry_ch0
0 -98.36928 -44.62573 -5.76557 -0.51422 0.82951 0.21793 0.6514 0.9550
0 -91.44208 -36.58466 -20.02711 -0.51422 0.82951 0.21793 0.7142 0.8435
0 -94.12417 -37.83187 -21.60852 -0.51422 0.82951 0.21793 0.7044 0.8312
p9_entry_clip
0 -95.54724 -43.15455 -4.70645 -0.09905 0.92388 0.36964 0.6629 0.9632
0 -89.75169 -43.15455 -3.15353 -0.09905 0.92388 0.36964 0.6629 0.9754
0 -85.64653 -36.58466 -18.47419 -0.09905 0.92388 0.36964 0.7142 0.8557
p9_entry_clip
0 -95.54724 -43.15455 -4.70645 -0.09905 0.92388 0.36964 0.6629 0.9632
0 -85.64653 -36.58466 -18.47419 -0.09905 0.92388 0.36964 0.7142 0.8557
0 -91.44208 -36.58466 -20.02711 -0.09905 0.92388 0.36964 0.7142 0.8435
p9_entry_ch0
0 -89.75169 -43.15455 -3.15353 0.33637 0.82951 0.44584 0.6629 0.9754
0 -86.77817 -44.62573 -2.65974 0.33637 0.82951 0.44584 0.6514 0.9792
0 -82.53306 -37.83187 -18.50269 0.33637 0.82951 0.44584 0.7044 0.8554
p9_entry_ch0
0 -89.75169 -43.15455 -3.15353 0.33637 0.82951 0.44584 0.6629 0.9754
0 -82.53306 -37.83187 -18.50269 0.33637 0.82951 0.44584 0.7044 0.8554
0 -85.64653 -36.58466 -18.47419 0.33637 0.82951 0.44584 0.7142 0.8557
p9_entry_ch0
0 -86.77817 -44.62573 -2.65974 0.20601 0.87814 0.43177 0.6514 0.9792
0 -83.82990 -45.60652 -2.07172 0.20601 0.87814 0.43177 0.6437 0.9838
0 -79.49149 -38.66334 -18.26288 0.20601 0.87814 0.43177 0.6979 0.8573
p9_entry_ch0
0 -86.77817 -44.62573 -2.65974 0.20601 0.87814 0.43177 0.6514 0.9792
0 -79.49149 -38.66334 -18.26288 0.20601 0.87814 0.43177 0.6979 0.8573
0 -82.53306 -37.83187 -18.50269 0.20601 0.87814 0.43177 0.7044 0.8554
p9_entry_clip
0 -83.82990 -45.60652 -2.07172 0.53459 0.71534 0.45000 0.6437 0.9838
0 -80.80589 -48.05848 -1.76637 0.53459 0.71534 0.45000 0.6245 0.9862
0 -76.23424 -40.74201 -18.82802 0.53459 0.71534 0.45000 0.6817 0.8529
p9_entry_clip
0 -83.82990 -45.60652 -2.07172 0.53459 0.71534 0.45000 0.6437 0.9838
0 -76.23424 -40.74201 -18.82802 0.53459 0.71534 0.45000 0.6817 0.8529
0 -79.49149 -38.66334 -18.26288 0.53459 0.71534 0.45000 0.6979 0.8573
p9_entry_c0
0 -80.80589 -48.05848 -1.76637 0.88268 0.29729 0.36400 0.6245 0.9862
0 -78.57108 -53.94319 -2.37939 0.88268 0.29729 0.36400 0.5786 0.9814
0 -73.43963 -45.73083 -21.53022 0.88268 0.29729 0.36400 0.6427 0.8318
p9_entry_c0
0 -80.80589 -48.05848 -1.76637 0.88268 0.29729 0.36400 0.6245 0.9862
0 -73.43963 -45.73083 -21.53022 0.88268 0.29729 0.36400 0.6427 0.8318
0 -76.23424 -40.74201 -18.82802 0.88268 0.29729 0.36400 0.6817 0.8529
p9_entry_c0
0 -78.57108 -53.94319 -2.37939 0.96593 -0.00000 0.25882 0.5786 0.9814
0 -77.91467 -66.69340 -4.82915 0.96593 -0.00000 0.25882 0.4790 0.9623
0 -71.57033 -56.53993 -28.50653 0.96593 -0.00000 0.25882 0.5583 0.7773
p9_entry_c0
0 -78.57108 -53.94319 -2.37939 0.96593 -0.00000 0.25882 0.5786 0.9814
0 -71.57033 -56.53993 -28.50653 0.96593 -0.00000 0.25882 0.5583 0.7773
0 -73.43963 -45.73083 -21.53022 0.96593 -0.00000 0.25882 0.6427 0.8318
p9_entry_c0
0 -77.91467 -66.69340 -4.82915 0.09905 -0.92388 -0.36964 0.4790 0.9623
0 -104.96059 -66.69340 -12.07608 0.09905 -0.92388 -0.36964 0.4790 0.9057
0 -98.61626 -56.53993 -35.75347 0.09905 -0.92388 -0.36964 0.5583 0.7207
p9_entry_c0
0 -77.91467 -66.69340 -4.82915 0.09905 -0.92388 -0.36964 0.4790 0.9623
0 -98.61626 -56.53993 -35.75347 0.09905 -0.92388 -0.36964 0.5583 0.7207
0 -71.57033 -56.53993 -28.50653 0.09905 -0.92388 -0.36964 0.5583 0.7773
p9_entry_c0
0 -98.61626 -56.53993 -35.75347 -0.96593 -0.00000 -0.25882 0.5583 0.7207
0 -100.48556 -45.73083 -28.77715 -0.96593 -0.00000 -0.25882 0.6427 0.7752
0 -96.55811 -30.55636 -43.43456 -0.96593 -0.00000 -0.25882 0.7613 0.6607
p9_entry_c0
0 -98.61626 -56.53993 -35.75347 -0.96593 -0.00000 -0.25882 0.5583 0.7207
0 -96.55811 -30.55636 -43.43456 -0.96593 -0.00000 -0.25882 0.7613 0.6607
0 -93.76051 -37.77878 -53.87535 -0.96593 -0.00000 -0.25882 0.7049 0.5791
p9_entry_c0
0 -100.48556 -45.73083 -28.77715 -0.97344 0.22754 -0.02527 0.6427 0.7752
0 -99.41646 -40.74201 -25.03968 -0.97344 0.22754 -0.02527 0.6817 0.8044
0 -95.91746 -27.22294 -38.09809 -0.97344 0.22754 -0.02527 0.7873 0.7024
p9_entry_c0
0 -100.48556 -45.73083 -28.77715 -0.97344 0.22754 -0.02527 0.6427 0.7752
0 -95.91746 -27.22294 -38.09809 -0.97344 0.22754 -0.02527 0.7873 0.7024
0 -96.55811 -30.55636 -43.43456 -0.97344 0.22754 -0.02527 0.7613 0.6607
p9_entry_clip
0 -99.41646 -40.74201 -25.03968 -0.75298 0.54750 0.36506 0.6817 0.8044
0 -96.87816 -38.66334 -22.92162 -0.75298 0.54750 0.36506 0.6979 0.8209
0 -93.55769 -25.83402 -35.31379 -0.75298 0.54750 0.36506 0.7982 0.7241
p9_entry_clip
0 -99.41646 -40.74201 -25.03968 -0.75298 0.54750 0.36506 0.6817 0.8044
0 -93.55769 -25.83402 -35.31379 -0.75298 0.54750 0.36506 0.7982 0.7241
0 -95.91746 -27.22294 -38.09809 -0.75298 0.54750 0.36506 0.7873 0.7024
p9_entry_ch0
0 -96.87816 -38.66334 -22.92162 -0.47411 0.67210 0.56877 0.6979 0.8209
0 -94.12417 -37.83187 -21.60852 -0.47411 0.67210 0.56877 0.7044 0.8312
0 -90.87511 -25.27845 -33.73420 -0.47411 0.67210 0.56877 0.8025 0.7365
p9_entry_ch0
0 -96.87816 -38.66334 -22.92162 -0.47411 0.67210 0.56877 0.6979 0.8209
0 -90.87511 -25.27845 -33.73420 -0.47411 0.67210 0.56877 0.8025 0.7365
0 -93.55769 -25.83402 -35.31379 -0.47411 0.67210 0.56877 0.7982 0.7241
p9_entry_ch0
0 -94.12417 -37.83187 -21.60852 -0.58961 0.63488 0.49929 0.7044 0.8312
0 -91.44208 -36.58466 -20.02711 -0.58961 0.63488 0.49929 0.7142 0.8435
0 -88.30013 -24.44509 -31.75303 -0.58961 0.63488 0.49929 0.8090 0.7519
p9_entry_ch0
0 -94.12417 -37.83187 -21.60852 -0.58961 0.63488 0.49929 0.7044 0.8312
0 -88.30013 -24.44509 -31.75303 -0.58961 0.63488 0.49929 0.8090 0.7519
0 -90.87511 -25.27845 -33.73420 -0.58961 0.63488 0.49929 0.8025 0.7365
p9_entry_clip
0 -91.44208 -36.58466 -20.02711 -0.18301 0.70711 0.68301 0.7142 0.8435
0 -85.64653 -36.58466 -18.47419 -0.18301 0.70711 0.68301 0.7142 0.8557
0 -82.50458 -24.44509 -30.20012 -0.18301 0.70711 0.68301 0.8090 0.7641
p9_entry_clip
0 -91.44208 -36.58466 -20.02711 -0.18301 0.70711 0.68301 0.7142 0.8435
0 -82.50458 -24.44509 -30.20012 -0.18301 0.70711 0.68301 0.8090 0.7641
0 -88.30013 -24.44509 -31.75303 -0.18301 0.70711 0.68301 0.8090 0.7519
p9_entry_ch0
0 -85.64653 -36.58466 -18.47419 0.26098 0.63488 0.72720 0.7142 0.8557
0 -82.53306 -37.83187 -18.50269 0.26098 0.63488 0.72720 0.7044 0.8554
0 -79.28400 -25.27845 -30.62837 0.26098 0.63488 0.72720 0.8025 0.7607
p9_entry_ch0
0 -85.64653 -36.58466 -18.47419 0.26098 0.63488 0.72720 0.7142 0.8557
0 -79.28400 -25.27845 -30.62837 0.26098 0.63488 0.72720 0.8025 0.7607
0 -82.50458 -24.44509 -30.20012 0.26098 0.63488 0.72720 0.8090 0.7641
p9_entry_ch0
0 -82.53306 -37.83187 -18.50269 0.12620 0.67210 0.72963 0.7044 0.8554
0 -79.49149 -38.66334 -18.26288 0.12620 0.67210 0.72963 0.6979 0.8573
0 -76.17102 -25.83402 -30.65505 0.12620 0.67210 0.72963 0.7982 0.7605
p9_entry_ch0
0 -82.53306 -37.83187 -18.50269 0.12620 0.67210 0.72963 0.7044 0.8554
0 -76.17102 -25.83402 -30.65505 0.12620 0.67210 0.72963 0.7982 0.7605
0 -79.28400 -25.27845 -30.62837 0.12620 0.67210 0.72963 0.8025 0.7607
p9_entry_clip
0 -79.49149 -38.66334 -18.26288 0.46957 0.54750 0.69264 0.6979 0.8573
0 -76.23424 -40.74201 -18.82802 0.46957 0.54750 0.69264 0.6817 0.8529
0 -72.73524 -27.22294 -31.88644 0.46957 0.54750 0.69264 0.7873 0.7509
p9_entry_clip
0 -79.49149 -38.66334 -18.26288 0.46957 0.54750 0.69264 0.6979 0.8573
0 -72.73524 -27.22294 -31.88644 0.46957 0.54750 0.69264 0.7873 0.7509
0 -76.17102 -25.83402 -30.65505 0.46957 0.54750 0.69264 0.7982 0.7605
p9_entry_c0
0 -76.23424 -40.74201 -18.82802 0.85566 0.22754 0.46484 0.6817 0.8529
0 -73.43963 -45.73083 -21.53022 0.85566 0.22754 0.46484 0.6427 0.8318
0 -69.51219 -30.55636 -36.18763 0.85566 0.22754 0.46484 0.7613 0.7173
p9_entry_c0
0 -76.23424 -40.74201 -18.82802 0.85566 0.22754 0.46484 0.6817 0.8529
0 -69.51219 -30.55636 -36.18763 0.85566 0.22754 0.46484 0.7613 0.7173
0 -72.73524 -27.22294 -31.88644 0.85566 0.22754 0.46484 0.7873 0.7509
p9_entry_c0
0 -73.43963 -45.73083 -21.53022 0.96593 0.00000 0.25882 0.6427 0.8318
0 -71.57033 -56.53993 -28.50653 0.96593 0.00000 0.25882 0.5583 0.7773
0 -66.71459 -37.77878 -46.62842 0.96593 0.00000 0.25882 0.7049 0.6357
p9_entry_c0
0 -73.43963 -45.73083 -21.53022 0.96593 0.00000 0.25882 0.6427 0.8318
0 -66.71459 -37.77878 -46.62842 0.96593 0.00000 0.25882 0.7049 0.6357
0 -69.51219 -30.55636 -36.18763 0.96593 0.00000 0.25882 0.7613 0.7173
p9_entry_c0
0 -71.57033 -56.53993 -28.50653 0.18301 -0.70711 -0.68301 0.5583 0.7773
0 -98.61626 -56.53993 -35.75347 0.18301 -0.70711 -0.68301 0.5583 0.7207
0 -93.76051 -37.77878 -53.87535 0.18301 -0.70711 -0.68301 0.7049 0.5791
p9_entry_c0
0 -71.57033 -56.53993 -28.50653 0.18301 -0.70711 -0.68301 0.5583 0.7773
0 -93.76051 -37.77878 -53.87535 0.18301 -0.70711 -0.68301 0.7049 0.5791
0 -66.71459 -37.77878 -46.62842 0.18301 -0.70711 -0.68301 0.7049 0.6357
p9_entry_c0
0 -93.76051 -37.77878 -53.87535 -0.96593 -0.00000 -0.25882 0.7049 0.5791
0 -96.55811 -30.55636 -43.43456 -0.96593 -0.00000 -0.25882 0.7613 0.6607
0 -94.43260 -10.72997 -51.36709 -0.96593 -0.00000 -0.25882 0.9162 0.5987
p9_entry_c0
0 -93.76051 -37.77878 -53.87535 -0.96593 -0.00000 -0.25882 0.7049 0.5791
0 -94.43260 -10.72997 -51.36709 -0.96593 -0.00000 -0.25882 0.9162 0.5987
0 -91.13260 -13.26614 -63.68285 -0.96593 -0.00000 -0.25882 0.8964 0.5025
p9_entry_c0
0 -96.55811 -30.55636 -43.43456 -0.99150 0.12314 0.04211 0.7613 0.6607
0 -95.91746 -27.22294 -38.09809 -0.99150 0.12314 0.04211 0.7873 0.7024
0 -94.02382 -9.55943 -45.16526 -0.99150 0.12314 0.04211 0.9253 0.6471
p9_entry_c0
0 -96.55811 -30.55636 -43.43456 -0.99150 0.12314 0.04211 0.7613 0.6607
0 -94.02382 -9.55943 -45.16526 -0.99150 0.12314 0.04211 0.9253 0.6471
0 -94.43260 -10.72997 -51.36709 -0.99150 0.12314 0.04211 0.9162 0.5987
p9_entry_clip
0 -95.91746 -27.22294 -38.09809 -0.79642 0.29631 0.52718 0.7873 0.7024
0 -93.55769 -25.83402 -35.31379 -0.79642 0.29631 0.52718 0.7982 0.7241
0 -91.76066 -9.07170 -42.02039 -0.79642 0.29631 0.52718 0.9291 0.6717
p9_entry_clip
0 -95.91746 -27.22294 -38.09809 -0.79642 0.29631 0.52718 0.7873 0.7024
0 -91.76066 -9.07170 -42.02039 -0.79642 0.29631 0.52718 0.9291 0.6717
0 -94.02382 -9.55943 -45.16526 -0.79642 0.29631 0.52718 0.9253 0.6471
p9_entry_ch0
0 -93.55769 -25.83402 -35.31379 -0.52743 0.36374 0.76779 0.7982 0.7241
0 -90.87511 -25.27845 -33.73420 -0.52743 0.36374 0.76779 0.8025 0.7365
0 -89.11673 -8.87661 -40.29657 -0.52743 0.36374 0.76779 0.9307 0.6852
p9_entry_ch0
0 -93.55769 -25.83402 -35.31379 -0.52743 0.36374 0.76779 0.7982 0.7241
0 -89.11673 -8.87661 -40.29657 -0.52743 0.36374 0.76779 0.9307 0.6852
0 -91.76066 -9.07170 -42.02039 -0.52743 0.36374 0.76779 0.9291 0.6717
p9_entry_ch0
0 -90.87511 -25.27845 -33.73420 -0.63999 0.34359 0.68728 0.8025 0.7365
0 -88.30013 -24.44509 -31.75303 -0.63999 0.34359 0.68728 0.8090 0.7519
0 -86.59972 -8.58397 -38.09906 -0.63999 0.34359 0.68728 0.9329 0.7024
p9_entry_ch0
0 -90.87511 -25.27845 -33.73420 -0.63999 0.34359 0.68728 0.8025 0.7365
0 -86.59972 -8.58397 -38.09906 -0.63999 0.34359 0.68728 0.9329 0.7024
0 -89.11673 -8.87661 -40.29657 -0.63999 0.34359 0.68728 0.9307 0.6852
p9_entry_clip
0 -88.30013 -24.44509 -31.75303 -0.23912 0.38268 0.89240 0.8090 0.7519
0 -82.50458 -24.44509 -30.20012 -0.23912 0.38268 0.89240 0.8090 0.7641
0 -80.80416 -8.58397 -36.54615 -0.23912 0.38268 0.89240 0.9329 0.7145
p9_entry_clip
0 -88.30013 -24.44509 -31.75303 -0.23912 0.38268 0.89240 0.8090 0.7519
0 -80.80416 -8.58397 -36.54615 -0.23912 0.38268 0.89240 0.9329 0.7145
0 -86.59972 -8.58397 -38.09906 -0.23912 0.38268 0.89240 0.9329 0.7024
p9_entry_ch0
0 -82.50458 -24.44509 -30.20012 0.21060 0.34359 0.91520 0.8090 0.7641
0 -79.28400 -25.27845 -30.62837 0.21060 0.34359 0.91520 0.8025 0.7607
0 -77.52562 -8.87661 -37.19074 0.21060 0.34359 0.91520 0.9307 0.7094
p9_entry_ch0
0 -82.50458 -24.44509 -30.20012 0.21060 0.34359 0.91520 0.8090 0.7641
0 -77.52562 -8.87661 -37.19074 0.21060 0.34359 0.91520 0.9307 0.7094
0 -80.80416 -8.58397 -36.54615 0.21060 0.34359 0.91520 0.9329 0.7145
p9_entry_ch0
0 -79.28400 -25.27845 -30.62837 0.07288 0.36374 0.92865 0.8025 0.7607
0 -76.17102 -25.83402 -30.65505 0.07288 0.36374 0.92865 0.7982 0.7605
0 -74.37399 -9.07170 -37.36165 0.07288 0.36374 0.92865 0.9291 0.7081
p9_entry_ch0
0 -79.28400 -25.27845 -30.62837 0.07288 0.36374 0.92865 0.8025 0.7607
0 -74.37399 -9.07170 -37.36165 0.07288 0.36374 0.92865 0.9291 0.7081
0 -77.52562 -8.87661 -37.19074 0.07288 0.36374 0.92865 0.9307 0.7094
p9_entry_clip
0 -76.17102 -25.83402 -30.65505 0.42613 0.29631 0.85476 0.7982 0.7605
0 -72.73524 -27.22294 -31.88644 0.42613 0.29631 0.85476 0.7873 0.7509
0 -70.84160 -9.55943 -38.95360 0.42613 0.29631 0.85476 0.9253 0.6957
p9_entry_clip
0 -76.17102 -25.83402 -30.65505 0.42613 0.29631 0.85476 0.7982 0.7605
0 -70.84160 -9.55943 -38.95360 0.42613 0.29631 0.85476 0.9253 0.6957
0 -74.37399 -9.07170 -37.36165 0.42613 0.29631 0.85476 0.9291 0.7081
p9_entry_c0
0 -72.73524 -27.22294 -31.88644 0.83761 0.12314 0.53222 0.7873 0.7509
0 -69.51219 -30.55636 -36.18763 0.83761 0.12314 0.53222 0.7613 0.7173
0 -67.38668 -10.72997 -44.12016 0.83761 0.12314 0.53222 0.9162 0.6553
p9_entry_c0
0 -72.73524 -27.22294 -31.88644 0.83761 0.12314 0.53222 0.7873 0.7509
0 -67.38668 -10.72997 -44.12016 0.83761 0.12314 0.53222 0.9162 0.6553
0 -70.84160 -9.55943 -38.95360 0.83761 0.12314 0.53222 0.9253 0.6957
p9_entry_c0
0 -69.51219 -30.55636 -36.18763 0.96593 0.00000 0.25882 0.7613 0.7173
0 -66.71459 -37.77878 -46.62842 0.96593 0.00000 0.25882 0.7049 0.6357
0 -64.08668 -13.26614 -56.43592 0.96593 0.00000 0.25882 0.8964 0.5591
p9_entry_c0
0 -69.51219 -30.55636 -36.18763 0.96593 0.00000 0.25882 0.7613 0.7173
0 -64.08668 -13.26614 -56.43592 0.96593 0.00000 0.25882 0.8964 0.5591
0 -67.38668 -10.72997 -44.12016 0.96593 0.00000 0.25882 0.9162 0.6553
p9_entry_c0
0 -66.71459 -37.77878 -46.62842 0.23912 -0.38268 -0.89240 0.7049 0.6357
0 -93.76051 -37.77878 -53.87535 0.23912 -0.38268 -0.89240 0.7049 0.5791
0 -91.13260 -13.26614 -63.68285 0.23912 -0.38268 -0.89240 0.8964 0.5025
p9_entry_c0
0 -66.71459 -37.77878 -46.62842 0.23912 -0.38268 -0.89240 0.7049 0.6357
0 -91.13260 -13.26614 -63.68285 0.23912 -0.38268 -0.89240 0.8964 0.5025
0 -64.08668 -13.26614 -56.43592 0.23912 -0.38268 -0.89240 0.8964 0.5591
p9_entry_c0
0 -91.13260 -13.26614 -63.68285 -0.96593 -0.00000 -0.25882 0.8964 0.5025
0 -94.43260 -10.72997 -51.36709 -0.96593 -0.00000 -0.25882 0.9162 0.5987
0 -94.43260 10.72997 -51.36709 -0.96593 -0.00000 -0.25882 0.0838 0.5987
p9_entry_c0
0 -91.13260 -13.26614 -63.68285 -0.96593 -0.00000 -0.25882 0.8964 0.5025
0 -94.43260 10.72997 -51.36709 -0.96593 -0.00000 -0.25882 0.0838 0.5987
0 -91.13260 13.26614 -63.68285 -0.96593 -0.00000 -0.25882 0.1036 0.5025
p9_entry_c0
0 -94.43260 -10.72997 -51.36709 -0.99783 0.00000 0.06577 0.9162 0.5987
0 -94.02382 -9.55943 -45.16526 -0.99783 0.00000 0.06577 0.9253 0.6471
0 -94.02382 9.55943 -45.16526 -0.99783 0.00000 0.06577 0.0747 0.6471
p9_entry_c0
0 -94.43260 -10.72997 -51.36709 -0.99783 0.00000 0.06577 0.9162 0.5987
0 -94.02382 9.55943 -45.16526 -0.99783 0.00000 0.06577 0.0747 0.6471
0 -94.43260 10.72997 -51.36709 -0.99783 0.00000 0.06577 0.0838 0.5987
p9_entry_clip
0 -94.02382 -9.55943 -45.16526 -0.81167 0.00000 0.58411 0.9253 0.6471
0 -91.76066 -9.07170 -42.02039 -0.81167 0.00000 0.58411 0.9291 0.6717
0 -91.76066 9.07170 -42.02039 -0.81167 0.00000 0.58411 0.0709 0.6717
p9_entry_clip
0 -94.02382 -9.55943 -45.16526 -0.81167 0.00000 0.58411 0.9253 0.6471
0 -91.76066 9.07170 -42.02039 -0.81167 0.00000 0.58411 0.0709 0.6717
0 -94.02382 9.55943 -45.16526 -0.81167 0.00000 0.58411 0.0747 0.6471
p9_entry_ch0
0 -91.76066 -9.07170 -42.02039 -0.54616 0.00000 0.83768 0.9291 0.6717
0 -89.11673 -8.87661 -40.29657 -0.54616 0.00000 0.83768 0.9307 0.6852
0 -89.11673 8.87661 -40.29657 -0.54616 0.00000 0.83768 0.0693 0.6852
p9_entry_ch0
0 -91.76066 -9.07170 -42.02039 -0.54616 0.00000 0.83768 0.9291 0.6717
0 -89.11673 8.87661 -40.29657 -0.54616 0.00000 0.83768 0.0693 0.6852
0 -91.76066 9.07170 -42.02039 -0.54616 0.00000 0.83768 0.0709 0.6717
p9_entry_ch0
0 -89.11673 -8.87661 -40.29657 -0.65768 0.00000 0.75330 0.9307 0.6852
0 -86.59972 -8.58397 -38.09906 -0.65768 0.00000 0.75330 0.9329 0.7024
0 -86.59972 8.58397 -38.09906 -0.65768 0.00000 0.75330 0.0671 0.7024
p9_entry_ch0
0 -89.11673 -8.87661 -40.29657 -0.65768 0.00000 0.75330 0.9307 0.6852
0 -86.59972 8.58397 -38.09906 -0.65768 0.00000 0.75330 0.0671 0.7024
0 -89.11673 8.87661 -40.29657 -0.65768 0.00000 0.75330 0.0693 0.6852
p9_entry_clip
0 -86.59972 -8.58397 -38.09906 -0.25882 0.00000 0.96593 0.9329 0.7024
0 -80.80416 -8.58397 -36.54615 -0.25882 0.00000 0.96593 0.9329 0.7145
0 -80.80416 8.58397 -36.54615 -0.25882 0.00000 0.96593 0.0671 0.7145
p9_entry_clip
0 -86.59972 -8.58397 -38.09906 -0.25882 0.00000 0.96593 0.9329 0.7024
0 -80.80416 8.58397 -36.54615 -0.25882 0.00000 0.96593 0.0671 0.7145
0 -86.59972 8.58397 -38.09906 -0.25882 0.00000 0.96593 0.0671 0.7024
p9_entry_ch0
0 -80.80416 -8.58397 -36.54615 0.19292 0.00000 0.98122 0.9329 0.7145
0 -77.52562 -8.87661 -37.19074 0.19292 0.00000 0.98122 0.9307 0.7094
0 -77.52562 8.87661 -37.19074 0.19292 0.00000 0.98122 0.0693 0.7094
p9_entry_ch0
0 -80.80416 -8.58397 -36.54615 0.19292 0.00000 0.98122 0.9329 0.7145
0 -77.52562 8.87661 -37.19074 0.19292 0.00000 0.98122 0.0693 0.7094
0 -80.80416 8.58397 -36.54615 0.19292 0.00000 0.98122 0.0671 0.7145
p9_entry_ch0
0 -77.52562 -8.87661 -37.19074 0.05415 0.00000 0.99853 0.9307 0.7094
0 -74.37399 -9.07170 -37.36165 0.05415 0.00000 0.99853 0.9291 0.7081
0 -74.37399 9.07170 -37.36165 0.05415 0.00000 0.99853 0.0709 0.7081
p9_entry_ch0
0 -77.52562 -8.87661 -37.19074 0.05415 0.00000 0.99853 0.9307 0.7094
0 -74.37399 9.07170 -37.36165 0.05415 0.00000 0.99853 0.0709 0.7081
0 -77.52562 8.87661 -37.19074 0.05415 0.00000 0.99853 0.0693 0.7094
p9_entry_clip
0 -74.37399 -9.07170 -37.36165 0.41088 0.00000 0.91169 0.9291 0.7081
0 -70.84160 -9.55943 -38.95360 0.41088 0.00000 0.91169 0.9253 0.6957
0 -70.84160 9.55943 -38.95360 0.41088 0.00000 0.91169 0.0747 0.6957
p9_entry_clip
0 -74.37399 -9.07170 -37.36165 0.41088 0.00000 0.91169 0.9291 0.7081
0 -70.84160 9.55943 -38.95360 0.41088 0.00000 0.91169 0.0747 0.6957
0 -74.37399 9.07170 -37.36165 0.41088 0.00000 0.91169 0.0709 0.7081
p9_entry_c0
0 -70.84160 -9.55943 -38.95360 0.83127 0.00000 0.55588 0.9253 0.6957
0 -67.38668 -10.72997 -44.12016 0.83127 0.00000 0.55588 0.9162 0.6553
0 -67.38668 10.72997 -44.12016 0.83127 0.00000 0.55588 0.0838 0.6553
p9_entry_c0
0 -70.84160 -9.55943 -38.95360 0.83127 0.00000 0.55588 0.9253 0.6957
0 -67.38668 10.72997 -44.12016 0.83127 0.00000 0.55588 0.0838 0.6553
0 -70.84160 9.55943 -38.95360 0.83127 0.00000 0.55588 0.0747 0.6957
p9_entry_c0
0 -67.38668 -10.72997 -44.12016 0.96593 0.00000 0.25882 0.9162 0.6553
0 -64.08668 -13.26614 -56.43592 0.96593 0.00000 0.25882 0.8964 0.5591
0 -64.08668 13.26614 -56.43592 0.96593 0.00000 0.25882 0.1036 0.5591
p9_entry_c0
0 -67.38668 -10.72997 -44.12016 0.96593 0.00000 0.25882 0.9162 0.6553
0 -64.08668 13.26614 -56.43592 0.96593 0.00000 0.25882 0.1036 0.5591
0 -67.38668 10.72997 -44.12016 0.96593 0.00000 0.25882 0.0838 0.6553
p9_entry_c0
0 -64.08668 -13.26614 -56.43592 0.25882 -0.00000 -0.96593 0.8964 0.5591
0 -91.13260 -13.26614 -63.68285 0.25882 -0.00000 -0.96593 0.8964 0.5025
0 -91.13260 13.26614 -63.68285 0.25882 -0.00000 -0.96593 0.1036 0.5025
p9_entry_c0
0 -64.08668 -13.26614 -56.43592 0.25882 -0.00000 -0.96593 0.8964 0.5591
0 -91.13260 13.26614 -63.68285 0.25882 -0.00000 -0.96593 0.1036 0.5025
0 -64.08668 13.26614 -56.43592 0.25882 -0.00000 -0.96593 0.1036 0.5591
p9_entry_c0
0 -91.13260 13.26614 -63.68285 -0.96593 0.00000 -0.25882 0.1036 0.5025
0 -94.43260 10.72997 -51.36709 -0.96593 0.00000 -0.25882 0.0838 0.5987
0 -96.55811 30.55636 -43.43456 -0.96593 0.00000 -0.25882 0.2387 0.6607
p9_entry_c0
0 -91.13260 13.26614 -63.68285 -0.96593 0.00000 -0.25882 0.1036 0.5025
0 -96.55811 30.55636 -43.43456 -0.96593 0.00000 -0.25882 0.2387 0.6607
0 -93.76051 37.77878 -53.87535 -0.96593 0.00000 -0.25882 0.2951 0.5791
p9_entry_c0
0 -94.43260 10.72997 -51.36709 -0.99150 -0.12314 0.04211 0.0838 0.5987
0 -94.02382 9.55943 -45.16526 -0.99150 -0.12314 0.04211 0.0747 0.6471
0 -95.91746 27.22294 -38.09809 -0.99150 -0.12314 0.04211 0.2127 0.7024
p9_entry_c0
0 -94.43260 10.72997 -51.36709 -0.99150 -0.12314 0.04211 0.0838 0.5987
0 -95.91746 27.22294 -38.09809 -0.99150 -0.12314 0.04211 0.2127 0.7024
0 -96.55811 30.55636 -43.43456 -0.99150 -0.12314 0.04211 0.2387 0.6607
p9_entry_clip
0 -94.02382 9.55943 -45.16526 -0.79642 -0.29631 0.52718 0.0747 0.6471
0 -91.76066 9.07170 -42.02039 -0.79642 -0.29631 0.52718 0.0709 0.6717
0 -93.55769 25.83402 -35.31379 -0.79642 -0.29631 0.52718 0.2018 0.7241
p9_entry_clip
0 -94.02382 9.55943 -45.16526 -0.79642 -0.29631 0.52718 0.0747 0.6471
0 -93.55769 25.83402 -35.31379 -0.79642 -0.29631 0.52718 0.2018 0.7241
0 -95.91746 27.22294 -38.09809 -0.79642 -0.29631 0.52718 0.2127 0.7024
p9_entry_ch0
0 -91.76066 9.07170 -42.02039 -0.52743 -0.36374 0.76779 0.0709 0.6717
0 -89.11673 8.87661 -40.29657 -0.52743 -0.36374 0.76779 0.0693 0.6852
0 -90.87511 25.27845 -33.73420 -0.52743 -0.36374 0.76779 0.1975 0.7365
p9_entry_ch0
0 -91.76066 9.07170 -42.02039 -0.52743 -0.36374 0.76779 0.0709 0.6717
0 -90.87511 25.27845 -33.73420 -0.52743 -0.36374 0.76779 0.1975 0.7365
0 -93.55769 25.83402 -35.31379 -0.52743 -0.36374 0.76779 0.2018 0.7241
p9_entry_ch0
0 -89.11673 8.87661 -40.29657 -0.63999 -0.34359 0.68728 0.0693 0.6852
0 -86.59972 8.58397 -38.09906 -0.63999 -0.34359 0.68728 0.0671 0.7024
0 -88.30013 24.44509 -31.75303 -0.63999 -0.34359 0.68728 0.1910 0.7519
p9_entry_ch0
0 -89.11673 8.87661 -40.29657 -0.63999 -0.34359 0.68728 0.0693 0.6852
0 -88.30013 24.44509 -31.75303 -0.63999 -0.34359 0.68728 0.1910 0.7519
0 -90.87511 25.27845 -33.73420 -0.63999 -0.34359 0.68728 0.1975 0.7365
p9_entry_clip
0 -86.59972 8.58397 -38.09906 -0.23912 -0.38268 0.89240 0.0671 0.7024
0 -80.80416 8.58397 -36.54615 -0.23912 -0.38268 0.89240 0.0671 0.7145
0 -82.50458 24.44509 -30.20012 -0.23912 -0.38268 0.89240 0.1910 0.7641
p9_entry_clip
0 -86.59972 8.58397 -38.09906 -0.23912 -0.38268 0.89240 0.0671 0.7024
0 -82.50458 24.44509 -30.20012 -0.23912 -0.38268 0.89240 0.1910 0.7641
0 -88.30013 24.44509 -31.75303 -0.23912 -0.38268 0.89240 0.1910 0.7519
p9_entry_ch0
0 -80.80416 8.58397 -36.54615 0.21060 -0.34359 0.91520 0.0671 0.7145
0 -77.52562 8.87661 -37.19074 0.21060 -0.34359 0.91520 0.0693 0.7094
0 -79.28400 25.27845 -30.62837 0.21060 -0.34359 0.91520 0.1975 0.7607
p9_entry_ch0
0 -80.80416 8.58397 -36.54615 0.21060 -0.34359 0.91520 0.0671 0.7145
0 -79.28400 25.27845 -30.62837 0.21060 -0.34359 0.91520 0.1975 0.7607
0 -82.50458 24.44509 -30.20012 0.21060 -0.34359 0.91520 0.1910 0.7641
p9_entry_ch0
0 -77.52562 8.87661 -37.19074 0.07288 -0.36374 0.92865 0.0693 0.7094
0 -74.37399 9.07170 -37.36165 0.07288 -0.36374 0.92865 0.0709 0.7081
0 -76.17102 25.83402 -30.65505 0.07288 -0.36374 0.92865 0.2018 0.7605
p9_entry_ch0
0 -77.52562 8.87661 -37.19074 0.07288 -0.36374 0.92865 0.0693 0.7094
0 -76.17102 25.83402 -30.65505 0.07288 -0.36374 0.92865 0.2018 0.7605
0 -79.28400 25.27845 -30.62837 0.07288 -0.36374 0.92865 0.1975 0.7607
p9_entry_clip
0 -74.37399 9.07170 -37.36165 0.42613 -0.29631 0.85476 0.0709 0.7081
0 -70.84160 9.55943 -38.95360 0.42613 -0.29631 0.85476 0.0747 0.6957
0 -72.73524 27.22294 -31.88644 0.42613 -0.29631 0.85476 0.2127 0.7509
p9_entry_clip
0 -74.37399 9.07170 -37.36165 0.42613 -0.29631 0.85476 0.0709 0.7081
0 -72.73524 27.22294 -31.88644 0.42613 -0.29631 0.85476 0.2127 0.7509
0 -76.17102 25.83402 -30.65505 0.42613 -0.29631 0.85476 0.2018 0.7605
p9_entry_c0
0 -70.84160 9.55943 -38.95360 0.83761 -0.12314 0.53222 0.0747 0.6957
0 -67.38668 10.72997 -44.12016 0.83761 -0.12314 0.53222 0.0838 0.6553
0 -69.51219 30.55636 -36.18763 0.83761 -0.12314 0.53222 0.2387 0.7173
p9_entry_c0
0 -70.84160 9.55943 -38.95360 0.83761 -0.12314 0.53222 0.0747 0.6957
0 -69.51219 30.55636 -36.18763 0.83761 -0.12314 0.53222 0.2387 0.7173
0 -72.73524 27.22294 -31.88644 0.83761 -0.12314 0.53222 0.2127 0.7509
p9_entry_c0
0 -67.38668 10.72997 -44.12016 0.96593 -0.00000 0.25882 0.0838 0.6553
0 -64.08668 13.26614 -56.43592 0.96593 -0.00000 0.25882 0.1036 0.5591
0 -66.71459 37.77878 -46.62842 0.96593 -0.00000 0.25882 0.2951 0.6357
p9_entry_c0
0 -67.38668 10.72997 -44.12016 0.96593 -0.00000 0.25882 0.0838 0.6553
0 -66.71459 37.77878 -46.62842 0.96593 -0.00000 0.25882 0.2951 0.6357
0 -69.51219 30.55636 -36.18763 0.96593 -0.00000 0.25882 0.2387 0.7173
p9_entry_c0
0 -64.08668 13.26614 -56.43592 0.23912 0.38268 -0.89240 0.1036 0.5591
0 -91.13260 13.26614 -63.68285 0.23912 0.38268 -0.89240 0.1036 0.5025
0 -93.76051 37.77878 -53.87535 0.23912 0.38268 -0.89240 0.2951 0.5791
p9_entry_c0
0 -64.08668 13.26614 -56.43592 0.23912 0.38268 -0.89240 0.1036 0.5591
0 -93.76051 37.77878 -53.87535 0.23912 0.38268 -0.89240 0.2951 0.5791
0 -66.71459 37.77878 -46.62842 0.23912 0.38268 -0.89240 0.2951 0.6357
p9_entry_c1
0 -93.76051 37.77878 -53.87535 -0.96593 -0.00000 -0.25882 0.2951 0.5791
0 -96.55811 30.55636 -43.43456 -0.96593 -0.00000 -0.25882 0.2387 0.6607
0 -100.48556 45.73083 -28.77715 -0.96593 -0.00000 -0.25882 0.3573 0.7752
p9_entry_c1
0 -93.76051 37.77878 -53.87535 -0.96593 -0.00000 -0.25882 0.2951 0.5791
0 -100.48556 45.73083 -28.77715 -0.96593 -0.00000 -0.25882 0.3573 0.7752
0 -98.61626 56.53993 -35.75347 -0.96593 -0.00000 -0.25882 0.4417 0.7207
p9_entry_c1
0 -96.55811 30.55636 -43.43456 -0.97344 -0.22754 -0.02527 0.2387 0.6607
0 -95.91746 27.22294 -38.09809 -0.97344 -0.22754 -0.02527 0.2127 0.7024
0 -99.41646 40.74201 -25.03968 -0.97344 -0.22754 -0.02527 0.3183 0.8044
p9_entry_c1
0 -96.55811 30.55636 -43.43456 -0.97344 -0.22754 -0.02527 0.2387 0.6607
0 -99.41646 40.74201 -25.03968 -0.97344 -0.22754 -0.02527 0.3183 0.8044
0 -100.48556 45.73083 -28.77715 -0.97344 -0.22754 -0.02527 0.3573 0.7752
p9_entry_clip
0 -95.91746 27.22294 -38.09809 -0.75298 -0.54750 0.36506 0.2127 0.7024
0 -93.55769 25.83402 -35.31379 -0.75298 -0.54750 0.36506 0.2018 0.7241
0 -96.87816 38.66334 -22.92162 -0.75298 -0.54750 0.36506 0.3021 0.8209
p9_entry_clip
0 -95.91746 27.22294 -38.09809 -0.75298 -0.54750 0.36506 0.2127 0.7024
0 -96.87816 38.66334 -22.92162 -0.75298 -0.54750 0.36506 0.3021 0.8209
0 -99.41646 40.74201 -25.03968 -0.75298 -0.54750 0.36506 0.3183 0.8044
p9_entry_ch1
0 -93.55769 25.83402 -35.31379 -0.47411 -0.67210 0.56877 0.2018 0.7241
0 -90.87511 25.27845 -33.73420 -0.47411 -0.67210 0.56877 0.1975 0.7365
0 -94.12417 37.83187 -21.60852 -0.47411 -0.67210 0.56877 0.2956 0.8312
p9_entry_ch1
0 -93.55769 25.83402 -35.31379 -0.47411 -0.67210 0.56877 0.2018 0.7241
0 -94.12417 37.83187 -21.60852 -0.47411 -0.67210 0.56877 0.2956 0.8312
0 -96.87816 38.66334 -22.92162 -0.47411 -0.67210 0.56877 0.3021 0.8209
p9_entry_ch1
0 -90.87511 25.27845 -33.73420 -0.58961 -0.63488 0.49929 0.1975 0.7365
0 -88.30013 24.44509 -31.75303 -0.58961 -0.63488 0.49929 0.1910 0.7519
0 -91.44208 36.58466 -20.02711 -0.58961 -0.63488 0.49929 0.2858 0.8435
p9_entry_ch1
0 -90.87511 25.27845 -33.73420 -0.58961 -0.63488 0.49929 0.1975 0.7365
0 -91.44208 36.58466 -20.02711 -0.58961 -0.63488 0.49929 0.2858 0.8435
0 -94.12417 37.83187 -21.60852 -0.58961 -0.63488 0.49929 0.2956 0.8312
p9_entry_clip
0 -88.30013 24.44509 -31.75303 -0.18301 -0.70711 0.68301 0.1910 0.7519
0 -82.50458 24.44509 -30.20012 -0.18301 -0.70711 0.68301 0.1910 0.7641
0 -85.64653 36.58466 -18.47419 -0.18301 -0.70711 0.68301 0.2858 0.8557
p9_entry_clip
0 -88.30013 24.44509 -31.75303 -0.18301 -0.70711 0.68301 0.1910 0.7519
0 -85.64653 36.58466 -18.47419 -0.18301 -0.70711 0.68301 0.2858 0.8557
0 -91.44208 36.58466 -20.02711 -0.18301 -0.70711 0.68301 0.2858 0.8435
p9_entry_ch1
0 -82.50458 24.44509 -30.20012 0.26098 -0.63488 0.72720 0.1910 0.7641
0 -79.28400 25.27845 -30.62837 0.26098 -0.63488 0.72720 0.1975 0.7607
0 -82.53306 37.83187 -18.50269 0.26098 -0.63488 0.72720 0.2956 0.8554
p9_entry_ch1
0 -82.50458 24.44509 -30.20012 0.26098 -0.63488 0.72720 0.1910 0.7641
0 -82.53306 37.83187 -18.50269 0.26098 -0.63488 0.72720 0.2956 0.8554
0 -85.64653 36.58466 -18.47419 0.26098 -0.63488 0.72720 0.2858 0.8557
p9_entry_ch1
0 -79.28400 25.27845 -30.62837 0.12620 -0.67210 0.72963 0.1975 0.7607
0 -76.17102 25.83402 -30.65505 0.12620 -0.67210 0.72963 0.2018 0.7605
0 -79.49149 38.66334 -18.26288 0.12620 -0.67210 0.72963 0.3021 0.8573
p9_entry_ch1
0 -79.28400 25.27845 -30.62837 0.12620 -0.67210 0.72963 0.1975 0.7607
0 -79.49149 38.66334 -18.26288 0.12620 -0.67210 0.72963 0.3021 0.8573
0 -82.53306 37.83187 -18.50269 0.12620 -0.67210 0.72963 0.2956 0.8554
p9_entry_clip
0 -76.17102 25.83402 -30.65505 0.46957 -0.54750 0.69264 0.2018 0.7605
0 -72.73524 27.22294 -31.88644 0.46957 -0.54750 0.69264 0.2127 0.7509
0 -76.23424 40.74201 -18.82802 0.46957 -0.54750 0.69264 0.3183 0.8529
p9_entry_clip
0 -76.17102 25.83402 -30.65505 0.46957 -0.54750 0.69264 0.2018 0.7605
0 -76.23424 40.74201 -18.82802 0.46957 -0.54750 0.69264 0.3183 0.8529
0 -79.49149 38.66334 -18.26288 0.46957 -0.54750 0.69264 0.3021 0.8573
p9_entry_c1
0 -72.73524 27.22294 -31.88644 0.85566 -0.22754 0.46484 0.2127 0.7509
0 -69.51219 30.55636 -36.18763 0.85566 -0.22754 0.46484 0.2387 0.7173
0 -73.43963 45.73083 -21.53022 0.85566 -0.22754 0.46484 0.3573 0.8318
p9_entry_c1
0 -72.73524 27.22294 -31.88644 0.85566 -0.22754 0.46484 0.2127 0.7509
0 -73.43963 45.73083 -21.53022 0.85566 -0.22754 0.46484 0.3573 0.8318
0 -76.23424 40.74201 -18.82802 0.85566 -0.22754 0.46484 0.3183 0.8529
p9_entry_c1
0 -69.51219 30.55636 -36.18763 0.96593 0.00000 0.25882 0.2387 0.7173
0 -66.71459 37.77878 -46.62842 0.96593 0.00000 0.25882 0.2951 0.6357
0 -71.57033 56.53993 -28.50653 0.96593 0.00000 0.25882 0.4417 0.7773
p9_entry_c1
0 -69.51219 30.55636 -36.18763 0.96593 0.00000 0.25882 0.2387 0.7173
0 -71.57033 56.53993 -28.50653 0.96593 0.00000 0.25882 0.4417 0.7773
0 -73.43963 45.73083 -21.53022 0.96593 0.00000 0.25882 0.3573 0.8318
p9_entry_c1
0 -66.71459 37.77878 -46.62842 0.18301 0.70711 -0.68301 0.2951 0.6357
0 -93.76051 37.77878 -53.87535 0.18301 0.70711 -0.68301 0.2951 0.5791
0 -98.61626 56.53993 -35.75347 0.18301 0.70711 -0.68301 0.4417 0.7207
p9_entry_c1
0 -66.71459 37.77878 -46.62842 0.18301 0.70711 -0.68301 0.2951 0.6357
0 -98.61626 56.53993 -35.75347 0.18301 0.70711 -0.68301 0.4417 0.7207
0 -71.57033 56.53993 -28.50653 0.18301 0.70711 -0.68301 0.4417 0.7773
p9_entry_c1
0 -98.61626 56.53993 -35.75347 -0.96593 -0.00000 -0.25882 0.4417 0.7207
0 -100.48556 45.73083 -28.77715 -0.96593 -0.00000 -0.25882 0.3573 0.7752
0 -105.61700 53.94319 -9.62633 -0.96593 -0.00000 -0.25882 0.4214 0.9248
p9_entry_c1
0 -98.61626 56.53993 -35.75347 -0.96593 -0.00000 -0.25882 0.4417 0.7207
0 -105.61700 53.94319 -9.62633 -0.96593 -0.00000 -0.25882 0.4214 0.9248
0 -104.96059 66.69340 -12.07608 -0.96593 -0.00000 -0.25882 0.5210 0.9057
p9_entry_c1
0 -100.48556 45.73083 -28.77715 -0.94642 -0.29729 -0.12611 0.3573 0.7752
0 -99.41646 40.74201 -25.03968 -0.94642 -0.29729 -0.12611 0.3183 0.8044
0 -103.98811 48.05848 -7.97803 -0.94642 -0.29729 -0.12611 0.3755 0.9377
p9_entry_c1
0 -100.48556 45.73083 -28.77715 -0.94642 -0.29729 -0.12611 0.3573 0.7752
0 -103.98811 48.05848 -7.97803 -0.94642 -0.29729 -0.12611 0.3755 0.9377
0 -105.61700 53.94319 -9.62633 -0.94642 -0.29729 -0.12611 0.4214 0.9248
p9_entry_clip
0 -99.41646 40.74201 -25.03968 -0.68796 -0.71534 0.12242 0.3183 0.8044
0 -96.87816 38.66334 -22.92162 -0.68796 -0.71534 0.12242 0.3021 0.8209
0 -101.21657 45.60652 -6.73047 -0.68796 -0.71534 0.12242 0.3563 0.9474
p9_entry_clip
0 -99.41646 40.74201 -25.03968 -0.68796 -0.71534 0.12242 0.3183 0.8044
0 -101.21657 45.60652 -6.73047 -0.68796 -0.71534 0.12242 0.3563 0.9474
0 -103.98811 48.05848 -7.97803 -0.68796 -0.71534 0.12242 0.3755 0.9377
p9_entry_ch1
0 -96.87816 38.66334 -22.92162 -0.39430 -0.87814 0.27092 0.3021 0.8209
0 -94.12417 37.83187 -21.60852 -0.39430 -0.87814 0.27092 0.2956 0.8312
0 -98.36928 44.62573 -5.76557 -0.39430 -0.87814 0.27092 0.3486 0.9550
p9_entry_ch1
0 -96.87816 38.66334 -22.92162 -0.39430 -0.87814 0.27092 0.3021 0.8209
0 -98.36928 44.62573 -5.76557 -0.39430 -0.87814 0.27092 0.3486 0.9550
0 -101.21657 45.60652 -6.73047 -0.39430 -0.87814 0.27092 0.3563 0.9474
p9_entry_ch1
0 -94.12417 37.83187 -21.60852 -0.51422 -0.82951 0.21793 0.2956 0.8312
0 -91.44208 36.58466 -20.02711 -0.51422 -0.82951 0.21793 0.2858 0.8435
0 -95.54724 43.15455 -4.70645 -0.51422 -0.82951 0.21793 0.3371 0.9632
p9_entry_ch1
0 -94.12417 37.83187 -21.60852 -0.51422 -0.82951 0.21793 0.2956 0.8312
0 -95.54724 43.15455 -4.70645 -0.51422 -0.82951 0.21793 0.3371 0.9632
0 -98.36928 44.62573 -5.76557 -0.51422 -0.82951 0.21793 0.3486 0.9550
p9_entry_clip
0 -91.44208 36.58466 -20.02711 -0.09905 -0.92388 0.36964 0.2858 0.8435
0 -85.64653 36.58466 -18.47419 -0.09905 -0.92388 0.36964 0.2858 0.8557
0 -89.75169 43.15455 -3.15353 -0.09905 -0.92388 0.36964 0.3371 0.9754
p9_entry_clip
0 -91.44208 36.58466 -20.02711 -0.09905 -0.92388 0.36964 0.2858 0.8435
0 -89.75169 43.15455 -3.15353 -0.09905 -0.92388 0.36964 0.3371 0.9754
0 -95.54724 43.15455 -4.70645 -0.09905 -0.92388 0.36964 0.3371 0.9632
p9_entry_ch1
0 -85.64653 36.58466 -18.47419 0.33637 -0.82951 0.44584 0.2858 0.8557
0 -82.53306 37.83187 -18.50269 0.33637 -0.82951 0.44584 0.2956 0.8554
0 -86.77817 44.62573 -2.65974 0.33637 -0.82951 0.44584 0.3486 0.9792
p9_entry_ch1
0 -85.64653 36.58466 -18.47419 0.33637 -0.82951 0.44584 0.2858 0.8557
0 -86.77817 44.62573 -2.65974 0.33637 -0.82951 0.44584 0.3486 0.9792
0 -89.75169 43.15455 -3.15353 0.33637 -0.82951 0.44584 0.3371 0.9754
p9_entry_ch1
0 -82.53306 37.83187 -18.50269 0.20601 -0.87814 0.43177 0.2956 0.8554
0 -79.49149 38.66334 -18.26288 0.20601 -0.87814 0.43177 0.3021 0.8573
0 -83.82990 45.60652 -2.07172 0.20601 -0.87814 0.43177 0.3563 0.9838
p9_entry_ch1
0 -82.53306 37.83187 -18.50269 0.20601 -0.87814 0.43177 0.2956 0.8554
0 -83.82990 45.60652 -2.07172 0.20601 -0.87814 0.43177 0.3563 0.9838
0 -86.77817 44.62573 -2.65974 0.20601 -0.87814 0.43177 0.3486 0.9792
p9_entry_clip
0 -79.49149 38.66334 -18.26288 0.53459 -0.71534 0.45000 0.3021 0.8573
0 -76.23424 40.74201 -18.82802 0.53459 -0.71534 0.45000 0.3183 0.8529
0 -80.80589 48.05848 -1.76637 0.53459 -0.71534 0.45000 0.3755 0.9862
p9_entry_clip
0 -79.49149 38.66334 -18.26288 0.53459 -0.71534 0.45000 0.3021 0.8573
0 -80.80589 48.05848 -1.76637 0.53459 -0.71534 0.45000 0.3755 0.9862
0 -83.82990 45.60652 -2.07172 0.53459 -0.71534 0.45000 0.3563 0.9838
p9_entry_c1
0 -76.23424 40.74201 -18.82802 0.88268 -0.29729 0.36400 0.3183 0.8529
0 -73.43963 45.73083 -21.53022 0.88268 -0.29729 0.36400 0.3573 0.8318
0 -78.57108 53.94319 -2.37939 0.88268 -0.29729 0.36400 0.4214 0.9814
p9_entry_c1
0 -76.23424 40.74201 -18.82802 0.88268 -0.29729 0.36400 0.3183 0.8529
0 -78.57108 53.94319 -2.37939 0.88268 -0.29729 0.36400 0.4214 0.9814
0 -80.80589 48.05848 -1.76637 0.88268 -0.29729 0.36400 0.3755 0.9862
p9_entry_c1
0 -73.43963 45.73083 -21.53022 0.96593 0.00000 0.25882 0.3573 0.8318
0 -71.57033 56.53993 -28.50653 0.96593 0.00000 0.25882 0.4417 0.7773
0 -77.91467 66.69340 -4.82915 0.96593 0.00000 0.25882 0.5210 0.9623
p9_entry_c1
0 -73.43963 45.73083 -21.53022 0.96593 0.00000 0.25882 0.3573 0.8318
0 -77.91467 66.69340 -4.82915 0.96593 0.00000 0.25882 0.5210 0.9623
0 -78.57108 53.94319 -2.37939 0.96593 0.00000 0.25882 0.4214 0.9814
p9_entry_c1
0 -71.57033 56.53993 -28.50653 0.09905 0.92388 -0.36964 0.4417 0.7773
0 -98.61626 56.53993 -35.75347 0.09905 0.92388 -0.36964 0.4417 0.7207
0 -104.96059 66.69340 -12.07608 0.09905 0.92388 -0.36964 0.5210 0.9057
p9_entry_c1
0 -71.57033 56.53993 -28.50653 0.09905 0.92388 -0.36964 0.4417 0.7773
0 -104.96059 66.69340 -12.07608 0.09905 0.92388 -0.36964 0.5210 0.9057
0 -77.91467 66.69340 -4.82915 0.09905 0.92388 -0.36964 0.5210 0.9623
p9_entry_c2
0 -104.96059 66.69340 -12.07608 -0.96593 -0.00000 -0.25882 0.5210 0.9057
0 -105.61700 53.94319 -9.62633 -0.96593 -0.00000 -0.25882 0.4214 0.9248
0 -111.17124 53.94319 11.10238 -0.96593 -0.00000 -0.25882 0.4214 0.0867
p9_entry_c2
0 -104.96059 66.69340 -12.07608 -0.96593 -0.00000 -0.25882 0.5210 0.9057
0 -111.17124 53.94319 11.10238 -0.96593 -0.00000 -0.25882 0.4214 0.0867
0 -111.82765 66.69340 13.55214 -0.96593 -0.00000 -0.25882 0.5210 0.1059
p9_entry_c2
0 -105.61700 53.94319 -9.62633 -0.91455 -0.32179 -0.24505 0.4214 0.9248
0 -103.98811 48.05848 -7.97803 -0.91455 -0.32179 -0.24505 0.3755 0.9377
0 -108.93643 48.05848 10.48936 -0.91455 -0.32179 -0.24505 0.3755 0.0819
p9_entry_c2
0 -105.61700 53.94319 -9.62633 -0.91455 -0.32179 -0.24505 0.4214 0.9248
0 -108.93643 48.05848 10.48936 -0.91455 -0.32179 -0.24505 0.3755 0.0819
0 -111.17124 53.94319 11.10238 -0.91455 -0.32179 -0.24505 0.4214 0.0867
p9_entry_clip
0 -103.98811 48.05848 -7.97803 -0.61128 -0.77428 -0.16379 0.3755 0.9377
0 -101.21657 45.60652 -6.73047 -0.61128 -0.77428 -0.16379 0.3563 0.9474
0 -105.91242 45.60652 10.79471 -0.61128 -0.77428 -0.16379 0.3563 0.0843
p9_entry_clip
0 -103.98811 48.05848 -7.97803 -0.61128 -0.77428 -0.16379 0.3755 0.9377
0 -105.91242 45.60652 10.79471 -0.61128 -0.77428 -0.16379 0.3563 0.0843
0 -108.93643 48.05848 10.48936 -0.61128 -0.77428 -0.16379 0.3755 0.0819
p9_entry_ch2
0 -101.21657 45.60652 -6.73047 -0.30016 -0.95049 -0.08043 0.3563 0.9474
0 -98.36928 44.62573 -5.76557 -0.30016 -0.95049 -0.08043 0.3486 0.9550
0 -102.96415 44.62573 11.38273 -0.30016 -0.95049 -0.08043 0.3486 0.0889
p9_entry_ch2
0 -101.21657 45.60652 -6.73047 -0.30016 -0.95049 -0.08043 0.3563 0.9474
0 -102.96415 44.62573 11.38273 -0.30016 -0.95049 -0.08043 0.3486 0.0889
0 -105.91242 45.60652 10.79471 -0.30016 -0.95049 -0.08043 0.3563 0.0843
p9_entry_ch2
0 -98.36928 44.62573 -5.76557 -0.42530 -0.89785 -0.11396 0.3486 0.9550
0 -95.54724 43.15455 -4.70645 -0.42530 -0.89785 -0.11396 0.3371 0.9632
0 -99.99064 43.15455 11.87652 -0.42530 -0.89785 -0.11396 0.3371 0.0928
p9_entry_ch2
0 -98.36928 44.62573 -5.76557 -0.42530 -0.89785 -0.11396 0.3486 0.9550
0 -99.99064 43.15455 11.87652 -0.42530 -0.89785 -0.11396 0.3371 0.0928
0 -102.96415 44.62573 11.38273 -0.42530 -0.89785 -0.11396 0.3486 0.0889
p9_entry_clip
0 -95.54724 43.15455 -4.70645 -0.00000 -1.00000 0.00000 0.3371 0.9632
0 -89.75169 43.15455 -3.15353 -0.00000 -1.00000 0.00000 0.3371 0.9754
0 -94.19508 43.15455 13.42943 -0.00000 -1.00000 0.00000 0.3371 0.1049
p9_entry_clip
0 -95.54724 43.15455 -4.70645 -0.00000 -1.00000 0.00000 0.3371 0.9632
0 -94.19508 43.15455 13.42943 -0.00000 -1.00000 0.00000 0.3371 0.1049
0 -99.99064 43.15455 11.87652 -0.00000 -1.00000 0.00000 0.3371 0.0928
p9_entry_ch2
0 -89.75169 43.15455 -3.15353 0.42530 -0.89785 0.11396 0.3371 0.9754
0 -86.77817 44.62573 -2.65974 0.42530 -0.89785 0.11396 0.3486 0.9792
0 -91.37304 44.62573 14.48856 0.42530 -0.89785 0.11396 0.3486 0.1132
p9_entry_ch2
0 -89.75169 43.15455 -3.15353 0.42530 -0.89785 0.11396 0.3371 0.9754
0 -91.37304 44.62573 14.48856 0.42530 -0.89785 0.11396 0.3486 0.1132
0 -94.19508 43.15455 13.42943 0.42530 -0.89785 0.11396 0.3371 0.1049
p9_entry_ch2
0 -86.77817 44.62573 -2.65974 0.30016 -0.95049 0.08043 0.3486 0.9792
0 -83.82990 45.60652 -2.07172 0.30016 -0.95049 0.08043 0.3563 0.9838
0 -88.52576 45.60652 15.45345 0.30016 -0.95049 0.08043 0.3563 0.1207
p9_entry_ch2
0 -86.77817 44.62573 -2.65974 0.30016 -0.95049 0.08043 0.3486 0.9792
0 -88.52576 45.60652 15.45345 0.30016 -0.95049 0.08043 0.3563 0.1207
0 -91.37304 44.62573 14.48856 0.30016 -0.95049 0.08043 0.3486 0.1132
p9_entry_clip
0 -83.82990 45.60652 -2.07172 0.61128 -0.77428 0.16379 0.3563 0.9838
0 -80.80589 48.05848 -1.76637 0.61128 -0.77428 0.16379 0.3755 0.9862
0 -85.75421 48.05848 16.70102 0.61128 -0.77428 0.16379 0.3755 0.1305
p9_entry_clip
0 -83.82990 45.60652 -2.07172 0.61128 -0.77428 0.16379 0.3563 0.9838
0 -85.75421 48.05848 16.70102 0.61128 -0.77428 0.16379 0.3755 0.1305
0 -88.52576 45.60652 15.45345 0.61128 -0.77428 0.16379 0.3563 0.1207
p9_entry_c2
0 -80.80589 48.05848 -1.76637 0.91455 -0.32179 0.24505 0.3755 0.9862
0 -78.57108 53.94319 -2.37939 0.91455 -0.32179 0.24505 0.4214 0.9814
0 -84.12532 53.94319 18.34931 0.91455 -0.32179 0.24505 0.4214 0.1434
p9_entry_c2
0 -80.80589 48.05848 -1.76637 0.91455 -0.32179 0.24505 0.3755 0.9862
0 -84.12532 53.94319 18.34931 0.91455 -0.32179 0.24505 0.4214 0.1434
0 -85.75421 48.05848 16.70102 0.91455 -0.32179 0.24505 0.3755 0.1305
p9_entry_c2
0 -78.57108 53.94319 -2.37939 0.96593 0.00000 0.25882 0.4214 0.9814
0 -77.91467 66.69340 -4.82915 0.96593 0.00000 0.25882 0.5210 0.9623
0 -84.78173 66.69340 20.79907 0.96593 0.00000 0.25882 0.5210 0.1625
p9_entry_c2
0 -78.57108 53.94319 -2.37939 0.96593 0.00000 0.25882 0.4214 0.9814
0 -84.78173 66.69340 20.79907 0.96593 0.00000 0.25882 0.5210 0.1625
0 -84.12532 53.94319 18.34931 0.96593 0.00000 0.25882 0.4214 0.1434
p9_entry_c2
0 -77.91467 66.69340 -4.82915 0.00000 1.00000 -0.00000 0.5210 0.9623
0 -104.96059 66.69340 -12.07608 0.00000 1.00000 -0.00000 0.5210 0.9057
0 -111.82765 66.69340 13.55214 0.00000 1.00000 -0.00000 0.5210 0.1059
p9_entry_c2
0 -77.91467 66.69340 -4.82915 0.00000 1.00000 -0.00000 0.5210 0.9623
0 -111.82765 66.69340 13.55214 0.00000 1.00000 -0.00000 0.5210 0.1059
0 -84.78173 66.69340 20.79907 0.00000 1.00000 -0.00000 0.5210 0.1625
p9_entry_c3
0 -56.77041 66.69340 36.97142 -0.70711 -0.00000 -0.70711 0.5210 0.2888
0 -54.97706 53.94319 35.17807 -0.70711 -0.00000 -0.70711 0.4214 0.2748
0 -68.99644 45.73083 49.19745 -0.70711 -0.00000 -0.70711 0.3573 0.3844
p9_entry_c3
0 -56.77041 66.69340 36.97142 -0.70711 -0.00000 -0.70711 0.5210 0.2888
0 -68.99644 45.73083 49.19745 -0.70711 -0.00000 -0.70711 0.3573 0.3844
0 -74.10346 56.53993 54.30447 -0.70711 -0.00000 -0.70711 0.4417 0.4243
p9_entry_c3
0 -54.97706 53.94319 35.17807 -0.58242 -0.29729 -0.75657 0.4214 0.2748
0 -52.73515 48.05848 35.76459 -0.58242 -0.29729 -0.75657 0.3755 0.2794
0 -65.22514 40.74201 48.25458 -0.58242 -0.29729 -0.75657 0.3183 0.3770
p9_entry_c3
0 -54.97706 53.94319 35.17807 -0.58242 -0.29729 -0.75657 0.4214 0.2748
0 -65.22514 40.74201 48.25458 -0.58242 -0.29729 -0.75657 0.3183 0.3770
0 -68.99644 45.73083 49.19745 -0.58242 -0.29729 -0.75657 0.3573 0.3844
p9_entry_clip
0 -52.73515 48.05848 35.76459 -0.23796 -0.71534 -0.65700 0.3755 0.2794
0 -50.26895 45.60652 37.54103 -0.23796 -0.71534 -0.65700 0.3563 0.2933
0 -62.12170 38.66334 49.39378 -0.23796 -0.71534 -0.65700 0.3021 0.3859
p9_entry_clip
0 -52.73515 48.05848 35.76459 -0.23796 -0.71534 -0.65700 0.3755 0.2794
0 -62.12170 38.66334 49.39378 -0.23796 -0.71534 -0.65700 0.3021 0.3859
0 -65.22514 40.74201 48.25458 -0.23796 -0.71534 -0.65700 0.3183 0.3770
p9_entry_ch3
0 -50.26895 45.60652 37.54103 0.03747 -0.87814 -0.47693 0.3563 0.2933
0 -48.00968 44.62573 39.52440 0.03747 -0.87814 -0.47693 0.3486 0.3088
0 -59.60753 37.83187 51.12225 0.03747 -0.87814 -0.47693 0.2956 0.3994
p9_entry_ch3
0 -50.26895 45.60652 37.54103 0.03747 -0.87814 -0.47693 0.3563 0.2933
0 -59.60753 37.83187 51.12225 0.03747 -0.87814 -0.47693 0.2956 0.3994
0 -62.12170 38.66334 49.39378 0.03747 -0.87814 -0.47693 0.3021 0.3859
p9_entry_ch3
0 -48.00968 44.62573 39.52440 -0.06838 -0.82951 -0.55430 0.3486 0.3088
0 -45.68144 43.15455 41.43880 -0.06838 -0.82951 -0.55430 0.3371 0.3237
0 -56.89694 36.58466 52.65430 -0.06838 -0.82951 -0.55430 0.2858 0.4114
p9_entry_ch3
0 -48.00968 44.62573 39.52440 -0.06838 -0.82951 -0.55430 0.3486 0.3088
0 -56.89694 36.58466 52.65430 -0.06838 -0.82951 -0.55430 0.2858 0.4114
0 -59.60753 37.83187 51.12225 -0.06838 -0.82951 -0.55430 0.2956 0.3994
p9_entry_clip
0 -45.68144 43.15455 41.43880 0.27060 -0.92388 -0.27060 0.3371 0.3237
0 -41.43880 43.15455 45.68144 0.27060 -0.92388 -0.27060 0.3371 0.3569
0 -52.65430 36.58466 56.89694 0.27060 -0.92388 -0.27060 0.2858 0.4445
p9_entry_clip
0 -45.68144 43.15455 41.43880 0.27060 -0.92388 -0.27060 0.3371 0.3237
0 -52.65430 36.58466 56.89694 0.27060 -0.92388 -0.27060 0.2858 0.4445
0 -56.89694 36.58466 52.65430 0.27060 -0.92388 -0.27060 0.2858 0.4114
p9_entry_ch3
0 -41.43880 43.15455 45.68144 0.55430 -0.82951 0.06838 0.3371 0.3569
0 -39.52440 44.62573 48.00968 0.55430 -0.82951 0.06838 0.3486 0.3751
0 -51.12225 37.83187 59.60753 0.55430 -0.82951 0.06838 0.2956 0.4657
p9_entry_ch3
0 -41.43880 43.15455 45.68144 0.55430 -0.82951 0.06838 0.3371 0.3569
0 -51.12225 37.83187 59.60753 0.55430 -0.82951 0.06838 0.2956 0.4657
0 -52.65430 36.58466 56.89694 0.55430 -0.82951 0.06838 0.2858 0.4445
p9_entry_ch3
0 -39.52440 44.62573 48.00968 0.47693 -0.87814 -0.03747 0.3486 0.3751
0 -37.54103 45.60652 50.26895 0.47693 -0.87814 -0.03747 0.3563 0.3927
0 -49.39378 38.66334 62.12170 0.47693 -0.87814 -0.03747 0.3021 0.4853
p9_entry_ch3
0 -39.52440 44.62573 48.00968 0.47693 -0.87814 -0.03747 0.3486 0.3751
0 -49.39378 38.66334 62.12170 0.47693 -0.87814 -0.03747 0.3021 0.4853
0 -51.12225 37.83187 59.60753 0.47693 -0.87814 -0.03747 0.2956 0.4657
p9_entry_clip
0 -37.54103 45.60652 50.26895 0.65700 -0.71534 0.23796 0.3563 0.3927
0 -35.76459 48.05848 52.73515 0.65700 -0.71534 0.23796 0.3755 0.4120
0 -48.25458 40.74201 65.22514 0.65700 -0.71534 0.23796 0.3183 0.5096
p9_entry_clip
0 -37.54103 45.60652 50.26895 0.65700 -0.71534 0.23796 0.3563 0.3927
0 -48.25458 40.74201 65.22514 0.65700 -0.71534 0.23796 0.3183 0.5096
0 -49.39378 38.66334 62.12170 0.65700 -0.71534 0.23796 0.3021 0.4853
p9_entry_c3
0 -35.76459 48.05848 52.73515 0.75657 -0.29729 0.58242 0.3755 0.4120
0 -35.17807 53.94319 54.97706 0.75657 -0.29729 0.58242 0.4214 0.4295
0 -49.19745 45.73083 68.99644 0.75657 -0.29729 0.58242 0.3573 0.5390
p9_entry_c3
0 -35.76459 48.05848 52.73515 0.75657 -0.29729 0.58242 0.3755 0.4120
0 -49.19745 45.73083 68.99644 0.75657 -0.29729 0.58242 0.3573 0.5390
0 -48.25458 40.74201 65.22514 0.75657 -0.29729 0.58242 0.3183 0.5096
p9_entry_c3
0 -35.17807 53.94319 54.97706 0.70711 -0.00000 0.70711 0.4214 0.4295
0 -36.97142 66.69340 56.77041 0.70711 -0.00000 0.70711 0.5210 0.4435
0 -54.30447 56.53993 74.10346 0.70711 -0.00000 0.70711 0.4417 0.5789
p9_entry_c3
0 -35.17807 53.94319 54.97706 0.70711 -0.00000 0.70711 0.4214 0.4295
0 -54.30447 56.53993 74.10346 0.70711 -0.00000 0.70711 0.4417 0.5789
0 -49.19745 45.73083 68.99644 0.70711 -0.00000 0.70711 0.3573 0.5390
p9_entry_c3
0 -36.97142 66.69340 56.77041 -0.27060 0.92388 0.27060 0.5210 0.4435
0 -56.77041 66.69340 36.97142 -0.27060 0.92388 0.27060 0.5210 0.2888
0 -74.10346 56.53993 54.30447 -0.27060 0.92388 0.27060 0.4417 0.4243
p9_entry_c3
0 -36.97142 66.69340 56.77041 -0.27060 0.92388 0.27060 0.5210 0.4435
0 -74.10346 56.53993 54.30447 -0.27060 0.92388 0.27060 0.4417 0.4243
0 -54.30447 56.53993 74.10346 -0.27060 0.92388 0.27060 0.4417 0.5789
p9_entry_c3
0 -74.10346 56.53993 54.30447 -0.70711 0.00000 -0.70711 0.4417 0.4243
0 -68.99644 45.73083 49.19745 -0.70711 0.00000 -0.70711 0.3573 0.3844
0 -79.72641 30.55636 59.92742 -0.70711 0.00000 -0.70711 0.2387 0.4682
p9_entry_c3
0 -74.10346 56.53993 54.30447 -0.70711 0.00000 -0.70711 0.4417 0.4243
0 -79.72641 30.55636 59.92742 -0.70711 0.00000 -0.70711 0.2387 0.4682
0 -87.36960 37.77878 67.57061 -0.70711 0.00000 -0.70711 0.2951 0.5279
p9_entry_c3
0 -68.99644 45.73083 49.19745 -0.50860 -0.22754 -0.83039 0.3573 0.3844
0 -65.22514 40.74201 48.25458 -0.50860 -0.22754 -0.83039 0.3183 0.3770
0 -74.78457 27.22294 57.81400 -0.50860 -0.22754 -0.83039 0.2127 0.4517
p9_entry_c3
0 -68.99644 45.73083 49.19745 -0.50860 -0.22754 -0.83039 0.3573 0.3844
0 -74.78457 27.22294 57.81400 -0.50860 -0.22754 -0.83039 0.2127 0.4517
0 -79.72641 30.55636 59.92742 -0.50860 -0.22754 -0.83039 0.2387 0.4682
p9_entry_clip
0 -65.22514 40.74201 48.25458 -0.06034 -0.54750 -0.83463 0.3183 0.3770
0 -62.12170 38.66334 49.39378 -0.06034 -0.54750 -0.83463 0.3021 0.3859
0 -71.19340 25.83402 58.46548 -0.06034 -0.54750 -0.83463 0.2018 0.4568
p9_entry_clip
0 -65.22514 40.74201 48.25458 -0.06034 -0.54750 -0.83463 0.3183 0.3770
0 -71.19340 25.83402 58.46548 -0.06034 -0.54750 -0.83463 0.2018 0.4568
0 -74.78457 27.22294 57.81400 -0.06034 -0.54750 -0.83463 0.2127 0.4517
p9_entry_ch3
0 -62.12170 38.66334 49.39378 0.25552 -0.67210 -0.69498 0.3021 0.3859
0 -59.60753 37.83187 51.12225 0.25552 -0.67210 -0.69498 0.2956 0.3994
0 -68.48414 25.27845 59.99886 0.25552 -0.67210 -0.69498 0.1975 0.4687
p9_entry_ch3
0 -62.12170 38.66334 49.39378 0.25552 -0.67210 -0.69498 0.3021 0.3859
0 -68.48414 25.27845 59.99886 0.25552 -0.67210 -0.69498 0.1975 0.4687
0 -71.19340 25.83402 58.46548 0.25552 -0.67210 -0.69498 0.2018 0.4568
p9_entry_ch3
0 -59.60753 37.83187 51.12225 0.13759 -0.63488 -0.76026 0.2956 0.3994
0 -56.89694 36.58466 52.65430 0.13759 -0.63488 -0.76026 0.2858 0.4114
0 -65.48092 24.44509 61.23827 0.13759 -0.63488 -0.76026 0.1910 0.4784
p9_entry_ch3
0 -59.60753 37.83187 51.12225 0.13759 -0.63488 -0.76026 0.2956 0.3994
0 -65.48092 24.44509 61.23827 0.13759 -0.63488 -0.76026 0.1910 0.4784
0 -68.48414 25.27845 59.99886 0.13759 -0.63488 -0.76026 0.1975 0.4687
p9_entry_clip
0 -56.89694 36.58466 52.65430 0.50000 -0.70711 -0.50000 0.2858 0.4114
0 -52.65430 36.58466 56.89694 0.50000 -0.70711 -0.50000 0.2858 0.4445
0 -61.23827 24.44509 65.48092 0.50000 -0.70711 -0.50000 0.1910 0.5116
p9_entry_clip
0 -56.89694 36.58466 52.65430 0.50000 -0.70711 -0.50000 0.2858 0.4114
0 -61.23827 24.44509 65.48092 0.50000 -0.70711 -0.50000 0.1910 0.5116
0 -65.48092 24.44509 61.23827 0.50000 -0.70711 -0.50000 0.1910 0.4784
p9_entry_ch3
0 -52.65430 36.58466 56.89694 0.76026 -0.63488 -0.13759 0.2858 0.4445
0 -51.12225 37.83187 59.60753 0.76026 -0.63488 -0.13759 0.2956 0.4657
0 -59.99886 25.27845 68.48414 0.76026 -0.63488 -0.13759 0.1975 0.5350
p9_entry_ch3
0 -52.65430 36.58466 56.89694 0.76026 -0.63488 -0.13759 0.2858 0.4445
0 -59.99886 25.27845 68.48414 0.76026 -0.63488 -0.13759 0.1975 0.5350
0 -61.23827 24.44509 65.48092 0.76026 -0.63488 -0.13759 0.1910 0.5116
p9_entry_ch3
0 -51.12225 37.83187 59.60753 0.69498 -0.67210 -0.25552 0.2956 0.4657
0 -49.39378 38.66334 62.12170 0.69498 -0.67210 -0.25552 0.3021 0.4853
0 -58.46548 25.83402 71.19340 0.69498 -0.67210 -0.25552 0.2018 0.5562
p9_entry_ch3
0 -51.12225 37.83187 59.60753 0.69498 -0.67210 -0.25552 0.2956 0.4657
0 -58.46548 25.83402 71.19340 0.69498 -0.67210 -0.25552 0.2018 0.5562
0 -59.99886 25.27845 68.48414 0.69498 -0.67210 -0.25552 0.1975 0.5350
p9_entry_clip
0 -49.39378 38.66334 62.12170 0.83463 -0.54750 0.06034 0.3021 0.4853
0 -48.25458 40.74201 65.22514 0.83463 -0.54750 0.06034 0.3183 0.5096
0 -57.81400 27.22294 74.78457 0.83463 -0.54750 0.06034 0.2127 0.5843
p9_entry_clip
0 -49.39378 38.66334 62.12170 0.83463 -0.54750 0.06034 0.3021 0.4853
0 -57.81400 27.22294 74.78457 0.83463 -0.54750 0.06034 0.2127 0.5843
0 -58.46548 25.83402 71.19340 0.83463 -0.54750 0.06034 0.2018 0.5562
p9_entry_c3
0 -48.25458 40.74201 65.22514 0.83039 -0.22754 0.50860 0.3183 0.5096
0 -49.19745 45.73083 68.99644 0.83039 -0.22754 0.50860 0.3573 0.5390
0 -59.92742 30.55636 79.72641 0.83039 -0.22754 0.50860 0.2387 0.6229
p9_entry_c3
0 -48.25458 40.74201 65.22514 0.83039 -0.22754 0.50860 0.3183 0.5096
0 -59.92742 30.55636 79.72641 0.83039 -0.22754 0.50860 0.2387 0.6229
0 -57.81400 27.22294 74.78457 0.83039 -0.22754 0.50860 0.2127 0.5843
p9_entry_c3
0 -49.19745 45.73083 68.99644 0.70711 -0.00000 0.70711 0.3573 0.5390
0 -54.30447 56.53993 74.10346 0.70711 -0.00000 0.70711 0.4417 0.5789
0 -67.57061 37.77878 87.36960 0.70711 -0.00000 0.70711 0.2951 0.6826
p9_entry_c3
0 -49.19745 45.73083 68.99644 0.70711 -0.00000 0.70711 0.3573 0.5390
0 -67.57061 37.77878 87.36960 0.70711 -0.00000 0.70711 0.2951 0.6826
0 -59.92742 30.55636 79.72641 0.70711 -0.00000 0.70711 0.2387 0.6229
p9_entry_c3
0 -54.30447 56.53993 74.10346 -0.50000 0.70711 0.50000 0.4417 0.5789
0 -74.10346 56.53993 54.30447 -0.50000 0.70711 0.50000 0.4417 0.4243
0 -87.36960 37.77878 67.57061 -0.50000 0.70711 0.50000 0.2951 0.5279
p9_entry_c3
0 -54.30447 56.53993 74.10346 -0.50000 0.70711 0.50000 0.4417 0.5789
0 -87.36960 37.77878 67.57061 -0.50000 0.70711 0.50000 0.2951 0.5279
0 -67.57061 37.77878 87.36960 -0.50000 0.70711 0.50000 0.2951 0.6826
p9_entry_c3
0 -87.36960 37.77878 67.57061 -0.70711 -0.00000 -0.70711 0.2951 0.5279
0 -79.72641 30.55636 59.92742 -0.70711 -0.00000 -0.70711 0.2387 0.4682
0 -85.53342 10.72997 65.73443 -0.70711 -0.00000 -0.70711 0.0838 0.5136
p9_entry_c3
0 -87.36960 37.77878 67.57061 -0.70711 -0.00000 -0.70711 0.2951 0.5279
0 -85.53342 10.72997 65.73443 -0.70711 -0.00000 -0.70711 0.0838 0.5136
0 -94.54918 13.26614 74.75019 -0.70711 -0.00000 -0.70711 0.1036 0.5840
p9_entry_c3
0 -79.72641 30.55636 59.92742 -0.45928 -0.12314 -0.87971 0.2387 0.4682
0 -74.78457 27.22294 57.81400 -0.45928 -0.12314 -0.87971 0.2127 0.4517
0 -79.95809 9.55943 62.98753 -0.45928 -0.12314 -0.87971 0.0747 0.4921
p9_entry_c3
0 -79.72641 30.55636 59.92742 -0.45928 -0.12314 -0.87971 0.2387 0.4682
0 -79.95809 9.55943 62.98753 -0.45928 -0.12314 -0.87971 0.0747 0.4921
0 -85.53342 10.72997 65.73443 -0.45928 -0.12314 -0.87971 0.0838 0.5136
p9_entry_clip
0 -74.78457 27.22294 57.81400 0.05834 -0.29631 -0.95331 0.2127 0.4517
0 -71.19340 25.83402 58.46548 0.05834 -0.29631 -0.95331 0.2018 0.4568
0 -76.10297 9.07170 63.37505 0.05834 -0.29631 -0.95331 0.0709 0.4951
p9_entry_clip
0 -74.78457 27.22294 57.81400 0.05834 -0.29631 -0.95331 0.2127 0.4517
0 -76.10297 9.07170 63.37505 0.05834 -0.29631 -0.95331 0.0709 0.4951
0 -79.95809 9.55943 62.98753 0.05834 -0.29631 -0.95331 0.0747 0.4921
p9_entry_ch3
0 -71.19340 25.83402 58.46548 0.40121 -0.36374 -0.84067 0.2018 0.4568
0 -68.48414 25.27845 59.99886 0.40121 -0.36374 -0.84067 0.1975 0.4687
0 -73.28813 8.87661 64.80285 0.40121 -0.36374 -0.84067 0.0693 0.5063
p9_entry_ch3
0 -71.19340 25.83402 58.46548 0.40121 -0.36374 -0.84067 0.2018 0.4568
0 -73.28813 8.87661 64.80285 0.40121 -0.36374 -0.84067 0.0693 0.5063
0 -76.10297 9.07170 63.37505 0.40121 -0.36374 -0.84067 0.0709 0.4951
p9_entry_ch3
0 -68.48414 25.27845 59.99886 0.27521 -0.34359 -0.89789 0.1975 0.4687
0 -65.48092 24.44509 61.23827 0.27521 -0.34359 -0.89789 0.1910 0.4784
0 -70.12653 8.58397 65.88389 0.27521 -0.34359 -0.89789 0.0671 0.5147
p9_entry_ch3
0 -68.48414 25.27845 59.99886 0.27521 -0.34359 -0.89789 0.1975 0.4687
0 -70.12653 8.58397 65.88389 0.27521 -0.34359 -0.89789 0.0671 0.5147
0 -73.28813 8.87661 64.80285 0.27521 -0.34359 -0.89789 0.0693 0.5063
p9_entry_clip
0 -65.48092 24.44509 61.23827 0.65328 -0.38268 -0.65328 0.1910 0.4784
0 -61.23827 24.44509 65.48092 0.65328 -0.38268 -0.65328 0.1910 0.5116
0 -65.88389 8.58397 70.12653 0.65328 -0.38268 -0.65328 0.0671 0.5479
p9_entry_clip
0 -65.48092 24.44509 61.23827 0.65328 -0.38268 -0.65328 0.1910 0.4784
0 -65.88389 8.58397 70.12653 0.65328 -0.38268 -0.65328 0.0671 0.5479
0 -70.12653 8.58397 65.88389 0.65328 -0.38268 -0.65328 0.0671 0.5147
p9_entry_ch3
0 -61.23827 24.44509 65.48092 0.89789 -0.34359 -0.27521 0.1910 0.5116
0 -59.99886 25.27845 68.48414 0.89789 -0.34359 -0.27521 0.1975 0.5350
0 -64.80285 8.87661 73.28813 0.89789 -0.34359 -0.27521 0.0693 0.5726
p9_entry_ch3
0 -61.23827 24.44509 65.48092 0.89789 -0.34359 -0.27521 0.1910 0.5116
0 -64.80285 8.87661 73.28813 0.89789 -0.34359 -0.27521 0.0693 0.5726
0 -65.88389 8.58397 70.12653 0.89789 -0.34359 -0.27521 0.0671 0.5479
p9_entry_ch3
0 -59.99886 25.27845 68.48414 0.84067 -0.36374 -0.40121 0.1975 0.5350
0 -58.46548 25.83402 71.19340 0.84067 -0.36374 -0.40121 0.2018 0.5562
0 -63.37505 9.07170 76.10297 0.84067 -0.36374 -0.40121 0.0709 0.5946
p9_entry_ch3
0 -59.99886 25.27845 68.48414 0.84067 -0.36374 -0.40121 0.1975 0.5350
0 -63.37505 9.07170 76.10297 0.84067 -0.36374 -0.40121 0.0709 0.5946
0 -64.80285 8.87661 73.28813 0.84067 -0.36374 -0.40121 0.0693 0.5726
p9_entry_clip
0 -58.46548 25.83402 71.19340 0.95331 -0.29631 -0.05834 0.2018 0.5562
0 -57.81400 27.22294 74.78457 0.95331 -0.29631 -0.05834 0.2127 0.5843
0 -62.98753 9.55943 79.95809 0.95331 -0.29631 -0.05834 0.0747 0.6247
p9_entry_clip
0 -58.46548 25.83402 71.19340 0.95331 -0.29631 -0.05834 0.2018 0.5562
0 -62.98753 9.55943 79.95809 0.95331 -0.29631 -0.05834 0.0747 0.6247
0 -63.37505 9.07170 76.10297 0.95331 -0.29631 -0.05834 0.0709 0.5946
p9_entry_c3
0 -57.81400 27.22294 74.78457 0.87971 -0.12314 0.45928 0.2127 0.5843
0 -59.92742 30.55636 79.72641 0.87971 -0.12314 0.45928 0.2387 0.6229
0 -65.73443 10.72997 85.53342 0.87971 -0.12314 0.45928 0.0838 0.6682
p9_entry_c3
0 -57.81400 27.22294 74.78457 0.87971 -0.12314 0.45928 0.2127 0.5843
0 -65.73443 10.72997 85.53342 0.87971 -0.12314 0.45928 0.0838 0.6682
0 -62.98753 9.55943 79.95809 0.87971 -0.12314 0.45928 0.0747 0.6247
p9_entry_c3
0 -59.92742 30.55636 79.72641 0.70711 0.00000 0.70711 0.2387 0.6229
0 -67.57061 37.77878 87.36960 0.70711 0.00000 0.70711 0.2951 0.6826
0 -74.75019 13.26614 94.54918 0.70711 0.00000 0.70711 0.1036 0.7387
p9_entry_c3
0 -59.92742 30.55636 79.72641 0.70711 0.00000 0.70711 0.2387 0.6229
0 -74.75019 13.26614 94.54918 0.70711 0.00000 0.70711 0.1036 0.7387
0 -65.73443 10.72997 85.53342 0.70711 0.00000 0.70711 0.0838 0.6682
p9_entry_c3
0 -67.57061 37.77878 87.36960 -0.65328 0.38268 0.65328 0.2951 0.6826
0 -87.36960 37.77878 67.57061 -0.65328 0.38268 0.65328 0.2951 0.5279
0 -94.54918 13.26614 74.75019 -0.65328 0.38268 0.65328 0.1036 0.5840
p9_entry_c3
0 -67.57061 37.77878 87.36960 -0.65328 0.38268 0.65328 0.2951 0.6826
0 -94.54918 13.26614 74.75019 -0.65328 0.38268 0.65328 0.1036 0.5840
0 -74.75019 13.26614 94.54918 -0.65328 0.38268 0.65328 0.1036 0.7387
p9_entry_c3
0 -94.54918 13.26614 74.75019 -0.70711 0.00000 -0.70711 0.1036 0.5840
0 -85.53342 10.72997 65.73443 -0.70711 0.00000 -0.70711 0.0838 0.5136
0 -85.53342 -10.72997 65.73443 -0.70711 0.00000 -0.70711 0.9162 0.5136
p9_entry_c3
0 -94.54918 13.26614 74.75019 -0.70711 0.00000 -0.70711 0.1036 0.5840
0 -85.53342 -10.72997 65.73443 -0.70711 0.00000 -0.70711 0.9162 0.5136
0 -94.54918 -13.26614 74.75019 -0.70711 0.00000 -0.70711 0.8964 0.5840
p9_entry_c3
0 -85.53342 10.72997 65.73443 -0.44196 0.00000 -0.89704 0.0838 0.5136
0 -79.95809 9.55943 62.98753 -0.44196 0.00000 -0.89704 0.0747 0.4921
0 -79.95809 -9.55943 62.98753 -0.44196 0.00000 -0.89704 0.9253 0.4921
p9_entry_c3
0 -85.53342 10.72997 65.73443 -0.44196 0.00000 -0.89704 0.0838 0.5136
0 -79.95809 -9.55943 62.98753 -0.44196 0.00000 -0.89704 0.9253 0.4921
0 -85.53342 -10.72997 65.73443 -0.44196 0.00000 -0.89704 0.9162 0.5136
p9_entry_clip
0 -79.95809 9.55943 62.98753 0.10002 0.00000 -0.99499 0.0747 0.4921
0 -76.10297 9.07170 63.37505 0.10002 0.00000 -0.99499 0.0709 0.4951
0 -76.10297 -9.07170 63.37505 0.10002 0.00000 -0.99499 0.9291 0.4951
p9_entry_clip
0 -79.95809 9.55943 62.98753 0.10002 0.00000 -0.99499 0.0747 0.4921
0 -76.10297 -9.07170 63.37505 0.10002 0.00000 -0.99499 0.9291 0.4951
0 -79.95809 -9.55943 62.98753 0.10002 0.00000 -0.99499 0.9253 0.4921
p9_entry_ch3
0 -76.10297 9.07170 63.37505 0.45237 0.00000 -0.89183 0.0709 0.4951
0 -73.28813 8.87661 64.80285 0.45237 0.00000 -0.89183 0.0693 0.5063
0 -73.28813 -8.87661 64.80285 0.45237 0.00000 -0.89183 0.9307 0.5063
p9_entry_ch3
0 -76.10297 9.07170 63.37505 0.45237 0.00000 -0.89183 0.0709 0.4951
0 -73.28813 -8.87661 64.80285 0.45237 0.00000 -0.89183 0.9307 0.5063
0 -76.10297 -9.07170 63.37505 0.45237 0.00000 -0.89183 0.9291 0.4951
p9_entry_ch3
0 -73.28813 8.87661 64.80285 0.32354 0.00000 -0.94622 0.0693 0.5063
0 -70.12653 8.58397 65.88389 0.32354 0.00000 -0.94622 0.0671 0.5147
0 -70.12653 -8.58397 65.88389 0.32354 0.00000 -0.94622 0.9329 0.5147
p9_entry_ch3
0 -73.28813 8.87661 64.80285 0.32354 0.00000 -0.94622 0.0693 0.5063
0 -70.12653 -8.58397 65.88389 0.32354 0.00000 -0.94622 0.9329 0.5147
0 -73.28813 -8.87661 64.80285 0.32354 0.00000 -0.94622 0.9307 0.5063
p9_entry_clip
0 -70.12653 8.58397 65.88389 0.70711 0.00000 -0.70711 0.0671 0.5147
0 -65.88389 8.58397 70.12653 0.70711 0.00000 -0.70711 0.0671 0.5479
0 -65.88389 -8.58397 70.12653 0.70711 0.00000 -0.70711 0.9329 0.5479
p9_entry_clip
0 -70.12653 8.58397 65.88389 0.70711 0.00000 -0.70711 0.0671 0.5147
0 -65.88389 -8.58397 70.12653 0.70711 0.00000 -0.70711 0.9329 0.5479
0 -70.12653 -8.58397 65.88389 0.70711 0.00000 -0.70711 0.9329 0.5147
p9_entry_ch3
0 -65.88389 8.58397 70.12653 0.94622 0.00000 -0.32354 0.0671 0.5479
0 -64.80285 8.87661 73.28813 0.94622 0.00000 -0.32354 0.0693 0.5726
0 -64.80285 -8.87661 73.28813 0.94622 0.00000 -0.32354 0.9307 0.5726
p9_entry_ch3
0 -65.88389 8.58397 70.12653 0.94622 0.00000 -0.32354 0.0671 0.5479
0 -64.80285 -8.87661 73.28813 0.94622 0.00000 -0.32354 0.9307 0.5726
0 -65.88389 -8.58397 70.12653 0.94622 0.00000 -0.32354 0.9329 0.5479
p9_entry_ch3
0 -64.80285 8.87661 73.28813 0.89183 0.00000 -0.45237 0.0693 0.5726
0 -63.37505 9.07170 76.10297 0.89183 0.00000 -0.45237 0.0709 0.5946
0 -63.37505 -9.07170 76.10297 0.89183 0.00000 -0.45237 0.9291 0.5946
p9_entry_ch3
0 -64.80285 8.87661 73.28813 0.89183 0.00000 -0.45237 0.0693 0.5726
0 -63.37505 -9.07170 76.10297 0.89183 0.00000 -0.45237 0.9291 0.5946
0 -64.80285 -8.87661 73.28813 0.89183 0.00000 -0.45237 0.9307 0.5726
p9_entry_clip
0 -63.37505 9.07170 76.10297 0.99499 0.00000 -0.10002 0.0709 0.5946
0 -62.98753 9.55943 79.95809 0.99499 0.00000 -0.10002 0.0747 0.6247
0 -62.98753 -9.55943 79.95809 0.99499 0.00000 -0.10002 0.9253 0.6247
p9_entry_clip
0 -63.37505 9.07170 76.10297 0.99499 0.00000 -0.10002 0.0709 0.5946
0 -62.98753 -9.55943 79.95809 0.99499 0.00000 -0.10002 0.9253 0.6247
0 -63.37505 -9.07170 76.10297 0.99499 0.00000 -0.10002 0.9291 0.5946
p9_entry_c3
0 -62.98753 9.55943 79.95809 0.89704 0.00000 0.44196 0.0747 0.6247
0 -65.73443 10.72997 85.53342 0.89704 0.00000 0.44196 0.0838 0.6682
0 -65.73443 -10.72997 85.53342 0.89704 0.00000 0.44196 0.9162 0.6682
p9_entry_c3
0 -62.98753 9.55943 79.95809 0.89704 0.00000 0.44196 0.0747 0.6247
0 -65.73443 -10.72997 85.53342 0.89704 0.00000 0.44196 0.9162 0.6682
0 -62.98753 -9.55943 79.95809 0.89704 0.00000 0.44196 0.9253 0.6247
p9_entry_c3
0 -65.73443 10.72997 85.53342 0.70711 0.00000 0.70711 0.0838 0.6682
0 -74.75019 13.26614 94.54918 0.70711 0.00000 0.70711 0.1036 0.7387
0 -74.75019 -13.26614 94.54918 0.70711 0.00000 0.70711 0.8964 0.7387
p9_entry_c3
0 -65.73443 10.72997 85.53342 0.70711 0.00000 0.70711 0.0838 0.6682
0 -74.75019 -13.26614 94.54918 0.70711 0.00000 0.70711 0.8964 0.7387
0 -65.73443 -10.72997 85.53342 0.70711 0.00000 0.70711 0.9162 0.6682
p9_entry_c3
0 -74.75019 13.26614 94.54918 -0.70711 0.00000 0.70711 0.1036 0.7387
0 -94.54918 13.26614 74.75019 -0.70711 0.00000 0.70711 0.1036 0.5840
0 -94.54918 -13.26614 74.75019 -0.70711 0.00000 0.70711 0.8964 0.5840
p9_entry_c3
0 -74.75019 13.26614 94.54918 -0.70711 0.00000 0.70711 0.1036 0.7387
0 -94.54918 -13.26614 74.75019 -0.70711 0.00000 0.70711 0.8964 0.5840
0 -74.75019 -13.26614 94.54918 -0.70711 0.00000 0.70711 0.8964 0.7387
p9_entry_c2
0 -94.54918 -13.26614 74.75019 -0.70711 0.00000 -0.70711 0.8964 0.5840
0 -85.53342 -10.72997 65.73443 -0.70711 0.00000 -0.70711 0.9162 0.5136
0 -79.72641 -30.55636 59.92742 -0.70711 0.00000 -0.70711 0.7613 0.4682
p9_entry_c2
0 -94.54918 -13.26614 74.75019 -0.70711 0.00000 -0.70711 0.8964 0.5840
0 -79.72641 -30.55636 59.92742 -0.70711 0.00000 -0.70711 0.7613 0.4682
0 -87.36960 -37.77878 67.57061 -0.70711 0.00000 -0.70711 0.7049 0.5279
p9_entry_c2
0 -85.53342 -10.72997 65.73443 -0.45928 0.12314 -0.87971 0.9162 0.5136
0 -79.95809 -9.55943 62.98753 -0.45928 0.12314 -0.87971 0.9253 0.4921
0 -74.78457 -27.22294 57.81400 -0.45928 0.12314 -0.87971 0.7873 0.4517
p9_entry_c2
0 -85.53342 -10.72997 65.73443 -0.45928 0.12314 -0.87971 0.9162 0.5136
0 -74.78457 -27.22294 57.81400 -0.45928 0.12314 -0.87971 0.7873 0.4517
0 -79.72641 -30.55636 59.92742 -0.45928 0.12314 -0.87971 0.7613 0.4682
p9_entry_clip
0 -79.95809 -9.55943 62.98753 0.05834 0.29631 -0.95331 0.9253 0.4921
0 -76.10297 -9.07170 63.37505 0.05834 0.29631 -0.95331 0.9291 0.4951
0 -71.19340 -25.83402 58.46548 0.05834 0.29631 -0.95331 0.7982 0.4568
p9_entry_clip
0 -79.95809 -9.55943 62.98753 0.05834 0.29631 -0.95331 0.9253 0.4921
0 -71.19340 -25.83402 58.46548 0.05834 0.29631 -0.95331 0.7982 0.4568
0 -74.78457 -27.22294 57.81400 0.05834 0.29631 -0.95331 0.7873 0.4517
p9_entry_ch2
0 -76.10297 -9.07170 63.37505 0.40121 0.36374 -0.84067 0.9291 0.4951
0 -73.28813 -8.87661 64.80285 0.40121 0.36374 -0.84067 0.9307 0.5063
0 -68.48414 -25.27845 59.99886 0.40121 0.36374 -0.84067 0.8025 0.4687
p9_entry_ch2
0 -76.10297 -9.07170 63.37505 0.40121 0.36374 -0.84067 0.9291 0.4951
0 -68.48414 -25.27845 59.99886 0.40121 0.36374 -0.84067 0.8025 0.4687
0 -71.19340 -25.83402 58.46548 0.40121 0.36374 -0.84067 0.7982 0.4568
p9_entry_ch2
0 -73.28813 -8.87661 64.80285 0.27521 0.34359 -0.89789 0.9307 0.5063
0 -70.12653 -8.58397 65.88389 0.27521 0.34359 -0.89789 0.9329 0.5147
0 -65.48092 -24.44509 61.23827 0.27521 0.34359 -0.89789 0.8090 0.4784
p9_entry_ch2
0 -73.28813 -8.87661 64.80285 0.27521 0.34359 -0.89789 0.9307 0.5063
0 -65.48092 -24.44509 61.23827 0.27521 0.34359 -0.89789 0.8090 0.4784
0 -68.48414 -25.27845 59.99886 0.27521 0.34359 -0.89789 0.8025 0.4687
p9_entry_clip
0 -70.12653 -8.58397 65.88389 0.65328 0.38268 -0.65328 0.9329 0.5147
0 -65.88389 -8.58397 70.12653 0.65328 0.38268 -0.65328 0.9329 0.5479
0 -61.23827 -24.44509 65.48092 0.65328 0.38268 -0.65328 0.8090 0.5116
p9_entry_clip
0 -70.12653 -8.58397 65.88389 0.65328 0.38268 -0.65328 0.9329 0.5147
0 -61.23827 -24.44509 65.48092 0.65328 0.38268 -0.65328 0.8090 0.5116
0 -65.48092 -24.44509 61.23827 0.65328 0.38268 -0.65328 0.8090 0.4784
p9_entry_ch2
0 -65.88389 -8.58397 70.12653 0.89789 0.34359 -0.27521 0.9329 0.5479
0 -64.80285 -8.87661 73.28813 0.89789 0.34359 -0.27521 0.9307 0.5726
0 -59.99886 -25.27845 68.48414 0.89789 0.34359 -0.27521 0.8025 0.5350
p9_entry_ch2
0 -65.88389 -8.58397 70.12653 0.89789 0.34359 -0.27521 0.9329 0.5479
0 -59.99886 -25.27845 68.48414 0.89789 0.34359 -0.27521 0.8025 0.5350
0 -61.23827 -24.44509 65.48092 0.89789 0.34359 -0.27521 0.8090 0.5116
p9_entry_ch2
0 -64.80285 -8.87661 73.28813 0.84067 0.36374 -0.40121 0.9307 0.5726
0 -63.37505 -9.07170 76.10297 0.84067 0.36374 -0.40121 0.9291 0.5946
0 -58.46548 -25.83402 71.19340 0.84067 0.36374 -0.40121 0.7982 0.5562
p9_entry_ch2
0 -64.80285 -8.87661 73.28813 0.84067 0.36374 -0.40121 0.9307 0.5726
0 -58.46548 -25.83402 71.19340 0.84067 0.36374 -0.40121 0.7982 0.5562
0 -59.99886 -25.27845 68.48414 0.84067 0.36374 -0.40121 0.8025 0.5350
p9_entry_clip
0 -63.37505 -9.07170 76.10297 0.95331 0.29631 -0.05834 0.9291 0.5946
0 -62.98753 -9.55943 79.95809 0.95331 0.29631 -0.05834 0.9253 0.6247
0 -57.81400 -27.22294 74.78457 0.95331 0.29631 -0.05834 0.7873 0.5843
p9_entry_clip
0 -63.37505 -9.07170 76.10297 0.95331 0.29631 -0.05834 0.9291 0.5946
0 -57.81400 -27.22294 74.78457 0.95331 0.29631 -0.05834 0.7873 0.5843
0 -58.46548 -25.83402 71.19340 0.95331 0.29631 -0.05834 0.7982 0.5562
p9_entry_c2
0 -62.98753 -9.55943 79.95809 0.87971 0.12314 0.45928 0.9253 0.6247
0 -65.73443 -10.72997 85.53342 0.87971 0.12314 0.45928 0.9162 0.6682
0 -59.92742 -30.55636 79.72641 0.87971 0.12314 0.45928 0.7613 0.6229
p9_entry_c2
0 -62.98753 -9.55943 79.95809 0.87971 0.12314 0.45928 0.9253 0.6247
0 -59.92742 -30.55636 79.72641 0.87971 0.12314 0.45928 0.7613 0.6229
0 -57.81400 -27.22294 74.78457 0.87971 0.12314 0.45928 0.7873 0.5843
p9_entry_c2
0 -65.73443 -10.72997 85.53342 0.70711 0.00000 0.70711 0.9162 0.6682
0 -74.75019 -13.26614 94.54918 0.70711 0.00000 0.70711 0.8964 0.7387
0 -67.57061 -37.77878 87.36960 0.70711 0.00000 0.70711 0.7049 0.6826
p9_entry_c2
0 -65.73443 -10.72997 85.53342 0.70711 0.00000 0.70711 0.9162 0.6682
0 -67.57061 -37.77878 87.36960 0.70711 0.00000 0.70711 0.7049 0.6826
0 -59.92742 -30.55636 79.72641 0.70711 0.00000 0.70711 0.7613 0.6229
p9_entry_c2
0 -74.75019 -13.26614 94.54918 -0.65328 -0.38268 0.65328 0.8964 0.7387
0 -94.54918 -13.26614 74.75019 -0.65328 -0.38268 0.65328 0.8964 0.5840
0 -87.36960 -37.77878 67.57061 -0.65328 -0.38268 0.65328 0.7049 0.5279
p9_entry_c2
0 -74.75019 -13.26614 94.54918 -0.65328 -0.38268 0.65328 0.8964 0.7387
0 -87.36960 -37.77878 67.57061 -0.65328 -0.38268 0.65328 0.7049 0.5279
0 -67.57061 -37.77878 87.36960 -0.65328 -0.38268 0.65328 0.7049 0.6826
p9_entry_c1
0 -87.36960 -37.77878 67.57061 -0.70711 -0.00000 -0.70711 0.7049 0.5279
0 -79.72641 -30.55636 59.92742 -0.70711 -0.00000 -0.70711 0.7613 0.4682
0 -68.99644 -45.73083 49.19745 -0.70711 -0.00000 -0.70711 0.6427 0.3844
p9_entry_c1
0 -87.36960 -37.77878 67.57061 -0.70711 -0.00000 -0.70711 0.7049 0.5279
0 -68.99644 -45.73083 49.19745 -0.70711 -0.00000 -0.70711 0.6427 0.3844
0 -74.10346 -56.53993 54.30447 -0.70711 -0.00000 -0.70711 0.5583 0.4243
p9_entry_c1
0 -79.72641 -30.55636 59.92742 -0.50860 0.22754 -0.83039 0.7613 0.4682
0 -74.78457 -27.22294 57.81400 -0.50860 0.22754 -0.83039 0.7873 0.4517
0 -65.22514 -40.74201 48.25458 -0.50860 0.22754 -0.83039 0.6817 0.3770
p9_entry_c1
0 -79.72641 -30.55636 59.92742 -0.50860 0.22754 -0.83039 0.7613 0.4682
0 -65.22514 -40.74201 48.25458 -0.50860 0.22754 -0.83039 0.6817 0.3770
0 -68.99644 -45.73083 49.19745 -0.50860 0.22754 -0.83039 0.6427 0.3844
p9_entry_clip
0 -74.78457 -27.22294 57.81400 -0.06034 0.54750 -0.83463 0.7873 0.4517
0 -71.19340 -25.83402 58.46548 -0.06034 0.54750 -0.83463 0.7982 0.4568
0 -62.12170 -38.66334 49.39378 -0.06034 0.54750 -0.83463 0.6979 0.3859
p9_entry_clip
0 -74.78457 -27.22294 57.81400 -0.06034 0.54750 -0.83463 0.7873 0.4517
0 -62.12170 -38.66334 49.39378 -0.06034 0.54750 -0.83463 0.6979 0.3859
0 -65.22514 -40.74201 48.25458 -0.06034 0.54750 -0.83463 0.6817 0.3770
p9_entry_ch1
0 -71.19340 -25.83402 58.46548 0.25552 0.67210 -0.69498 0.7982 0.4568
0 -68.48414 -25.27845 59.99886 0.25552 0.67210 -0.69498 0.8025 0.4687
0 -59.60753 -37.83187 51.12225 0.25552 0.67210 -0.69498 0.7044 0.3994
p9_entry_ch1
0 -71.19340 -25.83402 58.46548 0.25552 0.67210 -0.69498 0.7982 0.4568
0 -59.60753 -37.83187 51.12225 0.25552 0.67210 -0.69498 0.7044 0.3994
0 -62.12170 -38.66334 49.39378 0.25552 0.67210 -0.69498 0.6979 0.3859
p9_entry_ch1
0 -68.48414 -25.27845 59.99886 0.13759 0.63488 -0.76026 0.8025 0.4687
0 -65.48092 -24.44509 61.23827 0.13759 0.63488 -0.76026 0.8090 0.4784
0 -56.89694 -36.58466 52.65430 0.13759 0.63488 -0.76026 0.7142 0.4114
p9_entry_ch1
0 -68.48414 -25.27845 59.99886 0.13759 0.63488 -0.76026 0.8025 0.4687
0 -56.89694 -36.58466 52.65430 0.13759 0.63488 -0.76026 0.7142 0.4114
0 -59.60753 -37.83187 51.12225 0.13759 0.63488 -0.76026 0.7044 0.3994
p9_entry_clip
0 -65.48092 -24.44509 61.23827 0.50000 0.70711 -0.50000 0.8090 0.4784
0 -61.23827 -24.44509 65.48092 0.50000 0.70711 -0.50000 0.8090 0.5116
0 -52.65430 -36.58466 56.89694 0.50000 0.70711 -0.50000 0.7142 0.4445
p9_entry_clip
0 -65.48092 -24.44509 61.23827 0.50000 0.70711 -0.50000 0.8090 0.4784
0 -52.65430 -36.58466 56.89694 0.50000 0.70711 -0.50000 0.7142 0.4445
0 -56.89694 -36.58466 52.65430 0.50000 0.70711 -0.50000 0.7142 0.4114
p9_entry_ch1
0 -61.23827 -24.44509 65.48092 0.76026 0.63488 -0.13759 0.8090 0.5116
0 -59.99886 -25.27845 68.48414 0.76026 0.63488 -0.13759 0.8025 0.5350
0 -51.12225 -37.83187 59.60753 0.76026 0.63488 -0.13759 0.7044 0.4657
p9_entry_ch1
0 -61.23827 -24.44509 65.48092 0.76026 0.63488 -0.13759 0.8090 0.5116
0 -51.12225 -37.83187 59.60753 0.76026 0.63488 -0.13759 0.7044 0.4657
0 -52.65430 -36.58466 56.89694 0.76026 0.63488 -0.13759 0.7142 0.4445
p9_entry_ch1
0 -59.99886 -25.27845 68.48414 0.69498 0.67210 -0.25552 0.8025 0.5350
0 -58.46548 -25.83402 71.19340 0.69498 0.67210 -0.25552 0.7982 0.5562
0 -49.39378 -38.66334 62.12170 0.69498 0.67210 -0.25552 0.6979 0.4853
p9_entry_ch1
0 -59.99886 -25.27845 68.48414 0.69498 0.67210 -0.25552 0.8025 0.5350
0 -49.39378 -38.66334 62.12170 0.69498 0.67210 -0.25552 0.6979 0.4853
0 -51.12225 -37.83187 59.60753 0.69498 0.67210 -0.25552 0.7044 0.4657
p9_entry_clip
0 -58.46548 -25.83402 71.19340 0.83463 0.54750 0.06034 0.7982 0.5562
0 -57.81400 -27.22294 74.78457 0.83463 0.54750 0.06034 0.7873 0.5843
0 -48.25458 -40.74201 65.22514 0.83463 0.54750 0.06034 0.6817 0.5096
p9_entry_clip
0 -58.46548 -25.83402 71.19340 0.83463 0.54750 0.06034 0.7982 0.5562
0 -48.25458 -40.74201 65.22514 0.83463 0.54750 0.06034 0.6817 0.5096
0 -49.39378 -38.66334 62.12170 0.83463 0.54750 0.06034 0.6979 0.4853
p9_entry_c1
0 -57.81400 -27.22294 74.78457 0.83039 0.22754 0.50860 0.7873 0.5843
0 -59.92742 -30.55636 79.72641 0.83039 0.22754 0.50860 0.7613 0.6229
0 -49.19745 -45.73083 68.99644 0.83039 0.22754 0.50860 0.6427 0.5390
p9_entry_c1
0 -57.81400 -27.22294 74.78457 0.83039 0.22754 0.50860 0.7873 0.5843
0 -49.19745 -45.73083 68.99644 0.83039 0.22754 0.50860 0.6427 0.5390
0 -48.25458 -40.74201 65.22514 0.83039 0.22754 0.50860 0.6817 0.5096
p9_entry_c1
0 -59.92742 -30.55636 79.72641 0.70711 -0.00000 0.70711 0.7613 0.6229
0 -67.57061 -37.77878 87.36960 0.70711 -0.00000 0.70711 0.7049 0.6826
0 -54.30447 -56.53993 74.10346 0.70711 -0.00000 0.70711 0.5583 0.5789
p9_entry_c1
0 -59.92742 -30.55636 79.72641 0.70711 -0.00000 0.70711 0.7613 0.6229
0 -54.30447 -56.53993 74.10346 0.70711 -0.00000 0.70711 0.5583 0.5789
0 -49.19745 -45.73083 68.99644 0.70711 -0.00000 0.70711 0.6427 0.5390
p9_entry_c1
0 -67.57061 -37.77878 87.36960 -0.50000 -0.70711 0.50000 0.7049 0.6826
0 -87.36960 -37.77878 67.57061 -0.50000 -0.70711 0.50000 0.7049 0.5279
0 -74.10346 -56.53993 54.30447 -0.50000 -0.70711 0.50000 0.5583 0.4243
p9_entry_c1
0 -67.57061 -37.77878 87.36960 -0.50000 -0.70711 0.50000 0.7049 0.6826
0 -74.10346 -56.53993 54.30447 -0.50000 -0.70711 0.50000 0.5583 0.4243
0 -54.30447 -56.53993 74.10346 -0.50000 -0.70711 0.50000 0.5583 0.5789
p9_entry_c1
0 -74.10346 -56.53993 54.30447 -0.70711 0.00000 -0.70711 0.5583 0.4243
0 -68.99644 -45.73083 49.19745 -0.70711 0.00000 -0.70711 0.6427 0.3844
0 -54.97706 -53.94319 35.17807 -0.70711 0.00000 -0.70711 0.5786 0.2748
p9_entry_c1
0 -74.10346 -56.53993 54.30447 -0.70711 0.00000 -0.70711 0.5583 0.4243
0 -54.97706 -53.94319 35.17807 -0.70711 0.00000 -0.70711 0.5786 0.2748
0 -56.77041 -66.69340 36.97142 -0.70711 0.00000 -0.70711 0.4790 0.2888
p9_entry_c1
0 -68.99644 -45.73083 49.19745 -0.58242 0.29729 -0.75657 0.6427 0.3844
0 -65.22514 -40.74201 48.25458 -0.58242 0.29729 -0.75657 0.6817 0.3770
0 -52.73515 -48.05848 35.76459 -0.58242 0.29729 -0.75657 0.6245 0.2794
p9_entry_c1
0 -68.99644 -45.73083 49.19745 -0.58242 0.29729 -0.75657 0.6427 0.3844
0 -52.73515 -48.05848 35.76459 -0.58242 0.29729 -0.75657 0.6245 0.2794
0 -54.97706 -53.94319 35.17807 -0.58242 0.29729 -0.75657 0.5786 0.2748
p9_entry_clip
0 -65.22514 -40.74201 48.25458 -0.23796 0.71534 -0.65700 0.6817 0.3770
0 -62.12170 -38.66334 49.39378 -0.23796 0.71534 -0.65700 0.6979 0.3859
0 -50.26895 -45.60652 37.54103 -0.23796 0.71534 -0.65700 0.6437 0.2933
p9_entry_clip
0 -65.22514 -40.74201 48.25458 -0.23796 0.71534 -0.65700 0.6817 0.3770
0 -50.26895 -45.60652 37.54103 -0.23796 0.71534 -0.65700 0.6437 0.2933
0 -52.73515 -48.05848 35.76459 -0.23796 0.71534 -0.65700 0.6245 0.2794
p9_entry_ch1
0 -62.12170 -38.66334 49.39378 0.03747 0.87814 -0.47693 0.6979 0.3859
0 -59.60753 -37.83187 51.12225 0.03747 0.87814 -0.47693 0.7044 0.3994
0 -48.00968 -44.62573 39.52440 0.03747 0.87814 -0.47693 0.6514 0.3088
p9_entry_ch1
0 -62.12170 -38.66334 49.39378 0.03747 0.87814 -0.47693 0.6979 0.3859
0 -48.00968 -44.62573 39.52440 0.03747 0.87814 -0.47693 0.6514 0.3088
0 -50.26895 -45.60652 37.54103 0.03747 0.87814 -0.47693 0.6437 0.2933
p9_entry_ch1
0 -59.60753 -37.83187 51.12225 -0.06838 0.82951 -0.55430 0.7044 0.3994
0 -56.89694 -36.58466 52.65430 -0.06838 0.82951 -0.55430 0.7142 0.4114
0 -45.68144 -43.15455 41.43880 -0.06838 0.82951 -0.55430 0.6629 0.3237
p9_entry_ch1
0 -59.60753 -37.83187 51.12225 -0.06838 0.82951 -0.55430 0.7044 0.3994
0 -45.68144 -43.15455 41.43880 -0.06838 0.82951 -0.55430 0.6629 0.3237
0 -48.00968 -44.62573 39.52440 -0.06838 0.82951 -0.55430 0.6514 0.3088
p9_entry_clip
0 -56.89694 -36.58466 52.65430 0.27060 0.92388 -0.27060 0.7142 0.4114
0 -52.65430 -36.58466 56.89694 0.27060 0.92388 -0.27060 0.7142 0.4445
0 -41.43880 -43.15455 45.68144 0.27060 0.92388 -0.27060 0.6629 0.3569
p9_entry_clip
0 -56.89694 -36.58466 52.65430 0.27060 0.92388 -0.27060 0.7142 0.4114
0 -41.43880 -43.15455 45.68144 0.27060 0.92388 -0.27060 0.6629 0.3569
0 -45.68144 -43.15455 41.43880 0.27060 0.92388 -0.27060 0.6629 0.3237
p9_entry_ch1
0 -52.65430 -36.58466 56.89694 0.55430 0.82951 0.06838 0.7142 0.4445
0 -51.12225 -37.83187 59.60753 0.55430 0.82951 0.06838 0.7044 0.4657
0 -39.52440 -44.62573 48.00968 0.55430 0.82951 0.06838 0.6514 0.3751
p9_entry_ch1
0 -52.65430 -36.58466 56.89694 0.55430 0.82951 0.06838 0.7142 0.4445
0 -39.52440 -44.62573 48.00968 0.55430 0.82951 0.06838 0.6514 0.3751
0 -41.43880 -43.15455 45.68144 0.55430 0.82951 0.06838 0.6629 0.3569
p9_entry_ch1
0 -51.12225 -37.83187 59.60753 0.47693 0.87814 -0.03747 0.7044 0.4657
0 -49.39378 -38.66334 62.12170 0.47693 0.87814 -0.03747 0.6979 0.4853
0 -37.54103 -45.60652 50.26895 0.47693 0.87814 -0.03747 0.6437 0.3927
p9_entry_ch1
0 -51.12225 -37.83187 59.60753 0.47693 0.87814 -0.03747 0.7044 0.4657
0 -37.54103 -45.60652 50.26895 0.47693 0.87814 -0.03747 0.6437 0.3927
0 -39.52440 -44.62573 48.00968 0.47693 0.87814 -0.03747 0.6514 0.3751
p9_entry_clip
0 -49.39378 -38.66334 62.12170 0.65700 0.71534 0.23796 0.6979 0.4853
0 -48.25458 -40.74201 65.22514 0.65700 0.71534 0.23796 0.6817 0.5096
0 -35.76459 -48.05848 52.73515 0.65700 0.71534 0.23796 0.6245 0.4120
p9_entry_clip
0 -49.39378 -38.66334 62.12170 0.65700 0.71534 0.23796 0.6979 0.4853
0 -35.76459 -48.05848 52.73515 0.65700 0.71534 0.23796 0.6245 0.4120
0 -37.54103 -45.60652 50.26895 0.65700 0.71534 0.23796 0.6437 0.3927
p9_entry_c1
0 -48.25458 -40.74201 65.22514 0.75657 0.29729 0.58242 0.6817 0.5096
0 -49.19745 -45.73083 68.99644 0.75657 0.29729 0.58242 0.6427 0.5390
0 -35.17807 -53.94319 54.97706 0.75657 0.29729 0.58242 0.5786 0.4295
p9_entry_c1
0 -48.25458 -40.74201 65.22514 0.75657 0.29729 0.58242 0.6817 0.5096
0 -35.17807 -53.94319 54.97706 0.75657 0.29729 0.58242 0.5786 0.4295
0 -35.76459 -48.05848 52.73515 0.75657 0.29729 0.58242 0.6245 0.4120
p9_entry_c1
0 -49.19745 -45.73083 68.99644 0.70711 0.00000 0.70711 0.6427 0.5390
0 -54.30447 -56.53993 74.10346 0.70711 0.00000 0.70711 0.5583 0.5789
0 -36.97142 -66.69340 56.77041 0.70711 0.00000 0.70711 0.4790 0.4435
p9_entry_c1
0 -49.19745 -45.73083 68.99644 0.70711 0.00000 0.70711 0.6427 0.5390
0 -36.97142 -66.69340 56.77041 0.70711 0.00000 0.70711 0.4790 0.4435
0 -35.17807 -53.94319 54.97706 0.70711 0.00000 0.70711 0.5786 0.4295
p9_entry_c1
0 -54.30447 -56.53993 74.10346 -0.27060 -0.92388 0.27060 0.5583 0.5789
0 -74.10346 -56.53993 54.30447 -0.27060 -0.92388 0.27060 0.5583 0.4243
0 -56.77041 -66.69340 36.97142 -0.27060 -0.92388 0.27060 0.4790 0.2888
p9_entry_c1
0 -54.30447 -56.53993 74.10346 -0.27060 -0.92388 0.27060 0.5583 0.5789
0 -56.77041 -66.69340 36.97142 -0.27060 -0.92388 0.27060 0.4790 0.2888
0 -36.97142 -66.69340 56.77041 -0.27060 -0.92388 0.27060 0.4790 0.4435
p9_entry_c0
0 -56.77041 -66.69340 36.97142 -0.70711 -0.00000 -0.70711 0.4790 0.2888
0 -54.97706 -53.94319 35.17807 -0.70711 -0.00000 -0.70711 0.5786 0.2748
0 -39.80259 -53.94319 20.00360 -0.70711 -0.00000 -0.70711 0.5786 0.1563
p9_entry_c0
0 -56.77041 -66.69340 36.97142 -0.70711 -0.00000 -0.70711 0.4790 0.2888
0 -39.80259 -53.94319 20.00360 -0.70711 -0.00000 -0.70711 0.5786 0.1563
0 -38.00925 -66.69340 18.21026 -0.70711 -0.00000 -0.70711 0.4790 0.1423
p9_entry_c0
0 -54.97706 -53.94319 35.17807 -0.66950 0.32179 -0.66950 0.5786 0.2748
0 -52.73515 -48.05848 35.76459 -0.66950 0.32179 -0.66950 0.6245 0.2794
0 -39.21608 -48.05848 22.24552 -0.66950 0.32179 -0.66950 0.6245 0.1738
p9_entry_c0
0 -54.97706 -53.94319 35.17807 -0.66950 0.32179 -0.66950 0.5786 0.2748
0 -39.21608 -48.05848 22.24552 -0.66950 0.32179 -0.66950 0.6245 0.1738
0 -39.80259 -53.94319 20.00360 -0.66950 0.32179 -0.66950 0.5786 0.1563
p9_entry_clip
0 -52.73515 -48.05848 35.76459 -0.44748 0.77428 -0.44748 0.6245 0.2794
0 -50.26895 -45.60652 37.54103 -0.44748 0.77428 -0.44748 0.6437 0.2933
0 -37.43963 -45.60652 24.71171 -0.44748 0.77428 -0.44748 0.6437 0.1931
p9_entry_clip
0 -52.73515 -48.05848 35.76459 -0.44748 0.77428 -0.44748 0.6245 0.2794
0 -37.43963 -45.60652 24.71171 -0.44748 0.77428 -0.44748 0.6437 0.1931
0 -39.21608 -48.05848 22.24552 -0.44748 0.77428 -0.44748 0.6245 0.1738
p9_entry_ch0
0 -50.26895 -45.60652 37.54103 -0.21973 0.95049 -0.21973 0.6437 0.2933
0 -48.00968 -44.62573 39.52440 -0.21973 0.95049 -0.21973 0.6514 0.3088
0 -35.45626 -44.62573 26.97098 -0.21973 0.95049 -0.21973 0.6514 0.2107
p9_entry_ch0
0 -50.26895 -45.60652 37.54103 -0.21973 0.95049 -0.21973 0.6437 0.2933
0 -35.45626 -44.62573 26.97098 -0.21973 0.95049 -0.21973 0.6514 0.2107
0 -37.43963 -45.60652 24.71171 -0.21973 0.95049 -0.21973 0.6437 0.1931
p9_entry_ch0
0 -48.00968 -44.62573 39.52440 -0.31134 0.89785 -0.31134 0.6514 0.3088
0 -45.68144 -43.15455 41.43880 -0.31134 0.89785 -0.31134 0.6629 0.3237
0 -33.54187 -43.15455 29.29923 -0.31134 0.89785 -0.31134 0.6629 0.2289
p9_entry_ch0
0 -48.00968 -44.62573 39.52440 -0.31134 0.89785 -0.31134 0.6514 0.3088
0 -33.54187 -43.15455 29.29923 -0.31134 0.89785 -0.31134 0.6629 0.2289
0 -35.45626 -44.62573 26.97098 -0.31134 0.89785 -0.31134 0.6514 0.2107
p9_entry_clip
0 -45.68144 -43.15455 41.43880 -0.00000 1.00000 0.00000 0.6629 0.3237
0 -41.43880 -43.15455 45.68144 -0.00000 1.00000 0.00000 0.6629 0.3569
0 -29.29923 -43.15455 33.54187 -0.00000 1.00000 0.00000 0.6629 0.2620
p9_entry_clip
0 -45.68144 -43.15455 41.43880 -0.00000 1.00000 0.00000 0.6629 0.3237
0 -29.29923 -43.15455 33.54187 -0.00000 1.00000 0.00000 0.6629 0.2620
0 -33.54187 -43.15455 29.29923 -0.00000 1.00000 0.00000 0.6629 0.2289
p9_entry_ch0
0 -41.43880 -43.15455 45.68144 0.31134 0.89785 0.31134 0.6629 0.3569
0 -39.52440 -44.62573 48.00968 0.31134 0.89785 0.31134 0.6514 0.3751
0 -26.97098 -44.62573 35.45626 0.31134 0.89785 0.31134 0.6514 0.2770
p9_entry_ch0
0 -41.43880 -43.15455 45.68144 0.31134 0.89785 0.31134 0.6629 0.3569
0 -26.97098 -44.62573 35.45626 0.31134 0.89785 0.31134 0.6514 0.2770
0 -29.29923 -43.15455 33.54187 0.31134 0.89785 0.31134 0.6629 0.2620
p9_entry_ch0
0 -39.52440 -44.62573 48.00968 0.21973 0.95049 0.21973 0.6514 0.3751
0 -37.54103 -45.60652 50.26895 0.21973 0.95049 0.21973 0.6437 0.3927
0 -24.71171 -45.60652 37.43963 0.21973 0.95049 0.21973 0.6437 0.2925
p9_entry_ch0
0 -39.52440 -44.62573 48.00968 0.21973 0.95049 0.21973 0.6514 0.3751
0 -24.71171 -45.60652 37.43963 0.21973 0.95049 0.21973 0.6437 0.2925
0 -26.97098 -44.62573 35.45626 0.21973 0.95049 0.21973 0.6514 0.2770
p9_entry_clip
0 -37.54103 -45.60652 50.26895 0.44748 0.77428 0.44748 0.6437 0.3927
0 -35.76459 -48.05848 52.73515 0.44748 0.77428 0.44748 0.6245 0.4120
0 -22.24552 -48.05848 39.21608 0.44748 0.77428 0.44748 0.6245 0.3064
p9_entry_clip
0 -37.54103 -45.60652 50.26895 0.44748 0.77428 0.44748 0.6437 0.3927
0 -22.24552 -48.05848 39.21608 0.44748 0.77428 0.44748 0.6245 0.3064
0 -24.71171 -45.60652 37.43963 0.44748 0.77428 0.44748 0.6437 0.2925
p9_entry_c0
0 -35.76459 -48.05848 52.73515 0.66950 0.32179 0.66950 0.6245 0.4120
0 -35.17807 -53.94319 54.97706 0.66950 0.32179 0.66950 0.5786 0.4295
0 -20.00360 -53.94319 39.80259 0.66950 0.32179 0.66950 0.5786 0.3110
p9_entry_c0
0 -35.76459 -48.05848 52.73515 0.66950 0.32179 0.66950 0.6245 0.4120
0 -20.00360 -53.94319 39.80259 0.66950 0.32179 0.66950 0.5786 0.3110
0 -22.24552 -48.05848 39.21608 0.66950 0.32179 0.66950 0.6245 0.3064
p9_entry_c0
0 -35.17807 -53.94319 54.97706 0.70711 0.00000 0.70711 0.5786 0.4295
0 -36.97142 -66.69340 56.77041 0.70711 0.00000 0.70711 0.4790 0.4435
0 -18.21026 -66.69340 38.00925 0.70711 0.00000 0.70711 0.4790 0.2969
p9_entry_c0
0 -35.17807 -53.94319 54.97706 0.70711 0.00000 0.70711 0.5786 0.4295
0 -18.21026 -66.69340 38.00925 0.70711 0.00000 0.70711 0.4790 0.2969
0 -20.00360 -53.94319 39.80259 0.70711 0.00000 0.70711 0.5786 0.3110
p9_entry_c0
0 -36.97142 -66.69340 56.77041 0.00000 -1.00000 0.00000 0.4790 0.4435
0 -56.77041 -66.69340 36.97142 0.00000 -1.00000 0.00000 0.4790 0.2888
0 -38.00925 -66.69340 18.21026 0.00000 -1.00000 0.00000 0.4790 0.1423
p9_entry_c0
0 -36.97142 -66.69340 56.77041 0.00000 -1.00000 0.00000 0.4790 0.4435
0 -38.00925 -66.69340 18.21026 0.00000 -1.00000 0.00000 0.4790 0.1423
0 -18.21026 -66.69340 38.00925 0.00000 -1.00000 0.00000 0.4790 0.2969
p9_entry_c0
0 -38.00925 -66.69340 18.21026 -0.70711 0.00000 -0.70711 0.4790 0.1423
0 -39.80259 -53.94319 20.00360 -0.70711 0.00000 -0.70711 0.5786 0.1563
0 -25.78322 -45.73083 5.98423 -0.70711 0.00000 -0.70711 0.6427 0.0468
p9_entry_c0
0 -38.00925 -66.69340 18.21026 -0.70711 0.00000 -0.70711 0.4790 0.1423
0 -25.78322 -45.73083 5.98423 -0.70711 0.00000 -0.70711 0.6427 0.0468
0 -20.67620 -56.53993 0.87721 -0.70711 0.00000 -0.70711 0.5583 0.0069
p9_entry_c0
0 -39.80259 -53.94319 20.00360 -0.75657 0.29729 -0.58242 0.5786 0.1563
0 -39.21608 -48.05848 22.24552 -0.75657 0.29729 -0.58242 0.6245 0.1738
0 -26.72609 -40.74201 9.75552 -0.75657 0.29729 -0.58242 0.6817 0.0762
p9_entry_c0
0 -39.80259 -53.94319 20.00360 -0.75657 0.29729 -0.58242 0.5786 0.1563
0 -26.72609 -40.74201 9.75552 -0.75657 0.29729 -0.58242 0.6817 0.0762
0 -25.78322 -45.73083 5.98423 -0.75657 0.29729 -0.58242 0.6427 0.0468
p9_entry_clip
0 -39.21608 -48.05848 22.24552 -0.65700 0.71534 -0.23796 0.6245 0.1738
0 -37.43963 -45.60652 24.71171 -0.65700 0.71534 -0.23796 0.6437 0.1931
0 -25.58689 -38.66334 12.85896 -0.65700 0.71534 -0.23796 0.6979 0.1005
p9_entry_clip
0 -39.21608 -48.05848 22.24552 -0.65700 0.71534 -0.23796 0.6245 0.1738
0 -25.58689 -38.66334 12.85896 -0.65700 0.71534 -0.23796 0.6979 0.1005
0 -26.72609 -40.74201 9.75552 -0.65700 0.71534 -0.23796 0.6817 0.0762
p9_entry_ch0
0 -37.43963 -45.60652 24.71171 -0.47693 0.87814 0.03747 0.6437 0.1931
0 -35.45626 -44.62573 26.97098 -0.47693 0.87814 0.03747 0.6514 0.2107
0 -23.85841 -37.83187 15.37313 -0.47693 0.87814 0.03747 0.7044 0.1201
p9_entry_ch0
0 -37.43963 -45.60652 24.71171 -0.47693 0.87814 0.03747 0.6437 0.1931
0 -23.85841 -37.83187 15.37313 -0.47693 0.87814 0.03747 0.7044 0.1201
0 -25.58689 -38.66334 12.85896 -0.47693 0.87814 0.03747 0.6979 0.1005
p9_entry_ch0
0 -35.45626 -44.62573 26.97098 -0.55430 0.82951 -0.06838 0.6514 0.2107
0 -33.54187 -43.15455 29.29923 -0.55430 0.82951 -0.06838 0.6629 0.2289
0 -22.32636 -36.58466 18.08372 -0.55430 0.82951 -0.06838 0.7142 0.1413
p9_entry_ch0
0 -35.45626 -44.62573 26.97098 -0.55430 0.82951 -0.06838 0.6514 0.2107
0 -22.32636 -36.58466 18.08372 -0.55430 0.82951 -0.06838 0.7142 0.1413
0 -23.85841 -37.83187 15.37313 -0.55430 0.82951 -0.06838 0.7044 0.1201
p9_entry_clip
0 -33.54187 -43.15455 29.29923 -0.27060 0.92388 0.27060 0.6629 0.2289
0 -29.29923 -43.15455 33.54187 -0.27060 0.92388 0.27060 0.6629 0.2620
0 -18.08372 -36.58466 22.32636 -0.27060 0.92388 0.27060 0.7142 0.1744
p9_entry_clip
0 -33.54187 -43.15455 29.29923 -0.27060 0.92388 0.27060 0.6629 0.2289
0 -18.08372 -36.58466 22.32636 -0.27060 0.92388 0.27060 0.7142 0.1744
0 -22.32636 -36.58466 18.08372 -0.27060 0.92388 0.27060 0.7142 0.1413
p9_entry_ch0
0 -29.29923 -43.15455 33.54187 0.06838 0.82951 0.55430 0.6629 0.2620
0 -26.97098 -44.62573 35.45626 0.06838 0.82951 0.55430 0.6514 0.2770
0 -15.37313 -37.83187 23.85841 0.06838 0.82951 0.55430 0.7044 0.1864
p9_entry_ch0
0 -29.29923 -43.15455 33.54187 0.06838 0.82951 0.55430 0.6629 0.2620
0 -15.37313 -37.83187 23.85841 0.06838 0.82951 0.55430 0.7044 0.1864
0 -18.08372 -36.58466 22.32636 0.06838 0.82951 0.55430 0.7142 0.1744
p9_entry_ch0
0 -26.97098 -44.62573 35.45626 -0.03747 0.87814 0.47693 0.6514 0.2770
0 -24.71171 -45.60652 37.43963 -0.03747 0.87814 0.47693 0.6437 0.2925
0 -12.85896 -38.66334 25.58689 -0.03747 0.87814 0.47693 0.6979 0.1999
p9_entry_ch0
0 -26.97098 -44.62573 35.45626 -0.03747 0.87814 0.47693 0.6514 0.2770
0 -12.85896 -38.66334 25.58689 -0.03747 0.87814 0.47693 0.6979 0.1999
0 -15.37313 -37.83187 23.85841 -0.03747 0.87814 0.47693 0.7044 0.1864
p9_entry_clip
0 -24.71171 -45.60652 37.43963 0.23796 0.71534 0.65700 0.6437 0.2925
0 -22.24552 -48.05848 39.21608 0.23796 0.71534 0.65700 0.6245 0.3064
0 -9.75552 -40.74201 26.72609 0.23796 0.71534 0.65700 0.6817 0.2088
p9_entry_clip
0 -24.71171 -45.60652 37.43963 0.23796 0.71534 0.65700 0.6437 0.2925
0 -9.75552 -40.74201 26.72609 0.23796 0.71534 0.65700 0.6817 0.2088
0 -12.85896 -38.66334 25.58689 0.23796 0.71534 0.65700 0.6979 0.1999
p9_entry_c0
0 -22.24552 -48.05848 39.21608 0.58242 0.29729 0.75657 0.6245 0.3064
0 -20.00360 -53.94319 39.80259 0.58242 0.29729 0.75657 0.5786 0.3110
0 -5.98423 -45.73083 25.78322 0.58242 0.29729 0.75657 0.6427 0.2014
p9_entry_c0
0 -22.24552 -48.05848 39.21608 0.58242 0.29729 0.75657 0.6245 0.3064
0 -5.98423 -45.73083 25.78322 0.58242 0.29729 0.75657 0.6427 0.2014
0 -9.75552 -40.74201 26.72609 0.58242 0.29729 0.75657 0.6817 0.2088
p9_entry_c0
0 -20.00360 -53.94319 39.80259 0.70711 0.00000 0.70711 0.5786 0.3110
0 -18.21026 -66.69340 38.00925 0.70711 0.00000 0.70711 0.4790 0.2969
0 -0.87721 -56.53993 20.67620 0.70711 0.00000 0.70711 0.5583 0.1615
p9_entry_c0
0 -20.00360 -53.94319 39.80259 0.70711 0.00000 0.70711 0.5786 0.3110
0 -0.87721 -56.53993 20.67620 0.70711 0.00000 0.70711 0.5583 0.1615
0 -5.98423 -45.73083 25.78322 0.70711 0.00000 0.70711 0.6427 0.2014
p9_entry_c0
0 -18.21026 -66.69340 38.00925 0.27060 -0.92388 -0.27060 0.4790 0.2969
0 -38.00925 -66.69340 18.21026 0.27060 -0.92388 -0.27060 0.4790 0.1423
0 -20.67620 -56.53993 0.87721 0.27060 -0.92388 -0.27060 0.5583 0.0069
p9_entry_c0
0 -18.21026 -66.69340 38.00925 0.27060 -0.92388 -0.27060 0.4790 0.2969
0 -20.67620 -56.53993 0.87721 0.27060 -0.92388 -0.27060 0.5583 0.0069
0 -0.87721 -56.53993 20.67620 0.27060 -0.92388 -0.27060 0.5583 0.1615
p9_entry_c0
0 -20.67620 -56.53993 0.87721 -0.70711 -0.00000 -0.70711 0.5583 0.0069
0 -25.78322 -45.73083 5.98423 -0.70711 -0.00000 -0.70711 0.6427 0.0468
0 -15.05325 -30.55636 -4.74574 -0.70711 -0.00000 -0.70711 0.7613 0.9629
p9_entry_c0
0 -20.67620 -56.53993 0.87721 -0.70711 -0.00000 -0.70711 0.5583 0.0069
0 -15.05325 -30.55636 -4.74574 -0.70711 -0.00000 -0.70711 0.7613 0.9629
0 -7.41006 -37.77878 -12.38893 -0.70711 -0.00000 -0.70711 0.7049 0.9032
p9_entry_c0
0 -25.78322 -45.73083 5.98423 -0.83039 0.22754 -0.50860 0.6427 0.0468
0 -26.72609 -40.74201 9.75552 -0.83039 0.22754 -0.50860 0.6817 0.0762
0 -17.16666 -27.22294 0.19610 -0.83039 0.22754 -0.50860 0.7873 0.0015
p9_entry_c0
0 -25.78322 -45.73083 5.98423 -0.83039 0.22754 -0.50860 0.6427 0.0468
0 -17.16666 -27.22294 0.19610 -0.83039 0.22754 -0.50860 0.7873 0.0015
0 -15.05325 -30.55636 -4.74574 -0.83039 0.22754 -0.50860 0.7613 0.9629
p9_entry_clip
0 -26.72609 -40.74201 9.75552 -0.83463 0.54750 -0.06034 0.6817 0.0762
0 -25.58689 -38.66334 12.85896 -0.83463 0.54750 -0.06034 0.6979 0.1005
0 -16.51519 -25.83402 3.78726 -0.83463 0.54750 -0.06034 0.7982 0.0296
p9_entry_clip
0 -26.72609 -40.74201 9.75552 -0.83463 0.54750 -0.06034 0.6817 0.0762
0 -16.51519 -25.83402 3.78726 -0.83463 0.54750 -0.06034 0.7982 0.0296
0 -17.16666 -27.22294 0.19610 -0.83463 0.54750 -0.06034 0.7873 0.0015
p9_entry_ch0
0 -25.58689 -38.66334 12.85896 -0.69498 0.67210 0.25552 0.6979 0.1005
0 -23.85841 -37.83187 15.37313 -0.69498 0.67210 0.25552 0.7044 0.1201
0 -14.98180 -25.27845 6.49652 -0.69498 0.67210 0.25552 0.8025 0.0508
p9_entry_ch0
0 -25.58689 -38.66334 12.85896 -0.69498 0.67210 0.25552 0.6979 0.1005
0 -14.98180 -25.27845 6.49652 -0.69498 0.67210 0.25552 0.8025 0.0508
0 -16.51519 -25.83402 3.78726 -0.69498 0.67210 0.25552 0.7982 0.0296
p9_entry_ch0
0 -23.85841 -37.83187 15.37313 -0.76026 0.63488 0.13759 0.7044 0.1201
0 -22.32636 -36.58466 18.08372 -0.76026 0.63488 0.13759 0.7142 0.1413
0 -13.74239 -24.44509 9.49975 -0.76026 0.63488 0.13759 0.8090 0.0742
p9_entry_ch0
0 -23.85841 -37.83187 15.37313 -0.76026 0.63488 0.13759 0.7044 0.1201
0 -13.74239 -24.44509 9.49975 -0.76026 0.63488 0.13759 0.8090 0.0742
0 -14.98180 -25.27845 6.49652 -0.76026 0.63488 0.13759 0.8025 0.0508
p9_entry_clip
0 -22.32636 -36.58466 18.08372 -0.50000 0.70711 0.50000 0.7142 0.1413
0 -18.08372 -36.58466 22.32636 -0.50000 0.70711 0.50000 0.7142 0.1744
0 -9.49975 -24.44509 13.74239 -0.50000 0.70711 0.50000 0.8090 0.1074
p9_entry_clip
0 -22.32636 -36.58466 18.08372 -0.50000 0.70711 0.50000 0.7142 0.1413
0 -9.49975 -24.44509 13.74239 -0.50000 0.70711 0.50000 0.8090 0.1074
0 -13.74239 -24.44509 9.49975 -0.50000 0.70711 0.50000 0.8090 0.0742
p9_entry_ch0
0 -18.08372 -36.58466 22.32636 -0.13759 0.63488 0.76026 0.7142 0.1744
0 -15.37313 -37.83187 23.85841 -0.13759 0.63488 0.76026 0.7044 0.1864
0 -6.49652 -25.27845 14.98180 -0.13759 0.63488 0.76026 0.8025 0.1170
p9_entry_ch0
0 -18.08372 -36.58466 22.32636 -0.13759 0.63488 0.76026 0.7142 0.1744
0 -6.49652 -25.27845 14.98180 -0.13759 0.63488 0.76026 0.8025 0.1170
0 -9.49975 -24.44509 13.74239 -0.13759 0.63488 0.76026 0.8090 0.1074
p9_entry_ch0
0 -15.37313 -37.83187 23.85841 -0.25552 0.67210 0.69498 0.7044 0.1864
0 -12.85896 -38.66334 25.58689 -0.25552 0.67210 0.69498 0.6979 0.1999
0 -3.78726 -25.83402 16.51519 -0.25552 0.67210 0.69498 0.7982 0.1290
p9_entry_ch0
0 -15.37313 -37.83187 23.85841 -0.25552 0.67210 0.69498 0.7044 0.1864
0 -3.78726 -25.83402 16.51519 -0.25552 0.67210 0.69498 0.7982 0.1290
0 -6.49652 -25.27845 14.98180 -0.25552 0.67210 0.69498 0.8025 0.1170
p9_entry_clip
0 -12.85896 -38.66334 25.58689 0.06034 0.54750 0.83463 0.6979 0.1999
0 -9.75552 -40.74201 26.72609 0.06034 0.54750 0.83463 0.6817 0.2088
0 -0.19610 -27.22294 17.16666 0.06034 0.54750 0.83463 0.7873 0.1341
p9_entry_clip
0 -12.85896 -38.66334 25.58689 0.06034 0.54750 0.83463 0.6979 0.1999
0 -0.19610 -27.22294 17.16666 0.06034 0.54750 0.83463 0.7873 0.1341
0 -3.78726 -25.83402 16.51519 0.06034 0.54750 0.83463 0.7982 0.1290
p9_entry_c0
0 -9.75552 -40.74201 26.72609 0.50860 0.22754 0.83039 0.6817 0.2088
0 -5.98423 -45.73083 25.78322 0.50860 0.22754 0.83039 0.6427 0.2014
0 4.74574 -30.55636 15.05325 0.50860 0.22754 0.83039 0.7613 0.1176
p9_entry_c0
0 -9.75552 -40.74201 26.72609 0.50860 0.22754 0.83039 0.6817 0.2088
0 4.74574 -30.55636 15.05325 0.50860 0.22754 0.83039 0.7613 0.1176
0 -0.19610 -27.22294 17.16666 0.50860 0.22754 0.83039 0.7873 0.1341
p9_entry_c0
0 -5.98423 -45.73083 25.78322 0.70711 -0.00000 0.70711 0.6427 0.2014
0 -0.87721 -56.53993 20.67620 0.70711 -0.00000 0.70711 0.5583 0.1615
0 12.38893 -37.77878 7.41006 0.70711 -0.00000 0.70711 0.7049 0.0579
p9_entry_c0
0 -5.98423 -45.73083 25.78322 0.70711 -0.00000 0.70711 0.6427 0.2014
0 12.38893 -37.77878 7.41006 0.70711 -0.00000 0.70711 0.7049 0.0579
0 4.74574 -30.55636 15.05325 0.70711 -0.00000 0.70711 0.7613 0.1176
p9_entry_c0
0 -0.87721 -56.53993 20.67620 0.50000 -0.70711 -0.50000 0.5583 0.1615
0 -20.67620 -56.53993 0.87721 0.50000 -0.70711 -0.50000 0.5583 0.0069
0 -7.41006 -37.77878 -12.38893 0.50000 -0.70711 -0.50000 0.7049 0.9032
p9_entry_c0
0 -0.87721 -56.53993 20.67620 0.50000 -0.70711 -0.50000 0.5583 0.1615
0 -7.41006 -37.77878 -12.38893 0.50000 -0.70711 -0.50000 0.7049 0.9032
0 12.38893 -37.77878 7.41006 0.50000 -0.70711 -0.50000 0.7049 0.0579
p9_entry_c0
0 -7.41006 -37.77878 -12.38893 -0.70711 0.00000 -0.70711 0.7049 0.9032
0 -15.05325 -30.55636 -4.74574 -0.70711 0.00000 -0.70711 0.7613 0.9629
0 -9.24623 -10.72997 -10.55276 -0.70711 0.00000 -0.70711 0.9162 0.9176
p9_entry_c0
0 -7.41006 -37.77878 -12.38893 -0.70711 0.00000 -0.70711 0.7049 0.9032
0 -9.24623 -10.72997 -10.55276 -0.70711 0.00000 -0.70711 0.9162 0.9176
0 -0.23047 -13.26614 -19.56852 -0.70711 0.00000 -0.70711 0.8964 0.8471
p9_entry_c0
0 -15.05325 -30.55636 -4.74574 -0.87971 0.12314 -0.45928 0.7613 0.9629
0 -17.16666 -27.22294 0.19610 -0.87971 0.12314 -0.45928 0.7873 0.0015
0 -11.99314 -9.55943 -4.97743 -0.87971 0.12314 -0.45928 0.9253 0.9611
p9_entry_c0
0 -15.05325 -30.55636 -4.74574 -0.87971 0.12314 -0.45928 0.7613 0.9629
0 -11.99314 -9.55943 -4.97743 -0.87971 0.12314 -0.45928 0.9253 0.9611
0 -9.24623 -10.72997 -10.55276 -0.87971 0.12314 -0.45928 0.9162 0.9176
p9_entry_clip
0 -17.16666 -27.22294 0.19610 -0.95331 0.29631 0.05834 0.7873 0.0015
0 -16.51519 -25.83402 3.78726 -0.95331 0.29631 0.05834 0.7982 0.0296
0 -11.60562 -9.07170 -1.12231 -0.95331 0.29631 0.05834 0.9291 0.9912
p9_entry_clip
0 -17.16666 -27.22294 0.19610 -0.95331 0.29631 0.05834 0.7873 0.0015
0 -11.60562 -9.07170 -1.12231 -0.95331 0.29631 0.05834 0.9291 0.9912
0 -11.99314 -9.55943 -4.97743 -0.95331 0.29631 0.05834 0.9253 0.9611
p9_entry_ch0
0 -16.51519 -25.83402 3.78726 -0.84067 0.36374 0.40121 0.7982 0.0296
0 -14.98180 -25.27845 6.49652 -0.84067 0.36374 0.40121 0.8025 0.0508
0 -10.17782 -8.87661 1.69253 -0.84067 0.36374 0.40121 0.9307 0.0132
p9_entry_ch0
0 -16.51519 -25.83402 3.78726 -0.84067 0.36374 0.40121 0.7982 0.0296
0 -10.17782 -8.87661 1.69253 -0.84067 0.36374 0.40121 0.9307 0.0132
0 -11.60562 -9.07170 -1.12231 -0.84067 0.36374 0.40121 0.9291 0.9912
p9_entry_ch0
0 -14.98180 -25.27845 6.49652 -0.89789 0.34359 0.27521 0.8025 0.0508
0 -13.74239 -24.44509 9.49975 -0.89789 0.34359 0.27521 0.8090 0.0742
0 -9.09678 -8.58397 4.85414 -0.89789 0.34359 0.27521 0.9329 0.0379
p9_entry_ch0
0 -14.98180 -25.27845 6.49652 -0.89789 0.34359 0.27521 0.8025 0.0508
0 -9.09678 -8.58397 4.85414 -0.89789 0.34359 0.27521 0.9329 0.0379
0 -10.17782 -8.87661 1.69253 -0.89789 0.34359 0.27521 0.9307 0.0132
p9_entry_clip
0 -13.74239 -24.44509 9.49975 -0.65328 0.38268 0.65328 0.8090 0.0742
0 -9.49975 -24.44509 13.74239 -0.65328 0.38268 0.65328 0.8090 0.1074
0 -4.85414 -8.58397 9.09678 -0.65328 0.38268 0.65328 0.9329 0.0711
p9_entry_clip
0 -13.74239 -24.44509 9.49975 -0.65328 0.38268 0.65328 0.8090 0.0742
0 -4.85414 -8.58397 9.09678 -0.65328 0.38268 0.65328 0.9329 0.0711
0 -9.09678 -8.58397 4.85414 -0.65328 0.38268 0.65328 0.9329 0.0379
p9_entry_ch0
0 -9.49975 -24.44509 13.74239 -0.27521 0.34359 0.89789 0.8090 0.1074
0 -6.49652 -25.27845 14.98180 -0.27521 0.34359 0.89789 0.8025 0.1170
0 -1.69253 -8.87661 10.17782 -0.27521 0.34359 0.89789 0.9307 0.0795
p9_entry_ch0
0 -9.49975 -24.44509 13.74239 -0.27521 0.34359 0.89789 0.8090 0.1074
0 -1.69253 -8.87661 10.17782 -0.27521 0.34359 0.89789 0.9307 0.0795
0 -4.85414 -8.58397 9.09678 -0.27521 0.34359 0.89789 0.9329 0.0711
p9_entry_ch0
0 -6.49652 -25.27845 14.98180 -0.40121 0.36374 0.84067 0.8025 0.1170
0 -3.78726 -25.83402 16.51519 -0.40121 0.36374 0.84067 0.7982 0.1290
0 1.12231 -9.07170 11.60562 -0.40121 0.36374 0.84067 0.9291 0.0907
p9_entry_ch0
0 -6.49652 -25.27845 14.98180 -0.40121 0.36374 0.84067 0.8025 0.1170
0 1.12231 -9.07170 11.60562 -0.40121 0.36374 0.84067 0.9291 0.0907
0 -1.69253 -8.87661 10.17782 -0.40121 0.36374 0.84067 0.9307 0.0795
p9_entry_clip
0 -3.78726 -25.83402 16.51519 -0.05834 0.29631 0.95331 0.7982 0.1290
0 -0.19610 -27.22294 17.16666 -0.05834 0.29631 0.95331 0.7873 0.1341
0 4.97743 -9.55943 11.99314 -0.05834 0.29631 0.95331 0.9253 0.0937
p9_entry_clip
0 -3.78726 -25.83402 16.51519 -0.05834 0.29631 0.95331 0.7982 0.1290
0 4.97743 -9.55943 11.99314 -0.05834 0.29631 0.95331 0.9253 0.0937
0 1.12231 -9.07170 11.60562 -0.05834 0.29631 0.95331 0.9291 0.0907
p9_entry_c0
0 -0.19610 -27.22294 17.16666 0.45928 0.12314 0.87971 0.7873 0.1341
0 4.74574 -30.55636 15.05325 0.45928 0.12314 0.87971 0.7613 0.1176
0 10.55276 -10.72997 9.24623 0.45928 0.12314 0.87971 0.9162 0.0722
p9_entry_c0
0 -0.19610 -27.22294 17.16666 0.45928 0.12314 0.87971 0.7873 0.1341
0 10.55276 -10.72997 9.24623 0.45928 0.12314 0.87971 0.9162 0.0722
0 4.97743 -9.55943 11.99314 0.45928 0.12314 0.87971 0.9253 0.0937
p9_entry_c0
0 4.74574 -30.55636 15.05325 0.70711 -0.00000 0.70711 0.7613 0.1176
0 12.38893 -37.77878 7.41006 0.70711 -0.00000 0.70711 0.7049 0.0579
0 19.56852 -13.26614 0.23047 0.70711 -0.00000 0.70711 0.8964 0.0018
p9_entry_c0
0 4.74574 -30.55636 15.05325 0.70711 -0.00000 0.70711 0.7613 0.1176
0 19.56852 -13.26614 0.23047 0.70711 -0.00000 0.70711 0.8964 0.0018
0 10.55276 -10.72997 9.24623 0.70711 -0.00000 0.70711 0.9162 0.0722
p9_entry_c0
0 12.38893 -37.77878 7.41006 0.65328 -0.38268 -0.65328 0.7049 0.0579
0 -7.41006 -37.77878 -12.38893 0.65328 -0.38268 -0.65328 0.7049 0.9032
0 -0.23047 -13.26614 -19.56852 0.65328 -0.38268 -0.65328 0.8964 0.8471
p9_entry_c0
0 12.38893 -37.77878 7.41006 0.65328 -0.38268 -0.65328 0.7049 0.0579
0 -0.23047 -13.26614 -19.56852 0.65328 -0.38268 -0.65328 0.8964 0.8471
0 19.56852 -13.26614 0.23047 0.65328 -0.38268 -0.65328 0.8964 0.0018
p9_entry_c0
0 -0.23047 -13.26614 -19.56852 -0.70711 0.00000 -0.70711 0.8964 0.8471
0 -9.24623 -10.72997 -10.55276 -0.70711 0.00000 -0.70711 0.9162 0.9176
0 -9.24623 10.72997 -10.55276 -0.70711 0.00000 -0.70711 0.0838 0.9176
p9_entry_c0
0 -0.23047 -13.26614 -19.56852 -0.70711 0.00000 -0.70711 0.8964 0.8471
0 -9.24623 10.72997 -10.55276 -0.70711 0.00000 -0.70711 0.0838 0.9176
0 -0.23047 13.26614 -19.56852 -0.70711 0.00000 -0.70711 0.1036 0.8471
p9_entry_c0
0 -9.24623 -10.72997 -10.55276 -0.89704 0.00000 -0.44196 0.9162 0.9176
0 -11.99314 -9.55943 -4.97743 -0.89704 0.00000 -0.44196 0.9253 0.9611
0 -11.99314 9.55943 -4.97743 -0.89704 0.00000 -0.44196 0.0747 0.9611
p9_entry_c0
0 -9.24623 -10.72997 -10.55276 -0.89704 0.00000 -0.44196 0.9162 0.9176
0 -11.99314 9.55943 -4.97743 -0.89704 0.00000 -0.44196 0.0747 0.9611
0 -9.24623 10.72997 -10.55276 -0.89704 0.00000 -0.44196 0.0838 0.9176
p9_entry_clip
0 -11.99314 -9.55943 -4.97743 -0.99499 0.00000 0.10002 0.9253 0.9611
0 -11.60562 -9.07170 -1.12231 -0.99499 0.00000 0.10002 0.9291 0.9912
0 -11.60562 9.07170 -1.12231 -0.99499 0.00000 0.10002 0.0709 0.9912
p9_entry_clip
0 -11.99314 -9.55943 -4.97743 -0.99499 0.00000 0.10002 0.9253 0.9611
0 -11.60562 9.07170 -1.12231 -0.99499 0.00000 0.10002 0.0709 0.9912
0 -11.99314 9.55943 -4.97743 -0.99499 0.00000 0.10002 0.0747 0.9611
p9_entry_ch0
0 -11.60562 -9.07170 -1.12231 -0.89183 0.00000 0.45237 0.9291 0.9912
0 -10.17782 -8.87661 1.69253 -0.89183 0.00000 0.45237 0.9307 0.0132
0 -10.17782 8.87661 1.69253 -0.89183 0.00000 0.45237 0.0693 0.0132
p9_entry_ch0
0 -11.60562 -9.07170 -1.12231 -0.89183 0.00000 0.45237 0.9291 0.9912
0 -10.17782 8.87661 1.69253 -0.89183 0.00000 0.45237 0.0693 0.0132
0 -11.60562 9.07170 -1.12231 -0.89183 0.00000 0.45237 0.0709 0.9912
p9_entry_ch0
0 -10.17782 -8.87661 1.69253 -0.94622 0.00000 0.32354 0.9307 0.0132
0 -9.09678 -8.58397 4.85414 -0.94622 0.00000 0.32354 0.9329 0.0379
0 -9.09678 8.58397 4.85414 -0.94622 0.00000 0.32354 0.0671 0.0379
p9_entry_ch0
0 -10.17782 -8.87661 1.69253 -0.94622 0.00000 0.32354 0.9307 0.0132
0 -9.09678 8.58397 4.85414 -0.94622 0.00000 0.32354 0.0671 0.0379
0 -10.17782 8.87661 1.69253 -0.94622 0.00000 0.32354 0.0693 0.0132
p9_entry_clip
0 -9.09678 -8.58397 4.85414 -0.70711 0.00000 0.70711 0.9329 0.0379
0 -4.85414 -8.58397 9.09678 -0.70711 0.00000 0.70711 0.9329 0.0711
0 -4.85414 8.58397 9.09678 -0.70711 0.00000 0.70711 0.0671 0.0711
p9_entry_clip
0 -9.09678 -8.58397 4.85414 -0.70711 0.00000 0.70711 0.9329 0.0379
0 -4.85414 8.58397 9.09678 -0.70711 0.00000 0.70711 0.0671 0.0711
0 -9.09678 8.58397 4.85414 -0.70711 0.00000 0.70711 0.0671 0.0379
p9_entry_ch0
0 -4.85414 -8.58397 9.09678 -0.32354 0.00000 0.94622 0.9329 0.0711
0 -1.69253 -8.87661 10.17782 -0.32354 0.00000 0.94622 0.9307 0.0795
0 -1.69253 8.87661 10.17782 -0.32354 0.00000 0.94622 0.0693 0.0795
p9_entry_ch0
0 -4.85414 -8.58397 9.09678 -0.32354 0.00000 0.94622 0.9329 0.0711
0 -1.69253 8.87661 10.17782 -0.32354 0.00000 0.94622 0.0693 0.0795
0 -4.85414 8.58397 9.09678 -0.32354 0.00000 0.94622 0.0671 0.0711
p9_entry_ch0
0 -1.69253 -8.87661 10.17782 -0.45237 0.00000 0.89183 0.9307 0.0795
0 1.12231 -9.07170 11.60562 -0.45237 0.00000 0.89183 0.9291 0.0907
0 1.12231 9.07170 11.60562 -0.45237 0.00000 0.89183 0.0709 0.0907
p9_entry_ch0
0 -1.69253 -8.87661 10.17782 -0.45237 0.00000 0.89183 0.9307 0.0795
0 1.12231 9.07170 11.60562 -0.45237 0.00000 0.89183 0.0709 0.0907
0 -1.69253 8.87661 10.17782 -0.45237 0.00000 0.89183 0.0693 0.0795
p9_entry_clip
0 1.12231 -9.07170 11.60562 -0.10002 0.00000 0.99499 0.9291 0.0907
0 4.97743 -9.55943 11.99314 -0.10002 0.00000 0.99499 0.9253 0.0937
0 4.97743 9.55943 11.99314 -0.10002 0.00000 0.99499 0.0747 0.0937
p9_entry_clip
0 1.12231 -9.07170 11.60562 -0.10002 0.00000 0.99499 0.9291 0.0907
0 4.97743 9.55943 11.99314 -0.10002 0.00000 0.99499 0.0747 0.0937
0 1.12231 9.07170 11.60562 -0.10002 0.00000 0.99499 0.0709 0.0907
p9_entry_c0
0 4.97743 -9.55943 11.99314 0.44196 0.00000 0.89704 0.9253 0.0937
0 10.55276 -10.72997 9.24623 0.44196 0.00000 0.89704 0.9162 0.0722
0 10.55276 10.72997 9.24623 0.44196 0.00000 0.89704 0.0838 0.0722
p9_entry_c0
0 4.97743 -9.55943 11.99314 0.44196 0.00000 0.89704 0.9253 0.0937
0 10.55276 10.72997 9.24623 0.44196 0.00000 0.89704 0.0838 0.0722
0 4.97743 9.55943 11.99314 0.44196 0.00000 0.89704 0.0747 0.0937
p9_entry_c0
0 10.55276 -10.72997 9.24623 0.70711 0.00000 0.70711 0.9162 0.0722
0 19.56852 -13.26614 0.23047 0.70711 0.00000 0.70711 0.8964 0.0018
0 19.56852 13.26614 0.23047 0.70711 0.00000 0.70711 0.1036 0.0018
p9_entry_c0
0 10.55276 -10.72997 9.24623 0.70711 0.00000 0.70711 0.9162 0.0722
0 19.56852 13.26614 0.23047 0.70711 0.00000 0.70711 0.1036 0.0018
0 10.55276 10.72997 9.24623 0.70711 0.00000 0.70711 0.0838 0.0722
p9_entry_c0
0 19.56852 -13.26614 0.23047 0.70711 -0.00000 -0.70711 0.8964 0.0018
0 -0.23047 -13.26614 -19.56852 0.70711 -0.00000 -0.70711 0.8964 0.8471
0 -0.23047 13.26614 -19.56852 0.70711 -0.00000 -0.70711 0.1036 0.8471
p9_entry_c0
0 19.56852 -13.26614 0.23047 0.70711 -0.00000 -0.70711 0.8964 0.0018
0 -0.23047 13.26614 -19.56852 0.70711 -0.00000 -0.70711 0.1036 0.8471
0 19.56852 13.26614 0.23047 0.70711 -0.00000 -0.70711 0.1036 0.0018
p9_entry_c0
0 -0.23047 13.26614 -19.56852 -0.70711 0.00000 -0.70711 0.1036 0.8471
0 -9.24623 10.72997 -10.55276 -0.70711 0.00000 -0.70711 0.0838 0.9176
0 -15.05325 30.55636 -4.74574 -0.70711 0.00000 -0.70711 0.2387 0.9629
p9_entry_c0
0 -0.23047 13.26614 -19.56852 -0.70711 0.00000 -0.70711 0.1036 0.8471
0 -15.05325 30.55636 -4.74574 -0.70711 0.00000 -0.70711 0.2387 0.9629
0 -7.41006 37.77878 -12.38893 -0.70711 0.00000 -0.70711 0.2951 0.9032
p9_entry_c0
0 -9.24623 10.72997 -10.55276 -0.87971 -0.12314 -0.45928 0.0838 0.9176
0 -11.99314 9.55943 -4.97743 -0.87971 -0.12314 -0.45928 0.0747 0.9611
0 -17.16666 27.22294 0.19610 -0.87971 -0.12314 -0.45928 0.2127 0.0015
p9_entry_c0
0 -9.24623 10.72997 -10.55276 -0.87971 -0.12314 -0.45928 0.0838 0.9176
0 -17.16666 27.22294 0.19610 -0.87971 -0.12314 -0.45928 0.2127 0.0015
0 -15.05325 30.55636 -4.74574 -0.87971 -0.12314 -0.45928 0.2387 0.9629
p9_entry_clip
0 -11.99314 9.55943 -4.97743 -0.95331 -0.29631 0.05834 0.0747 0.9611
0 -11.60562 9.07170 -1.12231 -0.95331 -0.29631 0.05834 0.0709 0.9912
0 -16.51519 25.83402 3.78726 -0.95331 -0.29631 0.05834 0.2018 0.0296
p9_entry_clip
0 -11.99314 9.55943 -4.97743 -0.95331 -0.29631 0.05834 0.0747 0.9611
0 -16.51519 25.83402 3.78726 -0.95331 -0.29631 0.05834 0.2018 0.0296
0 -17.16666 27.22294 0.19610 -0.95331 -0.29631 0.05834 0.2127 0.0015
p9_entry_ch0
0 -11.60562 9.07170 -1.12231 -0.84067 -0.36374 0.40121 0.0709 0.9912
0 -10.17782 8.87661 1.69253 -0.84067 -0.36374 0.40121 0.0693 0.0132
0 -14.98180 25.27845 6.49652 -0.84067 -0.36374 0.40121 0.1975 0.0508
p9_entry_ch0
0 -11.60562 9.07170 -1.12231 -0.84067 -0.36374 0.40121 0.0709 0.9912
0 -14.98180 25.27845 6.49652 -0.84067 -0.36374 0.40121 0.1975 0.0508
0 -16.51519 25.83402 3.78726 -0.84067 -0.36374 0.40121 0.2018 0.0296
p9_entry_ch0
0 -10.17782 8.87661 1.69253 -0.89789 -0.34359 0.27521 0.0693 0.0132
0 -9.09678 8.58397 4.85414 -0.89789 -0.34359 0.27521 0.0671 0.0379
0 -13.74239 24.44509 9.49975 -0.89789 -0.34359 0.27521 0.1910 0.0742
p9_entry_ch0
0 -10.17782 8.87661 1.69253 -0.89789 -0.34359 0.27521 0.0693 0.0132
0 -13.74239 24.44509 9.49975 -0.89789 -0.34359 0.27521 0.1910 0.0742
0 -14.98180 25.27845 6.49652 -0.89789 -0.34359 0.27521 0.1975 0.0508
p9_entry_clip
0 -9.09678 8.58397 4.85414 -0.65328 -0.38268 0.65328 0.0671 0.0379
0 -4.85414 8.58397 9.09678 -0.65328 -0.38268 0.65328 0.0671 0.0711
0 -9.49975 24.44509 13.74239 -0.65328 -0.38268 0.65328 0.1910 0.1074
p9_entry_clip
0 -9.09678 8.58397 4.85414 -0.65328 -0.38268 0.65328 0.0671 0.0379
0 -9.49975 24.44509 13.74239 -0.65328 -0.38268 0.65328 0.1910 0.1074
0 -13.74239 24.44509 9.49975 -0.65328 -0.38268 0.65328 0.1910 0.0742
p9_entry_ch0
0 -4.85414 8.58397 9.09678 -0.27521 -0.34359 0.89789 0.0671 0.0711
0 -1.69253 8.87661 10.17782 -0.27521 -0.34359 0.89789 0.0693 0.0795
0 -6.49652 25.27845 14.98180 -0.27521 -0.34359 0.89789 0.1975 0.1170
p9_entry_ch0
0 -4.85414 8.58397 9.09678 -0.27521 -0.34359 0.89789 0.0671 0.0711
0 -6.49652 25.27845 14.98180 -0.27521 -0.34359 0.89789 0.1975 0.1170
0 -9.49975 24.44509 13.74239 -0.27521 -0.34359 0.89789 0.1910 0.1074
p9_entry_ch0
0 -1.69253 8.87661 10.17782 -0.40121 -0.36374 0.84067 0.0693 0.0795
0 1.12231 9.07170 11.60562 -0.40121 -0.36374 0.84067 0.0709 0.0907
0 -3.78726 25.83402 16.51519 -0.40121 -0.36374 0.84067 0.2018 0.1290
p9_entry_ch0
0 -1.69253 8.87661 10.17782 -0.40121 -0.36374 0.84067 0.0693 0.0795
0 -3.78726 25.83402 16.51519 -0.40121 -0.36374 0.84067 0.2018 0.1290
0 -6.49652 25.27845 14.98180 -0.40121 -0.36374 0.84067 0.1975 0.1170
p9_entry_clip
0 1.12231 9.07170 11.60562 -0.05834 -0.29631 0.95331 0.0709 0.0907
0 4.97743 9.55943 11.99314 -0.05834 -0.29631 0.95331 0.0747 0.0937
0 -0.19610 27.22294 17.16666 -0.05834 -0.29631 0.95331 0.2127 0.1341
p9_entry_clip
0 1.12231 9.07170 11.60562 -0.05834 -0.29631 0.95331 0.0709 0.0907
0 -0.19610 27.22294 17.16666 -0.05834 -0.29631 0.95331 0.2127 0.1341
0 -3.78726 25.83402 16.51519 -0.05834 -0.29631 0.95331 0.2018 0.1290
p9_entry_c0
0 4.97743 9.55943 11.99314 0.45928 -0.12314 0.87971 0.0747 0.0937
0 10.55276 10.72997 9.24623 0.45928 -0.12314 0.87971 0.0838 0.0722
0 4.74574 30.55636 15.05325 0.45928 -0.12314 0.87971 0.2387 0.1176
p9_entry_c0
0 4.97743 9.55943 11.99314 0.45928 -0.12314 0.87971 0.0747 0.0937
0 4.74574 30.55636 15.05325 0.45928 -0.12314 0.87971 0.2387 0.1176
0 -0.19610 27.22294 17.16666 0.45928 -0.12314 0.87971 0.2127 0.1341
p9_entry_c0
0 10.55276 10.72997 9.24623 0.70711 0.00000 0.70711 0.0838 0.0722
0 19.56852 13.26614 0.23047 0.70711 0.00000 0.70711 0.1036 0.0018
0 12.38893 37.77878 7.41006 0.70711 0.00000 0.70711 0.2951 0.0579
p9_entry_c0
0 10.55276 10.72997 9.24623 0.70711 0.00000 0.70711 0.0838 0.0722
0 12.38893 37.77878 7.41006 0.70711 0.00000 0.70711 0.2951 0.0579
0 4.74574 30.55636 15.05325 0.70711 0.00000 0.70711 0.2387 0.1176
p9_entry_c0
0 19.56852 13.26614 0.23047 0.65328 0.38268 -0.65328 0.1036 0.0018
0 -0.23047 13.26614 -19.56852 0.65328 0.38268 -0.65328 0.1036 0.8471
0 -7.41006 37.77878 -12.38893 0.65328 0.38268 -0.65328 0.2951 0.9032
p9_entry_c0
0 19.56852 13.26614 0.23047 0.65328 0.38268 -0.65328 0.1036 0.0018
0 -7.41006 37.77878 -12.38893 0.65328 0.38268 -0.65328 0.2951 0.9032
0 12.38893 37.77878 7.41006 0.65328 0.38268 -0.65328 0.2951 0.0579
p9_entry_c1
0 -7.41006 37.77878 -12.38893 -0.70711 0.00000 -0.70711 0.2951 0.9032
0 -15.05325 30.55636 -4.74574 -0.70711 0.00000 -0.70711 0.2387 0.9629
0 -25.78322 45.73083 5.98423 -0.70711 0.00000 -0.70711 0.3573 0.0468
p9_entry_c1
0 -7.41006 37.77878 -12.38893 -0.70711 0.00000 -0.70711 0.2951 0.9032
0 -25.78322 45.73083 5.98423 -0.70711 0.00000 -0.70711 0.3573 0.0468
0 -20.67620 56.53993 0.87721 -0.70711 0.00000 -0.70711 0.4417 0.0069
p9_entry_c1
0 -15.05325 30.55636 -4.74574 -0.83039 -0.22754 -0.50860 0.2387 0.9629
0 -17.16666 27.22294 0.19610 -0.83039 -0.22754 -0.50860 0.2127 0.0015
0 -26.72609 40.74201 9.75552 -0.83039 -0.22754 -0.50860 0.3183 0.0762
p9_entry_c1
0 -15.05325 30.55636 -4.74574 -0.83039 -0.22754 -0.50860 0.2387 0.9629
0 -26.72609 40.74201 9.75552 -0.83039 -0.22754 -0.50860 0.3183 0.0762
0 -25.78322 45.73083 5.98423 -0.83039 -0.22754 -0.50860 0.3573 0.0468
p9_entry_clip
0 -17.16666 27.22294 0.19610 -0.83463 -0.54750 -0.06034 0.2127 0.0015
0 -16.51519 25.83402 3.78726 -0.83463 -0.54750 -0.06034 0.2018 0.0296
0 -25.58689 38.66334 12.85896 -0.83463 -0.54750 -0.06034 0.3021 0.1005
p9_entry_clip
0 -17.16666 27.22294 0.19610 -0.83463 -0.54750 -0.06034 0.2127 0.0015
0 -25.58689 38.66334 12.85896 -0.83463 -0.54750 -0.06034 0.3021 0.1005
0 -26.72609 40.74201 9.75552 -0.83463 -0.54750 -0.06034 0.3183 0.0762
p9_entry_ch1
0 -16.51519 25.83402 3.78726 -0.69498 -0.67210 0.25552 0.2018 0.0296
0 -14.98180 25.27845 6.49652 -0.69498 -0.67210 0.25552 0.1975 0.0508
0 -23.85841 37.83187 15.37313 -0.69498 -0.67210 0.25552 0.2956 0.1201
p9_entry_ch1
0 -16.51519 25.83402 3.78726 -0.69498 -0.67210 0.25552 0.2018 0.0296
0 -23.85841 37.83187 15.37313 -0.69498 -0.67210 0.25552 0.2956 0.1201
0 -25.58689 38.66334 12.85896 -0.69498 -0.67210 0.25552 0.3021 0.1005
p9_entry_ch1
0 -14.98180 25.27845 6.49652 -0.76026 -0.63488 0.13759 0.1975 0.0508
0 -13.74239 24.44509 9.49975 -0.76026 -0.63488 0.13759 0.1910 0.0742
0 -22.32636 36.58466 18.08372 -0.76026 -0.63488 0.13759 0.2858 0.1413
p9_entry_ch1
0 -14.98180 25.27845 6.49652 -0.76026 -0.63488 0.13759 0.1975 0.0508
0 -22.32636 36.58466 18.08372 -0.76026 -0.63488 0.13759 0.2858 0.1413
0 -23.85841 37.83187 15.37313 -0.76026 -0.63488 0.13759 0.2956 0.1201
p9_entry_clip
0 -13.74239 24.44509 9.49975 -0.50000 -0.70711 0.50000 0.1910 0.0742
0 -9.49975 24.44509 13.74239 -0.50000 -0.70711 0.50000 0.1910 0.1074
0 -18.08372 36.58466 22.32636 -0.50000 -0.70711 0.50000 0.2858 0.1744
p9_entry_clip
0 -13.74239 24.44509 9.49975 -0.50000 -0.70711 0.50000 0.1910 0.0742
0 -18.08372 36.58466 22.32636 -0.50000 -0.70711 0.50000 0.2858 0.1744
0 -22.32636 36.58466 18.08372 -0.50000 -0.70711 0.50000 0.2858 0.1413
p9_entry_ch1
0 -9.49975 24.44509 13.74239 -0.13759 -0.63488 0.76026 0.1910 0.1074
0 -6.49652 25.27845 14.98180 -0.13759 -0.63488 0.76026 0.1975 0.1170
0 -15.37313 37.83187 23.85841 -0.13759 -0.63488 0.76026 0.2956 0.1864
p9_entry_ch1
0 -9.49975 24.44509 13.74239 -0.13759 -0.63488 0.76026 0.1910 0.1074
0 -15.37313 37.83187 23.85841 -0.13759 -0.63488 0.76026 0.2956 0.1864
0 -18.08372 36.58466 22.32636 -0.13759 -0.63488 0.76026 0.2858 0.1744
p9_entry_ch1
0 -6.49652 25.27845 14.98180 -0.25552 -0.67210 0.69498 0.1975 0.1170
0 -3.78726 25.83402 16.51519 -0.25552 -0.67210 0.69498 0.2018 0.1290
0 -12.85896 38.66334 25.58689 -0.25552 -0.67210 0.69498 0.3021 0.1999
p9_entry_ch1
0 -6.49652 25.27845 14.98180 -0.25552 -0.67210 0.69498 0.1975 0.1170
0 -12.85896 38.66334 25.58689 -0.25552 -0.67210 0.69498 0.3021 0.1999
0 -15.37313 37.83187 23.85841 -0.25552 -0.67210 0.69498 0.2956 0.1864
p9_entry_clip
0 -3.78726 25.83402 16.51519 0.06034 -0.54750 0.83463 0.2018 0.1290
0 -0.19610 27.22294 17.16666 0.06034 -0.54750 0.83463 0.2127 0.1341
0 -9.75552 40.74201 26.72609 0.06034 -0.54750 0.83463 0.3183 0.2088
p9_entry_clip
0 -3.78726 25.83402 16.51519 0.06034 -0.54750 0.83463 0.2018 0.1290
0 -9.75552 40.74201 26.72609 0.06034 -0.54750 0.83463 0.3183 0.2088
0 -12.85896 38.66334 25.58689 0.06034 -0.54750 0.83463 0.3021 0.1999
p9_entry_c1
0 -0.19610 27.22294 17.16666 0.50860 -0.22754 0.83039 0.2127 0.1341
0 4.74574 30.55636 15.05325 0.50860 -0.22754 0.83039 0.2387 0.1176
0 -5.98423 45.73083 25.78322 0.50860 -0.22754 0.83039 0.3573 0.2014
p9_entry_c1
0 -0.19610 27.22294 17.16666 0.50860 -0.22754 0.83039 0.2127 0.1341
0 -5.98423 45.73083 25.78322 0.50860 -0.22754 0.83039 0.3573 0.2014
0 -9.75552 40.74201 26.72609 0.50860 -0.22754 0.83039 0.3183 0.2088
p9_entry_c1
0 4.74574 30.55636 15.05325 0.70711 -0.00000 0.70711 0.2387 0.1176
0 12.38893 37.77878 7.41006 0.70711 -0.00000 0.70711 0.2951 0.0579
0 -0.87721 56.53993 20.67620 0.70711 -0.00000 0.70711 0.4417 0.1615
p9_entry_c1
0 4.74574 30.55636 15.05325 0.70711 -0.00000 0.70711 0.2387 0.1176
0 -0.87721 56.53993 20.67620 0.70711 -0.00000 0.70711 0.4417 0.1615
0 -5.98423 45.73083 25.78322 0.70711 -0.00000 0.70711 0.3573 0.2014
p9_entry_c1
0 12.38893 37.77878 7.41006 0.50000 0.70711 -0.50000 0.2951 0.0579
0 -7.41006 37.77878 -12.38893 0.50000 0.70711 -0.50000 0.2951 0.9032
0 -20.67620 56.53993 0.87721 0.50000 0.70711 -0.50000 0.4417 0.0069
p9_entry_c1
0 12.38893 37.77878 7.41006 0.50000 0.70711 -0.50000 0.2951 0.0579
0 -20.67620 56.53993 0.87721 0.50000 0.70711 -0.50000 0.4417 0.0069
0 -0.87721 56.53993 20.67620 0.50000 0.70711 -0.50000 0.4417 0.1615
p9_entry_c1
0 -20.67620 56.53993 0.87721 -0.70711 -0.00000 -0.70711 0.4417 0.0069
0 -25.78322 45.73083 5.98423 -0.70711 -0.00000 -0.70711 0.3573 0.0468
0 -39.80259 53.94319 20.00360 -0.70711 -0.00000 -0.70711 0.4214 0.1563
p9_entry_c1
0 -20.67620 56.53993 0.87721 -0.70711 -0.00000 -0.70711 0.4417 0.0069
0 -39.80259 53.94319 20.00360 -0.70711 -0.00000 -0.70711 0.4214 0.1563
0 -38.00925 66.69340 18.21026 -0.70711 -0.00000 -0.70711 0.5210 0.1423
p9_entry_c1
0 -25.78322 45.73083 5.98423 -0.75657 -0.29729 -0.58242 0.3573 0.0468
0 -26.72609 40.74201 9.75552 -0.75657 -0.29729 -0.58242 0.3183 0.0762
0 -39.21608 48.05848 22.24552 -0.75657 -0.29729 -0.58242 0.3755 0.1738
p9_entry_c1
0 -25.78322 45.73083 5.98423 -0.75657 -0.29729 -0.58242 0.3573 0.0468
0 -39.21608 48.05848 22.24552 -0.75657 -0.29729 -0.58242 0.3755 0.1738
0 -39.80259 53.94319 20.00360 -0.75657 -0.29729 -0.58242 0.4214 0.1563
p9_entry_clip
0 -26.72609 40.74201 9.75552 -0.65700 -0.71534 -0.23796 0.3183 0.0762
0 -25.58689 38.66334 12.85896 -0.65700 -0.71534 -0.23796 0.3021 0.1005
0 -37.43963 45.60652 24.71171 -0.65700 -0.71534 -0.23796 0.3563 0.1931
p9_entry_clip
0 -26.72609 40.74201 9.75552 -0.65700 -0.71534 -0.23796 0.3183 0.0762
0 -37.43963 45.60652 24.71171 -0.65700 -0.71534 -0.23796 0.3563 0.1931
0 -39.21608 48.05848 22.24552 -0.65700 -0.71534 -0.23796 0.3755 0.1738
p9_entry_ch1
0 -25.58689 38.66334 12.85896 -0.47693 -0.87814 0.03747 0.3021 0.1005
0 -23.85841 37.83187 15.37313 -0.47693 -0.87814 0.03747 0.2956 0.1201
0 -35.45626 44.62573 26.97098 -0.47693 -0.87814 0.03747 0.3486 0.2107
p9_entry_ch1
0 -25.58689 38.66334 12.85896 -0.47693 -0.87814 0.03747 0.3021 0.1005
0 -35.45626 44.62573 26.97098 -0.47693 -0.87814 0.03747 0.3486 0.2107
0 -37.43963 45.60652 24.71171 -0.47693 -0.87814 0.03747 0.3563 0.1931
p9_entry_ch1
0 -23.85841 37.83187 15.37313 -0.55430 -0.82951 -0.06838 0.2956 0.1201
0 -22.32636 36.58466 18.08372 -0.55430 -0.82951 -0.06838 0.2858 0.1413
0 -33.54187 43.15455 29.29923 -0.55430 -0.82951 -0.06838 0.3371 0.2289
p9_entry_ch1
0 -23.85841 37.83187 15.37313 -0.55430 -0.82951 -0.06838 0.2956 0.1201
0 -33.54187 43.15455 29.29923 -0.55430 -0.82951 -0.06838 0.3371 0.2289
0 -35.45626 44.62573 26.97098 -0.55430 -0.82951 -0.06838 0.3486 0.2107
p9_entry_clip
0 -22.32636 36.58466 18.08372 -0.27060 -0.92388 0.27060 0.2858 0.1413
0 -18.08372 36.58466 22.32636 -0.27060 -0.92388 0.27060 0.2858 0.1744
0 -29.29923 43.15455 33.54187 -0.27060 -0.92388 0.27060 0.3371 0.2620
p9_entry_clip
0 -22.32636 36.58466 18.08372 -0.27060 -0.92388 0.27060 0.2858 0.1413
0 -29.29923 43.15455 33.54187 -0.27060 -0.92388 0.27060 0.3371 0.2620
0 -33.54187 43.15455 29.29923 -0.27060 -0.92388 0.27060 0.3371 0.2289
p9_entry_ch1
0 -18.08372 36.58466 22.32636 0.06838 -0.82951 0.55430 0.2858 0.1744
0 -15.37313 37.83187 23.85841 0.06838 -0.82951 0.55430 0.2956 0.1864
0 -26.97098 44.62573 35.45626 0.06838 -0.82951 0.55430 0.3486 0.2770
p9_entry_ch1
0 -18.08372 36.58466 22.32636 0.06838 -0.82951 0.55430 0.2858 0.1744
0 -26.97098 44.62573 35.45626 0.06838 -0.82951 0.55430 0.3486 0.2770
0 -29.29923 43.15455 33.54187 0.06838 -0.82951 0.55430 0.3371 0.2620
p9_entry_ch1
0 -15.37313 37.83187 23.85841 -0.03747 -0.87814 0.47693 0.2956 0.1864
0 -12.85896 38.66334 25.58689 -0.03747 -0.87814 0.47693 0.3021 0.1999
0 -24.71171 45.60652 37.43963 -0.03747 -0.87814 0.47693 0.3563 0.2925
p9_entry_ch1
0 -15.37313 37.83187 23.85841 -0.03747 -0.87814 0.47693 0.2956 0.1864
0 -24.71171 45.60652 37.43963 -0.03747 -0.87814 0.47693 0.3563 0.2925
0 -26.97098 44.62573 35.45626 -0.03747 -0.87814 0.47693 0.3486 0.2770
p9_entry_clip
0 -12.85896 38.66334 25.58689 0.23796 -0.71534 0.65700 0.3021 0.1999
0 -9.75552 40.74201 26.72609 0.23796 -0.71534 0.65700 0.3183 0.2088
0 -22.24552 48.05848 39.21608 0.23796 -0.71534 0.65700 0.3755 0.3064
p9_entry_clip
0 -12.85896 38.66334 25.58689 0.23796 -0.71534 0.65700 0.3021 0.1999
0 -22.24552 48.05848 39.21608 0.23796 -0.71534 0.65700 0.3755 0.3064
0 -24.71171 45.60652 37.43963 0.23796 -0.71534 0.65700 0.3563 0.2925
p9_entry_c1
0 -9.75552 40.74201 26.72609 0.58242 -0.29729 0.75657 0.3183 0.2088
0 -5.98423 45.73083 25.78322 0.58242 -0.29729 0.75657 0.3573 0.2014
0 -20.00360 53.94319 39.80259 0.58242 -0.29729 0.75657 0.4214 0.3110
p9_entry_c1
0 -9.75552 40.74201 26.72609 0.58242 -0.29729 0.75657 0.3183 0.2088
0 -20.00360 53.94319 39.80259 0.58242 -0.29729 0.75657 0.4214 0.3110
0 -22.24552 48.05848 39.21608 0.58242 -0.29729 0.75657 0.3755 0.3064
p9_entry_c1
0 -5.98423 45.73083 25.78322 0.70711 -0.00000 0.70711 0.3573 0.2014
0 -0.87721 56.53993 20.67620 0.70711 -0.00000 0.70711 0.4417 0.1615
0 -18.21026 66.69340 38.00925 0.70711 -0.00000 0.70711 0.5210 0.2969
p9_entry_c1
0 -5.98423 45.73083 25.78322 0.70711 -0.00000 0.70711 0.3573 0.2014
0 -18.21026 66.69340 38.00925 0.70711 -0.00000 0.70711 0.5210 0.2969
0 -20.00360 53.94319 39.80259 0.70711 -0.00000 0.70711 0.4214 0.3110
p9_entry_c1
0 -0.87721 56.53993 20.67620 0.27060 0.92388 -0.27060 0.4417 0.1615
0 -20.67620 56.53993 0.87721 0.27060 0.92388 -0.27060 0.4417 0.0069
0 -38.00925 66.69340 18.21026 0.27060 0.92388 -0.27060 0.5210 0.1423
p9_entry_c1
0 -0.87721 56.53993 20.67620 0.27060 0.92388 -0.27060 0.4417 0.1615
0 -38.00925 66.69340 18.21026 0.27060 0.92388 -0.27060 0.5210 0.1423
0 -18.21026 66.69340 38.00925 0.27060 0.92388 -0.27060 0.5210 0.2969
p9_entry_c2
0 -38.00925 66.69340 18.21026 -0.70711 -0.00000 -0.70711 0.5210 0.1423
0 -39.80259 53.94319 20.00360 -0.70711 -0.00000 -0.70711 0.4214 0.1563
0 -54.97706 53.94319 35.17807 -0.70711 -0.00000 -0.70711 0.4214 0.2748
p9_entry_c2
0 -38.00925 66.69340 18.21026 -0.70711 -0.00000 -0.70711 0.5210 0.1423
0 -54.97706 53.94319 35.17807 -0.70711 -0.00000 -0.70711 0.4214 0.2748
0 -56.77041 66.69340 36.97142 -0.70711 -0.00000 -0.70711 0.5210 0.2888
p9_entry_c2
0 -39.80259 53.94319 20.00360 -0.66950 -0.32179 -0.66950 0.4214 0.1563
0 -39.21608 48.05848 22.24552 -0.66950 -0.32179 -0.66950 0.3755 0.1738
0 -52.73515 48.05848 35.76459 -0.66950 -0.32179 -0.66950 0.3755 0.2794
p9_entry_c2
0 -39.80259 53.94319 20.00360 -0.66950 -0.32179 -0.66950 0.4214 0.1563
0 -52.73515 48.05848 35.76459 -0.66950 -0.32179 -0.66950 0.3755 0.2794
0 -54.97706 53.94319 35.17807 -0.66950 -0.32179 -0.66950 0.4214 0.2748
p9_entry_clip
0 -39.21608 48.05848 22.24552 -0.44748 -0.77428 -0.44748 0.3755 0.1738
0 -37.43963 45.60652 24.71171 -0.44748 -0.77428 -0.44748 0.3563 0.1931
0 -50.26895 45.60652 37.54103 -0.44748 -0.77428 -0.44748 0.3563 0.2933
p9_entry_clip
0 -39.21608 48.05848 22.24552 -0.44748 -0.77428 -0.44748 0.3755 0.1738
0 -50.26895 45.60652 37.54103 -0.44748 -0.77428 -0.44748 0.3563 0.2933
0 -52.73515 48.05848 35.76459 -0.44748 -0.77428 -0.44748 0.3755 0.2794
p9_entry_ch2
0 -37.43963 45.60652 24.71171 -0.21973 -0.95049 -0.21973 0.3563 0.1931
0 -35.45626 44.62573 26.97098 -0.21973 -0.95049 -0.21973 0.3486 0.2107
0 -48.00968 44.62573 39.52440 -0.21973 -0.95049 -0.21973 0.3486 0.3088
p9_entry_ch2
0 -37.43963 45.60652 24.71171 -0.21973 -0.95049 -0.21973 0.3563 0.1931
0 -48.00968 44.62573 39.52440 -0.21973 -0.95049 -0.21973 0.3486 0.3088
0 -50.26895 45.60652 37.54103 -0.21973 -0.95049 -0.21973 0.3563 0.2933
p9_entry_ch2
0 -35.45626 44.62573 26.97098 -0.31134 -0.89785 -0.31134 0.3486 0.2107
0 -33.54187 43.15455 29.29923 -0.31134 -0.89785 -0.31134 0.3371 0.2289
0 -45.68144 43.15455 41.43880 -0.31134 -0.89785 -0.31134 0.3371 0.3237
p9_entry_ch2
0 -35.45626 44.62573 26.97098 -0.31134 -0.89785 -0.31134 0.3486 0.2107
0 -45.68144 43.15455 41.43880 -0.31134 -0.89785 -0.31134 0.3371 0.3237
0 -48.00968 44.62573 39.52440 -0.31134 -0.89785 -0.31134 0.3486 0.3088
p9_entry_clip
0 -33.54187 43.15455 29.29923 -0.00000 -1.00000 0.00000 0.3371 0.2289
0 -29.29923 43.15455 33.54187 -0.00000 -1.00000 0.00000 0.3371 0.2620
0 -41.43880 43.15455 45.68144 -0.00000 -1.00000 0.00000 0.3371 0.3569
p9_entry_clip
0 -33.54187 43.15455 29.29923 -0.00000 -1.00000 0.00000 0.3371 0.2289
0 -41.43880 43.15455 45.68144 -0.00000 -1.00000 0.00000 0.3371 0.3569
0 -45.68144 43.15455 41.43880 -0.00000 -1.00000 0.00000 0.3371 0.3237
p9_entry_ch2
0 -29.29923 43.15455 33.54187 0.31134 -0.89785 0.31134 0.3371 0.2620
0 -26.97098 44.62573 35.45626 0.31134 -0.89785 0.31134 0.3486 0.2770
0 -39.52440 44.62573 48.00968 0.31134 -0.89785 0.31134 0.3486 0.3751
p9_entry_ch2
0 -29.29923 43.15455 33.54187 0.31134 -0.89785 0.31134 0.3371 0.2620
0 -39.52440 44.62573 48.00968 0.31134 -0.89785 0.31134 0.3486 0.3751
0 -41.43880 43.15455 45.68144 0.31134 -0.89785 0.31134 0.3371 0.3569
p9_entry_ch2
0 -26.97098 44.62573 35.45626 0.21973 -0.95049 0.21973 0.3486 0.2770
0 -24.71171 45.60652 37.43963 0.21973 -0.95049 0.21973 0.3563 0.2925
0 -37.54103 45.60652 50.26895 0.21973 -0.95049 0.21973 0.3563 0.3927
p9_entry_ch2
0 -26.97098 44.62573 35.45626 0.21973 -0.95049 0.21973 0.3486 0.2770
0 -37.54103 45.60652 50.26895 0.21973 -0.95049 0.21973 0.3563 0.3927
0 -39.52440 44.62573 48.00968 0.21973 -0.95049 0.21973 0.3486 0.3751
p9_entry_clip
0 -24.71171 45.60652 37.43963 0.44748 -0.77428 0.44748 0.3563 0.2925
0 -22.24552 48.05848 39.21608 0.44748 -0.77428 0.44748 0.3755 0.3064
0 -35.76459 48.05848 52.73515 0.44748 -0.77428 0.44748 0.3755 0.4120
p9_entry_clip
0 -24.71171 45.60652 37.43963 0.44748 -0.77428 0.44748 0.3563 0.2925
0 -35.76459 48.05848 52.73515 0.44748 -0.77428 0.44748 0.3755 0.4120
0 -37.54103 45.60652 50.26895 0.44748 -0.77428 0.44748 0.3563 0.3927
p9_entry_c2
0 -22.24552 48.05848 39.21608 0.66950 -0.32179 0.66950 0.3755 0.3064
0 -20.00360 53.94319 39.80259 0.66950 -0.32179 0.66950 0.4214 0.3110
0 -35.17807 53.94319 54.97706 0.66950 -0.32179 0.66950 0.4214 0.4295
p9_entry_c2
0 -22.24552 48.05848 39.21608 0.66950 -0.32179 0.66950 0.3755 0.3064
0 -35.17807 53.94319 54.97706 0.66950 -0.32179 0.66950 0.4214 0.4295
0 -35.76459 48.05848 52.73515 0.66950 -0.32179 0.66950 0.3755 0.4120
p9_entry_c2
0 -20.00360 53.94319 39.80259 0.70711 -0.00000 0.70711 0.4214 0.3110
0 -18.21026 66.69340 38.00925 0.70711 -0.00000 0.70711 0.5210 0.2969
0 -36.97142 66.69340 56.77041 0.70711 -0.00000 0.70711 0.5210 0.4435
p9_entry_c2
0 -20.00360 53.94319 39.80259 0.70711 -0.00000 0.70711 0.4214 0.3110
0 -36.97142 66.69340 56.77041 0.70711 -0.00000 0.70711 0.5210 0.4435
0 -35.17807 53.94319 54.97706 0.70711 -0.00000 0.70711 0.4214 0.4295
p9_entry_c2
0 -18.21026 66.69340 38.00925 0.00000 1.00000 -0.00000 0.5210 0.2969
0 -38.00925 66.69340 18.21026 0.00000 1.00000 -0.00000 0.5210 0.1423
0 -56.77041 66.69340 36.97142 0.00000 1.00000 -0.00000 0.5210 0.2888
p9_entry_c2
0 -18.21026 66.69340 38.00925 0.00000 1.00000 -0.00000 0.5210 0.2969
0 -56.77041 66.69340 36.97142 0.00000 1.00000 -0.00000 0.5210 0.2888
0 -36.97142 66.69340 56.77041 0.00000 1.00000 -0.00000 0.5210 0.4435
p9_entry_c3
0 -20.79907 66.69340 84.78173 -0.25882 -0.00000 -0.96593 0.5210 0.6624
0 -18.34931 53.94319 84.12532 -0.25882 -0.00000 -0.96593 0.4214 0.6572
0 -37.50014 45.73083 89.25677 -0.25882 -0.00000 -0.96593 0.3573 0.6973
p9_entry_c3
0 -20.79907 66.69340 84.78173 -0.25882 -0.00000 -0.96593 0.5210 0.6624
0 -37.50014 45.73083 89.25677 -0.25882 -0.00000 -0.96593 0.3573 0.6973
0 -44.47646 56.53993 91.12607 -0.25882 -0.00000 -0.96593 0.4417 0.7119
p9_entry_c3
0 -18.34931 53.94319 84.12532 -0.12611 -0.29729 -0.94642 0.4214 0.6572
0 -16.70102 48.05848 85.75421 -0.12611 -0.29729 -0.94642 0.3755 0.6700
0 -33.76266 40.74201 90.32587 -0.12611 -0.29729 -0.94642 0.3183 0.7057
p9_entry_c3
0 -18.34931 53.94319 84.12532 -0.12611 -0.29729 -0.94642 0.4214 0.6572
0 -33.76266 40.74201 90.32587 -0.12611 -0.29729 -0.94642 0.3183 0.7057
0 -37.50014 45.73083 89.25677 -0.12611 -0.29729 -0.94642 0.3573 0.6973
p9_entry_clip
0 -16.70102 48.05848 85.75421 0.12242 -0.71534 -0.68796 0.3755 0.6700
0 -15.45345 45.60652 88.52576 0.12242 -0.71534 -0.68796 0.3563 0.6916
0 -31.64461 38.66334 92.86417 0.12242 -0.71534 -0.68796 0.3021 0.7255
p9_entry_clip
0 -16.70102 48.05848 85.75421 0.12242 -0.71534 -0.68796 0.3755 0.6700
0 -31.64461 38.66334 92.86417 0.12242 -0.71534 -0.68796 0.3021 0.7255
0 -33.76266 40.74201 90.32587 0.12242 -0.71534 -0.68796 0.3183 0.7057
p9_entry_ch3
0 -15.45345 45.60652 88.52576 0.27092 -0.87814 -0.39430 0.3563 0.6916
0 -14.48856 44.62573 91.37304 0.27092 -0.87814 -0.39430 0.3486 0.7139
0 -30.33151 37.83187 95.61815 0.27092 -0.87814 -0.39430 0.2956 0.7470
p9_entry_ch3
0 -15.45345 45.60652 88.52576 0.27092 -0.87814 -0.39430 0.3563 0.6916
0 -30.33151 37.83187 95.61815 0.27092 -0.87814 -0.39430 0.2956 0.7470
0 -31.64461 38.66334 92.86417 0.27092 -0.87814 -0.39430 0.3021 0.7255
p9_entry_ch3
0 -14.48856 44.62573 91.37304 0.21793 -0.82951 -0.51422 0.3486 0.7139
0 -13.42943 43.15455 94.19508 0.21793 -0.82951 -0.51422 0.3371 0.7359
0 -28.75010 36.58466 98.30024 0.21793 -0.82951 -0.51422 0.2858 0.7680
p9_entry_ch3
0 -14.48856 44.62573 91.37304 0.21793 -0.82951 -0.51422 0.3486 0.7139
0 -28.75010 36.58466 98.30024 0.21793 -0.82951 -0.51422 0.2858 0.7680
0 -30.33151 37.83187 95.61815 0.21793 -0.82951 -0.51422 0.2956 0.7470
p9_entry_clip
0 -13.42943 43.15455 94.19508 0.36964 -0.92388 -0.09905 0.3371 0.7359
0 -11.87652 43.15455 99.99064 0.36964 -0.92388 -0.09905 0.3371 0.7812
0 -27.19718 36.58466 104.09579 0.36964 -0.92388 -0.09905 0.2858 0.8132
p9_entry_clip
0 -13.42943 43.15455 94.19508 0.36964 -0.92388 -0.09905 0.3371 0.7359
0 -27.19718 36.58466 104.09579 0.36964 -0.92388 -0.09905 0.2858 0.8132
0 -28.75010 36.58466 98.30024 0.36964 -0.92388 -0.09905 0.2858 0.7680
p9_entry_ch3
0 -11.87652 43.15455 99.99064 0.44584 -0.82951 0.33637 0.3371 0.7812
0 -11.38273 44.62573 102.96415 0.44584 -0.82951 0.33637 0.3486 0.8044
0 -27.22568 37.83187 107.20926 0.44584 -0.82951 0.33637 0.2956 0.8376
p9_entry_ch3
0 -11.87652 43.15455 99.99064 0.44584 -0.82951 0.33637 0.3371 0.7812
0 -27.22568 37.83187 107.20926 0.44584 -0.82951 0.33637 0.2956 0.8376
0 -27.19718 36.58466 104.09579 0.44584 -0.82951 0.33637 0.2858 0.8132
p9_entry_ch3
0 -11.38273 44.62573 102.96415 0.43177 -0.87814 0.20601 0.3486 0.8044
0 -10.79471 45.60652 105.91242 0.43177 -0.87814 0.20601 0.3563 0.8274
0 -26.98587 38.66334 110.25083 0.43177 -0.87814 0.20601 0.3021 0.8613
p9_entry_ch3
0 -11.38273 44.62573 102.96415 0.43177 -0.87814 0.20601 0.3486 0.8044
0 -26.98587 38.66334 110.25083 0.43177 -0.87814 0.20601 0.3021 0.8613
0 -27.22568 37.83187 107.20926 0.43177 -0.87814 0.20601 0.2956 0.8376
p9_entry_clip
0 -10.79471 45.60652 105.91242 0.45000 -0.71534 0.53459 0.3563 0.8274
0 -10.48936 48.05848 108.93643 0.45000 -0.71534 0.53459 0.3755 0.8511
0 -27.55101 40.74201 113.50809 0.45000 -0.71534 0.53459 0.3183 0.8868
p9_entry_clip
0 -10.79471 45.60652 105.91242 0.45000 -0.71534 0.53459 0.3563 0.8274
0 -27.55101 40.74201 113.50809 0.45000 -0.71534 0.53459 0.3183 0.8868
0 -26.98587 38.66334 110.25083 0.45000 -0.71534 0.53459 0.3021 0.8613
p9_entry_c3
0 -10.48936 48.05848 108.93643 0.36400 -0.29729 0.88268 0.3755 0.8511
0 -11.10238 53.94319 111.17124 0.36400 -0.29729 0.88268 0.4214 0.8685
0 -30.25321 45.73083 116.30269 0.36400 -0.29729 0.88268 0.3573 0.9086
p9_entry_c3
0 -10.48936 48.05848 108.93643 0.36400 -0.29729 0.88268 0.3755 0.8511
0 -30.25321 45.73083 116.30269 0.36400 -0.29729 0.88268 0.3573 0.9086
0 -27.55101 40.74201 113.50809 0.36400 -0.29729 0.88268 0.3183 0.8868
p9_entry_c3
0 -11.10238 53.94319 111.17124 0.25882 0.00000 0.96593 0.4214 0.8685
0 -13.55214 66.69340 111.82765 0.25882 0.00000 0.96593 0.5210 0.8737
0 -37.22952 56.53993 118.17199 0.25882 0.00000 0.96593 0.4417 0.9232
p9_entry_c3
0 -11.10238 53.94319 111.17124 0.25882 0.00000 0.96593 0.4214 0.8685
0 -37.22952 56.53993 118.17199 0.25882 0.00000 0.96593 0.4417 0.9232
0 -30.25321 45.73083 116.30269 0.25882 0.00000 0.96593 0.3573 0.9086
p9_entry_c3
0 -13.55214 66.69340 111.82765 -0.36964 0.92388 0.09905 0.5210 0.8737
0 -20.79907 66.69340 84.78173 -0.36964 0.92388 0.09905 0.5210 0.6624
0 -44.47646 56.53993 91.12607 -0.36964 0.92388 0.09905 0.4417 0.7119
p9_entry_c3
0 -13.55214 66.69340 111.82765 -0.36964 0.92388 0.09905 0.5210 0.8737
0 -44.47646 56.53993 91.12607 -0.36964 0.92388 0.09905 0.4417 0.7119
0 -37.22952 56.53993 118.17199 -0.36964 0.92388 0.09905 0.4417 0.9232
p9_entry_c3
0 -44.47646 56.53993 91.12607 -0.25882 0.00000 -0.96593 0.4417 0.7119
0 -37.50014 45.73083 89.25677 -0.25882 0.00000 -0.96593 0.3573 0.6973
0 -52.15755 30.55636 93.18421 -0.25882 0.00000 -0.96593 0.2387 0.7280
p9_entry_c3
0 -44.47646 56.53993 91.12607 -0.25882 0.00000 -0.96593 0.4417 0.7119
0 -52.15755 30.55636 93.18421 -0.25882 0.00000 -0.96593 0.2387 0.7280
0 -62.59834 37.77878 95.98181 -0.25882 0.00000 -0.96593 0.2951 0.7499
p9_entry_c3
0 -37.50014 45.73083 89.25677 -0.02527 -0.22754 -0.97344 0.3573 0.6973
0 -33.76266 40.74201 90.32587 -0.02527 -0.22754 -0.97344 0.3183 0.7057
0 -46.82108 27.22294 93.82486 -0.02527 -0.22754 -0.97344 0.2127 0.7330
p9_entry_c3
0 -37.50014 45.73083 89.25677 -0.02527 -0.22754 -0.97344 0.3573 0.6973
0 -46.82108 27.22294 93.82486 -0.02527 -0.22754 -0.97344 0.2127 0.7330
0 -52.15755 30.55636 93.18421 -0.02527 -0.22754 -0.97344 0.2387 0.7280
p9_entry_clip
0 -33.76266 40.74201 90.32587 0.36506 -0.54750 -0.75298 0.3183 0.7057
0 -31.64461 38.66334 92.86417 0.36506 -0.54750 -0.75298 0.3021 0.7255
0 -44.03678 25.83402 96.18464 0.36506 -0.54750 -0.75298 0.2018 0.7514
p9_entry_clip
0 -33.76266 40.74201 90.32587 0.36506 -0.54750 -0.75298 0.3183 0.7057
0 -44.03678 25.83402 96.18464 0.36506 -0.54750 -0.75298 0.2018 0.7514
0 -46.82108 27.22294 93.82486 0.36506 -0.54750 -0.75298 0.2127 0.7330
p9_entry_ch3
0 -31.64461 38.66334 92.86417 0.56877 -0.67210 -0.47411 0.3021 0.7255
0 -30.33151 37.83187 95.61815 0.56877 -0.67210 -0.47411 0.2956 0.7470
0 -42.45719 25.27845 98.86722 0.56877 -0.67210 -0.47411 0.1975 0.7724
p9_entry_ch3
0 -31.64461 38.66334 92.86417 0.56877 -0.67210 -0.47411 0.3021 0.7255
0 -42.45719 25.27845 98.86722 0.56877 -0.67210 -0.47411 0.1975 0.7724
0 -44.03678 25.83402 96.18464 0.56877 -0.67210 -0.47411 0.2018 0.7514
p9_entry_ch3
0 -30.33151 37.83187 95.61815 0.49929 -0.63488 -0.58961 0.2956 0.7470
0 -28.75010 36.58466 98.30024 0.49929 -0.63488 -0.58961 0.2858 0.7680
0 -40.47602 24.44509 101.44219 0.49929 -0.63488 -0.58961 0.1910 0.7925
p9_entry_ch3
0 -30.33151 37.83187 95.61815 0.49929 -0.63488 -0.58961 0.2956 0.7470
0 -40.47602 24.44509 101.44219 0.49929 -0.63488 -0.58961 0.1910 0.7925
0 -42.45719 25.27845 98.86722 0.49929 -0.63488 -0.58961 0.1975 0.7724
p9_entry_clip
0 -28.75010 36.58466 98.30024 0.68301 -0.70711 -0.18301 0.2858 0.7680
0 -27.19718 36.58466 104.09579 0.68301 -0.70711 -0.18301 0.2858 0.8132
0 -38.92311 24.44509 107.23775 0.68301 -0.70711 -0.18301 0.1910 0.8378
p9_entry_clip
0 -28.75010 36.58466 98.30024 0.68301 -0.70711 -0.18301 0.2858 0.7680
0 -38.92311 24.44509 107.23775 0.68301 -0.70711 -0.18301 0.1910 0.8378
0 -40.47602 24.44509 101.44219 0.68301 -0.70711 -0.18301 0.1910 0.7925
p9_entry_ch3
0 -27.19718 36.58466 104.09579 0.72720 -0.63488 0.26098 0.2858 0.8132
0 -27.22568 37.83187 107.20926 0.72720 -0.63488 0.26098 0.2956 0.8376
0 -39.35136 25.27845 110.45832 0.72720 -0.63488 0.26098 0.1975 0.8630
p9_entry_ch3
0 -27.19718 36.58466 104.09579 0.72720 -0.63488 0.26098 0.2858 0.8132
0 -39.35136 25.27845 110.45832 0.72720 -0.63488 0.26098 0.1975 0.8630
0 -38.92311 24.44509 107.23775 0.72720 -0.63488 0.26098 0.1910 0.8378
p9_entry_ch3
0 -27.22568 37.83187 107.20926 0.72963 -0.67210 0.12620 0.2956 0.8376
0 -26.98587 38.66334 110.25083 0.72963 -0.67210 0.12620 0.3021 0.8613
0 -39.37804 25.83402 113.57130 0.72963 -0.67210 0.12620 0.2018 0.8873
p9_entry_ch3
0 -27.22568 37.83187 107.20926 0.72963 -0.67210 0.12620 0.2956 0.8376
0 -39.37804 25.83402 113.57130 0.72963 -0.67210 0.12620 0.2018 0.8873
0 -39.35136 25.27845 110.45832 0.72963 -0.67210 0.12620 0.1975 0.8630
p9_entry_clip
0 -26.98587 38.66334 110.25083 0.69264 -0.54750 0.46957 0.3021 0.8613
0 -27.55101 40.74201 113.50809 0.69264 -0.54750 0.46957 0.3183 0.8868
0 -40.60943 27.22294 117.00708 0.69264 -0.54750 0.46957 0.2127 0.9141
p9_entry_clip
0 -26.98587 38.66334 110.25083 0.69264 -0.54750 0.46957 0.3021 0.8613
0 -40.60943 27.22294 117.00708 0.69264 -0.54750 0.46957 0.2127 0.9141
0 -39.37804 25.83402 113.57130 0.69264 -0.54750 0.46957 0.2018 0.8873
p9_entry_c3
0 -27.55101 40.74201 113.50809 0.46484 -0.22754 0.85566 0.3183 0.8868
0 -30.25321 45.73083 116.30269 0.46484 -0.22754 0.85566 0.3573 0.9086
0 -44.91062 30.55636 120.23013 0.46484 -0.22754 0.85566 0.2387 0.9393
p9_entry_c3
0 -27.55101 40.74201 113.50809 0.46484 -0.22754 0.85566 0.3183 0.8868
0 -44.91062 30.55636 120.23013 0.46484 -0.22754 0.85566 0.2387 0.9393
0 -40.60943 27.22294 117.00708 0.46484 -0.22754 0.85566 0.2127 0.9141
p9_entry_c3
0 -30.25321 45.73083 116.30269 0.25882 -0.00000 0.96593 0.3573 0.9086
0 -37.22952 56.53993 118.17199 0.25882 -0.00000 0.96593 0.4417 0.9232
0 -55.35141 37.77878 123.02774 0.25882 -0.00000 0.96593 0.2951 0.9612
p9_entry_c3
0 -30.25321 45.73083 116.30269 0.25882 -0.00000 0.96593 0.3573 0.9086
0 -55.35141 37.77878 123.02774 0.25882 -0.00000 0.96593 0.2951 0.9612
0 -44.91062 30.55636 120.23013 0.25882 -0.00000 0.96593 0.2387 0.9393
p9_entry_c3
0 -37.22952 56.53993 118.17199 -0.68301 0.70711 0.18301 0.4417 0.9232
0 -44.47646 56.53993 91.12607 -0.68301 0.70711 0.18301 0.4417 0.7119
0 -62.59834 37.77878 95.98181 -0.68301 0.70711 0.18301 0.2951 0.7499
p9_entry_c3
0 -37.22952 56.53993 118.17199 -0.68301 0.70711 0.18301 0.4417 0.9232
0 -62.59834 37.77878 95.98181 -0.68301 0.70711 0.18301 0.2951 0.7499
0 -55.35141 37.77878 123.02774 -0.68301 0.70711 0.18301 0.2951 0.9612
p9_entry_c3
0 -62.59834 37.77878 95.98181 -0.25882 0.00000 -0.96593 0.2951 0.7499
0 -52.15755 30.55636 93.18421 -0.25882 0.00000 -0.96593 0.2387 0.7280
0 -60.09008 10.72997 95.30973 -0.25882 0.00000 -0.96593 0.0838 0.7446
p9_entry_c3
0 -62.59834 37.77878 95.98181 -0.25882 0.00000 -0.96593 0.2951 0.7499
0 -60.09008 10.72997 95.30973 -0.25882 0.00000 -0.96593 0.0838 0.7446
0 -72.40584 13.26614 98.60972 -0.25882 0.00000 -0.96593 0.1036 0.7704
p9_entry_c3
0 -52.15755 30.55636 93.18421 0.04211 -0.12314 -0.99150 0.2387 0.7280
0 -46.82108 27.22294 93.82486 0.04211 -0.12314 -0.99150 0.2127 0.7330
0 -53.88825 9.55943 95.71850 0.04211 -0.12314 -0.99150 0.0747 0.7478
p9_entry_c3
0 -52.15755 30.55636 93.18421 0.04211 -0.12314 -0.99150 0.2387 0.7280
0 -53.88825 9.55943 95.71850 0.04211 -0.12314 -0.99150 0.0747 0.7478
0 -60.09008 10.72997 95.30973 0.04211 -0.12314 -0.99150 0.0838 0.7446
p9_entry_clip
0 -46.82108 27.22294 93.82486 0.52718 -0.29631 -0.79642 0.2127 0.7330
0 -44.03678 25.83402 96.18464 0.52718 -0.29631 -0.79642 0.2018 0.7514
0 -50.74338 9.07170 97.98166 0.52718 -0.29631 -0.79642 0.0709 0.7655
p9_entry_clip
0 -46.82108 27.22294 93.82486 0.52718 -0.29631 -0.79642 0.2127 0.7330
0 -50.74338 9.07170 97.98166 0.52718 -0.29631 -0.79642 0.0709 0.7655
0 -53.88825 9.55943 95.71850 0.52718 -0.29631 -0.79642 0.0747 0.7478
p9_entry_ch3
0 -44.03678 25.83402 96.18464 0.76779 -0.36374 -0.52743 0.2018 0.7514
0 -42.45719 25.27845 98.86722 0.76779 -0.36374 -0.52743 0.1975 0.7724
0 -49.01955 8.87661 100.62560 0.76779 -0.36374 -0.52743 0.0693 0.7861
p9_entry_ch3
0 -44.03678 25.83402 96.18464 0.76779 -0.36374 -0.52743 0.2018 0.7514
0 -49.01955 8.87661 100.62560 0.76779 -0.36374 -0.52743 0.0693 0.7861
0 -50.74338 9.07170 97.98166 0.76779 -0.36374 -0.52743 0.0709 0.7655
p9_entry_ch3
0 -42.45719 25.27845 98.86722 0.68728 -0.34359 -0.63999 0.1975 0.7724
0 -40.47602 24.44509 101.44219 0.68728 -0.34359 -0.63999 0.1910 0.7925
0 -46.82205 8.58397 103.14260 0.68728 -0.34359 -0.63999 0.0671 0.8058
p9_entry_ch3
0 -42.45719 25.27845 98.86722 0.68728 -0.34359 -0.63999 0.1975 0.7724
0 -46.82205 8.58397 103.14260 0.68728 -0.34359 -0.63999 0.0671 0.8058
0 -49.01955 8.87661 100.62560 0.68728 -0.34359 -0.63999 0.0693 0.7861
p9_entry_clip
0 -40.47602 24.44509 101.44219 0.89240 -0.38268 -0.23912 0.1910 0.7925
0 -38.92311 24.44509 107.23775 0.89240 -0.38268 -0.23912 0.1910 0.8378
0 -45.26913 8.58397 108.93816 0.89240 -0.38268 -0.23912 0.0671 0.8511
p9_entry_clip
0 -40.47602 24.44509 101.44219 0.89240 -0.38268 -0.23912 0.1910 0.7925
0 -45.26913 8.58397 108.93816 0.89240 -0.38268 -0.23912 0.0671 0.8511
0 -46.82205 8.58397 103.14260 0.89240 -0.38268 -0.23912 0.0671 0.8058
p9_entry_ch3
0 -38.92311 24.44509 107.23775 0.91520 -0.34359 0.21060 0.1910 0.8378
0 -39.35136 25.27845 110.45832 0.91520 -0.34359 0.21060 0.1975 0.8630
0 -45.91373 8.87661 112.21671 0.91520 -0.34359 0.21060 0.0693 0.8767
p9_entry_ch3
0 -38.92311 24.44509 107.23775 0.91520 -0.34359 0.21060 0.1910 0.8378
0 -45.91373 8.87661 112.21671 0.91520 -0.34359 0.21060 0.0693 0.8767
0 -45.26913 8.58397 108.93816 0.91520 -0.34359 0.21060 0.0671 0.8511
p9_entry_ch3
0 -39.35136 25.27845 110.45832 0.92865 -0.36374 0.07288 0.1975 0.8630
0 -39.37804 25.83402 113.57130 0.92865 -0.36374 0.07288 0.2018 0.8873
0 -46.08463 9.07170 115.36833 0.92865 -0.36374 0.07288 0.0709 0.9013
p9_entry_ch3
0 -39.35136 25.27845 110.45832 0.92865 -0.36374 0.07288 0.1975 0.8630
0 -46.08463 9.07170 115.36833 0.92865 -0.36374 0.07288 0.0709 0.9013
0 -45.91373 8.87661 112.21671 0.92865 -0.36374 0.07288 0.0693 0.8767
p9_entry_clip
0 -39.37804 25.83402 113.57130 0.85476 -0.29631 0.42613 0.2018 0.8873
0 -40.60943 27.22294 117.00708 0.85476 -0.29631 0.42613 0.2127 0.9141
0 -47.67659 9.55943 118.90072 0.85476 -0.29631 0.42613 0.0747 0.9289
p9_entry_clip
0 -39.37804 25.83402 113.57130 0.85476 -0.29631 0.42613 0.2018 0.8873
0 -47.67659 9.55943 118.90072 0.85476 -0.29631 0.42613 0.0747 0.9289
0 -46.08463 9.07170 115.36833 0.85476 -0.29631 0.42613 0.0709 0.9013
p9_entry_c3
0 -40.60943 27.22294 117.00708 0.53222 -0.12314 0.83761 0.2127 0.9141
0 -44.91062 30.55636 120.23013 0.53222 -0.12314 0.83761 0.2387 0.9393
0 -52.84315 10.72997 122.35565 0.53222 -0.12314 0.83761 0.0838 0.9559
p9_entry_c3
0 -40.60943 27.22294 117.00708 0.53222 -0.12314 0.83761 0.2127 0.9141
0 -52.84315 10.72997 122.35565 0.53222 -0.12314 0.83761 0.0838 0.9559
0 -47.67659 9.55943 118.90072 0.53222 -0.12314 0.83761 0.0747 0.9289
p9_entry_c3
0 -44.91062 30.55636 120.23013 0.25882 -0.00000 0.96593 0.2387 0.9393
0 -55.35141 37.77878 123.02774 0.25882 -0.00000 0.96593 0.2951 0.9612
0 -65.15890 13.26614 125.65565 0.25882 -0.00000 0.96593 0.1036 0.9817
p9_entry_c3
0 -44.91062 30.55636 120.23013 0.25882 -0.00000 0.96593 0.2387 0.9393
0 -65.15890 13.26614 125.65565 0.25882 -0.00000 0.96593 0.1036 0.9817
0 -52.84315 10.72997 122.35565 0.25882 -0.00000 0.96593 0.0838 0.9559
p9_entry_c3
0 -55.35141 37.77878 123.02774 -0.89240 0.38268 0.23912 0.2951 0.9612
0 -62.59834 37.77878 95.98181 -0.89240 0.38268 0.23912 0.2951 0.7499
0 -72.40584 13.26614 98.60972 -0.89240 0.38268 0.23912 0.1036 0.7704
p9_entry_c3
0 -55.35141 37.77878 123.02774 -0.89240 0.38268 0.23912 0.2951 0.9612
0 -72.40584 13.26614 98.60972 -0.89240 0.38268 0.23912 0.1036 0.7704
0 -65.15890 13.26614 125.65565 -0.89240 0.38268 0.23912 0.1036 0.9817
p9_entry_c3
0 -72.40584 13.26614 98.60972 -0.25882 0.00000 -0.96593 0.1036 0.7704
0 -60.09008 10.72997 95.30973 -0.25882 0.00000 -0.96593 0.0838 0.7446
0 -60.09008 -10.72997 95.30973 -0.25882 0.00000 -0.96593 0.9162 0.7446
p9_entry_c3
0 -72.40584 13.26614 98.60972 -0.25882 0.00000 -0.96593 0.1036 0.7704
0 -60.09008 -10.72997 95.30973 -0.25882 0.00000 -0.96593 0.9162 0.7446
0 -72.40584 -13.26614 98.60972 -0.25882 0.00000 -0.96593 0.8964 0.7704
p9_entry_c3
0 -60.09008 10.72997 95.30973 0.06577 0.00000 -0.99783 0.0838 0.7446
0 -53.88825 9.55943 95.71850 0.06577 0.00000 -0.99783 0.0747 0.7478
0 -53.88825 -9.55943 95.71850 0.06577 0.00000 -0.99783 0.9253 0.7478
p9_entry_c3
0 -60.09008 10.72997 95.30973 0.06577 0.00000 -0.99783 0.0838 0.7446
0 -53.88825 -9.55943 95.71850 0.06577 0.00000 -0.99783 0.9253 0.7478
0 -60.09008 -10.72997 95.30973 0.06577 0.00000 -0.99783 0.9162 0.7446
p9_entry_clip
0 -53.88825 9.55943 95.71850 0.58411 0.00000 -0.81167 0.0747 0.7478
0 -50.74338 9.07170 97.98166 0.58411 0.00000 -0.81167 0.0709 0.7655
0 -50.74338 -9.07170 97.98166 0.58411 0.00000 -0.81167 0.9291 0.7655
p9_entry_clip
0 -53.88825 9.55943 95.71850 0.58411 0.00000 -0.81167 0.0747 0.7478
0 -50.74338 -9.07170 97.98166 0.58411 0.00000 -0.81167 0.9291 0.7655
0 -53.88825 -9.55943 95.71850 0.58411 0.00000 -0.81167 0.9253 0.7478
p9_entry_ch3
0 -50.74338 9.07170 97.98166 0.83768 0.00000 -0.54616 0.0709 0.7655
0 -49.01955 8.87661 100.62560 0.83768 0.00000 -0.54616 0.0693 0.7861
0 -49.01955 -8.87661 100.62560 0.83768 0.00000 -0.54616 0.9307 0.7861
p9_entry_ch3
0 -50.74338 9.07170 97.98166 0.83768 0.00000 -0.54616 0.0709 0.7655
0 -49.01955 -8.87661 100.62560 0.83768 0.00000 -0.54616 0.9307 0.7861
0 -50.74338 -9.07170 97.98166 0.83768 0.00000 -0.54616 0.9291 0.7655
p9_entry_ch3
0 -49.01955 8.87661 100.62560 0.75330 0.00000 -0.65768 0.0693 0.7861
0 -46.82205 8.58397 103.14260 0.75330 0.00000 -0.65768 0.0671 0.8058
0 -46.82205 -8.58397 103.14260 0.75330 0.00000 -0.65768 0.9329 0.8058
p9_entry_ch3
0 -49.01955 8.87661 100.62560 0.75330 0.00000 -0.65768 0.0693 0.7861
0 -46.82205 -8.58397 103.14260 0.75330 0.00000 -0.65768 0.9329 0.8058
0 -49.01955 -8.87661 100.62560 0.75330 0.00000 -0.65768 0.9307 0.7861
p9_entry_clip
0 -46.82205 8.58397 103.14260 0.96593 0.00000 -0.25882 0.0671 0.8058
0 -45.26913 8.58397 108.93816 0.96593 0.00000 -0.25882 0.0671 0.8511
0 -45.26913 -8.58397 108.93816 0.96593 0.00000 -0.25882 0.9329 0.8511
p9_entry_clip
0 -46.82205 8.58397 103.14260 0.96593 0.00000 -0.25882 0.0671 0.8058
0 -45.26913 -8.58397 108.93816 0.96593 0.00000 -0.25882 0.9329 0.8511
0 -46.82205 -8.58397 103.14260 0.96593 0.00000 -0.25882 0.9329 0.8058
p9_entry_ch3
0 -45.26913 8.58397 108.93816 0.98122 0.00000 0.19292 0.0671 0.8511
0 -45.91373 8.87661 112.21671 0.98122 0.00000 0.19292 0.0693 0.8767
0 -45.91373 -8.87661 112.21671 0.98122 0.00000 0.19292 0.9307 0.8767
p9_entry_ch3
0 -45.26913 8.58397 108.93816 0.98122 0.00000 0.19292 0.0671 0.8511
0 -45.91373 -8.87661 112.21671 0.98122 0.00000 0.19292 0.9307 0.8767
0 -45.26913 -8.58397 108.93816 0.98122 0.00000 0.19292 0.9329 0.8511
p9_entry_ch3
0 -45.91373 8.87661 112.21671 0.99853 0.00000 0.05415 0.0693 0.8767
0 -46.08463 9.07170 115.36833 0.99853 0.00000 0.05415 0.0709 0.9013
0 -46.08463 -9.07170 115.36833 0.99853 0.00000 0.05415 0.9291 0.9013
p9_entry_ch3
0 -45.91373 8.87661 112.21671 0.99853 0.00000 0.05415 0.0693 0.8767
0 -46.08463 -9.07170 115.36833 0.99853 0.00000 0.05415 0.9291 0.9013
0 -45.91373 -8.87661 112.21671 0.99853 0.00000 0.05415 0.9307 0.8767
p9_entry_clip
0 -46.08463 9.07170 115.36833 0.91169 0.00000 0.41088 0.0709 0.9013
0 -47.67659 9.55943 118.90072 0.91169 0.00000 0.41088 0.0747 0.9289
0 -47.67659 -9.55943 118.90072 0.91169 0.00000 0.41088 0.9253 0.9289
p9_entry_clip
0 -46.08463 9.07170 115.36833 0.91169 0.00000 0.41088 0.0709 0.9013
0 -47.67659 -9.55943 118.90072 0.91169 0.00000 0.41088 0.9253 0.9289
0 -46.08463 -9.07170 115.36833 0.91169 0.00000 0.41088 0.9291 0.9013
p9_entry_c3
0 -47.67659 9.55943 118.90072 0.55588 0.00000 0.83127 0.0747 0.9289
0 -52.84315 10.72997 122.35565 0.55588 0.00000 0.83127 0.0838 0.9559
0 -52.84315 -10.72997 122.35565 0.55588 0.00000 0.83127 0.9162 0.9559
p9_entry_c3
0 -47.67659 9.55943 118.90072 0.55588 0.00000 0.83127 0.0747 0.9289
0 -52.84315 -10.72997 122.35565 0.55588 0.00000 0.83127 0.9162 0.9559
0 -47.67659 -9.55943 118.90072 0.55588 0.00000 0.83127 0.9253 0.9289
p9_entry_c3
0 -52.84315 10.72997 122.35565 0.25882 0.00000 0.96593 0.0838 0.9559
0 -65.15890 13.26614 125.65565 0.25882 0.00000 0.96593 0.1036 0.9817
0 -65.15890 -13.26614 125.65565 0.25882 0.00000 0.96593 0.8964 0.9817
p9_entry_c3
0 -52.84315 10.72997 122.35565 0.25882 0.00000 0.96593 0.0838 0.9559
0 -65.15890 -13.26614 125.65565 0.25882 0.00000 0.96593 0.8964 0.9817
0 -52.84315 -10.72997 122.35565 0.25882 0.00000 0.96593 0.9162 0.9559
p9_entry_c3
0 -65.15890 13.26614 125.65565 -0.96593 0.00000 0.25882 0.1036 0.9817
0 -72.40584 13.26614 98.60972 -0.96593 0.00000 0.25882 0.1036 0.7704
0 -72.40584 -13.26614 98.60972 -0.96593 0.00000 0.25882 0.8964 0.7704
p9_entry_c3
0 -65.15890 13.26614 125.65565 -0.96593 0.00000 0.25882 0.1036 0.9817
0 -72.40584 -13.26614 98.60972 -0.96593 0.00000 0.25882 0.8964 0.7704
0 -65.15890 -13.26614 125.65565 -0.96593 0.00000 0.25882 0.8964 0.9817
p9_entry_c2
0 -72.40584 -13.26614 98.60972 -0.25882 -0.00000 -0.96593 0.8964 0.7704
0 -60.09008 -10.72997 95.30973 -0.25882 -0.00000 -0.96593 0.9162 0.7446
0 -52.15755 -30.55636 93.18421 -0.25882 -0.00000 -0.96593 0.7613 0.7280
p9_entry_c2
0 -72.40584 -13.26614 98.60972 -0.25882 -0.00000 -0.96593 0.8964 0.7704
0 -52.15755 -30.55636 93.18421 -0.25882 -0.00000 -0.96593 0.7613 0.7280
0 -62.59834 -37.77878 95.98181 -0.25882 -0.00000 -0.96593 0.7049 0.7499
p9_entry_c2
0 -60.09008 -10.72997 95.30973 0.04211 0.12314 -0.99150 0.9162 0.7446
0 -53.88825 -9.55943 95.71850 0.04211 0.12314 -0.99150 0.9253 0.7478
0 -46.82108 -27.22294 93.82486 0.04211 0.12314 -0.99150 0.7873 0.7330
p9_entry_c2
0 -60.09008 -10.72997 95.30973 0.04211 0.12314 -0.99150 0.9162 0.7446
0 -46.82108 -27.22294 93.82486 0.04211 0.12314 -0.99150 0.7873 0.7330
0 -52.15755 -30.55636 93.18421 0.04211 0.12314 -0.99150 0.7613 0.7280
p9_entry_clip
0 -53.88825 -9.55943 95.71850 0.52718 0.29631 -0.79642 0.9253 0.7478
0 -50.74338 -9.07170 97.98166 0.52718 0.29631 -0.79642 0.9291 0.7655
0 -44.03678 -25.83402 96.18464 0.52718 0.29631 -0.79642 0.7982 0.7514
p9_entry_clip
0 -53.88825 -9.55943 95.71850 0.52718 0.29631 -0.79642 0.9253 0.7478
0 -44.03678 -25.83402 96.18464 0.52718 0.29631 -0.79642 0.7982 0.7514
0 -46.82108 -27.22294 93.82486 0.52718 0.29631 -0.79642 0.7873 0.7330
p9_entry_ch2
0 -50.74338 -9.07170 97.98166 0.76779 0.36374 -0.52743 0.9291 0.7655
0 -49.01955 -8.87661 100.62560 0.76779 0.36374 -0.52743 0.9307 0.7861
0 -42.45719 -25.27845 98.86722 0.76779 0.36374 -0.52743 0.8025 0.7724
p9_entry_ch2
0 -50.74338 -9.07170 97.98166 0.76779 0.36374 -0.52743 0.9291 0.7655
0 -42.45719 -25.27845 98.86722 0.76779 0.36374 -0.52743 0.8025 0.7724
0 -44.03678 -25.83402 96.18464 0.76779 0.36374 -0.52743 0.7982 0.7514
p9_entry_ch2
0 -49.01955 -8.87661 100.62560 0.68728 0.34359 -0.63999 0.9307 0.7861
0 -46.82205 -8.58397 103.14260 0.68728 0.34359 -0.63999 0.9329 0.8058
0 -40.47602 -24.44509 101.44219 0.68728 0.34359 -0.63999 0.8090 0.7925
p9_entry_ch2
0 -49.01955 -8.87661 100.62560 0.68728 0.34359 -0.63999 0.9307 0.7861
0 -40.47602 -24.44509 101.44219 0.68728 0.34359 -0.63999 0.8090 0.7925
0 -42.45719 -25.27845 98.86722 0.68728 0.34359 -0.63999 0.8025 0.7724
p9_entry_clip
0 -46.82205 -8.58397 103.14260 0.89240 0.38268 -0.23912 0.9329 0.8058
0 -45.26913 -8.58397 108.93816 0.89240 0.38268 -0.23912 0.9329 0.8511
0 -38.92311 -24.44509 107.23775 0.89240 0.38268 -0.23912 0.8090 0.8378
p9_entry_clip
0 -46.82205 -8.58397 103.14260 0.89240 0.38268 -0.23912 0.9329 0.8058
0 -38.92311 -24.44509 107.23775 0.89240 0.38268 -0.23912 0.8090 0.8378
0 -40.47602 -24.44509 101.44219 0.89240 0.38268 -0.23912 0.8090 0.7925
p9_entry_ch2
0 -45.26913 -8.58397 108.93816 0.91520 0.34359 0.21060 0.9329 0.8511
0 -45.91373 -8.87661 112.21671 0.91520 0.34359 0.21060 0.9307 0.8767
0 -39.35136 -25.27845 110.45832 0.91520 0.34359 0.21060 0.8025 0.8630
p9_entry_ch2
0 -45.26913 -8.58397 108.93816 0.91520 0.34359 0.21060 0.9329 0.8511
0 -39.35136 -25.27845 110.45832 0.91520 0.34359 0.21060 0.8025 0.8630
0 -38.92311 -24.44509 107.23775 0.91520 0.34359 0.21060 0.8090 0.8378
p9_entry_ch2
0 -45.91373 -8.87661 112.21671 0.92865 0.36374 0.07288 0.9307 0.8767
0 -46.08463 -9.07170 115.36833 0.92865 0.36374 0.07288 0.9291 0.9013
0 -39.37804 -25.83402 113.57130 0.92865 0.36374 0.07288 0.7982 0.8873
p9_entry_ch2
0 -45.91373 -8.87661 112.21671 0.92865 0.36374 0.07288 0.9307 0.8767
0 -39.37804 -25.83402 113.57130 0.92865 0.36374 0.07288 0.7982 0.8873
0 -39.35136 -25.27845 110.45832 0.92865 0.36374 0.07288 0.8025 0.8630
p9_entry_clip
0 -46.08463 -9.07170 115.36833 0.85476 0.29631 0.42613 0.9291 0.9013
0 -47.67659 -9.55943 118.90072 0.85476 0.29631 0.42613 0.9253 0.9289
0 -40.60943 -27.22294 117.00708 0.85476 0.29631 0.42613 0.7873 0.9141
p9_entry_clip
0 -46.08463 -9.07170 115.36833 0.85476 0.29631 0.42613 0.9291 0.9013
0 -40.60943 -27.22294 117.00708 0.85476 0.29631 0.42613 0.7873 0.9141
0 -39.37804 -25.83402 113.57130 0.85476 0.29631 0.42613 0.7982 0.8873
p9_entry_c2
0 -47.67659 -9.55943 118.90072 0.53222 0.12314 0.83761 0.9253 0.9289
0 -52.84315 -10.72997 122.35565 0.53222 0.12314 0.83761 0.9162 0.9559
0 -44.91062 -30.55636 120.23013 0.53222 0.12314 0.83761 0.7613 0.9393
p9_entry_c2
0 -47.67659 -9.55943 118.90072 0.53222 0.12314 0.83761 0.9253 0.9289
0 -44.91062 -30.55636 120.23013 0.53222 0.12314 0.83761 0.7613 0.9393
0 -40.60943 -27.22294 117.00708 0.53222 0.12314 0.83761 0.7873 0.9141
p9_entry_c2
0 -52.84315 -10.72997 122.35565 0.25882 0.00000 0.96593 0.9162 0.9559
0 -65.15890 -13.26614 125.65565 0.25882 0.00000 0.96593 0.8964 0.9817
0 -55.35141 -37.77878 123.02774 0.25882 0.00000 0.96593 0.7049 0.9612
p9_entry_c2
0 -52.84315 -10.72997 122.35565 0.25882 0.00000 0.96593 0.9162 0.9559
0 -55.35141 -37.77878 123.02774 0.25882 0.00000 0.96593 0.7049 0.9612
0 -44.91062 -30.55636 120.23013 0.25882 0.00000 0.96593 0.7613 0.9393
p9_entry_c2
0 -65.15890 -13.26614 125.65565 -0.89240 -0.38268 0.23912 0.8964 0.9817
0 -72.40584 -13.26614 98.60972 -0.89240 -0.38268 0.23912 0.8964 0.7704
0 -62.59834 -37.77878 95.98181 -0.89240 -0.38268 0.23912 0.7049 0.7499
p9_entry_c2
0 -65.15890 -13.26614 125.65565 -0.89240 -0.38268 0.23912 0.8964 0.9817
0 -62.59834 -37.77878 95.98181 -0.89240 -0.38268 0.23912 0.7049 0.7499
0 -55.35141 -37.77878 123.02774 -0.89240 -0.38268 0.23912 0.7049 0.9612
p9_entry_c1
0 -62.59834 -37.77878 95.98181 -0.25882 -0.00000 -0.96593 0.7049 0.7499
0 -52.15755 -30.55636 93.18421 -0.25882 -0.00000 -0.96593 0.7613 0.7280
0 -37.50014 -45.73083 89.25677 -0.25882 -0.00000 -0.96593 0.6427 0.6973
p9_entry_c1
0 -62.59834 -37.77878 95.98181 -0.25882 -0.00000 -0.96593 0.7049 0.7499
0 -37.50014 -45.73083 89.25677 -0.25882 -0.00000 -0.96593 0.6427 0.6973
0 -44.47646 -56.53993 91.12607 -0.25882 -0.00000 -0.96593 0.5583 0.7119
p9_entry_c1
0 -52.15755 -30.55636 93.18421 -0.02527 0.22754 -0.97344 0.7613 0.7280
0 -46.82108 -27.22294 93.82486 -0.02527 0.22754 -0.97344 0.7873 0.7330
0 -33.76266 -40.74201 90.32587 -0.02527 0.22754 -0.97344 0.6817 0.7057
p9_entry_c1
0 -52.15755 -30.55636 93.18421 -0.02527 0.22754 -0.97344 0.7613 0.7280
0 -33.76266 -40.74201 90.32587 -0.02527 0.22754 -0.97344 0.6817 0.7057
0 -37.50014 -45.73083 89.25677 -0.02527 0.22754 -0.97344 0.6427 0.6973
p9_entry_clip
0 -46.82108 -27.22294 93.82486 0.36506 0.54750 -0.75298 0.7873 0.7330
0 -44.03678 -25.83402 96.18464 0.36506 0.54750 -0.75298 0.7982 0.7514
0 -31.64461 -38.66334 92.86417 0.36506 0.54750 -0.75298 0.6979 0.7255
p9_entry_clip
0 -46.82108 -27.22294 93.82486 0.36506 0.54750 -0.75298 0.7873 0.7330
0 -31.64461 -38.66334 92.86417 0.36506 0.54750 -0.75298 0.6979 0.7255
0 -33.76266 -40.74201 90.32587 0.36506 0.54750 -0.75298 0.6817 0.7057
p9_entry_ch1
0 -44.03678 -25.83402 96.18464 0.56877 0.67210 -0.47411 0.7982 0.7514
0 -42.45719 -25.27845 98.86722 0.56877 0.67210 -0.47411 0.8025 0.7724
0 -30.33151 -37.83187 95.61815 0.56877 0.67210 -0.47411 0.7044 0.7470
p9_entry_ch1
0 -44.03678 -25.83402 96.18464 0.56877 0.67210 -0.47411 0.7982 0.7514
0 -30.33151 -37.83187 95.61815 0.56877 0.67210 -0.47411 0.7044 0.7470
0 -31.64461 -38.66334 92.86417 0.56877 0.67210 -0.47411 0.6979 0.7255
p9_entry_ch1
0 -42.45719 -25.27845 98.86722 0.49929 0.63488 -0.58961 0.8025 0.7724
0 -40.47602 -24.44509 101.44219 0.49929 0.63488 -0.58961 0.8090 0.7925
0 -28.75010 -36.58466 98.30024 0.49929 0.63488 -0.58961 0.7142 0.7680
p9_entry_ch1
0 -42.45719 -25.27845 98.86722 0.49929 0.63488 -0.58961 0.8025 0.7724
0 -28.75010 -36.58466 98.30024 0.49929 0.63488 -0.58961 0.7142 0.7680
0 -30.33151 -37.83187 95.61815 0.49929 0.63488 -0.58961 0.7044 0.7470
p9_entry_clip
0 -40.47602 -24.44509 101.44219 0.68301 0.70711 -0.18301 0.8090 0.7925
0 -38.92311 -24.44509 107.23775 0.68301 0.70711 -0.18301 0.8090 0.8378
0 -27.19718 -36.58466 104.09579 0.68301 0.70711 -0.18301 0.7142 0.8132
p9_entry_clip
0 -40.47602 -24.44509 101.44219 0.68301 0.70711 -0.18301 0.8090 0.7925
0 -27.19718 -36.58466 104.09579 0.68301 0.70711 -0.18301 0.7142 0.8132
0 -28.75010 -36.58466 98.30024 0.68301 0.70711 -0.18301 0.7142 0.7680
p9_entry_ch1
0 -38.92311 -24.44509 107.23775 0.72720 0.63488 0.26098 0.8090 0.8378
0 -39.35136 -25.27845 110.45832 0.72720 0.63488 0.26098 0.8025 0.8630
0 -27.22568 -37.83187 107.20926 0.72720 0.63488 0.26098 0.7044 0.8376
p9_entry_ch1
0 -38.92311 -24.44509 107.23775 0.72720 0.63488 0.26098 0.8090 0.8378
0 -27.22568 -37.83187 107.20926 0.72720 0.63488 0.26098 0.7044 0.8376
0 -27.19718 -36.58466 104.09579 0.72720 0.63488 0.26098 0.7142 0.8132
p9_entry_ch1
0 -39.35136 -25.27845 110.45832 0.72963 0.67210 0.12620 0.8025 0.8630
0 -39.37804 -25.83402 113.57130 0.72963 0.67210 0.12620 0.7982 0.8873
0 -26.98587 -38.66334 110.25083 0.72963 0.67210 0.12620 0.6979 0.8613
p9_entry_ch1
0 -39.35136 -25.27845 110.45832 0.72963 0.67210 0.12620 0.8025 0.8630
0 -26.98587 -38.66334 110.25083 0.72963 0.67210 0.12620 0.6979 0.8613
0 -27.22568 -37.83187 107.20926 0.72963 0.67210 0.12620 0.7044 0.8376
p9_entry_clip
0 -39.37804 -25.83402 113.57130 0.69264 0.54750 0.46957 0.7982 0.8873
0 -40.60943 -27.22294 117.00708 0.69264 0.54750 0.46957 0.7873 0.9141
0 -27.55101 -40.74201 113.50809 0.69264 0.54750 0.46957 0.6817 0.8868
p9_entry_clip
0 -39.37804 -25.83402 113.57130 0.69264 0.54750 0.46957 0.7982 0.8873
0 -27.55101 -40.74201 113.50809 0.69264 0.54750 0.46957 0.6817 0.8868
0 -26.98587 -38.66334 110.25083 0.69264 0.54750 0.46957 0.6979 0.8613
p9_entry_c1
0 -40.60943 -27.22294 117.00708 0.46484 0.22754 0.85566 0.7873 0.9141
0 -44.91062 -30.55636 120.23013 0.46484 0.22754 0.85566 0.7613 0.9393
0 -30.25321 -45.73083 116.30269 0.46484 0.22754 0.85566 0.6427 0.9086
p9_entry_c1
0 -40.60943 -27.22294 117.00708 0.46484 0.22754 0.85566 0.7873 0.9141
0 -30.25321 -45.73083 116.30269 0.46484 0.22754 0.85566 0.6427 0.9086
0 -27.55101 -40.74201 113.50809 0.46484 0.22754 0.85566 0.6817 0.8868
p9_entry_c1
0 -44.91062 -30.55636 120.23013 0.25882 0.00000 0.96593 0.7613 0.9393
0 -55.35141 -37.77878 123.02774 0.25882 0.00000 0.96593 0.7049 0.9612
0 -37.22952 -56.53993 118.17199 0.25882 0.00000 0.96593 0.5583 0.9232
p9_entry_c1
0 -44.91062 -30.55636 120.23013 0.25882 0.00000 0.96593 0.7613 0.9393
0 -37.22952 -56.53993 118.17199 0.25882 0.00000 0.96593 0.5583 0.9232
0 -30.25321 -45.73083 116.30269 0.25882 0.00000 0.96593 0.6427 0.9086
p9_entry_c1
0 -55.35141 -37.77878 123.02774 -0.68301 -0.70711 0.18301 0.7049 0.9612
0 -62.59834 -37.77878 95.98181 -0.68301 -0.70711 0.18301 0.7049 0.7499
0 -44.47646 -56.53993 91.12607 -0.68301 -0.70711 0.18301 0.5583 0.7119
p9_entry_c1
0 -55.35141 -37.77878 123.02774 -0.68301 -0.70711 0.18301 0.7049 0.9612
0 -44.47646 -56.53993 91.12607 -0.68301 -0.70711 0.18301 0.5583 0.7119
0 -37.22952 -56.53993 118.17199 -0.68301 -0.70711 0.18301 0.5583 0.9232
p9_entry_c1
0 -44.47646 -56.53993 91.12607 -0.25882 -0.00000 -0.96593 0.5583 0.7119
0 -37.50014 -45.73083 89.25677 -0.25882 -0.00000 -0.96593 0.6427 0.6973
0 -18.34931 -53.94319 84.12532 -0.25882 -0.00000 -0.96593 0.5786 0.6572
p9_entry_c1
0 -44.47646 -56.53993 91.12607 -0.25882 -0.00000 -0.96593 0.5583 0.7119
0 -18.34931 -53.94319 84.12532 -0.25882 -0.00000 -0.96593 0.5786 0.6572
0 -20.79907 -66.69340 84.78173 -0.25882 -0.00000 -0.96593 0.4790 0.6624
p9_entry_c1
0 -37.50014 -45.73083 89.25677 -0.12611 0.29729 -0.94642 0.6427 0.6973
0 -33.76266 -40.74201 90.32587 -0.12611 0.29729 -0.94642 0.6817 0.7057
0 -16.70102 -48.05848 85.75421 -0.12611 0.29729 -0.94642 0.6245 0.6700
p9_entry_c1
0 -37.50014 -45.73083 89.25677 -0.12611 0.29729 -0.94642 0.6427 0.6973
0 -16.70102 -48.05848 85.75421 -0.12611 0.29729 -0.94642 0.6245 0.6700
0 -18.34931 -53.94319 84.12532 -0.12611 0.29729 -0.94642 0.5786 0.6572
p9_entry_clip
0 -33.76266 -40.74201 90.32587 0.12242 0.71534 -0.68796 0.6817 0.7057
0 -31.64461 -38.66334 92.86417 0.12242 0.71534 -0.68796 0.6979 0.7255
0 -15.45345 -45.60652 88.52576 0.12242 0.71534 -0.68796 0.6437 0.6916
p9_entry_clip
0 -33.76266 -40.74201 90.32587 0.12242 0.71534 -0.68796 0.6817 0.7057
0 -15.45345 -45.60652 88.52576 0.12242 0.71534 -0.68796 0.6437 0.6916
0 -16.70102 -48.05848 85.75421 0.12242 0.71534 -0.68796 0.6245 0.6700
p9_entry_ch1
0 -31.64461 -38.66334 92.86417 0.27092 0.87814 -0.39430 0.6979 0.7255
0 -30.33151 -37.83187 95.61815 0.27092 0.87814 -0.39430 0.7044 0.7470
0 -14.48856 -44.62573 91.37304 0.27092 0.87814 -0.39430 0.6514 0.7139
p9_entry_ch1
0 -31.64461 -38.66334 92.86417 0.27092 0.87814 -0.39430 0.6979 0.7255
0 -14.48856 -44.62573 91.37304 0.27092 0.87814 -0.39430 0.6514 0.7139
0 -15.45345 -45.60652 88.52576 0.27092 0.87814 -0.39430 0.6437 0.6916
p9_entry_ch1
0 -30.33151 -37.83187 95.61815 0.21793 0.82951 -0.51422 0.7044 0.7470
0 -28.75010 -36.58466 98.30024 0.21793 0.82951 -0.51422 0.7142 0.7680
0 -13.42943 -43.15455 94.19508 0.21793 0.82951 -0.51422 0.6629 0.7359
p9_entry_ch1
0 -30.33151 -37.83187 95.61815 0.21793 0.82951 -0.51422 0.7044 0.7470
0 -13.42943 -43.15455 94.19508 0.21793 0.82951 -0.51422 0.6629 0.7359
0 -14.48856 -44.62573 91.37304 0.21793 0.82951 -0.51422 0.6514 0.7139
p9_entry_clip
0 -28.75010 -36.58466 98.30024 0.36964 0.92388 -0.09905 0.7142 0.7680
0 -27.19718 -36.58466 104.09579 0.36964 0.92388 -0.09905 0.7142 0.8132
0 -11.87652 -43.15455 99.99064 0.36964 0.92388 -0.09905 0.6629 0.7812
p9_entry_clip
0 -28.75010 -36.58466 98.30024 0.36964 0.92388 -0.09905 0.7142 0.7680
0 -11.87652 -43.15455 99.99064 0.36964 0.92388 -0.09905 0.6629 0.7812
0 -13.42943 -43.15455 94.19508 0.36964 0.92388 -0.09905 0.6629 0.7359
p9_entry_ch1
0 -27.19718 -36.58466 104.09579 0.44584 0.82951 0.33637 0.7142 0.8132
0 -27.22568 -37.83187 107.20926 0.44584 0.82951 0.33637 0.7044 0.8376
0 -11.38273 -44.62573 102.96415 0.44584 0.82951 0.33637 0.6514 0.8044
p9_entry_ch1
0 -27.19718 -36.58466 104.09579 0.44584 0.82951 0.33637 0.7142 0.8132
0 -11.38273 -44.62573 102.96415 0.44584 0.82951 0.33637 0.6514 0.8044
0 -11.87652 -43.15455 99.99064 0.44584 0.82951 0.33637 0.6629 0.7812
p9_entry_ch1
0 -27.22568 -37.83187 107.20926 0.43177 0.87814 0.20601 0.7044 0.8376
0 -26.98587 -38.66334 110.25083 0.43177 0.87814 0.20601 0.6979 0.8613
0 -10.79471 -45.60652 105.91242 0.43177 0.87814 0.20601 0.6437 0.8274
p9_entry_ch1
0 -27.22568 -37.83187 107.20926 0.43177 0.87814 0.20601 0.7044 0.8376
0 -10.79471 -45.60652 105.91242 0.43177 0.87814 0.20601 0.6437 0.8274
0 -11.38273 -44.62573 102.96415 0.43177 0.87814 0.20601 0.6514 0.8044
p9_entry_clip
0 -26.98587 -38.66334 110.25083 0.45000 0.71534 0.53459 0.6979 0.8613
0 -27.55101 -40.74201 113.50809 0.45000 0.71534 0.53459 0.6817 0.8868
0 -10.48936 -48.05848 108.93643 0.45000 0.71534 0.53459 0.6245 0.8511
p9_entry_clip
0 -26.98587 -38.66334 110.25083 0.45000 0.71534 0.53459 0.6979 0.8613
0 -10.48936 -48.05848 108.93643 0.45000 0.71534 0.53459 0.6245 0.8511
0 -10.79471 -45.60652 105.91242 0.45000 0.71534 0.53459 0.6437 0.8274
p9_entry_c1
0 -27.55101 -40.74201 113.50809 0.36400 0.29729 0.88268 0.6817 0.8868
0 -30.25321 -45.73083 116.30269 0.36400 0.29729 0.88268 0.6427 0.9086
0 -11.10238 -53.94319 111.17124 0.36400 0.29729 0.88268 0.5786 0.8685
p9_entry_c1
0 -27.55101 -40.74201 113.50809 0.36400 0.29729 0.88268 0.6817 0.8868
0 -11.10238 -53.94319 111.17124 0.36400 0.29729 0.88268 0.5786 0.8685
0 -10.48936 -48.05848 108.93643 0.36400 0.29729 0.88268 0.6245 0.8511
p9_entry_c1
0 -30.25321 -45.73083 116.30269 0.25882 0.00000 0.96593 0.6427 0.9086
0 -37.22952 -56.53993 118.17199 0.25882 0.00000 0.96593 0.5583 0.9232
0 -13.55214 -66.69340 111.82765 0.25882 0.00000 0.96593 0.4790 0.8737
p9_entry_c1
0 -30.25321 -45.73083 116.30269 0.25882 0.00000 0.96593 0.6427 0.9086
0 -13.55214 -66.69340 111.82765 0.25882 0.00000 0.96593 0.4790 0.8737
0 -11.10238 -53.94319 111.17124 0.25882 0.00000 0.96593 0.5786 0.8685
p9_entry_c1
0 -37.22952 -56.53993 118.17199 -0.36964 -0.92388 0.09905 0.5583 0.9232
0 -44.47646 -56.53993 91.12607 -0.36964 -0.92388 0.09905 0.5583 0.7119
0 -20.79907 -66.69340 84.78173 -0.36964 -0.92388 0.09905 0.4790 0.6624
p9_entry_c1
0 -37.22952 -56.53993 118.17199 -0.36964 -0.92388 0.09905 0.5583 0.9232
0 -20.79907 -66.69340 84.78173 -0.36964 -0.92388 0.09905 0.4790 0.6624
0 -13.55214 -66.69340 111.82765 -0.36964 -0.92388 0.09905 0.4790 0.8737
p9_entry_c0
0 -20.79907 -66.69340 84.78173 -0.25882 0.00000 -0.96593 0.4790 0.6624
0 -18.34931 -53.94319 84.12532 -0.25882 0.00000 -0.96593 0.5786 0.6572
0 2.37939 -53.94319 78.57108 -0.25882 0.00000 -0.96593 0.5786 0.6138
p9_entry_c0
0 -20.79907 -66.69340 84.78173 -0.25882 0.00000 -0.96593 0.4790 0.6624
0 2.37939 -53.94319 78.57108 -0.25882 0.00000 -0.96593 0.5786 0.6138
0 4.82915 -66.69340 77.91467 -0.25882 0.00000 -0.96593 0.4790 0.6087
p9_entry_c0
0 -18.34931 -53.94319 84.12532 -0.24505 0.32179 -0.91455 0.5786 0.6572
0 -16.70102 -48.05848 85.75421 -0.24505 0.32179 -0.91455 0.6245 0.6700
0 1.76637 -48.05848 80.80589 -0.24505 0.32179 -0.91455 0.6245 0.6313
p9_entry_c0
0 -18.34931 -53.94319 84.12532 -0.24505 0.32179 -0.91455 0.5786 0.6572
0 1.76637 -48.05848 80.80589 -0.24505 0.32179 -0.91455 0.6245 0.6313
0 2.37939 -53.94319 78.57108 -0.24505 0.32179 -0.91455 0.5786 0.6138
p9_entry_clip
0 -16.70102 -48.05848 85.75421 -0.16379 0.77428 -0.61128 0.6245 0.6700
0 -15.45345 -45.60652 88.52576 -0.16379 0.77428 -0.61128 0.6437 0.6916
0 2.07172 -45.60652 83.82990 -0.16379 0.77428 -0.61128 0.6437 0.6549
p9_entry_clip
0 -16.70102 -48.05848 85.75421 -0.16379 0.77428 -0.61128 0.6245 0.6700
0 2.07172 -45.60652 83.82990 -0.16379 0.77428 -0.61128 0.6437 0.6549
0 1.76637 -48.05848 80.80589 -0.16379 0.77428 -0.61128 0.6245 0.6313
p9_entry_ch0
0 -15.45345 -45.60652 88.52576 -0.08043 0.95049 -0.30016 0.6437 0.6916
0 -14.48856 -44.62573 91.37304 -0.08043 0.95049 -0.30016 0.6514 0.7139
0 2.65974 -44.62573 86.77817 -0.08043 0.95049 -0.30016 0.6514 0.6780
p9_entry_ch0
0 -15.45345 -45.60652 88.52576 -0.08043 0.95049 -0.30016 0.6437 0.6916
0 2.65974 -44.62573 86.77817 -0.08043 0.95049 -0.30016 0.6514 0.6780
0 2.07172 -45.60652 83.82990 -0.08043 0.95049 -0.30016 0.6437 0.6549
p9_entry_ch0
0 -14.48856 -44.62573 91.37304 -0.11396 0.89785 -0.42530 0.6514 0.7139
0 -13.42943 -43.15455 94.19508 -0.11396 0.89785 -0.42530 0.6629 0.7359
0 3.15353 -43.15455 89.75169 -0.11396 0.89785 -0.42530 0.6629 0.7012
p9_entry_ch0
0 -14.48856 -44.62573 91.37304 -0.11396 0.89785 -0.42530 0.6514 0.7139
0 3.15353 -43.15455 89.75169 -0.11396 0.89785 -0.42530 0.6629 0.7012
0 2.65974 -44.62573 86.77817 -0.11396 0.89785 -0.42530 0.6514 0.6780
p9_entry_clip
0 -13.42943 -43.15455 94.19508 0.00000 1.00000 0.00000 0.6629 0.7359
0 -11.87652 -43.15455 99.99064 0.00000 1.00000 0.00000 0.6629 0.7812
0 4.70645 -43.15455 95.54724 0.00000 1.00000 0.00000 0.6629 0.7465
p9_entry_clip
0 -13.42943 -43.15455 94.19508 0.00000 1.00000 0.00000 0.6629 0.7359
0 4.70645 -43.15455 95.54724 0.00000 1.00000 0.00000 0.6629 0.7465
0 3.15353 -43.15455 89.75169 0.00000 1.00000 0.00000 0.6629 0.7012
p9_entry_ch0
0 -11.87652 -43.15455 99.99064 0.11396 0.89785 0.42530 0.6629 0.7812
0 -11.38273 -44.62573 102.96415 0.11396 0.89785 0.42530 0.6514 0.8044
0 5.76557 -44.62573 98.36928 0.11396 0.89785 0.42530 0.6514 0.7685
p9_entry_ch0
0 -11.87652 -43.15455 99.99064 0.11396 0.89785 0.42530 0.6629 0.7812
0 5.76557 -44.62573 98.36928 0.11396 0.89785 0.42530 0.6514 0.7685
0 4.70645 -43.15455 95.54724 0.11396 0.89785 0.42530 0.6629 0.7465
p9_entry_ch0
0 -11.38273 -44.62573 102.96415 0.08043 0.95049 0.30016 0.6514 0.8044
0 -10.79471 -45.60652 105.91242 0.08043 0.95049 0.30016 0.6437 0.8274
0 6.73047 -45.60652 101.21657 0.08043 0.95049 0.30016 0.6437 0.7908
p9_entry_ch0
0 -11.38273 -44.62573 102.96415 0.08043 0.95049 0.30016 0.6514 0.8044
0 6.73047 -45.60652 101.21657 0.08043 0.95049 0.30016 0.6437 0.7908
0 5.76557 -44.62573 98.36928 0.08043 0.95049 0.30016 0.6514 0.7685
p9_entry_clip
0 -10.79471 -45.60652 105.91242 0.16379 0.77428 0.61128 0.6437 0.8274
0 -10.48936 -48.05848 108.93643 0.16379 0.77428 0.61128 0.6245 0.8511
0 7.97803 -48.05848 103.98811 0.16379 0.77428 0.61128 0.6245 0.8124
p9_entry_clip
0 -10.79471 -45.60652 105.91242 0.16379 0.77428 0.61128 0.6437 0.8274
0 7.97803 -48.05848 103.98811 0.16379 0.77428 0.61128 0.6245 0.8124
0 6.73047 -45.60652 101.21657 0.16379 0.77428 0.61128 0.6437 0.7908
p9_entry_c0
0 -10.48936 -48.05848 108.93643 0.24505 0.32179 0.91455 0.6245 0.8511
0 -11.10238 -53.94319 111.17124 0.24505 0.32179 0.91455 0.5786 0.8685
0 9.62633 -53.94319 105.61700 0.24505 0.32179 0.91455 0.5786 0.8251
p9_entry_c0
0 -10.48936 -48.05848 108.93643 0.24505 0.32179 0.91455 0.6245 0.8511
0 9.62633 -53.94319 105.61700 0.24505 0.32179 0.91455 0.5786 0.8251
0 7.97803 -48.05848 103.98811 0.24505 0.32179 0.91455 0.6245 0.8124
p9_entry_c0
0 -11.10238 -53.94319 111.17124 0.25882 -0.00000 0.96593 0.5786 0.8685
0 -13.55214 -66.69340 111.82765 0.25882 -0.00000 0.96593 0.4790 0.8737
0 12.07608 -66.69340 104.96059 0.25882 -0.00000 0.96593 0.4790 0.8200
p9_entry_c0
0 -11.10238 -53.94319 111.17124 0.25882 -0.00000 0.96593 0.5786 0.8685
0 12.07608 -66.69340 104.96059 0.25882 -0.00000 0.96593 0.4790 0.8200
0 9.62633 -53.94319 105.61700 0.25882 -0.00000 0.96593 0.5786 0.8251
p9_entry_c0
0 -13.55214 -66.69340 111.82765 0.00000 -1.00000 -0.00000 0.4790 0.8737
0 -20.79907 -66.69340 84.78173 0.00000 -1.00000 -0.00000 0.4790 0.6624
0 4.82915 -66.69340 77.91467 0.00000 -1.00000 -0.00000 0.4790 0.6087
p9_entry_c0
0 -13.55214 -66.69340 111.82765 0.00000 -1.00000 -0.00000 0.4790 0.8737
0 4.82915 -66.69340 77.91467 0.00000 -1.00000 -0.00000 0.4790 0.6087
0 12.07608 -66.69340 104.96059 0.00000 -1.00000 -0.00000 0.4790 0.8200
p9_entry_c0
0 4.82915 -66.69340 77.91467 -0.25882 -0.00000 -0.96593 0.4790 0.6087
0 2.37939 -53.94319 78.57108 -0.25882 -0.00000 -0.96593 0.5786 0.6138
0 21.53022 -45.73083 73.43963 -0.25882 -0.00000 -0.96593 0.6427 0.5737
p9_entry_c0
0 4.82915 -66.69340 77.91467 -0.25882 -0.00000 -0.96593 0.4790 0.6087
0 21.53022 -45.73083 73.43963 -0.25882 -0.00000 -0.96593 0.6427 0.5737
0 28.50653 -56.53993 71.57033 -0.25882 -0.00000 -0.96593 0.5583 0.5591
p9_entry_c0
0 2.37939 -53.94319 78.57108 -0.36400 0.29729 -0.88268 0.5786 0.6138
0 1.76637 -48.05848 80.80589 -0.36400 0.29729 -0.88268 0.6245 0.6313
0 18.82802 -40.74201 76.23424 -0.36400 0.29729 -0.88268 0.6817 0.5956
p9_entry_c0
0 2.37939 -53.94319 78.57108 -0.36400 0.29729 -0.88268 0.5786 0.6138
0 18.82802 -40.74201 76.23424 -0.36400 0.29729 -0.88268 0.6817 0.5956
0 21.53022 -45.73083 73.43963 -0.36400 0.29729 -0.88268 0.6427 0.5737
p9_entry_clip
0 1.76637 -48.05848 80.80589 -0.45000 0.71534 -0.53459 0.6245 0.6313
0 2.07172 -45.60652 83.82990 -0.45000 0.71534 -0.53459 0.6437 0.6549
0 18.26288 -38.66334 79.49149 -0.45000 0.71534 -0.53459 0.6979 0.6210
p9_entry_clip
0 1.76637 -48.05848 80.80589 -0.45000 0.71534 -0.53459 0.6245 0.6313
0 18.26288 -38.66334 79.49149 -0.45000 0.71534 -0.53459 0.6979 0.6210
0 18.82802 -40.74201 76.23424 -0.45000 0.71534 -0.53459 0.6817 0.5956
p9_entry_ch0
0 2.07172 -45.60652 83.82990 -0.43177 0.87814 -0.20601 0.6437 0.6549
0 2.65974 -44.62573 86.77817 -0.43177 0.87814 -0.20601 0.6514 0.6780
0 18.50269 -37.83187 82.53306 -0.43177 0.87814 -0.20601 0.7044 0.6448
p9_entry_ch0
0 2.07172 -45.60652 83.82990 -0.43177 0.87814 -0.20601 0.6437 0.6549
0 18.50269 -37.83187 82.53306 -0.43177 0.87814 -0.20601 0.7044 0.6448
0 18.26288 -38.66334 79.49149 -0.43177 0.87814 -0.20601 0.6979 0.6210
p9_entry_ch0
0 2.65974 -44.62573 86.77817 -0.44584 0.82951 -0.33637 0.6514 0.6780
0 3.15353 -43.15455 89.75169 -0.44584 0.82951 -0.33637 0.6629 0.7012
0 18.47419 -36.58466 85.64653 -0.44584 0.82951 -0.33637 0.7142 0.6691
p9_entry_ch0
0 2.65974 -44.62573 86.77817 -0.44584 0.82951 -0.33637 0.6514 0.6780
0 18.47419 -36.58466 85.64653 -0.44584 0.82951 -0.33637 0.7142 0.6691
0 18.50269 -37.83187 82.53306 -0.44584 0.82951 -0.33637 0.7044 0.6448
p9_entry_clip
0 3.15353 -43.15455 89.75169 -0.36964 0.92388 0.09905 0.6629 0.7012
0 4.70645 -43.15455 95.54724 -0.36964 0.92388 0.09905 0.6629 0.7465
0 20.02711 -36.58466 91.44208 -0.36964 0.92388 0.09905 0.7142 0.7144
p9_entry_clip
0 3.15353 -43.15455 89.75169 -0.36964 0.92388 0.09905 0.6629 0.7012
0 20.02711 -36.58466 91.44208 -0.36964 0.92388 0.09905 0.7142 0.7144
0 18.47419 -36.58466 85.64653 -0.36964 0.92388 0.09905 0.7142 0.6691
p9_entry_ch0
0 4.70645 -43.15455 95.54724 -0.21793 0.82951 0.51422 0.6629 0.7465
0 5.76557 -44.62573 98.36928 -0.21793 0.82951 0.51422 0.6514 0.7685
0 21.60852 -37.83187 94.12417 -0.21793 0.82951 0.51422 0.7044 0.7353
p9_entry_ch0
0 4.70645 -43.15455 95.54724 -0.21793 0.82951 0.51422 0.6629 0.7465
0 21.60852 -37.83187 94.12417 -0.21793 0.82951 0.51422 0.7044 0.7353
0 20.02711 -36.58466 91.44208 -0.21793 0.82951 0.51422 0.7142 0.7144
p9_entry_ch0
0 5.76557 -44.62573 98.36928 -0.27092 0.87814 0.39430 0.6514 0.7685
0 6.73047 -45.60652 101.21657 -0.27092 0.87814 0.39430 0.6437 0.7908
0 22.92162 -38.66334 96.87816 -0.27092 0.87814 0.39430 0.6979 0.7569
p9_entry_ch0
0 5.76557 -44.62573 98.36928 -0.27092 0.87814 0.39430 0.6514 0.7685
0 22.92162 -38.66334 96.87816 -0.27092 0.87814 0.39430 0.6979 0.7569
0 21.60852 -37.83187 94.12417 -0.27092 0.87814 0.39430 0.7044 0.7353
p9_entry_clip
0 6.73047 -45.60652 101.21657 -0.12242 0.71534 0.68796 0.6437 0.7908
0 7.97803 -48.05848 103.98811 -0.12242 0.71534 0.68796 0.6245 0.8124
0 25.03968 -40.74201 99.41646 -0.12242 0.71534 0.68796 0.6817 0.7767
p9_entry_clip
0 6.73047 -45.60652 101.21657 -0.12242 0.71534 0.68796 0.6437 0.7908
0 25.03968 -40.74201 99.41646 -0.12242 0.71534 0.68796 0.6817 0.7767
0 22.92162 -38.66334 96.87816 -0.12242 0.71534 0.68796 0.6979 0.7569
p9_entry_c0
0 7.97803 -48.05848 103.98811 0.12611 0.29729 0.94642 0.6245 0.8124
0 9.62633 -53.94319 105.61700 0.12611 0.29729 0.94642 0.5786 0.8251
0 28.77715 -45.73083 100.48556 0.12611 0.29729 0.94642 0.6427 0.7850
p9_entry_c0
0 7.97803 -48.05848 103.98811 0.12611 0.29729 0.94642 0.6245 0.8124
0 28.77715 -45.73083 100.48556 0.12611 0.29729 0.94642 0.6427 0.7850
0 25.03968 -40.74201 99.41646 0.12611 0.29729 0.94642 0.6817 0.7767
p9_entry_c0
0 9.62633 -53.94319 105.61700 0.25882 0.00000 0.96593 0.5786 0.8251
0 12.07608 -66.69340 104.96059 0.25882 0.00000 0.96593 0.4790 0.8200
0 35.75347 -56.53993 98.61626 0.25882 0.00000 0.96593 0.5583 0.7704
p9_entry_c0
0 9.62633 -53.94319 105.61700 0.25882 0.00000 0.96593 0.5786 0.8251
0 35.75347 -56.53993 98.61626 0.25882 0.00000 0.96593 0.5583 0.7704
0 28.77715 -45.73083 100.48556 0.25882 0.00000 0.96593 0.6427 0.7850
p9_entry_c0
0 12.07608 -66.69340 104.96059 0.36964 -0.92388 -0.09905 0.4790 0.8200
0 4.82915 -66.69340 77.91467 0.36964 -0.92388 -0.09905 0.4790 0.6087
0 28.50653 -56.53993 71.57033 0.36964 -0.92388 -0.09905 0.5583 0.5591
p9_entry_c0
0 12.07608 -66.69340 104.96059 0.36964 -0.92388 -0.09905 0.4790 0.8200
0 28.50653 -56.53993 71.57033 0.36964 -0.92388 -0.09905 0.5583 0.5591
0 35.75347 -56.53993 98.61626 0.36964 -0.92388 -0.09905 0.5583 0.7704
p9_entry_c0
0 28.50653 -56.53993 71.57033 -0.25882 0.00000 -0.96593 0.5583 0.5591
0 21.53022 -45.73083 73.43963 -0.25882 0.00000 -0.96593 0.6427 0.5737
0 36.18763 -30.55636 69.51219 -0.25882 0.00000 -0.96593 0.7613 0.5431
p9_entry_c0
0 28.50653 -56.53993 71.57033 -0.25882 0.00000 -0.96593 0.5583 0.5591
0 36.18763 -30.55636 69.51219 -0.25882 0.00000 -0.96593 0.7613 0.5431
0 46.62842 -37.77878 66.71459 -0.25882 0.00000 -0.96593 0.7049 0.5212
p9_entry_c0
0 21.53022 -45.73083 73.43963 -0.46484 0.22754 -0.85566 0.6427 0.5737
0 18.82802 -40.74201 76.23424 -0.46484 0.22754 -0.85566 0.6817 0.5956
0 31.88644 -27.22294 72.73524 -0.46484 0.22754 -0.85566 0.7873 0.5682
p9_entry_c0
0 21.53022 -45.73083 73.43963 -0.46484 0.22754 -0.85566 0.6427 0.5737
0 31.88644 -27.22294 72.73524 -0.46484 0.22754 -0.85566 0.7873 0.5682
0 36.18763 -30.55636 69.51219 -0.46484 0.22754 -0.85566 0.7613 0.5431
p9_entry_clip
0 18.82802 -40.74201 76.23424 -0.69264 0.54750 -0.46957 0.6817 0.5956
0 18.26288 -38.66334 79.49149 -0.69264 0.54750 -0.46957 0.6979 0.6210
0 30.65505 -25.83402 76.17102 -0.69264 0.54750 -0.46957 0.7982 0.5951
p9_entry_clip
0 18.82802 -40.74201 76.23424 -0.69264 0.54750 -0.46957 0.6817 0.5956
0 30.65505 -25.83402 76.17102 -0.69264 0.54750 -0.46957 0.7982 0.5951
0 31.88644 -27.22294 72.73524 -0.69264 0.54750 -0.46957 0.7873 0.5682
p9_entry_ch0
0 18.26288 -38.66334 79.49149 -0.72963 0.67210 -0.12620 0.6979 0.6210
0 18.50269 -37.83187 82.53306 -0.72963 0.67210 -0.12620 0.7044 0.6448
0 30.62837 -25.27845 79.28400 -0.72963 0.67210 -0.12620 0.8025 0.6194
p9_entry_ch0
0 18.26288 -38.66334 79.49149 -0.72963 0.67210 -0.12620 0.6979 0.6210
0 30.62837 -25.27845 79.28400 -0.72963 0.67210 -0.12620 0.8025 0.6194
0 30.65505 -25.83402 76.17102 -0.72963 0.67210 -0.12620 0.7982 0.5951
p9_entry_ch0
0 18.50269 -37.83187 82.53306 -0.72720 0.63488 -0.26098 0.7044 0.6448
0 18.47419 -36.58466 85.64653 -0.72720 0.63488 -0.26098 0.7142 0.6691
0 30.20012 -24.44509 82.50458 -0.72720 0.63488 -0.26098 0.8090 0.6446
p9_entry_ch0
0 18.50269 -37.83187 82.53306 -0.72720 0.63488 -0.26098 0.7044 0.6448
0 30.20012 -24.44509 82.50458 -0.72720 0.63488 -0.26098 0.8090 0.6446
0 30.62837 -25.27845 79.28400 -0.72720 0.63488 -0.26098 0.8025 0.6194
p9_entry_clip
0 18.47419 -36.58466 85.64653 -0.68301 0.70711 0.18301 0.7142 0.6691
0 20.02711 -36.58466 91.44208 -0.68301 0.70711 0.18301 0.7142 0.7144
0 31.75303 -24.44509 88.30013 -0.68301 0.70711 0.18301 0.8090 0.6898
p9_entry_clip
0 18.47419 -36.58466 85.64653 -0.68301 0.70711 0.18301 0.7142 0.6691
0 31.75303 -24.44509 88.30013 -0.68301 0.70711 0.18301 0.8090 0.6898
0 30.20012 -24.44509 82.50458 -0.68301 0.70711 0.18301 0.8090 0.6446
p9_entry_ch0
0 20.02711 -36.58466 91.44208 -0.49929 0.63488 0.58961 0.7142 0.7144
0 21.60852 -37.83187 94.12417 -0.49929 0.63488 0.58961 0.7044 0.7353
0 33.73420 -25.27845 90.87511 -0.49929 0.63488 0.58961 0.8025 0.7100
p9_entry_ch0
0 20.02711 -36.58466 91.44208 -0.49929 0.63488 0.58961 0.7142 0.7144
0 33.73420 -25.27845 90.87511 -0.49929 0.63488 0.58961 0.8025 0.7100
0 31.75303 -24.44509 88.30013 -0.49929 0.63488 0.58961 0.8090 0.6898
p9_entry_ch0
0 21.60852 -37.83187 94.12417 -0.56877 0.67210 0.47411 0.7044 0.7353
0 22.92162 -38.66334 96.87816 -0.56877 0.67210 0.47411 0.6979 0.7569
0 35.31379 -25.83402 93.55769 -0.56877 0.67210 0.47411 0.7982 0.7309
p9_entry_ch0
0 21.60852 -37.83187 94.12417 -0.56877 0.67210 0.47411 0.7044 0.7353
0 35.31379 -25.83402 93.55769 -0.56877 0.67210 0.47411 0.7982 0.7309
0 33.73420 -25.27845 90.87511 -0.56877 0.67210 0.47411 0.8025 0.7100
p9_entry_clip
0 22.92162 -38.66334 96.87816 -0.36506 0.54750 0.75298 0.6979 0.7569
0 25.03968 -40.74201 99.41646 -0.36506 0.54750 0.75298 0.6817 0.7767
0 38.09809 -27.22294 95.91746 -0.36506 0.54750 0.75298 0.7873 0.7494
p9_entry_clip
0 22.92162 -38.66334 96.87816 -0.36506 0.54750 0.75298 0.6979 0.7569
0 38.09809 -27.22294 95.91746 -0.36506 0.54750 0.75298 0.7873 0.7494
0 35.31379 -25.83402 93.55769 -0.36506 0.54750 0.75298 0.7982 0.7309
p9_entry_c0
0 25.03968 -40.74201 99.41646 0.02527 0.22754 0.97344 0.6817 0.7767
0 28.77715 -45.73083 100.48556 0.02527 0.22754 0.97344 0.6427 0.7850
0 43.43456 -30.55636 96.55811 0.02527 0.22754 0.97344 0.7613 0.7544
p9_entry_c0
0 25.03968 -40.74201 99.41646 0.02527 0.22754 0.97344 0.6817 0.7767
0 43.43456 -30.55636 96.55811 0.02527 0.22754 0.97344 0.7613 0.7544
0 38.09809 -27.22294 95.91746 0.02527 0.22754 0.97344 0.7873 0.7494
p9_entry_c0
0 28.77715 -45.73083 100.48556 0.25882 -0.00000 0.96593 0.6427 0.7850
0 35.75347 -56.53993 98.61626 0.25882 -0.00000 0.96593 0.5583 0.7704
0 53.87535 -37.77878 93.76051 0.25882 -0.00000 0.96593 0.7049 0.7325
p9_entry_c0
0 28.77715 -45.73083 100.48556 0.25882 -0.00000 0.96593 0.6427 0.7850
0 53.87535 -37.77878 93.76051 0.25882 -0.00000 0.96593 0.7049 0.7325
0 43.43456 -30.55636 96.55811 0.25882 -0.00000 0.96593 0.7613 0.7544
p9_entry_c0
0 35.75347 -56.53993 98.61626 0.68301 -0.70711 -0.18301 0.5583 0.7704
0 28.50653 -56.53993 71.57033 0.68301 -0.70711 -0.18301 0.5583 0.5591
0 46.62842 -37.77878 66.71459 0.68301 -0.70711 -0.18301 0.7049 0.5212
p9_entry_c0
0 35.75347 -56.53993 98.61626 0.68301 -0.70711 -0.18301 0.5583 0.7704
0 46.62842 -37.77878 66.71459 0.68301 -0.70711 -0.18301 0.7049 0.5212
0 53.87535 -37.77878 93.76051 0.68301 -0.70711 -0.18301 0.7049 0.7325
p9_entry_c0
0 46.62842 -37.77878 66.71459 -0.25882 0.00000 -0.96593 0.7049 0.5212
0 36.18763 -30.55636 69.51219 -0.25882 0.00000 -0.96593 0.7613 0.5431
0 44.12016 -10.72997 67.38668 -0.25882 0.00000 -0.96593 0.9162 0.5265
p9_entry_c0
0 46.62842 -37.77878 66.71459 -0.25882 0.00000 -0.96593 0.7049 0.5212
0 44.12016 -10.72997 67.38668 -0.25882 0.00000 -0.96593 0.9162 0.5265
0 56.43592 -13.26614 64.08668 -0.25882 0.00000 -0.96593 0.8964 0.5007
p9_entry_c0
0 36.18763 -30.55636 69.51219 -0.53222 0.12314 -0.83761 0.7613 0.5431
0 31.88644 -27.22294 72.73524 -0.53222 0.12314 -0.83761 0.7873 0.5682
0 38.95360 -9.55943 70.84160 -0.53222 0.12314 -0.83761 0.9253 0.5535
p9_entry_c0
0 36.18763 -30.55636 69.51219 -0.53222 0.12314 -0.83761 0.7613 0.5431
0 38.95360 -9.55943 70.84160 -0.53222 0.12314 -0.83761 0.9253 0.5535
0 44.12016 -10.72997 67.38668 -0.53222 0.12314 -0.83761 0.9162 0.5265
p9_entry_clip
0 31.88644 -27.22294 72.73524 -0.85476 0.29631 -0.42613 0.7873 0.5682
0 30.65505 -25.83402 76.17102 -0.85476 0.29631 -0.42613 0.7982 0.5951
0 37.36165 -9.07170 74.37399 -0.85476 0.29631 -0.42613 0.9291 0.5810
p9_entry_clip
0 31.88644 -27.22294 72.73524 -0.85476 0.29631 -0.42613 0.7873 0.5682
0 37.36165 -9.07170 74.37399 -0.85476 0.29631 -0.42613 0.9291 0.5810
0 38.95360 -9.55943 70.84160 -0.85476 0.29631 -0.42613 0.9253 0.5535
p9_entry_ch0
0 30.65505 -25.83402 76.17102 -0.92865 0.36374 -0.07288 0.7982 0.5951
0 30.62837 -25.27845 79.28400 -0.92865 0.36374 -0.07288 0.8025 0.6194
0 37.19074 -8.87661 77.52562 -0.92865 0.36374 -0.07288 0.9307 0.6057
p9_entry_ch0
0 30.65505 -25.83402 76.17102 -0.92865 0.36374 -0.07288 0.7982 0.5951
0 37.19074 -8.87661 77.52562 -0.92865 0.36374 -0.07288 0.9307 0.6057
0 37.36165 -9.07170 74.37399 -0.92865 0.36374 -0.07288 0.9291 0.5810
p9_entry_ch0
0 30.62837 -25.27845 79.28400 -0.91520 0.34359 -0.21060 0.8025 0.6194
0 30.20012 -24.44509 82.50458 -0.91520 0.34359 -0.21060 0.8090 0.6446
0 36.54615 -8.58397 80.80416 -0.91520 0.34359 -0.21060 0.9329 0.6313
p9_entry_ch0
0 30.62837 -25.27845 79.28400 -0.91520 0.34359 -0.21060 0.8025 0.6194
0 36.54615 -8.58397 80.80416 -0.91520 0.34359 -0.21060 0.9329 0.6313
0 37.19074 -8.87661 77.52562 -0.91520 0.34359 -0.21060 0.9307 0.6057
p9_entry_clip
0 30.20012 -24.44509 82.50458 -0.89240 0.38268 0.23912 0.8090 0.6446
0 31.75303 -24.44509 88.30013 -0.89240 0.38268 0.23912 0.8090 0.6898
0 38.09906 -8.58397 86.59972 -0.89240 0.38268 0.23912 0.9329 0.6766
p9_entry_clip
0 30.20012 -24.44509 82.50458 -0.89240 0.38268 0.23912 0.8090 0.6446
0 38.09906 -8.58397 86.59972 -0.89240 0.38268 0.23912 0.9329 0.6766
0 36.54615 -8.58397 80.80416 -0.89240 0.38268 0.23912 0.9329 0.6313
p9_entry_ch0
0 31.75303 -24.44509 88.30013 -0.68728 0.34359 0.63999 0.8090 0.6898
0 33.73420 -25.27845 90.87511 -0.68728 0.34359 0.63999 0.8025 0.7100
0 40.29657 -8.87661 89.11673 -0.68728 0.34359 0.63999 0.9307 0.6962
p9_entry_ch0
0 31.75303 -24.44509 88.30013 -0.68728 0.34359 0.63999 0.8090 0.6898
0 40.29657 -8.87661 89.11673 -0.68728 0.34359 0.63999 0.9307 0.6962
0 38.09906 -8.58397 86.59972 -0.68728 0.34359 0.63999 0.9329 0.6766
p9_entry_ch0
0 33.73420 -25.27845 90.87511 -0.76779 0.36374 0.52743 0.8025 0.7100
0 35.31379 -25.83402 93.55769 -0.76779 0.36374 0.52743 0.7982 0.7309
0 42.02039 -9.07170 91.76066 -0.76779 0.36374 0.52743 0.9291 0.7169
p9_entry_ch0
0 33.73420 -25.27845 90.87511 -0.76779 0.36374 0.52743 0.8025 0.7100
0 42.02039 -9.07170 91.76066 -0.76779 0.36374 0.52743 0.9291 0.7169
0 40.29657 -8.87661 89.11673 -0.76779 0.36374 0.52743 0.9307 0.6962
p9_entry_clip
0 35.31379 -25.83402 93.55769 -0.52718 0.29631 0.79642 0.7982 0.7309
0 38.09809 -27.22294 95.91746 -0.52718 0.29631 0.79642 0.7873 0.7494
0 45.16526 -9.55943 94.02382 -0.52718 0.29631 0.79642 0.9253 0.7346
p9_entry_clip
0 35.31379 -25.83402 93.55769 -0.52718 0.29631 0.79642 0.7982 0.7309
0 45.16526 -9.55943 94.02382 -0.52718 0.29631 0.79642 0.9253 0.7346
0 42.02039 -9.07170 91.76066 -0.52718 0.29631 0.79642 0.9291 0.7169
p9_entry_c0
0 38.09809 -27.22294 95.91746 -0.04211 0.12314 0.99150 0.7873 0.7494
0 43.43456 -30.55636 96.55811 -0.04211 0.12314 0.99150 0.7613 0.7544
0 51.36709 -10.72997 94.43260 -0.04211 0.12314 0.99150 0.9162 0.7378
p9_entry_c0
0 38.09809 -27.22294 95.91746 -0.04211 0.12314 0.99150 0.7873 0.7494
0 51.36709 -10.72997 94.43260 -0.04211 0.12314 0.99150 0.9162 0.7378
0 45.16526 -9.55943 94.02382 -0.04211 0.12314 0.99150 0.9253 0.7346
p9_entry_c0
0 43.43456 -30.55636 96.55811 0.25882 -0.00000 0.96593 0.7613 0.7544
0 53.87535 -37.77878 93.76051 0.25882 -0.00000 0.96593 0.7049 0.7325
0 63.68285 -13.26614 91.13260 0.25882 -0.00000 0.96593 0.8964 0.7120
p9_entry_c0
0 43.43456 -30.55636 96.55811 0.25882 -0.00000 0.96593 0.7613 0.7544
0 63.68285 -13.26614 91.13260 0.25882 -0.00000 0.96593 0.8964 0.7120
0 51.36709 -10.72997 94.43260 0.25882 -0.00000 0.96593 0.9162 0.7378
p9_entry_c0
0 53.87535 -37.77878 93.76051 0.89240 -0.38268 -0.23912 0.7049 0.7325
0 46.62842 -37.77878 66.71459 0.89240 -0.38268 -0.23912 0.7049 0.5212
0 56.43592 -13.26614 64.08668 0.89240 -0.38268 -0.23912 0.8964 0.5007
p9_entry_c0
0 53.87535 -37.77878 93.76051 0.89240 -0.38268 -0.23912 0.7049 0.7325
0 56.43592 -13.26614 64.08668 0.89240 -0.38268 -0.23912 0.8964 0.5007
0 63.68285 -13.26614 91.13260 0.89240 -0.38268 -0.23912 0.8964 0.7120
p9_entry_c0
0 56.43592 -13.26614 64.08668 -0.25882 0.00000 -0.96593 0.8964 0.5007
0 44.12016 -10.72997 67.38668 -0.25882 0.00000 -0.96593 0.9162 0.5265
0 44.12016 10.72997 67.38668 -0.25882 0.00000 -0.96593 0.0838 0.5265
p9_entry_c0
0 56.43592 -13.26614 64.08668 -0.25882 0.00000 -0.96593 0.8964 0.5007
0 44.12016 10.72997 67.38668 -0.25882 0.00000 -0.96593 0.0838 0.5265
0 56.43592 13.26614 64.08668 -0.25882 0.00000 -0.96593 0.1036 0.5007
p9_entry_c0
0 44.12016 -10.72997 67.38668 -0.55588 0.00000 -0.83127 0.9162 0.5265
0 38.95360 -9.55943 70.84160 -0.55588 0.00000 -0.83127 0.9253 0.5535
0 38.95360 9.55943 70.84160 -0.55588 0.00000 -0.83127 0.0747 0.5535
p9_entry_c0
0 44.12016 -10.72997 67.38668 -0.55588 0.00000 -0.83127 0.9162 0.5265
0 38.95360 9.55943 70.84160 -0.55588 0.00000 -0.83127 0.0747 0.5535
0 44.12016 10.72997 67.38668 -0.55588 0.00000 -0.83127 0.0838 0.5265
p9_entry_clip
0 38.95360 -9.55943 70.84160 -0.91169 0.00000 -0.41088 0.9253 0.5535
0 37.36165 -9.07170 74.37399 -0.91169 0.00000 -0.41088 0.9291 0.5810
0 37.36165 9.07170 74.37399 -0.91169 0.00000 -0.41088 0.0709 0.5810
p9_entry_clip
0 38.95360 -9.55943 70.84160 -0.91169 0.00000 -0.41088 0.9253 0.5535
0 37.36165 9.07170 74.37399 -0.91169 0.00000 -0.41088 0.0709 0.5810
0 38.95360 9.55943 70.84160 -0.91169 0.00000 -0.41088 0.0747 0.5535
p9_entry_ch0
0 37.36165 -9.07170 74.37399 -0.99853 0.00000 -0.05415 0.9291 0.5810
0 37.19074 -8.87661 77.52562 -0.99853 0.00000 -0.05415 0.9307 0.6057
0 37.19074 8.87661 77.52562 -0.99853 0.00000 -0.05415 0.0693 0.6057
p9_entry_ch0
0 37.36165 -9.07170 74.37399 -0.99853 0.00000 -0.05415 0.9291 0.5810
0 37.19074 8.87661 77.52562 -0.99853 0.00000 -0.05415 0.0693 0.6057
0 37.36165 9.07170 74.37399 -0.99853 0.00000 -0.05415 0.0709 0.5810
p9_entry_ch0
0 37.19074 -8.87661 77.52562 -0.98122 0.00000 -0.19292 0.9307 0.6057
0 36.54615 -8.58397 80.80416 -0.98122 0.00000 -0.19292 0.9329 0.6313
0 36.54615 8.58397 80.80416 -0.98122 0.00000 -0.19292 0.0671 0.6313
p9_entry_ch0
0 37.19074 -8.87661 77.52562 -0.98122 0.00000 -0.19292 0.9307 0.6057
0 36.54615 8.58397 80.80416 -0.98122 0.00000 -0.19292 0.0671 0.6313
0 37.19074 8.87661 77.52562 -0.98122 0.00000 -0.19292 0.0693 0.6057
p9_entry_clip
0 36.54615 -8.58397 80.80416 -0.96593 0.00000 0.25882 0.9329 0.6313
0 38.09906 -8.58397 86.59972 -0.96593 0.00000 0.25882 0.9329 0.6766
0 38.09906 8.58397 86.59972 -0.96593 0.00000 0.25882 0.0671 0.6766
p9_entry_clip
0 36.54615 -8.58397 80.80416 -0.96593 0.00000 0.25882 0.9329 0.6313
0 38.09906 8.58397 86.59972 -0.96593 0.00000 0.25882 0.0671 0.6766
0 36.54615 8.58397 80.80416 -0.96593 0.00000 0.25882 0.0671 0.6313
p9_entry_ch0
0 38.09906 -8.58397 86.59972 -0.75330 0.00000 0.65768 0.9329 0.6766
0 40.29657 -8.87661 89.11673 -0.75330 0.00000 0.65768 0.9307 0.6962
0 40.29657 8.87661 89.11673 -0.75330 0.00000 0.65768 0.0693 0.6962
p9_entry_ch0
0 38.09906 -8.58397 86.59972 -0.75330 0.00000 0.65768 0.9329 0.6766
0 40.29657 8.87661 89.11673 -0.75330 0.00000 0.65768 0.0693 0.6962
0 38.09906 8.58397 86.59972 -0.75330 0.00000 0.65768 0.0671 0.6766
p9_entry_ch0
0 40.29657 -8.87661 89.11673 -0.83768 0.00000 0.54616 0.9307 0.6962
0 42.02039 -9.07170 91.76066 -0.83768 0.00000 0.54616 0.9291 0.7169
0 42.02039 9.07170 91.76066 -0.83768 0.00000 0.54616 0.0709 0.7169
p9_entry_ch0
0 40.29657 -8.87661 89.11673 -0.83768 0.00000 0.54616 0.9307 0.6962
0 42.02039 9.07170 91.76066 -0.83768 0.00000 0.54616 0.0709 0.7169
0 40.29657 8.87661 89.11673 -0.83768 0.00000 0.54616 0.0693 0.6962
p9_entry_clip
0 42.02039 -9.07170 91.76066 -0.58411 0.00000 0.81167 0.9291 0.7169
0 45.16526 -9.55943 94.02382 -0.58411 0.00000 0.81167 0.9253 0.7346
0 45.16526 9.55943 94.02382 -0.58411 0.00000 0.81167 0.0747 0.7346
p9_entry_clip
0 42.02039 -9.07170 91.76066 -0.58411 0.00000 0.81167 0.9291 0.7169
0 45.16526 9.55943 94.02382 -0.58411 0.00000 0.81167 0.0747 0.7346
0 42.02039 9.07170 91.76066 -0.58411 0.00000 0.81167 0.0709 0.7169
p9_entry_c0
0 45.16526 -9.55943 94.02382 -0.06577 0.00000 0.99783 0.9253 0.7346
0 51.36709 -10.72997 94.43260 -0.06577 0.00000 0.99783 0.9162 0.7378
0 51.36709 10.72997 94.43260 -0.06577 0.00000 0.99783 0.0838 0.7378
p9_entry_c0
0 45.16526 -9.55943 94.02382 -0.06577 0.00000 0.99783 0.9253 0.7346
0 51.36709 10.72997 94.43260 -0.06577 0.00000 0.99783 0.0838 0.7378
0 45.16526 9.55943 94.02382 -0.06577 0.00000 0.99783 0.0747 0.7346
p9_entry_c0
0 51.36709 -10.72997 94.43260 0.25882 -0.00000 0.96593 0.9162 0.7378
0 63.68285 -13.26614 91.13260 0.25882 -0.00000 0.96593 0.8964 0.7120
0 63.68285 13.26614 91.13260 0.25882 -0.00000 0.96593 0.1036 0.7120
p9_entry_c0
0 51.36709 -10.72997 94.43260 0.25882 -0.00000 0.96593 0.9162 0.7378
0 63.68285 13.26614 91.13260 0.25882 -0.00000 0.96593 0.1036 0.7120
0 51.36709 10.72997 94.43260 0.25882 -0.00000 0.96593 0.0838 0.7378
p9_entry_c0
0 63.68285 -13.26614 91.13260 0.96593 -0.00000 -0.25882 0.8964 0.7120
0 56.43592 -13.26614 64.08668 0.96593 -0.00000 -0.25882 0.8964 0.5007
0 56.43592 13.26614 64.08668 0.96593 -0.00000 -0.25882 0.1036 0.5007
p9_entry_c0
0 63.68285 -13.26614 91.13260 0.96593 -0.00000 -0.25882 0.8964 0.7120
0 56.43592 13.26614 64.08668 0.96593 -0.00000 -0.25882 0.1036 0.5007
0 63.68285 13.26614 91.13260 0.96593 -0.00000 -0.25882 0.1036 0.7120
p9_entry_c0
0 56.43592 13.26614 64.08668 -0.25882 -0.00000 -0.96593 0.1036 0.5007
0 44.12016 10.72997 67.38668 -0.25882 -0.00000 -0.96593 0.0838 0.5265
0 36.18763 30.55636 69.51219 -0.25882 -0.00000 -0.96593 0.2387 0.5431
p9_entry_c0
0 56.43592 13.26614 64.08668 -0.25882 -0.00000 -0.96593 0.1036 0.5007
0 36.18763 30.55636 69.51219 -0.25882 -0.00000 -0.96593 0.2387 0.5431
0 46.62842 37.77878 66.71459 -0.25882 -0.00000 -0.96593 0.2951 0.5212
p9_entry_c0
0 44.12016 10.72997 67.38668 -0.53222 -0.12314 -0.83761 0.0838 0.5265
0 38.95360 9.55943 70.84160 -0.53222 -0.12314 -0.83761 0.0747 0.5535
0 31.88644 27.22294 72.73524 -0.53222 -0.12314 -0.83761 0.2127 0.5682
p9_entry_c0
0 44.12016 10.72997 67.38668 -0.53222 -0.12314 -0.83761 0.0838 0.5265
0 31.88644 27.22294 72.73524 -0.53222 -0.12314 -0.83761 0.2127 0.5682
0 36.18763 30.55636 69.51219 -0.53222 -0.12314 -0.83761 0.2387 0.5431
p9_entry_clip
0 38.95360 9.55943 70.84160 -0.85476 -0.29631 -0.42613 0.0747 0.5535
0 37.36165 9.07170 74.37399 -0.85476 -0.29631 -0.42613 0.0709 0.5810
0 30.65505 25.83402 76.17102 -0.85476 -0.29631 -0.42613 0.2018 0.5951
p9_entry_clip
0 38.95360 9.55943 70.84160 -0.85476 -0.29631 -0.42613 0.0747 0.5535
0 30.65505 25.83402 76.17102 -0.85476 -0.29631 -0.42613 0.2018 0.5951
0 31.88644 27.22294 72.73524 -0.85476 -0.29631 -0.42613 0.2127 0.5682
p9_entry_ch0
0 37.36165 9.07170 74.37399 -0.92865 -0.36374 -0.07288 0.0709 0.5810
0 37.19074 8.87661 77.52562 -0.92865 -0.36374 -0.07288 0.0693 0.6057
0 30.62837 25.27845 79.28400 -0.92865 -0.36374 -0.07288 0.1975 0.6194
p9_entry_ch0
0 37.36165 9.07170 74.37399 -0.92865 -0.36374 -0.07288 0.0709 0.5810
0 30.62837 25.27845 79.28400 -0.92865 -0.36374 -0.07288 0.1975 0.6194
0 30.65505 25.83402 76.17102 -0.92865 -0.36374 -0.07288 0.2018 0.5951
p9_entry_ch0
0 37.19074 8.87661 77.52562 -0.91520 -0.34359 -0.21060 0.0693 0.6057
0 36.54615 8.58397 80.80416 -0.91520 -0.34359 -0.21060 0.0671 0.6313
0 30.20012 24.44509 82.50458 -0.91520 -0.34359 -0.21060 0.1910 0.6446
p9_entry_ch0
0 37.19074 8.87661 77.52562 -0.91520 -0.34359 -0.21060 0.0693 0.6057
0 30.20012 24.44509 82.50458 -0.91520 -0.34359 -0.21060 0.1910 0.6446
0 30.62837 25.27845 79.28400 -0.91520 -0.34359 -0.21060 0.1975 0.6194
p9_entry_clip
0 36.54615 8.58397 80.80416 -0.89240 -0.38268 0.23912 0.0671 0.6313
0 38.09906 8.58397 86.59972 -0.89240 -0.38268 0.23912 0.0671 0.6766
0 31.75303 24.44509 88.30013 -0.89240 -0.38268 0.23912 0.1910 0.6898
p9_entry_clip
0 36.54615 8.58397 80.80416 -0.89240 -0.38268 0.23912 0.0671 0.6313
0 31.75303 24.44509 88.30013 -0.89240 -0.38268 0.23912 0.1910 0.6898
0 30.20012 24.44509 82.50458 -0.89240 -0.38268 0.23912 0.1910 0.6446
p9_entry_ch0
0 38.09906 8.58397 86.59972 -0.68728 -0.34359 0.63999 0.0671 0.6766
0 40.29657 8.87661 89.11673 -0.68728 -0.34359 0.63999 0.0693 0.6962
0 33.73420 25.27845 90.87511 -0.68728 -0.34359 0.63999 0.1975 0.7100
p9_entry_ch0
0 38.09906 8.58397 86.59972 -0.68728 -0.34359 0.63999 0.0671 0.6766
0 33.73420 25.27845 90.87511 -0.68728 -0.34359 0.63999 0.1975 0.7100
0 31.75303 24.44509 88.30013 -0.68728 -0.34359 0.63999 0.1910 0.6898
p9_entry_ch0
0 40.29657 8.87661 89.11673 -0.76779 -0.36374 0.52743 0.0693 0.6962
0 42.02039 9.07170 91.76066 -0.76779 -0.36374 0.52743 0.0709 0.7169
0 35.31379 25.83402 93.55769 -0.76779 -0.36374 0.52743 0.2018 0.7309
p9_entry_ch0
0 40.29657 8.87661 89.11673 -0.76779 -0.36374 0.52743 0.0693 0.6962
0 35.31379 25.83402 93.55769 -0.76779 -0.36374 0.52743 0.2018 0.7309
0 33.73420 25.27845 90.87511 -0.76779 -0.36374 0.52743 0.1975 0.7100
p9_entry_clip
0 42.02039 9.07170 91.76066 -0.52718 -0.29631 0.79642 0.0709 0.7169
0 45.16526 9.55943 94.02382 -0.52718 -0.29631 0.79642 0.0747 0.7346
0 38.09809 27.22294 95.91746 -0.52718 -0.29631 0.79642 0.2127 0.7494
p9_entry_clip
0 42.02039 9.07170 91.76066 -0.52718 -0.29631 0.79642 0.0709 0.7169
0 38.09809 27.22294 95.91746 -0.52718 -0.29631 0.79642 0.2127 0.7494
0 35.31379 25.83402 93.55769 -0.52718 -0.29631 0.79642 0.2018 0.7309
p9_entry_c0
0 45.16526 9.55943 94.02382 -0.04211 -0.12314 0.99150 0.0747 0.7346
0 51.36709 10.72997 94.43260 -0.04211 -0.12314 0.99150 0.0838 0.7378
0 43.43456 30.55636 96.55811 -0.04211 -0.12314 0.99150 0.2387 0.7544
p9_entry_c0
0 45.16526 9.55943 94.02382 -0.04211 -0.12314 0.99150 0.0747 0.7346
0 43.43456 30.55636 96.55811 -0.04211 -0.12314 0.99150 0.2387 0.7544
0 38.09809 27.22294 95.91746 -0.04211 -0.12314 0.99150 0.2127 0.7494
p9_entry_c0
0 51.36709 10.72997 94.43260 0.25882 0.00000 0.96593 0.0838 0.7378
0 63.68285 13.26614 91.13260 0.25882 0.00000 0.96593 0.1036 0.7120
0 53.87535 37.77878 93.76051 0.25882 0.00000 0.96593 0.2951 0.7325
p9_entry_c0
0 51.36709 10.72997 94.43260 0.25882 0.00000 0.96593 0.0838 0.7378
0 53.87535 37.77878 93.76051 0.25882 0.00000 0.96593 0.2951 0.7325
0 43.43456 30.55636 96.55811 0.25882 0.00000 0.96593 0.2387 0.7544
p9_entry_c0
0 63.68285 13.26614 91.13260 0.89240 0.38268 -0.23912 0.1036 0.7120
0 56.43592 13.26614 64.08668 0.89240 0.38268 -0.23912 0.1036 0.5007
0 46.62842 37.77878 66.71459 0.89240 0.38268 -0.23912 0.2951 0.5212
p9_entry_c0
0 63.68285 13.26614 91.13260 0.89240 0.38268 -0.23912 0.1036 0.7120
0 46.62842 37.77878 66.71459 0.89240 0.38268 -0.23912 0.2951 0.5212
0 53.87535 37.77878 93.76051 0.89240 0.38268 -0.23912 0.2951 0.7325
p9_entry_c1
0 46.62842 37.77878 66.71459 -0.25882 0.00000 -0.96593 0.2951 0.5212
0 36.18763 30.55636 69.51219 -0.25882 0.00000 -0.96593 0.2387 0.5431
0 21.53022 45.73083 73.43963 -0.25882 0.00000 -0.96593 0.3573 0.5737
p9_entry_c1
0 46.62842 37.77878 66.71459 -0.25882 0.00000 -0.96593 0.2951 0.5212
0 21.53022 45.73083 73.43963 -0.25882 0.00000 -0.96593 0.3573 0.5737
0 28.50653 56.53993 71.57033 -0.25882 0.00000 -0.96593 0.4417 0.5591
p9_entry_c1
0 36.18763 30.55636 69.51219 -0.46484 -0.22754 -0.85566 0.2387 0.5431
0 31.88644 27.22294 72.73524 -0.46484 -0.22754 -0.85566 0.2127 0.5682
0 18.82802 40.74201 76.23424 -0.46484 -0.22754 -0.85566 0.3183 0.5956
p9_entry_c1
0 36.18763 30.55636 69.51219 -0.46484 -0.22754 -0.85566 0.2387 0.5431
0 18.82802 40.74201 76.23424 -0.46484 -0.22754 -0.85566 0.3183 0.5956
0 21.53022 45.73083 73.43963 -0.46484 -0.22754 -0.85566 0.3573 0.5737
p9_entry_clip
0 31.88644 27.22294 72.73524 -0.69264 -0.54750 -0.46957 0.2127 0.5682
0 30.65505 25.83402 76.17102 -0.69264 -0.54750 -0.46957 0.2018 0.5951
0 18.26288 38.66334 79.49149 -0.69264 -0.54750 -0.46957 0.3021 0.6210
p9_entry_clip
0 31.88644 27.22294 72.73524 -0.69264 -0.54750 -0.46957 0.2127 0.5682
0 18.26288 38.66334 79.49149 -0.69264 -0.54750 -0.46957 0.3021 0.6210
0 18.82802 40.74201 76.23424 -0.69264 -0.54750 -0.46957 0.3183 0.5956
p9_entry_ch1
0 30.65505 25.83402 76.17102 -0.72963 -0.67210 -0.12620 0.2018 0.5951
0 30.62837 25.27845 79.28400 -0.72963 -0.67210 -0.12620 0.1975 0.6194
0 18.50269 37.83187 82.53306 -0.72963 -0.67210 -0.12620 0.2956 0.6448
p9_entry_ch1
0 30.65505 25.83402 76.17102 -0.72963 -0.67210 -0.12620 0.2018 0.5951
0 18.50269 37.83187 82.53306 -0.72963 -0.67210 -0.12620 0.2956 0.6448
0 18.26288 38.66334 79.49149 -0.72963 -0.67210 -0.12620 0.3021 0.6210
p9_entry_ch1
0 30.62837 25.27845 79.28400 -0.72720 -0.63488 -0.26098 0.1975 0.6194
0 30.20012 24.44509 82.50458 -0.72720 -0.63488 -0.26098 0.1910 0.6446
0 18.47419 36.58466 85.64653 -0.72720 -0.63488 -0.26098 0.2858 0.6691
p9_entry_ch1
0 30.62837 25.27845 79.28400 -0.72720 -0.63488 -0.26098 0.1975 0.6194
0 18.47419 36.58466 85.64653 -0.72720 -0.63488 -0.26098 0.2858 0.6691
0 18.50269 37.83187 82.53306 -0.72720 -0.63488 -0.26098 0.2956 0.6448
p9_entry_clip
0 30.20012 24.44509 82.50458 -0.68301 -0.70711 0.18301 0.1910 0.6446
0 31.75303 24.44509 88.30013 -0.68301 -0.70711 0.18301 0.1910 0.6898
0 20.02711 36.58466 91.44208 -0.68301 -0.70711 0.18301 0.2858 0.7144
p9_entry_clip
0 30.20012 24.44509 82.50458 -0.68301 -0.70711 0.18301 0.1910 0.6446
0 20.02711 36.58466 91.44208 -0.68301 -0.70711 0.18301 0.2858 0.7144
0 18.47419 36.58466 85.64653 -0.68301 -0.70711 0.18301 0.2858 0.6691
p9_entry_ch1
0 31.75303 24.44509 88.30013 -0.49929 -0.63488 0.58961 0.1910 0.6898
0 33.73420 25.27845 90.87511 -0.49929 -0.63488 0.58961 0.1975 0.7100
0 21.60852 37.83187 94.12417 -0.49929 -0.63488 0.58961 0.2956 0.7353
p9_entry_ch1
0 31.75303 24.44509 88.30013 -0.49929 -0.63488 0.58961 0.1910 0.6898
0 21.60852 37.83187 94.12417 -0.49929 -0.63488 0.58961 0.2956 0.7353
0 20.02711 36.58466 91.44208 -0.49929 -0.63488 0.58961 0.2858 0.7144
p9_entry_ch1
0 33.73420 25.27845 90.87511 -0.56877 -0.67210 0.47411 0.1975 0.7100
0 35.31379 25.83402 93.55769 -0.56877 -0.67210 0.47411 0.2018 0.7309
0 22.92162 38.66334 96.87816 -0.56877 -0.67210 0.47411 0.3021 0.7569
p9_entry_ch1
0 33.73420 25.27845 90.87511 -0.56877 -0.67210 0.47411 0.1975 0.7100
0 22.92162 38.66334 96.87816 -0.56877 -0.67210 0.47411 0.3021 0.7569
0 21.60852 37.83187 94.12417 -0.56877 -0.67210 0.47411 0.2956 0.7353
p9_entry_clip
0 35.31379 25.83402 93.55769 -0.36506 -0.54750 0.75298 0.2018 0.7309
0 38.09809 27.22294 95.91746 -0.36506 -0.54750 0.75298 0.2127 0.7494
0 25.03968 40.74201 99.41646 -0.36506 -0.54750 0.75298 0.3183 0.7767
p9_entry_clip
0 35.31379 25.83402 93.55769 -0.36506 -0.54750 0.75298 0.2018 0.7309
0 25.03968 40.74201 99.41646 -0.36506 -0.54750 0.75298 0.3183 0.7767
0 22.92162 38.66334 96.87816 -0.36506 -0.54750 0.75298 0.3021 0.7569
p9_entry_c1
0 38.09809 27.22294 95.91746 0.02527 -0.22754 0.97344 0.2127 0.7494
0 43.43456 30.55636 96.55811 0.02527 -0.22754 0.97344 0.2387 0.7544
0 28.77715 45.73083 100.48556 0.02527 -0.22754 0.97344 0.3573 0.7850
p9_entry_c1
0 38.09809 27.22294 95.91746 0.02527 -0.22754 0.97344 0.2127 0.7494
0 28.77715 45.73083 100.48556 0.02527 -0.22754 0.97344 0.3573 0.7850
0 25.03968 40.74201 99.41646 0.02527 -0.22754 0.97344 0.3183 0.7767
p9_entry_c1
0 43.43456 30.55636 96.55811 0.25882 -0.00000 0.96593 0.2387 0.7544
0 53.87535 37.77878 93.76051 0.25882 -0.00000 0.96593 0.2951 0.7325
0 35.75347 56.53993 98.61626 0.25882 -0.00000 0.96593 0.4417 0.7704
p9_entry_c1
0 43.43456 30.55636 96.55811 0.25882 -0.00000 0.96593 0.2387 0.7544
0 35.75347 56.53993 98.61626 0.25882 -0.00000 0.96593 0.4417 0.7704
0 28.77715 45.73083 100.48556 0.25882 -0.00000 0.96593 0.3573 0.7850
p9_entry_c1
0 53.87535 37.77878 93.76051 0.68301 0.70711 -0.18301 0.2951 0.7325
0 46.62842 37.77878 66.71459 0.68301 0.70711 -0.18301 0.2951 0.5212
0 28.50653 56.53993 71.57033 0.68301 0.70711 -0.18301 0.4417 0.5591
p9_entry_c1
0 53.87535 37.77878 93.76051 0.68301 0.70711 -0.18301 0.2951 0.7325
0 28.50653 56.53993 71.57033 0.68301 0.70711 -0.18301 0.4417 0.5591
0 35.75347 56.53993 98.61626 0.68301 0.70711 -0.18301 0.4417 0.7704
p9_entry_c1
0 28.50653 56.53993 71.57033 -0.25882 -0.00000 -0.96593 0.4417 0.5591
0 21.53022 45.73083 73.43963 -0.25882 -0.00000 -0.96593 0.3573 0.5737
0 2.37939 53.94319 78.57108 -0.25882 -0.00000 -0.96593 0.4214 0.6138
p9_entry_c1
0 28.50653 56.53993 71.57033 -0.25882 -0.00000 -0.96593 0.4417 0.5591
0 2.37939 53.94319 78.57108 -0.25882 -0.00000 -0.96593 0.4214 0.6138
0 4.82915 66.69340 77.91467 -0.25882 -0.00000 -0.96593 0.5210 0.6087
p9_entry_c1
0 21.53022 45.73083 73.43963 -0.36400 -0.29729 -0.88268 0.3573 0.5737
0 18.82802 40.74201 76.23424 -0.36400 -0.29729 -0.88268 0.3183 0.5956
0 1.76637 48.05848 80.80589 -0.36400 -0.29729 -0.88268 0.3755 0.6313
p9_entry_c1
0 21.53022 45.73083 73.43963 -0.36400 -0.29729 -0.88268 0.3573 0.5737
0 1.76637 48.05848 80.80589 -0.36400 -0.29729 -0.88268 0.3755 0.6313
0 2.37939 53.94319 78.57108 -0.36400 -0.29729 -0.88268 0.4214 0.6138
p9_entry_clip
0 18.82802 40.74201 76.23424 -0.45000 -0.71534 -0.53459 0.3183 0.5956
0 18.26288 38.66334 79.49149 -0.45000 -0.71534 -0.53459 0.3021 0.6210
0 2.07172 45.60652 83.82990 -0.45000 -0.71534 -0.53459 0.3563 0.6549
p9_entry_clip
0 18.82802 40.74201 76.23424 -0.45000 -0.71534 -0.53459 0.3183 0.5956
0 2.07172 45.60652 83.82990 -0.45000 -0.71534 -0.53459 0.3563 0.6549
0 1.76637 48.05848 80.80589 -0.45000 -0.71534 -0.53459 0.3755 0.6313
p9_entry_ch1
0 18.26288 38.66334 79.49149 -0.43177 -0.87814 -0.20601 0.3021 0.6210
0 18.50269 37.83187 82.53306 -0.43177 -0.87814 -0.20601 0.2956 0.6448
0 2.65974 44.62573 86.77817 -0.43177 -0.87814 -0.20601 0.3486 0.6780
p9_entry_ch1
0 18.26288 38.66334 79.49149 -0.43177 -0.87814 -0.20601 0.3021 0.6210
0 2.65974 44.62573 86.77817 -0.43177 -0.87814 -0.20601 0.3486 0.6780
0 2.07172 45.60652 83.82990 -0.43177 -0.87814 -0.20601 0.3563 0.6549
p9_entry_ch1
0 18.50269 37.83187 82.53306 -0.44584 -0.82951 -0.33637 0.2956 0.6448
0 18.47419 36.58466 85.64653 -0.44584 -0.82951 -0.33637 0.2858 0.6691
0 3.15353 43.15455 89.75169 -0.44584 -0.82951 -0.33637 0.3371 0.7012
p9_entry_ch1
0 18.50269 37.83187 82.53306 -0.44584 -0.82951 -0.33637 0.2956 0.6448
0 3.15353 43.15455 89.75169 -0.44584 -0.82951 -0.33637 0.3371 0.7012
0 2.65974 44.62573 86.77817 -0.44584 -0.82951 -0.33637 0.3486 0.6780
p9_entry_clip
0 18.47419 36.58466 85.64653 -0.36964 -0.92388 0.09905 0.2858 0.6691
0 20.02711 36.58466 91.44208 -0.36964 -0.92388 0.09905 0.2858 0.7144
0 4.70645 43.15455 95.54724 -0.36964 -0.92388 0.09905 0.3371 0.7465
p9_entry_clip
0 18.47419 36.58466 85.64653 -0.36964 -0.92388 0.09905 0.2858 0.6691
0 4.70645 43.15455 95.54724 -0.36964 -0.92388 0.09905 0.3371 0.7465
0 3.15353 43.15455 89.75169 -0.36964 -0.92388 0.09905 0.3371 0.7012
p9_entry_ch1
0 20.02711 36.58466 91.44208 -0.21793 -0.82951 0.51422 0.2858 0.7144
0 21.60852 37.83187 94.12417 -0.21793 -0.82951 0.51422 0.2956 0.7353
0 5.76557 44.62573 98.36928 -0.21793 -0.82951 0.51422 0.3486 0.7685
p9_entry_ch1
0 20.02711 36.58466 91.44208 -0.21793 -0.82951 0.51422 0.2858 0.7144
0 5.76557 44.62573 98.36928 -0.21793 -0.82951 0.51422 0.3486 0.7685
0 4.70645 43.15455 95.54724 -0.21793 -0.82951 0.51422 0.3371 0.7465
p9_entry_ch1
0 21.60852 37.83187 94.12417 -0.27092 -0.87814 0.39430 0.2956 0.7353
0 22.92162 38.66334 96.87816 -0.27092 -0.87814 0.39430 0.3021 0.7569
0 6.73047 45.60652 101.21657 -0.27092 -0.87814 0.39430 0.3563 0.7908
p9_entry_ch1
0 21.60852 37.83187 94.12417 -0.27092 -0.87814 0.39430 0.2956 0.7353
0 6.73047 45.60652 101.21657 -0.27092 -0.87814 0.39430 0.3563 0.7908
0 5.76557 44.62573 98.36928 -0.27092 -0.87814 0.39430 0.3486 0.7685
p9_entry_clip
0 22.92162 38.66334 96.87816 -0.12242 -0.71534 0.68796 0.3021 0.7569
0 25.03968 40.74201 99.41646 -0.12242 -0.71534 0.68796 0.3183 0.7767
0 7.97803 48.05848 103.98811 -0.12242 -0.71534 0.68796 0.3755 0.8124
p9_entry_clip
0 22.92162 38.66334 96.87816 -0.12242 -0.71534 0.68796 0.3021 0.7569
0 7.97803 48.05848 103.98811 -0.12242 -0.71534 0.68796 0.3755 0.8124
0 6.73047 45.60652 101.21657 -0.12242 -0.71534 0.68796 0.3563 0.7908
p9_entry_c1
0 25.03968 40.74201 99.41646 0.12611 -0.29729 0.94642 0.3183 0.7767
0 28.77715 45.73083 100.48556 0.12611 -0.29729 0.94642 0.3573 0.7850
0 9.62633 53.94319 105.61700 0.12611 -0.29729 0.94642 0.4214 0.8251
p9_entry_c1
0 25.03968 40.74201 99.41646 0.12611 -0.29729 0.94642 0.3183 0.7767
0 9.62633 53.94319 105.61700 0.12611 -0.29729 0.94642 0.4214 0.8251
0 7.97803 48.05848 103.98811 0.12611 -0.29729 0.94642 0.3755 0.8124
p9_entry_c1
0 28.77715 45.73083 100.48556 0.25882 -0.00000 0.96593 0.3573 0.7850
0 35.75347 56.53993 98.61626 0.25882 -0.00000 0.96593 0.4417 0.7704
0 12.07608 66.69340 104.96059 0.25882 -0.00000 0.96593 0.5210 0.8200
p9_entry_c1
0 28.77715 45.73083 100.48556 0.25882 -0.00000 0.96593 0.3573 0.7850
0 12.07608 66.69340 104.96059 0.25882 -0.00000 0.96593 0.5210 0.8200
0 9.62633 53.94319 105.61700 0.25882 -0.00000 0.96593 0.4214 0.8251
p9_entry_c1
0 35.75347 56.53993 98.61626 0.36964 0.92388 -0.09905 0.4417 0.7704
0 28.50653 56.53993 71.57033 0.36964 0.92388 -0.09905 0.4417 0.5591
0 4.82915 66.69340 77.91467 0.36964 0.92388 -0.09905 0.5210 0.6087
p9_entry_c1
0 35.75347 56.53993 98.61626 0.36964 0.92388 -0.09905 0.4417 0.7704
0 4.82915 66.69340 77.91467 0.36964 0.92388 -0.09905 0.5210 0.6087
0 12.07608 66.69340 104.96059 0.36964 0.92388 -0.09905 0.5210 0.8200
p9_entry_c2
0 4.82915 66.69340 77.91467 -0.25882 0.00000 -0.96593 0.5210 0.6087
0 2.37939 53.94319 78.57108 -0.25882 0.00000 -0.96593 0.4214 0.6138
0 -18.34931 53.94319 84.12532 -0.25882 0.00000 -0.96593 0.4214 0.6572
p9_entry_c2
0 4.82915 66.69340 77.91467 -0.25882 0.00000 -0.96593 0.5210 0.6087
0 -18.34931 53.94319 84.12532 -0.25882 0.00000 -0.96593 0.4214 0.6572
0 -20.79907 66.69340 84.78173 -0.25882 0.00000 -0.96593 0.5210 0.6624
p9_entry_c2
0 2.37939 53.94319 78.57108 -0.24505 -0.32179 -0.91455 0.4214 0.6138
0 1.76637 48.05848 80.80589 -0.24505 -0.32179 -0.91455 0.3755 0.6313
0 -16.70102 48.05848 85.75421 -0.24505 -0.32179 -0.91455 0.3755 0.6700
p9_entry_c2
0 2.37939 53.94319 78.57108 -0.24505 -0.32179 -0.91455 0.4214 0.6138
0 -16.70102 48.05848 85.75421 -0.24505 -0.32179 -0.91455 0.3755 0.6700
0 -18.34931 53.94319 84.12532 -0.24505 -0.32179 -0.91455 0.4214 0.6572
p9_entry_clip
0 1.76637 48.05848 80.80589 -0.16379 -0.77428 -0.61128 0.3755 0.6313
0 2.07172 45.60652 83.82990 -0.16379 -0.77428 -0.61128 0.3563 0.6549
0 -15.45345 45.60652 88.52576 -0.16379 -0.77428 -0.61128 0.3563 0.6916
p9_entry_clip
0 1.76637 48.05848 80.80589 -0.16379 -0.77428 -0.61128 0.3755 0.6313
0 -15.45345 45.60652 88.52576 -0.16379 -0.77428 -0.61128 0.3563 0.6916
0 -16.70102 48.05848 85.75421 -0.16379 -0.77428 -0.61128 0.3755 0.6700
p9_entry_ch2
0 2.07172 45.60652 83.82990 -0.08043 -0.95049 -0.30016 0.3563 0.6549
0 2.65974 44.62573 86.77817 -0.08043 -0.95049 -0.30016 0.3486 0.6780
0 -14.48856 44.62573 91.37304 -0.08043 -0.95049 -0.30016 0.3486 0.7139
p9_entry_ch2
0 2.07172 45.60652 83.82990 -0.08043 -0.95049 -0.30016 0.3563 0.6549
0 -14.48856 44.62573 91.37304 -0.08043 -0.95049 -0.30016 0.3486 0.7139
0 -15.45345 45.60652 88.52576 -0.08043 -0.95049 -0.30016 0.3563 0.6916
p9_entry_ch2
0 2.65974 44.62573 86.77817 -0.11396 -0.89785 -0.42530 0.3486 0.6780
0 3.15353 43.15455 89.75169 -0.11396 -0.89785 -0.42530 0.3371 0.7012
0 -13.42943 43.15455 94.19508 -0.11396 -0.89785 -0.42530 0.3371 0.7359
p9_entry_ch2
0 2.65974 44.62573 86.77817 -0.11396 -0.89785 -0.42530 0.3486 0.6780
0 -13.42943 43.15455 94.19508 -0.11396 -0.89785 -0.42530 0.3371 0.7359
0 -14.48856 44.62573 91.37304 -0.11396 -0.89785 -0.42530 0.3486 0.7139
p9_entry_clip
0 3.15353 43.15455 89.75169 -0.00000 -1.00000 0.00000 0.3371 0.7012
0 4.70645 43.15455 95.54724 -0.00000 -1.00000 0.00000 0.3371 0.7465
0 -11.87652 43.15455 99.99064 -0.00000 -1.00000 0.00000 0.3371 0.7812
p9_entry_clip
0 3.15353 43.15455 89.75169 -0.00000 -1.00000 0.00000 0.3371 0.7012
0 -11.87652 43.15455 99.99064 -0.00000 -1.00000 0.00000 0.3371 0.7812
0 -13.42943 43.15455 94.19508 -0.00000 -1.00000 0.00000 0.3371 0.7359
p9_entry_ch2
0 4.70645 43.15455 95.54724 0.11396 -0.89785 0.42530 0.3371 0.7465
0 5.76557 44.62573 98.36928 0.11396 -0.89785 0.42530 0.3486 0.7685
0 -11.38273 44.62573 102.96415 0.11396 -0.89785 0.42530 0.3486 0.8044
p9_entry_ch2
0 4.70645 43.15455 95.54724 0.11396 -0.89785 0.42530 0.3371 0.7465
0 -11.38273 44.62573 102.96415 0.11396 -0.89785 0.42530 0.3486 0.8044
0 -11.87652 43.15455 99.99064 0.11396 -0.89785 0.42530 0.3371 0.7812
p9_entry_ch2
0 5.76557 44.62573 98.36928 0.08043 -0.95049 0.30016 0.3486 0.7685
0 6.73047 45.60652 101.21657 0.08043 -0.95049 0.30016 0.3563 0.7908
0 -10.79471 45.60652 105.91242 0.08043 -0.95049 0.30016 0.3563 0.8274
p9_entry_ch2
0 5.76557 44.62573 98.36928 0.08043 -0.95049 0.30016 0.3486 0.7685
0 -10.79471 45.60652 105.91242 0.08043 -0.95049 0.30016 0.3563 0.8274
0 -11.38273 44.62573 102.96415 0.08043 -0.95049 0.30016 0.3486 0.8044
p9_entry_clip
0 6.73047 45.60652 101.21657 0.16379 -0.77428 0.61128 0.3563 0.7908
0 7.97803 48.05848 103.98811 0.16379 -0.77428 0.61128 0.3755 0.8124
0 -10.48936 48.05848 108.93643 0.16379 -0.77428 0.61128 0.3755 0.8511
p9_entry_clip
0 6.73047 45.60652 101.21657 0.16379 -0.77428 0.61128 0.3563 0.7908
0 -10.48936 48.05848 108.93643 0.16379 -0.77428 0.61128 0.3755 0.8511
0 -10.79471 45.60652 105.91242 0.16379 -0.77428 0.61128 0.3563 0.8274
p9_entry_c2
0 7.97803 48.05848 103.98811 0.24505 -0.32179 0.91455 0.3755 0.8124
0 9.62633 53.94319 105.61700 0.24505 -0.32179 0.91455 0.4214 0.8251
0 -11.10238 53.94319 111.17124 0.24505 -0.32179 0.91455 0.4214 0.8685
p9_entry_c2
0 7.97803 48.05848 103.98811 0.24505 -0.32179 0.91455 0.3755 0.8124
0 -11.10238 53.94319 111.17124 0.24505 -0.32179 0.91455 0.4214 0.8685
0 -10.48936 48.05848 108.93643 0.24505 -0.32179 0.91455 0.3755 0.8511
p9_entry_c2
0 9.62633 53.94319 105.61700 0.25882 -0.00000 0.96593 0.4214 0.8251
0 12.07608 66.69340 104.96059 0.25882 -0.00000 0.96593 0.5210 0.8200
0 -13.55214 66.69340 111.82765 0.25882 -0.00000 0.96593 0.5210 0.8737
p9_entry_c2
0 9.62633 53.94319 105.61700 0.25882 -0.00000 0.96593 0.4214 0.8251
0 -13.55214 66.69340 111.82765 0.25882 -0.00000 0.96593 0.5210 0.8737
0 -11.10238 53.94319 111.17124 0.25882 -0.00000 0.96593 0.4214 0.8685
p9_entry_c2
0 12.07608 66.69340 104.96059 0.00000 1.00000 -0.00000 0.5210 0.8200
0 4.82915 66.69340 77.91467 0.00000 1.00000 -0.00000 0.5210 0.6087
0 -20.79907 66.69340 84.78173 0.00000 1.00000 -0.00000 0.5210 0.6624
p9_entry_c2
0 12.07608 66.69340 104.96059 0.00000 1.00000 -0.00000 0.5210 0.8200
0 -20.79907 66.69340 84.78173 0.00000 1.00000 -0.00000 0.5210 0.6624
0 -13.55214 66.69340 111.82765 0.00000 1.00000 -0.00000 0.5210 0.8737
tube_glass
0 -128.00000 42.49846 17.60344 -0.00639 0.98077 0.19509 0.3320 0.1375
0 -120.77972 42.49846 17.83981 -0.00639 0.98077 0.19509 0.3320 0.1394
0 -119.62840 46.00000 0.27406 -0.00639 0.98077 0.19509 0.3594 0.0021
tube_glass
0 -128.00000 42.49846 17.60344 -0.00639 0.98077 0.19509 0.3320 0.1375
0 -119.62840 46.00000 0.27406 -0.00639 0.98077 0.19509 0.3594 0.0021
0 -128.00000 46.00000 0.00000 -0.00639 0.98077 0.19509 0.3594 0.0000
tube_glass
0 -128.00000 32.52691 32.52691 -0.01818 0.83133 0.55548 0.2541 0.2541
0 -121.75576 32.52691 32.73133 -0.01818 0.83133 0.55548 0.2541 0.2557
0 -120.77972 42.49846 17.83981 -0.01818 0.83133 0.55548 0.3320 0.1394
tube_glass
0 -128.00000 32.52691 32.52691 -0.01818 0.83133 0.55548 0.2541 0.2541
0 -120.77972 42.49846 17.83981 -0.01818 0.83133 0.55548 0.3320 0.1394
0 -128.00000 42.49846 17.60344 -0.01818 0.83133 0.55548 0.3320 0.1375
tube_glass
0 -128.00000 17.60344 42.49846 -0.02721 0.55536 0.83116 0.1375 0.3320
0 -122.40793 17.60344 42.68152 -0.02721 0.55536 0.83116 0.1375 0.3334
0 -121.75576 32.52691 32.73133 -0.02721 0.55536 0.83116 0.2541 0.2557
tube_glass
0 -128.00000 17.60344 42.49846 -0.02721 0.55536 0.83116 0.1375 0.3320
0 -121.75576 32.52691 32.73133 -0.02721 0.55536 0.83116 0.2541 0.2557
0 -128.00000 32.52691 32.52691 -0.02721 0.55536 0.83116 0.2541 0.2541
tube_glass
0 -128.00000 0.00000 46.00000 -0.03209 0.19499 0.98028 0.0000 0.3594
0 -122.63694 0.00000 46.17557 -0.03209 0.19499 0.98028 0.0000 0.3607
0 -122.40793 17.60344 42.68152 -0.03209 0.19499 0.98028 0.1375 0.3334
tube_glass
0 -128.00000 0.00000 46.00000 -0.03209 0.19499 0.98028 0.0000 0.3594
0 -122.40793 17.60344 42.68152 -0.03209 0.19499 0.98028 0.1375 0.3334
0 -128.00000 17.60344 42.49846 -0.03209 0.19499 0.98028 0.1375 0.3320
tube_glass
0 -128.00000 -17.60344 42.49846 -0.03209 -0.19499 0.98028 0.8625 0.3320
0 -122.40793 -17.60344 42.68152 -0.03209 -0.19499 0.98028 0.8625 0.3334
0 -122.63694 0.00000 46.17557 -0.03209 -0.19499 0.98028 0.0000 0.3607
tube_glass
0 -128.00000 -17.60344 42.49846 -0.03209 -0.19499 0.98028 0.8625 0.3320
0 -122.63694 0.00000 46.17557 -0.03209 -0.19499 0.98028 0.0000 0.3607
0 -128.00000 0.00000 46.00000 -0.03209 -0.19499 0.98028 0.0000 0.3594
tube_glass
0 -128.00000 -32.52691 32.52691 -0.02721 -0.55536 0.83116 0.7459 0.2541
0 -121.75576 -32.52691 32.73133 -0.02721 -0.55536 0.83116 0.7459 0.2557
0 -122.40793 -17.60344 42.68152 -0.02721 -0.55536 0.83116 0.8625 0.3334
tube_glass
0 -128.00000 -32.52691 32.52691 -0.02721 -0.55536 0.83116 0.7459 0.2541
0 -122.40793 -17.60344 42.68152 -0.02721 -0.55536 0.83116 0.8625 0.3334
0 -128.00000 -17.60344 42.49846 -0.02721 -0.55536 0.83116 0.8625 0.3320
tube_glass
0 -128.00000 -42.49846 17.60344 -0.01818 -0.83133 0.55548 0.6680 0.1375
0 -120.77972 -42.49846 17.83981 -0.01818 -0.83133 0.55548 0.6680 0.1394
0 -121.75576 -32.52691 32.73133 -0.01818 -0.83133 0.55548 0.7459 0.2557
tube_glass
0 -128.00000 -42.49846 17.60344 -0.01818 -0.83133 0.55548 0.6680 0.1375
0 -121.75576 -32.52691 32.73133 -0.01818 -0.83133 0.55548 0.7459 0.2557
0 -128.00000 -32.52691 32.52691 -0.01818 -0.83133 0.55548 0.7459 0.2541
tube_glass
0 -128.00000 -46.00000 0.00000 -0.00639 -0.98077 0.19509 0.6406 0.0000
0 -119.62840 -46.00000 0.27406 -0.00639 -0.98077 0.19509 0.6406 0.0021
0 -120.77972 -42.49846 17.83981 -0.00639 -0.98077 0.19509 0.6680 0.1394
tube_glass
0 -128.00000 -46.00000 0.00000 -0.00639 -0.98077 0.19509 0.6406 0.0000
0 -120.77972 -42.49846 17.83981 -0.00639 -0.98077 0.19509 0.6680 0.1394
0 -128.00000 -42.49846 17.60344 -0.00639 -0.98077 0.19509 0.6680 0.1375
tube_glass
0 -128.00000 -42.49846 -17.60344 0.00639 -0.98077 -0.19509 0.6680 0.8625
0 -118.47708 -42.49846 -17.29169 0.00639 -0.98077 -0.19509 0.6680 0.8649
0 -119.62840 -46.00000 0.27406 0.00639 -0.98077 -0.19509 0.6406 0.0021
tube_glass
0 -128.00000 -42.49846 -17.60344 0.00639 -0.98077 -0.19509 0.6680 0.8625
0 -119.62840 -46.00000 0.27406 0.00639 -0.98077 -0.19509 0.6406 0.0021
0 -128.00000 -46.00000 0.00000 0.00639 -0.98077 -0.19509 0.6406 0.0000
tube_glass
0 -128.00000 -32.52691 -32.52691 0.01818 -0.83133 -0.55548 0.7459 0.7459
0 -117.50104 -32.52691 -32.18321 0.01818 -0.83133 -0.55548 0.7459 0.7486
0 -118.47708 -42.49846 -17.29169 0.01818 -0.83133 -0.55548 0.6680 0.8649
tube_glass
0 -128.00000 -32.52691 -32.52691 0.01818 -0.83133 -0.55548 0.7459 0.7459
0 -118.47708 -42.49846 -17.29169 0.01818 -0.83133 -0.55548 0.6680 0.8649
0 -128.00000 -42.49846 -17.60344 0.01818 -0.83133 -0.55548 0.6680 0.8625
tube_glass
0 -128.00000 -17.60344 -42.49846 0.02721 -0.55536 -0.83116 0.8625 0.6680
0 -116.84887 -17.60344 -42.13341 0.02721 -0.55536 -0.83116 0.8625 0.6708
0 -117.50104 -32.52691 -32.18321 0.02721 -0.55536 -0.83116 0.7459 0.7486
tube_glass
0 -128.00000 -17.60344 -42.49846 0.02721 -0.55536 -0.83116 0.8625 0.6680
0 -117.50104 -32.52691 -32.18321 0.02721 -0.55536 -0.83116 0.7459 0.7486
0 -128.00000 -32.52691 -32.52691 0.02721 -0.55536 -0.83116 0.7459 0.7459
tube_glass
0 -128.00000 -0.00000 -46.00000 0.03209 -0.19499 -0.98028 1.0000 0.6406
0 -116.61986 -0.00000 -45.62745 0.03209 -0.19499 -0.98028 1.0000 0.6435
0 -116.84887 -17.60344 -42.13341 0.03209 -0.19499 -0.98028 0.8625 0.6708
tube_glass
0 -128.00000 -0.00000 -46.00000 0.03209 -0.19499 -0.98028 1.0000 0.6406
0 -116.84887 -17.60344 -42.13341 0.03209 -0.19499 -0.98028 0.8625 0.6708
0 -128.00000 -17.60344 -42.49846 0.03209 -0.19499 -0.98028 0.8625 0.6680
tube_glass
0 -128.00000 17.60344 -42.49846 0.03209 0.19499 -0.98028 0.1375 0.6680
0 -116.84887 17.60344 -42.13341 0.03209 0.19499 -0.98028 0.1375 0.6708
0 -116.61986 -0.00000 -45.62745 0.03209 0.19499 -0.98028 1.0000 0.6435
tube_glass
0 -128.00000 17.60344 -42.49846 0.03209 0.19499 -0.98028 0.1375 0.6680
0 -116.61986 -0.00000 -45.62745 0.03209 0.19499 -0.98028 1.0000 0.6435
0 -128.00000 -0.00000 -46.00000 0.03209 0.19499 -0.98028 1.0000 0.6406
tube_glass
0 -128.00000 32.52691 -32.52691 0.02721 0.55536 -0.83116 0.2541 0.7459
0 -117.50104 32.52691 -32.18321 0.02721 0.55536 -0.83116 0.2541 0.7486
0 -116.84887 17.60344 -42.13341 0.02721 0.55536 -0.83116 0.1375 0.6708
tube_glass
0 -128.00000 32.52691 -32.52691 0.02721 0.55536 -0.83116 0.2541 0.7459
0 -116.84887 17.60344 -42.13341 0.02721 0.55536 -0.83116 0.1375 0.6708
0 -128.00000 17.60344 -42.49846 0.02721 0.55536 -0.83116 0.1375 0.6680
tube_glass
0 -128.00000 42.49846 -17.60344 0.01818 0.83133 -0.55548 0.3320 0.8625
0 -118.47708 42.49846 -17.29169 0.01818 0.83133 -0.55548 0.3320 0.8649
0 -117.50104 32.52691 -32.18321 0.01818 0.83133 -0.55548 0.2541 0.7486
tube_glass
0 -128.00000 42.49846 -17.60344 0.01818 0.83133 -0.55548 0.3320 0.8625
0 -117.50104 32.52691 -32.18321 0.01818 0.83133 -0.55548 0.2541 0.7486
0 -128.00000 32.52691 -32.52691 0.01818 0.83133 -0.55548 0.2541 0.7459
tube_glass
0 -128.00000 46.00000 -0.00000 0.00639 0.98077 -0.19509 0.3594 1.0000
0 -119.62840 46.00000 0.27406 0.00639 0.98077 -0.19509 0.3594 0.0021
0 -118.47708 42.49846 -17.29169 0.00639 0.98077 -0.19509 0.3320 0.8649
tube_glass
0 -128.00000 46.00000 -0.00000 0.00639 0.98077 -0.19509 0.3594 1.0000
0 -118.47708 42.49846 -17.29169 0.00639 0.98077 -0.19509 0.3320 0.8649
0 -128.00000 42.49846 -17.60344 0.00639 0.98077 -0.19509 0.3320 0.8625
tube_rail2
0 -128.00000 30.01270 30.01270 0.03272 0.00000 -0.99946 0.2345 0.2345
0 -128.00000 32.21270 30.01270 0.03272 0.00000 -0.99946 0.2517 0.2345
0 -121.59132 32.21270 30.22250 0.03272 0.00000 -0.99946 0.2517 0.2361
tube_rail2
0 -128.00000 30.01270 30.01270 0.03272 0.00000 -0.99946 0.2345 0.2345
0 -121.59132 32.21270 30.22250 0.03272 0.00000 -0.99946 0.2517 0.2361
0 -121.59132 30.01270 30.22250 0.03272 0.00000 -0.99946 0.2345 0.2361
tube_rail2
0 -128.00000 32.21270 30.01270 0.00000 1.00000 0.00000 0.2517 0.2345
0 -128.00000 32.21270 32.21270 0.00000 1.00000 0.00000 0.2517 0.2517
0 -121.73521 32.21270 32.41779 0.00000 1.00000 0.00000 0.2517 0.2533
tube_rail2
0 -128.00000 32.21270 30.01270 0.00000 1.00000 0.00000 0.2517 0.2345
0 -121.73521 32.21270 32.41779 0.00000 1.00000 0.00000 0.2517 0.2533
0 -121.59132 32.21270 30.22250 0.00000 1.00000 0.00000 0.2517 0.2361
tube_rail2
0 -128.00000 32.21270 32.21270 -0.03272 0.00000 0.99946 0.2517 0.2517
0 -128.00000 30.01270 32.21270 -0.03272 0.00000 0.99946 0.2345 0.2517
0 -121.73521 30.01270 32.41779 -0.03272 0.00000 0.99946 0.2345 0.2533
tube_rail2
0 -128.00000 32.21270 32.21270 -0.03272 0.00000 0.99946 0.2517 0.2517
0 -121.73521 30.01270 32.41779 -0.03272 0.00000 0.99946 0.2345 0.2533
0 -121.73521 32.21270 32.41779 -0.03272 0.00000 0.99946 0.2517 0.2533
tube_rail2
0 -128.00000 30.01270 32.21270 0.00000 -1.00000 0.00000 0.2345 0.2517
0 -128.00000 30.01270 30.01270 0.00000 -1.00000 0.00000 0.2345 0.2345
0 -121.59132 30.01270 30.22250 0.00000 -1.00000 0.00000 0.2345 0.2361
tube_rail2
0 -128.00000 30.01270 32.21270 0.00000 -1.00000 0.00000 0.2345 0.2517
0 -121.59132 30.01270 30.22250 0.00000 -1.00000 0.00000 0.2345 0.2361
0 -121.73521 30.01270 32.41779 0.00000 -1.00000 0.00000 0.2345 0.2533
tube_rail2
0 -128.00000 -32.21270 30.01270 0.03272 0.00000 -0.99946 0.7483 0.2345
0 -128.00000 -30.01270 30.01270 0.03272 0.00000 -0.99946 0.7655 0.2345
0 -121.59132 -30.01270 30.22250 0.03272 0.00000 -0.99946 0.7655 0.2361
tube_rail2
0 -128.00000 -32.21270 30.01270 0.03272 0.00000 -0.99946 0.7483 0.2345
0 -121.59132 -30.01270 30.22250 0.03272 0.00000 -0.99946 0.7655 0.2361
0 -121.59132 -32.21270 30.22250 0.03272 0.00000 -0.99946 0.7483 0.2361
tube_rail2
0 -128.00000 -30.01270 30.01270 0.00000 1.00000 0.00000 0.7655 0.2345
0 -128.00000 -30.01270 32.21270 0.00000 1.00000 0.00000 0.7655 0.2517
0 -121.73521 -30.01270 32.41779 0.00000 1.00000 0.00000 0.7655 0.2533
tube_rail2
0 -128.00000 -30.01270 30.01270 0.00000 1.00000 0.00000 0.7655 0.2345
0 -121.73521 -30.01270 32.41779 0.00000 1.00000 0.00000 0.7655 0.2533
0 -121.59132 -30.01270 30.22250 0.00000 1.00000 0.00000 0.7655 0.2361
tube_rail2
0 -128.00000 -30.01270 32.21270 -0.03272 0.00000 0.99946 0.7655 0.2517
0 -128.00000 -32.21270 32.21270 -0.03272 0.00000 0.99946 0.7483 0.2517
0 -121.73521 -32.21270 32.41779 -0.03272 0.00000 0.99946 0.7483 0.2533
tube_rail2
0 -128.00000 -30.01270 32.21270 -0.03272 0.00000 0.99946 0.7655 0.2517
0 -121.73521 -32.21270 32.41779 -0.03272 0.00000 0.99946 0.7483 0.2533
0 -121.73521 -30.01270 32.41779 -0.03272 0.00000 0.99946 0.7655 0.2533
tube_rail2
0 -128.00000 -32.21270 32.21270 0.00000 -1.00000 0.00000 0.7483 0.2517
0 -128.00000 -32.21270 30.01270 0.00000 -1.00000 0.00000 0.7483 0.2345
0 -121.59132 -32.21270 30.22250 0.00000 -1.00000 0.00000 0.7483 0.2361
tube_rail2
0 -128.00000 -32.21270 32.21270 0.00000 -1.00000 0.00000 0.7483 0.2517
0 -121.59132 -32.21270 30.22250 0.00000 -1.00000 0.00000 0.7483 0.2361
0 -121.73521 -32.21270 32.41779 0.00000 -1.00000 0.00000 0.7483 0.2533
tube_rail2
0 -128.00000 -32.21270 -32.21270 0.03272 0.00000 -0.99946 0.7483 0.7483
0 -128.00000 -30.01270 -32.21270 0.03272 0.00000 -0.99946 0.7655 0.7483
0 -117.52159 -30.01270 -31.86967 0.03272 0.00000 -0.99946 0.7655 0.7510
tube_rail2
0 -128.00000 -32.21270 -32.21270 0.03272 0.00000 -0.99946 0.7483 0.7483
0 -117.52159 -30.01270 -31.86967 0.03272 0.00000 -0.99946 0.7655 0.7510
0 -117.52159 -32.21270 -31.86967 0.03272 0.00000 -0.99946 0.7483 0.7510
tube_rail2
0 -128.00000 -30.01270 -32.21270 0.00000 1.00000 0.00000 0.7655 0.7483
0 -128.00000 -30.01270 -30.01270 0.00000 1.00000 0.00000 0.7655 0.7655
0 -117.66548 -30.01270 -29.67438 0.00000 1.00000 0.00000 0.7655 0.7682
tube_rail2
0 -128.00000 -30.01270 -32.21270 0.00000 1.00000 0.00000 0.7655 0.7483
0 -117.66548 -30.01270 -29.67438 0.00000 1.00000 0.00000 0.7655 0.7682
0 -117.52159 -30.01270 -31.86967 0.00000 1.00000 0.00000 0.7655 0.7510
tube_rail2
0 -128.00000 -30.01270 -30.01270 -0.03272 0.00000 0.99946 0.7655 0.7655
0 -128.00000 -32.21270 -30.01270 -0.03272 0.00000 0.99946 0.7483 0.7655
0 -117.66548 -32.21270 -29.67438 -0.03272 0.00000 0.99946 0.7483 0.7682
tube_rail2
0 -128.00000 -30.01270 -30.01270 -0.03272 0.00000 0.99946 0.7655 0.7655
0 -117.66548 -32.21270 -29.67438 -0.03272 0.00000 0.99946 0.7483 0.7682
0 -117.66548 -30.01270 -29.67438 -0.03272 0.00000 0.99946 0.7655 0.7682
tube_rail2
0 -128.00000 -32.21270 -30.01270 0.00000 -1.00000 0.00000 0.7483 0.7655
0 -128.00000 -32.21270 -32.21270 0.00000 -1.00000 0.00000 0.7483 0.7483
0 -117.52159 -32.21270 -31.86967 0.00000 -1.00000 0.00000 0.7483 0.7510
tube_rail2
0 -128.00000 -32.21270 -30.01270 0.00000 -1.00000 0.00000 0.7483 0.7655
0 -117.52159 -32.21270 -31.86967 0.00000 -1.00000 0.00000 0.7483 0.7510
0 -117.66548 -32.21270 -29.67438 0.00000 -1.00000 0.00000 0.7483 0.7682
tube_rail2
0 -128.00000 30.01270 -32.21270 0.03272 0.00000 -0.99946 0.2345 0.7483
0 -128.00000 32.21270 -32.21270 0.03272 0.00000 -0.99946 0.2517 0.7483
0 -117.52159 32.21270 -31.86967 0.03272 0.00000 -0.99946 0.2517 0.7510
tube_rail2
0 -128.00000 30.01270 -32.21270 0.03272 0.00000 -0.99946 0.2345 0.7483
0 -117.52159 32.21270 -31.86967 0.03272 0.00000 -0.99946 0.2517 0.7510
0 -117.52159 30.01270 -31.86967 0.03272 0.00000 -0.99946 0.2345 0.7510
tube_rail2
0 -128.00000 32.21270 -32.21270 0.00000 1.00000 0.00000 0.2517 0.7483
0 -128.00000 32.21270 -30.01270 0.00000 1.00000 0.00000 0.2517 0.7655
0 -117.66548 32.21270 -29.67438 0.00000 1.00000 0.00000 0.2517 0.7682
tube_rail2
0 -128.00000 32.21270 -32.21270 0.00000 1.00000 0.00000 0.2517 0.7483
0 -117.66548 32.21270 -29.67438 0.00000 1.00000 0.00000 0.2517 0.7682
0 -117.52159 32.21270 -31.86967 0.00000 1.00000 0.00000 0.2517 0.7510
tube_rail2
0 -128.00000 32.21270 -30.01270 -0.03272 0.00000 0.99946 0.2517 0.7655
0 -128.00000 30.01270 -30.01270 -0.03272 0.00000 0.99946 0.2345 0.7655
0 -117.66548 30.01270 -29.67438 -0.03272 0.00000 0.99946 0.2345 0.7682
tube_rail2
0 -128.00000 32.21270 -30.01270 -0.03272 0.00000 0.99946 0.2517 0.7655
0 -117.66548 30.01270 -29.67438 -0.03272 0.00000 0.99946 0.2345 0.7682
0 -117.66548 32.21270 -29.67438 -0.03272 0.00000 0.99946 0.2517 0.7682
tube_rail2
0 -128.00000 30.01270 -30.01270 0.00000 -1.00000 0.00000 0.2345 0.7655
0 -128.00000 30.01270 -32.21270 0.00000 -1.00000 0.00000 0.2345 0.7483
0 -117.52159 30.01270 -31.86967 0.00000 -1.00000 0.00000 0.2345 0.7510
tube_rail2
0 -128.00000 30.01270 -30.01270 0.00000 -1.00000 0.00000 0.2345 0.7655
0 -117.52159 30.01270 -31.86967 0.00000 -1.00000 0.00000 0.2345 0.7510
0 -117.66548 30.01270 -29.67438 0.00000 -1.00000 0.00000 0.2345 0.7682
tube_glass
0 -120.77972 42.49846 17.83981 -0.01913 0.98077 0.19425 0.3320 0.1394
0 -113.59036 42.49846 18.54790 -0.01913 0.98077 0.19425 0.3320 0.1449
0 -111.29265 46.00000 1.09506 -0.01913 0.98077 0.19425 0.3594 0.0086
tube_glass
0 -120.77972 42.49846 17.83981 -0.01913 0.98077 0.19425 0.3320 0.1394
0 -111.29265 46.00000 1.09506 -0.01913 0.98077 0.19425 0.3594 0.0086
0 -119.62840 46.00000 0.27406 -0.01913 0.98077 0.19425 0.3594 0.0021
tube_glass
0 -121.75576 32.52691 32.73133 -0.05448 0.83133 0.55310 0.2541 0.2557
0 -115.53826 32.52691 33.34370 -0.05448 0.83133 0.55310 0.2541 0.2605
0 -113.59036 42.49846 18.54790 -0.05448 0.83133 0.55310 0.3320 0.1449
tube_glass
0 -121.75576 32.52691 32.73133 -0.05448 0.83133 0.55310 0.2541 0.2557
0 -113.59036 42.49846 18.54790 -0.05448 0.83133 0.55310 0.3320 0.1449
0 -120.77972 42.49846 17.83981 -0.05448 0.83133 0.55310 0.3320 0.1394
tube_glass
0 -122.40793 17.60344 42.68152 -0.08151 0.55536 0.82760 0.1375 0.3334
0 -116.83981 17.60344 43.22994 -0.08151 0.55536 0.82760 0.1375 0.3377
0 -115.53826 32.52691 33.34370 -0.08151 0.55536 0.82760 0.2541 0.2605
tube_glass
0 -122.40793 17.60344 42.68152 -0.08151 0.55536 0.82760 0.1375 0.3334
0 -115.53826 32.52691 33.34370 -0.08151 0.55536 0.82760 0.2541 0.2605
0 -121.75576 32.52691 32.73133 -0.08151 0.55536 0.82760 0.2541 0.2557
tube_glass
0 -122.63694 0.00000 46.17557 -0.09614 0.19499 0.97608 0.0000 0.3607
0 -117.29685 0.00000 46.70152 -0.09614 0.19499 0.97608 0.0000 0.3649
0 -116.83981 17.60344 43.22994 -0.09614 0.19499 0.97608 0.1375 0.3377
tube_glass
0 -122.63694 0.00000 46.17557 -0.09614 0.19499 0.97608 0.0000 0.3607
0 -116.83981 17.60344 43.22994 -0.09614 0.19499 0.97608 0.1375 0.3377
0 -122.40793 17.60344 42.68152 -0.09614 0.19499 0.97608 0.1375 0.3334
tube_glass
0 -122.40793 -17.60344 42.68152 -0.09614 -0.19499 0.97608 0.8625 0.3334
0 -116.83981 -17.60344 43.22994 -0.09614 -0.19499 0.97608 0.8625 0.3377
0 -117.29685 0.00000 46.70152 -0.09614 -0.19499 0.97608 0.0000 0.3649
tube_glass
0 -122.40793 -17.60344 42.68152 -0.09614 -0.19499 0.97608 0.8625 0.3334
0 -117.29685 0.00000 46.70152 -0.09614 -0.19499 0.97608 0.0000 0.3649
0 -122.63694 0.00000 46.17557 -0.09614 -0.19499 0.97608 0.0000 0.3607
tube_glass
0 -121.75576 -32.52691 32.73133 -0.08151 -0.55536 0.82760 0.7459 0.2557
0 -115.53826 -32.52691 33.34370 -0.08151 -0.55536 0.82760 0.7459 0.2605
0 -116.83981 -17.60344 43.22994 -0.08151 -0.55536 0.82760 0.8625 0.3377
tube_glass
0 -121.75576 -32.52691 32.73133 -0.08151 -0.55536 0.82760 0.7459 0.2557
0 -116.83981 -17.60344 43.22994 -0.08151 -0.55536 0.82760 0.8625 0.3377
0 -122.40793 -17.60344 42.68152 -0.08151 -0.55536 0.82760 0.8625 0.3334
tube_glass
0 -120.77972 -42.49846 17.83981 -0.05448 -0.83133 0.55310 0.6680 0.1394
0 -113.59036 -42.49846 18.54790 -0.05448 -0.83133 0.55310 0.6680 0.1449
0 -115.53826 -32.52691 33.34370 -0.05448 -0.83133 0.55310 0.7459 0.2605
tube_glass
0 -120.77972 -42.49846 17.83981 -0.05448 -0.83133 0.55310 0.6680 0.1394
0 -115.53826 -32.52691 33.34370 -0.05448 -0.83133 0.55310 0.7459 0.2605
0 -121.75576 -32.52691 32.73133 -0.05448 -0.83133 0.55310 0.7459 0.2557
tube_glass
0 -119.62840 -46.00000 0.27406 -0.01913 -0.98077 0.19425 0.6406 0.0021
0 -111.29265 -46.00000 1.09506 -0.01913 -0.98077 0.19425 0.6406 0.0086
0 -113.59036 -42.49846 18.54790 -0.01913 -0.98077 0.19425 0.6680 0.1449
tube_glass
0 -119.62840 -46.00000 0.27406 -0.01913 -0.98077 0.19425 0.6406 0.0021
0 -113.59036 -42.49846 18.54790 -0.01913 -0.98077 0.19425 0.6680 0.1449
0 -120.77972 -42.49846 17.83981 -0.01913 -0.98077 0.19425 0.6680 0.1394
tube_glass
0 -118.47708 -42.49846 -17.29169 0.01913 -0.98077 -0.19425 0.6680 0.8649
0 -108.99494 -42.49846 -16.35778 0.01913 -0.98077 -0.19425 0.6680 0.8722
0 -111.29265 -46.00000 1.09506 0.01913 -0.98077 -0.19425 0.6406 0.0086
tube_glass
0 -118.47708 -42.49846 -17.29169 0.01913 -0.98077 -0.19425 0.6680 0.8649
0 -111.29265 -46.00000 1.09506 0.01913 -0.98077 -0.19425 0.6406 0.0086
0 -119.62840 -46.00000 0.27406 0.01913 -0.98077 -0.19425 0.6406 0.0021
tube_glass
0 -117.50104 -32.52691 -32.18321 0.05448 -0.83133 -0.55310 0.7459 0.7486
0 -107.04703 -32.52691 -31.15358 0.05448 -0.83133 -0.55310 0.7459 0.7566
0 -108.99494 -42.49846 -16.35778 0.05448 -0.83133 -0.55310 0.6680 0.8722
tube_glass
0 -117.50104 -32.52691 -32.18321 0.05448 -0.83133 -0.55310 0.7459 0.7486
0 -108.99494 -42.49846 -16.35778 0.05448 -0.83133 -0.55310 0.6680 0.8722
0 -118.47708 -42.49846 -17.29169 0.05448 -0.83133 -0.55310 0.6680 0.8649
tube_glass
0 -116.84887 -17.60344 -42.13341 0.08151 -0.55536 -0.82760 0.8625 0.6708
0 -105.74549 -17.60344 -41.03982 0.08151 -0.55536 -0.82760 0.8625 0.6794
0 -107.04703 -32.52691 -31.15358 0.08151 -0.55536 -0.82760 0.7459 0.7566
tube_glass
0 -116.84887 -17.60344 -42.13341 0.08151 -0.55536 -0.82760 0.8625 0.6708
0 -107.04703 -32.52691 -31.15358 0.08151 -0.55536 -0.82760 0.7459 0.7566
0 -117.50104 -32.52691 -32.18321 0.08151 -0.55536 -0.82760 0.7459 0.7486
tube_glass
0 -116.61986 -0.00000 -45.62745 0.09614 -0.19499 -0.97608 1.0000 0.6435
0 -105.28844 -0.00000 -44.51141 0.09614 -0.19499 -0.97608 1.0000 0.6523
0 -105.74549 -17.60344 -41.03982 0.09614 -0.19499 -0.97608 0.8625 0.6794
tube_glass
0 -116.61986 -0.00000 -45.62745 0.09614 -0.19499 -0.97608 1.0000 0.6435
0 -105.74549 -17.60344 -41.03982 0.09614 -0.19499 -0.97608 0.8625 0.6794
0 -116.84887 -17.60344 -42.13341 0.09614 -0.19499 -0.97608 0.8625 0.6708
tube_glass
0 -116.84887 17.60344 -42.13341 0.09614 0.19499 -0.97608 0.1375 0.6708
0 -105.74549 17.60344 -41.03982 0.09614 0.19499 -0.97608 0.1375 0.6794
0 -105.28844 -0.00000 -44.51141 0.09614 0.19499 -0.97608 1.0000 0.6523
tube_glass
0 -116.84887 17.60344 -42.13341 0.09614 0.19499 -0.97608 0.1375 0.6708
0 -105.28844 -0.00000 -44.51141 0.09614 0.19499 -0.97608 1.0000 0.6523
0 -116.61986 -0.00000 -45.62745 0.09614 0.19499 -0.97608 1.0000 0.6435
tube_glass
0 -117.50104 32.52691 -32.18321 0.08151 0.55536 -0.82760 0.2541 0.7486
0 -107.04703 32.52691 -31.15358 0.08151 0.55536 -0.82760 0.2541 0.7566
0 -105.74549 17.60344 -41.03982 0.08151 0.55536 -0.82760 0.1375 0.6794
tube_glass
0 -117.50104 32.52691 -32.18321 0.08151 0.55536 -0.82760 0.2541 0.7486
0 -105.74549 17.60344 -41.03982 0.08151 0.55536 -0.82760 0.1375 0.6794
0 -116.84887 17.60344 -42.13341 0.08151 0.55536 -0.82760 0.1375 0.6708
tube_glass
0 -118.47708 42.49846 -17.29169 0.05448 0.83133 -0.55310 0.3320 0.8649
0 -108.99494 42.49846 -16.35778 0.05448 0.83133 -0.55310 0.3320 0.8722
0 -107.04703 32.52691 -31.15358 0.05448 0.83133 -0.55310 0.2541 0.7566
tube_glass
0 -118.47708 42.49846 -17.29169 0.05448 0.83133 -0.55310 0.3320 0.8649
0 -107.04703 32.52691 -31.15358 0.05448 0.83133 -0.55310 0.2541 0.7566
0 -117.50104 32.52691 -32.18321 0.05448 0.83133 -0.55310 0.2541 0.7486
tube_glass
0 -119.62840 46.00000 0.27406 0.01913 0.98077 -0.19425 0.3594 0.0021
0 -111.29265 46.00000 1.09506 0.01913 0.98077 -0.19425 0.3594 0.0086
0 -108.99494 42.49846 -16.35778 0.01913 0.98077 -0.19425 0.3320 0.8722
tube_glass
0 -119.62840 46.00000 0.27406 0.01913 0.98077 -0.19425 0.3594 0.0021
0 -108.99494 42.49846 -16.35778 0.01913 0.98077 -0.19425 0.3320 0.8722
0 -118.47708 42.49846 -17.29169 0.01913 0.98077 -0.19425 0.3320 0.8649
tube_rail2
0 -121.59132 30.01270 30.22250 0.09802 0.00000 -0.99518 0.2345 0.2361
0 -121.59132 32.21270 30.22250 0.09802 0.00000 -0.99518 0.2517 0.2361
0 -115.21009 32.21270 30.85099 0.09802 0.00000 -0.99518 0.2517 0.2410
tube_rail2
0 -121.59132 30.01270 30.22250 0.09802 0.00000 -0.99518 0.2345 0.2361
0 -115.21009 32.21270 30.85099 0.09802 0.00000 -0.99518 0.2517 0.2410
0 -115.21009 30.01270 30.85099 0.09802 0.00000 -0.99518 0.2345 0.2410
tube_rail2
0 -121.59132 32.21270 30.22250 0.00000 1.00000 -0.00000 0.2517 0.2361
0 -121.73521 32.21270 32.41779 0.00000 1.00000 -0.00000 0.2517 0.2533
0 -115.49725 32.21270 33.03217 0.00000 1.00000 -0.00000 0.2517 0.2581
tube_rail2
0 -121.59132 32.21270 30.22250 0.00000 1.00000 -0.00000 0.2517 0.2361
0 -115.49725 32.21270 33.03217 0.00000 1.00000 -0.00000 0.2517 0.2581
0 -115.21009 32.21270 30.85099 0.00000 1.00000 -0.00000 0.2517 0.2410
tube_rail2
0 -121.73521 32.21270 32.41779 -0.09802 0.00000 0.99518 0.2517 0.2533
0 -121.73521 30.01270 32.41779 -0.09802 0.00000 0.99518 0.2345 0.2533
0 -115.49725 30.01270 33.03217 -0.09802 0.00000 0.99518 0.2345 0.2581
tube_rail2
0 -121.73521 32.21270 32.41779 -0.09802 0.00000 0.99518 0.2517 0.2533
0 -115.49725 30.01270 33.03217 -0.09802 0.00000 0.99518 0.2345 0.2581
0 -115.49725 32.21270 33.03217 -0.09802 0.00000 0.99518 0.2517 0.2581
tube_rail2
0 -121.73521 30.01270 32.41779 0.00000 -1.00000 0.00000 0.2345 0.2533
0 -121.59132 30.01270 30.22250 0.00000 -1.00000 0.00000 0.2345 0.2361
0 -115.21009 30.01270 30.85099 0.00000 -1.00000 0.00000 0.2345 0.2410
tube_rail2
0 -121.73521 30.01270 32.41779 0.00000 -1.00000 0.00000 0.2345 0.2533
0 -115.21009 30.01270 30.85099 0.00000 -1.00000 0.00000 0.2345 0.2410
0 -115.49725 30.01270 33.03217 0.00000 -1.00000 0.00000 0.2345 0.2581
tube_rail2
0 -121.59132 -32.21270 30.22250 0.09802 0.00000 -0.99518 0.7483 0.2361
0 -121.59132 -30.01270 30.22250 0.09802 0.00000 -0.99518 0.7655 0.2361
0 -115.21009 -30.01270 30.85099 0.09802 0.00000 -0.99518 0.7655 0.2410
tube_rail2
0 -121.59132 -32.21270 30.22250 0.09802 0.00000 -0.99518 0.7483 0.2361
0 -115.21009 -30.01270 30.85099 0.09802 0.00000 -0.99518 0.7655 0.2410
0 -115.21009 -32.21270 30.85099 0.09802 0.00000 -0.99518 0.7483 0.2410
tube_rail2
0 -121.59132 -30.01270 30.22250 0.00000 1.00000 -0.00000 0.7655 0.2361
0 -121.73521 -30.01270 32.41779 0.00000 1.00000 -0.00000 0.7655 0.2533
0 -115.49725 -30.01270 33.03217 0.00000 1.00000 -0.00000 0.7655 0.2581
tube_rail2
0 -121.59132 -30.01270 30.22250 0.00000 1.00000 -0.00000 0.7655 0.2361
0 -115.49725 -30.01270 33.03217 0.00000 1.00000 -0.00000 0.7655 0.2581
0 -115.21009 -30.01270 30.85099 0.00000 1.00000 -0.00000 0.7655 0.2410
tube_rail2
0 -121.73521 -30.01270 32.41779 -0.09802 0.00000 0.99518 0.7655 0.2533
0 -121.73521 -32.21270 32.41779 -0.09802 0.00000 0.99518 0.7483 0.2533
0 -115.49725 -32.21270 33.03217 -0.09802 0.00000 0.99518 0.7483 0.2581
tube_rail2
0 -121.73521 -30.01270 32.41779 -0.09802 0.00000 0.99518 0.7655 0.2533
0 -115.49725 -32.21270 33.03217 -0.09802 0.00000 0.99518 0.7483 0.2581
0 -115.49725 -30.01270 33.03217 -0.09802 0.00000 0.99518 0.7655 0.2581
tube_rail2
0 -121.73521 -32.21270 32.41779 0.00000 -1.00000 0.00000 0.7483 0.2533
0 -121.59132 -32.21270 30.22250 0.00000 -1.00000 0.00000 0.7483 0.2361
0 -115.21009 -32.21270 30.85099 0.00000 -1.00000 0.00000 0.7483 0.2410
tube_rail2
0 -121.73521 -32.21270 32.41779 0.00000 -1.00000 0.00000 0.7483 0.2533
0 -115.21009 -32.21270 30.85099 0.00000 -1.00000 0.00000 0.7483 0.2410
0 -115.49725 -32.21270 33.03217 0.00000 -1.00000 0.00000 0.7483 0.2581
tube_rail2
0 -117.52159 -32.21270 -31.86967 0.09802 0.00000 -0.99518 0.7483 0.7510
0 -117.52159 -30.01270 -31.86967 0.09802 0.00000 -0.99518 0.7655 0.7510
0 -107.08805 -30.01270 -30.84206 0.09802 0.00000 -0.99518 0.7655 0.7590
tube_rail2
0 -117.52159 -32.21270 -31.86967 0.09802 0.00000 -0.99518 0.7483 0.7510
0 -107.08805 -30.01270 -30.84206 0.09802 0.00000 -0.99518 0.7655 0.7590
0 -107.08805 -32.21270 -30.84206 0.09802 0.00000 -0.99518 0.7483 0.7590
tube_rail2
0 -117.52159 -30.01270 -31.86967 0.00000 1.00000 -0.00000 0.7655 0.7510
0 -117.66548 -30.01270 -29.67438 0.00000 1.00000 -0.00000 0.7655 0.7682
0 -107.37520 -30.01270 -28.66088 0.00000 1.00000 -0.00000 0.7655 0.7761
tube_rail2
0 -117.52159 -30.01270 -31.86967 0.00000 1.00000 -0.00000 0.7655 0.7510
0 -107.37520 -30.01270 -28.66088 0.00000 1.00000 -0.00000 0.7655 0.7761
0 -107.08805 -30.01270 -30.84206 0.00000 1.00000 -0.00000 0.7655 0.7590
tube_rail2
0 -117.66548 -30.01270 -29.67438 -0.09802 0.00000 0.99518 0.7655 0.7682
0 -117.66548 -32.21270 -29.67438 -0.09802 0.00000 0.99518 0.7483 0.7682
0 -107.37520 -32.21270 -28.66088 -0.09802 0.00000 0.99518 0.7483 0.7761
tube_rail2
0 -117.66548 -30.01270 -29.67438 -0.09802 0.00000 0.99518 0.7655 0.7682
0 -107.37520 -32.21270 -28.66088 -0.09802 0.00000 0.99518 0.7483 0.7761
0 -107.37520 -30.01270 -28.66088 -0.09802 0.00000 0.99518 0.7655 0.7761
tube_rail2
0 -117.66548 -32.21270 -29.67438 0.00000 -1.00000 0.00000 0.7483 0.7682
0 -117.52159 -32.21270 -31.86967 0.00000 -1.00000 0.00000 0.7483 0.7510
0 -107.08805 -32.21270 -30.84206 0.00000 -1.00000 0.00000 0.7483 0.7590
tube_rail2
0 -117.66548 -32.21270 -29.67438 0.00000 -1.00000 0.00000 0.7483 0.7682
0 -107.08805 -32.21270 -30.84206 0.00000 -1.00000 0.00000 0.7483 0.7590
0 -107.37520 -32.21270 -28.66088 0.00000 -1.00000 0.00000 0.7483 0.7761
tube_rail2
0 -117.52159 30.01270 -31.86967 0.09802 0.00000 -0.99518 0.2345 0.7510
0 -117.52159 32.21270 -31.86967 0.09802 0.00000 -0.99518 0.2517 0.7510
0 -107.08805 32.21270 -30.84206 0.09802 0.00000 -0.99518 0.2517 0.7590
tube_rail2
0 -117.52159 30.01270 -31.86967 0.09802 0.00000 -0.99518 0.2345 0.7510
0 -107.08805 32.21270 -30.84206 0.09802 0.00000 -0.99518 0.2517 0.7590
0 -107.08805 30.01270 -30.84206 0.09802 0.00000 -0.99518 0.2345 0.7590
tube_rail2
0 -117.52159 32.21270 -31.86967 0.00000 1.00000 -0.00000 0.2517 0.7510
0 -117.66548 32.21270 -29.67438 0.00000 1.00000 -0.00000 0.2517 0.7682
0 -107.37520 32.21270 -28.66088 0.00000 1.00000 -0.00000 0.2517 0.7761
tube_rail2
0 -117.52159 32.21270 -31.86967 0.00000 1.00000 -0.00000 0.2517 0.7510
0 -107.37520 32.21270 -28.66088 0.00000 1.00000 -0.00000 0.2517 0.7761
0 -107.08805 32.21270 -30.84206 0.00000 1.00000 -0.00000 0.2517 0.7590
tube_rail2
0 -117.66548 32.21270 -29.67438 -0.09802 0.00000 0.99518 0.2517 0.7682
0 -117.66548 30.01270 -29.67438 -0.09802 0.00000 0.99518 0.2345 0.7682
0 -107.37520 30.01270 -28.66088 -0.09802 0.00000 0.99518 0.2345 0.7761
tube_rail2
0 -117.66548 32.21270 -29.67438 -0.09802 0.00000 0.99518 0.2517 0.7682
0 -107.37520 30.01270 -28.66088 -0.09802 0.00000 0.99518 0.2345 0.7761
0 -107.37520 32.21270 -28.66088 -0.09802 0.00000 0.99518 0.2517 0.7761
tube_rail2
0 -117.66548 30.01270 -29.67438 0.00000 -1.00000 0.00000 0.2345 0.7682
0 -117.52159 30.01270 -31.86967 0.00000 -1.00000 0.00000 0.2345 0.7510
0 -107.08805 30.01270 -30.84206 0.00000 -1.00000 0.00000 0.2345 0.7590
tube_rail2
0 -117.66548 30.01270 -29.67438 0.00000 -1.00000 0.00000 0.2345 0.7682
0 -107.08805 30.01270 -30.84206 0.00000 -1.00000 0.00000 0.2345 0.7590
0 -107.37520 30.01270 -28.66088 0.00000 -1.00000 0.00000 0.2345 0.7761
tube_glass
0 -113.59036 42.49846 18.54790 -0.03180 0.98077 0.19258 0.3320 0.1449
0 -106.46270 42.49846 19.72468 -0.03180 0.98077 0.19258 0.3320 0.1541
0 -103.02844 46.00000 2.45948 -0.03180 0.98077 0.19258 0.3594 0.0192
tube_glass
0 -113.59036 42.49846 18.54790 -0.03180 0.98077 0.19258 0.3320 0.1449
0 -103.02844 46.00000 2.45948 -0.03180 0.98077 0.19258 0.3594 0.0192
0 -111.29265 46.00000 1.09506 -0.03180 0.98077 0.19258 0.3594 0.0086
tube_glass
0 -115.53826 32.52691 33.34370 -0.09053 0.83133 0.54835 0.2541 0.2605
0 -109.37412 32.52691 34.36140 -0.09053 0.83133 0.54835 0.2541 0.2684
0 -106.46270 42.49846 19.72468 -0.09053 0.83133 0.54835 0.3320 0.1541
tube_glass
0 -115.53826 32.52691 33.34370 -0.09053 0.83133 0.54835 0.2541 0.2605
0 -106.46270 42.49846 19.72468 -0.09053 0.83133 0.54835 0.3320 0.1541
0 -113.59036 42.49846 18.54790 -0.09053 0.83133 0.54835 0.3320 0.1449
tube_glass
0 -116.83981 17.60344 43.22994 -0.13547 0.55536 0.82050 0.1375 0.3377
0 -111.31948 17.60344 44.14135 -0.13547 0.55536 0.82050 0.1375 0.3449
0 -109.37412 32.52691 34.36140 -0.13547 0.55536 0.82050 0.2541 0.2684
tube_glass
0 -116.83981 17.60344 43.22994 -0.13547 0.55536 0.82050 0.1375 0.3377
0 -109.37412 32.52691 34.36140 -0.13547 0.55536 0.82050 0.2541 0.2684
0 -115.53826 32.52691 33.34370 -0.13547 0.55536 0.82050 0.2541 0.2605
tube_glass
0 -117.29685 0.00000 46.70152 -0.15977 0.19499 0.96770 0.0000 0.3649
0 -112.00259 0.00000 47.57561 -0.15977 0.19499 0.96770 0.0000 0.3717
0 -111.31948 17.60344 44.14135 -0.15977 0.19499 0.96770 0.1375 0.3449
tube_glass
0 -117.29685 0.00000 46.70152 -0.15977 0.19499 0.96770 0.0000 0.3649
0 -111.31948 17.60344 44.14135 -0.15977 0.19499 0.96770 0.1375 0.3449
0 -116.83981 17.60344 43.22994 -0.15977 0.19499 0.96770 0.1375 0.3377
tube_glass
0 -116.83981 -17.60344 43.22994 -0.15977 -0.19499 0.96770 0.8625 0.3377
0 -111.31948 -17.60344 44.14135 -0.15977 -0.19499 0.96770 0.8625 0.3449
0 -112.00259 0.00000 47.57561 -0.15977 -0.19499 0.96770 0.0000 0.3717
tube_glass
0 -116.83981 -17.60344 43.22994 -0.15977 -0.19499 0.96770 0.8625 0.3377
0 -112.00259 0.00000 47.57561 -0.15977 -0.19499 0.96770 0.0000 0.3717
0 -117.29685 0.00000 46.70152 -0.15977 -0.19499 0.96770 0.0000 0.3649
tube_glass
0 -115.53826 -32.52691 33.34370 -0.13547 -0.55536 0.82050 0.7459 0.2605
0 -109.37412 -32.52691 34.36140 -0.13547 -0.55536 0.82050 0.7459 0.2684
0 -111.31948 -17.60344 44.14135 -0.13547 -0.55536 0.82050 0.8625 0.3449
tube_glass
0 -115.53826 -32.52691 33.34370 -0.13547 -0.55536 0.82050 0.7459 0.2605
0 -111.31948 -17.60344 44.14135 -0.13547 -0.55536 0.82050 0.8625 0.3449
0 -116.83981 -17.60344 43.22994 -0.13547 -0.55536 0.82050 0.8625 0.3377
tube_glass
0 -113.59036 -42.49846 18.54790 -0.09053 -0.83133 0.54835 0.6680 0.1449
0 -106.46270 -42.49846 19.72468 -0.09053 -0.83133 0.54835 0.6680 0.1541
0 -109.37412 -32.52691 34.36140 -0.09053 -0.83133 0.54835 0.7459 0.2684
tube_glass
0 -113.59036 -42.49846 18.54790 -0.09053 -0.83133 0.54835 0.6680 0.1449
0 -109.37412 -32.52691 34.36140 -0.09053 -0.83133 0.54835 0.7459 0.2684
0 -115.53826 -32.52691 33.34370 -0.09053 -0.83133 0.54835 0.7459 0.2605
tube_glass
0 -111.29265 -46.00000 1.09506 -0.03180 -0.98077 0.19258 0.6406 0.0086
0 -103.02844 -46.00000 2.45948 -0.03180 -0.98077 0.19258 0.6406 0.0192
0 -106.46270 -42.49846 19.72468 -0.03180 -0.98077 0.19258 0.6680 0.1541
tube_glass
0 -111.29265 -46.00000 1.09506 -0.03180 -0.98077 0.19258 0.6406 0.0086
0 -106.46270 -42.49846 19.72468 -0.03180 -0.98077 0.19258 0.6680 0.1541
0 -113.59036 -42.49846 18.54790 -0.03180 -0.98077 0.19258 0.6680 0.1449
tube_glass
0 -108.99494 -42.49846 -16.35778 0.03180 -0.98077 -0.19258 0.6680 0.8722
0 -99.59418 -42.49846 -14.80571 0.03180 -0.98077 -0.19258 0.6680 0.8843
0 -103.02844 -46.00000 2.45948 0.03180 -0.98077 -0.19258 0.6406 0.0192
tube_glass
0 -108.99494 -42.49846 -16.35778 0.03180 -0.98077 -0.19258 0.6680 0.8722
0 -103.02844 -46.00000 2.45948 0.03180 -0.98077 -0.19258 0.6406 0.0192
0 -111.29265 -46.00000 1.09506 0.03180 -0.98077 -0.19258 0.6406 0.0086
tube_glass
0 -107.04703 -32.52691 -31.15358 0.09053 -0.83133 -0.54835 0.7459 0.7566
0 -96.68275 -32.52691 -29.44243 0.09053 -0.83133 -0.54835 0.7459 0.7700
0 -99.59418 -42.49846 -14.80571 0.09053 -0.83133 -0.54835 0.6680 0.8843
tube_glass
0 -107.04703 -32.52691 -31.15358 0.09053 -0.83133 -0.54835 0.7459 0.7566
0 -99.59418 -42.49846 -14.80571 0.09053 -0.83133 -0.54835 0.6680 0.8843
0 -108.99494 -42.49846 -16.35778 0.09053 -0.83133 -0.54835 0.6680 0.8722
tube_glass
0 -105.74549 -17.60344 -41.03982 0.13547 -0.55536 -0.82050 0.8625 0.6794
0 -94.73740 -17.60344 -39.22238 0.13547 -0.55536 -0.82050 0.8625 0.6936
0 -96.68275 -32.52691 -29.44243 0.13547 -0.55536 -0.82050 0.7459 0.7700
tube_glass
0 -105.74549 -17.60344 -41.03982 0.13547 -0.55536 -0.82050 0.8625 0.6794
0 -96.68275 -32.52691 -29.44243 0.13547 -0.55536 -0.82050 0.7459 0.7700
0 -107.04703 -32.52691 -31.15358 0.13547 -0.55536 -0.82050 0.7459 0.7566
tube_glass
0 -105.28844 -0.00000 -44.51141 0.15977 -0.19499 -0.96770 1.0000 0.6523
0 -94.05428 -0.00000 -42.65664 0.15977 -0.19499 -0.96770 1.0000 0.6667
0 -94.73740 -17.60344 -39.22238 0.15977 -0.19499 -0.96770 0.8625 0.6936
tube_glass
0 -105.28844 -0.00000 -44.51141 0.15977 -0.19499 -0.96770 1.0000 0.6523
0 -94.73740 -17.60344 -39.22238 0.15977 -0.19499 -0.96770 0.8625 0.6936
0 -105.74549 -17.60344 -41.03982 0.15977 -0.19499 -0.96770 0.8625 0.6794
tube_glass
0 -105.74549 17.60344 -41.03982 0.15977 0.19499 -0.96770 0.1375 0.6794
0 -94.73740 17.60344 -39.22238 0.15977 0.19499 -0.96770 0.1375 0.6936
0 -94.05428 -0.00000 -42.65664 0.15977 0.19499 -0.96770 1.0000 0.6667
tube_glass
0 -105.74549 17.60344 -41.03982 0.15977 0.19499 -0.96770 0.1375 0.6794
0 -94.05428 -0.00000 -42.65664 0.15977 0.19499 -0.96770 1.0000 0.6667
0 -105.28844 -0.00000 -44.51141 0.15977 0.19499 -0.96770 1.0000 0.6523
tube_glass
0 -107.04703 32.52691 -31.15358 0.13547 0.55536 -0.82050 0.2541 0.7566
0 -96.68275 32.52691 -29.44243 0.13547 0.55536 -0.82050 0.2541 0.7700
0 -94.73740 17.60344 -39.22238 0.13547 0.55536 -0.82050 0.1375 0.6936
tube_glass
0 -107.04703 32.52691 -31.15358 0.13547 0.55536 -0.82050 0.2541 0.7566
0 -94.73740 17.60344 -39.22238 0.13547 0.55536 -0.82050 0.1375 0.6936
0 -105.74549 17.60344 -41.03982 0.13547 0.55536 -0.82050 0.1375 0.6794
tube_glass
0 -108.99494 42.49846 -16.35778 0.09053 0.83133 -0.54835 0.3320 0.8722
0 -99.59418 42.49846 -14.80571 0.09053 0.83133 -0.54835 0.3320 0.8843
0 -96.68275 32.52691 -29.44243 0.09053 0.83133 -0.54835 0.2541 0.7700
tube_glass
0 -108.99494 42.49846 -16.35778 0.09053 0.83133 -0.54835 0.3320 0.8722
0 -96.68275 32.52691 -29.44243 0.09053 0.83133 -0.54835 0.2541 0.7700
0 -107.04703 32.52691 -31.15358 0.09053 0.83133 -0.54835 0.2541 0.7566
tube_glass
0 -111.29265 46.00000 1.09506 0.03180 0.98077 -0.19258 0.3594 0.0086
0 -103.02844 46.00000 2.45948 0.03180 0.98077 -0.19258 0.3594 0.0192
0 -99.59418 42.49846 -14.80571 0.03180 0.98077 -0.19258 0.3320 0.8843
tube_glass
0 -111.29265 46.00000 1.09506 0.03180 0.98077 -0.19258 0.3594 0.0086
0 -99.59418 42.49846 -14.80571 0.03180 0.98077 -0.19258 0.3320 0.8843
0 -108.99494 42.49846 -16.35778 0.03180 0.98077 -0.19258 0.3320 0.8722
tube_rail2
0 -115.21009 30.01270 30.85099 0.16290 0.00000 -0.98664 0.2345 0.2410
0 -115.21009 32.21270 30.85099 0.16290 0.00000 -0.98664 0.2517 0.2410
0 -108.88363 32.21270 31.89550 0.16290 0.00000 -0.98664 0.2517 0.2492
tube_rail2
0 -115.21009 30.01270 30.85099 0.16290 0.00000 -0.98664 0.2345 0.2410
0 -108.88363 32.21270 31.89550 0.16290 0.00000 -0.98664 0.2517 0.2492
0 -108.88363 30.01270 31.89550 0.16290 0.00000 -0.98664 0.2345 0.2492
tube_rail2
0 -115.21009 32.21270 30.85099 0.00000 1.00000 -0.00000 0.2517 0.2410
0 -115.49725 32.21270 33.03217 0.00000 1.00000 -0.00000 0.2517 0.2581
0 -109.31282 32.21270 34.05322 0.00000 1.00000 -0.00000 0.2517 0.2660
tube_rail2
0 -115.21009 32.21270 30.85099 0.00000 1.00000 -0.00000 0.2517 0.2410
0 -109.31282 32.21270 34.05322 0.00000 1.00000 -0.00000 0.2517 0.2660
0 -108.88363 32.21270 31.89550 0.00000 1.00000 -0.00000 0.2517 0.2492
tube_rail2
0 -115.49725 32.21270 33.03217 -0.16290 0.00000 0.98664 0.2517 0.2581
0 -115.49725 30.01270 33.03217 -0.16290 0.00000 0.98664 0.2345 0.2581
0 -109.31282 30.01270 34.05322 -0.16290 0.00000 0.98664 0.2345 0.2660
tube_rail2
0 -115.49725 32.21270 33.03217 -0.16290 0.00000 0.98664 0.2517 0.2581
0 -109.31282 30.01270 34.05322 -0.16290 0.00000 0.98664 0.2345 0.2660
0 -109.31282 32.21270 34.05322 -0.16290 0.00000 0.98664 0.2517 0.2660
tube_rail2
0 -115.49725 30.01270 33.03217 0.00000 -1.00000 0.00000 0.2345 0.2581
0 -115.21009 30.01270 30.85099 0.00000 -1.00000 0.00000 0.2345 0.2410
0 -108.88363 30.01270 31.89550 0.00000 -1.00000 0.00000 0.2345 0.2492
tube_rail2
0 -115.49725 30.01270 33.03217 0.00000 -1.00000 0.00000 0.2345 0.2581
0 -108.88363 30.01270 31.89550 0.00000 -1.00000 0.00000 0.2345 0.2492
0 -109.31282 30.01270 34.05322 0.00000 -1.00000 0.00000 0.2345 0.2660
tube_rail2
0 -115.21009 -32.21270 30.85099 0.16290 0.00000 -0.98664 0.7483 0.2410
0 -115.21009 -30.01270 30.85099 0.16290 0.00000 -0.98664 0.7655 0.2410
0 -108.88363 -30.01270 31.89550 0.16290 0.00000 -0.98664 0.7655 0.2492
tube_rail2
0 -115.21009 -32.21270 30.85099 0.16290 0.00000 -0.98664 0.7483 0.2410
0 -108.88363 -30.01270 31.89550 0.16290 0.00000 -0.98664 0.7655 0.2492
0 -108.88363 -32.21270 31.89550 0.16290 0.00000 -0.98664 0.7483 0.2492
tube_rail2
0 -115.21009 -30.01270 30.85099 0.00000 1.00000 -0.00000 0.7655 0.2410
0 -115.49725 -30.01270 33.03217 0.00000 1.00000 -0.00000 0.7655 0.2581
0 -109.31282 -30.01270 34.05322 0.00000 1.00000 -0.00000 0.7655 0.2660
tube_rail2
0 -115.21009 -30.01270 30.85099 0.00000 1.00000 -0.00000 0.7655 0.2410
0 -109.31282 -30.01270 34.05322 0.00000 1.00000 -0.00000 0.7655 0.2660
0 -108.88363 -30.01270 31.89550 0.00000 1.00000 -0.00000 0.7655 0.2492
tube_rail2
0 -115.49725 -30.01270 33.03217 -0.16290 0.00000 0.98664 0.7655 0.2581
0 -115.49725 -32.21270 33.03217 -0.16290 0.00000 0.98664 0.7483 0.2581
0 -109.31282 -32.21270 34.05322 -0.16290 0.00000 0.98664 0.7483 0.2660
tube_rail2
0 -115.49725 -30.01270 33.03217 -0.16290 0.00000 0.98664 0.7655 0.2581
0 -109.31282 -32.21270 34.05322 -0.16290 0.00000 0.98664 0.7483 0.2660
0 -109.31282 -30.01270 34.05322 -0.16290 0.00000 0.98664 0.7655 0.2660
tube_rail2
0 -115.49725 -32.21270 33.03217 0.00000 -1.00000 0.00000 0.7483 0.2581
0 -115.21009 -32.21270 30.85099 0.00000 -1.00000 0.00000 0.7483 0.2410
0 -108.88363 -32.21270 31.89550 0.00000 -1.00000 0.00000 0.7483 0.2492
tube_rail2
0 -115.49725 -32.21270 33.03217 0.00000 -1.00000 0.00000 0.7483 0.2581
0 -108.88363 -32.21270 31.89550 0.00000 -1.00000 0.00000 0.7483 0.2492
0 -109.31282 -32.21270 34.05322 0.00000 -1.00000 0.00000 0.7483 0.2660
tube_rail2
0 -107.08805 -32.21270 -30.84206 0.16290 0.00000 -0.98664 0.7483 0.7590
0 -107.08805 -30.01270 -30.84206 0.16290 0.00000 -0.98664 0.7655 0.7590
0 -96.74405 -30.01270 -29.13426 0.16290 0.00000 -0.98664 0.7655 0.7724
tube_rail2
0 -107.08805 -32.21270 -30.84206 0.16290 0.00000 -0.98664 0.7483 0.7590
0 -96.74405 -30.01270 -29.13426 0.16290 0.00000 -0.98664 0.7655 0.7724
0 -96.74405 -32.21270 -29.13426 0.16290 0.00000 -0.98664 0.7483 0.7724
tube_rail2
0 -107.08805 -30.01270 -30.84206 0.00000 1.00000 -0.00000 0.7655 0.7590
0 -107.37520 -30.01270 -28.66088 0.00000 1.00000 -0.00000 0.7655 0.7761
0 -97.17325 -30.01270 -26.97653 0.00000 1.00000 -0.00000 0.7655 0.7892
tube_rail2
0 -107.08805 -30.01270 -30.84206 0.00000 1.00000 -0.00000 0.7655 0.7590
0 -97.17325 -30.01270 -26.97653 0.00000 1.00000 -0.00000 0.7655 0.7892
0 -96.74405 -30.01270 -29.13426 0.00000 1.00000 -0.00000 0.7655 0.7724
tube_rail2
0 -107.37520 -30.01270 -28.66088 -0.16290 0.00000 0.98664 0.7655 0.7761
0 -107.37520 -32.21270 -28.66088 -0.16290 0.00000 0.98664 0.7483 0.7761
0 -97.17325 -32.21270 -26.97653 -0.16290 0.00000 0.98664 0.7483 0.7892
tube_rail2
0 -107.37520 -30.01270 -28.66088 -0.16290 0.00000 0.98664 0.7655 0.7761
0 -97.17325 -32.21270 -26.97653 -0.16290 0.00000 0.98664 0.7483 0.7892
0 -97.17325 -30.01270 -26.97653 -0.16290 0.00000 0.98664 0.7655 0.7892
tube_rail2
0 -107.37520 -32.21270 -28.66088 0.00000 -1.00000 0.00000 0.7483 0.7761
0 -107.08805 -32.21270 -30.84206 0.00000 -1.00000 0.00000 0.7483 0.7590
0 -96.74405 -32.21270 -29.13426 0.00000 -1.00000 0.00000 0.7483 0.7724
tube_rail2
0 -107.37520 -32.21270 -28.66088 0.00000 -1.00000 0.00000 0.7483 0.7761
0 -96.74405 -32.21270 -29.13426 0.00000 -1.00000 0.00000 0.7483 0.7724
0 -97.17325 -32.21270 -26.97653 0.00000 -1.00000 0.00000 0.7483 0.7892
tube_rail2
0 -107.08805 30.01270 -30.84206 0.16290 0.00000 -0.98664 0.2345 0.7590
0 -107.08805 32.21270 -30.84206 0.16290 0.00000 -0.98664 0.2517 0.7590
0 -96.74405 32.21270 -29.13426 0.16290 0.00000 -0.98664 0.2517 0.7724
tube_rail2
0 -107.08805 30.01270 -30.84206 0.16290 0.00000 -0.98664 0.2345 0.7590
0 -96.74405 32.21270 -29.13426 0.16290 0.00000 -0.98664 0.2517 0.7724
0 -96.74405 30.01270 -29.13426 0.16290 0.00000 -0.98664 0.2345 0.7724
tube_rail2
0 -107.08805 32.21270 -30.84206 0.00000 1.00000 -0.00000 0.2517 0.7590
0 -107.37520 32.21270 -28.66088 0.00000 1.00000 -0.00000 0.2517 0.7761
0 -97.17325 32.21270 -26.97653 0.00000 1.00000 -0.00000 0.2517 0.7892
tube_rail2
0 -107.08805 32.21270 -30.84206 0.00000 1.00000 -0.00000 0.2517 0.7590
0 -97.17325 32.21270 -26.97653 0.00000 1.00000 -0.00000 0.2517 0.7892
0 -96.74405 32.21270 -29.13426 0.00000 1.00000 -0.00000 0.2517 0.7724
tube_rail2
0 -107.37520 32.21270 -28.66088 -0.16290 0.00000 0.98664 0.2517 0.7761
0 -107.37520 30.01270 -28.66088 -0.16290 0.00000 0.98664 0.2345 0.7761
0 -97.17325 30.01270 -26.97653 -0.16290 0.00000 0.98664 0.2345 0.7892
tube_rail2
0 -107.37520 32.21270 -28.66088 -0.16290 0.00000 0.98664 0.2517 0.7761
0 -97.17325 30.01270 -26.97653 -0.16290 0.00000 0.98664 0.2345 0.7892
0 -97.17325 32.21270 -26.97653 -0.16290 0.00000 0.98664 0.2517 0.7892
tube_rail2
0 -107.37520 30.01270 -28.66088 0.00000 -1.00000 0.00000 0.2345 0.7761
0 -107.08805 30.01270 -30.84206 0.00000 -1.00000 0.00000 0.2345 0.7590
0 -96.74405 30.01270 -29.13426 0.00000 -1.00000 0.00000 0.2345 0.7724
tube_rail2
0 -107.37520 30.01270 -28.66088 0.00000 -1.00000 0.00000 0.2345 0.7761
0 -96.74405 30.01270 -29.13426 0.00000 -1.00000 0.00000 0.2345 0.7724
0 -97.17325 30.01270 -26.97653 0.00000 -1.00000 0.00000 0.2345 0.7892
tube_glass
0 -106.46270 42.49846 19.72468 -0.04432 0.98077 0.19009 0.3320 0.1541
0 -99.42727 42.49846 21.36511 -0.04432 0.98077 0.19009 0.3320 0.1669
0 -94.87116 46.00000 4.36149 -0.04432 0.98077 0.19009 0.3594 0.0341
tube_glass
0 -106.46270 42.49846 19.72468 -0.04432 0.98077 0.19009 0.3320 0.1541
0 -94.87116 46.00000 4.36149 -0.04432 0.98077 0.19009 0.3594 0.0341
0 -103.02844 46.00000 2.45948 -0.04432 0.98077 0.19009 0.3594 0.0192
tube_glass
0 -109.37412 32.52691 34.36140 -0.12620 0.83133 0.54126 0.2541 0.2684
0 -103.28975 32.52691 35.78008 -0.12620 0.83133 0.54126 0.2541 0.2795
0 -99.42727 42.49846 21.36511 -0.12620 0.83133 0.54126 0.3320 0.1669
tube_glass
0 -109.37412 32.52691 34.36140 -0.12620 0.83133 0.54126 0.2541 0.2684
0 -99.42727 42.49846 21.36511 -0.12620 0.83133 0.54126 0.3320 0.1669
0 -106.46270 42.49846 19.72468 -0.12620 0.83133 0.54126 0.3320 0.1541
tube_glass
0 -111.31948 17.60344 44.14135 -0.18884 0.55536 0.80988 0.1375 0.3449
0 -105.87057 17.60344 45.41185 -0.18884 0.55536 0.80988 0.1375 0.3548
0 -103.28975 32.52691 35.78008 -0.18884 0.55536 0.80988 0.2541 0.2795
tube_glass
0 -111.31948 17.60344 44.14135 -0.18884 0.55536 0.80988 0.1375 0.3449
0 -103.28975 32.52691 35.78008 -0.18884 0.55536 0.80988 0.2541 0.2795
0 -109.37412 32.52691 34.36140 -0.18884 0.55536 0.80988 0.2541 0.2684
tube_glass
0 -112.00259 0.00000 47.57561 -0.22272 0.19499 0.95518 0.0000 0.3717
0 -106.77684 0.00000 48.79408 -0.22272 0.19499 0.95518 0.0000 0.3812
0 -105.87057 17.60344 45.41185 -0.22272 0.19499 0.95518 0.1375 0.3548
tube_glass
0 -112.00259 0.00000 47.57561 -0.22272 0.19499 0.95518 0.0000 0.3717
0 -105.87057 17.60344 45.41185 -0.22272 0.19499 0.95518 0.1375 0.3548
0 -111.31948 17.60344 44.14135 -0.22272 0.19499 0.95518 0.1375 0.3449
tube_glass
0 -111.31948 -17.60344 44.14135 -0.22272 -0.19499 0.95518 0.8625 0.3449
0 -105.87057 -17.60344 45.41185 -0.22272 -0.19499 0.95518 0.8625 0.3548
0 -106.77684 0.00000 48.79408 -0.22272 -0.19499 0.95518 0.0000 0.3812
tube_glass
0 -111.31948 -17.60344 44.14135 -0.22272 -0.19499 0.95518 0.8625 0.3449
0 -106.77684 0.00000 48.79408 -0.22272 -0.19499 0.95518 0.0000 0.3812
0 -112.00259 0.00000 47.57561 -0.22272 -0.19499 0.95518 0.0000 0.3717
tube_glass
0 -109.37412 -32.52691 34.36140 -0.18884 -0.55536 0.80988 0.7459 0.2684
0 -103.28975 -32.52691 35.78008 -0.18884 -0.55536 0.80988 0.7459 0.2795
0 -105.87057 -17.60344 45.41185 -0.18884 -0.55536 0.80988 0.8625 0.3548
tube_glass
0 -109.37412 -32.52691 34.36140 -0.18884 -0.55536 0.80988 0.7459 0.2684
0 -105.87057 -17.60344 45.41185 -0.18884 -0.55536 0.80988 0.8625 0.3548
0 -111.31948 -17.60344 44.14135 -0.18884 -0.55536 0.80988 0.8625 0.3449
tube_glass
0 -106.46270 -42.49846 19.72468 -0.12620 -0.83133 0.54126 0.6680 0.1541
0 -99.42727 -42.49846 21.36511 -0.12620 -0.83133 0.54126 0.6680 0.1669
0 -103.28975 -32.52691 35.78008 -0.12620 -0.83133 0.54126 0.7459 0.2795
tube_glass
0 -106.46270 -42.49846 19.72468 -0.12620 -0.83133 0.54126 0.6680 0.1541
0 -103.28975 -32.52691 35.78008 -0.12620 -0.83133 0.54126 0.7459 0.2795
0 -109.37412 -32.52691 34.36140 -0.12620 -0.83133 0.54126 0.7459 0.2684
tube_glass
0 -103.02844 -46.00000 2.45948 -0.04432 -0.98077 0.19009 0.6406 0.0192
0 -94.87116 -46.00000 4.36149 -0.04432 -0.98077 0.19009 0.6406 0.0341
0 -99.42727 -42.49846 21.36511 -0.04432 -0.98077 0.19009 0.6680 0.1669
tube_glass
0 -103.02844 -46.00000 2.45948 -0.04432 -0.98077 0.19009 0.6406 0.0192
0 -99.42727 -42.49846 21.36511 -0.04432 -0.98077 0.19009 0.6680 0.1669
0 -106.46270 -42.49846 19.72468 -0.04432 -0.98077 0.19009 0.6680 0.1541
tube_glass
0 -99.59418 -42.49846 -14.80571 0.04432 -0.98077 -0.19009 0.6680 0.8843
0 -90.31506 -42.49846 -12.64212 0.04432 -0.98077 -0.19009 0.6680 0.9012
0 -94.87116 -46.00000 4.36149 0.04432 -0.98077 -0.19009 0.6406 0.0341
tube_glass
0 -99.59418 -42.49846 -14.80571 0.04432 -0.98077 -0.19009 0.6680 0.8843
0 -94.87116 -46.00000 4.36149 0.04432 -0.98077 -0.19009 0.6406 0.0341
0 -103.02844 -46.00000 2.45948 0.04432 -0.98077 -0.19009 0.6406 0.0192
tube_glass
0 -96.68275 -32.52691 -29.44243 0.12620 -0.83133 -0.54126 0.7459 0.7700
0 -86.45258 -32.52691 -27.05709 0.12620 -0.83133 -0.54126 0.7459 0.7886
0 -90.31506 -42.49846 -12.64212 0.12620 -0.83133 -0.54126 0.6680 0.9012
tube_glass
0 -96.68275 -32.52691 -29.44243 0.12620 -0.83133 -0.54126 0.7459 0.7700
0 -90.31506 -42.49846 -12.64212 0.12620 -0.83133 -0.54126 0.6680 0.9012
0 -99.59418 -42.49846 -14.80571 0.12620 -0.83133 -0.54126 0.6680 0.8843
tube_glass
0 -94.73740 -17.60344 -39.22238 0.18884 -0.55536 -0.80988 0.8625 0.6936
0 -83.87175 -17.60344 -36.68886 0.18884 -0.55536 -0.80988 0.8625 0.7134
0 -86.45258 -32.52691 -27.05709 0.18884 -0.55536 -0.80988 0.7459 0.7886
tube_glass
0 -94.73740 -17.60344 -39.22238 0.18884 -0.55536 -0.80988 0.8625 0.6936
0 -86.45258 -32.52691 -27.05709 0.18884 -0.55536 -0.80988 0.7459 0.7886
0 -96.68275 -32.52691 -29.44243 0.18884 -0.55536 -0.80988 0.7459 0.7700
tube_glass
0 -94.05428 -0.00000 -42.65664 0.22272 -0.19499 -0.95518 1.0000 0.6667
0 -82.96549 -0.00000 -40.07109 0.22272 -0.19499 -0.95518 1.0000 0.6869
0 -83.87175 -17.60344 -36.68886 0.22272 -0.19499 -0.95518 0.8625 0.7134
tube_glass
0 -94.05428 -0.00000 -42.65664 0.22272 -0.19499 -0.95518 1.0000 0.6667
0 -83.87175 -17.60344 -36.68886 0.22272 -0.19499 -0.95518 0.8625 0.7134
0 -94.73740 -17.60344 -39.22238 0.22272 -0.19499 -0.95518 0.8625 0.6936
tube_glass
0 -94.73740 17.60344 -39.22238 0.22272 0.19499 -0.95518 0.1375 0.6936
0 -83.87175 17.60344 -36.68886 0.22272 0.19499 -0.95518 0.1375 0.7134
0 -82.96549 -0.00000 -40.07109 0.22272 0.19499 -0.95518 1.0000 0.6869
tube_glass
0 -94.73740 17.60344 -39.22238 0.22272 0.19499 -0.95518 0.1375 0.6936
0 -82.96549 -0.00000 -40.07109 0.22272 0.19499 -0.95518 1.0000 0.6869
0 -94.05428 -0.00000 -42.65664 0.22272 0.19499 -0.95518 1.0000 0.6667
tube_glass
0 -96.68275 32.52691 -29.44243 0.18884 0.55536 -0.80988 0.2541 0.7700
0 -86.45258 32.52691 -27.05709 0.18884 0.55536 -0.80988 0.2541 0.7886
0 -83.87175 17.60344 -36.68886 0.18884 0.55536 -0.80988 0.1375 0.7134
tube_glass
0 -96.68275 32.52691 -29.44243 0.18884 0.55536 -0.80988 0.2541 0.7700
0 -83.87175 17.60344 -36.68886 0.18884 0.55536 -0.80988 0.1375 0.7134
0 -94.73740 17.60344 -39.22238 0.18884 0.55536 -0.80988 0.1375 0.6936
tube_glass
0 -99.59418 42.49846 -14.80571 0.12620 0.83133 -0.54126 0.3320 0.8843
0 -90.31506 42.49846 -12.64212 0.12620 0.83133 -0.54126 0.3320 0.9012
0 -86.45258 32.52691 -27.05709 0.12620 0.83133 -0.54126 0.2541 0.7886
tube_glass
0 -99.59418 42.49846 -14.80571 0.12620 0.83133 -0.54126 0.3320 0.8843
0 -86.45258 32.52691 -27.05709 0.12620 0.83133 -0.54126 0.2541 0.7886
0 -96.68275 32.52691 -29.44243 0.12620 0.83133 -0.54126 0.2541 0.7700
tube_glass
0 -103.02844 46.00000 2.45948 0.04432 0.98077 -0.19009 0.3594 0.0192
0 -94.87116 46.00000 4.36149 0.04432 0.98077 -0.19009 0.3594 0.0341
0 -90.31506 42.49846 -12.64212 0.04432 0.98077 -0.19009 0.3320 0.9012
tube_glass
0 -103.02844 46.00000 2.45948 0.04432 0.98077 -0.19009 0.3594 0.0192
0 -90.31506 42.49846 -12.64212 0.04432 0.98077 -0.19009 0.3320 0.9012
0 -99.59418 42.49846 -14.80571 0.04432 0.98077 -0.19009 0.3320 0.8843
tube_rail2
0 -108.88363 30.01270 31.89550 0.22708 0.00000 -0.97388 0.2345 0.2492
0 -108.88363 32.21270 31.89550 0.22708 0.00000 -0.97388 0.2517 0.2492
0 -102.63902 32.21270 33.35153 0.22708 0.00000 -0.97388 0.2517 0.2606
tube_rail2
0 -108.88363 30.01270 31.89550 0.22708 0.00000 -0.97388 0.2345 0.2492
0 -102.63902 32.21270 33.35153 0.22708 0.00000 -0.97388 0.2517 0.2606
0 -102.63902 30.01270 33.35153 0.22708 0.00000 -0.97388 0.2345 0.2606
tube_rail2
0 -108.88363 32.21270 31.89550 0.00000 1.00000 -0.00000 0.2517 0.2492
0 -109.31282 32.21270 34.05322 0.00000 1.00000 -0.00000 0.2517 0.2660
0 -103.20842 32.21270 35.47657 0.00000 1.00000 -0.00000 0.2517 0.2772
tube_rail2
0 -108.88363 32.21270 31.89550 0.00000 1.00000 -0.00000 0.2517 0.2492
0 -103.20842 32.21270 35.47657 0.00000 1.00000 -0.00000 0.2517 0.2772
0 -102.63902 32.21270 33.35153 0.00000 1.00000 -0.00000 0.2517 0.2606
tube_rail2
0 -109.31282 32.21270 34.05322 -0.22708 0.00000 0.97388 0.2517 0.2660
0 -109.31282 30.01270 34.05322 -0.22708 0.00000 0.97388 0.2345 0.2660
0 -103.20842 30.01270 35.47657 -0.22708 0.00000 0.97388 0.2345 0.2772
tube_rail2
0 -109.31282 32.21270 34.05322 -0.22708 0.00000 0.97388 0.2517 0.2660
0 -103.20842 30.01270 35.47657 -0.22708 0.00000 0.97388 0.2345 0.2772
0 -103.20842 32.21270 35.47657 -0.22708 0.00000 0.97388 0.2517 0.2772
tube_rail2
0 -109.31282 30.01270 34.05322 0.00000 -1.00000 0.00000 0.2345 0.2660
0 -108.88363 30.01270 31.89550 0.00000 -1.00000 0.00000 0.2345 0.2492
0 -102.63902 30.01270 33.35153 0.00000 -1.00000 0.00000 0.2345 0.2606
tube_rail2
0 -109.31282 30.01270 34.05322 0.00000 -1.00000 0.00000 0.2345 0.2660
0 -102.63902 30.01270 33.35153 0.00000 -1.00000 0.00000 0.2345 0.2606
0 -103.20842 30.01270 35.47657 0.00000 -1.00000 0.00000 0.2345 0.2772
tube_rail2
0 -108.88363 -32.21270 31.89550 0.22708 0.00000 -0.97388 0.7483 0.2492
0 -108.88363 -30.01270 31.89550 0.22708 0.00000 -0.97388 0.7655 0.2492
0 -102.63902 -30.01270 33.35153 0.22708 0.00000 -0.97388 0.7655 0.2606
tube_rail2
0 -108.88363 -32.21270 31.89550 0.22708 0.00000 -0.97388 0.7483 0.2492
0 -102.63902 -30.01270 33.35153 0.22708 0.00000 -0.97388 0.7655 0.2606
0 -102.63902 -32.21270 33.35153 0.22708 0.00000 -0.97388 0.7483 0.2606
tube_rail2
0 -108.88363 -30.01270 31.89550 0.00000 1.00000 -0.00000 0.7655 0.2492
0 -109.31282 -30.01270 34.05322 0.00000 1.00000 -0.00000 0.7655 0.2660
0 -103.20842 -30.01270 35.47657 0.00000 1.00000 -0.00000 0.7655 0.2772
tube_rail2
0 -108.88363 -30.01270 31.89550 0.00000 1.00000 -0.00000 0.7655 0.2492
0 -103.20842 -30.01270 35.47657 0.00000 1.00000 -0.00000 0.7655 0.2772
0 -102.63902 -30.01270 33.35153 0.00000 1.00000 -0.00000 0.7655 0.2606
tube_rail2
0 -109.31282 -30.01270 34.05322 -0.22708 0.00000 0.97388 0.7655 0.2660
0 -109.31282 -32.21270 34.05322 -0.22708 0.00000 0.97388 0.7483 0.2660
0 -103.20842 -32.21270 35.47657 -0.22708 0.00000 0.97388 0.7483 0.2772
tube_rail2
0 -109.31282 -30.01270 34.05322 -0.22708 0.00000 0.97388 0.7655 0.2660
0 -103.20842 -32.21270 35.47657 -0.22708 0.00000 0.97388 0.7483 0.2772
0 -103.20842 -30.01270 35.47657 -0.22708 0.00000 0.97388 0.7655 0.2772
tube_rail2
0 -109.31282 -32.21270 34.05322 0.00000 -1.00000 0.00000 0.7483 0.2660
0 -108.88363 -32.21270 31.89550 0.00000 -1.00000 0.00000 0.7483 0.2492
0 -102.63902 -32.21270 33.35153 0.00000 -1.00000 0.00000 0.7483 0.2606
tube_rail2
0 -109.31282 -32.21270 34.05322 0.00000 -1.00000 0.00000 0.7483 0.2660
0 -102.63902 -32.21270 33.35153 0.00000 -1.00000 0.00000 0.7483 0.2606
0 -103.20842 -32.21270 35.47657 0.00000 -1.00000 0.00000 0.7483 0.2772
tube_rail2
0 -96.74405 -32.21270 -29.13426 0.22708 0.00000 -0.97388 0.7483 0.7724
0 -96.74405 -30.01270 -29.13426 0.22708 0.00000 -0.97388 0.7655 0.7724
0 -86.53390 -30.01270 -26.75358 0.22708 0.00000 -0.97388 0.7655 0.7910
tube_rail2
0 -96.74405 -32.21270 -29.13426 0.22708 0.00000 -0.97388 0.7483 0.7724
0 -86.53390 -30.01270 -26.75358 0.22708 0.00000 -0.97388 0.7655 0.7910
0 -86.53390 -32.21270 -26.75358 0.22708 0.00000 -0.97388 0.7483 0.7910
tube_rail2
0 -96.74405 -30.01270 -29.13426 0.00000 1.00000 -0.00000 0.7655 0.7724
0 -97.17325 -30.01270 -26.97653 0.00000 1.00000 -0.00000 0.7655 0.7892
0 -87.10330 -30.01270 -24.62855 0.00000 1.00000 -0.00000 0.7655 0.8076
tube_rail2
0 -96.74405 -30.01270 -29.13426 0.00000 1.00000 -0.00000 0.7655 0.7724
0 -87.10330 -30.01270 -24.62855 0.00000 1.00000 -0.00000 0.7655 0.8076
0 -86.53390 -30.01270 -26.75358 0.00000 1.00000 -0.00000 0.7655 0.7910
tube_rail2
0 -97.17325 -30.01270 -26.97653 -0.22708 0.00000 0.97388 0.7655 0.7892
0 -97.17325 -32.21270 -26.97653 -0.22708 0.00000 0.97388 0.7483 0.7892
0 -87.10330 -32.21270 -24.62855 -0.22708 0.00000 0.97388 0.7483 0.8076
tube_rail2
0 -97.17325 -30.01270 -26.97653 -0.22708 0.00000 0.97388 0.7655 0.7892
0 -87.10330 -32.21270 -24.62855 -0.22708 0.00000 0.97388 0.7483 0.8076
0 -87.10330 -30.01270 -24.62855 -0.22708 0.00000 0.97388 0.7655 0.8076
tube_rail2
0 -97.17325 -32.21270 -26.97653 0.00000 -1.00000 0.00000 0.7483 0.7892
0 -96.74405 -32.21270 -29.13426 0.00000 -1.00000 0.00000 0.7483 0.7724
0 -86.53390 -32.21270 -26.75358 0.00000 -1.00000 0.00000 0.7483 0.7910
tube_rail2
0 -97.17325 -32.21270 -26.97653 0.00000 -1.00000 0.00000 0.7483 0.7892
0 -86.53390 -32.21270 -26.75358 0.00000 -1.00000 0.00000 0.7483 0.7910
0 -87.10330 -32.21270 -24.62855 0.00000 -1.00000 0.00000 0.7483 0.8076
tube_rail2
0 -96.74405 30.01270 -29.13426 0.22708 0.00000 -0.97388 0.2345 0.7724
0 -96.74405 32.21270 -29.13426 0.22708 0.00000 -0.97388 0.2517 0.7724
0 -86.53390 32.21270 -26.75358 0.22708 0.00000 -0.97388 0.2517 0.7910
tube_rail2
0 -96.74405 30.01270 -29.13426 0.22708 0.00000 -0.97388 0.2345 0.7724
0 -86.53390 32.21270 -26.75358 0.22708 0.00000 -0.97388 0.2517 0.7910
0 -86.53390 30.01270 -26.75358 0.22708 0.00000 -0.97388 0.2345 0.7910
tube_rail2
0 -96.74405 32.21270 -29.13426 0.00000 1.00000 -0.00000 0.2517 0.7724
0 -97.17325 32.21270 -26.97653 0.00000 1.00000 -0.00000 0.2517 0.7892
0 -87.10330 32.21270 -24.62855 0.00000 1.00000 -0.00000 0.2517 0.8076
tube_rail2
0 -96.74405 32.21270 -29.13426 0.00000 1.00000 -0.00000 0.2517 0.7724
0 -87.10330 32.21270 -24.62855 0.00000 1.00000 -0.00000 0.2517 0.8076
0 -86.53390 32.21270 -26.75358 0.00000 1.00000 -0.00000 0.2517 0.7910
tube_rail2
0 -97.17325 32.21270 -26.97653 -0.22708 0.00000 0.97388 0.2517 0.7892
0 -97.17325 30.01270 -26.97653 -0.22708 0.00000 0.97388 0.2345 0.7892
0 -87.10330 30.01270 -24.62855 -0.22708 0.00000 0.97388 0.2345 0.8076
tube_rail2
0 -97.17325 32.21270 -26.97653 -0.22708 0.00000 0.97388 0.2517 0.7892
0 -87.10330 30.01270 -24.62855 -0.22708 0.00000 0.97388 0.2345 0.8076
0 -87.10330 32.21270 -24.62855 -0.22708 0.00000 0.97388 0.2517 0.8076
tube_rail2
0 -97.17325 30.01270 -26.97653 0.00000 -1.00000 0.00000 0.2345 0.7892
0 -96.74405 30.01270 -29.13426 0.00000 -1.00000 0.00000 0.2345 0.7724
0 -86.53390 30.01270 -26.75358 0.00000 -1.00000 0.00000 0.2345 0.7910
tube_rail2
0 -97.17325 30.01270 -26.97653 0.00000 -1.00000 0.00000 0.2345 0.7892
0 -86.53390 30.01270 -26.75358 0.00000 -1.00000 0.00000 0.2345 0.7910
0 -87.10330 30.01270 -24.62855 0.00000 -1.00000 0.00000 0.2345 0.8076
tube_glass
0 -99.42727 42.49846 21.36511 -0.05666 0.98077 0.18679 0.3320 0.1669
0 -92.51419 42.49846 23.46217 -0.05666 0.98077 0.18679 0.3320 0.1833
0 -86.85575 46.00000 6.79294 -0.05666 0.98077 0.18679 0.3594 0.0531
tube_glass
0 -99.42727 42.49846 21.36511 -0.05666 0.98077 0.18679 0.3320 0.1669
0 -86.85575 46.00000 6.79294 -0.05666 0.98077 0.18679 0.3594 0.0531
0 -94.87116 46.00000 4.36149 -0.05666 0.98077 0.18679 0.3594 0.0341
tube_glass
0 -103.28975 32.52691 35.78008 -0.16133 0.83133 0.53184 0.2541 0.2795
0 -97.31118 32.52691 37.59366 -0.16133 0.83133 0.53184 0.2541 0.2937
0 -92.51419 42.49846 23.46217 -0.16133 0.83133 0.53184 0.3320 0.1833
tube_glass
0 -103.28975 32.52691 35.78008 -0.16133 0.83133 0.53184 0.2541 0.2795
0 -92.51419 42.49846 23.46217 -0.16133 0.83133 0.53184 0.3320 0.1833
0 -99.42727 42.49846 21.36511 -0.16133 0.83133 0.53184 0.3320 0.1669
tube_glass
0 -105.87057 17.60344 45.41185 -0.24140 0.55536 0.79580 0.1375 0.3548
0 -100.51643 17.60344 47.03601 -0.24140 0.55536 0.79580 0.1375 0.3675
0 -97.31118 32.52691 37.59366 -0.24140 0.55536 0.79580 0.2541 0.2937
tube_glass
0 -105.87057 17.60344 45.41185 -0.24140 0.55536 0.79580 0.1375 0.3548
0 -97.31118 32.52691 37.59366 -0.24140 0.55536 0.79580 0.2541 0.2937
0 -103.28975 32.52691 35.78008 -0.24140 0.55536 0.79580 0.2541 0.2795
tube_glass
0 -106.77684 0.00000 48.79408 -0.28471 0.19499 0.93857 0.0000 0.3812
0 -101.64196 0.00000 50.35173 -0.28471 0.19499 0.93857 0.0000 0.3934
0 -100.51643 17.60344 47.03601 -0.28471 0.19499 0.93857 0.1375 0.3675
tube_glass
0 -106.77684 0.00000 48.79408 -0.28471 0.19499 0.93857 0.0000 0.3812
0 -100.51643 17.60344 47.03601 -0.28471 0.19499 0.93857 0.1375 0.3675
0 -105.87057 17.60344 45.41185 -0.28471 0.19499 0.93857 0.1375 0.3548
tube_glass
0 -105.87057 -17.60344 45.41185 -0.28471 -0.19499 0.93857 0.8625 0.3548
0 -100.51643 -17.60344 47.03601 -0.28471 -0.19499 0.93857 0.8625 0.3675
0 -101.64196 0.00000 50.35173 -0.28471 -0.19499 0.93857 0.0000 0.3934
tube_glass
0 -105.87057 -17.60344 45.41185 -0.28471 -0.19499 0.93857 0.8625 0.3548
0 -101.64196 0.00000 50.35173 -0.28471 -0.19499 0.93857 0.0000 0.3934
0 -106.77684 0.00000 48.79408 -0.28471 -0.19499 0.93857 0.0000 0.3812
tube_glass
0 -103.28975 -32.52691 35.78008 -0.24140 -0.55536 0.79580 0.7459 0.2795
0 -97.31118 -32.52691 37.59366 -0.24140 -0.55536 0.79580 0.7459 0.2937
0 -100.51643 -17.60344 47.03601 -0.24140 -0.55536 0.79580 0.8625 0.3675
tube_glass
0 -103.28975 -32.52691 35.78008 -0.24140 -0.55536 0.79580 0.7459 0.2795
0 -100.51643 -17.60344 47.03601 -0.24140 -0.55536 0.79580 0.8625 0.3675
0 -105.87057 -17.60344 45.41185 -0.24140 -0.55536 0.79580 0.8625 0.3548
tube_glass
0 -99.42727 -42.49846 21.36511 -0.16133 -0.83133 0.53184 0.6680 0.1669
0 -92.51419 -42.49846 23.46217 -0.16133 -0.83133 0.53184 0.6680 0.1833
0 -97.31118 -32.52691 37.59366 -0.16133 -0.83133 0.53184 0.7459 0.2937
tube_glass
0 -99.42727 -42.49846 21.36511 -0.16133 -0.83133 0.53184 0.6680 0.1669
0 -97.31118 -32.52691 37.59366 -0.16133 -0.83133 0.53184 0.7459 0.2937
0 -103.28975 -32.52691 35.78008 -0.16133 -0.83133 0.53184 0.7459 0.2795
tube_glass
0 -94.87116 -46.00000 4.36149 -0.05666 -0.98077 0.18679 0.6406 0.0341
0 -86.85575 -46.00000 6.79294 -0.05666 -0.98077 0.18679 0.6406 0.0531
0 -92.51419 -42.49846 23.46217 -0.05666 -0.98077 0.18679 0.6680 0.1833
tube_glass
0 -94.87116 -46.00000 4.36149 -0.05666 -0.98077 0.18679 0.6406 0.0341
0 -92.51419 -42.49846 23.46217 -0.05666 -0.98077 0.18679 0.6680 0.1833
0 -99.42727 -42.49846 21.36511 -0.05666 -0.98077 0.18679 0.6680 0.1669
tube_glass
0 -90.31506 -42.49846 -12.64212 0.05666 -0.98077 -0.18679 0.6680 0.9012
0 -81.19731 -42.49846 -9.87628 0.05666 -0.98077 -0.18679 0.6680 0.9228
0 -86.85575 -46.00000 6.79294 0.05666 -0.98077 -0.18679 0.6406 0.0531
tube_glass
0 -90.31506 -42.49846 -12.64212 0.05666 -0.98077 -0.18679 0.6680 0.9012
0 -86.85575 -46.00000 6.79294 0.05666 -0.98077 -0.18679 0.6406 0.0531
0 -94.87116 -46.00000 4.36149 0.05666 -0.98077 -0.18679 0.6406 0.0341
tube_glass
0 -86.45258 -32.52691 -27.05709 0.16133 -0.83133 -0.53184 0.7459 0.7886
0 -76.40032 -32.52691 -24.00777 0.16133 -0.83133 -0.53184 0.7459 0.8124
0 -81.19731 -42.49846 -9.87628 0.16133 -0.83133 -0.53184 0.6680 0.9228
tube_glass
0 -86.45258 -32.52691 -27.05709 0.16133 -0.83133 -0.53184 0.7459 0.7886
0 -81.19731 -42.49846 -9.87628 0.16133 -0.83133 -0.53184 0.6680 0.9228
0 -90.31506 -42.49846 -12.64212 0.16133 -0.83133 -0.53184 0.6680 0.9012
tube_glass
0 -83.87175 -17.60344 -36.68886 0.24140 -0.55536 -0.79580 0.8625 0.7134
0 -73.19507 -17.60344 -33.45013 0.24140 -0.55536 -0.79580 0.8625 0.7387
0 -76.40032 -32.52691 -24.00777 0.24140 -0.55536 -0.79580 0.7459 0.8124
tube_glass
0 -83.87175 -17.60344 -36.68886 0.24140 -0.55536 -0.79580 0.8625 0.7134
0 -76.40032 -32.52691 -24.00777 0.24140 -0.55536 -0.79580 0.7459 0.8124
0 -86.45258 -32.52691 -27.05709 0.24140 -0.55536 -0.79580 0.7459 0.7886
tube_glass
0 -82.96549 -0.00000 -40.07109 0.28471 -0.19499 -0.93857 1.0000 0.6869
0 -72.06953 -0.00000 -36.76584 0.28471 -0.19499 -0.93857 1.0000 0.7128
0 -73.19507 -17.60344 -33.45013 0.28471 -0.19499 -0.93857 0.8625 0.7387
tube_glass
0 -82.96549 -0.00000 -40.07109 0.28471 -0.19499 -0.93857 1.0000 0.6869
0 -73.19507 -17.60344 -33.45013 0.28471 -0.19499 -0.93857 0.8625 0.7387
0 -83.87175 -17.60344 -36.68886 0.28471 -0.19499 -0.93857 0.8625 0.7134
tube_glass
0 -83.87175 17.60344 -36.68886 0.28471 0.19499 -0.93857 0.1375 0.7134
0 -73.19507 17.60344 -33.45013 0.28471 0.19499 -0.93857 0.1375 0.7387
0 -72.06953 -0.00000 -36.76584 0.28471 0.19499 -0.93857 1.0000 0.7128
tube_glass
0 -83.87175 17.60344 -36.68886 0.28471 0.19499 -0.93857 0.1375 0.7134
0 -72.06953 -0.00000 -36.76584 0.28471 0.19499 -0.93857 1.0000 0.7128
0 -82.96549 -0.00000 -40.07109 0.28471 0.19499 -0.93857 1.0000 0.6869
tube_glass
0 -86.45258 32.52691 -27.05709 0.24140 0.55536 -0.79580 0.2541 0.7886
0 -76.40032 32.52691 -24.00777 0.24140 0.55536 -0.79580 0.2541 0.8124
0 -73.19507 17.60344 -33.45013 0.24140 0.55536 -0.79580 0.1375 0.7387
tube_glass
0 -86.45258 32.52691 -27.05709 0.24140 0.55536 -0.79580 0.2541 0.7886
0 -73.19507 17.60344 -33.45013 0.24140 0.55536 -0.79580 0.1375 0.7387
0 -83.87175 17.60344 -36.68886 0.24140 0.55536 -0.79580 0.1375 0.7134
tube_glass
0 -90.31506 42.49846 -12.64212 0.16133 0.83133 -0.53184 0.3320 0.9012
0 -81.19731 42.49846 -9.87628 0.16133 0.83133 -0.53184 0.3320 0.9228
0 -76.40032 32.52691 -24.00777 0.16133 0.83133 -0.53184 0.2541 0.8124
tube_glass
0 -90.31506 42.49846 -12.64212 0.16133 0.83133 -0.53184 0.3320 0.9012
0 -76.40032 32.52691 -24.00777 0.16133 0.83133 -0.53184 0.2541 0.8124
0 -86.45258 32.52691 -27.05709 0.16133 0.83133 -0.53184 0.2541 0.7886
tube_glass
0 -94.87116 46.00000 4.36149 0.05666 0.98077 -0.18679 0.3594 0.0341
0 -86.85575 46.00000 6.79294 0.05666 0.98077 -0.18679 0.3594 0.0531
0 -81.19731 42.49846 -9.87628 0.05666 0.98077 -0.18679 0.3320 0.9228
tube_glass
0 -94.87116 46.00000 4.36149 0.05666 0.98077 -0.18679 0.3594 0.0341
0 -81.19731 42.49846 -9.87628 0.05666 0.98077 -0.18679 0.3320 0.9228
0 -90.31506 42.49846 -12.64212 0.05666 0.98077 -0.18679 0.3320 0.9012
tube_rail2
0 -102.63902 30.01270 33.35153 0.29028 0.00000 -0.95694 0.2345 0.2606
0 -102.63902 32.21270 33.35153 0.29028 0.00000 -0.95694 0.2517 0.2606
0 -96.50301 32.21270 35.21287 0.29028 0.00000 -0.95694 0.2517 0.2751
tube_rail2
0 -102.63902 30.01270 33.35153 0.29028 0.00000 -0.95694 0.2345 0.2606
0 -96.50301 32.21270 35.21287 0.29028 0.00000 -0.95694 0.2517 0.2751
0 -96.50301 30.01270 35.21287 0.29028 0.00000 -0.95694 0.2345 0.2751
tube_rail2
0 -102.63902 32.21270 33.35153 0.00000 1.00000 -0.00000 0.2517 0.2606
0 -103.20842 32.21270 35.47657 0.00000 1.00000 -0.00000 0.2517 0.2772
0 -97.21018 32.21270 37.29612 0.00000 1.00000 -0.00000 0.2517 0.2914
tube_rail2
0 -102.63902 32.21270 33.35153 0.00000 1.00000 -0.00000 0.2517 0.2606
0 -97.21018 32.21270 37.29612 0.00000 1.00000 -0.00000 0.2517 0.2914
0 -96.50301 32.21270 35.21287 0.00000 1.00000 -0.00000 0.2517 0.2751
tube_rail2
0 -103.20842 32.21270 35.47657 -0.29028 0.00000 0.95694 0.2517 0.2772
0 -103.20842 30.01270 35.47657 -0.29028 0.00000 0.95694 0.2345 0.2772
0 -97.21018 30.01270 37.29612 -0.29028 0.00000 0.95694 0.2345 0.2914
tube_rail2
0 -103.20842 32.21270 35.47657 -0.29028 0.00000 0.95694 0.2517 0.2772
0 -97.21018 30.01270 37.29612 -0.29028 0.00000 0.95694 0.2345 0.2914
0 -97.21018 32.21270 37.29612 -0.29028 0.00000 0.95694 0.2517 0.2914
tube_rail2
0 -103.20842 30.01270 35.47657 0.00000 -1.00000 0.00000 0.2345 0.2772
0 -102.63902 30.01270 33.35153 0.00000 -1.00000 0.00000 0.2345 0.2606
0 -96.50301 30.01270 35.21287 0.00000 -1.00000 0.00000 0.2345 0.2751
tube_rail2
0 -103.20842 30.01270 35.47657 0.00000 -1.00000 0.00000 0.2345 0.2772
0 -96.50301 30.01270 35.21287 0.00000 -1.00000 0.00000 0.2345 0.2751
0 -97.21018 30.01270 37.29612 0.00000 -1.00000 0.00000 0.2345 0.2914
tube_rail2
0 -102.63902 -32.21270 33.35153 0.29028 0.00000 -0.95694 0.7483 0.2606
0 -102.63902 -30.01270 33.35153 0.29028 0.00000 -0.95694 0.7655 0.2606
0 -96.50301 -30.01270 35.21287 0.29028 0.00000 -0.95694 0.7655 0.2751
tube_rail2
0 -102.63902 -32.21270 33.35153 0.29028 0.00000 -0.95694 0.7483 0.2606
0 -96.50301 -30.01270 35.21287 0.29028 0.00000 -0.95694 0.7655 0.2751
0 -96.50301 -32.21270 35.21287 0.29028 0.00000 -0.95694 0.7483 0.2751
tube_rail2
0 -102.63902 -30.01270 33.35153 0.00000 1.00000 -0.00000 0.7655 0.2606
0 -103.20842 -30.01270 35.47657 0.00000 1.00000 -0.00000 0.7655 0.2772
0 -97.21018 -30.01270 37.29612 0.00000 1.00000 -0.00000 0.7655 0.2914
tube_rail2
0 -102.63902 -30.01270 33.35153 0.00000 1.00000 -0.00000 0.7655 0.2606
0 -97.21018 -30.01270 37.29612 0.00000 1.00000 -0.00000 0.7655 0.2914
0 -96.50301 -30.01270 35.21287 0.00000 1.00000 -0.00000 0.7655 0.2751
tube_rail2
0 -103.20842 -30.01270 35.47657 -0.29028 0.00000 0.95694 0.7655 0.2772
0 -103.20842 -32.21270 35.47657 -0.29028 0.00000 0.95694 0.7483 0.2772
0 -97.21018 -32.21270 37.29612 -0.29028 0.00000 0.95694 0.7483 0.2914
tube_rail2
0 -103.20842 -30.01270 35.47657 -0.29028 0.00000 0.95694 0.7655 0.2772
0 -97.21018 -32.21270 37.29612 -0.29028 0.00000 0.95694 0.7483 0.2914
0 -97.21018 -30.01270 37.29612 -0.29028 0.00000 0.95694 0.7655 0.2914
tube_rail2
0 -103.20842 -32.21270 35.47657 0.00000 -1.00000 0.00000 0.7483 0.2772
0 -102.63902 -32.21270 33.35153 0.00000 -1.00000 0.00000 0.7483 0.2606
0 -96.50301 -32.21270 35.21287 0.00000 -1.00000 0.00000 0.7483 0.2751
tube_rail2
0 -103.20842 -32.21270 35.47657 0.00000 -1.00000 0.00000 0.7483 0.2772
0 -96.50301 -32.21270 35.21287 0.00000 -1.00000 0.00000 0.7483 0.2751
0 -97.21018 -32.21270 37.29612 0.00000 -1.00000 0.00000 0.7483 0.2914
tube_rail2
0 -86.53390 -32.21270 -26.75358 0.29028 0.00000 -0.95694 0.7483 0.7910
0 -86.53390 -30.01270 -26.75358 0.29028 0.00000 -0.95694 0.7655 0.7910
0 -76.50132 -30.01270 -23.71023 0.29028 0.00000 -0.95694 0.7655 0.8148
tube_rail2
0 -86.53390 -32.21270 -26.75358 0.29028 0.00000 -0.95694 0.7483 0.7910
0 -76.50132 -30.01270 -23.71023 0.29028 0.00000 -0.95694 0.7655 0.8148
0 -76.50132 -32.21270 -23.71023 0.29028 0.00000 -0.95694 0.7483 0.8148
tube_rail2
0 -86.53390 -30.01270 -26.75358 0.00000 1.00000 -0.00000 0.7655 0.7910
0 -87.10330 -30.01270 -24.62855 0.00000 1.00000 -0.00000 0.7655 0.8076
0 -77.20848 -30.01270 -21.62698 0.00000 1.00000 -0.00000 0.7655 0.8310
tube_rail2
0 -86.53390 -30.01270 -26.75358 0.00000 1.00000 -0.00000 0.7655 0.7910
0 -77.20848 -30.01270 -21.62698 0.00000 1.00000 -0.00000 0.7655 0.8310
0 -76.50132 -30.01270 -23.71023 0.00000 1.00000 -0.00000 0.7655 0.8148
tube_rail2
0 -87.10330 -30.01270 -24.62855 -0.29028 0.00000 0.95694 0.7655 0.8076
0 -87.10330 -32.21270 -24.62855 -0.29028 0.00000 0.95694 0.7483 0.8076
0 -77.20848 -32.21270 -21.62698 -0.29028 0.00000 0.95694 0.7483 0.8310
tube_rail2
0 -87.10330 -30.01270 -24.62855 -0.29028 0.00000 0.95694 0.7655 0.8076
0 -77.20848 -32.21270 -21.62698 -0.29028 0.00000 0.95694 0.7483 0.8310
0 -77.20848 -30.01270 -21.62698 -0.29028 0.00000 0.95694 0.7655 0.8310
tube_rail2
0 -87.10330 -32.21270 -24.62855 0.00000 -1.00000 0.00000 0.7483 0.8076
0 -86.53390 -32.21270 -26.75358 0.00000 -1.00000 0.00000 0.7483 0.7910
0 -76.50132 -32.21270 -23.71023 0.00000 -1.00000 0.00000 0.7483 0.8148
tube_rail2
0 -87.10330 -32.21270 -24.62855 0.00000 -1.00000 0.00000 0.7483 0.8076
0 -76.50132 -32.21270 -23.71023 0.00000 -1.00000 0.00000 0.7483 0.8148
0 -77.20848 -32.21270 -21.62698 0.00000 -1.00000 0.00000 0.7483 0.8310
tube_rail2
0 -86.53390 30.01270 -26.75358 0.29028 0.00000 -0.95694 0.2345 0.7910
0 -86.53390 32.21270 -26.75358 0.29028 0.00000 -0.95694 0.2517 0.7910
0 -76.50132 32.21270 -23.71023 0.29028 0.00000 -0.95694 0.2517 0.8148
tube_rail2
0 -86.53390 30.01270 -26.75358 0.29028 0.00000 -0.95694 0.2345 0.7910
0 -76.50132 32.21270 -23.71023 0.29028 0.00000 -0.95694 0.2517 0.8148
0 -76.50132 30.01270 -23.71023 0.29028 0.00000 -0.95694 0.2345 0.8148
tube_rail2
0 -86.53390 32.21270 -26.75358 0.00000 1.00000 -0.00000 0.2517 0.7910
0 -87.10330 32.21270 -24.62855 0.00000 1.00000 -0.00000 0.2517 0.8076
0 -77.20848 32.21270 -21.62698 0.00000 1.00000 -0.00000 0.2517 0.8310
tube_rail2
0 -86.53390 32.21270 -26.75358 0.00000 1.00000 -0.00000 0.2517 0.7910
0 -77.20848 32.21270 -21.62698 0.00000 1.00000 -0.00000 0.2517 0.8310
0 -76.50132 32.21270 -23.71023 0.00000 1.00000 -0.00000 0.2517 0.8148
tube_rail2
0 -87.10330 32.21270 -24.62855 -0.29028 0.00000 0.95694 0.2517 0.8076
0 -87.10330 30.01270 -24.62855 -0.29028 0.00000 0.95694 0.2345 0.8076
0 -77.20848 30.01270 -21.62698 -0.29028 0.00000 0.95694 0.2345 0.8310
tube_rail2
0 -87.10330 32.21270 -24.62855 -0.29028 0.00000 0.95694 0.2517 0.8076
0 -77.20848 30.01270 -21.62698 -0.29028 0.00000 0.95694 0.2345 0.8310
0 -77.20848 32.21270 -21.62698 -0.29028 0.00000 0.95694 0.2517 0.8310
tube_rail2
0 -87.10330 30.01270 -24.62855 0.00000 -1.00000 0.00000 0.2345 0.8076
0 -86.53390 30.01270 -26.75358 0.00000 -1.00000 0.00000 0.2345 0.7910
0 -76.50132 30.01270 -23.71023 0.00000 -1.00000 0.00000 0.2345 0.8148
tube_rail2
0 -87.10330 30.01270 -24.62855 0.00000 -1.00000 0.00000 0.2345 0.8076
0 -76.50132 30.01270 -23.71023 0.00000 -1.00000 0.00000 0.2345 0.8148
0 -77.20848 30.01270 -21.62698 0.00000 -1.00000 0.00000 0.2345 0.8310
tube_glass
0 -92.51419 42.49846 23.46217 -0.06876 0.98077 0.18268 0.3320 0.1833
0 -85.75306 42.49846 26.00688 -0.06876 0.98077 0.18268 0.3320 0.2032
0 -79.01652 46.00000 9.74342 -0.06876 0.98077 0.18268 0.3594 0.0761
tube_glass
0 -92.51419 42.49846 23.46217 -0.06876 0.98077 0.18268 0.3320 0.1833
0 -79.01652 46.00000 9.74342 -0.06876 0.98077 0.18268 0.3594 0.0761
0 -86.85575 46.00000 6.79294 -0.06876 0.98077 0.18268 0.3594 0.0531
tube_glass
0 -97.31118 32.52691 37.59366 -0.19577 0.83133 0.52015 0.2541 0.2937
0 -91.46403 32.52691 39.79437 -0.19577 0.83133 0.52015 0.2541 0.3109
0 -85.75306 42.49846 26.00688 -0.19577 0.83133 0.52015 0.3320 0.2032
tube_glass
0 -97.31118 32.52691 37.59366 -0.19577 0.83133 0.52015 0.2541 0.2937
0 -85.75306 42.49846 26.00688 -0.19577 0.83133 0.52015 0.3320 0.2032
0 -92.51419 42.49846 23.46217 -0.19577 0.83133 0.52015 0.3320 0.1833
tube_glass
0 -100.51643 17.60344 47.03601 -0.29293 0.55536 0.77831 0.1375 0.3675
0 -95.27998 17.60344 49.00688 -0.29293 0.55536 0.77831 0.1375 0.3829
0 -91.46403 32.52691 39.79437 -0.29293 0.55536 0.77831 0.2541 0.3109
tube_glass
0 -100.51643 17.60344 47.03601 -0.29293 0.55536 0.77831 0.1375 0.3675
0 -91.46403 32.52691 39.79437 -0.29293 0.55536 0.77831 0.2541 0.3109
0 -97.31118 32.52691 37.59366 -0.29293 0.55536 0.77831 0.2541 0.2937
tube_glass
0 -101.64196 0.00000 50.35173 -0.34549 0.19499 0.91794 0.0000 0.3934
0 -96.61996 0.00000 52.24188 -0.34549 0.19499 0.91794 0.0000 0.4081
0 -95.27998 17.60344 49.00688 -0.34549 0.19499 0.91794 0.1375 0.3829
tube_glass
0 -101.64196 0.00000 50.35173 -0.34549 0.19499 0.91794 0.0000 0.3934
0 -95.27998 17.60344 49.00688 -0.34549 0.19499 0.91794 0.1375 0.3829
0 -100.51643 17.60344 47.03601 -0.34549 0.19499 0.91794 0.1375 0.3675
tube_glass
0 -100.51643 -17.60344 47.03601 -0.34549 -0.19499 0.91794 0.8625 0.3675
0 -95.27998 -17.60344 49.00688 -0.34549 -0.19499 0.91794 0.8625 0.3829
0 -96.61996 0.00000 52.24188 -0.34549 -0.19499 0.91794 0.0000 0.4081
tube_glass
0 -100.51643 -17.60344 47.03601 -0.34549 -0.19499 0.91794 0.8625 0.3675
0 -96.61996 0.00000 52.24188 -0.34549 -0.19499 0.91794 0.0000 0.4081
0 -101.64196 0.00000 50.35173 -0.34549 -0.19499 0.91794 0.0000 0.3934
tube_glass
0 -97.31118 -32.52691 37.59366 -0.29293 -0.55536 0.77831 0.7459 0.2937
0 -91.46403 -32.52691 39.79437 -0.29293 -0.55536 0.77831 0.7459 0.3109
0 -95.27998 -17.60344 49.00688 -0.29293 -0.55536 0.77831 0.8625 0.3829
tube_glass
0 -97.31118 -32.52691 37.59366 -0.29293 -0.55536 0.77831 0.7459 0.2937
0 -95.27998 -17.60344 49.00688 -0.29293 -0.55536 0.77831 0.8625 0.3829
0 -100.51643 -17.60344 47.03601 -0.29293 -0.55536 0.77831 0.8625 0.3675
tube_glass
0 -92.51419 -42.49846 23.46217 -0.19577 -0.83133 0.52015 0.6680 0.1833
0 -85.75306 -42.49846 26.00688 -0.19577 -0.83133 0.52015 0.6680 0.2032
0 -91.46403 -32.52691 39.79437 -0.19577 -0.83133 0.52015 0.7459 0.3109
tube_glass
0 -92.51419 -42.49846 23.46217 -0.19577 -0.83133 0.52015 0.6680 0.1833
0 -91.46403 -32.52691 39.79437 -0.19577 -0.83133 0.52015 0.7459 0.3109
0 -97.31118 -32.52691 37.59366 -0.19577 -0.83133 0.52015 0.7459 0.2937
tube_glass
0 -86.85575 -46.00000 6.79294 -0.06876 -0.98077 0.18268 0.6406 0.0531
0 -79.01652 -46.00000 9.74342 -0.06876 -0.98077 0.18268 0.6406 0.0761
0 -85.75306 -42.49846 26.00688 -0.06876 -0.98077 0.18268 0.6680 0.2032
tube_glass
0 -86.85575 -46.00000 6.79294 -0.06876 -0.98077 0.18268 0.6406 0.0531
0 -85.75306 -42.49846 26.00688 -0.06876 -0.98077 0.18268 0.6680 0.2032
0 -92.51419 -42.49846 23.46217 -0.06876 -0.98077 0.18268 0.6680 0.1833
tube_glass
0 -81.19731 -42.49846 -9.87628 0.06876 -0.98077 -0.18268 0.6680 0.9228
0 -72.27998 -42.49846 -6.52004 0.06876 -0.98077 -0.18268 0.6680 0.9491
0 -79.01652 -46.00000 9.74342 0.06876 -0.98077 -0.18268 0.6406 0.0761
tube_glass
0 -81.19731 -42.49846 -9.87628 0.06876 -0.98077 -0.18268 0.6680 0.9228
0 -79.01652 -46.00000 9.74342 0.06876 -0.98077 -0.18268 0.6406 0.0761
0 -86.85575 -46.00000 6.79294 0.06876 -0.98077 -0.18268 0.6406 0.0531
tube_glass
0 -76.40032 -32.52691 -24.00777 0.19577 -0.83133 -0.52015 0.7459 0.8124
0 -66.56901 -32.52691 -20.30753 0.19577 -0.83133 -0.52015 0.7459 0.8413
0 -72.27998 -42.49846 -6.52004 0.19577 -0.83133 -0.52015 0.6680 0.9491
tube_glass
0 -76.40032 -32.52691 -24.00777 0.19577 -0.83133 -0.52015 0.7459 0.8124
0 -72.27998 -42.49846 -6.52004 0.19577 -0.83133 -0.52015 0.6680 0.9491
0 -81.19731 -42.49846 -9.87628 0.19577 -0.83133 -0.52015 0.6680 0.9228
tube_glass
0 -73.19507 -17.60344 -33.45013 0.29293 -0.55536 -0.77831 0.8625 0.7387
0 -62.75306 -17.60344 -29.52004 0.29293 -0.55536 -0.77831 0.8625 0.7694
0 -66.56901 -32.52691 -20.30753 0.29293 -0.55536 -0.77831 0.7459 0.8413
tube_glass
0 -73.19507 -17.60344 -33.45013 0.29293 -0.55536 -0.77831 0.8625 0.7387
0 -66.56901 -32.52691 -20.30753 0.29293 -0.55536 -0.77831 0.7459 0.8413
0 -76.40032 -32.52691 -24.00777 0.29293 -0.55536 -0.77831 0.7459 0.8124
tube_glass
0 -72.06953 -0.00000 -36.76584 0.34549 -0.19499 -0.91794 1.0000 0.7128
0 -61.41308 -0.00000 -32.75504 0.34549 -0.19499 -0.91794 1.0000 0.7441
0 -62.75306 -17.60344 -29.52004 0.34549 -0.19499 -0.91794 0.8625 0.7694
tube_glass
0 -72.06953 -0.00000 -36.76584 0.34549 -0.19499 -0.91794 1.0000 0.7128
0 -62.75306 -17.60344 -29.52004 0.34549 -0.19499 -0.91794 0.8625 0.7694
0 -73.19507 -17.60344 -33.45013 0.34549 -0.19499 -0.91794 0.8625 0.7387
tube_glass
0 -73.19507 17.60344 -33.45013 0.34549 0.19499 -0.91794 0.1375 0.7387
0 -62.75306 17.60344 -29.52004 0.34549 0.19499 -0.91794 0.1375 0.7694
0 -61.41308 -0.00000 -32.75504 0.34549 0.19499 -0.91794 1.0000 0.7441
tube_glass
0 -73.19507 17.60344 -33.45013 0.34549 0.19499 -0.91794 0.1375 0.7387
0 -61.41308 -0.00000 -32.75504 0.34549 0.19499 -0.91794 1.0000 0.7441
0 -72.06953 -0.00000 -36.76584 0.34549 0.19499 -0.91794 1.0000 0.7128
tube_glass
0 -76.40032 32.52691 -24.00777 0.29293 0.55536 -0.77831 0.2541 0.8124
0 -66.56901 32.52691 -20.30753 0.29293 0.55536 -0.77831 0.2541 0.8413
0 -62.75306 17.60344 -29.52004 0.29293 0.55536 -0.77831 0.1375 0.7694
tube_glass
0 -76.40032 32.52691 -24.00777 0.29293 0.55536 -0.77831 0.2541 0.8124
0 -62.75306 17.60344 -29.52004 0.29293 0.55536 -0.77831 0.1375 0.7694
0 -73.19507 17.60344 -33.45013 0.29293 0.55536 -0.77831 0.1375 0.7387
tube_glass
0 -81.19731 42.49846 -9.87628 0.19577 0.83133 -0.52015 0.3320 0.9228
0 -72.27998 42.49846 -6.52004 0.19577 0.83133 -0.52015 0.3320 0.9491
0 -66.56901 32.52691 -20.30753 0.19577 0.83133 -0.52015 0.2541 0.8413
tube_glass
0 -81.19731 42.49846 -9.87628 0.19577 0.83133 -0.52015 0.3320 0.9228
0 -66.56901 32.52691 -20.30753 0.19577 0.83133 -0.52015 0.2541 0.8413
0 -76.40032 32.52691 -24.00777 0.19577 0.83133 -0.52015 0.2541 0.8124
tube_glass
0 -86.85575 46.00000 6.79294 0.06876 0.98077 -0.18268 0.3594 0.0531
0 -79.01652 46.00000 9.74342 0.06876 0.98077 -0.18268 0.3594 0.0761
0 -72.27998 42.49846 -6.52004 0.06876 0.98077 -0.18268 0.3320 0.9491
tube_glass
0 -86.85575 46.00000 6.79294 0.06876 0.98077 -0.18268 0.3594 0.0531
0 -72.27998 42.49846 -6.52004 0.06876 0.98077 -0.18268 0.3320 0.9491
0 -81.19731 42.49846 -9.87628 0.06876 0.98077 -0.18268 0.3320 0.9228
tube_rail2
0 -96.50301 30.01270 35.21287 0.35225 0.00000 -0.93591 0.2345 0.2751
0 -96.50301 32.21270 35.21287 0.35225 0.00000 -0.93591 0.2517 0.2751
0 -90.50188 32.21270 37.47154 0.35225 0.00000 -0.93591 0.2517 0.2927
tube_rail2
0 -96.50301 30.01270 35.21287 0.35225 0.00000 -0.93591 0.2345 0.2751
0 -90.50188 32.21270 37.47154 0.35225 0.00000 -0.93591 0.2517 0.2927
0 -90.50188 30.01270 37.47154 0.35225 0.00000 -0.93591 0.2345 0.2927
tube_rail2
0 -96.50301 32.21270 35.21287 0.00000 1.00000 -0.00000 0.2517 0.2751
0 -97.21018 32.21270 37.29612 0.00000 1.00000 -0.00000 0.2517 0.2914
0 -91.34379 32.21270 39.50407 0.00000 1.00000 -0.00000 0.2517 0.3086
tube_rail2
0 -96.50301 32.21270 35.21287 0.00000 1.00000 -0.00000 0.2517 0.2751
0 -91.34379 32.21270 39.50407 0.00000 1.00000 -0.00000 0.2517 0.3086
0 -90.50188 32.21270 37.47154 0.00000 1.00000 -0.00000 0.2517 0.2927
tube_rail2
0 -97.21018 32.21270 37.29612 -0.35225 0.00000 0.93591 0.2517 0.2914
0 -97.21018 30.01270 37.29612 -0.35225 0.00000 0.93591 0.2345 0.2914
0 -91.34379 30.01270 39.50407 -0.35225 0.00000 0.93591 0.2345 0.3086
tube_rail2
0 -97.21018 32.21270 37.29612 -0.35225 0.00000 0.93591 0.2517 0.2914
0 -91.34379 30.01270 39.50407 -0.35225 0.00000 0.93591 0.2345 0.3086
0 -91.34379 32.21270 39.50407 -0.35225 0.00000 0.93591 0.2517 0.3086
tube_rail2
0 -97.21018 30.01270 37.29612 0.00000 -1.00000 0.00000 0.2345 0.2914
0 -96.50301 30.01270 35.21287 0.00000 -1.00000 0.00000 0.2345 0.2751
0 -90.50188 30.01270 37.47154 0.00000 -1.00000 0.00000 0.2345 0.2927
tube_rail2
0 -97.21018 30.01270 37.29612 0.00000 -1.00000 0.00000 0.2345 0.2914
0 -90.50188 30.01270 37.47154 0.00000 -1.00000 0.00000 0.2345 0.2927
0 -91.34379 30.01270 39.50407 0.00000 -1.00000 0.00000 0.2345 0.3086
tube_rail2
0 -96.50301 -32.21270 35.21287 0.35225 0.00000 -0.93591 0.7483 0.2751
0 -96.50301 -30.01270 35.21287 0.35225 0.00000 -0.93591 0.7655 0.2751
0 -90.50188 -30.01270 37.47154 0.35225 0.00000 -0.93591 0.7655 0.2927
tube_rail2
0 -96.50301 -32.21270 35.21287 0.35225 0.00000 -0.93591 0.7483 0.2751
0 -90.50188 -30.01270 37.47154 0.35225 0.00000 -0.93591 0.7655 0.2927
0 -90.50188 -32.21270 37.47154 0.35225 0.00000 -0.93591 0.7483 0.2927
tube_rail2
0 -96.50301 -30.01270 35.21287 0.00000 1.00000 -0.00000 0.7655 0.2751
0 -97.21018 -30.01270 37.29612 0.00000 1.00000 -0.00000 0.7655 0.2914
0 -91.34379 -30.01270 39.50407 0.00000 1.00000 -0.00000 0.7655 0.3086
tube_rail2
0 -96.50301 -30.01270 35.21287 0.00000 1.00000 -0.00000 0.7655 0.2751
0 -91.34379 -30.01270 39.50407 0.00000 1.00000 -0.00000 0.7655 0.3086
0 -90.50188 -30.01270 37.47154 0.00000 1.00000 -0.00000 0.7655 0.2927
tube_rail2
0 -97.21018 -30.01270 37.29612 -0.35225 0.00000 0.93591 0.7655 0.2914
0 -97.21018 -32.21270 37.29612 -0.35225 0.00000 0.93591 0.7483 0.2914
0 -91.34379 -32.21270 39.50407 -0.35225 0.00000 0.93591 0.7483 0.3086
tube_rail2
0 -97.21018 -30.01270 37.29612 -0.35225 0.00000 0.93591 0.7655 0.2914
0 -91.34379 -32.21270 39.50407 -0.35225 0.00000 0.93591 0.7483 0.3086
0 -91.34379 -30.01270 39.50407 -0.35225 0.00000 0.93591 0.7655 0.3086
tube_rail2
0 -97.21018 -32.21270 37.29612 0.00000 -1.00000 0.00000 0.7483 0.2914
0 -96.50301 -32.21270 35.21287 0.00000 -1.00000 0.00000 0.7483 0.2751
0 -90.50188 -32.21270 37.47154 0.00000 -1.00000 0.00000 0.7483 0.2927
tube_rail2
0 -97.21018 -32.21270 37.29612 0.00000 -1.00000 0.00000 0.7483 0.2914
0 -90.50188 -32.21270 37.47154 0.00000 -1.00000 0.00000 0.7483 0.2927
0 -91.34379 -32.21270 39.50407 0.00000 -1.00000 0.00000 0.7483 0.3086
tube_rail2
0 -76.50132 -32.21270 -23.71023 0.35225 0.00000 -0.93591 0.7483 0.8148
0 -76.50132 -30.01270 -23.71023 0.35225 0.00000 -0.93591 0.7655 0.8148
0 -66.68925 -30.01270 -20.01723 0.35225 0.00000 -0.93591 0.7655 0.8436
tube_rail2
0 -76.50132 -32.21270 -23.71023 0.35225 0.00000 -0.93591 0.7483 0.8148
0 -66.68925 -30.01270 -20.01723 0.35225 0.00000 -0.93591 0.7655 0.8436
0 -66.68925 -32.21270 -20.01723 0.35225 0.00000 -0.93591 0.7483 0.8436
tube_rail2
0 -76.50132 -30.01270 -23.71023 0.00000 1.00000 -0.00000 0.7655 0.8148
0 -77.20848 -30.01270 -21.62698 0.00000 1.00000 -0.00000 0.7655 0.8310
0 -67.53116 -30.01270 -17.98470 0.00000 1.00000 -0.00000 0.7655 0.8595
tube_rail2
0 -76.50132 -30.01270 -23.71023 0.00000 1.00000 -0.00000 0.7655 0.8148
0 -67.53116 -30.01270 -17.98470 0.00000 1.00000 -0.00000 0.7655 0.8595
0 -66.68925 -30.01270 -20.01723 0.00000 1.00000 -0.00000 0.7655 0.8436
tube_rail2
0 -77.20848 -30.01270 -21.62698 -0.35225 0.00000 0.93591 0.7655 0.8310
0 -77.20848 -32.21270 -21.62698 -0.35225 0.00000 0.93591 0.7483 0.8310
0 -67.53116 -32.21270 -17.98470 -0.35225 0.00000 0.93591 0.7483 0.8595
tube_rail2
0 -77.20848 -30.01270 -21.62698 -0.35225 0.00000 0.93591 0.7655 0.8310
0 -67.53116 -32.21270 -17.98470 -0.35225 0.00000 0.93591 0.7483 0.8595
0 -67.53116 -30.01270 -17.98470 -0.35225 0.00000 0.93591 0.7655 0.8595
tube_rail2
0 -77.20848 -32.21270 -21.62698 0.00000 -1.00000 0.00000 0.7483 0.8310
0 -76.50132 -32.21270 -23.71023 0.00000 -1.00000 0.00000 0.7483 0.8148
0 -66.68925 -32.21270 -20.01723 0.00000 -1.00000 0.00000 0.7483 0.8436
tube_rail2
0 -77.20848 -32.21270 -21.62698 0.00000 -1.00000 0.00000 0.7483 0.8310
0 -66.68925 -32.21270 -20.01723 0.00000 -1.00000 0.00000 0.7483 0.8436
0 -67.53116 -32.21270 -17.98470 0.00000 -1.00000 0.00000 0.7483 0.8595
tube_rail2
0 -76.50132 30.01270 -23.71023 0.35225 0.00000 -0.93591 0.2345 0.8148
0 -76.50132 32.21270 -23.71023 0.35225 0.00000 -0.93591 0.2517 0.8148
0 -66.68925 32.21270 -20.01723 0.35225 0.00000 -0.93591 0.2517 0.8436
tube_rail2
0 -76.50132 30.01270 -23.71023 0.35225 0.00000 -0.93591 0.2345 0.8148
0 -66.68925 32.21270 -20.01723 0.35225 0.00000 -0.93591 0.2517 0.8436
0 -66.68925 30.01270 -20.01723 0.35225 0.00000 -0.93591 0.2345 0.8436
tube_rail2
0 -76.50132 32.21270 -23.71023 0.00000 1.00000 -0.00000 0.2517 0.8148
0 -77.20848 32.21270 -21.62698 0.00000 1.00000 -0.00000 0.2517 0.8310
0 -67.53116 32.21270 -17.98470 0.00000 1.00000 -0.00000 0.2517 0.8595
tube_rail2
0 -76.50132 32.21270 -23.71023 0.00000 1.00000 -0.00000 0.2517 0.8148
0 -67.53116 32.21270 -17.98470 0.00000 1.00000 -0.00000 0.2517 0.8595
0 -66.68925 32.21270 -20.01723 0.00000 1.00000 -0.00000 0.2517 0.8436
tube_rail2
0 -77.20848 32.21270 -21.62698 -0.35225 0.00000 0.93591 0.2517 0.8310
0 -77.20848 30.01270 -21.62698 -0.35225 0.00000 0.93591 0.2345 0.8310
0 -67.53116 30.01270 -17.98470 -0.35225 0.00000 0.93591 0.2345 0.8595
tube_rail2
0 -77.20848 32.21270 -21.62698 -0.35225 0.00000 0.93591 0.2517 0.8310
0 -67.53116 30.01270 -17.98470 -0.35225 0.00000 0.93591 0.2345 0.8595
0 -67.53116 32.21270 -17.98470 -0.35225 0.00000 0.93591 0.2517 0.8595
tube_rail2
0 -77.20848 30.01270 -21.62698 0.00000 -1.00000 0.00000 0.2345 0.8310
0 -76.50132 30.01270 -23.71023 0.00000 -1.00000 0.00000 0.2345 0.8148
0 -66.68925 30.01270 -20.01723 0.00000 -1.00000 0.00000 0.2345 0.8436
tube_rail2
0 -77.20848 30.01270 -21.62698 0.00000 -1.00000 0.00000 0.2345 0.8310
0 -66.68925 30.01270 -20.01723 0.00000 -1.00000 0.00000 0.2345 0.8436
0 -67.53116 30.01270 -17.98470 0.00000 -1.00000 0.00000 0.2345 0.8595
tube_glass
0 -85.75306 42.49846 26.00688 -0.08056 0.98077 0.17779 0.3320 0.2032
0 -79.17285 42.49846 28.98833 -0.08056 0.98077 0.17779 0.3320 0.2265
0 -71.38705 46.00000 13.20029 -0.08056 0.98077 0.17779 0.3594 0.1031
tube_glass
0 -85.75306 42.49846 26.00688 -0.08056 0.98077 0.17779 0.3320 0.2032
0 -71.38705 46.00000 13.20029 -0.08056 0.98077 0.17779 0.3594 0.1031
0 -79.01652 46.00000 9.74342 -0.08056 0.98077 0.17779 0.3594 0.0761
tube_glass
0 -91.46403 32.52691 39.79437 -0.22937 0.83133 0.50624 0.2541 0.3109
0 -85.77333 32.52691 42.37279 -0.22937 0.83133 0.50624 0.2541 0.3310
0 -79.17285 42.49846 28.98833 -0.22937 0.83133 0.50624 0.3320 0.2265
tube_glass
0 -91.46403 32.52691 39.79437 -0.22937 0.83133 0.50624 0.2541 0.3109
0 -79.17285 42.49846 28.98833 -0.22937 0.83133 0.50624 0.3320 0.2265
0 -85.75306 42.49846 26.00688 -0.22937 0.83133 0.50624 0.3320 0.2032
tube_glass
0 -95.27998 17.60344 49.00688 -0.34321 0.55536 0.75748 0.1375 0.3829
0 -90.18364 17.60344 51.31600 -0.34321 0.55536 0.75748 0.1375 0.4009
0 -85.77333 32.52691 42.37279 -0.34321 0.55536 0.75748 0.2541 0.3310
tube_glass
0 -95.27998 17.60344 49.00688 -0.34321 0.55536 0.75748 0.1375 0.3829
0 -85.77333 32.52691 42.37279 -0.34321 0.55536 0.75748 0.2541 0.3310
0 -91.46403 32.52691 39.79437 -0.34321 0.55536 0.75748 0.2541 0.3109
tube_glass
0 -96.61996 0.00000 52.24188 -0.40479 0.19499 0.89338 0.0000 0.4081
0 -91.73233 0.00000 54.45644 -0.40479 0.19499 0.89338 0.0000 0.4254
0 -90.18364 17.60344 51.31600 -0.40479 0.19499 0.89338 0.1375 0.4009
tube_glass
0 -96.61996 0.00000 52.24188 -0.40479 0.19499 0.89338 0.0000 0.4081
0 -90.18364 17.60344 51.31600 -0.40479 0.19499 0.89338 0.1375 0.4009
0 -95.27998 17.60344 49.00688 -0.40479 0.19499 0.89338 0.1375 0.3829
tube_glass
0 -95.27998 -17.60344 49.00688 -0.40479 -0.19499 0.89338 0.8625 0.3829
0 -90.18364 -17.60344 51.31600 -0.40479 -0.19499 0.89338 0.8625 0.4009
0 -91.73233 0.00000 54.45644 -0.40479 -0.19499 0.89338 0.0000 0.4254
tube_glass
0 -95.27998 -17.60344 49.00688 -0.40479 -0.19499 0.89338 0.8625 0.3829
0 -91.73233 0.00000 54.45644 -0.40479 -0.19499 0.89338 0.0000 0.4254
0 -96.61996 0.00000 52.24188 -0.40479 -0.19499 0.89338 0.0000 0.4081
tube_glass
0 -91.46403 -32.52691 39.79437 -0.34321 -0.55536 0.75748 0.7459 0.3109
0 -85.77333 -32.52691 42.37279 -0.34321 -0.55536 0.75748 0.7459 0.3310
0 -90.18364 -17.60344 51.31600 -0.34321 -0.55536 0.75748 0.8625 0.4009
tube_glass
0 -91.46403 -32.52691 39.79437 -0.34321 -0.55536 0.75748 0.7459 0.3109
0 -90.18364 -17.60344 51.31600 -0.34321 -0.55536 0.75748 0.8625 0.4009
0 -95.27998 -17.60344 49.00688 -0.34321 -0.55536 0.75748 0.8625 0.3829
tube_glass
0 -85.75306 -42.49846 26.00688 -0.22937 -0.83133 0.50624 0.6680 0.2032
0 -79.17285 -42.49846 28.98833 -0.22937 -0.83133 0.50624 0.6680 0.2265
0 -85.77333 -32.52691 42.37279 -0.22937 -0.83133 0.50624 0.7459 0.3310
tube_glass
0 -85.75306 -42.49846 26.00688 -0.22937 -0.83133 0.50624 0.6680 0.2032
0 -85.77333 -32.52691 42.37279 -0.22937 -0.83133 0.50624 0.7459 0.3310
0 -91.46403 -32.52691 39.79437 -0.22937 -0.83133 0.50624 0.7459 0.3109
tube_glass
0 -79.01652 -46.00000 9.74342 -0.08056 -0.98077 0.17779 0.6406 0.0761
0 -71.38705 -46.00000 13.20029 -0.08056 -0.98077 0.17779 0.6406 0.1031
0 -79.17285 -42.49846 28.98833 -0.08056 -0.98077 0.17779 0.6680 0.2265
tube_glass
0 -79.01652 -46.00000 9.74342 -0.08056 -0.98077 0.17779 0.6406 0.0761
0 -79.17285 -42.49846 28.98833 -0.08056 -0.98077 0.17779 0.6680 0.2265
0 -85.75306 -42.49846 26.00688 -0.08056 -0.98077 0.17779 0.6680 0.2032
tube_glass
0 -72.27998 -42.49846 -6.52004 0.08056 -0.98077 -0.17779 0.6680 0.9491
0 -63.60125 -42.49846 -2.58775 0.08056 -0.98077 -0.17779 0.6680 0.9798
0 -71.38705 -46.00000 13.20029 0.08056 -0.98077 -0.17779 0.6406 0.1031
tube_glass
0 -72.27998 -42.49846 -6.52004 0.08056 -0.98077 -0.17779 0.6680 0.9491
0 -71.38705 -46.00000 13.20029 0.08056 -0.98077 -0.17779 0.6406 0.1031
0 -79.01652 -46.00000 9.74342 0.08056 -0.98077 -0.17779 0.6406 0.0761
tube_glass
0 -66.56901 -32.52691 -20.30753 0.22937 -0.83133 -0.50624 0.7459 0.8413
0 -57.00076 -32.52691 -15.97221 0.22937 -0.83133 -0.50624 0.7459 0.8752
0 -63.60125 -42.49846 -2.58775 0.22937 -0.83133 -0.50624 0.6680 0.9798
tube_glass
0 -66.56901 -32.52691 -20.30753 0.22937 -0.83133 -0.50624 0.7459 0.8413
0 -63.60125 -42.49846 -2.58775 0.22937 -0.83133 -0.50624 0.6680 0.9798
0 -72.27998 -42.49846 -6.52004 0.22937 -0.83133 -0.50624 0.6680 0.9491
tube_glass
0 -62.75306 -17.60344 -29.52004 0.34321 -0.55536 -0.75748 0.8625 0.7694
0 -52.59046 -17.60344 -24.91542 0.34321 -0.55536 -0.75748 0.8625 0.8053
0 -57.00076 -32.52691 -15.97221 0.34321 -0.55536 -0.75748 0.7459 0.8752
tube_glass
0 -62.75306 -17.60344 -29.52004 0.34321 -0.55536 -0.75748 0.8625 0.7694
0 -57.00076 -32.52691 -15.97221 0.34321 -0.55536 -0.75748 0.7459 0.8752
0 -66.56901 -32.52691 -20.30753 0.34321 -0.55536 -0.75748 0.7459 0.8413
tube_glass
0 -61.41308 -0.00000 -32.75504 0.40479 -0.19499 -0.89338 1.0000 0.7441
0 -51.04177 -0.00000 -28.05586 0.40479 -0.19499 -0.89338 1.0000 0.7808
0 -52.59046 -17.60344 -24.91542 0.40479 -0.19499 -0.89338 0.8625 0.8053
tube_glass
0 -61.41308 -0.00000 -32.75504 0.40479 -0.19499 -0.89338 1.0000 0.7441
0 -52.59046 -17.60344 -24.91542 0.40479 -0.19499 -0.89338 0.8625 0.8053
0 -62.75306 -17.60344 -29.52004 0.40479 -0.19499 -0.89338 0.8625 0.7694
tube_glass
0 -62.75306 17.60344 -29.52004 0.40479 0.19499 -0.89338 0.1375 0.7694
0 -52.59046 17.60344 -24.91542 0.40479 0.19499 -0.89338 0.1375 0.8053
0 -51.04177 -0.00000 -28.05586 0.40479 0.19499 -0.89338 1.0000 0.7808
tube_glass
0 -62.75306 17.60344 -29.52004 0.40479 0.19499 -0.89338 0.1375 0.7694
0 -51.04177 -0.00000 -28.05586 0.40479 0.19499 -0.89338 1.0000 0.7808
0 -61.41308 -0.00000 -32.75504 0.40479 0.19499 -0.89338 1.0000 0.7441
tube_glass
0 -66.56901 32.52691 -20.30753 0.34321 0.55536 -0.75748 0.2541 0.8413
0 -57.00076 32.52691 -15.97221 0.34321 0.55536 -0.75748 0.2541 0.8752
0 -52.59046 17.60344 -24.91542 0.34321 0.55536 -0.75748 0.1375 0.8053
tube_glass
0 -66.56901 32.52691 -20.30753 0.34321 0.55536 -0.75748 0.2541 0.8413
0 -52.59046 17.60344 -24.91542 0.34321 0.55536 -0.75748 0.1375 0.8053
0 -62.75306 17.60344 -29.52004 0.34321 0.55536 -0.75748 0.1375 0.7694
tube_glass
0 -72.27998 42.49846 -6.52004 0.22937 0.83133 -0.50624 0.3320 0.9491
0 -63.60125 42.49846 -2.58775 0.22937 0.83133 -0.50624 0.3320 0.9798
0 -57.00076 32.52691 -15.97221 0.22937 0.83133 -0.50624 0.2541 0.8752
tube_glass
0 -72.27998 42.49846 -6.52004 0.22937 0.83133 -0.50624 0.3320 0.9491
0 -57.00076 32.52691 -15.97221 0.22937 0.83133 -0.50624 0.2541 0.8752
0 -66.56901 32.52691 -20.30753 0.22937 0.83133 -0.50624 0.2541 0.8413
tube_glass
0 -79.01652 46.00000 9.74342 0.08056 0.98077 -0.17779 0.3594 0.0761
0 -71.38705 46.00000 13.20029 0.08056 0.98077 -0.17779 0.3594 0.1031
0 -63.60125 42.49846 -2.58775 0.08056 0.98077 -0.17779 0.3320 0.9798
tube_glass
0 -79.01652 46.00000 9.74342 0.08056 0.98077 -0.17779 0.3594 0.0761
0 -63.60125 42.49846 -2.58775 0.08056 0.98077 -0.17779 0.3320 0.9798
0 -72.27998 42.49846 -6.52004 0.08056 0.98077 -0.17779 0.3320 0.9491
tube_rail2
0 -90.50188 30.01270 37.47154 0.41271 0.00000 -0.91086 0.2345 0.2927
0 -90.50188 32.21270 37.47154 0.41271 0.00000 -0.91086 0.2517 0.2927
0 -84.66132 32.21270 40.11786 0.41271 0.00000 -0.91086 0.2517 0.3134
tube_rail2
0 -90.50188 30.01270 37.47154 0.41271 0.00000 -0.91086 0.2345 0.2927
0 -84.66132 32.21270 40.11786 0.41271 0.00000 -0.91086 0.2517 0.3134
0 -84.66132 30.01270 40.11786 0.41271 0.00000 -0.91086 0.2345 0.3134
tube_rail2
0 -90.50188 32.21270 37.47154 0.00000 1.00000 -0.00000 0.2517 0.2927
0 -91.34379 32.21270 39.50407 0.00000 1.00000 -0.00000 0.2517 0.3086
0 -85.63436 32.21270 42.09098 0.00000 1.00000 -0.00000 0.2517 0.3288
tube_rail2
0 -90.50188 32.21270 37.47154 0.00000 1.00000 -0.00000 0.2517 0.2927
0 -85.63436 32.21270 42.09098 0.00000 1.00000 -0.00000 0.2517 0.3288
0 -84.66132 32.21270 40.11786 0.00000 1.00000 -0.00000 0.2517 0.3134
tube_rail2
0 -91.34379 32.21270 39.50407 -0.41271 0.00000 0.91086 0.2517 0.3086
0 -91.34379 30.01270 39.50407 -0.41271 0.00000 0.91086 0.2345 0.3086
0 -85.63436 30.01270 42.09098 -0.41271 0.00000 0.91086 0.2345 0.3288
tube_rail2
0 -91.34379 32.21270 39.50407 -0.41271 0.00000 0.91086 0.2517 0.3086
0 -85.63436 30.01270 42.09098 -0.41271 0.00000 0.91086 0.2345 0.3288
0 -85.63436 32.21270 42.09098 -0.41271 0.00000 0.91086 0.2517 0.3288
tube_rail2
0 -91.34379 30.01270 39.50407 0.00000 -1.00000 0.00000 0.2345 0.3086
0 -90.50188 30.01270 37.47154 0.00000 -1.00000 0.00000 0.2345 0.2927
0 -84.66132 30.01270 40.11786 0.00000 -1.00000 0.00000 0.2345 0.3134
tube_rail2
0 -91.34379 30.01270 39.50407 0.00000 -1.00000 0.00000 0.2345 0.3086
0 -84.66132 30.01270 40.11786 0.00000 -1.00000 0.00000 0.2345 0.3134
0 -85.63436 30.01270 42.09098 0.00000 -1.00000 0.00000 0.2345 0.3288
tube_rail2
0 -90.50188 -32.21270 37.47154 0.41271 0.00000 -0.91086 0.7483 0.2927
0 -90.50188 -30.01270 37.47154 0.41271 0.00000 -0.91086 0.7655 0.2927
0 -84.66132 -30.01270 40.11786 0.41271 0.00000 -0.91086 0.7655 0.3134
tube_rail2
0 -90.50188 -32.21270 37.47154 0.41271 0.00000 -0.91086 0.7483 0.2927
0 -84.66132 -30.01270 40.11786 0.41271 0.00000 -0.91086 0.7655 0.3134
0 -84.66132 -32.21270 40.11786 0.41271 0.00000 -0.91086 0.7483 0.3134
tube_rail2
0 -90.50188 -30.01270 37.47154 0.00000 1.00000 -0.00000 0.7655 0.2927
0 -91.34379 -30.01270 39.50407 0.00000 1.00000 -0.00000 0.7655 0.3086
0 -85.63436 -30.01270 42.09098 0.00000 1.00000 -0.00000 0.7655 0.3288
tube_rail2
0 -90.50188 -30.01270 37.47154 0.00000 1.00000 -0.00000 0.7655 0.2927
0 -85.63436 -30.01270 42.09098 0.00000 1.00000 -0.00000 0.7655 0.3288
0 -84.66132 -30.01270 40.11786 0.00000 1.00000 -0.00000 0.7655 0.3134
tube_rail2
0 -91.34379 -30.01270 39.50407 -0.41271 0.00000 0.91086 0.7655 0.3086
0 -91.34379 -32.21270 39.50407 -0.41271 0.00000 0.91086 0.7483 0.3086
0 -85.63436 -32.21270 42.09098 -0.41271 0.00000 0.91086 0.7483 0.3288
tube_rail2
0 -91.34379 -30.01270 39.50407 -0.41271 0.00000 0.91086 0.7655 0.3086
0 -85.63436 -32.21270 42.09098 -0.41271 0.00000 0.91086 0.7483 0.3288
0 -85.63436 -30.01270 42.09098 -0.41271 0.00000 0.91086 0.7655 0.3288
tube_rail2
0 -91.34379 -32.21270 39.50407 0.00000 -1.00000 0.00000 0.7483 0.3086
0 -90.50188 -32.21270 37.47154 0.00000 -1.00000 0.00000 0.7483 0.2927
0 -84.66132 -32.21270 40.11786 0.00000 -1.00000 0.00000 0.7483 0.3134
tube_rail2
0 -91.34379 -32.21270 39.50407 0.00000 -1.00000 0.00000 0.7483 0.3086
0 -84.66132 -32.21270 40.11786 0.00000 -1.00000 0.00000 0.7483 0.3134
0 -85.63436 -32.21270 42.09098 0.00000 -1.00000 0.00000 0.7483 0.3288
tube_rail2
0 -66.68925 -32.21270 -20.01723 0.41271 0.00000 -0.91086 0.7483 0.8436
0 -66.68925 -30.01270 -20.01723 0.41271 0.00000 -0.91086 0.7655 0.8436
0 -57.13974 -30.01270 -15.69040 0.41271 0.00000 -0.91086 0.7655 0.8774
tube_rail2
0 -66.68925 -32.21270 -20.01723 0.41271 0.00000 -0.91086 0.7483 0.8436
0 -57.13974 -30.01270 -15.69040 0.41271 0.00000 -0.91086 0.7655 0.8774
0 -57.13974 -32.21270 -15.69040 0.41271 0.00000 -0.91086 0.7483 0.8774
tube_rail2
0 -66.68925 -30.01270 -20.01723 0.00000 1.00000 -0.00000 0.7655 0.8436
0 -67.53116 -30.01270 -17.98470 0.00000 1.00000 -0.00000 0.7655 0.8595
0 -58.11277 -30.01270 -13.71728 0.00000 1.00000 -0.00000 0.7655 0.8928
tube_rail2
0 -66.68925 -30.01270 -20.01723 0.00000 1.00000 -0.00000 0.7655 0.8436
0 -58.11277 -30.01270 -13.71728 0.00000 1.00000 -0.00000 0.7655 0.8928
0 -57.13974 -30.01270 -15.69040 0.00000 1.00000 -0.00000 0.7655 0.8774
tube_rail2
0 -67.53116 -30.01270 -17.98470 -0.41271 0.00000 0.91086 0.7655 0.8595
0 -67.53116 -32.21270 -17.98470 -0.41271 0.00000 0.91086 0.7483 0.8595
0 -58.11277 -32.21270 -13.71728 -0.41271 0.00000 0.91086 0.7483 0.8928
tube_rail2
0 -67.53116 -30.01270 -17.98470 -0.41271 0.00000 0.91086 0.7655 0.8595
0 -58.11277 -32.21270 -13.71728 -0.41271 0.00000 0.91086 0.7483 0.8928
0 -58.11277 -30.01270 -13.71728 -0.41271 0.00000 0.91086 0.7655 0.8928
tube_rail2
0 -67.53116 -32.21270 -17.98470 0.00000 -1.00000 0.00000 0.7483 0.8595
0 -66.68925 -32.21270 -20.01723 0.00000 -1.00000 0.00000 0.7483 0.8436
0 -57.13974 -32.21270 -15.69040 0.00000 -1.00000 0.00000 0.7483 0.8774
tube_rail2
0 -67.53116 -32.21270 -17.98470 0.00000 -1.00000 0.00000 0.7483 0.8595
0 -57.13974 -32.21270 -15.69040 0.00000 -1.00000 0.00000 0.7483 0.8774
0 -58.11277 -32.21270 -13.71728 0.00000 -1.00000 0.00000 0.7483 0.8928
tube_rail2
0 -66.68925 30.01270 -20.01723 0.41271 0.00000 -0.91086 0.2345 0.8436
0 -66.68925 32.21270 -20.01723 0.41271 0.00000 -0.91086 0.2517 0.8436
0 -57.13974 32.21270 -15.69040 0.41271 0.00000 -0.91086 0.2517 0.8774
tube_rail2
0 -66.68925 30.01270 -20.01723 0.41271 0.00000 -0.91086 0.2345 0.8436
0 -57.13974 32.21270 -15.69040 0.41271 0.00000 -0.91086 0.2517 0.8774
0 -57.13974 30.01270 -15.69040 0.41271 0.00000 -0.91086 0.2345 0.8774
tube_rail2
0 -66.68925 32.21270 -20.01723 0.00000 1.00000 -0.00000 0.2517 0.8436
0 -67.53116 32.21270 -17.98470 0.00000 1.00000 -0.00000 0.2517 0.8595
0 -58.11277 32.21270 -13.71728 0.00000 1.00000 -0.00000 0.2517 0.8928
tube_rail2
0 -66.68925 32.21270 -20.01723 0.00000 1.00000 -0.00000 0.2517 0.8436
0 -58.11277 32.21270 -13.71728 0.00000 1.00000 -0.00000 0.2517 0.8928
0 -57.13974 32.21270 -15.69040 0.00000 1.00000 -0.00000 0.2517 0.8774
tube_rail2
0 -67.53116 32.21270 -17.98470 -0.41271 0.00000 0.91086 0.2517 0.8595
0 -67.53116 30.01270 -17.98470 -0.41271 0.00000 0.91086 0.2345 0.8595
0 -58.11277 30.01270 -13.71728 -0.41271 0.00000 0.91086 0.2345 0.8928
tube_rail2
0 -67.53116 32.21270 -17.98470 -0.41271 0.00000 0.91086 0.2517 0.8595
0 -58.11277 30.01270 -13.71728 -0.41271 0.00000 0.91086 0.2345 0.8928
0 -58.11277 32.21270 -13.71728 -0.41271 0.00000 0.91086 0.2517 0.8928
tube_rail2
0 -67.53116 30.01270 -17.98470 0.00000 -1.00000 0.00000 0.2345 0.8595
0 -66.68925 30.01270 -20.01723 0.00000 -1.00000 0.00000 0.2345 0.8436
0 -57.13974 30.01270 -15.69040 0.00000 -1.00000 0.00000 0.2345 0.8774
tube_rail2
0 -67.53116 30.01270 -17.98470 0.00000 -1.00000 0.00000 0.2345 0.8595
0 -57.13974 30.01270 -15.69040 0.00000 -1.00000 0.00000 0.2345 0.8774
0 -58.11277 30.01270 -13.71728 0.00000 -1.00000 0.00000 0.2345 0.8928
tube_glass
0 -79.17285 42.49846 28.98833 -0.09201 0.98077 0.17214 0.3320 0.2265
0 -72.80172 42.49846 32.39377 -0.09201 0.98077 0.17214 0.3320 0.2531
0 -64.00000 46.00000 17.14875 -0.09201 0.98077 0.17214 0.3594 0.1340
tube_glass
0 -79.17285 42.49846 28.98833 -0.09201 0.98077 0.17214 0.3320 0.2265
0 -64.00000 46.00000 17.14875 -0.09201 0.98077 0.17214 0.3594 0.1340
0 -71.38705 46.00000 13.20029 -0.09201 0.98077 0.17214 0.3594 0.1031
tube_glass
0 -85.77333 32.52691 42.37279 -0.26199 0.83133 0.49015 0.2541 0.3310
0 -80.26346 32.52691 45.31788 -0.26199 0.83133 0.49015 0.2541 0.3540
0 -72.80172 42.49846 32.39377 -0.26199 0.83133 0.49015 0.3320 0.2531
tube_glass
0 -85.77333 32.52691 42.37279 -0.26199 0.83133 0.49015 0.2541 0.3310
0 -72.80172 42.49846 32.39377 -0.26199 0.83133 0.49015 0.3320 0.2531
0 -79.17285 42.49846 28.98833 -0.26199 0.83133 0.49015 0.3320 0.2265
tube_glass
0 -90.18364 17.60344 51.31600 -0.39202 0.55536 0.73341 0.1375 0.4009
0 -85.24923 17.60344 53.95349 -0.39202 0.55536 0.73341 0.1375 0.4215
0 -80.26346 32.52691 45.31788 -0.39202 0.55536 0.73341 0.2541 0.3540
tube_glass
0 -90.18364 17.60344 51.31600 -0.39202 0.55536 0.73341 0.1375 0.4009
0 -80.26346 32.52691 45.31788 -0.39202 0.55536 0.73341 0.2541 0.3540
0 -85.77333 32.52691 42.37279 -0.39202 0.55536 0.73341 0.2541 0.3310
tube_glass
0 -91.73233 0.00000 54.45644 -0.46235 0.19499 0.86499 0.0000 0.4254
0 -87.00000 0.00000 56.98592 -0.46235 0.19499 0.86499 0.0000 0.4452
0 -85.24923 17.60344 53.95349 -0.46235 0.19499 0.86499 0.1375 0.4215
tube_glass
0 -91.73233 0.00000 54.45644 -0.46235 0.19499 0.86499 0.0000 0.4254
0 -85.24923 17.60344 53.95349 -0.46235 0.19499 0.86499 0.1375 0.4215
0 -90.18364 17.60344 51.31600 -0.46235 0.19499 0.86499 0.1375 0.4009
tube_glass
0 -90.18364 -17.60344 51.31600 -0.46235 -0.19499 0.86499 0.8625 0.4009
0 -85.24923 -17.60344 53.95349 -0.46235 -0.19499 0.86499 0.8625 0.4215
0 -87.00000 0.00000 56.98592 -0.46235 -0.19499 0.86499 0.0000 0.4452
tube_glass
0 -90.18364 -17.60344 51.31600 -0.46235 -0.19499 0.86499 0.8625 0.4009
0 -87.00000 0.00000 56.98592 -0.46235 -0.19499 0.86499 0.0000 0.4452
0 -91.73233 0.00000 54.45644 -0.46235 -0.19499 0.86499 0.0000 0.4254
tube_glass
0 -85.77333 -32.52691 42.37279 -0.39202 -0.55536 0.73341 0.7459 0.3310
0 -80.26346 -32.52691 45.31788 -0.39202 -0.55536 0.73341 0.7459 0.3540
0 -85.24923 -17.60344 53.95349 -0.39202 -0.55536 0.73341 0.8625 0.4215
tube_glass
0 -85.77333 -32.52691 42.37279 -0.39202 -0.55536 0.73341 0.7459 0.3310
0 -85.24923 -17.60344 53.95349 -0.39202 -0.55536 0.73341 0.8625 0.4215
0 -90.18364 -17.60344 51.31600 -0.39202 -0.55536 0.73341 0.8625 0.4009
tube_glass
0 -79.17285 -42.49846 28.98833 -0.26199 -0.83133 0.49015 0.6680 0.2265
0 -72.80172 -42.49846 32.39377 -0.26199 -0.83133 0.49015 0.6680 0.2531
0 -80.26346 -32.52691 45.31788 -0.26199 -0.83133 0.49015 0.7459 0.3540
tube_glass
0 -79.17285 -42.49846 28.98833 -0.26199 -0.83133 0.49015 0.6680 0.2265
0 -80.26346 -32.52691 45.31788 -0.26199 -0.83133 0.49015 0.7459 0.3540
0 -85.77333 -32.52691 42.37279 -0.26199 -0.83133 0.49015 0.7459 0.3310
tube_glass
0 -71.38705 -46.00000 13.20029 -0.09201 -0.98077 0.17214 0.6406 0.1031
0 -64.00000 -46.00000 17.14875 -0.09201 -0.98077 0.17214 0.6406 0.1340
0 -72.80172 -42.49846 32.39377 -0.09201 -0.98077 0.17214 0.6680 0.2531
tube_glass
0 -71.38705 -46.00000 13.20029 -0.09201 -0.98077 0.17214 0.6406 0.1031
0 -72.80172 -42.49846 32.39377 -0.09201 -0.98077 0.17214 0.6680 0.2531
0 -79.17285 -42.49846 28.98833 -0.09201 -0.98077 0.17214 0.6680 0.2265
tube_glass
0 -63.60125 -42.49846 -2.58775 0.09201 -0.98077 -0.17214 0.6680 0.9798
0 -55.19828 -42.49846 1.90372 0.09201 -0.98077 -0.17214 0.6680 0.0149
0 -64.00000 -46.00000 17.14875 0.09201 -0.98077 -0.17214 0.6406 0.1340
tube_glass
0 -63.60125 -42.49846 -2.58775 0.09201 -0.98077 -0.17214 0.6680 0.9798
0 -64.00000 -46.00000 17.14875 0.09201 -0.98077 -0.17214 0.6406 0.1340
0 -71.38705 -46.00000 13.20029 0.09201 -0.98077 -0.17214 0.6406 0.1031
tube_glass
0 -57.00076 -32.52691 -15.97221 0.26199 -0.83133 -0.49015 0.7459 0.8752
0 -47.73654 -32.52691 -11.02038 0.26199 -0.83133 -0.49015 0.7459 0.9139
0 -55.19828 -42.49846 1.90372 0.26199 -0.83133 -0.49015 0.6680 0.0149
tube_glass
0 -57.00076 -32.52691 -15.97221 0.26199 -0.83133 -0.49015 0.7459 0.8752
0 -55.19828 -42.49846 1.90372 0.26199 -0.83133 -0.49015 0.6680 0.0149
0 -63.60125 -42.49846 -2.58775 0.26199 -0.83133 -0.49015 0.6680 0.9798
tube_glass
0 -52.59046 -17.60344 -24.91542 0.39202 -0.55536 -0.73341 0.8625 0.8053
0 -42.75077 -17.60344 -19.65600 0.39202 -0.55536 -0.73341 0.8625 0.8464
0 -47.73654 -32.52691 -11.02038 0.39202 -0.55536 -0.73341 0.7459 0.9139
tube_glass
0 -52.59046 -17.60344 -24.91542 0.39202 -0.55536 -0.73341 0.8625 0.8053
0 -47.73654 -32.52691 -11.02038 0.39202 -0.55536 -0.73341 0.7459 0.9139
0 -57.00076 -32.52691 -15.97221 0.39202 -0.55536 -0.73341 0.7459 0.8752
tube_glass
0 -51.04177 -0.00000 -28.05586 0.46235 -0.19499 -0.86499 1.0000 0.7808
0 -41.00000 -0.00000 -22.68842 0.46235 -0.19499 -0.86499 1.0000 0.8227
0 -42.75077 -17.60344 -19.65600 0.46235 -0.19499 -0.86499 0.8625 0.8464
tube_glass
0 -51.04177 -0.00000 -28.05586 0.46235 -0.19499 -0.86499 1.0000 0.7808
0 -42.75077 -17.60344 -19.65600 0.46235 -0.19499 -0.86499 0.8625 0.8464
0 -52.59046 -17.60344 -24.91542 0.46235 -0.19499 -0.86499 0.8625 0.8053
tube_glass
0 -52.59046 17.60344 -24.91542 0.46235 0.19499 -0.86499 0.1375 0.8053
0 -42.75077 17.60344 -19.65600 0.46235 0.19499 -0.86499 0.1375 0.8464
0 -41.00000 -0.00000 -22.68842 0.46235 0.19499 -0.86499 1.0000 0.8227
tube_glass
0 -52.59046 17.60344 -24.91542 0.46235 0.19499 -0.86499 0.1375 0.8053
0 -41.00000 -0.00000 -22.68842 0.46235 0.19499 -0.86499 1.0000 0.8227
0 -51.04177 -0.00000 -28.05586 0.46235 0.19499 -0.86499 1.0000 0.7808
tube_glass
0 -57.00076 32.52691 -15.97221 0.39202 0.55536 -0.73341 0.2541 0.8752
0 -47.73654 32.52691 -11.02038 0.39202 0.55536 -0.73341 0.2541 0.9139
0 -42.75077 17.60344 -19.65600 0.39202 0.55536 -0.73341 0.1375 0.8464
tube_glass
0 -57.00076 32.52691 -15.97221 0.39202 0.55536 -0.73341 0.2541 0.8752
0 -42.75077 17.60344 -19.65600 0.39202 0.55536 -0.73341 0.1375 0.8464
0 -52.59046 17.60344 -24.91542 0.39202 0.55536 -0.73341 0.1375 0.8053
tube_glass
0 -63.60125 42.49846 -2.58775 0.26199 0.83133 -0.49015 0.3320 0.9798
0 -55.19828 42.49846 1.90372 0.26199 0.83133 -0.49015 0.3320 0.0149
0 -47.73654 32.52691 -11.02038 0.26199 0.83133 -0.49015 0.2541 0.9139
tube_glass
0 -63.60125 42.49846 -2.58775 0.26199 0.83133 -0.49015 0.3320 0.9798
0 -47.73654 32.52691 -11.02038 0.26199 0.83133 -0.49015 0.2541 0.9139
0 -57.00076 32.52691 -15.97221 0.26199 0.83133 -0.49015 0.2541 0.8752
tube_glass
0 -71.38705 46.00000 13.20029 0.09201 0.98077 -0.17214 0.3594 0.1031
0 -64.00000 46.00000 17.14875 0.09201 0.98077 -0.17214 0.3594 0.1340
0 -55.19828 42.49846 1.90372 0.09201 0.98077 -0.17214 0.3320 0.0149
tube_glass
0 -71.38705 46.00000 13.20029 0.09201 0.98077 -0.17214 0.3594 0.1031
0 -55.19828 42.49846 1.90372 0.09201 0.98077 -0.17214 0.3320 0.0149
0 -63.60125 42.49846 -2.58775 0.09201 0.98077 -0.17214 0.3320 0.9798
tube_rail2
0 -84.66132 30.01270 40.11786 0.47140 0.00000 -0.88192 0.2345 0.3134
0 -84.66132 32.21270 40.11786 0.47140 0.00000 -0.88192 0.2517 0.3134
0 -79.00635 32.21270 43.14051 0.47140 0.00000 -0.88192 0.2517 0.3370
tube_rail2
0 -84.66132 30.01270 40.11786 0.47140 0.00000 -0.88192 0.2345 0.3134
0 -79.00635 32.21270 43.14051 0.47140 0.00000 -0.88192 0.2517 0.3370
0 -79.00635 30.01270 43.14051 0.47140 0.00000 -0.88192 0.2345 0.3370
tube_rail2
0 -84.66132 32.21270 40.11786 0.00000 1.00000 -0.00000 0.2517 0.3134
0 -85.63436 32.21270 42.09098 0.00000 1.00000 -0.00000 0.2517 0.3288
0 -80.10635 32.21270 45.04576 0.00000 1.00000 -0.00000 0.2517 0.3519
tube_rail2
0 -84.66132 32.21270 40.11786 0.00000 1.00000 -0.00000 0.2517 0.3134
0 -80.10635 32.21270 45.04576 0.00000 1.00000 -0.00000 0.2517 0.3519
0 -79.00635 32.21270 43.14051 0.00000 1.00000 -0.00000 0.2517 0.3370
tube_rail2
0 -85.63436 32.21270 42.09098 -0.47140 0.00000 0.88192 0.2517 0.3288
0 -85.63436 30.01270 42.09098 -0.47140 0.00000 0.88192 0.2345 0.3288
0 -80.10635 30.01270 45.04576 -0.47140 0.00000 0.88192 0.2345 0.3519
tube_rail2
0 -85.63436 32.21270 42.09098 -0.47140 0.00000 0.88192 0.2517 0.3288
0 -80.10635 30.01270 45.04576 -0.47140 0.00000 0.88192 0.2345 0.3519
0 -80.10635 32.21270 45.04576 -0.47140 0.00000 0.88192 0.2517 0.3519
tube_rail2
0 -85.63436 30.01270 42.09098 0.00000 -1.00000 0.00000 0.2345 0.3288
0 -84.66132 30.01270 40.11786 0.00000 -1.00000 0.00000 0.2345 0.3134
0 -79.00635 30.01270 43.14051 0.00000 -1.00000 0.00000 0.2345 0.3370
tube_rail2
0 -85.63436 30.01270 42.09098 0.00000 -1.00000 0.00000 0.2345 0.3288
0 -79.00635 30.01270 43.14051 0.00000 -1.00000 0.00000 0.2345 0.3370
0 -80.10635 30.01270 45.04576 0.00000 -1.00000 0.00000 0.2345 0.3519
tube_rail2
0 -84.66132 -32.21270 40.11786 0.47140 0.00000 -0.88192 0.7483 0.3134
0 -84.66132 -30.01270 40.11786 0.47140 0.00000 -0.88192 0.7655 0.3134
0 -79.00635 -30.01270 43.14051 0.47140 0.00000 -0.88192 0.7655 0.3370
tube_rail2
0 -84.66132 -32.21270 40.11786 0.47140 0.00000 -0.88192 0.7483 0.3134
0 -79.00635 -30.01270 43.14051 0.47140 0.00000 -0.88192 0.7655 0.3370
0 -79.00635 -32.21270 43.14051 0.47140 0.00000 -0.88192 0.7483 0.3370
tube_rail2
0 -84.66132 -30.01270 40.11786 0.00000 1.00000 -0.00000 0.7655 0.3134
0 -85.63436 -30.01270 42.09098 0.00000 1.00000 -0.00000 0.7655 0.3288
0 -80.10635 -30.01270 45.04576 0.00000 1.00000 -0.00000 0.7655 0.3519
tube_rail2
0 -84.66132 -30.01270 40.11786 0.00000 1.00000 -0.00000 0.7655 0.3134
0 -80.10635 -30.01270 45.04576 0.00000 1.00000 -0.00000 0.7655 0.3519
0 -79.00635 -30.01270 43.14051 0.00000 1.00000 -0.00000 0.7655 0.3370
tube_rail2
0 -85.63436 -30.01270 42.09098 -0.47140 0.00000 0.88192 0.7655 0.3288
0 -85.63436 -32.21270 42.09098 -0.47140 0.00000 0.88192 0.7483 0.3288
0 -80.10635 -32.21270 45.04576 -0.47140 0.00000 0.88192 0.7483 0.3519
tube_rail2
0 -85.63436 -30.01270 42.09098 -0.47140 0.00000 0.88192 0.7655 0.3288
0 -80.10635 -32.21270 45.04576 -0.47140 0.00000 0.88192 0.7483 0.3519
0 -80.10635 -30.01270 45.04576 -0.47140 0.00000 0.88192 0.7655 0.3519
tube_rail2
0 -85.63436 -32.21270 42.09098 0.00000 -1.00000 0.00000 0.7483 0.3288
0 -84.66132 -32.21270 40.11786 0.00000 -1.00000 0.00000 0.7483 0.3134
0 -79.00635 -32.21270 43.14051 0.00000 -1.00000 0.00000 0.7483 0.3370
tube_rail2
0 -85.63436 -32.21270 42.09098 0.00000 -1.00000 0.00000 0.7483 0.3288
0 -79.00635 -32.21270 43.14051 0.00000 -1.00000 0.00000 0.7483 0.3370
0 -80.10635 -32.21270 45.04576 0.00000 -1.00000 0.00000 0.7483 0.3519
tube_rail2
0 -57.13974 -32.21270 -15.69040 0.47140 0.00000 -0.88192 0.7483 0.8774
0 -57.13974 -30.01270 -15.69040 0.47140 0.00000 -0.88192 0.7655 0.8774
0 -47.89365 -30.01270 -10.74827 0.47140 0.00000 -0.88192 0.7655 0.9160
tube_rail2
0 -57.13974 -32.21270 -15.69040 0.47140 0.00000 -0.88192 0.7483 0.8774
0 -47.89365 -30.01270 -10.74827 0.47140 0.00000 -0.88192 0.7655 0.9160
0 -47.89365 -32.21270 -10.74827 0.47140 0.00000 -0.88192 0.7483 0.9160
tube_rail2
0 -57.13974 -30.01270 -15.69040 0.00000 1.00000 -0.00000 0.7655 0.8774
0 -58.11277 -30.01270 -13.71728 0.00000 1.00000 -0.00000 0.7655 0.8928
0 -48.99365 -30.01270 -8.84301 0.00000 1.00000 -0.00000 0.7655 0.9309
tube_rail2
0 -57.13974 -30.01270 -15.69040 0.00000 1.00000 -0.00000 0.7655 0.8774
0 -48.99365 -30.01270 -8.84301 0.00000 1.00000 -0.00000 0.7655 0.9309
0 -47.89365 -30.01270 -10.74827 0.00000 1.00000 -0.00000 0.7655 0.9160
tube_rail2
0 -58.11277 -30.01270 -13.71728 -0.47140 0.00000 0.88192 0.7655 0.8928
0 -58.11277 -32.21270 -13.71728 -0.47140 0.00000 0.88192 0.7483 0.8928
0 -48.99365 -32.21270 -8.84301 -0.47140 0.00000 0.88192 0.7483 0.9309
tube_rail2
0 -58.11277 -30.01270 -13.71728 -0.47140 0.00000 0.88192 0.7655 0.8928
0 -48.99365 -32.21270 -8.84301 -0.47140 0.00000 0.88192 0.7483 0.9309
0 -48.99365 -30.01270 -8.84301 -0.47140 0.00000 0.88192 0.7655 0.9309
tube_rail2
0 -58.11277 -32.21270 -13.71728 0.00000 -1.00000 0.00000 0.7483 0.8928
0 -57.13974 -32.21270 -15.69040 0.00000 -1.00000 0.00000 0.7483 0.8774
0 -47.89365 -32.21270 -10.74827 0.00000 -1.00000 0.00000 0.7483 0.9160
tube_rail2
0 -58.11277 -32.21270 -13.71728 0.00000 -1.00000 0.00000 0.7483 0.8928
0 -47.89365 -32.21270 -10.74827 0.00000 -1.00000 0.00000 0.7483 0.9160
0 -48.99365 -32.21270 -8.84301 0.00000 -1.00000 0.00000 0.7483 0.9309
tube_rail2
0 -57.13974 30.01270 -15.69040 0.47140 0.00000 -0.88192 0.2345 0.8774
0 -57.13974 32.21270 -15.69040 0.47140 0.00000 -0.88192 0.2517 0.8774
0 -47.89365 32.21270 -10.74827 0.47140 0.00000 -0.88192 0.2517 0.9160
tube_rail2
0 -57.13974 30.01270 -15.69040 0.47140 0.00000 -0.88192 0.2345 0.8774
0 -47.89365 32.21270 -10.74827 0.47140 0.00000 -0.88192 0.2517 0.9160
0 -47.89365 30.01270 -10.74827 0.47140 0.00000 -0.88192 0.2345 0.9160
tube_rail2
0 -57.13974 32.21270 -15.69040 0.00000 1.00000 -0.00000 0.2517 0.8774
0 -58.11277 32.21270 -13.71728 0.00000 1.00000 -0.00000 0.2517 0.8928
0 -48.99365 32.21270 -8.84301 0.00000 1.00000 -0.00000 0.2517 0.9309
tube_rail2
0 -57.13974 32.21270 -15.69040 0.00000 1.00000 -0.00000 0.2517 0.8774
0 -48.99365 32.21270 -8.84301 0.00000 1.00000 -0.00000 0.2517 0.9309
0 -47.89365 32.21270 -10.74827 0.00000 1.00000 -0.00000 0.2517 0.9160
tube_rail2
0 -58.11277 32.21270 -13.71728 -0.47140 0.00000 0.88192 0.2517 0.8928
0 -58.11277 30.01270 -13.71728 -0.47140 0.00000 0.88192 0.2345 0.8928
0 -48.99365 30.01270 -8.84301 -0.47140 0.00000 0.88192 0.2345 0.9309
tube_rail2
0 -58.11277 32.21270 -13.71728 -0.47140 0.00000 0.88192 0.2517 0.8928
0 -48.99365 30.01270 -8.84301 -0.47140 0.00000 0.88192 0.2345 0.9309
0 -48.99365 32.21270 -8.84301 -0.47140 0.00000 0.88192 0.2517 0.9309
tube_rail2
0 -58.11277 30.01270 -13.71728 0.00000 -1.00000 0.00000 0.2345 0.8928
0 -57.13974 30.01270 -15.69040 0.00000 -1.00000 0.00000 0.2345 0.8774
0 -47.89365 30.01270 -10.74827 0.00000 -1.00000 0.00000 0.2345 0.9160
tube_rail2
0 -58.11277 30.01270 -13.71728 0.00000 -1.00000 0.00000 0.2345 0.8928
0 -47.89365 30.01270 -10.74827 0.00000 -1.00000 0.00000 0.2345 0.9160
0 -48.99365 30.01270 -8.84301 0.00000 -1.00000 0.00000 0.2345 0.9309
tube_glass
0 -72.80172 42.49846 32.39377 -0.10307 0.98077 0.16576 0.3320 0.2531
0 -66.66696 42.49846 36.20861 -0.10307 0.98077 0.16576 0.3320 0.2829
0 -56.88701 46.00000 21.57189 -0.10307 0.98077 0.16576 0.3594 0.1685
tube_glass
0 -72.80172 42.49846 32.39377 -0.10307 0.98077 0.16576 0.3320 0.2531
0 -56.88701 46.00000 21.57189 -0.10307 0.98077 0.16576 0.3594 0.1685
0 -64.00000 46.00000 17.14875 -0.10307 0.98077 0.16576 0.3594 0.1340
tube_glass
0 -80.26346 32.52691 45.31788 -0.29349 0.83133 0.47197 0.2541 0.3540
0 -74.95799 32.52691 48.61703 -0.29349 0.83133 0.47197 0.2541 0.3798
0 -66.66696 42.49846 36.20861 -0.29349 0.83133 0.47197 0.3320 0.2829
tube_glass
0 -80.26346 32.52691 45.31788 -0.29349 0.83133 0.47197 0.2541 0.3540
0 -66.66696 42.49846 36.20861 -0.29349 0.83133 0.47197 0.3320 0.2829
0 -72.80172 42.49846 32.39377 -0.29349 0.83133 0.47197 0.3320 0.2531
tube_glass
0 -85.24923 17.60344 53.95349 -0.43914 0.55536 0.70620 0.1375 0.4215
0 -80.49789 17.60344 56.90807 -0.43914 0.55536 0.70620 0.1375 0.4446
0 -74.95799 32.52691 48.61703 -0.43914 0.55536 0.70620 0.2541 0.3798
tube_glass
0 -85.24923 17.60344 53.95349 -0.43914 0.55536 0.70620 0.1375 0.4215
0 -74.95799 32.52691 48.61703 -0.43914 0.55536 0.70620 0.2541 0.3798
0 -80.26346 32.52691 45.31788 -0.43914 0.55536 0.70620 0.2541 0.3540
tube_glass
0 -87.00000 0.00000 56.98592 -0.51793 0.19499 0.83290 0.0000 0.4452
0 -82.44324 0.00000 59.81949 -0.51793 0.19499 0.83290 0.0000 0.4673
0 -80.49789 17.60344 56.90807 -0.51793 0.19499 0.83290 0.1375 0.4446
tube_glass
0 -87.00000 0.00000 56.98592 -0.51793 0.19499 0.83290 0.0000 0.4452
0 -80.49789 17.60344 56.90807 -0.51793 0.19499 0.83290 0.1375 0.4446
0 -85.24923 17.60344 53.95349 -0.51793 0.19499 0.83290 0.1375 0.4215
tube_glass
0 -85.24923 -17.60344 53.95349 -0.51793 -0.19499 0.83290 0.8625 0.4215
0 -80.49789 -17.60344 56.90807 -0.51793 -0.19499 0.83290 0.8625 0.4446
0 -82.44324 0.00000 59.81949 -0.51793 -0.19499 0.83290 0.0000 0.4673
tube_glass
0 -85.24923 -17.60344 53.95349 -0.51793 -0.19499 0.83290 0.8625 0.4215
0 -82.44324 0.00000 59.81949 -0.51793 -0.19499 0.83290 0.0000 0.4673
0 -87.00000 0.00000 56.98592 -0.51793 -0.19499 0.83290 0.0000 0.4452
tube_glass
0 -80.26346 -32.52691 45.31788 -0.43914 -0.55536 0.70620 0.7459 0.3540
0 -74.95799 -32.52691 48.61703 -0.43914 -0.55536 0.70620 0.7459 0.3798
0 -80.49789 -17.60344 56.90807 -0.43914 -0.55536 0.70620 0.8625 0.4446
tube_glass
0 -80.26346 -32.52691 45.31788 -0.43914 -0.55536 0.70620 0.7459 0.3540
0 -80.49789 -17.60344 56.90807 -0.43914 -0.55536 0.70620 0.8625 0.4446
0 -85.24923 -17.60344 53.95349 -0.43914 -0.55536 0.70620 0.8625 0.4215
tube_glass
0 -72.80172 -42.49846 32.39377 -0.29349 -0.83133 0.47197 0.6680 0.2531
0 -66.66696 -42.49846 36.20861 -0.29349 -0.83133 0.47197 0.6680 0.2829
0 -74.95799 -32.52691 48.61703 -0.29349 -0.83133 0.47197 0.7459 0.3798
tube_glass
0 -72.80172 -42.49846 32.39377 -0.29349 -0.83133 0.47197 0.6680 0.2531
0 -74.95799 -32.52691 48.61703 -0.29349 -0.83133 0.47197 0.7459 0.3798
0 -80.26346 -32.52691 45.31788 -0.29349 -0.83133 0.47197 0.7459 0.3540
tube_glass
0 -64.00000 -46.00000 17.14875 -0.10307 -0.98077 0.16576 0.6406 0.1340
0 -56.88701 -46.00000 21.57189 -0.10307 -0.98077 0.16576 0.6406 0.1685
0 -66.66696 -42.49846 36.20861 -0.10307 -0.98077 0.16576 0.6680 0.2829
tube_glass
0 -64.00000 -46.00000 17.14875 -0.10307 -0.98077 0.16576 0.6406 0.1340
0 -66.66696 -42.49846 36.20861 -0.10307 -0.98077 0.16576 0.6680 0.2829
0 -72.80172 -42.49846 32.39377 -0.10307 -0.98077 0.16576 0.6680 0.2531
tube_glass
0 -55.19828 -42.49846 1.90372 0.10307 -0.98077 -0.16576 0.6680 0.0149
0 -47.10706 -42.49846 6.93517 0.10307 -0.98077 -0.16576 0.6680 0.0542
0 -56.88701 -46.00000 21.57189 0.10307 -0.98077 -0.16576 0.6406 0.1685
tube_glass
0 -55.19828 -42.49846 1.90372 0.10307 -0.98077 -0.16576 0.6680 0.0149
0 -56.88701 -46.00000 21.57189 0.10307 -0.98077 -0.16576 0.6406 0.1685
0 -64.00000 -46.00000 17.14875 0.10307 -0.98077 -0.16576 0.6406 0.1340
tube_glass
0 -47.73654 -32.52691 -11.02038 0.29349 -0.83133 -0.47197 0.7459 0.9139
0 -38.81603 -32.52691 -5.47325 0.29349 -0.83133 -0.47197 0.7459 0.9572
0 -47.10706 -42.49846 6.93517 0.29349 -0.83133 -0.47197 0.6680 0.0542
tube_glass
0 -47.73654 -32.52691 -11.02038 0.29349 -0.83133 -0.47197 0.7459 0.9139
0 -47.10706 -42.49846 6.93517 0.29349 -0.83133 -0.47197 0.6680 0.0542
0 -55.19828 -42.49846 1.90372 0.29349 -0.83133 -0.47197 0.6680 0.0149
tube_glass
0 -42.75077 -17.60344 -19.65600 0.43914 -0.55536 -0.70620 0.8625 0.8464
0 -33.27613 -17.60344 -13.76429 0.43914 -0.55536 -0.70620 0.8625 0.8925
0 -38.81603 -32.52691 -5.47325 0.43914 -0.55536 -0.70620 0.7459 0.9572
tube_glass
0 -42.75077 -17.60344 -19.65600 0.43914 -0.55536 -0.70620 0.8625 0.8464
0 -38.81603 -32.52691 -5.47325 0.43914 -0.55536 -0.70620 0.7459 0.9572
0 -47.73654 -32.52691 -11.02038 0.43914 -0.55536 -0.70620 0.7459 0.9139
tube_glass
0 -41.00000 -0.00000 -22.68842 0.51793 -0.19499 -0.83290 1.0000 0.8227
0 -31.33078 -0.00000 -16.67571 0.51793 -0.19499 -0.83290 1.0000 0.8697
0 -33.27613 -17.60344 -13.76429 0.51793 -0.19499 -0.83290 0.8625 0.8925
tube_glass
0 -41.00000 -0.00000 -22.68842 0.51793 -0.19499 -0.83290 1.0000 0.8227
0 -33.27613 -17.60344 -13.76429 0.51793 -0.19499 -0.83290 0.8625 0.8925
0 -42.75077 -17.60344 -19.65600 0.51793 -0.19499 -0.83290 0.8625 0.8464
tube_glass
0 -42.75077 17.60344 -19.65600 0.51793 0.19499 -0.83290 0.1375 0.8464
0 -33.27613 17.60344 -13.76429 0.51793 0.19499 -0.83290 0.1375 0.8925
0 -31.33078 -0.00000 -16.67571 0.51793 0.19499 -0.83290 1.0000 0.8697
tube_glass
0 -42.75077 17.60344 -19.65600 0.51793 0.19499 -0.83290 0.1375 0.8464
0 -31.33078 -0.00000 -16.67571 0.51793 0.19499 -0.83290 1.0000 0.8697
0 -41.00000 -0.00000 -22.68842 0.51793 0.19499 -0.83290 1.0000 0.8227
tube_glass
0 -47.73654 32.52691 -11.02038 0.43914 0.55536 -0.70620 0.2541 0.9139
0 -38.81603 32.52691 -5.47325 0.43914 0.55536 -0.70620 0.2541 0.9572
0 -33.27613 17.60344 -13.76429 0.43914 0.55536 -0.70620 0.1375 0.8925
tube_glass
0 -47.73654 32.52691 -11.02038 0.43914 0.55536 -0.70620 0.2541 0.9139
0 -33.27613 17.60344 -13.76429 0.43914 0.55536 -0.70620 0.1375 0.8925
0 -42.75077 17.60344 -19.65600 0.43914 0.55536 -0.70620 0.1375 0.8464
tube_glass
0 -55.19828 42.49846 1.90372 0.29349 0.83133 -0.47197 0.3320 0.0149
0 -47.10706 42.49846 6.93517 0.29349 0.83133 -0.47197 0.3320 0.0542
0 -38.81603 32.52691 -5.47325 0.29349 0.83133 -0.47197 0.2541 0.9572
tube_glass
0 -55.19828 42.49846 1.90372 0.29349 0.83133 -0.47197 0.3320 0.0149
0 -38.81603 32.52691 -5.47325 0.29349 0.83133 -0.47197 0.2541 0.9572
0 -47.73654 32.52691 -11.02038 0.29349 0.83133 -0.47197 0.2541 0.9139
tube_glass
0 -64.00000 46.00000 17.14875 0.10307 0.98077 -0.16576 0.3594 0.1340
0 -56.88701 46.00000 21.57189 0.10307 0.98077 -0.16576 0.3594 0.1685
0 -47.10706 42.49846 6.93517 0.10307 0.98077 -0.16576 0.3320 0.0542
tube_glass
0 -64.00000 46.00000 17.14875 0.10307 0.98077 -0.16576 0.3594 0.1340
0 -47.10706 42.49846 6.93517 0.10307 0.98077 -0.16576 0.3320 0.0542
0 -55.19828 42.49846 1.90372 0.10307 0.98077 -0.16576 0.3320 0.0149
tube_rail2
0 -79.00635 30.01270 43.14051 0.52807 0.00000 -0.84920 0.2345 0.3370
0 -79.00635 32.21270 43.14051 0.52807 0.00000 -0.84920 0.2517 0.3370
0 -73.56117 32.21270 46.52654 0.52807 0.00000 -0.84920 0.2517 0.3635
tube_rail2
0 -79.00635 30.01270 43.14051 0.52807 0.00000 -0.84920 0.2345 0.3370
0 -73.56117 32.21270 46.52654 0.52807 0.00000 -0.84920 0.2517 0.3635
0 -73.56117 30.01270 46.52654 0.52807 0.00000 -0.84920 0.2345 0.3635
tube_rail2
0 -79.00635 32.21270 43.14051 0.00000 1.00000 -0.00000 0.2517 0.3370
0 -80.10635 32.21270 45.04576 0.00000 1.00000 -0.00000 0.2517 0.3519
0 -74.78343 32.21270 48.35577 0.00000 1.00000 -0.00000 0.2517 0.3778
tube_rail2
0 -79.00635 32.21270 43.14051 0.00000 1.00000 -0.00000 0.2517 0.3370
0 -74.78343 32.21270 48.35577 0.00000 1.00000 -0.00000 0.2517 0.3778
0 -73.56117 32.21270 46.52654 0.00000 1.00000 -0.00000 0.2517 0.3635
tube_rail2
0 -80.10635 32.21270 45.04576 -0.52807 0.00000 0.84920 0.2517 0.3519
0 -80.10635 30.01270 45.04576 -0.52807 0.00000 0.84920 0.2345 0.3519
0 -74.78343 30.01270 48.35577 -0.52807 0.00000 0.84920 0.2345 0.3778
tube_rail2
0 -80.10635 32.21270 45.04576 -0.52807 0.00000 0.84920 0.2517 0.3519
0 -74.78343 30.01270 48.35577 -0.52807 0.00000 0.84920 0.2345 0.3778
0 -74.78343 32.21270 48.35577 -0.52807 0.00000 0.84920 0.2517 0.3778
tube_rail2
0 -80.10635 30.01270 45.04576 0.00000 -1.00000 0.00000 0.2345 0.3519
0 -79.00635 30.01270 43.14051 0.00000 -1.00000 0.00000 0.2345 0.3370
0 -73.56117 30.01270 46.52654 0.00000 -1.00000 0.00000 0.2345 0.3635
tube_rail2
0 -80.10635 30.01270 45.04576 0.00000 -1.00000 0.00000 0.2345 0.3519
0 -73.56117 30.01270 46.52654 0.00000 -1.00000 0.00000 0.2345 0.3635
0 -74.78343 30.01270 48.35577 0.00000 -1.00000 0.00000 0.2345 0.3778
tube_rail2
0 -79.00635 -32.21270 43.14051 0.52807 0.00000 -0.84920 0.7483 0.3370
0 -79.00635 -30.01270 43.14051 0.52807 0.00000 -0.84920 0.7655 0.3370
0 -73.56117 -30.01270 46.52654 0.52807 0.00000 -0.84920 0.7655 0.3635
tube_rail2
0 -79.00635 -32.21270 43.14051 0.52807 0.00000 -0.84920 0.7483 0.3370
0 -73.56117 -30.01270 46.52654 0.52807 0.00000 -0.84920 0.7655 0.3635
0 -73.56117 -32.21270 46.52654 0.52807 0.00000 -0.84920 0.7483 0.3635
tube_rail2
0 -79.00635 -30.01270 43.14051 0.00000 1.00000 -0.00000 0.7655 0.3370
0 -80.10635 -30.01270 45.04576 0.00000 1.00000 -0.00000 0.7655 0.3519
0 -74.78343 -30.01270 48.35577 0.00000 1.00000 -0.00000 0.7655 0.3778
tube_rail2
0 -79.00635 -30.01270 43.14051 0.00000 1.00000 -0.00000 0.7655 0.3370
0 -74.78343 -30.01270 48.35577 0.00000 1.00000 -0.00000 0.7655 0.3778
0 -73.56117 -30.01270 46.52654 0.00000 1.00000 -0.00000 0.7655 0.3635
tube_rail2
0 -80.10635 -30.01270 45.04576 -0.52807 0.00000 0.84920 0.7655 0.3519
0 -80.10635 -32.21270 45.04576 -0.52807 0.00000 0.84920 0.7483 0.3519
0 -74.78343 -32.21270 48.35577 -0.52807 0.00000 0.84920 0.7483 0.3778
tube_rail2
0 -80.10635 -30.01270 45.04576 -0.52807 0.00000 0.84920 0.7655 0.3519
0 -74.78343 -32.21270 48.35577 -0.52807 0.00000 0.84920 0.7483 0.3778
0 -74.78343 -30.01270 48.35577 -0.52807 0.00000 0.84920 0.7655 0.3778
tube_rail2
0 -80.10635 -32.21270 45.04576 0.00000 -1.00000 0.00000 0.7483 0.3519
0 -79.00635 -32.21270 43.14051 0.00000 -1.00000 0.00000 0.7483 0.3370
0 -73.56117 -32.21270 46.52654 0.00000 -1.00000 0.00000 0.7483 0.3635
tube_rail2
0 -80.10635 -32.21270 45.04576 0.00000 -1.00000 0.00000 0.7483 0.3519
0 -73.56117 -32.21270 46.52654 0.00000 -1.00000 0.00000 0.7483 0.3635
0 -74.78343 -32.21270 48.35577 0.00000 -1.00000 0.00000 0.7483 0.3778
tube_rail2
0 -47.89365 -32.21270 -10.74827 0.52807 0.00000 -0.84920 0.7483 0.9160
0 -47.89365 -30.01270 -10.74827 0.52807 0.00000 -0.84920 0.7655 0.9160
0 -38.99059 -30.01270 -5.21199 0.52807 0.00000 -0.84920 0.7655 0.9593
tube_rail2
0 -47.89365 -32.21270 -10.74827 0.52807 0.00000 -0.84920 0.7483 0.9160
0 -38.99059 -30.01270 -5.21199 0.52807 0.00000 -0.84920 0.7655 0.9593
0 -38.99059 -32.21270 -5.21199 0.52807 0.00000 -0.84920 0.7483 0.9593
tube_rail2
0 -47.89365 -30.01270 -10.74827 0.00000 1.00000 -0.00000 0.7655 0.9160
0 -48.99365 -30.01270 -8.84301 0.00000 1.00000 -0.00000 0.7655 0.9309
0 -40.21285 -30.01270 -3.38276 0.00000 1.00000 -0.00000 0.7655 0.9736
tube_rail2
0 -47.89365 -30.01270 -10.74827 0.00000 1.00000 -0.00000 0.7655 0.9160
0 -40.21285 -30.01270 -3.38276 0.00000 1.00000 -0.00000 0.7655 0.9736
0 -38.99059 -30.01270 -5.21199 0.00000 1.00000 -0.00000 0.7655 0.9593
tube_rail2
0 -48.99365 -30.01270 -8.84301 -0.52807 0.00000 0.84920 0.7655 0.9309
0 -48.99365 -32.21270 -8.84301 -0.52807 0.00000 0.84920 0.7483 0.9309
0 -40.21285 -32.21270 -3.38276 -0.52807 0.00000 0.84920 0.7483 0.9736
tube_rail2
0 -48.99365 -30.01270 -8.84301 -0.52807 0.00000 0.84920 0.7655 0.9309
0 -40.21285 -32.21270 -3.38276 -0.52807 0.00000 0.84920 0.7483 0.9736
0 -40.21285 -30.01270 -3.38276 -0.52807 0.00000 0.84920 0.7655 0.9736
tube_rail2
0 -48.99365 -32.21270 -8.84301 0.00000 -1.00000 0.00000 0.7483 0.9309
0 -47.89365 -32.21270 -10.74827 0.00000 -1.00000 0.00000 0.7483 0.9160
0 -38.99059 -32.21270 -5.21199 0.00000 -1.00000 0.00000 0.7483 0.9593
tube_rail2
0 -48.99365 -32.21270 -8.84301 0.00000 -1.00000 0.00000 0.7483 0.9309
0 -38.99059 -32.21270 -5.21199 0.00000 -1.00000 0.00000 0.7483 0.9593
0 -40.21285 -32.21270 -3.38276 0.00000 -1.00000 0.00000 0.7483 0.9736
tube_rail2
0 -47.89365 30.01270 -10.74827 0.52807 0.00000 -0.84920 0.2345 0.9160
0 -47.89365 32.21270 -10.74827 0.52807 0.00000 -0.84920 0.2517 0.9160
0 -38.99059 32.21270 -5.21199 0.52807 0.00000 -0.84920 0.2517 0.9593
tube_rail2
0 -47.89365 30.01270 -10.74827 0.52807 0.00000 -0.84920 0.2345 0.9160
0 -38.99059 32.21270 -5.21199 0.52807 0.00000 -0.84920 0.2517 0.9593
0 -38.99059 30.01270 -5.21199 0.52807 0.00000 -0.84920 0.2345 0.9593
tube_rail2
0 -47.89365 32.21270 -10.74827 0.00000 1.00000 -0.00000 0.2517 0.9160
0 -48.99365 32.21270 -8.84301 0.00000 1.00000 -0.00000 0.2517 0.9309
0 -40.21285 32.21270 -3.38276 0.00000 1.00000 -0.00000 0.2517 0.9736
tube_rail2
0 -47.89365 32.21270 -10.74827 0.00000 1.00000 -0.00000 0.2517 0.9160
0 -40.21285 32.21270 -3.38276 0.00000 1.00000 -0.00000 0.2517 0.9736
0 -38.99059 32.21270 -5.21199 0.00000 1.00000 -0.00000 0.2517 0.9593
tube_rail2
0 -48.99365 32.21270 -8.84301 -0.52807 0.00000 0.84920 0.2517 0.9309
0 -48.99365 30.01270 -8.84301 -0.52807 0.00000 0.84920 0.2345 0.9309
0 -40.21285 30.01270 -3.38276 -0.52807 0.00000 0.84920 0.2345 0.9736
tube_rail2
0 -48.99365 32.21270 -8.84301 -0.52807 0.00000 0.84920 0.2517 0.9309
0 -40.21285 30.01270 -3.38276 -0.52807 0.00000 0.84920 0.2345 0.9736
0 -40.21285 32.21270 -3.38276 -0.52807 0.00000 0.84920 0.2517 0.9736
tube_rail2
0 -48.99365 30.01270 -8.84301 0.00000 -1.00000 0.00000 0.2345 0.9309
0 -47.89365 30.01270 -10.74827 0.00000 -1.00000 0.00000 0.2345 0.9160
0 -38.99059 30.01270 -5.21199 0.00000 -1.00000 0.00000 0.2345 0.9593
tube_rail2
0 -48.99365 30.01270 -8.84301 0.00000 -1.00000 0.00000 0.2345 0.9309
0 -38.99059 30.01270 -5.21199 0.00000 -1.00000 0.00000 0.2345 0.9593
0 -40.21285 30.01270 -3.38276 0.00000 -1.00000 0.00000 0.2345 0.9736
tube_glass
0 -66.66696 42.49846 36.20861 -0.11369 0.98077 0.15866 0.3320 0.2829
0 -60.79483 42.49846 40.41652 -0.11369 0.98077 0.15866 0.3320 0.3158
0 -50.07854 46.00000 26.45077 -0.11369 0.98077 0.15866 0.3594 0.2066
tube_glass
0 -66.66696 42.49846 36.20861 -0.11369 0.98077 0.15866 0.3320 0.2829
0 -50.07854 46.00000 26.45077 -0.11369 0.98077 0.15866 0.3594 0.2066
0 -56.88701 46.00000 21.57189 -0.11369 0.98077 0.15866 0.3594 0.1685
tube_glass
0 -74.95799 32.52691 48.61703 -0.32373 0.83133 0.45176 0.2541 0.3798
0 -69.87967 32.52691 52.25611 -0.32373 0.83133 0.45176 0.2541 0.4083
0 -60.79483 42.49846 40.41652 -0.32373 0.83133 0.45176 0.3320 0.3158
tube_glass
0 -74.95799 32.52691 48.61703 -0.32373 0.83133 0.45176 0.2541 0.3798
0 -60.79483 42.49846 40.41652 -0.32373 0.83133 0.45176 0.3320 0.3158
0 -66.66696 42.49846 36.20861 -0.32373 0.83133 0.45176 0.3320 0.2829
tube_glass
0 -80.49789 17.60344 56.90807 -0.48439 0.55536 0.67597 0.1375 0.4446
0 -75.94996 17.60344 60.16707 -0.48439 0.55536 0.67597 0.1375 0.4701
0 -69.87967 32.52691 52.25611 -0.48439 0.55536 0.67597 0.2541 0.4083
tube_glass
0 -80.49789 17.60344 56.90807 -0.48439 0.55536 0.67597 0.1375 0.4446
0 -69.87967 32.52691 52.25611 -0.48439 0.55536 0.67597 0.2541 0.4083
0 -74.95799 32.52691 48.61703 -0.48439 0.55536 0.67597 0.2541 0.3798
tube_glass
0 -82.44324 0.00000 59.81949 -0.57130 0.19499 0.79724 0.0000 0.4673
0 -78.08156 0.00000 62.94503 -0.57130 0.19499 0.79724 0.0000 0.4918
0 -75.94996 17.60344 60.16707 -0.57130 0.19499 0.79724 0.1375 0.4701
tube_glass
0 -82.44324 0.00000 59.81949 -0.57130 0.19499 0.79724 0.0000 0.4673
0 -75.94996 17.60344 60.16707 -0.57130 0.19499 0.79724 0.1375 0.4701
0 -80.49789 17.60344 56.90807 -0.57130 0.19499 0.79724 0.1375 0.4446
tube_glass
0 -80.49789 -17.60344 56.90807 -0.57130 -0.19499 0.79724 0.8625 0.4446
0 -75.94996 -17.60344 60.16707 -0.57130 -0.19499 0.79724 0.8625 0.4701
0 -78.08156 0.00000 62.94503 -0.57130 -0.19499 0.79724 0.0000 0.4918
tube_glass
0 -80.49789 -17.60344 56.90807 -0.57130 -0.19499 0.79724 0.8625 0.4446
0 -78.08156 0.00000 62.94503 -0.57130 -0.19499 0.79724 0.0000 0.4918
0 -82.44324 0.00000 59.81949 -0.57130 -0.19499 0.79724 0.0000 0.4673
tube_glass
0 -74.95799 -32.52691 48.61703 -0.48439 -0.55536 0.67597 0.7459 0.3798
0 -69.87967 -32.52691 52.25611 -0.48439 -0.55536 0.67597 0.7459 0.4083
0 -75.94996 -17.60344 60.16707 -0.48439 -0.55536 0.67597 0.8625 0.4701
tube_glass
0 -74.95799 -32.52691 48.61703 -0.48439 -0.55536 0.67597 0.7459 0.3798
0 -75.94996 -17.60344 60.16707 -0.48439 -0.55536 0.67597 0.8625 0.4701
0 -80.49789 -17.60344 56.90807 -0.48439 -0.55536 0.67597 0.8625 0.4446
tube_glass
0 -66.66696 -42.49846 36.20861 -0.32373 -0.83133 0.45176 0.6680 0.2829
0 -60.79483 -42.49846 40.41652 -0.32373 -0.83133 0.45176 0.6680 0.3158
0 -69.87967 -32.52691 52.25611 -0.32373 -0.83133 0.45176 0.7459 0.4083
tube_glass
0 -66.66696 -42.49846 36.20861 -0.32373 -0.83133 0.45176 0.6680 0.2829
0 -69.87967 -32.52691 52.25611 -0.32373 -0.83133 0.45176 0.7459 0.4083
0 -74.95799 -32.52691 48.61703 -0.32373 -0.83133 0.45176 0.7459 0.3798
tube_glass
0 -56.88701 -46.00000 21.57189 -0.11369 -0.98077 0.15866 0.6406 0.1685
0 -50.07854 -46.00000 26.45077 -0.11369 -0.98077 0.15866 0.6406 0.2066
0 -60.79483 -42.49846 40.41652 -0.11369 -0.98077 0.15866 0.6680 0.3158
tube_glass
0 -56.88701 -46.00000 21.57189 -0.11369 -0.98077 0.15866 0.6406 0.1685
0 -60.79483 -42.49846 40.41652 -0.11369 -0.98077 0.15866 0.6680 0.3158
0 -66.66696 -42.49846 36.20861 -0.11369 -0.98077 0.15866 0.6680 0.2829
tube_glass
0 -47.10706 -42.49846 6.93517 0.11369 -0.98077 -0.15866 0.6680 0.0542
0 -39.36224 -42.49846 12.48503 0.11369 -0.98077 -0.15866 0.6680 0.0975
0 -50.07854 -46.00000 26.45077 0.11369 -0.98077 -0.15866 0.6406 0.2066
tube_glass
0 -47.10706 -42.49846 6.93517 0.11369 -0.98077 -0.15866 0.6680 0.0542
0 -50.07854 -46.00000 26.45077 0.11369 -0.98077 -0.15866 0.6406 0.2066
0 -56.88701 -46.00000 21.57189 0.11369 -0.98077 -0.15866 0.6406 0.1685
tube_glass
0 -38.81603 -32.52691 -5.47325 0.32373 -0.83133 -0.45176 0.7459 0.9572
0 -30.27741 -32.52691 0.64544 0.32373 -0.83133 -0.45176 0.7459 0.0050
0 -39.36224 -42.49846 12.48503 0.32373 -0.83133 -0.45176 0.6680 0.0975
tube_glass
0 -38.81603 -32.52691 -5.47325 0.32373 -0.83133 -0.45176 0.7459 0.9572
0 -39.36224 -42.49846 12.48503 0.32373 -0.83133 -0.45176 0.6680 0.0975
0 -47.10706 -42.49846 6.93517 0.32373 -0.83133 -0.45176 0.6680 0.0542
tube_glass
0 -33.27613 -17.60344 -13.76429 0.48439 -0.55536 -0.67597 0.8625 0.8925
0 -24.20711 -17.60344 -7.26552 0.48439 -0.55536 -0.67597 0.8625 0.9432
0 -30.27741 -32.52691 0.64544 0.48439 -0.55536 -0.67597 0.7459 0.0050
tube_glass
0 -33.27613 -17.60344 -13.76429 0.48439 -0.55536 -0.67597 0.8625 0.8925
0 -30.27741 -32.52691 0.64544 0.48439 -0.55536 -0.67597 0.7459 0.0050
0 -38.81603 -32.52691 -5.47325 0.48439 -0.55536 -0.67597 0.7459 0.9572
tube_glass
0 -31.33078 -0.00000 -16.67571 0.57130 -0.19499 -0.79724 1.0000 0.8697
0 -22.07551 -0.00000 -10.04348 0.57130 -0.19499 -0.79724 1.0000 0.9215
0 -24.20711 -17.60344 -7.26552 0.57130 -0.19499 -0.79724 0.8625 0.9432
tube_glass
0 -31.33078 -0.00000 -16.67571 0.57130 -0.19499 -0.79724 1.0000 0.8697
0 -24.20711 -17.60344 -7.26552 0.57130 -0.19499 -0.79724 0.8625 0.9432
0 -33.27613 -17.60344 -13.76429 0.57130 -0.19499 -0.79724 0.8625 0.8925
tube_glass
0 -33.27613 17.60344 -13.76429 0.57130 0.19499 -0.79724 0.1375 0.8925
0 -24.20711 17.60344 -7.26552 0.57130 0.19499 -0.79724 0.1375 0.9432
0 -22.07551 -0.00000 -10.04348 0.57130 0.19499 -0.79724 1.0000 0.9215
tube_glass
0 -33.27613 17.60344 -13.76429 0.57130 0.19499 -0.79724 0.1375 0.8925
0 -22.07551 -0.00000 -10.04348 0.57130 0.19499 -0.79724 1.0000 0.9215
0 -31.33078 -0.00000 -16.67571 0.57130 0.19499 -0.79724 1.0000 0.8697
tube_glass
0 -38.81603 32.52691 -5.47325 0.48439 0.55536 -0.67597 0.2541 0.9572
0 -30.27741 32.52691 0.64544 0.48439 0.55536 -0.67597 0.2541 0.0050
0 -24.20711 17.60344 -7.26552 0.48439 0.55536 -0.67597 0.1375 0.9432
tube_glass
0 -38.81603 32.52691 -5.47325 0.48439 0.55536 -0.67597 0.2541 0.9572
0 -24.20711 17.60344 -7.26552 0.48439 0.55536 -0.67597 0.1375 0.9432
0 -33.27613 17.60344 -13.76429 0.48439 0.55536 -0.67597 0.1375 0.8925
tube_glass
0 -47.10706 42.49846 6.93517 0.32373 0.83133 -0.45176 0.3320 0.0542
0 -39.36224 42.49846 12.48503 0.32373 0.83133 -0.45176 0.3320 0.0975
0 -30.27741 32.52691 0.64544 0.32373 0.83133 -0.45176 0.2541 0.0050
tube_glass
0 -47.10706 42.49846 6.93517 0.32373 0.83133 -0.45176 0.3320 0.0542
0 -30.27741 32.52691 0.64544 0.32373 0.83133 -0.45176 0.2541 0.0050
0 -38.81603 32.52691 -5.47325 0.32373 0.83133 -0.45176 0.2541 0.9572
tube_glass
0 -56.88701 46.00000 21.57189 0.11369 0.98077 -0.15866 0.3594 0.1685
0 -50.07854 46.00000 26.45077 0.11369 0.98077 -0.15866 0.3594 0.2066
0 -39.36224 42.49846 12.48503 0.11369 0.98077 -0.15866 0.3320 0.0975
tube_glass
0 -56.88701 46.00000 21.57189 0.11369 0.98077 -0.15866 0.3594 0.1685
0 -39.36224 42.49846 12.48503 0.11369 0.98077 -0.15866 0.3320 0.0975
0 -47.10706 42.49846 6.93517 0.11369 0.98077 -0.15866 0.3320 0.0542
tube_rail2
0 -73.56117 30.01270 46.52654 0.58248 0.00000 -0.81285 0.2345 0.3635
0 -73.56117 32.21270 46.52654 0.58248 0.00000 -0.81285 0.2517 0.3635
0 -68.34911 32.21270 50.26145 0.58248 0.00000 -0.81285 0.2517 0.3927
tube_rail2
0 -73.56117 30.01270 46.52654 0.58248 0.00000 -0.81285 0.2345 0.3635
0 -68.34911 32.21270 50.26145 0.58248 0.00000 -0.81285 0.2517 0.3927
0 -68.34911 30.01270 50.26145 0.58248 0.00000 -0.81285 0.2345 0.3927
tube_rail2
0 -73.56117 32.21270 46.52654 0.00000 1.00000 -0.00000 0.2517 0.3635
0 -74.78343 32.21270 48.35577 0.00000 1.00000 -0.00000 0.2517 0.3778
0 -69.68839 32.21270 52.00682 0.00000 1.00000 -0.00000 0.2517 0.4063
tube_rail2
0 -73.56117 32.21270 46.52654 0.00000 1.00000 -0.00000 0.2517 0.3635
0 -69.68839 32.21270 52.00682 0.00000 1.00000 -0.00000 0.2517 0.4063
0 -68.34911 32.21270 50.26145 0.00000 1.00000 -0.00000 0.2517 0.3927
tube_rail2
0 -74.78343 32.21270 48.35577 -0.58248 0.00000 0.81285 0.2517 0.3778
0 -74.78343 30.01270 48.35577 -0.58248 0.00000 0.81285 0.2345 0.3778
0 -69.68839 30.01270 52.00682 -0.58248 0.00000 0.81285 0.2345 0.4063
tube_rail2
0 -74.78343 32.21270 48.35577 -0.58248 0.00000 0.81285 0.2517 0.3778
0 -69.68839 30.01270 52.00682 -0.58248 0.00000 0.81285 0.2345 0.4063
0 -69.68839 32.21270 52.00682 -0.58248 0.00000 0.81285 0.2517 0.4063
tube_rail2
0 -74.78343 30.01270 48.35577 0.00000 -1.00000 0.00000 0.2345 0.3778
0 -73.56117 30.01270 46.52654 0.00000 -1.00000 0.00000 0.2345 0.3635
0 -68.34911 30.01270 50.26145 0.00000 -1.00000 0.00000 0.2345 0.3927
tube_rail2
0 -74.78343 30.01270 48.35577 0.00000 -1.00000 0.00000 0.2345 0.3778
0 -68.34911 30.01270 50.26145 0.00000 -1.00000 0.00000 0.2345 0.3927
0 -69.68839 30.01270 52.00682 0.00000 -1.00000 0.00000 0.2345 0.4063
tube_rail2
0 -73.56117 -32.21270 46.52654 0.58248 0.00000 -0.81285 0.7483 0.3635
0 -73.56117 -30.01270 46.52654 0.58248 0.00000 -0.81285 0.7655 0.3635
0 -68.34911 -30.01270 50.26145 0.58248 0.00000 -0.81285 0.7655 0.3927
tube_rail2
0 -73.56117 -32.21270 46.52654 0.58248 0.00000 -0.81285 0.7483 0.3635
0 -68.34911 -30.01270 50.26145 0.58248 0.00000 -0.81285 0.7655 0.3927
0 -68.34911 -32.21270 50.26145 0.58248 0.00000 -0.81285 0.7483 0.3927
tube_rail2
0 -73.56117 -30.01270 46.52654 0.00000 1.00000 -0.00000 0.7655 0.3635
0 -74.78343 -30.01270 48.35577 0.00000 1.00000 -0.00000 0.7655 0.3778
0 -69.68839 -30.01270 52.00682 0.00000 1.00000 -0.00000 0.7655 0.4063
tube_rail2
0 -73.56117 -30.01270 46.52654 0.00000 1.00000 -0.00000 0.7655 0.3635
0 -69.68839 -30.01270 52.00682 0.00000 1.00000 -0.00000 0.7655 0.4063
0 -68.34911 -30.01270 50.26145 0.00000 1.00000 -0.00000 0.7655 0.3927
tube_rail2
0 -74.78343 -30.01270 48.35577 -0.58248 0.00000 0.81285 0.7655 0.3778
0 -74.78343 -32.21270 48.35577 -0.58248 0.00000 0.81285 0.7483 0.3778
0 -69.68839 -32.21270 52.00682 -0.58248 0.00000 0.81285 0.7483 0.4063
tube_rail2
0 -74.78343 -30.01270 48.35577 -0.58248 0.00000 0.81285 0.7655 0.3778
0 -69.68839 -32.21270 52.00682 -0.58248 0.00000 0.81285 0.7483 0.4063
0 -69.68839 -30.01270 52.00682 -0.58248 0.00000 0.81285 0.7655 0.4063
tube_rail2
0 -74.78343 -32.21270 48.35577 0.00000 -1.00000 0.00000 0.7483 0.3778
0 -73.56117 -32.21270 46.52654 0.00000 -1.00000 0.00000 0.7483 0.3635
0 -68.34911 -32.21270 50.26145 0.00000 -1.00000 0.00000 0.7483 0.3927
tube_rail2
0 -74.78343 -32.21270 48.35577 0.00000 -1.00000 0.00000 0.7483 0.3778
0 -68.34911 -32.21270 50.26145 0.00000 -1.00000 0.00000 0.7483 0.3927
0 -69.68839 -32.21270 52.00682 0.00000 -1.00000 0.00000 0.7483 0.4063
tube_rail2
0 -38.99059 -32.21270 -5.21199 0.58248 0.00000 -0.81285 0.7483 0.9593
0 -38.99059 -30.01270 -5.21199 0.58248 0.00000 -0.81285 0.7655 0.9593
0 -30.46869 -30.01270 0.89472 0.58248 0.00000 -0.81285 0.7655 0.0070
tube_rail2
0 -38.99059 -32.21270 -5.21199 0.58248 0.00000 -0.81285 0.7483 0.9593
0 -30.46869 -30.01270 0.89472 0.58248 0.00000 -0.81285 0.7655 0.0070
0 -30.46869 -32.21270 0.89472 0.58248 0.00000 -0.81285 0.7483 0.0070
tube_rail2
0 -38.99059 -30.01270 -5.21199 0.00000 1.00000 -0.00000 0.7655 0.9593
0 -40.21285 -30.01270 -3.38276 0.00000 1.00000 -0.00000 0.7655 0.9736
0 -31.80796 -30.01270 2.64010 0.00000 1.00000 -0.00000 0.7655 0.0206
tube_rail2
0 -38.99059 -30.01270 -5.21199 0.00000 1.00000 -0.00000 0.7655 0.9593
0 -31.80796 -30.01270 2.64010 0.00000 1.00000 -0.00000 0.7655 0.0206
0 -30.46869 -30.01270 0.89472 0.00000 1.00000 -0.00000 0.7655 0.0070
tube_rail2
0 -40.21285 -30.01270 -3.38276 -0.58248 0.00000 0.81285 0.7655 0.9736
0 -40.21285 -32.21270 -3.38276 -0.58248 0.00000 0.81285 0.7483 0.9736
0 -31.80796 -32.21270 2.64010 -0.58248 0.00000 0.81285 0.7483 0.0206
tube_rail2
0 -40.21285 -30.01270 -3.38276 -0.58248 0.00000 0.81285 0.7655 0.9736
0 -31.80796 -32.21270 2.64010 -0.58248 0.00000 0.81285 0.7483 0.0206
0 -31.80796 -30.01270 2.64010 -0.58248 0.00000 0.81285 0.7655 0.0206
tube_rail2
0 -40.21285 -32.21270 -3.38276 0.00000 -1.00000 0.00000 0.7483 0.9736
0 -38.99059 -32.21270 -5.21199 0.00000 -1.00000 0.00000 0.7483 0.9593
0 -30.46869 -32.21270 0.89472 0.00000 -1.00000 0.00000 0.7483 0.0070
tube_rail2
0 -40.21285 -32.21270 -3.38276 0.00000 -1.00000 0.00000 0.7483 0.9736
0 -30.46869 -32.21270 0.89472 0.00000 -1.00000 0.00000 0.7483 0.0070
0 -31.80796 -32.21270 2.64010 0.00000 -1.00000 0.00000 0.7483 0.0206
tube_rail2
0 -38.99059 30.01270 -5.21199 0.58248 0.00000 -0.81285 0.2345 0.9593
0 -38.99059 32.21270 -5.21199 0.58248 0.00000 -0.81285 0.2517 0.9593
0 -30.46869 32.21270 0.89472 0.58248 0.00000 -0.81285 0.2517 0.0070
tube_rail2
0 -38.99059 30.01270 -5.21199 0.58248 0.00000 -0.81285 0.2345 0.9593
0 -30.46869 32.21270 0.89472 0.58248 0.00000 -0.81285 0.2517 0.0070
0 -30.46869 30.01270 0.89472 0.58248 0.00000 -0.81285 0.2345 0.0070
tube_rail2
0 -38.99059 32.21270 -5.21199 0.00000 1.00000 -0.00000 0.2517 0.9593
0 -40.21285 32.21270 -3.38276 0.00000 1.00000 -0.00000 0.2517 0.9736
0 -31.80796 32.21270 2.64010 0.00000 1.00000 -0.00000 0.2517 0.0206
tube_rail2
0 -38.99059 32.21270 -5.21199 0.00000 1.00000 -0.00000 0.2517 0.9593
0 -31.80796 32.21270 2.64010 0.00000 1.00000 -0.00000 0.2517 0.0206
0 -30.46869 32.21270 0.89472 0.00000 1.00000 -0.00000 0.2517 0.0070
tube_rail2
0 -40.21285 32.21270 -3.38276 -0.58248 0.00000 0.81285 0.2517 0.9736
0 -40.21285 30.01270 -3.38276 -0.58248 0.00000 0.81285 0.2345 0.9736
0 -31.80796 30.01270 2.64010 -0.58248 0.00000 0.81285 0.2345 0.0206
tube_rail2
0 -40.21285 32.21270 -3.38276 -0.58248 0.00000 0.81285 0.2517 0.9736
0 -31.80796 30.01270 2.64010 -0.58248 0.00000 0.81285 0.2345 0.0206
0 -31.80796 32.21270 2.64010 -0.58248 0.00000 0.81285 0.2517 0.0206
tube_rail2
0 -40.21285 30.01270 -3.38276 0.00000 -1.00000 0.00000 0.2345 0.9736
0 -38.99059 30.01270 -5.21199 0.00000 -1.00000 0.00000 0.2345 0.9593
0 -30.46869 30.01270 0.89472 0.00000 -1.00000 0.00000 0.2345 0.0070
tube_rail2
0 -40.21285 30.01270 -3.38276 0.00000 -1.00000 0.00000 0.2345 0.9736
0 -30.46869 30.01270 0.89472 0.00000 -1.00000 0.00000 0.2345 0.0070
0 -31.80796 30.01270 2.64010 0.00000 -1.00000 0.00000 0.2345 0.0206
tube_glass
0 -60.79483 42.49846 40.41652 -0.12383 0.98077 0.15088 0.3320 0.3158
0 -55.21049 42.49846 44.99947 -0.12383 0.98077 0.15088 0.3320 0.3516
0 -43.60374 46.00000 31.76450 -0.12383 0.98077 0.15088 0.3594 0.2482
tube_glass
0 -60.79483 42.49846 40.41652 -0.12383 0.98077 0.15088 0.3320 0.3158
0 -43.60374 46.00000 31.76450 -0.12383 0.98077 0.15088 0.3594 0.2482
0 -50.07854 46.00000 26.45077 -0.12383 0.98077 0.15088 0.3594 0.2066
tube_glass
0 -69.87967 32.52691 52.25611 -0.35258 0.83133 0.42962 0.2541 0.4083
0 -65.05022 32.52691 56.21953 -0.35258 0.83133 0.42962 0.2541 0.4392
0 -55.21049 42.49846 44.99947 -0.35258 0.83133 0.42962 0.3320 0.3516
tube_glass
0 -69.87967 32.52691 52.25611 -0.35258 0.83133 0.42962 0.2541 0.4083
0 -55.21049 42.49846 44.99947 -0.35258 0.83133 0.42962 0.3320 0.3516
0 -60.79483 42.49846 40.41652 -0.35258 0.83133 0.42962 0.3320 0.3158
tube_glass
0 -75.94996 17.60344 60.16707 -0.52757 0.55536 0.64284 0.1375 0.4701
0 -71.62492 17.60344 63.71654 -0.52757 0.55536 0.64284 0.1375 0.4978
0 -65.05022 32.52691 56.21953 -0.52757 0.55536 0.64284 0.2541 0.4392
tube_glass
0 -75.94996 17.60344 60.16707 -0.52757 0.55536 0.64284 0.1375 0.4701
0 -65.05022 32.52691 56.21953 -0.52757 0.55536 0.64284 0.2541 0.4392
0 -69.87967 32.52691 52.25611 -0.52757 0.55536 0.64284 0.2541 0.4083
tube_glass
0 -78.08156 0.00000 62.94503 -0.62222 0.19499 0.75817 0.0000 0.4918
0 -73.93364 0.00000 66.34914 -0.62222 0.19499 0.75817 0.0000 0.5184
0 -71.62492 17.60344 63.71654 -0.62222 0.19499 0.75817 0.1375 0.4978
tube_glass
0 -78.08156 0.00000 62.94503 -0.62222 0.19499 0.75817 0.0000 0.4918
0 -71.62492 17.60344 63.71654 -0.62222 0.19499 0.75817 0.1375 0.4978
0 -75.94996 17.60344 60.16707 -0.62222 0.19499 0.75817 0.1375 0.4701
tube_glass
0 -75.94996 -17.60344 60.16707 -0.62222 -0.19499 0.75817 0.8625 0.4701
0 -71.62492 -17.60344 63.71654 -0.62222 -0.19499 0.75817 0.8625 0.4978
0 -73.93364 0.00000 66.34914 -0.62222 -0.19499 0.75817 0.0000 0.5184
tube_glass
0 -75.94996 -17.60344 60.16707 -0.62222 -0.19499 0.75817 0.8625 0.4701
0 -73.93364 0.00000 66.34914 -0.62222 -0.19499 0.75817 0.0000 0.5184
0 -78.08156 0.00000 62.94503 -0.62222 -0.19499 0.75817 0.0000 0.4918
tube_glass
0 -69.87967 -32.52691 52.25611 -0.52757 -0.55536 0.64284 0.7459 0.4083
0 -65.05022 -32.52691 56.21953 -0.52757 -0.55536 0.64284 0.7459 0.4392
0 -71.62492 -17.60344 63.71654 -0.52757 -0.55536 0.64284 0.8625 0.4978
tube_glass
0 -69.87967 -32.52691 52.25611 -0.52757 -0.55536 0.64284 0.7459 0.4083
0 -71.62492 -17.60344 63.71654 -0.52757 -0.55536 0.64284 0.8625 0.4978
0 -75.94996 -17.60344 60.16707 -0.52757 -0.55536 0.64284 0.8625 0.4701
tube_glass
0 -60.79483 -42.49846 40.41652 -0.35258 -0.83133 0.42962 0.6680 0.3158
0 -55.21049 -42.49846 44.99947 -0.35258 -0.83133 0.42962 0.6680 0.3516
0 -65.05022 -32.52691 56.21953 -0.35258 -0.83133 0.42962 0.7459 0.4392
tube_glass
0 -60.79483 -42.49846 40.41652 -0.35258 -0.83133 0.42962 0.6680 0.3158
0 -65.05022 -32.52691 56.21953 -0.35258 -0.83133 0.42962 0.7459 0.4392
0 -69.87967 -32.52691 52.25611 -0.35258 -0.83133 0.42962 0.7459 0.4083
tube_glass
0 -50.07854 -46.00000 26.45077 -0.12383 -0.98077 0.15088 0.6406 0.2066
0 -43.60374 -46.00000 31.76450 -0.12383 -0.98077 0.15088 0.6406 0.2482
0 -55.21049 -42.49846 44.99947 -0.12383 -0.98077 0.15088 0.6680 0.3516
tube_glass
0 -50.07854 -46.00000 26.45077 -0.12383 -0.98077 0.15088 0.6406 0.2066
0 -55.21049 -42.49846 44.99947 -0.12383 -0.98077 0.15088 0.6680 0.3516
0 -60.79483 -42.49846 40.41652 -0.12383 -0.98077 0.15088 0.6680 0.3158
tube_glass
0 -39.36224 -42.49846 12.48503 0.12383 -0.98077 -0.15088 0.6680 0.0975
0 -31.99698 -42.49846 18.52954 0.12383 -0.98077 -0.15088 0.6680 0.1448
0 -43.60374 -46.00000 31.76450 0.12383 -0.98077 -0.15088 0.6406 0.2482
tube_glass
0 -39.36224 -42.49846 12.48503 0.12383 -0.98077 -0.15088 0.6680 0.0975
0 -43.60374 -46.00000 31.76450 0.12383 -0.98077 -0.15088 0.6406 0.2482
0 -50.07854 -46.00000 26.45077 0.12383 -0.98077 -0.15088 0.6406 0.2066
tube_glass
0 -30.27741 -32.52691 0.64544 0.35258 -0.83133 -0.42962 0.7459 0.0050
0 -22.15725 -32.52691 7.30948 0.35258 -0.83133 -0.42962 0.7459 0.0571
0 -31.99698 -42.49846 18.52954 0.35258 -0.83133 -0.42962 0.6680 0.1448
tube_glass
0 -30.27741 -32.52691 0.64544 0.35258 -0.83133 -0.42962 0.7459 0.0050
0 -31.99698 -42.49846 18.52954 0.35258 -0.83133 -0.42962 0.6680 0.1448
0 -39.36224 -42.49846 12.48503 0.35258 -0.83133 -0.42962 0.6680 0.0975
tube_glass
0 -24.20711 -17.60344 -7.26552 0.52757 -0.55536 -0.64284 0.8625 0.9432
0 -15.58255 -17.60344 -0.18753 0.52757 -0.55536 -0.64284 0.8625 0.9985
0 -22.15725 -32.52691 7.30948 0.52757 -0.55536 -0.64284 0.7459 0.0571
tube_glass
0 -24.20711 -17.60344 -7.26552 0.52757 -0.55536 -0.64284 0.8625 0.9432
0 -22.15725 -32.52691 7.30948 0.52757 -0.55536 -0.64284 0.7459 0.0571
0 -30.27741 -32.52691 0.64544 0.52757 -0.55536 -0.64284 0.7459 0.0050
tube_glass
0 -22.07551 -0.00000 -10.04348 0.62222 -0.19499 -0.75817 1.0000 0.9215
0 -13.27383 -0.00000 -2.82013 0.62222 -0.19499 -0.75817 1.0000 0.9780
0 -15.58255 -17.60344 -0.18753 0.62222 -0.19499 -0.75817 0.8625 0.9985
tube_glass
0 -22.07551 -0.00000 -10.04348 0.62222 -0.19499 -0.75817 1.0000 0.9215
0 -15.58255 -17.60344 -0.18753 0.62222 -0.19499 -0.75817 0.8625 0.9985
0 -24.20711 -17.60344 -7.26552 0.62222 -0.19499 -0.75817 0.8625 0.9432
tube_glass
0 -24.20711 17.60344 -7.26552 0.62222 0.19499 -0.75817 0.1375 0.9432
0 -15.58255 17.60344 -0.18753 0.62222 0.19499 -0.75817 0.1375 0.9985
0 -13.27383 -0.00000 -2.82013 0.62222 0.19499 -0.75817 1.0000 0.9780
tube_glass
0 -24.20711 17.60344 -7.26552 0.62222 0.19499 -0.75817 0.1375 0.9432
0 -13.27383 -0.00000 -2.82013 0.62222 0.19499 -0.75817 1.0000 0.9780
0 -22.07551 -0.00000 -10.04348 0.62222 0.19499 -0.75817 1.0000 0.9215
tube_glass
0 -30.27741 32.52691 0.64544 0.52757 0.55536 -0.64284 0.2541 0.0050
0 -22.15725 32.52691 7.30948 0.52757 0.55536 -0.64284 0.2541 0.0571
0 -15.58255 17.60344 -0.18753 0.52757 0.55536 -0.64284 0.1375 0.9985
tube_glass
0 -30.27741 32.52691 0.64544 0.52757 0.55536 -0.64284 0.2541 0.0050
0 -15.58255 17.60344 -0.18753 0.52757 0.55536 -0.64284 0.1375 0.9985
0 -24.20711 17.60344 -7.26552 0.52757 0.55536 -0.64284 0.1375 0.9432
tube_glass
0 -39.36224 42.49846 12.48503 0.35258 0.83133 -0.42962 0.3320 0.0975
0 -31.99698 42.49846 18.52954 0.35258 0.83133 -0.42962 0.3320 0.1448
0 -22.15725 32.52691 7.30948 0.35258 0.83133 -0.42962 0.2541 0.0571
tube_glass
0 -39.36224 42.49846 12.48503 0.35258 0.83133 -0.42962 0.3320 0.0975
0 -22.15725 32.52691 7.30948 0.35258 0.83133 -0.42962 0.2541 0.0571
0 -30.27741 32.52691 0.64544 0.35258 0.83133 -0.42962 0.2541 0.0050
tube_glass
0 -50.07854 46.00000 26.45077 0.12383 0.98077 -0.15088 0.3594 0.2066
0 -43.60374 46.00000 31.76450 0.12383 0.98077 -0.15088 0.3594 0.2482
0 -31.99698 42.49846 18.52954 0.12383 0.98077 -0.15088 0.3320 0.1448
tube_glass
0 -50.07854 46.00000 26.45077 0.12383 0.98077 -0.15088 0.3594 0.2066
0 -31.99698 42.49846 18.52954 0.12383 0.98077 -0.15088 0.3320 0.1448
0 -39.36224 42.49846 12.48503 0.12383 0.98077 -0.15088 0.3320 0.0975
tube_rail2
0 -68.34911 30.01270 50.26145 0.63439 0.00000 -0.77301 0.2345 0.3927
0 -68.34911 32.21270 50.26145 0.63439 0.00000 -0.77301 0.2517 0.3927
0 -63.39248 32.21270 54.32925 0.63439 0.00000 -0.77301 0.2517 0.4244
tube_rail2
0 -68.34911 30.01270 50.26145 0.63439 0.00000 -0.77301 0.2345 0.3927
0 -63.39248 32.21270 54.32925 0.63439 0.00000 -0.77301 0.2517 0.4244
0 -63.39248 30.01270 54.32925 0.63439 0.00000 -0.77301 0.2345 0.4244
tube_rail2
0 -68.34911 32.21270 50.26145 0.00000 1.00000 -0.00000 0.2517 0.3927
0 -69.68839 32.21270 52.00682 0.00000 1.00000 -0.00000 0.2517 0.4063
0 -64.84304 32.21270 55.98329 0.00000 1.00000 -0.00000 0.2517 0.4374
tube_rail2
0 -68.34911 32.21270 50.26145 0.00000 1.00000 -0.00000 0.2517 0.3927
0 -64.84304 32.21270 55.98329 0.00000 1.00000 -0.00000 0.2517 0.4374
0 -63.39248 32.21270 54.32925 0.00000 1.00000 -0.00000 0.2517 0.4244
tube_rail2
0 -69.68839 32.21270 52.00682 -0.63439 0.00000 0.77301 0.2517 0.4063
0 -69.68839 30.01270 52.00682 -0.63439 0.00000 0.77301 0.2345 0.4063
0 -64.84304 30.01270 55.98329 -0.63439 0.00000 0.77301 0.2345 0.4374
tube_rail2
0 -69.68839 32.21270 52.00682 -0.63439 0.00000 0.77301 0.2517 0.4063
0 -64.84304 30.01270 55.98329 -0.63439 0.00000 0.77301 0.2345 0.4374
0 -64.84304 32.21270 55.98329 -0.63439 0.00000 0.77301 0.2517 0.4374
tube_rail2
0 -69.68839 30.01270 52.00682 0.00000 -1.00000 0.00000 0.2345 0.4063
0 -68.34911 30.01270 50.26145 0.00000 -1.00000 0.00000 0.2345 0.3927
0 -63.39248 30.01270 54.32925 0.00000 -1.00000 0.00000 0.2345 0.4244
tube_rail2
0 -69.68839 30.01270 52.00682 0.00000 -1.00000 0.00000 0.2345 0.4063
0 -63.39248 30.01270 54.32925 0.00000 -1.00000 0.00000 0.2345 0.4244
0 -64.84304 30.01270 55.98329 0.00000 -1.00000 0.00000 0.2345 0.4374
tube_rail2
0 -68.34911 -32.21270 50.26145 0.63439 0.00000 -0.77301 0.7483 0.3927
0 -68.34911 -30.01270 50.26145 0.63439 0.00000 -0.77301 0.7655 0.3927
0 -63.39248 -30.01270 54.32925 0.63439 0.00000 -0.77301 0.7655 0.4244
tube_rail2
0 -68.34911 -32.21270 50.26145 0.63439 0.00000 -0.77301 0.7483 0.3927
0 -63.39248 -30.01270 54.32925 0.63439 0.00000 -0.77301 0.7655 0.4244
0 -63.39248 -32.21270 54.32925 0.63439 0.00000 -0.77301 0.7483 0.4244
tube_rail2
0 -68.34911 -30.01270 50.26145 0.00000 1.00000 -0.00000 0.7655 0.3927
0 -69.68839 -30.01270 52.00682 0.00000 1.00000 -0.00000 0.7655 0.4063
0 -64.84304 -30.01270 55.98329 0.00000 1.00000 -0.00000 0.7655 0.4374
tube_rail2
0 -68.34911 -30.01270 50.26145 0.00000 1.00000 -0.00000 0.7655 0.3927
0 -64.84304 -30.01270 55.98329 0.00000 1.00000 -0.00000 0.7655 0.4374
0 -63.39248 -30.01270 54.32925 0.00000 1.00000 -0.00000 0.7655 0.4244
tube_rail2
0 -69.68839 -30.01270 52.00682 -0.63439 0.00000 0.77301 0.7655 0.4063
0 -69.68839 -32.21270 52.00682 -0.63439 0.00000 0.77301 0.7483 0.4063
0 -64.84304 -32.21270 55.98329 -0.63439 0.00000 0.77301 0.7483 0.4374
tube_rail2
0 -69.68839 -30.01270 52.00682 -0.63439 0.00000 0.77301 0.7655 0.4063
0 -64.84304 -32.21270 55.98329 -0.63439 0.00000 0.77301 0.7483 0.4374
0 -64.84304 -30.01270 55.98329 -0.63439 0.00000 0.77301 0.7655 0.4374
tube_rail2
0 -69.68839 -32.21270 52.00682 0.00000 -1.00000 0.00000 0.7483 0.4063
0 -68.34911 -32.21270 50.26145 0.00000 -1.00000 0.00000 0.7483 0.3927
0 -63.39248 -32.21270 54.32925 0.00000 -1.00000 0.00000 0.7483 0.4244
tube_rail2
0 -69.68839 -32.21270 52.00682 0.00000 -1.00000 0.00000 0.7483 0.4063
0 -63.39248 -32.21270 54.32925 0.00000 -1.00000 0.00000 0.7483 0.4244
0 -64.84304 -32.21270 55.98329 0.00000 -1.00000 0.00000 0.7483 0.4374
tube_rail2
0 -30.46869 -32.21270 0.89472 0.63439 0.00000 -0.77301 0.7483 0.0070
0 -30.46869 -30.01270 0.89472 0.63439 0.00000 -0.77301 0.7655 0.0070
0 -22.36443 -30.01270 7.54572 0.63439 0.00000 -0.77301 0.7655 0.0590
tube_rail2
0 -30.46869 -32.21270 0.89472 0.63439 0.00000 -0.77301 0.7483 0.0070
0 -22.36443 -30.01270 7.54572 0.63439 0.00000 -0.77301 0.7655 0.0590
0 -22.36443 -32.21270 7.54572 0.63439 0.00000 -0.77301 0.7483 0.0590
tube_rail2
0 -30.46869 -30.01270 0.89472 0.00000 1.00000 -0.00000 0.7655 0.0070
0 -31.80796 -30.01270 2.64010 0.00000 1.00000 -0.00000 0.7655 0.0206
0 -23.81499 -30.01270 9.19976 0.00000 1.00000 -0.00000 0.7655 0.0719
tube_rail2
0 -30.46869 -30.01270 0.89472 0.00000 1.00000 -0.00000 0.7655 0.0070
0 -23.81499 -30.01270 9.19976 0.00000 1.00000 -0.00000 0.7655 0.0719
0 -22.36443 -30.01270 7.54572 0.00000 1.00000 -0.00000 0.7655 0.0590
tube_rail2
0 -31.80796 -30.01270 2.64010 -0.63439 0.00000 0.77301 0.7655 0.0206
0 -31.80796 -32.21270 2.64010 -0.63439 0.00000 0.77301 0.7483 0.0206
0 -23.81499 -32.21270 9.19976 -0.63439 0.00000 0.77301 0.7483 0.0719
tube_rail2
0 -31.80796 -30.01270 2.64010 -0.63439 0.00000 0.77301 0.7655 0.0206
0 -23.81499 -32.21270 9.19976 -0.63439 0.00000 0.77301 0.7483 0.0719
0 -23.81499 -30.01270 9.19976 -0.63439 0.00000 0.77301 0.7655 0.0719
tube_rail2
0 -31.80796 -32.21270 2.64010 0.00000 -1.00000 0.00000 0.7483 0.0206
0 -30.46869 -32.21270 0.89472 0.00000 -1.00000 0.00000 0.7483 0.0070
0 -22.36443 -32.21270 7.54572 0.00000 -1.00000 0.00000 0.7483 0.0590
tube_rail2
0 -31.80796 -32.21270 2.64010 0.00000 -1.00000 0.00000 0.7483 0.0206
0 -22.36443 -32.21270 7.54572 0.00000 -1.00000 0.00000 0.7483 0.0590
0 -23.81499 -32.21270 9.19976 0.00000 -1.00000 0.00000 0.7483 0.0719
tube_rail2
0 -30.46869 30.01270 0.89472 0.63439 0.00000 -0.77301 0.2345 0.0070
0 -30.46869 32.21270 0.89472 0.63439 0.00000 -0.77301 0.2517 0.0070
0 -22.36443 32.21270 7.54572 0.63439 0.00000 -0.77301 0.2517 0.0590
tube_rail2
0 -30.46869 30.01270 0.89472 0.63439 0.00000 -0.77301 0.2345 0.0070
0 -22.36443 32.21270 7.54572 0.63439 0.00000 -0.77301 0.2517 0.0590
0 -22.36443 30.01270 7.54572 0.63439 0.00000 -0.77301 0.2345 0.0590
tube_rail2
0 -30.46869 32.21270 0.89472 0.00000 1.00000 -0.00000 0.2517 0.0070
0 -31.80796 32.21270 2.64010 0.00000 1.00000 -0.00000 0.2517 0.0206
0 -23.81499 32.21270 9.19976 0.00000 1.00000 -0.00000 0.2517 0.0719
tube_rail2
0 -30.46869 32.21270 0.89472 0.00000 1.00000 -0.00000 0.2517 0.0070
0 -23.81499 32.21270 9.19976 0.00000 1.00000 -0.00000 0.2517 0.0719
0 -22.36443 32.21270 7.54572 0.00000 1.00000 -0.00000 0.2517 0.0590
tube_rail2
0 -31.80796 32.21270 2.64010 -0.63439 0.00000 0.77301 0.2517 0.0206
0 -31.80796 30.01270 2.64010 -0.63439 0.00000 0.77301 0.2345 0.0206
0 -23.81499 30.01270 9.19976 -0.63439 0.00000 0.77301 0.2345 0.0719
tube_rail2
0 -31.80796 32.21270 2.64010 -0.63439 0.00000 0.77301 0.2517 0.0206
0 -23.81499 30.01270 9.19976 -0.63439 0.00000 0.77301 0.2345 0.0719
0 -23.81499 32.21270 9.19976 -0.63439 0.00000 0.77301 0.2517 0.0719
tube_rail2
0 -31.80796 30.01270 2.64010 0.00000 -1.00000 0.00000 0.2345 0.0206
0 -30.46869 30.01270 0.89472 0.00000 -1.00000 0.00000 0.2345 0.0070
0 -22.36443 30.01270 7.54572 0.00000 -1.00000 0.00000 0.2345 0.0590
tube_rail2
0 -31.80796 30.01270 2.64010 0.00000 -1.00000 0.00000 0.2345 0.0206
0 -22.36443 30.01270 7.54572 0.00000 -1.00000 0.00000 0.2345 0.0590
0 -23.81499 30.01270 9.19976 0.00000 -1.00000 0.00000 0.2345 0.0719
tube_glass
0 -55.21049 42.49846 44.99947 -0.13343 0.98077 0.14246 0.3320 0.3516
0 -49.93784 42.49846 49.93784 -0.13343 0.98077 0.14246 0.3320 0.3901
0 -37.49033 46.00000 37.49033 -0.13343 0.98077 0.14246 0.3594 0.2929
tube_glass
0 -55.21049 42.49846 44.99947 -0.13343 0.98077 0.14246 0.3320 0.3516
0 -37.49033 46.00000 37.49033 -0.13343 0.98077 0.14246 0.3594 0.2929
0 -43.60374 46.00000 31.76450 -0.13343 0.98077 0.14246 0.3594 0.2482
tube_glass
0 -65.05022 32.52691 56.21953 -0.37992 0.83133 0.40564 0.2541 0.4392
0 -60.49033 32.52691 60.49033 -0.37992 0.83133 0.40564 0.2541 0.4726
0 -49.93784 42.49846 49.93784 -0.37992 0.83133 0.40564 0.3320 0.3901
tube_glass
0 -65.05022 32.52691 56.21953 -0.37992 0.83133 0.40564 0.2541 0.4392
0 -49.93784 42.49846 49.93784 -0.37992 0.83133 0.40564 0.3320 0.3901
0 -55.21049 42.49846 44.99947 -0.37992 0.83133 0.40564 0.3320 0.3516
tube_glass
0 -71.62492 17.60344 63.71654 -0.56848 0.55536 0.60696 0.1375 0.4978
0 -67.54128 17.60344 67.54128 -0.56848 0.55536 0.60696 0.1375 0.5277
0 -60.49033 32.52691 60.49033 -0.56848 0.55536 0.60696 0.2541 0.4726
tube_glass
0 -71.62492 17.60344 63.71654 -0.56848 0.55536 0.60696 0.1375 0.4978
0 -60.49033 32.52691 60.49033 -0.56848 0.55536 0.60696 0.2541 0.4726
0 -65.05022 32.52691 56.21953 -0.56848 0.55536 0.60696 0.2541 0.4392
tube_glass
0 -73.93364 0.00000 66.34914 -0.67047 0.19499 0.71585 0.0000 0.5184
0 -70.01724 0.00000 70.01724 -0.67047 0.19499 0.71585 0.0000 0.5470
0 -67.54128 17.60344 67.54128 -0.67047 0.19499 0.71585 0.1375 0.5277
tube_glass
0 -73.93364 0.00000 66.34914 -0.67047 0.19499 0.71585 0.0000 0.5184
0 -67.54128 17.60344 67.54128 -0.67047 0.19499 0.71585 0.1375 0.5277
0 -71.62492 17.60344 63.71654 -0.67047 0.19499 0.71585 0.1375 0.4978
tube_glass
0 -71.62492 -17.60344 63.71654 -0.67047 -0.19499 0.71585 0.8625 0.4978
0 -67.54128 -17.60344 67.54128 -0.67047 -0.19499 0.71585 0.8625 0.5277
0 -70.01724 0.00000 70.01724 -0.67047 -0.19499 0.71585 0.0000 0.5470
tube_glass
0 -71.62492 -17.60344 63.71654 -0.67047 -0.19499 0.71585 0.8625 0.4978
0 -70.01724 0.00000 70.01724 -0.67047 -0.19499 0.71585 0.0000 0.5470
0 -73.93364 0.00000 66.34914 -0.67047 -0.19499 0.71585 0.0000 0.5184
tube_glass
0 -65.05022 -32.52691 56.21953 -0.56848 -0.55536 0.60696 0.7459 0.4392
0 -60.49033 -32.52691 60.49033 -0.56848 -0.55536 0.60696 0.7459 0.4726
0 -67.54128 -17.60344 67.54128 -0.56848 -0.55536 0.60696 0.8625 0.5277
tube_glass
0 -65.05022 -32.52691 56.21953 -0.56848 -0.55536 0.60696 0.7459 0.4392
0 -67.54128 -17.60344 67.54128 -0.56848 -0.55536 0.60696 0.8625 0.5277
0 -71.62492 -17.60344 63.71654 -0.56848 -0.55536 0.60696 0.8625 0.4978
tube_glass
0 -55.21049 -42.49846 44.99947 -0.37992 -0.83133 0.40564 0.6680 0.3516
0 -49.93784 -42.49846 49.93784 -0.37992 -0.83133 0.40564 0.6680 0.3901
0 -60.49033 -32.52691 60.49033 -0.37992 -0.83133 0.40564 0.7459 0.4726
tube_glass
0 -55.21049 -42.49846 44.99947 -0.37992 -0.83133 0.40564 0.6680 0.3516
0 -60.49033 -32.52691 60.49033 -0.37992 -0.83133 0.40564 0.7459 0.4726
0 -65.05022 -32.52691 56.21953 -0.37992 -0.83133 0.40564 0.7459 0.4392
tube_glass
0 -43.60374 -46.00000 31.76450 -0.13343 -0.98077 0.14246 0.6406 0.2482
0 -37.49033 -46.00000 37.49033 -0.13343 -0.98077 0.14246 0.6406 0.2929
0 -49.93784 -42.49846 49.93784 -0.13343 -0.98077 0.14246 0.6680 0.3901
tube_glass
0 -43.60374 -46.00000 31.76450 -0.13343 -0.98077 0.14246 0.6406 0.2482
0 -49.93784 -42.49846 49.93784 -0.13343 -0.98077 0.14246 0.6680 0.3901
0 -55.21049 -42.49846 44.99947 -0.13343 -0.98077 0.14246 0.6680 0.3516
tube_glass
0 -31.99698 -42.49846 18.52954 0.13343 -0.98077 -0.14246 0.6680 0.1448
0 -25.04282 -42.49846 25.04282 0.13343 -0.98077 -0.14246 0.6680 0.1956
0 -37.49033 -46.00000 37.49033 0.13343 -0.98077 -0.14246 0.6406 0.2929
tube_glass
0 -31.99698 -42.49846 18.52954 0.13343 -0.98077 -0.14246 0.6680 0.1448
0 -37.49033 -46.00000 37.49033 0.13343 -0.98077 -0.14246 0.6406 0.2929
0 -43.60374 -46.00000 31.76450 0.13343 -0.98077 -0.14246 0.6406 0.2482
tube_glass
0 -22.15725 -32.52691 7.30948 0.37992 -0.83133 -0.40564 0.7459 0.0571
0 -14.49033 -32.52691 14.49033 0.37992 -0.83133 -0.40564 0.7459 0.1132
0 -25.04282 -42.49846 25.04282 0.37992 -0.83133 -0.40564 0.6680 0.1956
tube_glass
0 -22.15725 -32.52691 7.30948 0.37992 -0.83133 -0.40564 0.7459 0.0571
0 -25.04282 -42.49846 25.04282 0.37992 -0.83133 -0.40564 0.6680 0.1956
0 -31.99698 -42.49846 18.52954 0.37992 -0.83133 -0.40564 0.6680 0.1448
tube_glass
0 -15.58255 -17.60344 -0.18753 0.56848 -0.55536 -0.60696 0.8625 0.9985
0 -7.43938 -17.60344 7.43938 0.56848 -0.55536 -0.60696 0.8625 0.0581
0 -14.49033 -32.52691 14.49033 0.56848 -0.55536 -0.60696 0.7459 0.1132
tube_glass
0 -15.58255 -17.60344 -0.18753 0.56848 -0.55536 -0.60696 0.8625 0.9985
0 -14.49033 -32.52691 14.49033 0.56848 -0.55536 -0.60696 0.7459 0.1132
0 -22.15725 -32.52691 7.30948 0.56848 -0.55536 -0.60696 0.7459 0.0571
tube_glass
0 -13.27383 -0.00000 -2.82013 0.67047 -0.19499 -0.71585 1.0000 0.9780
0 -4.96342 -0.00000 4.96342 0.67047 -0.19499 -0.71585 1.0000 0.0388
0 -7.43938 -17.60344 7.43938 0.67047 -0.19499 -0.71585 0.8625 0.0581
tube_glass
0 -13.27383 -0.00000 -2.82013 0.67047 -0.19499 -0.71585 1.0000 0.9780
0 -7.43938 -17.60344 7.43938 0.67047 -0.19499 -0.71585 0.8625 0.0581
0 -15.58255 -17.60344 -0.18753 0.67047 -0.19499 -0.71585 0.8625 0.9985
tube_glass
0 -15.58255 17.60344 -0.18753 0.67047 0.19499 -0.71585 0.1375 0.9985
0 -7.43938 17.60344 7.43938 0.67047 0.19499 -0.71585 0.1375 0.0581
0 -4.96342 -0.00000 4.96342 0.67047 0.19499 -0.71585 1.0000 0.0388
tube_glass
0 -15.58255 17.60344 -0.18753 0.67047 0.19499 -0.71585 0.1375 0.9985
0 -4.96342 -0.00000 4.96342 0.67047 0.19499 -0.71585 1.0000 0.0388
0 -13.27383 -0.00000 -2.82013 0.67047 0.19499 -0.71585 1.0000 0.9780
tube_glass
0 -22.15725 32.52691 7.30948 0.56848 0.55536 -0.60696 0.2541 0.0571
0 -14.49033 32.52691 14.49033 0.56848 0.55536 -0.60696 0.2541 0.1132
0 -7.43938 17.60344 7.43938 0.56848 0.55536 -0.60696 0.1375 0.0581
tube_glass
0 -22.15725 32.52691 7.30948 0.56848 0.55536 -0.60696 0.2541 0.0571
0 -7.43938 17.60344 7.43938 0.56848 0.55536 -0.60696 0.1375 0.0581
0 -15.58255 17.60344 -0.18753 0.56848 0.55536 -0.60696 0.1375 0.9985
tube_glass
0 -31.99698 42.49846 18.52954 0.37992 0.83133 -0.40564 0.3320 0.1448
0 -25.04282 42.49846 25.04282 0.37992 0.83133 -0.40564 0.3320 0.1956
0 -14.49033 32.52691 14.49033 0.37992 0.83133 -0.40564 0.2541 0.1132
tube_glass
0 -31.99698 42.49846 18.52954 0.37992 0.83133 -0.40564 0.3320 0.1448
0 -14.49033 32.52691 14.49033 0.37992 0.83133 -0.40564 0.2541 0.1132
0 -22.15725 32.52691 7.30948 0.37992 0.83133 -0.40564 0.2541 0.0571
tube_glass
0 -43.60374 46.00000 31.76450 0.13343 0.98077 -0.14246 0.3594 0.2482
0 -37.49033 46.00000 37.49033 0.13343 0.98077 -0.14246 0.3594 0.2929
0 -25.04282 42.49846 25.04282 0.13343 0.98077 -0.14246 0.3320 0.1956
tube_glass
0 -43.60374 46.00000 31.76450 0.13343 0.98077 -0.14246 0.3594 0.2482
0 -25.04282 42.49846 25.04282 0.13343 0.98077 -0.14246 0.3320 0.1956
0 -31.99698 42.49846 18.52954 0.13343 0.98077 -0.14246 0.3320 0.1448
tube_rail2
0 -63.39248 30.01270 54.32925 0.68359 0.00000 -0.72986 0.2345 0.4244
0 -63.39248 32.21270 54.32925 0.68359 0.00000 -0.72986 0.2517 0.4244
0 -58.71251 32.21270 58.71251 0.68359 0.00000 -0.72986 0.2517 0.4587
tube_rail2
0 -63.39248 30.01270 54.32925 0.68359 0.00000 -0.72986 0.2345 0.4244
0 -58.71251 32.21270 58.71251 0.68359 0.00000 -0.72986 0.2517 0.4587
0 -58.71251 30.01270 58.71251 0.68359 0.00000 -0.72986 0.2345 0.4587
tube_rail2
0 -63.39248 32.21270 54.32925 0.00000 1.00000 -0.00000 0.2517 0.4244
0 -64.84304 32.21270 55.98329 0.00000 1.00000 -0.00000 0.2517 0.4374
0 -60.26815 32.21270 60.26815 0.00000 1.00000 -0.00000 0.2517 0.4708
tube_rail2
0 -63.39248 32.21270 54.32925 0.00000 1.00000 -0.00000 0.2517 0.4244
0 -60.26815 32.21270 60.26815 0.00000 1.00000 -0.00000 0.2517 0.4708
0 -58.71251 32.21270 58.71251 0.00000 1.00000 -0.00000 0.2517 0.4587
tube_rail2
0 -64.84304 32.21270 55.98329 -0.68359 0.00000 0.72986 0.2517 0.4374
0 -64.84304 30.01270 55.98329 -0.68359 0.00000 0.72986 0.2345 0.4374
0 -60.26815 30.01270 60.26815 -0.68359 0.00000 0.72986 0.2345 0.4708
tube_rail2
0 -64.84304 32.21270 55.98329 -0.68359 0.00000 0.72986 0.2517 0.4374
0 -60.26815 30.01270 60.26815 -0.68359 0.00000 0.72986 0.2345 0.4708
0 -60.26815 32.21270 60.26815 -0.68359 0.00000 0.72986 0.2517 0.4708
tube_rail2
0 -64.84304 30.01270 55.98329 0.00000 -1.00000 0.00000 0.2345 0.4374
0 -63.39248 30.01270 54.32925 0.00000 -1.00000 0.00000 0.2345 0.4244
0 -58.71251 30.01270 58.71251 0.00000 -1.00000 0.00000 0.2345 0.4587
tube_rail2
0 -64.84304 30.01270 55.98329 0.00000 -1.00000 0.00000 0.2345 0.4374
0 -58.71251 30.01270 58.71251 0.00000 -1.00000 0.00000 0.2345 0.4587
0 -60.26815 30.01270 60.26815 0.00000 -1.00000 0.00000 0.2345 0.4708
tube_rail2
0 -63.39248 -32.21270 54.32925 0.68359 0.00000 -0.72986 0.7483 0.4244
0 -63.39248 -30.01270 54.32925 0.68359 0.00000 -0.72986 0.7655 0.4244
0 -58.71251 -30.01270 58.71251 0.68359 0.00000 -0.72986 0.7655 0.4587
tube_rail2
0 -63.39248 -32.21270 54.32925 0.68359 0.00000 -0.72986 0.7483 0.4244
0 -58.71251 -30.01270 58.71251 0.68359 0.00000 -0.72986 0.7655 0.4587
0 -58.71251 -32.21270 58.71251 0.68359 0.00000 -0.72986 0.7483 0.4587
tube_rail2
0 -63.39248 -30.01270 54.32925 0.00000 1.00000 -0.00000 0.7655 0.4244
0 -64.84304 -30.01270 55.98329 0.00000 1.00000 -0.00000 0.7655 0.4374
0 -60.26815 -30.01270 60.26815 0.00000 1.00000 -0.00000 0.7655 0.4708
tube_rail2
0 -63.39248 -30.01270 54.32925 0.00000 1.00000 -0.00000 0.7655 0.4244
0 -60.26815 -30.01270 60.26815 0.00000 1.00000 -0.00000 0.7655 0.4708
0 -58.71251 -30.01270 58.71251 0.00000 1.00000 -0.00000 0.7655 0.4587
tube_rail2
0 -64.84304 -30.01270 55.98329 -0.68359 0.00000 0.72986 0.7655 0.4374
0 -64.84304 -32.21270 55.98329 -0.68359 0.00000 0.72986 0.7483 0.4374
0 -60.26815 -32.21270 60.26815 -0.68359 0.00000 0.72986 0.7483 0.4708
tube_rail2
0 -64.84304 -30.01270 55.98329 -0.68359 0.00000 0.72986 0.7655 0.4374
0 -60.26815 -32.21270 60.26815 -0.68359 0.00000 0.72986 0.7483 0.4708
0 -60.26815 -30.01270 60.26815 -0.68359 0.00000 0.72986 0.7655 0.4708
tube_rail2
0 -64.84304 -32.21270 55.98329 0.00000 -1.00000 0.00000 0.7483 0.4374
0 -63.39248 -32.21270 54.32925 0.00000 -1.00000 0.00000 0.7483 0.4244
0 -58.71251 -32.21270 58.71251 0.00000 -1.00000 0.00000 0.7483 0.4587
tube_rail2
0 -64.84304 -32.21270 55.98329 0.00000 -1.00000 0.00000 0.7483 0.4374
0 -58.71251 -32.21270 58.71251 0.00000 -1.00000 0.00000 0.7483 0.4587
0 -60.26815 -32.21270 60.26815 0.00000 -1.00000 0.00000 0.7483 0.4708
tube_rail2
0 -22.36443 -32.21270 7.54572 0.68359 0.00000 -0.72986 0.7483 0.0590
0 -22.36443 -30.01270 7.54572 0.68359 0.00000 -0.72986 0.7655 0.0590
0 -14.71251 -30.01270 14.71251 0.68359 0.00000 -0.72986 0.7655 0.1149
tube_rail2
0 -22.36443 -32.21270 7.54572 0.68359 0.00000 -0.72986 0.7483 0.0590
0 -14.71251 -30.01270 14.71251 0.68359 0.00000 -0.72986 0.7655 0.1149
0 -14.71251 -32.21270 14.71251 0.68359 0.00000 -0.72986 0.7483 0.1149
tube_rail2
0 -22.36443 -30.01270 7.54572 0.00000 1.00000 -0.00000 0.7655 0.0590
0 -23.81499 -30.01270 9.19976 0.00000 1.00000 -0.00000 0.7655 0.0719
0 -16.26815 -30.01270 16.26815 0.00000 1.00000 -0.00000 0.7655 0.1271
tube_rail2
0 -22.36443 -30.01270 7.54572 0.00000 1.00000 -0.00000 0.7655 0.0590
0 -16.26815 -30.01270 16.26815 0.00000 1.00000 -0.00000 0.7655 0.1271
0 -14.71251 -30.01270 14.71251 0.00000 1.00000 -0.00000 0.7655 0.1149
tube_rail2
0 -23.81499 -30.01270 9.19976 -0.68359 0.00000 0.72986 0.7655 0.0719
0 -23.81499 -32.21270 9.19976 -0.68359 0.00000 0.72986 0.7483 0.0719
0 -16.26815 -32.21270 16.26815 -0.68359 0.00000 0.72986 0.7483 0.1271
tube_rail2
0 -23.81499 -30.01270 9.19976 -0.68359 0.00000 0.72986 0.7655 0.0719
0 -16.26815 -32.21270 16.26815 -0.68359 0.00000 0.72986 0.7483 0.1271
0 -16.26815 -30.01270 16.26815 -0.68359 0.00000 0.72986 0.7655 0.1271
tube_rail2
0 -23.81499 -32.21270 9.19976 0.00000 -1.00000 0.00000 0.7483 0.0719
0 -22.36443 -32.21270 7.54572 0.00000 -1.00000 0.00000 0.7483 0.0590
0 -14.71251 -32.21270 14.71251 0.00000 -1.00000 0.00000 0.7483 0.1149
tube_rail2
0 -23.81499 -32.21270 9.19976 0.00000 -1.00000 0.00000 0.7483 0.0719
0 -14.71251 -32.21270 14.71251 0.00000 -1.00000 0.00000 0.7483 0.1149
0 -16.26815 -32.21270 16.26815 0.00000 -1.00000 0.00000 0.7483 0.1271
tube_rail2
0 -22.36443 30.01270 7.54572 0.68359 0.00000 -0.72986 0.2345 0.0590
0 -22.36443 32.21270 7.54572 0.68359 0.00000 -0.72986 0.2517 0.0590
0 -14.71251 32.21270 14.71251 0.68359 0.00000 -0.72986 0.2517 0.1149
tube_rail2
0 -22.36443 30.01270 7.54572 0.68359 0.00000 -0.72986 0.2345 0.0590
0 -14.71251 32.21270 14.71251 0.68359 0.00000 -0.72986 0.2517 0.1149
0 -14.71251 30.01270 14.71251 0.68359 0.00000 -0.72986 0.2345 0.1149
tube_rail2
0 -22.36443 32.21270 7.54572 0.00000 1.00000 -0.00000 0.2517 0.0590
0 -23.81499 32.21270 9.19976 0.00000 1.00000 -0.00000 0.2517 0.0719
0 -16.26815 32.21270 16.26815 0.00000 1.00000 -0.00000 0.2517 0.1271
tube_rail2
0 -22.36443 32.21270 7.54572 0.00000 1.00000 -0.00000 0.2517 0.0590
0 -16.26815 32.21270 16.26815 0.00000 1.00000 -0.00000 0.2517 0.1271
0 -14.71251 32.21270 14.71251 0.00000 1.00000 -0.00000 0.2517 0.1149
tube_rail2
0 -23.81499 32.21270 9.19976 -0.68359 0.00000 0.72986 0.2517 0.0719
0 -23.81499 30.01270 9.19976 -0.68359 0.00000 0.72986 0.2345 0.0719
0 -16.26815 30.01270 16.26815 -0.68359 0.00000 0.72986 0.2345 0.1271
tube_rail2
0 -23.81499 32.21270 9.19976 -0.68359 0.00000 0.72986 0.2517 0.0719
0 -16.26815 30.01270 16.26815 -0.68359 0.00000 0.72986 0.2345 0.1271
0 -16.26815 32.21270 16.26815 -0.68359 0.00000 0.72986 0.2517 0.1271
tube_rail2
0 -23.81499 30.01270 9.19976 0.00000 -1.00000 0.00000 0.2345 0.0719
0 -22.36443 30.01270 7.54572 0.00000 -1.00000 0.00000 0.2345 0.0590
0 -14.71251 30.01270 14.71251 0.00000 -1.00000 0.00000 0.2345 0.1149
tube_rail2
0 -23.81499 30.01270 9.19976 0.00000 -1.00000 0.00000 0.2345 0.0719
0 -14.71251 30.01270 14.71251 0.00000 -1.00000 0.00000 0.2345 0.1149
0 -16.26815 30.01270 16.26815 0.00000 -1.00000 0.00000 0.2345 0.1271
tube_glass
0 -49.93784 42.49846 49.93784 -0.14246 0.98077 0.13343 0.3320 0.3901
0 -44.99947 42.49846 55.21049 -0.14246 0.98077 0.13343 0.3320 0.4313
0 -31.76450 46.00000 43.60374 -0.14246 0.98077 0.13343 0.3594 0.3407
tube_glass
0 -49.93784 42.49846 49.93784 -0.14246 0.98077 0.13343 0.3320 0.3901
0 -31.76450 46.00000 43.60374 -0.14246 0.98077 0.13343 0.3594 0.3407
0 -37.49033 46.00000 37.49033 -0.14246 0.98077 0.13343 0.3594 0.2929
tube_glass
0 -60.49033 32.52691 60.49033 -0.40564 0.83133 0.37992 0.2541 0.4726
0 -56.21953 32.52691 65.05022 -0.40564 0.83133 0.37992 0.2541 0.5082
0 -44.99947 42.49846 55.21049 -0.40564 0.83133 0.37992 0.3320 0.4313
tube_glass
0 -60.49033 32.52691 60.49033 -0.40564 0.83133 0.37992 0.2541 0.4726
0 -44.99947 42.49846 55.21049 -0.40564 0.83133 0.37992 0.3320 0.4313
0 -49.93784 42.49846 49.93784 -0.40564 0.83133 0.37992 0.3320 0.3901
tube_glass
0 -67.54128 17.60344 67.54128 -0.60696 0.55536 0.56848 0.1375 0.5277
0 -63.71654 17.60344 71.62492 -0.60696 0.55536 0.56848 0.1375 0.5596
0 -56.21953 32.52691 65.05022 -0.60696 0.55536 0.56848 0.2541 0.5082
tube_glass
0 -67.54128 17.60344 67.54128 -0.60696 0.55536 0.56848 0.1375 0.5277
0 -56.21953 32.52691 65.05022 -0.60696 0.55536 0.56848 0.2541 0.5082
0 -60.49033 32.52691 60.49033 -0.60696 0.55536 0.56848 0.2541 0.4726
tube_glass
0 -70.01724 0.00000 70.01724 -0.71585 0.19499 0.67047 0.0000 0.5470
0 -66.34914 0.00000 73.93364 -0.71585 0.19499 0.67047 0.0000 0.5776
0 -63.71654 17.60344 71.62492 -0.71585 0.19499 0.67047 0.1375 0.5596
tube_glass
0 -70.01724 0.00000 70.01724 -0.71585 0.19499 0.67047 0.0000 0.5470
0 -63.71654 17.60344 71.62492 -0.71585 0.19499 0.67047 0.1375 0.5596
0 -67.54128 17.60344 67.54128 -0.71585 0.19499 0.67047 0.1375 0.5277
tube_glass
0 -67.54128 -17.60344 67.54128 -0.71585 -0.19499 0.67047 0.8625 0.5277
0 -63.71654 -17.60344 71.62492 -0.71585 -0.19499 0.67047 0.8625 0.5596
0 -66.34914 0.00000 73.93364 -0.71585 -0.19499 0.67047 0.0000 0.5776
tube_glass
0 -67.54128 -17.60344 67.54128 -0.71585 -0.19499 0.67047 0.8625 0.5277
0 -66.34914 0.00000 73.93364 -0.71585 -0.19499 0.67047 0.0000 0.5776
0 -70.01724 0.00000 70.01724 -0.71585 -0.19499 0.67047 0.0000 0.5470
tube_glass
0 -60.49033 -32.52691 60.49033 -0.60696 -0.55536 0.56848 0.7459 0.4726
0 -56.21953 -32.52691 65.05022 -0.60696 -0.55536 0.56848 0.7459 0.5082
0 -63.71654 -17.60344 71.62492 -0.60696 -0.55536 0.56848 0.8625 0.5596
tube_glass
0 -60.49033 -32.52691 60.49033 -0.60696 -0.55536 0.56848 0.7459 0.4726
0 -63.71654 -17.60344 71.62492 -0.60696 -0.55536 0.56848 0.8625 0.5596
0 -67.54128 -17.60344 67.54128 -0.60696 -0.55536 0.56848 0.8625 0.5277
tube_glass
0 -49.93784 -42.49846 49.93784 -0.40564 -0.83133 0.37992 0.6680 0.3901
0 -44.99947 -42.49846 55.21049 -0.40564 -0.83133 0.37992 0.6680 0.4313
0 -56.21953 -32.52691 65.05022 -0.40564 -0.83133 0.37992 0.7459 0.5082
tube_glass
0 -49.93784 -42.49846 49.93784 -0.40564 -0.83133 0.37992 0.6680 0.3901
0 -56.21953 -32.52691 65.05022 -0.40564 -0.83133 0.37992 0.7459 0.5082
0 -60.49033 -32.52691 60.49033 -0.40564 -0.83133 0.37992 0.7459 0.4726
tube_glass
0 -37.49033 -46.00000 37.49033 -0.14246 -0.98077 0.13343 0.6406 0.2929
0 -31.76450 -46.00000 43.60374 -0.14246 -0.98077 0.13343 0.6406 0.3407
0 -44.99947 -42.49846 55.21049 -0.14246 -0.98077 0.13343 0.6680 0.4313
tube_glass
0 -37.49033 -46.00000 37.49033 -0.14246 -0.98077 0.13343 0.6406 0.2929
0 -44.99947 -42.49846 55.21049 -0.14246 -0.98077 0.13343 0.6680 0.4313
0 -49.93784 -42.49846 49.93784 -0.14246 -0.98077 0.13343 0.6680 0.3901
tube_glass
0 -25.04282 -42.49846 25.04282 0.14246 -0.98077 -0.13343 0.6680 0.1956
0 -18.52954 -42.49846 31.99698 0.14246 -0.98077 -0.13343 0.6680 0.2500
0 -31.76450 -46.00000 43.60374 0.14246 -0.98077 -0.13343 0.6406 0.3407
tube_glass
0 -25.04282 -42.49846 25.04282 0.14246 -0.98077 -0.13343 0.6680 0.1956
0 -31.76450 -46.00000 43.60374 0.14246 -0.98077 -0.13343 0.6406 0.3407
0 -37.49033 -46.00000 37.49033 0.14246 -0.98077 -0.13343 0.6406 0.2929
tube_glass
0 -14.49033 -32.52691 14.49033 0.40564 -0.83133 -0.37992 0.7459 0.1132
0 -7.30948 -32.52691 22.15725 0.40564 -0.83133 -0.37992 0.7459 0.1731
0 -18.52954 -42.49846 31.99698 0.40564 -0.83133 -0.37992 0.6680 0.2500
tube_glass
0 -14.49033 -32.52691 14.49033 0.40564 -0.83133 -0.37992 0.7459 0.1132
0 -18.52954 -42.49846 31.99698 0.40564 -0.83133 -0.37992 0.6680 0.2500
0 -25.04282 -42.49846 25.04282 0.40564 -0.83133 -0.37992 0.6680 0.1956
tube_glass
0 -7.43938 -17.60344 7.43938 0.60696 -0.55536 -0.56848 0.8625 0.0581
0 0.18753 -17.60344 15.58255 0.60696 -0.55536 -0.56848 0.8625 0.1217
0 -7.30948 -32.52691 22.15725 0.60696 -0.55536 -0.56848 0.7459 0.1731
tube_glass
0 -7.43938 -17.60344 7.43938 0.60696 -0.55536 -0.56848 0.8625 0.0581
0 -7.30948 -32.52691 22.15725 0.60696 -0.55536 -0.56848 0.7459 0.1731
0 -14.49033 -32.52691 14.49033 0.60696 -0.55536 -0.56848 0.7459 0.1132
tube_glass
0 -4.96342 -0.00000 4.96342 0.71585 -0.19499 -0.67047 1.0000 0.0388
0 2.82013 -0.00000 13.27383 0.71585 -0.19499 -0.67047 1.0000 0.1037
0 0.18753 -17.60344 15.58255 0.71585 -0.19499 -0.67047 0.8625 0.1217
tube_glass
0 -4.96342 -0.00000 4.96342 0.71585 -0.19499 -0.67047 1.0000 0.0388
0 0.18753 -17.60344 15.58255 0.71585 -0.19499 -0.67047 0.8625 0.1217
0 -7.43938 -17.60344 7.43938 0.71585 -0.19499 -0.67047 0.8625 0.0581
tube_glass
0 -7.43938 17.60344 7.43938 0.71585 0.19499 -0.67047 0.1375 0.0581
0 0.18753 17.60344 15.58255 0.71585 0.19499 -0.67047 0.1375 0.1217
0 2.82013 -0.00000 13.27383 0.71585 0.19499 -0.67047 1.0000 0.1037
tube_glass
0 -7.43938 17.60344 7.43938 0.71585 0.19499 -0.67047 0.1375 0.0581
0 2.82013 -0.00000 13.27383 0.71585 0.19499 -0.67047 1.0000 0.1037
0 -4.96342 -0.00000 4.96342 0.71585 0.19499 -0.67047 1.0000 0.0388
tube_glass
0 -14.49033 32.52691 14.49033 0.60696 0.55536 -0.56848 0.2541 0.1132
0 -7.30948 32.52691 22.15725 0.60696 0.55536 -0.56848 0.2541 0.1731
0 0.18753 17.60344 15.58255 0.60696 0.55536 -0.56848 0.1375 0.1217
tube_glass
0 -14.49033 32.52691 14.49033 0.60696 0.55536 -0.56848 0.2541 0.1132
0 0.18753 17.60344 15.58255 0.60696 0.55536 -0.56848 0.1375 0.1217
0 -7.43938 17.60344 7.43938 0.60696 0.55536 -0.56848 0.1375 0.0581
tube_glass
0 -25.04282 42.49846 25.04282 0.40564 0.83133 -0.37992 0.3320 0.1956
0 -18.52954 42.49846 31.99698 0.40564 0.83133 -0.37992 0.3320 0.2500
0 -7.30948 32.52691 22.15725 0.40564 0.83133 -0.37992 0.2541 0.1731
tube_glass
0 -25.04282 42.49846 25.04282 0.40564 0.83133 -0.37992 0.3320 0.1956
0 -7.30948 32.52691 22.15725 0.40564 0.83133 -0.37992 0.2541 0.1731
0 -14.49033 32.52691 14.49033 0.40564 0.83133 -0.37992 0.2541 0.1132
tube_glass
0 -37.49033 46.00000 37.49033 0.14246 0.98077 -0.13343 0.3594 0.2929
0 -31.76450 46.00000 43.60374 0.14246 0.98077 -0.13343 0.3594 0.3407
0 -18.52954 42.49846 31.99698 0.14246 0.98077 -0.13343 0.3320 0.2500
tube_glass
0 -37.49033 46.00000 37.49033 0.14246 0.98077 -0.13343 0.3594 0.2929
0 -18.52954 42.49846 31.99698 0.14246 0.98077 -0.13343 0.3320 0.2500
0 -25.04282 42.49846 25.04282 0.14246 0.98077 -0.13343 0.3320 0.1956
tube_rail2
0 -58.71251 30.01270 58.71251 0.72986 0.00000 -0.68359 0.2345 0.4587
0 -58.71251 32.21270 58.71251 0.72986 0.00000 -0.68359 0.2517 0.4587
0 -54.32925 32.21270 63.39248 0.72986 0.00000 -0.68359 0.2517 0.4953
tube_rail2
0 -58.71251 30.01270 58.71251 0.72986 0.00000 -0.68359 0.2345 0.4587
0 -54.32925 32.21270 63.39248 0.72986 0.00000 -0.68359 0.2517 0.4953
0 -54.32925 30.01270 63.39248 0.72986 0.00000 -0.68359 0.2345 0.4953
tube_rail2
0 -58.71251 32.21270 58.71251 0.00000 1.00000 -0.00000 0.2517 0.4587
0 -60.26815 32.21270 60.26815 0.00000 1.00000 -0.00000 0.2517 0.4708
0 -55.98329 32.21270 64.84304 0.00000 1.00000 -0.00000 0.2517 0.5066
tube_rail2
0 -58.71251 32.21270 58.71251 0.00000 1.00000 -0.00000 0.2517 0.4587
0 -55.98329 32.21270 64.84304 0.00000 1.00000 -0.00000 0.2517 0.5066
0 -54.32925 32.21270 63.39248 0.00000 1.00000 -0.00000 0.2517 0.4953
tube_rail2
0 -60.26815 32.21270 60.26815 -0.72986 0.00000 0.68359 0.2517 0.4708
0 -60.26815 30.01270 60.26815 -0.72986 0.00000 0.68359 0.2345 0.4708
0 -55.98329 30.01270 64.84304 -0.72986 0.00000 0.68359 0.2345 0.5066
tube_rail2
0 -60.26815 32.21270 60.26815 -0.72986 0.00000 0.68359 0.2517 0.4708
0 -55.98329 30.01270 64.84304 -0.72986 0.00000 0.68359 0.2345 0.5066
0 -55.98329 32.21270 64.84304 -0.72986 0.00000 0.68359 0.2517 0.5066
tube_rail2
0 -60.26815 30.01270 60.26815 0.00000 -1.00000 0.00000 0.2345 0.4708
0 -58.71251 30.01270 58.71251 0.00000 -1.00000 0.00000 0.2345 0.4587
0 -54.32925 30.01270 63.39248 0.00000 -1.00000 0.00000 0.2345 0.4953
tube_rail2
0 -60.26815 30.01270 60.26815 0.00000 -1.00000 0.00000 0.2345 0.4708
0 -54.32925 30.01270 63.39248 0.00000 -1.00000 0.00000 0.2345 0.4953
0 -55.98329 30.01270 64.84304 0.00000 -1.00000 0.00000 0.2345 0.5066
tube_rail2
0 -58.71251 -32.21270 58.71251 0.72986 0.00000 -0.68359 0.7483 0.4587
0 -58.71251 -30.01270 58.71251 0.72986 0.00000 -0.68359 0.7655 0.4587
0 -54.32925 -30.01270 63.39248 0.72986 0.00000 -0.68359 0.7655 0.4953
tube_rail2
0 -58.71251 -32.21270 58.71251 0.72986 0.00000 -0.68359 0.7483 0.4587
0 -54.32925 -30.01270 63.39248 0.72986 0.00000 -0.68359 0.7655 0.4953
0 -54.32925 -32.21270 63.39248 0.72986 0.00000 -0.68359 0.7483 0.4953
tube_rail2
0 -58.71251 -30.01270 58.71251 0.00000 1.00000 -0.00000 0.7655 0.4587
0 -60.26815 -30.01270 60.26815 0.00000 1.00000 -0.00000 0.7655 0.4708
0 -55.98329 -30.01270 64.84304 0.00000 1.00000 -0.00000 0.7655 0.5066
tube_rail2
0 -58.71251 -30.01270 58.71251 0.00000 1.00000 -0.00000 0.7655 0.4587
0 -55.98329 -30.01270 64.84304 0.00000 1.00000 -0.00000 0.7655 0.5066
0 -54.32925 -30.01270 63.39248 0.00000 1.00000 -0.00000 0.7655 0.4953
tube_rail2
0 -60.26815 -30.01270 60.26815 -0.72986 0.00000 0.68359 0.7655 0.4708
0 -60.26815 -32.21270 60.26815 -0.72986 0.00000 0.68359 0.7483 0.4708
0 -55.98329 -32.21270 64.84304 -0.72986 0.00000 0.68359 0.7483 0.5066
tube_rail2
0 -60.26815 -30.01270 60.26815 -0.72986 0.00000 0.68359 0.7655 0.4708
0 -55.98329 -32.21270 64.84304 -0.72986 0.00000 0.68359 0.7483 0.5066
0 -55.98329 -30.01270 64.84304 -0.72986 0.00000 0.68359 0.7655 0.5066
tube_rail2
0 -60.26815 -32.21270 60.26815 0.00000 -1.00000 0.00000 0.7483 0.4708
0 -58.71251 -32.21270 58.71251 0.00000 -1.00000 0.00000 0.7483 0.4587
0 -54.32925 -32.21270 63.39248 0.00000 -1.00000 0.00000 0.7483 0.4953
tube_rail2
0 -60.26815 -32.21270 60.26815 0.00000 -1.00000 0.00000 0.7483 0.4708
0 -54.32925 -32.21270 63.39248 0.00000 -1.00000 0.00000 0.7483 0.4953
0 -55.98329 -32.21270 64.84304 0.00000 -1.00000 0.00000 0.7483 0.5066
tube_rail2
0 -14.71251 -32.21270 14.71251 0.72986 0.00000 -0.68359 0.7483 0.1149
0 -14.71251 -30.01270 14.71251 0.72986 0.00000 -0.68359 0.7655 0.1149
0 -7.54572 -30.01270 22.36443 0.72986 0.00000 -0.68359 0.7655 0.1747
tube_rail2
0 -14.71251 -32.21270 14.71251 0.72986 0.00000 -0.68359 0.7483 0.1149
0 -7.54572 -30.01270 22.36443 0.72986 0.00000 -0.68359 0.7655 0.1747
0 -7.54572 -32.21270 22.36443 0.72986 0.00000 -0.68359 0.7483 0.1747
tube_rail2
0 -14.71251 -30.01270 14.71251 0.00000 1.00000 -0.00000 0.7655 0.1149
0 -16.26815 -30.01270 16.26815 0.00000 1.00000 -0.00000 0.7655 0.1271
0 -9.19976 -30.01270 23.81499 0.00000 1.00000 -0.00000 0.7655 0.1861
tube_rail2
0 -14.71251 -30.01270 14.71251 0.00000 1.00000 -0.00000 0.7655 0.1149
0 -9.19976 -30.01270 23.81499 0.00000 1.00000 -0.00000 0.7655 0.1861
0 -7.54572 -30.01270 22.36443 0.00000 1.00000 -0.00000 0.7655 0.1747
tube_rail2
0 -16.26815 -30.01270 16.26815 -0.72986 0.00000 0.68359 0.7655 0.1271
0 -16.26815 -32.21270 16.26815 -0.72986 0.00000 0.68359 0.7483 0.1271
0 -9.19976 -32.21270 23.81499 -0.72986 0.00000 0.68359 0.7483 0.1861
tube_rail2
0 -16.26815 -30.01270 16.26815 -0.72986 0.00000 0.68359 0.7655 0.1271
0 -9.19976 -32.21270 23.81499 -0.72986 0.00000 0.68359 0.7483 0.1861
0 -9.19976 -30.01270 23.81499 -0.72986 0.00000 0.68359 0.7655 0.1861
tube_rail2
0 -16.26815 -32.21270 16.26815 0.00000 -1.00000 0.00000 0.7483 0.1271
0 -14.71251 -32.21270 14.71251 0.00000 -1.00000 0.00000 0.7483 0.1149
0 -7.54572 -32.21270 22.36443 0.00000 -1.00000 0.00000 0.7483 0.1747
tube_rail2
0 -16.26815 -32.21270 16.26815 0.00000 -1.00000 0.00000 0.7483 0.1271
0 -7.54572 -32.21270 22.36443 0.00000 -1.00000 0.00000 0.7483 0.1747
0 -9.19976 -32.21270 23.81499 0.00000 -1.00000 0.00000 0.7483 0.1861
tube_rail2
0 -14.71251 30.01270 14.71251 0.72986 0.00000 -0.68359 0.2345 0.1149
0 -14.71251 32.21270 14.71251 0.72986 0.00000 -0.68359 0.2517 0.1149
0 -7.54572 32.21270 22.36443 0.72986 0.00000 -0.68359 0.2517 0.1747
tube_rail2
0 -14.71251 30.01270 14.71251 0.72986 0.00000 -0.68359 0.2345 0.1149
0 -7.54572 32.21270 22.36443 0.72986 0.00000 -0.68359 0.2517 0.1747
0 -7.54572 30.01270 22.36443 0.72986 0.00000 -0.68359 0.2345 0.1747
tube_rail2
0 -14.71251 32.21270 14.71251 0.00000 1.00000 -0.00000 0.2517 0.1149
0 -16.26815 32.21270 16.26815 0.00000 1.00000 -0.00000 0.2517 0.1271
0 -9.19976 32.21270 23.81499 0.00000 1.00000 -0.00000 0.2517 0.1861
tube_rail2
0 -14.71251 32.21270 14.71251 0.00000 1.00000 -0.00000 0.2517 0.1149
0 -9.19976 32.21270 23.81499 0.00000 1.00000 -0.00000 0.2517 0.1861
0 -7.54572 32.21270 22.36443 0.00000 1.00000 -0.00000 0.2517 0.1747
tube_rail2
0 -16.26815 32.21270 16.26815 -0.72986 0.00000 0.68359 0.2517 0.1271
0 -16.26815 30.01270 16.26815 -0.72986 0.00000 0.68359 0.2345 0.1271
0 -9.19976 30.01270 23.81499 -0.72986 0.00000 0.68359 0.2345 0.1861
tube_rail2
0 -16.26815 32.21270 16.26815 -0.72986 0.00000 0.68359 0.2517 0.1271
0 -9.19976 30.01270 23.81499 -0.72986 0.00000 0.68359 0.2345 0.1861
0 -9.19976 32.21270 23.81499 -0.72986 0.00000 0.68359 0.2517 0.1861
tube_rail2
0 -16.26815 30.01270 16.26815 0.00000 -1.00000 0.00000 0.2345 0.1271
0 -14.71251 30.01270 14.71251 0.00000 -1.00000 0.00000 0.2345 0.1149
0 -7.54572 30.01270 22.36443 0.00000 -1.00000 0.00000 0.2345 0.1747
tube_rail2
0 -16.26815 30.01270 16.26815 0.00000 -1.00000 0.00000 0.2345 0.1271
0 -7.54572 30.01270 22.36443 0.00000 -1.00000 0.00000 0.2345 0.1747
0 -9.19976 30.01270 23.81499 0.00000 -1.00000 0.00000 0.2345 0.1861
tube_glass
0 -44.99947 42.49846 55.21049 -0.15088 0.98077 0.12383 0.3320 0.4313
0 -40.41652 42.49846 60.79483 -0.15088 0.98077 0.12383 0.3320 0.4750
0 -26.45077 46.00000 50.07854 -0.15088 0.98077 0.12383 0.3594 0.3912
tube_glass
0 -44.99947 42.49846 55.21049 -0.15088 0.98077 0.12383 0.3320 0.4313
0 -26.45077 46.00000 50.07854 -0.15088 0.98077 0.12383 0.3594 0.3912
0 -31.76450 46.00000 43.60374 -0.15088 0.98077 0.12383 0.3594 0.3407
tube_glass
0 -56.21953 32.52691 65.05022 -0.42962 0.83133 0.35258 0.2541 0.5082
0 -52.25611 32.52691 69.87967 -0.42962 0.83133 0.35258 0.2541 0.5459
0 -40.41652 42.49846 60.79483 -0.42962 0.83133 0.35258 0.3320 0.4750
tube_glass
0 -56.21953 32.52691 65.05022 -0.42962 0.83133 0.35258 0.2541 0.5082
0 -40.41652 42.49846 60.79483 -0.42962 0.83133 0.35258 0.3320 0.4750
0 -44.99947 42.49846 55.21049 -0.42962 0.83133 0.35258 0.3320 0.4313
tube_glass
0 -63.71654 17.60344 71.62492 -0.64284 0.55536 0.52757 0.1375 0.5596
0 -60.16707 17.60344 75.94996 -0.64284 0.55536 0.52757 0.1375 0.5934
0 -52.25611 32.52691 69.87967 -0.64284 0.55536 0.52757 0.2541 0.5459
tube_glass
0 -63.71654 17.60344 71.62492 -0.64284 0.55536 0.52757 0.1375 0.5596
0 -52.25611 32.52691 69.87967 -0.64284 0.55536 0.52757 0.2541 0.5459
0 -56.21953 32.52691 65.05022 -0.64284 0.55536 0.52757 0.2541 0.5082
tube_glass
0 -66.34914 0.00000 73.93364 -0.75817 0.19499 0.62222 0.0000 0.5776
0 -62.94503 0.00000 78.08156 -0.75817 0.19499 0.62222 0.0000 0.6100
0 -60.16707 17.60344 75.94996 -0.75817 0.19499 0.62222 0.1375 0.5934
tube_glass
0 -66.34914 0.00000 73.93364 -0.75817 0.19499 0.62222 0.0000 0.5776
0 -60.16707 17.60344 75.94996 -0.75817 0.19499 0.62222 0.1375 0.5934
0 -63.71654 17.60344 71.62492 -0.75817 0.19499 0.62222 0.1375 0.5596
tube_glass
0 -63.71654 -17.60344 71.62492 -0.75817 -0.19499 0.62222 0.8625 0.5596
0 -60.16707 -17.60344 75.94996 -0.75817 -0.19499 0.62222 0.8625 0.5934
0 -62.94503 0.00000 78.08156 -0.75817 -0.19499 0.62222 0.0000 0.6100
tube_glass
0 -63.71654 -17.60344 71.62492 -0.75817 -0.19499 0.62222 0.8625 0.5596
0 -62.94503 0.00000 78.08156 -0.75817 -0.19499 0.62222 0.0000 0.6100
0 -66.34914 0.00000 73.93364 -0.75817 -0.19499 0.62222 0.0000 0.5776
tube_glass
0 -56.21953 -32.52691 65.05022 -0.64284 -0.55536 0.52757 0.7459 0.5082
0 -52.25611 -32.52691 69.87967 -0.64284 -0.55536 0.52757 0.7459 0.5459
0 -60.16707 -17.60344 75.94996 -0.64284 -0.55536 0.52757 0.8625 0.5934
tube_glass
0 -56.21953 -32.52691 65.05022 -0.64284 -0.55536 0.52757 0.7459 0.5082
0 -60.16707 -17.60344 75.94996 -0.64284 -0.55536 0.52757 0.8625 0.5934
0 -63.71654 -17.60344 71.62492 -0.64284 -0.55536 0.52757 0.8625 0.5596
tube_glass
0 -44.99947 -42.49846 55.21049 -0.42962 -0.83133 0.35258 0.6680 0.4313
0 -40.41652 -42.49846 60.79483 -0.42962 -0.83133 0.35258 0.6680 0.4750
0 -52.25611 -32.52691 69.87967 -0.42962 -0.83133 0.35258 0.7459 0.5459
tube_glass
0 -44.99947 -42.49846 55.21049 -0.42962 -0.83133 0.35258 0.6680 0.4313
0 -52.25611 -32.52691 69.87967 -0.42962 -0.83133 0.35258 0.7459 0.5459
0 -56.21953 -32.52691 65.05022 -0.42962 -0.83133 0.35258 0.7459 0.5082
tube_glass
0 -31.76450 -46.00000 43.60374 -0.15088 -0.98077 0.12383 0.6406 0.3407
0 -26.45077 -46.00000 50.07854 -0.15088 -0.98077 0.12383 0.6406 0.3912
0 -40.41652 -42.49846 60.79483 -0.15088 -0.98077 0.12383 0.6680 0.4750
tube_glass
0 -31.76450 -46.00000 43.60374 -0.15088 -0.98077 0.12383 0.6406 0.3407
0 -40.41652 -42.49846 60.79483 -0.15088 -0.98077 0.12383 0.6680 0.4750
0 -44.99947 -42.49846 55.21049 -0.15088 -0.98077 0.12383 0.6680 0.4313
tube_glass
0 -18.52954 -42.49846 31.99698 0.15088 -0.98077 -0.12383 0.6680 0.2500
0 -12.48503 -42.49846 39.36224 0.15088 -0.98077 -0.12383 0.6680 0.3075
0 -26.45077 -46.00000 50.07854 0.15088 -0.98077 -0.12383 0.6406 0.3912
tube_glass
0 -18.52954 -42.49846 31.99698 0.15088 -0.98077 -0.12383 0.6680 0.2500
0 -26.45077 -46.00000 50.07854 0.15088 -0.98077 -0.12383 0.6406 0.3912
0 -31.76450 -46.00000 43.60374 0.15088 -0.98077 -0.12383 0.6406 0.3407
tube_glass
0 -7.30948 -32.52691 22.15725 0.42962 -0.83133 -0.35258 0.7459 0.1731
0 -0.64544 -32.52691 30.27741 0.42962 -0.83133 -0.35258 0.7459 0.2365
0 -12.48503 -42.49846 39.36224 0.42962 -0.83133 -0.35258 0.6680 0.3075
tube_glass
0 -7.30948 -32.52691 22.15725 0.42962 -0.83133 -0.35258 0.7459 0.1731
0 -12.48503 -42.49846 39.36224 0.42962 -0.83133 -0.35258 0.6680 0.3075
0 -18.52954 -42.49846 31.99698 0.42962 -0.83133 -0.35258 0.6680 0.2500
tube_glass
0 0.18753 -17.60344 15.58255 0.64284 -0.55536 -0.52757 0.8625 0.1217
0 7.26552 -17.60344 24.20711 0.64284 -0.55536 -0.52757 0.8625 0.1891
0 -0.64544 -32.52691 30.27741 0.64284 -0.55536 -0.52757 0.7459 0.2365
tube_glass
0 0.18753 -17.60344 15.58255 0.64284 -0.55536 -0.52757 0.8625 0.1217
0 -0.64544 -32.52691 30.27741 0.64284 -0.55536 -0.52757 0.7459 0.2365
0 -7.30948 -32.52691 22.15725 0.64284 -0.55536 -0.52757 0.7459 0.1731
tube_glass
0 2.82013 -0.00000 13.27383 0.75817 -0.19499 -0.62222 1.0000 0.1037
0 10.04348 -0.00000 22.07551 0.75817 -0.19499 -0.62222 1.0000 0.1725
0 7.26552 -17.60344 24.20711 0.75817 -0.19499 -0.62222 0.8625 0.1891
tube_glass
0 2.82013 -0.00000 13.27383 0.75817 -0.19499 -0.62222 1.0000 0.1037
0 7.26552 -17.60344 24.20711 0.75817 -0.19499 -0.62222 0.8625 0.1891
0 0.18753 -17.60344 15.58255 0.75817 -0.19499 -0.62222 0.8625 0.1217
tube_glass
0 0.18753 17.60344 15.58255 0.75817 0.19499 -0.62222 0.1375 0.1217
0 7.26552 17.60344 24.20711 0.75817 0.19499 -0.62222 0.1375 0.1891
0 10.04348 -0.00000 22.07551 0.75817 0.19499 -0.62222 1.0000 0.1725
tube_glass
0 0.18753 17.60344 15.58255 0.75817 0.19499 -0.62222 0.1375 0.1217
0 10.04348 -0.00000 22.07551 0.75817 0.19499 -0.62222 1.0000 0.1725
0 2.82013 -0.00000 13.27383 0.75817 0.19499 -0.62222 1.0000 0.1037
tube_glass
0 -7.30948 32.52691 22.15725 0.64284 0.55536 -0.52757 0.2541 0.1731
0 -0.64544 32.52691 30.27741 0.64284 0.55536 -0.52757 0.2541 0.2365
0 7.26552 17.60344 24.20711 0.64284 0.55536 -0.52757 0.1375 0.1891
tube_glass
0 -7.30948 32.52691 22.15725 0.64284 0.55536 -0.52757 0.2541 0.1731
0 7.26552 17.60344 24.20711 0.64284 0.55536 -0.52757 0.1375 0.1891
0 0.18753 17.60344 15.58255 0.64284 0.55536 -0.52757 0.1375 0.1217
tube_glass
0 -18.52954 42.49846 31.99698 0.42962 0.83133 -0.35258 0.3320 0.2500
0 -12.48503 42.49846 39.36224 0.42962 0.83133 -0.35258 0.3320 0.3075
0 -0.64544 32.52691 30.27741 0.42962 0.83133 -0.35258 0.2541 0.2365
tube_glass
0 -18.52954 42.49846 31.99698 0.42962 0.83133 -0.35258 0.3320 0.2500
0 -0.64544 32.52691 30.27741 0.42962 0.83133 -0.35258 0.2541 0.2365
0 -7.30948 32.52691 22.15725 0.42962 0.83133 -0.35258 0.2541 0.1731
tube_glass
0 -31.76450 46.00000 43.60374 0.15088 0.98077 -0.12383 0.3594 0.3407
0 -26.45077 46.00000 50.07854 0.15088 0.98077 -0.12383 0.3594 0.3912
0 -12.48503 42.49846 39.36224 0.15088 0.98077 -0.12383 0.3320 0.3075
tube_glass
0 -31.76450 46.00000 43.60374 0.15088 0.98077 -0.12383 0.3594 0.3407
0 -12.48503 42.49846 39.36224 0.15088 0.98077 -0.12383 0.3320 0.3075
0 -18.52954 42.49846 31.99698 0.15088 0.98077 -0.12383 0.3320 0.2500
tube_rail2
0 -54.32925 30.01270 63.39248 0.77301 0.00000 -0.63439 0.2345 0.4953
0 -54.32925 32.21270 63.39248 0.77301 0.00000 -0.63439 0.2517 0.4953
0 -50.26145 32.21270 68.34911 0.77301 0.00000 -0.63439 0.2517 0.5340
tube_rail2
0 -54.32925 30.01270 63.39248 0.77301 0.00000 -0.63439 0.2345 0.4953
0 -50.26145 32.21270 68.34911 0.77301 0.00000 -0.63439 0.2517 0.5340
0 -50.26145 30.01270 68.34911 0.77301 0.00000 -0.63439 0.2345 0.5340
tube_rail2
0 -54.32925 32.21270 63.39248 0.00000 1.00000 -0.00000 0.2517 0.4953
0 -55.98329 32.21270 64.84304 0.00000 1.00000 -0.00000 0.2517 0.5066
0 -52.00682 32.21270 69.68839 0.00000 1.00000 -0.00000 0.2517 0.5444
tube_rail2
0 -54.32925 32.21270 63.39248 0.00000 1.00000 -0.00000 0.2517 0.4953
0 -52.00682 32.21270 69.68839 0.00000 1.00000 -0.00000 0.2517 0.5444
0 -50.26145 32.21270 68.34911 0.00000 1.00000 -0.00000 0.2517 0.5340
tube_rail2
0 -55.98329 32.21270 64.84304 -0.77301 0.00000 0.63439 0.2517 0.5066
0 -55.98329 30.01270 64.84304 -0.77301 0.00000 0.63439 0.2345 0.5066
0 -52.00682 30.01270 69.68839 -0.77301 0.00000 0.63439 0.2345 0.5444
tube_rail2
0 -55.98329 32.21270 64.84304 -0.77301 0.00000 0.63439 0.2517 0.5066
0 -52.00682 30.01270 69.68839 -0.77301 0.00000 0.63439 0.2345 0.5444
0 -52.00682 32.21270 69.68839 -0.77301 0.00000 0.63439 0.2517 0.5444
tube_rail2
0 -55.98329 30.01270 64.84304 0.00000 -1.00000 0.00000 0.2345 0.5066
0 -54.32925 30.01270 63.39248 0.00000 -1.00000 0.00000 0.2345 0.4953
0 -50.26145 30.01270 68.34911 0.00000 -1.00000 0.00000 0.2345 0.5340
tube_rail2
0 -55.98329 30.01270 64.84304 0.00000 -1.00000 0.00000 0.2345 0.5066
0 -50.26145 30.01270 68.34911 0.00000 -1.00000 0.00000 0.2345 0.5340
0 -52.00682 30.01270 69.68839 0.00000 -1.00000 0.00000 0.2345 0.5444
tube_rail2
0 -54.32925 -32.21270 63.39248 0.77301 0.00000 -0.63439 0.7483 0.4953
0 -54.32925 -30.01270 63.39248 0.77301 0.00000 -0.63439 0.7655 0.4953
0 -50.26145 -30.01270 68.34911 0.77301 0.00000 -0.63439 0.7655 0.5340
tube_rail2
0 -54.32925 -32.21270 63.39248 0.77301 0.00000 -0.63439 0.7483 0.4953
0 -50.26145 -30.01270 68.34911 0.77301 0.00000 -0.63439 0.7655 0.5340
0 -50.26145 -32.21270 68.34911 0.77301 0.00000 -0.63439 0.7483 0.5340
tube_rail2
0 -54.32925 -30.01270 63.39248 0.00000 1.00000 -0.00000 0.7655 0.4953
0 -55.98329 -30.01270 64.84304 0.00000 1.00000 -0.00000 0.7655 0.5066
0 -52.00682 -30.01270 69.68839 0.00000 1.00000 -0.00000 0.7655 0.5444
tube_rail2
0 -54.32925 -30.01270 63.39248 0.00000 1.00000 -0.00000 0.7655 0.4953
0 -52.00682 -30.01270 69.68839 0.00000 1.00000 -0.00000 0.7655 0.5444
0 -50.26145 -30.01270 68.34911 0.00000 1.00000 -0.00000 0.7655 0.5340
tube_rail2
0 -55.98329 -30.01270 64.84304 -0.77301 0.00000 0.63439 0.7655 0.5066
0 -55.98329 -32.21270 64.84304 -0.77301 0.00000 0.63439 0.7483 0.5066
0 -52.00682 -32.21270 69.68839 -0.77301 0.00000 0.63439 0.7483 0.5444
tube_rail2
0 -55.98329 -30.01270 64.84304 -0.77301 0.00000 0.63439 0.7655 0.5066
0 -52.00682 -32.21270 69.68839 -0.77301 0.00000 0.63439 0.7483 0.5444
0 -52.00682 -30.01270 69.68839 -0.77301 0.00000 0.63439 0.7655 0.5444
tube_rail2
0 -55.98329 -32.21270 64.84304 0.00000 -1.00000 0.00000 0.7483 0.5066
0 -54.32925 -32.21270 63.39248 0.00000 -1.00000 0.00000 0.7483 0.4953
0 -50.26145 -32.21270 68.34911 0.00000 -1.00000 0.00000 0.7483 0.5340
tube_rail2
0 -55.98329 -32.21270 64.84304 0.00000 -1.00000 0.00000 0.7483 0.5066
0 -50.26145 -32.21270 68.34911 0.00000 -1.00000 0.00000 0.7483 0.5340
0 -52.00682 -32.21270 69.68839 0.00000 -1.00000 0.00000 0.7483 0.5444
tube_rail2
0 -7.54572 -32.21270 22.36443 0.77301 0.00000 -0.63439 0.7483 0.1747
0 -7.54572 -30.01270 22.36443 0.77301 0.00000 -0.63439 0.7655 0.1747
0 -0.89472 -30.01270 30.46869 0.77301 0.00000 -0.63439 0.7655 0.2380
tube_rail2
0 -7.54572 -32.21270 22.36443 0.77301 0.00000 -0.63439 0.7483 0.1747
0 -0.89472 -30.01270 30.46869 0.77301 0.00000 -0.63439 0.7655 0.2380
0 -0.89472 -32.21270 30.46869 0.77301 0.00000 -0.63439 0.7483 0.2380
tube_rail2
0 -7.54572 -30.01270 22.36443 0.00000 1.00000 -0.00000 0.7655 0.1747
0 -9.19976 -30.01270 23.81499 0.00000 1.00000 -0.00000 0.7655 0.1861
0 -2.64010 -30.01270 31.80796 0.00000 1.00000 -0.00000 0.7655 0.2485
tube_rail2
0 -7.54572 -30.01270 22.36443 0.00000 1.00000 -0.00000 0.7655 0.1747
0 -2.64010 -30.01270 31.80796 0.00000 1.00000 -0.00000 0.7655 0.2485
0 -0.89472 -30.01270 30.46869 0.00000 1.00000 -0.00000 0.7655 0.2380
tube_rail2
0 -9.19976 -30.01270 23.81499 -0.77301 0.00000 0.63439 0.7655 0.1861
0 -9.19976 -32.21270 23.81499 -0.77301 0.00000 0.63439 0.7483 0.1861
0 -2.64010 -32.21270 31.80796 -0.77301 0.00000 0.63439 0.7483 0.2485
tube_rail2
0 -9.19976 -30.01270 23.81499 -0.77301 0.00000 0.63439 0.7655 0.1861
0 -2.64010 -32.21270 31.80796 -0.77301 0.00000 0.63439 0.7483 0.2485
0 -2.64010 -30.01270 31.80796 -0.77301 0.00000 0.63439 0.7655 0.2485
tube_rail2
0 -9.19976 -32.21270 23.81499 0.00000 -1.00000 0.00000 0.7483 0.1861
0 -7.54572 -32.21270 22.36443 0.00000 -1.00000 0.00000 0.7483 0.1747
0 -0.89472 -32.21270 30.46869 0.00000 -1.00000 0.00000 0.7483 0.2380
tube_rail2
0 -9.19976 -32.21270 23.81499 0.00000 -1.00000 0.00000 0.7483 0.1861
0 -0.89472 -32.21270 30.46869 0.00000 -1.00000 0.00000 0.7483 0.2380
0 -2.64010 -32.21270 31.80796 0.00000 -1.00000 0.00000 0.7483 0.2485
tube_rail2
0 -7.54572 30.01270 22.36443 0.77301 0.00000 -0.63439 0.2345 0.1747
0 -7.54572 32.21270 22.36443 0.77301 0.00000 -0.63439 0.2517 0.1747
0 -0.89472 32.21270 30.46869 0.77301 0.00000 -0.63439 0.2517 0.2380
tube_rail2
0 -7.54572 30.01270 22.36443 0.77301 0.00000 -0.63439 0.2345 0.1747
0 -0.89472 32.21270 30.46869 0.77301 0.00000 -0.63439 0.2517 0.2380
0 -0.89472 30.01270 30.46869 0.77301 0.00000 -0.63439 0.2345 0.2380
tube_rail2
0 -7.54572 32.21270 22.36443 0.00000 1.00000 -0.00000 0.2517 0.1747
0 -9.19976 32.21270 23.81499 0.00000 1.00000 -0.00000 0.2517 0.1861
0 -2.64010 32.21270 31.80796 0.00000 1.00000 -0.00000 0.2517 0.2485
tube_rail2
0 -7.54572 32.21270 22.36443 0.00000 1.00000 -0.00000 0.2517 0.1747
0 -2.64010 32.21270 31.80796 0.00000 1.00000 -0.00000 0.2517 0.2485
0 -0.89472 32.21270 30.46869 0.00000 1.00000 -0.00000 0.2517 0.2380
tube_rail2
0 -9.19976 32.21270 23.81499 -0.77301 0.00000 0.63439 0.2517 0.1861
0 -9.19976 30.01270 23.81499 -0.77301 0.00000 0.63439 0.2345 0.1861
0 -2.64010 30.01270 31.80796 -0.77301 0.00000 0.63439 0.2345 0.2485
tube_rail2
0 -9.19976 32.21270 23.81499 -0.77301 0.00000 0.63439 0.2517 0.1861
0 -2.64010 30.01270 31.80796 -0.77301 0.00000 0.63439 0.2345 0.2485
0 -2.64010 32.21270 31.80796 -0.77301 0.00000 0.63439 0.2517 0.2485
tube_rail2
0 -9.19976 30.01270 23.81499 0.00000 -1.00000 0.00000 0.2345 0.1861
0 -7.54572 30.01270 22.36443 0.00000 -1.00000 0.00000 0.2345 0.1747
0 -0.89472 30.01270 30.46869 0.00000 -1.00000 0.00000 0.2345 0.2380
tube_rail2
0 -9.19976 30.01270 23.81499 0.00000 -1.00000 0.00000 0.2345 0.1861
0 -0.89472 30.01270 30.46869 0.00000 -1.00000 0.00000 0.2345 0.2380
0 -2.64010 30.01270 31.80796 0.00000 -1.00000 0.00000 0.2345 0.2485
tube_glass
0 -40.41652 42.49846 60.79483 -0.15866 0.98077 0.11369 0.3320 0.4750
0 -36.20861 42.49846 66.66696 -0.15866 0.98077 0.11369 0.3320 0.5208
0 -21.57189 46.00000 56.88701 -0.15866 0.98077 0.11369 0.3594 0.4444
tube_glass
0 -40.41652 42.49846 60.79483 -0.15866 0.98077 0.11369 0.3320 0.4750
0 -21.57189 46.00000 56.88701 -0.15866 0.98077 0.11369 0.3594 0.4444
0 -26.45077 46.00000 50.07854 -0.15866 0.98077 0.11369 0.3594 0.3912
tube_glass
0 -52.25611 32.52691 69.87967 -0.45176 0.83133 0.32373 0.2541 0.5459
0 -48.61703 32.52691 74.95799 -0.45176 0.83133 0.32373 0.2541 0.5856
0 -36.20861 42.49846 66.66696 -0.45176 0.83133 0.32373 0.3320 0.5208
tube_glass
0 -52.25611 32.52691 69.87967 -0.45176 0.83133 0.32373 0.2541 0.5459
0 -36.20861 42.49846 66.66696 -0.45176 0.83133 0.32373 0.3320 0.5208
0 -40.41652 42.49846 60.79483 -0.45176 0.83133 0.32373 0.3320 0.4750
tube_glass
0 -60.16707 17.60344 75.94996 -0.67597 0.55536 0.48439 0.1375 0.5934
0 -56.90807 17.60344 80.49789 -0.67597 0.55536 0.48439 0.1375 0.6289
0 -48.61703 32.52691 74.95799 -0.67597 0.55536 0.48439 0.2541 0.5856
tube_glass
0 -60.16707 17.60344 75.94996 -0.67597 0.55536 0.48439 0.1375 0.5934
0 -48.61703 32.52691 74.95799 -0.67597 0.55536 0.48439 0.2541 0.5856
0 -52.25611 32.52691 69.87967 -0.67597 0.55536 0.48439 0.2541 0.5459
tube_glass
0 -62.94503 0.00000 78.08156 -0.79724 0.19499 0.57130 0.0000 0.6100
0 -59.81949 0.00000 82.44324 -0.79724 0.19499 0.57130 0.0000 0.6441
0 -56.90807 17.60344 80.49789 -0.79724 0.19499 0.57130 0.1375 0.6289
tube_glass
0 -62.94503 0.00000 78.08156 -0.79724 0.19499 0.57130 0.0000 0.6100
0 -56.90807 17.60344 80.49789 -0.79724 0.19499 0.57130 0.1375 0.6289
0 -60.16707 17.60344 75.94996 -0.79724 0.19499 0.57130 0.1375 0.5934
tube_glass
0 -60.16707 -17.60344 75.94996 -0.79724 -0.19499 0.57130 0.8625 0.5934
0 -56.90807 -17.60344 80.49789 -0.79724 -0.19499 0.57130 0.8625 0.6289
0 -59.81949 0.00000 82.44324 -0.79724 -0.19499 0.57130 0.0000 0.6441
tube_glass
0 -60.16707 -17.60344 75.94996 -0.79724 -0.19499 0.57130 0.8625 0.5934
0 -59.81949 0.00000 82.44324 -0.79724 -0.19499 0.57130 0.0000 0.6441
0 -62.94503 0.00000 78.08156 -0.79724 -0.19499 0.57130 0.0000 0.6100
tube_glass
0 -52.25611 -32.52691 69.87967 -0.67597 -0.55536 0.48439 0.7459 0.5459
0 -48.61703 -32.52691 74.95799 -0.67597 -0.55536 0.48439 0.7459 0.5856
0 -56.90807 -17.60344 80.49789 -0.67597 -0.55536 0.48439 0.8625 0.6289
tube_glass
0 -52.25611 -32.52691 69.87967 -0.67597 -0.55536 0.48439 0.7459 0.5459
0 -56.90807 -17.60344 80.49789 -0.67597 -0.55536 0.48439 0.8625 0.6289
0 -60.16707 -17.60344 75.94996 -0.67597 -0.55536 0.48439 0.8625 0.5934
tube_glass
0 -40.41652 -42.49846 60.79483 -0.45176 -0.83133 0.32373 0.6680 0.4750
0 -36.20861 -42.49846 66.66696 -0.45176 -0.83133 0.32373 0.6680 0.5208
0 -48.61703 -32.52691 74.95799 -0.45176 -0.83133 0.32373 0.7459 0.5856
tube_glass
0 -40.41652 -42.49846 60.79483 -0.45176 -0.83133 0.32373 0.6680 0.4750
0 -48.61703 -32.52691 74.95799 -0.45176 -0.83133 0.32373 0.7459 0.5856
0 -52.25611 -32.52691 69.87967 -0.45176 -0.83133 0.32373 0.7459 0.5459
tube_glass
0 -26.45077 -46.00000 50.07854 -0.15866 -0.98077 0.11369 0.6406 0.3912
0 -21.57189 -46.00000 56.88701 -0.15866 -0.98077 0.11369 0.6406 0.4444
0 -36.20861 -42.49846 66.66696 -0.15866 -0.98077 0.11369 0.6680 0.5208
tube_glass
0 -26.45077 -46.00000 50.07854 -0.15866 -0.98077 0.11369 0.6406 0.3912
0 -36.20861 -42.49846 66.66696 -0.15866 -0.98077 0.11369 0.6680 0.5208
0 -40.41652 -42.49846 60.79483 -0.15866 -0.98077 0.11369 0.6680 0.4750
tube_glass
0 -12.48503 -42.49846 39.36224 0.15866 -0.98077 -0.11369 0.6680 0.3075
0 -6.93517 -42.49846 47.10706 0.15866 -0.98077 -0.11369 0.6680 0.3680
0 -21.57189 -46.00000 56.88701 0.15866 -0.98077 -0.11369 0.6406 0.4444
tube_glass
0 -12.48503 -42.49846 39.36224 0.15866 -0.98077 -0.11369 0.6680 0.3075
0 -21.57189 -46.00000 56.88701 0.15866 -0.98077 -0.11369 0.6406 0.4444
0 -26.45077 -46.00000 50.07854 0.15866 -0.98077 -0.11369 0.6406 0.3912
tube_glass
0 -0.64544 -32.52691 30.27741 0.45176 -0.83133 -0.32373 0.7459 0.2365
0 5.47325 -32.52691 38.81603 0.45176 -0.83133 -0.32373 0.7459 0.3033
0 -6.93517 -42.49846 47.10706 0.45176 -0.83133 -0.32373 0.6680 0.3680
tube_glass
0 -0.64544 -32.52691 30.27741 0.45176 -0.83133 -0.32373 0.7459 0.2365
0 -6.93517 -42.49846 47.10706 0.45176 -0.83133 -0.32373 0.6680 0.3680
0 -12.48503 -42.49846 39.36224 0.45176 -0.83133 -0.32373 0.6680 0.3075
tube_glass
0 7.26552 -17.60344 24.20711 0.67597 -0.55536 -0.48439 0.8625 0.1891
0 13.76429 -17.60344 33.27613 0.67597 -0.55536 -0.48439 0.8625 0.2600
0 5.47325 -32.52691 38.81603 0.67597 -0.55536 -0.48439 0.7459 0.3033
tube_glass
0 7.26552 -17.60344 24.20711 0.67597 -0.55536 -0.48439 0.8625 0.1891
0 5.47325 -32.52691 38.81603 0.67597 -0.55536 -0.48439 0.7459 0.3033
0 -0.64544 -32.52691 30.27741 0.67597 -0.55536 -0.48439 0.7459 0.2365
tube_glass
0 10.04348 -0.00000 22.07551 0.79724 -0.19499 -0.57130 1.0000 0.1725
0 16.67571 -0.00000 31.33078 0.79724 -0.19499 -0.57130 1.0000 0.2448
0 13.76429 -17.60344 33.27613 0.79724 -0.19499 -0.57130 0.8625 0.2600
tube_glass
0 10.04348 -0.00000 22.07551 0.79724 -0.19499 -0.57130 1.0000 0.1725
0 13.76429 -17.60344 33.27613 0.79724 -0.19499 -0.57130 0.8625 0.2600
0 7.26552 -17.60344 24.20711 0.79724 -0.19499 -0.57130 0.8625 0.1891
tube_glass
0 7.26552 17.60344 24.20711 0.79724 0.19499 -0.57130 0.1375 0.1891
0 13.76429 17.60344 33.27613 0.79724 0.19499 -0.57130 0.1375 0.2600
0 16.67571 -0.00000 31.33078 0.79724 0.19499 -0.57130 1.0000 0.2448
tube_glass
0 7.26552 17.60344 24.20711 0.79724 0.19499 -0.57130 0.1375 0.1891
0 16.67571 -0.00000 31.33078 0.79724 0.19499 -0.57130 1.0000 0.2448
0 10.04348 -0.00000 22.07551 0.79724 0.19499 -0.57130 1.0000 0.1725
tube_glass
0 -0.64544 32.52691 30.27741 0.67597 0.55536 -0.48439 0.2541 0.2365
0 5.47325 32.52691 38.81603 0.67597 0.55536 -0.48439 0.2541 0.3033
0 13.76429 17.60344 33.27613 0.67597 0.55536 -0.48439 0.1375 0.2600
tube_glass
0 -0.64544 32.52691 30.27741 0.67597 0.55536 -0.48439 0.2541 0.2365
0 13.76429 17.60344 33.27613 0.67597 0.55536 -0.48439 0.1375 0.2600
0 7.26552 17.60344 24.20711 0.67597 0.55536 -0.48439 0.1375 0.1891
tube_glass
0 -12.48503 42.49846 39.36224 0.45176 0.83133 -0.32373 0.3320 0.3075
0 -6.93517 42.49846 47.10706 0.45176 0.83133 -0.32373 0.3320 0.3680
0 5.47325 32.52691 38.81603 0.45176 0.83133 -0.32373 0.2541 0.3033
tube_glass
0 -12.48503 42.49846 39.36224 0.45176 0.83133 -0.32373 0.3320 0.3075
0 5.47325 32.52691 38.81603 0.45176 0.83133 -0.32373 0.2541 0.3033
0 -0.64544 32.52691 30.27741 0.45176 0.83133 -0.32373 0.2541 0.2365
tube_glass
0 -26.45077 46.00000 50.07854 0.15866 0.98077 -0.11369 0.3594 0.3912
0 -21.57189 46.00000 56.88701 0.15866 0.98077 -0.11369 0.3594 0.4444
0 -6.93517 42.49846 47.10706 0.15866 0.98077 -0.11369 0.3320 0.3680
tube_glass
0 -26.45077 46.00000 50.07854 0.15866 0.98077 -0.11369 0.3594 0.3912
0 -6.93517 42.49846 47.10706 0.15866 0.98077 -0.11369 0.3320 0.3680
0 -12.48503 42.49846 39.36224 0.15866 0.98077 -0.11369 0.3320 0.3075
tube_rail2
0 -50.26145 30.01270 68.34911 0.81285 0.00000 -0.58248 0.2345 0.5340
0 -50.26145 32.21270 68.34911 0.81285 0.00000 -0.58248 0.2517 0.5340
0 -46.52654 32.21270 73.56117 0.81285 0.00000 -0.58248 0.2517 0.5747
tube_rail2
0 -50.26145 30.01270 68.34911 0.81285 0.00000 -0.58248 0.2345 0.5340
0 -46.52654 32.21270 73.56117 0.81285 0.00000 -0.58248 0.2517 0.5747
0 -46.52654 30.01270 73.56117 0.81285 0.00000 -0.58248 0.2345 0.5747
tube_rail2
0 -50.26145 32.21270 68.34911 0.00000 1.00000 -0.00000 0.2517 0.5340
0 -52.00682 32.21270 69.68839 0.00000 1.00000 -0.00000 0.2517 0.5444
0 -48.35577 32.21270 74.78343 0.00000 1.00000 -0.00000 0.2517 0.5842
tube_rail2
0 -50.26145 32.21270 68.34911 0.00000 1.00000 -0.00000 0.2517 0.5340
0 -48.35577 32.21270 74.78343 0.00000 1.00000 -0.00000 0.2517 0.5842
0 -46.52654 32.21270 73.56117 0.00000 1.00000 -0.00000 0.2517 0.5747
tube_rail2
0 -52.00682 32.21270 69.68839 -0.81285 0.00000 0.58248 0.2517 0.5444
0 -52.00682 30.01270 69.68839 -0.81285 0.00000 0.58248 0.2345 0.5444
0 -48.35577 30.01270 74.78343 -0.81285 0.00000 0.58248 0.2345 0.5842
tube_rail2
0 -52.00682 32.21270 69.68839 -0.81285 0.00000 0.58248 0.2517 0.5444
0 -48.35577 30.01270 74.78343 -0.81285 0.00000 0.58248 0.2345 0.5842
0 -48.35577 32.21270 74.78343 -0.81285 0.00000 0.58248 0.2517 0.5842
tube_rail2
0 -52.00682 30.01270 69.68839 0.00000 -1.00000 0.00000 0.2345 0.5444
0 -50.26145 30.01270 68.34911 0.00000 -1.00000 0.00000 0.2345 0.5340
0 -46.52654 30.01270 73.56117 0.00000 -1.00000 0.00000 0.2345 0.5747
tube_rail2
0 -52.00682 30.01270 69.68839 0.00000 -1.00000 0.00000 0.2345 0.5444
0 -46.52654 30.01270 73.56117 0.00000 -1.00000 0.00000 0.2345 0.5747
0 -48.35577 30.01270 74.78343 0.00000 -1.00000 0.00000 0.2345 0.5842
tube_rail2
0 -50.26145 -32.21270 68.34911 0.81285 0.00000 -0.58248 0.7483 0.5340
0 -50.26145 -30.01270 68.34911 0.81285 0.00000 -0.58248 0.7655 0.5340
0 -46.52654 -30.01270 73.56117 0.81285 0.00000 -0.58248 0.7655 0.5747
tube_rail2
0 -50.26145 -32.21270 68.34911 0.81285 0.00000 -0.58248 0.7483 0.5340
0 -46.52654 -30.01270 73.56117 0.81285 0.00000 -0.58248 0.7655 0.5747
0 -46.52654 -32.21270 73.56117 0.81285 0.00000 -0.58248 0.7483 0.5747
tube_rail2
0 -50.26145 -30.01270 68.34911 0.00000 1.00000 -0.00000 0.7655 0.5340
0 -52.00682 -30.01270 69.68839 0.00000 1.00000 -0.00000 0.7655 0.5444
0 -48.35577 -30.01270 74.78343 0.00000 1.00000 -0.00000 0.7655 0.5842
tube_rail2
0 -50.26145 -30.01270 68.34911 0.00000 1.00000 -0.00000 0.7655 0.5340
0 -48.35577 -30.01270 74.78343 0.00000 1.00000 -0.00000 0.7655 0.5842
0 -46.52654 -30.01270 73.56117 0.00000 1.00000 -0.00000 0.7655 0.5747
tube_rail2
0 -52.00682 -30.01270 69.68839 -0.81285 0.00000 0.58248 0.7655 0.5444
0 -52.00682 -32.21270 69.68839 -0.81285 0.00000 0.58248 0.7483 0.5444
0 -48.35577 -32.21270 74.78343 -0.81285 0.00000 0.58248 0.7483 0.5842
tube_rail2
0 -52.00682 -30.01270 69.68839 -0.81285 0.00000 0.58248 0.7655 0.5444
0 -48.35577 -32.21270 74.78343 -0.81285 0.00000 0.58248 0.7483 0.5842
0 -48.35577 -30.01270 74.78343 -0.81285 0.00000 0.58248 0.7655 0.5842
tube_rail2
0 -52.00682 -32.21270 69.68839 0.00000 -1.00000 0.00000 0.7483 0.5444
0 -50.26145 -32.21270 68.34911 0.00000 -1.00000 0.00000 0.7483 0.5340
0 -46.52654 -32.21270 73.56117 0.00000 -1.00000 0.00000 0.7483 0.5747
tube_rail2
0 -52.00682 -32.21270 69.68839 0.00000 -1.00000 0.00000 0.7483 0.5444
0 -46.52654 -32.21270 73.56117 0.00000 -1.00000 0.00000 0.7483 0.5747
0 -48.35577 -32.21270 74.78343 0.00000 -1.00000 0.00000 0.7483 0.5842
tube_rail2
0 -0.89472 -32.21270 30.46869 0.81285 0.00000 -0.58248 0.7483 0.2380
0 -0.89472 -30.01270 30.46869 0.81285 0.00000 -0.58248 0.7655 0.2380
0 5.21199 -30.01270 38.99059 0.81285 0.00000 -0.58248 0.7655 0.3046
tube_rail2
0 -0.89472 -32.21270 30.46869 0.81285 0.00000 -0.58248 0.7483 0.2380
0 5.21199 -30.01270 38.99059 0.81285 0.00000 -0.58248 0.7655 0.3046
0 5.21199 -32.21270 38.99059 0.81285 0.00000 -0.58248 0.7483 0.3046
tube_rail2
0 -0.89472 -30.01270 30.46869 0.00000 1.00000 -0.00000 0.7655 0.2380
0 -2.64010 -30.01270 31.80796 0.00000 1.00000 -0.00000 0.7655 0.2485
0 3.38276 -30.01270 40.21285 0.00000 1.00000 -0.00000 0.7655 0.3142
tube_rail2
0 -0.89472 -30.01270 30.46869 0.00000 1.00000 -0.00000 0.7655 0.2380
0 3.38276 -30.01270 40.21285 0.00000 1.00000 -0.00000 0.7655 0.3142
0 5.21199 -30.01270 38.99059 0.00000 1.00000 -0.00000 0.7655 0.3046
tube_rail2
0 -2.64010 -30.01270 31.80796 -0.81285 0.00000 0.58248 0.7655 0.2485
0 -2.64010 -32.21270 31.80796 -0.81285 0.00000 0.58248 0.7483 0.2485
0 3.38276 -32.21270 40.21285 -0.81285 0.00000 0.58248 0.7483 0.3142
tube_rail2
0 -2.64010 -30.01270 31.80796 -0.81285 0.00000 0.58248 0.7655 0.2485
0 3.38276 -32.21270 40.21285 -0.81285 0.00000 0.58248 0.7483 0.3142
0 3.38276 -30.01270 40.21285 -0.81285 0.00000 0.58248 0.7655 0.3142
tube_rail2
0 -2.64010 -32.21270 31.80796 0.00000 -1.00000 0.00000 0.7483 0.2485
0 -0.89472 -32.21270 30.46869 0.00000 -1.00000 0.00000 0.7483 0.2380
0 5.21199 -32.21270 38.99059 0.00000 -1.00000 0.00000 0.7483 0.3046
tube_rail2
0 -2.64010 -32.21270 31.80796 0.00000 -1.00000 0.00000 0.7483 0.2485
0 5.21199 -32.21270 38.99059 0.00000 -1.00000 0.00000 0.7483 0.3046
0 3.38276 -32.21270 40.21285 0.00000 -1.00000 0.00000 0.7483 0.3142
tube_rail2
0 -0.89472 30.01270 30.46869 0.81285 0.00000 -0.58248 0.2345 0.2380
0 -0.89472 32.21270 30.46869 0.81285 0.00000 -0.58248 0.2517 0.2380
0 5.21199 32.21270 38.99059 0.81285 0.00000 -0.58248 0.2517 0.3046
tube_rail2
0 -0.89472 30.01270 30.46869 0.81285 0.00000 -0.58248 0.2345 0.2380
0 5.21199 32.21270 38.99059 0.81285 0.00000 -0.58248 0.2517 0.3046
0 5.21199 30.01270 38.99059 0.81285 0.00000 -0.58248 0.2345 0.3046
tube_rail2
0 -0.89472 32.21270 30.46869 0.00000 1.00000 -0.00000 0.2517 0.2380
0 -2.64010 32.21270 31.80796 0.00000 1.00000 -0.00000 0.2517 0.2485
0 3.38276 32.21270 40.21285 0.00000 1.00000 -0.00000 0.2517 0.3142
tube_rail2
0 -0.89472 32.21270 30.46869 0.00000 1.00000 -0.00000 0.2517 0.2380
0 3.38276 32.21270 40.21285 0.00000 1.00000 -0.00000 0.2517 0.3142
0 5.21199 32.21270 38.99059 0.00000 1.00000 -0.00000 0.2517 0.3046
tube_rail2
0 -2.64010 32.21270 31.80796 -0.81285 0.00000 0.58248 0.2517 0.2485
0 -2.64010 30.01270 31.80796 -0.81285 0.00000 0.58248 0.2345 0.2485
0 3.38276 30.01270 40.21285 -0.81285 0.00000 0.58248 0.2345 0.3142
tube_rail2
0 -2.64010 32.21270 31.80796 -0.81285 0.00000 0.58248 0.2517 0.2485
0 3.38276 30.01270 40.21285 -0.81285 0.00000 0.58248 0.2345 0.3142
0 3.38276 32.21270 40.21285 -0.81285 0.00000 0.58248 0.2517 0.3142
tube_rail2
0 -2.64010 30.01270 31.80796 0.00000 -1.00000 0.00000 0.2345 0.2485
0 -0.89472 30.01270 30.46869 0.00000 -1.00000 0.00000 0.2345 0.2380
0 5.21199 30.01270 38.99059 0.00000 -1.00000 0.00000 0.2345 0.3046
tube_rail2
0 -2.64010 30.01270 31.80796 0.00000 -1.00000 0.00000 0.2345 0.2485
0 5.21199 30.01270 38.99059 0.00000 -1.00000 0.00000 0.2345 0.3046
0 3.38276 30.01270 40.21285 0.00000 -1.00000 0.00000 0.2345 0.3142
tube_glass
0 -36.20861 42.49846 66.66696 -0.16576 0.98077 0.10307 0.3320 0.5208
0 -32.39377 42.49846 72.80172 -0.16576 0.98077 0.10307 0.3320 0.5688
0 -17.14875 46.00000 64.00000 -0.16576 0.98077 0.10307 0.3594 0.5000
tube_glass
0 -36.20861 42.49846 66.66696 -0.16576 0.98077 0.10307 0.3320 0.5208
0 -17.14875 46.00000 64.00000 -0.16576 0.98077 0.10307 0.3594 0.5000
0 -21.57189 46.00000 56.88701 -0.16576 0.98077 0.10307 0.3594 0.4444
tube_glass
0 -48.61703 32.52691 74.95799 -0.47197 0.83133 0.29349 0.2541 0.5856
0 -45.31788 32.52691 80.26346 -0.47197 0.83133 0.29349 0.2541 0.6271
0 -32.39377 42.49846 72.80172 -0.47197 0.83133 0.29349 0.3320 0.5688
tube_glass
0 -48.61703 32.52691 74.95799 -0.47197 0.83133 0.29349 0.2541 0.5856
0 -32.39377 42.49846 72.80172 -0.47197 0.83133 0.29349 0.3320 0.5688
0 -36.20861 42.49846 66.66696 -0.47197 0.83133 0.29349 0.3320 0.5208
tube_glass
0 -56.90807 17.60344 80.49789 -0.70620 0.55536 0.43914 0.1375 0.6289
0 -53.95349 17.60344 85.24923 -0.70620 0.55536 0.43914 0.1375 0.6660
0 -45.31788 32.52691 80.26346 -0.70620 0.55536 0.43914 0.2541 0.6271
tube_glass
0 -56.90807 17.60344 80.49789 -0.70620 0.55536 0.43914 0.1375 0.6289
0 -45.31788 32.52691 80.26346 -0.70620 0.55536 0.43914 0.2541 0.6271
0 -48.61703 32.52691 74.95799 -0.70620 0.55536 0.43914 0.2541 0.5856
tube_glass
0 -59.81949 0.00000 82.44324 -0.83290 0.19499 0.51793 0.0000 0.6441
0 -56.98592 0.00000 87.00000 -0.83290 0.19499 0.51793 0.0000 0.6797
0 -53.95349 17.60344 85.24923 -0.83290 0.19499 0.51793 0.1375 0.6660
tube_glass
0 -59.81949 0.00000 82.44324 -0.83290 0.19499 0.51793 0.0000 0.6441
0 -53.95349 17.60344 85.24923 -0.83290 0.19499 0.51793 0.1375 0.6660
0 -56.90807 17.60344 80.49789 -0.83290 0.19499 0.51793 0.1375 0.6289
tube_glass
0 -56.90807 -17.60344 80.49789 -0.83290 -0.19499 0.51793 0.8625 0.6289
0 -53.95349 -17.60344 85.24923 -0.83290 -0.19499 0.51793 0.8625 0.6660
0 -56.98592 0.00000 87.00000 -0.83290 -0.19499 0.51793 0.0000 0.6797
tube_glass
0 -56.90807 -17.60344 80.49789 -0.83290 -0.19499 0.51793 0.8625 0.6289
0 -56.98592 0.00000 87.00000 -0.83290 -0.19499 0.51793 0.0000 0.6797
0 -59.81949 0.00000 82.44324 -0.83290 -0.19499 0.51793 0.0000 0.6441
tube_glass
0 -48.61703 -32.52691 74.95799 -0.70620 -0.55536 0.43914 0.7459 0.5856
0 -45.31788 -32.52691 80.26346 -0.70620 -0.55536 0.43914 0.7459 0.6271
0 -53.95349 -17.60344 85.24923 -0.70620 -0.55536 0.43914 0.8625 0.6660
tube_glass
0 -48.61703 -32.52691 74.95799 -0.70620 -0.55536 0.43914 0.7459 0.5856
0 -53.95349 -17.60344 85.24923 -0.70620 -0.55536 0.43914 0.8625 0.6660
0 -56.90807 -17.60344 80.49789 -0.70620 -0.55536 0.43914 0.8625 0.6289
tube_glass
0 -36.20861 -42.49846 66.66696 -0.47197 -0.83133 0.29349 0.6680 0.5208
0 -32.39377 -42.49846 72.80172 -0.47197 -0.83133 0.29349 0.6680 0.5688
0 -45.31788 -32.52691 80.26346 -0.47197 -0.83133 0.29349 0.7459 0.6271
tube_glass
0 -36.20861 -42.49846 66.66696 -0.47197 -0.83133 0.29349 0.6680 0.5208
0 -45.31788 -32.52691 80.26346 -0.47197 -0.83133 0.29349 0.7459 0.6271
0 -48.61703 -32.52691 74.95799 -0.47197 -0.83133 0.29349 0.7459 0.5856
tube_glass
0 -21.57189 -46.00000 56.88701 -0.16576 -0.98077 0.10307 0.6406 0.4444
0 -17.14875 -46.00000 64.00000 -0.16576 -0.98077 0.10307 0.6406 0.5000
0 -32.39377 -42.49846 72.80172 -0.16576 -0.98077 0.10307 0.6680 0.5688
tube_glass
0 -21.57189 -46.00000 56.88701 -0.16576 -0.98077 0.10307 0.6406 0.4444
0 -32.39377 -42.49846 72.80172 -0.16576 -0.98077 0.10307 0.6680 0.5688
0 -36.20861 -42.49846 66.66696 -0.16576 -0.98077 0.10307 0.6680 0.5208
tube_glass
0 -6.93517 -42.49846 47.10706 0.16576 -0.98077 -0.10307 0.6680 0.3680
0 -1.90372 -42.49846 55.19828 0.16576 -0.98077 -0.10307 0.6680 0.4312
0 -17.14875 -46.00000 64.00000 0.16576 -0.98077 -0.10307 0.6406 0.5000
tube_glass
0 -6.93517 -42.49846 47.10706 0.16576 -0.98077 -0.10307 0.6680 0.3680
0 -17.14875 -46.00000 64.00000 0.16576 -0.98077 -0.10307 0.6406 0.5000
0 -21.57189 -46.00000 56.88701 0.16576 -0.98077 -0.10307 0.6406 0.4444
tube_glass
0 5.47325 -32.52691 38.81603 0.47197 -0.83133 -0.29349 0.7459 0.3033
0 11.02038 -32.52691 47.73654 0.47197 -0.83133 -0.29349 0.7459 0.3729
0 -1.90372 -42.49846 55.19828 0.47197 -0.83133 -0.29349 0.6680 0.4312
tube_glass
0 5.47325 -32.52691 38.81603 0.47197 -0.83133 -0.29349 0.7459 0.3033
0 -1.90372 -42.49846 55.19828 0.47197 -0.83133 -0.29349 0.6680 0.4312
0 -6.93517 -42.49846 47.10706 0.47197 -0.83133 -0.29349 0.6680 0.3680
tube_glass
0 13.76429 -17.60344 33.27613 0.70620 -0.55536 -0.43914 0.8625 0.2600
0 19.65600 -17.60344 42.75077 0.70620 -0.55536 -0.43914 0.8625 0.3340
0 11.02038 -32.52691 47.73654 0.70620 -0.55536 -0.43914 0.7459 0.3729
tube_glass
0 13.76429 -17.60344 33.27613 0.70620 -0.55536 -0.43914 0.8625 0.2600
0 11.02038 -32.52691 47.73654 0.70620 -0.55536 -0.43914 0.7459 0.3729
0 5.47325 -32.52691 38.81603 0.70620 -0.55536 -0.43914 0.7459 0.3033
tube_glass
0 16.67571 -0.00000 31.33078 0.83290 -0.19499 -0.51793 1.0000 0.2448
0 22.68842 -0.00000 41.00000 0.83290 -0.19499 -0.51793 1.0000 0.3203
0 19.65600 -17.60344 42.75077 0.83290 -0.19499 -0.51793 0.8625 0.3340
tube_glass
0 16.67571 -0.00000 31.33078 0.83290 -0.19499 -0.51793 1.0000 0.2448
0 19.65600 -17.60344 42.75077 0.83290 -0.19499 -0.51793 0.8625 0.3340
0 13.76429 -17.60344 33.27613 0.83290 -0.19499 -0.51793 0.8625 0.2600
tube_glass
0 13.76429 17.60344 33.27613 0.83290 0.19499 -0.51793 0.1375 0.2600
0 19.65600 17.60344 42.75077 0.83290 0.19499 -0.51793 0.1375 0.3340
0 22.68842 -0.00000 41.00000 0.83290 0.19499 -0.51793 1.0000 0.3203
tube_glass
0 13.76429 17.60344 33.27613 0.83290 0.19499 -0.51793 0.1375 0.2600
0 22.68842 -0.00000 41.00000 0.83290 0.19499 -0.51793 1.0000 0.3203
0 16.67571 -0.00000 31.33078 0.83290 0.19499 -0.51793 1.0000 0.2448
tube_glass
0 5.47325 32.52691 38.81603 0.70620 0.55536 -0.43914 0.2541 0.3033
0 11.02038 32.52691 47.73654 0.70620 0.55536 -0.43914 0.2541 0.3729
0 19.65600 17.60344 42.75077 0.70620 0.55536 -0.43914 0.1375 0.3340
tube_glass
0 5.47325 32.52691 38.81603 0.70620 0.55536 -0.43914 0.2541 0.3033
0 19.65600 17.60344 42.75077 0.70620 0.55536 -0.43914 0.1375 0.3340
0 13.76429 17.60344 33.27613 0.70620 0.55536 -0.43914 0.1375 0.2600
tube_glass
0 -6.93517 42.49846 47.10706 0.47197 0.83133 -0.29349 0.3320 0.3680
0 -1.90372 42.49846 55.19828 0.47197 0.83133 -0.29349 0.3320 0.4312
0 11.02038 32.52691 47.73654 0.47197 0.83133 -0.29349 0.2541 0.3729
tube_glass
0 -6.93517 42.49846 47.10706 0.47197 0.83133 -0.29349 0.3320 0.3680
0 11.02038 32.52691 47.73654 0.47197 0.83133 -0.29349 0.2541 0.3729
0 5.47325 32.52691 38.81603 0.47197 0.83133 -0.29349 0.2541 0.3033
tube_glass
0 -21.57189 46.00000 56.88701 0.16576 0.98077 -0.10307 0.3594 0.4444
0 -17.14875 46.00000 64.00000 0.16576 0.98077 -0.10307 0.3594 0.5000
0 -1.90372 42.49846 55.19828 0.16576 0.98077 -0.10307 0.3320 0.4312
tube_glass
0 -21.57189 46.00000 56.88701 0.16576 0.98077 -0.10307 0.3594 0.4444
0 -1.90372 42.49846 55.19828 0.16576 0.98077 -0.10307 0.3320 0.4312
0 -6.93517 42.49846 47.10706 0.16576 0.98077 -0.10307 0.3320 0.3680
tube_rail2
0 -46.52654 30.01270 73.56117 0.84920 0.00000 -0.52807 0.2345 0.5747
0 -46.52654 32.21270 73.56117 0.84920 0.00000 -0.52807 0.2517 0.5747
0 -43.14051 32.21270 79.00635 0.84920 0.00000 -0.52807 0.2517 0.6172
tube_rail2
0 -46.52654 30.01270 73.56117 0.84920 0.00000 -0.52807 0.2345 0.5747
0 -43.14051 32.21270 79.00635 0.84920 0.00000 -0.52807 0.2517 0.6172
0 -43.14051 30.01270 79.00635 0.84920 0.00000 -0.52807 0.2345 0.6172
tube_rail2
0 -46.52654 32.21270 73.56117 0.00000 1.00000 -0.00000 0.2517 0.5747
0 -48.35577 32.21270 74.78343 0.00000 1.00000 -0.00000 0.2517 0.5842
0 -45.04576 32.21270 80.10635 0.00000 1.00000 -0.00000 0.2517 0.6258
tube_rail2
0 -46.52654 32.21270 73.56117 0.00000 1.00000 -0.00000 0.2517 0.5747
0 -45.04576 32.21270 80.10635 0.00000 1.00000 -0.00000 0.2517 0.6258
0 -43.14051 32.21270 79.00635 0.00000 1.00000 -0.00000 0.2517 0.6172
tube_rail2
0 -48.35577 32.21270 74.78343 -0.84920 0.00000 0.52807 0.2517 0.5842
0 -48.35577 30.01270 74.78343 -0.84920 0.00000 0.52807 0.2345 0.5842
0 -45.04576 30.01270 80.10635 -0.84920 0.00000 0.52807 0.2345 0.6258
tube_rail2
0 -48.35577 32.21270 74.78343 -0.84920 0.00000 0.52807 0.2517 0.5842
0 -45.04576 30.01270 80.10635 -0.84920 0.00000 0.52807 0.2345 0.6258
0 -45.04576 32.21270 80.10635 -0.84920 0.00000 0.52807 0.2517 0.6258
tube_rail2
0 -48.35577 30.01270 74.78343 0.00000 -1.00000 0.00000 0.2345 0.5842
0 -46.52654 30.01270 73.56117 0.00000 -1.00000 0.00000 0.2345 0.5747
0 -43.14051 30.01270 79.00635 0.00000 -1.00000 0.00000 0.2345 0.6172
tube_rail2
0 -48.35577 30.01270 74.78343 0.00000 -1.00000 0.00000 0.2345 0.5842
0 -43.14051 30.01270 79.00635 0.00000 -1.00000 0.00000 0.2345 0.6172
0 -45.04576 30.01270 80.10635 0.00000 -1.00000 0.00000 0.2345 0.6258
tube_rail2
0 -46.52654 -32.21270 73.56117 0.84920 0.00000 -0.52807 0.7483 0.5747
0 -46.52654 -30.01270 73.56117 0.84920 0.00000 -0.52807 0.7655 0.5747
0 -43.14051 -30.01270 79.00635 0.84920 0.00000 -0.52807 0.7655 0.6172
tube_rail2
0 -46.52654 -32.21270 73.56117 0.84920 0.00000 -0.52807 0.7483 0.5747
0 -43.14051 -30.01270 79.00635 0.84920 0.00000 -0.52807 0.7655 0.6172
0 -43.14051 -32.21270 79.00635 0.84920 0.00000 -0.52807 0.7483 0.6172
tube_rail2
0 -46.52654 -30.01270 73.56117 0.00000 1.00000 -0.00000 0.7655 0.5747
0 -48.35577 -30.01270 74.78343 0.00000 1.00000 -0.00000 0.7655 0.5842
0 -45.04576 -30.01270 80.10635 0.00000 1.00000 -0.00000 0.7655 0.6258
tube_rail2
0 -46.52654 -30.01270 73.56117 0.00000 1.00000 -0.00000 0.7655 0.5747
0 -45.04576 -30.01270 80.10635 0.00000 1.00000 -0.00000 0.7655 0.6258
0 -43.14051 -30.01270 79.00635 0.00000 1.00000 -0.00000 0.7655 0.6172
tube_rail2
0 -48.35577 -30.01270 74.78343 -0.84920 0.00000 0.52807 0.7655 0.5842
0 -48.35577 -32.21270 74.78343 -0.84920 0.00000 0.52807 0.7483 0.5842
0 -45.04576 -32.21270 80.10635 -0.84920 0.00000 0.52807 0.7483 0.6258
tube_rail2
0 -48.35577 -30.01270 74.78343 -0.84920 0.00000 0.52807 0.7655 0.5842
0 -45.04576 -32.21270 80.10635 -0.84920 0.00000 0.52807 0.7483 0.6258
0 -45.04576 -30.01270 80.10635 -0.84920 0.00000 0.52807 0.7655 0.6258
tube_rail2
0 -48.35577 -32.21270 74.78343 0.00000 -1.00000 0.00000 0.7483 0.5842
0 -46.52654 -32.21270 73.56117 0.00000 -1.00000 0.00000 0.7483 0.5747
0 -43.14051 -32.21270 79.00635 0.00000 -1.00000 0.00000 0.7483 0.6172
tube_rail2
0 -48.35577 -32.21270 74.78343 0.00000 -1.00000 0.00000 0.7483 0.5842
0 -43.14051 -32.21270 79.00635 0.00000 -1.00000 0.00000 0.7483 0.6172
0 -45.04576 -32.21270 80.10635 0.00000 -1.00000 0.00000 0.7483 0.6258
tube_rail2
0 5.21199 -32.21270 38.99059 0.84920 0.00000 -0.52807 0.7483 0.3046
0 5.21199 -30.01270 38.99059 0.84920 0.00000 -0.52807 0.7655 0.3046
0 10.74827 -30.01270 47.89365 0.84920 0.00000 -0.52807 0.7655 0.3742
tube_rail2
0 5.21199 -32.21270 38.99059 0.84920 0.00000 -0.52807 0.7483 0.3046
0 10.74827 -30.01270 47.89365 0.84920 0.00000 -0.52807 0.7655 0.3742
0 10.74827 -32.21270 47.89365 0.84920 0.00000 -0.52807 0.7483 0.3742
tube_rail2
0 5.21199 -30.01270 38.99059 0.00000 1.00000 -0.00000 0.7655 0.3046
0 3.38276 -30.01270 40.21285 0.00000 1.00000 -0.00000 0.7655 0.3142
0 8.84301 -30.01270 48.99365 0.00000 1.00000 -0.00000 0.7655 0.3828
tube_rail2
0 5.21199 -30.01270 38.99059 0.00000 1.00000 -0.00000 0.7655 0.3046
0 8.84301 -30.01270 48.99365 0.00000 1.00000 -0.00000 0.7655 0.3828
0 10.74827 -30.01270 47.89365 0.00000 1.00000 -0.00000 0.7655 0.3742
tube_rail2
0 3.38276 -30.01270 40.21285 -0.84920 0.00000 0.52807 0.7655 0.3142
0 3.38276 -32.21270 40.21285 -0.84920 0.00000 0.52807 0.7483 0.3142
0 8.84301 -32.21270 48.99365 -0.84920 0.00000 0.52807 0.7483 0.3828
tube_rail2
0 3.38276 -30.01270 40.21285 -0.84920 0.00000 0.52807 0.7655 0.3142
0 8.84301 -32.21270 48.99365 -0.84920 0.00000 0.52807 0.7483 0.3828
0 8.84301 -30.01270 48.99365 -0.84920 0.00000 0.52807 0.7655 0.3828
tube_rail2
0 3.38276 -32.21270 40.21285 0.00000 -1.00000 0.00000 0.7483 0.3142
0 5.21199 -32.21270 38.99059 0.00000 -1.00000 0.00000 0.7483 0.3046
0 10.74827 -32.21270 47.89365 0.00000 -1.00000 0.00000 0.7483 0.3742
tube_rail2
0 3.38276 -32.21270 40.21285 0.00000 -1.00000 0.00000 0.7483 0.3142
0 10.74827 -32.21270 47.89365 0.00000 -1.00000 0.00000 0.7483 0.3742
0 8.84301 -32.21270 48.99365 0.00000 -1.00000 0.00000 0.7483 0.3828
tube_rail2
0 5.21199 30.01270 38.99059 0.84920 0.00000 -0.52807 0.2345 0.3046
0 5.21199 32.21270 38.99059 0.84920 0.00000 -0.52807 0.2517 0.3046
0 10.74827 32.21270 47.89365 0.84920 0.00000 -0.52807 0.2517 0.3742
tube_rail2
0 5.21199 30.01270 38.99059 0.84920 0.00000 -0.52807 0.2345 0.3046
0 10.74827 32.21270 47.89365 0.84920 0.00000 -0.52807 0.2517 0.3742
0 10.74827 30.01270 47.89365 0.84920 0.00000 -0.52807 0.2345 0.3742
tube_rail2
0 5.21199 32.21270 38.99059 0.00000 1.00000 -0.00000 0.2517 0.3046
0 3.38276 32.21270 40.21285 0.00000 1.00000 -0.00000 0.2517 0.3142
0 8.84301 32.21270 48.99365 0.00000 1.00000 -0.00000 0.2517 0.3828
tube_rail2
0 5.21199 32.21270 38.99059 0.00000 1.00000 -0.00000 0.2517 0.3046
0 8.84301 32.21270 48.99365 0.00000 1.00000 -0.00000 0.2517 0.3828
0 10.74827 32.21270 47.89365 0.00000 1.00000 -0.00000 0.2517 0.3742
tube_rail2
0 3.38276 32.21270 40.21285 -0.84920 0.00000 0.52807 0.2517 0.3142
0 3.38276 30.01270 40.21285 -0.84920 0.00000 0.52807 0.2345 0.3142
0 8.84301 30.01270 48.99365 -0.84920 0.00000 0.52807 0.2345 0.3828
tube_rail2
0 3.38276 32.21270 40.21285 -0.84920 0.00000 0.52807 0.2517 0.3142
0 8.84301 30.01270 48.99365 -0.84920 0.00000 0.52807 0.2345 0.3828
0 8.84301 32.21270 48.99365 -0.84920 0.00000 0.52807 0.2517 0.3828
tube_rail2
0 3.38276 30.01270 40.21285 0.00000 -1.00000 0.00000 0.2345 0.3142
0 5.21199 30.01270 38.99059 0.00000 -1.00000 0.00000 0.2345 0.3046
0 10.74827 30.01270 47.89365 0.00000 -1.00000 0.00000 0.2345 0.3742
tube_rail2
0 3.38276 30.01270 40.21285 0.00000 -1.00000 0.00000 0.2345 0.3142
0 10.74827 30.01270 47.89365 0.00000 -1.00000 0.00000 0.2345 0.3742
0 8.84301 30.01270 48.99365 0.00000 -1.00000 0.00000 0.2345 0.3828
tube_glass
0 -32.39377 42.49846 72.80172 -0.17214 0.98077 0.09201 0.3320 0.5688
0 -28.98833 42.49846 79.17285 -0.17214 0.98077 0.09201 0.3320 0.6185
0 -13.20029 46.00000 71.38705 -0.17214 0.98077 0.09201 0.3594 0.5577
tube_glass
0 -32.39377 42.49846 72.80172 -0.17214 0.98077 0.09201 0.3320 0.5688
0 -13.20029 46.00000 71.38705 -0.17214 0.98077 0.09201 0.3594 0.5577
0 -17.14875 46.00000 64.00000 -0.17214 0.98077 0.09201 0.3594 0.5000
tube_glass
0 -45.31788 32.52691 80.26346 -0.49015 0.83133 0.26199 0.2541 0.6271
0 -42.37279 32.52691 85.77333 -0.49015 0.83133 0.26199 0.2541 0.6701
0 -28.98833 42.49846 79.17285 -0.49015 0.83133 0.26199 0.3320 0.6185
tube_glass
0 -45.31788 32.52691 80.26346 -0.49015 0.83133 0.26199 0.2541 0.6271
0 -28.98833 42.49846 79.17285 -0.49015 0.83133 0.26199 0.3320 0.6185
0 -32.39377 42.49846 72.80172 -0.49015 0.83133 0.26199 0.3320 0.5688
tube_glass
0 -53.95349 17.60344 85.24923 -0.73341 0.55536 0.39202 0.1375 0.6660
0 -51.31600 17.60344 90.18364 -0.73341 0.55536 0.39202 0.1375 0.7046
0 -42.37279 32.52691 85.77333 -0.73341 0.55536 0.39202 0.2541 0.6701
tube_glass
0 -53.95349 17.60344 85.24923 -0.73341 0.55536 0.39202 0.1375 0.6660
0 -42.37279 32.52691 85.77333 -0.73341 0.55536 0.39202 0.2541 0.6701
0 -45.31788 32.52691 80.26346 -0.73341 0.55536 0.39202 0.2541 0.6271
tube_glass
0 -56.98592 0.00000 87.00000 -0.86499 0.19499 0.46235 0.0000 0.6797
0 -54.45644 0.00000 91.73233 -0.86499 0.19499 0.46235 0.0000 0.7167
0 -51.31600 17.60344 90.18364 -0.86499 0.19499 0.46235 0.1375 0.7046
tube_glass
0 -56.98592 0.00000 87.00000 -0.86499 0.19499 0.46235 0.0000 0.6797
0 -51.31600 17.60344 90.18364 -0.86499 0.19499 0.46235 0.1375 0.7046
0 -53.95349 17.60344 85.24923 -0.86499 0.19499 0.46235 0.1375 0.6660
tube_glass
0 -53.95349 -17.60344 85.24923 -0.86499 -0.19499 0.46235 0.8625 0.6660
0 -51.31600 -17.60344 90.18364 -0.86499 -0.19499 0.46235 0.8625 0.7046
0 -54.45644 0.00000 91.73233 -0.86499 -0.19499 0.46235 0.0000 0.7167
tube_glass
0 -53.95349 -17.60344 85.24923 -0.86499 -0.19499 0.46235 0.8625 0.6660
0 -54.45644 0.00000 91.73233 -0.86499 -0.19499 0.46235 0.0000 0.7167
0 -56.98592 0.00000 87.00000 -0.86499 -0.19499 0.46235 0.0000 0.6797
tube_glass
0 -45.31788 -32.52691 80.26346 -0.73341 -0.55536 0.39202 0.7459 0.6271
0 -42.37279 -32.52691 85.77333 -0.73341 -0.55536 0.39202 0.7459 0.6701
0 -51.31600 -17.60344 90.18364 -0.73341 -0.55536 0.39202 0.8625 0.7046
tube_glass
0 -45.31788 -32.52691 80.26346 -0.73341 -0.55536 0.39202 0.7459 0.6271
0 -51.31600 -17.60344 90.18364 -0.73341 -0.55536 0.39202 0.8625 0.7046
0 -53.95349 -17.60344 85.24923 -0.73341 -0.55536 0.39202 0.8625 0.6660
tube_glass
0 -32.39377 -42.49846 72.80172 -0.49015 -0.83133 0.26199 0.6680 0.5688
0 -28.98833 -42.49846 79.17285 -0.49015 -0.83133 0.26199 0.6680 0.6185
0 -42.37279 -32.52691 85.77333 -0.49015 -0.83133 0.26199 0.7459 0.6701
tube_glass
0 -32.39377 -42.49846 72.80172 -0.49015 -0.83133 0.26199 0.6680 0.5688
0 -42.37279 -32.52691 85.77333 -0.49015 -0.83133 0.26199 0.7459 0.6701
0 -45.31788 -32.52691 80.26346 -0.49015 -0.83133 0.26199 0.7459 0.6271
tube_glass
0 -17.14875 -46.00000 64.00000 -0.17214 -0.98077 0.09201 0.6406 0.5000
0 -13.20029 -46.00000 71.38705 -0.17214 -0.98077 0.09201 0.6406 0.5577
0 -28.98833 -42.49846 79.17285 -0.17214 -0.98077 0.09201 0.6680 0.6185
tube_glass
0 -17.14875 -46.00000 64.00000 -0.17214 -0.98077 0.09201 0.6406 0.5000
0 -28.98833 -42.49846 79.17285 -0.17214 -0.98077 0.09201 0.6680 0.6185
0 -32.39377 -42.49846 72.80172 -0.17214 -0.98077 0.09201 0.6680 0.5688
tube_glass
0 -1.90372 -42.49846 55.19828 0.17214 -0.98077 -0.09201 0.6680 0.4312
0 2.58775 -42.49846 63.60125 0.17214 -0.98077 -0.09201 0.6680 0.4969
0 -13.20029 -46.00000 71.38705 0.17214 -0.98077 -0.09201 0.6406 0.5577
tube_glass
0 -1.90372 -42.49846 55.19828 0.17214 -0.98077 -0.09201 0.6680 0.4312
0 -13.20029 -46.00000 71.38705 0.17214 -0.98077 -0.09201 0.6406 0.5577
0 -17.14875 -46.00000 64.00000 0.17214 -0.98077 -0.09201 0.6406 0.5000
tube_glass
0 11.02038 -32.52691 47.73654 0.49015 -0.83133 -0.26199 0.7459 0.3729
0 15.97221 -32.52691 57.00076 0.49015 -0.83133 -0.26199 0.7459 0.4453
0 2.58775 -42.49846 63.60125 0.49015 -0.83133 -0.26199 0.6680 0.4969
tube_glass
0 11.02038 -32.52691 47.73654 0.49015 -0.83133 -0.26199 0.7459 0.3729
0 2.58775 -42.49846 63.60125 0.49015 -0.83133 -0.26199 0.6680 0.4969
0 -1.90372 -42.49846 55.19828 0.49015 -0.83133 -0.26199 0.6680 0.4312
tube_glass
0 19.65600 -17.60344 42.75077 0.73341 -0.55536 -0.39202 0.8625 0.3340
0 24.91542 -17.60344 52.59046 0.73341 -0.55536 -0.39202 0.8625 0.4109
0 15.97221 -32.52691 57.00076 0.73341 -0.55536 -0.39202 0.7459 0.4453
tube_glass
0 19.65600 -17.60344 42.75077 0.73341 -0.55536 -0.39202 0.8625 0.3340
0 15.97221 -32.52691 57.00076 0.73341 -0.55536 -0.39202 0.7459 0.4453
0 11.02038 -32.52691 47.73654 0.73341 -0.55536 -0.39202 0.7459 0.3729
tube_glass
0 22.68842 -0.00000 41.00000 0.86499 -0.19499 -0.46235 1.0000 0.3203
0 28.05586 -0.00000 51.04177 0.86499 -0.19499 -0.46235 1.0000 0.3988
0 24.91542 -17.60344 52.59046 0.86499 -0.19499 -0.46235 0.8625 0.4109
tube_glass
0 22.68842 -0.00000 41.00000 0.86499 -0.19499 -0.46235 1.0000 0.3203
0 24.91542 -17.60344 52.59046 0.86499 -0.19499 -0.46235 0.8625 0.4109
0 19.65600 -17.60344 42.75077 0.86499 -0.19499 -0.46235 0.8625 0.3340
tube_glass
0 19.65600 17.60344 42.75077 0.86499 0.19499 -0.46235 0.1375 0.3340
0 24.91542 17.60344 52.59046 0.86499 0.19499 -0.46235 0.1375 0.4109
0 28.05586 -0.00000 51.04177 0.86499 0.19499 -0.46235 1.0000 0.3988
tube_glass
0 19.65600 17.60344 42.75077 0.86499 0.19499 -0.46235 0.1375 0.3340
0 28.05586 -0.00000 51.04177 0.86499 0.19499 -0.46235 1.0000 0.3988
0 22.68842 -0.00000 41.00000 0.86499 0.19499 -0.46235 1.0000 0.3203
tube_glass
0 11.02038 32.52691 47.73654 0.73341 0.55536 -0.39202 0.2541 0.3729
0 15.97221 32.52691 57.00076 0.73341 0.55536 -0.39202 0.2541 0.4453
0 24.91542 17.60344 52.59046 0.73341 0.55536 -0.39202 0.1375 0.4109
tube_glass
0 11.02038 32.52691 47.73654 0.73341 0.55536 -0.39202 0.2541 0.3729
0 24.91542 17.60344 52.59046 0.73341 0.55536 -0.39202 0.1375 0.4109
0 19.65600 17.60344 42.75077 0.73341 0.55536 -0.39202 0.1375 0.3340
tube_glass
0 -1.90372 42.49846 55.19828 0.49015 0.83133 -0.26199 0.3320 0.4312
0 2.58775 42.49846 63.60125 0.49015 0.83133 -0.26199 0.3320 0.4969
0 15.97221 32.52691 57.00076 0.49015 0.83133 -0.26199 0.2541 0.4453
tube_glass
0 -1.90372 42.49846 55.19828 0.49015 0.83133 -0.26199 0.3320 0.4312
0 15.97221 32.52691 57.00076 0.49015 0.83133 -0.26199 0.2541 0.4453
0 11.02038 32.52691 47.73654 0.49015 0.83133 -0.26199 0.2541 0.3729
tube_glass
0 -17.14875 46.00000 64.00000 0.17214 0.98077 -0.09201 0.3594 0.5000
0 -13.20029 46.00000 71.38705 0.17214 0.98077 -0.09201 0.3594 0.5577
0 2.58775 42.49846 63.60125 0.17214 0.98077 -0.09201 0.3320 0.4969
tube_glass
0 -17.14875 46.00000 64.00000 0.17214 0.98077 -0.09201 0.3594 0.5000
0 2.58775 42.49846 63.60125 0.17214 0.98077 -0.09201 0.3320 0.4969
0 -1.90372 42.49846 55.19828 0.17214 0.98077 -0.09201 0.3320 0.4312
tube_rail2
0 -43.14051 30.01270 79.00635 0.88192 0.00000 -0.47140 0.2345 0.6172
0 -43.14051 32.21270 79.00635 0.88192 0.00000 -0.47140 0.2517 0.6172
0 -40.11786 32.21270 84.66132 0.88192 0.00000 -0.47140 0.2517 0.6614
tube_rail2
0 -43.14051 30.01270 79.00635 0.88192 0.00000 -0.47140 0.2345 0.6172
0 -40.11786 32.21270 84.66132 0.88192 0.00000 -0.47140 0.2517 0.6614
0 -40.11786 30.01270 84.66132 0.88192 0.00000 -0.47140 0.2345 0.6614
tube_rail2
0 -43.14051 32.21270 79.00635 0.00000 1.00000 -0.00000 0.2517 0.6172
0 -45.04576 32.21270 80.10635 0.00000 1.00000 -0.00000 0.2517 0.6258
0 -42.09098 32.21270 85.63436 0.00000 1.00000 -0.00000 0.2517 0.6690
tube_rail2
0 -43.14051 32.21270 79.00635 0.00000 1.00000 -0.00000 0.2517 0.6172
0 -42.09098 32.21270 85.63436 0.00000 1.00000 -0.00000 0.2517 0.6690
0 -40.11786 32.21270 84.66132 0.00000 1.00000 -0.00000 0.2517 0.6614
tube_rail2
0 -45.04576 32.21270 80.10635 -0.88192 0.00000 0.47140 0.2517 0.6258
0 -45.04576 30.01270 80.10635 -0.88192 0.00000 0.47140 0.2345 0.6258
0 -42.09098 30.01270 85.63436 -0.88192 0.00000 0.47140 0.2345 0.6690
tube_rail2
0 -45.04576 32.21270 80.10635 -0.88192 0.00000 0.47140 0.2517 0.6258
0 -42.09098 30.01270 85.63436 -0.88192 0.00000 0.47140 0.2345 0.6690
0 -42.09098 32.21270 85.63436 -0.88192 0.00000 0.47140 0.2517 0.6690
tube_rail2
0 -45.04576 30.01270 80.10635 0.00000 -1.00000 0.00000 0.2345 0.6258
0 -43.14051 30.01270 79.00635 0.00000 -1.00000 0.00000 0.2345 0.6172
0 -40.11786 30.01270 84.66132 0.00000 -1.00000 0.00000 0.2345 0.6614
tube_rail2
0 -45.04576 30.01270 80.10635 0.00000 -1.00000 0.00000 0.2345 0.6258
0 -40.11786 30.01270 84.66132 0.00000 -1.00000 0.00000 0.2345 0.6614
0 -42.09098 30.01270 85.63436 0.00000 -1.00000 0.00000 0.2345 0.6690
tube_rail2
0 -43.14051 -32.21270 79.00635 0.88192 0.00000 -0.47140 0.7483 0.6172
0 -43.14051 -30.01270 79.00635 0.88192 0.00000 -0.47140 0.7655 0.6172
0 -40.11786 -30.01270 84.66132 0.88192 0.00000 -0.47140 0.7655 0.6614
tube_rail2
0 -43.14051 -32.21270 79.00635 0.88192 0.00000 -0.47140 0.7483 0.6172
0 -40.11786 -30.01270 84.66132 0.88192 0.00000 -0.47140 0.7655 0.6614
0 -40.11786 -32.21270 84.66132 0.88192 0.00000 -0.47140 0.7483 0.6614
tube_rail2
0 -43.14051 -30.01270 79.00635 0.00000 1.00000 -0.00000 0.7655 0.6172
0 -45.04576 -30.01270 80.10635 0.00000 1.00000 -0.00000 0.7655 0.6258
0 -42.09098 -30.01270 85.63436 0.00000 1.00000 -0.00000 0.7655 0.6690
tube_rail2
0 -43.14051 -30.01270 79.00635 0.00000 1.00000 -0.00000 0.7655 0.6172
0 -42.09098 -30.01270 85.63436 0.00000 1.00000 -0.00000 0.7655 0.6690
0 -40.11786 -30.01270 84.66132 0.00000 1.00000 -0.00000 0.7655 0.6614
tube_rail2
0 -45.04576 -30.01270 80.10635 -0.88192 0.00000 0.47140 0.7655 0.6258
0 -45.04576 -32.21270 80.10635 -0.88192 0.00000 0.47140 0.7483 0.6258
0 -42.09098 -32.21270 85.63436 -0.88192 0.00000 0.47140 0.7483 0.6690
tube_rail2
0 -45.04576 -30.01270 80.10635 -0.88192 0.00000 0.47140 0.7655 0.6258
0 -42.09098 -32.21270 85.63436 -0.88192 0.00000 0.47140 0.7483 0.6690
0 -42.09098 -30.01270 85.63436 -0.88192 0.00000 0.47140 0.7655 0.6690
tube_rail2
0 -45.04576 -32.21270 80.10635 0.00000 -1.00000 0.00000 0.7483 0.6258
0 -43.14051 -32.21270 79.00635 0.00000 -1.00000 0.00000 0.7483 0.6172
0 -40.11786 -32.21270 84.66132 0.00000 -1.00000 0.00000 0.7483 0.6614
tube_rail2
0 -45.04576 -32.21270 80.10635 0.00000 -1.00000 0.00000 0.7483 0.6258
0 -40.11786 -32.21270 84.66132 0.00000 -1.00000 0.00000 0.7483 0.6614
0 -42.09098 -32.21270 85.63436 0.00000 -1.00000 0.00000 0.7483 0.6690
tube_rail2
0 10.74827 -32.21270 47.89365 0.88192 0.00000 -0.47140 0.7483 0.3742
0 10.74827 -30.01270 47.89365 0.88192 0.00000 -0.47140 0.7655 0.3742
0 15.69040 -30.01270 57.13974 0.88192 0.00000 -0.47140 0.7655 0.4464
tube_rail2
0 10.74827 -32.21270 47.89365 0.88192 0.00000 -0.47140 0.7483 0.3742
0 15.69040 -30.01270 57.13974 0.88192 0.00000 -0.47140 0.7655 0.4464
0 15.69040 -32.21270 57.13974 0.88192 0.00000 -0.47140 0.7483 0.4464
tube_rail2
0 10.74827 -30.01270 47.89365 0.00000 1.00000 -0.00000 0.7655 0.3742
0 8.84301 -30.01270 48.99365 0.00000 1.00000 -0.00000 0.7655 0.3828
0 13.71728 -30.01270 58.11277 0.00000 1.00000 -0.00000 0.7655 0.4540
tube_rail2
0 10.74827 -30.01270 47.89365 0.00000 1.00000 -0.00000 0.7655 0.3742
0 13.71728 -30.01270 58.11277 0.00000 1.00000 -0.00000 0.7655 0.4540
0 15.69040 -30.01270 57.13974 0.00000 1.00000 -0.00000 0.7655 0.4464
tube_rail2
0 8.84301 -30.01270 48.99365 -0.88192 0.00000 0.47140 0.7655 0.3828
0 8.84301 -32.21270 48.99365 -0.88192 0.00000 0.47140 0.7483 0.3828
0 13.71728 -32.21270 58.11277 -0.88192 0.00000 0.47140 0.7483 0.4540
tube_rail2
0 8.84301 -30.01270 48.99365 -0.88192 0.00000 0.47140 0.7655 0.3828
0 13.71728 -32.21270 58.11277 -0.88192 0.00000 0.47140 0.7483 0.4540
0 13.71728 -30.01270 58.11277 -0.88192 0.00000 0.47140 0.7655 0.4540
tube_rail2
0 8.84301 -32.21270 48.99365 0.00000 -1.00000 0.00000 0.7483 0.3828
0 10.74827 -32.21270 47.89365 0.00000 -1.00000 0.00000 0.7483 0.3742
0 15.69040 -32.21270 57.13974 0.00000 -1.00000 0.00000 0.7483 0.4464
tube_rail2
0 8.84301 -32.21270 48.99365 0.00000 -1.00000 0.00000 0.7483 0.3828
0 15.69040 -32.21270 57.13974 0.00000 -1.00000 0.00000 0.7483 0.4464
0 13.71728 -32.21270 58.11277 0.00000 -1.00000 0.00000 0.7483 0.4540
tube_rail2
0 10.74827 30.01270 47.89365 0.88192 0.00000 -0.47140 0.2345 0.3742
0 10.74827 32.21270 47.89365 0.88192 0.00000 -0.47140 0.2517 0.3742
0 15.69040 32.21270 57.13974 0.88192 0.00000 -0.47140 0.2517 0.4464
tube_rail2
0 10.74827 30.01270 47.89365 0.88192 0.00000 -0.47140 0.2345 0.3742
0 15.69040 32.21270 57.13974 0.88192 0.00000 -0.47140 0.2517 0.4464
0 15.69040 30.01270 57.13974 0.88192 0.00000 -0.47140 0.2345 0.4464
tube_rail2
0 10.74827 32.21270 47.89365 0.00000 1.00000 -0.00000 0.2517 0.3742
0 8.84301 32.21270 48.99365 0.00000 1.00000 -0.00000 0.2517 0.3828
0 13.71728 32.21270 58.11277 0.00000 1.00000 -0.00000 0.2517 0.4540
tube_rail2
0 10.74827 32.21270 47.89365 0.00000 1.00000 -0.00000 0.2517 0.3742
0 13.71728 32.21270 58.11277 0.00000 1.00000 -0.00000 0.2517 0.4540
0 15.69040 32.21270 57.13974 0.00000 1.00000 -0.00000 0.2517 0.4464
tube_rail2
0 8.84301 32.21270 48.99365 -0.88192 0.00000 0.47140 0.2517 0.3828
0 8.84301 30.01270 48.99365 -0.88192 0.00000 0.47140 0.2345 0.3828
0 13.71728 30.01270 58.11277 -0.88192 0.00000 0.47140 0.2345 0.4540
tube_rail2
0 8.84301 32.21270 48.99365 -0.88192 0.00000 0.47140 0.2517 0.3828
0 13.71728 30.01270 58.11277 -0.88192 0.00000 0.47140 0.2345 0.4540
0 13.71728 32.21270 58.11277 -0.88192 0.00000 0.47140 0.2517 0.4540
tube_rail2
0 8.84301 30.01270 48.99365 0.00000 -1.00000 0.00000 0.2345 0.3828
0 10.74827 30.01270 47.89365 0.00000 -1.00000 0.00000 0.2345 0.3742
0 15.69040 30.01270 57.13974 0.00000 -1.00000 0.00000 0.2345 0.4464
tube_rail2
0 8.84301 30.01270 48.99365 0.00000 -1.00000 0.00000 0.2345 0.3828
0 15.69040 30.01270 57.13974 0.00000 -1.00000 0.00000 0.2345 0.4464
0 13.71728 30.01270 58.11277 0.00000 -1.00000 0.00000 0.2345 0.4540
tube_glass
0 -28.98833 42.49846 79.17285 -0.17779 0.98077 0.08056 0.3320 0.6185
0 -26.00688 42.49846 85.75306 -0.17779 0.98077 0.08056 0.3320 0.6699
0 -9.74342 46.00000 79.01652 -0.17779 0.98077 0.08056 0.3594 0.6173
tube_glass
0 -28.98833 42.49846 79.17285 -0.17779 0.98077 0.08056 0.3320 0.6185
0 -9.74342 46.00000 79.01652 -0.17779 0.98077 0.08056 0.3594 0.6173
0 -13.20029 46.00000 71.38705 -0.17779 0.98077 0.08056 0.3594 0.5577
tube_glass
0 -42.37279 32.52691 85.77333 -0.50624 0.83133 0.22937 0.2541 0.6701
0 -39.79437 32.52691 91.46403 -0.50624 0.83133 0.22937 0.2541 0.7146
0 -26.00688 42.49846 85.75306 -0.50624 0.83133 0.22937 0.3320 0.6699
tube_glass
0 -42.37279 32.52691 85.77333 -0.50624 0.83133 0.22937 0.2541 0.6701
0 -26.00688 42.49846 85.75306 -0.50624 0.83133 0.22937 0.3320 0.6699
0 -28.98833 42.49846 79.17285 -0.50624 0.83133 0.22937 0.3320 0.6185
tube_glass
0 -51.31600 17.60344 90.18364 -0.75748 0.55536 0.34321 0.1375 0.7046
0 -49.00688 17.60344 95.27998 -0.75748 0.55536 0.34321 0.1375 0.7444
0 -39.79437 32.52691 91.46403 -0.75748 0.55536 0.34321 0.2541 0.7146
tube_glass
0 -51.31600 17.60344 90.18364 -0.75748 0.55536 0.34321 0.1375 0.7046
0 -39.79437 32.52691 91.46403 -0.75748 0.55536 0.34321 0.2541 0.7146
0 -42.37279 32.52691 85.77333 -0.75748 0.55536 0.34321 0.2541 0.6701
tube_glass
0 -54.45644 0.00000 91.73233 -0.89338 0.19499 0.40479 0.0000 0.7167
0 -52.24188 0.00000 96.61996 -0.89338 0.19499 0.40479 0.0000 0.7548
0 -49.00688 17.60344 95.27998 -0.89338 0.19499 0.40479 0.1375 0.7444
tube_glass
0 -54.45644 0.00000 91.73233 -0.89338 0.19499 0.40479 0.0000 0.7167
0 -49.00688 17.60344 95.27998 -0.89338 0.19499 0.40479 0.1375 0.7444
0 -51.31600 17.60344 90.18364 -0.89338 0.19499 0.40479 0.1375 0.7046
tube_glass
0 -51.31600 -17.60344 90.18364 -0.89338 -0.19499 0.40479 0.8625 0.7046
0 -49.00688 -17.60344 95.27998 -0.89338 -0.19499 0.40479 0.8625 0.7444
0 -52.24188 0.00000 96.61996 -0.89338 -0.19499 0.40479 0.0000 0.7548
tube_glass
0 -51.31600 -17.60344 90.18364 -0.89338 -0.19499 0.40479 0.8625 0.7046
0 -52.24188 0.00000 96.61996 -0.89338 -0.19499 0.40479 0.0000 0.7548
0 -54.45644 0.00000 91.73233 -0.89338 -0.19499 0.40479 0.0000 0.7167
tube_glass
0 -42.37279 -32.52691 85.77333 -0.75748 -0.55536 0.34321 0.7459 0.6701
0 -39.79437 -32.52691 91.46403 -0.75748 -0.55536 0.34321 0.7459 0.7146
0 -49.00688 -17.60344 95.27998 -0.75748 -0.55536 0.34321 0.8625 0.7444
tube_glass
0 -42.37279 -32.52691 85.77333 -0.75748 -0.55536 0.34321 0.7459 0.6701
0 -49.00688 -17.60344 95.27998 -0.75748 -0.55536 0.34321 0.8625 0.7444
0 -51.31600 -17.60344 90.18364 -0.75748 -0.55536 0.34321 0.8625 0.7046
tube_glass
0 -28.98833 -42.49846 79.17285 -0.50624 -0.83133 0.22937 0.6680 0.6185
0 -26.00688 -42.49846 85.75306 -0.50624 -0.83133 0.22937 0.6680 0.6699
0 -39.79437 -32.52691 91.46403 -0.50624 -0.83133 0.22937 0.7459 0.7146
tube_glass
0 -28.98833 -42.49846 79.17285 -0.50624 -0.83133 0.22937 0.6680 0.6185
0 -39.79437 -32.52691 91.46403 -0.50624 -0.83133 0.22937 0.7459 0.7146
0 -42.37279 -32.52691 85.77333 -0.50624 -0.83133 0.22937 0.7459 0.6701
tube_glass
0 -13.20029 -46.00000 71.38705 -0.17779 -0.98077 0.08056 0.6406 0.5577
0 -9.74342 -46.00000 79.01652 -0.17779 -0.98077 0.08056 0.6406 0.6173
0 -26.00688 -42.49846 85.75306 -0.17779 -0.98077 0.08056 0.6680 0.6699
tube_glass
0 -13.20029 -46.00000 71.38705 -0.17779 -0.98077 0.08056 0.6406 0.5577
0 -26.00688 -42.49846 85.75306 -0.17779 -0.98077 0.08056 0.6680 0.6699
0 -28.98833 -42.49846 79.17285 -0.17779 -0.98077 0.08056 0.6680 0.6185
tube_glass
0 2.58775 -42.49846 63.60125 0.17779 -0.98077 -0.08056 0.6680 0.4969
0 6.52004 -42.49846 72.27998 0.17779 -0.98077 -0.08056 0.6680 0.5647
0 -9.74342 -46.00000 79.01652 0.17779 -0.98077 -0.08056 0.6406 0.6173
tube_glass
0 2.58775 -42.49846 63.60125 0.17779 -0.98077 -0.08056 0.6680 0.4969
0 -9.74342 -46.00000 79.01652 0.17779 -0.98077 -0.08056 0.6406 0.6173
0 -13.20029 -46.00000 71.38705 0.17779 -0.98077 -0.08056 0.6406 0.5577
tube_glass
0 15.97221 -32.52691 57.00076 0.50624 -0.83133 -0.22937 0.7459 0.4453
0 20.30753 -32.52691 66.56901 0.50624 -0.83133 -0.22937 0.7459 0.5201
0 6.52004 -42.49846 72.27998 0.50624 -0.83133 -0.22937 0.6680 0.5647
tube_glass
0 15.97221 -32.52691 57.00076 0.50624 -0.83133 -0.22937 0.7459 0.4453
0 6.52004 -42.49846 72.27998 0.50624 -0.83133 -0.22937 0.6680 0.5647
0 2.58775 -42.49846 63.60125 0.50624 -0.83133 -0.22937 0.6680 0.4969
tube_glass
0 24.91542 -17.60344 52.59046 0.75748 -0.55536 -0.34321 0.8625 0.4109
0 29.52004 -17.60344 62.75306 0.75748 -0.55536 -0.34321 0.8625 0.4903
0 20.30753 -32.52691 66.56901 0.75748 -0.55536 -0.34321 0.7459 0.5201
tube_glass
0 24.91542 -17.60344 52.59046 0.75748 -0.55536 -0.34321 0.8625 0.4109
0 20.30753 -32.52691 66.56901 0.75748 -0.55536 -0.34321 0.7459 0.5201
0 15.97221 -32.52691 57.00076 0.75748 -0.55536 -0.34321 0.7459 0.4453
tube_glass
0 28.05586 -0.00000 51.04177 0.89338 -0.19499 -0.40479 1.0000 0.3988
0 32.75504 -0.00000 61.41308 0.89338 -0.19499 -0.40479 1.0000 0.4798
0 29.52004 -17.60344 62.75306 0.89338 -0.19499 -0.40479 0.8625 0.4903
tube_glass
0 28.05586 -0.00000 51.04177 0.89338 -0.19499 -0.40479 1.0000 0.3988
0 29.52004 -17.60344 62.75306 0.89338 -0.19499 -0.40479 0.8625 0.4903
0 24.91542 -17.60344 52.59046 0.89338 -0.19499 -0.40479 0.8625 0.4109
tube_glass
0 24.91542 17.60344 52.59046 0.89338 0.19499 -0.40479 0.1375 0.4109
0 29.52004 17.60344 62.75306 0.89338 0.19499 -0.40479 0.1375 0.4903
0 32.75504 -0.00000 61.41308 0.89338 0.19499 -0.40479 1.0000 0.4798
tube_glass
0 24.91542 17.60344 52.59046 0.89338 0.19499 -0.40479 0.1375 0.4109
0 32.75504 -0.00000 61.41308 0.89338 0.19499 -0.40479 1.0000 0.4798
0 28.05586 -0.00000 51.04177 0.89338 0.19499 -0.40479 1.0000 0.3988
tube_glass
0 15.97221 32.52691 57.00076 0.75748 0.55536 -0.34321 0.2541 0.4453
0 20.30753 32.52691 66.56901 0.75748 0.55536 -0.34321 0.2541 0.5201
0 29.52004 17.60344 62.75306 0.75748 0.55536 -0.34321 0.1375 0.4903
tube_glass
0 15.97221 32.52691 57.00076 0.75748 0.55536 -0.34321 0.2541 0.4453
0 29.52004 17.60344 62.75306 0.75748 0.55536 -0.34321 0.1375 0.4903
0 24.91542 17.60344 52.59046 0.75748 0.55536 -0.34321 0.1375 0.4109
tube_glass
0 2.58775 42.49846 63.60125 0.50624 0.83133 -0.22937 0.3320 0.4969
0 6.52004 42.49846 72.27998 0.50624 0.83133 -0.22937 0.3320 0.5647
0 20.30753 32.52691 66.56901 0.50624 0.83133 -0.22937 0.2541 0.5201
tube_glass
0 2.58775 42.49846 63.60125 0.50624 0.83133 -0.22937 0.3320 0.4969
0 20.30753 32.52691 66.56901 0.50624 0.83133 -0.22937 0.2541 0.5201
0 15.97221 32.52691 57.00076 0.50624 0.83133 -0.22937 0.2541 0.4453
tube_glass
0 -13.20029 46.00000 71.38705 0.17779 0.98077 -0.08056 0.3594 0.5577
0 -9.74342 46.00000 79.01652 0.17779 0.98077 -0.08056 0.3594 0.6173
0 6.52004 42.49846 72.27998 0.17779 0.98077 -0.08056 0.3320 0.5647
tube_glass
0 -13.20029 46.00000 71.38705 0.17779 0.98077 -0.08056 0.3594 0.5577
0 6.52004 42.49846 72.27998 0.17779 0.98077 -0.08056 0.3320 0.5647
0 2.58775 42.49846 63.60125 0.17779 0.98077 -0.08056 0.3320 0.4969
tube_rail2
0 -40.11786 30.01270 84.66132 0.91086 0.00000 -0.41271 0.2345 0.6614
0 -40.11786 32.21270 84.66132 0.91086 0.00000 -0.41271 0.2517 0.6614
0 -37.47154 32.21270 90.50188 0.91086 0.00000 -0.41271 0.2517 0.7070
tube_rail2
0 -40.11786 30.01270 84.66132 0.91086 0.00000 -0.41271 0.2345 0.6614
0 -37.47154 32.21270 90.50188 0.91086 0.00000 -0.41271 0.2517 0.7070
0 -37.47154 30.01270 90.50188 0.91086 0.00000 -0.41271 0.2345 0.7070
tube_rail2
0 -40.11786 32.21270 84.66132 0.00000 1.00000 -0.00000 0.2517 0.6614
0 -42.09098 32.21270 85.63436 0.00000 1.00000 -0.00000 0.2517 0.6690
0 -39.50407 32.21270 91.34379 0.00000 1.00000 -0.00000 0.2517 0.7136
tube_rail2
0 -40.11786 32.21270 84.66132 0.00000 1.00000 -0.00000 0.2517 0.6614
0 -39.50407 32.21270 91.34379 0.00000 1.00000 -0.00000 0.2517 0.7136
0 -37.47154 32.21270 90.50188 0.00000 1.00000 -0.00000 0.2517 0.7070
tube_rail2
0 -42.09098 32.21270 85.63436 -0.91086 0.00000 0.41271 0.2517 0.6690
0 -42.09098 30.01270 85.63436 -0.91086 0.00000 0.41271 0.2345 0.6690
0 -39.50407 30.01270 91.34379 -0.91086 0.00000 0.41271 0.2345 0.7136
tube_rail2
0 -42.09098 32.21270 85.63436 -0.91086 0.00000 0.41271 0.2517 0.6690
0 -39.50407 30.01270 91.34379 -0.91086 0.00000 0.41271 0.2345 0.7136
0 -39.50407 32.21270 91.34379 -0.91086 0.00000 0.41271 0.2517 0.7136
tube_rail2
0 -42.09098 30.01270 85.63436 0.00000 -1.00000 0.00000 0.2345 0.6690
0 -40.11786 30.01270 84.66132 0.00000 -1.00000 0.00000 0.2345 0.6614
0 -37.47154 30.01270 90.50188 0.00000 -1.00000 0.00000 0.2345 0.7070
tube_rail2
0 -42.09098 30.01270 85.63436 0.00000 -1.00000 0.00000 0.2345 0.6690
0 -37.47154 30.01270 90.50188 0.00000 -1.00000 0.00000 0.2345 0.7070
0 -39.50407 30.01270 91.34379 0.00000 -1.00000 0.00000 0.2345 0.7136
tube_rail2
0 -40.11786 -32.21270 84.66132 0.91086 0.00000 -0.41271 0.7483 0.6614
0 -40.11786 -30.01270 84.66132 0.91086 0.00000 -0.41271 0.7655 0.6614
0 -37.47154 -30.01270 90.50188 0.91086 0.00000 -0.41271 0.7655 0.7070
tube_rail2
0 -40.11786 -32.21270 84.66132 0.91086 0.00000 -0.41271 0.7483 0.6614
0 -37.47154 -30.01270 90.50188 0.91086 0.00000 -0.41271 0.7655 0.7070
0 -37.47154 -32.21270 90.50188 0.91086 0.00000 -0.41271 0.7483 0.7070
tube_rail2
0 -40.11786 -30.01270 84.66132 0.00000 1.00000 -0.00000 0.7655 0.6614
0 -42.09098 -30.01270 85.63436 0.00000 1.00000 -0.00000 0.7655 0.6690
0 -39.50407 -30.01270 91.34379 0.00000 1.00000 -0.00000 0.7655 0.7136
tube_rail2
0 -40.11786 -30.01270 84.66132 0.00000 1.00000 -0.00000 0.7655 0.6614
0 -39.50407 -30.01270 91.34379 0.00000 1.00000 -0.00000 0.7655 0.7136
0 -37.47154 -30.01270 90.50188 0.00000 1.00000 -0.00000 0.7655 0.7070
tube_rail2
0 -42.09098 -30.01270 85.63436 -0.91086 0.00000 0.41271 0.7655 0.6690
0 -42.09098 -32.21270 85.63436 -0.91086 0.00000 0.41271 0.7483 0.6690
0 -39.50407 -32.21270 91.34379 -0.91086 0.00000 0.41271 0.7483 0.7136
tube_rail2
0 -42.09098 -30.01270 85.63436 -0.91086 0.00000 0.41271 0.7655 0.6690
0 -39.50407 -32.21270 91.34379 -0.91086 0.00000 0.41271 0.7483 0.7136
0 -39.50407 -30.01270 91.34379 -0.91086 0.00000 0.41271 0.7655 0.7136
tube_rail2
0 -42.09098 -32.21270 85.63436 0.00000 -1.00000 0.00000 0.7483 0.6690
0 -40.11786 -32.21270 84.66132 0.00000 -1.00000 0.00000 0.7483 0.6614
0 -37.47154 -32.21270 90.50188 0.00000 -1.00000 0.00000 0.7483 0.7070
tube_rail2
0 -42.09098 -32.21270 85.63436 0.00000 -1.00000 0.00000 0.7483 0.6690
0 -37.47154 -32.21270 90.50188 0.00000 -1.00000 0.00000 0.7483 0.7070
0 -39.50407 -32.21270 91.34379 0.00000 -1.00000 0.00000 0.7483 0.7136
tube_rail2
0 15.69040 -32.21270 57.13974 0.91086 0.00000 -0.41271 0.7483 0.4464
0 15.69040 -30.01270 57.13974 0.91086 0.00000 -0.41271 0.7655 0.4464
0 20.01723 -30.01270 66.68925 0.91086 0.00000 -0.41271 0.7655 0.5210
tube_rail2
0 15.69040 -32.21270 57.13974 0.91086 0.00000 -0.41271 0.7483 0.4464
0 20.01723 -30.01270 66.68925 0.91086 0.00000 -0.41271 0.7655 0.5210
0 20.01723 -32.21270 66.68925 0.91086 0.00000 -0.41271 0.7483 0.5210
tube_rail2
0 15.69040 -30.01270 57.13974 0.00000 1.00000 -0.00000 0.7655 0.4464
0 13.71728 -30.01270 58.11277 0.00000 1.00000 -0.00000 0.7655 0.4540
0 17.98470 -30.01270 67.53116 0.00000 1.00000 -0.00000 0.7655 0.5276
tube_rail2
0 15.69040 -30.01270 57.13974 0.00000 1.00000 -0.00000 0.7655 0.4464
0 17.98470 -30.01270 67.53116 0.00000 1.00000 -0.00000 0.7655 0.5276
0 20.01723 -30.01270 66.68925 0.00000 1.00000 -0.00000 0.7655 0.5210
tube_rail2
0 13.71728 -30.01270 58.11277 -0.91086 0.00000 0.41271 0.7655 0.4540
0 13.71728 -32.21270 58.11277 -0.91086 0.00000 0.41271 0.7483 0.4540
0 17.98470 -32.21270 67.53116 -0.91086 0.00000 0.41271 0.7483 0.5276
tube_rail2
0 13.71728 -30.01270 58.11277 -0.91086 0.00000 0.41271 0.7655 0.4540
0 17.98470 -32.21270 67.53116 -0.91086 0.00000 0.41271 0.7483 0.5276
0 17.98470 -30.01270 67.53116 -0.91086 0.00000 0.41271 0.7655 0.5276
tube_rail2
0 13.71728 -32.21270 58.11277 0.00000 -1.00000 0.00000 0.7483 0.4540
0 15.69040 -32.21270 57.13974 0.00000 -1.00000 0.00000 0.7483 0.4464
0 20.01723 -32.21270 66.68925 0.00000 -1.00000 0.00000 0.7483 0.5210
tube_rail2
0 13.71728 -32.21270 58.11277 0.00000 -1.00000 0.00000 0.7483 0.4540
0 20.01723 -32.21270 66.68925 0.00000 -1.00000 0.00000 0.7483 0.5210
0 17.98470 -32.21270 67.53116 0.00000 -1.00000 0.00000 0.7483 0.5276
tube_rail2
0 15.69040 30.01270 57.13974 0.91086 0.00000 -0.41271 0.2345 0.4464
0 15.69040 32.21270 57.13974 0.91086 0.00000 -0.41271 0.2517 0.4464
0 20.01723 32.21270 66.68925 0.91086 0.00000 -0.41271 0.2517 0.5210
tube_rail2
0 15.69040 30.01270 57.13974 0.91086 0.00000 -0.41271 0.2345 0.4464
0 20.01723 32.21270 66.68925 0.91086 0.00000 -0.41271 0.2517 0.5210
0 20.01723 30.01270 66.68925 0.91086 0.00000 -0.41271 0.2345 0.5210
tube_rail2
0 15.69040 32.21270 57.13974 0.00000 1.00000 -0.00000 0.2517 0.4464
0 13.71728 32.21270 58.11277 0.00000 1.00000 -0.00000 0.2517 0.4540
0 17.98470 32.21270 67.53116 0.00000 1.00000 -0.00000 0.2517 0.5276
tube_rail2
0 15.69040 32.21270 57.13974 0.00000 1.00000 -0.00000 0.2517 0.4464
0 17.98470 32.21270 67.53116 0.00000 1.00000 -0.00000 0.2517 0.5276
0 20.01723 32.21270 66.68925 0.00000 1.00000 -0.00000 0.2517 0.5210
tube_rail2
0 13.71728 32.21270 58.11277 -0.91086 0.00000 0.41271 0.2517 0.4540
0 13.71728 30.01270 58.11277 -0.91086 0.00000 0.41271 0.2345 0.4540
0 17.98470 30.01270 67.53116 -0.91086 0.00000 0.41271 0.2345 0.5276
tube_rail2
0 13.71728 32.21270 58.11277 -0.91086 0.00000 0.41271 0.2517 0.4540
0 17.98470 30.01270 67.53116 -0.91086 0.00000 0.41271 0.2345 0.5276
0 17.98470 32.21270 67.53116 -0.91086 0.00000 0.41271 0.2517 0.5276
tube_rail2
0 13.71728 30.01270 58.11277 0.00000 -1.00000 0.00000 0.2345 0.4540
0 15.69040 30.01270 57.13974 0.00000 -1.00000 0.00000 0.2345 0.4464
0 20.01723 30.01270 66.68925 0.00000 -1.00000 0.00000 0.2345 0.5210
tube_rail2
0 13.71728 30.01270 58.11277 0.00000 -1.00000 0.00000 0.2345 0.4540
0 20.01723 30.01270 66.68925 0.00000 -1.00000 0.00000 0.2345 0.5210
0 17.98470 30.01270 67.53116 0.00000 -1.00000 0.00000 0.2345 0.5276
tube_glass
0 -26.00688 42.49846 85.75306 -0.18268 0.98077 0.06876 0.3320 0.6699
0 -23.46217 42.49846 92.51419 -0.18268 0.98077 0.06876 0.3320 0.7228
0 -6.79294 46.00000 86.85575 -0.18268 0.98077 0.06876 0.3594 0.6786
tube_glass
0 -26.00688 42.49846 85.75306 -0.18268 0.98077 0.06876 0.3320 0.6699
0 -6.79294 46.00000 86.85575 -0.18268 0.98077 0.06876 0.3594 0.6786
0 -9.74342 46.00000 79.01652 -0.18268 0.98077 0.06876 0.3594 0.6173
tube_glass
0 -39.79437 32.52691 91.46403 -0.52015 0.83133 0.19577 0.2541 0.7146
0 -37.59366 32.52691 97.31118 -0.52015 0.83133 0.19577 0.2541 0.7602
0 -23.46217 42.49846 92.51419 -0.52015 0.83133 0.19577 0.3320 0.7228
tube_glass
0 -39.79437 32.52691 91.46403 -0.52015 0.83133 0.19577 0.2541 0.7146
0 -23.46217 42.49846 92.51419 -0.52015 0.83133 0.19577 0.3320 0.7228
0 -26.00688 42.49846 85.75306 -0.52015 0.83133 0.19577 0.3320 0.6699
tube_glass
0 -49.00688 17.60344 95.27998 -0.77831 0.55536 0.29293 0.1375 0.7444
0 -47.03601 17.60344 100.51643 -0.77831 0.55536 0.29293 0.1375 0.7853
0 -37.59366 32.52691 97.31118 -0.77831 0.55536 0.29293 0.2541 0.7602
tube_glass
0 -49.00688 17.60344 95.27998 -0.77831 0.55536 0.29293 0.1375 0.7444
0 -37.59366 32.52691 97.31118 -0.77831 0.55536 0.29293 0.2541 0.7602
0 -39.79437 32.52691 91.46403 -0.77831 0.55536 0.29293 0.2541 0.7146
tube_glass
0 -52.24188 0.00000 96.61996 -0.91794 0.19499 0.34549 0.0000 0.7548
0 -50.35173 0.00000 101.64196 -0.91794 0.19499 0.34549 0.0000 0.7941
0 -47.03601 17.60344 100.51643 -0.91794 0.19499 0.34549 0.1375 0.7853
tube_glass
0 -52.24188 0.00000 96.61996 -0.91794 0.19499 0.34549 0.0000 0.7548
0 -47.03601 17.60344 100.51643 -0.91794 0.19499 0.34549 0.1375 0.7853
0 -49.00688 17.60344 95.27998 -0.91794 0.19499 0.34549 0.1375 0.7444
tube_glass
0 -49.00688 -17.60344 95.27998 -0.91794 -0.19499 0.34549 0.8625 0.7444
0 -47.03601 -17.60344 100.51643 -0.91794 -0.19499 0.34549 0.8625 0.7853
0 -50.35173 0.00000 101.64196 -0.91794 -0.19499 0.34549 0.0000 0.7941
tube_glass
0 -49.00688 -17.60344 95.27998 -0.91794 -0.19499 0.34549 0.8625 0.7444
0 -50.35173 0.00000 101.64196 -0.91794 -0.19499 0.34549 0.0000 0.7941
0 -52.24188 0.00000 96.61996 -0.91794 -0.19499 0.34549 0.0000 0.7548
tube_glass
0 -39.79437 -32.52691 91.46403 -0.77831 -0.55536 0.29293 0.7459 0.7146
0 -37.59366 -32.52691 97.31118 -0.77831 -0.55536 0.29293 0.7459 0.7602
0 -47.03601 -17.60344 100.51643 -0.77831 -0.55536 0.29293 0.8625 0.7853
tube_glass
0 -39.79437 -32.52691 91.46403 -0.77831 -0.55536 0.29293 0.7459 0.7146
0 -47.03601 -17.60344 100.51643 -0.77831 -0.55536 0.29293 0.8625 0.7853
0 -49.00688 -17.60344 95.27998 -0.77831 -0.55536 0.29293 0.8625 0.7444
tube_glass
0 -26.00688 -42.49846 85.75306 -0.52015 -0.83133 0.19577 0.6680 0.6699
0 -23.46217 -42.49846 92.51419 -0.52015 -0.83133 0.19577 0.6680 0.7228
0 -37.59366 -32.52691 97.31118 -0.52015 -0.83133 0.19577 0.7459 0.7602
tube_glass
0 -26.00688 -42.49846 85.75306 -0.52015 -0.83133 0.19577 0.6680 0.6699
0 -37.59366 -32.52691 97.31118 -0.52015 -0.83133 0.19577 0.7459 0.7602
0 -39.79437 -32.52691 91.46403 -0.52015 -0.83133 0.19577 0.7459 0.7146
tube_glass
0 -9.74342 -46.00000 79.01652 -0.18268 -0.98077 0.06876 0.6406 0.6173
0 -6.79294 -46.00000 86.85575 -0.18268 -0.98077 0.06876 0.6406 0.6786
0 -23.46217 -42.49846 92.51419 -0.18268 -0.98077 0.06876 0.6680 0.7228
tube_glass
0 -9.74342 -46.00000 79.01652 -0.18268 -0.98077 0.06876 0.6406 0.6173
0 -23.46217 -42.49846 92.51419 -0.18268 -0.98077 0.06876 0.6680 0.7228
0 -26.00688 -42.49846 85.75306 -0.18268 -0.98077 0.06876 0.6680 0.6699
tube_glass
0 6.52004 -42.49846 72.27998 0.18268 -0.98077 -0.06876 0.6680 0.5647
0 9.87628 -42.49846 81.19731 0.18268 -0.98077 -0.06876 0.6680 0.6344
0 -6.79294 -46.00000 86.85575 0.18268 -0.98077 -0.06876 0.6406 0.6786
tube_glass
0 6.52004 -42.49846 72.27998 0.18268 -0.98077 -0.06876 0.6680 0.5647
0 -6.79294 -46.00000 86.85575 0.18268 -0.98077 -0.06876 0.6406 0.6786
0 -9.74342 -46.00000 79.01652 0.18268 -0.98077 -0.06876 0.6406 0.6173
tube_glass
0 20.30753 -32.52691 66.56901 0.52015 -0.83133 -0.19577 0.7459 0.5201
0 24.00777 -32.52691 76.40032 0.52015 -0.83133 -0.19577 0.7459 0.5969
0 9.87628 -42.49846 81.19731 0.52015 -0.83133 -0.19577 0.6680 0.6344
tube_glass
0 20.30753 -32.52691 66.56901 0.52015 -0.83133 -0.19577 0.7459 0.5201
0 9.87628 -42.49846 81.19731 0.52015 -0.83133 -0.19577 0.6680 0.6344
0 6.52004 -42.49846 72.27998 0.52015 -0.83133 -0.19577 0.6680 0.5647
tube_glass
0 29.52004 -17.60344 62.75306 0.77831 -0.55536 -0.29293 0.8625 0.4903
0 33.45013 -17.60344 73.19507 0.77831 -0.55536 -0.29293 0.8625 0.5718
0 24.00777 -32.52691 76.40032 0.77831 -0.55536 -0.29293 0.7459 0.5969
tube_glass
0 29.52004 -17.60344 62.75306 0.77831 -0.55536 -0.29293 0.8625 0.4903
0 24.00777 -32.52691 76.40032 0.77831 -0.55536 -0.29293 0.7459 0.5969
0 20.30753 -32.52691 66.56901 0.77831 -0.55536 -0.29293 0.7459 0.5201
tube_glass
0 32.75504 -0.00000 61.41308 0.91794 -0.19499 -0.34549 1.0000 0.4798
0 36.76584 -0.00000 72.06953 0.91794 -0.19499 -0.34549 1.0000 0.5630
0 33.45013 -17.60344 73.19507 0.91794 -0.19499 -0.34549 0.8625 0.5718
tube_glass
0 32.75504 -0.00000 61.41308 0.91794 -0.19499 -0.34549 1.0000 0.4798
0 33.45013 -17.60344 73.19507 0.91794 -0.19499 -0.34549 0.8625 0.5718
0 29.52004 -17.60344 62.75306 0.91794 -0.19499 -0.34549 0.8625 0.4903
tube_glass
0 29.52004 17.60344 62.75306 0.91794 0.19499 -0.34549 0.1375 0.4903
0 33.45013 17.60344 73.19507 0.91794 0.19499 -0.34549 0.1375 0.5718
0 36.76584 -0.00000 72.06953 0.91794 0.19499 -0.34549 1.0000 0.5630
tube_glass
0 29.52004 17.60344 62.75306 0.91794 0.19499 -0.34549 0.1375 0.4903
0 36.76584 -0.00000 72.06953 0.91794 0.19499 -0.34549 1.0000 0.5630
0 32.75504 -0.00000 61.41308 0.91794 0.19499 -0.34549 1.0000 0.4798
tube_glass
0 20.30753 32.52691 66.56901 0.77831 0.55536 -0.29293 0.2541 0.5201
0 24.00777 32.52691 76.40032 0.77831 0.55536 -0.29293 0.2541 0.5969
0 33.45013 17.60344 73.19507 0.77831 0.55536 -0.29293 0.1375 0.5718
tube_glass
0 20.30753 32.52691 66.56901 0.77831 0.55536 -0.29293 0.2541 0.5201
0 33.45013 17.60344 73.19507 0.77831 0.55536 -0.29293 0.1375 0.5718
0 29.52004 17.60344 62.75306 0.77831 0.55536 -0.29293 0.1375 0.4903
tube_glass
0 6.52004 42.49846 72.27998 0.52015 0.83133 -0.19577 0.3320 0.5647
0 9.87628 42.49846 81.19731 0.52015 0.83133 -0.19577 0.3320 0.6344
0 24.00777 32.52691 76.40032 0.52015 0.83133 -0.19577 0.2541 0.5969
tube_glass
0 6.52004 42.49846 72.27998 0.52015 0.83133 -0.19577 0.3320 0.5647
0 24.00777 32.52691 76.40032 0.52015 0.83133 -0.19577 0.2541 0.5969
0 20.30753 32.52691 66.56901 0.52015 0.83133 -0.19577 0.2541 0.5201
tube_glass
0 -9.74342 46.00000 79.01652 0.18268 0.98077 -0.06876 0.3594 0.6173
0 -6.79294 46.00000 86.85575 0.18268 0.98077 -0.06876 0.3594 0.6786
0 9.87628 42.49846 81.19731 0.18268 0.98077 -0.06876 0.3320 0.6344
tube_glass
0 -9.74342 46.00000 79.01652 0.18268 0.98077 -0.06876 0.3594 0.6173
0 9.87628 42.49846 81.19731 0.18268 0.98077 -0.06876 0.3320 0.6344
0 6.52004 42.49846 72.27998 0.18268 0.98077 -0.06876 0.3320 0.5647
tube_rail2
0 -37.47154 30.01270 90.50188 0.93591 0.00000 -0.35225 0.2345 0.7070
0 -37.47154 32.21270 90.50188 0.93591 0.00000 -0.35225 0.2517 0.7070
0 -35.21287 32.21270 96.50301 0.93591 0.00000 -0.35225 0.2517 0.7539
tube_rail2
0 -37.47154 30.01270 90.50188 0.93591 0.00000 -0.35225 0.2345 0.7070
0 -35.21287 32.21270 96.50301 0.93591 0.00000 -0.35225 0.2517 0.7539
0 -35.21287 30.01270 96.50301 0.93591 0.00000 -0.35225 0.2345 0.7539
tube_rail2
0 -37.47154 32.21270 90.50188 0.00000 1.00000 -0.00000 0.2517 0.7070
0 -39.50407 32.21270 91.34379 0.00000 1.00000 -0.00000 0.2517 0.7136
0 -37.29612 32.21270 97.21018 0.00000 1.00000 -0.00000 0.2517 0.7595
tube_rail2
0 -37.47154 32.21270 90.50188 0.00000 1.00000 -0.00000 0.2517 0.7070
0 -37.29612 32.21270 97.21018 0.00000 1.00000 -0.00000 0.2517 0.7595
0 -35.21287 32.21270 96.50301 0.00000 1.00000 -0.00000 0.2517 0.7539
tube_rail2
0 -39.50407 32.21270 91.34379 -0.93591 0.00000 0.35225 0.2517 0.7136
0 -39.50407 30.01270 91.34379 -0.93591 0.00000 0.35225 0.2345 0.7136
0 -37.29612 30.01270 97.21018 -0.93591 0.00000 0.35225 0.2345 0.7595
tube_rail2
0 -39.50407 32.21270 91.34379 -0.93591 0.00000 0.35225 0.2517 0.7136
0 -37.29612 30.01270 97.21018 -0.93591 0.00000 0.35225 0.2345 0.7595
0 -37.29612 32.21270 97.21018 -0.93591 0.00000 0.35225 0.2517 0.7595
tube_rail2
0 -39.50407 30.01270 91.34379 0.00000 -1.00000 0.00000 0.2345 0.7136
0 -37.47154 30.01270 90.50188 0.00000 -1.00000 0.00000 0.2345 0.7070
0 -35.21287 30.01270 96.50301 0.00000 -1.00000 0.00000 0.2345 0.7539
tube_rail2
0 -39.50407 30.01270 91.34379 0.00000 -1.00000 0.00000 0.2345 0.7136
0 -35.21287 30.01270 96.50301 0.00000 -1.00000 0.00000 0.2345 0.7539
0 -37.29612 30.01270 97.21018 0.00000 -1.00000 0.00000 0.2345 0.7595
tube_rail2
0 -37.47154 -32.21270 90.50188 0.93591 0.00000 -0.35225 0.7483 0.7070
0 -37.47154 -30.01270 90.50188 0.93591 0.00000 -0.35225 0.7655 0.7070
0 -35.21287 -30.01270 96.50301 0.93591 0.00000 -0.35225 0.7655 0.7539
tube_rail2
0 -37.47154 -32.21270 90.50188 0.93591 0.00000 -0.35225 0.7483 0.7070
0 -35.21287 -30.01270 96.50301 0.93591 0.00000 -0.35225 0.7655 0.7539
0 -35.21287 -32.21270 96.50301 0.93591 0.00000 -0.35225 0.7483 0.7539
tube_rail2
0 -37.47154 -30.01270 90.50188 0.00000 1.00000 -0.00000 0.7655 0.7070
0 -39.50407 -30.01270 91.34379 0.00000 1.00000 -0.00000 0.7655 0.7136
0 -37.29612 -30.01270 97.21018 0.00000 1.00000 -0.00000 0.7655 0.7595
tube_rail2
0 -37.47154 -30.01270 90.50188 0.00000 1.00000 -0.00000 0.7655 0.7070
0 -37.29612 -30.01270 97.21018 0.00000 1.00000 -0.00000 0.7655 0.7595
0 -35.21287 -30.01270 96.50301 0.00000 1.00000 -0.00000 0.7655 0.7539
tube_rail2
0 -39.50407 -30.01270 91.34379 -0.93591 0.00000 0.35225 0.7655 0.7136
0 -39.50407 -32.21270 91.34379 -0.93591 0.00000 0.35225 0.7483 0.7136
0 -37.29612 -32.21270 97.21018 -0.93591 0.00000 0.35225 0.7483 0.7595
tube_rail2
0 -39.50407 -30.01270 91.34379 -0.93591 0.00000 0.35225 0.7655 0.7136
0 -37.29612 -32.21270 97.21018 -0.93591 0.00000 0.35225 0.7483 0.7595
0 -37.29612 -30.01270 97.21018 -0.93591 0.00000 0.35225 0.7655 0.7595
tube_rail2
0 -39.50407 -32.21270 91.34379 0.00000 -1.00000 0.00000 0.7483 0.7136
0 -37.47154 -32.21270 90.50188 0.00000 -1.00000 0.00000 0.7483 0.7070
0 -35.21287 -32.21270 96.50301 0.00000 -1.00000 0.00000 0.7483 0.7539
tube_rail2
0 -39.50407 -32.21270 91.34379 0.00000 -1.00000 0.00000 0.7483 0.7136
0 -35.21287 -32.21270 96.50301 0.00000 -1.00000 0.00000 0.7483 0.7539
0 -37.29612 -32.21270 97.21018 0.00000 -1.00000 0.00000 0.7483 0.7595
tube_rail2
0 20.01723 -32.21270 66.68925 0.93591 0.00000 -0.35225 0.7483 0.5210
0 20.01723 -30.01270 66.68925 0.93591 0.00000 -0.35225 0.7655 0.5210
0 23.71023 -30.01270 76.50132 0.93591 0.00000 -0.35225 0.7655 0.5977
tube_rail2
0 20.01723 -32.21270 66.68925 0.93591 0.00000 -0.35225 0.7483 0.5210
0 23.71023 -30.01270 76.50132 0.93591 0.00000 -0.35225 0.7655 0.5977
0 23.71023 -32.21270 76.50132 0.93591 0.00000 -0.35225 0.7483 0.5977
tube_rail2
0 20.01723 -30.01270 66.68925 0.00000 1.00000 -0.00000 0.7655 0.5210
0 17.98470 -30.01270 67.53116 0.00000 1.00000 -0.00000 0.7655 0.5276
0 21.62698 -30.01270 77.20848 0.00000 1.00000 -0.00000 0.7655 0.6032
tube_rail2
0 20.01723 -30.01270 66.68925 0.00000 1.00000 -0.00000 0.7655 0.5210
0 21.62698 -30.01270 77.20848 0.00000 1.00000 -0.00000 0.7655 0.6032
0 23.71023 -30.01270 76.50132 0.00000 1.00000 -0.00000 0.7655 0.5977
tube_rail2
0 17.98470 -30.01270 67.53116 -0.93591 0.00000 0.35225 0.7655 0.5276
0 17.98470 -32.21270 67.53116 -0.93591 0.00000 0.35225 0.7483 0.5276
0 21.62698 -32.21270 77.20848 -0.93591 0.00000 0.35225 0.7483 0.6032
tube_rail2
0 17.98470 -30.01270 67.53116 -0.93591 0.00000 0.35225 0.7655 0.5276
0 21.62698 -32.21270 77.20848 -0.93591 0.00000 0.35225 0.7483 0.6032
0 21.62698 -30.01270 77.20848 -0.93591 0.00000 0.35225 0.7655 0.6032
tube_rail2
0 17.98470 -32.21270 67.53116 0.00000 -1.00000 0.00000 0.7483 0.5276
0 20.01723 -32.21270 66.68925 0.00000 -1.00000 0.00000 0.7483 0.5210
0 23.71023 -32.21270 76.50132 0.00000 -1.00000 0.00000 0.7483 0.5977
tube_rail2
0 17.98470 -32.21270 67.53116 0.00000 -1.00000 0.00000 0.7483 0.5276
0 23.71023 -32.21270 76.50132 0.00000 -1.00000 0.00000 0.7483 0.5977
0 21.62698 -32.21270 77.20848 0.00000 -1.00000 0.00000 0.7483 0.6032
tube_rail2
0 20.01723 30.01270 66.68925 0.93591 0.00000 -0.35225 0.2345 0.5210
0 20.01723 32.21270 66.68925 0.93591 0.00000 -0.35225 0.2517 0.5210
0 23.71023 32.21270 76.50132 0.93591 0.00000 -0.35225 0.2517 0.5977
tube_rail2
0 20.01723 30.01270 66.68925 0.93591 0.00000 -0.35225 0.2345 0.5210
0 23.71023 32.21270 76.50132 0.93591 0.00000 -0.35225 0.2517 0.5977
0 23.71023 30.01270 76.50132 0.93591 0.00000 -0.35225 0.2345 0.5977
tube_rail2
0 20.01723 32.21270 66.68925 0.00000 1.00000 -0.00000 0.2517 0.5210
0 17.98470 32.21270 67.53116 0.00000 1.00000 -0.00000 0.2517 0.5276
0 21.62698 32.21270 77.20848 0.00000 1.00000 -0.00000 0.2517 0.6032
tube_rail2
0 20.01723 32.21270 66.68925 0.00000 1.00000 -0.00000 0.2517 0.5210
0 21.62698 32.21270 77.20848 0.00000 1.00000 -0.00000 0.2517 0.6032
0 23.71023 32.21270 76.50132 0.00000 1.00000 -0.00000 0.2517 0.5977
tube_rail2
0 17.98470 32.21270 67.53116 -0.93591 0.00000 0.35225 0.2517 0.5276
0 17.98470 30.01270 67.53116 -0.93591 0.00000 0.35225 0.2345 0.5276
0 21.62698 30.01270 77.20848 -0.93591 0.00000 0.35225 0.2345 0.6032
tube_rail2
0 17.98470 32.21270 67.53116 -0.93591 0.00000 0.35225 0.2517 0.5276
0 21.62698 30.01270 77.20848 -0.93591 0.00000 0.35225 0.2345 0.6032
0 21.62698 32.21270 77.20848 -0.93591 0.00000 0.35225 0.2517 0.6032
tube_rail2
0 17.98470 30.01270 67.53116 0.00000 -1.00000 0.00000 0.2345 0.5276
0 20.01723 30.01270 66.68925 0.00000 -1.00000 0.00000 0.2345 0.5210
0 23.71023 30.01270 76.50132 0.00000 -1.00000 0.00000 0.2345 0.5977
tube_rail2
0 17.98470 30.01270 67.53116 0.00000 -1.00000 0.00000 0.2345 0.5276
0 23.71023 30.01270 76.50132 0.00000 -1.00000 0.00000 0.2345 0.5977
0 21.62698 30.01270 77.20848 0.00000 -1.00000 0.00000 0.2345 0.6032
tube_glass
0 -23.46217 42.49846 92.51419 -0.18679 0.98077 0.05666 0.3320 0.7228
0 -21.36511 42.49846 99.42727 -0.18679 0.98077 0.05666 0.3320 0.7768
0 -4.36149 46.00000 94.87116 -0.18679 0.98077 0.05666 0.3594 0.7412
tube_glass
0 -23.46217 42.49846 92.51419 -0.18679 0.98077 0.05666 0.3320 0.7228
0 -4.36149 46.00000 94.87116 -0.18679 0.98077 0.05666 0.3594 0.7412
0 -6.79294 46.00000 86.85575 -0.18679 0.98077 0.05666 0.3594 0.6786
tube_glass
0 -37.59366 32.52691 97.31118 -0.53184 0.83133 0.16133 0.2541 0.7602
0 -35.78008 32.52691 103.28975 -0.53184 0.83133 0.16133 0.2541 0.8070
0 -21.36511 42.49846 99.42727 -0.53184 0.83133 0.16133 0.3320 0.7768
tube_glass
0 -37.59366 32.52691 97.31118 -0.53184 0.83133 0.16133 0.2541 0.7602
0 -21.36511 42.49846 99.42727 -0.53184 0.83133 0.16133 0.3320 0.7768
0 -23.46217 42.49846 92.51419 -0.53184 0.83133 0.16133 0.3320 0.7228
tube_glass
0 -47.03601 17.60344 100.51643 -0.79580 0.55536 0.24140 0.1375 0.7853
0 -45.41185 17.60344 105.87057 -0.79580 0.55536 0.24140 0.1375 0.8271
0 -35.78008 32.52691 103.28975 -0.79580 0.55536 0.24140 0.2541 0.8070
tube_glass
0 -47.03601 17.60344 100.51643 -0.79580 0.55536 0.24140 0.1375 0.7853
0 -35.78008 32.52691 103.28975 -0.79580 0.55536 0.24140 0.2541 0.8070
0 -37.59366 32.52691 97.31118 -0.79580 0.55536 0.24140 0.2541 0.7602
tube_glass
0 -50.35173 0.00000 101.64196 -0.93857 0.19499 0.28471 0.0000 0.7941
0 -48.79408 0.00000 106.77684 -0.93857 0.19499 0.28471 0.0000 0.8342
0 -45.41185 17.60344 105.87057 -0.93857 0.19499 0.28471 0.1375 0.8271
tube_glass
0 -50.35173 0.00000 101.64196 -0.93857 0.19499 0.28471 0.0000 0.7941
0 -45.41185 17.60344 105.87057 -0.93857 0.19499 0.28471 0.1375 0.8271
0 -47.03601 17.60344 100.51643 -0.93857 0.19499 0.28471 0.1375 0.7853
tube_glass
0 -47.03601 -17.60344 100.51643 -0.93857 -0.19499 0.28471 0.8625 0.7853
0 -45.41185 -17.60344 105.87057 -0.93857 -0.19499 0.28471 0.8625 0.8271
0 -48.79408 0.00000 106.77684 -0.93857 -0.19499 0.28471 0.0000 0.8342
tube_glass
0 -47.03601 -17.60344 100.51643 -0.93857 -0.19499 0.28471 0.8625 0.7853
0 -48.79408 0.00000 106.77684 -0.93857 -0.19499 0.28471 0.0000 0.8342
0 -50.35173 0.00000 101.64196 -0.93857 -0.19499 0.28471 0.0000 0.7941
tube_glass
0 -37.59366 -32.52691 97.31118 -0.79580 -0.55536 0.24140 0.7459 0.7602
0 -35.78008 -32.52691 103.28975 -0.79580 -0.55536 0.24140 0.7459 0.8070
0 -45.41185 -17.60344 105.87057 -0.79580 -0.55536 0.24140 0.8625 0.8271
tube_glass
0 -37.59366 -32.52691 97.31118 -0.79580 -0.55536 0.24140 0.7459 0.7602
0 -45.41185 -17.60344 105.87057 -0.79580 -0.55536 0.24140 0.8625 0.8271
0 -47.03601 -17.60344 100.51643 -0.79580 -0.55536 0.24140 0.8625 0.7853
tube_glass
0 -23.46217 -42.49846 92.51419 -0.53184 -0.83133 0.16133 0.6680 0.7228
0 -21.36511 -42.49846 99.42727 -0.53184 -0.83133 0.16133 0.6680 0.7768
0 -35.78008 -32.52691 103.28975 -0.53184 -0.83133 0.16133 0.7459 0.8070
tube_glass
0 -23.46217 -42.49846 92.51419 -0.53184 -0.83133 0.16133 0.6680 0.7228
0 -35.78008 -32.52691 103.28975 -0.53184 -0.83133 0.16133 0.7459 0.8070
0 -37.59366 -32.52691 97.31118 -0.53184 -0.83133 0.16133 0.7459 0.7602
tube_glass
0 -6.79294 -46.00000 86.85575 -0.18679 -0.98077 0.05666 0.6406 0.6786
0 -4.36149 -46.00000 94.87116 -0.18679 -0.98077 0.05666 0.6406 0.7412
0 -21.36511 -42.49846 99.42727 -0.18679 -0.98077 0.05666 0.6680 0.7768
tube_glass
0 -6.79294 -46.00000 86.85575 -0.18679 -0.98077 0.05666 0.6406 0.6786
0 -21.36511 -42.49846 99.42727 -0.18679 -0.98077 0.05666 0.6680 0.7768
0 -23.46217 -42.49846 92.51419 -0.18679 -0.98077 0.05666 0.6680 0.7228
tube_glass
0 9.87628 -42.49846 81.19731 0.18679 -0.98077 -0.05666 0.6680 0.6344
0 12.64212 -42.49846 90.31506 0.18679 -0.98077 -0.05666 0.6680 0.7056
0 -4.36149 -46.00000 94.87116 0.18679 -0.98077 -0.05666 0.6406 0.7412
tube_glass
0 9.87628 -42.49846 81.19731 0.18679 -0.98077 -0.05666 0.6680 0.6344
0 -4.36149 -46.00000 94.87116 0.18679 -0.98077 -0.05666 0.6406 0.7412
0 -6.79294 -46.00000 86.85575 0.18679 -0.98077 -0.05666 0.6406 0.6786
tube_glass
0 24.00777 -32.52691 76.40032 0.53184 -0.83133 -0.16133 0.7459 0.5969
0 27.05709 -32.52691 86.45258 0.53184 -0.83133 -0.16133 0.7459 0.6754
0 12.64212 -42.49846 90.31506 0.53184 -0.83133 -0.16133 0.6680 0.7056
tube_glass
0 24.00777 -32.52691 76.40032 0.53184 -0.83133 -0.16133 0.7459 0.5969
0 12.64212 -42.49846 90.31506 0.53184 -0.83133 -0.16133 0.6680 0.7056
0 9.87628 -42.49846 81.19731 0.53184 -0.83133 -0.16133 0.6680 0.6344
tube_glass
0 33.45013 -17.60344 73.19507 0.79580 -0.55536 -0.24140 0.8625 0.5718
0 36.68886 -17.60344 83.87175 0.79580 -0.55536 -0.24140 0.8625 0.6552
0 27.05709 -32.52691 86.45258 0.79580 -0.55536 -0.24140 0.7459 0.6754
tube_glass
0 33.45013 -17.60344 73.19507 0.79580 -0.55536 -0.24140 0.8625 0.5718
0 27.05709 -32.52691 86.45258 0.79580 -0.55536 -0.24140 0.7459 0.6754
0 24.00777 -32.52691 76.40032 0.79580 -0.55536 -0.24140 0.7459 0.5969
tube_glass
0 36.76584 -0.00000 72.06953 0.93857 -0.19499 -0.28471 1.0000 0.5630
0 40.07109 -0.00000 82.96549 0.93857 -0.19499 -0.28471 1.0000 0.6482
0 36.68886 -17.60344 83.87175 0.93857 -0.19499 -0.28471 0.8625 0.6552
tube_glass
0 36.76584 -0.00000 72.06953 0.93857 -0.19499 -0.28471 1.0000 0.5630
0 36.68886 -17.60344 83.87175 0.93857 -0.19499 -0.28471 0.8625 0.6552
0 33.45013 -17.60344 73.19507 0.93857 -0.19499 -0.28471 0.8625 0.5718
tube_glass
0 33.45013 17.60344 73.19507 0.93857 0.19499 -0.28471 0.1375 0.5718
0 36.68886 17.60344 83.87175 0.93857 0.19499 -0.28471 0.1375 0.6552
0 40.07109 -0.00000 82.96549 0.93857 0.19499 -0.28471 1.0000 0.6482
tube_glass
0 33.45013 17.60344 73.19507 0.93857 0.19499 -0.28471 0.1375 0.5718
0 40.07109 -0.00000 82.96549 0.93857 0.19499 -0.28471 1.0000 0.6482
0 36.76584 -0.00000 72.06953 0.93857 0.19499 -0.28471 1.0000 0.5630
tube_glass
0 24.00777 32.52691 76.40032 0.79580 0.55536 -0.24140 0.2541 0.5969
0 27.05709 32.52691 86.45258 0.79580 0.55536 -0.24140 0.2541 0.6754
0 36.68886 17.60344 83.87175 0.79580 0.55536 -0.24140 0.1375 0.6552
tube_glass
0 24.00777 32.52691 76.40032 0.79580 0.55536 -0.24140 0.2541 0.5969
0 36.68886 17.60344 83.87175 0.79580 0.55536 -0.24140 0.1375 0.6552
0 33.45013 17.60344 73.19507 0.79580 0.55536 -0.24140 0.1375 0.5718
tube_glass
0 9.87628 42.49846 81.19731 0.53184 0.83133 -0.16133 0.3320 0.6344
0 12.64212 42.49846 90.31506 0.53184 0.83133 -0.16133 0.3320 0.7056
0 27.05709 32.52691 86.45258 0.53184 0.83133 -0.16133 0.2541 0.6754
tube_glass
0 9.87628 42.49846 81.19731 0.53184 0.83133 -0.16133 0.3320 0.6344
0 27.05709 32.52691 86.45258 0.53184 0.83133 -0.16133 0.2541 0.6754
0 24.00777 32.52691 76.40032 0.53184 0.83133 -0.16133 0.2541 0.5969
tube_glass
0 -6.79294 46.00000 86.85575 0.18679 0.98077 -0.05666 0.3594 0.6786
0 -4.36149 46.00000 94.87116 0.18679 0.98077 -0.05666 0.3594 0.7412
0 12.64212 42.49846 90.31506 0.18679 0.98077 -0.05666 0.3320 0.7056
tube_glass
0 -6.79294 46.00000 86.85575 0.18679 0.98077 -0.05666 0.3594 0.6786
0 12.64212 42.49846 90.31506 0.18679 0.98077 -0.05666 0.3320 0.7056
0 9.87628 42.49846 81.19731 0.18679 0.98077 -0.05666 0.3320 0.6344
tube_rail2
0 -35.21287 30.01270 96.50301 0.95694 0.00000 -0.29028 0.2345 0.7539
0 -35.21287 32.21270 96.50301 0.95694 0.00000 -0.29028 0.2517 0.7539
0 -33.35153 32.21270 102.63902 0.95694 0.00000 -0.29028 0.2517 0.8019
tube_rail2
0 -35.21287 30.01270 96.50301 0.95694 0.00000 -0.29028 0.2345 0.7539
0 -33.35153 32.21270 102.63902 0.95694 0.00000 -0.29028 0.2517 0.8019
0 -33.35153 30.01270 102.63902 0.95694 0.00000 -0.29028 0.2345 0.8019
tube_rail2
0 -35.21287 32.21270 96.50301 0.00000 1.00000 0.00000 0.2517 0.7539
0 -37.29612 32.21270 97.21018 0.00000 1.00000 0.00000 0.2517 0.7595
0 -35.47657 32.21270 103.20842 0.00000 1.00000 0.00000 0.2517 0.8063
tube_rail2
0 -35.21287 32.21270 96.50301 0.00000 1.00000 0.00000 0.2517 0.7539
0 -35.47657 32.21270 103.20842 0.00000 1.00000 0.00000 0.2517 0.8063
0 -33.35153 32.21270 102.63902 0.00000 1.00000 0.00000 0.2517 0.8019
tube_rail2
0 -37.29612 32.21270 97.21018 -0.95694 0.00000 0.29028 0.2517 0.7595
0 -37.29612 30.01270 97.21018 -0.95694 0.00000 0.29028 0.2345 0.7595
0 -35.47657 30.01270 103.20842 -0.95694 0.00000 0.29028 0.2345 0.8063
tube_rail2
0 -37.29612 32.21270 97.21018 -0.95694 0.00000 0.29028 0.2517 0.7595
0 -35.47657 30.01270 103.20842 -0.95694 0.00000 0.29028 0.2345 0.8063
0 -35.47657 32.21270 103.20842 -0.95694 0.00000 0.29028 0.2517 0.8063
tube_rail2
0 -37.29612 30.01270 97.21018 0.00000 -1.00000 0.00000 0.2345 0.7595
0 -35.21287 30.01270 96.50301 0.00000 -1.00000 0.00000 0.2345 0.7539
0 -33.35153 30.01270 102.63902 0.00000 -1.00000 0.00000 0.2345 0.8019
tube_rail2
0 -37.29612 30.01270 97.21018 0.00000 -1.00000 0.00000 0.2345 0.7595
0 -33.35153 30.01270 102.63902 0.00000 -1.00000 0.00000 0.2345 0.8019
0 -35.47657 30.01270 103.20842 0.00000 -1.00000 0.00000 0.2345 0.8063
tube_rail2
0 -35.21287 -32.21270 96.50301 0.95694 0.00000 -0.29028 0.7483 0.7539
0 -35.21287 -30.01270 96.50301 0.95694 0.00000 -0.29028 0.7655 0.7539
0 -33.35153 -30.01270 102.63902 0.95694 0.00000 -0.29028 0.7655 0.8019
tube_rail2
0 -35.21287 -32.21270 96.50301 0.95694 0.00000 -0.29028 0.7483 0.7539
0 -33.35153 -30.01270 102.63902 0.95694 0.00000 -0.29028 0.7655 0.8019
0 -33.35153 -32.21270 102.63902 0.95694 0.00000 -0.29028 0.7483 0.8019
tube_rail2
0 -35.21287 -30.01270 96.50301 0.00000 1.00000 0.00000 0.7655 0.7539
0 -37.29612 -30.01270 97.21018 0.00000 1.00000 0.00000 0.7655 0.7595
0 -35.47657 -30.01270 103.20842 0.00000 1.00000 0.00000 0.7655 0.8063
tube_rail2
0 -35.21287 -30.01270 96.50301 0.00000 1.00000 0.00000 0.7655 0.7539
0 -35.47657 -30.01270 103.20842 0.00000 1.00000 0.00000 0.7655 0.8063
0 -33.35153 -30.01270 102.63902 0.00000 1.00000 0.00000 0.7655 0.8019
tube_rail2
0 -37.29612 -30.01270 97.21018 -0.95694 0.00000 0.29028 0.7655 0.7595
0 -37.29612 -32.21270 97.21018 -0.95694 0.00000 0.29028 0.7483 0.7595
0 -35.47657 -32.21270 103.20842 -0.95694 0.00000 0.29028 0.7483 0.8063
tube_rail2
0 -37.29612 -30.01270 97.21018 -0.95694 0.00000 0.29028 0.7655 0.7595
0 -35.47657 -32.21270 103.20842 -0.95694 0.00000 0.29028 0.7483 0.8063
0 -35.47657 -30.01270 103.20842 -0.95694 0.00000 0.29028 0.7655 0.8063
tube_rail2
0 -37.29612 -32.21270 97.21018 0.00000 -1.00000 0.00000 0.7483 0.7595
0 -35.21287 -32.21270 96.50301 0.00000 -1.00000 0.00000 0.7483 0.7539
0 -33.35153 -32.21270 102.63902 0.00000 -1.00000 0.00000 0.7483 0.8019
tube_rail2
0 -37.29612 -32.21270 97.21018 0.00000 -1.00000 0.00000 0.7483 0.7595
0 -33.35153 -32.21270 102.63902 0.00000 -1.00000 0.00000 0.7483 0.8019
0 -35.47657 -32.21270 103.20842 0.00000 -1.00000 0.00000 0.7483 0.8063
tube_rail2
0 23.71023 -32.21270 76.50132 0.95694 0.00000 -0.29028 0.7483 0.5977
0 23.71023 -30.01270 76.50132 0.95694 0.00000 -0.29028 0.7655 0.5977
0 26.75358 -30.01270 86.53390 0.95694 0.00000 -0.29028 0.7655 0.6760
tube_rail2
0 23.71023 -32.21270 76.50132 0.95694 0.00000 -0.29028 0.7483 0.5977
0 26.75358 -30.01270 86.53390 0.95694 0.00000 -0.29028 0.7655 0.6760
0 26.75358 -32.21270 86.53390 0.95694 0.00000 -0.29028 0.7483 0.6760
tube_rail2
0 23.71023 -30.01270 76.50132 0.00000 1.00000 -0.00000 0.7655 0.5977
0 21.62698 -30.01270 77.20848 0.00000 1.00000 -0.00000 0.7655 0.6032
0 24.62855 -30.01270 87.10330 0.00000 1.00000 -0.00000 0.7655 0.6805
tube_rail2
0 23.71023 -30.01270 76.50132 0.00000 1.00000 -0.00000 0.7655 0.5977
0 24.62855 -30.01270 87.10330 0.00000 1.00000 -0.00000 0.7655 0.6805
0 26.75358 -30.01270 86.53390 0.00000 1.00000 -0.00000 0.7655 0.6760
tube_rail2
0 21.62698 -30.01270 77.20848 -0.95694 0.00000 0.29028 0.7655 0.6032
0 21.62698 -32.21270 77.20848 -0.95694 0.00000 0.29028 0.7483 0.6032
0 24.62855 -32.21270 87.10330 -0.95694 0.00000 0.29028 0.7483 0.6805
tube_rail2
0 21.62698 -30.01270 77.20848 -0.95694 0.00000 0.29028 0.7655 0.6032
0 24.62855 -32.21270 87.10330 -0.95694 0.00000 0.29028 0.7483 0.6805
0 24.62855 -30.01270 87.10330 -0.95694 0.00000 0.29028 0.7655 0.6805
tube_rail2
0 21.62698 -32.21270 77.20848 0.00000 -1.00000 0.00000 0.7483 0.6032
0 23.71023 -32.21270 76.50132 0.00000 -1.00000 0.00000 0.7483 0.5977
0 26.75358 -32.21270 86.53390 0.00000 -1.00000 0.00000 0.7483 0.6760
tube_rail2
0 21.62698 -32.21270 77.20848 0.00000 -1.00000 0.00000 0.7483 0.6032
0 26.75358 -32.21270 86.53390 0.00000 -1.00000 0.00000 0.7483 0.6760
0 24.62855 -32.21270 87.10330 0.00000 -1.00000 0.00000 0.7483 0.6805
tube_rail2
0 23.71023 30.01270 76.50132 0.95694 0.00000 -0.29028 0.2345 0.5977
0 23.71023 32.21270 76.50132 0.95694 0.00000 -0.29028 0.2517 0.5977
0 26.75358 32.21270 86.53390 0.95694 0.00000 -0.29028 0.2517 0.6760
tube_rail2
0 23.71023 30.01270 76.50132 0.95694 0.00000 -0.29028 0.2345 0.5977
0 26.75358 32.21270 86.53390 0.95694 0.00000 -0.29028 0.2517 0.6760
0 26.75358 30.01270 86.53390 0.95694 0.00000 -0.29028 0.2345 0.6760
tube_rail2
0 23.71023 32.21270 76.50132 0.00000 1.00000 -0.00000 0.2517 0.5977
0 21.62698 32.21270 77.20848 0.00000 1.00000 -0.00000 0.2517 0.6032
0 24.62855 32.21270 87.10330 0.00000 1.00000 -0.00000 0.2517 0.6805
tube_rail2
0 23.71023 32.21270 76.50132 0.00000 1.00000 -0.00000 0.2517 0.5977
0 24.62855 32.21270 87.10330 0.00000 1.00000 -0.00000 0.2517 0.6805
0 26.75358 32.21270 86.53390 0.00000 1.00000 -0.00000 0.2517 0.6760
tube_rail2
0 21.62698 32.21270 77.20848 -0.95694 0.00000 0.29028 0.2517 0.6032
0 21.62698 30.01270 77.20848 -0.95694 0.00000 0.29028 0.2345 0.6032
0 24.62855 30.01270 87.10330 -0.95694 0.00000 0.29028 0.2345 0.6805
tube_rail2
0 21.62698 32.21270 77.20848 -0.95694 0.00000 0.29028 0.2517 0.6032
0 24.62855 30.01270 87.10330 -0.95694 0.00000 0.29028 0.2345 0.6805
0 24.62855 32.21270 87.10330 -0.95694 0.00000 0.29028 0.2517 0.6805
tube_rail2
0 21.62698 30.01270 77.20848 0.00000 -1.00000 0.00000 0.2345 0.6032
0 23.71023 30.01270 76.50132 0.00000 -1.00000 0.00000 0.2345 0.5977
0 26.75358 30.01270 86.53390 0.00000 -1.00000 0.00000 0.2345 0.6760
tube_rail2
0 21.62698 30.01270 77.20848 0.00000 -1.00000 0.00000 0.2345 0.6032
0 26.75358 30.01270 86.53390 0.00000 -1.00000 0.00000 0.2345 0.6760
0 24.62855 30.01270 87.10330 0.00000 -1.00000 0.00000 0.2345 0.6805
tube_glass
0 -21.36511 42.49846 99.42727 -0.19009 0.98077 0.04432 0.3320 0.7768
0 -19.72468 42.49846 106.46270 -0.19009 0.98077 0.04432 0.3320 0.8317
0 -2.45948 46.00000 103.02844 -0.19009 0.98077 0.04432 0.3594 0.8049
tube_glass
0 -21.36511 42.49846 99.42727 -0.19009 0.98077 0.04432 0.3320 0.7768
0 -2.45948 46.00000 103.02844 -0.19009 0.98077 0.04432 0.3594 0.8049
0 -4.36149 46.00000 94.87116 -0.19009 0.98077 0.04432 0.3594 0.7412
tube_glass
0 -35.78008 32.52691 103.28975 -0.54126 0.83133 0.12620 0.2541 0.8070
0 -34.36140 32.52691 109.37412 -0.54126 0.83133 0.12620 0.2541 0.8545
0 -19.72468 42.49846 106.46270 -0.54126 0.83133 0.12620 0.3320 0.8317
tube_glass
0 -35.78008 32.52691 103.28975 -0.54126 0.83133 0.12620 0.2541 0.8070
0 -19.72468 42.49846 106.46270 -0.54126 0.83133 0.12620 0.3320 0.8317
0 -21.36511 42.49846 99.42727 -0.54126 0.83133 0.12620 0.3320 0.7768
tube_glass
0 -45.41185 17.60344 105.87057 -0.80988 0.55536 0.18884 0.1375 0.8271
0 -44.14135 17.60344 111.31948 -0.80988 0.55536 0.18884 0.1375 0.8697
0 -34.36140 32.52691 109.37412 -0.80988 0.55536 0.18884 0.2541 0.8545
tube_glass
0 -45.41185 17.60344 105.87057 -0.80988 0.55536 0.18884 0.1375 0.8271
0 -34.36140 32.52691 109.37412 -0.80988 0.55536 0.18884 0.2541 0.8545
0 -35.78008 32.52691 103.28975 -0.80988 0.55536 0.18884 0.2541 0.8070
tube_glass
0 -48.79408 0.00000 106.77684 -0.95518 0.19499 0.22272 0.0000 0.8342
0 -47.57561 0.00000 112.00259 -0.95518 0.19499 0.22272 0.0000 0.8750
0 -44.14135 17.60344 111.31948 -0.95518 0.19499 0.22272 0.1375 0.8697
tube_glass
0 -48.79408 0.00000 106.77684 -0.95518 0.19499 0.22272 0.0000 0.8342
0 -44.14135 17.60344 111.31948 -0.95518 0.19499 0.22272 0.1375 0.8697
0 -45.41185 17.60344 105.87057 -0.95518 0.19499 0.22272 0.1375 0.8271
tube_glass
0 -45.41185 -17.60344 105.87057 -0.95518 -0.19499 0.22272 0.8625 0.8271
0 -44.14135 -17.60344 111.31948 -0.95518 -0.19499 0.22272 0.8625 0.8697
0 -47.57561 0.00000 112.00259 -0.95518 -0.19499 0.22272 0.0000 0.8750
tube_glass
0 -45.41185 -17.60344 105.87057 -0.95518 -0.19499 0.22272 0.8625 0.8271
0 -47.57561 0.00000 112.00259 -0.95518 -0.19499 0.22272 0.0000 0.8750
0 -48.79408 0.00000 106.77684 -0.95518 -0.19499 0.22272 0.0000 0.8342
tube_glass
0 -35.78008 -32.52691 103.28975 -0.80988 -0.55536 0.18884 0.7459 0.8070
0 -34.36140 -32.52691 109.37412 -0.80988 -0.55536 0.18884 0.7459 0.8545
0 -44.14135 -17.60344 111.31948 -0.80988 -0.55536 0.18884 0.8625 0.8697
tube_glass
0 -35.78008 -32.52691 103.28975 -0.80988 -0.55536 0.18884 0.7459 0.8070
0 -44.14135 -17.60344 111.31948 -0.80988 -0.55536 0.18884 0.8625 0.8697
0 -45.41185 -17.60344 105.87057 -0.80988 -0.55536 0.18884 0.8625 0.8271
tube_glass
0 -21.36511 -42.49846 99.42727 -0.54126 -0.83133 0.12620 0.6680 0.7768
0 -19.72468 -42.49846 106.46270 -0.54126 -0.83133 0.12620 0.6680 0.8317
0 -34.36140 -32.52691 109.37412 -0.54126 -0.83133 0.12620 0.7459 0.8545
tube_glass
0 -21.36511 -42.49846 99.42727 -0.54126 -0.83133 0.12620 0.6680 0.7768
0 -34.36140 -32.52691 109.37412 -0.54126 -0.83133 0.12620 0.7459 0.8545
0 -35.78008 -32.52691 103.28975 -0.54126 -0.83133 0.12620 0.7459 0.8070
tube_glass
0 -4.36149 -46.00000 94.87116 -0.19009 -0.98077 0.04432 0.6406 0.7412
0 -2.45948 -46.00000 103.02844 -0.19009 -0.98077 0.04432 0.6406 0.8049
0 -19.72468 -42.49846 106.46270 -0.19009 -0.98077 0.04432 0.6680 0.8317
tube_glass
0 -4.36149 -46.00000 94.87116 -0.19009 -0.98077 0.04432 0.6406 0.7412
0 -19.72468 -42.49846 106.46270 -0.19009 -0.98077 0.04432 0.6680 0.8317
0 -21.36511 -42.49846 99.42727 -0.19009 -0.98077 0.04432 0.6680 0.7768
tube_glass
0 12.64212 -42.49846 90.31506 0.19009 -0.98077 -0.04432 0.6680 0.7056
0 14.80571 -42.49846 99.59418 0.19009 -0.98077 -0.04432 0.6680 0.7781
0 -2.45948 -46.00000 103.02844 0.19009 -0.98077 -0.04432 0.6406 0.8049
tube_glass
0 12.64212 -42.49846 90.31506 0.19009 -0.98077 -0.04432 0.6680 0.7056
0 -2.45948 -46.00000 103.02844 0.19009 -0.98077 -0.04432 0.6406 0.8049
0 -4.36149 -46.00000 94.87116 0.19009 -0.98077 -0.04432 0.6406 0.7412
tube_glass
0 27.05709 -32.52691 86.45258 0.54126 -0.83133 -0.12620 0.7459 0.6754
0 29.44243 -32.52691 96.68275 0.54126 -0.83133 -0.12620 0.7459 0.7553
0 14.80571 -42.49846 99.59418 0.54126 -0.83133 -0.12620 0.6680 0.7781
tube_glass
0 27.05709 -32.52691 86.45258 0.54126 -0.83133 -0.12620 0.7459 0.6754
0 14.80571 -42.49846 99.59418 0.54126 -0.83133 -0.12620 0.6680 0.7781
0 12.64212 -42.49846 90.31506 0.54126 -0.83133 -0.12620 0.6680 0.7056
tube_glass
0 36.68886 -17.60344 83.87175 0.80988 -0.55536 -0.18884 0.8625 0.6552
0 39.22238 -17.60344 94.73740 0.80988 -0.55536 -0.18884 0.8625 0.7401
0 29.44243 -32.52691 96.68275 0.80988 -0.55536 -0.18884 0.7459 0.7553
tube_glass
0 36.68886 -17.60344 83.87175 0.80988 -0.55536 -0.18884 0.8625 0.6552
0 29.44243 -32.52691 96.68275 0.80988 -0.55536 -0.18884 0.7459 0.7553
0 27.05709 -32.52691 86.45258 0.80988 -0.55536 -0.18884 0.7459 0.6754
tube_glass
0 40.07109 -0.00000 82.96549 0.95518 -0.19499 -0.22272 1.0000 0.6482
0 42.65664 -0.00000 94.05428 0.95518 -0.19499 -0.22272 1.0000 0.7348
0 39.22238 -17.60344 94.73740 0.95518 -0.19499 -0.22272 0.8625 0.7401
tube_glass
0 40.07109 -0.00000 82.96549 0.95518 -0.19499 -0.22272 1.0000 0.6482
0 39.22238 -17.60344 94.73740 0.95518 -0.19499 -0.22272 0.8625 0.7401
0 36.68886 -17.60344 83.87175 0.95518 -0.19499 -0.22272 0.8625 0.6552
tube_glass
0 36.68886 17.60344 83.87175 0.95518 0.19499 -0.22272 0.1375 0.6552
0 39.22238 17.60344 94.73740 0.95518 0.19499 -0.22272 0.1375 0.7401
0 42.65664 -0.00000 94.05428 0.95518 0.19499 -0.22272 1.0000 0.7348
tube_glass
0 36.68886 17.60344 83.87175 0.95518 0.19499 -0.22272 0.1375 0.6552
0 42.65664 -0.00000 94.05428 0.95518 0.19499 -0.22272 1.0000 0.7348
0 40.07109 -0.00000 82.96549 0.95518 0.19499 -0.22272 1.0000 0.6482
tube_glass
0 27.05709 32.52691 86.45258 0.80988 0.55536 -0.18884 0.2541 0.6754
0 29.44243 32.52691 96.68275 0.80988 0.55536 -0.18884 0.2541 0.7553
0 39.22238 17.60344 94.73740 0.80988 0.55536 -0.18884 0.1375 0.7401
tube_glass
0 27.05709 32.52691 86.45258 0.80988 0.55536 -0.18884 0.2541 0.6754
0 39.22238 17.60344 94.73740 0.80988 0.55536 -0.18884 0.1375 0.7401
0 36.68886 17.60344 83.87175 0.80988 0.55536 -0.18884 0.1375 0.6552
tube_glass
0 12.64212 42.49846 90.31506 0.54126 0.83133 -0.12620 0.3320 0.7056
0 14.80571 42.49846 99.59418 0.54126 0.83133 -0.12620 0.3320 0.7781
0 29.44243 32.52691 96.68275 0.54126 0.83133 -0.12620 0.2541 0.7553
tube_glass
0 12.64212 42.49846 90.31506 0.54126 0.83133 -0.12620 0.3320 0.7056
0 29.44243 32.52691 96.68275 0.54126 0.83133 -0.12620 0.2541 0.7553
0 27.05709 32.52691 86.45258 0.54126 0.83133 -0.12620 0.2541 0.6754
tube_glass
0 -4.36149 46.00000 94.87116 0.19009 0.98077 -0.04432 0.3594 0.7412
0 -2.45948 46.00000 103.02844 0.19009 0.98077 -0.04432 0.3594 0.8049
0 14.80571 42.49846 99.59418 0.19009 0.98077 -0.04432 0.3320 0.7781
tube_glass
0 -4.36149 46.00000 94.87116 0.19009 0.98077 -0.04432 0.3594 0.7412
0 14.80571 42.49846 99.59418 0.19009 0.98077 -0.04432 0.3320 0.7781
0 12.64212 42.49846 90.31506 0.19009 0.98077 -0.04432 0.3320 0.7056
tube_rail2
0 -33.35153 30.01270 102.63902 0.97388 0.00000 -0.22708 0.2345 0.8019
0 -33.35153 32.21270 102.63902 0.97388 0.00000 -0.22708 0.2517 0.8019
0 -31.89550 32.21270 108.88363 0.97388 0.00000 -0.22708 0.2517 0.8507
tube_rail2
0 -33.35153 30.01270 102.63902 0.97388 0.00000 -0.22708 0.2345 0.8019
0 -31.89550 32.21270 108.88363 0.97388 0.00000 -0.22708 0.2517 0.8507
0 -31.89550 30.01270 108.88363 0.97388 0.00000 -0.22708 0.2345 0.8507
tube_rail2
0 -33.35153 32.21270 102.63902 0.00000 1.00000 0.00000 0.2517 0.8019
0 -35.47657 32.21270 103.20842 0.00000 1.00000 0.00000 0.2517 0.8063
0 -34.05322 32.21270 109.31282 0.00000 1.00000 0.00000 0.2517 0.8540
tube_rail2
0 -33.35153 32.21270 102.63902 0.00000 1.00000 0.00000 0.2517 0.8019
0 -34.05322 32.21270 109.31282 0.00000 1.00000 0.00000 0.2517 0.8540
0 -31.89550 32.21270 108.88363 0.00000 1.00000 0.00000 0.2517 0.8507
tube_rail2
0 -35.47657 32.21270 103.20842 -0.97388 0.00000 0.22708 0.2517 0.8063
0 -35.47657 30.01270 103.20842 -0.97388 0.00000 0.22708 0.2345 0.8063
0 -34.05322 30.01270 109.31282 -0.97388 0.00000 0.22708 0.2345 0.8540
tube_rail2
0 -35.47657 32.21270 103.20842 -0.97388 0.00000 0.22708 0.2517 0.8063
0 -34.05322 30.01270 109.31282 -0.97388 0.00000 0.22708 0.2345 0.8540
0 -34.05322 32.21270 109.31282 -0.97388 0.00000 0.22708 0.2517 0.8540
tube_rail2
0 -35.47657 30.01270 103.20842 0.00000 -1.00000 0.00000 0.2345 0.8063
0 -33.35153 30.01270 102.63902 0.00000 -1.00000 0.00000 0.2345 0.8019
0 -31.89550 30.01270 108.88363 0.00000 -1.00000 0.00000 0.2345 0.8507
tube_rail2
0 -35.47657 30.01270 103.20842 0.00000 -1.00000 0.00000 0.2345 0.8063
0 -31.89550 30.01270 108.88363 0.00000 -1.00000 0.00000 0.2345 0.8507
0 -34.05322 30.01270 109.31282 0.00000 -1.00000 0.00000 0.2345 0.8540
tube_rail2
0 -33.35153 -32.21270 102.63902 0.97388 0.00000 -0.22708 0.7483 0.8019
0 -33.35153 -30.01270 102.63902 0.97388 0.00000 -0.22708 0.7655 0.8019
0 -31.89550 -30.01270 108.88363 0.97388 0.00000 -0.22708 0.7655 0.8507
tube_rail2
0 -33.35153 -32.21270 102.63902 0.97388 0.00000 -0.22708 0.7483 0.8019
0 -31.89550 -30.01270 108.88363 0.97388 0.00000 -0.22708 0.7655 0.8507
0 -31.89550 -32.21270 108.88363 0.97388 0.00000 -0.22708 0.7483 0.8507
tube_rail2
0 -33.35153 -30.01270 102.63902 0.00000 1.00000 0.00000 0.7655 0.8019
0 -35.47657 -30.01270 103.20842 0.00000 1.00000 0.00000 0.7655 0.8063
0 -34.05322 -30.01270 109.31282 0.00000 1.00000 0.00000 0.7655 0.8540
tube_rail2
0 -33.35153 -30.01270 102.63902 0.00000 1.00000 0.00000 0.7655 0.8019
0 -34.05322 -30.01270 109.31282 0.00000 1.00000 0.00000 0.7655 0.8540
0 -31.89550 -30.01270 108.88363 0.00000 1.00000 0.00000 0.7655 0.8507
tube_rail2
0 -35.47657 -30.01270 103.20842 -0.97388 0.00000 0.22708 0.7655 0.8063
0 -35.47657 -32.21270 103.20842 -0.97388 0.00000 0.22708 0.7483 0.8063
0 -34.05322 -32.21270 109.31282 -0.97388 0.00000 0.22708 0.7483 0.8540
tube_rail2
0 -35.47657 -30.01270 103.20842 -0.97388 0.00000 0.22708 0.7655 0.8063
0 -34.05322 -32.21270 109.31282 -0.97388 0.00000 0.22708 0.7483 0.8540
0 -34.05322 -30.01270 109.31282 -0.97388 0.00000 0.22708 0.7655 0.8540
tube_rail2
0 -35.47657 -32.21270 103.20842 0.00000 -1.00000 0.00000 0.7483 0.8063
0 -33.35153 -32.21270 102.63902 0.00000 -1.00000 0.00000 0.7483 0.8019
0 -31.89550 -32.21270 108.88363 0.00000 -1.00000 0.00000 0.7483 0.8507
tube_rail2
0 -35.47657 -32.21270 103.20842 0.00000 -1.00000 0.00000 0.7483 0.8063
0 -31.89550 -32.21270 108.88363 0.00000 -1.00000 0.00000 0.7483 0.8507
0 -34.05322 -32.21270 109.31282 0.00000 -1.00000 0.00000 0.7483 0.8540
tube_rail2
0 26.75358 -32.21270 86.53390 0.97388 0.00000 -0.22708 0.7483 0.6760
0 26.75358 -30.01270 86.53390 0.97388 0.00000 -0.22708 0.7655 0.6760
0 29.13426 -30.01270 96.74405 0.97388 0.00000 -0.22708 0.7655 0.7558
tube_rail2
0 26.75358 -32.21270 86.53390 0.97388 0.00000 -0.22708 0.7483 0.6760
0 29.13426 -30.01270 96.74405 0.97388 0.00000 -0.22708 0.7655 0.7558
0 29.13426 -32.21270 96.74405 0.97388 0.00000 -0.22708 0.7483 0.7558
tube_rail2
0 26.75358 -30.01270 86.53390 0.00000 1.00000 -0.00000 0.7655 0.6760
0 24.62855 -30.01270 87.10330 0.00000 1.00000 -0.00000 0.7655 0.6805
0 26.97653 -30.01270 97.17325 0.00000 1.00000 -0.00000 0.7655 0.7592
tube_rail2
0 26.75358 -30.01270 86.53390 0.00000 1.00000 -0.00000 0.7655 0.6760
0 26.97653 -30.01270 97.17325 0.00000 1.00000 -0.00000 0.7655 0.7592
0 29.13426 -30.01270 96.74405 0.00000 1.00000 -0.00000 0.7655 0.7558
tube_rail2
0 24.62855 -30.01270 87.10330 -0.97388 0.00000 0.22708 0.7655 0.6805
0 24.62855 -32.21270 87.10330 -0.97388 0.00000 0.22708 0.7483 0.6805
0 26.97653 -32.21270 97.17325 -0.97388 0.00000 0.22708 0.7483 0.7592
tube_rail2
0 24.62855 -30.01270 87.10330 -0.97388 0.00000 0.22708 0.7655 0.6805
0 26.97653 -32.21270 97.17325 -0.97388 0.00000 0.22708 0.7483 0.7592
0 26.97653 -30.01270 97.17325 -0.97388 0.00000 0.22708 0.7655 0.7592
tube_rail2
0 24.62855 -32.21270 87.10330 0.00000 -1.00000 0.00000 0.7483 0.6805
0 26.75358 -32.21270 86.53390 0.00000 -1.00000 0.00000 0.7483 0.6760
0 29.13426 -32.21270 96.74405 0.00000 -1.00000 0.00000 0.7483 0.7558
tube_rail2
0 24.62855 -32.21270 87.10330 0.00000 -1.00000 0.00000 0.7483 0.6805
0 29.13426 -32.21270 96.74405 0.00000 -1.00000 0.00000 0.7483 0.7558
0 26.97653 -32.21270 97.17325 0.00000 -1.00000 0.00000 0.7483 0.7592
tube_rail2
0 26.75358 30.01270 86.53390 0.97388 0.00000 -0.22708 0.2345 0.6760
0 26.75358 32.21270 86.53390 0.97388 0.00000 -0.22708 0.2517 0.6760
0 29.13426 32.21270 96.74405 0.97388 0.00000 -0.22708 0.2517 0.7558
tube_rail2
0 26.75358 30.01270 86.53390 0.97388 0.00000 -0.22708 0.2345 0.6760
0 29.13426 32.21270 96.74405 0.97388 0.00000 -0.22708 0.2517 0.7558
0 29.13426 30.01270 96.74405 0.97388 0.00000 -0.22708 0.2345 0.7558
tube_rail2
0 26.75358 32.21270 86.53390 0.00000 1.00000 -0.00000 0.2517 0.6760
0 24.62855 32.21270 87.10330 0.00000 1.00000 -0.00000 0.2517 0.6805
0 26.97653 32.21270 97.17325 0.00000 1.00000 -0.00000 0.2517 0.7592
tube_rail2
0 26.75358 32.21270 86.53390 0.00000 1.00000 -0.00000 0.2517 0.6760
0 26.97653 32.21270 97.17325 0.00000 1.00000 -0.00000 0.2517 0.7592
0 29.13426 32.21270 96.74405 0.00000 1.00000 -0.00000 0.2517 0.7558
tube_rail2
0 24.62855 32.21270 87.10330 -0.97388 0.00000 0.22708 0.2517 0.6805
0 24.62855 30.01270 87.10330 -0.97388 0.00000 0.22708 0.2345 0.6805
0 26.97653 30.01270 97.17325 -0.97388 0.00000 0.22708 0.2345 0.7592
tube_rail2
0 24.62855 32.21270 87.10330 -0.97388 0.00000 0.22708 0.2517 0.6805
0 26.97653 30.01270 97.17325 -0.97388 0.00000 0.22708 0.2345 0.7592
0 26.97653 32.21270 97.17325 -0.97388 0.00000 0.22708 0.2517 0.7592
tube_rail2
0 24.62855 30.01270 87.10330 0.00000 -1.00000 0.00000 0.2345 0.6805
0 26.75358 30.01270 86.53390 0.00000 -1.00000 0.00000 0.2345 0.6760
0 29.13426 30.01270 96.74405 0.00000 -1.00000 0.00000 0.2345 0.7558
tube_rail2
0 24.62855 30.01270 87.10330 0.00000 -1.00000 0.00000 0.2345 0.6805
0 29.13426 30.01270 96.74405 0.00000 -1.00000 0.00000 0.2345 0.7558
0 26.97653 30.01270 97.17325 0.00000 -1.00000 0.00000 0.2345 0.7592
tube_glass
0 -19.72468 42.49846 106.46270 -0.19258 0.98077 0.03180 0.3320 0.8317
0 -18.54790 42.49846 113.59036 -0.19258 0.98077 0.03180 0.3320 0.8874
0 -1.09506 46.00000 111.29265 -0.19258 0.98077 0.03180 0.3594 0.8695
tube_glass
0 -19.72468 42.49846 106.46270 -0.19258 0.98077 0.03180 0.3320 0.8317
0 -1.09506 46.00000 111.29265 -0.19258 0.98077 0.03180 0.3594 0.8695
0 -2.45948 46.00000 103.02844 -0.19258 0.98077 0.03180 0.3594 0.8049
tube_glass
0 -34.36140 32.52691 109.37412 -0.54835 0.83133 0.09053 0.2541 0.8545
0 -33.34370 32.52691 115.53826 -0.54835 0.83133 0.09053 0.2541 0.9026
0 -18.54790 42.49846 113.59036 -0.54835 0.83133 0.09053 0.3320 0.8874
tube_glass
0 -34.36140 32.52691 109.37412 -0.54835 0.83133 0.09053 0.2541 0.8545
0 -18.54790 42.49846 113.59036 -0.54835 0.83133 0.09053 0.3320 0.8874
0 -19.72468 42.49846 106.46270 -0.54835 0.83133 0.09053 0.3320 0.8317
tube_glass
0 -44.14135 17.60344 111.31948 -0.82050 0.55536 0.13547 0.1375 0.8697
0 -43.22994 17.60344 116.83981 -0.82050 0.55536 0.13547 0.1375 0.9128
0 -33.34370 32.52691 115.53826 -0.82050 0.55536 0.13547 0.2541 0.9026
tube_glass
0 -44.14135 17.60344 111.31948 -0.82050 0.55536 0.13547 0.1375 0.8697
0 -33.34370 32.52691 115.53826 -0.82050 0.55536 0.13547 0.2541 0.9026
0 -34.36140 32.52691 109.37412 -0.82050 0.55536 0.13547 0.2541 0.8545
tube_glass
0 -47.57561 0.00000 112.00259 -0.96770 0.19499 0.15977 0.0000 0.8750
0 -46.70152 0.00000 117.29685 -0.96770 0.19499 0.15977 0.0000 0.9164
0 -43.22994 17.60344 116.83981 -0.96770 0.19499 0.15977 0.1375 0.9128
tube_glass
0 -47.57561 0.00000 112.00259 -0.96770 0.19499 0.15977 0.0000 0.8750
0 -43.22994 17.60344 116.83981 -0.96770 0.19499 0.15977 0.1375 0.9128
0 -44.14135 17.60344 111.31948 -0.96770 0.19499 0.15977 0.1375 0.8697
tube_glass
0 -44.14135 -17.60344 111.31948 -0.96770 -0.19499 0.15977 0.8625 0.8697
0 -43.22994 -17.60344 116.83981 -0.96770 -0.19499 0.15977 0.8625 0.9128
0 -46.70152 0.00000 117.29685 -0.96770 -0.19499 0.15977 0.0000 0.9164
tube_glass
0 -44.14135 -17.60344 111.31948 -0.96770 -0.19499 0.15977 0.8625 0.8697
0 -46.70152 0.00000 117.29685 -0.96770 -0.19499 0.15977 0.0000 0.9164
0 -47.57561 0.00000 112.00259 -0.96770 -0.19499 0.15977 0.0000 0.8750
tube_glass
0 -34.36140 -32.52691 109.37412 -0.82050 -0.55536 0.13547 0.7459 0.8545
0 -33.34370 -32.52691 115.53826 -0.82050 -0.55536 0.13547 0.7459 0.9026
0 -43.22994 -17.60344 116.83981 -0.82050 -0.55536 0.13547 0.8625 0.9128
tube_glass
0 -34.36140 -32.52691 109.37412 -0.82050 -0.55536 0.13547 0.7459 0.8545
0 -43.22994 -17.60344 116.83981 -0.82050 -0.55536 0.13547 0.8625 0.9128
0 -44.14135 -17.60344 111.31948 -0.82050 -0.55536 0.13547 0.8625 0.8697
tube_glass
0 -19.72468 -42.49846 106.46270 -0.54835 -0.83133 0.09053 0.6680 0.8317
0 -18.54790 -42.49846 113.59036 -0.54835 -0.83133 0.09053 0.6680 0.8874
0 -33.34370 -32.52691 115.53826 -0.54835 -0.83133 0.09053 0.7459 0.9026
tube_glass
0 -19.72468 -42.49846 106.46270 -0.54835 -0.83133 0.09053 0.6680 0.8317
0 -33.34370 -32.52691 115.53826 -0.54835 -0.83133 0.09053 0.7459 0.9026
0 -34.36140 -32.52691 109.37412 -0.54835 -0.83133 0.09053 0.7459 0.8545
tube_glass
0 -2.45948 -46.00000 103.02844 -0.19258 -0.98077 0.03180 0.6406 0.8049
0 -1.09506 -46.00000 111.29265 -0.19258 -0.98077 0.03180 0.6406 0.8695
0 -18.54790 -42.49846 113.59036 -0.19258 -0.98077 0.03180 0.6680 0.8874
tube_glass
0 -2.45948 -46.00000 103.02844 -0.19258 -0.98077 0.03180 0.6406 0.8049
0 -18.54790 -42.49846 113.59036 -0.19258 -0.98077 0.03180 0.6680 0.8874
0 -19.72468 -42.49846 106.46270 -0.19258 -0.98077 0.03180 0.6680 0.8317
tube_glass
0 14.80571 -42.49846 99.59418 0.19258 -0.98077 -0.03180 0.6680 0.7781
0 16.35778 -42.49846 108.99494 0.19258 -0.98077 -0.03180 0.6680 0.8515
0 -1.09506 -46.00000 111.29265 0.19258 -0.98077 -0.03180 0.6406 0.8695
tube_glass
0 14.80571 -42.49846 99.59418 0.19258 -0.98077 -0.03180 0.6680 0.7781
0 -1.09506 -46.00000 111.29265 0.19258 -0.98077 -0.03180 0.6406 0.8695
0 -2.45948 -46.00000 103.02844 0.19258 -0.98077 -0.03180 0.6406 0.8049
tube_glass
0 29.44243 -32.52691 96.68275 0.54835 -0.83133 -0.09053 0.7459 0.7553
0 31.15358 -32.52691 107.04703 0.54835 -0.83133 -0.09053 0.7459 0.8363
0 16.35778 -42.49846 108.99494 0.54835 -0.83133 -0.09053 0.6680 0.8515
tube_glass
0 29.44243 -32.52691 96.68275 0.54835 -0.83133 -0.09053 0.7459 0.7553
0 16.35778 -42.49846 108.99494 0.54835 -0.83133 -0.09053 0.6680 0.8515
0 14.80571 -42.49846 99.59418 0.54835 -0.83133 -0.09053 0.6680 0.7781
tube_glass
0 39.22238 -17.60344 94.73740 0.82050 -0.55536 -0.13547 0.8625 0.7401
0 41.03982 -17.60344 105.74549 0.82050 -0.55536 -0.13547 0.8625 0.8261
0 31.15358 -32.52691 107.04703 0.82050 -0.55536 -0.13547 0.7459 0.8363
tube_glass
0 39.22238 -17.60344 94.73740 0.82050 -0.55536 -0.13547 0.8625 0.7401
0 31.15358 -32.52691 107.04703 0.82050 -0.55536 -0.13547 0.7459 0.8363
0 29.44243 -32.52691 96.68275 0.82050 -0.55536 -0.13547 0.7459 0.7553
tube_glass
0 42.65664 -0.00000 94.05428 0.96770 -0.19499 -0.15977 1.0000 0.7348
0 44.51141 -0.00000 105.28844 0.96770 -0.19499 -0.15977 1.0000 0.8226
0 41.03982 -17.60344 105.74549 0.96770 -0.19499 -0.15977 0.8625 0.8261
tube_glass
0 42.65664 -0.00000 94.05428 0.96770 -0.19499 -0.15977 1.0000 0.7348
0 41.03982 -17.60344 105.74549 0.96770 -0.19499 -0.15977 0.8625 0.8261
0 39.22238 -17.60344 94.73740 0.96770 -0.19499 -0.15977 0.8625 0.7401
tube_glass
0 39.22238 17.60344 94.73740 0.96770 0.19499 -0.15977 0.1375 0.7401
0 41.03982 17.60344 105.74549 0.96770 0.19499 -0.15977 0.1375 0.8261
0 44.51141 -0.00000 105.28844 0.96770 0.19499 -0.15977 1.0000 0.8226
tube_glass
0 39.22238 17.60344 94.73740 0.96770 0.19499 -0.15977 0.1375 0.7401
0 44.51141 -0.00000 105.28844 0.96770 0.19499 -0.15977 1.0000 0.8226
0 42.65664 -0.00000 94.05428 0.96770 0.19499 -0.15977 1.0000 0.7348
tube_glass
0 29.44243 32.52691 96.68275 0.82050 0.55536 -0.13547 0.2541 0.7553
0 31.15358 32.52691 107.04703 0.82050 0.55536 -0.13547 0.2541 0.8363
0 41.03982 17.60344 105.74549 0.82050 0.55536 -0.13547 0.1375 0.8261
tube_glass
0 29.44243 32.52691 96.68275 0.82050 0.55536 -0.13547 0.2541 0.7553
0 41.03982 17.60344 105.74549 0.82050 0.55536 -0.13547 0.1375 0.8261
0 39.22238 17.60344 94.73740 0.82050 0.55536 -0.13547 0.1375 0.7401
tube_glass
0 14.80571 42.49846 99.59418 0.54835 0.83133 -0.09053 0.3320 0.7781
0 16.35778 42.49846 108.99494 0.54835 0.83133 -0.09053 0.3320 0.8515
0 31.15358 32.52691 107.04703 0.54835 0.83133 -0.09053 0.2541 0.8363
tube_glass
0 14.80571 42.49846 99.59418 0.54835 0.83133 -0.09053 0.3320 0.7781
0 31.15358 32.52691 107.04703 0.54835 0.83133 -0.09053 0.2541 0.8363
0 29.44243 32.52691 96.68275 0.54835 0.83133 -0.09053 0.2541 0.7553
tube_glass
0 -2.45948 46.00000 103.02844 0.19258 0.98077 -0.03180 0.3594 0.8049
0 -1.09506 46.00000 111.29265 0.19258 0.98077 -0.03180 0.3594 0.8695
0 16.35778 42.49846 108.99494 0.19258 0.98077 -0.03180 0.3320 0.8515
tube_glass
0 -2.45948 46.00000 103.02844 0.19258 0.98077 -0.03180 0.3594 0.8049
0 16.35778 42.49846 108.99494 0.19258 0.98077 -0.03180 0.3320 0.8515
0 14.80571 42.49846 99.59418 0.19258 0.98077 -0.03180 0.3320 0.7781
tube_rail2
0 -31.89550 30.01270 108.88363 0.98664 0.00000 -0.16290 0.2345 0.8507
0 -31.89550 32.21270 108.88363 0.98664 0.00000 -0.16290 0.2517 0.8507
0 -30.85099 32.21270 115.21009 0.98664 0.00000 -0.16290 0.2517 0.9001
tube_rail2
0 -31.89550 30.01270 108.88363 0.98664 0.00000 -0.16290 0.2345 0.8507
0 -30.85099 32.21270 115.21009 0.98664 0.00000 -0.16290 0.2517 0.9001
0 -30.85099 30.01270 115.21009 0.98664 0.00000 -0.16290 0.2345 0.9001
tube_rail2
0 -31.89550 32.21270 108.88363 0.00000 1.00000 0.00000 0.2517 0.8507
0 -34.05322 32.21270 109.31282 0.00000 1.00000 0.00000 0.2517 0.8540
0 -33.03217 32.21270 115.49725 0.00000 1.00000 0.00000 0.2517 0.9023
tube_rail2
0 -31.89550 32.21270 108.88363 0.00000 1.00000 0.00000 0.2517 0.8507
0 -33.03217 32.21270 115.49725 0.00000 1.00000 0.00000 0.2517 0.9023
0 -30.85099 32.21270 115.21009 0.00000 1.00000 0.00000 0.2517 0.9001
tube_rail2
0 -34.05322 32.21270 109.31282 -0.98664 0.00000 0.16290 0.2517 0.8540
0 -34.05322 30.01270 109.31282 -0.98664 0.00000 0.16290 0.2345 0.8540
0 -33.03217 30.01270 115.49725 -0.98664 0.00000 0.16290 0.2345 0.9023
tube_rail2
0 -34.05322 32.21270 109.31282 -0.98664 0.00000 0.16290 0.2517 0.8540
0 -33.03217 30.01270 115.49725 -0.98664 0.00000 0.16290 0.2345 0.9023
0 -33.03217 32.21270 115.49725 -0.98664 0.00000 0.16290 0.2517 0.9023
tube_rail2
0 -34.05322 30.01270 109.31282 0.00000 -1.00000 0.00000 0.2345 0.8540
0 -31.89550 30.01270 108.88363 0.00000 -1.00000 0.00000 0.2345 0.8507
0 -30.85099 30.01270 115.21009 0.00000 -1.00000 0.00000 0.2345 0.9001
tube_rail2
0 -34.05322 30.01270 109.31282 0.00000 -1.00000 0.00000 0.2345 0.8540
0 -30.85099 30.01270 115.21009 0.00000 -1.00000 0.00000 0.2345 0.9001
0 -33.03217 30.01270 115.49725 0.00000 -1.00000 0.00000 0.2345 0.9023
tube_rail2
0 -31.89550 -32.21270 108.88363 0.98664 0.00000 -0.16290 0.7483 0.8507
0 -31.89550 -30.01270 108.88363 0.98664 0.00000 -0.16290 0.7655 0.8507
0 -30.85099 -30.01270 115.21009 0.98664 0.00000 -0.16290 0.7655 0.9001
tube_rail2
0 -31.89550 -32.21270 108.88363 0.98664 0.00000 -0.16290 0.7483 0.8507
0 -30.85099 -30.01270 115.21009 0.98664 0.00000 -0.16290 0.7655 0.9001
0 -30.85099 -32.21270 115.21009 0.98664 0.00000 -0.16290 0.7483 0.9001
tube_rail2
0 -31.89550 -30.01270 108.88363 0.00000 1.00000 0.00000 0.7655 0.8507
0 -34.05322 -30.01270 109.31282 0.00000 1.00000 0.00000 0.7655 0.8540
0 -33.03217 -30.01270 115.49725 0.00000 1.00000 0.00000 0.7655 0.9023
tube_rail2
0 -31.89550 -30.01270 108.88363 0.00000 1.00000 0.00000 0.7655 0.8507
0 -33.03217 -30.01270 115.49725 0.00000 1.00000 0.00000 0.7655 0.9023
0 -30.85099 -30.01270 115.21009 0.00000 1.00000 0.00000 0.7655 0.9001
tube_rail2
0 -34.05322 -30.01270 109.31282 -0.98664 0.00000 0.16290 0.7655 0.8540
0 -34.05322 -32.21270 109.31282 -0.98664 0.00000 0.16290 0.7483 0.8540
0 -33.03217 -32.21270 115.49725 -0.98664 0.00000 0.16290 0.7483 0.9023
tube_rail2
0 -34.05322 -30.01270 109.31282 -0.98664 0.00000 0.16290 0.7655 0.8540
0 -33.03217 -32.21270 115.49725 -0.98664 0.00000 0.16290 0.7483 0.9023
0 -33.03217 -30.01270 115.49725 -0.98664 0.00000 0.16290 0.7655 0.9023
tube_rail2
0 -34.05322 -32.21270 109.31282 0.00000 -1.00000 0.00000 0.7483 0.8540
0 -31.89550 -32.21270 108.88363 0.00000 -1.00000 0.00000 0.7483 0.8507
0 -30.85099 -32.21270 115.21009 0.00000 -1.00000 0.00000 0.7483 0.9001
tube_rail2
0 -34.05322 -32.21270 109.31282 0.00000 -1.00000 0.00000 0.7483 0.8540
0 -30.85099 -32.21270 115.21009 0.00000 -1.00000 0.00000 0.7483 0.9001
0 -33.03217 -32.21270 115.49725 0.00000 -1.00000 0.00000 0.7483 0.9023
tube_rail2
0 29.13426 -32.21270 96.74405 0.98664 0.00000 -0.16290 0.7483 0.7558
0 29.13426 -30.01270 96.74405 0.98664 0.00000 -0.16290 0.7655 0.7558
0 30.84206 -30.01270 107.08805 0.98664 0.00000 -0.16290 0.7655 0.8366
tube_rail2
0 29.13426 -32.21270 96.74405 0.98664 0.00000 -0.16290 0.7483 0.7558
0 30.84206 -30.01270 107.08805 0.98664 0.00000 -0.16290 0.7655 0.8366
0 30.84206 -32.21270 107.08805 0.98664 0.00000 -0.16290 0.7483 0.8366
tube_rail2
0 29.13426 -30.01270 96.74405 0.00000 1.00000 0.00000 0.7655 0.7558
0 26.97653 -30.01270 97.17325 0.00000 1.00000 0.00000 0.7655 0.7592
0 28.66088 -30.01270 107.37520 0.00000 1.00000 0.00000 0.7655 0.8389
tube_rail2
0 29.13426 -30.01270 96.74405 0.00000 1.00000 0.00000 0.7655 0.7558
0 28.66088 -30.01270 107.37520 0.00000 1.00000 0.00000 0.7655 0.8389
0 30.84206 -30.01270 107.08805 0.00000 1.00000 0.00000 0.7655 0.8366
tube_rail2
0 26.97653 -30.01270 97.17325 -0.98664 0.00000 0.16290 0.7655 0.7592
0 26.97653 -32.21270 97.17325 -0.98664 0.00000 0.16290 0.7483 0.7592
0 28.66088 -32.21270 107.37520 -0.98664 0.00000 0.16290 0.7483 0.8389
tube_rail2
0 26.97653 -30.01270 97.17325 -0.98664 0.00000 0.16290 0.7655 0.7592
0 28.66088 -32.21270 107.37520 -0.98664 0.00000 0.16290 0.7483 0.8389
0 28.66088 -30.01270 107.37520 -0.98664 0.00000 0.16290 0.7655 0.8389
tube_rail2
0 26.97653 -32.21270 97.17325 0.00000 -1.00000 0.00000 0.7483 0.7592
0 29.13426 -32.21270 96.74405 0.00000 -1.00000 0.00000 0.7483 0.7558
0 30.84206 -32.21270 107.08805 0.00000 -1.00000 0.00000 0.7483 0.8366
tube_rail2
0 26.97653 -32.21270 97.17325 0.00000 -1.00000 0.00000 0.7483 0.7592
0 30.84206 -32.21270 107.08805 0.00000 -1.00000 0.00000 0.7483 0.8366
0 28.66088 -32.21270 107.37520 0.00000 -1.00000 0.00000 0.7483 0.8389
tube_rail2
0 29.13426 30.01270 96.74405 0.98664 0.00000 -0.16290 0.2345 0.7558
0 29.13426 32.21270 96.74405 0.98664 0.00000 -0.16290 0.2517 0.7558
0 30.84206 32.21270 107.08805 0.98664 0.00000 -0.16290 0.2517 0.8366
tube_rail2
0 29.13426 30.01270 96.74405 0.98664 0.00000 -0.16290 0.2345 0.7558
0 30.84206 32.21270 107.08805 0.98664 0.00000 -0.16290 0.2517 0.8366
0 30.84206 30.01270 107.08805 0.98664 0.00000 -0.16290 0.2345 0.8366
tube_rail2
0 29.13426 32.21270 96.74405 0.00000 1.00000 0.00000 0.2517 0.7558
0 26.97653 32.21270 97.17325 0.00000 1.00000 0.00000 0.2517 0.7592
0 28.66088 32.21270 107.37520 0.00000 1.00000 0.00000 0.2517 0.8389
tube_rail2
0 29.13426 32.21270 96.74405 0.00000 1.00000 0.00000 0.2517 0.7558
0 28.66088 32.21270 107.37520 0.00000 1.00000 0.00000 0.2517 0.8389
0 30.84206 32.21270 107.08805 0.00000 1.00000 0.00000 0.2517 0.8366
tube_rail2
0 26.97653 32.21270 97.17325 -0.98664 0.00000 0.16290 0.2517 0.7592
0 26.97653 30.01270 97.17325 -0.98664 0.00000 0.16290 0.2345 0.7592
0 28.66088 30.01270 107.37520 -0.98664 0.00000 0.16290 0.2345 0.8389
tube_rail2
0 26.97653 32.21270 97.17325 -0.98664 0.00000 0.16290 0.2517 0.7592
0 28.66088 30.01270 107.37520 -0.98664 0.00000 0.16290 0.2345 0.8389
0 28.66088 32.21270 107.37520 -0.98664 0.00000 0.16290 0.2517 0.8389
tube_rail2
0 26.97653 30.01270 97.17325 0.00000 -1.00000 0.00000 0.2345 0.7592
0 29.13426 30.01270 96.74405 0.00000 -1.00000 0.00000 0.2345 0.7558
0 30.84206 30.01270 107.08805 0.00000 -1.00000 0.00000 0.2345 0.8366
tube_rail2
0 26.97653 30.01270 97.17325 0.00000 -1.00000 0.00000 0.2345 0.7592
0 30.84206 30.01270 107.08805 0.00000 -1.00000 0.00000 0.2345 0.8366
0 28.66088 30.01270 107.37520 0.00000 -1.00000 0.00000 0.2345 0.8389
tube_glass
0 -18.54790 42.49846 113.59036 -0.19425 0.98077 0.01913 0.3320 0.8874
0 -17.83981 42.49846 120.77972 -0.19425 0.98077 0.01913 0.3320 0.9436
0 -0.27406 46.00000 119.62840 -0.19425 0.98077 0.01913 0.3594 0.9346
tube_glass
0 -18.54790 42.49846 113.59036 -0.19425 0.98077 0.01913 0.3320 0.8874
0 -0.27406 46.00000 119.62840 -0.19425 0.98077 0.01913 0.3594 0.9346
0 -1.09506 46.00000 111.29265 -0.19425 0.98077 0.01913 0.3594 0.8695
tube_glass
0 -33.34370 32.52691 115.53826 -0.55310 0.83133 0.05448 0.2541 0.9026
0 -32.73133 32.52691 121.75576 -0.55310 0.83133 0.05448 0.2541 0.9512
0 -17.83981 42.49846 120.77972 -0.55310 0.83133 0.05448 0.3320 0.9436
tube_glass
0 -33.34370 32.52691 115.53826 -0.55310 0.83133 0.05448 0.2541 0.9026
0 -17.83981 42.49846 120.77972 -0.55310 0.83133 0.05448 0.3320 0.9436
0 -18.54790 42.49846 113.59036 -0.55310 0.83133 0.05448 0.3320 0.8874
tube_glass
0 -43.22994 17.60344 116.83981 -0.82760 0.55536 0.08151 0.1375 0.9128
0 -42.68152 17.60344 122.40793 -0.82760 0.55536 0.08151 0.1375 0.9563
0 -32.73133 32.52691 121.75576 -0.82760 0.55536 0.08151 0.2541 0.9512
tube_glass
0 -43.22994 17.60344 116.83981 -0.82760 0.55536 0.08151 0.1375 0.9128
0 -32.73133 32.52691 121.75576 -0.82760 0.55536 0.08151 0.2541 0.9512
0 -33.34370 32.52691 115.53826 -0.82760 0.55536 0.08151 0.2541 0.9026
tube_glass
0 -46.70152 0.00000 117.29685 -0.97608 0.19499 0.09614 0.0000 0.9164
0 -46.17557 0.00000 122.63694 -0.97608 0.19499 0.09614 0.0000 0.9581
0 -42.68152 17.60344 122.40793 -0.97608 0.19499 0.09614 0.1375 0.9563
tube_glass
0 -46.70152 0.00000 117.29685 -0.97608 0.19499 0.09614 0.0000 0.9164
0 -42.68152 17.60344 122.40793 -0.97608 0.19499 0.09614 0.1375 0.9563
0 -43.22994 17.60344 116.83981 -0.97608 0.19499 0.09614 0.1375 0.9128
tube_glass
0 -43.22994 -17.60344 116.83981 -0.97608 -0.19499 0.09614 0.8625 0.9128
0 -42.68152 -17.60344 122.40793 -0.97608 -0.19499 0.09614 0.8625 0.9563
0 -46.17557 0.00000 122.63694 -0.97608 -0.19499 0.09614 0.0000 0.9581
tube_glass
0 -43.22994 -17.60344 116.83981 -0.97608 -0.19499 0.09614 0.8625 0.9128
0 -46.17557 0.00000 122.63694 -0.97608 -0.19499 0.09614 0.0000 0.9581
0 -46.70152 0.00000 117.29685 -0.97608 -0.19499 0.09614 0.0000 0.9164
tube_glass
0 -33.34370 -32.52691 115.53826 -0.82760 -0.55536 0.08151 0.7459 0.9026
0 -32.73133 -32.52691 121.75576 -0.82760 -0.55536 0.08151 0.7459 0.9512
0 -42.68152 -17.60344 122.40793 -0.82760 -0.55536 0.08151 0.8625 0.9563
tube_glass
0 -33.34370 -32.52691 115.53826 -0.82760 -0.55536 0.08151 0.7459 0.9026
0 -42.68152 -17.60344 122.40793 -0.82760 -0.55536 0.08151 0.8625 0.9563
0 -43.22994 -17.60344 116.83981 -0.82760 -0.55536 0.08151 0.8625 0.9128
tube_glass
0 -18.54790 -42.49846 113.59036 -0.55310 -0.83133 0.05448 0.6680 0.8874
0 -17.83981 -42.49846 120.77972 -0.55310 -0.83133 0.05448 0.6680 0.9436
0 -32.73133 -32.52691 121.75576 -0.55310 -0.83133 0.05448 0.7459 0.9512
tube_glass
0 -18.54790 -42.49846 113.59036 -0.55310 -0.83133 0.05448 0.6680 0.8874
0 -32.73133 -32.52691 121.75576 -0.55310 -0.83133 0.05448 0.7459 0.9512
0 -33.34370 -32.52691 115.53826 -0.55310 -0.83133 0.05448 0.7459 0.9026
tube_glass
0 -1.09506 -46.00000 111.29265 -0.19425 -0.98077 0.01913 0.6406 0.8695
0 -0.27406 -46.00000 119.62840 -0.19425 -0.98077 0.01913 0.6406 0.9346
0 -17.83981 -42.49846 120.77972 -0.19425 -0.98077 0.01913 0.6680 0.9436
tube_glass
0 -1.09506 -46.00000 111.29265 -0.19425 -0.98077 0.01913 0.6406 0.8695
0 -17.83981 -42.49846 120.77972 -0.19425 -0.98077 0.01913 0.6680 0.9436
0 -18.54790 -42.49846 113.59036 -0.19425 -0.98077 0.01913 0.6680 0.8874
tube_glass
0 16.35778 -42.49846 108.99494 0.19425 -0.98077 -0.01913 0.6680 0.8515
0 17.29169 -42.49846 118.47708 0.19425 -0.98077 -0.01913 0.6680 0.9256
0 -0.27406 -46.00000 119.62840 0.19425 -0.98077 -0.01913 0.6406 0.9346
tube_glass
0 16.35778 -42.49846 108.99494 0.19425 -0.98077 -0.01913 0.6680 0.8515
0 -0.27406 -46.00000 119.62840 0.19425 -0.98077 -0.01913 0.6406 0.9346
0 -1.09506 -46.00000 111.29265 0.19425 -0.98077 -0.01913 0.6406 0.8695
tube_glass
0 31.15358 -32.52691 107.04703 0.55310 -0.83133 -0.05448 0.7459 0.8363
0 32.18321 -32.52691 117.50104 0.55310 -0.83133 -0.05448 0.7459 0.9180
0 17.29169 -42.49846 118.47708 0.55310 -0.83133 -0.05448 0.6680 0.9256
tube_glass
0 31.15358 -32.52691 107.04703 0.55310 -0.83133 -0.05448 0.7459 0.8363
0 17.29169 -42.49846 118.47708 0.55310 -0.83133 -0.05448 0.6680 0.9256
0 16.35778 -42.49846 108.99494 0.55310 -0.83133 -0.05448 0.6680 0.8515
tube_glass
0 41.03982 -17.60344 105.74549 0.82760 -0.55536 -0.08151 0.8625 0.8261
0 42.13341 -17.60344 116.84887 0.82760 -0.55536 -0.08151 0.8625 0.9129
0 32.18321 -32.52691 117.50104 0.82760 -0.55536 -0.08151 0.7459 0.9180
tube_glass
0 41.03982 -17.60344 105.74549 0.82760 -0.55536 -0.08151 0.8625 0.8261
0 32.18321 -32.52691 117.50104 0.82760 -0.55536 -0.08151 0.7459 0.9180
0 31.15358 -32.52691 107.04703 0.82760 -0.55536 -0.08151 0.7459 0.8363
tube_glass
0 44.51141 -0.00000 105.28844 0.97608 -0.19499 -0.09614 1.0000 0.8226
0 45.62745 -0.00000 116.61986 0.97608 -0.19499 -0.09614 1.0000 0.9111
0 42.13341 -17.60344 116.84887 0.97608 -0.19499 -0.09614 0.8625 0.9129
tube_glass
0 44.51141 -0.00000 105.28844 0.97608 -0.19499 -0.09614 1.0000 0.8226
0 42.13341 -17.60344 116.84887 0.97608 -0.19499 -0.09614 0.8625 0.9129
0 41.03982 -17.60344 105.74549 0.97608 -0.19499 -0.09614 0.8625 0.8261
tube_glass
0 41.03982 17.60344 105.74549 0.97608 0.19499 -0.09614 0.1375 0.8261
0 42.13341 17.60344 116.84887 0.97608 0.19499 -0.09614 0.1375 0.9129
0 45.62745 -0.00000 116.61986 0.97608 0.19499 -0.09614 1.0000 0.9111
tube_glass
0 41.03982 17.60344 105.74549 0.97608 0.19499 -0.09614 0.1375 0.8261
0 45.62745 -0.00000 116.61986 0.97608 0.19499 -0.09614 1.0000 0.9111
0 44.51141 -0.00000 105.28844 0.97608 0.19499 -0.09614 1.0000 0.8226
tube_glass
0 31.15358 32.52691 107.04703 0.82760 0.55536 -0.08151 0.2541 0.8363
0 32.18321 32.52691 117.50104 0.82760 0.55536 -0.08151 0.2541 0.9180
0 42.13341 17.60344 116.84887 0.82760 0.55536 -0.08151 0.1375 0.9129
tube_glass
0 31.15358 32.52691 107.04703 0.82760 0.55536 -0.08151 0.2541 0.8363
0 42.13341 17.60344 116.84887 0.82760 0.55536 -0.08151 0.1375 0.9129
0 41.03982 17.60344 105.74549 0.82760 0.55536 -0.08151 0.1375 0.8261
tube_glass
0 16.35778 42.49846 108.99494 0.55310 0.83133 -0.05448 0.3320 0.8515
0 17.29169 42.49846 118.47708 0.55310 0.83133 -0.05448 0.3320 0.9256
0 32.18321 32.52691 117.50104 0.55310 0.83133 -0.05448 0.2541 0.9180
tube_glass
0 16.35778 42.49846 108.99494 0.55310 0.83133 -0.05448 0.3320 0.8515
0 32.18321 32.52691 117.50104 0.55310 0.83133 -0.05448 0.2541 0.9180
0 31.15358 32.52691 107.04703 0.55310 0.83133 -0.05448 0.2541 0.8363
tube_glass
0 -1.09506 46.00000 111.29265 0.19425 0.98077 -0.01913 0.3594 0.8695
0 -0.27406 46.00000 119.62840 0.19425 0.98077 -0.01913 0.3594 0.9346
0 17.29169 42.49846 118.47708 0.19425 0.98077 -0.01913 0.3320 0.9256
tube_glass
0 -1.09506 46.00000 111.29265 0.19425 0.98077 -0.01913 0.3594 0.8695
0 17.29169 42.49846 118.47708 0.19425 0.98077 -0.01913 0.3320 0.9256
0 16.35778 42.49846 108.99494 0.19425 0.98077 -0.01913 0.3320 0.8515
tube_rail2
0 -30.85099 30.01270 115.21009 0.99518 0.00000 -0.09802 0.2345 0.9001
0 -30.85099 32.21270 115.21009 0.99518 0.00000 -0.09802 0.2517 0.9001
0 -30.22250 32.21270 121.59132 0.99518 0.00000 -0.09802 0.2517 0.9499
tube_rail2
0 -30.85099 30.01270 115.21009 0.99518 0.00000 -0.09802 0.2345 0.9001
0 -30.22250 32.21270 121.59132 0.99518 0.00000 -0.09802 0.2517 0.9499
0 -30.22250 30.01270 121.59132 0.99518 0.00000 -0.09802 0.2345 0.9499
tube_rail2
0 -30.85099 32.21270 115.21009 0.00000 1.00000 0.00000 0.2517 0.9001
0 -33.03217 32.21270 115.49725 0.00000 1.00000 0.00000 0.2517 0.9023
0 -32.41779 32.21270 121.73521 0.00000 1.00000 0.00000 0.2517 0.9511
tube_rail2
0 -30.85099 32.21270 115.21009 0.00000 1.00000 0.00000 0.2517 0.9001
0 -32.41779 32.21270 121.73521 0.00000 1.00000 0.00000 0.2517 0.9511
0 -30.22250 32.21270 121.59132 0.00000 1.00000 0.00000 0.2517 0.9499
tube_rail2
0 -33.03217 32.21270 115.49725 -0.99518 0.00000 0.09802 0.2517 0.9023
0 -33.03217 30.01270 115.49725 -0.99518 0.00000 0.09802 0.2345 0.9023
0 -32.41779 30.01270 121.73521 -0.99518 0.00000 0.09802 0.2345 0.9511
tube_rail2
0 -33.03217 32.21270 115.49725 -0.99518 0.00000 0.09802 0.2517 0.9023
0 -32.41779 30.01270 121.73521 -0.99518 0.00000 0.09802 0.2345 0.9511
0 -32.41779 32.21270 121.73521 -0.99518 0.00000 0.09802 0.2517 0.9511
tube_rail2
0 -33.03217 30.01270 115.49725 0.00000 -1.00000 0.00000 0.2345 0.9023
0 -30.85099 30.01270 115.21009 0.00000 -1.00000 0.00000 0.2345 0.9001
0 -30.22250 30.01270 121.59132 0.00000 -1.00000 0.00000 0.2345 0.9499
tube_rail2
0 -33.03217 30.01270 115.49725 0.00000 -1.00000 0.00000 0.2345 0.9023
0 -30.22250 30.01270 121.59132 0.00000 -1.00000 0.00000 0.2345 0.9499
0 -32.41779 30.01270 121.73521 0.00000 -1.00000 0.00000 0.2345 0.9511
tube_rail2
0 -30.85099 -32.21270 115.21009 0.99518 0.00000 -0.09802 0.7483 0.9001
0 -30.85099 -30.01270 115.21009 0.99518 0.00000 -0.09802 0.7655 0.9001
0 -30.22250 -30.01270 121.59132 0.99518 0.00000 -0.09802 0.7655 0.9499
tube_rail2
0 -30.85099 -32.21270 115.21009 0.99518 0.00000 -0.09802 0.7483 0.9001
0 -30.22250 -30.01270 121.59132 0.99518 0.00000 -0.09802 0.7655 0.9499
0 -30.22250 -32.21270 121.59132 0.99518 0.00000 -0.09802 0.7483 0.9499
tube_rail2
0 -30.85099 -30.01270 115.21009 0.00000 1.00000 0.00000 0.7655 0.9001
0 -33.03217 -30.01270 115.49725 0.00000 1.00000 0.00000 0.7655 0.9023
0 -32.41779 -30.01270 121.73521 0.00000 1.00000 0.00000 0.7655 0.9511
tube_rail2
0 -30.85099 -30.01270 115.21009 0.00000 1.00000 0.00000 0.7655 0.9001
0 -32.41779 -30.01270 121.73521 0.00000 1.00000 0.00000 0.7655 0.9511
0 -30.22250 -30.01270 121.59132 0.00000 1.00000 0.00000 0.7655 0.9499
tube_rail2
0 -33.03217 -30.01270 115.49725 -0.99518 0.00000 0.09802 0.7655 0.9023
0 -33.03217 -32.21270 115.49725 -0.99518 0.00000 0.09802 0.7483 0.9023
0 -32.41779 -32.21270 121.73521 -0.99518 0.00000 0.09802 0.7483 0.9511
tube_rail2
0 -33.03217 -30.01270 115.49725 -0.99518 0.00000 0.09802 0.7655 0.9023
0 -32.41779 -32.21270 121.73521 -0.99518 0.00000 0.09802 0.7483 0.9511
0 -32.41779 -30.01270 121.73521 -0.99518 0.00000 0.09802 0.7655 0.9511
tube_rail2
0 -33.03217 -32.21270 115.49725 0.00000 -1.00000 0.00000 0.7483 0.9023
0 -30.85099 -32.21270 115.21009 0.00000 -1.00000 0.00000 0.7483 0.9001
0 -30.22250 -32.21270 121.59132 0.00000 -1.00000 0.00000 0.7483 0.9499
tube_rail2
0 -33.03217 -32.21270 115.49725 0.00000 -1.00000 0.00000 0.7483 0.9023
0 -30.22250 -32.21270 121.59132 0.00000 -1.00000 0.00000 0.7483 0.9499
0 -32.41779 -32.21270 121.73521 0.00000 -1.00000 0.00000 0.7483 0.9511
tube_rail2
0 30.84206 -32.21270 107.08805 0.99518 0.00000 -0.09802 0.7483 0.8366
0 30.84206 -30.01270 107.08805 0.99518 0.00000 -0.09802 0.7655 0.8366
0 31.86967 -30.01270 117.52159 0.99518 0.00000 -0.09802 0.7655 0.9181
tube_rail2
0 30.84206 -32.21270 107.08805 0.99518 0.00000 -0.09802 0.7483 0.8366
0 31.86967 -30.01270 117.52159 0.99518 0.00000 -0.09802 0.7655 0.9181
0 31.86967 -32.21270 117.52159 0.99518 0.00000 -0.09802 0.7483 0.9181
tube_rail2
0 30.84206 -30.01270 107.08805 0.00000 1.00000 0.00000 0.7655 0.8366
0 28.66088 -30.01270 107.37520 0.00000 1.00000 0.00000 0.7655 0.8389
0 29.67438 -30.01270 117.66548 0.00000 1.00000 0.00000 0.7655 0.9193
tube_rail2
0 30.84206 -30.01270 107.08805 0.00000 1.00000 0.00000 0.7655 0.8366
0 29.67438 -30.01270 117.66548 0.00000 1.00000 0.00000 0.7655 0.9193
0 31.86967 -30.01270 117.52159 0.00000 1.00000 0.00000 0.7655 0.9181
tube_rail2
0 28.66088 -30.01270 107.37520 -0.99518 0.00000 0.09802 0.7655 0.8389
0 28.66088 -32.21270 107.37520 -0.99518 0.00000 0.09802 0.7483 0.8389
0 29.67438 -32.21270 117.66548 -0.99518 0.00000 0.09802 0.7483 0.9193
tube_rail2
0 28.66088 -30.01270 107.37520 -0.99518 0.00000 0.09802 0.7655 0.8389
0 29.67438 -32.21270 117.66548 -0.99518 0.00000 0.09802 0.7483 0.9193
0 29.67438 -30.01270 117.66548 -0.99518 0.00000 0.09802 0.7655 0.9193
tube_rail2
0 28.66088 -32.21270 107.37520 0.00000 -1.00000 0.00000 0.7483 0.8389
0 30.84206 -32.21270 107.08805 0.00000 -1.00000 0.00000 0.7483 0.8366
0 31.86967 -32.21270 117.52159 0.00000 -1.00000 0.00000 0.7483 0.9181
tube_rail2
0 28.66088 -32.21270 107.37520 0.00000 -1.00000 0.00000 0.7483 0.8389
0 31.86967 -32.21270 117.52159 0.00000 -1.00000 0.00000 0.7483 0.9181
0 29.67438 -32.21270 117.66548 0.00000 -1.00000 0.00000 0.7483 0.9193
tube_rail2
0 30.84206 30.01270 107.08805 0.99518 0.00000 -0.09802 0.2345 0.8366
0 30.84206 32.21270 107.08805 0.99518 0.00000 -0.09802 0.2517 0.8366
0 31.86967 32.21270 117.52159 0.99518 0.00000 -0.09802 0.2517 0.9181
tube_rail2
0 30.84206 30.01270 107.08805 0.99518 0.00000 -0.09802 0.2345 0.8366
0 31.86967 32.21270 117.52159 0.99518 0.00000 -0.09802 0.2517 0.9181
0 31.86967 30.01270 117.52159 0.99518 0.00000 -0.09802 0.2345 0.9181
tube_rail2
0 30.84206 32.21270 107.08805 0.00000 1.00000 0.00000 0.2517 0.8366
0 28.66088 32.21270 107.37520 0.00000 1.00000 0.00000 0.2517 0.8389
0 29.67438 32.21270 117.66548 0.00000 1.00000 0.00000 0.2517 0.9193
tube_rail2
0 30.84206 32.21270 107.08805 0.00000 1.00000 0.00000 0.2517 0.8366
0 29.67438 32.21270 117.66548 0.00000 1.00000 0.00000 0.2517 0.9193
0 31.86967 32.21270 117.52159 0.00000 1.00000 0.00000 0.2517 0.9181
tube_rail2
0 28.66088 32.21270 107.37520 -0.99518 0.00000 0.09802 0.2517 0.8389
0 28.66088 30.01270 107.37520 -0.99518 0.00000 0.09802 0.2345 0.8389
0 29.67438 30.01270 117.66548 -0.99518 0.00000 0.09802 0.2345 0.9193
tube_rail2
0 28.66088 32.21270 107.37520 -0.99518 0.00000 0.09802 0.2517 0.8389
0 29.67438 30.01270 117.66548 -0.99518 0.00000 0.09802 0.2345 0.9193
0 29.67438 32.21270 117.66548 -0.99518 0.00000 0.09802 0.2517 0.9193
tube_rail2
0 28.66088 30.01270 107.37520 0.00000 -1.00000 0.00000 0.2345 0.8389
0 30.84206 30.01270 107.08805 0.00000 -1.00000 0.00000 0.2345 0.8366
0 31.86967 30.01270 117.52159 0.00000 -1.00000 0.00000 0.2345 0.9181
tube_rail2
0 28.66088 30.01270 107.37520 0.00000 -1.00000 0.00000 0.2345 0.8389
0 31.86967 30.01270 117.52159 0.00000 -1.00000 0.00000 0.2345 0.9181
0 29.67438 30.01270 117.66548 0.00000 -1.00000 0.00000 0.2345 0.9193
tube_glass
0 -17.83981 42.49846 120.77972 -0.19509 0.98077 0.00639 0.3320 0.9436
0 -17.60344 42.49846 128.00000 -0.19509 0.98077 0.00639 0.3320 1.0000
0 0.00000 46.00000 128.00000 -0.19509 0.98077 0.00639 0.3594 1.0000
tube_glass
0 -17.83981 42.49846 120.77972 -0.19509 0.98077 0.00639 0.3320 0.9436
0 0.00000 46.00000 128.00000 -0.19509 0.98077 0.00639 0.3594 1.0000
0 -0.27406 46.00000 119.62840 -0.19509 0.98077 0.00639 0.3594 0.9346
tube_glass
0 -32.73133 32.52691 121.75576 -0.55548 0.83133 0.01818 0.2541 0.9512
0 -32.52691 32.52691 128.00000 -0.55548 0.83133 0.01818 0.2541 1.0000
0 -17.60344 42.49846 128.00000 -0.55548 0.83133 0.01818 0.3320 1.0000
tube_glass
0 -32.73133 32.52691 121.75576 -0.55548 0.83133 0.01818 0.2541 0.9512
0 -17.60344 42.49846 128.00000 -0.55548 0.83133 0.01818 0.3320 1.0000
0 -17.83981 42.49846 120.77972 -0.55548 0.83133 0.01818 0.3320 0.9436
tube_glass
0 -42.68152 17.60344 122.40793 -0.83116 0.55536 0.02721 0.1375 0.9563
0 -42.49846 17.60344 128.00000 -0.83116 0.55536 0.02721 0.1375 1.0000
0 -32.52691 32.52691 128.00000 -0.83116 0.55536 0.02721 0.2541 1.0000
tube_glass
0 -42.68152 17.60344 122.40793 -0.83116 0.55536 0.02721 0.1375 0.9563
0 -32.52691 32.52691 128.00000 -0.83116 0.55536 0.02721 0.2541 1.0000
0 -32.73133 32.52691 121.75576 -0.83116 0.55536 0.02721 0.2541 0.9512
tube_glass
0 -46.17557 0.00000 122.63694 -0.98028 0.19499 0.03209 0.0000 0.9581
0 -46.00000 0.00000 128.00000 -0.98028 0.19499 0.03209 0.0000 1.0000
0 -42.49846 17.60344 128.00000 -0.98028 0.19499 0.03209 0.1375 1.0000
tube_glass
0 -46.17557 0.00000 122.63694 -0.98028 0.19499 0.03209 0.0000 0.9581
0 -42.49846 17.60344 128.00000 -0.98028 0.19499 0.03209 0.1375 1.0000
0 -42.68152 17.60344 122.40793 -0.98028 0.19499 0.03209 0.1375 0.9563
tube_glass
0 -42.68152 -17.60344 122.40793 -0.98028 -0.19499 0.03209 0.8625 0.9563
0 -42.49846 -17.60344 128.00000 -0.98028 -0.19499 0.03209 0.8625 1.0000
0 -46.00000 0.00000 128.00000 -0.98028 -0.19499 0.03209 0.0000 1.0000
tube_glass
0 -42.68152 -17.60344 122.40793 -0.98028 -0.19499 0.03209 0.8625 0.9563
0 -46.00000 0.00000 128.00000 -0.98028 -0.19499 0.03209 0.0000 1.0000
0 -46.17557 0.00000 122.63694 -0.98028 -0.19499 0.03209 0.0000 0.9581
tube_glass
0 -32.73133 -32.52691 121.75576 -0.83116 -0.55536 0.02721 0.7459 0.9512
0 -32.52691 -32.52691 128.00000 -0.83116 -0.55536 0.02721 0.7459 1.0000
0 -42.49846 -17.60344 128.00000 -0.83116 -0.55536 0.02721 0.8625 1.0000
tube_glass
0 -32.73133 -32.52691 121.75576 -0.83116 -0.55536 0.02721 0.7459 0.9512
0 -42.49846 -17.60344 128.00000 -0.83116 -0.55536 0.02721 0.8625 1.0000
0 -42.68152 -17.60344 122.40793 -0.83116 -0.55536 0.02721 0.8625 0.9563
tube_glass
0 -17.83981 -42.49846 120.77972 -0.55548 -0.83133 0.01818 0.6680 0.9436
0 -17.60344 -42.49846 128.00000 -0.55548 -0.83133 0.01818 0.6680 1.0000
0 -32.52691 -32.52691 128.00000 -0.55548 -0.83133 0.01818 0.7459 1.0000
tube_glass
0 -17.83981 -42.49846 120.77972 -0.55548 -0.83133 0.01818 0.6680 0.9436
0 -32.52691 -32.52691 128.00000 -0.55548 -0.83133 0.01818 0.7459 1.0000
0 -32.73133 -32.52691 121.75576 -0.55548 -0.83133 0.01818 0.7459 0.9512
tube_glass
0 -0.27406 -46.00000 119.62840 -0.19509 -0.98077 0.00639 0.6406 0.9346
0 -0.00000 -46.00000 128.00000 -0.19509 -0.98077 0.00639 0.6406 1.0000
0 -17.60344 -42.49846 128.00000 -0.19509 -0.98077 0.00639 0.6680 1.0000
tube_glass
0 -0.27406 -46.00000 119.62840 -0.19509 -0.98077 0.00639 0.6406 0.9346
0 -17.60344 -42.49846 128.00000 -0.19509 -0.98077 0.00639 0.6680 1.0000
0 -17.83981 -42.49846 120.77972 -0.19509 -0.98077 0.00639 0.6680 0.9436
tube_glass
0 17.29169 -42.49846 118.47708 0.19509 -0.98077 -0.00639 0.6680 0.9256
0 17.60344 -42.49846 128.00000 0.19509 -0.98077 -0.00639 0.6680 1.0000
0 -0.00000 -46.00000 128.00000 0.19509 -0.98077 -0.00639 0.6406 1.0000
tube_glass
0 17.29169 -42.49846 118.47708 0.19509 -0.98077 -0.00639 0.6680 0.9256
0 -0.00000 -46.00000 128.00000 0.19509 -0.98077 -0.00639 0.6406 1.0000
0 -0.27406 -46.00000 119.62840 0.19509 -0.98077 -0.00639 0.6406 0.9346
tube_glass
0 32.18321 -32.52691 117.50104 0.55548 -0.83133 -0.01818 0.7459 0.9180
0 32.52691 -32.52691 128.00000 0.55548 -0.83133 -0.01818 0.7459 1.0000
0 17.60344 -42.49846 128.00000 0.55548 -0.83133 -0.01818 0.6680 1.0000
tube_glass
0 32.18321 -32.52691 117.50104 0.55548 -0.83133 -0.01818 0.7459 0.9180
0 17.60344 -42.49846 128.00000 0.55548 -0.83133 -0.01818 0.6680 1.0000
0 17.29169 -42.49846 118.47708 0.55548 -0.83133 -0.01818 0.6680 0.9256
tube_glass
0 42.13341 -17.60344 116.84887 0.83116 -0.55536 -0.02721 0.8625 0.9129
0 42.49846 -17.60344 128.00000 0.83116 -0.55536 -0.02721 0.8625 1.0000
0 32.52691 -32.52691 128.00000 0.83116 -0.55536 -0.02721 0.7459 1.0000
tube_glass
0 42.13341 -17.60344 116.84887 0.83116 -0.55536 -0.02721 0.8625 0.9129
0 32.52691 -32.52691 128.00000 0.83116 -0.55536 -0.02721 0.7459 1.0000
0 32.18321 -32.52691 117.50104 0.83116 -0.55536 -0.02721 0.7459 0.9180
tube_glass
0 45.62745 -0.00000 116.61986 0.98028 -0.19499 -0.03209 1.0000 0.9111
0 46.00000 -0.00000 128.00000 0.98028 -0.19499 -0.03209 1.0000 1.0000
0 42.49846 -17.60344 128.00000 0.98028 -0.19499 -0.03209 0.8625 1.0000
tube_glass
0 45.62745 -0.00000 116.61986 0.98028 -0.19499 -0.03209 1.0000 0.9111
0 42.49846 -17.60344 128.00000 0.98028 -0.19499 -0.03209 0.8625 1.0000
0 42.13341 -17.60344 116.84887 0.98028 -0.19499 -0.03209 0.8625 0.9129
tube_glass
0 42.13341 17.60344 116.84887 0.98028 0.19499 -0.03209 0.1375 0.9129
0 42.49846 17.60344 128.00000 0.98028 0.19499 -0.03209 0.1375 1.0000
0 46.00000 -0.00000 128.00000 0.98028 0.19499 -0.03209 1.0000 1.0000
tube_glass
0 42.13341 17.60344 116.84887 0.98028 0.19499 -0.03209 0.1375 0.9129
0 46.00000 -0.00000 128.00000 0.98028 0.19499 -0.03209 1.0000 1.0000
0 45.62745 -0.00000 116.61986 0.98028 0.19499 -0.03209 1.0000 0.9111
tube_glass
0 32.18321 32.52691 117.50104 0.83116 0.55536 -0.02721 0.2541 0.9180
0 32.52691 32.52691 128.00000 0.83116 0.55536 -0.02721 0.2541 1.0000
0 42.49846 17.60344 128.00000 0.83116 0.55536 -0.02721 0.1375 1.0000
tube_glass
0 32.18321 32.52691 117.50104 0.83116 0.55536 -0.02721 0.2541 0.9180
0 42.49846 17.60344 128.00000 0.83116 0.55536 -0.02721 0.1375 1.0000
0 42.13341 17.60344 116.84887 0.83116 0.55536 -0.02721 0.1375 0.9129
tube_glass
0 17.29169 42.49846 118.47708 0.55548 0.83133 -0.01818 0.3320 0.9256
0 17.60344 42.49846 128.00000 0.55548 0.83133 -0.01818 0.3320 1.0000
0 32.52691 32.52691 128.00000 0.55548 0.83133 -0.01818 0.2541 1.0000
tube_glass
0 17.29169 42.49846 118.47708 0.55548 0.83133 -0.01818 0.3320 0.9256
0 32.52691 32.52691 128.00000 0.55548 0.83133 -0.01818 0.2541 1.0000
0 32.18321 32.52691 117.50104 0.55548 0.83133 -0.01818 0.2541 0.9180
tube_glass
0 -0.27406 46.00000 119.62840 0.19509 0.98077 -0.00639 0.3594 0.9346
0 0.00000 46.00000 128.00000 0.19509 0.98077 -0.00639 0.3594 1.0000
0 17.60344 42.49846 128.00000 0.19509 0.98077 -0.00639 0.3320 1.0000
tube_glass
0 -0.27406 46.00000 119.62840 0.19509 0.98077 -0.00639 0.3594 0.9346
0 17.60344 42.49846 128.00000 0.19509 0.98077 -0.00639 0.3320 1.0000
0 17.29169 42.49846 118.47708 0.19509 0.98077 -0.00639 0.3320 0.9256
tube_rail2
0 -30.22250 30.01270 121.59132 0.99946 0.00000 -0.03272 0.2345 0.9499
0 -30.22250 32.21270 121.59132 0.99946 0.00000 -0.03272 0.2517 0.9499
0 -30.01270 32.21270 128.00000 0.99946 0.00000 -0.03272 0.2517 1.0000
tube_rail2
0 -30.22250 30.01270 121.59132 0.99946 0.00000 -0.03272 0.2345 0.9499
0 -30.01270 32.21270 128.00000 0.99946 0.00000 -0.03272 0.2517 1.0000
0 -30.01270 30.01270 128.00000 0.99946 0.00000 -0.03272 0.2345 1.0000
tube_rail2
0 -30.22250 32.21270 121.59132 0.00000 1.00000 0.00000 0.2517 0.9499
0 -32.41779 32.21270 121.73521 0.00000 1.00000 0.00000 0.2517 0.9511
0 -32.21270 32.21270 128.00000 0.00000 1.00000 0.00000 0.2517 1.0000
tube_rail2
0 -30.22250 32.21270 121.59132 0.00000 1.00000 0.00000 0.2517 0.9499
0 -32.21270 32.21270 128.00000 0.00000 1.00000 0.00000 0.2517 1.0000
0 -30.01270 32.21270 128.00000 0.00000 1.00000 0.00000 0.2517 1.0000
tube_rail2
0 -32.41779 32.21270 121.73521 -0.99946 0.00000 0.03272 0.2517 0.9511
0 -32.41779 30.01270 121.73521 -0.99946 0.00000 0.03272 0.2345 0.9511
0 -32.21270 30.01270 128.00000 -0.99946 0.00000 0.03272 0.2345 1.0000
tube_rail2
0 -32.41779 32.21270 121.73521 -0.99946 0.00000 0.03272 0.2517 0.9511
0 -32.21270 30.01270 128.00000 -0.99946 0.00000 0.03272 0.2345 1.0000
0 -32.21270 32.21270 128.00000 -0.99946 0.00000 0.03272 0.2517 1.0000
tube_rail2
0 -32.41779 30.01270 121.73521 0.00000 -1.00000 0.00000 0.2345 0.9511
0 -30.22250 30.01270 121.59132 0.00000 -1.00000 0.00000 0.2345 0.9499
0 -30.01270 30.01270 128.00000 0.00000 -1.00000 0.00000 0.2345 1.0000
tube_rail2
0 -32.41779 30.01270 121.73521 0.00000 -1.00000 0.00000 0.2345 0.9511
0 -30.01270 30.01270 128.00000 0.00000 -1.00000 0.00000 0.2345 1.0000
0 -32.21270 30.01270 128.00000 0.00000 -1.00000 0.00000 0.2345 1.0000
tube_rail2
0 -30.22250 -32.21270 121.59132 0.99946 0.00000 -0.03272 0.7483 0.9499
0 -30.22250 -30.01270 121.59132 0.99946 0.00000 -0.03272 0.7655 0.9499
0 -30.01270 -30.01270 128.00000 0.99946 0.00000 -0.03272 0.7655 1.0000
tube_rail2
0 -30.22250 -32.21270 121.59132 0.99946 0.00000 -0.03272 0.7483 0.9499
0 -30.01270 -30.01270 128.00000 0.99946 0.00000 -0.03272 0.7655 1.0000
0 -30.01270 -32.21270 128.00000 0.99946 0.00000 -0.03272 0.7483 1.0000
tube_rail2
0 -30.22250 -30.01270 121.59132 0.00000 1.00000 0.00000 0.7655 0.9499
0 -32.41779 -30.01270 121.73521 0.00000 1.00000 0.00000 0.7655 0.9511
0 -32.21270 -30.01270 128.00000 0.00000 1.00000 0.00000 0.7655 1.0000
tube_rail2
0 -30.22250 -30.01270 121.59132 0.00000 1.00000 0.00000 0.7655 0.9499
0 -32.21270 -30.01270 128.00000 0.00000 1.00000 0.00000 0.7655 1.0000
0 -30.01270 -30.01270 128.00000 0.00000 1.00000 0.00000 0.7655 1.0000
tube_rail2
0 -32.41779 -30.01270 121.73521 -0.99946 0.00000 0.03272 0.7655 0.9511
0 -32.41779 -32.21270 121.73521 -0.99946 0.00000 0.03272 0.7483 0.9511
0 -32.21270 -32.21270 128.00000 -0.99946 0.00000 0.03272 0.7483 1.0000
tube_rail2
0 -32.41779 -30.01270 121.73521 -0.99946 0.00000 0.03272 0.7655 0.9511
0 -32.21270 -32.21270 128.00000 -0.99946 0.00000 0.03272 0.7483 1.0000
0 -32.21270 -30.01270 128.00000 -0.99946 0.00000 0.03272 0.7655 1.0000
tube_rail2
0 -32.41779 -32.21270 121.73521 0.00000 -1.00000 0.00000 0.7483 0.9511
0 -30.22250 -32.21270 121.59132 0.00000 -1.00000 0.00000 0.7483 0.9499
0 -30.01270 -32.21270 128.00000 0.00000 -1.00000 0.00000 0.7483 1.0000
tube_rail2
0 -32.41779 -32.21270 121.73521 0.00000 -1.00000 0.00000 0.7483 0.9511
0 -30.01270 -32.21270 128.00000 0.00000 -1.00000 0.00000 0.7483 1.0000
0 -32.21270 -32.21270 128.00000 0.00000 -1.00000 0.00000 0.7483 1.0000
tube_rail2
0 31.86967 -32.21270 117.52159 0.99946 0.00000 -0.03272 0.7483 0.9181
0 31.86967 -30.01270 117.52159 0.99946 0.00000 -0.03272 0.7655 0.9181
0 32.21270 -30.01270 128.00000 0.99946 0.00000 -0.03272 0.7655 1.0000
tube_rail2
0 31.86967 -32.21270 117.52159 0.99946 0.00000 -0.03272 0.7483 0.9181
0 32.21270 -30.01270 128.00000 0.99946 0.00000 -0.03272 0.7655 1.0000
0 32.21270 -32.21270 128.00000 0.99946 0.00000 -0.03272 0.7483 1.0000
tube_rail2
0 31.86967 -30.01270 117.52159 0.00000 1.00000 0.00000 0.7655 0.9181
0 29.67438 -30.01270 117.66548 0.00000 1.00000 0.00000 0.7655 0.9193
0 30.01270 -30.01270 128.00000 0.00000 1.00000 0.00000 0.7655 1.0000
tube_rail2
0 31.86967 -30.01270 117.52159 0.00000 1.00000 0.00000 0.7655 0.9181
0 30.01270 -30.01270 128.00000 0.00000 1.00000 0.00000 0.7655 1.0000
0 32.21270 -30.01270 128.00000 0.00000 1.00000 0.00000 0.7655 1.0000
tube_rail2
0 29.67438 -30.01270 117.66548 -0.99946 0.00000 0.03272 0.7655 0.9193
0 29.67438 -32.21270 117.66548 -0.99946 0.00000 0.03272 0.7483 0.9193
0 30.01270 -32.21270 128.00000 -0.99946 0.00000 0.03272 0.7483 1.0000
tube_rail2
0 29.67438 -30.01270 117.66548 -0.99946 0.00000 0.03272 0.7655 0.9193
0 30.01270 -32.21270 128.00000 -0.99946 0.00000 0.03272 0.7483 1.0000
0 30.01270 -30.01270 128.00000 -0.99946 0.00000 0.03272 0.7655 1.0000
tube_rail2
0 29.67438 -32.21270 117.66548 0.00000 -1.00000 0.00000 0.7483 0.9193
0 31.86967 -32.21270 117.52159 0.00000 -1.00000 0.00000 0.7483 0.9181
0 32.21270 -32.21270 128.00000 0.00000 -1.00000 0.00000 0.7483 1.0000
tube_rail2
0 29.67438 -32.21270 117.66548 0.00000 -1.00000 0.00000 0.7483 0.9193
0 32.21270 -32.21270 128.00000 0.00000 -1.00000 0.00000 0.7483 1.0000
0 30.01270 -32.21270 128.00000 0.00000 -1.00000 0.00000 0.7483 1.0000
tube_rail2
0 31.86967 30.01270 117.52159 0.99946 0.00000 -0.03272 0.2345 0.9181
0 31.86967 32.21270 117.52159 0.99946 0.00000 -0.03272 0.2517 0.9181
0 32.21270 32.21270 128.00000 0.99946 0.00000 -0.03272 0.2517 1.0000
tube_rail2
0 31.86967 30.01270 117.52159 0.99946 0.00000 -0.03272 0.2345 0.9181
0 32.21270 32.21270 128.00000 0.99946 0.00000 -0.03272 0.2517 1.0000
0 32.21270 30.01270 128.00000 0.99946 0.00000 -0.03272 0.2345 1.0000
tube_rail2
0 31.86967 32.21270 117.52159 0.00000 1.00000 0.00000 0.2517 0.9181
0 29.67438 32.21270 117.66548 0.00000 1.00000 0.00000 0.2517 0.9193
0 30.01270 32.21270 128.00000 0.00000 1.00000 0.00000 0.2517 1.0000
tube_rail2
0 31.86967 32.21270 117.52159 0.00000 1.00000 0.00000 0.2517 0.9181
0 30.01270 32.21270 128.00000 0.00000 1.00000 0.00000 0.2517 1.0000
0 32.21270 32.21270 128.00000 0.00000 1.00000 0.00000 0.2517 1.0000
tube_rail2
0 29.67438 32.21270 117.66548 -0.99946 0.00000 0.03272 0.2517 0.9193
0 29.67438 30.01270 117.66548 -0.99946 0.00000 0.03272 0.2345 0.9193
0 30.01270 30.01270 128.00000 -0.99946 0.00000 0.03272 0.2345 1.0000
tube_rail2
0 29.67438 32.21270 117.66548 -0.99946 0.00000 0.03272 0.2517 0.9193
0 30.01270 30.01270 128.00000 -0.99946 0.00000 0.03272 0.2345 1.0000
0 30.01270 32.21270 128.00000 -0.99946 0.00000 0.03272 0.2517 1.0000
tube_rail2
0 29.67438 30.01270 117.66548 0.00000 -1.00000 0.00000 0.2345 0.9193
0 31.86967 30.01270 117.52159 0.00000 -1.00000 0.00000 0.2345 0.9181
0 32.21270 30.01270 128.00000 0.00000 -1.00000 0.00000 0.2345 1.0000
tube_rail2
0 29.67438 30.01270 117.66548 0.00000 -1.00000 0.00000 0.2345 0.9193
0 32.21270 30.01270 128.00000 0.00000 -1.00000 0.00000 0.2345 1.0000
0 30.01270 30.01270 128.00000 0.00000 -1.00000 0.00000 0.2345 1.0000
end
