version 1
nodes
0 "root" -1
end
skeleton
time 0
0 0 0 0 0 0 0
end
triangles
podwall_back
0 -6.00000 -288.00000 160.00000 -1.00000 0.00000 0.00000 0.7500 0.2500
0 -6.00000 288.00000 160.00000 -1.00000 0.00000 0.00000 0.2500 0.2500
0 -6.00000 288.00000 -160.00000 -1.00000 0.00000 0.00000 0.2500 0.7500
podwall_back
0 -6.00000 -288.00000 160.00000 -1.00000 0.00000 0.00000 0.7500 0.2500
0 -6.00000 288.00000 -160.00000 -1.00000 0.00000 0.00000 0.2500 0.7500
0 -6.00000 -288.00000 -160.00000 -1.00000 0.00000 0.00000 0.7500 0.7500
podwall_back
0 0.00000 -288.00000 -160.00000 1.00000 0.00000 0.00000 0.7500 0.7500
0 0.00000 288.00000 -160.00000 1.00000 0.00000 0.00000 0.2500 0.7500
0 0.00000 288.00000 160.00000 1.00000 0.00000 0.00000 0.2500 0.2500
podwall_back
0 0.00000 -288.00000 -160.00000 1.00000 0.00000 0.00000 0.7500 0.7500
0 0.00000 288.00000 160.00000 1.00000 0.00000 0.00000 0.2500 0.2500
0 0.00000 -288.00000 160.00000 1.00000 0.00000 0.00000 0.7500 0.2500
podwall_back
0 -6.00000 -288.00000 -160.00000 0.00000 -1.00000 0.00000 0.7500 0.7500
0 0.00000 -288.00000 -160.00000 0.00000 -1.00000 0.00000 0.7500 0.7500
0 0.00000 -288.00000 160.00000 0.00000 -1.00000 0.00000 0.7500 0.2500
podwall_back
0 -6.00000 -288.00000 -160.00000 0.00000 -1.00000 0.00000 0.7500 0.7500
0 0.00000 -288.00000 160.00000 0.00000 -1.00000 0.00000 0.7500 0.2500
0 -6.00000 -288.00000 160.00000 0.00000 -1.00000 0.00000 0.7500 0.2500
podwall_back
0 -6.00000 288.00000 160.00000 0.00000 1.00000 0.00000 0.2500 0.2500
0 0.00000 288.00000 160.00000 0.00000 1.00000 0.00000 0.2500 0.2500
0 0.00000 288.00000 -160.00000 0.00000 1.00000 0.00000 0.2500 0.7500
podwall_back
0 -6.00000 288.00000 160.00000 0.00000 1.00000 0.00000 0.2500 0.2500
0 0.00000 288.00000 -160.00000 0.00000 1.00000 0.00000 0.2500 0.7500
0 -6.00000 288.00000 -160.00000 0.00000 1.00000 0.00000 0.2500 0.7500
podwall_back
0 -6.00000 288.00000 -160.00000 0.00000 0.00000 -1.00000 0.2500 0.7500
0 0.00000 288.00000 -160.00000 0.00000 0.00000 -1.00000 0.2500 0.7500
0 0.00000 -288.00000 -160.00000 0.00000 0.00000 -1.00000 0.7500 0.7500
podwall_back
0 -6.00000 288.00000 -160.00000 0.00000 0.00000 -1.00000 0.2500 0.7500
0 0.00000 -288.00000 -160.00000 0.00000 0.00000 -1.00000 0.7500 0.7500
0 -6.00000 -288.00000 -160.00000 0.00000 0.00000 -1.00000 0.7500 0.7500
podwall_back
0 -6.00000 -288.00000 160.00000 0.00000 0.00000 1.00000 0.7500 0.2500
0 0.00000 -288.00000 160.00000 0.00000 0.00000 1.00000 0.7500 0.2500
0 0.00000 288.00000 160.00000 0.00000 0.00000 1.00000 0.2500 0.2500
podwall_back
0 -6.00000 -288.00000 160.00000 0.00000 0.00000 1.00000 0.7500 0.2500
0 0.00000 288.00000 160.00000 0.00000 0.00000 1.00000 0.2500 0.2500
0 -6.00000 288.00000 160.00000 0.00000 0.00000 1.00000 0.2500 0.2500
podwall_s3
0 0.00000 -204.00000 -120.00000 0.18219 0.95861 0.21880 0.4062 0.0625
0 0.00000 -207.56512 -104.38019 0.18219 0.95861 0.21880 0.3784 0.1845
0 9.27051 -209.15260 -105.14467 0.18219 0.95861 0.21880 0.3660 0.1786
podwall_s3
0 0.00000 -204.00000 -120.00000 0.18219 0.95861 0.21880 0.4062 0.0625
0 9.27051 -209.15260 -105.14467 0.18219 0.95861 0.21880 0.3660 0.1786
0 9.27051 -205.76197 -120.00000 0.18219 0.95861 0.21880 0.3925 0.0625
podwall_s3
0 0.00000 -207.56512 -104.38019 0.18219 0.76875 0.61305 0.3784 0.1845
0 0.00000 -217.55437 -91.85407 0.18219 0.76875 0.61305 0.3004 0.2824
0 9.27051 -218.65293 -93.23163 0.18219 0.76875 0.61305 0.2918 0.2716
podwall_s3
0 0.00000 -207.56512 -104.38019 0.18219 0.76875 0.61305 0.3784 0.1845
0 9.27051 -218.65293 -93.23163 0.18219 0.76875 0.61305 0.2918 0.2716
0 9.27051 -209.15260 -105.14467 0.18219 0.76875 0.61305 0.3660 0.1786
podwall_s2
0 0.00000 -217.55437 -91.85407 0.18219 0.42662 0.88589 0.3004 0.2824
0 0.00000 -231.98925 -84.90260 0.18219 0.42662 0.88589 0.1876 0.3367
0 9.27051 -232.38132 -86.62038 0.18219 0.42662 0.88589 0.1845 0.3233
podwall_s2
0 0.00000 -217.55437 -91.85407 0.18219 0.42662 0.88589 0.3004 0.2824
0 9.27051 -232.38132 -86.62038 0.18219 0.42662 0.88589 0.1845 0.3233
0 9.27051 -218.65293 -93.23163 0.18219 0.42662 0.88589 0.2918 0.2716
podwall_s2
0 0.00000 -231.98925 -84.90260 0.18219 0.00000 0.98326 0.1876 0.3367
0 0.00000 -248.01075 -84.90260 0.18219 0.00000 0.98326 0.0624 0.3367
0 9.27051 -247.61868 -86.62038 0.18219 0.00000 0.98326 0.0655 0.3233
podwall_s2
0 0.00000 -231.98925 -84.90260 0.18219 0.00000 0.98326 0.1876 0.3367
0 9.27051 -247.61868 -86.62038 0.18219 0.00000 0.98326 0.0655 0.3233
0 9.27051 -232.38132 -86.62038 0.18219 0.00000 0.98326 0.1845 0.3233
podwall_s2
0 0.00000 -248.01075 -84.90260 0.18219 -0.42662 0.88589 0.0624 0.3367
0 0.00000 -262.44563 -91.85407 0.18219 -0.42662 0.88589 0.9496 0.2824
0 9.27051 -261.34707 -93.23163 0.18219 -0.42662 0.88589 0.9582 0.2716
podwall_s2
0 0.00000 -248.01075 -84.90260 0.18219 -0.42662 0.88589 0.0624 0.3367
0 9.27051 -261.34707 -93.23163 0.18219 -0.42662 0.88589 0.9582 0.2716
0 9.27051 -247.61868 -86.62038 0.18219 -0.42662 0.88589 0.0655 0.3233
podwall_s3
0 0.00000 -262.44563 -91.85407 0.18219 -0.76875 0.61305 0.9496 0.2824
0 0.00000 -272.43488 -104.38019 0.18219 -0.76875 0.61305 0.8716 0.1845
0 9.27051 -270.84740 -105.14467 0.18219 -0.76875 0.61305 0.8840 0.1786
podwall_s3
0 0.00000 -262.44563 -91.85407 0.18219 -0.76875 0.61305 0.9496 0.2824
0 9.27051 -270.84740 -105.14467 0.18219 -0.76875 0.61305 0.8840 0.1786
0 9.27051 -261.34707 -93.23163 0.18219 -0.76875 0.61305 0.9582 0.2716
podwall_s3
0 0.00000 -272.43488 -104.38019 0.18219 -0.95861 0.21880 0.8716 0.1845
0 0.00000 -276.00000 -120.00000 0.18219 -0.95861 0.21880 0.8438 0.0625
0 9.27051 -274.23803 -120.00000 0.18219 -0.95861 0.21880 0.8575 0.0625
podwall_s3
0 0.00000 -272.43488 -104.38019 0.18219 -0.95861 0.21880 0.8716 0.1845
0 9.27051 -274.23803 -120.00000 0.18219 -0.95861 0.21880 0.8575 0.0625
0 9.27051 -270.84740 -105.14467 0.18219 -0.95861 0.21880 0.8840 0.1786
podwall_s4
0 0.00000 -276.00000 -120.00000 0.18219 -0.95861 -0.21880 0.8438 0.0625
0 0.00000 -272.43488 -135.61981 0.18219 -0.95861 -0.21880 0.8716 0.9405
0 9.27051 -270.84740 -134.85533 0.18219 -0.95861 -0.21880 0.8840 0.9464
podwall_s4
0 0.00000 -276.00000 -120.00000 0.18219 -0.95861 -0.21880 0.8438 0.0625
0 9.27051 -270.84740 -134.85533 0.18219 -0.95861 -0.21880 0.8840 0.9464
0 9.27051 -274.23803 -120.00000 0.18219 -0.95861 -0.21880 0.8575 0.0625
podwall_s5
0 0.00000 -272.43488 -135.61981 0.18219 -0.76875 -0.61305 0.8716 0.9405
0 0.00000 -262.44563 -148.14593 0.18219 -0.76875 -0.61305 0.9496 0.8426
0 9.27051 -261.34707 -146.76837 0.18219 -0.76875 -0.61305 0.9582 0.8534
podwall_s5
0 0.00000 -272.43488 -135.61981 0.18219 -0.76875 -0.61305 0.8716 0.9405
0 9.27051 -261.34707 -146.76837 0.18219 -0.76875 -0.61305 0.9582 0.8534
0 9.27051 -270.84740 -134.85533 0.18219 -0.76875 -0.61305 0.8840 0.9464
podwall_s5
0 0.00000 -262.44563 -148.14593 0.18219 -0.42662 -0.88589 0.9496 0.8426
0 0.00000 -248.01075 -155.09740 0.18219 -0.42662 -0.88589 0.0624 0.7883
0 9.27051 -247.61868 -153.37962 0.18219 -0.42662 -0.88589 0.0655 0.8017
podwall_s5
0 0.00000 -262.44563 -148.14593 0.18219 -0.42662 -0.88589 0.9496 0.8426
0 9.27051 -247.61868 -153.37962 0.18219 -0.42662 -0.88589 0.0655 0.8017
0 9.27051 -261.34707 -146.76837 0.18219 -0.42662 -0.88589 0.9582 0.8534
podwall_s5
0 0.00000 -248.01075 -155.09740 0.18219 0.00000 -0.98326 0.0624 0.7883
0 0.00000 -231.98925 -155.09740 0.18219 0.00000 -0.98326 0.1876 0.7883
0 9.27051 -232.38132 -153.37962 0.18219 0.00000 -0.98326 0.1845 0.8017
podwall_s5
0 0.00000 -248.01075 -155.09740 0.18219 0.00000 -0.98326 0.0624 0.7883
0 9.27051 -232.38132 -153.37962 0.18219 0.00000 -0.98326 0.1845 0.8017
0 9.27051 -247.61868 -153.37962 0.18219 0.00000 -0.98326 0.0655 0.8017
podwall_s5
0 0.00000 -231.98925 -155.09740 0.18219 0.42662 -0.88589 0.1876 0.7883
0 0.00000 -217.55437 -148.14593 0.18219 0.42662 -0.88589 0.3004 0.8426
0 9.27051 -218.65293 -146.76837 0.18219 0.42662 -0.88589 0.2918 0.8534
podwall_s5
0 0.00000 -231.98925 -155.09740 0.18219 0.42662 -0.88589 0.1876 0.7883
0 9.27051 -218.65293 -146.76837 0.18219 0.42662 -0.88589 0.2918 0.8534
0 9.27051 -232.38132 -153.37962 0.18219 0.42662 -0.88589 0.1845 0.8017
podwall_s5
0 0.00000 -217.55437 -148.14593 0.18219 0.76875 -0.61305 0.3004 0.8426
0 0.00000 -207.56512 -135.61981 0.18219 0.76875 -0.61305 0.3784 0.9405
0 9.27051 -209.15260 -134.85533 0.18219 0.76875 -0.61305 0.3660 0.9464
podwall_s5
0 0.00000 -217.55437 -148.14593 0.18219 0.76875 -0.61305 0.3004 0.8426
0 9.27051 -209.15260 -134.85533 0.18219 0.76875 -0.61305 0.3660 0.9464
0 9.27051 -218.65293 -146.76837 0.18219 0.76875 -0.61305 0.2918 0.8534
podwall_s4
0 0.00000 -207.56512 -135.61981 0.18219 0.95861 -0.21880 0.3784 0.9405
0 0.00000 -204.00000 -120.00000 0.18219 0.95861 -0.21880 0.4062 0.0625
0 9.27051 -205.76197 -120.00000 0.18219 0.95861 -0.21880 0.3925 0.0625
podwall_s4
0 0.00000 -207.56512 -135.61981 0.18219 0.95861 -0.21880 0.3784 0.9405
0 9.27051 -205.76197 -120.00000 0.18219 0.95861 -0.21880 0.3925 0.0625
0 9.27051 -209.15260 -134.85533 0.18219 0.95861 -0.21880 0.3660 0.9464
podwall_s4
0 9.27051 -205.76197 -120.00000 0.51203 0.83743 0.19114 0.3925 0.0625
0 9.27051 -209.15260 -105.14467 0.51203 0.83743 0.19114 0.3660 0.1786
0 17.63356 -213.75963 -107.36330 0.51203 0.83743 0.19114 0.3300 0.1612
podwall_s4
0 9.27051 -205.76197 -120.00000 0.51203 0.83743 0.19114 0.3925 0.0625
0 17.63356 -213.75963 -107.36330 0.51203 0.83743 0.19114 0.3300 0.1612
0 17.63356 -210.87539 -120.00000 0.51203 0.83743 0.19114 0.3525 0.0625
podwall_s4
0 9.27051 -209.15260 -105.14467 0.51203 0.67157 0.53556 0.3660 0.1786
0 9.27051 -218.65293 -93.23163 0.51203 0.67157 0.53556 0.2918 0.2716
0 17.63356 -221.84110 -97.22946 0.51203 0.67157 0.53556 0.2669 0.2404
podwall_s4
0 9.27051 -209.15260 -105.14467 0.51203 0.67157 0.53556 0.3660 0.1786
0 17.63356 -221.84110 -97.22946 0.51203 0.67157 0.53556 0.2669 0.2404
0 17.63356 -213.75963 -107.36330 0.51203 0.67157 0.53556 0.3300 0.1612
podwall_s3
0 9.27051 -218.65293 -93.23163 0.51203 0.37269 0.77390 0.2918 0.2716
0 9.27051 -232.38132 -86.62038 0.51203 0.37269 0.77390 0.1845 0.3233
0 17.63356 -233.51916 -91.60560 0.51203 0.37269 0.77390 0.1756 0.2843
podwall_s3
0 9.27051 -218.65293 -93.23163 0.51203 0.37269 0.77390 0.2918 0.2716
0 17.63356 -233.51916 -91.60560 0.51203 0.37269 0.77390 0.1756 0.2843
0 17.63356 -221.84110 -97.22946 0.51203 0.37269 0.77390 0.2669 0.2404
podwall_s3
0 9.27051 -232.38132 -86.62038 0.51203 0.00000 0.85897 0.1845 0.3233
0 9.27051 -247.61868 -86.62038 0.51203 0.00000 0.85897 0.0655 0.3233
0 17.63356 -246.48084 -91.60560 0.51203 0.00000 0.85897 0.0744 0.2843
podwall_s3
0 9.27051 -232.38132 -86.62038 0.51203 0.00000 0.85897 0.1845 0.3233
0 17.63356 -246.48084 -91.60560 0.51203 0.00000 0.85897 0.0744 0.2843
0 17.63356 -233.51916 -91.60560 0.51203 0.00000 0.85897 0.1756 0.2843
podwall_s3
0 9.27051 -247.61868 -86.62038 0.51203 -0.37269 0.77390 0.0655 0.3233
0 9.27051 -261.34707 -93.23163 0.51203 -0.37269 0.77390 0.9582 0.2716
0 17.63356 -258.15890 -97.22946 0.51203 -0.37269 0.77390 0.9831 0.2404
podwall_s3
0 9.27051 -247.61868 -86.62038 0.51203 -0.37269 0.77390 0.0655 0.3233
0 17.63356 -258.15890 -97.22946 0.51203 -0.37269 0.77390 0.9831 0.2404
0 17.63356 -246.48084 -91.60560 0.51203 -0.37269 0.77390 0.0744 0.2843
podwall_s4
0 9.27051 -261.34707 -93.23163 0.51203 -0.67157 0.53556 0.9582 0.2716
0 9.27051 -270.84740 -105.14467 0.51203 -0.67157 0.53556 0.8840 0.1786
0 17.63356 -266.24037 -107.36330 0.51203 -0.67157 0.53556 0.9200 0.1612
podwall_s4
0 9.27051 -261.34707 -93.23163 0.51203 -0.67157 0.53556 0.9582 0.2716
0 17.63356 -266.24037 -107.36330 0.51203 -0.67157 0.53556 0.9200 0.1612
0 17.63356 -258.15890 -97.22946 0.51203 -0.67157 0.53556 0.9831 0.2404
podwall_s4
0 9.27051 -270.84740 -105.14467 0.51203 -0.83743 0.19114 0.8840 0.1786
0 9.27051 -274.23803 -120.00000 0.51203 -0.83743 0.19114 0.8575 0.0625
0 17.63356 -269.12461 -120.00000 0.51203 -0.83743 0.19114 0.8975 0.0625
podwall_s4
0 9.27051 -270.84740 -105.14467 0.51203 -0.83743 0.19114 0.8840 0.1786
0 17.63356 -269.12461 -120.00000 0.51203 -0.83743 0.19114 0.8975 0.0625
0 17.63356 -266.24037 -107.36330 0.51203 -0.83743 0.19114 0.9200 0.1612
podwall_s5
0 9.27051 -274.23803 -120.00000 0.51203 -0.83743 -0.19114 0.8575 0.0625
0 9.27051 -270.84740 -134.85533 0.51203 -0.83743 -0.19114 0.8840 0.9464
0 17.63356 -266.24037 -132.63670 0.51203 -0.83743 -0.19114 0.9200 0.9638
podwall_s5
0 9.27051 -274.23803 -120.00000 0.51203 -0.83743 -0.19114 0.8575 0.0625
0 17.63356 -266.24037 -132.63670 0.51203 -0.83743 -0.19114 0.9200 0.9638
0 17.63356 -269.12461 -120.00000 0.51203 -0.83743 -0.19114 0.8975 0.0625
podwall_s6
0 9.27051 -270.84740 -134.85533 0.51203 -0.67157 -0.53556 0.8840 0.9464
0 9.27051 -261.34707 -146.76837 0.51203 -0.67157 -0.53556 0.9582 0.8534
0 17.63356 -258.15890 -142.77054 0.51203 -0.67157 -0.53556 0.9831 0.8846
podwall_s6
0 9.27051 -270.84740 -134.85533 0.51203 -0.67157 -0.53556 0.8840 0.9464
0 17.63356 -258.15890 -142.77054 0.51203 -0.67157 -0.53556 0.9831 0.8846
0 17.63356 -266.24037 -132.63670 0.51203 -0.67157 -0.53556 0.9200 0.9638
podwall_s6
0 9.27051 -261.34707 -146.76837 0.51203 -0.37269 -0.77390 0.9582 0.8534
0 9.27051 -247.61868 -153.37962 0.51203 -0.37269 -0.77390 0.0655 0.8017
0 17.63356 -246.48084 -148.39440 0.51203 -0.37269 -0.77390 0.0744 0.8407
podwall_s6
0 9.27051 -261.34707 -146.76837 0.51203 -0.37269 -0.77390 0.9582 0.8534
0 17.63356 -246.48084 -148.39440 0.51203 -0.37269 -0.77390 0.0744 0.8407
0 17.63356 -258.15890 -142.77054 0.51203 -0.37269 -0.77390 0.9831 0.8846
podwall_s6
0 9.27051 -247.61868 -153.37962 0.51203 0.00000 -0.85897 0.0655 0.8017
0 9.27051 -232.38132 -153.37962 0.51203 0.00000 -0.85897 0.1845 0.8017
0 17.63356 -233.51916 -148.39440 0.51203 0.00000 -0.85897 0.1756 0.8407
podwall_s6
0 9.27051 -247.61868 -153.37962 0.51203 0.00000 -0.85897 0.0655 0.8017
0 17.63356 -233.51916 -148.39440 0.51203 0.00000 -0.85897 0.1756 0.8407
0 17.63356 -246.48084 -148.39440 0.51203 0.00000 -0.85897 0.0744 0.8407
podwall_s6
0 9.27051 -232.38132 -153.37962 0.51203 0.37269 -0.77390 0.1845 0.8017
0 9.27051 -218.65293 -146.76837 0.51203 0.37269 -0.77390 0.2918 0.8534
0 17.63356 -221.84110 -142.77054 0.51203 0.37269 -0.77390 0.2669 0.8846
podwall_s6
0 9.27051 -232.38132 -153.37962 0.51203 0.37269 -0.77390 0.1845 0.8017
0 17.63356 -221.84110 -142.77054 0.51203 0.37269 -0.77390 0.2669 0.8846
0 17.63356 -233.51916 -148.39440 0.51203 0.37269 -0.77390 0.1756 0.8407
podwall_s6
0 9.27051 -218.65293 -146.76837 0.51203 0.67157 -0.53556 0.2918 0.8534
0 9.27051 -209.15260 -134.85533 0.51203 0.67157 -0.53556 0.3660 0.9464
0 17.63356 -213.75963 -132.63670 0.51203 0.67157 -0.53556 0.3300 0.9638
podwall_s6
0 9.27051 -218.65293 -146.76837 0.51203 0.67157 -0.53556 0.2918 0.8534
0 17.63356 -213.75963 -132.63670 0.51203 0.67157 -0.53556 0.3300 0.9638
0 17.63356 -221.84110 -142.77054 0.51203 0.67157 -0.53556 0.2669 0.8846
podwall_s5
0 9.27051 -209.15260 -134.85533 0.51203 0.83743 -0.19114 0.3660 0.9464
0 9.27051 -205.76197 -120.00000 0.51203 0.83743 -0.19114 0.3925 0.0625
0 17.63356 -210.87539 -120.00000 0.51203 0.83743 -0.19114 0.3525 0.0625
podwall_s5
0 9.27051 -209.15260 -134.85533 0.51203 0.83743 -0.19114 0.3660 0.9464
0 17.63356 -210.87539 -120.00000 0.51203 0.83743 -0.19114 0.3525 0.0625
0 17.63356 -213.75963 -132.63670 0.51203 0.83743 -0.19114 0.3300 0.9638
podwall_s5
0 17.63356 -210.87539 -120.00000 0.76015 0.63346 0.14458 0.3525 0.0625
0 17.63356 -213.75963 -107.36330 0.76015 0.63346 0.14458 0.3300 0.1612
0 24.27051 -220.93526 -110.81890 0.76015 0.63346 0.14458 0.2739 0.1342
podwall_s5
0 17.63356 -210.87539 -120.00000 0.76015 0.63346 0.14458 0.3525 0.0625
0 24.27051 -220.93526 -110.81890 0.76015 0.63346 0.14458 0.2739 0.1342
0 24.27051 -218.83973 -120.00000 0.76015 0.63346 0.14458 0.2903 0.0625
podwall_s5
0 17.63356 -213.75963 -107.36330 0.76015 0.50799 0.40511 0.3300 0.1612
0 17.63356 -221.84110 -97.22946 0.76015 0.50799 0.40511 0.2669 0.2404
0 24.27051 -226.80679 -103.45624 0.76015 0.50799 0.40511 0.2281 0.1917
podwall_s5
0 17.63356 -213.75963 -107.36330 0.76015 0.50799 0.40511 0.3300 0.1612
0 24.27051 -226.80679 -103.45624 0.76015 0.50799 0.40511 0.2281 0.1917
0 24.27051 -220.93526 -110.81890 0.76015 0.50799 0.40511 0.2739 0.1342
podwall_s5
0 17.63356 -221.84110 -97.22946 0.76015 0.28192 0.58540 0.2669 0.2404
0 17.63356 -233.51916 -91.60560 0.76015 0.28192 0.58540 0.1756 0.2843
0 24.27051 -235.29140 -99.37026 0.76015 0.28192 0.58540 0.1618 0.2237
podwall_s5
0 17.63356 -221.84110 -97.22946 0.76015 0.28192 0.58540 0.2669 0.2404
0 24.27051 -235.29140 -99.37026 0.76015 0.28192 0.58540 0.1618 0.2237
0 24.27051 -226.80679 -103.45624 0.76015 0.28192 0.58540 0.2281 0.1917
podwall_s5
0 17.63356 -233.51916 -91.60560 0.76015 0.00000 0.64975 0.1756 0.2843
0 17.63356 -246.48084 -91.60560 0.76015 0.00000 0.64975 0.0744 0.2843
0 24.27051 -244.70860 -99.37026 0.76015 0.00000 0.64975 0.0882 0.2237
podwall_s5
0 17.63356 -233.51916 -91.60560 0.76015 0.00000 0.64975 0.1756 0.2843
0 24.27051 -244.70860 -99.37026 0.76015 0.00000 0.64975 0.0882 0.2237
0 24.27051 -235.29140 -99.37026 0.76015 0.00000 0.64975 0.1618 0.2237
podwall_s5
0 17.63356 -246.48084 -91.60560 0.76015 -0.28192 0.58540 0.0744 0.2843
0 17.63356 -258.15890 -97.22946 0.76015 -0.28192 0.58540 0.9831 0.2404
0 24.27051 -253.19321 -103.45624 0.76015 -0.28192 0.58540 0.0219 0.1917
podwall_s5
0 17.63356 -246.48084 -91.60560 0.76015 -0.28192 0.58540 0.0744 0.2843
0 24.27051 -253.19321 -103.45624 0.76015 -0.28192 0.58540 0.0219 0.1917
0 24.27051 -244.70860 -99.37026 0.76015 -0.28192 0.58540 0.0882 0.2237
podwall_s5
0 17.63356 -258.15890 -97.22946 0.76015 -0.50799 0.40511 0.9831 0.2404
0 17.63356 -266.24037 -107.36330 0.76015 -0.50799 0.40511 0.9200 0.1612
0 24.27051 -259.06474 -110.81890 0.76015 -0.50799 0.40511 0.9761 0.1342
podwall_s5
0 17.63356 -258.15890 -97.22946 0.76015 -0.50799 0.40511 0.9831 0.2404
0 24.27051 -259.06474 -110.81890 0.76015 -0.50799 0.40511 0.9761 0.1342
0 24.27051 -253.19321 -103.45624 0.76015 -0.50799 0.40511 0.0219 0.1917
podwall_s5
0 17.63356 -266.24037 -107.36330 0.76015 -0.63346 0.14458 0.9200 0.1612
0 17.63356 -269.12461 -120.00000 0.76015 -0.63346 0.14458 0.8975 0.0625
0 24.27051 -261.16027 -120.00000 0.76015 -0.63346 0.14458 0.9597 0.0625
podwall_s5
0 17.63356 -266.24037 -107.36330 0.76015 -0.63346 0.14458 0.9200 0.1612
0 24.27051 -261.16027 -120.00000 0.76015 -0.63346 0.14458 0.9597 0.0625
0 24.27051 -259.06474 -110.81890 0.76015 -0.63346 0.14458 0.9761 0.1342
podwall_s6
0 17.63356 -269.12461 -120.00000 0.76015 -0.63346 -0.14458 0.8975 0.0625
0 17.63356 -266.24037 -132.63670 0.76015 -0.63346 -0.14458 0.9200 0.9638
0 24.27051 -259.06474 -129.18110 0.76015 -0.63346 -0.14458 0.9761 0.9908
podwall_s6
0 17.63356 -269.12461 -120.00000 0.76015 -0.63346 -0.14458 0.8975 0.0625
0 24.27051 -259.06474 -129.18110 0.76015 -0.63346 -0.14458 0.9761 0.9908
0 24.27051 -261.16027 -120.00000 0.76015 -0.63346 -0.14458 0.9597 0.0625
podwall_s6
0 17.63356 -266.24037 -132.63670 0.76015 -0.50799 -0.40511 0.9200 0.9638
0 17.63356 -258.15890 -142.77054 0.76015 -0.50799 -0.40511 0.9831 0.8846
0 24.27051 -253.19321 -136.54376 0.76015 -0.50799 -0.40511 0.0219 0.9333
podwall_s6
0 17.63356 -266.24037 -132.63670 0.76015 -0.50799 -0.40511 0.9200 0.9638
0 24.27051 -253.19321 -136.54376 0.76015 -0.50799 -0.40511 0.0219 0.9333
0 24.27051 -259.06474 -129.18110 0.76015 -0.50799 -0.40511 0.9761 0.9908
podwall_s7
0 17.63356 -258.15890 -142.77054 0.76015 -0.28192 -0.58540 0.9831 0.8846
0 17.63356 -246.48084 -148.39440 0.76015 -0.28192 -0.58540 0.0744 0.8407
0 24.27051 -244.70860 -140.62974 0.76015 -0.28192 -0.58540 0.0882 0.9013
podwall_s7
0 17.63356 -258.15890 -142.77054 0.76015 -0.28192 -0.58540 0.9831 0.8846
0 24.27051 -244.70860 -140.62974 0.76015 -0.28192 -0.58540 0.0882 0.9013
0 24.27051 -253.19321 -136.54376 0.76015 -0.28192 -0.58540 0.0219 0.9333
podwall_s7
0 17.63356 -246.48084 -148.39440 0.76015 0.00000 -0.64975 0.0744 0.8407
0 17.63356 -233.51916 -148.39440 0.76015 0.00000 -0.64975 0.1756 0.8407
0 24.27051 -235.29140 -140.62974 0.76015 0.00000 -0.64975 0.1618 0.9013
podwall_s7
0 17.63356 -246.48084 -148.39440 0.76015 0.00000 -0.64975 0.0744 0.8407
0 24.27051 -235.29140 -140.62974 0.76015 0.00000 -0.64975 0.1618 0.9013
0 24.27051 -244.70860 -140.62974 0.76015 0.00000 -0.64975 0.0882 0.9013
podwall_s7
0 17.63356 -233.51916 -148.39440 0.76015 0.28192 -0.58540 0.1756 0.8407
0 17.63356 -221.84110 -142.77054 0.76015 0.28192 -0.58540 0.2669 0.8846
0 24.27051 -226.80679 -136.54376 0.76015 0.28192 -0.58540 0.2281 0.9333
podwall_s7
0 17.63356 -233.51916 -148.39440 0.76015 0.28192 -0.58540 0.1756 0.8407
0 24.27051 -226.80679 -136.54376 0.76015 0.28192 -0.58540 0.2281 0.9333
0 24.27051 -235.29140 -140.62974 0.76015 0.28192 -0.58540 0.1618 0.9013
podwall_s6
0 17.63356 -221.84110 -142.77054 0.76015 0.50799 -0.40511 0.2669 0.8846
0 17.63356 -213.75963 -132.63670 0.76015 0.50799 -0.40511 0.3300 0.9638
0 24.27051 -220.93526 -129.18110 0.76015 0.50799 -0.40511 0.2739 0.9908
podwall_s6
0 17.63356 -221.84110 -142.77054 0.76015 0.50799 -0.40511 0.2669 0.8846
0 24.27051 -220.93526 -129.18110 0.76015 0.50799 -0.40511 0.2739 0.9908
0 24.27051 -226.80679 -136.54376 0.76015 0.50799 -0.40511 0.2281 0.9333
podwall_s6
0 17.63356 -213.75963 -132.63670 0.76015 0.63346 -0.14458 0.3300 0.9638
0 17.63356 -210.87539 -120.00000 0.76015 0.63346 -0.14458 0.3525 0.0625
0 24.27051 -218.83973 -120.00000 0.76015 0.63346 -0.14458 0.2903 0.0625
podwall_s6
0 17.63356 -213.75963 -132.63670 0.76015 0.63346 -0.14458 0.3300 0.9638
0 24.27051 -218.83973 -120.00000 0.76015 0.63346 -0.14458 0.2903 0.0625
0 24.27051 -220.93526 -129.18110 0.76015 0.63346 -0.14458 0.2739 0.9908
podwall_s6
0 24.27051 -218.83973 -120.00000 0.91682 0.38929 0.08885 0.2903 0.0625
0 24.27051 -220.93526 -110.81890 0.91682 0.38929 0.08885 0.2739 0.1342
0 28.53170 -229.97707 -115.17321 0.91682 0.38929 0.08885 0.2033 0.1002
podwall_s6
0 24.27051 -218.83973 -120.00000 0.91682 0.38929 0.08885 0.2903 0.0625
0 28.53170 -229.97707 -115.17321 0.91682 0.38929 0.08885 0.2033 0.1002
0 28.53170 -228.87539 -120.00000 0.91682 0.38929 0.08885 0.2119 0.0625
podwall_s6
0 24.27051 -220.93526 -110.81890 0.91682 0.31218 0.24896 0.2739 0.1342
0 24.27051 -226.80679 -103.45624 0.91682 0.31218 0.24896 0.2281 0.1917
0 28.53170 -233.06392 -111.30243 0.91682 0.31218 0.24896 0.1792 0.1304
podwall_s6
0 24.27051 -220.93526 -110.81890 0.91682 0.31218 0.24896 0.2739 0.1342
0 28.53170 -233.06392 -111.30243 0.91682 0.31218 0.24896 0.1792 0.1304
0 28.53170 -229.97707 -115.17321 0.91682 0.31218 0.24896 0.2033 0.1002
podwall_s6
0 24.27051 -226.80679 -103.45624 0.91682 0.17325 0.35975 0.2281 0.1917
0 24.27051 -235.29140 -99.37026 0.91682 0.17325 0.35975 0.1618 0.2237
0 28.53170 -237.52454 -109.15431 0.91682 0.17325 0.35975 0.1443 0.1472
podwall_s6
0 24.27051 -226.80679 -103.45624 0.91682 0.17325 0.35975 0.2281 0.1917
0 28.53170 -237.52454 -109.15431 0.91682 0.17325 0.35975 0.1443 0.1472
0 28.53170 -233.06392 -111.30243 0.91682 0.17325 0.35975 0.1792 0.1304
podwall_s6
0 24.27051 -235.29140 -99.37026 0.91682 0.00000 0.39930 0.1618 0.2237
0 24.27051 -244.70860 -99.37026 0.91682 0.00000 0.39930 0.0882 0.2237
0 28.53170 -242.47546 -109.15431 0.91682 0.00000 0.39930 0.1057 0.1472
podwall_s6
0 24.27051 -235.29140 -99.37026 0.91682 0.00000 0.39930 0.1618 0.2237
0 28.53170 -242.47546 -109.15431 0.91682 0.00000 0.39930 0.1057 0.1472
0 28.53170 -237.52454 -109.15431 0.91682 0.00000 0.39930 0.1443 0.1472
podwall_s6
0 24.27051 -244.70860 -99.37026 0.91682 -0.17325 0.35975 0.0882 0.2237
0 24.27051 -253.19321 -103.45624 0.91682 -0.17325 0.35975 0.0219 0.1917
0 28.53170 -246.93608 -111.30243 0.91682 -0.17325 0.35975 0.0708 0.1304
podwall_s6
0 24.27051 -244.70860 -99.37026 0.91682 -0.17325 0.35975 0.0882 0.2237
0 28.53170 -246.93608 -111.30243 0.91682 -0.17325 0.35975 0.0708 0.1304
0 28.53170 -242.47546 -109.15431 0.91682 -0.17325 0.35975 0.1057 0.1472
podwall_s6
0 24.27051 -253.19321 -103.45624 0.91682 -0.31218 0.24896 0.0219 0.1917
0 24.27051 -259.06474 -110.81890 0.91682 -0.31218 0.24896 0.9761 0.1342
0 28.53170 -250.02293 -115.17321 0.91682 -0.31218 0.24896 0.0467 0.1002
podwall_s6
0 24.27051 -253.19321 -103.45624 0.91682 -0.31218 0.24896 0.0219 0.1917
0 28.53170 -250.02293 -115.17321 0.91682 -0.31218 0.24896 0.0467 0.1002
0 28.53170 -246.93608 -111.30243 0.91682 -0.31218 0.24896 0.0708 0.1304
podwall_s6
0 24.27051 -259.06474 -110.81890 0.91682 -0.38929 0.08885 0.9761 0.1342
0 24.27051 -261.16027 -120.00000 0.91682 -0.38929 0.08885 0.9597 0.0625
0 28.53170 -251.12461 -120.00000 0.91682 -0.38929 0.08885 0.0381 0.0625
podwall_s6
0 24.27051 -259.06474 -110.81890 0.91682 -0.38929 0.08885 0.9761 0.1342
0 28.53170 -251.12461 -120.00000 0.91682 -0.38929 0.08885 0.0381 0.0625
0 28.53170 -250.02293 -115.17321 0.91682 -0.38929 0.08885 0.0467 0.1002
podwall_s6
0 24.27051 -261.16027 -120.00000 0.91682 -0.38929 -0.08885 0.9597 0.0625
0 24.27051 -259.06474 -129.18110 0.91682 -0.38929 -0.08885 0.9761 0.9908
0 28.53170 -250.02293 -124.82679 0.91682 -0.38929 -0.08885 0.0467 0.0248
podwall_s6
0 24.27051 -261.16027 -120.00000 0.91682 -0.38929 -0.08885 0.9597 0.0625
0 28.53170 -250.02293 -124.82679 0.91682 -0.38929 -0.08885 0.0467 0.0248
0 28.53170 -251.12461 -120.00000 0.91682 -0.38929 -0.08885 0.0381 0.0625
podwall_s7
0 24.27051 -259.06474 -129.18110 0.91682 -0.31218 -0.24896 0.9761 0.9908
0 24.27051 -253.19321 -136.54376 0.91682 -0.31218 -0.24896 0.0219 0.9333
0 28.53170 -246.93608 -128.69757 0.91682 -0.31218 -0.24896 0.0708 0.9946
podwall_s7
0 24.27051 -259.06474 -129.18110 0.91682 -0.31218 -0.24896 0.9761 0.9908
0 28.53170 -246.93608 -128.69757 0.91682 -0.31218 -0.24896 0.0708 0.9946
0 28.53170 -250.02293 -124.82679 0.91682 -0.31218 -0.24896 0.0467 0.0248
podwall_s7
0 24.27051 -253.19321 -136.54376 0.91682 -0.17325 -0.35975 0.0219 0.9333
0 24.27051 -244.70860 -140.62974 0.91682 -0.17325 -0.35975 0.0882 0.9013
0 28.53170 -242.47546 -130.84569 0.91682 -0.17325 -0.35975 0.1057 0.9778
podwall_s7
0 24.27051 -253.19321 -136.54376 0.91682 -0.17325 -0.35975 0.0219 0.9333
0 28.53170 -242.47546 -130.84569 0.91682 -0.17325 -0.35975 0.1057 0.9778
0 28.53170 -246.93608 -128.69757 0.91682 -0.17325 -0.35975 0.0708 0.9946
podwall_s7
0 24.27051 -244.70860 -140.62974 0.91682 0.00000 -0.39930 0.0882 0.9013
0 24.27051 -235.29140 -140.62974 0.91682 0.00000 -0.39930 0.1618 0.9013
0 28.53170 -237.52454 -130.84569 0.91682 0.00000 -0.39930 0.1443 0.9778
podwall_s7
0 24.27051 -244.70860 -140.62974 0.91682 0.00000 -0.39930 0.0882 0.9013
0 28.53170 -237.52454 -130.84569 0.91682 0.00000 -0.39930 0.1443 0.9778
0 28.53170 -242.47546 -130.84569 0.91682 0.00000 -0.39930 0.1057 0.9778
podwall_s7
0 24.27051 -235.29140 -140.62974 0.91682 0.17325 -0.35975 0.1618 0.9013
0 24.27051 -226.80679 -136.54376 0.91682 0.17325 -0.35975 0.2281 0.9333
0 28.53170 -233.06392 -128.69757 0.91682 0.17325 -0.35975 0.1792 0.9946
podwall_s7
0 24.27051 -235.29140 -140.62974 0.91682 0.17325 -0.35975 0.1618 0.9013
0 28.53170 -233.06392 -128.69757 0.91682 0.17325 -0.35975 0.1792 0.9946
0 28.53170 -237.52454 -130.84569 0.91682 0.17325 -0.35975 0.1443 0.9778
podwall_s7
0 24.27051 -226.80679 -136.54376 0.91682 0.31218 -0.24896 0.2281 0.9333
0 24.27051 -220.93526 -129.18110 0.91682 0.31218 -0.24896 0.2739 0.9908
0 28.53170 -229.97707 -124.82679 0.91682 0.31218 -0.24896 0.2033 0.0248
podwall_s7
0 24.27051 -226.80679 -136.54376 0.91682 0.31218 -0.24896 0.2281 0.9333
0 28.53170 -229.97707 -124.82679 0.91682 0.31218 -0.24896 0.2033 0.0248
0 28.53170 -233.06392 -128.69757 0.91682 0.31218 -0.24896 0.1792 0.9946
podwall_s6
0 24.27051 -220.93526 -129.18110 0.91682 0.38929 -0.08885 0.2739 0.9908
0 24.27051 -218.83973 -120.00000 0.91682 0.38929 -0.08885 0.2903 0.0625
0 28.53170 -228.87539 -120.00000 0.91682 0.38929 -0.08885 0.2119 0.0625
podwall_s6
0 24.27051 -220.93526 -129.18110 0.91682 0.38929 -0.08885 0.2739 0.9908
0 28.53170 -228.87539 -120.00000 0.91682 0.38929 -0.08885 0.2119 0.0625
0 28.53170 -229.97707 -124.82679 0.91682 0.38929 -0.08885 0.2033 0.0248
podwall_s6
0 28.53170 -228.87539 -120.00000 0.99096 0.13079 0.02985 0.2119 0.0625
0 28.53170 -229.97707 -115.17321 0.99096 0.13079 0.02985 0.2033 0.1002
0 30.00000 -240.00000 -120.00000 0.99096 0.13079 0.02985 0.1250 0.0625
podwall_s6
0 28.53170 -229.97707 -115.17321 0.99096 0.10489 0.08365 0.2033 0.1002
0 28.53170 -233.06392 -111.30243 0.99096 0.10489 0.08365 0.1792 0.1304
0 30.00000 -240.00000 -120.00000 0.99096 0.10489 0.08365 0.1250 0.0625
podwall_s6
0 28.53170 -233.06392 -111.30243 0.99096 0.05821 0.12087 0.1792 0.1304
0 28.53170 -237.52454 -109.15431 0.99096 0.05821 0.12087 0.1443 0.1472
0 30.00000 -240.00000 -120.00000 0.99096 0.05821 0.12087 0.1250 0.0625
podwall_s6
0 28.53170 -237.52454 -109.15431 0.99096 0.00000 0.13416 0.1443 0.1472
0 28.53170 -242.47546 -109.15431 0.99096 0.00000 0.13416 0.1057 0.1472
0 30.00000 -240.00000 -120.00000 0.99096 0.00000 0.13416 0.1250 0.0625
podwall_s6
0 28.53170 -242.47546 -109.15431 0.99096 -0.05821 0.12087 0.1057 0.1472
0 28.53170 -246.93608 -111.30243 0.99096 -0.05821 0.12087 0.0708 0.1304
0 30.00000 -240.00000 -120.00000 0.99096 -0.05821 0.12087 0.1250 0.0625
podwall_s6
0 28.53170 -246.93608 -111.30243 0.99096 -0.10489 0.08365 0.0708 0.1304
0 28.53170 -250.02293 -115.17321 0.99096 -0.10489 0.08365 0.0467 0.1002
0 30.00000 -240.00000 -120.00000 0.99096 -0.10489 0.08365 0.1250 0.0625
podwall_s6
0 28.53170 -250.02293 -115.17321 0.99096 -0.13079 0.02985 0.0467 0.1002
0 28.53170 -251.12461 -120.00000 0.99096 -0.13079 0.02985 0.0381 0.0625
0 30.00000 -240.00000 -120.00000 0.99096 -0.13079 0.02985 0.1250 0.0625
podwall_s7
0 28.53170 -251.12461 -120.00000 0.99096 -0.13079 -0.02985 0.0381 0.0625
0 28.53170 -250.02293 -124.82679 0.99096 -0.13079 -0.02985 0.0467 0.0248
0 30.00000 -240.00000 -120.00000 0.99096 -0.13079 -0.02985 0.1250 0.0625
podwall_s7
0 28.53170 -250.02293 -124.82679 0.99096 -0.10489 -0.08365 0.0467 0.0248
0 28.53170 -246.93608 -128.69757 0.99096 -0.10489 -0.08365 0.0708 0.9946
0 30.00000 -240.00000 -120.00000 0.99096 -0.10489 -0.08365 0.1250 0.0625
podwall_s7
0 28.53170 -246.93608 -128.69757 0.99096 -0.05821 -0.12087 0.0708 0.9946
0 28.53170 -242.47546 -130.84569 0.99096 -0.05821 -0.12087 0.1057 0.9778
0 30.00000 -240.00000 -120.00000 0.99096 -0.05821 -0.12087 0.1250 0.0625
podwall_s7
0 28.53170 -242.47546 -130.84569 0.99096 0.00000 -0.13416 0.1057 0.9778
0 28.53170 -237.52454 -130.84569 0.99096 0.00000 -0.13416 0.1443 0.9778
0 30.00000 -240.00000 -120.00000 0.99096 0.00000 -0.13416 0.1250 0.0625
podwall_s7
0 28.53170 -237.52454 -130.84569 0.99096 0.05821 -0.12087 0.1443 0.9778
0 28.53170 -233.06392 -128.69757 0.99096 0.05821 -0.12087 0.1792 0.9946
0 30.00000 -240.00000 -120.00000 0.99096 0.05821 -0.12087 0.1250 0.0625
podwall_s7
0 28.53170 -233.06392 -128.69757 0.99096 0.10489 -0.08365 0.1792 0.9946
0 28.53170 -229.97707 -124.82679 0.99096 0.10489 -0.08365 0.2033 0.0248
0 30.00000 -240.00000 -120.00000 0.99096 0.10489 -0.08365 0.1250 0.0625
podwall_s7
0 28.53170 -229.97707 -124.82679 0.99096 0.13079 -0.02985 0.2033 0.0248
0 28.53170 -228.87539 -120.00000 0.99096 0.13079 -0.02985 0.2119 0.0625
0 30.00000 -240.00000 -120.00000 0.99096 0.13079 -0.02985 0.1250 0.0625
podwall_s3
0 0.00000 -204.00000 -40.00000 0.18219 0.95861 0.21880 0.4062 0.6875
0 0.00000 -207.56512 -24.38019 0.18219 0.95861 0.21880 0.3784 0.8095
0 9.27051 -209.15260 -25.14467 0.18219 0.95861 0.21880 0.3660 0.8036
podwall_s3
0 0.00000 -204.00000 -40.00000 0.18219 0.95861 0.21880 0.4062 0.6875
0 9.27051 -209.15260 -25.14467 0.18219 0.95861 0.21880 0.3660 0.8036
0 9.27051 -205.76197 -40.00000 0.18219 0.95861 0.21880 0.3925 0.6875
podwall_s3
0 0.00000 -207.56512 -24.38019 0.18219 0.76875 0.61305 0.3784 0.8095
0 0.00000 -217.55437 -11.85407 0.18219 0.76875 0.61305 0.3004 0.9074
0 9.27051 -218.65293 -13.23163 0.18219 0.76875 0.61305 0.2918 0.8966
podwall_s3
0 0.00000 -207.56512 -24.38019 0.18219 0.76875 0.61305 0.3784 0.8095
0 9.27051 -218.65293 -13.23163 0.18219 0.76875 0.61305 0.2918 0.8966
0 9.27051 -209.15260 -25.14467 0.18219 0.76875 0.61305 0.3660 0.8036
podwall_s2
0 0.00000 -217.55437 -11.85407 0.18219 0.42662 0.88589 0.3004 0.9074
0 0.00000 -231.98925 -4.90260 0.18219 0.42662 0.88589 0.1876 0.9617
0 9.27051 -232.38132 -6.62038 0.18219 0.42662 0.88589 0.1845 0.9483
podwall_s2
0 0.00000 -217.55437 -11.85407 0.18219 0.42662 0.88589 0.3004 0.9074
0 9.27051 -232.38132 -6.62038 0.18219 0.42662 0.88589 0.1845 0.9483
0 9.27051 -218.65293 -13.23163 0.18219 0.42662 0.88589 0.2918 0.8966
podwall_s2
0 0.00000 -231.98925 -4.90260 0.18219 0.00000 0.98326 0.1876 0.9617
0 0.00000 -248.01075 -4.90260 0.18219 0.00000 0.98326 0.0624 0.9617
0 9.27051 -247.61868 -6.62038 0.18219 0.00000 0.98326 0.0655 0.9483
podwall_s2
0 0.00000 -231.98925 -4.90260 0.18219 0.00000 0.98326 0.1876 0.9617
0 9.27051 -247.61868 -6.62038 0.18219 0.00000 0.98326 0.0655 0.9483
0 9.27051 -232.38132 -6.62038 0.18219 0.00000 0.98326 0.1845 0.9483
podwall_s2
0 0.00000 -248.01075 -4.90260 0.18219 -0.42662 0.88589 0.0624 0.9617
0 0.00000 -262.44563 -11.85407 0.18219 -0.42662 0.88589 0.9496 0.9074
0 9.27051 -261.34707 -13.23163 0.18219 -0.42662 0.88589 0.9582 0.8966
podwall_s2
0 0.00000 -248.01075 -4.90260 0.18219 -0.42662 0.88589 0.0624 0.9617
0 9.27051 -261.34707 -13.23163 0.18219 -0.42662 0.88589 0.9582 0.8966
0 9.27051 -247.61868 -6.62038 0.18219 -0.42662 0.88589 0.0655 0.9483
podwall_s3
0 0.00000 -262.44563 -11.85407 0.18219 -0.76875 0.61305 0.9496 0.9074
0 0.00000 -272.43488 -24.38019 0.18219 -0.76875 0.61305 0.8716 0.8095
0 9.27051 -270.84740 -25.14467 0.18219 -0.76875 0.61305 0.8840 0.8036
podwall_s3
0 0.00000 -262.44563 -11.85407 0.18219 -0.76875 0.61305 0.9496 0.9074
0 9.27051 -270.84740 -25.14467 0.18219 -0.76875 0.61305 0.8840 0.8036
0 9.27051 -261.34707 -13.23163 0.18219 -0.76875 0.61305 0.9582 0.8966
podwall_s3
0 0.00000 -272.43488 -24.38019 0.18219 -0.95861 0.21880 0.8716 0.8095
0 0.00000 -276.00000 -40.00000 0.18219 -0.95861 0.21880 0.8438 0.6875
0 9.27051 -274.23803 -40.00000 0.18219 -0.95861 0.21880 0.8575 0.6875
podwall_s3
0 0.00000 -272.43488 -24.38019 0.18219 -0.95861 0.21880 0.8716 0.8095
0 9.27051 -274.23803 -40.00000 0.18219 -0.95861 0.21880 0.8575 0.6875
0 9.27051 -270.84740 -25.14467 0.18219 -0.95861 0.21880 0.8840 0.8036
podwall_s4
0 0.00000 -276.00000 -40.00000 0.18219 -0.95861 -0.21880 0.8438 0.6875
0 0.00000 -272.43488 -55.61981 0.18219 -0.95861 -0.21880 0.8716 0.5655
0 9.27051 -270.84740 -54.85533 0.18219 -0.95861 -0.21880 0.8840 0.5714
podwall_s4
0 0.00000 -276.00000 -40.00000 0.18219 -0.95861 -0.21880 0.8438 0.6875
0 9.27051 -270.84740 -54.85533 0.18219 -0.95861 -0.21880 0.8840 0.5714
0 9.27051 -274.23803 -40.00000 0.18219 -0.95861 -0.21880 0.8575 0.6875
podwall_s5
0 0.00000 -272.43488 -55.61981 0.18219 -0.76875 -0.61305 0.8716 0.5655
0 0.00000 -262.44563 -68.14593 0.18219 -0.76875 -0.61305 0.9496 0.4676
0 9.27051 -261.34707 -66.76837 0.18219 -0.76875 -0.61305 0.9582 0.4784
podwall_s5
0 0.00000 -272.43488 -55.61981 0.18219 -0.76875 -0.61305 0.8716 0.5655
0 9.27051 -261.34707 -66.76837 0.18219 -0.76875 -0.61305 0.9582 0.4784
0 9.27051 -270.84740 -54.85533 0.18219 -0.76875 -0.61305 0.8840 0.5714
podwall_s5
0 0.00000 -262.44563 -68.14593 0.18219 -0.42662 -0.88589 0.9496 0.4676
0 0.00000 -248.01075 -75.09740 0.18219 -0.42662 -0.88589 0.0624 0.4133
0 9.27051 -247.61868 -73.37962 0.18219 -0.42662 -0.88589 0.0655 0.4267
podwall_s5
0 0.00000 -262.44563 -68.14593 0.18219 -0.42662 -0.88589 0.9496 0.4676
0 9.27051 -247.61868 -73.37962 0.18219 -0.42662 -0.88589 0.0655 0.4267
0 9.27051 -261.34707 -66.76837 0.18219 -0.42662 -0.88589 0.9582 0.4784
podwall_s5
0 0.00000 -248.01075 -75.09740 0.18219 0.00000 -0.98326 0.0624 0.4133
0 0.00000 -231.98925 -75.09740 0.18219 0.00000 -0.98326 0.1876 0.4133
0 9.27051 -232.38132 -73.37962 0.18219 0.00000 -0.98326 0.1845 0.4267
podwall_s5
0 0.00000 -248.01075 -75.09740 0.18219 0.00000 -0.98326 0.0624 0.4133
0 9.27051 -232.38132 -73.37962 0.18219 0.00000 -0.98326 0.1845 0.4267
0 9.27051 -247.61868 -73.37962 0.18219 0.00000 -0.98326 0.0655 0.4267
podwall_s5
0 0.00000 -231.98925 -75.09740 0.18219 0.42662 -0.88589 0.1876 0.4133
0 0.00000 -217.55437 -68.14593 0.18219 0.42662 -0.88589 0.3004 0.4676
0 9.27051 -218.65293 -66.76837 0.18219 0.42662 -0.88589 0.2918 0.4784
podwall_s5
0 0.00000 -231.98925 -75.09740 0.18219 0.42662 -0.88589 0.1876 0.4133
0 9.27051 -218.65293 -66.76837 0.18219 0.42662 -0.88589 0.2918 0.4784
0 9.27051 -232.38132 -73.37962 0.18219 0.42662 -0.88589 0.1845 0.4267
podwall_s5
0 0.00000 -217.55437 -68.14593 0.18219 0.76875 -0.61305 0.3004 0.4676
0 0.00000 -207.56512 -55.61981 0.18219 0.76875 -0.61305 0.3784 0.5655
0 9.27051 -209.15260 -54.85533 0.18219 0.76875 -0.61305 0.3660 0.5714
podwall_s5
0 0.00000 -217.55437 -68.14593 0.18219 0.76875 -0.61305 0.3004 0.4676
0 9.27051 -209.15260 -54.85533 0.18219 0.76875 -0.61305 0.3660 0.5714
0 9.27051 -218.65293 -66.76837 0.18219 0.76875 -0.61305 0.2918 0.4784
podwall_s4
0 0.00000 -207.56512 -55.61981 0.18219 0.95861 -0.21880 0.3784 0.5655
0 0.00000 -204.00000 -40.00000 0.18219 0.95861 -0.21880 0.4062 0.6875
0 9.27051 -205.76197 -40.00000 0.18219 0.95861 -0.21880 0.3925 0.6875
podwall_s4
0 0.00000 -207.56512 -55.61981 0.18219 0.95861 -0.21880 0.3784 0.5655
0 9.27051 -205.76197 -40.00000 0.18219 0.95861 -0.21880 0.3925 0.6875
0 9.27051 -209.15260 -54.85533 0.18219 0.95861 -0.21880 0.3660 0.5714
podwall_s4
0 9.27051 -205.76197 -40.00000 0.51203 0.83743 0.19114 0.3925 0.6875
0 9.27051 -209.15260 -25.14467 0.51203 0.83743 0.19114 0.3660 0.8036
0 17.63356 -213.75963 -27.36330 0.51203 0.83743 0.19114 0.3300 0.7862
podwall_s4
0 9.27051 -205.76197 -40.00000 0.51203 0.83743 0.19114 0.3925 0.6875
0 17.63356 -213.75963 -27.36330 0.51203 0.83743 0.19114 0.3300 0.7862
0 17.63356 -210.87539 -40.00000 0.51203 0.83743 0.19114 0.3525 0.6875
podwall_s4
0 9.27051 -209.15260 -25.14467 0.51203 0.67157 0.53556 0.3660 0.8036
0 9.27051 -218.65293 -13.23163 0.51203 0.67157 0.53556 0.2918 0.8966
0 17.63356 -221.84110 -17.22946 0.51203 0.67157 0.53556 0.2669 0.8654
podwall_s4
0 9.27051 -209.15260 -25.14467 0.51203 0.67157 0.53556 0.3660 0.8036
0 17.63356 -221.84110 -17.22946 0.51203 0.67157 0.53556 0.2669 0.8654
0 17.63356 -213.75963 -27.36330 0.51203 0.67157 0.53556 0.3300 0.7862
podwall_s3
0 9.27051 -218.65293 -13.23163 0.51203 0.37269 0.77390 0.2918 0.8966
0 9.27051 -232.38132 -6.62038 0.51203 0.37269 0.77390 0.1845 0.9483
0 17.63356 -233.51916 -11.60560 0.51203 0.37269 0.77390 0.1756 0.9093
podwall_s3
0 9.27051 -218.65293 -13.23163 0.51203 0.37269 0.77390 0.2918 0.8966
0 17.63356 -233.51916 -11.60560 0.51203 0.37269 0.77390 0.1756 0.9093
0 17.63356 -221.84110 -17.22946 0.51203 0.37269 0.77390 0.2669 0.8654
podwall_s3
0 9.27051 -232.38132 -6.62038 0.51203 0.00000 0.85897 0.1845 0.9483
0 9.27051 -247.61868 -6.62038 0.51203 0.00000 0.85897 0.0655 0.9483
0 17.63356 -246.48084 -11.60560 0.51203 0.00000 0.85897 0.0744 0.9093
podwall_s3
0 9.27051 -232.38132 -6.62038 0.51203 0.00000 0.85897 0.1845 0.9483
0 17.63356 -246.48084 -11.60560 0.51203 0.00000 0.85897 0.0744 0.9093
0 17.63356 -233.51916 -11.60560 0.51203 0.00000 0.85897 0.1756 0.9093
podwall_s3
0 9.27051 -247.61868 -6.62038 0.51203 -0.37269 0.77390 0.0655 0.9483
0 9.27051 -261.34707 -13.23163 0.51203 -0.37269 0.77390 0.9582 0.8966
0 17.63356 -258.15890 -17.22946 0.51203 -0.37269 0.77390 0.9831 0.8654
podwall_s3
0 9.27051 -247.61868 -6.62038 0.51203 -0.37269 0.77390 0.0655 0.9483
0 17.63356 -258.15890 -17.22946 0.51203 -0.37269 0.77390 0.9831 0.8654
0 17.63356 -246.48084 -11.60560 0.51203 -0.37269 0.77390 0.0744 0.9093
podwall_s4
0 9.27051 -261.34707 -13.23163 0.51203 -0.67157 0.53556 0.9582 0.8966
0 9.27051 -270.84740 -25.14467 0.51203 -0.67157 0.53556 0.8840 0.8036
0 17.63356 -266.24037 -27.36330 0.51203 -0.67157 0.53556 0.9200 0.7862
podwall_s4
0 9.27051 -261.34707 -13.23163 0.51203 -0.67157 0.53556 0.9582 0.8966
0 17.63356 -266.24037 -27.36330 0.51203 -0.67157 0.53556 0.9200 0.7862
0 17.63356 -258.15890 -17.22946 0.51203 -0.67157 0.53556 0.9831 0.8654
podwall_s4
0 9.27051 -270.84740 -25.14467 0.51203 -0.83743 0.19114 0.8840 0.8036
0 9.27051 -274.23803 -40.00000 0.51203 -0.83743 0.19114 0.8575 0.6875
0 17.63356 -269.12461 -40.00000 0.51203 -0.83743 0.19114 0.8975 0.6875
podwall_s4
0 9.27051 -270.84740 -25.14467 0.51203 -0.83743 0.19114 0.8840 0.8036
0 17.63356 -269.12461 -40.00000 0.51203 -0.83743 0.19114 0.8975 0.6875
0 17.63356 -266.24037 -27.36330 0.51203 -0.83743 0.19114 0.9200 0.7862
podwall_s5
0 9.27051 -274.23803 -40.00000 0.51203 -0.83743 -0.19114 0.8575 0.6875
0 9.27051 -270.84740 -54.85533 0.51203 -0.83743 -0.19114 0.8840 0.5714
0 17.63356 -266.24037 -52.63670 0.51203 -0.83743 -0.19114 0.9200 0.5888
podwall_s5
0 9.27051 -274.23803 -40.00000 0.51203 -0.83743 -0.19114 0.8575 0.6875
0 17.63356 -266.24037 -52.63670 0.51203 -0.83743 -0.19114 0.9200 0.5888
0 17.63356 -269.12461 -40.00000 0.51203 -0.83743 -0.19114 0.8975 0.6875
podwall_s6
0 9.27051 -270.84740 -54.85533 0.51203 -0.67157 -0.53556 0.8840 0.5714
0 9.27051 -261.34707 -66.76837 0.51203 -0.67157 -0.53556 0.9582 0.4784
0 17.63356 -258.15890 -62.77054 0.51203 -0.67157 -0.53556 0.9831 0.5096
podwall_s6
0 9.27051 -270.84740 -54.85533 0.51203 -0.67157 -0.53556 0.8840 0.5714
0 17.63356 -258.15890 -62.77054 0.51203 -0.67157 -0.53556 0.9831 0.5096
0 17.63356 -266.24037 -52.63670 0.51203 -0.67157 -0.53556 0.9200 0.5888
podwall_s6
0 9.27051 -261.34707 -66.76837 0.51203 -0.37269 -0.77390 0.9582 0.4784
0 9.27051 -247.61868 -73.37962 0.51203 -0.37269 -0.77390 0.0655 0.4267
0 17.63356 -246.48084 -68.39440 0.51203 -0.37269 -0.77390 0.0744 0.4657
podwall_s6
0 9.27051 -261.34707 -66.76837 0.51203 -0.37269 -0.77390 0.9582 0.4784
0 17.63356 -246.48084 -68.39440 0.51203 -0.37269 -0.77390 0.0744 0.4657
0 17.63356 -258.15890 -62.77054 0.51203 -0.37269 -0.77390 0.9831 0.5096
podwall_s6
0 9.27051 -247.61868 -73.37962 0.51203 -0.00000 -0.85897 0.0655 0.4267
0 9.27051 -232.38132 -73.37962 0.51203 -0.00000 -0.85897 0.1845 0.4267
0 17.63356 -233.51916 -68.39440 0.51203 -0.00000 -0.85897 0.1756 0.4657
podwall_s6
0 9.27051 -247.61868 -73.37962 0.51203 -0.00000 -0.85897 0.0655 0.4267
0 17.63356 -233.51916 -68.39440 0.51203 -0.00000 -0.85897 0.1756 0.4657
0 17.63356 -246.48084 -68.39440 0.51203 -0.00000 -0.85897 0.0744 0.4657
podwall_s6
0 9.27051 -232.38132 -73.37962 0.51203 0.37269 -0.77390 0.1845 0.4267
0 9.27051 -218.65293 -66.76837 0.51203 0.37269 -0.77390 0.2918 0.4784
0 17.63356 -221.84110 -62.77054 0.51203 0.37269 -0.77390 0.2669 0.5096
podwall_s6
0 9.27051 -232.38132 -73.37962 0.51203 0.37269 -0.77390 0.1845 0.4267
0 17.63356 -221.84110 -62.77054 0.51203 0.37269 -0.77390 0.2669 0.5096
0 17.63356 -233.51916 -68.39440 0.51203 0.37269 -0.77390 0.1756 0.4657
podwall_s6
0 9.27051 -218.65293 -66.76837 0.51203 0.67157 -0.53556 0.2918 0.4784
0 9.27051 -209.15260 -54.85533 0.51203 0.67157 -0.53556 0.3660 0.5714
0 17.63356 -213.75963 -52.63670 0.51203 0.67157 -0.53556 0.3300 0.5888
podwall_s6
0 9.27051 -218.65293 -66.76837 0.51203 0.67157 -0.53556 0.2918 0.4784
0 17.63356 -213.75963 -52.63670 0.51203 0.67157 -0.53556 0.3300 0.5888
0 17.63356 -221.84110 -62.77054 0.51203 0.67157 -0.53556 0.2669 0.5096
podwall_s5
0 9.27051 -209.15260 -54.85533 0.51203 0.83743 -0.19114 0.3660 0.5714
0 9.27051 -205.76197 -40.00000 0.51203 0.83743 -0.19114 0.3925 0.6875
0 17.63356 -210.87539 -40.00000 0.51203 0.83743 -0.19114 0.3525 0.6875
podwall_s5
0 9.27051 -209.15260 -54.85533 0.51203 0.83743 -0.19114 0.3660 0.5714
0 17.63356 -210.87539 -40.00000 0.51203 0.83743 -0.19114 0.3525 0.6875
0 17.63356 -213.75963 -52.63670 0.51203 0.83743 -0.19114 0.3300 0.5888
podwall_s5
0 17.63356 -210.87539 -40.00000 0.76015 0.63346 0.14458 0.3525 0.6875
0 17.63356 -213.75963 -27.36330 0.76015 0.63346 0.14458 0.3300 0.7862
0 24.27051 -220.93526 -30.81890 0.76015 0.63346 0.14458 0.2739 0.7592
podwall_s5
0 17.63356 -210.87539 -40.00000 0.76015 0.63346 0.14458 0.3525 0.6875
0 24.27051 -220.93526 -30.81890 0.76015 0.63346 0.14458 0.2739 0.7592
0 24.27051 -218.83973 -40.00000 0.76015 0.63346 0.14458 0.2903 0.6875
podwall_s5
0 17.63356 -213.75963 -27.36330 0.76015 0.50799 0.40511 0.3300 0.7862
0 17.63356 -221.84110 -17.22946 0.76015 0.50799 0.40511 0.2669 0.8654
0 24.27051 -226.80679 -23.45624 0.76015 0.50799 0.40511 0.2281 0.8167
podwall_s5
0 17.63356 -213.75963 -27.36330 0.76015 0.50799 0.40511 0.3300 0.7862
0 24.27051 -226.80679 -23.45624 0.76015 0.50799 0.40511 0.2281 0.8167
0 24.27051 -220.93526 -30.81890 0.76015 0.50799 0.40511 0.2739 0.7592
podwall_s5
0 17.63356 -221.84110 -17.22946 0.76015 0.28192 0.58540 0.2669 0.8654
0 17.63356 -233.51916 -11.60560 0.76015 0.28192 0.58540 0.1756 0.9093
0 24.27051 -235.29140 -19.37026 0.76015 0.28192 0.58540 0.1618 0.8487
podwall_s5
0 17.63356 -221.84110 -17.22946 0.76015 0.28192 0.58540 0.2669 0.8654
0 24.27051 -235.29140 -19.37026 0.76015 0.28192 0.58540 0.1618 0.8487
0 24.27051 -226.80679 -23.45624 0.76015 0.28192 0.58540 0.2281 0.8167
podwall_s5
0 17.63356 -233.51916 -11.60560 0.76015 0.00000 0.64975 0.1756 0.9093
0 17.63356 -246.48084 -11.60560 0.76015 0.00000 0.64975 0.0744 0.9093
0 24.27051 -244.70860 -19.37026 0.76015 0.00000 0.64975 0.0882 0.8487
podwall_s5
0 17.63356 -233.51916 -11.60560 0.76015 0.00000 0.64975 0.1756 0.9093
0 24.27051 -244.70860 -19.37026 0.76015 0.00000 0.64975 0.0882 0.8487
0 24.27051 -235.29140 -19.37026 0.76015 0.00000 0.64975 0.1618 0.8487
podwall_s5
0 17.63356 -246.48084 -11.60560 0.76015 -0.28192 0.58540 0.0744 0.9093
0 17.63356 -258.15890 -17.22946 0.76015 -0.28192 0.58540 0.9831 0.8654
0 24.27051 -253.19321 -23.45624 0.76015 -0.28192 0.58540 0.0219 0.8167
podwall_s5
0 17.63356 -246.48084 -11.60560 0.76015 -0.28192 0.58540 0.0744 0.9093
0 24.27051 -253.19321 -23.45624 0.76015 -0.28192 0.58540 0.0219 0.8167
0 24.27051 -244.70860 -19.37026 0.76015 -0.28192 0.58540 0.0882 0.8487
podwall_s5
0 17.63356 -258.15890 -17.22946 0.76015 -0.50799 0.40511 0.9831 0.8654
0 17.63356 -266.24037 -27.36330 0.76015 -0.50799 0.40511 0.9200 0.7862
0 24.27051 -259.06474 -30.81890 0.76015 -0.50799 0.40511 0.9761 0.7592
podwall_s5
0 17.63356 -258.15890 -17.22946 0.76015 -0.50799 0.40511 0.9831 0.8654
0 24.27051 -259.06474 -30.81890 0.76015 -0.50799 0.40511 0.9761 0.7592
0 24.27051 -253.19321 -23.45624 0.76015 -0.50799 0.40511 0.0219 0.8167
podwall_s5
0 17.63356 -266.24037 -27.36330 0.76015 -0.63346 0.14458 0.9200 0.7862
0 17.63356 -269.12461 -40.00000 0.76015 -0.63346 0.14458 0.8975 0.6875
0 24.27051 -261.16027 -40.00000 0.76015 -0.63346 0.14458 0.9597 0.6875
podwall_s5
0 17.63356 -266.24037 -27.36330 0.76015 -0.63346 0.14458 0.9200 0.7862
0 24.27051 -261.16027 -40.00000 0.76015 -0.63346 0.14458 0.9597 0.6875
0 24.27051 -259.06474 -30.81890 0.76015 -0.63346 0.14458 0.9761 0.7592
podwall_s6
0 17.63356 -269.12461 -40.00000 0.76015 -0.63346 -0.14458 0.8975 0.6875
0 17.63356 -266.24037 -52.63670 0.76015 -0.63346 -0.14458 0.9200 0.5888
0 24.27051 -259.06474 -49.18110 0.76015 -0.63346 -0.14458 0.9761 0.6158
podwall_s6
0 17.63356 -269.12461 -40.00000 0.76015 -0.63346 -0.14458 0.8975 0.6875
0 24.27051 -259.06474 -49.18110 0.76015 -0.63346 -0.14458 0.9761 0.6158
0 24.27051 -261.16027 -40.00000 0.76015 -0.63346 -0.14458 0.9597 0.6875
podwall_s6
0 17.63356 -266.24037 -52.63670 0.76015 -0.50799 -0.40511 0.9200 0.5888
0 17.63356 -258.15890 -62.77054 0.76015 -0.50799 -0.40511 0.9831 0.5096
0 24.27051 -253.19321 -56.54376 0.76015 -0.50799 -0.40511 0.0219 0.5583
podwall_s6
0 17.63356 -266.24037 -52.63670 0.76015 -0.50799 -0.40511 0.9200 0.5888
0 24.27051 -253.19321 -56.54376 0.76015 -0.50799 -0.40511 0.0219 0.5583
0 24.27051 -259.06474 -49.18110 0.76015 -0.50799 -0.40511 0.9761 0.6158
podwall_s7
0 17.63356 -258.15890 -62.77054 0.76015 -0.28192 -0.58540 0.9831 0.5096
0 17.63356 -246.48084 -68.39440 0.76015 -0.28192 -0.58540 0.0744 0.4657
0 24.27051 -244.70860 -60.62974 0.76015 -0.28192 -0.58540 0.0882 0.5263
podwall_s7
0 17.63356 -258.15890 -62.77054 0.76015 -0.28192 -0.58540 0.9831 0.5096
0 24.27051 -244.70860 -60.62974 0.76015 -0.28192 -0.58540 0.0882 0.5263
0 24.27051 -253.19321 -56.54376 0.76015 -0.28192 -0.58540 0.0219 0.5583
podwall_s7
0 17.63356 -246.48084 -68.39440 0.76015 -0.00000 -0.64975 0.0744 0.4657
0 17.63356 -233.51916 -68.39440 0.76015 -0.00000 -0.64975 0.1756 0.4657
0 24.27051 -235.29140 -60.62974 0.76015 -0.00000 -0.64975 0.1618 0.5263
podwall_s7
0 17.63356 -246.48084 -68.39440 0.76015 -0.00000 -0.64975 0.0744 0.4657
0 24.27051 -235.29140 -60.62974 0.76015 -0.00000 -0.64975 0.1618 0.5263
0 24.27051 -244.70860 -60.62974 0.76015 -0.00000 -0.64975 0.0882 0.5263
podwall_s7
0 17.63356 -233.51916 -68.39440 0.76015 0.28192 -0.58540 0.1756 0.4657
0 17.63356 -221.84110 -62.77054 0.76015 0.28192 -0.58540 0.2669 0.5096
0 24.27051 -226.80679 -56.54376 0.76015 0.28192 -0.58540 0.2281 0.5583
podwall_s7
0 17.63356 -233.51916 -68.39440 0.76015 0.28192 -0.58540 0.1756 0.4657
0 24.27051 -226.80679 -56.54376 0.76015 0.28192 -0.58540 0.2281 0.5583
0 24.27051 -235.29140 -60.62974 0.76015 0.28192 -0.58540 0.1618 0.5263
podwall_s6
0 17.63356 -221.84110 -62.77054 0.76015 0.50799 -0.40511 0.2669 0.5096
0 17.63356 -213.75963 -52.63670 0.76015 0.50799 -0.40511 0.3300 0.5888
0 24.27051 -220.93526 -49.18110 0.76015 0.50799 -0.40511 0.2739 0.6158
podwall_s6
0 17.63356 -221.84110 -62.77054 0.76015 0.50799 -0.40511 0.2669 0.5096
0 24.27051 -220.93526 -49.18110 0.76015 0.50799 -0.40511 0.2739 0.6158
0 24.27051 -226.80679 -56.54376 0.76015 0.50799 -0.40511 0.2281 0.5583
podwall_s6
0 17.63356 -213.75963 -52.63670 0.76015 0.63346 -0.14458 0.3300 0.5888
0 17.63356 -210.87539 -40.00000 0.76015 0.63346 -0.14458 0.3525 0.6875
0 24.27051 -218.83973 -40.00000 0.76015 0.63346 -0.14458 0.2903 0.6875
podwall_s6
0 17.63356 -213.75963 -52.63670 0.76015 0.63346 -0.14458 0.3300 0.5888
0 24.27051 -218.83973 -40.00000 0.76015 0.63346 -0.14458 0.2903 0.6875
0 24.27051 -220.93526 -49.18110 0.76015 0.63346 -0.14458 0.2739 0.6158
podwall_s6
0 24.27051 -218.83973 -40.00000 0.91682 0.38929 0.08885 0.2903 0.6875
0 24.27051 -220.93526 -30.81890 0.91682 0.38929 0.08885 0.2739 0.7592
0 28.53170 -229.97707 -35.17321 0.91682 0.38929 0.08885 0.2033 0.7252
podwall_s6
0 24.27051 -218.83973 -40.00000 0.91682 0.38929 0.08885 0.2903 0.6875
0 28.53170 -229.97707 -35.17321 0.91682 0.38929 0.08885 0.2033 0.7252
0 28.53170 -228.87539 -40.00000 0.91682 0.38929 0.08885 0.2119 0.6875
podwall_s6
0 24.27051 -220.93526 -30.81890 0.91682 0.31218 0.24896 0.2739 0.7592
0 24.27051 -226.80679 -23.45624 0.91682 0.31218 0.24896 0.2281 0.8167
0 28.53170 -233.06392 -31.30243 0.91682 0.31218 0.24896 0.1792 0.7554
podwall_s6
0 24.27051 -220.93526 -30.81890 0.91682 0.31218 0.24896 0.2739 0.7592
0 28.53170 -233.06392 -31.30243 0.91682 0.31218 0.24896 0.1792 0.7554
0 28.53170 -229.97707 -35.17321 0.91682 0.31218 0.24896 0.2033 0.7252
podwall_s6
0 24.27051 -226.80679 -23.45624 0.91682 0.17325 0.35975 0.2281 0.8167
0 24.27051 -235.29140 -19.37026 0.91682 0.17325 0.35975 0.1618 0.8487
0 28.53170 -237.52454 -29.15431 0.91682 0.17325 0.35975 0.1443 0.7722
podwall_s6
0 24.27051 -226.80679 -23.45624 0.91682 0.17325 0.35975 0.2281 0.8167
0 28.53170 -237.52454 -29.15431 0.91682 0.17325 0.35975 0.1443 0.7722
0 28.53170 -233.06392 -31.30243 0.91682 0.17325 0.35975 0.1792 0.7554
podwall_s6
0 24.27051 -235.29140 -19.37026 0.91682 0.00000 0.39930 0.1618 0.8487
0 24.27051 -244.70860 -19.37026 0.91682 0.00000 0.39930 0.0882 0.8487
0 28.53170 -242.47546 -29.15431 0.91682 0.00000 0.39930 0.1057 0.7722
podwall_s6
0 24.27051 -235.29140 -19.37026 0.91682 0.00000 0.39930 0.1618 0.8487
0 28.53170 -242.47546 -29.15431 0.91682 0.00000 0.39930 0.1057 0.7722
0 28.53170 -237.52454 -29.15431 0.91682 0.00000 0.39930 0.1443 0.7722
podwall_s6
0 24.27051 -244.70860 -19.37026 0.91682 -0.17325 0.35975 0.0882 0.8487
0 24.27051 -253.19321 -23.45624 0.91682 -0.17325 0.35975 0.0219 0.8167
0 28.53170 -246.93608 -31.30243 0.91682 -0.17325 0.35975 0.0708 0.7554
podwall_s6
0 24.27051 -244.70860 -19.37026 0.91682 -0.17325 0.35975 0.0882 0.8487
0 28.53170 -246.93608 -31.30243 0.91682 -0.17325 0.35975 0.0708 0.7554
0 28.53170 -242.47546 -29.15431 0.91682 -0.17325 0.35975 0.1057 0.7722
podwall_s6
0 24.27051 -253.19321 -23.45624 0.91682 -0.31218 0.24896 0.0219 0.8167
0 24.27051 -259.06474 -30.81890 0.91682 -0.31218 0.24896 0.9761 0.7592
0 28.53170 -250.02293 -35.17321 0.91682 -0.31218 0.24896 0.0467 0.7252
podwall_s6
0 24.27051 -253.19321 -23.45624 0.91682 -0.31218 0.24896 0.0219 0.8167
0 28.53170 -250.02293 -35.17321 0.91682 -0.31218 0.24896 0.0467 0.7252
0 28.53170 -246.93608 -31.30243 0.91682 -0.31218 0.24896 0.0708 0.7554
podwall_s6
0 24.27051 -259.06474 -30.81890 0.91682 -0.38929 0.08885 0.9761 0.7592
0 24.27051 -261.16027 -40.00000 0.91682 -0.38929 0.08885 0.9597 0.6875
0 28.53170 -251.12461 -40.00000 0.91682 -0.38929 0.08885 0.0381 0.6875
podwall_s6
0 24.27051 -259.06474 -30.81890 0.91682 -0.38929 0.08885 0.9761 0.7592
0 28.53170 -251.12461 -40.00000 0.91682 -0.38929 0.08885 0.0381 0.6875
0 28.53170 -250.02293 -35.17321 0.91682 -0.38929 0.08885 0.0467 0.7252
podwall_s6
0 24.27051 -261.16027 -40.00000 0.91682 -0.38929 -0.08885 0.9597 0.6875
0 24.27051 -259.06474 -49.18110 0.91682 -0.38929 -0.08885 0.9761 0.6158
0 28.53170 -250.02293 -44.82679 0.91682 -0.38929 -0.08885 0.0467 0.6498
podwall_s6
0 24.27051 -261.16027 -40.00000 0.91682 -0.38929 -0.08885 0.9597 0.6875
0 28.53170 -250.02293 -44.82679 0.91682 -0.38929 -0.08885 0.0467 0.6498
0 28.53170 -251.12461 -40.00000 0.91682 -0.38929 -0.08885 0.0381 0.6875
podwall_s7
0 24.27051 -259.06474 -49.18110 0.91682 -0.31218 -0.24896 0.9761 0.6158
0 24.27051 -253.19321 -56.54376 0.91682 -0.31218 -0.24896 0.0219 0.5583
0 28.53170 -246.93608 -48.69757 0.91682 -0.31218 -0.24896 0.0708 0.6196
podwall_s7
0 24.27051 -259.06474 -49.18110 0.91682 -0.31218 -0.24896 0.9761 0.6158
0 28.53170 -246.93608 -48.69757 0.91682 -0.31218 -0.24896 0.0708 0.6196
0 28.53170 -250.02293 -44.82679 0.91682 -0.31218 -0.24896 0.0467 0.6498
podwall_s7
0 24.27051 -253.19321 -56.54376 0.91682 -0.17325 -0.35975 0.0219 0.5583
0 24.27051 -244.70860 -60.62974 0.91682 -0.17325 -0.35975 0.0882 0.5263
0 28.53170 -242.47546 -50.84569 0.91682 -0.17325 -0.35975 0.1057 0.6028
podwall_s7
0 24.27051 -253.19321 -56.54376 0.91682 -0.17325 -0.35975 0.0219 0.5583
0 28.53170 -242.47546 -50.84569 0.91682 -0.17325 -0.35975 0.1057 0.6028
0 28.53170 -246.93608 -48.69757 0.91682 -0.17325 -0.35975 0.0708 0.6196
podwall_s7
0 24.27051 -244.70860 -60.62974 0.91682 -0.00000 -0.39930 0.0882 0.5263
0 24.27051 -235.29140 -60.62974 0.91682 -0.00000 -0.39930 0.1618 0.5263
0 28.53170 -237.52454 -50.84569 0.91682 -0.00000 -0.39930 0.1443 0.6028
podwall_s7
0 24.27051 -244.70860 -60.62974 0.91682 -0.00000 -0.39930 0.0882 0.5263
0 28.53170 -237.52454 -50.84569 0.91682 -0.00000 -0.39930 0.1443 0.6028
0 28.53170 -242.47546 -50.84569 0.91682 -0.00000 -0.39930 0.1057 0.6028
podwall_s7
0 24.27051 -235.29140 -60.62974 0.91682 0.17325 -0.35975 0.1618 0.5263
0 24.27051 -226.80679 -56.54376 0.91682 0.17325 -0.35975 0.2281 0.5583
0 28.53170 -233.06392 -48.69757 0.91682 0.17325 -0.35975 0.1792 0.6196
podwall_s7
0 24.27051 -235.29140 -60.62974 0.91682 0.17325 -0.35975 0.1618 0.5263
0 28.53170 -233.06392 -48.69757 0.91682 0.17325 -0.35975 0.1792 0.6196
0 28.53170 -237.52454 -50.84569 0.91682 0.17325 -0.35975 0.1443 0.6028
podwall_s7
0 24.27051 -226.80679 -56.54376 0.91682 0.31218 -0.24896 0.2281 0.5583
0 24.27051 -220.93526 -49.18110 0.91682 0.31218 -0.24896 0.2739 0.6158
0 28.53170 -229.97707 -44.82679 0.91682 0.31218 -0.24896 0.2033 0.6498
podwall_s7
0 24.27051 -226.80679 -56.54376 0.91682 0.31218 -0.24896 0.2281 0.5583
0 28.53170 -229.97707 -44.82679 0.91682 0.31218 -0.24896 0.2033 0.6498
0 28.53170 -233.06392 -48.69757 0.91682 0.31218 -0.24896 0.1792 0.6196
podwall_s6
0 24.27051 -220.93526 -49.18110 0.91682 0.38929 -0.08885 0.2739 0.6158
0 24.27051 -218.83973 -40.00000 0.91682 0.38929 -0.08885 0.2903 0.6875
0 28.53170 -228.87539 -40.00000 0.91682 0.38929 -0.08885 0.2119 0.6875
podwall_s6
0 24.27051 -220.93526 -49.18110 0.91682 0.38929 -0.08885 0.2739 0.6158
0 28.53170 -228.87539 -40.00000 0.91682 0.38929 -0.08885 0.2119 0.6875
0 28.53170 -229.97707 -44.82679 0.91682 0.38929 -0.08885 0.2033 0.6498
podwall_s6
0 28.53170 -228.87539 -40.00000 0.99096 0.13079 0.02985 0.2119 0.6875
0 28.53170 -229.97707 -35.17321 0.99096 0.13079 0.02985 0.2033 0.7252
0 30.00000 -240.00000 -40.00000 0.99096 0.13079 0.02985 0.1250 0.6875
podwall_s6
0 28.53170 -229.97707 -35.17321 0.99096 0.10489 0.08365 0.2033 0.7252
0 28.53170 -233.06392 -31.30243 0.99096 0.10489 0.08365 0.1792 0.7554
0 30.00000 -240.00000 -40.00000 0.99096 0.10489 0.08365 0.1250 0.6875
podwall_s6
0 28.53170 -233.06392 -31.30243 0.99096 0.05821 0.12087 0.1792 0.7554
0 28.53170 -237.52454 -29.15431 0.99096 0.05821 0.12087 0.1443 0.7722
0 30.00000 -240.00000 -40.00000 0.99096 0.05821 0.12087 0.1250 0.6875
podwall_s6
0 28.53170 -237.52454 -29.15431 0.99096 0.00000 0.13416 0.1443 0.7722
0 28.53170 -242.47546 -29.15431 0.99096 0.00000 0.13416 0.1057 0.7722
0 30.00000 -240.00000 -40.00000 0.99096 0.00000 0.13416 0.1250 0.6875
podwall_s6
0 28.53170 -242.47546 -29.15431 0.99096 -0.05821 0.12087 0.1057 0.7722
0 28.53170 -246.93608 -31.30243 0.99096 -0.05821 0.12087 0.0708 0.7554
0 30.00000 -240.00000 -40.00000 0.99096 -0.05821 0.12087 0.1250 0.6875
podwall_s6
0 28.53170 -246.93608 -31.30243 0.99096 -0.10489 0.08365 0.0708 0.7554
0 28.53170 -250.02293 -35.17321 0.99096 -0.10489 0.08365 0.0467 0.7252
0 30.00000 -240.00000 -40.00000 0.99096 -0.10489 0.08365 0.1250 0.6875
podwall_s6
0 28.53170 -250.02293 -35.17321 0.99096 -0.13079 0.02985 0.0467 0.7252
0 28.53170 -251.12461 -40.00000 0.99096 -0.13079 0.02985 0.0381 0.6875
0 30.00000 -240.00000 -40.00000 0.99096 -0.13079 0.02985 0.1250 0.6875
podwall_s7
0 28.53170 -251.12461 -40.00000 0.99096 -0.13079 -0.02985 0.0381 0.6875
0 28.53170 -250.02293 -44.82679 0.99096 -0.13079 -0.02985 0.0467 0.6498
0 30.00000 -240.00000 -40.00000 0.99096 -0.13079 -0.02985 0.1250 0.6875
podwall_s7
0 28.53170 -250.02293 -44.82679 0.99096 -0.10489 -0.08365 0.0467 0.6498
0 28.53170 -246.93608 -48.69757 0.99096 -0.10489 -0.08365 0.0708 0.6196
0 30.00000 -240.00000 -40.00000 0.99096 -0.10489 -0.08365 0.1250 0.6875
podwall_s7
0 28.53170 -246.93608 -48.69757 0.99096 -0.05821 -0.12087 0.0708 0.6196
0 28.53170 -242.47546 -50.84569 0.99096 -0.05821 -0.12087 0.1057 0.6028
0 30.00000 -240.00000 -40.00000 0.99096 -0.05821 -0.12087 0.1250 0.6875
podwall_s7
0 28.53170 -242.47546 -50.84569 0.99096 0.00000 -0.13416 0.1057 0.6028
0 28.53170 -237.52454 -50.84569 0.99096 0.00000 -0.13416 0.1443 0.6028
0 30.00000 -240.00000 -40.00000 0.99096 0.00000 -0.13416 0.1250 0.6875
podwall_s7
0 28.53170 -237.52454 -50.84569 0.99096 0.05821 -0.12087 0.1443 0.6028
0 28.53170 -233.06392 -48.69757 0.99096 0.05821 -0.12087 0.1792 0.6196
0 30.00000 -240.00000 -40.00000 0.99096 0.05821 -0.12087 0.1250 0.6875
podwall_s7
0 28.53170 -233.06392 -48.69757 0.99096 0.10489 -0.08365 0.1792 0.6196
0 28.53170 -229.97707 -44.82679 0.99096 0.10489 -0.08365 0.2033 0.6498
0 30.00000 -240.00000 -40.00000 0.99096 0.10489 -0.08365 0.1250 0.6875
podwall_s7
0 28.53170 -229.97707 -44.82679 0.99096 0.13079 -0.02985 0.2033 0.6498
0 28.53170 -228.87539 -40.00000 0.99096 0.13079 -0.02985 0.2119 0.6875
0 30.00000 -240.00000 -40.00000 0.99096 0.13079 -0.02985 0.1250 0.6875
podwall_s3
0 0.00000 -204.00000 40.00000 0.18219 0.95861 0.21880 0.4062 0.3125
0 0.00000 -207.56512 55.61981 0.18219 0.95861 0.21880 0.3784 0.4345
0 9.27051 -209.15260 54.85533 0.18219 0.95861 0.21880 0.3660 0.4286
podwall_s3
0 0.00000 -204.00000 40.00000 0.18219 0.95861 0.21880 0.4062 0.3125
0 9.27051 -209.15260 54.85533 0.18219 0.95861 0.21880 0.3660 0.4286
0 9.27051 -205.76197 40.00000 0.18219 0.95861 0.21880 0.3925 0.3125
podwall_s3
0 0.00000 -207.56512 55.61981 0.18219 0.76875 0.61305 0.3784 0.4345
0 0.00000 -217.55437 68.14593 0.18219 0.76875 0.61305 0.3004 0.5324
0 9.27051 -218.65293 66.76837 0.18219 0.76875 0.61305 0.2918 0.5216
podwall_s3
0 0.00000 -207.56512 55.61981 0.18219 0.76875 0.61305 0.3784 0.4345
0 9.27051 -218.65293 66.76837 0.18219 0.76875 0.61305 0.2918 0.5216
0 9.27051 -209.15260 54.85533 0.18219 0.76875 0.61305 0.3660 0.4286
podwall_s2
0 0.00000 -217.55437 68.14593 0.18219 0.42662 0.88589 0.3004 0.5324
0 0.00000 -231.98925 75.09740 0.18219 0.42662 0.88589 0.1876 0.5867
0 9.27051 -232.38132 73.37962 0.18219 0.42662 0.88589 0.1845 0.5733
podwall_s2
0 0.00000 -217.55437 68.14593 0.18219 0.42662 0.88589 0.3004 0.5324
0 9.27051 -232.38132 73.37962 0.18219 0.42662 0.88589 0.1845 0.5733
0 9.27051 -218.65293 66.76837 0.18219 0.42662 0.88589 0.2918 0.5216
podwall_s2
0 0.00000 -231.98925 75.09740 0.18219 0.00000 0.98326 0.1876 0.5867
0 0.00000 -248.01075 75.09740 0.18219 0.00000 0.98326 0.0624 0.5867
0 9.27051 -247.61868 73.37962 0.18219 0.00000 0.98326 0.0655 0.5733
podwall_s2
0 0.00000 -231.98925 75.09740 0.18219 0.00000 0.98326 0.1876 0.5867
0 9.27051 -247.61868 73.37962 0.18219 0.00000 0.98326 0.0655 0.5733
0 9.27051 -232.38132 73.37962 0.18219 0.00000 0.98326 0.1845 0.5733
podwall_s2
0 0.00000 -248.01075 75.09740 0.18219 -0.42662 0.88589 0.0624 0.5867
0 0.00000 -262.44563 68.14593 0.18219 -0.42662 0.88589 0.9496 0.5324
0 9.27051 -261.34707 66.76837 0.18219 -0.42662 0.88589 0.9582 0.5216
podwall_s2
0 0.00000 -248.01075 75.09740 0.18219 -0.42662 0.88589 0.0624 0.5867
0 9.27051 -261.34707 66.76837 0.18219 -0.42662 0.88589 0.9582 0.5216
0 9.27051 -247.61868 73.37962 0.18219 -0.42662 0.88589 0.0655 0.5733
podwall_s3
0 0.00000 -262.44563 68.14593 0.18219 -0.76875 0.61305 0.9496 0.5324
0 0.00000 -272.43488 55.61981 0.18219 -0.76875 0.61305 0.8716 0.4345
0 9.27051 -270.84740 54.85533 0.18219 -0.76875 0.61305 0.8840 0.4286
podwall_s3
0 0.00000 -262.44563 68.14593 0.18219 -0.76875 0.61305 0.9496 0.5324
0 9.27051 -270.84740 54.85533 0.18219 -0.76875 0.61305 0.8840 0.4286
0 9.27051 -261.34707 66.76837 0.18219 -0.76875 0.61305 0.9582 0.5216
podwall_s3
0 0.00000 -272.43488 55.61981 0.18219 -0.95861 0.21880 0.8716 0.4345
0 0.00000 -276.00000 40.00000 0.18219 -0.95861 0.21880 0.8438 0.3125
0 9.27051 -274.23803 40.00000 0.18219 -0.95861 0.21880 0.8575 0.3125
podwall_s3
0 0.00000 -272.43488 55.61981 0.18219 -0.95861 0.21880 0.8716 0.4345
0 9.27051 -274.23803 40.00000 0.18219 -0.95861 0.21880 0.8575 0.3125
0 9.27051 -270.84740 54.85533 0.18219 -0.95861 0.21880 0.8840 0.4286
podwall_s4
0 0.00000 -276.00000 40.00000 0.18219 -0.95861 -0.21880 0.8438 0.3125
0 0.00000 -272.43488 24.38019 0.18219 -0.95861 -0.21880 0.8716 0.1905
0 9.27051 -270.84740 25.14467 0.18219 -0.95861 -0.21880 0.8840 0.1964
podwall_s4
0 0.00000 -276.00000 40.00000 0.18219 -0.95861 -0.21880 0.8438 0.3125
0 9.27051 -270.84740 25.14467 0.18219 -0.95861 -0.21880 0.8840 0.1964
0 9.27051 -274.23803 40.00000 0.18219 -0.95861 -0.21880 0.8575 0.3125
podwall_s5
0 0.00000 -272.43488 24.38019 0.18219 -0.76875 -0.61305 0.8716 0.1905
0 0.00000 -262.44563 11.85407 0.18219 -0.76875 -0.61305 0.9496 0.0926
0 9.27051 -261.34707 13.23163 0.18219 -0.76875 -0.61305 0.9582 0.1034
podwall_s5
0 0.00000 -272.43488 24.38019 0.18219 -0.76875 -0.61305 0.8716 0.1905
0 9.27051 -261.34707 13.23163 0.18219 -0.76875 -0.61305 0.9582 0.1034
0 9.27051 -270.84740 25.14467 0.18219 -0.76875 -0.61305 0.8840 0.1964
podwall_s5
0 0.00000 -262.44563 11.85407 0.18219 -0.42662 -0.88589 0.9496 0.0926
0 0.00000 -248.01075 4.90260 0.18219 -0.42662 -0.88589 0.0624 0.0383
0 9.27051 -247.61868 6.62038 0.18219 -0.42662 -0.88589 0.0655 0.0517
podwall_s5
0 0.00000 -262.44563 11.85407 0.18219 -0.42662 -0.88589 0.9496 0.0926
0 9.27051 -247.61868 6.62038 0.18219 -0.42662 -0.88589 0.0655 0.0517
0 9.27051 -261.34707 13.23163 0.18219 -0.42662 -0.88589 0.9582 0.1034
podwall_s5
0 0.00000 -248.01075 4.90260 0.18219 -0.00000 -0.98326 0.0624 0.0383
0 0.00000 -231.98925 4.90260 0.18219 -0.00000 -0.98326 0.1876 0.0383
0 9.27051 -232.38132 6.62038 0.18219 -0.00000 -0.98326 0.1845 0.0517
podwall_s5
0 0.00000 -248.01075 4.90260 0.18219 -0.00000 -0.98326 0.0624 0.0383
0 9.27051 -232.38132 6.62038 0.18219 -0.00000 -0.98326 0.1845 0.0517
0 9.27051 -247.61868 6.62038 0.18219 -0.00000 -0.98326 0.0655 0.0517
podwall_s5
0 0.00000 -231.98925 4.90260 0.18219 0.42662 -0.88589 0.1876 0.0383
0 0.00000 -217.55437 11.85407 0.18219 0.42662 -0.88589 0.3004 0.0926
0 9.27051 -218.65293 13.23163 0.18219 0.42662 -0.88589 0.2918 0.1034
podwall_s5
0 0.00000 -231.98925 4.90260 0.18219 0.42662 -0.88589 0.1876 0.0383
0 9.27051 -218.65293 13.23163 0.18219 0.42662 -0.88589 0.2918 0.1034
0 9.27051 -232.38132 6.62038 0.18219 0.42662 -0.88589 0.1845 0.0517
podwall_s5
0 0.00000 -217.55437 11.85407 0.18219 0.76875 -0.61305 0.3004 0.0926
0 0.00000 -207.56512 24.38019 0.18219 0.76875 -0.61305 0.3784 0.1905
0 9.27051 -209.15260 25.14467 0.18219 0.76875 -0.61305 0.3660 0.1964
podwall_s5
0 0.00000 -217.55437 11.85407 0.18219 0.76875 -0.61305 0.3004 0.0926
0 9.27051 -209.15260 25.14467 0.18219 0.76875 -0.61305 0.3660 0.1964
0 9.27051 -218.65293 13.23163 0.18219 0.76875 -0.61305 0.2918 0.1034
podwall_s4
0 0.00000 -207.56512 24.38019 0.18219 0.95861 -0.21880 0.3784 0.1905
0 0.00000 -204.00000 40.00000 0.18219 0.95861 -0.21880 0.4062 0.3125
0 9.27051 -205.76197 40.00000 0.18219 0.95861 -0.21880 0.3925 0.3125
podwall_s4
0 0.00000 -207.56512 24.38019 0.18219 0.95861 -0.21880 0.3784 0.1905
0 9.27051 -205.76197 40.00000 0.18219 0.95861 -0.21880 0.3925 0.3125
0 9.27051 -209.15260 25.14467 0.18219 0.95861 -0.21880 0.3660 0.1964
podwall_s4
0 9.27051 -205.76197 40.00000 0.51203 0.83743 0.19114 0.3925 0.3125
0 9.27051 -209.15260 54.85533 0.51203 0.83743 0.19114 0.3660 0.4286
0 17.63356 -213.75963 52.63670 0.51203 0.83743 0.19114 0.3300 0.4112
podwall_s4
0 9.27051 -205.76197 40.00000 0.51203 0.83743 0.19114 0.3925 0.3125
0 17.63356 -213.75963 52.63670 0.51203 0.83743 0.19114 0.3300 0.4112
0 17.63356 -210.87539 40.00000 0.51203 0.83743 0.19114 0.3525 0.3125
podwall_s4
0 9.27051 -209.15260 54.85533 0.51203 0.67157 0.53556 0.3660 0.4286
0 9.27051 -218.65293 66.76837 0.51203 0.67157 0.53556 0.2918 0.5216
0 17.63356 -221.84110 62.77054 0.51203 0.67157 0.53556 0.2669 0.4904
podwall_s4
0 9.27051 -209.15260 54.85533 0.51203 0.67157 0.53556 0.3660 0.4286
0 17.63356 -221.84110 62.77054 0.51203 0.67157 0.53556 0.2669 0.4904
0 17.63356 -213.75963 52.63670 0.51203 0.67157 0.53556 0.3300 0.4112
podwall_s3
0 9.27051 -218.65293 66.76837 0.51203 0.37269 0.77390 0.2918 0.5216
0 9.27051 -232.38132 73.37962 0.51203 0.37269 0.77390 0.1845 0.5733
0 17.63356 -233.51916 68.39440 0.51203 0.37269 0.77390 0.1756 0.5343
podwall_s3
0 9.27051 -218.65293 66.76837 0.51203 0.37269 0.77390 0.2918 0.5216
0 17.63356 -233.51916 68.39440 0.51203 0.37269 0.77390 0.1756 0.5343
0 17.63356 -221.84110 62.77054 0.51203 0.37269 0.77390 0.2669 0.4904
podwall_s3
0 9.27051 -232.38132 73.37962 0.51203 0.00000 0.85897 0.1845 0.5733
0 9.27051 -247.61868 73.37962 0.51203 0.00000 0.85897 0.0655 0.5733
0 17.63356 -246.48084 68.39440 0.51203 0.00000 0.85897 0.0744 0.5343
podwall_s3
0 9.27051 -232.38132 73.37962 0.51203 0.00000 0.85897 0.1845 0.5733
0 17.63356 -246.48084 68.39440 0.51203 0.00000 0.85897 0.0744 0.5343
0 17.63356 -233.51916 68.39440 0.51203 0.00000 0.85897 0.1756 0.5343
podwall_s3
0 9.27051 -247.61868 73.37962 0.51203 -0.37269 0.77390 0.0655 0.5733
0 9.27051 -261.34707 66.76837 0.51203 -0.37269 0.77390 0.9582 0.5216
0 17.63356 -258.15890 62.77054 0.51203 -0.37269 0.77390 0.9831 0.4904
podwall_s3
0 9.27051 -247.61868 73.37962 0.51203 -0.37269 0.77390 0.0655 0.5733
0 17.63356 -258.15890 62.77054 0.51203 -0.37269 0.77390 0.9831 0.4904
0 17.63356 -246.48084 68.39440 0.51203 -0.37269 0.77390 0.0744 0.5343
podwall_s4
0 9.27051 -261.34707 66.76837 0.51203 -0.67157 0.53556 0.9582 0.5216
0 9.27051 -270.84740 54.85533 0.51203 -0.67157 0.53556 0.8840 0.4286
0 17.63356 -266.24037 52.63670 0.51203 -0.67157 0.53556 0.9200 0.4112
podwall_s4
0 9.27051 -261.34707 66.76837 0.51203 -0.67157 0.53556 0.9582 0.5216
0 17.63356 -266.24037 52.63670 0.51203 -0.67157 0.53556 0.9200 0.4112
0 17.63356 -258.15890 62.77054 0.51203 -0.67157 0.53556 0.9831 0.4904
podwall_s4
0 9.27051 -270.84740 54.85533 0.51203 -0.83743 0.19114 0.8840 0.4286
0 9.27051 -274.23803 40.00000 0.51203 -0.83743 0.19114 0.8575 0.3125
0 17.63356 -269.12461 40.00000 0.51203 -0.83743 0.19114 0.8975 0.3125
podwall_s4
0 9.27051 -270.84740 54.85533 0.51203 -0.83743 0.19114 0.8840 0.4286
0 17.63356 -269.12461 40.00000 0.51203 -0.83743 0.19114 0.8975 0.3125
0 17.63356 -266.24037 52.63670 0.51203 -0.83743 0.19114 0.9200 0.4112
podwall_s5
0 9.27051 -274.23803 40.00000 0.51203 -0.83743 -0.19114 0.8575 0.3125
0 9.27051 -270.84740 25.14467 0.51203 -0.83743 -0.19114 0.8840 0.1964
0 17.63356 -266.24037 27.36330 0.51203 -0.83743 -0.19114 0.9200 0.2138
podwall_s5
0 9.27051 -274.23803 40.00000 0.51203 -0.83743 -0.19114 0.8575 0.3125
0 17.63356 -266.24037 27.36330 0.51203 -0.83743 -0.19114 0.9200 0.2138
0 17.63356 -269.12461 40.00000 0.51203 -0.83743 -0.19114 0.8975 0.3125
podwall_s6
0 9.27051 -270.84740 25.14467 0.51203 -0.67157 -0.53556 0.8840 0.1964
0 9.27051 -261.34707 13.23163 0.51203 -0.67157 -0.53556 0.9582 0.1034
0 17.63356 -258.15890 17.22946 0.51203 -0.67157 -0.53556 0.9831 0.1346
podwall_s6
0 9.27051 -270.84740 25.14467 0.51203 -0.67157 -0.53556 0.8840 0.1964
0 17.63356 -258.15890 17.22946 0.51203 -0.67157 -0.53556 0.9831 0.1346
0 17.63356 -266.24037 27.36330 0.51203 -0.67157 -0.53556 0.9200 0.2138
podwall_s6
0 9.27051 -261.34707 13.23163 0.51203 -0.37269 -0.77390 0.9582 0.1034
0 9.27051 -247.61868 6.62038 0.51203 -0.37269 -0.77390 0.0655 0.0517
0 17.63356 -246.48084 11.60560 0.51203 -0.37269 -0.77390 0.0744 0.0907
podwall_s6
0 9.27051 -261.34707 13.23163 0.51203 -0.37269 -0.77390 0.9582 0.1034
0 17.63356 -246.48084 11.60560 0.51203 -0.37269 -0.77390 0.0744 0.0907
0 17.63356 -258.15890 17.22946 0.51203 -0.37269 -0.77390 0.9831 0.1346
podwall_s6
0 9.27051 -247.61868 6.62038 0.51203 -0.00000 -0.85897 0.0655 0.0517
0 9.27051 -232.38132 6.62038 0.51203 -0.00000 -0.85897 0.1845 0.0517
0 17.63356 -233.51916 11.60560 0.51203 -0.00000 -0.85897 0.1756 0.0907
podwall_s6
0 9.27051 -247.61868 6.62038 0.51203 -0.00000 -0.85897 0.0655 0.0517
0 17.63356 -233.51916 11.60560 0.51203 -0.00000 -0.85897 0.1756 0.0907
0 17.63356 -246.48084 11.60560 0.51203 -0.00000 -0.85897 0.0744 0.0907
podwall_s6
0 9.27051 -232.38132 6.62038 0.51203 0.37269 -0.77390 0.1845 0.0517
0 9.27051 -218.65293 13.23163 0.51203 0.37269 -0.77390 0.2918 0.1034
0 17.63356 -221.84110 17.22946 0.51203 0.37269 -0.77390 0.2669 0.1346
podwall_s6
0 9.27051 -232.38132 6.62038 0.51203 0.37269 -0.77390 0.1845 0.0517
0 17.63356 -221.84110 17.22946 0.51203 0.37269 -0.77390 0.2669 0.1346
0 17.63356 -233.51916 11.60560 0.51203 0.37269 -0.77390 0.1756 0.0907
podwall_s6
0 9.27051 -218.65293 13.23163 0.51203 0.67157 -0.53556 0.2918 0.1034
0 9.27051 -209.15260 25.14467 0.51203 0.67157 -0.53556 0.3660 0.1964
0 17.63356 -213.75963 27.36330 0.51203 0.67157 -0.53556 0.3300 0.2138
podwall_s6
0 9.27051 -218.65293 13.23163 0.51203 0.67157 -0.53556 0.2918 0.1034
0 17.63356 -213.75963 27.36330 0.51203 0.67157 -0.53556 0.3300 0.2138
0 17.63356 -221.84110 17.22946 0.51203 0.67157 -0.53556 0.2669 0.1346
podwall_s5
0 9.27051 -209.15260 25.14467 0.51203 0.83743 -0.19114 0.3660 0.1964
0 9.27051 -205.76197 40.00000 0.51203 0.83743 -0.19114 0.3925 0.3125
0 17.63356 -210.87539 40.00000 0.51203 0.83743 -0.19114 0.3525 0.3125
podwall_s5
0 9.27051 -209.15260 25.14467 0.51203 0.83743 -0.19114 0.3660 0.1964
0 17.63356 -210.87539 40.00000 0.51203 0.83743 -0.19114 0.3525 0.3125
0 17.63356 -213.75963 27.36330 0.51203 0.83743 -0.19114 0.3300 0.2138
podwall_s5
0 17.63356 -210.87539 40.00000 0.76015 0.63346 0.14458 0.3525 0.3125
0 17.63356 -213.75963 52.63670 0.76015 0.63346 0.14458 0.3300 0.4112
0 24.27051 -220.93526 49.18110 0.76015 0.63346 0.14458 0.2739 0.3842
podwall_s5
0 17.63356 -210.87539 40.00000 0.76015 0.63346 0.14458 0.3525 0.3125
0 24.27051 -220.93526 49.18110 0.76015 0.63346 0.14458 0.2739 0.3842
0 24.27051 -218.83973 40.00000 0.76015 0.63346 0.14458 0.2903 0.3125
podwall_s5
0 17.63356 -213.75963 52.63670 0.76015 0.50799 0.40511 0.3300 0.4112
0 17.63356 -221.84110 62.77054 0.76015 0.50799 0.40511 0.2669 0.4904
0 24.27051 -226.80679 56.54376 0.76015 0.50799 0.40511 0.2281 0.4417
podwall_s5
0 17.63356 -213.75963 52.63670 0.76015 0.50799 0.40511 0.3300 0.4112
0 24.27051 -226.80679 56.54376 0.76015 0.50799 0.40511 0.2281 0.4417
0 24.27051 -220.93526 49.18110 0.76015 0.50799 0.40511 0.2739 0.3842
podwall_s5
0 17.63356 -221.84110 62.77054 0.76015 0.28192 0.58540 0.2669 0.4904
0 17.63356 -233.51916 68.39440 0.76015 0.28192 0.58540 0.1756 0.5343
0 24.27051 -235.29140 60.62974 0.76015 0.28192 0.58540 0.1618 0.4737
podwall_s5
0 17.63356 -221.84110 62.77054 0.76015 0.28192 0.58540 0.2669 0.4904
0 24.27051 -235.29140 60.62974 0.76015 0.28192 0.58540 0.1618 0.4737
0 24.27051 -226.80679 56.54376 0.76015 0.28192 0.58540 0.2281 0.4417
podwall_s5
0 17.63356 -233.51916 68.39440 0.76015 0.00000 0.64975 0.1756 0.5343
0 17.63356 -246.48084 68.39440 0.76015 0.00000 0.64975 0.0744 0.5343
0 24.27051 -244.70860 60.62974 0.76015 0.00000 0.64975 0.0882 0.4737
podwall_s5
0 17.63356 -233.51916 68.39440 0.76015 0.00000 0.64975 0.1756 0.5343
0 24.27051 -244.70860 60.62974 0.76015 0.00000 0.64975 0.0882 0.4737
0 24.27051 -235.29140 60.62974 0.76015 0.00000 0.64975 0.1618 0.4737
podwall_s5
0 17.63356 -246.48084 68.39440 0.76015 -0.28192 0.58540 0.0744 0.5343
0 17.63356 -258.15890 62.77054 0.76015 -0.28192 0.58540 0.9831 0.4904
0 24.27051 -253.19321 56.54376 0.76015 -0.28192 0.58540 0.0219 0.4417
podwall_s5
0 17.63356 -246.48084 68.39440 0.76015 -0.28192 0.58540 0.0744 0.5343
0 24.27051 -253.19321 56.54376 0.76015 -0.28192 0.58540 0.0219 0.4417
0 24.27051 -244.70860 60.62974 0.76015 -0.28192 0.58540 0.0882 0.4737
podwall_s5
0 17.63356 -258.15890 62.77054 0.76015 -0.50799 0.40511 0.9831 0.4904
0 17.63356 -266.24037 52.63670 0.76015 -0.50799 0.40511 0.9200 0.4112
0 24.27051 -259.06474 49.18110 0.76015 -0.50799 0.40511 0.9761 0.3842
podwall_s5
0 17.63356 -258.15890 62.77054 0.76015 -0.50799 0.40511 0.9831 0.4904
0 24.27051 -259.06474 49.18110 0.76015 -0.50799 0.40511 0.9761 0.3842
0 24.27051 -253.19321 56.54376 0.76015 -0.50799 0.40511 0.0219 0.4417
podwall_s5
0 17.63356 -266.24037 52.63670 0.76015 -0.63346 0.14458 0.9200 0.4112
0 17.63356 -269.12461 40.00000 0.76015 -0.63346 0.14458 0.8975 0.3125
0 24.27051 -261.16027 40.00000 0.76015 -0.63346 0.14458 0.9597 0.3125
podwall_s5
0 17.63356 -266.24037 52.63670 0.76015 -0.63346 0.14458 0.9200 0.4112
0 24.27051 -261.16027 40.00000 0.76015 -0.63346 0.14458 0.9597 0.3125
0 24.27051 -259.06474 49.18110 0.76015 -0.63346 0.14458 0.9761 0.3842
podwall_s6
0 17.63356 -269.12461 40.00000 0.76015 -0.63346 -0.14458 0.8975 0.3125
0 17.63356 -266.24037 27.36330 0.76015 -0.63346 -0.14458 0.9200 0.2138
0 24.27051 -259.06474 30.81890 0.76015 -0.63346 -0.14458 0.9761 0.2408
podwall_s6
0 17.63356 -269.12461 40.00000 0.76015 -0.63346 -0.14458 0.8975 0.3125
0 24.27051 -259.06474 30.81890 0.76015 -0.63346 -0.14458 0.9761 0.2408
0 24.27051 -261.16027 40.00000 0.76015 -0.63346 -0.14458 0.9597 0.3125
podwall_s6
0 17.63356 -266.24037 27.36330 0.76015 -0.50799 -0.40511 0.9200 0.2138
0 17.63356 -258.15890 17.22946 0.76015 -0.50799 -0.40511 0.9831 0.1346
0 24.27051 -253.19321 23.45624 0.76015 -0.50799 -0.40511 0.0219 0.1833
podwall_s6
0 17.63356 -266.24037 27.36330 0.76015 -0.50799 -0.40511 0.9200 0.2138
0 24.27051 -253.19321 23.45624 0.76015 -0.50799 -0.40511 0.0219 0.1833
0 24.27051 -259.06474 30.81890 0.76015 -0.50799 -0.40511 0.9761 0.2408
podwall_s7
0 17.63356 -258.15890 17.22946 0.76015 -0.28192 -0.58540 0.9831 0.1346
0 17.63356 -246.48084 11.60560 0.76015 -0.28192 -0.58540 0.0744 0.0907
0 24.27051 -244.70860 19.37026 0.76015 -0.28192 -0.58540 0.0882 0.1513
podwall_s7
0 17.63356 -258.15890 17.22946 0.76015 -0.28192 -0.58540 0.9831 0.1346
0 24.27051 -244.70860 19.37026 0.76015 -0.28192 -0.58540 0.0882 0.1513
0 24.27051 -253.19321 23.45624 0.76015 -0.28192 -0.58540 0.0219 0.1833
podwall_s7
0 17.63356 -246.48084 11.60560 0.76015 -0.00000 -0.64975 0.0744 0.0907
0 17.63356 -233.51916 11.60560 0.76015 -0.00000 -0.64975 0.1756 0.0907
0 24.27051 -235.29140 19.37026 0.76015 -0.00000 -0.64975 0.1618 0.1513
podwall_s7
0 17.63356 -246.48084 11.60560 0.76015 -0.00000 -0.64975 0.0744 0.0907
0 24.27051 -235.29140 19.37026 0.76015 -0.00000 -0.64975 0.1618 0.1513
0 24.27051 -244.70860 19.37026 0.76015 -0.00000 -0.64975 0.0882 0.1513
podwall_s7
0 17.63356 -233.51916 11.60560 0.76015 0.28192 -0.58540 0.1756 0.0907
0 17.63356 -221.84110 17.22946 0.76015 0.28192 -0.58540 0.2669 0.1346
0 24.27051 -226.80679 23.45624 0.76015 0.28192 -0.58540 0.2281 0.1833
podwall_s7
0 17.63356 -233.51916 11.60560 0.76015 0.28192 -0.58540 0.1756 0.0907
0 24.27051 -226.80679 23.45624 0.76015 0.28192 -0.58540 0.2281 0.1833
0 24.27051 -235.29140 19.37026 0.76015 0.28192 -0.58540 0.1618 0.1513
podwall_s6
0 17.63356 -221.84110 17.22946 0.76015 0.50799 -0.40511 0.2669 0.1346
0 17.63356 -213.75963 27.36330 0.76015 0.50799 -0.40511 0.3300 0.2138
0 24.27051 -220.93526 30.81890 0.76015 0.50799 -0.40511 0.2739 0.2408
podwall_s6
0 17.63356 -221.84110 17.22946 0.76015 0.50799 -0.40511 0.2669 0.1346
0 24.27051 -220.93526 30.81890 0.76015 0.50799 -0.40511 0.2739 0.2408
0 24.27051 -226.80679 23.45624 0.76015 0.50799 -0.40511 0.2281 0.1833
podwall_s6
0 17.63356 -213.75963 27.36330 0.76015 0.63346 -0.14458 0.3300 0.2138
0 17.63356 -210.87539 40.00000 0.76015 0.63346 -0.14458 0.3525 0.3125
0 24.27051 -218.83973 40.00000 0.76015 0.63346 -0.14458 0.2903 0.3125
podwall_s6
0 17.63356 -213.75963 27.36330 0.76015 0.63346 -0.14458 0.3300 0.2138
0 24.27051 -218.83973 40.00000 0.76015 0.63346 -0.14458 0.2903 0.3125
0 24.27051 -220.93526 30.81890 0.76015 0.63346 -0.14458 0.2739 0.2408
podwall_s6
0 24.27051 -218.83973 40.00000 0.91682 0.38929 0.08885 0.2903 0.3125
0 24.27051 -220.93526 49.18110 0.91682 0.38929 0.08885 0.2739 0.3842
0 28.53170 -229.97707 44.82679 0.91682 0.38929 0.08885 0.2033 0.3502
podwall_s6
0 24.27051 -218.83973 40.00000 0.91682 0.38929 0.08885 0.2903 0.3125
0 28.53170 -229.97707 44.82679 0.91682 0.38929 0.08885 0.2033 0.3502
0 28.53170 -228.87539 40.00000 0.91682 0.38929 0.08885 0.2119 0.3125
podwall_s6
0 24.27051 -220.93526 49.18110 0.91682 0.31218 0.24896 0.2739 0.3842
0 24.27051 -226.80679 56.54376 0.91682 0.31218 0.24896 0.2281 0.4417
0 28.53170 -233.06392 48.69757 0.91682 0.31218 0.24896 0.1792 0.3804
podwall_s6
0 24.27051 -220.93526 49.18110 0.91682 0.31218 0.24896 0.2739 0.3842
0 28.53170 -233.06392 48.69757 0.91682 0.31218 0.24896 0.1792 0.3804
0 28.53170 -229.97707 44.82679 0.91682 0.31218 0.24896 0.2033 0.3502
podwall_s6
0 24.27051 -226.80679 56.54376 0.91682 0.17325 0.35975 0.2281 0.4417
0 24.27051 -235.29140 60.62974 0.91682 0.17325 0.35975 0.1618 0.4737
0 28.53170 -237.52454 50.84569 0.91682 0.17325 0.35975 0.1443 0.3972
podwall_s6
0 24.27051 -226.80679 56.54376 0.91682 0.17325 0.35975 0.2281 0.4417
0 28.53170 -237.52454 50.84569 0.91682 0.17325 0.35975 0.1443 0.3972
0 28.53170 -233.06392 48.69757 0.91682 0.17325 0.35975 0.1792 0.3804
podwall_s6
0 24.27051 -235.29140 60.62974 0.91682 0.00000 0.39930 0.1618 0.4737
0 24.27051 -244.70860 60.62974 0.91682 0.00000 0.39930 0.0882 0.4737
0 28.53170 -242.47546 50.84569 0.91682 0.00000 0.39930 0.1057 0.3972
podwall_s6
0 24.27051 -235.29140 60.62974 0.91682 0.00000 0.39930 0.1618 0.4737
0 28.53170 -242.47546 50.84569 0.91682 0.00000 0.39930 0.1057 0.3972
0 28.53170 -237.52454 50.84569 0.91682 0.00000 0.39930 0.1443 0.3972
podwall_s6
0 24.27051 -244.70860 60.62974 0.91682 -0.17325 0.35975 0.0882 0.4737
0 24.27051 -253.19321 56.54376 0.91682 -0.17325 0.35975 0.0219 0.4417
0 28.53170 -246.93608 48.69757 0.91682 -0.17325 0.35975 0.0708 0.3804
podwall_s6
0 24.27051 -244.70860 60.62974 0.91682 -0.17325 0.35975 0.0882 0.4737
0 28.53170 -246.93608 48.69757 0.91682 -0.17325 0.35975 0.0708 0.3804
0 28.53170 -242.47546 50.84569 0.91682 -0.17325 0.35975 0.1057 0.3972
podwall_s6
0 24.27051 -253.19321 56.54376 0.91682 -0.31218 0.24896 0.0219 0.4417
0 24.27051 -259.06474 49.18110 0.91682 -0.31218 0.24896 0.9761 0.3842
0 28.53170 -250.02293 44.82679 0.91682 -0.31218 0.24896 0.0467 0.3502
podwall_s6
0 24.27051 -253.19321 56.54376 0.91682 -0.31218 0.24896 0.0219 0.4417
0 28.53170 -250.02293 44.82679 0.91682 -0.31218 0.24896 0.0467 0.3502
0 28.53170 -246.93608 48.69757 0.91682 -0.31218 0.24896 0.0708 0.3804
podwall_s6
0 24.27051 -259.06474 49.18110 0.91682 -0.38929 0.08885 0.9761 0.3842
0 24.27051 -261.16027 40.00000 0.91682 -0.38929 0.08885 0.9597 0.3125
0 28.53170 -251.12461 40.00000 0.91682 -0.38929 0.08885 0.0381 0.3125
podwall_s6
0 24.27051 -259.06474 49.18110 0.91682 -0.38929 0.08885 0.9761 0.3842
0 28.53170 -251.12461 40.00000 0.91682 -0.38929 0.08885 0.0381 0.3125
0 28.53170 -250.02293 44.82679 0.91682 -0.38929 0.08885 0.0467 0.3502
podwall_s6
0 24.27051 -261.16027 40.00000 0.91682 -0.38929 -0.08885 0.9597 0.3125
0 24.27051 -259.06474 30.81890 0.91682 -0.38929 -0.08885 0.9761 0.2408
0 28.53170 -250.02293 35.17321 0.91682 -0.38929 -0.08885 0.0467 0.2748
podwall_s6
0 24.27051 -261.16027 40.00000 0.91682 -0.38929 -0.08885 0.9597 0.3125
0 28.53170 -250.02293 35.17321 0.91682 -0.38929 -0.08885 0.0467 0.2748
0 28.53170 -251.12461 40.00000 0.91682 -0.38929 -0.08885 0.0381 0.3125
podwall_s7
0 24.27051 -259.06474 30.81890 0.91682 -0.31218 -0.24896 0.9761 0.2408
0 24.27051 -253.19321 23.45624 0.91682 -0.31218 -0.24896 0.0219 0.1833
0 28.53170 -246.93608 31.30243 0.91682 -0.31218 -0.24896 0.0708 0.2446
podwall_s7
0 24.27051 -259.06474 30.81890 0.91682 -0.31218 -0.24896 0.9761 0.2408
0 28.53170 -246.93608 31.30243 0.91682 -0.31218 -0.24896 0.0708 0.2446
0 28.53170 -250.02293 35.17321 0.91682 -0.31218 -0.24896 0.0467 0.2748
podwall_s7
0 24.27051 -253.19321 23.45624 0.91682 -0.17325 -0.35975 0.0219 0.1833
0 24.27051 -244.70860 19.37026 0.91682 -0.17325 -0.35975 0.0882 0.1513
0 28.53170 -242.47546 29.15431 0.91682 -0.17325 -0.35975 0.1057 0.2278
podwall_s7
0 24.27051 -253.19321 23.45624 0.91682 -0.17325 -0.35975 0.0219 0.1833
0 28.53170 -242.47546 29.15431 0.91682 -0.17325 -0.35975 0.1057 0.2278
0 28.53170 -246.93608 31.30243 0.91682 -0.17325 -0.35975 0.0708 0.2446
podwall_s7
0 24.27051 -244.70860 19.37026 0.91682 -0.00000 -0.39930 0.0882 0.1513
0 24.27051 -235.29140 19.37026 0.91682 -0.00000 -0.39930 0.1618 0.1513
0 28.53170 -237.52454 29.15431 0.91682 -0.00000 -0.39930 0.1443 0.2278
podwall_s7
0 24.27051 -244.70860 19.37026 0.91682 -0.00000 -0.39930 0.0882 0.1513
0 28.53170 -237.52454 29.15431 0.91682 -0.00000 -0.39930 0.1443 0.2278
0 28.53170 -242.47546 29.15431 0.91682 -0.00000 -0.39930 0.1057 0.2278
podwall_s7
0 24.27051 -235.29140 19.37026 0.91682 0.17325 -0.35975 0.1618 0.1513
0 24.27051 -226.80679 23.45624 0.91682 0.17325 -0.35975 0.2281 0.1833
0 28.53170 -233.06392 31.30243 0.91682 0.17325 -0.35975 0.1792 0.2446
podwall_s7
0 24.27051 -235.29140 19.37026 0.91682 0.17325 -0.35975 0.1618 0.1513
0 28.53170 -233.06392 31.30243 0.91682 0.17325 -0.35975 0.1792 0.2446
0 28.53170 -237.52454 29.15431 0.91682 0.17325 -0.35975 0.1443 0.2278
podwall_s7
0 24.27051 -226.80679 23.45624 0.91682 0.31218 -0.24896 0.2281 0.1833
0 24.27051 -220.93526 30.81890 0.91682 0.31218 -0.24896 0.2739 0.2408
0 28.53170 -229.97707 35.17321 0.91682 0.31218 -0.24896 0.2033 0.2748
podwall_s7
0 24.27051 -226.80679 23.45624 0.91682 0.31218 -0.24896 0.2281 0.1833
0 28.53170 -229.97707 35.17321 0.91682 0.31218 -0.24896 0.2033 0.2748
0 28.53170 -233.06392 31.30243 0.91682 0.31218 -0.24896 0.1792 0.2446
podwall_s6
0 24.27051 -220.93526 30.81890 0.91682 0.38929 -0.08885 0.2739 0.2408
0 24.27051 -218.83973 40.00000 0.91682 0.38929 -0.08885 0.2903 0.3125
0 28.53170 -228.87539 40.00000 0.91682 0.38929 -0.08885 0.2119 0.3125
podwall_s6
0 24.27051 -220.93526 30.81890 0.91682 0.38929 -0.08885 0.2739 0.2408
0 28.53170 -228.87539 40.00000 0.91682 0.38929 -0.08885 0.2119 0.3125
0 28.53170 -229.97707 35.17321 0.91682 0.38929 -0.08885 0.2033 0.2748
podwall_s6
0 28.53170 -228.87539 40.00000 0.99096 0.13079 0.02985 0.2119 0.3125
0 28.53170 -229.97707 44.82679 0.99096 0.13079 0.02985 0.2033 0.3502
0 30.00000 -240.00000 40.00000 0.99096 0.13079 0.02985 0.1250 0.3125
podwall_s6
0 28.53170 -229.97707 44.82679 0.99096 0.10489 0.08365 0.2033 0.3502
0 28.53170 -233.06392 48.69757 0.99096 0.10489 0.08365 0.1792 0.3804
0 30.00000 -240.00000 40.00000 0.99096 0.10489 0.08365 0.1250 0.3125
podwall_s6
0 28.53170 -233.06392 48.69757 0.99096 0.05821 0.12087 0.1792 0.3804
0 28.53170 -237.52454 50.84569 0.99096 0.05821 0.12087 0.1443 0.3972
0 30.00000 -240.00000 40.00000 0.99096 0.05821 0.12087 0.1250 0.3125
podwall_s6
0 28.53170 -237.52454 50.84569 0.99096 0.00000 0.13416 0.1443 0.3972
0 28.53170 -242.47546 50.84569 0.99096 0.00000 0.13416 0.1057 0.3972
0 30.00000 -240.00000 40.00000 0.99096 0.00000 0.13416 0.1250 0.3125
podwall_s6
0 28.53170 -242.47546 50.84569 0.99096 -0.05821 0.12087 0.1057 0.3972
0 28.53170 -246.93608 48.69757 0.99096 -0.05821 0.12087 0.0708 0.3804
0 30.00000 -240.00000 40.00000 0.99096 -0.05821 0.12087 0.1250 0.3125
podwall_s6
0 28.53170 -246.93608 48.69757 0.99096 -0.10489 0.08365 0.0708 0.3804
0 28.53170 -250.02293 44.82679 0.99096 -0.10489 0.08365 0.0467 0.3502
0 30.00000 -240.00000 40.00000 0.99096 -0.10489 0.08365 0.1250 0.3125
podwall_s6
0 28.53170 -250.02293 44.82679 0.99096 -0.13079 0.02985 0.0467 0.3502
0 28.53170 -251.12461 40.00000 0.99096 -0.13079 0.02985 0.0381 0.3125
0 30.00000 -240.00000 40.00000 0.99096 -0.13079 0.02985 0.1250 0.3125
podwall_s7
0 28.53170 -251.12461 40.00000 0.99096 -0.13079 -0.02985 0.0381 0.3125
0 28.53170 -250.02293 35.17321 0.99096 -0.13079 -0.02985 0.0467 0.2748
0 30.00000 -240.00000 40.00000 0.99096 -0.13079 -0.02985 0.1250 0.3125
podwall_s7
0 28.53170 -250.02293 35.17321 0.99096 -0.10489 -0.08365 0.0467 0.2748
0 28.53170 -246.93608 31.30243 0.99096 -0.10489 -0.08365 0.0708 0.2446
0 30.00000 -240.00000 40.00000 0.99096 -0.10489 -0.08365 0.1250 0.3125
podwall_s7
0 28.53170 -246.93608 31.30243 0.99096 -0.05821 -0.12087 0.0708 0.2446
0 28.53170 -242.47546 29.15431 0.99096 -0.05821 -0.12087 0.1057 0.2278
0 30.00000 -240.00000 40.00000 0.99096 -0.05821 -0.12087 0.1250 0.3125
podwall_s7
0 28.53170 -242.47546 29.15431 0.99096 0.00000 -0.13416 0.1057 0.2278
0 28.53170 -237.52454 29.15431 0.99096 0.00000 -0.13416 0.1443 0.2278
0 30.00000 -240.00000 40.00000 0.99096 0.00000 -0.13416 0.1250 0.3125
podwall_s7
0 28.53170 -237.52454 29.15431 0.99096 0.05821 -0.12087 0.1443 0.2278
0 28.53170 -233.06392 31.30243 0.99096 0.05821 -0.12087 0.1792 0.2446
0 30.00000 -240.00000 40.00000 0.99096 0.05821 -0.12087 0.1250 0.3125
podwall_s7
0 28.53170 -233.06392 31.30243 0.99096 0.10489 -0.08365 0.1792 0.2446
0 28.53170 -229.97707 35.17321 0.99096 0.10489 -0.08365 0.2033 0.2748
0 30.00000 -240.00000 40.00000 0.99096 0.10489 -0.08365 0.1250 0.3125
podwall_s7
0 28.53170 -229.97707 35.17321 0.99096 0.13079 -0.02985 0.2033 0.2748
0 28.53170 -228.87539 40.00000 0.99096 0.13079 -0.02985 0.2119 0.3125
0 30.00000 -240.00000 40.00000 0.99096 0.13079 -0.02985 0.1250 0.3125
podwall_s3
0 0.00000 -204.00000 120.00000 0.18219 0.95861 0.21880 0.4062 0.9375
0 0.00000 -207.56512 135.61981 0.18219 0.95861 0.21880 0.3784 0.0595
0 9.27051 -209.15260 134.85533 0.18219 0.95861 0.21880 0.3660 0.0536
podwall_s3
0 0.00000 -204.00000 120.00000 0.18219 0.95861 0.21880 0.4062 0.9375
0 9.27051 -209.15260 134.85533 0.18219 0.95861 0.21880 0.3660 0.0536
0 9.27051 -205.76197 120.00000 0.18219 0.95861 0.21880 0.3925 0.9375
podwall_s3
0 0.00000 -207.56512 135.61981 0.18219 0.76875 0.61305 0.3784 0.0595
0 0.00000 -217.55437 148.14593 0.18219 0.76875 0.61305 0.3004 0.1574
0 9.27051 -218.65293 146.76837 0.18219 0.76875 0.61305 0.2918 0.1466
podwall_s3
0 0.00000 -207.56512 135.61981 0.18219 0.76875 0.61305 0.3784 0.0595
0 9.27051 -218.65293 146.76837 0.18219 0.76875 0.61305 0.2918 0.1466
0 9.27051 -209.15260 134.85533 0.18219 0.76875 0.61305 0.3660 0.0536
podwall_s2
0 0.00000 -217.55437 148.14593 0.18219 0.42662 0.88589 0.3004 0.1574
0 0.00000 -231.98925 155.09740 0.18219 0.42662 0.88589 0.1876 0.2117
0 9.27051 -232.38132 153.37962 0.18219 0.42662 0.88589 0.1845 0.1983
podwall_s2
0 0.00000 -217.55437 148.14593 0.18219 0.42662 0.88589 0.3004 0.1574
0 9.27051 -232.38132 153.37962 0.18219 0.42662 0.88589 0.1845 0.1983
0 9.27051 -218.65293 146.76837 0.18219 0.42662 0.88589 0.2918 0.1466
podwall_s2
0 0.00000 -231.98925 155.09740 0.18219 0.00000 0.98326 0.1876 0.2117
0 0.00000 -248.01075 155.09740 0.18219 0.00000 0.98326 0.0624 0.2117
0 9.27051 -247.61868 153.37962 0.18219 0.00000 0.98326 0.0655 0.1983
podwall_s2
0 0.00000 -231.98925 155.09740 0.18219 0.00000 0.98326 0.1876 0.2117
0 9.27051 -247.61868 153.37962 0.18219 0.00000 0.98326 0.0655 0.1983
0 9.27051 -232.38132 153.37962 0.18219 0.00000 0.98326 0.1845 0.1983
podwall_s2
0 0.00000 -248.01075 155.09740 0.18219 -0.42662 0.88589 0.0624 0.2117
0 0.00000 -262.44563 148.14593 0.18219 -0.42662 0.88589 0.9496 0.1574
0 9.27051 -261.34707 146.76837 0.18219 -0.42662 0.88589 0.9582 0.1466
podwall_s2
0 0.00000 -248.01075 155.09740 0.18219 -0.42662 0.88589 0.0624 0.2117
0 9.27051 -261.34707 146.76837 0.18219 -0.42662 0.88589 0.9582 0.1466
0 9.27051 -247.61868 153.37962 0.18219 -0.42662 0.88589 0.0655 0.1983
podwall_s3
0 0.00000 -262.44563 148.14593 0.18219 -0.76875 0.61305 0.9496 0.1574
0 0.00000 -272.43488 135.61981 0.18219 -0.76875 0.61305 0.8716 0.0595
0 9.27051 -270.84740 134.85533 0.18219 -0.76875 0.61305 0.8840 0.0536
podwall_s3
0 0.00000 -262.44563 148.14593 0.18219 -0.76875 0.61305 0.9496 0.1574
0 9.27051 -270.84740 134.85533 0.18219 -0.76875 0.61305 0.8840 0.0536
0 9.27051 -261.34707 146.76837 0.18219 -0.76875 0.61305 0.9582 0.1466
podwall_s3
0 0.00000 -272.43488 135.61981 0.18219 -0.95861 0.21880 0.8716 0.0595
0 0.00000 -276.00000 120.00000 0.18219 -0.95861 0.21880 0.8438 0.9375
0 9.27051 -274.23803 120.00000 0.18219 -0.95861 0.21880 0.8575 0.9375
podwall_s3
0 0.00000 -272.43488 135.61981 0.18219 -0.95861 0.21880 0.8716 0.0595
0 9.27051 -274.23803 120.00000 0.18219 -0.95861 0.21880 0.8575 0.9375
0 9.27051 -270.84740 134.85533 0.18219 -0.95861 0.21880 0.8840 0.0536
podwall_s4
0 0.00000 -276.00000 120.00000 0.18219 -0.95861 -0.21880 0.8438 0.9375
0 0.00000 -272.43488 104.38019 0.18219 -0.95861 -0.21880 0.8716 0.8155
0 9.27051 -270.84740 105.14467 0.18219 -0.95861 -0.21880 0.8840 0.8214
podwall_s4
0 0.00000 -276.00000 120.00000 0.18219 -0.95861 -0.21880 0.8438 0.9375
0 9.27051 -270.84740 105.14467 0.18219 -0.95861 -0.21880 0.8840 0.8214
0 9.27051 -274.23803 120.00000 0.18219 -0.95861 -0.21880 0.8575 0.9375
podwall_s5
0 0.00000 -272.43488 104.38019 0.18219 -0.76875 -0.61305 0.8716 0.8155
0 0.00000 -262.44563 91.85407 0.18219 -0.76875 -0.61305 0.9496 0.7176
0 9.27051 -261.34707 93.23163 0.18219 -0.76875 -0.61305 0.9582 0.7284
podwall_s5
0 0.00000 -272.43488 104.38019 0.18219 -0.76875 -0.61305 0.8716 0.8155
0 9.27051 -261.34707 93.23163 0.18219 -0.76875 -0.61305 0.9582 0.7284
0 9.27051 -270.84740 105.14467 0.18219 -0.76875 -0.61305 0.8840 0.8214
podwall_s5
0 0.00000 -262.44563 91.85407 0.18219 -0.42662 -0.88589 0.9496 0.7176
0 0.00000 -248.01075 84.90260 0.18219 -0.42662 -0.88589 0.0624 0.6633
0 9.27051 -247.61868 86.62038 0.18219 -0.42662 -0.88589 0.0655 0.6767
podwall_s5
0 0.00000 -262.44563 91.85407 0.18219 -0.42662 -0.88589 0.9496 0.7176
0 9.27051 -247.61868 86.62038 0.18219 -0.42662 -0.88589 0.0655 0.6767
0 9.27051 -261.34707 93.23163 0.18219 -0.42662 -0.88589 0.9582 0.7284
podwall_s5
0 0.00000 -248.01075 84.90260 0.18219 0.00000 -0.98326 0.0624 0.6633
0 0.00000 -231.98925 84.90260 0.18219 0.00000 -0.98326 0.1876 0.6633
0 9.27051 -232.38132 86.62038 0.18219 0.00000 -0.98326 0.1845 0.6767
podwall_s5
0 0.00000 -248.01075 84.90260 0.18219 0.00000 -0.98326 0.0624 0.6633
0 9.27051 -232.38132 86.62038 0.18219 0.00000 -0.98326 0.1845 0.6767
0 9.27051 -247.61868 86.62038 0.18219 0.00000 -0.98326 0.0655 0.6767
podwall_s5
0 0.00000 -231.98925 84.90260 0.18219 0.42662 -0.88589 0.1876 0.6633
0 0.00000 -217.55437 91.85407 0.18219 0.42662 -0.88589 0.3004 0.7176
0 9.27051 -218.65293 93.23163 0.18219 0.42662 -0.88589 0.2918 0.7284
podwall_s5
0 0.00000 -231.98925 84.90260 0.18219 0.42662 -0.88589 0.1876 0.6633
0 9.27051 -218.65293 93.23163 0.18219 0.42662 -0.88589 0.2918 0.7284
0 9.27051 -232.38132 86.62038 0.18219 0.42662 -0.88589 0.1845 0.6767
podwall_s5
0 0.00000 -217.55437 91.85407 0.18219 0.76875 -0.61305 0.3004 0.7176
0 0.00000 -207.56512 104.38019 0.18219 0.76875 -0.61305 0.3784 0.8155
0 9.27051 -209.15260 105.14467 0.18219 0.76875 -0.61305 0.3660 0.8214
podwall_s5
0 0.00000 -217.55437 91.85407 0.18219 0.76875 -0.61305 0.3004 0.7176
0 9.27051 -209.15260 105.14467 0.18219 0.76875 -0.61305 0.3660 0.8214
0 9.27051 -218.65293 93.23163 0.18219 0.76875 -0.61305 0.2918 0.7284
podwall_s4
0 0.00000 -207.56512 104.38019 0.18219 0.95861 -0.21880 0.3784 0.8155
0 0.00000 -204.00000 120.00000 0.18219 0.95861 -0.21880 0.4062 0.9375
0 9.27051 -205.76197 120.00000 0.18219 0.95861 -0.21880 0.3925 0.9375
podwall_s4
0 0.00000 -207.56512 104.38019 0.18219 0.95861 -0.21880 0.3784 0.8155
0 9.27051 -205.76197 120.00000 0.18219 0.95861 -0.21880 0.3925 0.9375
0 9.27051 -209.15260 105.14467 0.18219 0.95861 -0.21880 0.3660 0.8214
podwall_s4
0 9.27051 -205.76197 120.00000 0.51203 0.83743 0.19114 0.3925 0.9375
0 9.27051 -209.15260 134.85533 0.51203 0.83743 0.19114 0.3660 0.0536
0 17.63356 -213.75963 132.63670 0.51203 0.83743 0.19114 0.3300 0.0362
podwall_s4
0 9.27051 -205.76197 120.00000 0.51203 0.83743 0.19114 0.3925 0.9375
0 17.63356 -213.75963 132.63670 0.51203 0.83743 0.19114 0.3300 0.0362
0 17.63356 -210.87539 120.00000 0.51203 0.83743 0.19114 0.3525 0.9375
podwall_s4
0 9.27051 -209.15260 134.85533 0.51203 0.67157 0.53556 0.3660 0.0536
0 9.27051 -218.65293 146.76837 0.51203 0.67157 0.53556 0.2918 0.1466
0 17.63356 -221.84110 142.77054 0.51203 0.67157 0.53556 0.2669 0.1154
podwall_s4
0 9.27051 -209.15260 134.85533 0.51203 0.67157 0.53556 0.3660 0.0536
0 17.63356 -221.84110 142.77054 0.51203 0.67157 0.53556 0.2669 0.1154
0 17.63356 -213.75963 132.63670 0.51203 0.67157 0.53556 0.3300 0.0362
podwall_s3
0 9.27051 -218.65293 146.76837 0.51203 0.37269 0.77390 0.2918 0.1466
0 9.27051 -232.38132 153.37962 0.51203 0.37269 0.77390 0.1845 0.1983
0 17.63356 -233.51916 148.39440 0.51203 0.37269 0.77390 0.1756 0.1593
podwall_s3
0 9.27051 -218.65293 146.76837 0.51203 0.37269 0.77390 0.2918 0.1466
0 17.63356 -233.51916 148.39440 0.51203 0.37269 0.77390 0.1756 0.1593
0 17.63356 -221.84110 142.77054 0.51203 0.37269 0.77390 0.2669 0.1154
podwall_s3
0 9.27051 -232.38132 153.37962 0.51203 0.00000 0.85897 0.1845 0.1983
0 9.27051 -247.61868 153.37962 0.51203 0.00000 0.85897 0.0655 0.1983
0 17.63356 -246.48084 148.39440 0.51203 0.00000 0.85897 0.0744 0.1593
podwall_s3
0 9.27051 -232.38132 153.37962 0.51203 0.00000 0.85897 0.1845 0.1983
0 17.63356 -246.48084 148.39440 0.51203 0.00000 0.85897 0.0744 0.1593
0 17.63356 -233.51916 148.39440 0.51203 0.00000 0.85897 0.1756 0.1593
podwall_s3
0 9.27051 -247.61868 153.37962 0.51203 -0.37269 0.77390 0.0655 0.1983
0 9.27051 -261.34707 146.76837 0.51203 -0.37269 0.77390 0.9582 0.1466
0 17.63356 -258.15890 142.77054 0.51203 -0.37269 0.77390 0.9831 0.1154
podwall_s3
0 9.27051 -247.61868 153.37962 0.51203 -0.37269 0.77390 0.0655 0.1983
0 17.63356 -258.15890 142.77054 0.51203 -0.37269 0.77390 0.9831 0.1154
0 17.63356 -246.48084 148.39440 0.51203 -0.37269 0.77390 0.0744 0.1593
podwall_s4
0 9.27051 -261.34707 146.76837 0.51203 -0.67157 0.53556 0.9582 0.1466
0 9.27051 -270.84740 134.85533 0.51203 -0.67157 0.53556 0.8840 0.0536
0 17.63356 -266.24037 132.63670 0.51203 -0.67157 0.53556 0.9200 0.0362
podwall_s4
0 9.27051 -261.34707 146.76837 0.51203 -0.67157 0.53556 0.9582 0.1466
0 17.63356 -266.24037 132.63670 0.51203 -0.67157 0.53556 0.9200 0.0362
0 17.63356 -258.15890 142.77054 0.51203 -0.67157 0.53556 0.9831 0.1154
podwall_s4
0 9.27051 -270.84740 134.85533 0.51203 -0.83743 0.19114 0.8840 0.0536
0 9.27051 -274.23803 120.00000 0.51203 -0.83743 0.19114 0.8575 0.9375
0 17.63356 -269.12461 120.00000 0.51203 -0.83743 0.19114 0.8975 0.9375
podwall_s4
0 9.27051 -270.84740 134.85533 0.51203 -0.83743 0.19114 0.8840 0.0536
0 17.63356 -269.12461 120.00000 0.51203 -0.83743 0.19114 0.8975 0.9375
0 17.63356 -266.24037 132.63670 0.51203 -0.83743 0.19114 0.9200 0.0362
podwall_s5
0 9.27051 -274.23803 120.00000 0.51203 -0.83743 -0.19114 0.8575 0.9375
0 9.27051 -270.84740 105.14467 0.51203 -0.83743 -0.19114 0.8840 0.8214
0 17.63356 -266.24037 107.36330 0.51203 -0.83743 -0.19114 0.9200 0.8388
podwall_s5
0 9.27051 -274.23803 120.00000 0.51203 -0.83743 -0.19114 0.8575 0.9375
0 17.63356 -266.24037 107.36330 0.51203 -0.83743 -0.19114 0.9200 0.8388
0 17.63356 -269.12461 120.00000 0.51203 -0.83743 -0.19114 0.8975 0.9375
podwall_s6
0 9.27051 -270.84740 105.14467 0.51203 -0.67157 -0.53556 0.8840 0.8214
0 9.27051 -261.34707 93.23163 0.51203 -0.67157 -0.53556 0.9582 0.7284
0 17.63356 -258.15890 97.22946 0.51203 -0.67157 -0.53556 0.9831 0.7596
podwall_s6
0 9.27051 -270.84740 105.14467 0.51203 -0.67157 -0.53556 0.8840 0.8214
0 17.63356 -258.15890 97.22946 0.51203 -0.67157 -0.53556 0.9831 0.7596
0 17.63356 -266.24037 107.36330 0.51203 -0.67157 -0.53556 0.9200 0.8388
podwall_s6
0 9.27051 -261.34707 93.23163 0.51203 -0.37269 -0.77390 0.9582 0.7284
0 9.27051 -247.61868 86.62038 0.51203 -0.37269 -0.77390 0.0655 0.6767
0 17.63356 -246.48084 91.60560 0.51203 -0.37269 -0.77390 0.0744 0.7157
podwall_s6
0 9.27051 -261.34707 93.23163 0.51203 -0.37269 -0.77390 0.9582 0.7284
0 17.63356 -246.48084 91.60560 0.51203 -0.37269 -0.77390 0.0744 0.7157
0 17.63356 -258.15890 97.22946 0.51203 -0.37269 -0.77390 0.9831 0.7596
podwall_s6
0 9.27051 -247.61868 86.62038 0.51203 -0.00000 -0.85897 0.0655 0.6767
0 9.27051 -232.38132 86.62038 0.51203 -0.00000 -0.85897 0.1845 0.6767
0 17.63356 -233.51916 91.60560 0.51203 -0.00000 -0.85897 0.1756 0.7157
podwall_s6
0 9.27051 -247.61868 86.62038 0.51203 -0.00000 -0.85897 0.0655 0.6767
0 17.63356 -233.51916 91.60560 0.51203 -0.00000 -0.85897 0.1756 0.7157
0 17.63356 -246.48084 91.60560 0.51203 -0.00000 -0.85897 0.0744 0.7157
podwall_s6
0 9.27051 -232.38132 86.62038 0.51203 0.37269 -0.77390 0.1845 0.6767
0 9.27051 -218.65293 93.23163 0.51203 0.37269 -0.77390 0.2918 0.7284
0 17.63356 -221.84110 97.22946 0.51203 0.37269 -0.77390 0.2669 0.7596
podwall_s6
0 9.27051 -232.38132 86.62038 0.51203 0.37269 -0.77390 0.1845 0.6767
0 17.63356 -221.84110 97.22946 0.51203 0.37269 -0.77390 0.2669 0.7596
0 17.63356 -233.51916 91.60560 0.51203 0.37269 -0.77390 0.1756 0.7157
podwall_s6
0 9.27051 -218.65293 93.23163 0.51203 0.67157 -0.53556 0.2918 0.7284
0 9.27051 -209.15260 105.14467 0.51203 0.67157 -0.53556 0.3660 0.8214
0 17.63356 -213.75963 107.36330 0.51203 0.67157 -0.53556 0.3300 0.8388
podwall_s6
0 9.27051 -218.65293 93.23163 0.51203 0.67157 -0.53556 0.2918 0.7284
0 17.63356 -213.75963 107.36330 0.51203 0.67157 -0.53556 0.3300 0.8388
0 17.63356 -221.84110 97.22946 0.51203 0.67157 -0.53556 0.2669 0.7596
podwall_s5
0 9.27051 -209.15260 105.14467 0.51203 0.83743 -0.19114 0.3660 0.8214
0 9.27051 -205.76197 120.00000 0.51203 0.83743 -0.19114 0.3925 0.9375
0 17.63356 -210.87539 120.00000 0.51203 0.83743 -0.19114 0.3525 0.9375
podwall_s5
0 9.27051 -209.15260 105.14467 0.51203 0.83743 -0.19114 0.3660 0.8214
0 17.63356 -210.87539 120.00000 0.51203 0.83743 -0.19114 0.3525 0.9375
0 17.63356 -213.75963 107.36330 0.51203 0.83743 -0.19114 0.3300 0.8388
podwall_s5
0 17.63356 -210.87539 120.00000 0.76015 0.63346 0.14458 0.3525 0.9375
0 17.63356 -213.75963 132.63670 0.76015 0.63346 0.14458 0.3300 0.0362
0 24.27051 -220.93526 129.18110 0.76015 0.63346 0.14458 0.2739 0.0092
podwall_s5
0 17.63356 -210.87539 120.00000 0.76015 0.63346 0.14458 0.3525 0.9375
0 24.27051 -220.93526 129.18110 0.76015 0.63346 0.14458 0.2739 0.0092
0 24.27051 -218.83973 120.00000 0.76015 0.63346 0.14458 0.2903 0.9375
podwall_s5
0 17.63356 -213.75963 132.63670 0.76015 0.50799 0.40511 0.3300 0.0362
0 17.63356 -221.84110 142.77054 0.76015 0.50799 0.40511 0.2669 0.1154
0 24.27051 -226.80679 136.54376 0.76015 0.50799 0.40511 0.2281 0.0667
podwall_s5
0 17.63356 -213.75963 132.63670 0.76015 0.50799 0.40511 0.3300 0.0362
0 24.27051 -226.80679 136.54376 0.76015 0.50799 0.40511 0.2281 0.0667
0 24.27051 -220.93526 129.18110 0.76015 0.50799 0.40511 0.2739 0.0092
podwall_s5
0 17.63356 -221.84110 142.77054 0.76015 0.28192 0.58540 0.2669 0.1154
0 17.63356 -233.51916 148.39440 0.76015 0.28192 0.58540 0.1756 0.1593
0 24.27051 -235.29140 140.62974 0.76015 0.28192 0.58540 0.1618 0.0987
podwall_s5
0 17.63356 -221.84110 142.77054 0.76015 0.28192 0.58540 0.2669 0.1154
0 24.27051 -235.29140 140.62974 0.76015 0.28192 0.58540 0.1618 0.0987
0 24.27051 -226.80679 136.54376 0.76015 0.28192 0.58540 0.2281 0.0667
podwall_s5
0 17.63356 -233.51916 148.39440 0.76015 0.00000 0.64975 0.1756 0.1593
0 17.63356 -246.48084 148.39440 0.76015 0.00000 0.64975 0.0744 0.1593
0 24.27051 -244.70860 140.62974 0.76015 0.00000 0.64975 0.0882 0.0987
podwall_s5
0 17.63356 -233.51916 148.39440 0.76015 0.00000 0.64975 0.1756 0.1593
0 24.27051 -244.70860 140.62974 0.76015 0.00000 0.64975 0.0882 0.0987
0 24.27051 -235.29140 140.62974 0.76015 0.00000 0.64975 0.1618 0.0987
podwall_s5
0 17.63356 -246.48084 148.39440 0.76015 -0.28192 0.58540 0.0744 0.1593
0 17.63356 -258.15890 142.77054 0.76015 -0.28192 0.58540 0.9831 0.1154
0 24.27051 -253.19321 136.54376 0.76015 -0.28192 0.58540 0.0219 0.0667
podwall_s5
0 17.63356 -246.48084 148.39440 0.76015 -0.28192 0.58540 0.0744 0.1593
0 24.27051 -253.19321 136.54376 0.76015 -0.28192 0.58540 0.0219 0.0667
0 24.27051 -244.70860 140.62974 0.76015 -0.28192 0.58540 0.0882 0.0987
podwall_s5
0 17.63356 -258.15890 142.77054 0.76015 -0.50799 0.40511 0.9831 0.1154
0 17.63356 -266.24037 132.63670 0.76015 -0.50799 0.40511 0.9200 0.0362
0 24.27051 -259.06474 129.18110 0.76015 -0.50799 0.40511 0.9761 0.0092
podwall_s5
0 17.63356 -258.15890 142.77054 0.76015 -0.50799 0.40511 0.9831 0.1154
0 24.27051 -259.06474 129.18110 0.76015 -0.50799 0.40511 0.9761 0.0092
0 24.27051 -253.19321 136.54376 0.76015 -0.50799 0.40511 0.0219 0.0667
podwall_s5
0 17.63356 -266.24037 132.63670 0.76015 -0.63346 0.14458 0.9200 0.0362
0 17.63356 -269.12461 120.00000 0.76015 -0.63346 0.14458 0.8975 0.9375
0 24.27051 -261.16027 120.00000 0.76015 -0.63346 0.14458 0.9597 0.9375
podwall_s5
0 17.63356 -266.24037 132.63670 0.76015 -0.63346 0.14458 0.9200 0.0362
0 24.27051 -261.16027 120.00000 0.76015 -0.63346 0.14458 0.9597 0.9375
0 24.27051 -259.06474 129.18110 0.76015 -0.63346 0.14458 0.9761 0.0092
podwall_s6
0 17.63356 -269.12461 120.00000 0.76015 -0.63346 -0.14458 0.8975 0.9375
0 17.63356 -266.24037 107.36330 0.76015 -0.63346 -0.14458 0.9200 0.8388
0 24.27051 -259.06474 110.81890 0.76015 -0.63346 -0.14458 0.9761 0.8658
podwall_s6
0 17.63356 -269.12461 120.00000 0.76015 -0.63346 -0.14458 0.8975 0.9375
0 24.27051 -259.06474 110.81890 0.76015 -0.63346 -0.14458 0.9761 0.8658
0 24.27051 -261.16027 120.00000 0.76015 -0.63346 -0.14458 0.9597 0.9375
podwall_s6
0 17.63356 -266.24037 107.36330 0.76015 -0.50799 -0.40511 0.9200 0.8388
0 17.63356 -258.15890 97.22946 0.76015 -0.50799 -0.40511 0.9831 0.7596
0 24.27051 -253.19321 103.45624 0.76015 -0.50799 -0.40511 0.0219 0.8083
podwall_s6
0 17.63356 -266.24037 107.36330 0.76015 -0.50799 -0.40511 0.9200 0.8388
0 24.27051 -253.19321 103.45624 0.76015 -0.50799 -0.40511 0.0219 0.8083
0 24.27051 -259.06474 110.81890 0.76015 -0.50799 -0.40511 0.9761 0.8658
podwall_s7
0 17.63356 -258.15890 97.22946 0.76015 -0.28192 -0.58540 0.9831 0.7596
0 17.63356 -246.48084 91.60560 0.76015 -0.28192 -0.58540 0.0744 0.7157
0 24.27051 -244.70860 99.37026 0.76015 -0.28192 -0.58540 0.0882 0.7763
podwall_s7
0 17.63356 -258.15890 97.22946 0.76015 -0.28192 -0.58540 0.9831 0.7596
0 24.27051 -244.70860 99.37026 0.76015 -0.28192 -0.58540 0.0882 0.7763
0 24.27051 -253.19321 103.45624 0.76015 -0.28192 -0.58540 0.0219 0.8083
podwall_s7
0 17.63356 -246.48084 91.60560 0.76015 -0.00000 -0.64975 0.0744 0.7157
0 17.63356 -233.51916 91.60560 0.76015 -0.00000 -0.64975 0.1756 0.7157
0 24.27051 -235.29140 99.37026 0.76015 -0.00000 -0.64975 0.1618 0.7763
podwall_s7
0 17.63356 -246.48084 91.60560 0.76015 -0.00000 -0.64975 0.0744 0.7157
0 24.27051 -235.29140 99.37026 0.76015 -0.00000 -0.64975 0.1618 0.7763
0 24.27051 -244.70860 99.37026 0.76015 -0.00000 -0.64975 0.0882 0.7763
podwall_s7
0 17.63356 -233.51916 91.60560 0.76015 0.28192 -0.58540 0.1756 0.7157
0 17.63356 -221.84110 97.22946 0.76015 0.28192 -0.58540 0.2669 0.7596
0 24.27051 -226.80679 103.45624 0.76015 0.28192 -0.58540 0.2281 0.8083
podwall_s7
0 17.63356 -233.51916 91.60560 0.76015 0.28192 -0.58540 0.1756 0.7157
0 24.27051 -226.80679 103.45624 0.76015 0.28192 -0.58540 0.2281 0.8083
0 24.27051 -235.29140 99.37026 0.76015 0.28192 -0.58540 0.1618 0.7763
podwall_s6
0 17.63356 -221.84110 97.22946 0.76015 0.50799 -0.40511 0.2669 0.7596
0 17.63356 -213.75963 107.36330 0.76015 0.50799 -0.40511 0.3300 0.8388
0 24.27051 -220.93526 110.81890 0.76015 0.50799 -0.40511 0.2739 0.8658
podwall_s6
0 17.63356 -221.84110 97.22946 0.76015 0.50799 -0.40511 0.2669 0.7596
0 24.27051 -220.93526 110.81890 0.76015 0.50799 -0.40511 0.2739 0.8658
0 24.27051 -226.80679 103.45624 0.76015 0.50799 -0.40511 0.2281 0.8083
podwall_s6
0 17.63356 -213.75963 107.36330 0.76015 0.63346 -0.14458 0.3300 0.8388
0 17.63356 -210.87539 120.00000 0.76015 0.63346 -0.14458 0.3525 0.9375
0 24.27051 -218.83973 120.00000 0.76015 0.63346 -0.14458 0.2903 0.9375
podwall_s6
0 17.63356 -213.75963 107.36330 0.76015 0.63346 -0.14458 0.3300 0.8388
0 24.27051 -218.83973 120.00000 0.76015 0.63346 -0.14458 0.2903 0.9375
0 24.27051 -220.93526 110.81890 0.76015 0.63346 -0.14458 0.2739 0.8658
podwall_s6
0 24.27051 -218.83973 120.00000 0.91682 0.38929 0.08885 0.2903 0.9375
0 24.27051 -220.93526 129.18110 0.91682 0.38929 0.08885 0.2739 0.0092
0 28.53170 -229.97707 124.82679 0.91682 0.38929 0.08885 0.2033 0.9752
podwall_s6
0 24.27051 -218.83973 120.00000 0.91682 0.38929 0.08885 0.2903 0.9375
0 28.53170 -229.97707 124.82679 0.91682 0.38929 0.08885 0.2033 0.9752
0 28.53170 -228.87539 120.00000 0.91682 0.38929 0.08885 0.2119 0.9375
podwall_s6
0 24.27051 -220.93526 129.18110 0.91682 0.31218 0.24896 0.2739 0.0092
0 24.27051 -226.80679 136.54376 0.91682 0.31218 0.24896 0.2281 0.0667
0 28.53170 -233.06392 128.69757 0.91682 0.31218 0.24896 0.1792 0.0054
podwall_s6
0 24.27051 -220.93526 129.18110 0.91682 0.31218 0.24896 0.2739 0.0092
0 28.53170 -233.06392 128.69757 0.91682 0.31218 0.24896 0.1792 0.0054
0 28.53170 -229.97707 124.82679 0.91682 0.31218 0.24896 0.2033 0.9752
podwall_s6
0 24.27051 -226.80679 136.54376 0.91682 0.17325 0.35975 0.2281 0.0667
0 24.27051 -235.29140 140.62974 0.91682 0.17325 0.35975 0.1618 0.0987
0 28.53170 -237.52454 130.84569 0.91682 0.17325 0.35975 0.1443 0.0222
podwall_s6
0 24.27051 -226.80679 136.54376 0.91682 0.17325 0.35975 0.2281 0.0667
0 28.53170 -237.52454 130.84569 0.91682 0.17325 0.35975 0.1443 0.0222
0 28.53170 -233.06392 128.69757 0.91682 0.17325 0.35975 0.1792 0.0054
podwall_s6
0 24.27051 -235.29140 140.62974 0.91682 0.00000 0.39930 0.1618 0.0987
0 24.27051 -244.70860 140.62974 0.91682 0.00000 0.39930 0.0882 0.0987
0 28.53170 -242.47546 130.84569 0.91682 0.00000 0.39930 0.1057 0.0222
podwall_s6
0 24.27051 -235.29140 140.62974 0.91682 0.00000 0.39930 0.1618 0.0987
0 28.53170 -242.47546 130.84569 0.91682 0.00000 0.39930 0.1057 0.0222
0 28.53170 -237.52454 130.84569 0.91682 0.00000 0.39930 0.1443 0.0222
podwall_s6
0 24.27051 -244.70860 140.62974 0.91682 -0.17325 0.35975 0.0882 0.0987
0 24.27051 -253.19321 136.54376 0.91682 -0.17325 0.35975 0.0219 0.0667
0 28.53170 -246.93608 128.69757 0.91682 -0.17325 0.35975 0.0708 0.0054
podwall_s6
0 24.27051 -244.70860 140.62974 0.91682 -0.17325 0.35975 0.0882 0.0987
0 28.53170 -246.93608 128.69757 0.91682 -0.17325 0.35975 0.0708 0.0054
0 28.53170 -242.47546 130.84569 0.91682 -0.17325 0.35975 0.1057 0.0222
podwall_s6
0 24.27051 -253.19321 136.54376 0.91682 -0.31218 0.24896 0.0219 0.0667
0 24.27051 -259.06474 129.18110 0.91682 -0.31218 0.24896 0.9761 0.0092
0 28.53170 -250.02293 124.82679 0.91682 -0.31218 0.24896 0.0467 0.9752
podwall_s6
0 24.27051 -253.19321 136.54376 0.91682 -0.31218 0.24896 0.0219 0.0667
0 28.53170 -250.02293 124.82679 0.91682 -0.31218 0.24896 0.0467 0.9752
0 28.53170 -246.93608 128.69757 0.91682 -0.31218 0.24896 0.0708 0.0054
podwall_s6
0 24.27051 -259.06474 129.18110 0.91682 -0.38929 0.08885 0.9761 0.0092
0 24.27051 -261.16027 120.00000 0.91682 -0.38929 0.08885 0.9597 0.9375
0 28.53170 -251.12461 120.00000 0.91682 -0.38929 0.08885 0.0381 0.9375
podwall_s6
0 24.27051 -259.06474 129.18110 0.91682 -0.38929 0.08885 0.9761 0.0092
0 28.53170 -251.12461 120.00000 0.91682 -0.38929 0.08885 0.0381 0.9375
0 28.53170 -250.02293 124.82679 0.91682 -0.38929 0.08885 0.0467 0.9752
podwall_s6
0 24.27051 -261.16027 120.00000 0.91682 -0.38929 -0.08885 0.9597 0.9375
0 24.27051 -259.06474 110.81890 0.91682 -0.38929 -0.08885 0.9761 0.8658
0 28.53170 -250.02293 115.17321 0.91682 -0.38929 -0.08885 0.0467 0.8998
podwall_s6
0 24.27051 -261.16027 120.00000 0.91682 -0.38929 -0.08885 0.9597 0.9375
0 28.53170 -250.02293 115.17321 0.91682 -0.38929 -0.08885 0.0467 0.8998
0 28.53170 -251.12461 120.00000 0.91682 -0.38929 -0.08885 0.0381 0.9375
podwall_s7
0 24.27051 -259.06474 110.81890 0.91682 -0.31218 -0.24896 0.9761 0.8658
0 24.27051 -253.19321 103.45624 0.91682 -0.31218 -0.24896 0.0219 0.8083
0 28.53170 -246.93608 111.30243 0.91682 -0.31218 -0.24896 0.0708 0.8696
podwall_s7
0 24.27051 -259.06474 110.81890 0.91682 -0.31218 -0.24896 0.9761 0.8658
0 28.53170 -246.93608 111.30243 0.91682 -0.31218 -0.24896 0.0708 0.8696
0 28.53170 -250.02293 115.17321 0.91682 -0.31218 -0.24896 0.0467 0.8998
podwall_s7
0 24.27051 -253.19321 103.45624 0.91682 -0.17325 -0.35975 0.0219 0.8083
0 24.27051 -244.70860 99.37026 0.91682 -0.17325 -0.35975 0.0882 0.7763
0 28.53170 -242.47546 109.15431 0.91682 -0.17325 -0.35975 0.1057 0.8528
podwall_s7
0 24.27051 -253.19321 103.45624 0.91682 -0.17325 -0.35975 0.0219 0.8083
0 28.53170 -242.47546 109.15431 0.91682 -0.17325 -0.35975 0.1057 0.8528
0 28.53170 -246.93608 111.30243 0.91682 -0.17325 -0.35975 0.0708 0.8696
podwall_s7
0 24.27051 -244.70860 99.37026 0.91682 -0.00000 -0.39930 0.0882 0.7763
0 24.27051 -235.29140 99.37026 0.91682 -0.00000 -0.39930 0.1618 0.7763
0 28.53170 -237.52454 109.15431 0.91682 -0.00000 -0.39930 0.1443 0.8528
podwall_s7
0 24.27051 -244.70860 99.37026 0.91682 -0.00000 -0.39930 0.0882 0.7763
0 28.53170 -237.52454 109.15431 0.91682 -0.00000 -0.39930 0.1443 0.8528
0 28.53170 -242.47546 109.15431 0.91682 -0.00000 -0.39930 0.1057 0.8528
podwall_s7
0 24.27051 -235.29140 99.37026 0.91682 0.17325 -0.35975 0.1618 0.7763
0 24.27051 -226.80679 103.45624 0.91682 0.17325 -0.35975 0.2281 0.8083
0 28.53170 -233.06392 111.30243 0.91682 0.17325 -0.35975 0.1792 0.8696
podwall_s7
0 24.27051 -235.29140 99.37026 0.91682 0.17325 -0.35975 0.1618 0.7763
0 28.53170 -233.06392 111.30243 0.91682 0.17325 -0.35975 0.1792 0.8696
0 28.53170 -237.52454 109.15431 0.91682 0.17325 -0.35975 0.1443 0.8528
podwall_s7
0 24.27051 -226.80679 103.45624 0.91682 0.31218 -0.24896 0.2281 0.8083
0 24.27051 -220.93526 110.81890 0.91682 0.31218 -0.24896 0.2739 0.8658
0 28.53170 -229.97707 115.17321 0.91682 0.31218 -0.24896 0.2033 0.8998
podwall_s7
0 24.27051 -226.80679 103.45624 0.91682 0.31218 -0.24896 0.2281 0.8083
0 28.53170 -229.97707 115.17321 0.91682 0.31218 -0.24896 0.2033 0.8998
0 28.53170 -233.06392 111.30243 0.91682 0.31218 -0.24896 0.1792 0.8696
podwall_s6
0 24.27051 -220.93526 110.81890 0.91682 0.38929 -0.08885 0.2739 0.8658
0 24.27051 -218.83973 120.00000 0.91682 0.38929 -0.08885 0.2903 0.9375
0 28.53170 -228.87539 120.00000 0.91682 0.38929 -0.08885 0.2119 0.9375
podwall_s6
0 24.27051 -220.93526 110.81890 0.91682 0.38929 -0.08885 0.2739 0.8658
0 28.53170 -228.87539 120.00000 0.91682 0.38929 -0.08885 0.2119 0.9375
0 28.53170 -229.97707 115.17321 0.91682 0.38929 -0.08885 0.2033 0.8998
podwall_s6
0 28.53170 -228.87539 120.00000 0.99096 0.13079 0.02985 0.2119 0.9375
0 28.53170 -229.97707 124.82679 0.99096 0.13079 0.02985 0.2033 0.9752
0 30.00000 -240.00000 120.00000 0.99096 0.13079 0.02985 0.1250 0.9375
podwall_s6
0 28.53170 -229.97707 124.82679 0.99096 0.10489 0.08365 0.2033 0.9752
0 28.53170 -233.06392 128.69757 0.99096 0.10489 0.08365 0.1792 0.0054
0 30.00000 -240.00000 120.00000 0.99096 0.10489 0.08365 0.1250 0.9375
podwall_s6
0 28.53170 -233.06392 128.69757 0.99096 0.05821 0.12087 0.1792 0.0054
0 28.53170 -237.52454 130.84569 0.99096 0.05821 0.12087 0.1443 0.0222
0 30.00000 -240.00000 120.00000 0.99096 0.05821 0.12087 0.1250 0.9375
podwall_s6
0 28.53170 -237.52454 130.84569 0.99096 0.00000 0.13416 0.1443 0.0222
0 28.53170 -242.47546 130.84569 0.99096 0.00000 0.13416 0.1057 0.0222
0 30.00000 -240.00000 120.00000 0.99096 0.00000 0.13416 0.1250 0.9375
podwall_s6
0 28.53170 -242.47546 130.84569 0.99096 -0.05821 0.12087 0.1057 0.0222
0 28.53170 -246.93608 128.69757 0.99096 -0.05821 0.12087 0.0708 0.0054
0 30.00000 -240.00000 120.00000 0.99096 -0.05821 0.12087 0.1250 0.9375
podwall_s6
0 28.53170 -246.93608 128.69757 0.99096 -0.10489 0.08365 0.0708 0.0054
0 28.53170 -250.02293 124.82679 0.99096 -0.10489 0.08365 0.0467 0.9752
0 30.00000 -240.00000 120.00000 0.99096 -0.10489 0.08365 0.1250 0.9375
podwall_s6
0 28.53170 -250.02293 124.82679 0.99096 -0.13079 0.02985 0.0467 0.9752
0 28.53170 -251.12461 120.00000 0.99096 -0.13079 0.02985 0.0381 0.9375
0 30.00000 -240.00000 120.00000 0.99096 -0.13079 0.02985 0.1250 0.9375
podwall_s7
0 28.53170 -251.12461 120.00000 0.99096 -0.13079 -0.02985 0.0381 0.9375
0 28.53170 -250.02293 115.17321 0.99096 -0.13079 -0.02985 0.0467 0.8998
0 30.00000 -240.00000 120.00000 0.99096 -0.13079 -0.02985 0.1250 0.9375
podwall_s7
0 28.53170 -250.02293 115.17321 0.99096 -0.10489 -0.08365 0.0467 0.8998
0 28.53170 -246.93608 111.30243 0.99096 -0.10489 -0.08365 0.0708 0.8696
0 30.00000 -240.00000 120.00000 0.99096 -0.10489 -0.08365 0.1250 0.9375
podwall_s7
0 28.53170 -246.93608 111.30243 0.99096 -0.05821 -0.12087 0.0708 0.8696
0 28.53170 -242.47546 109.15431 0.99096 -0.05821 -0.12087 0.1057 0.8528
0 30.00000 -240.00000 120.00000 0.99096 -0.05821 -0.12087 0.1250 0.9375
podwall_s7
0 28.53170 -242.47546 109.15431 0.99096 -0.00000 -0.13416 0.1057 0.8528
0 28.53170 -237.52454 109.15431 0.99096 -0.00000 -0.13416 0.1443 0.8528
0 30.00000 -240.00000 120.00000 0.99096 -0.00000 -0.13416 0.1250 0.9375
podwall_s7
0 28.53170 -237.52454 109.15431 0.99096 0.05821 -0.12087 0.1443 0.8528
0 28.53170 -233.06392 111.30243 0.99096 0.05821 -0.12087 0.1792 0.8696
0 30.00000 -240.00000 120.00000 0.99096 0.05821 -0.12087 0.1250 0.9375
podwall_s7
0 28.53170 -233.06392 111.30243 0.99096 0.10489 -0.08365 0.1792 0.8696
0 28.53170 -229.97707 115.17321 0.99096 0.10489 -0.08365 0.2033 0.8998
0 30.00000 -240.00000 120.00000 0.99096 0.10489 -0.08365 0.1250 0.9375
podwall_s7
0 28.53170 -229.97707 115.17321 0.99096 0.13079 -0.02985 0.2033 0.8998
0 28.53170 -228.87539 120.00000 0.99096 0.13079 -0.02985 0.2119 0.9375
0 30.00000 -240.00000 120.00000 0.99096 0.13079 -0.02985 0.1250 0.9375
podwall_s3
0 0.00000 -108.00000 -120.00000 0.18219 0.95861 0.21880 0.1562 0.0625
0 0.00000 -111.56512 -104.38019 0.18219 0.95861 0.21880 0.1284 0.1845
0 9.27051 -113.15260 -105.14467 0.18219 0.95861 0.21880 0.1160 0.1786
podwall_s3
0 0.00000 -108.00000 -120.00000 0.18219 0.95861 0.21880 0.1562 0.0625
0 9.27051 -113.15260 -105.14467 0.18219 0.95861 0.21880 0.1160 0.1786
0 9.27051 -109.76197 -120.00000 0.18219 0.95861 0.21880 0.1425 0.0625
podwall_s3
0 0.00000 -111.56512 -104.38019 0.18219 0.76875 0.61305 0.1284 0.1845
0 0.00000 -121.55437 -91.85407 0.18219 0.76875 0.61305 0.0504 0.2824
0 9.27051 -122.65293 -93.23163 0.18219 0.76875 0.61305 0.0418 0.2716
podwall_s3
0 0.00000 -111.56512 -104.38019 0.18219 0.76875 0.61305 0.1284 0.1845
0 9.27051 -122.65293 -93.23163 0.18219 0.76875 0.61305 0.0418 0.2716
0 9.27051 -113.15260 -105.14467 0.18219 0.76875 0.61305 0.1160 0.1786
podwall_s2
0 0.00000 -121.55437 -91.85407 0.18219 0.42662 0.88589 0.0504 0.2824
0 0.00000 -135.98925 -84.90260 0.18219 0.42662 0.88589 0.9376 0.3367
0 9.27051 -136.38132 -86.62038 0.18219 0.42662 0.88589 0.9345 0.3233
podwall_s2
0 0.00000 -121.55437 -91.85407 0.18219 0.42662 0.88589 0.0504 0.2824
0 9.27051 -136.38132 -86.62038 0.18219 0.42662 0.88589 0.9345 0.3233
0 9.27051 -122.65293 -93.23163 0.18219 0.42662 0.88589 0.0418 0.2716
podwall_s2
0 0.00000 -135.98925 -84.90260 0.18219 0.00000 0.98326 0.9376 0.3367
0 0.00000 -152.01075 -84.90260 0.18219 0.00000 0.98326 0.8124 0.3367
0 9.27051 -151.61868 -86.62038 0.18219 0.00000 0.98326 0.8155 0.3233
podwall_s2
0 0.00000 -135.98925 -84.90260 0.18219 0.00000 0.98326 0.9376 0.3367
0 9.27051 -151.61868 -86.62038 0.18219 0.00000 0.98326 0.8155 0.3233
0 9.27051 -136.38132 -86.62038 0.18219 0.00000 0.98326 0.9345 0.3233
podwall_s2
0 0.00000 -152.01075 -84.90260 0.18219 -0.42662 0.88589 0.8124 0.3367
0 0.00000 -166.44563 -91.85407 0.18219 -0.42662 0.88589 0.6996 0.2824
0 9.27051 -165.34707 -93.23163 0.18219 -0.42662 0.88589 0.7082 0.2716
podwall_s2
0 0.00000 -152.01075 -84.90260 0.18219 -0.42662 0.88589 0.8124 0.3367
0 9.27051 -165.34707 -93.23163 0.18219 -0.42662 0.88589 0.7082 0.2716
0 9.27051 -151.61868 -86.62038 0.18219 -0.42662 0.88589 0.8155 0.3233
podwall_s3
0 0.00000 -166.44563 -91.85407 0.18219 -0.76875 0.61305 0.6996 0.2824
0 0.00000 -176.43488 -104.38019 0.18219 -0.76875 0.61305 0.6216 0.1845
0 9.27051 -174.84740 -105.14467 0.18219 -0.76875 0.61305 0.6340 0.1786
podwall_s3
0 0.00000 -166.44563 -91.85407 0.18219 -0.76875 0.61305 0.6996 0.2824
0 9.27051 -174.84740 -105.14467 0.18219 -0.76875 0.61305 0.6340 0.1786
0 9.27051 -165.34707 -93.23163 0.18219 -0.76875 0.61305 0.7082 0.2716
podwall_s3
0 0.00000 -176.43488 -104.38019 0.18219 -0.95861 0.21880 0.6216 0.1845
0 0.00000 -180.00000 -120.00000 0.18219 -0.95861 0.21880 0.5938 0.0625
0 9.27051 -178.23803 -120.00000 0.18219 -0.95861 0.21880 0.6075 0.0625
podwall_s3
0 0.00000 -176.43488 -104.38019 0.18219 -0.95861 0.21880 0.6216 0.1845
0 9.27051 -178.23803 -120.00000 0.18219 -0.95861 0.21880 0.6075 0.0625
0 9.27051 -174.84740 -105.14467 0.18219 -0.95861 0.21880 0.6340 0.1786
podwall_s4
0 0.00000 -180.00000 -120.00000 0.18219 -0.95861 -0.21880 0.5938 0.0625
0 0.00000 -176.43488 -135.61981 0.18219 -0.95861 -0.21880 0.6216 0.9405
0 9.27051 -174.84740 -134.85533 0.18219 -0.95861 -0.21880 0.6340 0.9464
podwall_s4
0 0.00000 -180.00000 -120.00000 0.18219 -0.95861 -0.21880 0.5938 0.0625
0 9.27051 -174.84740 -134.85533 0.18219 -0.95861 -0.21880 0.6340 0.9464
0 9.27051 -178.23803 -120.00000 0.18219 -0.95861 -0.21880 0.6075 0.0625
podwall_s5
0 0.00000 -176.43488 -135.61981 0.18219 -0.76875 -0.61305 0.6216 0.9405
0 0.00000 -166.44563 -148.14593 0.18219 -0.76875 -0.61305 0.6996 0.8426
0 9.27051 -165.34707 -146.76837 0.18219 -0.76875 -0.61305 0.7082 0.8534
podwall_s5
0 0.00000 -176.43488 -135.61981 0.18219 -0.76875 -0.61305 0.6216 0.9405
0 9.27051 -165.34707 -146.76837 0.18219 -0.76875 -0.61305 0.7082 0.8534
0 9.27051 -174.84740 -134.85533 0.18219 -0.76875 -0.61305 0.6340 0.9464
podwall_s5
0 0.00000 -166.44563 -148.14593 0.18219 -0.42662 -0.88589 0.6996 0.8426
0 0.00000 -152.01075 -155.09740 0.18219 -0.42662 -0.88589 0.8124 0.7883
0 9.27051 -151.61868 -153.37962 0.18219 -0.42662 -0.88589 0.8155 0.8017
podwall_s5
0 0.00000 -166.44563 -148.14593 0.18219 -0.42662 -0.88589 0.6996 0.8426
0 9.27051 -151.61868 -153.37962 0.18219 -0.42662 -0.88589 0.8155 0.8017
0 9.27051 -165.34707 -146.76837 0.18219 -0.42662 -0.88589 0.7082 0.8534
podwall_s5
0 0.00000 -152.01075 -155.09740 0.18219 0.00000 -0.98326 0.8124 0.7883
0 0.00000 -135.98925 -155.09740 0.18219 0.00000 -0.98326 0.9376 0.7883
0 9.27051 -136.38132 -153.37962 0.18219 0.00000 -0.98326 0.9345 0.8017
podwall_s5
0 0.00000 -152.01075 -155.09740 0.18219 0.00000 -0.98326 0.8124 0.7883
0 9.27051 -136.38132 -153.37962 0.18219 0.00000 -0.98326 0.9345 0.8017
0 9.27051 -151.61868 -153.37962 0.18219 0.00000 -0.98326 0.8155 0.8017
podwall_s5
0 0.00000 -135.98925 -155.09740 0.18219 0.42662 -0.88589 0.9376 0.7883
0 0.00000 -121.55437 -148.14593 0.18219 0.42662 -0.88589 0.0504 0.8426
0 9.27051 -122.65293 -146.76837 0.18219 0.42662 -0.88589 0.0418 0.8534
podwall_s5
0 0.00000 -135.98925 -155.09740 0.18219 0.42662 -0.88589 0.9376 0.7883
0 9.27051 -122.65293 -146.76837 0.18219 0.42662 -0.88589 0.0418 0.8534
0 9.27051 -136.38132 -153.37962 0.18219 0.42662 -0.88589 0.9345 0.8017
podwall_s5
0 0.00000 -121.55437 -148.14593 0.18219 0.76875 -0.61305 0.0504 0.8426
0 0.00000 -111.56512 -135.61981 0.18219 0.76875 -0.61305 0.1284 0.9405
0 9.27051 -113.15260 -134.85533 0.18219 0.76875 -0.61305 0.1160 0.9464
podwall_s5
0 0.00000 -121.55437 -148.14593 0.18219 0.76875 -0.61305 0.0504 0.8426
0 9.27051 -113.15260 -134.85533 0.18219 0.76875 -0.61305 0.1160 0.9464
0 9.27051 -122.65293 -146.76837 0.18219 0.76875 -0.61305 0.0418 0.8534
podwall_s4
0 0.00000 -111.56512 -135.61981 0.18219 0.95861 -0.21880 0.1284 0.9405
0 0.00000 -108.00000 -120.00000 0.18219 0.95861 -0.21880 0.1562 0.0625
0 9.27051 -109.76197 -120.00000 0.18219 0.95861 -0.21880 0.1425 0.0625
podwall_s4
0 0.00000 -111.56512 -135.61981 0.18219 0.95861 -0.21880 0.1284 0.9405
0 9.27051 -109.76197 -120.00000 0.18219 0.95861 -0.21880 0.1425 0.0625
0 9.27051 -113.15260 -134.85533 0.18219 0.95861 -0.21880 0.1160 0.9464
podwall_s4
0 9.27051 -109.76197 -120.00000 0.51203 0.83743 0.19114 0.1425 0.0625
0 9.27051 -113.15260 -105.14467 0.51203 0.83743 0.19114 0.1160 0.1786
0 17.63356 -117.75963 -107.36330 0.51203 0.83743 0.19114 0.0800 0.1612
podwall_s4
0 9.27051 -109.76197 -120.00000 0.51203 0.83743 0.19114 0.1425 0.0625
0 17.63356 -117.75963 -107.36330 0.51203 0.83743 0.19114 0.0800 0.1612
0 17.63356 -114.87539 -120.00000 0.51203 0.83743 0.19114 0.1025 0.0625
podwall_s4
0 9.27051 -113.15260 -105.14467 0.51203 0.67157 0.53556 0.1160 0.1786
0 9.27051 -122.65293 -93.23163 0.51203 0.67157 0.53556 0.0418 0.2716
0 17.63356 -125.84110 -97.22946 0.51203 0.67157 0.53556 0.0169 0.2404
podwall_s4
0 9.27051 -113.15260 -105.14467 0.51203 0.67157 0.53556 0.1160 0.1786
0 17.63356 -125.84110 -97.22946 0.51203 0.67157 0.53556 0.0169 0.2404
0 17.63356 -117.75963 -107.36330 0.51203 0.67157 0.53556 0.0800 0.1612
podwall_s3
0 9.27051 -122.65293 -93.23163 0.51203 0.37269 0.77390 0.0418 0.2716
0 9.27051 -136.38132 -86.62038 0.51203 0.37269 0.77390 0.9345 0.3233
0 17.63356 -137.51916 -91.60560 0.51203 0.37269 0.77390 0.9256 0.2843
podwall_s3
0 9.27051 -122.65293 -93.23163 0.51203 0.37269 0.77390 0.0418 0.2716
0 17.63356 -137.51916 -91.60560 0.51203 0.37269 0.77390 0.9256 0.2843
0 17.63356 -125.84110 -97.22946 0.51203 0.37269 0.77390 0.0169 0.2404
podwall_s3
0 9.27051 -136.38132 -86.62038 0.51203 0.00000 0.85897 0.9345 0.3233
0 9.27051 -151.61868 -86.62038 0.51203 0.00000 0.85897 0.8155 0.3233
0 17.63356 -150.48084 -91.60560 0.51203 0.00000 0.85897 0.8244 0.2843
podwall_s3
0 9.27051 -136.38132 -86.62038 0.51203 0.00000 0.85897 0.9345 0.3233
0 17.63356 -150.48084 -91.60560 0.51203 0.00000 0.85897 0.8244 0.2843
0 17.63356 -137.51916 -91.60560 0.51203 0.00000 0.85897 0.9256 0.2843
podwall_s3
0 9.27051 -151.61868 -86.62038 0.51203 -0.37269 0.77390 0.8155 0.3233
0 9.27051 -165.34707 -93.23163 0.51203 -0.37269 0.77390 0.7082 0.2716
0 17.63356 -162.15890 -97.22946 0.51203 -0.37269 0.77390 0.7331 0.2404
podwall_s3
0 9.27051 -151.61868 -86.62038 0.51203 -0.37269 0.77390 0.8155 0.3233
0 17.63356 -162.15890 -97.22946 0.51203 -0.37269 0.77390 0.7331 0.2404
0 17.63356 -150.48084 -91.60560 0.51203 -0.37269 0.77390 0.8244 0.2843
podwall_s4
0 9.27051 -165.34707 -93.23163 0.51203 -0.67157 0.53556 0.7082 0.2716
0 9.27051 -174.84740 -105.14467 0.51203 -0.67157 0.53556 0.6340 0.1786
0 17.63356 -170.24037 -107.36330 0.51203 -0.67157 0.53556 0.6700 0.1612
podwall_s4
0 9.27051 -165.34707 -93.23163 0.51203 -0.67157 0.53556 0.7082 0.2716
0 17.63356 -170.24037 -107.36330 0.51203 -0.67157 0.53556 0.6700 0.1612
0 17.63356 -162.15890 -97.22946 0.51203 -0.67157 0.53556 0.7331 0.2404
podwall_s4
0 9.27051 -174.84740 -105.14467 0.51203 -0.83743 0.19114 0.6340 0.1786
0 9.27051 -178.23803 -120.00000 0.51203 -0.83743 0.19114 0.6075 0.0625
0 17.63356 -173.12461 -120.00000 0.51203 -0.83743 0.19114 0.6475 0.0625
podwall_s4
0 9.27051 -174.84740 -105.14467 0.51203 -0.83743 0.19114 0.6340 0.1786
0 17.63356 -173.12461 -120.00000 0.51203 -0.83743 0.19114 0.6475 0.0625
0 17.63356 -170.24037 -107.36330 0.51203 -0.83743 0.19114 0.6700 0.1612
podwall_s5
0 9.27051 -178.23803 -120.00000 0.51203 -0.83743 -0.19114 0.6075 0.0625
0 9.27051 -174.84740 -134.85533 0.51203 -0.83743 -0.19114 0.6340 0.9464
0 17.63356 -170.24037 -132.63670 0.51203 -0.83743 -0.19114 0.6700 0.9638
podwall_s5
0 9.27051 -178.23803 -120.00000 0.51203 -0.83743 -0.19114 0.6075 0.0625
0 17.63356 -170.24037 -132.63670 0.51203 -0.83743 -0.19114 0.6700 0.9638
0 17.63356 -173.12461 -120.00000 0.51203 -0.83743 -0.19114 0.6475 0.0625
podwall_s6
0 9.27051 -174.84740 -134.85533 0.51203 -0.67157 -0.53556 0.6340 0.9464
0 9.27051 -165.34707 -146.76837 0.51203 -0.67157 -0.53556 0.7082 0.8534
0 17.63356 -162.15890 -142.77054 0.51203 -0.67157 -0.53556 0.7331 0.8846
podwall_s6
0 9.27051 -174.84740 -134.85533 0.51203 -0.67157 -0.53556 0.6340 0.9464
0 17.63356 -162.15890 -142.77054 0.51203 -0.67157 -0.53556 0.7331 0.8846
0 17.63356 -170.24037 -132.63670 0.51203 -0.67157 -0.53556 0.6700 0.9638
podwall_s6
0 9.27051 -165.34707 -146.76837 0.51203 -0.37269 -0.77390 0.7082 0.8534
0 9.27051 -151.61868 -153.37962 0.51203 -0.37269 -0.77390 0.8155 0.8017
0 17.63356 -150.48084 -148.39440 0.51203 -0.37269 -0.77390 0.8244 0.8407
podwall_s6
0 9.27051 -165.34707 -146.76837 0.51203 -0.37269 -0.77390 0.7082 0.8534
0 17.63356 -150.48084 -148.39440 0.51203 -0.37269 -0.77390 0.8244 0.8407
0 17.63356 -162.15890 -142.77054 0.51203 -0.37269 -0.77390 0.7331 0.8846
podwall_s6
0 9.27051 -151.61868 -153.37962 0.51203 0.00000 -0.85897 0.8155 0.8017
0 9.27051 -136.38132 -153.37962 0.51203 0.00000 -0.85897 0.9345 0.8017
0 17.63356 -137.51916 -148.39440 0.51203 0.00000 -0.85897 0.9256 0.8407
podwall_s6
0 9.27051 -151.61868 -153.37962 0.51203 0.00000 -0.85897 0.8155 0.8017
0 17.63356 -137.51916 -148.39440 0.51203 0.00000 -0.85897 0.9256 0.8407
0 17.63356 -150.48084 -148.39440 0.51203 0.00000 -0.85897 0.8244 0.8407
podwall_s6
0 9.27051 -136.38132 -153.37962 0.51203 0.37269 -0.77390 0.9345 0.8017
0 9.27051 -122.65293 -146.76837 0.51203 0.37269 -0.77390 0.0418 0.8534
0 17.63356 -125.84110 -142.77054 0.51203 0.37269 -0.77390 0.0169 0.8846
podwall_s6
0 9.27051 -136.38132 -153.37962 0.51203 0.37269 -0.77390 0.9345 0.8017
0 17.63356 -125.84110 -142.77054 0.51203 0.37269 -0.77390 0.0169 0.8846
0 17.63356 -137.51916 -148.39440 0.51203 0.37269 -0.77390 0.9256 0.8407
podwall_s6
0 9.27051 -122.65293 -146.76837 0.51203 0.67157 -0.53556 0.0418 0.8534
0 9.27051 -113.15260 -134.85533 0.51203 0.67157 -0.53556 0.1160 0.9464
0 17.63356 -117.75963 -132.63670 0.51203 0.67157 -0.53556 0.0800 0.9638
podwall_s6
0 9.27051 -122.65293 -146.76837 0.51203 0.67157 -0.53556 0.0418 0.8534
0 17.63356 -117.75963 -132.63670 0.51203 0.67157 -0.53556 0.0800 0.9638
0 17.63356 -125.84110 -142.77054 0.51203 0.67157 -0.53556 0.0169 0.8846
podwall_s5
0 9.27051 -113.15260 -134.85533 0.51203 0.83743 -0.19114 0.1160 0.9464
0 9.27051 -109.76197 -120.00000 0.51203 0.83743 -0.19114 0.1425 0.0625
0 17.63356 -114.87539 -120.00000 0.51203 0.83743 -0.19114 0.1025 0.0625
podwall_s5
0 9.27051 -113.15260 -134.85533 0.51203 0.83743 -0.19114 0.1160 0.9464
0 17.63356 -114.87539 -120.00000 0.51203 0.83743 -0.19114 0.1025 0.0625
0 17.63356 -117.75963 -132.63670 0.51203 0.83743 -0.19114 0.0800 0.9638
podwall_s5
0 17.63356 -114.87539 -120.00000 0.76015 0.63346 0.14458 0.1025 0.0625
0 17.63356 -117.75963 -107.36330 0.76015 0.63346 0.14458 0.0800 0.1612
0 24.27051 -124.93526 -110.81890 0.76015 0.63346 0.14458 0.0239 0.1342
podwall_s5
0 17.63356 -114.87539 -120.00000 0.76015 0.63346 0.14458 0.1025 0.0625
0 24.27051 -124.93526 -110.81890 0.76015 0.63346 0.14458 0.0239 0.1342
0 24.27051 -122.83973 -120.00000 0.76015 0.63346 0.14458 0.0403 0.0625
podwall_s5
0 17.63356 -117.75963 -107.36330 0.76015 0.50799 0.40511 0.0800 0.1612
0 17.63356 -125.84110 -97.22946 0.76015 0.50799 0.40511 0.0169 0.2404
0 24.27051 -130.80679 -103.45624 0.76015 0.50799 0.40511 0.9781 0.1917
podwall_s5
0 17.63356 -117.75963 -107.36330 0.76015 0.50799 0.40511 0.0800 0.1612
0 24.27051 -130.80679 -103.45624 0.76015 0.50799 0.40511 0.9781 0.1917
0 24.27051 -124.93526 -110.81890 0.76015 0.50799 0.40511 0.0239 0.1342
podwall_s5
0 17.63356 -125.84110 -97.22946 0.76015 0.28192 0.58540 0.0169 0.2404
0 17.63356 -137.51916 -91.60560 0.76015 0.28192 0.58540 0.9256 0.2843
0 24.27051 -139.29140 -99.37026 0.76015 0.28192 0.58540 0.9118 0.2237
podwall_s5
0 17.63356 -125.84110 -97.22946 0.76015 0.28192 0.58540 0.0169 0.2404
0 24.27051 -139.29140 -99.37026 0.76015 0.28192 0.58540 0.9118 0.2237
0 24.27051 -130.80679 -103.45624 0.76015 0.28192 0.58540 0.9781 0.1917
podwall_s5
0 17.63356 -137.51916 -91.60560 0.76015 0.00000 0.64975 0.9256 0.2843
0 17.63356 -150.48084 -91.60560 0.76015 0.00000 0.64975 0.8244 0.2843
0 24.27051 -148.70860 -99.37026 0.76015 0.00000 0.64975 0.8382 0.2237
podwall_s5
0 17.63356 -137.51916 -91.60560 0.76015 0.00000 0.64975 0.9256 0.2843
0 24.27051 -148.70860 -99.37026 0.76015 0.00000 0.64975 0.8382 0.2237
0 24.27051 -139.29140 -99.37026 0.76015 0.00000 0.64975 0.9118 0.2237
podwall_s5
0 17.63356 -150.48084 -91.60560 0.76015 -0.28192 0.58540 0.8244 0.2843
0 17.63356 -162.15890 -97.22946 0.76015 -0.28192 0.58540 0.7331 0.2404
0 24.27051 -157.19321 -103.45624 0.76015 -0.28192 0.58540 0.7719 0.1917
podwall_s5
0 17.63356 -150.48084 -91.60560 0.76015 -0.28192 0.58540 0.8244 0.2843
0 24.27051 -157.19321 -103.45624 0.76015 -0.28192 0.58540 0.7719 0.1917
0 24.27051 -148.70860 -99.37026 0.76015 -0.28192 0.58540 0.8382 0.2237
podwall_s5
0 17.63356 -162.15890 -97.22946 0.76015 -0.50799 0.40511 0.7331 0.2404
0 17.63356 -170.24037 -107.36330 0.76015 -0.50799 0.40511 0.6700 0.1612
0 24.27051 -163.06474 -110.81890 0.76015 -0.50799 0.40511 0.7261 0.1342
podwall_s5
0 17.63356 -162.15890 -97.22946 0.76015 -0.50799 0.40511 0.7331 0.2404
0 24.27051 -163.06474 -110.81890 0.76015 -0.50799 0.40511 0.7261 0.1342
0 24.27051 -157.19321 -103.45624 0.76015 -0.50799 0.40511 0.7719 0.1917
podwall_s5
0 17.63356 -170.24037 -107.36330 0.76015 -0.63346 0.14458 0.6700 0.1612
0 17.63356 -173.12461 -120.00000 0.76015 -0.63346 0.14458 0.6475 0.0625
0 24.27051 -165.16027 -120.00000 0.76015 -0.63346 0.14458 0.7097 0.0625
podwall_s5
0 17.63356 -170.24037 -107.36330 0.76015 -0.63346 0.14458 0.6700 0.1612
0 24.27051 -165.16027 -120.00000 0.76015 -0.63346 0.14458 0.7097 0.0625
0 24.27051 -163.06474 -110.81890 0.76015 -0.63346 0.14458 0.7261 0.1342
podwall_s6
0 17.63356 -173.12461 -120.00000 0.76015 -0.63346 -0.14458 0.6475 0.0625
0 17.63356 -170.24037 -132.63670 0.76015 -0.63346 -0.14458 0.6700 0.9638
0 24.27051 -163.06474 -129.18110 0.76015 -0.63346 -0.14458 0.7261 0.9908
podwall_s6
0 17.63356 -173.12461 -120.00000 0.76015 -0.63346 -0.14458 0.6475 0.0625
0 24.27051 -163.06474 -129.18110 0.76015 -0.63346 -0.14458 0.7261 0.9908
0 24.27051 -165.16027 -120.00000 0.76015 -0.63346 -0.14458 0.7097 0.0625
podwall_s6
0 17.63356 -170.24037 -132.63670 0.76015 -0.50799 -0.40511 0.6700 0.9638
0 17.63356 -162.15890 -142.77054 0.76015 -0.50799 -0.40511 0.7331 0.8846
0 24.27051 -157.19321 -136.54376 0.76015 -0.50799 -0.40511 0.7719 0.9333
podwall_s6
0 17.63356 -170.24037 -132.63670 0.76015 -0.50799 -0.40511 0.6700 0.9638
0 24.27051 -157.19321 -136.54376 0.76015 -0.50799 -0.40511 0.7719 0.9333
0 24.27051 -163.06474 -129.18110 0.76015 -0.50799 -0.40511 0.7261 0.9908
podwall_s7
0 17.63356 -162.15890 -142.77054 0.76015 -0.28192 -0.58540 0.7331 0.8846
0 17.63356 -150.48084 -148.39440 0.76015 -0.28192 -0.58540 0.8244 0.8407
0 24.27051 -148.70860 -140.62974 0.76015 -0.28192 -0.58540 0.8382 0.9013
podwall_s7
0 17.63356 -162.15890 -142.77054 0.76015 -0.28192 -0.58540 0.7331 0.8846
0 24.27051 -148.70860 -140.62974 0.76015 -0.28192 -0.58540 0.8382 0.9013
0 24.27051 -157.19321 -136.54376 0.76015 -0.28192 -0.58540 0.7719 0.9333
podwall_s7
0 17.63356 -150.48084 -148.39440 0.76015 0.00000 -0.64975 0.8244 0.8407
0 17.63356 -137.51916 -148.39440 0.76015 0.00000 -0.64975 0.9256 0.8407
0 24.27051 -139.29140 -140.62974 0.76015 0.00000 -0.64975 0.9118 0.9013
podwall_s7
0 17.63356 -150.48084 -148.39440 0.76015 0.00000 -0.64975 0.8244 0.8407
0 24.27051 -139.29140 -140.62974 0.76015 0.00000 -0.64975 0.9118 0.9013
0 24.27051 -148.70860 -140.62974 0.76015 0.00000 -0.64975 0.8382 0.9013
podwall_s7
0 17.63356 -137.51916 -148.39440 0.76015 0.28192 -0.58540 0.9256 0.8407
0 17.63356 -125.84110 -142.77054 0.76015 0.28192 -0.58540 0.0169 0.8846
0 24.27051 -130.80679 -136.54376 0.76015 0.28192 -0.58540 0.9781 0.9333
podwall_s7
0 17.63356 -137.51916 -148.39440 0.76015 0.28192 -0.58540 0.9256 0.8407
0 24.27051 -130.80679 -136.54376 0.76015 0.28192 -0.58540 0.9781 0.9333
0 24.27051 -139.29140 -140.62974 0.76015 0.28192 -0.58540 0.9118 0.9013
podwall_s6
0 17.63356 -125.84110 -142.77054 0.76015 0.50799 -0.40511 0.0169 0.8846
0 17.63356 -117.75963 -132.63670 0.76015 0.50799 -0.40511 0.0800 0.9638
0 24.27051 -124.93526 -129.18110 0.76015 0.50799 -0.40511 0.0239 0.9908
podwall_s6
0 17.63356 -125.84110 -142.77054 0.76015 0.50799 -0.40511 0.0169 0.8846
0 24.27051 -124.93526 -129.18110 0.76015 0.50799 -0.40511 0.0239 0.9908
0 24.27051 -130.80679 -136.54376 0.76015 0.50799 -0.40511 0.9781 0.9333
podwall_s6
0 17.63356 -117.75963 -132.63670 0.76015 0.63346 -0.14458 0.0800 0.9638
0 17.63356 -114.87539 -120.00000 0.76015 0.63346 -0.14458 0.1025 0.0625
0 24.27051 -122.83973 -120.00000 0.76015 0.63346 -0.14458 0.0403 0.0625
podwall_s6
0 17.63356 -117.75963 -132.63670 0.76015 0.63346 -0.14458 0.0800 0.9638
0 24.27051 -122.83973 -120.00000 0.76015 0.63346 -0.14458 0.0403 0.0625
0 24.27051 -124.93526 -129.18110 0.76015 0.63346 -0.14458 0.0239 0.9908
podwall_s6
0 24.27051 -122.83973 -120.00000 0.91682 0.38929 0.08885 0.0403 0.0625
0 24.27051 -124.93526 -110.81890 0.91682 0.38929 0.08885 0.0239 0.1342
0 28.53170 -133.97707 -115.17321 0.91682 0.38929 0.08885 0.9533 0.1002
podwall_s6
0 24.27051 -122.83973 -120.00000 0.91682 0.38929 0.08885 0.0403 0.0625
0 28.53170 -133.97707 -115.17321 0.91682 0.38929 0.08885 0.9533 0.1002
0 28.53170 -132.87539 -120.00000 0.91682 0.38929 0.08885 0.9619 0.0625
podwall_s6
0 24.27051 -124.93526 -110.81890 0.91682 0.31218 0.24896 0.0239 0.1342
0 24.27051 -130.80679 -103.45624 0.91682 0.31218 0.24896 0.9781 0.1917
0 28.53170 -137.06392 -111.30243 0.91682 0.31218 0.24896 0.9292 0.1304
podwall_s6
0 24.27051 -124.93526 -110.81890 0.91682 0.31218 0.24896 0.0239 0.1342
0 28.53170 -137.06392 -111.30243 0.91682 0.31218 0.24896 0.9292 0.1304
0 28.53170 -133.97707 -115.17321 0.91682 0.31218 0.24896 0.9533 0.1002
podwall_s6
0 24.27051 -130.80679 -103.45624 0.91682 0.17325 0.35975 0.9781 0.1917
0 24.27051 -139.29140 -99.37026 0.91682 0.17325 0.35975 0.9118 0.2237
0 28.53170 -141.52454 -109.15431 0.91682 0.17325 0.35975 0.8943 0.1472
podwall_s6
0 24.27051 -130.80679 -103.45624 0.91682 0.17325 0.35975 0.9781 0.1917
0 28.53170 -141.52454 -109.15431 0.91682 0.17325 0.35975 0.8943 0.1472
0 28.53170 -137.06392 -111.30243 0.91682 0.17325 0.35975 0.9292 0.1304
podwall_s6
0 24.27051 -139.29140 -99.37026 0.91682 0.00000 0.39930 0.9118 0.2237
0 24.27051 -148.70860 -99.37026 0.91682 0.00000 0.39930 0.8382 0.2237
0 28.53170 -146.47546 -109.15431 0.91682 0.00000 0.39930 0.8557 0.1472
podwall_s6
0 24.27051 -139.29140 -99.37026 0.91682 0.00000 0.39930 0.9118 0.2237
0 28.53170 -146.47546 -109.15431 0.91682 0.00000 0.39930 0.8557 0.1472
0 28.53170 -141.52454 -109.15431 0.91682 0.00000 0.39930 0.8943 0.1472
podwall_s6
0 24.27051 -148.70860 -99.37026 0.91682 -0.17325 0.35975 0.8382 0.2237
0 24.27051 -157.19321 -103.45624 0.91682 -0.17325 0.35975 0.7719 0.1917
0 28.53170 -150.93608 -111.30243 0.91682 -0.17325 0.35975 0.8208 0.1304
podwall_s6
0 24.27051 -148.70860 -99.37026 0.91682 -0.17325 0.35975 0.8382 0.2237
0 28.53170 -150.93608 -111.30243 0.91682 -0.17325 0.35975 0.8208 0.1304
0 28.53170 -146.47546 -109.15431 0.91682 -0.17325 0.35975 0.8557 0.1472
podwall_s6
0 24.27051 -157.19321 -103.45624 0.91682 -0.31218 0.24896 0.7719 0.1917
0 24.27051 -163.06474 -110.81890 0.91682 -0.31218 0.24896 0.7261 0.1342
0 28.53170 -154.02293 -115.17321 0.91682 -0.31218 0.24896 0.7967 0.1002
podwall_s6
0 24.27051 -157.19321 -103.45624 0.91682 -0.31218 0.24896 0.7719 0.1917
0 28.53170 -154.02293 -115.17321 0.91682 -0.31218 0.24896 0.7967 0.1002
0 28.53170 -150.93608 -111.30243 0.91682 -0.31218 0.24896 0.8208 0.1304
podwall_s6
0 24.27051 -163.06474 -110.81890 0.91682 -0.38929 0.08885 0.7261 0.1342
0 24.27051 -165.16027 -120.00000 0.91682 -0.38929 0.08885 0.7097 0.0625
0 28.53170 -155.12461 -120.00000 0.91682 -0.38929 0.08885 0.7881 0.0625
podwall_s6
0 24.27051 -163.06474 -110.81890 0.91682 -0.38929 0.08885 0.7261 0.1342
0 28.53170 -155.12461 -120.00000 0.91682 -0.38929 0.08885 0.7881 0.0625
0 28.53170 -154.02293 -115.17321 0.91682 -0.38929 0.08885 0.7967 0.1002
podwall_s6
0 24.27051 -165.16027 -120.00000 0.91682 -0.38929 -0.08885 0.7097 0.0625
0 24.27051 -163.06474 -129.18110 0.91682 -0.38929 -0.08885 0.7261 0.9908
0 28.53170 -154.02293 -124.82679 0.91682 -0.38929 -0.08885 0.7967 0.0248
podwall_s6
0 24.27051 -165.16027 -120.00000 0.91682 -0.38929 -0.08885 0.7097 0.0625
0 28.53170 -154.02293 -124.82679 0.91682 -0.38929 -0.08885 0.7967 0.0248
0 28.53170 -155.12461 -120.00000 0.91682 -0.38929 -0.08885 0.7881 0.0625
podwall_s7
0 24.27051 -163.06474 -129.18110 0.91682 -0.31218 -0.24896 0.7261 0.9908
0 24.27051 -157.19321 -136.54376 0.91682 -0.31218 -0.24896 0.7719 0.9333
0 28.53170 -150.93608 -128.69757 0.91682 -0.31218 -0.24896 0.8208 0.9946
podwall_s7
0 24.27051 -163.06474 -129.18110 0.91682 -0.31218 -0.24896 0.7261 0.9908
0 28.53170 -150.93608 -128.69757 0.91682 -0.31218 -0.24896 0.8208 0.9946
0 28.53170 -154.02293 -124.82679 0.91682 -0.31218 -0.24896 0.7967 0.0248
podwall_s7
0 24.27051 -157.19321 -136.54376 0.91682 -0.17325 -0.35975 0.7719 0.9333
0 24.27051 -148.70860 -140.62974 0.91682 -0.17325 -0.35975 0.8382 0.9013
0 28.53170 -146.47546 -130.84569 0.91682 -0.17325 -0.35975 0.8557 0.9778
podwall_s7
0 24.27051 -157.19321 -136.54376 0.91682 -0.17325 -0.35975 0.7719 0.9333
0 28.53170 -146.47546 -130.84569 0.91682 -0.17325 -0.35975 0.8557 0.9778
0 28.53170 -150.93608 -128.69757 0.91682 -0.17325 -0.35975 0.8208 0.9946
podwall_s7
0 24.27051 -148.70860 -140.62974 0.91682 0.00000 -0.39930 0.8382 0.9013
0 24.27051 -139.29140 -140.62974 0.91682 0.00000 -0.39930 0.9118 0.9013
0 28.53170 -141.52454 -130.84569 0.91682 0.00000 -0.39930 0.8943 0.9778
podwall_s7
0 24.27051 -148.70860 -140.62974 0.91682 0.00000 -0.39930 0.8382 0.9013
0 28.53170 -141.52454 -130.84569 0.91682 0.00000 -0.39930 0.8943 0.9778
0 28.53170 -146.47546 -130.84569 0.91682 0.00000 -0.39930 0.8557 0.9778
podwall_s7
0 24.27051 -139.29140 -140.62974 0.91682 0.17325 -0.35975 0.9118 0.9013
0 24.27051 -130.80679 -136.54376 0.91682 0.17325 -0.35975 0.9781 0.9333
0 28.53170 -137.06392 -128.69757 0.91682 0.17325 -0.35975 0.9292 0.9946
podwall_s7
0 24.27051 -139.29140 -140.62974 0.91682 0.17325 -0.35975 0.9118 0.9013
0 28.53170 -137.06392 -128.69757 0.91682 0.17325 -0.35975 0.9292 0.9946
0 28.53170 -141.52454 -130.84569 0.91682 0.17325 -0.35975 0.8943 0.9778
podwall_s7
0 24.27051 -130.80679 -136.54376 0.91682 0.31218 -0.24896 0.9781 0.9333
0 24.27051 -124.93526 -129.18110 0.91682 0.31218 -0.24896 0.0239 0.9908
0 28.53170 -133.97707 -124.82679 0.91682 0.31218 -0.24896 0.9533 0.0248
podwall_s7
0 24.27051 -130.80679 -136.54376 0.91682 0.31218 -0.24896 0.9781 0.9333
0 28.53170 -133.97707 -124.82679 0.91682 0.31218 -0.24896 0.9533 0.0248
0 28.53170 -137.06392 -128.69757 0.91682 0.31218 -0.24896 0.9292 0.9946
podwall_s6
0 24.27051 -124.93526 -129.18110 0.91682 0.38929 -0.08885 0.0239 0.9908
0 24.27051 -122.83973 -120.00000 0.91682 0.38929 -0.08885 0.0403 0.0625
0 28.53170 -132.87539 -120.00000 0.91682 0.38929 -0.08885 0.9619 0.0625
podwall_s6
0 24.27051 -124.93526 -129.18110 0.91682 0.38929 -0.08885 0.0239 0.9908
0 28.53170 -132.87539 -120.00000 0.91682 0.38929 -0.08885 0.9619 0.0625
0 28.53170 -133.97707 -124.82679 0.91682 0.38929 -0.08885 0.9533 0.0248
podwall_s6
0 28.53170 -132.87539 -120.00000 0.99096 0.13079 0.02985 0.9619 0.0625
0 28.53170 -133.97707 -115.17321 0.99096 0.13079 0.02985 0.9533 0.1002
0 30.00000 -144.00000 -120.00000 0.99096 0.13079 0.02985 0.8750 0.0625
podwall_s6
0 28.53170 -133.97707 -115.17321 0.99096 0.10489 0.08365 0.9533 0.1002
0 28.53170 -137.06392 -111.30243 0.99096 0.10489 0.08365 0.9292 0.1304
0 30.00000 -144.00000 -120.00000 0.99096 0.10489 0.08365 0.8750 0.0625
podwall_s6
0 28.53170 -137.06392 -111.30243 0.99096 0.05821 0.12087 0.9292 0.1304
0 28.53170 -141.52454 -109.15431 0.99096 0.05821 0.12087 0.8943 0.1472
0 30.00000 -144.00000 -120.00000 0.99096 0.05821 0.12087 0.8750 0.0625
podwall_s6
0 28.53170 -141.52454 -109.15431 0.99096 0.00000 0.13416 0.8943 0.1472
0 28.53170 -146.47546 -109.15431 0.99096 0.00000 0.13416 0.8557 0.1472
0 30.00000 -144.00000 -120.00000 0.99096 0.00000 0.13416 0.8750 0.0625
podwall_s6
0 28.53170 -146.47546 -109.15431 0.99096 -0.05821 0.12087 0.8557 0.1472
0 28.53170 -150.93608 -111.30243 0.99096 -0.05821 0.12087 0.8208 0.1304
0 30.00000 -144.00000 -120.00000 0.99096 -0.05821 0.12087 0.8750 0.0625
podwall_s6
0 28.53170 -150.93608 -111.30243 0.99096 -0.10489 0.08365 0.8208 0.1304
0 28.53170 -154.02293 -115.17321 0.99096 -0.10489 0.08365 0.7967 0.1002
0 30.00000 -144.00000 -120.00000 0.99096 -0.10489 0.08365 0.8750 0.0625
podwall_s6
0 28.53170 -154.02293 -115.17321 0.99096 -0.13079 0.02985 0.7967 0.1002
0 28.53170 -155.12461 -120.00000 0.99096 -0.13079 0.02985 0.7881 0.0625
0 30.00000 -144.00000 -120.00000 0.99096 -0.13079 0.02985 0.8750 0.0625
podwall_s7
0 28.53170 -155.12461 -120.00000 0.99096 -0.13079 -0.02985 0.7881 0.0625
0 28.53170 -154.02293 -124.82679 0.99096 -0.13079 -0.02985 0.7967 0.0248
0 30.00000 -144.00000 -120.00000 0.99096 -0.13079 -0.02985 0.8750 0.0625
podwall_s7
0 28.53170 -154.02293 -124.82679 0.99096 -0.10489 -0.08365 0.7967 0.0248
0 28.53170 -150.93608 -128.69757 0.99096 -0.10489 -0.08365 0.8208 0.9946
0 30.00000 -144.00000 -120.00000 0.99096 -0.10489 -0.08365 0.8750 0.0625
podwall_s7
0 28.53170 -150.93608 -128.69757 0.99096 -0.05821 -0.12087 0.8208 0.9946
0 28.53170 -146.47546 -130.84569 0.99096 -0.05821 -0.12087 0.8557 0.9778
0 30.00000 -144.00000 -120.00000 0.99096 -0.05821 -0.12087 0.8750 0.0625
podwall_s7
0 28.53170 -146.47546 -130.84569 0.99096 0.00000 -0.13416 0.8557 0.9778
0 28.53170 -141.52454 -130.84569 0.99096 0.00000 -0.13416 0.8943 0.9778
0 30.00000 -144.00000 -120.00000 0.99096 0.00000 -0.13416 0.8750 0.0625
podwall_s7
0 28.53170 -141.52454 -130.84569 0.99096 0.05821 -0.12087 0.8943 0.9778
0 28.53170 -137.06392 -128.69757 0.99096 0.05821 -0.12087 0.9292 0.9946
0 30.00000 -144.00000 -120.00000 0.99096 0.05821 -0.12087 0.8750 0.0625
podwall_s7
0 28.53170 -137.06392 -128.69757 0.99096 0.10489 -0.08365 0.9292 0.9946
0 28.53170 -133.97707 -124.82679 0.99096 0.10489 -0.08365 0.9533 0.0248
0 30.00000 -144.00000 -120.00000 0.99096 0.10489 -0.08365 0.8750 0.0625
podwall_s7
0 28.53170 -133.97707 -124.82679 0.99096 0.13079 -0.02985 0.9533 0.0248
0 28.53170 -132.87539 -120.00000 0.99096 0.13079 -0.02985 0.9619 0.0625
0 30.00000 -144.00000 -120.00000 0.99096 0.13079 -0.02985 0.8750 0.0625
podwall_s3
0 0.00000 -108.00000 -40.00000 0.18219 0.95861 0.21880 0.1562 0.6875
0 0.00000 -111.56512 -24.38019 0.18219 0.95861 0.21880 0.1284 0.8095
0 9.27051 -113.15260 -25.14467 0.18219 0.95861 0.21880 0.1160 0.8036
podwall_s3
0 0.00000 -108.00000 -40.00000 0.18219 0.95861 0.21880 0.1562 0.6875
0 9.27051 -113.15260 -25.14467 0.18219 0.95861 0.21880 0.1160 0.8036
0 9.27051 -109.76197 -40.00000 0.18219 0.95861 0.21880 0.1425 0.6875
podwall_s3
0 0.00000 -111.56512 -24.38019 0.18219 0.76875 0.61305 0.1284 0.8095
0 0.00000 -121.55437 -11.85407 0.18219 0.76875 0.61305 0.0504 0.9074
0 9.27051 -122.65293 -13.23163 0.18219 0.76875 0.61305 0.0418 0.8966
podwall_s3
0 0.00000 -111.56512 -24.38019 0.18219 0.76875 0.61305 0.1284 0.8095
0 9.27051 -122.65293 -13.23163 0.18219 0.76875 0.61305 0.0418 0.8966
0 9.27051 -113.15260 -25.14467 0.18219 0.76875 0.61305 0.1160 0.8036
podwall_s2
0 0.00000 -121.55437 -11.85407 0.18219 0.42662 0.88589 0.0504 0.9074
0 0.00000 -135.98925 -4.90260 0.18219 0.42662 0.88589 0.9376 0.9617
0 9.27051 -136.38132 -6.62038 0.18219 0.42662 0.88589 0.9345 0.9483
podwall_s2
0 0.00000 -121.55437 -11.85407 0.18219 0.42662 0.88589 0.0504 0.9074
0 9.27051 -136.38132 -6.62038 0.18219 0.42662 0.88589 0.9345 0.9483
0 9.27051 -122.65293 -13.23163 0.18219 0.42662 0.88589 0.0418 0.8966
podwall_s2
0 0.00000 -135.98925 -4.90260 0.18219 0.00000 0.98326 0.9376 0.9617
0 0.00000 -152.01075 -4.90260 0.18219 0.00000 0.98326 0.8124 0.9617
0 9.27051 -151.61868 -6.62038 0.18219 0.00000 0.98326 0.8155 0.9483
podwall_s2
0 0.00000 -135.98925 -4.90260 0.18219 0.00000 0.98326 0.9376 0.9617
0 9.27051 -151.61868 -6.62038 0.18219 0.00000 0.98326 0.8155 0.9483
0 9.27051 -136.38132 -6.62038 0.18219 0.00000 0.98326 0.9345 0.9483
podwall_s2
0 0.00000 -152.01075 -4.90260 0.18219 -0.42662 0.88589 0.8124 0.9617
0 0.00000 -166.44563 -11.85407 0.18219 -0.42662 0.88589 0.6996 0.9074
0 9.27051 -165.34707 -13.23163 0.18219 -0.42662 0.88589 0.7082 0.8966
podwall_s2
0 0.00000 -152.01075 -4.90260 0.18219 -0.42662 0.88589 0.8124 0.9617
0 9.27051 -165.34707 -13.23163 0.18219 -0.42662 0.88589 0.7082 0.8966
0 9.27051 -151.61868 -6.62038 0.18219 -0.42662 0.88589 0.8155 0.9483
podwall_s3
0 0.00000 -166.44563 -11.85407 0.18219 -0.76875 0.61305 0.6996 0.9074
0 0.00000 -176.43488 -24.38019 0.18219 -0.76875 0.61305 0.6216 0.8095
0 9.27051 -174.84740 -25.14467 0.18219 -0.76875 0.61305 0.6340 0.8036
podwall_s3
0 0.00000 -166.44563 -11.85407 0.18219 -0.76875 0.61305 0.6996 0.9074
0 9.27051 -174.84740 -25.14467 0.18219 -0.76875 0.61305 0.6340 0.8036
0 9.27051 -165.34707 -13.23163 0.18219 -0.76875 0.61305 0.7082 0.8966
podwall_s3
0 0.00000 -176.43488 -24.38019 0.18219 -0.95861 0.21880 0.6216 0.8095
0 0.00000 -180.00000 -40.00000 0.18219 -0.95861 0.21880 0.5938 0.6875
0 9.27051 -178.23803 -40.00000 0.18219 -0.95861 0.21880 0.6075 0.6875
podwall_s3
0 0.00000 -176.43488 -24.38019 0.18219 -0.95861 0.21880 0.6216 0.8095
0 9.27051 -178.23803 -40.00000 0.18219 -0.95861 0.21880 0.6075 0.6875
0 9.27051 -174.84740 -25.14467 0.18219 -0.95861 0.21880 0.6340 0.8036
podwall_s4
0 0.00000 -180.00000 -40.00000 0.18219 -0.95861 -0.21880 0.5938 0.6875
0 0.00000 -176.43488 -55.61981 0.18219 -0.95861 -0.21880 0.6216 0.5655
0 9.27051 -174.84740 -54.85533 0.18219 -0.95861 -0.21880 0.6340 0.5714
podwall_s4
0 0.00000 -180.00000 -40.00000 0.18219 -0.95861 -0.21880 0.5938 0.6875
0 9.27051 -174.84740 -54.85533 0.18219 -0.95861 -0.21880 0.6340 0.5714
0 9.27051 -178.23803 -40.00000 0.18219 -0.95861 -0.21880 0.6075 0.6875
podwall_s5
0 0.00000 -176.43488 -55.61981 0.18219 -0.76875 -0.61305 0.6216 0.5655
0 0.00000 -166.44563 -68.14593 0.18219 -0.76875 -0.61305 0.6996 0.4676
0 9.27051 -165.34707 -66.76837 0.18219 -0.76875 -0.61305 0.7082 0.4784
podwall_s5
0 0.00000 -176.43488 -55.61981 0.18219 -0.76875 -0.61305 0.6216 0.5655
0 9.27051 -165.34707 -66.76837 0.18219 -0.76875 -0.61305 0.7082 0.4784
0 9.27051 -174.84740 -54.85533 0.18219 -0.76875 -0.61305 0.6340 0.5714
podwall_s5
0 0.00000 -166.44563 -68.14593 0.18219 -0.42662 -0.88589 0.6996 0.4676
0 0.00000 -152.01075 -75.09740 0.18219 -0.42662 -0.88589 0.8124 0.4133
0 9.27051 -151.61868 -73.37962 0.18219 -0.42662 -0.88589 0.8155 0.4267
podwall_s5
0 0.00000 -166.44563 -68.14593 0.18219 -0.42662 -0.88589 0.6996 0.4676
0 9.27051 -151.61868 -73.37962 0.18219 -0.42662 -0.88589 0.8155 0.4267
0 9.27051 -165.34707 -66.76837 0.18219 -0.42662 -0.88589 0.7082 0.4784
podwall_s5
0 0.00000 -152.01075 -75.09740 0.18219 0.00000 -0.98326 0.8124 0.4133
0 0.00000 -135.98925 -75.09740 0.18219 0.00000 -0.98326 0.9376 0.4133
0 9.27051 -136.38132 -73.37962 0.18219 0.00000 -0.98326 0.9345 0.4267
podwall_s5
0 0.00000 -152.01075 -75.09740 0.18219 0.00000 -0.98326 0.8124 0.4133
0 9.27051 -136.38132 -73.37962 0.18219 0.00000 -0.98326 0.9345 0.4267
0 9.27051 -151.61868 -73.37962 0.18219 0.00000 -0.98326 0.8155 0.4267
podwall_s5
0 0.00000 -135.98925 -75.09740 0.18219 0.42662 -0.88589 0.9376 0.4133
0 0.00000 -121.55437 -68.14593 0.18219 0.42662 -0.88589 0.0504 0.4676
0 9.27051 -122.65293 -66.76837 0.18219 0.42662 -0.88589 0.0418 0.4784
podwall_s5
0 0.00000 -135.98925 -75.09740 0.18219 0.42662 -0.88589 0.9376 0.4133
0 9.27051 -122.65293 -66.76837 0.18219 0.42662 -0.88589 0.0418 0.4784
0 9.27051 -136.38132 -73.37962 0.18219 0.42662 -0.88589 0.9345 0.4267
podwall_s5
0 0.00000 -121.55437 -68.14593 0.18219 0.76875 -0.61305 0.0504 0.4676
0 0.00000 -111.56512 -55.61981 0.18219 0.76875 -0.61305 0.1284 0.5655
0 9.27051 -113.15260 -54.85533 0.18219 0.76875 -0.61305 0.1160 0.5714
podwall_s5
0 0.00000 -121.55437 -68.14593 0.18219 0.76875 -0.61305 0.0504 0.4676
0 9.27051 -113.15260 -54.85533 0.18219 0.76875 -0.61305 0.1160 0.5714
0 9.27051 -122.65293 -66.76837 0.18219 0.76875 -0.61305 0.0418 0.4784
podwall_s4
0 0.00000 -111.56512 -55.61981 0.18219 0.95861 -0.21880 0.1284 0.5655
0 0.00000 -108.00000 -40.00000 0.18219 0.95861 -0.21880 0.1562 0.6875
0 9.27051 -109.76197 -40.00000 0.18219 0.95861 -0.21880 0.1425 0.6875
podwall_s4
0 0.00000 -111.56512 -55.61981 0.18219 0.95861 -0.21880 0.1284 0.5655
0 9.27051 -109.76197 -40.00000 0.18219 0.95861 -0.21880 0.1425 0.6875
0 9.27051 -113.15260 -54.85533 0.18219 0.95861 -0.21880 0.1160 0.5714
podwall_s4
0 9.27051 -109.76197 -40.00000 0.51203 0.83743 0.19114 0.1425 0.6875
0 9.27051 -113.15260 -25.14467 0.51203 0.83743 0.19114 0.1160 0.8036
0 17.63356 -117.75963 -27.36330 0.51203 0.83743 0.19114 0.0800 0.7862
podwall_s4
0 9.27051 -109.76197 -40.00000 0.51203 0.83743 0.19114 0.1425 0.6875
0 17.63356 -117.75963 -27.36330 0.51203 0.83743 0.19114 0.0800 0.7862
0 17.63356 -114.87539 -40.00000 0.51203 0.83743 0.19114 0.1025 0.6875
podwall_s4
0 9.27051 -113.15260 -25.14467 0.51203 0.67157 0.53556 0.1160 0.8036
0 9.27051 -122.65293 -13.23163 0.51203 0.67157 0.53556 0.0418 0.8966
0 17.63356 -125.84110 -17.22946 0.51203 0.67157 0.53556 0.0169 0.8654
podwall_s4
0 9.27051 -113.15260 -25.14467 0.51203 0.67157 0.53556 0.1160 0.8036
0 17.63356 -125.84110 -17.22946 0.51203 0.67157 0.53556 0.0169 0.8654
0 17.63356 -117.75963 -27.36330 0.51203 0.67157 0.53556 0.0800 0.7862
podwall_s3
0 9.27051 -122.65293 -13.23163 0.51203 0.37269 0.77390 0.0418 0.8966
0 9.27051 -136.38132 -6.62038 0.51203 0.37269 0.77390 0.9345 0.9483
0 17.63356 -137.51916 -11.60560 0.51203 0.37269 0.77390 0.9256 0.9093
podwall_s3
0 9.27051 -122.65293 -13.23163 0.51203 0.37269 0.77390 0.0418 0.8966
0 17.63356 -137.51916 -11.60560 0.51203 0.37269 0.77390 0.9256 0.9093
0 17.63356 -125.84110 -17.22946 0.51203 0.37269 0.77390 0.0169 0.8654
podwall_s3
0 9.27051 -136.38132 -6.62038 0.51203 0.00000 0.85897 0.9345 0.9483
0 9.27051 -151.61868 -6.62038 0.51203 0.00000 0.85897 0.8155 0.9483
0 17.63356 -150.48084 -11.60560 0.51203 0.00000 0.85897 0.8244 0.9093
podwall_s3
0 9.27051 -136.38132 -6.62038 0.51203 0.00000 0.85897 0.9345 0.9483
0 17.63356 -150.48084 -11.60560 0.51203 0.00000 0.85897 0.8244 0.9093
0 17.63356 -137.51916 -11.60560 0.51203 0.00000 0.85897 0.9256 0.9093
podwall_s3
0 9.27051 -151.61868 -6.62038 0.51203 -0.37269 0.77390 0.8155 0.9483
0 9.27051 -165.34707 -13.23163 0.51203 -0.37269 0.77390 0.7082 0.8966
0 17.63356 -162.15890 -17.22946 0.51203 -0.37269 0.77390 0.7331 0.8654
podwall_s3
0 9.27051 -151.61868 -6.62038 0.51203 -0.37269 0.77390 0.8155 0.9483
0 17.63356 -162.15890 -17.22946 0.51203 -0.37269 0.77390 0.7331 0.8654
0 17.63356 -150.48084 -11.60560 0.51203 -0.37269 0.77390 0.8244 0.9093
podwall_s4
0 9.27051 -165.34707 -13.23163 0.51203 -0.67157 0.53556 0.7082 0.8966
0 9.27051 -174.84740 -25.14467 0.51203 -0.67157 0.53556 0.6340 0.8036
0 17.63356 -170.24037 -27.36330 0.51203 -0.67157 0.53556 0.6700 0.7862
podwall_s4
0 9.27051 -165.34707 -13.23163 0.51203 -0.67157 0.53556 0.7082 0.8966
0 17.63356 -170.24037 -27.36330 0.51203 -0.67157 0.53556 0.6700 0.7862
0 17.63356 -162.15890 -17.22946 0.51203 -0.67157 0.53556 0.7331 0.8654
podwall_s4
0 9.27051 -174.84740 -25.14467 0.51203 -0.83743 0.19114 0.6340 0.8036
0 9.27051 -178.23803 -40.00000 0.51203 -0.83743 0.19114 0.6075 0.6875
0 17.63356 -173.12461 -40.00000 0.51203 -0.83743 0.19114 0.6475 0.6875
podwall_s4
0 9.27051 -174.84740 -25.14467 0.51203 -0.83743 0.19114 0.6340 0.8036
0 17.63356 -173.12461 -40.00000 0.51203 -0.83743 0.19114 0.6475 0.6875
0 17.63356 -170.24037 -27.36330 0.51203 -0.83743 0.19114 0.6700 0.7862
podwall_s5
0 9.27051 -178.23803 -40.00000 0.51203 -0.83743 -0.19114 0.6075 0.6875
0 9.27051 -174.84740 -54.85533 0.51203 -0.83743 -0.19114 0.6340 0.5714
0 17.63356 -170.24037 -52.63670 0.51203 -0.83743 -0.19114 0.6700 0.5888
podwall_s5
0 9.27051 -178.23803 -40.00000 0.51203 -0.83743 -0.19114 0.6075 0.6875
0 17.63356 -170.24037 -52.63670 0.51203 -0.83743 -0.19114 0.6700 0.5888
0 17.63356 -173.12461 -40.00000 0.51203 -0.83743 -0.19114 0.6475 0.6875
podwall_s6
0 9.27051 -174.84740 -54.85533 0.51203 -0.67157 -0.53556 0.6340 0.5714
0 9.27051 -165.34707 -66.76837 0.51203 -0.67157 -0.53556 0.7082 0.4784
0 17.63356 -162.15890 -62.77054 0.51203 -0.67157 -0.53556 0.7331 0.5096
podwall_s6
0 9.27051 -174.84740 -54.85533 0.51203 -0.67157 -0.53556 0.6340 0.5714
0 17.63356 -162.15890 -62.77054 0.51203 -0.67157 -0.53556 0.7331 0.5096
0 17.63356 -170.24037 -52.63670 0.51203 -0.67157 -0.53556 0.6700 0.5888
podwall_s6
0 9.27051 -165.34707 -66.76837 0.51203 -0.37269 -0.77390 0.7082 0.4784
0 9.27051 -151.61868 -73.37962 0.51203 -0.37269 -0.77390 0.8155 0.4267
0 17.63356 -150.48084 -68.39440 0.51203 -0.37269 -0.77390 0.8244 0.4657
podwall_s6
0 9.27051 -165.34707 -66.76837 0.51203 -0.37269 -0.77390 0.7082 0.4784
0 17.63356 -150.48084 -68.39440 0.51203 -0.37269 -0.77390 0.8244 0.4657
0 17.63356 -162.15890 -62.77054 0.51203 -0.37269 -0.77390 0.7331 0.5096
podwall_s6
0 9.27051 -151.61868 -73.37962 0.51203 -0.00000 -0.85897 0.8155 0.4267
0 9.27051 -136.38132 -73.37962 0.51203 -0.00000 -0.85897 0.9345 0.4267
0 17.63356 -137.51916 -68.39440 0.51203 -0.00000 -0.85897 0.9256 0.4657
podwall_s6
0 9.27051 -151.61868 -73.37962 0.51203 -0.00000 -0.85897 0.8155 0.4267
0 17.63356 -137.51916 -68.39440 0.51203 -0.00000 -0.85897 0.9256 0.4657
0 17.63356 -150.48084 -68.39440 0.51203 -0.00000 -0.85897 0.8244 0.4657
podwall_s6
0 9.27051 -136.38132 -73.37962 0.51203 0.37269 -0.77390 0.9345 0.4267
0 9.27051 -122.65293 -66.76837 0.51203 0.37269 -0.77390 0.0418 0.4784
0 17.63356 -125.84110 -62.77054 0.51203 0.37269 -0.77390 0.0169 0.5096
podwall_s6
0 9.27051 -136.38132 -73.37962 0.51203 0.37269 -0.77390 0.9345 0.4267
0 17.63356 -125.84110 -62.77054 0.51203 0.37269 -0.77390 0.0169 0.5096
0 17.63356 -137.51916 -68.39440 0.51203 0.37269 -0.77390 0.9256 0.4657
podwall_s6
0 9.27051 -122.65293 -66.76837 0.51203 0.67157 -0.53556 0.0418 0.4784
0 9.27051 -113.15260 -54.85533 0.51203 0.67157 -0.53556 0.1160 0.5714
0 17.63356 -117.75963 -52.63670 0.51203 0.67157 -0.53556 0.0800 0.5888
podwall_s6
0 9.27051 -122.65293 -66.76837 0.51203 0.67157 -0.53556 0.0418 0.4784
0 17.63356 -117.75963 -52.63670 0.51203 0.67157 -0.53556 0.0800 0.5888
0 17.63356 -125.84110 -62.77054 0.51203 0.67157 -0.53556 0.0169 0.5096
podwall_s5
0 9.27051 -113.15260 -54.85533 0.51203 0.83743 -0.19114 0.1160 0.5714
0 9.27051 -109.76197 -40.00000 0.51203 0.83743 -0.19114 0.1425 0.6875
0 17.63356 -114.87539 -40.00000 0.51203 0.83743 -0.19114 0.1025 0.6875
podwall_s5
0 9.27051 -113.15260 -54.85533 0.51203 0.83743 -0.19114 0.1160 0.5714
0 17.63356 -114.87539 -40.00000 0.51203 0.83743 -0.19114 0.1025 0.6875
0 17.63356 -117.75963 -52.63670 0.51203 0.83743 -0.19114 0.0800 0.5888
podwall_s5
0 17.63356 -114.87539 -40.00000 0.76015 0.63346 0.14458 0.1025 0.6875
0 17.63356 -117.75963 -27.36330 0.76015 0.63346 0.14458 0.0800 0.7862
0 24.27051 -124.93526 -30.81890 0.76015 0.63346 0.14458 0.0239 0.7592
podwall_s5
0 17.63356 -114.87539 -40.00000 0.76015 0.63346 0.14458 0.1025 0.6875
0 24.27051 -124.93526 -30.81890 0.76015 0.63346 0.14458 0.0239 0.7592
0 24.27051 -122.83973 -40.00000 0.76015 0.63346 0.14458 0.0403 0.6875
podwall_s5
0 17.63356 -117.75963 -27.36330 0.76015 0.50799 0.40511 0.0800 0.7862
0 17.63356 -125.84110 -17.22946 0.76015 0.50799 0.40511 0.0169 0.8654
0 24.27051 -130.80679 -23.45624 0.76015 0.50799 0.40511 0.9781 0.8167
podwall_s5
0 17.63356 -117.75963 -27.36330 0.76015 0.50799 0.40511 0.0800 0.7862
0 24.27051 -130.80679 -23.45624 0.76015 0.50799 0.40511 0.9781 0.8167
0 24.27051 -124.93526 -30.81890 0.76015 0.50799 0.40511 0.0239 0.7592
podwall_s5
0 17.63356 -125.84110 -17.22946 0.76015 0.28192 0.58540 0.0169 0.8654
0 17.63356 -137.51916 -11.60560 0.76015 0.28192 0.58540 0.9256 0.9093
0 24.27051 -139.29140 -19.37026 0.76015 0.28192 0.58540 0.9118 0.8487
podwall_s5
0 17.63356 -125.84110 -17.22946 0.76015 0.28192 0.58540 0.0169 0.8654
0 24.27051 -139.29140 -19.37026 0.76015 0.28192 0.58540 0.9118 0.8487
0 24.27051 -130.80679 -23.45624 0.76015 0.28192 0.58540 0.9781 0.8167
podwall_s5
0 17.63356 -137.51916 -11.60560 0.76015 0.00000 0.64975 0.9256 0.9093
0 17.63356 -150.48084 -11.60560 0.76015 0.00000 0.64975 0.8244 0.9093
0 24.27051 -148.70860 -19.37026 0.76015 0.00000 0.64975 0.8382 0.8487
podwall_s5
0 17.63356 -137.51916 -11.60560 0.76015 0.00000 0.64975 0.9256 0.9093
0 24.27051 -148.70860 -19.37026 0.76015 0.00000 0.64975 0.8382 0.8487
0 24.27051 -139.29140 -19.37026 0.76015 0.00000 0.64975 0.9118 0.8487
podwall_s5
0 17.63356 -150.48084 -11.60560 0.76015 -0.28192 0.58540 0.8244 0.9093
0 17.63356 -162.15890 -17.22946 0.76015 -0.28192 0.58540 0.7331 0.8654
0 24.27051 -157.19321 -23.45624 0.76015 -0.28192 0.58540 0.7719 0.8167
podwall_s5
0 17.63356 -150.48084 -11.60560 0.76015 -0.28192 0.58540 0.8244 0.9093
0 24.27051 -157.19321 -23.45624 0.76015 -0.28192 0.58540 0.7719 0.8167
0 24.27051 -148.70860 -19.37026 0.76015 -0.28192 0.58540 0.8382 0.8487
podwall_s5
0 17.63356 -162.15890 -17.22946 0.76015 -0.50799 0.40511 0.7331 0.8654
0 17.63356 -170.24037 -27.36330 0.76015 -0.50799 0.40511 0.6700 0.7862
0 24.27051 -163.06474 -30.81890 0.76015 -0.50799 0.40511 0.7261 0.7592
podwall_s5
0 17.63356 -162.15890 -17.22946 0.76015 -0.50799 0.40511 0.7331 0.8654
0 24.27051 -163.06474 -30.81890 0.76015 -0.50799 0.40511 0.7261 0.7592
0 24.27051 -157.19321 -23.45624 0.76015 -0.50799 0.40511 0.7719 0.8167
podwall_s5
0 17.63356 -170.24037 -27.36330 0.76015 -0.63346 0.14458 0.6700 0.7862
0 17.63356 -173.12461 -40.00000 0.76015 -0.63346 0.14458 0.6475 0.6875
0 24.27051 -165.16027 -40.00000 0.76015 -0.63346 0.14458 0.7097 0.6875
podwall_s5
0 17.63356 -170.24037 -27.36330 0.76015 -0.63346 0.14458 0.6700 0.7862
0 24.27051 -165.16027 -40.00000 0.76015 -0.63346 0.14458 0.7097 0.6875
0 24.27051 -163.06474 -30.81890 0.76015 -0.63346 0.14458 0.7261 0.7592
podwall_s6
0 17.63356 -173.12461 -40.00000 0.76015 -0.63346 -0.14458 0.6475 0.6875
0 17.63356 -170.24037 -52.63670 0.76015 -0.63346 -0.14458 0.6700 0.5888
0 24.27051 -163.06474 -49.18110 0.76015 -0.63346 -0.14458 0.7261 0.6158
podwall_s6
0 17.63356 -173.12461 -40.00000 0.76015 -0.63346 -0.14458 0.6475 0.6875
0 24.27051 -163.06474 -49.18110 0.76015 -0.63346 -0.14458 0.7261 0.6158
0 24.27051 -165.16027 -40.00000 0.76015 -0.63346 -0.14458 0.7097 0.6875
podwall_s6
0 17.63356 -170.24037 -52.63670 0.76015 -0.50799 -0.40511 0.6700 0.5888
0 17.63356 -162.15890 -62.77054 0.76015 -0.50799 -0.40511 0.7331 0.5096
0 24.27051 -157.19321 -56.54376 0.76015 -0.50799 -0.40511 0.7719 0.5583
podwall_s6
0 17.63356 -170.24037 -52.63670 0.76015 -0.50799 -0.40511 0.6700 0.5888
0 24.27051 -157.19321 -56.54376 0.76015 -0.50799 -0.40511 0.7719 0.5583
0 24.27051 -163.06474 -49.18110 0.76015 -0.50799 -0.40511 0.7261 0.6158
podwall_s7
0 17.63356 -162.15890 -62.77054 0.76015 -0.28192 -0.58540 0.7331 0.5096
0 17.63356 -150.48084 -68.39440 0.76015 -0.28192 -0.58540 0.8244 0.4657
0 24.27051 -148.70860 -60.62974 0.76015 -0.28192 -0.58540 0.8382 0.5263
podwall_s7
0 17.63356 -162.15890 -62.77054 0.76015 -0.28192 -0.58540 0.7331 0.5096
0 24.27051 -148.70860 -60.62974 0.76015 -0.28192 -0.58540 0.8382 0.5263
0 24.27051 -157.19321 -56.54376 0.76015 -0.28192 -0.58540 0.7719 0.5583
podwall_s7
0 17.63356 -150.48084 -68.39440 0.76015 -0.00000 -0.64975 0.8244 0.4657
0 17.63356 -137.51916 -68.39440 0.76015 -0.00000 -0.64975 0.9256 0.4657
0 24.27051 -139.29140 -60.62974 0.76015 -0.00000 -0.64975 0.9118 0.5263
podwall_s7
0 17.63356 -150.48084 -68.39440 0.76015 -0.00000 -0.64975 0.8244 0.4657
0 24.27051 -139.29140 -60.62974 0.76015 -0.00000 -0.64975 0.9118 0.5263
0 24.27051 -148.70860 -60.62974 0.76015 -0.00000 -0.64975 0.8382 0.5263
podwall_s7
0 17.63356 -137.51916 -68.39440 0.76015 0.28192 -0.58540 0.9256 0.4657
0 17.63356 -125.84110 -62.77054 0.76015 0.28192 -0.58540 0.0169 0.5096
0 24.27051 -130.80679 -56.54376 0.76015 0.28192 -0.58540 0.9781 0.5583
podwall_s7
0 17.63356 -137.51916 -68.39440 0.76015 0.28192 -0.58540 0.9256 0.4657
0 24.27051 -130.80679 -56.54376 0.76015 0.28192 -0.58540 0.9781 0.5583
0 24.27051 -139.29140 -60.62974 0.76015 0.28192 -0.58540 0.9118 0.5263
podwall_s6
0 17.63356 -125.84110 -62.77054 0.76015 0.50799 -0.40511 0.0169 0.5096
0 17.63356 -117.75963 -52.63670 0.76015 0.50799 -0.40511 0.0800 0.5888
0 24.27051 -124.93526 -49.18110 0.76015 0.50799 -0.40511 0.0239 0.6158
podwall_s6
0 17.63356 -125.84110 -62.77054 0.76015 0.50799 -0.40511 0.0169 0.5096
0 24.27051 -124.93526 -49.18110 0.76015 0.50799 -0.40511 0.0239 0.6158
0 24.27051 -130.80679 -56.54376 0.76015 0.50799 -0.40511 0.9781 0.5583
podwall_s6
0 17.63356 -117.75963 -52.63670 0.76015 0.63346 -0.14458 0.0800 0.5888
0 17.63356 -114.87539 -40.00000 0.76015 0.63346 -0.14458 0.1025 0.6875
0 24.27051 -122.83973 -40.00000 0.76015 0.63346 -0.14458 0.0403 0.6875
podwall_s6
0 17.63356 -117.75963 -52.63670 0.76015 0.63346 -0.14458 0.0800 0.5888
0 24.27051 -122.83973 -40.00000 0.76015 0.63346 -0.14458 0.0403 0.6875
0 24.27051 -124.93526 -49.18110 0.76015 0.63346 -0.14458 0.0239 0.6158
podwall_s6
0 24.27051 -122.83973 -40.00000 0.91682 0.38929 0.08885 0.0403 0.6875
0 24.27051 -124.93526 -30.81890 0.91682 0.38929 0.08885 0.0239 0.7592
0 28.53170 -133.97707 -35.17321 0.91682 0.38929 0.08885 0.9533 0.7252
podwall_s6
0 24.27051 -122.83973 -40.00000 0.91682 0.38929 0.08885 0.0403 0.6875
0 28.53170 -133.97707 -35.17321 0.91682 0.38929 0.08885 0.9533 0.7252
0 28.53170 -132.87539 -40.00000 0.91682 0.38929 0.08885 0.9619 0.6875
podwall_s6
0 24.27051 -124.93526 -30.81890 0.91682 0.31218 0.24896 0.0239 0.7592
0 24.27051 -130.80679 -23.45624 0.91682 0.31218 0.24896 0.9781 0.8167
0 28.53170 -137.06392 -31.30243 0.91682 0.31218 0.24896 0.9292 0.7554
podwall_s6
0 24.27051 -124.93526 -30.81890 0.91682 0.31218 0.24896 0.0239 0.7592
0 28.53170 -137.06392 -31.30243 0.91682 0.31218 0.24896 0.9292 0.7554
0 28.53170 -133.97707 -35.17321 0.91682 0.31218 0.24896 0.9533 0.7252
podwall_s6
0 24.27051 -130.80679 -23.45624 0.91682 0.17325 0.35975 0.9781 0.8167
0 24.27051 -139.29140 -19.37026 0.91682 0.17325 0.35975 0.9118 0.8487
0 28.53170 -141.52454 -29.15431 0.91682 0.17325 0.35975 0.8943 0.7722
podwall_s6
0 24.27051 -130.80679 -23.45624 0.91682 0.17325 0.35975 0.9781 0.8167
0 28.53170 -141.52454 -29.15431 0.91682 0.17325 0.35975 0.8943 0.7722
0 28.53170 -137.06392 -31.30243 0.91682 0.17325 0.35975 0.9292 0.7554
podwall_s6
0 24.27051 -139.29140 -19.37026 0.91682 0.00000 0.39930 0.9118 0.8487
0 24.27051 -148.70860 -19.37026 0.91682 0.00000 0.39930 0.8382 0.8487
0 28.53170 -146.47546 -29.15431 0.91682 0.00000 0.39930 0.8557 0.7722
podwall_s6
0 24.27051 -139.29140 -19.37026 0.91682 0.00000 0.39930 0.9118 0.8487
0 28.53170 -146.47546 -29.15431 0.91682 0.00000 0.39930 0.8557 0.7722
0 28.53170 -141.52454 -29.15431 0.91682 0.00000 0.39930 0.8943 0.7722
podwall_s6
0 24.27051 -148.70860 -19.37026 0.91682 -0.17325 0.35975 0.8382 0.8487
0 24.27051 -157.19321 -23.45624 0.91682 -0.17325 0.35975 0.7719 0.8167
0 28.53170 -150.93608 -31.30243 0.91682 -0.17325 0.35975 0.8208 0.7554
podwall_s6
0 24.27051 -148.70860 -19.37026 0.91682 -0.17325 0.35975 0.8382 0.8487
0 28.53170 -150.93608 -31.30243 0.91682 -0.17325 0.35975 0.8208 0.7554
0 28.53170 -146.47546 -29.15431 0.91682 -0.17325 0.35975 0.8557 0.7722
podwall_s6
0 24.27051 -157.19321 -23.45624 0.91682 -0.31218 0.24896 0.7719 0.8167
0 24.27051 -163.06474 -30.81890 0.91682 -0.31218 0.24896 0.7261 0.7592
0 28.53170 -154.02293 -35.17321 0.91682 -0.31218 0.24896 0.7967 0.7252
podwall_s6
0 24.27051 -157.19321 -23.45624 0.91682 -0.31218 0.24896 0.7719 0.8167
0 28.53170 -154.02293 -35.17321 0.91682 -0.31218 0.24896 0.7967 0.7252
0 28.53170 -150.93608 -31.30243 0.91682 -0.31218 0.24896 0.8208 0.7554
podwall_s6
0 24.27051 -163.06474 -30.81890 0.91682 -0.38929 0.08885 0.7261 0.7592
0 24.27051 -165.16027 -40.00000 0.91682 -0.38929 0.08885 0.7097 0.6875
0 28.53170 -155.12461 -40.00000 0.91682 -0.38929 0.08885 0.7881 0.6875
podwall_s6
0 24.27051 -163.06474 -30.81890 0.91682 -0.38929 0.08885 0.7261 0.7592
0 28.53170 -155.12461 -40.00000 0.91682 -0.38929 0.08885 0.7881 0.6875
0 28.53170 -154.02293 -35.17321 0.91682 -0.38929 0.08885 0.7967 0.7252
podwall_s6
0 24.27051 -165.16027 -40.00000 0.91682 -0.38929 -0.08885 0.7097 0.6875
0 24.27051 -163.06474 -49.18110 0.91682 -0.38929 -0.08885 0.7261 0.6158
0 28.53170 -154.02293 -44.82679 0.91682 -0.38929 -0.08885 0.7967 0.6498
podwall_s6
0 24.27051 -165.16027 -40.00000 0.91682 -0.38929 -0.08885 0.7097 0.6875
0 28.53170 -154.02293 -44.82679 0.91682 -0.38929 -0.08885 0.7967 0.6498
0 28.53170 -155.12461 -40.00000 0.91682 -0.38929 -0.08885 0.7881 0.6875
podwall_s7
0 24.27051 -163.06474 -49.18110 0.91682 -0.31218 -0.24896 0.7261 0.6158
0 24.27051 -157.19321 -56.54376 0.91682 -0.31218 -0.24896 0.7719 0.5583
0 28.53170 -150.93608 -48.69757 0.91682 -0.31218 -0.24896 0.8208 0.6196
podwall_s7
0 24.27051 -163.06474 -49.18110 0.91682 -0.31218 -0.24896 0.7261 0.6158
0 28.53170 -150.93608 -48.69757 0.91682 -0.31218 -0.24896 0.8208 0.6196
0 28.53170 -154.02293 -44.82679 0.91682 -0.31218 -0.24896 0.7967 0.6498
podwall_s7
0 24.27051 -157.19321 -56.54376 0.91682 -0.17325 -0.35975 0.7719 0.5583
0 24.27051 -148.70860 -60.62974 0.91682 -0.17325 -0.35975 0.8382 0.5263
0 28.53170 -146.47546 -50.84569 0.91682 -0.17325 -0.35975 0.8557 0.6028
podwall_s7
0 24.27051 -157.19321 -56.54376 0.91682 -0.17325 -0.35975 0.7719 0.5583
0 28.53170 -146.47546 -50.84569 0.91682 -0.17325 -0.35975 0.8557 0.6028
0 28.53170 -150.93608 -48.69757 0.91682 -0.17325 -0.35975 0.8208 0.6196
podwall_s7
0 24.27051 -148.70860 -60.62974 0.91682 -0.00000 -0.39930 0.8382 0.5263
0 24.27051 -139.29140 -60.62974 0.91682 -0.00000 -0.39930 0.9118 0.5263
0 28.53170 -141.52454 -50.84569 0.91682 -0.00000 -0.39930 0.8943 0.6028
podwall_s7
0 24.27051 -148.70860 -60.62974 0.91682 -0.00000 -0.39930 0.8382 0.5263
0 28.53170 -141.52454 -50.84569 0.91682 -0.00000 -0.39930 0.8943 0.6028
0 28.53170 -146.47546 -50.84569 0.91682 -0.00000 -0.39930 0.8557 0.6028
podwall_s7
0 24.27051 -139.29140 -60.62974 0.91682 0.17325 -0.35975 0.9118 0.5263
0 24.27051 -130.80679 -56.54376 0.91682 0.17325 -0.35975 0.9781 0.5583
0 28.53170 -137.06392 -48.69757 0.91682 0.17325 -0.35975 0.9292 0.6196
podwall_s7
0 24.27051 -139.29140 -60.62974 0.91682 0.17325 -0.35975 0.9118 0.5263
0 28.53170 -137.06392 -48.69757 0.91682 0.17325 -0.35975 0.9292 0.6196
0 28.53170 -141.52454 -50.84569 0.91682 0.17325 -0.35975 0.8943 0.6028
podwall_s7
0 24.27051 -130.80679 -56.54376 0.91682 0.31218 -0.24896 0.9781 0.5583
0 24.27051 -124.93526 -49.18110 0.91682 0.31218 -0.24896 0.0239 0.6158
0 28.53170 -133.97707 -44.82679 0.91682 0.31218 -0.24896 0.9533 0.6498
podwall_s7
0 24.27051 -130.80679 -56.54376 0.91682 0.31218 -0.24896 0.9781 0.5583
0 28.53170 -133.97707 -44.82679 0.91682 0.31218 -0.24896 0.9533 0.6498
0 28.53170 -137.06392 -48.69757 0.91682 0.31218 -0.24896 0.9292 0.6196
podwall_s6
0 24.27051 -124.93526 -49.18110 0.91682 0.38929 -0.08885 0.0239 0.6158
0 24.27051 -122.83973 -40.00000 0.91682 0.38929 -0.08885 0.0403 0.6875
0 28.53170 -132.87539 -40.00000 0.91682 0.38929 -0.08885 0.9619 0.6875
podwall_s6
0 24.27051 -124.93526 -49.18110 0.91682 0.38929 -0.08885 0.0239 0.6158
0 28.53170 -132.87539 -40.00000 0.91682 0.38929 -0.08885 0.9619 0.6875
0 28.53170 -133.97707 -44.82679 0.91682 0.38929 -0.08885 0.9533 0.6498
podwall_s6
0 28.53170 -132.87539 -40.00000 0.99096 0.13079 0.02985 0.9619 0.6875
0 28.53170 -133.97707 -35.17321 0.99096 0.13079 0.02985 0.9533 0.7252
0 30.00000 -144.00000 -40.00000 0.99096 0.13079 0.02985 0.8750 0.6875
podwall_s6
0 28.53170 -133.97707 -35.17321 0.99096 0.10489 0.08365 0.9533 0.7252
0 28.53170 -137.06392 -31.30243 0.99096 0.10489 0.08365 0.9292 0.7554
0 30.00000 -144.00000 -40.00000 0.99096 0.10489 0.08365 0.8750 0.6875
podwall_s6
0 28.53170 -137.06392 -31.30243 0.99096 0.05821 0.12087 0.9292 0.7554
0 28.53170 -141.52454 -29.15431 0.99096 0.05821 0.12087 0.8943 0.7722
0 30.00000 -144.00000 -40.00000 0.99096 0.05821 0.12087 0.8750 0.6875
podwall_s6
0 28.53170 -141.52454 -29.15431 0.99096 0.00000 0.13416 0.8943 0.7722
0 28.53170 -146.47546 -29.15431 0.99096 0.00000 0.13416 0.8557 0.7722
0 30.00000 -144.00000 -40.00000 0.99096 0.00000 0.13416 0.8750 0.6875
podwall_s6
0 28.53170 -146.47546 -29.15431 0.99096 -0.05821 0.12087 0.8557 0.7722
0 28.53170 -150.93608 -31.30243 0.99096 -0.05821 0.12087 0.8208 0.7554
0 30.00000 -144.00000 -40.00000 0.99096 -0.05821 0.12087 0.8750 0.6875
podwall_s6
0 28.53170 -150.93608 -31.30243 0.99096 -0.10489 0.08365 0.8208 0.7554
0 28.53170 -154.02293 -35.17321 0.99096 -0.10489 0.08365 0.7967 0.7252
0 30.00000 -144.00000 -40.00000 0.99096 -0.10489 0.08365 0.8750 0.6875
podwall_s6
0 28.53170 -154.02293 -35.17321 0.99096 -0.13079 0.02985 0.7967 0.7252
0 28.53170 -155.12461 -40.00000 0.99096 -0.13079 0.02985 0.7881 0.6875
0 30.00000 -144.00000 -40.00000 0.99096 -0.13079 0.02985 0.8750 0.6875
podwall_s7
0 28.53170 -155.12461 -40.00000 0.99096 -0.13079 -0.02985 0.7881 0.6875
0 28.53170 -154.02293 -44.82679 0.99096 -0.13079 -0.02985 0.7967 0.6498
0 30.00000 -144.00000 -40.00000 0.99096 -0.13079 -0.02985 0.8750 0.6875
podwall_s7
0 28.53170 -154.02293 -44.82679 0.99096 -0.10489 -0.08365 0.7967 0.6498
0 28.53170 -150.93608 -48.69757 0.99096 -0.10489 -0.08365 0.8208 0.6196
0 30.00000 -144.00000 -40.00000 0.99096 -0.10489 -0.08365 0.8750 0.6875
podwall_s7
0 28.53170 -150.93608 -48.69757 0.99096 -0.05821 -0.12087 0.8208 0.6196
0 28.53170 -146.47546 -50.84569 0.99096 -0.05821 -0.12087 0.8557 0.6028
0 30.00000 -144.00000 -40.00000 0.99096 -0.05821 -0.12087 0.8750 0.6875
podwall_s7
0 28.53170 -146.47546 -50.84569 0.99096 0.00000 -0.13416 0.8557 0.6028
0 28.53170 -141.52454 -50.84569 0.99096 0.00000 -0.13416 0.8943 0.6028
0 30.00000 -144.00000 -40.00000 0.99096 0.00000 -0.13416 0.8750 0.6875
podwall_s7
0 28.53170 -141.52454 -50.84569 0.99096 0.05821 -0.12087 0.8943 0.6028
0 28.53170 -137.06392 -48.69757 0.99096 0.05821 -0.12087 0.9292 0.6196
0 30.00000 -144.00000 -40.00000 0.99096 0.05821 -0.12087 0.8750 0.6875
podwall_s7
0 28.53170 -137.06392 -48.69757 0.99096 0.10489 -0.08365 0.9292 0.6196
0 28.53170 -133.97707 -44.82679 0.99096 0.10489 -0.08365 0.9533 0.6498
0 30.00000 -144.00000 -40.00000 0.99096 0.10489 -0.08365 0.8750 0.6875
podwall_s7
0 28.53170 -133.97707 -44.82679 0.99096 0.13079 -0.02985 0.9533 0.6498
0 28.53170 -132.87539 -40.00000 0.99096 0.13079 -0.02985 0.9619 0.6875
0 30.00000 -144.00000 -40.00000 0.99096 0.13079 -0.02985 0.8750 0.6875
podwall_s3
0 0.00000 -108.00000 40.00000 0.18219 0.95861 0.21880 0.1562 0.3125
0 0.00000 -111.56512 55.61981 0.18219 0.95861 0.21880 0.1284 0.4345
0 9.27051 -113.15260 54.85533 0.18219 0.95861 0.21880 0.1160 0.4286
podwall_s3
0 0.00000 -108.00000 40.00000 0.18219 0.95861 0.21880 0.1562 0.3125
0 9.27051 -113.15260 54.85533 0.18219 0.95861 0.21880 0.1160 0.4286
0 9.27051 -109.76197 40.00000 0.18219 0.95861 0.21880 0.1425 0.3125
podwall_s3
0 0.00000 -111.56512 55.61981 0.18219 0.76875 0.61305 0.1284 0.4345
0 0.00000 -121.55437 68.14593 0.18219 0.76875 0.61305 0.0504 0.5324
0 9.27051 -122.65293 66.76837 0.18219 0.76875 0.61305 0.0418 0.5216
podwall_s3
0 0.00000 -111.56512 55.61981 0.18219 0.76875 0.61305 0.1284 0.4345
0 9.27051 -122.65293 66.76837 0.18219 0.76875 0.61305 0.0418 0.5216
0 9.27051 -113.15260 54.85533 0.18219 0.76875 0.61305 0.1160 0.4286
podwall_s2
0 0.00000 -121.55437 68.14593 0.18219 0.42662 0.88589 0.0504 0.5324
0 0.00000 -135.98925 75.09740 0.18219 0.42662 0.88589 0.9376 0.5867
0 9.27051 -136.38132 73.37962 0.18219 0.42662 0.88589 0.9345 0.5733
podwall_s2
0 0.00000 -121.55437 68.14593 0.18219 0.42662 0.88589 0.0504 0.5324
0 9.27051 -136.38132 73.37962 0.18219 0.42662 0.88589 0.9345 0.5733
0 9.27051 -122.65293 66.76837 0.18219 0.42662 0.88589 0.0418 0.5216
podwall_s2
0 0.00000 -135.98925 75.09740 0.18219 0.00000 0.98326 0.9376 0.5867
0 0.00000 -152.01075 75.09740 0.18219 0.00000 0.98326 0.8124 0.5867
0 9.27051 -151.61868 73.37962 0.18219 0.00000 0.98326 0.8155 0.5733
podwall_s2
0 0.00000 -135.98925 75.09740 0.18219 0.00000 0.98326 0.9376 0.5867
0 9.27051 -151.61868 73.37962 0.18219 0.00000 0.98326 0.8155 0.5733
0 9.27051 -136.38132 73.37962 0.18219 0.00000 0.98326 0.9345 0.5733
podwall_s2
0 0.00000 -152.01075 75.09740 0.18219 -0.42662 0.88589 0.8124 0.5867
0 0.00000 -166.44563 68.14593 0.18219 -0.42662 0.88589 0.6996 0.5324
0 9.27051 -165.34707 66.76837 0.18219 -0.42662 0.88589 0.7082 0.5216
podwall_s2
0 0.00000 -152.01075 75.09740 0.18219 -0.42662 0.88589 0.8124 0.5867
0 9.27051 -165.34707 66.76837 0.18219 -0.42662 0.88589 0.7082 0.5216
0 9.27051 -151.61868 73.37962 0.18219 -0.42662 0.88589 0.8155 0.5733
podwall_s3
0 0.00000 -166.44563 68.14593 0.18219 -0.76875 0.61305 0.6996 0.5324
0 0.00000 -176.43488 55.61981 0.18219 -0.76875 0.61305 0.6216 0.4345
0 9.27051 -174.84740 54.85533 0.18219 -0.76875 0.61305 0.6340 0.4286
podwall_s3
0 0.00000 -166.44563 68.14593 0.18219 -0.76875 0.61305 0.6996 0.5324
0 9.27051 -174.84740 54.85533 0.18219 -0.76875 0.61305 0.6340 0.4286
0 9.27051 -165.34707 66.76837 0.18219 -0.76875 0.61305 0.7082 0.5216
podwall_s3
0 0.00000 -176.43488 55.61981 0.18219 -0.95861 0.21880 0.6216 0.4345
0 0.00000 -180.00000 40.00000 0.18219 -0.95861 0.21880 0.5938 0.3125
0 9.27051 -178.23803 40.00000 0.18219 -0.95861 0.21880 0.6075 0.3125
podwall_s3
0 0.00000 -176.43488 55.61981 0.18219 -0.95861 0.21880 0.6216 0.4345
0 9.27051 -178.23803 40.00000 0.18219 -0.95861 0.21880 0.6075 0.3125
0 9.27051 -174.84740 54.85533 0.18219 -0.95861 0.21880 0.6340 0.4286
podwall_s4
0 0.00000 -180.00000 40.00000 0.18219 -0.95861 -0.21880 0.5938 0.3125
0 0.00000 -176.43488 24.38019 0.18219 -0.95861 -0.21880 0.6216 0.1905
0 9.27051 -174.84740 25.14467 0.18219 -0.95861 -0.21880 0.6340 0.1964
podwall_s4
0 0.00000 -180.00000 40.00000 0.18219 -0.95861 -0.21880 0.5938 0.3125
0 9.27051 -174.84740 25.14467 0.18219 -0.95861 -0.21880 0.6340 0.1964
0 9.27051 -178.23803 40.00000 0.18219 -0.95861 -0.21880 0.6075 0.3125
podwall_s5
0 0.00000 -176.43488 24.38019 0.18219 -0.76875 -0.61305 0.6216 0.1905
0 0.00000 -166.44563 11.85407 0.18219 -0.76875 -0.61305 0.6996 0.0926
0 9.27051 -165.34707 13.23163 0.18219 -0.76875 -0.61305 0.7082 0.1034
podwall_s5
0 0.00000 -176.43488 24.38019 0.18219 -0.76875 -0.61305 0.6216 0.1905
0 9.27051 -165.34707 13.23163 0.18219 -0.76875 -0.61305 0.7082 0.1034
0 9.27051 -174.84740 25.14467 0.18219 -0.76875 -0.61305 0.6340 0.1964
podwall_s5
0 0.00000 -166.44563 11.85407 0.18219 -0.42662 -0.88589 0.6996 0.0926
0 0.00000 -152.01075 4.90260 0.18219 -0.42662 -0.88589 0.8124 0.0383
0 9.27051 -151.61868 6.62038 0.18219 -0.42662 -0.88589 0.8155 0.0517
podwall_s5
0 0.00000 -166.44563 11.85407 0.18219 -0.42662 -0.88589 0.6996 0.0926
0 9.27051 -151.61868 6.62038 0.18219 -0.42662 -0.88589 0.8155 0.0517
0 9.27051 -165.34707 13.23163 0.18219 -0.42662 -0.88589 0.7082 0.1034
podwall_s5
0 0.00000 -152.01075 4.90260 0.18219 -0.00000 -0.98326 0.8124 0.0383
0 0.00000 -135.98925 4.90260 0.18219 -0.00000 -0.98326 0.9376 0.0383
0 9.27051 -136.38132 6.62038 0.18219 -0.00000 -0.98326 0.9345 0.0517
podwall_s5
0 0.00000 -152.01075 4.90260 0.18219 -0.00000 -0.98326 0.8124 0.0383
0 9.27051 -136.38132 6.62038 0.18219 -0.00000 -0.98326 0.9345 0.0517
0 9.27051 -151.61868 6.62038 0.18219 -0.00000 -0.98326 0.8155 0.0517
podwall_s5
0 0.00000 -135.98925 4.90260 0.18219 0.42662 -0.88589 0.9376 0.0383
0 0.00000 -121.55437 11.85407 0.18219 0.42662 -0.88589 0.0504 0.0926
0 9.27051 -122.65293 13.23163 0.18219 0.42662 -0.88589 0.0418 0.1034
podwall_s5
0 0.00000 -135.98925 4.90260 0.18219 0.42662 -0.88589 0.9376 0.0383
0 9.27051 -122.65293 13.23163 0.18219 0.42662 -0.88589 0.0418 0.1034
0 9.27051 -136.38132 6.62038 0.18219 0.42662 -0.88589 0.9345 0.0517
podwall_s5
0 0.00000 -121.55437 11.85407 0.18219 0.76875 -0.61305 0.0504 0.0926
0 0.00000 -111.56512 24.38019 0.18219 0.76875 -0.61305 0.1284 0.1905
0 9.27051 -113.15260 25.14467 0.18219 0.76875 -0.61305 0.1160 0.1964
podwall_s5
0 0.00000 -121.55437 11.85407 0.18219 0.76875 -0.61305 0.0504 0.0926
0 9.27051 -113.15260 25.14467 0.18219 0.76875 -0.61305 0.1160 0.1964
0 9.27051 -122.65293 13.23163 0.18219 0.76875 -0.61305 0.0418 0.1034
podwall_s4
0 0.00000 -111.56512 24.38019 0.18219 0.95861 -0.21880 0.1284 0.1905
0 0.00000 -108.00000 40.00000 0.18219 0.95861 -0.21880 0.1562 0.3125
0 9.27051 -109.76197 40.00000 0.18219 0.95861 -0.21880 0.1425 0.3125
podwall_s4
0 0.00000 -111.56512 24.38019 0.18219 0.95861 -0.21880 0.1284 0.1905
0 9.27051 -109.76197 40.00000 0.18219 0.95861 -0.21880 0.1425 0.3125
0 9.27051 -113.15260 25.14467 0.18219 0.95861 -0.21880 0.1160 0.1964
podwall_s4
0 9.27051 -109.76197 40.00000 0.51203 0.83743 0.19114 0.1425 0.3125
0 9.27051 -113.15260 54.85533 0.51203 0.83743 0.19114 0.1160 0.4286
0 17.63356 -117.75963 52.63670 0.51203 0.83743 0.19114 0.0800 0.4112
podwall_s4
0 9.27051 -109.76197 40.00000 0.51203 0.83743 0.19114 0.1425 0.3125
0 17.63356 -117.75963 52.63670 0.51203 0.83743 0.19114 0.0800 0.4112
0 17.63356 -114.87539 40.00000 0.51203 0.83743 0.19114 0.1025 0.3125
podwall_s4
0 9.27051 -113.15260 54.85533 0.51203 0.67157 0.53556 0.1160 0.4286
0 9.27051 -122.65293 66.76837 0.51203 0.67157 0.53556 0.0418 0.5216
0 17.63356 -125.84110 62.77054 0.51203 0.67157 0.53556 0.0169 0.4904
podwall_s4
0 9.27051 -113.15260 54.85533 0.51203 0.67157 0.53556 0.1160 0.4286
0 17.63356 -125.84110 62.77054 0.51203 0.67157 0.53556 0.0169 0.4904
0 17.63356 -117.75963 52.63670 0.51203 0.67157 0.53556 0.0800 0.4112
podwall_s3
0 9.27051 -122.65293 66.76837 0.51203 0.37269 0.77390 0.0418 0.5216
0 9.27051 -136.38132 73.37962 0.51203 0.37269 0.77390 0.9345 0.5733
0 17.63356 -137.51916 68.39440 0.51203 0.37269 0.77390 0.9256 0.5343
podwall_s3
0 9.27051 -122.65293 66.76837 0.51203 0.37269 0.77390 0.0418 0.5216
0 17.63356 -137.51916 68.39440 0.51203 0.37269 0.77390 0.9256 0.5343
0 17.63356 -125.84110 62.77054 0.51203 0.37269 0.77390 0.0169 0.4904
podwall_s3
0 9.27051 -136.38132 73.37962 0.51203 0.00000 0.85897 0.9345 0.5733
0 9.27051 -151.61868 73.37962 0.51203 0.00000 0.85897 0.8155 0.5733
0 17.63356 -150.48084 68.39440 0.51203 0.00000 0.85897 0.8244 0.5343
podwall_s3
0 9.27051 -136.38132 73.37962 0.51203 0.00000 0.85897 0.9345 0.5733
0 17.63356 -150.48084 68.39440 0.51203 0.00000 0.85897 0.8244 0.5343
0 17.63356 -137.51916 68.39440 0.51203 0.00000 0.85897 0.9256 0.5343
podwall_s3
0 9.27051 -151.61868 73.37962 0.51203 -0.37269 0.77390 0.8155 0.5733
0 9.27051 -165.34707 66.76837 0.51203 -0.37269 0.77390 0.7082 0.5216
0 17.63356 -162.15890 62.77054 0.51203 -0.37269 0.77390 0.7331 0.4904
podwall_s3
0 9.27051 -151.61868 73.37962 0.51203 -0.37269 0.77390 0.8155 0.5733
0 17.63356 -162.15890 62.77054 0.51203 -0.37269 0.77390 0.7331 0.4904
0 17.63356 -150.48084 68.39440 0.51203 -0.37269 0.77390 0.8244 0.5343
podwall_s4
0 9.27051 -165.34707 66.76837 0.51203 -0.67157 0.53556 0.7082 0.5216
0 9.27051 -174.84740 54.85533 0.51203 -0.67157 0.53556 0.6340 0.4286
0 17.63356 -170.24037 52.63670 0.51203 -0.67157 0.53556 0.6700 0.4112
podwall_s4
0 9.27051 -165.34707 66.76837 0.51203 -0.67157 0.53556 0.7082 0.5216
0 17.63356 -170.24037 52.63670 0.51203 -0.67157 0.53556 0.6700 0.4112
0 17.63356 -162.15890 62.77054 0.51203 -0.67157 0.53556 0.7331 0.4904
podwall_s4
0 9.27051 -174.84740 54.85533 0.51203 -0.83743 0.19114 0.6340 0.4286
0 9.27051 -178.23803 40.00000 0.51203 -0.83743 0.19114 0.6075 0.3125
0 17.63356 -173.12461 40.00000 0.51203 -0.83743 0.19114 0.6475 0.3125
podwall_s4
0 9.27051 -174.84740 54.85533 0.51203 -0.83743 0.19114 0.6340 0.4286
0 17.63356 -173.12461 40.00000 0.51203 -0.83743 0.19114 0.6475 0.3125
0 17.63356 -170.24037 52.63670 0.51203 -0.83743 0.19114 0.6700 0.4112
podwall_s5
0 9.27051 -178.23803 40.00000 0.51203 -0.83743 -0.19114 0.6075 0.3125
0 9.27051 -174.84740 25.14467 0.51203 -0.83743 -0.19114 0.6340 0.1964
0 17.63356 -170.24037 27.36330 0.51203 -0.83743 -0.19114 0.6700 0.2138
podwall_s5
0 9.27051 -178.23803 40.00000 0.51203 -0.83743 -0.19114 0.6075 0.3125
0 17.63356 -170.24037 27.36330 0.51203 -0.83743 -0.19114 0.6700 0.2138
0 17.63356 -173.12461 40.00000 0.51203 -0.83743 -0.19114 0.6475 0.3125
podwall_s6
0 9.27051 -174.84740 25.14467 0.51203 -0.67157 -0.53556 0.6340 0.1964
0 9.27051 -165.34707 13.23163 0.51203 -0.67157 -0.53556 0.7082 0.1034
0 17.63356 -162.15890 17.22946 0.51203 -0.67157 -0.53556 0.7331 0.1346
podwall_s6
0 9.27051 -174.84740 25.14467 0.51203 -0.67157 -0.53556 0.6340 0.1964
0 17.63356 -162.15890 17.22946 0.51203 -0.67157 -0.53556 0.7331 0.1346
0 17.63356 -170.24037 27.36330 0.51203 -0.67157 -0.53556 0.6700 0.2138
podwall_s6
0 9.27051 -165.34707 13.23163 0.51203 -0.37269 -0.77390 0.7082 0.1034
0 9.27051 -151.61868 6.62038 0.51203 -0.37269 -0.77390 0.8155 0.0517
0 17.63356 -150.48084 11.60560 0.51203 -0.37269 -0.77390 0.8244 0.0907
podwall_s6
0 9.27051 -165.34707 13.23163 0.51203 -0.37269 -0.77390 0.7082 0.1034
0 17.63356 -150.48084 11.60560 0.51203 -0.37269 -0.77390 0.8244 0.0907
0 17.63356 -162.15890 17.22946 0.51203 -0.37269 -0.77390 0.7331 0.1346
podwall_s6
0 9.27051 -151.61868 6.62038 0.51203 -0.00000 -0.85897 0.8155 0.0517
0 9.27051 -136.38132 6.62038 0.51203 -0.00000 -0.85897 0.9345 0.0517
0 17.63356 -137.51916 11.60560 0.51203 -0.00000 -0.85897 0.9256 0.0907
podwall_s6
0 9.27051 -151.61868 6.62038 0.51203 -0.00000 -0.85897 0.8155 0.0517
0 17.63356 -137.51916 11.60560 0.51203 -0.00000 -0.85897 0.9256 0.0907
0 17.63356 -150.48084 11.60560 0.51203 -0.00000 -0.85897 0.8244 0.0907
podwall_s6
0 9.27051 -136.38132 6.62038 0.51203 0.37269 -0.77390 0.9345 0.0517
0 9.27051 -122.65293 13.23163 0.51203 0.37269 -0.77390 0.0418 0.1034
0 17.63356 -125.84110 17.22946 0.51203 0.37269 -0.77390 0.0169 0.1346
podwall_s6
0 9.27051 -136.38132 6.62038 0.51203 0.37269 -0.77390 0.9345 0.0517
0 17.63356 -125.84110 17.22946 0.51203 0.37269 -0.77390 0.0169 0.1346
0 17.63356 -137.51916 11.60560 0.51203 0.37269 -0.77390 0.9256 0.0907
podwall_s6
0 9.27051 -122.65293 13.23163 0.51203 0.67157 -0.53556 0.0418 0.1034
0 9.27051 -113.15260 25.14467 0.51203 0.67157 -0.53556 0.1160 0.1964
0 17.63356 -117.75963 27.36330 0.51203 0.67157 -0.53556 0.0800 0.2138
podwall_s6
0 9.27051 -122.65293 13.23163 0.51203 0.67157 -0.53556 0.0418 0.1034
0 17.63356 -117.75963 27.36330 0.51203 0.67157 -0.53556 0.0800 0.2138
0 17.63356 -125.84110 17.22946 0.51203 0.67157 -0.53556 0.0169 0.1346
podwall_s5
0 9.27051 -113.15260 25.14467 0.51203 0.83743 -0.19114 0.1160 0.1964
0 9.27051 -109.76197 40.00000 0.51203 0.83743 -0.19114 0.1425 0.3125
0 17.63356 -114.87539 40.00000 0.51203 0.83743 -0.19114 0.1025 0.3125
podwall_s5
0 9.27051 -113.15260 25.14467 0.51203 0.83743 -0.19114 0.1160 0.1964
0 17.63356 -114.87539 40.00000 0.51203 0.83743 -0.19114 0.1025 0.3125
0 17.63356 -117.75963 27.36330 0.51203 0.83743 -0.19114 0.0800 0.2138
podwall_s5
0 17.63356 -114.87539 40.00000 0.76015 0.63346 0.14458 0.1025 0.3125
0 17.63356 -117.75963 52.63670 0.76015 0.63346 0.14458 0.0800 0.4112
0 24.27051 -124.93526 49.18110 0.76015 0.63346 0.14458 0.0239 0.3842
podwall_s5
0 17.63356 -114.87539 40.00000 0.76015 0.63346 0.14458 0.1025 0.3125
0 24.27051 -124.93526 49.18110 0.76015 0.63346 0.14458 0.0239 0.3842
0 24.27051 -122.83973 40.00000 0.76015 0.63346 0.14458 0.0403 0.3125
podwall_s5
0 17.63356 -117.75963 52.63670 0.76015 0.50799 0.40511 0.0800 0.4112
0 17.63356 -125.84110 62.77054 0.76015 0.50799 0.40511 0.0169 0.4904
0 24.27051 -130.80679 56.54376 0.76015 0.50799 0.40511 0.9781 0.4417
podwall_s5
0 17.63356 -117.75963 52.63670 0.76015 0.50799 0.40511 0.0800 0.4112
0 24.27051 -130.80679 56.54376 0.76015 0.50799 0.40511 0.9781 0.4417
0 24.27051 -124.93526 49.18110 0.76015 0.50799 0.40511 0.0239 0.3842
podwall_s5
0 17.63356 -125.84110 62.77054 0.76015 0.28192 0.58540 0.0169 0.4904
0 17.63356 -137.51916 68.39440 0.76015 0.28192 0.58540 0.9256 0.5343
0 24.27051 -139.29140 60.62974 0.76015 0.28192 0.58540 0.9118 0.4737
podwall_s5
0 17.63356 -125.84110 62.77054 0.76015 0.28192 0.58540 0.0169 0.4904
0 24.27051 -139.29140 60.62974 0.76015 0.28192 0.58540 0.9118 0.4737
0 24.27051 -130.80679 56.54376 0.76015 0.28192 0.58540 0.9781 0.4417
podwall_s5
0 17.63356 -137.51916 68.39440 0.76015 0.00000 0.64975 0.9256 0.5343
0 17.63356 -150.48084 68.39440 0.76015 0.00000 0.64975 0.8244 0.5343
0 24.27051 -148.70860 60.62974 0.76015 0.00000 0.64975 0.8382 0.4737
podwall_s5
0 17.63356 -137.51916 68.39440 0.76015 0.00000 0.64975 0.9256 0.5343
0 24.27051 -148.70860 60.62974 0.76015 0.00000 0.64975 0.8382 0.4737
0 24.27051 -139.29140 60.62974 0.76015 0.00000 0.64975 0.9118 0.4737
podwall_s5
0 17.63356 -150.48084 68.39440 0.76015 -0.28192 0.58540 0.8244 0.5343
0 17.63356 -162.15890 62.77054 0.76015 -0.28192 0.58540 0.7331 0.4904
0 24.27051 -157.19321 56.54376 0.76015 -0.28192 0.58540 0.7719 0.4417
podwall_s5
0 17.63356 -150.48084 68.39440 0.76015 -0.28192 0.58540 0.8244 0.5343
0 24.27051 -157.19321 56.54376 0.76015 -0.28192 0.58540 0.7719 0.4417
0 24.27051 -148.70860 60.62974 0.76015 -0.28192 0.58540 0.8382 0.4737
podwall_s5
0 17.63356 -162.15890 62.77054 0.76015 -0.50799 0.40511 0.7331 0.4904
0 17.63356 -170.24037 52.63670 0.76015 -0.50799 0.40511 0.6700 0.4112
0 24.27051 -163.06474 49.18110 0.76015 -0.50799 0.40511 0.7261 0.3842
podwall_s5
0 17.63356 -162.15890 62.77054 0.76015 -0.50799 0.40511 0.7331 0.4904
0 24.27051 -163.06474 49.18110 0.76015 -0.50799 0.40511 0.7261 0.3842
0 24.27051 -157.19321 56.54376 0.76015 -0.50799 0.40511 0.7719 0.4417
podwall_s5
0 17.63356 -170.24037 52.63670 0.76015 -0.63346 0.14458 0.6700 0.4112
0 17.63356 -173.12461 40.00000 0.76015 -0.63346 0.14458 0.6475 0.3125
0 24.27051 -165.16027 40.00000 0.76015 -0.63346 0.14458 0.7097 0.3125
podwall_s5
0 17.63356 -170.24037 52.63670 0.76015 -0.63346 0.14458 0.6700 0.4112
0 24.27051 -165.16027 40.00000 0.76015 -0.63346 0.14458 0.7097 0.3125
0 24.27051 -163.06474 49.18110 0.76015 -0.63346 0.14458 0.7261 0.3842
podwall_s6
0 17.63356 -173.12461 40.00000 0.76015 -0.63346 -0.14458 0.6475 0.3125
0 17.63356 -170.24037 27.36330 0.76015 -0.63346 -0.14458 0.6700 0.2138
0 24.27051 -163.06474 30.81890 0.76015 -0.63346 -0.14458 0.7261 0.2408
podwall_s6
0 17.63356 -173.12461 40.00000 0.76015 -0.63346 -0.14458 0.6475 0.3125
0 24.27051 -163.06474 30.81890 0.76015 -0.63346 -0.14458 0.7261 0.2408
0 24.27051 -165.16027 40.00000 0.76015 -0.63346 -0.14458 0.7097 0.3125
podwall_s6
0 17.63356 -170.24037 27.36330 0.76015 -0.50799 -0.40511 0.6700 0.2138
0 17.63356 -162.15890 17.22946 0.76015 -0.50799 -0.40511 0.7331 0.1346
0 24.27051 -157.19321 23.45624 0.76015 -0.50799 -0.40511 0.7719 0.1833
podwall_s6
0 17.63356 -170.24037 27.36330 0.76015 -0.50799 -0.40511 0.6700 0.2138
0 24.27051 -157.19321 23.45624 0.76015 -0.50799 -0.40511 0.7719 0.1833
0 24.27051 -163.06474 30.81890 0.76015 -0.50799 -0.40511 0.7261 0.2408
podwall_s7
0 17.63356 -162.15890 17.22946 0.76015 -0.28192 -0.58540 0.7331 0.1346
0 17.63356 -150.48084 11.60560 0.76015 -0.28192 -0.58540 0.8244 0.0907
0 24.27051 -148.70860 19.37026 0.76015 -0.28192 -0.58540 0.8382 0.1513
podwall_s7
0 17.63356 -162.15890 17.22946 0.76015 -0.28192 -0.58540 0.7331 0.1346
0 24.27051 -148.70860 19.37026 0.76015 -0.28192 -0.58540 0.8382 0.1513
0 24.27051 -157.19321 23.45624 0.76015 -0.28192 -0.58540 0.7719 0.1833
podwall_s7
0 17.63356 -150.48084 11.60560 0.76015 -0.00000 -0.64975 0.8244 0.0907
0 17.63356 -137.51916 11.60560 0.76015 -0.00000 -0.64975 0.9256 0.0907
0 24.27051 -139.29140 19.37026 0.76015 -0.00000 -0.64975 0.9118 0.1513
podwall_s7
0 17.63356 -150.48084 11.60560 0.76015 -0.00000 -0.64975 0.8244 0.0907
0 24.27051 -139.29140 19.37026 0.76015 -0.00000 -0.64975 0.9118 0.1513
0 24.27051 -148.70860 19.37026 0.76015 -0.00000 -0.64975 0.8382 0.1513
podwall_s7
0 17.63356 -137.51916 11.60560 0.76015 0.28192 -0.58540 0.9256 0.0907
0 17.63356 -125.84110 17.22946 0.76015 0.28192 -0.58540 0.0169 0.1346
0 24.27051 -130.80679 23.45624 0.76015 0.28192 -0.58540 0.9781 0.1833
podwall_s7
0 17.63356 -137.51916 11.60560 0.76015 0.28192 -0.58540 0.9256 0.0907
0 24.27051 -130.80679 23.45624 0.76015 0.28192 -0.58540 0.9781 0.1833
0 24.27051 -139.29140 19.37026 0.76015 0.28192 -0.58540 0.9118 0.1513
podwall_s6
0 17.63356 -125.84110 17.22946 0.76015 0.50799 -0.40511 0.0169 0.1346
0 17.63356 -117.75963 27.36330 0.76015 0.50799 -0.40511 0.0800 0.2138
0 24.27051 -124.93526 30.81890 0.76015 0.50799 -0.40511 0.0239 0.2408
podwall_s6
0 17.63356 -125.84110 17.22946 0.76015 0.50799 -0.40511 0.0169 0.1346
0 24.27051 -124.93526 30.81890 0.76015 0.50799 -0.40511 0.0239 0.2408
0 24.27051 -130.80679 23.45624 0.76015 0.50799 -0.40511 0.9781 0.1833
podwall_s6
0 17.63356 -117.75963 27.36330 0.76015 0.63346 -0.14458 0.0800 0.2138
0 17.63356 -114.87539 40.00000 0.76015 0.63346 -0.14458 0.1025 0.3125
0 24.27051 -122.83973 40.00000 0.76015 0.63346 -0.14458 0.0403 0.3125
podwall_s6
0 17.63356 -117.75963 27.36330 0.76015 0.63346 -0.14458 0.0800 0.2138
0 24.27051 -122.83973 40.00000 0.76015 0.63346 -0.14458 0.0403 0.3125
0 24.27051 -124.93526 30.81890 0.76015 0.63346 -0.14458 0.0239 0.2408
podwall_s6
0 24.27051 -122.83973 40.00000 0.91682 0.38929 0.08885 0.0403 0.3125
0 24.27051 -124.93526 49.18110 0.91682 0.38929 0.08885 0.0239 0.3842
0 28.53170 -133.97707 44.82679 0.91682 0.38929 0.08885 0.9533 0.3502
podwall_s6
0 24.27051 -122.83973 40.00000 0.91682 0.38929 0.08885 0.0403 0.3125
0 28.53170 -133.97707 44.82679 0.91682 0.38929 0.08885 0.9533 0.3502
0 28.53170 -132.87539 40.00000 0.91682 0.38929 0.08885 0.9619 0.3125
podwall_s6
0 24.27051 -124.93526 49.18110 0.91682 0.31218 0.24896 0.0239 0.3842
0 24.27051 -130.80679 56.54376 0.91682 0.31218 0.24896 0.9781 0.4417
0 28.53170 -137.06392 48.69757 0.91682 0.31218 0.24896 0.9292 0.3804
podwall_s6
0 24.27051 -124.93526 49.18110 0.91682 0.31218 0.24896 0.0239 0.3842
0 28.53170 -137.06392 48.69757 0.91682 0.31218 0.24896 0.9292 0.3804
0 28.53170 -133.97707 44.82679 0.91682 0.31218 0.24896 0.9533 0.3502
podwall_s6
0 24.27051 -130.80679 56.54376 0.91682 0.17325 0.35975 0.9781 0.4417
0 24.27051 -139.29140 60.62974 0.91682 0.17325 0.35975 0.9118 0.4737
0 28.53170 -141.52454 50.84569 0.91682 0.17325 0.35975 0.8943 0.3972
podwall_s6
0 24.27051 -130.80679 56.54376 0.91682 0.17325 0.35975 0.9781 0.4417
0 28.53170 -141.52454 50.84569 0.91682 0.17325 0.35975 0.8943 0.3972
0 28.53170 -137.06392 48.69757 0.91682 0.17325 0.35975 0.9292 0.3804
podwall_s6
0 24.27051 -139.29140 60.62974 0.91682 0.00000 0.39930 0.9118 0.4737
0 24.27051 -148.70860 60.62974 0.91682 0.00000 0.39930 0.8382 0.4737
0 28.53170 -146.47546 50.84569 0.91682 0.00000 0.39930 0.8557 0.3972
podwall_s6
0 24.27051 -139.29140 60.62974 0.91682 0.00000 0.39930 0.9118 0.4737
0 28.53170 -146.47546 50.84569 0.91682 0.00000 0.39930 0.8557 0.3972
0 28.53170 -141.52454 50.84569 0.91682 0.00000 0.39930 0.8943 0.3972
podwall_s6
0 24.27051 -148.70860 60.62974 0.91682 -0.17325 0.35975 0.8382 0.4737
0 24.27051 -157.19321 56.54376 0.91682 -0.17325 0.35975 0.7719 0.4417
0 28.53170 -150.93608 48.69757 0.91682 -0.17325 0.35975 0.8208 0.3804
podwall_s6
0 24.27051 -148.70860 60.62974 0.91682 -0.17325 0.35975 0.8382 0.4737
0 28.53170 -150.93608 48.69757 0.91682 -0.17325 0.35975 0.8208 0.3804
0 28.53170 -146.47546 50.84569 0.91682 -0.17325 0.35975 0.8557 0.3972
podwall_s6
0 24.27051 -157.19321 56.54376 0.91682 -0.31218 0.24896 0.7719 0.4417
0 24.27051 -163.06474 49.18110 0.91682 -0.31218 0.24896 0.7261 0.3842
0 28.53170 -154.02293 44.82679 0.91682 -0.31218 0.24896 0.7967 0.3502
podwall_s6
0 24.27051 -157.19321 56.54376 0.91682 -0.31218 0.24896 0.7719 0.4417
0 28.53170 -154.02293 44.82679 0.91682 -0.31218 0.24896 0.7967 0.3502
0 28.53170 -150.93608 48.69757 0.91682 -0.31218 0.24896 0.8208 0.3804
podwall_s6
0 24.27051 -163.06474 49.18110 0.91682 -0.38929 0.08885 0.7261 0.3842
0 24.27051 -165.16027 40.00000 0.91682 -0.38929 0.08885 0.7097 0.3125
0 28.53170 -155.12461 40.00000 0.91682 -0.38929 0.08885 0.7881 0.3125
podwall_s6
0 24.27051 -163.06474 49.18110 0.91682 -0.38929 0.08885 0.7261 0.3842
0 28.53170 -155.12461 40.00000 0.91682 -0.38929 0.08885 0.7881 0.3125
0 28.53170 -154.02293 44.82679 0.91682 -0.38929 0.08885 0.7967 0.3502
podwall_s6
0 24.27051 -165.16027 40.00000 0.91682 -0.38929 -0.08885 0.7097 0.3125
0 24.27051 -163.06474 30.81890 0.91682 -0.38929 -0.08885 0.7261 0.2408
0 28.53170 -154.02293 35.17321 0.91682 -0.38929 -0.08885 0.7967 0.2748
podwall_s6
0 24.27051 -165.16027 40.00000 0.91682 -0.38929 -0.08885 0.7097 0.3125
0 28.53170 -154.02293 35.17321 0.91682 -0.38929 -0.08885 0.7967 0.2748
0 28.53170 -155.12461 40.00000 0.91682 -0.38929 -0.08885 0.7881 0.3125
podwall_s7
0 24.27051 -163.06474 30.81890 0.91682 -0.31218 -0.24896 0.7261 0.2408
0 24.27051 -157.19321 23.45624 0.91682 -0.31218 -0.24896 0.7719 0.1833
0 28.53170 -150.93608 31.30243 0.91682 -0.31218 -0.24896 0.8208 0.2446
podwall_s7
0 24.27051 -163.06474 30.81890 0.91682 -0.31218 -0.24896 0.7261 0.2408
0 28.53170 -150.93608 31.30243 0.91682 -0.31218 -0.24896 0.8208 0.2446
0 28.53170 -154.02293 35.17321 0.91682 -0.31218 -0.24896 0.7967 0.2748
podwall_s7
0 24.27051 -157.19321 23.45624 0.91682 -0.17325 -0.35975 0.7719 0.1833
0 24.27051 -148.70860 19.37026 0.91682 -0.17325 -0.35975 0.8382 0.1513
0 28.53170 -146.47546 29.15431 0.91682 -0.17325 -0.35975 0.8557 0.2278
podwall_s7
0 24.27051 -157.19321 23.45624 0.91682 -0.17325 -0.35975 0.7719 0.1833
0 28.53170 -146.47546 29.15431 0.91682 -0.17325 -0.35975 0.8557 0.2278
0 28.53170 -150.93608 31.30243 0.91682 -0.17325 -0.35975 0.8208 0.2446
podwall_s7
0 24.27051 -148.70860 19.37026 0.91682 -0.00000 -0.39930 0.8382 0.1513
0 24.27051 -139.29140 19.37026 0.91682 -0.00000 -0.39930 0.9118 0.1513
0 28.53170 -141.52454 29.15431 0.91682 -0.00000 -0.39930 0.8943 0.2278
podwall_s7
0 24.27051 -148.70860 19.37026 0.91682 -0.00000 -0.39930 0.8382 0.1513
0 28.53170 -141.52454 29.15431 0.91682 -0.00000 -0.39930 0.8943 0.2278
0 28.53170 -146.47546 29.15431 0.91682 -0.00000 -0.39930 0.8557 0.2278
podwall_s7
0 24.27051 -139.29140 19.37026 0.91682 0.17325 -0.35975 0.9118 0.1513
0 24.27051 -130.80679 23.45624 0.91682 0.17325 -0.35975 0.9781 0.1833
0 28.53170 -137.06392 31.30243 0.91682 0.17325 -0.35975 0.9292 0.2446
podwall_s7
0 24.27051 -139.29140 19.37026 0.91682 0.17325 -0.35975 0.9118 0.1513
0 28.53170 -137.06392 31.30243 0.91682 0.17325 -0.35975 0.9292 0.2446
0 28.53170 -141.52454 29.15431 0.91682 0.17325 -0.35975 0.8943 0.2278
podwall_s7
0 24.27051 -130.80679 23.45624 0.91682 0.31218 -0.24896 0.9781 0.1833
0 24.27051 -124.93526 30.81890 0.91682 0.31218 -0.24896 0.0239 0.2408
0 28.53170 -133.97707 35.17321 0.91682 0.31218 -0.24896 0.9533 0.2748
podwall_s7
0 24.27051 -130.80679 23.45624 0.91682 0.31218 -0.24896 0.9781 0.1833
0 28.53170 -133.97707 35.17321 0.91682 0.31218 -0.24896 0.9533 0.2748
0 28.53170 -137.06392 31.30243 0.91682 0.31218 -0.24896 0.9292 0.2446
podwall_s6
0 24.27051 -124.93526 30.81890 0.91682 0.38929 -0.08885 0.0239 0.2408
0 24.27051 -122.83973 40.00000 0.91682 0.38929 -0.08885 0.0403 0.3125
0 28.53170 -132.87539 40.00000 0.91682 0.38929 -0.08885 0.9619 0.3125
podwall_s6
0 24.27051 -124.93526 30.81890 0.91682 0.38929 -0.08885 0.0239 0.2408
0 28.53170 -132.87539 40.00000 0.91682 0.38929 -0.08885 0.9619 0.3125
0 28.53170 -133.97707 35.17321 0.91682 0.38929 -0.08885 0.9533 0.2748
podwall_s6
0 28.53170 -132.87539 40.00000 0.99096 0.13079 0.02985 0.9619 0.3125
0 28.53170 -133.97707 44.82679 0.99096 0.13079 0.02985 0.9533 0.3502
0 30.00000 -144.00000 40.00000 0.99096 0.13079 0.02985 0.8750 0.3125
podwall_s6
0 28.53170 -133.97707 44.82679 0.99096 0.10489 0.08365 0.9533 0.3502
0 28.53170 -137.06392 48.69757 0.99096 0.10489 0.08365 0.9292 0.3804
0 30.00000 -144.00000 40.00000 0.99096 0.10489 0.08365 0.8750 0.3125
podwall_s6
0 28.53170 -137.06392 48.69757 0.99096 0.05821 0.12087 0.9292 0.3804
0 28.53170 -141.52454 50.84569 0.99096 0.05821 0.12087 0.8943 0.3972
0 30.00000 -144.00000 40.00000 0.99096 0.05821 0.12087 0.8750 0.3125
podwall_s6
0 28.53170 -141.52454 50.84569 0.99096 0.00000 0.13416 0.8943 0.3972
0 28.53170 -146.47546 50.84569 0.99096 0.00000 0.13416 0.8557 0.3972
0 30.00000 -144.00000 40.00000 0.99096 0.00000 0.13416 0.8750 0.3125
podwall_s6
0 28.53170 -146.47546 50.84569 0.99096 -0.05821 0.12087 0.8557 0.3972
0 28.53170 -150.93608 48.69757 0.99096 -0.05821 0.12087 0.8208 0.3804
0 30.00000 -144.00000 40.00000 0.99096 -0.05821 0.12087 0.8750 0.3125
podwall_s6
0 28.53170 -150.93608 48.69757 0.99096 -0.10489 0.08365 0.8208 0.3804
0 28.53170 -154.02293 44.82679 0.99096 -0.10489 0.08365 0.7967 0.3502
0 30.00000 -144.00000 40.00000 0.99096 -0.10489 0.08365 0.8750 0.3125
podwall_s6
0 28.53170 -154.02293 44.82679 0.99096 -0.13079 0.02985 0.7967 0.3502
0 28.53170 -155.12461 40.00000 0.99096 -0.13079 0.02985 0.7881 0.3125
0 30.00000 -144.00000 40.00000 0.99096 -0.13079 0.02985 0.8750 0.3125
podwall_s7
0 28.53170 -155.12461 40.00000 0.99096 -0.13079 -0.02985 0.7881 0.3125
0 28.53170 -154.02293 35.17321 0.99096 -0.13079 -0.02985 0.7967 0.2748
0 30.00000 -144.00000 40.00000 0.99096 -0.13079 -0.02985 0.8750 0.3125
podwall_s7
0 28.53170 -154.02293 35.17321 0.99096 -0.10489 -0.08365 0.7967 0.2748
0 28.53170 -150.93608 31.30243 0.99096 -0.10489 -0.08365 0.8208 0.2446
0 30.00000 -144.00000 40.00000 0.99096 -0.10489 -0.08365 0.8750 0.3125
podwall_s7
0 28.53170 -150.93608 31.30243 0.99096 -0.05821 -0.12087 0.8208 0.2446
0 28.53170 -146.47546 29.15431 0.99096 -0.05821 -0.12087 0.8557 0.2278
0 30.00000 -144.00000 40.00000 0.99096 -0.05821 -0.12087 0.8750 0.3125
podwall_s7
0 28.53170 -146.47546 29.15431 0.99096 0.00000 -0.13416 0.8557 0.2278
0 28.53170 -141.52454 29.15431 0.99096 0.00000 -0.13416 0.8943 0.2278
0 30.00000 -144.00000 40.00000 0.99096 0.00000 -0.13416 0.8750 0.3125
podwall_s7
0 28.53170 -141.52454 29.15431 0.99096 0.05821 -0.12087 0.8943 0.2278
0 28.53170 -137.06392 31.30243 0.99096 0.05821 -0.12087 0.9292 0.2446
0 30.00000 -144.00000 40.00000 0.99096 0.05821 -0.12087 0.8750 0.3125
podwall_s7
0 28.53170 -137.06392 31.30243 0.99096 0.10489 -0.08365 0.9292 0.2446
0 28.53170 -133.97707 35.17321 0.99096 0.10489 -0.08365 0.9533 0.2748
0 30.00000 -144.00000 40.00000 0.99096 0.10489 -0.08365 0.8750 0.3125
podwall_s7
0 28.53170 -133.97707 35.17321 0.99096 0.13079 -0.02985 0.9533 0.2748
0 28.53170 -132.87539 40.00000 0.99096 0.13079 -0.02985 0.9619 0.3125
0 30.00000 -144.00000 40.00000 0.99096 0.13079 -0.02985 0.8750 0.3125
podwall_s3
0 0.00000 -108.00000 120.00000 0.18219 0.95861 0.21880 0.1562 0.9375
0 0.00000 -111.56512 135.61981 0.18219 0.95861 0.21880 0.1284 0.0595
0 9.27051 -113.15260 134.85533 0.18219 0.95861 0.21880 0.1160 0.0536
podwall_s3
0 0.00000 -108.00000 120.00000 0.18219 0.95861 0.21880 0.1562 0.9375
0 9.27051 -113.15260 134.85533 0.18219 0.95861 0.21880 0.1160 0.0536
0 9.27051 -109.76197 120.00000 0.18219 0.95861 0.21880 0.1425 0.9375
podwall_s3
0 0.00000 -111.56512 135.61981 0.18219 0.76875 0.61305 0.1284 0.0595
0 0.00000 -121.55437 148.14593 0.18219 0.76875 0.61305 0.0504 0.1574
0 9.27051 -122.65293 146.76837 0.18219 0.76875 0.61305 0.0418 0.1466
podwall_s3
0 0.00000 -111.56512 135.61981 0.18219 0.76875 0.61305 0.1284 0.0595
0 9.27051 -122.65293 146.76837 0.18219 0.76875 0.61305 0.0418 0.1466
0 9.27051 -113.15260 134.85533 0.18219 0.76875 0.61305 0.1160 0.0536
podwall_s2
0 0.00000 -121.55437 148.14593 0.18219 0.42662 0.88589 0.0504 0.1574
0 0.00000 -135.98925 155.09740 0.18219 0.42662 0.88589 0.9376 0.2117
0 9.27051 -136.38132 153.37962 0.18219 0.42662 0.88589 0.9345 0.1983
podwall_s2
0 0.00000 -121.55437 148.14593 0.18219 0.42662 0.88589 0.0504 0.1574
0 9.27051 -136.38132 153.37962 0.18219 0.42662 0.88589 0.9345 0.1983
0 9.27051 -122.65293 146.76837 0.18219 0.42662 0.88589 0.0418 0.1466
podwall_s2
0 0.00000 -135.98925 155.09740 0.18219 0.00000 0.98326 0.9376 0.2117
0 0.00000 -152.01075 155.09740 0.18219 0.00000 0.98326 0.8124 0.2117
0 9.27051 -151.61868 153.37962 0.18219 0.00000 0.98326 0.8155 0.1983
podwall_s2
0 0.00000 -135.98925 155.09740 0.18219 0.00000 0.98326 0.9376 0.2117
0 9.27051 -151.61868 153.37962 0.18219 0.00000 0.98326 0.8155 0.1983
0 9.27051 -136.38132 153.37962 0.18219 0.00000 0.98326 0.9345 0.1983
podwall_s2
0 0.00000 -152.01075 155.09740 0.18219 -0.42662 0.88589 0.8124 0.2117
0 0.00000 -166.44563 148.14593 0.18219 -0.42662 0.88589 0.6996 0.1574
0 9.27051 -165.34707 146.76837 0.18219 -0.42662 0.88589 0.7082 0.1466
podwall_s2
0 0.00000 -152.01075 155.09740 0.18219 -0.42662 0.88589 0.8124 0.2117
0 9.27051 -165.34707 146.76837 0.18219 -0.42662 0.88589 0.7082 0.1466
0 9.27051 -151.61868 153.37962 0.18219 -0.42662 0.88589 0.8155 0.1983
podwall_s3
0 0.00000 -166.44563 148.14593 0.18219 -0.76875 0.61305 0.6996 0.1574
0 0.00000 -176.43488 135.61981 0.18219 -0.76875 0.61305 0.6216 0.0595
0 9.27051 -174.84740 134.85533 0.18219 -0.76875 0.61305 0.6340 0.0536
podwall_s3
0 0.00000 -166.44563 148.14593 0.18219 -0.76875 0.61305 0.6996 0.1574
0 9.27051 -174.84740 134.85533 0.18219 -0.76875 0.61305 0.6340 0.0536
0 9.27051 -165.34707 146.76837 0.18219 -0.76875 0.61305 0.7082 0.1466
podwall_s3
0 0.00000 -176.43488 135.61981 0.18219 -0.95861 0.21880 0.6216 0.0595
0 0.00000 -180.00000 120.00000 0.18219 -0.95861 0.21880 0.5938 0.9375
0 9.27051 -178.23803 120.00000 0.18219 -0.95861 0.21880 0.6075 0.9375
podwall_s3
0 0.00000 -176.43488 135.61981 0.18219 -0.95861 0.21880 0.6216 0.0595
0 9.27051 -178.23803 120.00000 0.18219 -0.95861 0.21880 0.6075 0.9375
0 9.27051 -174.84740 134.85533 0.18219 -0.95861 0.21880 0.6340 0.0536
podwall_s4
0 0.00000 -180.00000 120.00000 0.18219 -0.95861 -0.21880 0.5938 0.9375
0 0.00000 -176.43488 104.38019 0.18219 -0.95861 -0.21880 0.6216 0.8155
0 9.27051 -174.84740 105.14467 0.18219 -0.95861 -0.21880 0.6340 0.8214
podwall_s4
0 0.00000 -180.00000 120.00000 0.18219 -0.95861 -0.21880 0.5938 0.9375
0 9.27051 -174.84740 105.14467 0.18219 -0.95861 -0.21880 0.6340 0.8214
0 9.27051 -178.23803 120.00000 0.18219 -0.95861 -0.21880 0.6075 0.9375
podwall_s5
0 0.00000 -176.43488 104.38019 0.18219 -0.76875 -0.61305 0.6216 0.8155
0 0.00000 -166.44563 91.85407 0.18219 -0.76875 -0.61305 0.6996 0.7176
0 9.27051 -165.34707 93.23163 0.18219 -0.76875 -0.61305 0.7082 0.7284
podwall_s5
0 0.00000 -176.43488 104.38019 0.18219 -0.76875 -0.61305 0.6216 0.8155
0 9.27051 -165.34707 93.23163 0.18219 -0.76875 -0.61305 0.7082 0.7284
0 9.27051 -174.84740 105.14467 0.18219 -0.76875 -0.61305 0.6340 0.8214
podwall_s5
0 0.00000 -166.44563 91.85407 0.18219 -0.42662 -0.88589 0.6996 0.7176
0 0.00000 -152.01075 84.90260 0.18219 -0.42662 -0.88589 0.8124 0.6633
0 9.27051 -151.61868 86.62038 0.18219 -0.42662 -0.88589 0.8155 0.6767
podwall_s5
0 0.00000 -166.44563 91.85407 0.18219 -0.42662 -0.88589 0.6996 0.7176
0 9.27051 -151.61868 86.62038 0.18219 -0.42662 -0.88589 0.8155 0.6767
0 9.27051 -165.34707 93.23163 0.18219 -0.42662 -0.88589 0.7082 0.7284
podwall_s5
0 0.00000 -152.01075 84.90260 0.18219 0.00000 -0.98326 0.8124 0.6633
0 0.00000 -135.98925 84.90260 0.18219 0.00000 -0.98326 0.9376 0.6633
0 9.27051 -136.38132 86.62038 0.18219 0.00000 -0.98326 0.9345 0.6767
podwall_s5
0 0.00000 -152.01075 84.90260 0.18219 0.00000 -0.98326 0.8124 0.6633
0 9.27051 -136.38132 86.62038 0.18219 0.00000 -0.98326 0.9345 0.6767
0 9.27051 -151.61868 86.62038 0.18219 0.00000 -0.98326 0.8155 0.6767
podwall_s5
0 0.00000 -135.98925 84.90260 0.18219 0.42662 -0.88589 0.9376 0.6633
0 0.00000 -121.55437 91.85407 0.18219 0.42662 -0.88589 0.0504 0.7176
0 9.27051 -122.65293 93.23163 0.18219 0.42662 -0.88589 0.0418 0.7284
podwall_s5
0 0.00000 -135.98925 84.90260 0.18219 0.42662 -0.88589 0.9376 0.6633
0 9.27051 -122.65293 93.23163 0.18219 0.42662 -0.88589 0.0418 0.7284
0 9.27051 -136.38132 86.62038 0.18219 0.42662 -0.88589 0.9345 0.6767
podwall_s5
0 0.00000 -121.55437 91.85407 0.18219 0.76875 -0.61305 0.0504 0.7176
0 0.00000 -111.56512 104.38019 0.18219 0.76875 -0.61305 0.1284 0.8155
0 9.27051 -113.15260 105.14467 0.18219 0.76875 -0.61305 0.1160 0.8214
podwall_s5
0 0.00000 -121.55437 91.85407 0.18219 0.76875 -0.61305 0.0504 0.7176
0 9.27051 -113.15260 105.14467 0.18219 0.76875 -0.61305 0.1160 0.8214
0 9.27051 -122.65293 93.23163 0.18219 0.76875 -0.61305 0.0418 0.7284
podwall_s4
0 0.00000 -111.56512 104.38019 0.18219 0.95861 -0.21880 0.1284 0.8155
0 0.00000 -108.00000 120.00000 0.18219 0.95861 -0.21880 0.1562 0.9375
0 9.27051 -109.76197 120.00000 0.18219 0.95861 -0.21880 0.1425 0.9375
podwall_s4
0 0.00000 -111.56512 104.38019 0.18219 0.95861 -0.21880 0.1284 0.8155
0 9.27051 -109.76197 120.00000 0.18219 0.95861 -0.21880 0.1425 0.9375
0 9.27051 -113.15260 105.14467 0.18219 0.95861 -0.21880 0.1160 0.8214
podwall_s4
0 9.27051 -109.76197 120.00000 0.51203 0.83743 0.19114 0.1425 0.9375
0 9.27051 -113.15260 134.85533 0.51203 0.83743 0.19114 0.1160 0.0536
0 17.63356 -117.75963 132.63670 0.51203 0.83743 0.19114 0.0800 0.0362
podwall_s4
0 9.27051 -109.76197 120.00000 0.51203 0.83743 0.19114 0.1425 0.9375
0 17.63356 -117.75963 132.63670 0.51203 0.83743 0.19114 0.0800 0.0362
0 17.63356 -114.87539 120.00000 0.51203 0.83743 0.19114 0.1025 0.9375
podwall_s4
0 9.27051 -113.15260 134.85533 0.51203 0.67157 0.53556 0.1160 0.0536
0 9.27051 -122.65293 146.76837 0.51203 0.67157 0.53556 0.0418 0.1466
0 17.63356 -125.84110 142.77054 0.51203 0.67157 0.53556 0.0169 0.1154
podwall_s4
0 9.27051 -113.15260 134.85533 0.51203 0.67157 0.53556 0.1160 0.0536
0 17.63356 -125.84110 142.77054 0.51203 0.67157 0.53556 0.0169 0.1154
0 17.63356 -117.75963 132.63670 0.51203 0.67157 0.53556 0.0800 0.0362
podwall_s3
0 9.27051 -122.65293 146.76837 0.51203 0.37269 0.77390 0.0418 0.1466
0 9.27051 -136.38132 153.37962 0.51203 0.37269 0.77390 0.9345 0.1983
0 17.63356 -137.51916 148.39440 0.51203 0.37269 0.77390 0.9256 0.1593
podwall_s3
0 9.27051 -122.65293 146.76837 0.51203 0.37269 0.77390 0.0418 0.1466
0 17.63356 -137.51916 148.39440 0.51203 0.37269 0.77390 0.9256 0.1593
0 17.63356 -125.84110 142.77054 0.51203 0.37269 0.77390 0.0169 0.1154
podwall_s3
0 9.27051 -136.38132 153.37962 0.51203 0.00000 0.85897 0.9345 0.1983
0 9.27051 -151.61868 153.37962 0.51203 0.00000 0.85897 0.8155 0.1983
0 17.63356 -150.48084 148.39440 0.51203 0.00000 0.85897 0.8244 0.1593
podwall_s3
0 9.27051 -136.38132 153.37962 0.51203 0.00000 0.85897 0.9345 0.1983
0 17.63356 -150.48084 148.39440 0.51203 0.00000 0.85897 0.8244 0.1593
0 17.63356 -137.51916 148.39440 0.51203 0.00000 0.85897 0.9256 0.1593
podwall_s3
0 9.27051 -151.61868 153.37962 0.51203 -0.37269 0.77390 0.8155 0.1983
0 9.27051 -165.34707 146.76837 0.51203 -0.37269 0.77390 0.7082 0.1466
0 17.63356 -162.15890 142.77054 0.51203 -0.37269 0.77390 0.7331 0.1154
podwall_s3
0 9.27051 -151.61868 153.37962 0.51203 -0.37269 0.77390 0.8155 0.1983
0 17.63356 -162.15890 142.77054 0.51203 -0.37269 0.77390 0.7331 0.1154
0 17.63356 -150.48084 148.39440 0.51203 -0.37269 0.77390 0.8244 0.1593
podwall_s4
0 9.27051 -165.34707 146.76837 0.51203 -0.67157 0.53556 0.7082 0.1466
0 9.27051 -174.84740 134.85533 0.51203 -0.67157 0.53556 0.6340 0.0536
0 17.63356 -170.24037 132.63670 0.51203 -0.67157 0.53556 0.6700 0.0362
podwall_s4
0 9.27051 -165.34707 146.76837 0.51203 -0.67157 0.53556 0.7082 0.1466
0 17.63356 -170.24037 132.63670 0.51203 -0.67157 0.53556 0.6700 0.0362
0 17.63356 -162.15890 142.77054 0.51203 -0.67157 0.53556 0.7331 0.1154
podwall_s4
0 9.27051 -174.84740 134.85533 0.51203 -0.83743 0.19114 0.6340 0.0536
0 9.27051 -178.23803 120.00000 0.51203 -0.83743 0.19114 0.6075 0.9375
0 17.63356 -173.12461 120.00000 0.51203 -0.83743 0.19114 0.6475 0.9375
podwall_s4
0 9.27051 -174.84740 134.85533 0.51203 -0.83743 0.19114 0.6340 0.0536
0 17.63356 -173.12461 120.00000 0.51203 -0.83743 0.19114 0.6475 0.9375
0 17.63356 -170.24037 132.63670 0.51203 -0.83743 0.19114 0.6700 0.0362
podwall_s5
0 9.27051 -178.23803 120.00000 0.51203 -0.83743 -0.19114 0.6075 0.9375
0 9.27051 -174.84740 105.14467 0.51203 -0.83743 -0.19114 0.6340 0.8214
0 17.63356 -170.24037 107.36330 0.51203 -0.83743 -0.19114 0.6700 0.8388
podwall_s5
0 9.27051 -178.23803 120.00000 0.51203 -0.83743 -0.19114 0.6075 0.9375
0 17.63356 -170.24037 107.36330 0.51203 -0.83743 -0.19114 0.6700 0.8388
0 17.63356 -173.12461 120.00000 0.51203 -0.83743 -0.19114 0.6475 0.9375
podwall_s6
0 9.27051 -174.84740 105.14467 0.51203 -0.67157 -0.53556 0.6340 0.8214
0 9.27051 -165.34707 93.23163 0.51203 -0.67157 -0.53556 0.7082 0.7284
0 17.63356 -162.15890 97.22946 0.51203 -0.67157 -0.53556 0.7331 0.7596
podwall_s6
0 9.27051 -174.84740 105.14467 0.51203 -0.67157 -0.53556 0.6340 0.8214
0 17.63356 -162.15890 97.22946 0.51203 -0.67157 -0.53556 0.7331 0.7596
0 17.63356 -170.24037 107.36330 0.51203 -0.67157 -0.53556 0.6700 0.8388
podwall_s6
0 9.27051 -165.34707 93.23163 0.51203 -0.37269 -0.77390 0.7082 0.7284
0 9.27051 -151.61868 86.62038 0.51203 -0.37269 -0.77390 0.8155 0.6767
0 17.63356 -150.48084 91.60560 0.51203 -0.37269 -0.77390 0.8244 0.7157
podwall_s6
0 9.27051 -165.34707 93.23163 0.51203 -0.37269 -0.77390 0.7082 0.7284
0 17.63356 -150.48084 91.60560 0.51203 -0.37269 -0.77390 0.8244 0.7157
0 17.63356 -162.15890 97.22946 0.51203 -0.37269 -0.77390 0.7331 0.7596
podwall_s6
0 9.27051 -151.61868 86.62038 0.51203 -0.00000 -0.85897 0.8155 0.6767
0 9.27051 -136.38132 86.62038 0.51203 -0.00000 -0.85897 0.9345 0.6767
0 17.63356 -137.51916 91.60560 0.51203 -0.00000 -0.85897 0.9256 0.7157
podwall_s6
0 9.27051 -151.61868 86.62038 0.51203 -0.00000 -0.85897 0.8155 0.6767
0 17.63356 -137.51916 91.60560 0.51203 -0.00000 -0.85897 0.9256 0.7157
0 17.63356 -150.48084 91.60560 0.51203 -0.00000 -0.85897 0.8244 0.7157
podwall_s6
0 9.27051 -136.38132 86.62038 0.51203 0.37269 -0.77390 0.9345 0.6767
0 9.27051 -122.65293 93.23163 0.51203 0.37269 -0.77390 0.0418 0.7284
0 17.63356 -125.84110 97.22946 0.51203 0.37269 -0.77390 0.0169 0.7596
podwall_s6
0 9.27051 -136.38132 86.62038 0.51203 0.37269 -0.77390 0.9345 0.6767
0 17.63356 -125.84110 97.22946 0.51203 0.37269 -0.77390 0.0169 0.7596
0 17.63356 -137.51916 91.60560 0.51203 0.37269 -0.77390 0.9256 0.7157
podwall_s6
0 9.27051 -122.65293 93.23163 0.51203 0.67157 -0.53556 0.0418 0.7284
0 9.27051 -113.15260 105.14467 0.51203 0.67157 -0.53556 0.1160 0.8214
0 17.63356 -117.75963 107.36330 0.51203 0.67157 -0.53556 0.0800 0.8388
podwall_s6
0 9.27051 -122.65293 93.23163 0.51203 0.67157 -0.53556 0.0418 0.7284
0 17.63356 -117.75963 107.36330 0.51203 0.67157 -0.53556 0.0800 0.8388
0 17.63356 -125.84110 97.22946 0.51203 0.67157 -0.53556 0.0169 0.7596
podwall_s5
0 9.27051 -113.15260 105.14467 0.51203 0.83743 -0.19114 0.1160 0.8214
0 9.27051 -109.76197 120.00000 0.51203 0.83743 -0.19114 0.1425 0.9375
0 17.63356 -114.87539 120.00000 0.51203 0.83743 -0.19114 0.1025 0.9375
podwall_s5
0 9.27051 -113.15260 105.14467 0.51203 0.83743 -0.19114 0.1160 0.8214
0 17.63356 -114.87539 120.00000 0.51203 0.83743 -0.19114 0.1025 0.9375
0 17.63356 -117.75963 107.36330 0.51203 0.83743 -0.19114 0.0800 0.8388
podwall_s5
0 17.63356 -114.87539 120.00000 0.76015 0.63346 0.14458 0.1025 0.9375
0 17.63356 -117.75963 132.63670 0.76015 0.63346 0.14458 0.0800 0.0362
0 24.27051 -124.93526 129.18110 0.76015 0.63346 0.14458 0.0239 0.0092
podwall_s5
0 17.63356 -114.87539 120.00000 0.76015 0.63346 0.14458 0.1025 0.9375
0 24.27051 -124.93526 129.18110 0.76015 0.63346 0.14458 0.0239 0.0092
0 24.27051 -122.83973 120.00000 0.76015 0.63346 0.14458 0.0403 0.9375
podwall_s5
0 17.63356 -117.75963 132.63670 0.76015 0.50799 0.40511 0.0800 0.0362
0 17.63356 -125.84110 142.77054 0.76015 0.50799 0.40511 0.0169 0.1154
0 24.27051 -130.80679 136.54376 0.76015 0.50799 0.40511 0.9781 0.0667
podwall_s5
0 17.63356 -117.75963 132.63670 0.76015 0.50799 0.40511 0.0800 0.0362
0 24.27051 -130.80679 136.54376 0.76015 0.50799 0.40511 0.9781 0.0667
0 24.27051 -124.93526 129.18110 0.76015 0.50799 0.40511 0.0239 0.0092
podwall_s5
0 17.63356 -125.84110 142.77054 0.76015 0.28192 0.58540 0.0169 0.1154
0 17.63356 -137.51916 148.39440 0.76015 0.28192 0.58540 0.9256 0.1593
0 24.27051 -139.29140 140.62974 0.76015 0.28192 0.58540 0.9118 0.0987
podwall_s5
0 17.63356 -125.84110 142.77054 0.76015 0.28192 0.58540 0.0169 0.1154
0 24.27051 -139.29140 140.62974 0.76015 0.28192 0.58540 0.9118 0.0987
0 24.27051 -130.80679 136.54376 0.76015 0.28192 0.58540 0.9781 0.0667
podwall_s5
0 17.63356 -137.51916 148.39440 0.76015 0.00000 0.64975 0.9256 0.1593
0 17.63356 -150.48084 148.39440 0.76015 0.00000 0.64975 0.8244 0.1593
0 24.27051 -148.70860 140.62974 0.76015 0.00000 0.64975 0.8382 0.0987
podwall_s5
0 17.63356 -137.51916 148.39440 0.76015 0.00000 0.64975 0.9256 0.1593
0 24.27051 -148.70860 140.62974 0.76015 0.00000 0.64975 0.8382 0.0987
0 24.27051 -139.29140 140.62974 0.76015 0.00000 0.64975 0.9118 0.0987
podwall_s5
0 17.63356 -150.48084 148.39440 0.76015 -0.28192 0.58540 0.8244 0.1593
0 17.63356 -162.15890 142.77054 0.76015 -0.28192 0.58540 0.7331 0.1154
0 24.27051 -157.19321 136.54376 0.76015 -0.28192 0.58540 0.7719 0.0667
podwall_s5
0 17.63356 -150.48084 148.39440 0.76015 -0.28192 0.58540 0.8244 0.1593
0 24.27051 -157.19321 136.54376 0.76015 -0.28192 0.58540 0.7719 0.0667
0 24.27051 -148.70860 140.62974 0.76015 -0.28192 0.58540 0.8382 0.0987
podwall_s5
0 17.63356 -162.15890 142.77054 0.76015 -0.50799 0.40511 0.7331 0.1154
0 17.63356 -170.24037 132.63670 0.76015 -0.50799 0.40511 0.6700 0.0362
0 24.27051 -163.06474 129.18110 0.76015 -0.50799 0.40511 0.7261 0.0092
podwall_s5
0 17.63356 -162.15890 142.77054 0.76015 -0.50799 0.40511 0.7331 0.1154
0 24.27051 -163.06474 129.18110 0.76015 -0.50799 0.40511 0.7261 0.0092
0 24.27051 -157.19321 136.54376 0.76015 -0.50799 0.40511 0.7719 0.0667
podwall_s5
0 17.63356 -170.24037 132.63670 0.76015 -0.63346 0.14458 0.6700 0.0362
0 17.63356 -173.12461 120.00000 0.76015 -0.63346 0.14458 0.6475 0.9375
0 24.27051 -165.16027 120.00000 0.76015 -0.63346 0.14458 0.7097 0.9375
podwall_s5
0 17.63356 -170.24037 132.63670 0.76015 -0.63346 0.14458 0.6700 0.0362
0 24.27051 -165.16027 120.00000 0.76015 -0.63346 0.14458 0.7097 0.9375
0 24.27051 -163.06474 129.18110 0.76015 -0.63346 0.14458 0.7261 0.0092
podwall_s6
0 17.63356 -173.12461 120.00000 0.76015 -0.63346 -0.14458 0.6475 0.9375
0 17.63356 -170.24037 107.36330 0.76015 -0.63346 -0.14458 0.6700 0.8388
0 24.27051 -163.06474 110.81890 0.76015 -0.63346 -0.14458 0.7261 0.8658
podwall_s6
0 17.63356 -173.12461 120.00000 0.76015 -0.63346 -0.14458 0.6475 0.9375
0 24.27051 -163.06474 110.81890 0.76015 -0.63346 -0.14458 0.7261 0.8658
0 24.27051 -165.16027 120.00000 0.76015 -0.63346 -0.14458 0.7097 0.9375
podwall_s6
0 17.63356 -170.24037 107.36330 0.76015 -0.50799 -0.40511 0.6700 0.8388
0 17.63356 -162.15890 97.22946 0.76015 -0.50799 -0.40511 0.7331 0.7596
0 24.27051 -157.19321 103.45624 0.76015 -0.50799 -0.40511 0.7719 0.8083
podwall_s6
0 17.63356 -170.24037 107.36330 0.76015 -0.50799 -0.40511 0.6700 0.8388
0 24.27051 -157.19321 103.45624 0.76015 -0.50799 -0.40511 0.7719 0.8083
0 24.27051 -163.06474 110.81890 0.76015 -0.50799 -0.40511 0.7261 0.8658
podwall_s7
0 17.63356 -162.15890 97.22946 0.76015 -0.28192 -0.58540 0.7331 0.7596
0 17.63356 -150.48084 91.60560 0.76015 -0.28192 -0.58540 0.8244 0.7157
0 24.27051 -148.70860 99.37026 0.76015 -0.28192 -0.58540 0.8382 0.7763
podwall_s7
0 17.63356 -162.15890 97.22946 0.76015 -0.28192 -0.58540 0.7331 0.7596
0 24.27051 -148.70860 99.37026 0.76015 -0.28192 -0.58540 0.8382 0.7763
0 24.27051 -157.19321 103.45624 0.76015 -0.28192 -0.58540 0.7719 0.8083
podwall_s7
0 17.63356 -150.48084 91.60560 0.76015 -0.00000 -0.64975 0.8244 0.7157
0 17.63356 -137.51916 91.60560 0.76015 -0.00000 -0.64975 0.9256 0.7157
0 24.27051 -139.29140 99.37026 0.76015 -0.00000 -0.64975 0.9118 0.7763
podwall_s7
0 17.63356 -150.48084 91.60560 0.76015 -0.00000 -0.64975 0.8244 0.7157
0 24.27051 -139.29140 99.37026 0.76015 -0.00000 -0.64975 0.9118 0.7763
0 24.27051 -148.70860 99.37026 0.76015 -0.00000 -0.64975 0.8382 0.7763
podwall_s7
0 17.63356 -137.51916 91.60560 0.76015 0.28192 -0.58540 0.9256 0.7157
0 17.63356 -125.84110 97.22946 0.76015 0.28192 -0.58540 0.0169 0.7596
0 24.27051 -130.80679 103.45624 0.76015 0.28192 -0.58540 0.9781 0.8083
podwall_s7
0 17.63356 -137.51916 91.60560 0.76015 0.28192 -0.58540 0.9256 0.7157
0 24.27051 -130.80679 103.45624 0.76015 0.28192 -0.58540 0.9781 0.8083
0 24.27051 -139.29140 99.37026 0.76015 0.28192 -0.58540 0.9118 0.7763
podwall_s6
0 17.63356 -125.84110 97.22946 0.76015 0.50799 -0.40511 0.0169 0.7596
0 17.63356 -117.75963 107.36330 0.76015 0.50799 -0.40511 0.0800 0.8388
0 24.27051 -124.93526 110.81890 0.76015 0.50799 -0.40511 0.0239 0.8658
podwall_s6
0 17.63356 -125.84110 97.22946 0.76015 0.50799 -0.40511 0.0169 0.7596
0 24.27051 -124.93526 110.81890 0.76015 0.50799 -0.40511 0.0239 0.8658
0 24.27051 -130.80679 103.45624 0.76015 0.50799 -0.40511 0.9781 0.8083
podwall_s6
0 17.63356 -117.75963 107.36330 0.76015 0.63346 -0.14458 0.0800 0.8388
0 17.63356 -114.87539 120.00000 0.76015 0.63346 -0.14458 0.1025 0.9375
0 24.27051 -122.83973 120.00000 0.76015 0.63346 -0.14458 0.0403 0.9375
podwall_s6
0 17.63356 -117.75963 107.36330 0.76015 0.63346 -0.14458 0.0800 0.8388
0 24.27051 -122.83973 120.00000 0.76015 0.63346 -0.14458 0.0403 0.9375
0 24.27051 -124.93526 110.81890 0.76015 0.63346 -0.14458 0.0239 0.8658
podwall_s6
0 24.27051 -122.83973 120.00000 0.91682 0.38929 0.08885 0.0403 0.9375
0 24.27051 -124.93526 129.18110 0.91682 0.38929 0.08885 0.0239 0.0092
0 28.53170 -133.97707 124.82679 0.91682 0.38929 0.08885 0.9533 0.9752
podwall_s6
0 24.27051 -122.83973 120.00000 0.91682 0.38929 0.08885 0.0403 0.9375
0 28.53170 -133.97707 124.82679 0.91682 0.38929 0.08885 0.9533 0.9752
0 28.53170 -132.87539 120.00000 0.91682 0.38929 0.08885 0.9619 0.9375
podwall_s6
0 24.27051 -124.93526 129.18110 0.91682 0.31218 0.24896 0.0239 0.0092
0 24.27051 -130.80679 136.54376 0.91682 0.31218 0.24896 0.9781 0.0667
0 28.53170 -137.06392 128.69757 0.91682 0.31218 0.24896 0.9292 0.0054
podwall_s6
0 24.27051 -124.93526 129.18110 0.91682 0.31218 0.24896 0.0239 0.0092
0 28.53170 -137.06392 128.69757 0.91682 0.31218 0.24896 0.9292 0.0054
0 28.53170 -133.97707 124.82679 0.91682 0.31218 0.24896 0.9533 0.9752
podwall_s6
0 24.27051 -130.80679 136.54376 0.91682 0.17325 0.35975 0.9781 0.0667
0 24.27051 -139.29140 140.62974 0.91682 0.17325 0.35975 0.9118 0.0987
0 28.53170 -141.52454 130.84569 0.91682 0.17325 0.35975 0.8943 0.0222
podwall_s6
0 24.27051 -130.80679 136.54376 0.91682 0.17325 0.35975 0.9781 0.0667
0 28.53170 -141.52454 130.84569 0.91682 0.17325 0.35975 0.8943 0.0222
0 28.53170 -137.06392 128.69757 0.91682 0.17325 0.35975 0.9292 0.0054
podwall_s6
0 24.27051 -139.29140 140.62974 0.91682 0.00000 0.39930 0.9118 0.0987
0 24.27051 -148.70860 140.62974 0.91682 0.00000 0.39930 0.8382 0.0987
0 28.53170 -146.47546 130.84569 0.91682 0.00000 0.39930 0.8557 0.0222
podwall_s6
0 24.27051 -139.29140 140.62974 0.91682 0.00000 0.39930 0.9118 0.0987
0 28.53170 -146.47546 130.84569 0.91682 0.00000 0.39930 0.8557 0.0222
0 28.53170 -141.52454 130.84569 0.91682 0.00000 0.39930 0.8943 0.0222
podwall_s6
0 24.27051 -148.70860 140.62974 0.91682 -0.17325 0.35975 0.8382 0.0987
0 24.27051 -157.19321 136.54376 0.91682 -0.17325 0.35975 0.7719 0.0667
0 28.53170 -150.93608 128.69757 0.91682 -0.17325 0.35975 0.8208 0.0054
podwall_s6
0 24.27051 -148.70860 140.62974 0.91682 -0.17325 0.35975 0.8382 0.0987
0 28.53170 -150.93608 128.69757 0.91682 -0.17325 0.35975 0.8208 0.0054
0 28.53170 -146.47546 130.84569 0.91682 -0.17325 0.35975 0.8557 0.0222
podwall_s6
0 24.27051 -157.19321 136.54376 0.91682 -0.31218 0.24896 0.7719 0.0667
0 24.27051 -163.06474 129.18110 0.91682 -0.31218 0.24896 0.7261 0.0092
0 28.53170 -154.02293 124.82679 0.91682 -0.31218 0.24896 0.7967 0.9752
podwall_s6
0 24.27051 -157.19321 136.54376 0.91682 -0.31218 0.24896 0.7719 0.0667
0 28.53170 -154.02293 124.82679 0.91682 -0.31218 0.24896 0.7967 0.9752
0 28.53170 -150.93608 128.69757 0.91682 -0.31218 0.24896 0.8208 0.0054
podwall_s6
0 24.27051 -163.06474 129.18110 0.91682 -0.38929 0.08885 0.7261 0.0092
0 24.27051 -165.16027 120.00000 0.91682 -0.38929 0.08885 0.7097 0.9375
0 28.53170 -155.12461 120.00000 0.91682 -0.38929 0.08885 0.7881 0.9375
podwall_s6
0 24.27051 -163.06474 129.18110 0.91682 -0.38929 0.08885 0.7261 0.0092
0 28.53170 -155.12461 120.00000 0.91682 -0.38929 0.08885 0.7881 0.9375
0 28.53170 -154.02293 124.82679 0.91682 -0.38929 0.08885 0.7967 0.9752
podwall_s6
0 24.27051 -165.16027 120.00000 0.91682 -0.38929 -0.08885 0.7097 0.9375
0 24.27051 -163.06474 110.81890 0.91682 -0.38929 -0.08885 0.7261 0.8658
0 28.53170 -154.02293 115.17321 0.91682 -0.38929 -0.08885 0.7967 0.8998
podwall_s6
0 24.27051 -165.16027 120.00000 0.91682 -0.38929 -0.08885 0.7097 0.9375
0 28.53170 -154.02293 115.17321 0.91682 -0.38929 -0.08885 0.7967 0.8998
0 28.53170 -155.12461 120.00000 0.91682 -0.38929 -0.08885 0.7881 0.9375
podwall_s7
0 24.27051 -163.06474 110.81890 0.91682 -0.31218 -0.24896 0.7261 0.8658
0 24.27051 -157.19321 103.45624 0.91682 -0.31218 -0.24896 0.7719 0.8083
0 28.53170 -150.93608 111.30243 0.91682 -0.31218 -0.24896 0.8208 0.8696
podwall_s7
0 24.27051 -163.06474 110.81890 0.91682 -0.31218 -0.24896 0.7261 0.8658
0 28.53170 -150.93608 111.30243 0.91682 -0.31218 -0.24896 0.8208 0.8696
0 28.53170 -154.02293 115.17321 0.91682 -0.31218 -0.24896 0.7967 0.8998
podwall_s7
0 24.27051 -157.19321 103.45624 0.91682 -0.17325 -0.35975 0.7719 0.8083
0 24.27051 -148.70860 99.37026 0.91682 -0.17325 -0.35975 0.8382 0.7763
0 28.53170 -146.47546 109.15431 0.91682 -0.17325 -0.35975 0.8557 0.8528
podwall_s7
0 24.27051 -157.19321 103.45624 0.91682 -0.17325 -0.35975 0.7719 0.8083
0 28.53170 -146.47546 109.15431 0.91682 -0.17325 -0.35975 0.8557 0.8528
0 28.53170 -150.93608 111.30243 0.91682 -0.17325 -0.35975 0.8208 0.8696
podwall_s7
0 24.27051 -148.70860 99.37026 0.91682 -0.00000 -0.39930 0.8382 0.7763
0 24.27051 -139.29140 99.37026 0.91682 -0.00000 -0.39930 0.9118 0.7763
0 28.53170 -141.52454 109.15431 0.91682 -0.00000 -0.39930 0.8943 0.8528
podwall_s7
0 24.27051 -148.70860 99.37026 0.91682 -0.00000 -0.39930 0.8382 0.7763
0 28.53170 -141.52454 109.15431 0.91682 -0.00000 -0.39930 0.8943 0.8528
0 28.53170 -146.47546 109.15431 0.91682 -0.00000 -0.39930 0.8557 0.8528
podwall_s7
0 24.27051 -139.29140 99.37026 0.91682 0.17325 -0.35975 0.9118 0.7763
0 24.27051 -130.80679 103.45624 0.91682 0.17325 -0.35975 0.9781 0.8083
0 28.53170 -137.06392 111.30243 0.91682 0.17325 -0.35975 0.9292 0.8696
podwall_s7
0 24.27051 -139.29140 99.37026 0.91682 0.17325 -0.35975 0.9118 0.7763
0 28.53170 -137.06392 111.30243 0.91682 0.17325 -0.35975 0.9292 0.8696
0 28.53170 -141.52454 109.15431 0.91682 0.17325 -0.35975 0.8943 0.8528
podwall_s7
0 24.27051 -130.80679 103.45624 0.91682 0.31218 -0.24896 0.9781 0.8083
0 24.27051 -124.93526 110.81890 0.91682 0.31218 -0.24896 0.0239 0.8658
0 28.53170 -133.97707 115.17321 0.91682 0.31218 -0.24896 0.9533 0.8998
podwall_s7
0 24.27051 -130.80679 103.45624 0.91682 0.31218 -0.24896 0.9781 0.8083
0 28.53170 -133.97707 115.17321 0.91682 0.31218 -0.24896 0.9533 0.8998
0 28.53170 -137.06392 111.30243 0.91682 0.31218 -0.24896 0.9292 0.8696
podwall_s6
0 24.27051 -124.93526 110.81890 0.91682 0.38929 -0.08885 0.0239 0.8658
0 24.27051 -122.83973 120.00000 0.91682 0.38929 -0.08885 0.0403 0.9375
0 28.53170 -132.87539 120.00000 0.91682 0.38929 -0.08885 0.9619 0.9375
podwall_s6
0 24.27051 -124.93526 110.81890 0.91682 0.38929 -0.08885 0.0239 0.8658
0 28.53170 -132.87539 120.00000 0.91682 0.38929 -0.08885 0.9619 0.9375
0 28.53170 -133.97707 115.17321 0.91682 0.38929 -0.08885 0.9533 0.8998
podwall_s6
0 28.53170 -132.87539 120.00000 0.99096 0.13079 0.02985 0.9619 0.9375
0 28.53170 -133.97707 124.82679 0.99096 0.13079 0.02985 0.9533 0.9752
0 30.00000 -144.00000 120.00000 0.99096 0.13079 0.02985 0.8750 0.9375
podwall_s6
0 28.53170 -133.97707 124.82679 0.99096 0.10489 0.08365 0.9533 0.9752
0 28.53170 -137.06392 128.69757 0.99096 0.10489 0.08365 0.9292 0.0054
0 30.00000 -144.00000 120.00000 0.99096 0.10489 0.08365 0.8750 0.9375
podwall_s6
0 28.53170 -137.06392 128.69757 0.99096 0.05821 0.12087 0.9292 0.0054
0 28.53170 -141.52454 130.84569 0.99096 0.05821 0.12087 0.8943 0.0222
0 30.00000 -144.00000 120.00000 0.99096 0.05821 0.12087 0.8750 0.9375
podwall_s6
0 28.53170 -141.52454 130.84569 0.99096 0.00000 0.13416 0.8943 0.0222
0 28.53170 -146.47546 130.84569 0.99096 0.00000 0.13416 0.8557 0.0222
0 30.00000 -144.00000 120.00000 0.99096 0.00000 0.13416 0.8750 0.9375
podwall_s6
0 28.53170 -146.47546 130.84569 0.99096 -0.05821 0.12087 0.8557 0.0222
0 28.53170 -150.93608 128.69757 0.99096 -0.05821 0.12087 0.8208 0.0054
0 30.00000 -144.00000 120.00000 0.99096 -0.05821 0.12087 0.8750 0.9375
podwall_s6
0 28.53170 -150.93608 128.69757 0.99096 -0.10489 0.08365 0.8208 0.0054
0 28.53170 -154.02293 124.82679 0.99096 -0.10489 0.08365 0.7967 0.9752
0 30.00000 -144.00000 120.00000 0.99096 -0.10489 0.08365 0.8750 0.9375
podwall_s6
0 28.53170 -154.02293 124.82679 0.99096 -0.13079 0.02985 0.7967 0.9752
0 28.53170 -155.12461 120.00000 0.99096 -0.13079 0.02985 0.7881 0.9375
0 30.00000 -144.00000 120.00000 0.99096 -0.13079 0.02985 0.8750 0.9375
podwall_s7
0 28.53170 -155.12461 120.00000 0.99096 -0.13079 -0.02985 0.7881 0.9375
0 28.53170 -154.02293 115.17321 0.99096 -0.13079 -0.02985 0.7967 0.8998
0 30.00000 -144.00000 120.00000 0.99096 -0.13079 -0.02985 0.8750 0.9375
podwall_s7
0 28.53170 -154.02293 115.17321 0.99096 -0.10489 -0.08365 0.7967 0.8998
0 28.53170 -150.93608 111.30243 0.99096 -0.10489 -0.08365 0.8208 0.8696
0 30.00000 -144.00000 120.00000 0.99096 -0.10489 -0.08365 0.8750 0.9375
podwall_s7
0 28.53170 -150.93608 111.30243 0.99096 -0.05821 -0.12087 0.8208 0.8696
0 28.53170 -146.47546 109.15431 0.99096 -0.05821 -0.12087 0.8557 0.8528
0 30.00000 -144.00000 120.00000 0.99096 -0.05821 -0.12087 0.8750 0.9375
podwall_s7
0 28.53170 -146.47546 109.15431 0.99096 -0.00000 -0.13416 0.8557 0.8528
0 28.53170 -141.52454 109.15431 0.99096 -0.00000 -0.13416 0.8943 0.8528
0 30.00000 -144.00000 120.00000 0.99096 -0.00000 -0.13416 0.8750 0.9375
podwall_s7
0 28.53170 -141.52454 109.15431 0.99096 0.05821 -0.12087 0.8943 0.8528
0 28.53170 -137.06392 111.30243 0.99096 0.05821 -0.12087 0.9292 0.8696
0 30.00000 -144.00000 120.00000 0.99096 0.05821 -0.12087 0.8750 0.9375
podwall_s7
0 28.53170 -137.06392 111.30243 0.99096 0.10489 -0.08365 0.9292 0.8696
0 28.53170 -133.97707 115.17321 0.99096 0.10489 -0.08365 0.9533 0.8998
0 30.00000 -144.00000 120.00000 0.99096 0.10489 -0.08365 0.8750 0.9375
podwall_s7
0 28.53170 -133.97707 115.17321 0.99096 0.13079 -0.02985 0.9533 0.8998
0 28.53170 -132.87539 120.00000 0.99096 0.13079 -0.02985 0.9619 0.9375
0 30.00000 -144.00000 120.00000 0.99096 0.13079 -0.02985 0.8750 0.9375
podwall_s3
0 0.00000 -12.00000 -120.00000 0.18219 0.95861 0.21880 0.9062 0.0625
0 0.00000 -15.56512 -104.38019 0.18219 0.95861 0.21880 0.8784 0.1845
0 9.27051 -17.15260 -105.14467 0.18219 0.95861 0.21880 0.8660 0.1786
podwall_s3
0 0.00000 -12.00000 -120.00000 0.18219 0.95861 0.21880 0.9062 0.0625
0 9.27051 -17.15260 -105.14467 0.18219 0.95861 0.21880 0.8660 0.1786
0 9.27051 -13.76197 -120.00000 0.18219 0.95861 0.21880 0.8925 0.0625
podwall_s3
0 0.00000 -15.56512 -104.38019 0.18219 0.76875 0.61305 0.8784 0.1845
0 0.00000 -25.55437 -91.85407 0.18219 0.76875 0.61305 0.8004 0.2824
0 9.27051 -26.65293 -93.23163 0.18219 0.76875 0.61305 0.7918 0.2716
podwall_s3
0 0.00000 -15.56512 -104.38019 0.18219 0.76875 0.61305 0.8784 0.1845
0 9.27051 -26.65293 -93.23163 0.18219 0.76875 0.61305 0.7918 0.2716
0 9.27051 -17.15260 -105.14467 0.18219 0.76875 0.61305 0.8660 0.1786
podwall_s2
0 0.00000 -25.55437 -91.85407 0.18219 0.42662 0.88589 0.8004 0.2824
0 0.00000 -39.98925 -84.90260 0.18219 0.42662 0.88589 0.6876 0.3367
0 9.27051 -40.38132 -86.62038 0.18219 0.42662 0.88589 0.6845 0.3233
podwall_s2
0 0.00000 -25.55437 -91.85407 0.18219 0.42662 0.88589 0.8004 0.2824
0 9.27051 -40.38132 -86.62038 0.18219 0.42662 0.88589 0.6845 0.3233
0 9.27051 -26.65293 -93.23163 0.18219 0.42662 0.88589 0.7918 0.2716
podwall_s2
0 0.00000 -39.98925 -84.90260 0.18219 0.00000 0.98326 0.6876 0.3367
0 0.00000 -56.01075 -84.90260 0.18219 0.00000 0.98326 0.5624 0.3367
0 9.27051 -55.61868 -86.62038 0.18219 0.00000 0.98326 0.5655 0.3233
podwall_s2
0 0.00000 -39.98925 -84.90260 0.18219 0.00000 0.98326 0.6876 0.3367
0 9.27051 -55.61868 -86.62038 0.18219 0.00000 0.98326 0.5655 0.3233
0 9.27051 -40.38132 -86.62038 0.18219 0.00000 0.98326 0.6845 0.3233
podwall_s2
0 0.00000 -56.01075 -84.90260 0.18219 -0.42662 0.88589 0.5624 0.3367
0 0.00000 -70.44563 -91.85407 0.18219 -0.42662 0.88589 0.4496 0.2824
0 9.27051 -69.34707 -93.23163 0.18219 -0.42662 0.88589 0.4582 0.2716
podwall_s2
0 0.00000 -56.01075 -84.90260 0.18219 -0.42662 0.88589 0.5624 0.3367
0 9.27051 -69.34707 -93.23163 0.18219 -0.42662 0.88589 0.4582 0.2716
0 9.27051 -55.61868 -86.62038 0.18219 -0.42662 0.88589 0.5655 0.3233
podwall_s3
0 0.00000 -70.44563 -91.85407 0.18219 -0.76875 0.61305 0.4496 0.2824
0 0.00000 -80.43488 -104.38019 0.18219 -0.76875 0.61305 0.3716 0.1845
0 9.27051 -78.84740 -105.14467 0.18219 -0.76875 0.61305 0.3840 0.1786
podwall_s3
0 0.00000 -70.44563 -91.85407 0.18219 -0.76875 0.61305 0.4496 0.2824
0 9.27051 -78.84740 -105.14467 0.18219 -0.76875 0.61305 0.3840 0.1786
0 9.27051 -69.34707 -93.23163 0.18219 -0.76875 0.61305 0.4582 0.2716
podwall_s3
0 0.00000 -80.43488 -104.38019 0.18219 -0.95861 0.21880 0.3716 0.1845
0 0.00000 -84.00000 -120.00000 0.18219 -0.95861 0.21880 0.3438 0.0625
0 9.27051 -82.23803 -120.00000 0.18219 -0.95861 0.21880 0.3575 0.0625
podwall_s3
0 0.00000 -80.43488 -104.38019 0.18219 -0.95861 0.21880 0.3716 0.1845
0 9.27051 -82.23803 -120.00000 0.18219 -0.95861 0.21880 0.3575 0.0625
0 9.27051 -78.84740 -105.14467 0.18219 -0.95861 0.21880 0.3840 0.1786
podwall_s4
0 0.00000 -84.00000 -120.00000 0.18219 -0.95861 -0.21880 0.3438 0.0625
0 0.00000 -80.43488 -135.61981 0.18219 -0.95861 -0.21880 0.3716 0.9405
0 9.27051 -78.84740 -134.85533 0.18219 -0.95861 -0.21880 0.3840 0.9464
podwall_s4
0 0.00000 -84.00000 -120.00000 0.18219 -0.95861 -0.21880 0.3438 0.0625
0 9.27051 -78.84740 -134.85533 0.18219 -0.95861 -0.21880 0.3840 0.9464
0 9.27051 -82.23803 -120.00000 0.18219 -0.95861 -0.21880 0.3575 0.0625
podwall_s5
0 0.00000 -80.43488 -135.61981 0.18219 -0.76875 -0.61305 0.3716 0.9405
0 0.00000 -70.44563 -148.14593 0.18219 -0.76875 -0.61305 0.4496 0.8426
0 9.27051 -69.34707 -146.76837 0.18219 -0.76875 -0.61305 0.4582 0.8534
podwall_s5
0 0.00000 -80.43488 -135.61981 0.18219 -0.76875 -0.61305 0.3716 0.9405
0 9.27051 -69.34707 -146.76837 0.18219 -0.76875 -0.61305 0.4582 0.8534
0 9.27051 -78.84740 -134.85533 0.18219 -0.76875 -0.61305 0.3840 0.9464
podwall_s5
0 0.00000 -70.44563 -148.14593 0.18219 -0.42662 -0.88589 0.4496 0.8426
0 0.00000 -56.01075 -155.09740 0.18219 -0.42662 -0.88589 0.5624 0.7883
0 9.27051 -55.61868 -153.37962 0.18219 -0.42662 -0.88589 0.5655 0.8017
podwall_s5
0 0.00000 -70.44563 -148.14593 0.18219 -0.42662 -0.88589 0.4496 0.8426
0 9.27051 -55.61868 -153.37962 0.18219 -0.42662 -0.88589 0.5655 0.8017
0 9.27051 -69.34707 -146.76837 0.18219 -0.42662 -0.88589 0.4582 0.8534
podwall_s5
0 0.00000 -56.01075 -155.09740 0.18219 0.00000 -0.98326 0.5624 0.7883
0 0.00000 -39.98925 -155.09740 0.18219 0.00000 -0.98326 0.6876 0.7883
0 9.27051 -40.38132 -153.37962 0.18219 0.00000 -0.98326 0.6845 0.8017
podwall_s5
0 0.00000 -56.01075 -155.09740 0.18219 0.00000 -0.98326 0.5624 0.7883
0 9.27051 -40.38132 -153.37962 0.18219 0.00000 -0.98326 0.6845 0.8017
0 9.27051 -55.61868 -153.37962 0.18219 0.00000 -0.98326 0.5655 0.8017
podwall_s5
0 0.00000 -39.98925 -155.09740 0.18219 0.42662 -0.88589 0.6876 0.7883
0 0.00000 -25.55437 -148.14593 0.18219 0.42662 -0.88589 0.8004 0.8426
0 9.27051 -26.65293 -146.76837 0.18219 0.42662 -0.88589 0.7918 0.8534
podwall_s5
0 0.00000 -39.98925 -155.09740 0.18219 0.42662 -0.88589 0.6876 0.7883
0 9.27051 -26.65293 -146.76837 0.18219 0.42662 -0.88589 0.7918 0.8534
0 9.27051 -40.38132 -153.37962 0.18219 0.42662 -0.88589 0.6845 0.8017
podwall_s5
0 0.00000 -25.55437 -148.14593 0.18219 0.76875 -0.61305 0.8004 0.8426
0 0.00000 -15.56512 -135.61981 0.18219 0.76875 -0.61305 0.8784 0.9405
0 9.27051 -17.15260 -134.85533 0.18219 0.76875 -0.61305 0.8660 0.9464
podwall_s5
0 0.00000 -25.55437 -148.14593 0.18219 0.76875 -0.61305 0.8004 0.8426
0 9.27051 -17.15260 -134.85533 0.18219 0.76875 -0.61305 0.8660 0.9464
0 9.27051 -26.65293 -146.76837 0.18219 0.76875 -0.61305 0.7918 0.8534
podwall_s4
0 0.00000 -15.56512 -135.61981 0.18219 0.95861 -0.21880 0.8784 0.9405
0 0.00000 -12.00000 -120.00000 0.18219 0.95861 -0.21880 0.9062 0.0625
0 9.27051 -13.76197 -120.00000 0.18219 0.95861 -0.21880 0.8925 0.0625
podwall_s4
0 0.00000 -15.56512 -135.61981 0.18219 0.95861 -0.21880 0.8784 0.9405
0 9.27051 -13.76197 -120.00000 0.18219 0.95861 -0.21880 0.8925 0.0625
0 9.27051 -17.15260 -134.85533 0.18219 0.95861 -0.21880 0.8660 0.9464
podwall_s4
0 9.27051 -13.76197 -120.00000 0.51203 0.83743 0.19114 0.8925 0.0625
0 9.27051 -17.15260 -105.14467 0.51203 0.83743 0.19114 0.8660 0.1786
0 17.63356 -21.75963 -107.36330 0.51203 0.83743 0.19114 0.8300 0.1612
podwall_s4
0 9.27051 -13.76197 -120.00000 0.51203 0.83743 0.19114 0.8925 0.0625
0 17.63356 -21.75963 -107.36330 0.51203 0.83743 0.19114 0.8300 0.1612
0 17.63356 -18.87539 -120.00000 0.51203 0.83743 0.19114 0.8525 0.0625
podwall_s4
0 9.27051 -17.15260 -105.14467 0.51203 0.67157 0.53556 0.8660 0.1786
0 9.27051 -26.65293 -93.23163 0.51203 0.67157 0.53556 0.7918 0.2716
0 17.63356 -29.84110 -97.22946 0.51203 0.67157 0.53556 0.7669 0.2404
podwall_s4
0 9.27051 -17.15260 -105.14467 0.51203 0.67157 0.53556 0.8660 0.1786
0 17.63356 -29.84110 -97.22946 0.51203 0.67157 0.53556 0.7669 0.2404
0 17.63356 -21.75963 -107.36330 0.51203 0.67157 0.53556 0.8300 0.1612
podwall_s3
0 9.27051 -26.65293 -93.23163 0.51203 0.37269 0.77390 0.7918 0.2716
0 9.27051 -40.38132 -86.62038 0.51203 0.37269 0.77390 0.6845 0.3233
0 17.63356 -41.51916 -91.60560 0.51203 0.37269 0.77390 0.6756 0.2843
podwall_s3
0 9.27051 -26.65293 -93.23163 0.51203 0.37269 0.77390 0.7918 0.2716
0 17.63356 -41.51916 -91.60560 0.51203 0.37269 0.77390 0.6756 0.2843
0 17.63356 -29.84110 -97.22946 0.51203 0.37269 0.77390 0.7669 0.2404
podwall_s3
0 9.27051 -40.38132 -86.62038 0.51203 0.00000 0.85897 0.6845 0.3233
0 9.27051 -55.61868 -86.62038 0.51203 0.00000 0.85897 0.5655 0.3233
0 17.63356 -54.48084 -91.60560 0.51203 0.00000 0.85897 0.5744 0.2843
podwall_s3
0 9.27051 -40.38132 -86.62038 0.51203 0.00000 0.85897 0.6845 0.3233
0 17.63356 -54.48084 -91.60560 0.51203 0.00000 0.85897 0.5744 0.2843
0 17.63356 -41.51916 -91.60560 0.51203 0.00000 0.85897 0.6756 0.2843
podwall_s3
0 9.27051 -55.61868 -86.62038 0.51203 -0.37269 0.77390 0.5655 0.3233
0 9.27051 -69.34707 -93.23163 0.51203 -0.37269 0.77390 0.4582 0.2716
0 17.63356 -66.15890 -97.22946 0.51203 -0.37269 0.77390 0.4831 0.2404
podwall_s3
0 9.27051 -55.61868 -86.62038 0.51203 -0.37269 0.77390 0.5655 0.3233
0 17.63356 -66.15890 -97.22946 0.51203 -0.37269 0.77390 0.4831 0.2404
0 17.63356 -54.48084 -91.60560 0.51203 -0.37269 0.77390 0.5744 0.2843
podwall_s4
0 9.27051 -69.34707 -93.23163 0.51203 -0.67157 0.53556 0.4582 0.2716
0 9.27051 -78.84740 -105.14467 0.51203 -0.67157 0.53556 0.3840 0.1786
0 17.63356 -74.24037 -107.36330 0.51203 -0.67157 0.53556 0.4200 0.1612
podwall_s4
0 9.27051 -69.34707 -93.23163 0.51203 -0.67157 0.53556 0.4582 0.2716
0 17.63356 -74.24037 -107.36330 0.51203 -0.67157 0.53556 0.4200 0.1612
0 17.63356 -66.15890 -97.22946 0.51203 -0.67157 0.53556 0.4831 0.2404
podwall_s4
0 9.27051 -78.84740 -105.14467 0.51203 -0.83743 0.19114 0.3840 0.1786
0 9.27051 -82.23803 -120.00000 0.51203 -0.83743 0.19114 0.3575 0.0625
0 17.63356 -77.12461 -120.00000 0.51203 -0.83743 0.19114 0.3975 0.0625
podwall_s4
0 9.27051 -78.84740 -105.14467 0.51203 -0.83743 0.19114 0.3840 0.1786
0 17.63356 -77.12461 -120.00000 0.51203 -0.83743 0.19114 0.3975 0.0625
0 17.63356 -74.24037 -107.36330 0.51203 -0.83743 0.19114 0.4200 0.1612
podwall_s5
0 9.27051 -82.23803 -120.00000 0.51203 -0.83743 -0.19114 0.3575 0.0625
0 9.27051 -78.84740 -134.85533 0.51203 -0.83743 -0.19114 0.3840 0.9464
0 17.63356 -74.24037 -132.63670 0.51203 -0.83743 -0.19114 0.4200 0.9638
podwall_s5
0 9.27051 -82.23803 -120.00000 0.51203 -0.83743 -0.19114 0.3575 0.0625
0 17.63356 -74.24037 -132.63670 0.51203 -0.83743 -0.19114 0.4200 0.9638
0 17.63356 -77.12461 -120.00000 0.51203 -0.83743 -0.19114 0.3975 0.0625
podwall_s6
0 9.27051 -78.84740 -134.85533 0.51203 -0.67157 -0.53556 0.3840 0.9464
0 9.27051 -69.34707 -146.76837 0.51203 -0.67157 -0.53556 0.4582 0.8534
0 17.63356 -66.15890 -142.77054 0.51203 -0.67157 -0.53556 0.4831 0.8846
podwall_s6
0 9.27051 -78.84740 -134.85533 0.51203 -0.67157 -0.53556 0.3840 0.9464
0 17.63356 -66.15890 -142.77054 0.51203 -0.67157 -0.53556 0.4831 0.8846
0 17.63356 -74.24037 -132.63670 0.51203 -0.67157 -0.53556 0.4200 0.9638
podwall_s6
0 9.27051 -69.34707 -146.76837 0.51203 -0.37269 -0.77390 0.4582 0.8534
0 9.27051 -55.61868 -153.37962 0.51203 -0.37269 -0.77390 0.5655 0.8017
0 17.63356 -54.48084 -148.39440 0.51203 -0.37269 -0.77390 0.5744 0.8407
podwall_s6
0 9.27051 -69.34707 -146.76837 0.51203 -0.37269 -0.77390 0.4582 0.8534
0 17.63356 -54.48084 -148.39440 0.51203 -0.37269 -0.77390 0.5744 0.8407
0 17.63356 -66.15890 -142.77054 0.51203 -0.37269 -0.77390 0.4831 0.8846
podwall_s6
0 9.27051 -55.61868 -153.37962 0.51203 0.00000 -0.85897 0.5655 0.8017
0 9.27051 -40.38132 -153.37962 0.51203 0.00000 -0.85897 0.6845 0.8017
0 17.63356 -41.51916 -148.39440 0.51203 0.00000 -0.85897 0.6756 0.8407
podwall_s6
0 9.27051 -55.61868 -153.37962 0.51203 0.00000 -0.85897 0.5655 0.8017
0 17.63356 -41.51916 -148.39440 0.51203 0.00000 -0.85897 0.6756 0.8407
0 17.63356 -54.48084 -148.39440 0.51203 0.00000 -0.85897 0.5744 0.8407
podwall_s6
0 9.27051 -40.38132 -153.37962 0.51203 0.37269 -0.77390 0.6845 0.8017
0 9.27051 -26.65293 -146.76837 0.51203 0.37269 -0.77390 0.7918 0.8534
0 17.63356 -29.84110 -142.77054 0.51203 0.37269 -0.77390 0.7669 0.8846
podwall_s6
0 9.27051 -40.38132 -153.37962 0.51203 0.37269 -0.77390 0.6845 0.8017
0 17.63356 -29.84110 -142.77054 0.51203 0.37269 -0.77390 0.7669 0.8846
0 17.63356 -41.51916 -148.39440 0.51203 0.37269 -0.77390 0.6756 0.8407
podwall_s6
0 9.27051 -26.65293 -146.76837 0.51203 0.67157 -0.53556 0.7918 0.8534
0 9.27051 -17.15260 -134.85533 0.51203 0.67157 -0.53556 0.8660 0.9464
0 17.63356 -21.75963 -132.63670 0.51203 0.67157 -0.53556 0.8300 0.9638
podwall_s6
0 9.27051 -26.65293 -146.76837 0.51203 0.67157 -0.53556 0.7918 0.8534
0 17.63356 -21.75963 -132.63670 0.51203 0.67157 -0.53556 0.8300 0.9638
0 17.63356 -29.84110 -142.77054 0.51203 0.67157 -0.53556 0.7669 0.8846
podwall_s5
0 9.27051 -17.15260 -134.85533 0.51203 0.83743 -0.19114 0.8660 0.9464
0 9.27051 -13.76197 -120.00000 0.51203 0.83743 -0.19114 0.8925 0.0625
0 17.63356 -18.87539 -120.00000 0.51203 0.83743 -0.19114 0.8525 0.0625
podwall_s5
0 9.27051 -17.15260 -134.85533 0.51203 0.83743 -0.19114 0.8660 0.9464
0 17.63356 -18.87539 -120.00000 0.51203 0.83743 -0.19114 0.8525 0.0625
0 17.63356 -21.75963 -132.63670 0.51203 0.83743 -0.19114 0.8300 0.9638
podwall_s5
0 17.63356 -18.87539 -120.00000 0.76015 0.63346 0.14458 0.8525 0.0625
0 17.63356 -21.75963 -107.36330 0.76015 0.63346 0.14458 0.8300 0.1612
0 24.27051 -28.93526 -110.81890 0.76015 0.63346 0.14458 0.7739 0.1342
podwall_s5
0 17.63356 -18.87539 -120.00000 0.76015 0.63346 0.14458 0.8525 0.0625
0 24.27051 -28.93526 -110.81890 0.76015 0.63346 0.14458 0.7739 0.1342
0 24.27051 -26.83973 -120.00000 0.76015 0.63346 0.14458 0.7903 0.0625
podwall_s5
0 17.63356 -21.75963 -107.36330 0.76015 0.50799 0.40511 0.8300 0.1612
0 17.63356 -29.84110 -97.22946 0.76015 0.50799 0.40511 0.7669 0.2404
0 24.27051 -34.80679 -103.45624 0.76015 0.50799 0.40511 0.7281 0.1917
podwall_s5
0 17.63356 -21.75963 -107.36330 0.76015 0.50799 0.40511 0.8300 0.1612
0 24.27051 -34.80679 -103.45624 0.76015 0.50799 0.40511 0.7281 0.1917
0 24.27051 -28.93526 -110.81890 0.76015 0.50799 0.40511 0.7739 0.1342
podwall_s5
0 17.63356 -29.84110 -97.22946 0.76015 0.28192 0.58540 0.7669 0.2404
0 17.63356 -41.51916 -91.60560 0.76015 0.28192 0.58540 0.6756 0.2843
0 24.27051 -43.29140 -99.37026 0.76015 0.28192 0.58540 0.6618 0.2237
podwall_s5
0 17.63356 -29.84110 -97.22946 0.76015 0.28192 0.58540 0.7669 0.2404
0 24.27051 -43.29140 -99.37026 0.76015 0.28192 0.58540 0.6618 0.2237
0 24.27051 -34.80679 -103.45624 0.76015 0.28192 0.58540 0.7281 0.1917
podwall_s5
0 17.63356 -41.51916 -91.60560 0.76015 0.00000 0.64975 0.6756 0.2843
0 17.63356 -54.48084 -91.60560 0.76015 0.00000 0.64975 0.5744 0.2843
0 24.27051 -52.70860 -99.37026 0.76015 0.00000 0.64975 0.5882 0.2237
podwall_s5
0 17.63356 -41.51916 -91.60560 0.76015 0.00000 0.64975 0.6756 0.2843
0 24.27051 -52.70860 -99.37026 0.76015 0.00000 0.64975 0.5882 0.2237
0 24.27051 -43.29140 -99.37026 0.76015 0.00000 0.64975 0.6618 0.2237
podwall_s5
0 17.63356 -54.48084 -91.60560 0.76015 -0.28192 0.58540 0.5744 0.2843
0 17.63356 -66.15890 -97.22946 0.76015 -0.28192 0.58540 0.4831 0.2404
0 24.27051 -61.19321 -103.45624 0.76015 -0.28192 0.58540 0.5219 0.1917
podwall_s5
0 17.63356 -54.48084 -91.60560 0.76015 -0.28192 0.58540 0.5744 0.2843
0 24.27051 -61.19321 -103.45624 0.76015 -0.28192 0.58540 0.5219 0.1917
0 24.27051 -52.70860 -99.37026 0.76015 -0.28192 0.58540 0.5882 0.2237
podwall_s5
0 17.63356 -66.15890 -97.22946 0.76015 -0.50799 0.40511 0.4831 0.2404
0 17.63356 -74.24037 -107.36330 0.76015 -0.50799 0.40511 0.4200 0.1612
0 24.27051 -67.06474 -110.81890 0.76015 -0.50799 0.40511 0.4761 0.1342
podwall_s5
0 17.63356 -66.15890 -97.22946 0.76015 -0.50799 0.40511 0.4831 0.2404
0 24.27051 -67.06474 -110.81890 0.76015 -0.50799 0.40511 0.4761 0.1342
0 24.27051 -61.19321 -103.45624 0.76015 -0.50799 0.40511 0.5219 0.1917
podwall_s5
0 17.63356 -74.24037 -107.36330 0.76015 -0.63346 0.14458 0.4200 0.1612
0 17.63356 -77.12461 -120.00000 0.76015 -0.63346 0.14458 0.3975 0.0625
0 24.27051 -69.16027 -120.00000 0.76015 -0.63346 0.14458 0.4597 0.0625
podwall_s5
0 17.63356 -74.24037 -107.36330 0.76015 -0.63346 0.14458 0.4200 0.1612
0 24.27051 -69.16027 -120.00000 0.76015 -0.63346 0.14458 0.4597 0.0625
0 24.27051 -67.06474 -110.81890 0.76015 -0.63346 0.14458 0.4761 0.1342
podwall_s6
0 17.63356 -77.12461 -120.00000 0.76015 -0.63346 -0.14458 0.3975 0.0625
0 17.63356 -74.24037 -132.63670 0.76015 -0.63346 -0.14458 0.4200 0.9638
0 24.27051 -67.06474 -129.18110 0.76015 -0.63346 -0.14458 0.4761 0.9908
podwall_s6
0 17.63356 -77.12461 -120.00000 0.76015 -0.63346 -0.14458 0.3975 0.0625
0 24.27051 -67.06474 -129.18110 0.76015 -0.63346 -0.14458 0.4761 0.9908
0 24.27051 -69.16027 -120.00000 0.76015 -0.63346 -0.14458 0.4597 0.0625
podwall_s6
0 17.63356 -74.24037 -132.63670 0.76015 -0.50799 -0.40511 0.4200 0.9638
0 17.63356 -66.15890 -142.77054 0.76015 -0.50799 -0.40511 0.4831 0.8846
0 24.27051 -61.19321 -136.54376 0.76015 -0.50799 -0.40511 0.5219 0.9333
podwall_s6
0 17.63356 -74.24037 -132.63670 0.76015 -0.50799 -0.40511 0.4200 0.9638
0 24.27051 -61.19321 -136.54376 0.76015 -0.50799 -0.40511 0.5219 0.9333
0 24.27051 -67.06474 -129.18110 0.76015 -0.50799 -0.40511 0.4761 0.9908
podwall_s7
0 17.63356 -66.15890 -142.77054 0.76015 -0.28192 -0.58540 0.4831 0.8846
0 17.63356 -54.48084 -148.39440 0.76015 -0.28192 -0.58540 0.5744 0.8407
0 24.27051 -52.70860 -140.62974 0.76015 -0.28192 -0.58540 0.5882 0.9013
podwall_s7
0 17.63356 -66.15890 -142.77054 0.76015 -0.28192 -0.58540 0.4831 0.8846
0 24.27051 -52.70860 -140.62974 0.76015 -0.28192 -0.58540 0.5882 0.9013
0 24.27051 -61.19321 -136.54376 0.76015 -0.28192 -0.58540 0.5219 0.9333
podwall_s7
0 17.63356 -54.48084 -148.39440 0.76015 0.00000 -0.64975 0.5744 0.8407
0 17.63356 -41.51916 -148.39440 0.76015 0.00000 -0.64975 0.6756 0.8407
0 24.27051 -43.29140 -140.62974 0.76015 0.00000 -0.64975 0.6618 0.9013
podwall_s7
0 17.63356 -54.48084 -148.39440 0.76015 0.00000 -0.64975 0.5744 0.8407
0 24.27051 -43.29140 -140.62974 0.76015 0.00000 -0.64975 0.6618 0.9013
0 24.27051 -52.70860 -140.62974 0.76015 0.00000 -0.64975 0.5882 0.9013
podwall_s7
0 17.63356 -41.51916 -148.39440 0.76015 0.28192 -0.58540 0.6756 0.8407
0 17.63356 -29.84110 -142.77054 0.76015 0.28192 -0.58540 0.7669 0.8846
0 24.27051 -34.80679 -136.54376 0.76015 0.28192 -0.58540 0.7281 0.9333
podwall_s7
0 17.63356 -41.51916 -148.39440 0.76015 0.28192 -0.58540 0.6756 0.8407
0 24.27051 -34.80679 -136.54376 0.76015 0.28192 -0.58540 0.7281 0.9333
0 24.27051 -43.29140 -140.62974 0.76015 0.28192 -0.58540 0.6618 0.9013
podwall_s6
0 17.63356 -29.84110 -142.77054 0.76015 0.50799 -0.40511 0.7669 0.8846
0 17.63356 -21.75963 -132.63670 0.76015 0.50799 -0.40511 0.8300 0.9638
0 24.27051 -28.93526 -129.18110 0.76015 0.50799 -0.40511 0.7739 0.9908
podwall_s6
0 17.63356 -29.84110 -142.77054 0.76015 0.50799 -0.40511 0.7669 0.8846
0 24.27051 -28.93526 -129.18110 0.76015 0.50799 -0.40511 0.7739 0.9908
0 24.27051 -34.80679 -136.54376 0.76015 0.50799 -0.40511 0.7281 0.9333
podwall_s6
0 17.63356 -21.75963 -132.63670 0.76015 0.63346 -0.14458 0.8300 0.9638
0 17.63356 -18.87539 -120.00000 0.76015 0.63346 -0.14458 0.8525 0.0625
0 24.27051 -26.83973 -120.00000 0.76015 0.63346 -0.14458 0.7903 0.0625
podwall_s6
0 17.63356 -21.75963 -132.63670 0.76015 0.63346 -0.14458 0.8300 0.9638
0 24.27051 -26.83973 -120.00000 0.76015 0.63346 -0.14458 0.7903 0.0625
0 24.27051 -28.93526 -129.18110 0.76015 0.63346 -0.14458 0.7739 0.9908
podwall_s6
0 24.27051 -26.83973 -120.00000 0.91682 0.38929 0.08885 0.7903 0.0625
0 24.27051 -28.93526 -110.81890 0.91682 0.38929 0.08885 0.7739 0.1342
0 28.53170 -37.97707 -115.17321 0.91682 0.38929 0.08885 0.7033 0.1002
podwall_s6
0 24.27051 -26.83973 -120.00000 0.91682 0.38929 0.08885 0.7903 0.0625
0 28.53170 -37.97707 -115.17321 0.91682 0.38929 0.08885 0.7033 0.1002
0 28.53170 -36.87539 -120.00000 0.91682 0.38929 0.08885 0.7119 0.0625
podwall_s6
0 24.27051 -28.93526 -110.81890 0.91682 0.31218 0.24896 0.7739 0.1342
0 24.27051 -34.80679 -103.45624 0.91682 0.31218 0.24896 0.7281 0.1917
0 28.53170 -41.06392 -111.30243 0.91682 0.31218 0.24896 0.6792 0.1304
podwall_s6
0 24.27051 -28.93526 -110.81890 0.91682 0.31218 0.24896 0.7739 0.1342
0 28.53170 -41.06392 -111.30243 0.91682 0.31218 0.24896 0.6792 0.1304
0 28.53170 -37.97707 -115.17321 0.91682 0.31218 0.24896 0.7033 0.1002
podwall_s6
0 24.27051 -34.80679 -103.45624 0.91682 0.17325 0.35975 0.7281 0.1917
0 24.27051 -43.29140 -99.37026 0.91682 0.17325 0.35975 0.6618 0.2237
0 28.53170 -45.52454 -109.15431 0.91682 0.17325 0.35975 0.6443 0.1472
podwall_s6
0 24.27051 -34.80679 -103.45624 0.91682 0.17325 0.35975 0.7281 0.1917
0 28.53170 -45.52454 -109.15431 0.91682 0.17325 0.35975 0.6443 0.1472
0 28.53170 -41.06392 -111.30243 0.91682 0.17325 0.35975 0.6792 0.1304
podwall_s6
0 24.27051 -43.29140 -99.37026 0.91682 0.00000 0.39930 0.6618 0.2237
0 24.27051 -52.70860 -99.37026 0.91682 0.00000 0.39930 0.5882 0.2237
0 28.53170 -50.47546 -109.15431 0.91682 0.00000 0.39930 0.6057 0.1472
podwall_s6
0 24.27051 -43.29140 -99.37026 0.91682 0.00000 0.39930 0.6618 0.2237
0 28.53170 -50.47546 -109.15431 0.91682 0.00000 0.39930 0.6057 0.1472
0 28.53170 -45.52454 -109.15431 0.91682 0.00000 0.39930 0.6443 0.1472
podwall_s6
0 24.27051 -52.70860 -99.37026 0.91682 -0.17325 0.35975 0.5882 0.2237
0 24.27051 -61.19321 -103.45624 0.91682 -0.17325 0.35975 0.5219 0.1917
0 28.53170 -54.93608 -111.30243 0.91682 -0.17325 0.35975 0.5708 0.1304
podwall_s6
0 24.27051 -52.70860 -99.37026 0.91682 -0.17325 0.35975 0.5882 0.2237
0 28.53170 -54.93608 -111.30243 0.91682 -0.17325 0.35975 0.5708 0.1304
0 28.53170 -50.47546 -109.15431 0.91682 -0.17325 0.35975 0.6057 0.1472
podwall_s6
0 24.27051 -61.19321 -103.45624 0.91682 -0.31218 0.24896 0.5219 0.1917
0 24.27051 -67.06474 -110.81890 0.91682 -0.31218 0.24896 0.4761 0.1342
0 28.53170 -58.02293 -115.17321 0.91682 -0.31218 0.24896 0.5467 0.1002
podwall_s6
0 24.27051 -61.19321 -103.45624 0.91682 -0.31218 0.24896 0.5219 0.1917
0 28.53170 -58.02293 -115.17321 0.91682 -0.31218 0.24896 0.5467 0.1002
0 28.53170 -54.93608 -111.30243 0.91682 -0.31218 0.24896 0.5708 0.1304
podwall_s6
0 24.27051 -67.06474 -110.81890 0.91682 -0.38929 0.08885 0.4761 0.1342
0 24.27051 -69.16027 -120.00000 0.91682 -0.38929 0.08885 0.4597 0.0625
0 28.53170 -59.12461 -120.00000 0.91682 -0.38929 0.08885 0.5381 0.0625
podwall_s6
0 24.27051 -67.06474 -110.81890 0.91682 -0.38929 0.08885 0.4761 0.1342
0 28.53170 -59.12461 -120.00000 0.91682 -0.38929 0.08885 0.5381 0.0625
0 28.53170 -58.02293 -115.17321 0.91682 -0.38929 0.08885 0.5467 0.1002
podwall_s6
0 24.27051 -69.16027 -120.00000 0.91682 -0.38929 -0.08885 0.4597 0.0625
0 24.27051 -67.06474 -129.18110 0.91682 -0.38929 -0.08885 0.4761 0.9908
0 28.53170 -58.02293 -124.82679 0.91682 -0.38929 -0.08885 0.5467 0.0248
podwall_s6
0 24.27051 -69.16027 -120.00000 0.91682 -0.38929 -0.08885 0.4597 0.0625
0 28.53170 -58.02293 -124.82679 0.91682 -0.38929 -0.08885 0.5467 0.0248
0 28.53170 -59.12461 -120.00000 0.91682 -0.38929 -0.08885 0.5381 0.0625
podwall_s7
0 24.27051 -67.06474 -129.18110 0.91682 -0.31218 -0.24896 0.4761 0.9908
0 24.27051 -61.19321 -136.54376 0.91682 -0.31218 -0.24896 0.5219 0.9333
0 28.53170 -54.93608 -128.69757 0.91682 -0.31218 -0.24896 0.5708 0.9946
podwall_s7
0 24.27051 -67.06474 -129.18110 0.91682 -0.31218 -0.24896 0.4761 0.9908
0 28.53170 -54.93608 -128.69757 0.91682 -0.31218 -0.24896 0.5708 0.9946
0 28.53170 -58.02293 -124.82679 0.91682 -0.31218 -0.24896 0.5467 0.0248
podwall_s7
0 24.27051 -61.19321 -136.54376 0.91682 -0.17325 -0.35975 0.5219 0.9333
0 24.27051 -52.70860 -140.62974 0.91682 -0.17325 -0.35975 0.5882 0.9013
0 28.53170 -50.47546 -130.84569 0.91682 -0.17325 -0.35975 0.6057 0.9778
podwall_s7
0 24.27051 -61.19321 -136.54376 0.91682 -0.17325 -0.35975 0.5219 0.9333
0 28.53170 -50.47546 -130.84569 0.91682 -0.17325 -0.35975 0.6057 0.9778
0 28.53170 -54.93608 -128.69757 0.91682 -0.17325 -0.35975 0.5708 0.9946
podwall_s7
0 24.27051 -52.70860 -140.62974 0.91682 0.00000 -0.39930 0.5882 0.9013
0 24.27051 -43.29140 -140.62974 0.91682 0.00000 -0.39930 0.6618 0.9013
0 28.53170 -45.52454 -130.84569 0.91682 0.00000 -0.39930 0.6443 0.9778
podwall_s7
0 24.27051 -52.70860 -140.62974 0.91682 0.00000 -0.39930 0.5882 0.9013
0 28.53170 -45.52454 -130.84569 0.91682 0.00000 -0.39930 0.6443 0.9778
0 28.53170 -50.47546 -130.84569 0.91682 0.00000 -0.39930 0.6057 0.9778
podwall_s7
0 24.27051 -43.29140 -140.62974 0.91682 0.17325 -0.35975 0.6618 0.9013
0 24.27051 -34.80679 -136.54376 0.91682 0.17325 -0.35975 0.7281 0.9333
0 28.53170 -41.06392 -128.69757 0.91682 0.17325 -0.35975 0.6792 0.9946
podwall_s7
0 24.27051 -43.29140 -140.62974 0.91682 0.17325 -0.35975 0.6618 0.9013
0 28.53170 -41.06392 -128.69757 0.91682 0.17325 -0.35975 0.6792 0.9946
0 28.53170 -45.52454 -130.84569 0.91682 0.17325 -0.35975 0.6443 0.9778
podwall_s7
0 24.27051 -34.80679 -136.54376 0.91682 0.31218 -0.24896 0.7281 0.9333
0 24.27051 -28.93526 -129.18110 0.91682 0.31218 -0.24896 0.7739 0.9908
0 28.53170 -37.97707 -124.82679 0.91682 0.31218 -0.24896 0.7033 0.0248
podwall_s7
0 24.27051 -34.80679 -136.54376 0.91682 0.31218 -0.24896 0.7281 0.9333
0 28.53170 -37.97707 -124.82679 0.91682 0.31218 -0.24896 0.7033 0.0248
0 28.53170 -41.06392 -128.69757 0.91682 0.31218 -0.24896 0.6792 0.9946
podwall_s6
0 24.27051 -28.93526 -129.18110 0.91682 0.38929 -0.08885 0.7739 0.9908
0 24.27051 -26.83973 -120.00000 0.91682 0.38929 -0.08885 0.7903 0.0625
0 28.53170 -36.87539 -120.00000 0.91682 0.38929 -0.08885 0.7119 0.0625
podwall_s6
0 24.27051 -28.93526 -129.18110 0.91682 0.38929 -0.08885 0.7739 0.9908
0 28.53170 -36.87539 -120.00000 0.91682 0.38929 -0.08885 0.7119 0.0625
0 28.53170 -37.97707 -124.82679 0.91682 0.38929 -0.08885 0.7033 0.0248
podwall_s6
0 28.53170 -36.87539 -120.00000 0.99096 0.13079 0.02985 0.7119 0.0625
0 28.53170 -37.97707 -115.17321 0.99096 0.13079 0.02985 0.7033 0.1002
0 30.00000 -48.00000 -120.00000 0.99096 0.13079 0.02985 0.6250 0.0625
podwall_s6
0 28.53170 -37.97707 -115.17321 0.99096 0.10489 0.08365 0.7033 0.1002
0 28.53170 -41.06392 -111.30243 0.99096 0.10489 0.08365 0.6792 0.1304
0 30.00000 -48.00000 -120.00000 0.99096 0.10489 0.08365 0.6250 0.0625
podwall_s6
0 28.53170 -41.06392 -111.30243 0.99096 0.05821 0.12087 0.6792 0.1304
0 28.53170 -45.52454 -109.15431 0.99096 0.05821 0.12087 0.6443 0.1472
0 30.00000 -48.00000 -120.00000 0.99096 0.05821 0.12087 0.6250 0.0625
podwall_s6
0 28.53170 -45.52454 -109.15431 0.99096 0.00000 0.13416 0.6443 0.1472
0 28.53170 -50.47546 -109.15431 0.99096 0.00000 0.13416 0.6057 0.1472
0 30.00000 -48.00000 -120.00000 0.99096 0.00000 0.13416 0.6250 0.0625
podwall_s6
0 28.53170 -50.47546 -109.15431 0.99096 -0.05821 0.12087 0.6057 0.1472
0 28.53170 -54.93608 -111.30243 0.99096 -0.05821 0.12087 0.5708 0.1304
0 30.00000 -48.00000 -120.00000 0.99096 -0.05821 0.12087 0.6250 0.0625
podwall_s6
0 28.53170 -54.93608 -111.30243 0.99096 -0.10489 0.08365 0.5708 0.1304
0 28.53170 -58.02293 -115.17321 0.99096 -0.10489 0.08365 0.5467 0.1002
0 30.00000 -48.00000 -120.00000 0.99096 -0.10489 0.08365 0.6250 0.0625
podwall_s6
0 28.53170 -58.02293 -115.17321 0.99096 -0.13079 0.02985 0.5467 0.1002
0 28.53170 -59.12461 -120.00000 0.99096 -0.13079 0.02985 0.5381 0.0625
0 30.00000 -48.00000 -120.00000 0.99096 -0.13079 0.02985 0.6250 0.0625
podwall_s7
0 28.53170 -59.12461 -120.00000 0.99096 -0.13079 -0.02985 0.5381 0.0625
0 28.53170 -58.02293 -124.82679 0.99096 -0.13079 -0.02985 0.5467 0.0248
0 30.00000 -48.00000 -120.00000 0.99096 -0.13079 -0.02985 0.6250 0.0625
podwall_s7
0 28.53170 -58.02293 -124.82679 0.99096 -0.10489 -0.08365 0.5467 0.0248
0 28.53170 -54.93608 -128.69757 0.99096 -0.10489 -0.08365 0.5708 0.9946
0 30.00000 -48.00000 -120.00000 0.99096 -0.10489 -0.08365 0.6250 0.0625
podwall_s7
0 28.53170 -54.93608 -128.69757 0.99096 -0.05821 -0.12087 0.5708 0.9946
0 28.53170 -50.47546 -130.84569 0.99096 -0.05821 -0.12087 0.6057 0.9778
0 30.00000 -48.00000 -120.00000 0.99096 -0.05821 -0.12087 0.6250 0.0625
podwall_s7
0 28.53170 -50.47546 -130.84569 0.99096 0.00000 -0.13416 0.6057 0.9778
0 28.53170 -45.52454 -130.84569 0.99096 0.00000 -0.13416 0.6443 0.9778
0 30.00000 -48.00000 -120.00000 0.99096 0.00000 -0.13416 0.6250 0.0625
podwall_s7
0 28.53170 -45.52454 -130.84569 0.99096 0.05821 -0.12087 0.6443 0.9778
0 28.53170 -41.06392 -128.69757 0.99096 0.05821 -0.12087 0.6792 0.9946
0 30.00000 -48.00000 -120.00000 0.99096 0.05821 -0.12087 0.6250 0.0625
podwall_s7
0 28.53170 -41.06392 -128.69757 0.99096 0.10489 -0.08365 0.6792 0.9946
0 28.53170 -37.97707 -124.82679 0.99096 0.10489 -0.08365 0.7033 0.0248
0 30.00000 -48.00000 -120.00000 0.99096 0.10489 -0.08365 0.6250 0.0625
podwall_s7
0 28.53170 -37.97707 -124.82679 0.99096 0.13079 -0.02985 0.7033 0.0248
0 28.53170 -36.87539 -120.00000 0.99096 0.13079 -0.02985 0.7119 0.0625
0 30.00000 -48.00000 -120.00000 0.99096 0.13079 -0.02985 0.6250 0.0625
podwall_s3
0 0.00000 -12.00000 -40.00000 0.18219 0.95861 0.21880 0.9062 0.6875
0 0.00000 -15.56512 -24.38019 0.18219 0.95861 0.21880 0.8784 0.8095
0 9.27051 -17.15260 -25.14467 0.18219 0.95861 0.21880 0.8660 0.8036
podwall_s3
0 0.00000 -12.00000 -40.00000 0.18219 0.95861 0.21880 0.9062 0.6875
0 9.27051 -17.15260 -25.14467 0.18219 0.95861 0.21880 0.8660 0.8036
0 9.27051 -13.76197 -40.00000 0.18219 0.95861 0.21880 0.8925 0.6875
podwall_s3
0 0.00000 -15.56512 -24.38019 0.18219 0.76875 0.61305 0.8784 0.8095
0 0.00000 -25.55437 -11.85407 0.18219 0.76875 0.61305 0.8004 0.9074
0 9.27051 -26.65293 -13.23163 0.18219 0.76875 0.61305 0.7918 0.8966
podwall_s3
0 0.00000 -15.56512 -24.38019 0.18219 0.76875 0.61305 0.8784 0.8095
0 9.27051 -26.65293 -13.23163 0.18219 0.76875 0.61305 0.7918 0.8966
0 9.27051 -17.15260 -25.14467 0.18219 0.76875 0.61305 0.8660 0.8036
podwall_s2
0 0.00000 -25.55437 -11.85407 0.18219 0.42662 0.88589 0.8004 0.9074
0 0.00000 -39.98925 -4.90260 0.18219 0.42662 0.88589 0.6876 0.9617
0 9.27051 -40.38132 -6.62038 0.18219 0.42662 0.88589 0.6845 0.9483
podwall_s2
0 0.00000 -25.55437 -11.85407 0.18219 0.42662 0.88589 0.8004 0.9074
0 9.27051 -40.38132 -6.62038 0.18219 0.42662 0.88589 0.6845 0.9483
0 9.27051 -26.65293 -13.23163 0.18219 0.42662 0.88589 0.7918 0.8966
podwall_s2
0 0.00000 -39.98925 -4.90260 0.18219 0.00000 0.98326 0.6876 0.9617
0 0.00000 -56.01075 -4.90260 0.18219 0.00000 0.98326 0.5624 0.9617
0 9.27051 -55.61868 -6.62038 0.18219 0.00000 0.98326 0.5655 0.9483
podwall_s2
0 0.00000 -39.98925 -4.90260 0.18219 0.00000 0.98326 0.6876 0.9617
0 9.27051 -55.61868 -6.62038 0.18219 0.00000 0.98326 0.5655 0.9483
0 9.27051 -40.38132 -6.62038 0.18219 0.00000 0.98326 0.6845 0.9483
podwall_s2
0 0.00000 -56.01075 -4.90260 0.18219 -0.42662 0.88589 0.5624 0.9617
0 0.00000 -70.44563 -11.85407 0.18219 -0.42662 0.88589 0.4496 0.9074
0 9.27051 -69.34707 -13.23163 0.18219 -0.42662 0.88589 0.4582 0.8966
podwall_s2
0 0.00000 -56.01075 -4.90260 0.18219 -0.42662 0.88589 0.5624 0.9617
0 9.27051 -69.34707 -13.23163 0.18219 -0.42662 0.88589 0.4582 0.8966
0 9.27051 -55.61868 -6.62038 0.18219 -0.42662 0.88589 0.5655 0.9483
podwall_s3
0 0.00000 -70.44563 -11.85407 0.18219 -0.76875 0.61305 0.4496 0.9074
0 0.00000 -80.43488 -24.38019 0.18219 -0.76875 0.61305 0.3716 0.8095
0 9.27051 -78.84740 -25.14467 0.18219 -0.76875 0.61305 0.3840 0.8036
podwall_s3
0 0.00000 -70.44563 -11.85407 0.18219 -0.76875 0.61305 0.4496 0.9074
0 9.27051 -78.84740 -25.14467 0.18219 -0.76875 0.61305 0.3840 0.8036
0 9.27051 -69.34707 -13.23163 0.18219 -0.76875 0.61305 0.4582 0.8966
podwall_s3
0 0.00000 -80.43488 -24.38019 0.18219 -0.95861 0.21880 0.3716 0.8095
0 0.00000 -84.00000 -40.00000 0.18219 -0.95861 0.21880 0.3438 0.6875
0 9.27051 -82.23803 -40.00000 0.18219 -0.95861 0.21880 0.3575 0.6875
podwall_s3
0 0.00000 -80.43488 -24.38019 0.18219 -0.95861 0.21880 0.3716 0.8095
0 9.27051 -82.23803 -40.00000 0.18219 -0.95861 0.21880 0.3575 0.6875
0 9.27051 -78.84740 -25.14467 0.18219 -0.95861 0.21880 0.3840 0.8036
podwall_s4
0 0.00000 -84.00000 -40.00000 0.18219 -0.95861 -0.21880 0.3438 0.6875
0 0.00000 -80.43488 -55.61981 0.18219 -0.95861 -0.21880 0.3716 0.5655
0 9.27051 -78.84740 -54.85533 0.18219 -0.95861 -0.21880 0.3840 0.5714
podwall_s4
0 0.00000 -84.00000 -40.00000 0.18219 -0.95861 -0.21880 0.3438 0.6875
0 9.27051 -78.84740 -54.85533 0.18219 -0.95861 -0.21880 0.3840 0.5714
0 9.27051 -82.23803 -40.00000 0.18219 -0.95861 -0.21880 0.3575 0.6875
podwall_s5
0 0.00000 -80.43488 -55.61981 0.18219 -0.76875 -0.61305 0.3716 0.5655
0 0.00000 -70.44563 -68.14593 0.18219 -0.76875 -0.61305 0.4496 0.4676
0 9.27051 -69.34707 -66.76837 0.18219 -0.76875 -0.61305 0.4582 0.4784
podwall_s5
0 0.00000 -80.43488 -55.61981 0.18219 -0.76875 -0.61305 0.3716 0.5655
0 9.27051 -69.34707 -66.76837 0.18219 -0.76875 -0.61305 0.4582 0.4784
0 9.27051 -78.84740 -54.85533 0.18219 -0.76875 -0.61305 0.3840 0.5714
podwall_s5
0 0.00000 -70.44563 -68.14593 0.18219 -0.42662 -0.88589 0.4496 0.4676
0 0.00000 -56.01075 -75.09740 0.18219 -0.42662 -0.88589 0.5624 0.4133
0 9.27051 -55.61868 -73.37962 0.18219 -0.42662 -0.88589 0.5655 0.4267
podwall_s5
0 0.00000 -70.44563 -68.14593 0.18219 -0.42662 -0.88589 0.4496 0.4676
0 9.27051 -55.61868 -73.37962 0.18219 -0.42662 -0.88589 0.5655 0.4267
0 9.27051 -69.34707 -66.76837 0.18219 -0.42662 -0.88589 0.4582 0.4784
podwall_s5
0 0.00000 -56.01075 -75.09740 0.18219 0.00000 -0.98326 0.5624 0.4133
0 0.00000 -39.98925 -75.09740 0.18219 0.00000 -0.98326 0.6876 0.4133
0 9.27051 -40.38132 -73.37962 0.18219 0.00000 -0.98326 0.6845 0.4267
podwall_s5
0 0.00000 -56.01075 -75.09740 0.18219 0.00000 -0.98326 0.5624 0.4133
0 9.27051 -40.38132 -73.37962 0.18219 0.00000 -0.98326 0.6845 0.4267
0 9.27051 -55.61868 -73.37962 0.18219 0.00000 -0.98326 0.5655 0.4267
podwall_s5
0 0.00000 -39.98925 -75.09740 0.18219 0.42662 -0.88589 0.6876 0.4133
0 0.00000 -25.55437 -68.14593 0.18219 0.42662 -0.88589 0.8004 0.4676
0 9.27051 -26.65293 -66.76837 0.18219 0.42662 -0.88589 0.7918 0.4784
podwall_s5
0 0.00000 -39.98925 -75.09740 0.18219 0.42662 -0.88589 0.6876 0.4133
0 9.27051 -26.65293 -66.76837 0.18219 0.42662 -0.88589 0.7918 0.4784
0 9.27051 -40.38132 -73.37962 0.18219 0.42662 -0.88589 0.6845 0.4267
podwall_s5
0 0.00000 -25.55437 -68.14593 0.18219 0.76875 -0.61305 0.8004 0.4676
0 0.00000 -15.56512 -55.61981 0.18219 0.76875 -0.61305 0.8784 0.5655
0 9.27051 -17.15260 -54.85533 0.18219 0.76875 -0.61305 0.8660 0.5714
podwall_s5
0 0.00000 -25.55437 -68.14593 0.18219 0.76875 -0.61305 0.8004 0.4676
0 9.27051 -17.15260 -54.85533 0.18219 0.76875 -0.61305 0.8660 0.5714
0 9.27051 -26.65293 -66.76837 0.18219 0.76875 -0.61305 0.7918 0.4784
podwall_s4
0 0.00000 -15.56512 -55.61981 0.18219 0.95861 -0.21880 0.8784 0.5655
0 0.00000 -12.00000 -40.00000 0.18219 0.95861 -0.21880 0.9062 0.6875
0 9.27051 -13.76197 -40.00000 0.18219 0.95861 -0.21880 0.8925 0.6875
podwall_s4
0 0.00000 -15.56512 -55.61981 0.18219 0.95861 -0.21880 0.8784 0.5655
0 9.27051 -13.76197 -40.00000 0.18219 0.95861 -0.21880 0.8925 0.6875
0 9.27051 -17.15260 -54.85533 0.18219 0.95861 -0.21880 0.8660 0.5714
podwall_s4
0 9.27051 -13.76197 -40.00000 0.51203 0.83743 0.19114 0.8925 0.6875
0 9.27051 -17.15260 -25.14467 0.51203 0.83743 0.19114 0.8660 0.8036
0 17.63356 -21.75963 -27.36330 0.51203 0.83743 0.19114 0.8300 0.7862
podwall_s4
0 9.27051 -13.76197 -40.00000 0.51203 0.83743 0.19114 0.8925 0.6875
0 17.63356 -21.75963 -27.36330 0.51203 0.83743 0.19114 0.8300 0.7862
0 17.63356 -18.87539 -40.00000 0.51203 0.83743 0.19114 0.8525 0.6875
podwall_s4
0 9.27051 -17.15260 -25.14467 0.51203 0.67157 0.53556 0.8660 0.8036
0 9.27051 -26.65293 -13.23163 0.51203 0.67157 0.53556 0.7918 0.8966
0 17.63356 -29.84110 -17.22946 0.51203 0.67157 0.53556 0.7669 0.8654
podwall_s4
0 9.27051 -17.15260 -25.14467 0.51203 0.67157 0.53556 0.8660 0.8036
0 17.63356 -29.84110 -17.22946 0.51203 0.67157 0.53556 0.7669 0.8654
0 17.63356 -21.75963 -27.36330 0.51203 0.67157 0.53556 0.8300 0.7862
podwall_s3
0 9.27051 -26.65293 -13.23163 0.51203 0.37269 0.77390 0.7918 0.8966
0 9.27051 -40.38132 -6.62038 0.51203 0.37269 0.77390 0.6845 0.9483
0 17.63356 -41.51916 -11.60560 0.51203 0.37269 0.77390 0.6756 0.9093
podwall_s3
0 9.27051 -26.65293 -13.23163 0.51203 0.37269 0.77390 0.7918 0.8966
0 17.63356 -41.51916 -11.60560 0.51203 0.37269 0.77390 0.6756 0.9093
0 17.63356 -29.84110 -17.22946 0.51203 0.37269 0.77390 0.7669 0.8654
podwall_s3
0 9.27051 -40.38132 -6.62038 0.51203 0.00000 0.85897 0.6845 0.9483
0 9.27051 -55.61868 -6.62038 0.51203 0.00000 0.85897 0.5655 0.9483
0 17.63356 -54.48084 -11.60560 0.51203 0.00000 0.85897 0.5744 0.9093
podwall_s3
0 9.27051 -40.38132 -6.62038 0.51203 0.00000 0.85897 0.6845 0.9483
0 17.63356 -54.48084 -11.60560 0.51203 0.00000 0.85897 0.5744 0.9093
0 17.63356 -41.51916 -11.60560 0.51203 0.00000 0.85897 0.6756 0.9093
podwall_s3
0 9.27051 -55.61868 -6.62038 0.51203 -0.37269 0.77390 0.5655 0.9483
0 9.27051 -69.34707 -13.23163 0.51203 -0.37269 0.77390 0.4582 0.8966
0 17.63356 -66.15890 -17.22946 0.51203 -0.37269 0.77390 0.4831 0.8654
podwall_s3
0 9.27051 -55.61868 -6.62038 0.51203 -0.37269 0.77390 0.5655 0.9483
0 17.63356 -66.15890 -17.22946 0.51203 -0.37269 0.77390 0.4831 0.8654
0 17.63356 -54.48084 -11.60560 0.51203 -0.37269 0.77390 0.5744 0.9093
podwall_s4
0 9.27051 -69.34707 -13.23163 0.51203 -0.67157 0.53556 0.4582 0.8966
0 9.27051 -78.84740 -25.14467 0.51203 -0.67157 0.53556 0.3840 0.8036
0 17.63356 -74.24037 -27.36330 0.51203 -0.67157 0.53556 0.4200 0.7862
podwall_s4
0 9.27051 -69.34707 -13.23163 0.51203 -0.67157 0.53556 0.4582 0.8966
0 17.63356 -74.24037 -27.36330 0.51203 -0.67157 0.53556 0.4200 0.7862
0 17.63356 -66.15890 -17.22946 0.51203 -0.67157 0.53556 0.4831 0.8654
podwall_s4
0 9.27051 -78.84740 -25.14467 0.51203 -0.83743 0.19114 0.3840 0.8036
0 9.27051 -82.23803 -40.00000 0.51203 -0.83743 0.19114 0.3575 0.6875
0 17.63356 -77.12461 -40.00000 0.51203 -0.83743 0.19114 0.3975 0.6875
podwall_s4
0 9.27051 -78.84740 -25.14467 0.51203 -0.83743 0.19114 0.3840 0.8036
0 17.63356 -77.12461 -40.00000 0.51203 -0.83743 0.19114 0.3975 0.6875
0 17.63356 -74.24037 -27.36330 0.51203 -0.83743 0.19114 0.4200 0.7862
podwall_s5
0 9.27051 -82.23803 -40.00000 0.51203 -0.83743 -0.19114 0.3575 0.6875
0 9.27051 -78.84740 -54.85533 0.51203 -0.83743 -0.19114 0.3840 0.5714
0 17.63356 -74.24037 -52.63670 0.51203 -0.83743 -0.19114 0.4200 0.5888
podwall_s5
0 9.27051 -82.23803 -40.00000 0.51203 -0.83743 -0.19114 0.3575 0.6875
0 17.63356 -74.24037 -52.63670 0.51203 -0.83743 -0.19114 0.4200 0.5888
0 17.63356 -77.12461 -40.00000 0.51203 -0.83743 -0.19114 0.3975 0.6875
podwall_s6
0 9.27051 -78.84740 -54.85533 0.51203 -0.67157 -0.53556 0.3840 0.5714
0 9.27051 -69.34707 -66.76837 0.51203 -0.67157 -0.53556 0.4582 0.4784
0 17.63356 -66.15890 -62.77054 0.51203 -0.67157 -0.53556 0.4831 0.5096
podwall_s6
0 9.27051 -78.84740 -54.85533 0.51203 -0.67157 -0.53556 0.3840 0.5714
0 17.63356 -66.15890 -62.77054 0.51203 -0.67157 -0.53556 0.4831 0.5096
0 17.63356 -74.24037 -52.63670 0.51203 -0.67157 -0.53556 0.4200 0.5888
podwall_s6
0 9.27051 -69.34707 -66.76837 0.51203 -0.37269 -0.77390 0.4582 0.4784
0 9.27051 -55.61868 -73.37962 0.51203 -0.37269 -0.77390 0.5655 0.4267
0 17.63356 -54.48084 -68.39440 0.51203 -0.37269 -0.77390 0.5744 0.4657
podwall_s6
0 9.27051 -69.34707 -66.76837 0.51203 -0.37269 -0.77390 0.4582 0.4784
0 17.63356 -54.48084 -68.39440 0.51203 -0.37269 -0.77390 0.5744 0.4657
0 17.63356 -66.15890 -62.77054 0.51203 -0.37269 -0.77390 0.4831 0.5096
podwall_s6
0 9.27051 -55.61868 -73.37962 0.51203 -0.00000 -0.85897 0.5655 0.4267
0 9.27051 -40.38132 -73.37962 0.51203 -0.00000 -0.85897 0.6845 0.4267
0 17.63356 -41.51916 -68.39440 0.51203 -0.00000 -0.85897 0.6756 0.4657
podwall_s6
0 9.27051 -55.61868 -73.37962 0.51203 -0.00000 -0.85897 0.5655 0.4267
0 17.63356 -41.51916 -68.39440 0.51203 -0.00000 -0.85897 0.6756 0.4657
0 17.63356 -54.48084 -68.39440 0.51203 -0.00000 -0.85897 0.5744 0.4657
podwall_s6
0 9.27051 -40.38132 -73.37962 0.51203 0.37269 -0.77390 0.6845 0.4267
0 9.27051 -26.65293 -66.76837 0.51203 0.37269 -0.77390 0.7918 0.4784
0 17.63356 -29.84110 -62.77054 0.51203 0.37269 -0.77390 0.7669 0.5096
podwall_s6
0 9.27051 -40.38132 -73.37962 0.51203 0.37269 -0.77390 0.6845 0.4267
0 17.63356 -29.84110 -62.77054 0.51203 0.37269 -0.77390 0.7669 0.5096
0 17.63356 -41.51916 -68.39440 0.51203 0.37269 -0.77390 0.6756 0.4657
podwall_s6
0 9.27051 -26.65293 -66.76837 0.51203 0.67157 -0.53556 0.7918 0.4784
0 9.27051 -17.15260 -54.85533 0.51203 0.67157 -0.53556 0.8660 0.5714
0 17.63356 -21.75963 -52.63670 0.51203 0.67157 -0.53556 0.8300 0.5888
podwall_s6
0 9.27051 -26.65293 -66.76837 0.51203 0.67157 -0.53556 0.7918 0.4784
0 17.63356 -21.75963 -52.63670 0.51203 0.67157 -0.53556 0.8300 0.5888
0 17.63356 -29.84110 -62.77054 0.51203 0.67157 -0.53556 0.7669 0.5096
podwall_s5
0 9.27051 -17.15260 -54.85533 0.51203 0.83743 -0.19114 0.8660 0.5714
0 9.27051 -13.76197 -40.00000 0.51203 0.83743 -0.19114 0.8925 0.6875
0 17.63356 -18.87539 -40.00000 0.51203 0.83743 -0.19114 0.8525 0.6875
podwall_s5
0 9.27051 -17.15260 -54.85533 0.51203 0.83743 -0.19114 0.8660 0.5714
0 17.63356 -18.87539 -40.00000 0.51203 0.83743 -0.19114 0.8525 0.6875
0 17.63356 -21.75963 -52.63670 0.51203 0.83743 -0.19114 0.8300 0.5888
podwall_s5
0 17.63356 -18.87539 -40.00000 0.76015 0.63346 0.14458 0.8525 0.6875
0 17.63356 -21.75963 -27.36330 0.76015 0.63346 0.14458 0.8300 0.7862
0 24.27051 -28.93526 -30.81890 0.76015 0.63346 0.14458 0.7739 0.7592
podwall_s5
0 17.63356 -18.87539 -40.00000 0.76015 0.63346 0.14458 0.8525 0.6875
0 24.27051 -28.93526 -30.81890 0.76015 0.63346 0.14458 0.7739 0.7592
0 24.27051 -26.83973 -40.00000 0.76015 0.63346 0.14458 0.7903 0.6875
podwall_s5
0 17.63356 -21.75963 -27.36330 0.76015 0.50799 0.40511 0.8300 0.7862
0 17.63356 -29.84110 -17.22946 0.76015 0.50799 0.40511 0.7669 0.8654
0 24.27051 -34.80679 -23.45624 0.76015 0.50799 0.40511 0.7281 0.8167
podwall_s5
0 17.63356 -21.75963 -27.36330 0.76015 0.50799 0.40511 0.8300 0.7862
0 24.27051 -34.80679 -23.45624 0.76015 0.50799 0.40511 0.7281 0.8167
0 24.27051 -28.93526 -30.81890 0.76015 0.50799 0.40511 0.7739 0.7592
podwall_s5
0 17.63356 -29.84110 -17.22946 0.76015 0.28192 0.58540 0.7669 0.8654
0 17.63356 -41.51916 -11.60560 0.76015 0.28192 0.58540 0.6756 0.9093
0 24.27051 -43.29140 -19.37026 0.76015 0.28192 0.58540 0.6618 0.8487
podwall_s5
0 17.63356 -29.84110 -17.22946 0.76015 0.28192 0.58540 0.7669 0.8654
0 24.27051 -43.29140 -19.37026 0.76015 0.28192 0.58540 0.6618 0.8487
0 24.27051 -34.80679 -23.45624 0.76015 0.28192 0.58540 0.7281 0.8167
podwall_s5
0 17.63356 -41.51916 -11.60560 0.76015 0.00000 0.64975 0.6756 0.9093
0 17.63356 -54.48084 -11.60560 0.76015 0.00000 0.64975 0.5744 0.9093
0 24.27051 -52.70860 -19.37026 0.76015 0.00000 0.64975 0.5882 0.8487
podwall_s5
0 17.63356 -41.51916 -11.60560 0.76015 0.00000 0.64975 0.6756 0.9093
0 24.27051 -52.70860 -19.37026 0.76015 0.00000 0.64975 0.5882 0.8487
0 24.27051 -43.29140 -19.37026 0.76015 0.00000 0.64975 0.6618 0.8487
podwall_s5
0 17.63356 -54.48084 -11.60560 0.76015 -0.28192 0.58540 0.5744 0.9093
0 17.63356 -66.15890 -17.22946 0.76015 -0.28192 0.58540 0.4831 0.8654
0 24.27051 -61.19321 -23.45624 0.76015 -0.28192 0.58540 0.5219 0.8167
podwall_s5
0 17.63356 -54.48084 -11.60560 0.76015 -0.28192 0.58540 0.5744 0.9093
0 24.27051 -61.19321 -23.45624 0.76015 -0.28192 0.58540 0.5219 0.8167
0 24.27051 -52.70860 -19.37026 0.76015 -0.28192 0.58540 0.5882 0.8487
podwall_s5
0 17.63356 -66.15890 -17.22946 0.76015 -0.50799 0.40511 0.4831 0.8654
0 17.63356 -74.24037 -27.36330 0.76015 -0.50799 0.40511 0.4200 0.7862
0 24.27051 -67.06474 -30.81890 0.76015 -0.50799 0.40511 0.4761 0.7592
podwall_s5
0 17.63356 -66.15890 -17.22946 0.76015 -0.50799 0.40511 0.4831 0.8654
0 24.27051 -67.06474 -30.81890 0.76015 -0.50799 0.40511 0.4761 0.7592
0 24.27051 -61.19321 -23.45624 0.76015 -0.50799 0.40511 0.5219 0.8167
podwall_s5
0 17.63356 -74.24037 -27.36330 0.76015 -0.63346 0.14458 0.4200 0.7862
0 17.63356 -77.12461 -40.00000 0.76015 -0.63346 0.14458 0.3975 0.6875
0 24.27051 -69.16027 -40.00000 0.76015 -0.63346 0.14458 0.4597 0.6875
podwall_s5
0 17.63356 -74.24037 -27.36330 0.76015 -0.63346 0.14458 0.4200 0.7862
0 24.27051 -69.16027 -40.00000 0.76015 -0.63346 0.14458 0.4597 0.6875
0 24.27051 -67.06474 -30.81890 0.76015 -0.63346 0.14458 0.4761 0.7592
podwall_s6
0 17.63356 -77.12461 -40.00000 0.76015 -0.63346 -0.14458 0.3975 0.6875
0 17.63356 -74.24037 -52.63670 0.76015 -0.63346 -0.14458 0.4200 0.5888
0 24.27051 -67.06474 -49.18110 0.76015 -0.63346 -0.14458 0.4761 0.6158
podwall_s6
0 17.63356 -77.12461 -40.00000 0.76015 -0.63346 -0.14458 0.3975 0.6875
0 24.27051 -67.06474 -49.18110 0.76015 -0.63346 -0.14458 0.4761 0.6158
0 24.27051 -69.16027 -40.00000 0.76015 -0.63346 -0.14458 0.4597 0.6875
podwall_s6
0 17.63356 -74.24037 -52.63670 0.76015 -0.50799 -0.40511 0.4200 0.5888
0 17.63356 -66.15890 -62.77054 0.76015 -0.50799 -0.40511 0.4831 0.5096
0 24.27051 -61.19321 -56.54376 0.76015 -0.50799 -0.40511 0.5219 0.5583
podwall_s6
0 17.63356 -74.24037 -52.63670 0.76015 -0.50799 -0.40511 0.4200 0.5888
0 24.27051 -61.19321 -56.54376 0.76015 -0.50799 -0.40511 0.5219 0.5583
0 24.27051 -67.06474 -49.18110 0.76015 -0.50799 -0.40511 0.4761 0.6158
podwall_s7
0 17.63356 -66.15890 -62.77054 0.76015 -0.28192 -0.58540 0.4831 0.5096
0 17.63356 -54.48084 -68.39440 0.76015 -0.28192 -0.58540 0.5744 0.4657
0 24.27051 -52.70860 -60.62974 0.76015 -0.28192 -0.58540 0.5882 0.5263
podwall_s7
0 17.63356 -66.15890 -62.77054 0.76015 -0.28192 -0.58540 0.4831 0.5096
0 24.27051 -52.70860 -60.62974 0.76015 -0.28192 -0.58540 0.5882 0.5263
0 24.27051 -61.19321 -56.54376 0.76015 -0.28192 -0.58540 0.5219 0.5583
podwall_s7
0 17.63356 -54.48084 -68.39440 0.76015 -0.00000 -0.64975 0.5744 0.4657
0 17.63356 -41.51916 -68.39440 0.76015 -0.00000 -0.64975 0.6756 0.4657
0 24.27051 -43.29140 -60.62974 0.76015 -0.00000 -0.64975 0.6618 0.5263
podwall_s7
0 17.63356 -54.48084 -68.39440 0.76015 -0.00000 -0.64975 0.5744 0.4657
0 24.27051 -43.29140 -60.62974 0.76015 -0.00000 -0.64975 0.6618 0.5263
0 24.27051 -52.70860 -60.62974 0.76015 -0.00000 -0.64975 0.5882 0.5263
podwall_s7
0 17.63356 -41.51916 -68.39440 0.76015 0.28192 -0.58540 0.6756 0.4657
0 17.63356 -29.84110 -62.77054 0.76015 0.28192 -0.58540 0.7669 0.5096
0 24.27051 -34.80679 -56.54376 0.76015 0.28192 -0.58540 0.7281 0.5583
podwall_s7
0 17.63356 -41.51916 -68.39440 0.76015 0.28192 -0.58540 0.6756 0.4657
0 24.27051 -34.80679 -56.54376 0.76015 0.28192 -0.58540 0.7281 0.5583
0 24.27051 -43.29140 -60.62974 0.76015 0.28192 -0.58540 0.6618 0.5263
podwall_s6
0 17.63356 -29.84110 -62.77054 0.76015 0.50799 -0.40511 0.7669 0.5096
0 17.63356 -21.75963 -52.63670 0.76015 0.50799 -0.40511 0.8300 0.5888
0 24.27051 -28.93526 -49.18110 0.76015 0.50799 -0.40511 0.7739 0.6158
podwall_s6
0 17.63356 -29.84110 -62.77054 0.76015 0.50799 -0.40511 0.7669 0.5096
0 24.27051 -28.93526 -49.18110 0.76015 0.50799 -0.40511 0.7739 0.6158
0 24.27051 -34.80679 -56.54376 0.76015 0.50799 -0.40511 0.7281 0.5583
podwall_s6
0 17.63356 -21.75963 -52.63670 0.76015 0.63346 -0.14458 0.8300 0.5888
0 17.63356 -18.87539 -40.00000 0.76015 0.63346 -0.14458 0.8525 0.6875
0 24.27051 -26.83973 -40.00000 0.76015 0.63346 -0.14458 0.7903 0.6875
podwall_s6
0 17.63356 -21.75963 -52.63670 0.76015 0.63346 -0.14458 0.8300 0.5888
0 24.27051 -26.83973 -40.00000 0.76015 0.63346 -0.14458 0.7903 0.6875
0 24.27051 -28.93526 -49.18110 0.76015 0.63346 -0.14458 0.7739 0.6158
podwall_s6
0 24.27051 -26.83973 -40.00000 0.91682 0.38929 0.08885 0.7903 0.6875
0 24.27051 -28.93526 -30.81890 0.91682 0.38929 0.08885 0.7739 0.7592
0 28.53170 -37.97707 -35.17321 0.91682 0.38929 0.08885 0.7033 0.7252
podwall_s6
0 24.27051 -26.83973 -40.00000 0.91682 0.38929 0.08885 0.7903 0.6875
0 28.53170 -37.97707 -35.17321 0.91682 0.38929 0.08885 0.7033 0.7252
0 28.53170 -36.87539 -40.00000 0.91682 0.38929 0.08885 0.7119 0.6875
podwall_s6
0 24.27051 -28.93526 -30.81890 0.91682 0.31218 0.24896 0.7739 0.7592
0 24.27051 -34.80679 -23.45624 0.91682 0.31218 0.24896 0.7281 0.8167
0 28.53170 -41.06392 -31.30243 0.91682 0.31218 0.24896 0.6792 0.7554
podwall_s6
0 24.27051 -28.93526 -30.81890 0.91682 0.31218 0.24896 0.7739 0.7592
0 28.53170 -41.06392 -31.30243 0.91682 0.31218 0.24896 0.6792 0.7554
0 28.53170 -37.97707 -35.17321 0.91682 0.31218 0.24896 0.7033 0.7252
podwall_s6
0 24.27051 -34.80679 -23.45624 0.91682 0.17325 0.35975 0.7281 0.8167
0 24.27051 -43.29140 -19.37026 0.91682 0.17325 0.35975 0.6618 0.8487
0 28.53170 -45.52454 -29.15431 0.91682 0.17325 0.35975 0.6443 0.7722
podwall_s6
0 24.27051 -34.80679 -23.45624 0.91682 0.17325 0.35975 0.7281 0.8167
0 28.53170 -45.52454 -29.15431 0.91682 0.17325 0.35975 0.6443 0.7722
0 28.53170 -41.06392 -31.30243 0.91682 0.17325 0.35975 0.6792 0.7554
podwall_s6
0 24.27051 -43.29140 -19.37026 0.91682 0.00000 0.39930 0.6618 0.8487
0 24.27051 -52.70860 -19.37026 0.91682 0.00000 0.39930 0.5882 0.8487
0 28.53170 -50.47546 -29.15431 0.91682 0.00000 0.39930 0.6057 0.7722
podwall_s6
0 24.27051 -43.29140 -19.37026 0.91682 0.00000 0.39930 0.6618 0.8487
0 28.53170 -50.47546 -29.15431 0.91682 0.00000 0.39930 0.6057 0.7722
0 28.53170 -45.52454 -29.15431 0.91682 0.00000 0.39930 0.6443 0.7722
podwall_s6
0 24.27051 -52.70860 -19.37026 0.91682 -0.17325 0.35975 0.5882 0.8487
0 24.27051 -61.19321 -23.45624 0.91682 -0.17325 0.35975 0.5219 0.8167
0 28.53170 -54.93608 -31.30243 0.91682 -0.17325 0.35975 0.5708 0.7554
podwall_s6
0 24.27051 -52.70860 -19.37026 0.91682 -0.17325 0.35975 0.5882 0.8487
0 28.53170 -54.93608 -31.30243 0.91682 -0.17325 0.35975 0.5708 0.7554
0 28.53170 -50.47546 -29.15431 0.91682 -0.17325 0.35975 0.6057 0.7722
podwall_s6
0 24.27051 -61.19321 -23.45624 0.91682 -0.31218 0.24896 0.5219 0.8167
0 24.27051 -67.06474 -30.81890 0.91682 -0.31218 0.24896 0.4761 0.7592
0 28.53170 -58.02293 -35.17321 0.91682 -0.31218 0.24896 0.5467 0.7252
podwall_s6
0 24.27051 -61.19321 -23.45624 0.91682 -0.31218 0.24896 0.5219 0.8167
0 28.53170 -58.02293 -35.17321 0.91682 -0.31218 0.24896 0.5467 0.7252
0 28.53170 -54.93608 -31.30243 0.91682 -0.31218 0.24896 0.5708 0.7554
podwall_s6
0 24.27051 -67.06474 -30.81890 0.91682 -0.38929 0.08885 0.4761 0.7592
0 24.27051 -69.16027 -40.00000 0.91682 -0.38929 0.08885 0.4597 0.6875
0 28.53170 -59.12461 -40.00000 0.91682 -0.38929 0.08885 0.5381 0.6875
podwall_s6
0 24.27051 -67.06474 -30.81890 0.91682 -0.38929 0.08885 0.4761 0.7592
0 28.53170 -59.12461 -40.00000 0.91682 -0.38929 0.08885 0.5381 0.6875
0 28.53170 -58.02293 -35.17321 0.91682 -0.38929 0.08885 0.5467 0.7252
podwall_s6
0 24.27051 -69.16027 -40.00000 0.91682 -0.38929 -0.08885 0.4597 0.6875
0 24.27051 -67.06474 -49.18110 0.91682 -0.38929 -0.08885 0.4761 0.6158
0 28.53170 -58.02293 -44.82679 0.91682 -0.38929 -0.08885 0.5467 0.6498
podwall_s6
0 24.27051 -69.16027 -40.00000 0.91682 -0.38929 -0.08885 0.4597 0.6875
0 28.53170 -58.02293 -44.82679 0.91682 -0.38929 -0.08885 0.5467 0.6498
0 28.53170 -59.12461 -40.00000 0.91682 -0.38929 -0.08885 0.5381 0.6875
podwall_s7
0 24.27051 -67.06474 -49.18110 0.91682 -0.31218 -0.24896 0.4761 0.6158
0 24.27051 -61.19321 -56.54376 0.91682 -0.31218 -0.24896 0.5219 0.5583
0 28.53170 -54.93608 -48.69757 0.91682 -0.31218 -0.24896 0.5708 0.6196
podwall_s7
0 24.27051 -67.06474 -49.18110 0.91682 -0.31218 -0.24896 0.4761 0.6158
0 28.53170 -54.93608 -48.69757 0.91682 -0.31218 -0.24896 0.5708 0.6196
0 28.53170 -58.02293 -44.82679 0.91682 -0.31218 -0.24896 0.5467 0.6498
podwall_s7
0 24.27051 -61.19321 -56.54376 0.91682 -0.17325 -0.35975 0.5219 0.5583
0 24.27051 -52.70860 -60.62974 0.91682 -0.17325 -0.35975 0.5882 0.5263
0 28.53170 -50.47546 -50.84569 0.91682 -0.17325 -0.35975 0.6057 0.6028
podwall_s7
0 24.27051 -61.19321 -56.54376 0.91682 -0.17325 -0.35975 0.5219 0.5583
0 28.53170 -50.47546 -50.84569 0.91682 -0.17325 -0.35975 0.6057 0.6028
0 28.53170 -54.93608 -48.69757 0.91682 -0.17325 -0.35975 0.5708 0.6196
podwall_s7
0 24.27051 -52.70860 -60.62974 0.91682 -0.00000 -0.39930 0.5882 0.5263
0 24.27051 -43.29140 -60.62974 0.91682 -0.00000 -0.39930 0.6618 0.5263
0 28.53170 -45.52454 -50.84569 0.91682 -0.00000 -0.39930 0.6443 0.6028
podwall_s7
0 24.27051 -52.70860 -60.62974 0.91682 -0.00000 -0.39930 0.5882 0.5263
0 28.53170 -45.52454 -50.84569 0.91682 -0.00000 -0.39930 0.6443 0.6028
0 28.53170 -50.47546 -50.84569 0.91682 -0.00000 -0.39930 0.6057 0.6028
podwall_s7
0 24.27051 -43.29140 -60.62974 0.91682 0.17325 -0.35975 0.6618 0.5263
0 24.27051 -34.80679 -56.54376 0.91682 0.17325 -0.35975 0.7281 0.5583
0 28.53170 -41.06392 -48.69757 0.91682 0.17325 -0.35975 0.6792 0.6196
podwall_s7
0 24.27051 -43.29140 -60.62974 0.91682 0.17325 -0.35975 0.6618 0.5263
0 28.53170 -41.06392 -48.69757 0.91682 0.17325 -0.35975 0.6792 0.6196
0 28.53170 -45.52454 -50.84569 0.91682 0.17325 -0.35975 0.6443 0.6028
podwall_s7
0 24.27051 -34.80679 -56.54376 0.91682 0.31218 -0.24896 0.7281 0.5583
0 24.27051 -28.93526 -49.18110 0.91682 0.31218 -0.24896 0.7739 0.6158
0 28.53170 -37.97707 -44.82679 0.91682 0.31218 -0.24896 0.7033 0.6498
podwall_s7
0 24.27051 -34.80679 -56.54376 0.91682 0.31218 -0.24896 0.7281 0.5583
0 28.53170 -37.97707 -44.82679 0.91682 0.31218 -0.24896 0.7033 0.6498
0 28.53170 -41.06392 -48.69757 0.91682 0.31218 -0.24896 0.6792 0.6196
podwall_s6
0 24.27051 -28.93526 -49.18110 0.91682 0.38929 -0.08885 0.7739 0.6158
0 24.27051 -26.83973 -40.00000 0.91682 0.38929 -0.08885 0.7903 0.6875
0 28.53170 -36.87539 -40.00000 0.91682 0.38929 -0.08885 0.7119 0.6875
podwall_s6
0 24.27051 -28.93526 -49.18110 0.91682 0.38929 -0.08885 0.7739 0.6158
0 28.53170 -36.87539 -40.00000 0.91682 0.38929 -0.08885 0.7119 0.6875
0 28.53170 -37.97707 -44.82679 0.91682 0.38929 -0.08885 0.7033 0.6498
podwall_s6
0 28.53170 -36.87539 -40.00000 0.99096 0.13079 0.02985 0.7119 0.6875
0 28.53170 -37.97707 -35.17321 0.99096 0.13079 0.02985 0.7033 0.7252
0 30.00000 -48.00000 -40.00000 0.99096 0.13079 0.02985 0.6250 0.6875
podwall_s6
0 28.53170 -37.97707 -35.17321 0.99096 0.10489 0.08365 0.7033 0.7252
0 28.53170 -41.06392 -31.30243 0.99096 0.10489 0.08365 0.6792 0.7554
0 30.00000 -48.00000 -40.00000 0.99096 0.10489 0.08365 0.6250 0.6875
podwall_s6
0 28.53170 -41.06392 -31.30243 0.99096 0.05821 0.12087 0.6792 0.7554
0 28.53170 -45.52454 -29.15431 0.99096 0.05821 0.12087 0.6443 0.7722
0 30.00000 -48.00000 -40.00000 0.99096 0.05821 0.12087 0.6250 0.6875
podwall_s6
0 28.53170 -45.52454 -29.15431 0.99096 0.00000 0.13416 0.6443 0.7722
0 28.53170 -50.47546 -29.15431 0.99096 0.00000 0.13416 0.6057 0.7722
0 30.00000 -48.00000 -40.00000 0.99096 0.00000 0.13416 0.6250 0.6875
podwall_s6
0 28.53170 -50.47546 -29.15431 0.99096 -0.05821 0.12087 0.6057 0.7722
0 28.53170 -54.93608 -31.30243 0.99096 -0.05821 0.12087 0.5708 0.7554
0 30.00000 -48.00000 -40.00000 0.99096 -0.05821 0.12087 0.6250 0.6875
podwall_s6
0 28.53170 -54.93608 -31.30243 0.99096 -0.10489 0.08365 0.5708 0.7554
0 28.53170 -58.02293 -35.17321 0.99096 -0.10489 0.08365 0.5467 0.7252
0 30.00000 -48.00000 -40.00000 0.99096 -0.10489 0.08365 0.6250 0.6875
podwall_s6
0 28.53170 -58.02293 -35.17321 0.99096 -0.13079 0.02985 0.5467 0.7252
0 28.53170 -59.12461 -40.00000 0.99096 -0.13079 0.02985 0.5381 0.6875
0 30.00000 -48.00000 -40.00000 0.99096 -0.13079 0.02985 0.6250 0.6875
podwall_s7
0 28.53170 -59.12461 -40.00000 0.99096 -0.13079 -0.02985 0.5381 0.6875
0 28.53170 -58.02293 -44.82679 0.99096 -0.13079 -0.02985 0.5467 0.6498
0 30.00000 -48.00000 -40.00000 0.99096 -0.13079 -0.02985 0.6250 0.6875
podwall_s7
0 28.53170 -58.02293 -44.82679 0.99096 -0.10489 -0.08365 0.5467 0.6498
0 28.53170 -54.93608 -48.69757 0.99096 -0.10489 -0.08365 0.5708 0.6196
0 30.00000 -48.00000 -40.00000 0.99096 -0.10489 -0.08365 0.6250 0.6875
podwall_s7
0 28.53170 -54.93608 -48.69757 0.99096 -0.05821 -0.12087 0.5708 0.6196
0 28.53170 -50.47546 -50.84569 0.99096 -0.05821 -0.12087 0.6057 0.6028
0 30.00000 -48.00000 -40.00000 0.99096 -0.05821 -0.12087 0.6250 0.6875
podwall_s7
0 28.53170 -50.47546 -50.84569 0.99096 0.00000 -0.13416 0.6057 0.6028
0 28.53170 -45.52454 -50.84569 0.99096 0.00000 -0.13416 0.6443 0.6028
0 30.00000 -48.00000 -40.00000 0.99096 0.00000 -0.13416 0.6250 0.6875
podwall_s7
0 28.53170 -45.52454 -50.84569 0.99096 0.05821 -0.12087 0.6443 0.6028
0 28.53170 -41.06392 -48.69757 0.99096 0.05821 -0.12087 0.6792 0.6196
0 30.00000 -48.00000 -40.00000 0.99096 0.05821 -0.12087 0.6250 0.6875
podwall_s7
0 28.53170 -41.06392 -48.69757 0.99096 0.10489 -0.08365 0.6792 0.6196
0 28.53170 -37.97707 -44.82679 0.99096 0.10489 -0.08365 0.7033 0.6498
0 30.00000 -48.00000 -40.00000 0.99096 0.10489 -0.08365 0.6250 0.6875
podwall_s7
0 28.53170 -37.97707 -44.82679 0.99096 0.13079 -0.02985 0.7033 0.6498
0 28.53170 -36.87539 -40.00000 0.99096 0.13079 -0.02985 0.7119 0.6875
0 30.00000 -48.00000 -40.00000 0.99096 0.13079 -0.02985 0.6250 0.6875
podwall_s3
0 0.00000 -12.00000 40.00000 0.18219 0.95861 0.21880 0.9062 0.3125
0 0.00000 -15.56512 55.61981 0.18219 0.95861 0.21880 0.8784 0.4345
0 9.27051 -17.15260 54.85533 0.18219 0.95861 0.21880 0.8660 0.4286
podwall_s3
0 0.00000 -12.00000 40.00000 0.18219 0.95861 0.21880 0.9062 0.3125
0 9.27051 -17.15260 54.85533 0.18219 0.95861 0.21880 0.8660 0.4286
0 9.27051 -13.76197 40.00000 0.18219 0.95861 0.21880 0.8925 0.3125
podwall_s3
0 0.00000 -15.56512 55.61981 0.18219 0.76875 0.61305 0.8784 0.4345
0 0.00000 -25.55437 68.14593 0.18219 0.76875 0.61305 0.8004 0.5324
0 9.27051 -26.65293 66.76837 0.18219 0.76875 0.61305 0.7918 0.5216
podwall_s3
0 0.00000 -15.56512 55.61981 0.18219 0.76875 0.61305 0.8784 0.4345
0 9.27051 -26.65293 66.76837 0.18219 0.76875 0.61305 0.7918 0.5216
0 9.27051 -17.15260 54.85533 0.18219 0.76875 0.61305 0.8660 0.4286
podwall_s2
0 0.00000 -25.55437 68.14593 0.18219 0.42662 0.88589 0.8004 0.5324
0 0.00000 -39.98925 75.09740 0.18219 0.42662 0.88589 0.6876 0.5867
0 9.27051 -40.38132 73.37962 0.18219 0.42662 0.88589 0.6845 0.5733
podwall_s2
0 0.00000 -25.55437 68.14593 0.18219 0.42662 0.88589 0.8004 0.5324
0 9.27051 -40.38132 73.37962 0.18219 0.42662 0.88589 0.6845 0.5733
0 9.27051 -26.65293 66.76837 0.18219 0.42662 0.88589 0.7918 0.5216
podwall_s2
0 0.00000 -39.98925 75.09740 0.18219 0.00000 0.98326 0.6876 0.5867
0 0.00000 -56.01075 75.09740 0.18219 0.00000 0.98326 0.5624 0.5867
0 9.27051 -55.61868 73.37962 0.18219 0.00000 0.98326 0.5655 0.5733
podwall_s2
0 0.00000 -39.98925 75.09740 0.18219 0.00000 0.98326 0.6876 0.5867
0 9.27051 -55.61868 73.37962 0.18219 0.00000 0.98326 0.5655 0.5733
0 9.27051 -40.38132 73.37962 0.18219 0.00000 0.98326 0.6845 0.5733
podwall_s2
0 0.00000 -56.01075 75.09740 0.18219 -0.42662 0.88589 0.5624 0.5867
0 0.00000 -70.44563 68.14593 0.18219 -0.42662 0.88589 0.4496 0.5324
0 9.27051 -69.34707 66.76837 0.18219 -0.42662 0.88589 0.4582 0.5216
podwall_s2
0 0.00000 -56.01075 75.09740 0.18219 -0.42662 0.88589 0.5624 0.5867
0 9.27051 -69.34707 66.76837 0.18219 -0.42662 0.88589 0.4582 0.5216
0 9.27051 -55.61868 73.37962 0.18219 -0.42662 0.88589 0.5655 0.5733
podwall_s3
0 0.00000 -70.44563 68.14593 0.18219 -0.76875 0.61305 0.4496 0.5324
0 0.00000 -80.43488 55.61981 0.18219 -0.76875 0.61305 0.3716 0.4345
0 9.27051 -78.84740 54.85533 0.18219 -0.76875 0.61305 0.3840 0.4286
podwall_s3
0 0.00000 -70.44563 68.14593 0.18219 -0.76875 0.61305 0.4496 0.5324
0 9.27051 -78.84740 54.85533 0.18219 -0.76875 0.61305 0.3840 0.4286
0 9.27051 -69.34707 66.76837 0.18219 -0.76875 0.61305 0.4582 0.5216
podwall_s3
0 0.00000 -80.43488 55.61981 0.18219 -0.95861 0.21880 0.3716 0.4345
0 0.00000 -84.00000 40.00000 0.18219 -0.95861 0.21880 0.3438 0.3125
0 9.27051 -82.23803 40.00000 0.18219 -0.95861 0.21880 0.3575 0.3125
podwall_s3
0 0.00000 -80.43488 55.61981 0.18219 -0.95861 0.21880 0.3716 0.4345
0 9.27051 -82.23803 40.00000 0.18219 -0.95861 0.21880 0.3575 0.3125
0 9.27051 -78.84740 54.85533 0.18219 -0.95861 0.21880 0.3840 0.4286
podwall_s4
0 0.00000 -84.00000 40.00000 0.18219 -0.95861 -0.21880 0.3438 0.3125
0 0.00000 -80.43488 24.38019 0.18219 -0.95861 -0.21880 0.3716 0.1905
0 9.27051 -78.84740 25.14467 0.18219 -0.95861 -0.21880 0.3840 0.1964
podwall_s4
0 0.00000 -84.00000 40.00000 0.18219 -0.95861 -0.21880 0.3438 0.3125
0 9.27051 -78.84740 25.14467 0.18219 -0.95861 -0.21880 0.3840 0.1964
0 9.27051 -82.23803 40.00000 0.18219 -0.95861 -0.21880 0.3575 0.3125
podwall_s5
0 0.00000 -80.43488 24.38019 0.18219 -0.76875 -0.61305 0.3716 0.1905
0 0.00000 -70.44563 11.85407 0.18219 -0.76875 -0.61305 0.4496 0.0926
0 9.27051 -69.34707 13.23163 0.18219 -0.76875 -0.61305 0.4582 0.1034
podwall_s5
0 0.00000 -80.43488 24.38019 0.18219 -0.76875 -0.61305 0.3716 0.1905
0 9.27051 -69.34707 13.23163 0.18219 -0.76875 -0.61305 0.4582 0.1034
0 9.27051 -78.84740 25.14467 0.18219 -0.76875 -0.61305 0.3840 0.1964
podwall_s5
0 0.00000 -70.44563 11.85407 0.18219 -0.42662 -0.88589 0.4496 0.0926
0 0.00000 -56.01075 4.90260 0.18219 -0.42662 -0.88589 0.5624 0.0383
0 9.27051 -55.61868 6.62038 0.18219 -0.42662 -0.88589 0.5655 0.0517
podwall_s5
0 0.00000 -70.44563 11.85407 0.18219 -0.42662 -0.88589 0.4496 0.0926
0 9.27051 -55.61868 6.62038 0.18219 -0.42662 -0.88589 0.5655 0.0517
0 9.27051 -69.34707 13.23163 0.18219 -0.42662 -0.88589 0.4582 0.1034
podwall_s5
0 0.00000 -56.01075 4.90260 0.18219 -0.00000 -0.98326 0.5624 0.0383
0 0.00000 -39.98925 4.90260 0.18219 -0.00000 -0.98326 0.6876 0.0383
0 9.27051 -40.38132 6.62038 0.18219 -0.00000 -0.98326 0.6845 0.0517
podwall_s5
0 0.00000 -56.01075 4.90260 0.18219 -0.00000 -0.98326 0.5624 0.0383
0 9.27051 -40.38132 6.62038 0.18219 -0.00000 -0.98326 0.6845 0.0517
0 9.27051 -55.61868 6.62038 0.18219 -0.00000 -0.98326 0.5655 0.0517
podwall_s5
0 0.00000 -39.98925 4.90260 0.18219 0.42662 -0.88589 0.6876 0.0383
0 0.00000 -25.55437 11.85407 0.18219 0.42662 -0.88589 0.8004 0.0926
0 9.27051 -26.65293 13.23163 0.18219 0.42662 -0.88589 0.7918 0.1034
podwall_s5
0 0.00000 -39.98925 4.90260 0.18219 0.42662 -0.88589 0.6876 0.0383
0 9.27051 -26.65293 13.23163 0.18219 0.42662 -0.88589 0.7918 0.1034
0 9.27051 -40.38132 6.62038 0.18219 0.42662 -0.88589 0.6845 0.0517
podwall_s5
0 0.00000 -25.55437 11.85407 0.18219 0.76875 -0.61305 0.8004 0.0926
0 0.00000 -15.56512 24.38019 0.18219 0.76875 -0.61305 0.8784 0.1905
0 9.27051 -17.15260 25.14467 0.18219 0.76875 -0.61305 0.8660 0.1964
podwall_s5
0 0.00000 -25.55437 11.85407 0.18219 0.76875 -0.61305 0.8004 0.0926
0 9.27051 -17.15260 25.14467 0.18219 0.76875 -0.61305 0.8660 0.1964
0 9.27051 -26.65293 13.23163 0.18219 0.76875 -0.61305 0.7918 0.1034
podwall_s4
0 0.00000 -15.56512 24.38019 0.18219 0.95861 -0.21880 0.8784 0.1905
0 0.00000 -12.00000 40.00000 0.18219 0.95861 -0.21880 0.9062 0.3125
0 9.27051 -13.76197 40.00000 0.18219 0.95861 -0.21880 0.8925 0.3125
podwall_s4
0 0.00000 -15.56512 24.38019 0.18219 0.95861 -0.21880 0.8784 0.1905
0 9.27051 -13.76197 40.00000 0.18219 0.95861 -0.21880 0.8925 0.3125
0 9.27051 -17.15260 25.14467 0.18219 0.95861 -0.21880 0.8660 0.1964
podwall_s4
0 9.27051 -13.76197 40.00000 0.51203 0.83743 0.19114 0.8925 0.3125
0 9.27051 -17.15260 54.85533 0.51203 0.83743 0.19114 0.8660 0.4286
0 17.63356 -21.75963 52.63670 0.51203 0.83743 0.19114 0.8300 0.4112
podwall_s4
0 9.27051 -13.76197 40.00000 0.51203 0.83743 0.19114 0.8925 0.3125
0 17.63356 -21.75963 52.63670 0.51203 0.83743 0.19114 0.8300 0.4112
0 17.63356 -18.87539 40.00000 0.51203 0.83743 0.19114 0.8525 0.3125
podwall_s4
0 9.27051 -17.15260 54.85533 0.51203 0.67157 0.53556 0.8660 0.4286
0 9.27051 -26.65293 66.76837 0.51203 0.67157 0.53556 0.7918 0.5216
0 17.63356 -29.84110 62.77054 0.51203 0.67157 0.53556 0.7669 0.4904
podwall_s4
0 9.27051 -17.15260 54.85533 0.51203 0.67157 0.53556 0.8660 0.4286
0 17.63356 -29.84110 62.77054 0.51203 0.67157 0.53556 0.7669 0.4904
0 17.63356 -21.75963 52.63670 0.51203 0.67157 0.53556 0.8300 0.4112
podwall_s3
0 9.27051 -26.65293 66.76837 0.51203 0.37269 0.77390 0.7918 0.5216
0 9.27051 -40.38132 73.37962 0.51203 0.37269 0.77390 0.6845 0.5733
0 17.63356 -41.51916 68.39440 0.51203 0.37269 0.77390 0.6756 0.5343
podwall_s3
0 9.27051 -26.65293 66.76837 0.51203 0.37269 0.77390 0.7918 0.5216
0 17.63356 -41.51916 68.39440 0.51203 0.37269 0.77390 0.6756 0.5343
0 17.63356 -29.84110 62.77054 0.51203 0.37269 0.77390 0.7669 0.4904
podwall_s3
0 9.27051 -40.38132 73.37962 0.51203 0.00000 0.85897 0.6845 0.5733
0 9.27051 -55.61868 73.37962 0.51203 0.00000 0.85897 0.5655 0.5733
0 17.63356 -54.48084 68.39440 0.51203 0.00000 0.85897 0.5744 0.5343
podwall_s3
0 9.27051 -40.38132 73.37962 0.51203 0.00000 0.85897 0.6845 0.5733
0 17.63356 -54.48084 68.39440 0.51203 0.00000 0.85897 0.5744 0.5343
0 17.63356 -41.51916 68.39440 0.51203 0.00000 0.85897 0.6756 0.5343
podwall_s3
0 9.27051 -55.61868 73.37962 0.51203 -0.37269 0.77390 0.5655 0.5733
0 9.27051 -69.34707 66.76837 0.51203 -0.37269 0.77390 0.4582 0.5216
0 17.63356 -66.15890 62.77054 0.51203 -0.37269 0.77390 0.4831 0.4904
podwall_s3
0 9.27051 -55.61868 73.37962 0.51203 -0.37269 0.77390 0.5655 0.5733
0 17.63356 -66.15890 62.77054 0.51203 -0.37269 0.77390 0.4831 0.4904
0 17.63356 -54.48084 68.39440 0.51203 -0.37269 0.77390 0.5744 0.5343
podwall_s4
0 9.27051 -69.34707 66.76837 0.51203 -0.67157 0.53556 0.4582 0.5216
0 9.27051 -78.84740 54.85533 0.51203 -0.67157 0.53556 0.3840 0.4286
0 17.63356 -74.24037 52.63670 0.51203 -0.67157 0.53556 0.4200 0.4112
podwall_s4
0 9.27051 -69.34707 66.76837 0.51203 -0.67157 0.53556 0.4582 0.5216
0 17.63356 -74.24037 52.63670 0.51203 -0.67157 0.53556 0.4200 0.4112
0 17.63356 -66.15890 62.77054 0.51203 -0.67157 0.53556 0.4831 0.4904
podwall_s4
0 9.27051 -78.84740 54.85533 0.51203 -0.83743 0.19114 0.3840 0.4286
0 9.27051 -82.23803 40.00000 0.51203 -0.83743 0.19114 0.3575 0.3125
0 17.63356 -77.12461 40.00000 0.51203 -0.83743 0.19114 0.3975 0.3125
podwall_s4
0 9.27051 -78.84740 54.85533 0.51203 -0.83743 0.19114 0.3840 0.4286
0 17.63356 -77.12461 40.00000 0.51203 -0.83743 0.19114 0.3975 0.3125
0 17.63356 -74.24037 52.63670 0.51203 -0.83743 0.19114 0.4200 0.4112
podwall_s5
0 9.27051 -82.23803 40.00000 0.51203 -0.83743 -0.19114 0.3575 0.3125
0 9.27051 -78.84740 25.14467 0.51203 -0.83743 -0.19114 0.3840 0.1964
0 17.63356 -74.24037 27.36330 0.51203 -0.83743 -0.19114 0.4200 0.2138
podwall_s5
0 9.27051 -82.23803 40.00000 0.51203 -0.83743 -0.19114 0.3575 0.3125
0 17.63356 -74.24037 27.36330 0.51203 -0.83743 -0.19114 0.4200 0.2138
0 17.63356 -77.12461 40.00000 0.51203 -0.83743 -0.19114 0.3975 0.3125
podwall_s6
0 9.27051 -78.84740 25.14467 0.51203 -0.67157 -0.53556 0.3840 0.1964
0 9.27051 -69.34707 13.23163 0.51203 -0.67157 -0.53556 0.4582 0.1034
0 17.63356 -66.15890 17.22946 0.51203 -0.67157 -0.53556 0.4831 0.1346
podwall_s6
0 9.27051 -78.84740 25.14467 0.51203 -0.67157 -0.53556 0.3840 0.1964
0 17.63356 -66.15890 17.22946 0.51203 -0.67157 -0.53556 0.4831 0.1346
0 17.63356 -74.24037 27.36330 0.51203 -0.67157 -0.53556 0.4200 0.2138
podwall_s6
0 9.27051 -69.34707 13.23163 0.51203 -0.37269 -0.77390 0.4582 0.1034
0 9.27051 -55.61868 6.62038 0.51203 -0.37269 -0.77390 0.5655 0.0517
0 17.63356 -54.48084 11.60560 0.51203 -0.37269 -0.77390 0.5744 0.0907
podwall_s6
0 9.27051 -69.34707 13.23163 0.51203 -0.37269 -0.77390 0.4582 0.1034
0 17.63356 -54.48084 11.60560 0.51203 -0.37269 -0.77390 0.5744 0.0907
0 17.63356 -66.15890 17.22946 0.51203 -0.37269 -0.77390 0.4831 0.1346
podwall_s6
0 9.27051 -55.61868 6.62038 0.51203 -0.00000 -0.85897 0.5655 0.0517
0 9.27051 -40.38132 6.62038 0.51203 -0.00000 -0.85897 0.6845 0.0517
0 17.63356 -41.51916 11.60560 0.51203 -0.00000 -0.85897 0.6756 0.0907
podwall_s6
0 9.27051 -55.61868 6.62038 0.51203 -0.00000 -0.85897 0.5655 0.0517
0 17.63356 -41.51916 11.60560 0.51203 -0.00000 -0.85897 0.6756 0.0907
0 17.63356 -54.48084 11.60560 0.51203 -0.00000 -0.85897 0.5744 0.0907
podwall_s6
0 9.27051 -40.38132 6.62038 0.51203 0.37269 -0.77390 0.6845 0.0517
0 9.27051 -26.65293 13.23163 0.51203 0.37269 -0.77390 0.7918 0.1034
0 17.63356 -29.84110 17.22946 0.51203 0.37269 -0.77390 0.7669 0.1346
podwall_s6
0 9.27051 -40.38132 6.62038 0.51203 0.37269 -0.77390 0.6845 0.0517
0 17.63356 -29.84110 17.22946 0.51203 0.37269 -0.77390 0.7669 0.1346
0 17.63356 -41.51916 11.60560 0.51203 0.37269 -0.77390 0.6756 0.0907
podwall_s6
0 9.27051 -26.65293 13.23163 0.51203 0.67157 -0.53556 0.7918 0.1034
0 9.27051 -17.15260 25.14467 0.51203 0.67157 -0.53556 0.8660 0.1964
0 17.63356 -21.75963 27.36330 0.51203 0.67157 -0.53556 0.8300 0.2138
podwall_s6
0 9.27051 -26.65293 13.23163 0.51203 0.67157 -0.53556 0.7918 0.1034
0 17.63356 -21.75963 27.36330 0.51203 0.67157 -0.53556 0.8300 0.2138
0 17.63356 -29.84110 17.22946 0.51203 0.67157 -0.53556 0.7669 0.1346
podwall_s5
0 9.27051 -17.15260 25.14467 0.51203 0.83743 -0.19114 0.8660 0.1964
0 9.27051 -13.76197 40.00000 0.51203 0.83743 -0.19114 0.8925 0.3125
0 17.63356 -18.87539 40.00000 0.51203 0.83743 -0.19114 0.8525 0.3125
podwall_s5
0 9.27051 -17.15260 25.14467 0.51203 0.83743 -0.19114 0.8660 0.1964
0 17.63356 -18.87539 40.00000 0.51203 0.83743 -0.19114 0.8525 0.3125
0 17.63356 -21.75963 27.36330 0.51203 0.83743 -0.19114 0.8300 0.2138
podwall_s5
0 17.63356 -18.87539 40.00000 0.76015 0.63346 0.14458 0.8525 0.3125
0 17.63356 -21.75963 52.63670 0.76015 0.63346 0.14458 0.8300 0.4112
0 24.27051 -28.93526 49.18110 0.76015 0.63346 0.14458 0.7739 0.3842
podwall_s5
0 17.63356 -18.87539 40.00000 0.76015 0.63346 0.14458 0.8525 0.3125
0 24.27051 -28.93526 49.18110 0.76015 0.63346 0.14458 0.7739 0.3842
0 24.27051 -26.83973 40.00000 0.76015 0.63346 0.14458 0.7903 0.3125
podwall_s5
0 17.63356 -21.75963 52.63670 0.76015 0.50799 0.40511 0.8300 0.4112
0 17.63356 -29.84110 62.77054 0.76015 0.50799 0.40511 0.7669 0.4904
0 24.27051 -34.80679 56.54376 0.76015 0.50799 0.40511 0.7281 0.4417
podwall_s5
0 17.63356 -21.75963 52.63670 0.76015 0.50799 0.40511 0.8300 0.4112
0 24.27051 -34.80679 56.54376 0.76015 0.50799 0.40511 0.7281 0.4417
0 24.27051 -28.93526 49.18110 0.76015 0.50799 0.40511 0.7739 0.3842
podwall_s5
0 17.63356 -29.84110 62.77054 0.76015 0.28192 0.58540 0.7669 0.4904
0 17.63356 -41.51916 68.39440 0.76015 0.28192 0.58540 0.6756 0.5343
0 24.27051 -43.29140 60.62974 0.76015 0.28192 0.58540 0.6618 0.4737
podwall_s5
0 17.63356 -29.84110 62.77054 0.76015 0.28192 0.58540 0.7669 0.4904
0 24.27051 -43.29140 60.62974 0.76015 0.28192 0.58540 0.6618 0.4737
0 24.27051 -34.80679 56.54376 0.76015 0.28192 0.58540 0.7281 0.4417
podwall_s5
0 17.63356 -41.51916 68.39440 0.76015 0.00000 0.64975 0.6756 0.5343
0 17.63356 -54.48084 68.39440 0.76015 0.00000 0.64975 0.5744 0.5343
0 24.27051 -52.70860 60.62974 0.76015 0.00000 0.64975 0.5882 0.4737
podwall_s5
0 17.63356 -41.51916 68.39440 0.76015 0.00000 0.64975 0.6756 0.5343
0 24.27051 -52.70860 60.62974 0.76015 0.00000 0.64975 0.5882 0.4737
0 24.27051 -43.29140 60.62974 0.76015 0.00000 0.64975 0.6618 0.4737
podwall_s5
0 17.63356 -54.48084 68.39440 0.76015 -0.28192 0.58540 0.5744 0.5343
0 17.63356 -66.15890 62.77054 0.76015 -0.28192 0.58540 0.4831 0.4904
0 24.27051 -61.19321 56.54376 0.76015 -0.28192 0.58540 0.5219 0.4417
podwall_s5
0 17.63356 -54.48084 68.39440 0.76015 -0.28192 0.58540 0.5744 0.5343
0 24.27051 -61.19321 56.54376 0.76015 -0.28192 0.58540 0.5219 0.4417
0 24.27051 -52.70860 60.62974 0.76015 -0.28192 0.58540 0.5882 0.4737
podwall_s5
0 17.63356 -66.15890 62.77054 0.76015 -0.50799 0.40511 0.4831 0.4904
0 17.63356 -74.24037 52.63670 0.76015 -0.50799 0.40511 0.4200 0.4112
0 24.27051 -67.06474 49.18110 0.76015 -0.50799 0.40511 0.4761 0.3842
podwall_s5
0 17.63356 -66.15890 62.77054 0.76015 -0.50799 0.40511 0.4831 0.4904
0 24.27051 -67.06474 49.18110 0.76015 -0.50799 0.40511 0.4761 0.3842
0 24.27051 -61.19321 56.54376 0.76015 -0.50799 0.40511 0.5219 0.4417
podwall_s5
0 17.63356 -74.24037 52.63670 0.76015 -0.63346 0.14458 0.4200 0.4112
0 17.63356 -77.12461 40.00000 0.76015 -0.63346 0.14458 0.3975 0.3125
0 24.27051 -69.16027 40.00000 0.76015 -0.63346 0.14458 0.4597 0.3125
podwall_s5
0 17.63356 -74.24037 52.63670 0.76015 -0.63346 0.14458 0.4200 0.4112
0 24.27051 -69.16027 40.00000 0.76015 -0.63346 0.14458 0.4597 0.3125
0 24.27051 -67.06474 49.18110 0.76015 -0.63346 0.14458 0.4761 0.3842
podwall_s6
0 17.63356 -77.12461 40.00000 0.76015 -0.63346 -0.14458 0.3975 0.3125
0 17.63356 -74.24037 27.36330 0.76015 -0.63346 -0.14458 0.4200 0.2138
0 24.27051 -67.06474 30.81890 0.76015 -0.63346 -0.14458 0.4761 0.2408
podwall_s6
0 17.63356 -77.12461 40.00000 0.76015 -0.63346 -0.14458 0.3975 0.3125
0 24.27051 -67.06474 30.81890 0.76015 -0.63346 -0.14458 0.4761 0.2408
0 24.27051 -69.16027 40.00000 0.76015 -0.63346 -0.14458 0.4597 0.3125
podwall_s6
0 17.63356 -74.24037 27.36330 0.76015 -0.50799 -0.40511 0.4200 0.2138
0 17.63356 -66.15890 17.22946 0.76015 -0.50799 -0.40511 0.4831 0.1346
0 24.27051 -61.19321 23.45624 0.76015 -0.50799 -0.40511 0.5219 0.1833
podwall_s6
0 17.63356 -74.24037 27.36330 0.76015 -0.50799 -0.40511 0.4200 0.2138
0 24.27051 -61.19321 23.45624 0.76015 -0.50799 -0.40511 0.5219 0.1833
0 24.27051 -67.06474 30.81890 0.76015 -0.50799 -0.40511 0.4761 0.2408
podwall_s7
0 17.63356 -66.15890 17.22946 0.76015 -0.28192 -0.58540 0.4831 0.1346
0 17.63356 -54.48084 11.60560 0.76015 -0.28192 -0.58540 0.5744 0.0907
0 24.27051 -52.70860 19.37026 0.76015 -0.28192 -0.58540 0.5882 0.1513
podwall_s7
0 17.63356 -66.15890 17.22946 0.76015 -0.28192 -0.58540 0.4831 0.1346
0 24.27051 -52.70860 19.37026 0.76015 -0.28192 -0.58540 0.5882 0.1513
0 24.27051 -61.19321 23.45624 0.76015 -0.28192 -0.58540 0.5219 0.1833
podwall_s7
0 17.63356 -54.48084 11.60560 0.76015 -0.00000 -0.64975 0.5744 0.0907
0 17.63356 -41.51916 11.60560 0.76015 -0.00000 -0.64975 0.6756 0.0907
0 24.27051 -43.29140 19.37026 0.76015 -0.00000 -0.64975 0.6618 0.1513
podwall_s7
0 17.63356 -54.48084 11.60560 0.76015 -0.00000 -0.64975 0.5744 0.0907
0 24.27051 -43.29140 19.37026 0.76015 -0.00000 -0.64975 0.6618 0.1513
0 24.27051 -52.70860 19.37026 0.76015 -0.00000 -0.64975 0.5882 0.1513
podwall_s7
0 17.63356 -41.51916 11.60560 0.76015 0.28192 -0.58540 0.6756 0.0907
0 17.63356 -29.84110 17.22946 0.76015 0.28192 -0.58540 0.7669 0.1346
0 24.27051 -34.80679 23.45624 0.76015 0.28192 -0.58540 0.7281 0.1833
podwall_s7
0 17.63356 -41.51916 11.60560 0.76015 0.28192 -0.58540 0.6756 0.0907
0 24.27051 -34.80679 23.45624 0.76015 0.28192 -0.58540 0.7281 0.1833
0 24.27051 -43.29140 19.37026 0.76015 0.28192 -0.58540 0.6618 0.1513
podwall_s6
0 17.63356 -29.84110 17.22946 0.76015 0.50799 -0.40511 0.7669 0.1346
0 17.63356 -21.75963 27.36330 0.76015 0.50799 -0.40511 0.8300 0.2138
0 24.27051 -28.93526 30.81890 0.76015 0.50799 -0.40511 0.7739 0.2408
podwall_s6
0 17.63356 -29.84110 17.22946 0.76015 0.50799 -0.40511 0.7669 0.1346
0 24.27051 -28.93526 30.81890 0.76015 0.50799 -0.40511 0.7739 0.2408
0 24.27051 -34.80679 23.45624 0.76015 0.50799 -0.40511 0.7281 0.1833
podwall_s6
0 17.63356 -21.75963 27.36330 0.76015 0.63346 -0.14458 0.8300 0.2138
0 17.63356 -18.87539 40.00000 0.76015 0.63346 -0.14458 0.8525 0.3125
0 24.27051 -26.83973 40.00000 0.76015 0.63346 -0.14458 0.7903 0.3125
podwall_s6
0 17.63356 -21.75963 27.36330 0.76015 0.63346 -0.14458 0.8300 0.2138
0 24.27051 -26.83973 40.00000 0.76015 0.63346 -0.14458 0.7903 0.3125
0 24.27051 -28.93526 30.81890 0.76015 0.63346 -0.14458 0.7739 0.2408
podwall_s6
0 24.27051 -26.83973 40.00000 0.91682 0.38929 0.08885 0.7903 0.3125
0 24.27051 -28.93526 49.18110 0.91682 0.38929 0.08885 0.7739 0.3842
0 28.53170 -37.97707 44.82679 0.91682 0.38929 0.08885 0.7033 0.3502
podwall_s6
0 24.27051 -26.83973 40.00000 0.91682 0.38929 0.08885 0.7903 0.3125
0 28.53170 -37.97707 44.82679 0.91682 0.38929 0.08885 0.7033 0.3502
0 28.53170 -36.87539 40.00000 0.91682 0.38929 0.08885 0.7119 0.3125
podwall_s6
0 24.27051 -28.93526 49.18110 0.91682 0.31218 0.24896 0.7739 0.3842
0 24.27051 -34.80679 56.54376 0.91682 0.31218 0.24896 0.7281 0.4417
0 28.53170 -41.06392 48.69757 0.91682 0.31218 0.24896 0.6792 0.3804
podwall_s6
0 24.27051 -28.93526 49.18110 0.91682 0.31218 0.24896 0.7739 0.3842
0 28.53170 -41.06392 48.69757 0.91682 0.31218 0.24896 0.6792 0.3804
0 28.53170 -37.97707 44.82679 0.91682 0.31218 0.24896 0.7033 0.3502
podwall_s6
0 24.27051 -34.80679 56.54376 0.91682 0.17325 0.35975 0.7281 0.4417
0 24.27051 -43.29140 60.62974 0.91682 0.17325 0.35975 0.6618 0.4737
0 28.53170 -45.52454 50.84569 0.91682 0.17325 0.35975 0.6443 0.3972
podwall_s6
0 24.27051 -34.80679 56.54376 0.91682 0.17325 0.35975 0.7281 0.4417
0 28.53170 -45.52454 50.84569 0.91682 0.17325 0.35975 0.6443 0.3972
0 28.53170 -41.06392 48.69757 0.91682 0.17325 0.35975 0.6792 0.3804
podwall_s6
0 24.27051 -43.29140 60.62974 0.91682 0.00000 0.39930 0.6618 0.4737
0 24.27051 -52.70860 60.62974 0.91682 0.00000 0.39930 0.5882 0.4737
0 28.53170 -50.47546 50.84569 0.91682 0.00000 0.39930 0.6057 0.3972
podwall_s6
0 24.27051 -43.29140 60.62974 0.91682 0.00000 0.39930 0.6618 0.4737
0 28.53170 -50.47546 50.84569 0.91682 0.00000 0.39930 0.6057 0.3972
0 28.53170 -45.52454 50.84569 0.91682 0.00000 0.39930 0.6443 0.3972
podwall_s6
0 24.27051 -52.70860 60.62974 0.91682 -0.17325 0.35975 0.5882 0.4737
0 24.27051 -61.19321 56.54376 0.91682 -0.17325 0.35975 0.5219 0.4417
0 28.53170 -54.93608 48.69757 0.91682 -0.17325 0.35975 0.5708 0.3804
podwall_s6
0 24.27051 -52.70860 60.62974 0.91682 -0.17325 0.35975 0.5882 0.4737
0 28.53170 -54.93608 48.69757 0.91682 -0.17325 0.35975 0.5708 0.3804
0 28.53170 -50.47546 50.84569 0.91682 -0.17325 0.35975 0.6057 0.3972
podwall_s6
0 24.27051 -61.19321 56.54376 0.91682 -0.31218 0.24896 0.5219 0.4417
0 24.27051 -67.06474 49.18110 0.91682 -0.31218 0.24896 0.4761 0.3842
0 28.53170 -58.02293 44.82679 0.91682 -0.31218 0.24896 0.5467 0.3502
podwall_s6
0 24.27051 -61.19321 56.54376 0.91682 -0.31218 0.24896 0.5219 0.4417
0 28.53170 -58.02293 44.82679 0.91682 -0.31218 0.24896 0.5467 0.3502
0 28.53170 -54.93608 48.69757 0.91682 -0.31218 0.24896 0.5708 0.3804
podwall_s6
0 24.27051 -67.06474 49.18110 0.91682 -0.38929 0.08885 0.4761 0.3842
0 24.27051 -69.16027 40.00000 0.91682 -0.38929 0.08885 0.4597 0.3125
0 28.53170 -59.12461 40.00000 0.91682 -0.38929 0.08885 0.5381 0.3125
podwall_s6
0 24.27051 -67.06474 49.18110 0.91682 -0.38929 0.08885 0.4761 0.3842
0 28.53170 -59.12461 40.00000 0.91682 -0.38929 0.08885 0.5381 0.3125
0 28.53170 -58.02293 44.82679 0.91682 -0.38929 0.08885 0.5467 0.3502
podwall_s6
0 24.27051 -69.16027 40.00000 0.91682 -0.38929 -0.08885 0.4597 0.3125
0 24.27051 -67.06474 30.81890 0.91682 -0.38929 -0.08885 0.4761 0.2408
0 28.53170 -58.02293 35.17321 0.91682 -0.38929 -0.08885 0.5467 0.2748
podwall_s6
0 24.27051 -69.16027 40.00000 0.91682 -0.38929 -0.08885 0.4597 0.3125
0 28.53170 -58.02293 35.17321 0.91682 -0.38929 -0.08885 0.5467 0.2748
0 28.53170 -59.12461 40.00000 0.91682 -0.38929 -0.08885 0.5381 0.3125
podwall_s7
0 24.27051 -67.06474 30.81890 0.91682 -0.31218 -0.24896 0.4761 0.2408
0 24.27051 -61.19321 23.45624 0.91682 -0.31218 -0.24896 0.5219 0.1833
0 28.53170 -54.93608 31.30243 0.91682 -0.31218 -0.24896 0.5708 0.2446
podwall_s7
0 24.27051 -67.06474 30.81890 0.91682 -0.31218 -0.24896 0.4761 0.2408
0 28.53170 -54.93608 31.30243 0.91682 -0.31218 -0.24896 0.5708 0.2446
0 28.53170 -58.02293 35.17321 0.91682 -0.31218 -0.24896 0.5467 0.2748
podwall_s7
0 24.27051 -61.19321 23.45624 0.91682 -0.17325 -0.35975 0.5219 0.1833
0 24.27051 -52.70860 19.37026 0.91682 -0.17325 -0.35975 0.5882 0.1513
0 28.53170 -50.47546 29.15431 0.91682 -0.17325 -0.35975 0.6057 0.2278
podwall_s7
0 24.27051 -61.19321 23.45624 0.91682 -0.17325 -0.35975 0.5219 0.1833
0 28.53170 -50.47546 29.15431 0.91682 -0.17325 -0.35975 0.6057 0.2278
0 28.53170 -54.93608 31.30243 0.91682 -0.17325 -0.35975 0.5708 0.2446
podwall_s7
0 24.27051 -52.70860 19.37026 0.91682 -0.00000 -0.39930 0.5882 0.1513
0 24.27051 -43.29140 19.37026 0.91682 -0.00000 -0.39930 0.6618 0.1513
0 28.53170 -45.52454 29.15431 0.91682 -0.00000 -0.39930 0.6443 0.2278
podwall_s7
0 24.27051 -52.70860 19.37026 0.91682 -0.00000 -0.39930 0.5882 0.1513
0 28.53170 -45.52454 29.15431 0.91682 -0.00000 -0.39930 0.6443 0.2278
0 28.53170 -50.47546 29.15431 0.91682 -0.00000 -0.39930 0.6057 0.2278
podwall_s7
0 24.27051 -43.29140 19.37026 0.91682 0.17325 -0.35975 0.6618 0.1513
0 24.27051 -34.80679 23.45624 0.91682 0.17325 -0.35975 0.7281 0.1833
0 28.53170 -41.06392 31.30243 0.91682 0.17325 -0.35975 0.6792 0.2446
podwall_s7
0 24.27051 -43.29140 19.37026 0.91682 0.17325 -0.35975 0.6618 0.1513
0 28.53170 -41.06392 31.30243 0.91682 0.17325 -0.35975 0.6792 0.2446
0 28.53170 -45.52454 29.15431 0.91682 0.17325 -0.35975 0.6443 0.2278
podwall_s7
0 24.27051 -34.80679 23.45624 0.91682 0.31218 -0.24896 0.7281 0.1833
0 24.27051 -28.93526 30.81890 0.91682 0.31218 -0.24896 0.7739 0.2408
0 28.53170 -37.97707 35.17321 0.91682 0.31218 -0.24896 0.7033 0.2748
podwall_s7
0 24.27051 -34.80679 23.45624 0.91682 0.31218 -0.24896 0.7281 0.1833
0 28.53170 -37.97707 35.17321 0.91682 0.31218 -0.24896 0.7033 0.2748
0 28.53170 -41.06392 31.30243 0.91682 0.31218 -0.24896 0.6792 0.2446
podwall_s6
0 24.27051 -28.93526 30.81890 0.91682 0.38929 -0.08885 0.7739 0.2408
0 24.27051 -26.83973 40.00000 0.91682 0.38929 -0.08885 0.7903 0.3125
0 28.53170 -36.87539 40.00000 0.91682 0.38929 -0.08885 0.7119 0.3125
podwall_s6
0 24.27051 -28.93526 30.81890 0.91682 0.38929 -0.08885 0.7739 0.2408
0 28.53170 -36.87539 40.00000 0.91682 0.38929 -0.08885 0.7119 0.3125
0 28.53170 -37.97707 35.17321 0.91682 0.38929 -0.08885 0.7033 0.2748
podwall_s6
0 28.53170 -36.87539 40.00000 0.99096 0.13079 0.02985 0.7119 0.3125
0 28.53170 -37.97707 44.82679 0.99096 0.13079 0.02985 0.7033 0.3502
0 30.00000 -48.00000 40.00000 0.99096 0.13079 0.02985 0.6250 0.3125
podwall_s6
0 28.53170 -37.97707 44.82679 0.99096 0.10489 0.08365 0.7033 0.3502
0 28.53170 -41.06392 48.69757 0.99096 0.10489 0.08365 0.6792 0.3804
0 30.00000 -48.00000 40.00000 0.99096 0.10489 0.08365 0.6250 0.3125
podwall_s6
0 28.53170 -41.06392 48.69757 0.99096 0.05821 0.12087 0.6792 0.3804
0 28.53170 -45.52454 50.84569 0.99096 0.05821 0.12087 0.6443 0.3972
0 30.00000 -48.00000 40.00000 0.99096 0.05821 0.12087 0.6250 0.3125
podwall_s6
0 28.53170 -45.52454 50.84569 0.99096 0.00000 0.13416 0.6443 0.3972
0 28.53170 -50.47546 50.84569 0.99096 0.00000 0.13416 0.6057 0.3972
0 30.00000 -48.00000 40.00000 0.99096 0.00000 0.13416 0.6250 0.3125
podwall_s6
0 28.53170 -50.47546 50.84569 0.99096 -0.05821 0.12087 0.6057 0.3972
0 28.53170 -54.93608 48.69757 0.99096 -0.05821 0.12087 0.5708 0.3804
0 30.00000 -48.00000 40.00000 0.99096 -0.05821 0.12087 0.6250 0.3125
podwall_s6
0 28.53170 -54.93608 48.69757 0.99096 -0.10489 0.08365 0.5708 0.3804
0 28.53170 -58.02293 44.82679 0.99096 -0.10489 0.08365 0.5467 0.3502
0 30.00000 -48.00000 40.00000 0.99096 -0.10489 0.08365 0.6250 0.3125
podwall_s6
0 28.53170 -58.02293 44.82679 0.99096 -0.13079 0.02985 0.5467 0.3502
0 28.53170 -59.12461 40.00000 0.99096 -0.13079 0.02985 0.5381 0.3125
0 30.00000 -48.00000 40.00000 0.99096 -0.13079 0.02985 0.6250 0.3125
podwall_s7
0 28.53170 -59.12461 40.00000 0.99096 -0.13079 -0.02985 0.5381 0.3125
0 28.53170 -58.02293 35.17321 0.99096 -0.13079 -0.02985 0.5467 0.2748
0 30.00000 -48.00000 40.00000 0.99096 -0.13079 -0.02985 0.6250 0.3125
podwall_s7
0 28.53170 -58.02293 35.17321 0.99096 -0.10489 -0.08365 0.5467 0.2748
0 28.53170 -54.93608 31.30243 0.99096 -0.10489 -0.08365 0.5708 0.2446
0 30.00000 -48.00000 40.00000 0.99096 -0.10489 -0.08365 0.6250 0.3125
podwall_s7
0 28.53170 -54.93608 31.30243 0.99096 -0.05821 -0.12087 0.5708 0.2446
0 28.53170 -50.47546 29.15431 0.99096 -0.05821 -0.12087 0.6057 0.2278
0 30.00000 -48.00000 40.00000 0.99096 -0.05821 -0.12087 0.6250 0.3125
podwall_s7
0 28.53170 -50.47546 29.15431 0.99096 0.00000 -0.13416 0.6057 0.2278
0 28.53170 -45.52454 29.15431 0.99096 0.00000 -0.13416 0.6443 0.2278
0 30.00000 -48.00000 40.00000 0.99096 0.00000 -0.13416 0.6250 0.3125
podwall_s7
0 28.53170 -45.52454 29.15431 0.99096 0.05821 -0.12087 0.6443 0.2278
0 28.53170 -41.06392 31.30243 0.99096 0.05821 -0.12087 0.6792 0.2446
0 30.00000 -48.00000 40.00000 0.99096 0.05821 -0.12087 0.6250 0.3125
podwall_s7
0 28.53170 -41.06392 31.30243 0.99096 0.10489 -0.08365 0.6792 0.2446
0 28.53170 -37.97707 35.17321 0.99096 0.10489 -0.08365 0.7033 0.2748
0 30.00000 -48.00000 40.00000 0.99096 0.10489 -0.08365 0.6250 0.3125
podwall_s7
0 28.53170 -37.97707 35.17321 0.99096 0.13079 -0.02985 0.7033 0.2748
0 28.53170 -36.87539 40.00000 0.99096 0.13079 -0.02985 0.7119 0.3125
0 30.00000 -48.00000 40.00000 0.99096 0.13079 -0.02985 0.6250 0.3125
podwall_s3
0 0.00000 -12.00000 120.00000 0.18219 0.95861 0.21880 0.9062 0.9375
0 0.00000 -15.56512 135.61981 0.18219 0.95861 0.21880 0.8784 0.0595
0 9.27051 -17.15260 134.85533 0.18219 0.95861 0.21880 0.8660 0.0536
podwall_s3
0 0.00000 -12.00000 120.00000 0.18219 0.95861 0.21880 0.9062 0.9375
0 9.27051 -17.15260 134.85533 0.18219 0.95861 0.21880 0.8660 0.0536
0 9.27051 -13.76197 120.00000 0.18219 0.95861 0.21880 0.8925 0.9375
podwall_s3
0 0.00000 -15.56512 135.61981 0.18219 0.76875 0.61305 0.8784 0.0595
0 0.00000 -25.55437 148.14593 0.18219 0.76875 0.61305 0.8004 0.1574
0 9.27051 -26.65293 146.76837 0.18219 0.76875 0.61305 0.7918 0.1466
podwall_s3
0 0.00000 -15.56512 135.61981 0.18219 0.76875 0.61305 0.8784 0.0595
0 9.27051 -26.65293 146.76837 0.18219 0.76875 0.61305 0.7918 0.1466
0 9.27051 -17.15260 134.85533 0.18219 0.76875 0.61305 0.8660 0.0536
podwall_s2
0 0.00000 -25.55437 148.14593 0.18219 0.42662 0.88589 0.8004 0.1574
0 0.00000 -39.98925 155.09740 0.18219 0.42662 0.88589 0.6876 0.2117
0 9.27051 -40.38132 153.37962 0.18219 0.42662 0.88589 0.6845 0.1983
podwall_s2
0 0.00000 -25.55437 148.14593 0.18219 0.42662 0.88589 0.8004 0.1574
0 9.27051 -40.38132 153.37962 0.18219 0.42662 0.88589 0.6845 0.1983
0 9.27051 -26.65293 146.76837 0.18219 0.42662 0.88589 0.7918 0.1466
podwall_s2
0 0.00000 -39.98925 155.09740 0.18219 0.00000 0.98326 0.6876 0.2117
0 0.00000 -56.01075 155.09740 0.18219 0.00000 0.98326 0.5624 0.2117
0 9.27051 -55.61868 153.37962 0.18219 0.00000 0.98326 0.5655 0.1983
podwall_s2
0 0.00000 -39.98925 155.09740 0.18219 0.00000 0.98326 0.6876 0.2117
0 9.27051 -55.61868 153.37962 0.18219 0.00000 0.98326 0.5655 0.1983
0 9.27051 -40.38132 153.37962 0.18219 0.00000 0.98326 0.6845 0.1983
podwall_s2
0 0.00000 -56.01075 155.09740 0.18219 -0.42662 0.88589 0.5624 0.2117
0 0.00000 -70.44563 148.14593 0.18219 -0.42662 0.88589 0.4496 0.1574
0 9.27051 -69.34707 146.76837 0.18219 -0.42662 0.88589 0.4582 0.1466
podwall_s2
0 0.00000 -56.01075 155.09740 0.18219 -0.42662 0.88589 0.5624 0.2117
0 9.27051 -69.34707 146.76837 0.18219 -0.42662 0.88589 0.4582 0.1466
0 9.27051 -55.61868 153.37962 0.18219 -0.42662 0.88589 0.5655 0.1983
podwall_s3
0 0.00000 -70.44563 148.14593 0.18219 -0.76875 0.61305 0.4496 0.1574
0 0.00000 -80.43488 135.61981 0.18219 -0.76875 0.61305 0.3716 0.0595
0 9.27051 -78.84740 134.85533 0.18219 -0.76875 0.61305 0.3840 0.0536
podwall_s3
0 0.00000 -70.44563 148.14593 0.18219 -0.76875 0.61305 0.4496 0.1574
0 9.27051 -78.84740 134.85533 0.18219 -0.76875 0.61305 0.3840 0.0536
0 9.27051 -69.34707 146.76837 0.18219 -0.76875 0.61305 0.4582 0.1466
podwall_s3
0 0.00000 -80.43488 135.61981 0.18219 -0.95861 0.21880 0.3716 0.0595
0 0.00000 -84.00000 120.00000 0.18219 -0.95861 0.21880 0.3438 0.9375
0 9.27051 -82.23803 120.00000 0.18219 -0.95861 0.21880 0.3575 0.9375
podwall_s3
0 0.00000 -80.43488 135.61981 0.18219 -0.95861 0.21880 0.3716 0.0595
0 9.27051 -82.23803 120.00000 0.18219 -0.95861 0.21880 0.3575 0.9375
0 9.27051 -78.84740 134.85533 0.18219 -0.95861 0.21880 0.3840 0.0536
podwall_s4
0 0.00000 -84.00000 120.00000 0.18219 -0.95861 -0.21880 0.3438 0.9375
0 0.00000 -80.43488 104.38019 0.18219 -0.95861 -0.21880 0.3716 0.8155
0 9.27051 -78.84740 105.14467 0.18219 -0.95861 -0.21880 0.3840 0.8214
podwall_s4
0 0.00000 -84.00000 120.00000 0.18219 -0.95861 -0.21880 0.3438 0.9375
0 9.27051 -78.84740 105.14467 0.18219 -0.95861 -0.21880 0.3840 0.8214
0 9.27051 -82.23803 120.00000 0.18219 -0.95861 -0.21880 0.3575 0.9375
podwall_s5
0 0.00000 -80.43488 104.38019 0.18219 -0.76875 -0.61305 0.3716 0.8155
0 0.00000 -70.44563 91.85407 0.18219 -0.76875 -0.61305 0.4496 0.7176
0 9.27051 -69.34707 93.23163 0.18219 -0.76875 -0.61305 0.4582 0.7284
podwall_s5
0 0.00000 -80.43488 104.38019 0.18219 -0.76875 -0.61305 0.3716 0.8155
0 9.27051 -69.34707 93.23163 0.18219 -0.76875 -0.61305 0.4582 0.7284
0 9.27051 -78.84740 105.14467 0.18219 -0.76875 -0.61305 0.3840 0.8214
podwall_s5
0 0.00000 -70.44563 91.85407 0.18219 -0.42662 -0.88589 0.4496 0.7176
0 0.00000 -56.01075 84.90260 0.18219 -0.42662 -0.88589 0.5624 0.6633
0 9.27051 -55.61868 86.62038 0.18219 -0.42662 -0.88589 0.5655 0.6767
podwall_s5
0 0.00000 -70.44563 91.85407 0.18219 -0.42662 -0.88589 0.4496 0.7176
0 9.27051 -55.61868 86.62038 0.18219 -0.42662 -0.88589 0.5655 0.6767
0 9.27051 -69.34707 93.23163 0.18219 -0.42662 -0.88589 0.4582 0.7284
podwall_s5
0 0.00000 -56.01075 84.90260 0.18219 0.00000 -0.98326 0.5624 0.6633
0 0.00000 -39.98925 84.90260 0.18219 0.00000 -0.98326 0.6876 0.6633
0 9.27051 -40.38132 86.62038 0.18219 0.00000 -0.98326 0.6845 0.6767
podwall_s5
0 0.00000 -56.01075 84.90260 0.18219 0.00000 -0.98326 0.5624 0.6633
0 9.27051 -40.38132 86.62038 0.18219 0.00000 -0.98326 0.6845 0.6767
0 9.27051 -55.61868 86.62038 0.18219 0.00000 -0.98326 0.5655 0.6767
podwall_s5
0 0.00000 -39.98925 84.90260 0.18219 0.42662 -0.88589 0.6876 0.6633
0 0.00000 -25.55437 91.85407 0.18219 0.42662 -0.88589 0.8004 0.7176
0 9.27051 -26.65293 93.23163 0.18219 0.42662 -0.88589 0.7918 0.7284
podwall_s5
0 0.00000 -39.98925 84.90260 0.18219 0.42662 -0.88589 0.6876 0.6633
0 9.27051 -26.65293 93.23163 0.18219 0.42662 -0.88589 0.7918 0.7284
0 9.27051 -40.38132 86.62038 0.18219 0.42662 -0.88589 0.6845 0.6767
podwall_s5
0 0.00000 -25.55437 91.85407 0.18219 0.76875 -0.61305 0.8004 0.7176
0 0.00000 -15.56512 104.38019 0.18219 0.76875 -0.61305 0.8784 0.8155
0 9.27051 -17.15260 105.14467 0.18219 0.76875 -0.61305 0.8660 0.8214
podwall_s5
0 0.00000 -25.55437 91.85407 0.18219 0.76875 -0.61305 0.8004 0.7176
0 9.27051 -17.15260 105.14467 0.18219 0.76875 -0.61305 0.8660 0.8214
0 9.27051 -26.65293 93.23163 0.18219 0.76875 -0.61305 0.7918 0.7284
podwall_s4
0 0.00000 -15.56512 104.38019 0.18219 0.95861 -0.21880 0.8784 0.8155
0 0.00000 -12.00000 120.00000 0.18219 0.95861 -0.21880 0.9062 0.9375
0 9.27051 -13.76197 120.00000 0.18219 0.95861 -0.21880 0.8925 0.9375
podwall_s4
0 0.00000 -15.56512 104.38019 0.18219 0.95861 -0.21880 0.8784 0.8155
0 9.27051 -13.76197 120.00000 0.18219 0.95861 -0.21880 0.8925 0.9375
0 9.27051 -17.15260 105.14467 0.18219 0.95861 -0.21880 0.8660 0.8214
podwall_s4
0 9.27051 -13.76197 120.00000 0.51203 0.83743 0.19114 0.8925 0.9375
0 9.27051 -17.15260 134.85533 0.51203 0.83743 0.19114 0.8660 0.0536
0 17.63356 -21.75963 132.63670 0.51203 0.83743 0.19114 0.8300 0.0362
podwall_s4
0 9.27051 -13.76197 120.00000 0.51203 0.83743 0.19114 0.8925 0.9375
0 17.63356 -21.75963 132.63670 0.51203 0.83743 0.19114 0.8300 0.0362
0 17.63356 -18.87539 120.00000 0.51203 0.83743 0.19114 0.8525 0.9375
podwall_s4
0 9.27051 -17.15260 134.85533 0.51203 0.67157 0.53556 0.8660 0.0536
0 9.27051 -26.65293 146.76837 0.51203 0.67157 0.53556 0.7918 0.1466
0 17.63356 -29.84110 142.77054 0.51203 0.67157 0.53556 0.7669 0.1154
podwall_s4
0 9.27051 -17.15260 134.85533 0.51203 0.67157 0.53556 0.8660 0.0536
0 17.63356 -29.84110 142.77054 0.51203 0.67157 0.53556 0.7669 0.1154
0 17.63356 -21.75963 132.63670 0.51203 0.67157 0.53556 0.8300 0.0362
podwall_s3
0 9.27051 -26.65293 146.76837 0.51203 0.37269 0.77390 0.7918 0.1466
0 9.27051 -40.38132 153.37962 0.51203 0.37269 0.77390 0.6845 0.1983
0 17.63356 -41.51916 148.39440 0.51203 0.37269 0.77390 0.6756 0.1593
podwall_s3
0 9.27051 -26.65293 146.76837 0.51203 0.37269 0.77390 0.7918 0.1466
0 17.63356 -41.51916 148.39440 0.51203 0.37269 0.77390 0.6756 0.1593
0 17.63356 -29.84110 142.77054 0.51203 0.37269 0.77390 0.7669 0.1154
podwall_s3
0 9.27051 -40.38132 153.37962 0.51203 0.00000 0.85897 0.6845 0.1983
0 9.27051 -55.61868 153.37962 0.51203 0.00000 0.85897 0.5655 0.1983
0 17.63356 -54.48084 148.39440 0.51203 0.00000 0.85897 0.5744 0.1593
podwall_s3
0 9.27051 -40.38132 153.37962 0.51203 0.00000 0.85897 0.6845 0.1983
0 17.63356 -54.48084 148.39440 0.51203 0.00000 0.85897 0.5744 0.1593
0 17.63356 -41.51916 148.39440 0.51203 0.00000 0.85897 0.6756 0.1593
podwall_s3
0 9.27051 -55.61868 153.37962 0.51203 -0.37269 0.77390 0.5655 0.1983
0 9.27051 -69.34707 146.76837 0.51203 -0.37269 0.77390 0.4582 0.1466
0 17.63356 -66.15890 142.77054 0.51203 -0.37269 0.77390 0.4831 0.1154
podwall_s3
0 9.27051 -55.61868 153.37962 0.51203 -0.37269 0.77390 0.5655 0.1983
0 17.63356 -66.15890 142.77054 0.51203 -0.37269 0.77390 0.4831 0.1154
0 17.63356 -54.48084 148.39440 0.51203 -0.37269 0.77390 0.5744 0.1593
podwall_s4
0 9.27051 -69.34707 146.76837 0.51203 -0.67157 0.53556 0.4582 0.1466
0 9.27051 -78.84740 134.85533 0.51203 -0.67157 0.53556 0.3840 0.0536
0 17.63356 -74.24037 132.63670 0.51203 -0.67157 0.53556 0.4200 0.0362
podwall_s4
0 9.27051 -69.34707 146.76837 0.51203 -0.67157 0.53556 0.4582 0.1466
0 17.63356 -74.24037 132.63670 0.51203 -0.67157 0.53556 0.4200 0.0362
0 17.63356 -66.15890 142.77054 0.51203 -0.67157 0.53556 0.4831 0.1154
podwall_s4
0 9.27051 -78.84740 134.85533 0.51203 -0.83743 0.19114 0.3840 0.0536
0 9.27051 -82.23803 120.00000 0.51203 -0.83743 0.19114 0.3575 0.9375
0 17.63356 -77.12461 120.00000 0.51203 -0.83743 0.19114 0.3975 0.9375
podwall_s4
0 9.27051 -78.84740 134.85533 0.51203 -0.83743 0.19114 0.3840 0.0536
0 17.63356 -77.12461 120.00000 0.51203 -0.83743 0.19114 0.3975 0.9375
0 17.63356 -74.24037 132.63670 0.51203 -0.83743 0.19114 0.4200 0.0362
podwall_s5
0 9.27051 -82.23803 120.00000 0.51203 -0.83743 -0.19114 0.3575 0.9375
0 9.27051 -78.84740 105.14467 0.51203 -0.83743 -0.19114 0.3840 0.8214
0 17.63356 -74.24037 107.36330 0.51203 -0.83743 -0.19114 0.4200 0.8388
podwall_s5
0 9.27051 -82.23803 120.00000 0.51203 -0.83743 -0.19114 0.3575 0.9375
0 17.63356 -74.24037 107.36330 0.51203 -0.83743 -0.19114 0.4200 0.8388
0 17.63356 -77.12461 120.00000 0.51203 -0.83743 -0.19114 0.3975 0.9375
podwall_s6
0 9.27051 -78.84740 105.14467 0.51203 -0.67157 -0.53556 0.3840 0.8214
0 9.27051 -69.34707 93.23163 0.51203 -0.67157 -0.53556 0.4582 0.7284
0 17.63356 -66.15890 97.22946 0.51203 -0.67157 -0.53556 0.4831 0.7596
podwall_s6
0 9.27051 -78.84740 105.14467 0.51203 -0.67157 -0.53556 0.3840 0.8214
0 17.63356 -66.15890 97.22946 0.51203 -0.67157 -0.53556 0.4831 0.7596
0 17.63356 -74.24037 107.36330 0.51203 -0.67157 -0.53556 0.4200 0.8388
podwall_s6
0 9.27051 -69.34707 93.23163 0.51203 -0.37269 -0.77390 0.4582 0.7284
0 9.27051 -55.61868 86.62038 0.51203 -0.37269 -0.77390 0.5655 0.6767
0 17.63356 -54.48084 91.60560 0.51203 -0.37269 -0.77390 0.5744 0.7157
podwall_s6
0 9.27051 -69.34707 93.23163 0.51203 -0.37269 -0.77390 0.4582 0.7284
0 17.63356 -54.48084 91.60560 0.51203 -0.37269 -0.77390 0.5744 0.7157
0 17.63356 -66.15890 97.22946 0.51203 -0.37269 -0.77390 0.4831 0.7596
podwall_s6
0 9.27051 -55.61868 86.62038 0.51203 -0.00000 -0.85897 0.5655 0.6767
0 9.27051 -40.38132 86.62038 0.51203 -0.00000 -0.85897 0.6845 0.6767
0 17.63356 -41.51916 91.60560 0.51203 -0.00000 -0.85897 0.6756 0.7157
podwall_s6
0 9.27051 -55.61868 86.62038 0.51203 -0.00000 -0.85897 0.5655 0.6767
0 17.63356 -41.51916 91.60560 0.51203 -0.00000 -0.85897 0.6756 0.7157
0 17.63356 -54.48084 91.60560 0.51203 -0.00000 -0.85897 0.5744 0.7157
podwall_s6
0 9.27051 -40.38132 86.62038 0.51203 0.37269 -0.77390 0.6845 0.6767
0 9.27051 -26.65293 93.23163 0.51203 0.37269 -0.77390 0.7918 0.7284
0 17.63356 -29.84110 97.22946 0.51203 0.37269 -0.77390 0.7669 0.7596
podwall_s6
0 9.27051 -40.38132 86.62038 0.51203 0.37269 -0.77390 0.6845 0.6767
0 17.63356 -29.84110 97.22946 0.51203 0.37269 -0.77390 0.7669 0.7596
0 17.63356 -41.51916 91.60560 0.51203 0.37269 -0.77390 0.6756 0.7157
podwall_s6
0 9.27051 -26.65293 93.23163 0.51203 0.67157 -0.53556 0.7918 0.7284
0 9.27051 -17.15260 105.14467 0.51203 0.67157 -0.53556 0.8660 0.8214
0 17.63356 -21.75963 107.36330 0.51203 0.67157 -0.53556 0.8300 0.8388
podwall_s6
0 9.27051 -26.65293 93.23163 0.51203 0.67157 -0.53556 0.7918 0.7284
0 17.63356 -21.75963 107.36330 0.51203 0.67157 -0.53556 0.8300 0.8388
0 17.63356 -29.84110 97.22946 0.51203 0.67157 -0.53556 0.7669 0.7596
podwall_s5
0 9.27051 -17.15260 105.14467 0.51203 0.83743 -0.19114 0.8660 0.8214
0 9.27051 -13.76197 120.00000 0.51203 0.83743 -0.19114 0.8925 0.9375
0 17.63356 -18.87539 120.00000 0.51203 0.83743 -0.19114 0.8525 0.9375
podwall_s5
0 9.27051 -17.15260 105.14467 0.51203 0.83743 -0.19114 0.8660 0.8214
0 17.63356 -18.87539 120.00000 0.51203 0.83743 -0.19114 0.8525 0.9375
0 17.63356 -21.75963 107.36330 0.51203 0.83743 -0.19114 0.8300 0.8388
podwall_s5
0 17.63356 -18.87539 120.00000 0.76015 0.63346 0.14458 0.8525 0.9375
0 17.63356 -21.75963 132.63670 0.76015 0.63346 0.14458 0.8300 0.0362
0 24.27051 -28.93526 129.18110 0.76015 0.63346 0.14458 0.7739 0.0092
podwall_s5
0 17.63356 -18.87539 120.00000 0.76015 0.63346 0.14458 0.8525 0.9375
0 24.27051 -28.93526 129.18110 0.76015 0.63346 0.14458 0.7739 0.0092
0 24.27051 -26.83973 120.00000 0.76015 0.63346 0.14458 0.7903 0.9375
podwall_s5
0 17.63356 -21.75963 132.63670 0.76015 0.50799 0.40511 0.8300 0.0362
0 17.63356 -29.84110 142.77054 0.76015 0.50799 0.40511 0.7669 0.1154
0 24.27051 -34.80679 136.54376 0.76015 0.50799 0.40511 0.7281 0.0667
podwall_s5
0 17.63356 -21.75963 132.63670 0.76015 0.50799 0.40511 0.8300 0.0362
0 24.27051 -34.80679 136.54376 0.76015 0.50799 0.40511 0.7281 0.0667
0 24.27051 -28.93526 129.18110 0.76015 0.50799 0.40511 0.7739 0.0092
podwall_s5
0 17.63356 -29.84110 142.77054 0.76015 0.28192 0.58540 0.7669 0.1154
0 17.63356 -41.51916 148.39440 0.76015 0.28192 0.58540 0.6756 0.1593
0 24.27051 -43.29140 140.62974 0.76015 0.28192 0.58540 0.6618 0.0987
podwall_s5
0 17.63356 -29.84110 142.77054 0.76015 0.28192 0.58540 0.7669 0.1154
0 24.27051 -43.29140 140.62974 0.76015 0.28192 0.58540 0.6618 0.0987
0 24.27051 -34.80679 136.54376 0.76015 0.28192 0.58540 0.7281 0.0667
podwall_s5
0 17.63356 -41.51916 148.39440 0.76015 0.00000 0.64975 0.6756 0.1593
0 17.63356 -54.48084 148.39440 0.76015 0.00000 0.64975 0.5744 0.1593
0 24.27051 -52.70860 140.62974 0.76015 0.00000 0.64975 0.5882 0.0987
podwall_s5
0 17.63356 -41.51916 148.39440 0.76015 0.00000 0.64975 0.6756 0.1593
0 24.27051 -52.70860 140.62974 0.76015 0.00000 0.64975 0.5882 0.0987
0 24.27051 -43.29140 140.62974 0.76015 0.00000 0.64975 0.6618 0.0987
podwall_s5
0 17.63356 -54.48084 148.39440 0.76015 -0.28192 0.58540 0.5744 0.1593
0 17.63356 -66.15890 142.77054 0.76015 -0.28192 0.58540 0.4831 0.1154
0 24.27051 -61.19321 136.54376 0.76015 -0.28192 0.58540 0.5219 0.0667
podwall_s5
0 17.63356 -54.48084 148.39440 0.76015 -0.28192 0.58540 0.5744 0.1593
0 24.27051 -61.19321 136.54376 0.76015 -0.28192 0.58540 0.5219 0.0667
0 24.27051 -52.70860 140.62974 0.76015 -0.28192 0.58540 0.5882 0.0987
podwall_s5
0 17.63356 -66.15890 142.77054 0.76015 -0.50799 0.40511 0.4831 0.1154
0 17.63356 -74.24037 132.63670 0.76015 -0.50799 0.40511 0.4200 0.0362
0 24.27051 -67.06474 129.18110 0.76015 -0.50799 0.40511 0.4761 0.0092
podwall_s5
0 17.63356 -66.15890 142.77054 0.76015 -0.50799 0.40511 0.4831 0.1154
0 24.27051 -67.06474 129.18110 0.76015 -0.50799 0.40511 0.4761 0.0092
0 24.27051 -61.19321 136.54376 0.76015 -0.50799 0.40511 0.5219 0.0667
podwall_s5
0 17.63356 -74.24037 132.63670 0.76015 -0.63346 0.14458 0.4200 0.0362
0 17.63356 -77.12461 120.00000 0.76015 -0.63346 0.14458 0.3975 0.9375
0 24.27051 -69.16027 120.00000 0.76015 -0.63346 0.14458 0.4597 0.9375
podwall_s5
0 17.63356 -74.24037 132.63670 0.76015 -0.63346 0.14458 0.4200 0.0362
0 24.27051 -69.16027 120.00000 0.76015 -0.63346 0.14458 0.4597 0.9375
0 24.27051 -67.06474 129.18110 0.76015 -0.63346 0.14458 0.4761 0.0092
podwall_s6
0 17.63356 -77.12461 120.00000 0.76015 -0.63346 -0.14458 0.3975 0.9375
0 17.63356 -74.24037 107.36330 0.76015 -0.63346 -0.14458 0.4200 0.8388
0 24.27051 -67.06474 110.81890 0.76015 -0.63346 -0.14458 0.4761 0.8658
podwall_s6
0 17.63356 -77.12461 120.00000 0.76015 -0.63346 -0.14458 0.3975 0.9375
0 24.27051 -67.06474 110.81890 0.76015 -0.63346 -0.14458 0.4761 0.8658
0 24.27051 -69.16027 120.00000 0.76015 -0.63346 -0.14458 0.4597 0.9375
podwall_s6
0 17.63356 -74.24037 107.36330 0.76015 -0.50799 -0.40511 0.4200 0.8388
0 17.63356 -66.15890 97.22946 0.76015 -0.50799 -0.40511 0.4831 0.7596
0 24.27051 -61.19321 103.45624 0.76015 -0.50799 -0.40511 0.5219 0.8083
podwall_s6
0 17.63356 -74.24037 107.36330 0.76015 -0.50799 -0.40511 0.4200 0.8388
0 24.27051 -61.19321 103.45624 0.76015 -0.50799 -0.40511 0.5219 0.8083
0 24.27051 -67.06474 110.81890 0.76015 -0.50799 -0.40511 0.4761 0.8658
podwall_s7
0 17.63356 -66.15890 97.22946 0.76015 -0.28192 -0.58540 0.4831 0.7596
0 17.63356 -54.48084 91.60560 0.76015 -0.28192 -0.58540 0.5744 0.7157
0 24.27051 -52.70860 99.37026 0.76015 -0.28192 -0.58540 0.5882 0.7763
podwall_s7
0 17.63356 -66.15890 97.22946 0.76015 -0.28192 -0.58540 0.4831 0.7596
0 24.27051 -52.70860 99.37026 0.76015 -0.28192 -0.58540 0.5882 0.7763
0 24.27051 -61.19321 103.45624 0.76015 -0.28192 -0.58540 0.5219 0.8083
podwall_s7
0 17.63356 -54.48084 91.60560 0.76015 -0.00000 -0.64975 0.5744 0.7157
0 17.63356 -41.51916 91.60560 0.76015 -0.00000 -0.64975 0.6756 0.7157
0 24.27051 -43.29140 99.37026 0.76015 -0.00000 -0.64975 0.6618 0.7763
podwall_s7
0 17.63356 -54.48084 91.60560 0.76015 -0.00000 -0.64975 0.5744 0.7157
0 24.27051 -43.29140 99.37026 0.76015 -0.00000 -0.64975 0.6618 0.7763
0 24.27051 -52.70860 99.37026 0.76015 -0.00000 -0.64975 0.5882 0.7763
podwall_s7
0 17.63356 -41.51916 91.60560 0.76015 0.28192 -0.58540 0.6756 0.7157
0 17.63356 -29.84110 97.22946 0.76015 0.28192 -0.58540 0.7669 0.7596
0 24.27051 -34.80679 103.45624 0.76015 0.28192 -0.58540 0.7281 0.8083
podwall_s7
0 17.63356 -41.51916 91.60560 0.76015 0.28192 -0.58540 0.6756 0.7157
0 24.27051 -34.80679 103.45624 0.76015 0.28192 -0.58540 0.7281 0.8083
0 24.27051 -43.29140 99.37026 0.76015 0.28192 -0.58540 0.6618 0.7763
podwall_s6
0 17.63356 -29.84110 97.22946 0.76015 0.50799 -0.40511 0.7669 0.7596
0 17.63356 -21.75963 107.36330 0.76015 0.50799 -0.40511 0.8300 0.8388
0 24.27051 -28.93526 110.81890 0.76015 0.50799 -0.40511 0.7739 0.8658
podwall_s6
0 17.63356 -29.84110 97.22946 0.76015 0.50799 -0.40511 0.7669 0.7596
0 24.27051 -28.93526 110.81890 0.76015 0.50799 -0.40511 0.7739 0.8658
0 24.27051 -34.80679 103.45624 0.76015 0.50799 -0.40511 0.7281 0.8083
podwall_s6
0 17.63356 -21.75963 107.36330 0.76015 0.63346 -0.14458 0.8300 0.8388
0 17.63356 -18.87539 120.00000 0.76015 0.63346 -0.14458 0.8525 0.9375
0 24.27051 -26.83973 120.00000 0.76015 0.63346 -0.14458 0.7903 0.9375
podwall_s6
0 17.63356 -21.75963 107.36330 0.76015 0.63346 -0.14458 0.8300 0.8388
0 24.27051 -26.83973 120.00000 0.76015 0.63346 -0.14458 0.7903 0.9375
0 24.27051 -28.93526 110.81890 0.76015 0.63346 -0.14458 0.7739 0.8658
podwall_s6
0 24.27051 -26.83973 120.00000 0.91682 0.38929 0.08885 0.7903 0.9375
0 24.27051 -28.93526 129.18110 0.91682 0.38929 0.08885 0.7739 0.0092
0 28.53170 -37.97707 124.82679 0.91682 0.38929 0.08885 0.7033 0.9752
podwall_s6
0 24.27051 -26.83973 120.00000 0.91682 0.38929 0.08885 0.7903 0.9375
0 28.53170 -37.97707 124.82679 0.91682 0.38929 0.08885 0.7033 0.9752
0 28.53170 -36.87539 120.00000 0.91682 0.38929 0.08885 0.7119 0.9375
podwall_s6
0 24.27051 -28.93526 129.18110 0.91682 0.31218 0.24896 0.7739 0.0092
0 24.27051 -34.80679 136.54376 0.91682 0.31218 0.24896 0.7281 0.0667
0 28.53170 -41.06392 128.69757 0.91682 0.31218 0.24896 0.6792 0.0054
podwall_s6
0 24.27051 -28.93526 129.18110 0.91682 0.31218 0.24896 0.7739 0.0092
0 28.53170 -41.06392 128.69757 0.91682 0.31218 0.24896 0.6792 0.0054
0 28.53170 -37.97707 124.82679 0.91682 0.31218 0.24896 0.7033 0.9752
podwall_s6
0 24.27051 -34.80679 136.54376 0.91682 0.17325 0.35975 0.7281 0.0667
0 24.27051 -43.29140 140.62974 0.91682 0.17325 0.35975 0.6618 0.0987
0 28.53170 -45.52454 130.84569 0.91682 0.17325 0.35975 0.6443 0.0222
podwall_s6
0 24.27051 -34.80679 136.54376 0.91682 0.17325 0.35975 0.7281 0.0667
0 28.53170 -45.52454 130.84569 0.91682 0.17325 0.35975 0.6443 0.0222
0 28.53170 -41.06392 128.69757 0.91682 0.17325 0.35975 0.6792 0.0054
podwall_s6
0 24.27051 -43.29140 140.62974 0.91682 0.00000 0.39930 0.6618 0.0987
0 24.27051 -52.70860 140.62974 0.91682 0.00000 0.39930 0.5882 0.0987
0 28.53170 -50.47546 130.84569 0.91682 0.00000 0.39930 0.6057 0.0222
podwall_s6
0 24.27051 -43.29140 140.62974 0.91682 0.00000 0.39930 0.6618 0.0987
0 28.53170 -50.47546 130.84569 0.91682 0.00000 0.39930 0.6057 0.0222
0 28.53170 -45.52454 130.84569 0.91682 0.00000 0.39930 0.6443 0.0222
podwall_s6
0 24.27051 -52.70860 140.62974 0.91682 -0.17325 0.35975 0.5882 0.0987
0 24.27051 -61.19321 136.54376 0.91682 -0.17325 0.35975 0.5219 0.0667
0 28.53170 -54.93608 128.69757 0.91682 -0.17325 0.35975 0.5708 0.0054
podwall_s6
0 24.27051 -52.70860 140.62974 0.91682 -0.17325 0.35975 0.5882 0.0987
0 28.53170 -54.93608 128.69757 0.91682 -0.17325 0.35975 0.5708 0.0054
0 28.53170 -50.47546 130.84569 0.91682 -0.17325 0.35975 0.6057 0.0222
podwall_s6
0 24.27051 -61.19321 136.54376 0.91682 -0.31218 0.24896 0.5219 0.0667
0 24.27051 -67.06474 129.18110 0.91682 -0.31218 0.24896 0.4761 0.0092
0 28.53170 -58.02293 124.82679 0.91682 -0.31218 0.24896 0.5467 0.9752
podwall_s6
0 24.27051 -61.19321 136.54376 0.91682 -0.31218 0.24896 0.5219 0.0667
0 28.53170 -58.02293 124.82679 0.91682 -0.31218 0.24896 0.5467 0.9752
0 28.53170 -54.93608 128.69757 0.91682 -0.31218 0.24896 0.5708 0.0054
podwall_s6
0 24.27051 -67.06474 129.18110 0.91682 -0.38929 0.08885 0.4761 0.0092
0 24.27051 -69.16027 120.00000 0.91682 -0.38929 0.08885 0.4597 0.9375
0 28.53170 -59.12461 120.00000 0.91682 -0.38929 0.08885 0.5381 0.9375
podwall_s6
0 24.27051 -67.06474 129.18110 0.91682 -0.38929 0.08885 0.4761 0.0092
0 28.53170 -59.12461 120.00000 0.91682 -0.38929 0.08885 0.5381 0.9375
0 28.53170 -58.02293 124.82679 0.91682 -0.38929 0.08885 0.5467 0.9752
podwall_s6
0 24.27051 -69.16027 120.00000 0.91682 -0.38929 -0.08885 0.4597 0.9375
0 24.27051 -67.06474 110.81890 0.91682 -0.38929 -0.08885 0.4761 0.8658
0 28.53170 -58.02293 115.17321 0.91682 -0.38929 -0.08885 0.5467 0.8998
podwall_s6
0 24.27051 -69.16027 120.00000 0.91682 -0.38929 -0.08885 0.4597 0.9375
0 28.53170 -58.02293 115.17321 0.91682 -0.38929 -0.08885 0.5467 0.8998
0 28.53170 -59.12461 120.00000 0.91682 -0.38929 -0.08885 0.5381 0.9375
podwall_s7
0 24.27051 -67.06474 110.81890 0.91682 -0.31218 -0.24896 0.4761 0.8658
0 24.27051 -61.19321 103.45624 0.91682 -0.31218 -0.24896 0.5219 0.8083
0 28.53170 -54.93608 111.30243 0.91682 -0.31218 -0.24896 0.5708 0.8696
podwall_s7
0 24.27051 -67.06474 110.81890 0.91682 -0.31218 -0.24896 0.4761 0.8658
0 28.53170 -54.93608 111.30243 0.91682 -0.31218 -0.24896 0.5708 0.8696
0 28.53170 -58.02293 115.17321 0.91682 -0.31218 -0.24896 0.5467 0.8998
podwall_s7
0 24.27051 -61.19321 103.45624 0.91682 -0.17325 -0.35975 0.5219 0.8083
0 24.27051 -52.70860 99.37026 0.91682 -0.17325 -0.35975 0.5882 0.7763
0 28.53170 -50.47546 109.15431 0.91682 -0.17325 -0.35975 0.6057 0.8528
podwall_s7
0 24.27051 -61.19321 103.45624 0.91682 -0.17325 -0.35975 0.5219 0.8083
0 28.53170 -50.47546 109.15431 0.91682 -0.17325 -0.35975 0.6057 0.8528
0 28.53170 -54.93608 111.30243 0.91682 -0.17325 -0.35975 0.5708 0.8696
podwall_s7
0 24.27051 -52.70860 99.37026 0.91682 -0.00000 -0.39930 0.5882 0.7763
0 24.27051 -43.29140 99.37026 0.91682 -0.00000 -0.39930 0.6618 0.7763
0 28.53170 -45.52454 109.15431 0.91682 -0.00000 -0.39930 0.6443 0.8528
podwall_s7
0 24.27051 -52.70860 99.37026 0.91682 -0.00000 -0.39930 0.5882 0.7763
0 28.53170 -45.52454 109.15431 0.91682 -0.00000 -0.39930 0.6443 0.8528
0 28.53170 -50.47546 109.15431 0.91682 -0.00000 -0.39930 0.6057 0.8528
podwall_s7
0 24.27051 -43.29140 99.37026 0.91682 0.17325 -0.35975 0.6618 0.7763
0 24.27051 -34.80679 103.45624 0.91682 0.17325 -0.35975 0.7281 0.8083
0 28.53170 -41.06392 111.30243 0.91682 0.17325 -0.35975 0.6792 0.8696
podwall_s7
0 24.27051 -43.29140 99.37026 0.91682 0.17325 -0.35975 0.6618 0.7763
0 28.53170 -41.06392 111.30243 0.91682 0.17325 -0.35975 0.6792 0.8696
0 28.53170 -45.52454 109.15431 0.91682 0.17325 -0.35975 0.6443 0.8528
podwall_s7
0 24.27051 -34.80679 103.45624 0.91682 0.31218 -0.24896 0.7281 0.8083
0 24.27051 -28.93526 110.81890 0.91682 0.31218 -0.24896 0.7739 0.8658
0 28.53170 -37.97707 115.17321 0.91682 0.31218 -0.24896 0.7033 0.8998
podwall_s7
0 24.27051 -34.80679 103.45624 0.91682 0.31218 -0.24896 0.7281 0.8083
0 28.53170 -37.97707 115.17321 0.91682 0.31218 -0.24896 0.7033 0.8998
0 28.53170 -41.06392 111.30243 0.91682 0.31218 -0.24896 0.6792 0.8696
podwall_s6
0 24.27051 -28.93526 110.81890 0.91682 0.38929 -0.08885 0.7739 0.8658
0 24.27051 -26.83973 120.00000 0.91682 0.38929 -0.08885 0.7903 0.9375
0 28.53170 -36.87539 120.00000 0.91682 0.38929 -0.08885 0.7119 0.9375
podwall_s6
0 24.27051 -28.93526 110.81890 0.91682 0.38929 -0.08885 0.7739 0.8658
0 28.53170 -36.87539 120.00000 0.91682 0.38929 -0.08885 0.7119 0.9375
0 28.53170 -37.97707 115.17321 0.91682 0.38929 -0.08885 0.7033 0.8998
podwall_s6
0 28.53170 -36.87539 120.00000 0.99096 0.13079 0.02985 0.7119 0.9375
0 28.53170 -37.97707 124.82679 0.99096 0.13079 0.02985 0.7033 0.9752
0 30.00000 -48.00000 120.00000 0.99096 0.13079 0.02985 0.6250 0.9375
podwall_s6
0 28.53170 -37.97707 124.82679 0.99096 0.10489 0.08365 0.7033 0.9752
0 28.53170 -41.06392 128.69757 0.99096 0.10489 0.08365 0.6792 0.0054
0 30.00000 -48.00000 120.00000 0.99096 0.10489 0.08365 0.6250 0.9375
podwall_s6
0 28.53170 -41.06392 128.69757 0.99096 0.05821 0.12087 0.6792 0.0054
0 28.53170 -45.52454 130.84569 0.99096 0.05821 0.12087 0.6443 0.0222
0 30.00000 -48.00000 120.00000 0.99096 0.05821 0.12087 0.6250 0.9375
podwall_s6
0 28.53170 -45.52454 130.84569 0.99096 0.00000 0.13416 0.6443 0.0222
0 28.53170 -50.47546 130.84569 0.99096 0.00000 0.13416 0.6057 0.0222
0 30.00000 -48.00000 120.00000 0.99096 0.00000 0.13416 0.6250 0.9375
podwall_s6
0 28.53170 -50.47546 130.84569 0.99096 -0.05821 0.12087 0.6057 0.0222
0 28.53170 -54.93608 128.69757 0.99096 -0.05821 0.12087 0.5708 0.0054
0 30.00000 -48.00000 120.00000 0.99096 -0.05821 0.12087 0.6250 0.9375
podwall_s6
0 28.53170 -54.93608 128.69757 0.99096 -0.10489 0.08365 0.5708 0.0054
0 28.53170 -58.02293 124.82679 0.99096 -0.10489 0.08365 0.5467 0.9752
0 30.00000 -48.00000 120.00000 0.99096 -0.10489 0.08365 0.6250 0.9375
podwall_s6
0 28.53170 -58.02293 124.82679 0.99096 -0.13079 0.02985 0.5467 0.9752
0 28.53170 -59.12461 120.00000 0.99096 -0.13079 0.02985 0.5381 0.9375
0 30.00000 -48.00000 120.00000 0.99096 -0.13079 0.02985 0.6250 0.9375
podwall_s7
0 28.53170 -59.12461 120.00000 0.99096 -0.13079 -0.02985 0.5381 0.9375
0 28.53170 -58.02293 115.17321 0.99096 -0.13079 -0.02985 0.5467 0.8998
0 30.00000 -48.00000 120.00000 0.99096 -0.13079 -0.02985 0.6250 0.9375
podwall_s7
0 28.53170 -58.02293 115.17321 0.99096 -0.10489 -0.08365 0.5467 0.8998
0 28.53170 -54.93608 111.30243 0.99096 -0.10489 -0.08365 0.5708 0.8696
0 30.00000 -48.00000 120.00000 0.99096 -0.10489 -0.08365 0.6250 0.9375
podwall_s7
0 28.53170 -54.93608 111.30243 0.99096 -0.05821 -0.12087 0.5708 0.8696
0 28.53170 -50.47546 109.15431 0.99096 -0.05821 -0.12087 0.6057 0.8528
0 30.00000 -48.00000 120.00000 0.99096 -0.05821 -0.12087 0.6250 0.9375
podwall_s7
0 28.53170 -50.47546 109.15431 0.99096 -0.00000 -0.13416 0.6057 0.8528
0 28.53170 -45.52454 109.15431 0.99096 -0.00000 -0.13416 0.6443 0.8528
0 30.00000 -48.00000 120.00000 0.99096 -0.00000 -0.13416 0.6250 0.9375
podwall_s7
0 28.53170 -45.52454 109.15431 0.99096 0.05821 -0.12087 0.6443 0.8528
0 28.53170 -41.06392 111.30243 0.99096 0.05821 -0.12087 0.6792 0.8696
0 30.00000 -48.00000 120.00000 0.99096 0.05821 -0.12087 0.6250 0.9375
podwall_s7
0 28.53170 -41.06392 111.30243 0.99096 0.10489 -0.08365 0.6792 0.8696
0 28.53170 -37.97707 115.17321 0.99096 0.10489 -0.08365 0.7033 0.8998
0 30.00000 -48.00000 120.00000 0.99096 0.10489 -0.08365 0.6250 0.9375
podwall_s7
0 28.53170 -37.97707 115.17321 0.99096 0.13079 -0.02985 0.7033 0.8998
0 28.53170 -36.87539 120.00000 0.99096 0.13079 -0.02985 0.7119 0.9375
0 30.00000 -48.00000 120.00000 0.99096 0.13079 -0.02985 0.6250 0.9375
podwall_s3
0 0.00000 84.00000 -120.00000 0.18219 0.95861 0.21880 0.6562 0.0625
0 0.00000 80.43488 -104.38019 0.18219 0.95861 0.21880 0.6284 0.1845
0 9.27051 78.84740 -105.14467 0.18219 0.95861 0.21880 0.6160 0.1786
podwall_s3
0 0.00000 84.00000 -120.00000 0.18219 0.95861 0.21880 0.6562 0.0625
0 9.27051 78.84740 -105.14467 0.18219 0.95861 0.21880 0.6160 0.1786
0 9.27051 82.23803 -120.00000 0.18219 0.95861 0.21880 0.6425 0.0625
podwall_s3
0 0.00000 80.43488 -104.38019 0.18219 0.76875 0.61305 0.6284 0.1845
0 0.00000 70.44563 -91.85407 0.18219 0.76875 0.61305 0.5504 0.2824
0 9.27051 69.34707 -93.23163 0.18219 0.76875 0.61305 0.5418 0.2716
podwall_s3
0 0.00000 80.43488 -104.38019 0.18219 0.76875 0.61305 0.6284 0.1845
0 9.27051 69.34707 -93.23163 0.18219 0.76875 0.61305 0.5418 0.2716
0 9.27051 78.84740 -105.14467 0.18219 0.76875 0.61305 0.6160 0.1786
podwall_s2
0 0.00000 70.44563 -91.85407 0.18219 0.42662 0.88589 0.5504 0.2824
0 0.00000 56.01075 -84.90260 0.18219 0.42662 0.88589 0.4376 0.3367
0 9.27051 55.61868 -86.62038 0.18219 0.42662 0.88589 0.4345 0.3233
podwall_s2
0 0.00000 70.44563 -91.85407 0.18219 0.42662 0.88589 0.5504 0.2824
0 9.27051 55.61868 -86.62038 0.18219 0.42662 0.88589 0.4345 0.3233
0 9.27051 69.34707 -93.23163 0.18219 0.42662 0.88589 0.5418 0.2716
podwall_s2
0 0.00000 56.01075 -84.90260 0.18219 0.00000 0.98326 0.4376 0.3367
0 0.00000 39.98925 -84.90260 0.18219 0.00000 0.98326 0.3124 0.3367
0 9.27051 40.38132 -86.62038 0.18219 0.00000 0.98326 0.3155 0.3233
podwall_s2
0 0.00000 56.01075 -84.90260 0.18219 0.00000 0.98326 0.4376 0.3367
0 9.27051 40.38132 -86.62038 0.18219 0.00000 0.98326 0.3155 0.3233
0 9.27051 55.61868 -86.62038 0.18219 0.00000 0.98326 0.4345 0.3233
podwall_s2
0 0.00000 39.98925 -84.90260 0.18219 -0.42662 0.88589 0.3124 0.3367
0 0.00000 25.55437 -91.85407 0.18219 -0.42662 0.88589 0.1996 0.2824
0 9.27051 26.65293 -93.23163 0.18219 -0.42662 0.88589 0.2082 0.2716
podwall_s2
0 0.00000 39.98925 -84.90260 0.18219 -0.42662 0.88589 0.3124 0.3367
0 9.27051 26.65293 -93.23163 0.18219 -0.42662 0.88589 0.2082 0.2716
0 9.27051 40.38132 -86.62038 0.18219 -0.42662 0.88589 0.3155 0.3233
podwall_s3
0 0.00000 25.55437 -91.85407 0.18219 -0.76875 0.61305 0.1996 0.2824
0 0.00000 15.56512 -104.38019 0.18219 -0.76875 0.61305 0.1216 0.1845
0 9.27051 17.15260 -105.14467 0.18219 -0.76875 0.61305 0.1340 0.1786
podwall_s3
0 0.00000 25.55437 -91.85407 0.18219 -0.76875 0.61305 0.1996 0.2824
0 9.27051 17.15260 -105.14467 0.18219 -0.76875 0.61305 0.1340 0.1786
0 9.27051 26.65293 -93.23163 0.18219 -0.76875 0.61305 0.2082 0.2716
podwall_s3
0 0.00000 15.56512 -104.38019 0.18219 -0.95861 0.21880 0.1216 0.1845
0 0.00000 12.00000 -120.00000 0.18219 -0.95861 0.21880 0.0938 0.0625
0 9.27051 13.76197 -120.00000 0.18219 -0.95861 0.21880 0.1075 0.0625
podwall_s3
0 0.00000 15.56512 -104.38019 0.18219 -0.95861 0.21880 0.1216 0.1845
0 9.27051 13.76197 -120.00000 0.18219 -0.95861 0.21880 0.1075 0.0625
0 9.27051 17.15260 -105.14467 0.18219 -0.95861 0.21880 0.1340 0.1786
podwall_s4
0 0.00000 12.00000 -120.00000 0.18219 -0.95861 -0.21880 0.0938 0.0625
0 0.00000 15.56512 -135.61981 0.18219 -0.95861 -0.21880 0.1216 0.9405
0 9.27051 17.15260 -134.85533 0.18219 -0.95861 -0.21880 0.1340 0.9464
podwall_s4
0 0.00000 12.00000 -120.00000 0.18219 -0.95861 -0.21880 0.0938 0.0625
0 9.27051 17.15260 -134.85533 0.18219 -0.95861 -0.21880 0.1340 0.9464
0 9.27051 13.76197 -120.00000 0.18219 -0.95861 -0.21880 0.1075 0.0625
podwall_s5
0 0.00000 15.56512 -135.61981 0.18219 -0.76875 -0.61305 0.1216 0.9405
0 0.00000 25.55437 -148.14593 0.18219 -0.76875 -0.61305 0.1996 0.8426
0 9.27051 26.65293 -146.76837 0.18219 -0.76875 -0.61305 0.2082 0.8534
podwall_s5
0 0.00000 15.56512 -135.61981 0.18219 -0.76875 -0.61305 0.1216 0.9405
0 9.27051 26.65293 -146.76837 0.18219 -0.76875 -0.61305 0.2082 0.8534
0 9.27051 17.15260 -134.85533 0.18219 -0.76875 -0.61305 0.1340 0.9464
podwall_s5
0 0.00000 25.55437 -148.14593 0.18219 -0.42662 -0.88589 0.1996 0.8426
0 0.00000 39.98925 -155.09740 0.18219 -0.42662 -0.88589 0.3124 0.7883
0 9.27051 40.38132 -153.37962 0.18219 -0.42662 -0.88589 0.3155 0.8017
podwall_s5
0 0.00000 25.55437 -148.14593 0.18219 -0.42662 -0.88589 0.1996 0.8426
0 9.27051 40.38132 -153.37962 0.18219 -0.42662 -0.88589 0.3155 0.8017
0 9.27051 26.65293 -146.76837 0.18219 -0.42662 -0.88589 0.2082 0.8534
podwall_s5
0 0.00000 39.98925 -155.09740 0.18219 0.00000 -0.98326 0.3124 0.7883
0 0.00000 56.01075 -155.09740 0.18219 0.00000 -0.98326 0.4376 0.7883
0 9.27051 55.61868 -153.37962 0.18219 0.00000 -0.98326 0.4345 0.8017
podwall_s5
0 0.00000 39.98925 -155.09740 0.18219 0.00000 -0.98326 0.3124 0.7883
0 9.27051 55.61868 -153.37962 0.18219 0.00000 -0.98326 0.4345 0.8017
0 9.27051 40.38132 -153.37962 0.18219 0.00000 -0.98326 0.3155 0.8017
podwall_s5
0 0.00000 56.01075 -155.09740 0.18219 0.42662 -0.88589 0.4376 0.7883
0 0.00000 70.44563 -148.14593 0.18219 0.42662 -0.88589 0.5504 0.8426
0 9.27051 69.34707 -146.76837 0.18219 0.42662 -0.88589 0.5418 0.8534
podwall_s5
0 0.00000 56.01075 -155.09740 0.18219 0.42662 -0.88589 0.4376 0.7883
0 9.27051 69.34707 -146.76837 0.18219 0.42662 -0.88589 0.5418 0.8534
0 9.27051 55.61868 -153.37962 0.18219 0.42662 -0.88589 0.4345 0.8017
podwall_s5
0 0.00000 70.44563 -148.14593 0.18219 0.76875 -0.61305 0.5504 0.8426
0 0.00000 80.43488 -135.61981 0.18219 0.76875 -0.61305 0.6284 0.9405
0 9.27051 78.84740 -134.85533 0.18219 0.76875 -0.61305 0.6160 0.9464
podwall_s5
0 0.00000 70.44563 -148.14593 0.18219 0.76875 -0.61305 0.5504 0.8426
0 9.27051 78.84740 -134.85533 0.18219 0.76875 -0.61305 0.6160 0.9464
0 9.27051 69.34707 -146.76837 0.18219 0.76875 -0.61305 0.5418 0.8534
podwall_s4
0 0.00000 80.43488 -135.61981 0.18219 0.95861 -0.21880 0.6284 0.9405
0 0.00000 84.00000 -120.00000 0.18219 0.95861 -0.21880 0.6562 0.0625
0 9.27051 82.23803 -120.00000 0.18219 0.95861 -0.21880 0.6425 0.0625
podwall_s4
0 0.00000 80.43488 -135.61981 0.18219 0.95861 -0.21880 0.6284 0.9405
0 9.27051 82.23803 -120.00000 0.18219 0.95861 -0.21880 0.6425 0.0625
0 9.27051 78.84740 -134.85533 0.18219 0.95861 -0.21880 0.6160 0.9464
podwall_s4
0 9.27051 82.23803 -120.00000 0.51203 0.83743 0.19114 0.6425 0.0625
0 9.27051 78.84740 -105.14467 0.51203 0.83743 0.19114 0.6160 0.1786
0 17.63356 74.24037 -107.36330 0.51203 0.83743 0.19114 0.5800 0.1612
podwall_s4
0 9.27051 82.23803 -120.00000 0.51203 0.83743 0.19114 0.6425 0.0625
0 17.63356 74.24037 -107.36330 0.51203 0.83743 0.19114 0.5800 0.1612
0 17.63356 77.12461 -120.00000 0.51203 0.83743 0.19114 0.6025 0.0625
podwall_s4
0 9.27051 78.84740 -105.14467 0.51203 0.67157 0.53556 0.6160 0.1786
0 9.27051 69.34707 -93.23163 0.51203 0.67157 0.53556 0.5418 0.2716
0 17.63356 66.15890 -97.22946 0.51203 0.67157 0.53556 0.5169 0.2404
podwall_s4
0 9.27051 78.84740 -105.14467 0.51203 0.67157 0.53556 0.6160 0.1786
0 17.63356 66.15890 -97.22946 0.51203 0.67157 0.53556 0.5169 0.2404
0 17.63356 74.24037 -107.36330 0.51203 0.67157 0.53556 0.5800 0.1612
podwall_s3
0 9.27051 69.34707 -93.23163 0.51203 0.37269 0.77390 0.5418 0.2716
0 9.27051 55.61868 -86.62038 0.51203 0.37269 0.77390 0.4345 0.3233
0 17.63356 54.48084 -91.60560 0.51203 0.37269 0.77390 0.4256 0.2843
podwall_s3
0 9.27051 69.34707 -93.23163 0.51203 0.37269 0.77390 0.5418 0.2716
0 17.63356 54.48084 -91.60560 0.51203 0.37269 0.77390 0.4256 0.2843
0 17.63356 66.15890 -97.22946 0.51203 0.37269 0.77390 0.5169 0.2404
podwall_s3
0 9.27051 55.61868 -86.62038 0.51203 0.00000 0.85897 0.4345 0.3233
0 9.27051 40.38132 -86.62038 0.51203 0.00000 0.85897 0.3155 0.3233
0 17.63356 41.51916 -91.60560 0.51203 0.00000 0.85897 0.3244 0.2843
podwall_s3
0 9.27051 55.61868 -86.62038 0.51203 0.00000 0.85897 0.4345 0.3233
0 17.63356 41.51916 -91.60560 0.51203 0.00000 0.85897 0.3244 0.2843
0 17.63356 54.48084 -91.60560 0.51203 0.00000 0.85897 0.4256 0.2843
podwall_s3
0 9.27051 40.38132 -86.62038 0.51203 -0.37269 0.77390 0.3155 0.3233
0 9.27051 26.65293 -93.23163 0.51203 -0.37269 0.77390 0.2082 0.2716
0 17.63356 29.84110 -97.22946 0.51203 -0.37269 0.77390 0.2331 0.2404
podwall_s3
0 9.27051 40.38132 -86.62038 0.51203 -0.37269 0.77390 0.3155 0.3233
0 17.63356 29.84110 -97.22946 0.51203 -0.37269 0.77390 0.2331 0.2404
0 17.63356 41.51916 -91.60560 0.51203 -0.37269 0.77390 0.3244 0.2843
podwall_s4
0 9.27051 26.65293 -93.23163 0.51203 -0.67157 0.53556 0.2082 0.2716
0 9.27051 17.15260 -105.14467 0.51203 -0.67157 0.53556 0.1340 0.1786
0 17.63356 21.75963 -107.36330 0.51203 -0.67157 0.53556 0.1700 0.1612
podwall_s4
0 9.27051 26.65293 -93.23163 0.51203 -0.67157 0.53556 0.2082 0.2716
0 17.63356 21.75963 -107.36330 0.51203 -0.67157 0.53556 0.1700 0.1612
0 17.63356 29.84110 -97.22946 0.51203 -0.67157 0.53556 0.2331 0.2404
podwall_s4
0 9.27051 17.15260 -105.14467 0.51203 -0.83743 0.19114 0.1340 0.1786
0 9.27051 13.76197 -120.00000 0.51203 -0.83743 0.19114 0.1075 0.0625
0 17.63356 18.87539 -120.00000 0.51203 -0.83743 0.19114 0.1475 0.0625
podwall_s4
0 9.27051 17.15260 -105.14467 0.51203 -0.83743 0.19114 0.1340 0.1786
0 17.63356 18.87539 -120.00000 0.51203 -0.83743 0.19114 0.1475 0.0625
0 17.63356 21.75963 -107.36330 0.51203 -0.83743 0.19114 0.1700 0.1612
podwall_s5
0 9.27051 13.76197 -120.00000 0.51203 -0.83743 -0.19114 0.1075 0.0625
0 9.27051 17.15260 -134.85533 0.51203 -0.83743 -0.19114 0.1340 0.9464
0 17.63356 21.75963 -132.63670 0.51203 -0.83743 -0.19114 0.1700 0.9638
podwall_s5
0 9.27051 13.76197 -120.00000 0.51203 -0.83743 -0.19114 0.1075 0.0625
0 17.63356 21.75963 -132.63670 0.51203 -0.83743 -0.19114 0.1700 0.9638
0 17.63356 18.87539 -120.00000 0.51203 -0.83743 -0.19114 0.1475 0.0625
podwall_s6
0 9.27051 17.15260 -134.85533 0.51203 -0.67157 -0.53556 0.1340 0.9464
0 9.27051 26.65293 -146.76837 0.51203 -0.67157 -0.53556 0.2082 0.8534
0 17.63356 29.84110 -142.77054 0.51203 -0.67157 -0.53556 0.2331 0.8846
podwall_s6
0 9.27051 17.15260 -134.85533 0.51203 -0.67157 -0.53556 0.1340 0.9464
0 17.63356 29.84110 -142.77054 0.51203 -0.67157 -0.53556 0.2331 0.8846
0 17.63356 21.75963 -132.63670 0.51203 -0.67157 -0.53556 0.1700 0.9638
podwall_s6
0 9.27051 26.65293 -146.76837 0.51203 -0.37269 -0.77390 0.2082 0.8534
0 9.27051 40.38132 -153.37962 0.51203 -0.37269 -0.77390 0.3155 0.8017
0 17.63356 41.51916 -148.39440 0.51203 -0.37269 -0.77390 0.3244 0.8407
podwall_s6
0 9.27051 26.65293 -146.76837 0.51203 -0.37269 -0.77390 0.2082 0.8534
0 17.63356 41.51916 -148.39440 0.51203 -0.37269 -0.77390 0.3244 0.8407
0 17.63356 29.84110 -142.77054 0.51203 -0.37269 -0.77390 0.2331 0.8846
podwall_s6
0 9.27051 40.38132 -153.37962 0.51203 0.00000 -0.85897 0.3155 0.8017
0 9.27051 55.61868 -153.37962 0.51203 0.00000 -0.85897 0.4345 0.8017
0 17.63356 54.48084 -148.39440 0.51203 0.00000 -0.85897 0.4256 0.8407
podwall_s6
0 9.27051 40.38132 -153.37962 0.51203 0.00000 -0.85897 0.3155 0.8017
0 17.63356 54.48084 -148.39440 0.51203 0.00000 -0.85897 0.4256 0.8407
0 17.63356 41.51916 -148.39440 0.51203 0.00000 -0.85897 0.3244 0.8407
podwall_s6
0 9.27051 55.61868 -153.37962 0.51203 0.37269 -0.77390 0.4345 0.8017
0 9.27051 69.34707 -146.76837 0.51203 0.37269 -0.77390 0.5418 0.8534
0 17.63356 66.15890 -142.77054 0.51203 0.37269 -0.77390 0.5169 0.8846
podwall_s6
0 9.27051 55.61868 -153.37962 0.51203 0.37269 -0.77390 0.4345 0.8017
0 17.63356 66.15890 -142.77054 0.51203 0.37269 -0.77390 0.5169 0.8846
0 17.63356 54.48084 -148.39440 0.51203 0.37269 -0.77390 0.4256 0.8407
podwall_s6
0 9.27051 69.34707 -146.76837 0.51203 0.67157 -0.53556 0.5418 0.8534
0 9.27051 78.84740 -134.85533 0.51203 0.67157 -0.53556 0.6160 0.9464
0 17.63356 74.24037 -132.63670 0.51203 0.67157 -0.53556 0.5800 0.9638
podwall_s6
0 9.27051 69.34707 -146.76837 0.51203 0.67157 -0.53556 0.5418 0.8534
0 17.63356 74.24037 -132.63670 0.51203 0.67157 -0.53556 0.5800 0.9638
0 17.63356 66.15890 -142.77054 0.51203 0.67157 -0.53556 0.5169 0.8846
podwall_s5
0 9.27051 78.84740 -134.85533 0.51203 0.83743 -0.19114 0.6160 0.9464
0 9.27051 82.23803 -120.00000 0.51203 0.83743 -0.19114 0.6425 0.0625
0 17.63356 77.12461 -120.00000 0.51203 0.83743 -0.19114 0.6025 0.0625
podwall_s5
0 9.27051 78.84740 -134.85533 0.51203 0.83743 -0.19114 0.6160 0.9464
0 17.63356 77.12461 -120.00000 0.51203 0.83743 -0.19114 0.6025 0.0625
0 17.63356 74.24037 -132.63670 0.51203 0.83743 -0.19114 0.5800 0.9638
podwall_s5
0 17.63356 77.12461 -120.00000 0.76015 0.63346 0.14458 0.6025 0.0625
0 17.63356 74.24037 -107.36330 0.76015 0.63346 0.14458 0.5800 0.1612
0 24.27051 67.06474 -110.81890 0.76015 0.63346 0.14458 0.5239 0.1342
podwall_s5
0 17.63356 77.12461 -120.00000 0.76015 0.63346 0.14458 0.6025 0.0625
0 24.27051 67.06474 -110.81890 0.76015 0.63346 0.14458 0.5239 0.1342
0 24.27051 69.16027 -120.00000 0.76015 0.63346 0.14458 0.5403 0.0625
podwall_s5
0 17.63356 74.24037 -107.36330 0.76015 0.50799 0.40511 0.5800 0.1612
0 17.63356 66.15890 -97.22946 0.76015 0.50799 0.40511 0.5169 0.2404
0 24.27051 61.19321 -103.45624 0.76015 0.50799 0.40511 0.4781 0.1917
podwall_s5
0 17.63356 74.24037 -107.36330 0.76015 0.50799 0.40511 0.5800 0.1612
0 24.27051 61.19321 -103.45624 0.76015 0.50799 0.40511 0.4781 0.1917
0 24.27051 67.06474 -110.81890 0.76015 0.50799 0.40511 0.5239 0.1342
podwall_s5
0 17.63356 66.15890 -97.22946 0.76015 0.28192 0.58540 0.5169 0.2404
0 17.63356 54.48084 -91.60560 0.76015 0.28192 0.58540 0.4256 0.2843
0 24.27051 52.70860 -99.37026 0.76015 0.28192 0.58540 0.4118 0.2237
podwall_s5
0 17.63356 66.15890 -97.22946 0.76015 0.28192 0.58540 0.5169 0.2404
0 24.27051 52.70860 -99.37026 0.76015 0.28192 0.58540 0.4118 0.2237
0 24.27051 61.19321 -103.45624 0.76015 0.28192 0.58540 0.4781 0.1917
podwall_s5
0 17.63356 54.48084 -91.60560 0.76015 0.00000 0.64975 0.4256 0.2843
0 17.63356 41.51916 -91.60560 0.76015 0.00000 0.64975 0.3244 0.2843
0 24.27051 43.29140 -99.37026 0.76015 0.00000 0.64975 0.3382 0.2237
podwall_s5
0 17.63356 54.48084 -91.60560 0.76015 0.00000 0.64975 0.4256 0.2843
0 24.27051 43.29140 -99.37026 0.76015 0.00000 0.64975 0.3382 0.2237
0 24.27051 52.70860 -99.37026 0.76015 0.00000 0.64975 0.4118 0.2237
podwall_s5
0 17.63356 41.51916 -91.60560 0.76015 -0.28192 0.58540 0.3244 0.2843
0 17.63356 29.84110 -97.22946 0.76015 -0.28192 0.58540 0.2331 0.2404
0 24.27051 34.80679 -103.45624 0.76015 -0.28192 0.58540 0.2719 0.1917
podwall_s5
0 17.63356 41.51916 -91.60560 0.76015 -0.28192 0.58540 0.3244 0.2843
0 24.27051 34.80679 -103.45624 0.76015 -0.28192 0.58540 0.2719 0.1917
0 24.27051 43.29140 -99.37026 0.76015 -0.28192 0.58540 0.3382 0.2237
podwall_s5
0 17.63356 29.84110 -97.22946 0.76015 -0.50799 0.40511 0.2331 0.2404
0 17.63356 21.75963 -107.36330 0.76015 -0.50799 0.40511 0.1700 0.1612
0 24.27051 28.93526 -110.81890 0.76015 -0.50799 0.40511 0.2261 0.1342
podwall_s5
0 17.63356 29.84110 -97.22946 0.76015 -0.50799 0.40511 0.2331 0.2404
0 24.27051 28.93526 -110.81890 0.76015 -0.50799 0.40511 0.2261 0.1342
0 24.27051 34.80679 -103.45624 0.76015 -0.50799 0.40511 0.2719 0.1917
podwall_s5
0 17.63356 21.75963 -107.36330 0.76015 -0.63346 0.14458 0.1700 0.1612
0 17.63356 18.87539 -120.00000 0.76015 -0.63346 0.14458 0.1475 0.0625
0 24.27051 26.83973 -120.00000 0.76015 -0.63346 0.14458 0.2097 0.0625
podwall_s5
0 17.63356 21.75963 -107.36330 0.76015 -0.63346 0.14458 0.1700 0.1612
0 24.27051 26.83973 -120.00000 0.76015 -0.63346 0.14458 0.2097 0.0625
0 24.27051 28.93526 -110.81890 0.76015 -0.63346 0.14458 0.2261 0.1342
podwall_s6
0 17.63356 18.87539 -120.00000 0.76015 -0.63346 -0.14458 0.1475 0.0625
0 17.63356 21.75963 -132.63670 0.76015 -0.63346 -0.14458 0.1700 0.9638
0 24.27051 28.93526 -129.18110 0.76015 -0.63346 -0.14458 0.2261 0.9908
podwall_s6
0 17.63356 18.87539 -120.00000 0.76015 -0.63346 -0.14458 0.1475 0.0625
0 24.27051 28.93526 -129.18110 0.76015 -0.63346 -0.14458 0.2261 0.9908
0 24.27051 26.83973 -120.00000 0.76015 -0.63346 -0.14458 0.2097 0.0625
podwall_s6
0 17.63356 21.75963 -132.63670 0.76015 -0.50799 -0.40511 0.1700 0.9638
0 17.63356 29.84110 -142.77054 0.76015 -0.50799 -0.40511 0.2331 0.8846
0 24.27051 34.80679 -136.54376 0.76015 -0.50799 -0.40511 0.2719 0.9333
podwall_s6
0 17.63356 21.75963 -132.63670 0.76015 -0.50799 -0.40511 0.1700 0.9638
0 24.27051 34.80679 -136.54376 0.76015 -0.50799 -0.40511 0.2719 0.9333
0 24.27051 28.93526 -129.18110 0.76015 -0.50799 -0.40511 0.2261 0.9908
podwall_s7
0 17.63356 29.84110 -142.77054 0.76015 -0.28192 -0.58540 0.2331 0.8846
0 17.63356 41.51916 -148.39440 0.76015 -0.28192 -0.58540 0.3244 0.8407
0 24.27051 43.29140 -140.62974 0.76015 -0.28192 -0.58540 0.3382 0.9013
podwall_s7
0 17.63356 29.84110 -142.77054 0.76015 -0.28192 -0.58540 0.2331 0.8846
0 24.27051 43.29140 -140.62974 0.76015 -0.28192 -0.58540 0.3382 0.9013
0 24.27051 34.80679 -136.54376 0.76015 -0.28192 -0.58540 0.2719 0.9333
podwall_s7
0 17.63356 41.51916 -148.39440 0.76015 0.00000 -0.64975 0.3244 0.8407
0 17.63356 54.48084 -148.39440 0.76015 0.00000 -0.64975 0.4256 0.8407
0 24.27051 52.70860 -140.62974 0.76015 0.00000 -0.64975 0.4118 0.9013
podwall_s7
0 17.63356 41.51916 -148.39440 0.76015 0.00000 -0.64975 0.3244 0.8407
0 24.27051 52.70860 -140.62974 0.76015 0.00000 -0.64975 0.4118 0.9013
0 24.27051 43.29140 -140.62974 0.76015 0.00000 -0.64975 0.3382 0.9013
podwall_s7
0 17.63356 54.48084 -148.39440 0.76015 0.28192 -0.58540 0.4256 0.8407
0 17.63356 66.15890 -142.77054 0.76015 0.28192 -0.58540 0.5169 0.8846
0 24.27051 61.19321 -136.54376 0.76015 0.28192 -0.58540 0.4781 0.9333
podwall_s7
0 17.63356 54.48084 -148.39440 0.76015 0.28192 -0.58540 0.4256 0.8407
0 24.27051 61.19321 -136.54376 0.76015 0.28192 -0.58540 0.4781 0.9333
0 24.27051 52.70860 -140.62974 0.76015 0.28192 -0.58540 0.4118 0.9013
podwall_s6
0 17.63356 66.15890 -142.77054 0.76015 0.50799 -0.40511 0.5169 0.8846
0 17.63356 74.24037 -132.63670 0.76015 0.50799 -0.40511 0.5800 0.9638
0 24.27051 67.06474 -129.18110 0.76015 0.50799 -0.40511 0.5239 0.9908
podwall_s6
0 17.63356 66.15890 -142.77054 0.76015 0.50799 -0.40511 0.5169 0.8846
0 24.27051 67.06474 -129.18110 0.76015 0.50799 -0.40511 0.5239 0.9908
0 24.27051 61.19321 -136.54376 0.76015 0.50799 -0.40511 0.4781 0.9333
podwall_s6
0 17.63356 74.24037 -132.63670 0.76015 0.63346 -0.14458 0.5800 0.9638
0 17.63356 77.12461 -120.00000 0.76015 0.63346 -0.14458 0.6025 0.0625
0 24.27051 69.16027 -120.00000 0.76015 0.63346 -0.14458 0.5403 0.0625
podwall_s6
0 17.63356 74.24037 -132.63670 0.76015 0.63346 -0.14458 0.5800 0.9638
0 24.27051 69.16027 -120.00000 0.76015 0.63346 -0.14458 0.5403 0.0625
0 24.27051 67.06474 -129.18110 0.76015 0.63346 -0.14458 0.5239 0.9908
podwall_s6
0 24.27051 69.16027 -120.00000 0.91682 0.38929 0.08885 0.5403 0.0625
0 24.27051 67.06474 -110.81890 0.91682 0.38929 0.08885 0.5239 0.1342
0 28.53170 58.02293 -115.17321 0.91682 0.38929 0.08885 0.4533 0.1002
podwall_s6
0 24.27051 69.16027 -120.00000 0.91682 0.38929 0.08885 0.5403 0.0625
0 28.53170 58.02293 -115.17321 0.91682 0.38929 0.08885 0.4533 0.1002
0 28.53170 59.12461 -120.00000 0.91682 0.38929 0.08885 0.4619 0.0625
podwall_s6
0 24.27051 67.06474 -110.81890 0.91682 0.31218 0.24896 0.5239 0.1342
0 24.27051 61.19321 -103.45624 0.91682 0.31218 0.24896 0.4781 0.1917
0 28.53170 54.93608 -111.30243 0.91682 0.31218 0.24896 0.4292 0.1304
podwall_s6
0 24.27051 67.06474 -110.81890 0.91682 0.31218 0.24896 0.5239 0.1342
0 28.53170 54.93608 -111.30243 0.91682 0.31218 0.24896 0.4292 0.1304
0 28.53170 58.02293 -115.17321 0.91682 0.31218 0.24896 0.4533 0.1002
podwall_s6
0 24.27051 61.19321 -103.45624 0.91682 0.17325 0.35975 0.4781 0.1917
0 24.27051 52.70860 -99.37026 0.91682 0.17325 0.35975 0.4118 0.2237
0 28.53170 50.47546 -109.15431 0.91682 0.17325 0.35975 0.3943 0.1472
podwall_s6
0 24.27051 61.19321 -103.45624 0.91682 0.17325 0.35975 0.4781 0.1917
0 28.53170 50.47546 -109.15431 0.91682 0.17325 0.35975 0.3943 0.1472
0 28.53170 54.93608 -111.30243 0.91682 0.17325 0.35975 0.4292 0.1304
podwall_s6
0 24.27051 52.70860 -99.37026 0.91682 0.00000 0.39930 0.4118 0.2237
0 24.27051 43.29140 -99.37026 0.91682 0.00000 0.39930 0.3382 0.2237
0 28.53170 45.52454 -109.15431 0.91682 0.00000 0.39930 0.3557 0.1472
podwall_s6
0 24.27051 52.70860 -99.37026 0.91682 0.00000 0.39930 0.4118 0.2237
0 28.53170 45.52454 -109.15431 0.91682 0.00000 0.39930 0.3557 0.1472
0 28.53170 50.47546 -109.15431 0.91682 0.00000 0.39930 0.3943 0.1472
podwall_s6
0 24.27051 43.29140 -99.37026 0.91682 -0.17325 0.35975 0.3382 0.2237
0 24.27051 34.80679 -103.45624 0.91682 -0.17325 0.35975 0.2719 0.1917
0 28.53170 41.06392 -111.30243 0.91682 -0.17325 0.35975 0.3208 0.1304
podwall_s6
0 24.27051 43.29140 -99.37026 0.91682 -0.17325 0.35975 0.3382 0.2237
0 28.53170 41.06392 -111.30243 0.91682 -0.17325 0.35975 0.3208 0.1304
0 28.53170 45.52454 -109.15431 0.91682 -0.17325 0.35975 0.3557 0.1472
podwall_s6
0 24.27051 34.80679 -103.45624 0.91682 -0.31218 0.24896 0.2719 0.1917
0 24.27051 28.93526 -110.81890 0.91682 -0.31218 0.24896 0.2261 0.1342
0 28.53170 37.97707 -115.17321 0.91682 -0.31218 0.24896 0.2967 0.1002
podwall_s6
0 24.27051 34.80679 -103.45624 0.91682 -0.31218 0.24896 0.2719 0.1917
0 28.53170 37.97707 -115.17321 0.91682 -0.31218 0.24896 0.2967 0.1002
0 28.53170 41.06392 -111.30243 0.91682 -0.31218 0.24896 0.3208 0.1304
podwall_s6
0 24.27051 28.93526 -110.81890 0.91682 -0.38929 0.08885 0.2261 0.1342
0 24.27051 26.83973 -120.00000 0.91682 -0.38929 0.08885 0.2097 0.0625
0 28.53170 36.87539 -120.00000 0.91682 -0.38929 0.08885 0.2881 0.0625
podwall_s6
0 24.27051 28.93526 -110.81890 0.91682 -0.38929 0.08885 0.2261 0.1342
0 28.53170 36.87539 -120.00000 0.91682 -0.38929 0.08885 0.2881 0.0625
0 28.53170 37.97707 -115.17321 0.91682 -0.38929 0.08885 0.2967 0.1002
podwall_s6
0 24.27051 26.83973 -120.00000 0.91682 -0.38929 -0.08885 0.2097 0.0625
0 24.27051 28.93526 -129.18110 0.91682 -0.38929 -0.08885 0.2261 0.9908
0 28.53170 37.97707 -124.82679 0.91682 -0.38929 -0.08885 0.2967 0.0248
podwall_s6
0 24.27051 26.83973 -120.00000 0.91682 -0.38929 -0.08885 0.2097 0.0625
0 28.53170 37.97707 -124.82679 0.91682 -0.38929 -0.08885 0.2967 0.0248
0 28.53170 36.87539 -120.00000 0.91682 -0.38929 -0.08885 0.2881 0.0625
podwall_s7
0 24.27051 28.93526 -129.18110 0.91682 -0.31218 -0.24896 0.2261 0.9908
0 24.27051 34.80679 -136.54376 0.91682 -0.31218 -0.24896 0.2719 0.9333
0 28.53170 41.06392 -128.69757 0.91682 -0.31218 -0.24896 0.3208 0.9946
podwall_s7
0 24.27051 28.93526 -129.18110 0.91682 -0.31218 -0.24896 0.2261 0.9908
0 28.53170 41.06392 -128.69757 0.91682 -0.31218 -0.24896 0.3208 0.9946
0 28.53170 37.97707 -124.82679 0.91682 -0.31218 -0.24896 0.2967 0.0248
podwall_s7
0 24.27051 34.80679 -136.54376 0.91682 -0.17325 -0.35975 0.2719 0.9333
0 24.27051 43.29140 -140.62974 0.91682 -0.17325 -0.35975 0.3382 0.9013
0 28.53170 45.52454 -130.84569 0.91682 -0.17325 -0.35975 0.3557 0.9778
podwall_s7
0 24.27051 34.80679 -136.54376 0.91682 -0.17325 -0.35975 0.2719 0.9333
0 28.53170 45.52454 -130.84569 0.91682 -0.17325 -0.35975 0.3557 0.9778
0 28.53170 41.06392 -128.69757 0.91682 -0.17325 -0.35975 0.3208 0.9946
podwall_s7
0 24.27051 43.29140 -140.62974 0.91682 0.00000 -0.39930 0.3382 0.9013
0 24.27051 52.70860 -140.62974 0.91682 0.00000 -0.39930 0.4118 0.9013
0 28.53170 50.47546 -130.84569 0.91682 0.00000 -0.39930 0.3943 0.9778
podwall_s7
0 24.27051 43.29140 -140.62974 0.91682 0.00000 -0.39930 0.3382 0.9013
0 28.53170 50.47546 -130.84569 0.91682 0.00000 -0.39930 0.3943 0.9778
0 28.53170 45.52454 -130.84569 0.91682 0.00000 -0.39930 0.3557 0.9778
podwall_s7
0 24.27051 52.70860 -140.62974 0.91682 0.17325 -0.35975 0.4118 0.9013
0 24.27051 61.19321 -136.54376 0.91682 0.17325 -0.35975 0.4781 0.9333
0 28.53170 54.93608 -128.69757 0.91682 0.17325 -0.35975 0.4292 0.9946
podwall_s7
0 24.27051 52.70860 -140.62974 0.91682 0.17325 -0.35975 0.4118 0.9013
0 28.53170 54.93608 -128.69757 0.91682 0.17325 -0.35975 0.4292 0.9946
0 28.53170 50.47546 -130.84569 0.91682 0.17325 -0.35975 0.3943 0.9778
podwall_s7
0 24.27051 61.19321 -136.54376 0.91682 0.31218 -0.24896 0.4781 0.9333
0 24.27051 67.06474 -129.18110 0.91682 0.31218 -0.24896 0.5239 0.9908
0 28.53170 58.02293 -124.82679 0.91682 0.31218 -0.24896 0.4533 0.0248
podwall_s7
0 24.27051 61.19321 -136.54376 0.91682 0.31218 -0.24896 0.4781 0.9333
0 28.53170 58.02293 -124.82679 0.91682 0.31218 -0.24896 0.4533 0.0248
0 28.53170 54.93608 -128.69757 0.91682 0.31218 -0.24896 0.4292 0.9946
podwall_s6
0 24.27051 67.06474 -129.18110 0.91682 0.38929 -0.08885 0.5239 0.9908
0 24.27051 69.16027 -120.00000 0.91682 0.38929 -0.08885 0.5403 0.0625
0 28.53170 59.12461 -120.00000 0.91682 0.38929 -0.08885 0.4619 0.0625
podwall_s6
0 24.27051 67.06474 -129.18110 0.91682 0.38929 -0.08885 0.5239 0.9908
0 28.53170 59.12461 -120.00000 0.91682 0.38929 -0.08885 0.4619 0.0625
0 28.53170 58.02293 -124.82679 0.91682 0.38929 -0.08885 0.4533 0.0248
podwall_s6
0 28.53170 59.12461 -120.00000 0.99096 0.13079 0.02985 0.4619 0.0625
0 28.53170 58.02293 -115.17321 0.99096 0.13079 0.02985 0.4533 0.1002
0 30.00000 48.00000 -120.00000 0.99096 0.13079 0.02985 0.3750 0.0625
podwall_s6
0 28.53170 58.02293 -115.17321 0.99096 0.10489 0.08365 0.4533 0.1002
0 28.53170 54.93608 -111.30243 0.99096 0.10489 0.08365 0.4292 0.1304
0 30.00000 48.00000 -120.00000 0.99096 0.10489 0.08365 0.3750 0.0625
podwall_s6
0 28.53170 54.93608 -111.30243 0.99096 0.05821 0.12087 0.4292 0.1304
0 28.53170 50.47546 -109.15431 0.99096 0.05821 0.12087 0.3943 0.1472
0 30.00000 48.00000 -120.00000 0.99096 0.05821 0.12087 0.3750 0.0625
podwall_s6
0 28.53170 50.47546 -109.15431 0.99096 0.00000 0.13416 0.3943 0.1472
0 28.53170 45.52454 -109.15431 0.99096 0.00000 0.13416 0.3557 0.1472
0 30.00000 48.00000 -120.00000 0.99096 0.00000 0.13416 0.3750 0.0625
podwall_s6
0 28.53170 45.52454 -109.15431 0.99096 -0.05821 0.12087 0.3557 0.1472
0 28.53170 41.06392 -111.30243 0.99096 -0.05821 0.12087 0.3208 0.1304
0 30.00000 48.00000 -120.00000 0.99096 -0.05821 0.12087 0.3750 0.0625
podwall_s6
0 28.53170 41.06392 -111.30243 0.99096 -0.10489 0.08365 0.3208 0.1304
0 28.53170 37.97707 -115.17321 0.99096 -0.10489 0.08365 0.2967 0.1002
0 30.00000 48.00000 -120.00000 0.99096 -0.10489 0.08365 0.3750 0.0625
podwall_s6
0 28.53170 37.97707 -115.17321 0.99096 -0.13079 0.02985 0.2967 0.1002
0 28.53170 36.87539 -120.00000 0.99096 -0.13079 0.02985 0.2881 0.0625
0 30.00000 48.00000 -120.00000 0.99096 -0.13079 0.02985 0.3750 0.0625
podwall_s7
0 28.53170 36.87539 -120.00000 0.99096 -0.13079 -0.02985 0.2881 0.0625
0 28.53170 37.97707 -124.82679 0.99096 -0.13079 -0.02985 0.2967 0.0248
0 30.00000 48.00000 -120.00000 0.99096 -0.13079 -0.02985 0.3750 0.0625
podwall_s7
0 28.53170 37.97707 -124.82679 0.99096 -0.10489 -0.08365 0.2967 0.0248
0 28.53170 41.06392 -128.69757 0.99096 -0.10489 -0.08365 0.3208 0.9946
0 30.00000 48.00000 -120.00000 0.99096 -0.10489 -0.08365 0.3750 0.0625
podwall_s7
0 28.53170 41.06392 -128.69757 0.99096 -0.05821 -0.12087 0.3208 0.9946
0 28.53170 45.52454 -130.84569 0.99096 -0.05821 -0.12087 0.3557 0.9778
0 30.00000 48.00000 -120.00000 0.99096 -0.05821 -0.12087 0.3750 0.0625
podwall_s7
0 28.53170 45.52454 -130.84569 0.99096 0.00000 -0.13416 0.3557 0.9778
0 28.53170 50.47546 -130.84569 0.99096 0.00000 -0.13416 0.3943 0.9778
0 30.00000 48.00000 -120.00000 0.99096 0.00000 -0.13416 0.3750 0.0625
podwall_s7
0 28.53170 50.47546 -130.84569 0.99096 0.05821 -0.12087 0.3943 0.9778
0 28.53170 54.93608 -128.69757 0.99096 0.05821 -0.12087 0.4292 0.9946
0 30.00000 48.00000 -120.00000 0.99096 0.05821 -0.12087 0.3750 0.0625
podwall_s7
0 28.53170 54.93608 -128.69757 0.99096 0.10489 -0.08365 0.4292 0.9946
0 28.53170 58.02293 -124.82679 0.99096 0.10489 -0.08365 0.4533 0.0248
0 30.00000 48.00000 -120.00000 0.99096 0.10489 -0.08365 0.3750 0.0625
podwall_s7
0 28.53170 58.02293 -124.82679 0.99096 0.13079 -0.02985 0.4533 0.0248
0 28.53170 59.12461 -120.00000 0.99096 0.13079 -0.02985 0.4619 0.0625
0 30.00000 48.00000 -120.00000 0.99096 0.13079 -0.02985 0.3750 0.0625
podwall_s3
0 0.00000 84.00000 -40.00000 0.18219 0.95861 0.21880 0.6562 0.6875
0 0.00000 80.43488 -24.38019 0.18219 0.95861 0.21880 0.6284 0.8095
0 9.27051 78.84740 -25.14467 0.18219 0.95861 0.21880 0.6160 0.8036
podwall_s3
0 0.00000 84.00000 -40.00000 0.18219 0.95861 0.21880 0.6562 0.6875
0 9.27051 78.84740 -25.14467 0.18219 0.95861 0.21880 0.6160 0.8036
0 9.27051 82.23803 -40.00000 0.18219 0.95861 0.21880 0.6425 0.6875
podwall_s3
0 0.00000 80.43488 -24.38019 0.18219 0.76875 0.61305 0.6284 0.8095
0 0.00000 70.44563 -11.85407 0.18219 0.76875 0.61305 0.5504 0.9074
0 9.27051 69.34707 -13.23163 0.18219 0.76875 0.61305 0.5418 0.8966
podwall_s3
0 0.00000 80.43488 -24.38019 0.18219 0.76875 0.61305 0.6284 0.8095
0 9.27051 69.34707 -13.23163 0.18219 0.76875 0.61305 0.5418 0.8966
0 9.27051 78.84740 -25.14467 0.18219 0.76875 0.61305 0.6160 0.8036
podwall_s2
0 0.00000 70.44563 -11.85407 0.18219 0.42662 0.88589 0.5504 0.9074
0 0.00000 56.01075 -4.90260 0.18219 0.42662 0.88589 0.4376 0.9617
0 9.27051 55.61868 -6.62038 0.18219 0.42662 0.88589 0.4345 0.9483
podwall_s2
0 0.00000 70.44563 -11.85407 0.18219 0.42662 0.88589 0.5504 0.9074
0 9.27051 55.61868 -6.62038 0.18219 0.42662 0.88589 0.4345 0.9483
0 9.27051 69.34707 -13.23163 0.18219 0.42662 0.88589 0.5418 0.8966
podwall_s2
0 0.00000 56.01075 -4.90260 0.18219 0.00000 0.98326 0.4376 0.9617
0 0.00000 39.98925 -4.90260 0.18219 0.00000 0.98326 0.3124 0.9617
0 9.27051 40.38132 -6.62038 0.18219 0.00000 0.98326 0.3155 0.9483
podwall_s2
0 0.00000 56.01075 -4.90260 0.18219 0.00000 0.98326 0.4376 0.9617
0 9.27051 40.38132 -6.62038 0.18219 0.00000 0.98326 0.3155 0.9483
0 9.27051 55.61868 -6.62038 0.18219 0.00000 0.98326 0.4345 0.9483
podwall_s2
0 0.00000 39.98925 -4.90260 0.18219 -0.42662 0.88589 0.3124 0.9617
0 0.00000 25.55437 -11.85407 0.18219 -0.42662 0.88589 0.1996 0.9074
0 9.27051 26.65293 -13.23163 0.18219 -0.42662 0.88589 0.2082 0.8966
podwall_s2
0 0.00000 39.98925 -4.90260 0.18219 -0.42662 0.88589 0.3124 0.9617
0 9.27051 26.65293 -13.23163 0.18219 -0.42662 0.88589 0.2082 0.8966
0 9.27051 40.38132 -6.62038 0.18219 -0.42662 0.88589 0.3155 0.9483
podwall_s3
0 0.00000 25.55437 -11.85407 0.18219 -0.76875 0.61305 0.1996 0.9074
0 0.00000 15.56512 -24.38019 0.18219 -0.76875 0.61305 0.1216 0.8095
0 9.27051 17.15260 -25.14467 0.18219 -0.76875 0.61305 0.1340 0.8036
podwall_s3
0 0.00000 25.55437 -11.85407 0.18219 -0.76875 0.61305 0.1996 0.9074
0 9.27051 17.15260 -25.14467 0.18219 -0.76875 0.61305 0.1340 0.8036
0 9.27051 26.65293 -13.23163 0.18219 -0.76875 0.61305 0.2082 0.8966
podwall_s3
0 0.00000 15.56512 -24.38019 0.18219 -0.95861 0.21880 0.1216 0.8095
0 0.00000 12.00000 -40.00000 0.18219 -0.95861 0.21880 0.0938 0.6875
0 9.27051 13.76197 -40.00000 0.18219 -0.95861 0.21880 0.1075 0.6875
podwall_s3
0 0.00000 15.56512 -24.38019 0.18219 -0.95861 0.21880 0.1216 0.8095
0 9.27051 13.76197 -40.00000 0.18219 -0.95861 0.21880 0.1075 0.6875
0 9.27051 17.15260 -25.14467 0.18219 -0.95861 0.21880 0.1340 0.8036
podwall_s4
0 0.00000 12.00000 -40.00000 0.18219 -0.95861 -0.21880 0.0938 0.6875
0 0.00000 15.56512 -55.61981 0.18219 -0.95861 -0.21880 0.1216 0.5655
0 9.27051 17.15260 -54.85533 0.18219 -0.95861 -0.21880 0.1340 0.5714
podwall_s4
0 0.00000 12.00000 -40.00000 0.18219 -0.95861 -0.21880 0.0938 0.6875
0 9.27051 17.15260 -54.85533 0.18219 -0.95861 -0.21880 0.1340 0.5714
0 9.27051 13.76197 -40.00000 0.18219 -0.95861 -0.21880 0.1075 0.6875
podwall_s5
0 0.00000 15.56512 -55.61981 0.18219 -0.76875 -0.61305 0.1216 0.5655
0 0.00000 25.55437 -68.14593 0.18219 -0.76875 -0.61305 0.1996 0.4676
0 9.27051 26.65293 -66.76837 0.18219 -0.76875 -0.61305 0.2082 0.4784
podwall_s5
0 0.00000 15.56512 -55.61981 0.18219 -0.76875 -0.61305 0.1216 0.5655
0 9.27051 26.65293 -66.76837 0.18219 -0.76875 -0.61305 0.2082 0.4784
0 9.27051 17.15260 -54.85533 0.18219 -0.76875 -0.61305 0.1340 0.5714
podwall_s5
0 0.00000 25.55437 -68.14593 0.18219 -0.42662 -0.88589 0.1996 0.4676
0 0.00000 39.98925 -75.09740 0.18219 -0.42662 -0.88589 0.3124 0.4133
0 9.27051 40.38132 -73.37962 0.18219 -0.42662 -0.88589 0.3155 0.4267
podwall_s5
0 0.00000 25.55437 -68.14593 0.18219 -0.42662 -0.88589 0.1996 0.4676
0 9.27051 40.38132 -73.37962 0.18219 -0.42662 -0.88589 0.3155 0.4267
0 9.27051 26.65293 -66.76837 0.18219 -0.42662 -0.88589 0.2082 0.4784
podwall_s5
0 0.00000 39.98925 -75.09740 0.18219 0.00000 -0.98326 0.3124 0.4133
0 0.00000 56.01075 -75.09740 0.18219 0.00000 -0.98326 0.4376 0.4133
0 9.27051 55.61868 -73.37962 0.18219 0.00000 -0.98326 0.4345 0.4267
podwall_s5
0 0.00000 39.98925 -75.09740 0.18219 0.00000 -0.98326 0.3124 0.4133
0 9.27051 55.61868 -73.37962 0.18219 0.00000 -0.98326 0.4345 0.4267
0 9.27051 40.38132 -73.37962 0.18219 0.00000 -0.98326 0.3155 0.4267
podwall_s5
0 0.00000 56.01075 -75.09740 0.18219 0.42662 -0.88589 0.4376 0.4133
0 0.00000 70.44563 -68.14593 0.18219 0.42662 -0.88589 0.5504 0.4676
0 9.27051 69.34707 -66.76837 0.18219 0.42662 -0.88589 0.5418 0.4784
podwall_s5
0 0.00000 56.01075 -75.09740 0.18219 0.42662 -0.88589 0.4376 0.4133
0 9.27051 69.34707 -66.76837 0.18219 0.42662 -0.88589 0.5418 0.4784
0 9.27051 55.61868 -73.37962 0.18219 0.42662 -0.88589 0.4345 0.4267
podwall_s5
0 0.00000 70.44563 -68.14593 0.18219 0.76875 -0.61305 0.5504 0.4676
0 0.00000 80.43488 -55.61981 0.18219 0.76875 -0.61305 0.6284 0.5655
0 9.27051 78.84740 -54.85533 0.18219 0.76875 -0.61305 0.6160 0.5714
podwall_s5
0 0.00000 70.44563 -68.14593 0.18219 0.76875 -0.61305 0.5504 0.4676
0 9.27051 78.84740 -54.85533 0.18219 0.76875 -0.61305 0.6160 0.5714
0 9.27051 69.34707 -66.76837 0.18219 0.76875 -0.61305 0.5418 0.4784
podwall_s4
0 0.00000 80.43488 -55.61981 0.18219 0.95861 -0.21880 0.6284 0.5655
0 0.00000 84.00000 -40.00000 0.18219 0.95861 -0.21880 0.6562 0.6875
0 9.27051 82.23803 -40.00000 0.18219 0.95861 -0.21880 0.6425 0.6875
podwall_s4
0 0.00000 80.43488 -55.61981 0.18219 0.95861 -0.21880 0.6284 0.5655
0 9.27051 82.23803 -40.00000 0.18219 0.95861 -0.21880 0.6425 0.6875
0 9.27051 78.84740 -54.85533 0.18219 0.95861 -0.21880 0.6160 0.5714
podwall_s4
0 9.27051 82.23803 -40.00000 0.51203 0.83743 0.19114 0.6425 0.6875
0 9.27051 78.84740 -25.14467 0.51203 0.83743 0.19114 0.6160 0.8036
0 17.63356 74.24037 -27.36330 0.51203 0.83743 0.19114 0.5800 0.7862
podwall_s4
0 9.27051 82.23803 -40.00000 0.51203 0.83743 0.19114 0.6425 0.6875
0 17.63356 74.24037 -27.36330 0.51203 0.83743 0.19114 0.5800 0.7862
0 17.63356 77.12461 -40.00000 0.51203 0.83743 0.19114 0.6025 0.6875
podwall_s4
0 9.27051 78.84740 -25.14467 0.51203 0.67157 0.53556 0.6160 0.8036
0 9.27051 69.34707 -13.23163 0.51203 0.67157 0.53556 0.5418 0.8966
0 17.63356 66.15890 -17.22946 0.51203 0.67157 0.53556 0.5169 0.8654
podwall_s4
0 9.27051 78.84740 -25.14467 0.51203 0.67157 0.53556 0.6160 0.8036
0 17.63356 66.15890 -17.22946 0.51203 0.67157 0.53556 0.5169 0.8654
0 17.63356 74.24037 -27.36330 0.51203 0.67157 0.53556 0.5800 0.7862
podwall_s3
0 9.27051 69.34707 -13.23163 0.51203 0.37269 0.77390 0.5418 0.8966
0 9.27051 55.61868 -6.62038 0.51203 0.37269 0.77390 0.4345 0.9483
0 17.63356 54.48084 -11.60560 0.51203 0.37269 0.77390 0.4256 0.9093
podwall_s3
0 9.27051 69.34707 -13.23163 0.51203 0.37269 0.77390 0.5418 0.8966
0 17.63356 54.48084 -11.60560 0.51203 0.37269 0.77390 0.4256 0.9093
0 17.63356 66.15890 -17.22946 0.51203 0.37269 0.77390 0.5169 0.8654
podwall_s3
0 9.27051 55.61868 -6.62038 0.51203 0.00000 0.85897 0.4345 0.9483
0 9.27051 40.38132 -6.62038 0.51203 0.00000 0.85897 0.3155 0.9483
0 17.63356 41.51916 -11.60560 0.51203 0.00000 0.85897 0.3244 0.9093
podwall_s3
0 9.27051 55.61868 -6.62038 0.51203 0.00000 0.85897 0.4345 0.9483
0 17.63356 41.51916 -11.60560 0.51203 0.00000 0.85897 0.3244 0.9093
0 17.63356 54.48084 -11.60560 0.51203 0.00000 0.85897 0.4256 0.9093
podwall_s3
0 9.27051 40.38132 -6.62038 0.51203 -0.37269 0.77390 0.3155 0.9483
0 9.27051 26.65293 -13.23163 0.51203 -0.37269 0.77390 0.2082 0.8966
0 17.63356 29.84110 -17.22946 0.51203 -0.37269 0.77390 0.2331 0.8654
podwall_s3
0 9.27051 40.38132 -6.62038 0.51203 -0.37269 0.77390 0.3155 0.9483
0 17.63356 29.84110 -17.22946 0.51203 -0.37269 0.77390 0.2331 0.8654
0 17.63356 41.51916 -11.60560 0.51203 -0.37269 0.77390 0.3244 0.9093
podwall_s4
0 9.27051 26.65293 -13.23163 0.51203 -0.67157 0.53556 0.2082 0.8966
0 9.27051 17.15260 -25.14467 0.51203 -0.67157 0.53556 0.1340 0.8036
0 17.63356 21.75963 -27.36330 0.51203 -0.67157 0.53556 0.1700 0.7862
podwall_s4
0 9.27051 26.65293 -13.23163 0.51203 -0.67157 0.53556 0.2082 0.8966
0 17.63356 21.75963 -27.36330 0.51203 -0.67157 0.53556 0.1700 0.7862
0 17.63356 29.84110 -17.22946 0.51203 -0.67157 0.53556 0.2331 0.8654
podwall_s4
0 9.27051 17.15260 -25.14467 0.51203 -0.83743 0.19114 0.1340 0.8036
0 9.27051 13.76197 -40.00000 0.51203 -0.83743 0.19114 0.1075 0.6875
0 17.63356 18.87539 -40.00000 0.51203 -0.83743 0.19114 0.1475 0.6875
podwall_s4
0 9.27051 17.15260 -25.14467 0.51203 -0.83743 0.19114 0.1340 0.8036
0 17.63356 18.87539 -40.00000 0.51203 -0.83743 0.19114 0.1475 0.6875
0 17.63356 21.75963 -27.36330 0.51203 -0.83743 0.19114 0.1700 0.7862
podwall_s5
0 9.27051 13.76197 -40.00000 0.51203 -0.83743 -0.19114 0.1075 0.6875
0 9.27051 17.15260 -54.85533 0.51203 -0.83743 -0.19114 0.1340 0.5714
0 17.63356 21.75963 -52.63670 0.51203 -0.83743 -0.19114 0.1700 0.5888
podwall_s5
0 9.27051 13.76197 -40.00000 0.51203 -0.83743 -0.19114 0.1075 0.6875
0 17.63356 21.75963 -52.63670 0.51203 -0.83743 -0.19114 0.1700 0.5888
0 17.63356 18.87539 -40.00000 0.51203 -0.83743 -0.19114 0.1475 0.6875
podwall_s6
0 9.27051 17.15260 -54.85533 0.51203 -0.67157 -0.53556 0.1340 0.5714
0 9.27051 26.65293 -66.76837 0.51203 -0.67157 -0.53556 0.2082 0.4784
0 17.63356 29.84110 -62.77054 0.51203 -0.67157 -0.53556 0.2331 0.5096
podwall_s6
0 9.27051 17.15260 -54.85533 0.51203 -0.67157 -0.53556 0.1340 0.5714
0 17.63356 29.84110 -62.77054 0.51203 -0.67157 -0.53556 0.2331 0.5096
0 17.63356 21.75963 -52.63670 0.51203 -0.67157 -0.53556 0.1700 0.5888
podwall_s6
0 9.27051 26.65293 -66.76837 0.51203 -0.37269 -0.77390 0.2082 0.4784
0 9.27051 40.38132 -73.37962 0.51203 -0.37269 -0.77390 0.3155 0.4267
0 17.63356 41.51916 -68.39440 0.51203 -0.37269 -0.77390 0.3244 0.4657
podwall_s6
0 9.27051 26.65293 -66.76837 0.51203 -0.37269 -0.77390 0.2082 0.4784
0 17.63356 41.51916 -68.39440 0.51203 -0.37269 -0.77390 0.3244 0.4657
0 17.63356 29.84110 -62.77054 0.51203 -0.37269 -0.77390 0.2331 0.5096
podwall_s6
0 9.27051 40.38132 -73.37962 0.51203 -0.00000 -0.85897 0.3155 0.4267
0 9.27051 55.61868 -73.37962 0.51203 -0.00000 -0.85897 0.4345 0.4267
0 17.63356 54.48084 -68.39440 0.51203 -0.00000 -0.85897 0.4256 0.4657
podwall_s6
0 9.27051 40.38132 -73.37962 0.51203 -0.00000 -0.85897 0.3155 0.4267
0 17.63356 54.48084 -68.39440 0.51203 -0.00000 -0.85897 0.4256 0.4657
0 17.63356 41.51916 -68.39440 0.51203 -0.00000 -0.85897 0.3244 0.4657
podwall_s6
0 9.27051 55.61868 -73.37962 0.51203 0.37269 -0.77390 0.4345 0.4267
0 9.27051 69.34707 -66.76837 0.51203 0.37269 -0.77390 0.5418 0.4784
0 17.63356 66.15890 -62.77054 0.51203 0.37269 -0.77390 0.5169 0.5096
podwall_s6
0 9.27051 55.61868 -73.37962 0.51203 0.37269 -0.77390 0.4345 0.4267
0 17.63356 66.15890 -62.77054 0.51203 0.37269 -0.77390 0.5169 0.5096
0 17.63356 54.48084 -68.39440 0.51203 0.37269 -0.77390 0.4256 0.4657
podwall_s6
0 9.27051 69.34707 -66.76837 0.51203 0.67157 -0.53556 0.5418 0.4784
0 9.27051 78.84740 -54.85533 0.51203 0.67157 -0.53556 0.6160 0.5714
0 17.63356 74.24037 -52.63670 0.51203 0.67157 -0.53556 0.5800 0.5888
podwall_s6
0 9.27051 69.34707 -66.76837 0.51203 0.67157 -0.53556 0.5418 0.4784
0 17.63356 74.24037 -52.63670 0.51203 0.67157 -0.53556 0.5800 0.5888
0 17.63356 66.15890 -62.77054 0.51203 0.67157 -0.53556 0.5169 0.5096
podwall_s5
0 9.27051 78.84740 -54.85533 0.51203 0.83743 -0.19114 0.6160 0.5714
0 9.27051 82.23803 -40.00000 0.51203 0.83743 -0.19114 0.6425 0.6875
0 17.63356 77.12461 -40.00000 0.51203 0.83743 -0.19114 0.6025 0.6875
podwall_s5
0 9.27051 78.84740 -54.85533 0.51203 0.83743 -0.19114 0.6160 0.5714
0 17.63356 77.12461 -40.00000 0.51203 0.83743 -0.19114 0.6025 0.6875
0 17.63356 74.24037 -52.63670 0.51203 0.83743 -0.19114 0.5800 0.5888
podwall_s5
0 17.63356 77.12461 -40.00000 0.76015 0.63346 0.14458 0.6025 0.6875
0 17.63356 74.24037 -27.36330 0.76015 0.63346 0.14458 0.5800 0.7862
0 24.27051 67.06474 -30.81890 0.76015 0.63346 0.14458 0.5239 0.7592
podwall_s5
0 17.63356 77.12461 -40.00000 0.76015 0.63346 0.14458 0.6025 0.6875
0 24.27051 67.06474 -30.81890 0.76015 0.63346 0.14458 0.5239 0.7592
0 24.27051 69.16027 -40.00000 0.76015 0.63346 0.14458 0.5403 0.6875
podwall_s5
0 17.63356 74.24037 -27.36330 0.76015 0.50799 0.40511 0.5800 0.7862
0 17.63356 66.15890 -17.22946 0.76015 0.50799 0.40511 0.5169 0.8654
0 24.27051 61.19321 -23.45624 0.76015 0.50799 0.40511 0.4781 0.8167
podwall_s5
0 17.63356 74.24037 -27.36330 0.76015 0.50799 0.40511 0.5800 0.7862
0 24.27051 61.19321 -23.45624 0.76015 0.50799 0.40511 0.4781 0.8167
0 24.27051 67.06474 -30.81890 0.76015 0.50799 0.40511 0.5239 0.7592
podwall_s5
0 17.63356 66.15890 -17.22946 0.76015 0.28192 0.58540 0.5169 0.8654
0 17.63356 54.48084 -11.60560 0.76015 0.28192 0.58540 0.4256 0.9093
0 24.27051 52.70860 -19.37026 0.76015 0.28192 0.58540 0.4118 0.8487
podwall_s5
0 17.63356 66.15890 -17.22946 0.76015 0.28192 0.58540 0.5169 0.8654
0 24.27051 52.70860 -19.37026 0.76015 0.28192 0.58540 0.4118 0.8487
0 24.27051 61.19321 -23.45624 0.76015 0.28192 0.58540 0.4781 0.8167
podwall_s5
0 17.63356 54.48084 -11.60560 0.76015 0.00000 0.64975 0.4256 0.9093
0 17.63356 41.51916 -11.60560 0.76015 0.00000 0.64975 0.3244 0.9093
0 24.27051 43.29140 -19.37026 0.76015 0.00000 0.64975 0.3382 0.8487
podwall_s5
0 17.63356 54.48084 -11.60560 0.76015 0.00000 0.64975 0.4256 0.9093
0 24.27051 43.29140 -19.37026 0.76015 0.00000 0.64975 0.3382 0.8487
0 24.27051 52.70860 -19.37026 0.76015 0.00000 0.64975 0.4118 0.8487
podwall_s5
0 17.63356 41.51916 -11.60560 0.76015 -0.28192 0.58540 0.3244 0.9093
0 17.63356 29.84110 -17.22946 0.76015 -0.28192 0.58540 0.2331 0.8654
0 24.27051 34.80679 -23.45624 0.76015 -0.28192 0.58540 0.2719 0.8167
podwall_s5
0 17.63356 41.51916 -11.60560 0.76015 -0.28192 0.58540 0.3244 0.9093
0 24.27051 34.80679 -23.45624 0.76015 -0.28192 0.58540 0.2719 0.8167
0 24.27051 43.29140 -19.37026 0.76015 -0.28192 0.58540 0.3382 0.8487
podwall_s5
0 17.63356 29.84110 -17.22946 0.76015 -0.50799 0.40511 0.2331 0.8654
0 17.63356 21.75963 -27.36330 0.76015 -0.50799 0.40511 0.1700 0.7862
0 24.27051 28.93526 -30.81890 0.76015 -0.50799 0.40511 0.2261 0.7592
podwall_s5
0 17.63356 29.84110 -17.22946 0.76015 -0.50799 0.40511 0.2331 0.8654
0 24.27051 28.93526 -30.81890 0.76015 -0.50799 0.40511 0.2261 0.7592
0 24.27051 34.80679 -23.45624 0.76015 -0.50799 0.40511 0.2719 0.8167
podwall_s5
0 17.63356 21.75963 -27.36330 0.76015 -0.63346 0.14458 0.1700 0.7862
0 17.63356 18.87539 -40.00000 0.76015 -0.63346 0.14458 0.1475 0.6875
0 24.27051 26.83973 -40.00000 0.76015 -0.63346 0.14458 0.2097 0.6875
podwall_s5
0 17.63356 21.75963 -27.36330 0.76015 -0.63346 0.14458 0.1700 0.7862
0 24.27051 26.83973 -40.00000 0.76015 -0.63346 0.14458 0.2097 0.6875
0 24.27051 28.93526 -30.81890 0.76015 -0.63346 0.14458 0.2261 0.7592
podwall_s6
0 17.63356 18.87539 -40.00000 0.76015 -0.63346 -0.14458 0.1475 0.6875
0 17.63356 21.75963 -52.63670 0.76015 -0.63346 -0.14458 0.1700 0.5888
0 24.27051 28.93526 -49.18110 0.76015 -0.63346 -0.14458 0.2261 0.6158
podwall_s6
0 17.63356 18.87539 -40.00000 0.76015 -0.63346 -0.14458 0.1475 0.6875
0 24.27051 28.93526 -49.18110 0.76015 -0.63346 -0.14458 0.2261 0.6158
0 24.27051 26.83973 -40.00000 0.76015 -0.63346 -0.14458 0.2097 0.6875
podwall_s6
0 17.63356 21.75963 -52.63670 0.76015 -0.50799 -0.40511 0.1700 0.5888
0 17.63356 29.84110 -62.77054 0.76015 -0.50799 -0.40511 0.2331 0.5096
0 24.27051 34.80679 -56.54376 0.76015 -0.50799 -0.40511 0.2719 0.5583
podwall_s6
0 17.63356 21.75963 -52.63670 0.76015 -0.50799 -0.40511 0.1700 0.5888
0 24.27051 34.80679 -56.54376 0.76015 -0.50799 -0.40511 0.2719 0.5583
0 24.27051 28.93526 -49.18110 0.76015 -0.50799 -0.40511 0.2261 0.6158
podwall_s7
0 17.63356 29.84110 -62.77054 0.76015 -0.28192 -0.58540 0.2331 0.5096
0 17.63356 41.51916 -68.39440 0.76015 -0.28192 -0.58540 0.3244 0.4657
0 24.27051 43.29140 -60.62974 0.76015 -0.28192 -0.58540 0.3382 0.5263
podwall_s7
0 17.63356 29.84110 -62.77054 0.76015 -0.28192 -0.58540 0.2331 0.5096
0 24.27051 43.29140 -60.62974 0.76015 -0.28192 -0.58540 0.3382 0.5263
0 24.27051 34.80679 -56.54376 0.76015 -0.28192 -0.58540 0.2719 0.5583
podwall_s7
0 17.63356 41.51916 -68.39440 0.76015 -0.00000 -0.64975 0.3244 0.4657
0 17.63356 54.48084 -68.39440 0.76015 -0.00000 -0.64975 0.4256 0.4657
0 24.27051 52.70860 -60.62974 0.76015 -0.00000 -0.64975 0.4118 0.5263
podwall_s7
0 17.63356 41.51916 -68.39440 0.76015 -0.00000 -0.64975 0.3244 0.4657
0 24.27051 52.70860 -60.62974 0.76015 -0.00000 -0.64975 0.4118 0.5263
0 24.27051 43.29140 -60.62974 0.76015 -0.00000 -0.64975 0.3382 0.5263
podwall_s7
0 17.63356 54.48084 -68.39440 0.76015 0.28192 -0.58540 0.4256 0.4657
0 17.63356 66.15890 -62.77054 0.76015 0.28192 -0.58540 0.5169 0.5096
0 24.27051 61.19321 -56.54376 0.76015 0.28192 -0.58540 0.4781 0.5583
podwall_s7
0 17.63356 54.48084 -68.39440 0.76015 0.28192 -0.58540 0.4256 0.4657
0 24.27051 61.19321 -56.54376 0.76015 0.28192 -0.58540 0.4781 0.5583
0 24.27051 52.70860 -60.62974 0.76015 0.28192 -0.58540 0.4118 0.5263
podwall_s6
0 17.63356 66.15890 -62.77054 0.76015 0.50799 -0.40511 0.5169 0.5096
0 17.63356 74.24037 -52.63670 0.76015 0.50799 -0.40511 0.5800 0.5888
0 24.27051 67.06474 -49.18110 0.76015 0.50799 -0.40511 0.5239 0.6158
podwall_s6
0 17.63356 66.15890 -62.77054 0.76015 0.50799 -0.40511 0.5169 0.5096
0 24.27051 67.06474 -49.18110 0.76015 0.50799 -0.40511 0.5239 0.6158
0 24.27051 61.19321 -56.54376 0.76015 0.50799 -0.40511 0.4781 0.5583
podwall_s6
0 17.63356 74.24037 -52.63670 0.76015 0.63346 -0.14458 0.5800 0.5888
0 17.63356 77.12461 -40.00000 0.76015 0.63346 -0.14458 0.6025 0.6875
0 24.27051 69.16027 -40.00000 0.76015 0.63346 -0.14458 0.5403 0.6875
podwall_s6
0 17.63356 74.24037 -52.63670 0.76015 0.63346 -0.14458 0.5800 0.5888
0 24.27051 69.16027 -40.00000 0.76015 0.63346 -0.14458 0.5403 0.6875
0 24.27051 67.06474 -49.18110 0.76015 0.63346 -0.14458 0.5239 0.6158
podwall_s6
0 24.27051 69.16027 -40.00000 0.91682 0.38929 0.08885 0.5403 0.6875
0 24.27051 67.06474 -30.81890 0.91682 0.38929 0.08885 0.5239 0.7592
0 28.53170 58.02293 -35.17321 0.91682 0.38929 0.08885 0.4533 0.7252
podwall_s6
0 24.27051 69.16027 -40.00000 0.91682 0.38929 0.08885 0.5403 0.6875
0 28.53170 58.02293 -35.17321 0.91682 0.38929 0.08885 0.4533 0.7252
0 28.53170 59.12461 -40.00000 0.91682 0.38929 0.08885 0.4619 0.6875
podwall_s6
0 24.27051 67.06474 -30.81890 0.91682 0.31218 0.24896 0.5239 0.7592
0 24.27051 61.19321 -23.45624 0.91682 0.31218 0.24896 0.4781 0.8167
0 28.53170 54.93608 -31.30243 0.91682 0.31218 0.24896 0.4292 0.7554
podwall_s6
0 24.27051 67.06474 -30.81890 0.91682 0.31218 0.24896 0.5239 0.7592
0 28.53170 54.93608 -31.30243 0.91682 0.31218 0.24896 0.4292 0.7554
0 28.53170 58.02293 -35.17321 0.91682 0.31218 0.24896 0.4533 0.7252
podwall_s6
0 24.27051 61.19321 -23.45624 0.91682 0.17325 0.35975 0.4781 0.8167
0 24.27051 52.70860 -19.37026 0.91682 0.17325 0.35975 0.4118 0.8487
0 28.53170 50.47546 -29.15431 0.91682 0.17325 0.35975 0.3943 0.7722
podwall_s6
0 24.27051 61.19321 -23.45624 0.91682 0.17325 0.35975 0.4781 0.8167
0 28.53170 50.47546 -29.15431 0.91682 0.17325 0.35975 0.3943 0.7722
0 28.53170 54.93608 -31.30243 0.91682 0.17325 0.35975 0.4292 0.7554
podwall_s6
0 24.27051 52.70860 -19.37026 0.91682 0.00000 0.39930 0.4118 0.8487
0 24.27051 43.29140 -19.37026 0.91682 0.00000 0.39930 0.3382 0.8487
0 28.53170 45.52454 -29.15431 0.91682 0.00000 0.39930 0.3557 0.7722
podwall_s6
0 24.27051 52.70860 -19.37026 0.91682 0.00000 0.39930 0.4118 0.8487
0 28.53170 45.52454 -29.15431 0.91682 0.00000 0.39930 0.3557 0.7722
0 28.53170 50.47546 -29.15431 0.91682 0.00000 0.39930 0.3943 0.7722
podwall_s6
0 24.27051 43.29140 -19.37026 0.91682 -0.17325 0.35975 0.3382 0.8487
0 24.27051 34.80679 -23.45624 0.91682 -0.17325 0.35975 0.2719 0.8167
0 28.53170 41.06392 -31.30243 0.91682 -0.17325 0.35975 0.3208 0.7554
podwall_s6
0 24.27051 43.29140 -19.37026 0.91682 -0.17325 0.35975 0.3382 0.8487
0 28.53170 41.06392 -31.30243 0.91682 -0.17325 0.35975 0.3208 0.7554
0 28.53170 45.52454 -29.15431 0.91682 -0.17325 0.35975 0.3557 0.7722
podwall_s6
0 24.27051 34.80679 -23.45624 0.91682 -0.31218 0.24896 0.2719 0.8167
0 24.27051 28.93526 -30.81890 0.91682 -0.31218 0.24896 0.2261 0.7592
0 28.53170 37.97707 -35.17321 0.91682 -0.31218 0.24896 0.2967 0.7252
podwall_s6
0 24.27051 34.80679 -23.45624 0.91682 -0.31218 0.24896 0.2719 0.8167
0 28.53170 37.97707 -35.17321 0.91682 -0.31218 0.24896 0.2967 0.7252
0 28.53170 41.06392 -31.30243 0.91682 -0.31218 0.24896 0.3208 0.7554
podwall_s6
0 24.27051 28.93526 -30.81890 0.91682 -0.38929 0.08885 0.2261 0.7592
0 24.27051 26.83973 -40.00000 0.91682 -0.38929 0.08885 0.2097 0.6875
0 28.53170 36.87539 -40.00000 0.91682 -0.38929 0.08885 0.2881 0.6875
podwall_s6
0 24.27051 28.93526 -30.81890 0.91682 -0.38929 0.08885 0.2261 0.7592
0 28.53170 36.87539 -40.00000 0.91682 -0.38929 0.08885 0.2881 0.6875
0 28.53170 37.97707 -35.17321 0.91682 -0.38929 0.08885 0.2967 0.7252
podwall_s6
0 24.27051 26.83973 -40.00000 0.91682 -0.38929 -0.08885 0.2097 0.6875
0 24.27051 28.93526 -49.18110 0.91682 -0.38929 -0.08885 0.2261 0.6158
0 28.53170 37.97707 -44.82679 0.91682 -0.38929 -0.08885 0.2967 0.6498
podwall_s6
0 24.27051 26.83973 -40.00000 0.91682 -0.38929 -0.08885 0.2097 0.6875
0 28.53170 37.97707 -44.82679 0.91682 -0.38929 -0.08885 0.2967 0.6498
0 28.53170 36.87539 -40.00000 0.91682 -0.38929 -0.08885 0.2881 0.6875
podwall_s7
0 24.27051 28.93526 -49.18110 0.91682 -0.31218 -0.24896 0.2261 0.6158
0 24.27051 34.80679 -56.54376 0.91682 -0.31218 -0.24896 0.2719 0.5583
0 28.53170 41.06392 -48.69757 0.91682 -0.31218 -0.24896 0.3208 0.6196
podwall_s7
0 24.27051 28.93526 -49.18110 0.91682 -0.31218 -0.24896 0.2261 0.6158
0 28.53170 41.06392 -48.69757 0.91682 -0.31218 -0.24896 0.3208 0.6196
0 28.53170 37.97707 -44.82679 0.91682 -0.31218 -0.24896 0.2967 0.6498
podwall_s7
0 24.27051 34.80679 -56.54376 0.91682 -0.17325 -0.35975 0.2719 0.5583
0 24.27051 43.29140 -60.62974 0.91682 -0.17325 -0.35975 0.3382 0.5263
0 28.53170 45.52454 -50.84569 0.91682 -0.17325 -0.35975 0.3557 0.6028
podwall_s7
0 24.27051 34.80679 -56.54376 0.91682 -0.17325 -0.35975 0.2719 0.5583
0 28.53170 45.52454 -50.84569 0.91682 -0.17325 -0.35975 0.3557 0.6028
0 28.53170 41.06392 -48.69757 0.91682 -0.17325 -0.35975 0.3208 0.6196
podwall_s7
0 24.27051 43.29140 -60.62974 0.91682 -0.00000 -0.39930 0.3382 0.5263
0 24.27051 52.70860 -60.62974 0.91682 -0.00000 -0.39930 0.4118 0.5263
0 28.53170 50.47546 -50.84569 0.91682 -0.00000 -0.39930 0.3943 0.6028
podwall_s7
0 24.27051 43.29140 -60.62974 0.91682 -0.00000 -0.39930 0.3382 0.5263
0 28.53170 50.47546 -50.84569 0.91682 -0.00000 -0.39930 0.3943 0.6028
0 28.53170 45.52454 -50.84569 0.91682 -0.00000 -0.39930 0.3557 0.6028
podwall_s7
0 24.27051 52.70860 -60.62974 0.91682 0.17325 -0.35975 0.4118 0.5263
0 24.27051 61.19321 -56.54376 0.91682 0.17325 -0.35975 0.4781 0.5583
0 28.53170 54.93608 -48.69757 0.91682 0.17325 -0.35975 0.4292 0.6196
podwall_s7
0 24.27051 52.70860 -60.62974 0.91682 0.17325 -0.35975 0.4118 0.5263
0 28.53170 54.93608 -48.69757 0.91682 0.17325 -0.35975 0.4292 0.6196
0 28.53170 50.47546 -50.84569 0.91682 0.17325 -0.35975 0.3943 0.6028
podwall_s7
0 24.27051 61.19321 -56.54376 0.91682 0.31218 -0.24896 0.4781 0.5583
0 24.27051 67.06474 -49.18110 0.91682 0.31218 -0.24896 0.5239 0.6158
0 28.53170 58.02293 -44.82679 0.91682 0.31218 -0.24896 0.4533 0.6498
podwall_s7
0 24.27051 61.19321 -56.54376 0.91682 0.31218 -0.24896 0.4781 0.5583
0 28.53170 58.02293 -44.82679 0.91682 0.31218 -0.24896 0.4533 0.6498
0 28.53170 54.93608 -48.69757 0.91682 0.31218 -0.24896 0.4292 0.6196
podwall_s6
0 24.27051 67.06474 -49.18110 0.91682 0.38929 -0.08885 0.5239 0.6158
0 24.27051 69.16027 -40.00000 0.91682 0.38929 -0.08885 0.5403 0.6875
0 28.53170 59.12461 -40.00000 0.91682 0.38929 -0.08885 0.4619 0.6875
podwall_s6
0 24.27051 67.06474 -49.18110 0.91682 0.38929 -0.08885 0.5239 0.6158
0 28.53170 59.12461 -40.00000 0.91682 0.38929 -0.08885 0.4619 0.6875
0 28.53170 58.02293 -44.82679 0.91682 0.38929 -0.08885 0.4533 0.6498
podwall_s6
0 28.53170 59.12461 -40.00000 0.99096 0.13079 0.02985 0.4619 0.6875
0 28.53170 58.02293 -35.17321 0.99096 0.13079 0.02985 0.4533 0.7252
0 30.00000 48.00000 -40.00000 0.99096 0.13079 0.02985 0.3750 0.6875
podwall_s6
0 28.53170 58.02293 -35.17321 0.99096 0.10489 0.08365 0.4533 0.7252
0 28.53170 54.93608 -31.30243 0.99096 0.10489 0.08365 0.4292 0.7554
0 30.00000 48.00000 -40.00000 0.99096 0.10489 0.08365 0.3750 0.6875
podwall_s6
0 28.53170 54.93608 -31.30243 0.99096 0.05821 0.12087 0.4292 0.7554
0 28.53170 50.47546 -29.15431 0.99096 0.05821 0.12087 0.3943 0.7722
0 30.00000 48.00000 -40.00000 0.99096 0.05821 0.12087 0.3750 0.6875
podwall_s6
0 28.53170 50.47546 -29.15431 0.99096 0.00000 0.13416 0.3943 0.7722
0 28.53170 45.52454 -29.15431 0.99096 0.00000 0.13416 0.3557 0.7722
0 30.00000 48.00000 -40.00000 0.99096 0.00000 0.13416 0.3750 0.6875
podwall_s6
0 28.53170 45.52454 -29.15431 0.99096 -0.05821 0.12087 0.3557 0.7722
0 28.53170 41.06392 -31.30243 0.99096 -0.05821 0.12087 0.3208 0.7554
0 30.00000 48.00000 -40.00000 0.99096 -0.05821 0.12087 0.3750 0.6875
podwall_s6
0 28.53170 41.06392 -31.30243 0.99096 -0.10489 0.08365 0.3208 0.7554
0 28.53170 37.97707 -35.17321 0.99096 -0.10489 0.08365 0.2967 0.7252
0 30.00000 48.00000 -40.00000 0.99096 -0.10489 0.08365 0.3750 0.6875
podwall_s6
0 28.53170 37.97707 -35.17321 0.99096 -0.13079 0.02985 0.2967 0.7252
0 28.53170 36.87539 -40.00000 0.99096 -0.13079 0.02985 0.2881 0.6875
0 30.00000 48.00000 -40.00000 0.99096 -0.13079 0.02985 0.3750 0.6875
podwall_s7
0 28.53170 36.87539 -40.00000 0.99096 -0.13079 -0.02985 0.2881 0.6875
0 28.53170 37.97707 -44.82679 0.99096 -0.13079 -0.02985 0.2967 0.6498
0 30.00000 48.00000 -40.00000 0.99096 -0.13079 -0.02985 0.3750 0.6875
podwall_s7
0 28.53170 37.97707 -44.82679 0.99096 -0.10489 -0.08365 0.2967 0.6498
0 28.53170 41.06392 -48.69757 0.99096 -0.10489 -0.08365 0.3208 0.6196
0 30.00000 48.00000 -40.00000 0.99096 -0.10489 -0.08365 0.3750 0.6875
podwall_s7
0 28.53170 41.06392 -48.69757 0.99096 -0.05821 -0.12087 0.3208 0.6196
0 28.53170 45.52454 -50.84569 0.99096 -0.05821 -0.12087 0.3557 0.6028
0 30.00000 48.00000 -40.00000 0.99096 -0.05821 -0.12087 0.3750 0.6875
podwall_s7
0 28.53170 45.52454 -50.84569 0.99096 0.00000 -0.13416 0.3557 0.6028
0 28.53170 50.47546 -50.84569 0.99096 0.00000 -0.13416 0.3943 0.6028
0 30.00000 48.00000 -40.00000 0.99096 0.00000 -0.13416 0.3750 0.6875
podwall_s7
0 28.53170 50.47546 -50.84569 0.99096 0.05821 -0.12087 0.3943 0.6028
0 28.53170 54.93608 -48.69757 0.99096 0.05821 -0.12087 0.4292 0.6196
0 30.00000 48.00000 -40.00000 0.99096 0.05821 -0.12087 0.3750 0.6875
podwall_s7
0 28.53170 54.93608 -48.69757 0.99096 0.10489 -0.08365 0.4292 0.6196
0 28.53170 58.02293 -44.82679 0.99096 0.10489 -0.08365 0.4533 0.6498
0 30.00000 48.00000 -40.00000 0.99096 0.10489 -0.08365 0.3750 0.6875
podwall_s7
0 28.53170 58.02293 -44.82679 0.99096 0.13079 -0.02985 0.4533 0.6498
0 28.53170 59.12461 -40.00000 0.99096 0.13079 -0.02985 0.4619 0.6875
0 30.00000 48.00000 -40.00000 0.99096 0.13079 -0.02985 0.3750 0.6875
podwall_s3
0 0.00000 84.00000 40.00000 0.18219 0.95861 0.21880 0.6562 0.3125
0 0.00000 80.43488 55.61981 0.18219 0.95861 0.21880 0.6284 0.4345
0 9.27051 78.84740 54.85533 0.18219 0.95861 0.21880 0.6160 0.4286
podwall_s3
0 0.00000 84.00000 40.00000 0.18219 0.95861 0.21880 0.6562 0.3125
0 9.27051 78.84740 54.85533 0.18219 0.95861 0.21880 0.6160 0.4286
0 9.27051 82.23803 40.00000 0.18219 0.95861 0.21880 0.6425 0.3125
podwall_s3
0 0.00000 80.43488 55.61981 0.18219 0.76875 0.61305 0.6284 0.4345
0 0.00000 70.44563 68.14593 0.18219 0.76875 0.61305 0.5504 0.5324
0 9.27051 69.34707 66.76837 0.18219 0.76875 0.61305 0.5418 0.5216
podwall_s3
0 0.00000 80.43488 55.61981 0.18219 0.76875 0.61305 0.6284 0.4345
0 9.27051 69.34707 66.76837 0.18219 0.76875 0.61305 0.5418 0.5216
0 9.27051 78.84740 54.85533 0.18219 0.76875 0.61305 0.6160 0.4286
podwall_s2
0 0.00000 70.44563 68.14593 0.18219 0.42662 0.88589 0.5504 0.5324
0 0.00000 56.01075 75.09740 0.18219 0.42662 0.88589 0.4376 0.5867
0 9.27051 55.61868 73.37962 0.18219 0.42662 0.88589 0.4345 0.5733
podwall_s2
0 0.00000 70.44563 68.14593 0.18219 0.42662 0.88589 0.5504 0.5324
0 9.27051 55.61868 73.37962 0.18219 0.42662 0.88589 0.4345 0.5733
0 9.27051 69.34707 66.76837 0.18219 0.42662 0.88589 0.5418 0.5216
podwall_s2
0 0.00000 56.01075 75.09740 0.18219 0.00000 0.98326 0.4376 0.5867
0 0.00000 39.98925 75.09740 0.18219 0.00000 0.98326 0.3124 0.5867
0 9.27051 40.38132 73.37962 0.18219 0.00000 0.98326 0.3155 0.5733
podwall_s2
0 0.00000 56.01075 75.09740 0.18219 0.00000 0.98326 0.4376 0.5867
0 9.27051 40.38132 73.37962 0.18219 0.00000 0.98326 0.3155 0.5733
0 9.27051 55.61868 73.37962 0.18219 0.00000 0.98326 0.4345 0.5733
podwall_s2
0 0.00000 39.98925 75.09740 0.18219 -0.42662 0.88589 0.3124 0.5867
0 0.00000 25.55437 68.14593 0.18219 -0.42662 0.88589 0.1996 0.5324
0 9.27051 26.65293 66.76837 0.18219 -0.42662 0.88589 0.2082 0.5216
podwall_s2
0 0.00000 39.98925 75.09740 0.18219 -0.42662 0.88589 0.3124 0.5867
0 9.27051 26.65293 66.76837 0.18219 -0.42662 0.88589 0.2082 0.5216
0 9.27051 40.38132 73.37962 0.18219 -0.42662 0.88589 0.3155 0.5733
podwall_s3
0 0.00000 25.55437 68.14593 0.18219 -0.76875 0.61305 0.1996 0.5324
0 0.00000 15.56512 55.61981 0.18219 -0.76875 0.61305 0.1216 0.4345
0 9.27051 17.15260 54.85533 0.18219 -0.76875 0.61305 0.1340 0.4286
podwall_s3
0 0.00000 25.55437 68.14593 0.18219 -0.76875 0.61305 0.1996 0.5324
0 9.27051 17.15260 54.85533 0.18219 -0.76875 0.61305 0.1340 0.4286
0 9.27051 26.65293 66.76837 0.18219 -0.76875 0.61305 0.2082 0.5216
podwall_s3
0 0.00000 15.56512 55.61981 0.18219 -0.95861 0.21880 0.1216 0.4345
0 0.00000 12.00000 40.00000 0.18219 -0.95861 0.21880 0.0938 0.3125
0 9.27051 13.76197 40.00000 0.18219 -0.95861 0.21880 0.1075 0.3125
podwall_s3
0 0.00000 15.56512 55.61981 0.18219 -0.95861 0.21880 0.1216 0.4345
0 9.27051 13.76197 40.00000 0.18219 -0.95861 0.21880 0.1075 0.3125
0 9.27051 17.15260 54.85533 0.18219 -0.95861 0.21880 0.1340 0.4286
podwall_s4
0 0.00000 12.00000 40.00000 0.18219 -0.95861 -0.21880 0.0938 0.3125
0 0.00000 15.56512 24.38019 0.18219 -0.95861 -0.21880 0.1216 0.1905
0 9.27051 17.15260 25.14467 0.18219 -0.95861 -0.21880 0.1340 0.1964
podwall_s4
0 0.00000 12.00000 40.00000 0.18219 -0.95861 -0.21880 0.0938 0.3125
0 9.27051 17.15260 25.14467 0.18219 -0.95861 -0.21880 0.1340 0.1964
0 9.27051 13.76197 40.00000 0.18219 -0.95861 -0.21880 0.1075 0.3125
podwall_s5
0 0.00000 15.56512 24.38019 0.18219 -0.76875 -0.61305 0.1216 0.1905
0 0.00000 25.55437 11.85407 0.18219 -0.76875 -0.61305 0.1996 0.0926
0 9.27051 26.65293 13.23163 0.18219 -0.76875 -0.61305 0.2082 0.1034
podwall_s5
0 0.00000 15.56512 24.38019 0.18219 -0.76875 -0.61305 0.1216 0.1905
0 9.27051 26.65293 13.23163 0.18219 -0.76875 -0.61305 0.2082 0.1034
0 9.27051 17.15260 25.14467 0.18219 -0.76875 -0.61305 0.1340 0.1964
podwall_s5
0 0.00000 25.55437 11.85407 0.18219 -0.42662 -0.88589 0.1996 0.0926
0 0.00000 39.98925 4.90260 0.18219 -0.42662 -0.88589 0.3124 0.0383
0 9.27051 40.38132 6.62038 0.18219 -0.42662 -0.88589 0.3155 0.0517
podwall_s5
0 0.00000 25.55437 11.85407 0.18219 -0.42662 -0.88589 0.1996 0.0926
0 9.27051 40.38132 6.62038 0.18219 -0.42662 -0.88589 0.3155 0.0517
0 9.27051 26.65293 13.23163 0.18219 -0.42662 -0.88589 0.2082 0.1034
podwall_s5
0 0.00000 39.98925 4.90260 0.18219 -0.00000 -0.98326 0.3124 0.0383
0 0.00000 56.01075 4.90260 0.18219 -0.00000 -0.98326 0.4376 0.0383
0 9.27051 55.61868 6.62038 0.18219 -0.00000 -0.98326 0.4345 0.0517
podwall_s5
0 0.00000 39.98925 4.90260 0.18219 -0.00000 -0.98326 0.3124 0.0383
0 9.27051 55.61868 6.62038 0.18219 -0.00000 -0.98326 0.4345 0.0517
0 9.27051 40.38132 6.62038 0.18219 -0.00000 -0.98326 0.3155 0.0517
podwall_s5
0 0.00000 56.01075 4.90260 0.18219 0.42662 -0.88589 0.4376 0.0383
0 0.00000 70.44563 11.85407 0.18219 0.42662 -0.88589 0.5504 0.0926
0 9.27051 69.34707 13.23163 0.18219 0.42662 -0.88589 0.5418 0.1034
podwall_s5
0 0.00000 56.01075 4.90260 0.18219 0.42662 -0.88589 0.4376 0.0383
0 9.27051 69.34707 13.23163 0.18219 0.42662 -0.88589 0.5418 0.1034
0 9.27051 55.61868 6.62038 0.18219 0.42662 -0.88589 0.4345 0.0517
podwall_s5
0 0.00000 70.44563 11.85407 0.18219 0.76875 -0.61305 0.5504 0.0926
0 0.00000 80.43488 24.38019 0.18219 0.76875 -0.61305 0.6284 0.1905
0 9.27051 78.84740 25.14467 0.18219 0.76875 -0.61305 0.6160 0.1964
podwall_s5
0 0.00000 70.44563 11.85407 0.18219 0.76875 -0.61305 0.5504 0.0926
0 9.27051 78.84740 25.14467 0.18219 0.76875 -0.61305 0.6160 0.1964
0 9.27051 69.34707 13.23163 0.18219 0.76875 -0.61305 0.5418 0.1034
podwall_s4
0 0.00000 80.43488 24.38019 0.18219 0.95861 -0.21880 0.6284 0.1905
0 0.00000 84.00000 40.00000 0.18219 0.95861 -0.21880 0.6562 0.3125
0 9.27051 82.23803 40.00000 0.18219 0.95861 -0.21880 0.6425 0.3125
podwall_s4
0 0.00000 80.43488 24.38019 0.18219 0.95861 -0.21880 0.6284 0.1905
0 9.27051 82.23803 40.00000 0.18219 0.95861 -0.21880 0.6425 0.3125
0 9.27051 78.84740 25.14467 0.18219 0.95861 -0.21880 0.6160 0.1964
podwall_s4
0 9.27051 82.23803 40.00000 0.51203 0.83743 0.19114 0.6425 0.3125
0 9.27051 78.84740 54.85533 0.51203 0.83743 0.19114 0.6160 0.4286
0 17.63356 74.24037 52.63670 0.51203 0.83743 0.19114 0.5800 0.4112
podwall_s4
0 9.27051 82.23803 40.00000 0.51203 0.83743 0.19114 0.6425 0.3125
0 17.63356 74.24037 52.63670 0.51203 0.83743 0.19114 0.5800 0.4112
0 17.63356 77.12461 40.00000 0.51203 0.83743 0.19114 0.6025 0.3125
podwall_s4
0 9.27051 78.84740 54.85533 0.51203 0.67157 0.53556 0.6160 0.4286
0 9.27051 69.34707 66.76837 0.51203 0.67157 0.53556 0.5418 0.5216
0 17.63356 66.15890 62.77054 0.51203 0.67157 0.53556 0.5169 0.4904
podwall_s4
0 9.27051 78.84740 54.85533 0.51203 0.67157 0.53556 0.6160 0.4286
0 17.63356 66.15890 62.77054 0.51203 0.67157 0.53556 0.5169 0.4904
0 17.63356 74.24037 52.63670 0.51203 0.67157 0.53556 0.5800 0.4112
podwall_s3
0 9.27051 69.34707 66.76837 0.51203 0.37269 0.77390 0.5418 0.5216
0 9.27051 55.61868 73.37962 0.51203 0.37269 0.77390 0.4345 0.5733
0 17.63356 54.48084 68.39440 0.51203 0.37269 0.77390 0.4256 0.5343
podwall_s3
0 9.27051 69.34707 66.76837 0.51203 0.37269 0.77390 0.5418 0.5216
0 17.63356 54.48084 68.39440 0.51203 0.37269 0.77390 0.4256 0.5343
0 17.63356 66.15890 62.77054 0.51203 0.37269 0.77390 0.5169 0.4904
podwall_s3
0 9.27051 55.61868 73.37962 0.51203 0.00000 0.85897 0.4345 0.5733
0 9.27051 40.38132 73.37962 0.51203 0.00000 0.85897 0.3155 0.5733
0 17.63356 41.51916 68.39440 0.51203 0.00000 0.85897 0.3244 0.5343
podwall_s3
0 9.27051 55.61868 73.37962 0.51203 0.00000 0.85897 0.4345 0.5733
0 17.63356 41.51916 68.39440 0.51203 0.00000 0.85897 0.3244 0.5343
0 17.63356 54.48084 68.39440 0.51203 0.00000 0.85897 0.4256 0.5343
podwall_s3
0 9.27051 40.38132 73.37962 0.51203 -0.37269 0.77390 0.3155 0.5733
0 9.27051 26.65293 66.76837 0.51203 -0.37269 0.77390 0.2082 0.5216
0 17.63356 29.84110 62.77054 0.51203 -0.37269 0.77390 0.2331 0.4904
podwall_s3
0 9.27051 40.38132 73.37962 0.51203 -0.37269 0.77390 0.3155 0.5733
0 17.63356 29.84110 62.77054 0.51203 -0.37269 0.77390 0.2331 0.4904
0 17.63356 41.51916 68.39440 0.51203 -0.37269 0.77390 0.3244 0.5343
podwall_s4
0 9.27051 26.65293 66.76837 0.51203 -0.67157 0.53556 0.2082 0.5216
0 9.27051 17.15260 54.85533 0.51203 -0.67157 0.53556 0.1340 0.4286
0 17.63356 21.75963 52.63670 0.51203 -0.67157 0.53556 0.1700 0.4112
podwall_s4
0 9.27051 26.65293 66.76837 0.51203 -0.67157 0.53556 0.2082 0.5216
0 17.63356 21.75963 52.63670 0.51203 -0.67157 0.53556 0.1700 0.4112
0 17.63356 29.84110 62.77054 0.51203 -0.67157 0.53556 0.2331 0.4904
podwall_s4
0 9.27051 17.15260 54.85533 0.51203 -0.83743 0.19114 0.1340 0.4286
0 9.27051 13.76197 40.00000 0.51203 -0.83743 0.19114 0.1075 0.3125
0 17.63356 18.87539 40.00000 0.51203 -0.83743 0.19114 0.1475 0.3125
podwall_s4
0 9.27051 17.15260 54.85533 0.51203 -0.83743 0.19114 0.1340 0.4286
0 17.63356 18.87539 40.00000 0.51203 -0.83743 0.19114 0.1475 0.3125
0 17.63356 21.75963 52.63670 0.51203 -0.83743 0.19114 0.1700 0.4112
podwall_s5
0 9.27051 13.76197 40.00000 0.51203 -0.83743 -0.19114 0.1075 0.3125
0 9.27051 17.15260 25.14467 0.51203 -0.83743 -0.19114 0.1340 0.1964
0 17.63356 21.75963 27.36330 0.51203 -0.83743 -0.19114 0.1700 0.2138
podwall_s5
0 9.27051 13.76197 40.00000 0.51203 -0.83743 -0.19114 0.1075 0.3125
0 17.63356 21.75963 27.36330 0.51203 -0.83743 -0.19114 0.1700 0.2138
0 17.63356 18.87539 40.00000 0.51203 -0.83743 -0.19114 0.1475 0.3125
podwall_s6
0 9.27051 17.15260 25.14467 0.51203 -0.67157 -0.53556 0.1340 0.1964
0 9.27051 26.65293 13.23163 0.51203 -0.67157 -0.53556 0.2082 0.1034
0 17.63356 29.84110 17.22946 0.51203 -0.67157 -0.53556 0.2331 0.1346
podwall_s6
0 9.27051 17.15260 25.14467 0.51203 -0.67157 -0.53556 0.1340 0.1964
0 17.63356 29.84110 17.22946 0.51203 -0.67157 -0.53556 0.2331 0.1346
0 17.63356 21.75963 27.36330 0.51203 -0.67157 -0.53556 0.1700 0.2138
podwall_s6
0 9.27051 26.65293 13.23163 0.51203 -0.37269 -0.77390 0.2082 0.1034
0 9.27051 40.38132 6.62038 0.51203 -0.37269 -0.77390 0.3155 0.0517
0 17.63356 41.51916 11.60560 0.51203 -0.37269 -0.77390 0.3244 0.0907
podwall_s6
0 9.27051 26.65293 13.23163 0.51203 -0.37269 -0.77390 0.2082 0.1034
0 17.63356 41.51916 11.60560 0.51203 -0.37269 -0.77390 0.3244 0.0907
0 17.63356 29.84110 17.22946 0.51203 -0.37269 -0.77390 0.2331 0.1346
podwall_s6
0 9.27051 40.38132 6.62038 0.51203 -0.00000 -0.85897 0.3155 0.0517
0 9.27051 55.61868 6.62038 0.51203 -0.00000 -0.85897 0.4345 0.0517
0 17.63356 54.48084 11.60560 0.51203 -0.00000 -0.85897 0.4256 0.0907
podwall_s6
0 9.27051 40.38132 6.62038 0.51203 -0.00000 -0.85897 0.3155 0.0517
0 17.63356 54.48084 11.60560 0.51203 -0.00000 -0.85897 0.4256 0.0907
0 17.63356 41.51916 11.60560 0.51203 -0.00000 -0.85897 0.3244 0.0907
podwall_s6
0 9.27051 55.61868 6.62038 0.51203 0.37269 -0.77390 0.4345 0.0517
0 9.27051 69.34707 13.23163 0.51203 0.37269 -0.77390 0.5418 0.1034
0 17.63356 66.15890 17.22946 0.51203 0.37269 -0.77390 0.5169 0.1346
podwall_s6
0 9.27051 55.61868 6.62038 0.51203 0.37269 -0.77390 0.4345 0.0517
0 17.63356 66.15890 17.22946 0.51203 0.37269 -0.77390 0.5169 0.1346
0 17.63356 54.48084 11.60560 0.51203 0.37269 -0.77390 0.4256 0.0907
podwall_s6
0 9.27051 69.34707 13.23163 0.51203 0.67157 -0.53556 0.5418 0.1034
0 9.27051 78.84740 25.14467 0.51203 0.67157 -0.53556 0.6160 0.1964
0 17.63356 74.24037 27.36330 0.51203 0.67157 -0.53556 0.5800 0.2138
podwall_s6
0 9.27051 69.34707 13.23163 0.51203 0.67157 -0.53556 0.5418 0.1034
0 17.63356 74.24037 27.36330 0.51203 0.67157 -0.53556 0.5800 0.2138
0 17.63356 66.15890 17.22946 0.51203 0.67157 -0.53556 0.5169 0.1346
podwall_s5
0 9.27051 78.84740 25.14467 0.51203 0.83743 -0.19114 0.6160 0.1964
0 9.27051 82.23803 40.00000 0.51203 0.83743 -0.19114 0.6425 0.3125
0 17.63356 77.12461 40.00000 0.51203 0.83743 -0.19114 0.6025 0.3125
podwall_s5
0 9.27051 78.84740 25.14467 0.51203 0.83743 -0.19114 0.6160 0.1964
0 17.63356 77.12461 40.00000 0.51203 0.83743 -0.19114 0.6025 0.3125
0 17.63356 74.24037 27.36330 0.51203 0.83743 -0.19114 0.5800 0.2138
podwall_s5
0 17.63356 77.12461 40.00000 0.76015 0.63346 0.14458 0.6025 0.3125
0 17.63356 74.24037 52.63670 0.76015 0.63346 0.14458 0.5800 0.4112
0 24.27051 67.06474 49.18110 0.76015 0.63346 0.14458 0.5239 0.3842
podwall_s5
0 17.63356 77.12461 40.00000 0.76015 0.63346 0.14458 0.6025 0.3125
0 24.27051 67.06474 49.18110 0.76015 0.63346 0.14458 0.5239 0.3842
0 24.27051 69.16027 40.00000 0.76015 0.63346 0.14458 0.5403 0.3125
podwall_s5
0 17.63356 74.24037 52.63670 0.76015 0.50799 0.40511 0.5800 0.4112
0 17.63356 66.15890 62.77054 0.76015 0.50799 0.40511 0.5169 0.4904
0 24.27051 61.19321 56.54376 0.76015 0.50799 0.40511 0.4781 0.4417
podwall_s5
0 17.63356 74.24037 52.63670 0.76015 0.50799 0.40511 0.5800 0.4112
0 24.27051 61.19321 56.54376 0.76015 0.50799 0.40511 0.4781 0.4417
0 24.27051 67.06474 49.18110 0.76015 0.50799 0.40511 0.5239 0.3842
podwall_s5
0 17.63356 66.15890 62.77054 0.76015 0.28192 0.58540 0.5169 0.4904
0 17.63356 54.48084 68.39440 0.76015 0.28192 0.58540 0.4256 0.5343
0 24.27051 52.70860 60.62974 0.76015 0.28192 0.58540 0.4118 0.4737
podwall_s5
0 17.63356 66.15890 62.77054 0.76015 0.28192 0.58540 0.5169 0.4904
0 24.27051 52.70860 60.62974 0.76015 0.28192 0.58540 0.4118 0.4737
0 24.27051 61.19321 56.54376 0.76015 0.28192 0.58540 0.4781 0.4417
podwall_s5
0 17.63356 54.48084 68.39440 0.76015 0.00000 0.64975 0.4256 0.5343
0 17.63356 41.51916 68.39440 0.76015 0.00000 0.64975 0.3244 0.5343
0 24.27051 43.29140 60.62974 0.76015 0.00000 0.64975 0.3382 0.4737
podwall_s5
0 17.63356 54.48084 68.39440 0.76015 0.00000 0.64975 0.4256 0.5343
0 24.27051 43.29140 60.62974 0.76015 0.00000 0.64975 0.3382 0.4737
0 24.27051 52.70860 60.62974 0.76015 0.00000 0.64975 0.4118 0.4737
podwall_s5
0 17.63356 41.51916 68.39440 0.76015 -0.28192 0.58540 0.3244 0.5343
0 17.63356 29.84110 62.77054 0.76015 -0.28192 0.58540 0.2331 0.4904
0 24.27051 34.80679 56.54376 0.76015 -0.28192 0.58540 0.2719 0.4417
podwall_s5
0 17.63356 41.51916 68.39440 0.76015 -0.28192 0.58540 0.3244 0.5343
0 24.27051 34.80679 56.54376 0.76015 -0.28192 0.58540 0.2719 0.4417
0 24.27051 43.29140 60.62974 0.76015 -0.28192 0.58540 0.3382 0.4737
podwall_s5
0 17.63356 29.84110 62.77054 0.76015 -0.50799 0.40511 0.2331 0.4904
0 17.63356 21.75963 52.63670 0.76015 -0.50799 0.40511 0.1700 0.4112
0 24.27051 28.93526 49.18110 0.76015 -0.50799 0.40511 0.2261 0.3842
podwall_s5
0 17.63356 29.84110 62.77054 0.76015 -0.50799 0.40511 0.2331 0.4904
0 24.27051 28.93526 49.18110 0.76015 -0.50799 0.40511 0.2261 0.3842
0 24.27051 34.80679 56.54376 0.76015 -0.50799 0.40511 0.2719 0.4417
podwall_s5
0 17.63356 21.75963 52.63670 0.76015 -0.63346 0.14458 0.1700 0.4112
0 17.63356 18.87539 40.00000 0.76015 -0.63346 0.14458 0.1475 0.3125
0 24.27051 26.83973 40.00000 0.76015 -0.63346 0.14458 0.2097 0.3125
podwall_s5
0 17.63356 21.75963 52.63670 0.76015 -0.63346 0.14458 0.1700 0.4112
0 24.27051 26.83973 40.00000 0.76015 -0.63346 0.14458 0.2097 0.3125
0 24.27051 28.93526 49.18110 0.76015 -0.63346 0.14458 0.2261 0.3842
podwall_s6
0 17.63356 18.87539 40.00000 0.76015 -0.63346 -0.14458 0.1475 0.3125
0 17.63356 21.75963 27.36330 0.76015 -0.63346 -0.14458 0.1700 0.2138
0 24.27051 28.93526 30.81890 0.76015 -0.63346 -0.14458 0.2261 0.2408
podwall_s6
0 17.63356 18.87539 40.00000 0.76015 -0.63346 -0.14458 0.1475 0.3125
0 24.27051 28.93526 30.81890 0.76015 -0.63346 -0.14458 0.2261 0.2408
0 24.27051 26.83973 40.00000 0.76015 -0.63346 -0.14458 0.2097 0.3125
podwall_s6
0 17.63356 21.75963 27.36330 0.76015 -0.50799 -0.40511 0.1700 0.2138
0 17.63356 29.84110 17.22946 0.76015 -0.50799 -0.40511 0.2331 0.1346
0 24.27051 34.80679 23.45624 0.76015 -0.50799 -0.40511 0.2719 0.1833
podwall_s6
0 17.63356 21.75963 27.36330 0.76015 -0.50799 -0.40511 0.1700 0.2138
0 24.27051 34.80679 23.45624 0.76015 -0.50799 -0.40511 0.2719 0.1833
0 24.27051 28.93526 30.81890 0.76015 -0.50799 -0.40511 0.2261 0.2408
podwall_s7
0 17.63356 29.84110 17.22946 0.76015 -0.28192 -0.58540 0.2331 0.1346
0 17.63356 41.51916 11.60560 0.76015 -0.28192 -0.58540 0.3244 0.0907
0 24.27051 43.29140 19.37026 0.76015 -0.28192 -0.58540 0.3382 0.1513
podwall_s7
0 17.63356 29.84110 17.22946 0.76015 -0.28192 -0.58540 0.2331 0.1346
0 24.27051 43.29140 19.37026 0.76015 -0.28192 -0.58540 0.3382 0.1513
0 24.27051 34.80679 23.45624 0.76015 -0.28192 -0.58540 0.2719 0.1833
podwall_s7
0 17.63356 41.51916 11.60560 0.76015 -0.00000 -0.64975 0.3244 0.0907
0 17.63356 54.48084 11.60560 0.76015 -0.00000 -0.64975 0.4256 0.0907
0 24.27051 52.70860 19.37026 0.76015 -0.00000 -0.64975 0.4118 0.1513
podwall_s7
0 17.63356 41.51916 11.60560 0.76015 -0.00000 -0.64975 0.3244 0.0907
0 24.27051 52.70860 19.37026 0.76015 -0.00000 -0.64975 0.4118 0.1513
0 24.27051 43.29140 19.37026 0.76015 -0.00000 -0.64975 0.3382 0.1513
podwall_s7
0 17.63356 54.48084 11.60560 0.76015 0.28192 -0.58540 0.4256 0.0907
0 17.63356 66.15890 17.22946 0.76015 0.28192 -0.58540 0.5169 0.1346
0 24.27051 61.19321 23.45624 0.76015 0.28192 -0.58540 0.4781 0.1833
podwall_s7
0 17.63356 54.48084 11.60560 0.76015 0.28192 -0.58540 0.4256 0.0907
0 24.27051 61.19321 23.45624 0.76015 0.28192 -0.58540 0.4781 0.1833
0 24.27051 52.70860 19.37026 0.76015 0.28192 -0.58540 0.4118 0.1513
podwall_s6
0 17.63356 66.15890 17.22946 0.76015 0.50799 -0.40511 0.5169 0.1346
0 17.63356 74.24037 27.36330 0.76015 0.50799 -0.40511 0.5800 0.2138
0 24.27051 67.06474 30.81890 0.76015 0.50799 -0.40511 0.5239 0.2408
podwall_s6
0 17.63356 66.15890 17.22946 0.76015 0.50799 -0.40511 0.5169 0.1346
0 24.27051 67.06474 30.81890 0.76015 0.50799 -0.40511 0.5239 0.2408
0 24.27051 61.19321 23.45624 0.76015 0.50799 -0.40511 0.4781 0.1833
podwall_s6
0 17.63356 74.24037 27.36330 0.76015 0.63346 -0.14458 0.5800 0.2138
0 17.63356 77.12461 40.00000 0.76015 0.63346 -0.14458 0.6025 0.3125
0 24.27051 69.16027 40.00000 0.76015 0.63346 -0.14458 0.5403 0.3125
podwall_s6
0 17.63356 74.24037 27.36330 0.76015 0.63346 -0.14458 0.5800 0.2138
0 24.27051 69.16027 40.00000 0.76015 0.63346 -0.14458 0.5403 0.3125
0 24.27051 67.06474 30.81890 0.76015 0.63346 -0.14458 0.5239 0.2408
podwall_s6
0 24.27051 69.16027 40.00000 0.91682 0.38929 0.08885 0.5403 0.3125
0 24.27051 67.06474 49.18110 0.91682 0.38929 0.08885 0.5239 0.3842
0 28.53170 58.02293 44.82679 0.91682 0.38929 0.08885 0.4533 0.3502
podwall_s6
0 24.27051 69.16027 40.00000 0.91682 0.38929 0.08885 0.5403 0.3125
0 28.53170 58.02293 44.82679 0.91682 0.38929 0.08885 0.4533 0.3502
0 28.53170 59.12461 40.00000 0.91682 0.38929 0.08885 0.4619 0.3125
podwall_s6
0 24.27051 67.06474 49.18110 0.91682 0.31218 0.24896 0.5239 0.3842
0 24.27051 61.19321 56.54376 0.91682 0.31218 0.24896 0.4781 0.4417
0 28.53170 54.93608 48.69757 0.91682 0.31218 0.24896 0.4292 0.3804
podwall_s6
0 24.27051 67.06474 49.18110 0.91682 0.31218 0.24896 0.5239 0.3842
0 28.53170 54.93608 48.69757 0.91682 0.31218 0.24896 0.4292 0.3804
0 28.53170 58.02293 44.82679 0.91682 0.31218 0.24896 0.4533 0.3502
podwall_s6
0 24.27051 61.19321 56.54376 0.91682 0.17325 0.35975 0.4781 0.4417
0 24.27051 52.70860 60.62974 0.91682 0.17325 0.35975 0.4118 0.4737
0 28.53170 50.47546 50.84569 0.91682 0.17325 0.35975 0.3943 0.3972
podwall_s6
0 24.27051 61.19321 56.54376 0.91682 0.17325 0.35975 0.4781 0.4417
0 28.53170 50.47546 50.84569 0.91682 0.17325 0.35975 0.3943 0.3972
0 28.53170 54.93608 48.69757 0.91682 0.17325 0.35975 0.4292 0.3804
podwall_s6
0 24.27051 52.70860 60.62974 0.91682 0.00000 0.39930 0.4118 0.4737
0 24.27051 43.29140 60.62974 0.91682 0.00000 0.39930 0.3382 0.4737
0 28.53170 45.52454 50.84569 0.91682 0.00000 0.39930 0.3557 0.3972
podwall_s6
0 24.27051 52.70860 60.62974 0.91682 0.00000 0.39930 0.4118 0.4737
0 28.53170 45.52454 50.84569 0.91682 0.00000 0.39930 0.3557 0.3972
0 28.53170 50.47546 50.84569 0.91682 0.00000 0.39930 0.3943 0.3972
podwall_s6
0 24.27051 43.29140 60.62974 0.91682 -0.17325 0.35975 0.3382 0.4737
0 24.27051 34.80679 56.54376 0.91682 -0.17325 0.35975 0.2719 0.4417
0 28.53170 41.06392 48.69757 0.91682 -0.17325 0.35975 0.3208 0.3804
podwall_s6
0 24.27051 43.29140 60.62974 0.91682 -0.17325 0.35975 0.3382 0.4737
0 28.53170 41.06392 48.69757 0.91682 -0.17325 0.35975 0.3208 0.3804
0 28.53170 45.52454 50.84569 0.91682 -0.17325 0.35975 0.3557 0.3972
podwall_s6
0 24.27051 34.80679 56.54376 0.91682 -0.31218 0.24896 0.2719 0.4417
0 24.27051 28.93526 49.18110 0.91682 -0.31218 0.24896 0.2261 0.3842
0 28.53170 37.97707 44.82679 0.91682 -0.31218 0.24896 0.2967 0.3502
podwall_s6
0 24.27051 34.80679 56.54376 0.91682 -0.31218 0.24896 0.2719 0.4417
0 28.53170 37.97707 44.82679 0.91682 -0.31218 0.24896 0.2967 0.3502
0 28.53170 41.06392 48.69757 0.91682 -0.31218 0.24896 0.3208 0.3804
podwall_s6
0 24.27051 28.93526 49.18110 0.91682 -0.38929 0.08885 0.2261 0.3842
0 24.27051 26.83973 40.00000 0.91682 -0.38929 0.08885 0.2097 0.3125
0 28.53170 36.87539 40.00000 0.91682 -0.38929 0.08885 0.2881 0.3125
podwall_s6
0 24.27051 28.93526 49.18110 0.91682 -0.38929 0.08885 0.2261 0.3842
0 28.53170 36.87539 40.00000 0.91682 -0.38929 0.08885 0.2881 0.3125
0 28.53170 37.97707 44.82679 0.91682 -0.38929 0.08885 0.2967 0.3502
podwall_s6
0 24.27051 26.83973 40.00000 0.91682 -0.38929 -0.08885 0.2097 0.3125
0 24.27051 28.93526 30.81890 0.91682 -0.38929 -0.08885 0.2261 0.2408
0 28.53170 37.97707 35.17321 0.91682 -0.38929 -0.08885 0.2967 0.2748
podwall_s6
0 24.27051 26.83973 40.00000 0.91682 -0.38929 -0.08885 0.2097 0.3125
0 28.53170 37.97707 35.17321 0.91682 -0.38929 -0.08885 0.2967 0.2748
0 28.53170 36.87539 40.00000 0.91682 -0.38929 -0.08885 0.2881 0.3125
podwall_s7
0 24.27051 28.93526 30.81890 0.91682 -0.31218 -0.24896 0.2261 0.2408
0 24.27051 34.80679 23.45624 0.91682 -0.31218 -0.24896 0.2719 0.1833
0 28.53170 41.06392 31.30243 0.91682 -0.31218 -0.24896 0.3208 0.2446
podwall_s7
0 24.27051 28.93526 30.81890 0.91682 -0.31218 -0.24896 0.2261 0.2408
0 28.53170 41.06392 31.30243 0.91682 -0.31218 -0.24896 0.3208 0.2446
0 28.53170 37.97707 35.17321 0.91682 -0.31218 -0.24896 0.2967 0.2748
podwall_s7
0 24.27051 34.80679 23.45624 0.91682 -0.17325 -0.35975 0.2719 0.1833
0 24.27051 43.29140 19.37026 0.91682 -0.17325 -0.35975 0.3382 0.1513
0 28.53170 45.52454 29.15431 0.91682 -0.17325 -0.35975 0.3557 0.2278
podwall_s7
0 24.27051 34.80679 23.45624 0.91682 -0.17325 -0.35975 0.2719 0.1833
0 28.53170 45.52454 29.15431 0.91682 -0.17325 -0.35975 0.3557 0.2278
0 28.53170 41.06392 31.30243 0.91682 -0.17325 -0.35975 0.3208 0.2446
podwall_s7
0 24.27051 43.29140 19.37026 0.91682 -0.00000 -0.39930 0.3382 0.1513
0 24.27051 52.70860 19.37026 0.91682 -0.00000 -0.39930 0.4118 0.1513
0 28.53170 50.47546 29.15431 0.91682 -0.00000 -0.39930 0.3943 0.2278
podwall_s7
0 24.27051 43.29140 19.37026 0.91682 -0.00000 -0.39930 0.3382 0.1513
0 28.53170 50.47546 29.15431 0.91682 -0.00000 -0.39930 0.3943 0.2278
0 28.53170 45.52454 29.15431 0.91682 -0.00000 -0.39930 0.3557 0.2278
podwall_s7
0 24.27051 52.70860 19.37026 0.91682 0.17325 -0.35975 0.4118 0.1513
0 24.27051 61.19321 23.45624 0.91682 0.17325 -0.35975 0.4781 0.1833
0 28.53170 54.93608 31.30243 0.91682 0.17325 -0.35975 0.4292 0.2446
podwall_s7
0 24.27051 52.70860 19.37026 0.91682 0.17325 -0.35975 0.4118 0.1513
0 28.53170 54.93608 31.30243 0.91682 0.17325 -0.35975 0.4292 0.2446
0 28.53170 50.47546 29.15431 0.91682 0.17325 -0.35975 0.3943 0.2278
podwall_s7
0 24.27051 61.19321 23.45624 0.91682 0.31218 -0.24896 0.4781 0.1833
0 24.27051 67.06474 30.81890 0.91682 0.31218 -0.24896 0.5239 0.2408
0 28.53170 58.02293 35.17321 0.91682 0.31218 -0.24896 0.4533 0.2748
podwall_s7
0 24.27051 61.19321 23.45624 0.91682 0.31218 -0.24896 0.4781 0.1833
0 28.53170 58.02293 35.17321 0.91682 0.31218 -0.24896 0.4533 0.2748
0 28.53170 54.93608 31.30243 0.91682 0.31218 -0.24896 0.4292 0.2446
podwall_s6
0 24.27051 67.06474 30.81890 0.91682 0.38929 -0.08885 0.5239 0.2408
0 24.27051 69.16027 40.00000 0.91682 0.38929 -0.08885 0.5403 0.3125
0 28.53170 59.12461 40.00000 0.91682 0.38929 -0.08885 0.4619 0.3125
podwall_s6
0 24.27051 67.06474 30.81890 0.91682 0.38929 -0.08885 0.5239 0.2408
0 28.53170 59.12461 40.00000 0.91682 0.38929 -0.08885 0.4619 0.3125
0 28.53170 58.02293 35.17321 0.91682 0.38929 -0.08885 0.4533 0.2748
podwall_s6
0 28.53170 59.12461 40.00000 0.99096 0.13079 0.02985 0.4619 0.3125
0 28.53170 58.02293 44.82679 0.99096 0.13079 0.02985 0.4533 0.3502
0 30.00000 48.00000 40.00000 0.99096 0.13079 0.02985 0.3750 0.3125
podwall_s6
0 28.53170 58.02293 44.82679 0.99096 0.10489 0.08365 0.4533 0.3502
0 28.53170 54.93608 48.69757 0.99096 0.10489 0.08365 0.4292 0.3804
0 30.00000 48.00000 40.00000 0.99096 0.10489 0.08365 0.3750 0.3125
podwall_s6
0 28.53170 54.93608 48.69757 0.99096 0.05821 0.12087 0.4292 0.3804
0 28.53170 50.47546 50.84569 0.99096 0.05821 0.12087 0.3943 0.3972
0 30.00000 48.00000 40.00000 0.99096 0.05821 0.12087 0.3750 0.3125
podwall_s6
0 28.53170 50.47546 50.84569 0.99096 0.00000 0.13416 0.3943 0.3972
0 28.53170 45.52454 50.84569 0.99096 0.00000 0.13416 0.3557 0.3972
0 30.00000 48.00000 40.00000 0.99096 0.00000 0.13416 0.3750 0.3125
podwall_s6
0 28.53170 45.52454 50.84569 0.99096 -0.05821 0.12087 0.3557 0.3972
0 28.53170 41.06392 48.69757 0.99096 -0.05821 0.12087 0.3208 0.3804
0 30.00000 48.00000 40.00000 0.99096 -0.05821 0.12087 0.3750 0.3125
podwall_s6
0 28.53170 41.06392 48.69757 0.99096 -0.10489 0.08365 0.3208 0.3804
0 28.53170 37.97707 44.82679 0.99096 -0.10489 0.08365 0.2967 0.3502
0 30.00000 48.00000 40.00000 0.99096 -0.10489 0.08365 0.3750 0.3125
podwall_s6
0 28.53170 37.97707 44.82679 0.99096 -0.13079 0.02985 0.2967 0.3502
0 28.53170 36.87539 40.00000 0.99096 -0.13079 0.02985 0.2881 0.3125
0 30.00000 48.00000 40.00000 0.99096 -0.13079 0.02985 0.3750 0.3125
podwall_s7
0 28.53170 36.87539 40.00000 0.99096 -0.13079 -0.02985 0.2881 0.3125
0 28.53170 37.97707 35.17321 0.99096 -0.13079 -0.02985 0.2967 0.2748
0 30.00000 48.00000 40.00000 0.99096 -0.13079 -0.02985 0.3750 0.3125
podwall_s7
0 28.53170 37.97707 35.17321 0.99096 -0.10489 -0.08365 0.2967 0.2748
0 28.53170 41.06392 31.30243 0.99096 -0.10489 -0.08365 0.3208 0.2446
0 30.00000 48.00000 40.00000 0.99096 -0.10489 -0.08365 0.3750 0.3125
podwall_s7
0 28.53170 41.06392 31.30243 0.99096 -0.05821 -0.12087 0.3208 0.2446
0 28.53170 45.52454 29.15431 0.99096 -0.05821 -0.12087 0.3557 0.2278
0 30.00000 48.00000 40.00000 0.99096 -0.05821 -0.12087 0.3750 0.3125
podwall_s7
0 28.53170 45.52454 29.15431 0.99096 0.00000 -0.13416 0.3557 0.2278
0 28.53170 50.47546 29.15431 0.99096 0.00000 -0.13416 0.3943 0.2278
0 30.00000 48.00000 40.00000 0.99096 0.00000 -0.13416 0.3750 0.3125
podwall_s7
0 28.53170 50.47546 29.15431 0.99096 0.05821 -0.12087 0.3943 0.2278
0 28.53170 54.93608 31.30243 0.99096 0.05821 -0.12087 0.4292 0.2446
0 30.00000 48.00000 40.00000 0.99096 0.05821 -0.12087 0.3750 0.3125
podwall_s7
0 28.53170 54.93608 31.30243 0.99096 0.10489 -0.08365 0.4292 0.2446
0 28.53170 58.02293 35.17321 0.99096 0.10489 -0.08365 0.4533 0.2748
0 30.00000 48.00000 40.00000 0.99096 0.10489 -0.08365 0.3750 0.3125
podwall_s7
0 28.53170 58.02293 35.17321 0.99096 0.13079 -0.02985 0.4533 0.2748
0 28.53170 59.12461 40.00000 0.99096 0.13079 -0.02985 0.4619 0.3125
0 30.00000 48.00000 40.00000 0.99096 0.13079 -0.02985 0.3750 0.3125
podwall_s3
0 0.00000 84.00000 120.00000 0.18219 0.95861 0.21880 0.6562 0.9375
0 0.00000 80.43488 135.61981 0.18219 0.95861 0.21880 0.6284 0.0595
0 9.27051 78.84740 134.85533 0.18219 0.95861 0.21880 0.6160 0.0536
podwall_s3
0 0.00000 84.00000 120.00000 0.18219 0.95861 0.21880 0.6562 0.9375
0 9.27051 78.84740 134.85533 0.18219 0.95861 0.21880 0.6160 0.0536
0 9.27051 82.23803 120.00000 0.18219 0.95861 0.21880 0.6425 0.9375
podwall_s3
0 0.00000 80.43488 135.61981 0.18219 0.76875 0.61305 0.6284 0.0595
0 0.00000 70.44563 148.14593 0.18219 0.76875 0.61305 0.5504 0.1574
0 9.27051 69.34707 146.76837 0.18219 0.76875 0.61305 0.5418 0.1466
podwall_s3
0 0.00000 80.43488 135.61981 0.18219 0.76875 0.61305 0.6284 0.0595
0 9.27051 69.34707 146.76837 0.18219 0.76875 0.61305 0.5418 0.1466
0 9.27051 78.84740 134.85533 0.18219 0.76875 0.61305 0.6160 0.0536
podwall_s2
0 0.00000 70.44563 148.14593 0.18219 0.42662 0.88589 0.5504 0.1574
0 0.00000 56.01075 155.09740 0.18219 0.42662 0.88589 0.4376 0.2117
0 9.27051 55.61868 153.37962 0.18219 0.42662 0.88589 0.4345 0.1983
podwall_s2
0 0.00000 70.44563 148.14593 0.18219 0.42662 0.88589 0.5504 0.1574
0 9.27051 55.61868 153.37962 0.18219 0.42662 0.88589 0.4345 0.1983
0 9.27051 69.34707 146.76837 0.18219 0.42662 0.88589 0.5418 0.1466
podwall_s2
0 0.00000 56.01075 155.09740 0.18219 0.00000 0.98326 0.4376 0.2117
0 0.00000 39.98925 155.09740 0.18219 0.00000 0.98326 0.3124 0.2117
0 9.27051 40.38132 153.37962 0.18219 0.00000 0.98326 0.3155 0.1983
podwall_s2
0 0.00000 56.01075 155.09740 0.18219 0.00000 0.98326 0.4376 0.2117
0 9.27051 40.38132 153.37962 0.18219 0.00000 0.98326 0.3155 0.1983
0 9.27051 55.61868 153.37962 0.18219 0.00000 0.98326 0.4345 0.1983
podwall_s2
0 0.00000 39.98925 155.09740 0.18219 -0.42662 0.88589 0.3124 0.2117
0 0.00000 25.55437 148.14593 0.18219 -0.42662 0.88589 0.1996 0.1574
0 9.27051 26.65293 146.76837 0.18219 -0.42662 0.88589 0.2082 0.1466
podwall_s2
0 0.00000 39.98925 155.09740 0.18219 -0.42662 0.88589 0.3124 0.2117
0 9.27051 26.65293 146.76837 0.18219 -0.42662 0.88589 0.2082 0.1466
0 9.27051 40.38132 153.37962 0.18219 -0.42662 0.88589 0.3155 0.1983
podwall_s3
0 0.00000 25.55437 148.14593 0.18219 -0.76875 0.61305 0.1996 0.1574
0 0.00000 15.56512 135.61981 0.18219 -0.76875 0.61305 0.1216 0.0595
0 9.27051 17.15260 134.85533 0.18219 -0.76875 0.61305 0.1340 0.0536
podwall_s3
0 0.00000 25.55437 148.14593 0.18219 -0.76875 0.61305 0.1996 0.1574
0 9.27051 17.15260 134.85533 0.18219 -0.76875 0.61305 0.1340 0.0536
0 9.27051 26.65293 146.76837 0.18219 -0.76875 0.61305 0.2082 0.1466
podwall_s3
0 0.00000 15.56512 135.61981 0.18219 -0.95861 0.21880 0.1216 0.0595
0 0.00000 12.00000 120.00000 0.18219 -0.95861 0.21880 0.0938 0.9375
0 9.27051 13.76197 120.00000 0.18219 -0.95861 0.21880 0.1075 0.9375
podwall_s3
0 0.00000 15.56512 135.61981 0.18219 -0.95861 0.21880 0.1216 0.0595
0 9.27051 13.76197 120.00000 0.18219 -0.95861 0.21880 0.1075 0.9375
0 9.27051 17.15260 134.85533 0.18219 -0.95861 0.21880 0.1340 0.0536
podwall_s4
0 0.00000 12.00000 120.00000 0.18219 -0.95861 -0.21880 0.0938 0.9375
0 0.00000 15.56512 104.38019 0.18219 -0.95861 -0.21880 0.1216 0.8155
0 9.27051 17.15260 105.14467 0.18219 -0.95861 -0.21880 0.1340 0.8214
podwall_s4
0 0.00000 12.00000 120.00000 0.18219 -0.95861 -0.21880 0.0938 0.9375
0 9.27051 17.15260 105.14467 0.18219 -0.95861 -0.21880 0.1340 0.8214
0 9.27051 13.76197 120.00000 0.18219 -0.95861 -0.21880 0.1075 0.9375
podwall_s5
0 0.00000 15.56512 104.38019 0.18219 -0.76875 -0.61305 0.1216 0.8155
0 0.00000 25.55437 91.85407 0.18219 -0.76875 -0.61305 0.1996 0.7176
0 9.27051 26.65293 93.23163 0.18219 -0.76875 -0.61305 0.2082 0.7284
podwall_s5
0 0.00000 15.56512 104.38019 0.18219 -0.76875 -0.61305 0.1216 0.8155
0 9.27051 26.65293 93.23163 0.18219 -0.76875 -0.61305 0.2082 0.7284
0 9.27051 17.15260 105.14467 0.18219 -0.76875 -0.61305 0.1340 0.8214
podwall_s5
0 0.00000 25.55437 91.85407 0.18219 -0.42662 -0.88589 0.1996 0.7176
0 0.00000 39.98925 84.90260 0.18219 -0.42662 -0.88589 0.3124 0.6633
0 9.27051 40.38132 86.62038 0.18219 -0.42662 -0.88589 0.3155 0.6767
podwall_s5
0 0.00000 25.55437 91.85407 0.18219 -0.42662 -0.88589 0.1996 0.7176
0 9.27051 40.38132 86.62038 0.18219 -0.42662 -0.88589 0.3155 0.6767
0 9.27051 26.65293 93.23163 0.18219 -0.42662 -0.88589 0.2082 0.7284
podwall_s5
0 0.00000 39.98925 84.90260 0.18219 0.00000 -0.98326 0.3124 0.6633
0 0.00000 56.01075 84.90260 0.18219 0.00000 -0.98326 0.4376 0.6633
0 9.27051 55.61868 86.62038 0.18219 0.00000 -0.98326 0.4345 0.6767
podwall_s5
0 0.00000 39.98925 84.90260 0.18219 0.00000 -0.98326 0.3124 0.6633
0 9.27051 55.61868 86.62038 0.18219 0.00000 -0.98326 0.4345 0.6767
0 9.27051 40.38132 86.62038 0.18219 0.00000 -0.98326 0.3155 0.6767
podwall_s5
0 0.00000 56.01075 84.90260 0.18219 0.42662 -0.88589 0.4376 0.6633
0 0.00000 70.44563 91.85407 0.18219 0.42662 -0.88589 0.5504 0.7176
0 9.27051 69.34707 93.23163 0.18219 0.42662 -0.88589 0.5418 0.7284
podwall_s5
0 0.00000 56.01075 84.90260 0.18219 0.42662 -0.88589 0.4376 0.6633
0 9.27051 69.34707 93.23163 0.18219 0.42662 -0.88589 0.5418 0.7284
0 9.27051 55.61868 86.62038 0.18219 0.42662 -0.88589 0.4345 0.6767
podwall_s5
0 0.00000 70.44563 91.85407 0.18219 0.76875 -0.61305 0.5504 0.7176
0 0.00000 80.43488 104.38019 0.18219 0.76875 -0.61305 0.6284 0.8155
0 9.27051 78.84740 105.14467 0.18219 0.76875 -0.61305 0.6160 0.8214
podwall_s5
0 0.00000 70.44563 91.85407 0.18219 0.76875 -0.61305 0.5504 0.7176
0 9.27051 78.84740 105.14467 0.18219 0.76875 -0.61305 0.6160 0.8214
0 9.27051 69.34707 93.23163 0.18219 0.76875 -0.61305 0.5418 0.7284
podwall_s4
0 0.00000 80.43488 104.38019 0.18219 0.95861 -0.21880 0.6284 0.8155
0 0.00000 84.00000 120.00000 0.18219 0.95861 -0.21880 0.6562 0.9375
0 9.27051 82.23803 120.00000 0.18219 0.95861 -0.21880 0.6425 0.9375
podwall_s4
0 0.00000 80.43488 104.38019 0.18219 0.95861 -0.21880 0.6284 0.8155
0 9.27051 82.23803 120.00000 0.18219 0.95861 -0.21880 0.6425 0.9375
0 9.27051 78.84740 105.14467 0.18219 0.95861 -0.21880 0.6160 0.8214
podwall_s4
0 9.27051 82.23803 120.00000 0.51203 0.83743 0.19114 0.6425 0.9375
0 9.27051 78.84740 134.85533 0.51203 0.83743 0.19114 0.6160 0.0536
0 17.63356 74.24037 132.63670 0.51203 0.83743 0.19114 0.5800 0.0362
podwall_s4
0 9.27051 82.23803 120.00000 0.51203 0.83743 0.19114 0.6425 0.9375
0 17.63356 74.24037 132.63670 0.51203 0.83743 0.19114 0.5800 0.0362
0 17.63356 77.12461 120.00000 0.51203 0.83743 0.19114 0.6025 0.9375
podwall_s4
0 9.27051 78.84740 134.85533 0.51203 0.67157 0.53556 0.6160 0.0536
0 9.27051 69.34707 146.76837 0.51203 0.67157 0.53556 0.5418 0.1466
0 17.63356 66.15890 142.77054 0.51203 0.67157 0.53556 0.5169 0.1154
podwall_s4
0 9.27051 78.84740 134.85533 0.51203 0.67157 0.53556 0.6160 0.0536
0 17.63356 66.15890 142.77054 0.51203 0.67157 0.53556 0.5169 0.1154
0 17.63356 74.24037 132.63670 0.51203 0.67157 0.53556 0.5800 0.0362
podwall_s3
0 9.27051 69.34707 146.76837 0.51203 0.37269 0.77390 0.5418 0.1466
0 9.27051 55.61868 153.37962 0.51203 0.37269 0.77390 0.4345 0.1983
0 17.63356 54.48084 148.39440 0.51203 0.37269 0.77390 0.4256 0.1593
podwall_s3
0 9.27051 69.34707 146.76837 0.51203 0.37269 0.77390 0.5418 0.1466
0 17.63356 54.48084 148.39440 0.51203 0.37269 0.77390 0.4256 0.1593
0 17.63356 66.15890 142.77054 0.51203 0.37269 0.77390 0.5169 0.1154
podwall_s3
0 9.27051 55.61868 153.37962 0.51203 0.00000 0.85897 0.4345 0.1983
0 9.27051 40.38132 153.37962 0.51203 0.00000 0.85897 0.3155 0.1983
0 17.63356 41.51916 148.39440 0.51203 0.00000 0.85897 0.3244 0.1593
podwall_s3
0 9.27051 55.61868 153.37962 0.51203 0.00000 0.85897 0.4345 0.1983
0 17.63356 41.51916 148.39440 0.51203 0.00000 0.85897 0.3244 0.1593
0 17.63356 54.48084 148.39440 0.51203 0.00000 0.85897 0.4256 0.1593
podwall_s3
0 9.27051 40.38132 153.37962 0.51203 -0.37269 0.77390 0.3155 0.1983
0 9.27051 26.65293 146.76837 0.51203 -0.37269 0.77390 0.2082 0.1466
0 17.63356 29.84110 142.77054 0.51203 -0.37269 0.77390 0.2331 0.1154
podwall_s3
0 9.27051 40.38132 153.37962 0.51203 -0.37269 0.77390 0.3155 0.1983
0 17.63356 29.84110 142.77054 0.51203 -0.37269 0.77390 0.2331 0.1154
0 17.63356 41.51916 148.39440 0.51203 -0.37269 0.77390 0.3244 0.1593
podwall_s4
0 9.27051 26.65293 146.76837 0.51203 -0.67157 0.53556 0.2082 0.1466
0 9.27051 17.15260 134.85533 0.51203 -0.67157 0.53556 0.1340 0.0536
0 17.63356 21.75963 132.63670 0.51203 -0.67157 0.53556 0.1700 0.0362
podwall_s4
0 9.27051 26.65293 146.76837 0.51203 -0.67157 0.53556 0.2082 0.1466
0 17.63356 21.75963 132.63670 0.51203 -0.67157 0.53556 0.1700 0.0362
0 17.63356 29.84110 142.77054 0.51203 -0.67157 0.53556 0.2331 0.1154
podwall_s4
0 9.27051 17.15260 134.85533 0.51203 -0.83743 0.19114 0.1340 0.0536
0 9.27051 13.76197 120.00000 0.51203 -0.83743 0.19114 0.1075 0.9375
0 17.63356 18.87539 120.00000 0.51203 -0.83743 0.19114 0.1475 0.9375
podwall_s4
0 9.27051 17.15260 134.85533 0.51203 -0.83743 0.19114 0.1340 0.0536
0 17.63356 18.87539 120.00000 0.51203 -0.83743 0.19114 0.1475 0.9375
0 17.63356 21.75963 132.63670 0.51203 -0.83743 0.19114 0.1700 0.0362
podwall_s5
0 9.27051 13.76197 120.00000 0.51203 -0.83743 -0.19114 0.1075 0.9375
0 9.27051 17.15260 105.14467 0.51203 -0.83743 -0.19114 0.1340 0.8214
0 17.63356 21.75963 107.36330 0.51203 -0.83743 -0.19114 0.1700 0.8388
podwall_s5
0 9.27051 13.76197 120.00000 0.51203 -0.83743 -0.19114 0.1075 0.9375
0 17.63356 21.75963 107.36330 0.51203 -0.83743 -0.19114 0.1700 0.8388
0 17.63356 18.87539 120.00000 0.51203 -0.83743 -0.19114 0.1475 0.9375
podwall_s6
0 9.27051 17.15260 105.14467 0.51203 -0.67157 -0.53556 0.1340 0.8214
0 9.27051 26.65293 93.23163 0.51203 -0.67157 -0.53556 0.2082 0.7284
0 17.63356 29.84110 97.22946 0.51203 -0.67157 -0.53556 0.2331 0.7596
podwall_s6
0 9.27051 17.15260 105.14467 0.51203 -0.67157 -0.53556 0.1340 0.8214
0 17.63356 29.84110 97.22946 0.51203 -0.67157 -0.53556 0.2331 0.7596
0 17.63356 21.75963 107.36330 0.51203 -0.67157 -0.53556 0.1700 0.8388
podwall_s6
0 9.27051 26.65293 93.23163 0.51203 -0.37269 -0.77390 0.2082 0.7284
0 9.27051 40.38132 86.62038 0.51203 -0.37269 -0.77390 0.3155 0.6767
0 17.63356 41.51916 91.60560 0.51203 -0.37269 -0.77390 0.3244 0.7157
podwall_s6
0 9.27051 26.65293 93.23163 0.51203 -0.37269 -0.77390 0.2082 0.7284
0 17.63356 41.51916 91.60560 0.51203 -0.37269 -0.77390 0.3244 0.7157
0 17.63356 29.84110 97.22946 0.51203 -0.37269 -0.77390 0.2331 0.7596
podwall_s6
0 9.27051 40.38132 86.62038 0.51203 -0.00000 -0.85897 0.3155 0.6767
0 9.27051 55.61868 86.62038 0.51203 -0.00000 -0.85897 0.4345 0.6767
0 17.63356 54.48084 91.60560 0.51203 -0.00000 -0.85897 0.4256 0.7157
podwall_s6
0 9.27051 40.38132 86.62038 0.51203 -0.00000 -0.85897 0.3155 0.6767
0 17.63356 54.48084 91.60560 0.51203 -0.00000 -0.85897 0.4256 0.7157
0 17.63356 41.51916 91.60560 0.51203 -0.00000 -0.85897 0.3244 0.7157
podwall_s6
0 9.27051 55.61868 86.62038 0.51203 0.37269 -0.77390 0.4345 0.6767
0 9.27051 69.34707 93.23163 0.51203 0.37269 -0.77390 0.5418 0.7284
0 17.63356 66.15890 97.22946 0.51203 0.37269 -0.77390 0.5169 0.7596
podwall_s6
0 9.27051 55.61868 86.62038 0.51203 0.37269 -0.77390 0.4345 0.6767
0 17.63356 66.15890 97.22946 0.51203 0.37269 -0.77390 0.5169 0.7596
0 17.63356 54.48084 91.60560 0.51203 0.37269 -0.77390 0.4256 0.7157
podwall_s6
0 9.27051 69.34707 93.23163 0.51203 0.67157 -0.53556 0.5418 0.7284
0 9.27051 78.84740 105.14467 0.51203 0.67157 -0.53556 0.6160 0.8214
0 17.63356 74.24037 107.36330 0.51203 0.67157 -0.53556 0.5800 0.8388
podwall_s6
0 9.27051 69.34707 93.23163 0.51203 0.67157 -0.53556 0.5418 0.7284
0 17.63356 74.24037 107.36330 0.51203 0.67157 -0.53556 0.5800 0.8388
0 17.63356 66.15890 97.22946 0.51203 0.67157 -0.53556 0.5169 0.7596
podwall_s5
0 9.27051 78.84740 105.14467 0.51203 0.83743 -0.19114 0.6160 0.8214
0 9.27051 82.23803 120.00000 0.51203 0.83743 -0.19114 0.6425 0.9375
0 17.63356 77.12461 120.00000 0.51203 0.83743 -0.19114 0.6025 0.9375
podwall_s5
0 9.27051 78.84740 105.14467 0.51203 0.83743 -0.19114 0.6160 0.8214
0 17.63356 77.12461 120.00000 0.51203 0.83743 -0.19114 0.6025 0.9375
0 17.63356 74.24037 107.36330 0.51203 0.83743 -0.19114 0.5800 0.8388
podwall_s5
0 17.63356 77.12461 120.00000 0.76015 0.63346 0.14458 0.6025 0.9375
0 17.63356 74.24037 132.63670 0.76015 0.63346 0.14458 0.5800 0.0362
0 24.27051 67.06474 129.18110 0.76015 0.63346 0.14458 0.5239 0.0092
podwall_s5
0 17.63356 77.12461 120.00000 0.76015 0.63346 0.14458 0.6025 0.9375
0 24.27051 67.06474 129.18110 0.76015 0.63346 0.14458 0.5239 0.0092
0 24.27051 69.16027 120.00000 0.76015 0.63346 0.14458 0.5403 0.9375
podwall_s5
0 17.63356 74.24037 132.63670 0.76015 0.50799 0.40511 0.5800 0.0362
0 17.63356 66.15890 142.77054 0.76015 0.50799 0.40511 0.5169 0.1154
0 24.27051 61.19321 136.54376 0.76015 0.50799 0.40511 0.4781 0.0667
podwall_s5
0 17.63356 74.24037 132.63670 0.76015 0.50799 0.40511 0.5800 0.0362
0 24.27051 61.19321 136.54376 0.76015 0.50799 0.40511 0.4781 0.0667
0 24.27051 67.06474 129.18110 0.76015 0.50799 0.40511 0.5239 0.0092
podwall_s5
0 17.63356 66.15890 142.77054 0.76015 0.28192 0.58540 0.5169 0.1154
0 17.63356 54.48084 148.39440 0.76015 0.28192 0.58540 0.4256 0.1593
0 24.27051 52.70860 140.62974 0.76015 0.28192 0.58540 0.4118 0.0987
podwall_s5
0 17.63356 66.15890 142.77054 0.76015 0.28192 0.58540 0.5169 0.1154
0 24.27051 52.70860 140.62974 0.76015 0.28192 0.58540 0.4118 0.0987
0 24.27051 61.19321 136.54376 0.76015 0.28192 0.58540 0.4781 0.0667
podwall_s5
0 17.63356 54.48084 148.39440 0.76015 0.00000 0.64975 0.4256 0.1593
0 17.63356 41.51916 148.39440 0.76015 0.00000 0.64975 0.3244 0.1593
0 24.27051 43.29140 140.62974 0.76015 0.00000 0.64975 0.3382 0.0987
podwall_s5
0 17.63356 54.48084 148.39440 0.76015 0.00000 0.64975 0.4256 0.1593
0 24.27051 43.29140 140.62974 0.76015 0.00000 0.64975 0.3382 0.0987
0 24.27051 52.70860 140.62974 0.76015 0.00000 0.64975 0.4118 0.0987
podwall_s5
0 17.63356 41.51916 148.39440 0.76015 -0.28192 0.58540 0.3244 0.1593
0 17.63356 29.84110 142.77054 0.76015 -0.28192 0.58540 0.2331 0.1154
0 24.27051 34.80679 136.54376 0.76015 -0.28192 0.58540 0.2719 0.0667
podwall_s5
0 17.63356 41.51916 148.39440 0.76015 -0.28192 0.58540 0.3244 0.1593
0 24.27051 34.80679 136.54376 0.76015 -0.28192 0.58540 0.2719 0.0667
0 24.27051 43.29140 140.62974 0.76015 -0.28192 0.58540 0.3382 0.0987
podwall_s5
0 17.63356 29.84110 142.77054 0.76015 -0.50799 0.40511 0.2331 0.1154
0 17.63356 21.75963 132.63670 0.76015 -0.50799 0.40511 0.1700 0.0362
0 24.27051 28.93526 129.18110 0.76015 -0.50799 0.40511 0.2261 0.0092
podwall_s5
0 17.63356 29.84110 142.77054 0.76015 -0.50799 0.40511 0.2331 0.1154
0 24.27051 28.93526 129.18110 0.76015 -0.50799 0.40511 0.2261 0.0092
0 24.27051 34.80679 136.54376 0.76015 -0.50799 0.40511 0.2719 0.0667
podwall_s5
0 17.63356 21.75963 132.63670 0.76015 -0.63346 0.14458 0.1700 0.0362
0 17.63356 18.87539 120.00000 0.76015 -0.63346 0.14458 0.1475 0.9375
0 24.27051 26.83973 120.00000 0.76015 -0.63346 0.14458 0.2097 0.9375
podwall_s5
0 17.63356 21.75963 132.63670 0.76015 -0.63346 0.14458 0.1700 0.0362
0 24.27051 26.83973 120.00000 0.76015 -0.63346 0.14458 0.2097 0.9375
0 24.27051 28.93526 129.18110 0.76015 -0.63346 0.14458 0.2261 0.0092
podwall_s6
0 17.63356 18.87539 120.00000 0.76015 -0.63346 -0.14458 0.1475 0.9375
0 17.63356 21.75963 107.36330 0.76015 -0.63346 -0.14458 0.1700 0.8388
0 24.27051 28.93526 110.81890 0.76015 -0.63346 -0.14458 0.2261 0.8658
podwall_s6
0 17.63356 18.87539 120.00000 0.76015 -0.63346 -0.14458 0.1475 0.9375
0 24.27051 28.93526 110.81890 0.76015 -0.63346 -0.14458 0.2261 0.8658
0 24.27051 26.83973 120.00000 0.76015 -0.63346 -0.14458 0.2097 0.9375
podwall_s6
0 17.63356 21.75963 107.36330 0.76015 -0.50799 -0.40511 0.1700 0.8388
0 17.63356 29.84110 97.22946 0.76015 -0.50799 -0.40511 0.2331 0.7596
0 24.27051 34.80679 103.45624 0.76015 -0.50799 -0.40511 0.2719 0.8083
podwall_s6
0 17.63356 21.75963 107.36330 0.76015 -0.50799 -0.40511 0.1700 0.8388
0 24.27051 34.80679 103.45624 0.76015 -0.50799 -0.40511 0.2719 0.8083
0 24.27051 28.93526 110.81890 0.76015 -0.50799 -0.40511 0.2261 0.8658
podwall_s7
0 17.63356 29.84110 97.22946 0.76015 -0.28192 -0.58540 0.2331 0.7596
0 17.63356 41.51916 91.60560 0.76015 -0.28192 -0.58540 0.3244 0.7157
0 24.27051 43.29140 99.37026 0.76015 -0.28192 -0.58540 0.3382 0.7763
podwall_s7
0 17.63356 29.84110 97.22946 0.76015 -0.28192 -0.58540 0.2331 0.7596
0 24.27051 43.29140 99.37026 0.76015 -0.28192 -0.58540 0.3382 0.7763
0 24.27051 34.80679 103.45624 0.76015 -0.28192 -0.58540 0.2719 0.8083
podwall_s7
0 17.63356 41.51916 91.60560 0.76015 -0.00000 -0.64975 0.3244 0.7157
0 17.63356 54.48084 91.60560 0.76015 -0.00000 -0.64975 0.4256 0.7157
0 24.27051 52.70860 99.37026 0.76015 -0.00000 -0.64975 0.4118 0.7763
podwall_s7
0 17.63356 41.51916 91.60560 0.76015 -0.00000 -0.64975 0.3244 0.7157
0 24.27051 52.70860 99.37026 0.76015 -0.00000 -0.64975 0.4118 0.7763
0 24.27051 43.29140 99.37026 0.76015 -0.00000 -0.64975 0.3382 0.7763
podwall_s7
0 17.63356 54.48084 91.60560 0.76015 0.28192 -0.58540 0.4256 0.7157
0 17.63356 66.15890 97.22946 0.76015 0.28192 -0.58540 0.5169 0.7596
0 24.27051 61.19321 103.45624 0.76015 0.28192 -0.58540 0.4781 0.8083
podwall_s7
0 17.63356 54.48084 91.60560 0.76015 0.28192 -0.58540 0.4256 0.7157
0 24.27051 61.19321 103.45624 0.76015 0.28192 -0.58540 0.4781 0.8083
0 24.27051 52.70860 99.37026 0.76015 0.28192 -0.58540 0.4118 0.7763
podwall_s6
0 17.63356 66.15890 97.22946 0.76015 0.50799 -0.40511 0.5169 0.7596
0 17.63356 74.24037 107.36330 0.76015 0.50799 -0.40511 0.5800 0.8388
0 24.27051 67.06474 110.81890 0.76015 0.50799 -0.40511 0.5239 0.8658
podwall_s6
0 17.63356 66.15890 97.22946 0.76015 0.50799 -0.40511 0.5169 0.7596
0 24.27051 67.06474 110.81890 0.76015 0.50799 -0.40511 0.5239 0.8658
0 24.27051 61.19321 103.45624 0.76015 0.50799 -0.40511 0.4781 0.8083
podwall_s6
0 17.63356 74.24037 107.36330 0.76015 0.63346 -0.14458 0.5800 0.8388
0 17.63356 77.12461 120.00000 0.76015 0.63346 -0.14458 0.6025 0.9375
0 24.27051 69.16027 120.00000 0.76015 0.63346 -0.14458 0.5403 0.9375
podwall_s6
0 17.63356 74.24037 107.36330 0.76015 0.63346 -0.14458 0.5800 0.8388
0 24.27051 69.16027 120.00000 0.76015 0.63346 -0.14458 0.5403 0.9375
0 24.27051 67.06474 110.81890 0.76015 0.63346 -0.14458 0.5239 0.8658
podwall_s6
0 24.27051 69.16027 120.00000 0.91682 0.38929 0.08885 0.5403 0.9375
0 24.27051 67.06474 129.18110 0.91682 0.38929 0.08885 0.5239 0.0092
0 28.53170 58.02293 124.82679 0.91682 0.38929 0.08885 0.4533 0.9752
podwall_s6
0 24.27051 69.16027 120.00000 0.91682 0.38929 0.08885 0.5403 0.9375
0 28.53170 58.02293 124.82679 0.91682 0.38929 0.08885 0.4533 0.9752
0 28.53170 59.12461 120.00000 0.91682 0.38929 0.08885 0.4619 0.9375
podwall_s6
0 24.27051 67.06474 129.18110 0.91682 0.31218 0.24896 0.5239 0.0092
0 24.27051 61.19321 136.54376 0.91682 0.31218 0.24896 0.4781 0.0667
0 28.53170 54.93608 128.69757 0.91682 0.31218 0.24896 0.4292 0.0054
podwall_s6
0 24.27051 67.06474 129.18110 0.91682 0.31218 0.24896 0.5239 0.0092
0 28.53170 54.93608 128.69757 0.91682 0.31218 0.24896 0.4292 0.0054
0 28.53170 58.02293 124.82679 0.91682 0.31218 0.24896 0.4533 0.9752
podwall_s6
0 24.27051 61.19321 136.54376 0.91682 0.17325 0.35975 0.4781 0.0667
0 24.27051 52.70860 140.62974 0.91682 0.17325 0.35975 0.4118 0.0987
0 28.53170 50.47546 130.84569 0.91682 0.17325 0.35975 0.3943 0.0222
podwall_s6
0 24.27051 61.19321 136.54376 0.91682 0.17325 0.35975 0.4781 0.0667
0 28.53170 50.47546 130.84569 0.91682 0.17325 0.35975 0.3943 0.0222
0 28.53170 54.93608 128.69757 0.91682 0.17325 0.35975 0.4292 0.0054
podwall_s6
0 24.27051 52.70860 140.62974 0.91682 0.00000 0.39930 0.4118 0.0987
0 24.27051 43.29140 140.62974 0.91682 0.00000 0.39930 0.3382 0.0987
0 28.53170 45.52454 130.84569 0.91682 0.00000 0.39930 0.3557 0.0222
podwall_s6
0 24.27051 52.70860 140.62974 0.91682 0.00000 0.39930 0.4118 0.0987
0 28.53170 45.52454 130.84569 0.91682 0.00000 0.39930 0.3557 0.0222
0 28.53170 50.47546 130.84569 0.91682 0.00000 0.39930 0.3943 0.0222
podwall_s6
0 24.27051 43.29140 140.62974 0.91682 -0.17325 0.35975 0.3382 0.0987
0 24.27051 34.80679 136.54376 0.91682 -0.17325 0.35975 0.2719 0.0667
0 28.53170 41.06392 128.69757 0.91682 -0.17325 0.35975 0.3208 0.0054
podwall_s6
0 24.27051 43.29140 140.62974 0.91682 -0.17325 0.35975 0.3382 0.0987
0 28.53170 41.06392 128.69757 0.91682 -0.17325 0.35975 0.3208 0.0054
0 28.53170 45.52454 130.84569 0.91682 -0.17325 0.35975 0.3557 0.0222
podwall_s6
0 24.27051 34.80679 136.54376 0.91682 -0.31218 0.24896 0.2719 0.0667
0 24.27051 28.93526 129.18110 0.91682 -0.31218 0.24896 0.2261 0.0092
0 28.53170 37.97707 124.82679 0.91682 -0.31218 0.24896 0.2967 0.9752
podwall_s6
0 24.27051 34.80679 136.54376 0.91682 -0.31218 0.24896 0.2719 0.0667
0 28.53170 37.97707 124.82679 0.91682 -0.31218 0.24896 0.2967 0.9752
0 28.53170 41.06392 128.69757 0.91682 -0.31218 0.24896 0.3208 0.0054
podwall_s6
0 24.27051 28.93526 129.18110 0.91682 -0.38929 0.08885 0.2261 0.0092
0 24.27051 26.83973 120.00000 0.91682 -0.38929 0.08885 0.2097 0.9375
0 28.53170 36.87539 120.00000 0.91682 -0.38929 0.08885 0.2881 0.9375
podwall_s6
0 24.27051 28.93526 129.18110 0.91682 -0.38929 0.08885 0.2261 0.0092
0 28.53170 36.87539 120.00000 0.91682 -0.38929 0.08885 0.2881 0.9375
0 28.53170 37.97707 124.82679 0.91682 -0.38929 0.08885 0.2967 0.9752
podwall_s6
0 24.27051 26.83973 120.00000 0.91682 -0.38929 -0.08885 0.2097 0.9375
0 24.27051 28.93526 110.81890 0.91682 -0.38929 -0.08885 0.2261 0.8658
0 28.53170 37.97707 115.17321 0.91682 -0.38929 -0.08885 0.2967 0.8998
podwall_s6
0 24.27051 26.83973 120.00000 0.91682 -0.38929 -0.08885 0.2097 0.9375
0 28.53170 37.97707 115.17321 0.91682 -0.38929 -0.08885 0.2967 0.8998
0 28.53170 36.87539 120.00000 0.91682 -0.38929 -0.08885 0.2881 0.9375
podwall_s7
0 24.27051 28.93526 110.81890 0.91682 -0.31218 -0.24896 0.2261 0.8658
0 24.27051 34.80679 103.45624 0.91682 -0.31218 -0.24896 0.2719 0.8083
0 28.53170 41.06392 111.30243 0.91682 -0.31218 -0.24896 0.3208 0.8696
podwall_s7
0 24.27051 28.93526 110.81890 0.91682 -0.31218 -0.24896 0.2261 0.8658
0 28.53170 41.06392 111.30243 0.91682 -0.31218 -0.24896 0.3208 0.8696
0 28.53170 37.97707 115.17321 0.91682 -0.31218 -0.24896 0.2967 0.8998
podwall_s7
0 24.27051 34.80679 103.45624 0.91682 -0.17325 -0.35975 0.2719 0.8083
0 24.27051 43.29140 99.37026 0.91682 -0.17325 -0.35975 0.3382 0.7763
0 28.53170 45.52454 109.15431 0.91682 -0.17325 -0.35975 0.3557 0.8528
podwall_s7
0 24.27051 34.80679 103.45624 0.91682 -0.17325 -0.35975 0.2719 0.8083
0 28.53170 45.52454 109.15431 0.91682 -0.17325 -0.35975 0.3557 0.8528
0 28.53170 41.06392 111.30243 0.91682 -0.17325 -0.35975 0.3208 0.8696
podwall_s7
0 24.27051 43.29140 99.37026 0.91682 -0.00000 -0.39930 0.3382 0.7763
0 24.27051 52.70860 99.37026 0.91682 -0.00000 -0.39930 0.4118 0.7763
0 28.53170 50.47546 109.15431 0.91682 -0.00000 -0.39930 0.3943 0.8528
podwall_s7
0 24.27051 43.29140 99.37026 0.91682 -0.00000 -0.39930 0.3382 0.7763
0 28.53170 50.47546 109.15431 0.91682 -0.00000 -0.39930 0.3943 0.8528
0 28.53170 45.52454 109.15431 0.91682 -0.00000 -0.39930 0.3557 0.8528
podwall_s7
0 24.27051 52.70860 99.37026 0.91682 0.17325 -0.35975 0.4118 0.7763
0 24.27051 61.19321 103.45624 0.91682 0.17325 -0.35975 0.4781 0.8083
0 28.53170 54.93608 111.30243 0.91682 0.17325 -0.35975 0.4292 0.8696
podwall_s7
0 24.27051 52.70860 99.37026 0.91682 0.17325 -0.35975 0.4118 0.7763
0 28.53170 54.93608 111.30243 0.91682 0.17325 -0.35975 0.4292 0.8696
0 28.53170 50.47546 109.15431 0.91682 0.17325 -0.35975 0.3943 0.8528
podwall_s7
0 24.27051 61.19321 103.45624 0.91682 0.31218 -0.24896 0.4781 0.8083
0 24.27051 67.06474 110.81890 0.91682 0.31218 -0.24896 0.5239 0.8658
0 28.53170 58.02293 115.17321 0.91682 0.31218 -0.24896 0.4533 0.8998
podwall_s7
0 24.27051 61.19321 103.45624 0.91682 0.31218 -0.24896 0.4781 0.8083
0 28.53170 58.02293 115.17321 0.91682 0.31218 -0.24896 0.4533 0.8998
0 28.53170 54.93608 111.30243 0.91682 0.31218 -0.24896 0.4292 0.8696
podwall_s6
0 24.27051 67.06474 110.81890 0.91682 0.38929 -0.08885 0.5239 0.8658
0 24.27051 69.16027 120.00000 0.91682 0.38929 -0.08885 0.5403 0.9375
0 28.53170 59.12461 120.00000 0.91682 0.38929 -0.08885 0.4619 0.9375
podwall_s6
0 24.27051 67.06474 110.81890 0.91682 0.38929 -0.08885 0.5239 0.8658
0 28.53170 59.12461 120.00000 0.91682 0.38929 -0.08885 0.4619 0.9375
0 28.53170 58.02293 115.17321 0.91682 0.38929 -0.08885 0.4533 0.8998
podwall_s6
0 28.53170 59.12461 120.00000 0.99096 0.13079 0.02985 0.4619 0.9375
0 28.53170 58.02293 124.82679 0.99096 0.13079 0.02985 0.4533 0.9752
0 30.00000 48.00000 120.00000 0.99096 0.13079 0.02985 0.3750 0.9375
podwall_s6
0 28.53170 58.02293 124.82679 0.99096 0.10489 0.08365 0.4533 0.9752
0 28.53170 54.93608 128.69757 0.99096 0.10489 0.08365 0.4292 0.0054
0 30.00000 48.00000 120.00000 0.99096 0.10489 0.08365 0.3750 0.9375
podwall_s6
0 28.53170 54.93608 128.69757 0.99096 0.05821 0.12087 0.4292 0.0054
0 28.53170 50.47546 130.84569 0.99096 0.05821 0.12087 0.3943 0.0222
0 30.00000 48.00000 120.00000 0.99096 0.05821 0.12087 0.3750 0.9375
podwall_s6
0 28.53170 50.47546 130.84569 0.99096 0.00000 0.13416 0.3943 0.0222
0 28.53170 45.52454 130.84569 0.99096 0.00000 0.13416 0.3557 0.0222
0 30.00000 48.00000 120.00000 0.99096 0.00000 0.13416 0.3750 0.9375
podwall_s6
0 28.53170 45.52454 130.84569 0.99096 -0.05821 0.12087 0.3557 0.0222
0 28.53170 41.06392 128.69757 0.99096 -0.05821 0.12087 0.3208 0.0054
0 30.00000 48.00000 120.00000 0.99096 -0.05821 0.12087 0.3750 0.9375
podwall_s6
0 28.53170 41.06392 128.69757 0.99096 -0.10489 0.08365 0.3208 0.0054
0 28.53170 37.97707 124.82679 0.99096 -0.10489 0.08365 0.2967 0.9752
0 30.00000 48.00000 120.00000 0.99096 -0.10489 0.08365 0.3750 0.9375
podwall_s6
0 28.53170 37.97707 124.82679 0.99096 -0.13079 0.02985 0.2967 0.9752
0 28.53170 36.87539 120.00000 0.99096 -0.13079 0.02985 0.2881 0.9375
0 30.00000 48.00000 120.00000 0.99096 -0.13079 0.02985 0.3750 0.9375
podwall_s7
0 28.53170 36.87539 120.00000 0.99096 -0.13079 -0.02985 0.2881 0.9375
0 28.53170 37.97707 115.17321 0.99096 -0.13079 -0.02985 0.2967 0.8998
0 30.00000 48.00000 120.00000 0.99096 -0.13079 -0.02985 0.3750 0.9375
podwall_s7
0 28.53170 37.97707 115.17321 0.99096 -0.10489 -0.08365 0.2967 0.8998
0 28.53170 41.06392 111.30243 0.99096 -0.10489 -0.08365 0.3208 0.8696
0 30.00000 48.00000 120.00000 0.99096 -0.10489 -0.08365 0.3750 0.9375
podwall_s7
0 28.53170 41.06392 111.30243 0.99096 -0.05821 -0.12087 0.3208 0.8696
0 28.53170 45.52454 109.15431 0.99096 -0.05821 -0.12087 0.3557 0.8528
0 30.00000 48.00000 120.00000 0.99096 -0.05821 -0.12087 0.3750 0.9375
podwall_s7
0 28.53170 45.52454 109.15431 0.99096 -0.00000 -0.13416 0.3557 0.8528
0 28.53170 50.47546 109.15431 0.99096 -0.00000 -0.13416 0.3943 0.8528
0 30.00000 48.00000 120.00000 0.99096 -0.00000 -0.13416 0.3750 0.9375
podwall_s7
0 28.53170 50.47546 109.15431 0.99096 0.05821 -0.12087 0.3943 0.8528
0 28.53170 54.93608 111.30243 0.99096 0.05821 -0.12087 0.4292 0.8696
0 30.00000 48.00000 120.00000 0.99096 0.05821 -0.12087 0.3750 0.9375
podwall_s7
0 28.53170 54.93608 111.30243 0.99096 0.10489 -0.08365 0.4292 0.8696
0 28.53170 58.02293 115.17321 0.99096 0.10489 -0.08365 0.4533 0.8998
0 30.00000 48.00000 120.00000 0.99096 0.10489 -0.08365 0.3750 0.9375
podwall_s7
0 28.53170 58.02293 115.17321 0.99096 0.13079 -0.02985 0.4533 0.8998
0 28.53170 59.12461 120.00000 0.99096 0.13079 -0.02985 0.4619 0.9375
0 30.00000 48.00000 120.00000 0.99096 0.13079 -0.02985 0.3750 0.9375
podwall_s3
0 0.00000 180.00000 -120.00000 0.18219 0.95861 0.21880 0.4062 0.0625
0 0.00000 176.43488 -104.38019 0.18219 0.95861 0.21880 0.3784 0.1845
0 9.27051 174.84740 -105.14467 0.18219 0.95861 0.21880 0.3660 0.1786
podwall_s3
0 0.00000 180.00000 -120.00000 0.18219 0.95861 0.21880 0.4062 0.0625
0 9.27051 174.84740 -105.14467 0.18219 0.95861 0.21880 0.3660 0.1786
0 9.27051 178.23803 -120.00000 0.18219 0.95861 0.21880 0.3925 0.0625
podwall_s3
0 0.00000 176.43488 -104.38019 0.18219 0.76875 0.61305 0.3784 0.1845
0 0.00000 166.44563 -91.85407 0.18219 0.76875 0.61305 0.3004 0.2824
0 9.27051 165.34707 -93.23163 0.18219 0.76875 0.61305 0.2918 0.2716
podwall_s3
0 0.00000 176.43488 -104.38019 0.18219 0.76875 0.61305 0.3784 0.1845
0 9.27051 165.34707 -93.23163 0.18219 0.76875 0.61305 0.2918 0.2716
0 9.27051 174.84740 -105.14467 0.18219 0.76875 0.61305 0.3660 0.1786
podwall_s2
0 0.00000 166.44563 -91.85407 0.18219 0.42662 0.88589 0.3004 0.2824
0 0.00000 152.01075 -84.90260 0.18219 0.42662 0.88589 0.1876 0.3367
0 9.27051 151.61868 -86.62038 0.18219 0.42662 0.88589 0.1845 0.3233
podwall_s2
0 0.00000 166.44563 -91.85407 0.18219 0.42662 0.88589 0.3004 0.2824
0 9.27051 151.61868 -86.62038 0.18219 0.42662 0.88589 0.1845 0.3233
0 9.27051 165.34707 -93.23163 0.18219 0.42662 0.88589 0.2918 0.2716
podwall_s2
0 0.00000 152.01075 -84.90260 0.18219 0.00000 0.98326 0.1876 0.3367
0 0.00000 135.98925 -84.90260 0.18219 0.00000 0.98326 0.0624 0.3367
0 9.27051 136.38132 -86.62038 0.18219 0.00000 0.98326 0.0655 0.3233
podwall_s2
0 0.00000 152.01075 -84.90260 0.18219 0.00000 0.98326 0.1876 0.3367
0 9.27051 136.38132 -86.62038 0.18219 0.00000 0.98326 0.0655 0.3233
0 9.27051 151.61868 -86.62038 0.18219 0.00000 0.98326 0.1845 0.3233
podwall_s2
0 0.00000 135.98925 -84.90260 0.18219 -0.42662 0.88589 0.0624 0.3367
0 0.00000 121.55437 -91.85407 0.18219 -0.42662 0.88589 0.9496 0.2824
0 9.27051 122.65293 -93.23163 0.18219 -0.42662 0.88589 0.9582 0.2716
podwall_s2
0 0.00000 135.98925 -84.90260 0.18219 -0.42662 0.88589 0.0624 0.3367
0 9.27051 122.65293 -93.23163 0.18219 -0.42662 0.88589 0.9582 0.2716
0 9.27051 136.38132 -86.62038 0.18219 -0.42662 0.88589 0.0655 0.3233
podwall_s3
0 0.00000 121.55437 -91.85407 0.18219 -0.76875 0.61305 0.9496 0.2824
0 0.00000 111.56512 -104.38019 0.18219 -0.76875 0.61305 0.8716 0.1845
0 9.27051 113.15260 -105.14467 0.18219 -0.76875 0.61305 0.8840 0.1786
podwall_s3
0 0.00000 121.55437 -91.85407 0.18219 -0.76875 0.61305 0.9496 0.2824
0 9.27051 113.15260 -105.14467 0.18219 -0.76875 0.61305 0.8840 0.1786
0 9.27051 122.65293 -93.23163 0.18219 -0.76875 0.61305 0.9582 0.2716
podwall_s3
0 0.00000 111.56512 -104.38019 0.18219 -0.95861 0.21880 0.8716 0.1845
0 0.00000 108.00000 -120.00000 0.18219 -0.95861 0.21880 0.8438 0.0625
0 9.27051 109.76197 -120.00000 0.18219 -0.95861 0.21880 0.8575 0.0625
podwall_s3
0 0.00000 111.56512 -104.38019 0.18219 -0.95861 0.21880 0.8716 0.1845
0 9.27051 109.76197 -120.00000 0.18219 -0.95861 0.21880 0.8575 0.0625
0 9.27051 113.15260 -105.14467 0.18219 -0.95861 0.21880 0.8840 0.1786
podwall_s4
0 0.00000 108.00000 -120.00000 0.18219 -0.95861 -0.21880 0.8438 0.0625
0 0.00000 111.56512 -135.61981 0.18219 -0.95861 -0.21880 0.8716 0.9405
0 9.27051 113.15260 -134.85533 0.18219 -0.95861 -0.21880 0.8840 0.9464
podwall_s4
0 0.00000 108.00000 -120.00000 0.18219 -0.95861 -0.21880 0.8438 0.0625
0 9.27051 113.15260 -134.85533 0.18219 -0.95861 -0.21880 0.8840 0.9464
0 9.27051 109.76197 -120.00000 0.18219 -0.95861 -0.21880 0.8575 0.0625
podwall_s5
0 0.00000 111.56512 -135.61981 0.18219 -0.76875 -0.61305 0.8716 0.9405
0 0.00000 121.55437 -148.14593 0.18219 -0.76875 -0.61305 0.9496 0.8426
0 9.27051 122.65293 -146.76837 0.18219 -0.76875 -0.61305 0.9582 0.8534
podwall_s5
0 0.00000 111.56512 -135.61981 0.18219 -0.76875 -0.61305 0.8716 0.9405
0 9.27051 122.65293 -146.76837 0.18219 -0.76875 -0.61305 0.9582 0.8534
0 9.27051 113.15260 -134.85533 0.18219 -0.76875 -0.61305 0.8840 0.9464
podwall_s5
0 0.00000 121.55437 -148.14593 0.18219 -0.42662 -0.88589 0.9496 0.8426
0 0.00000 135.98925 -155.09740 0.18219 -0.42662 -0.88589 0.0624 0.7883
0 9.27051 136.38132 -153.37962 0.18219 -0.42662 -0.88589 0.0655 0.8017
podwall_s5
0 0.00000 121.55437 -148.14593 0.18219 -0.42662 -0.88589 0.9496 0.8426
0 9.27051 136.38132 -153.37962 0.18219 -0.42662 -0.88589 0.0655 0.8017
0 9.27051 122.65293 -146.76837 0.18219 -0.42662 -0.88589 0.9582 0.8534
podwall_s5
0 0.00000 135.98925 -155.09740 0.18219 0.00000 -0.98326 0.0624 0.7883
0 0.00000 152.01075 -155.09740 0.18219 0.00000 -0.98326 0.1876 0.7883
0 9.27051 151.61868 -153.37962 0.18219 0.00000 -0.98326 0.1845 0.8017
podwall_s5
0 0.00000 135.98925 -155.09740 0.18219 0.00000 -0.98326 0.0624 0.7883
0 9.27051 151.61868 -153.37962 0.18219 0.00000 -0.98326 0.1845 0.8017
0 9.27051 136.38132 -153.37962 0.18219 0.00000 -0.98326 0.0655 0.8017
podwall_s5
0 0.00000 152.01075 -155.09740 0.18219 0.42662 -0.88589 0.1876 0.7883
0 0.00000 166.44563 -148.14593 0.18219 0.42662 -0.88589 0.3004 0.8426
0 9.27051 165.34707 -146.76837 0.18219 0.42662 -0.88589 0.2918 0.8534
podwall_s5
0 0.00000 152.01075 -155.09740 0.18219 0.42662 -0.88589 0.1876 0.7883
0 9.27051 165.34707 -146.76837 0.18219 0.42662 -0.88589 0.2918 0.8534
0 9.27051 151.61868 -153.37962 0.18219 0.42662 -0.88589 0.1845 0.8017
podwall_s5
0 0.00000 166.44563 -148.14593 0.18219 0.76875 -0.61305 0.3004 0.8426
0 0.00000 176.43488 -135.61981 0.18219 0.76875 -0.61305 0.3784 0.9405
0 9.27051 174.84740 -134.85533 0.18219 0.76875 -0.61305 0.3660 0.9464
podwall_s5
0 0.00000 166.44563 -148.14593 0.18219 0.76875 -0.61305 0.3004 0.8426
0 9.27051 174.84740 -134.85533 0.18219 0.76875 -0.61305 0.3660 0.9464
0 9.27051 165.34707 -146.76837 0.18219 0.76875 -0.61305 0.2918 0.8534
podwall_s4
0 0.00000 176.43488 -135.61981 0.18219 0.95861 -0.21880 0.3784 0.9405
0 0.00000 180.00000 -120.00000 0.18219 0.95861 -0.21880 0.4062 0.0625
0 9.27051 178.23803 -120.00000 0.18219 0.95861 -0.21880 0.3925 0.0625
podwall_s4
0 0.00000 176.43488 -135.61981 0.18219 0.95861 -0.21880 0.3784 0.9405
0 9.27051 178.23803 -120.00000 0.18219 0.95861 -0.21880 0.3925 0.0625
0 9.27051 174.84740 -134.85533 0.18219 0.95861 -0.21880 0.3660 0.9464
podwall_s4
0 9.27051 178.23803 -120.00000 0.51203 0.83743 0.19114 0.3925 0.0625
0 9.27051 174.84740 -105.14467 0.51203 0.83743 0.19114 0.3660 0.1786
0 17.63356 170.24037 -107.36330 0.51203 0.83743 0.19114 0.3300 0.1612
podwall_s4
0 9.27051 178.23803 -120.00000 0.51203 0.83743 0.19114 0.3925 0.0625
0 17.63356 170.24037 -107.36330 0.51203 0.83743 0.19114 0.3300 0.1612
0 17.63356 173.12461 -120.00000 0.51203 0.83743 0.19114 0.3525 0.0625
podwall_s4
0 9.27051 174.84740 -105.14467 0.51203 0.67157 0.53556 0.3660 0.1786
0 9.27051 165.34707 -93.23163 0.51203 0.67157 0.53556 0.2918 0.2716
0 17.63356 162.15890 -97.22946 0.51203 0.67157 0.53556 0.2669 0.2404
podwall_s4
0 9.27051 174.84740 -105.14467 0.51203 0.67157 0.53556 0.3660 0.1786
0 17.63356 162.15890 -97.22946 0.51203 0.67157 0.53556 0.2669 0.2404
0 17.63356 170.24037 -107.36330 0.51203 0.67157 0.53556 0.3300 0.1612
podwall_s3
0 9.27051 165.34707 -93.23163 0.51203 0.37269 0.77390 0.2918 0.2716
0 9.27051 151.61868 -86.62038 0.51203 0.37269 0.77390 0.1845 0.3233
0 17.63356 150.48084 -91.60560 0.51203 0.37269 0.77390 0.1756 0.2843
podwall_s3
0 9.27051 165.34707 -93.23163 0.51203 0.37269 0.77390 0.2918 0.2716
0 17.63356 150.48084 -91.60560 0.51203 0.37269 0.77390 0.1756 0.2843
0 17.63356 162.15890 -97.22946 0.51203 0.37269 0.77390 0.2669 0.2404
podwall_s3
0 9.27051 151.61868 -86.62038 0.51203 0.00000 0.85897 0.1845 0.3233
0 9.27051 136.38132 -86.62038 0.51203 0.00000 0.85897 0.0655 0.3233
0 17.63356 137.51916 -91.60560 0.51203 0.00000 0.85897 0.0744 0.2843
podwall_s3
0 9.27051 151.61868 -86.62038 0.51203 0.00000 0.85897 0.1845 0.3233
0 17.63356 137.51916 -91.60560 0.51203 0.00000 0.85897 0.0744 0.2843
0 17.63356 150.48084 -91.60560 0.51203 0.00000 0.85897 0.1756 0.2843
podwall_s3
0 9.27051 136.38132 -86.62038 0.51203 -0.37269 0.77390 0.0655 0.3233
0 9.27051 122.65293 -93.23163 0.51203 -0.37269 0.77390 0.9582 0.2716
0 17.63356 125.84110 -97.22946 0.51203 -0.37269 0.77390 0.9831 0.2404
podwall_s3
0 9.27051 136.38132 -86.62038 0.51203 -0.37269 0.77390 0.0655 0.3233
0 17.63356 125.84110 -97.22946 0.51203 -0.37269 0.77390 0.9831 0.2404
0 17.63356 137.51916 -91.60560 0.51203 -0.37269 0.77390 0.0744 0.2843
podwall_s4
0 9.27051 122.65293 -93.23163 0.51203 -0.67157 0.53556 0.9582 0.2716
0 9.27051 113.15260 -105.14467 0.51203 -0.67157 0.53556 0.8840 0.1786
0 17.63356 117.75963 -107.36330 0.51203 -0.67157 0.53556 0.9200 0.1612
podwall_s4
0 9.27051 122.65293 -93.23163 0.51203 -0.67157 0.53556 0.9582 0.2716
0 17.63356 117.75963 -107.36330 0.51203 -0.67157 0.53556 0.9200 0.1612
0 17.63356 125.84110 -97.22946 0.51203 -0.67157 0.53556 0.9831 0.2404
podwall_s4
0 9.27051 113.15260 -105.14467 0.51203 -0.83743 0.19114 0.8840 0.1786
0 9.27051 109.76197 -120.00000 0.51203 -0.83743 0.19114 0.8575 0.0625
0 17.63356 114.87539 -120.00000 0.51203 -0.83743 0.19114 0.8975 0.0625
podwall_s4
0 9.27051 113.15260 -105.14467 0.51203 -0.83743 0.19114 0.8840 0.1786
0 17.63356 114.87539 -120.00000 0.51203 -0.83743 0.19114 0.8975 0.0625
0 17.63356 117.75963 -107.36330 0.51203 -0.83743 0.19114 0.9200 0.1612
podwall_s5
0 9.27051 109.76197 -120.00000 0.51203 -0.83743 -0.19114 0.8575 0.0625
0 9.27051 113.15260 -134.85533 0.51203 -0.83743 -0.19114 0.8840 0.9464
0 17.63356 117.75963 -132.63670 0.51203 -0.83743 -0.19114 0.9200 0.9638
podwall_s5
0 9.27051 109.76197 -120.00000 0.51203 -0.83743 -0.19114 0.8575 0.0625
0 17.63356 117.75963 -132.63670 0.51203 -0.83743 -0.19114 0.9200 0.9638
0 17.63356 114.87539 -120.00000 0.51203 -0.83743 -0.19114 0.8975 0.0625
podwall_s6
0 9.27051 113.15260 -134.85533 0.51203 -0.67157 -0.53556 0.8840 0.9464
0 9.27051 122.65293 -146.76837 0.51203 -0.67157 -0.53556 0.9582 0.8534
0 17.63356 125.84110 -142.77054 0.51203 -0.67157 -0.53556 0.9831 0.8846
podwall_s6
0 9.27051 113.15260 -134.85533 0.51203 -0.67157 -0.53556 0.8840 0.9464
0 17.63356 125.84110 -142.77054 0.51203 -0.67157 -0.53556 0.9831 0.8846
0 17.63356 117.75963 -132.63670 0.51203 -0.67157 -0.53556 0.9200 0.9638
podwall_s6
0 9.27051 122.65293 -146.76837 0.51203 -0.37269 -0.77390 0.9582 0.8534
0 9.27051 136.38132 -153.37962 0.51203 -0.37269 -0.77390 0.0655 0.8017
0 17.63356 137.51916 -148.39440 0.51203 -0.37269 -0.77390 0.0744 0.8407
podwall_s6
0 9.27051 122.65293 -146.76837 0.51203 -0.37269 -0.77390 0.9582 0.8534
0 17.63356 137.51916 -148.39440 0.51203 -0.37269 -0.77390 0.0744 0.8407
0 17.63356 125.84110 -142.77054 0.51203 -0.37269 -0.77390 0.9831 0.8846
podwall_s6
0 9.27051 136.38132 -153.37962 0.51203 0.00000 -0.85897 0.0655 0.8017
0 9.27051 151.61868 -153.37962 0.51203 0.00000 -0.85897 0.1845 0.8017
0 17.63356 150.48084 -148.39440 0.51203 0.00000 -0.85897 0.1756 0.8407
podwall_s6
0 9.27051 136.38132 -153.37962 0.51203 0.00000 -0.85897 0.0655 0.8017
0 17.63356 150.48084 -148.39440 0.51203 0.00000 -0.85897 0.1756 0.8407
0 17.63356 137.51916 -148.39440 0.51203 0.00000 -0.85897 0.0744 0.8407
podwall_s6
0 9.27051 151.61868 -153.37962 0.51203 0.37269 -0.77390 0.1845 0.8017
0 9.27051 165.34707 -146.76837 0.51203 0.37269 -0.77390 0.2918 0.8534
0 17.63356 162.15890 -142.77054 0.51203 0.37269 -0.77390 0.2669 0.8846
podwall_s6
0 9.27051 151.61868 -153.37962 0.51203 0.37269 -0.77390 0.1845 0.8017
0 17.63356 162.15890 -142.77054 0.51203 0.37269 -0.77390 0.2669 0.8846
0 17.63356 150.48084 -148.39440 0.51203 0.37269 -0.77390 0.1756 0.8407
podwall_s6
0 9.27051 165.34707 -146.76837 0.51203 0.67157 -0.53556 0.2918 0.8534
0 9.27051 174.84740 -134.85533 0.51203 0.67157 -0.53556 0.3660 0.9464
0 17.63356 170.24037 -132.63670 0.51203 0.67157 -0.53556 0.3300 0.9638
podwall_s6
0 9.27051 165.34707 -146.76837 0.51203 0.67157 -0.53556 0.2918 0.8534
0 17.63356 170.24037 -132.63670 0.51203 0.67157 -0.53556 0.3300 0.9638
0 17.63356 162.15890 -142.77054 0.51203 0.67157 -0.53556 0.2669 0.8846
podwall_s5
0 9.27051 174.84740 -134.85533 0.51203 0.83743 -0.19114 0.3660 0.9464
0 9.27051 178.23803 -120.00000 0.51203 0.83743 -0.19114 0.3925 0.0625
0 17.63356 173.12461 -120.00000 0.51203 0.83743 -0.19114 0.3525 0.0625
podwall_s5
0 9.27051 174.84740 -134.85533 0.51203 0.83743 -0.19114 0.3660 0.9464
0 17.63356 173.12461 -120.00000 0.51203 0.83743 -0.19114 0.3525 0.0625
0 17.63356 170.24037 -132.63670 0.51203 0.83743 -0.19114 0.3300 0.9638
podwall_s5
0 17.63356 173.12461 -120.00000 0.76015 0.63346 0.14458 0.3525 0.0625
0 17.63356 170.24037 -107.36330 0.76015 0.63346 0.14458 0.3300 0.1612
0 24.27051 163.06474 -110.81890 0.76015 0.63346 0.14458 0.2739 0.1342
podwall_s5
0 17.63356 173.12461 -120.00000 0.76015 0.63346 0.14458 0.3525 0.0625
0 24.27051 163.06474 -110.81890 0.76015 0.63346 0.14458 0.2739 0.1342
0 24.27051 165.16027 -120.00000 0.76015 0.63346 0.14458 0.2903 0.0625
podwall_s5
0 17.63356 170.24037 -107.36330 0.76015 0.50799 0.40511 0.3300 0.1612
0 17.63356 162.15890 -97.22946 0.76015 0.50799 0.40511 0.2669 0.2404
0 24.27051 157.19321 -103.45624 0.76015 0.50799 0.40511 0.2281 0.1917
podwall_s5
0 17.63356 170.24037 -107.36330 0.76015 0.50799 0.40511 0.3300 0.1612
0 24.27051 157.19321 -103.45624 0.76015 0.50799 0.40511 0.2281 0.1917
0 24.27051 163.06474 -110.81890 0.76015 0.50799 0.40511 0.2739 0.1342
podwall_s5
0 17.63356 162.15890 -97.22946 0.76015 0.28192 0.58540 0.2669 0.2404
0 17.63356 150.48084 -91.60560 0.76015 0.28192 0.58540 0.1756 0.2843
0 24.27051 148.70860 -99.37026 0.76015 0.28192 0.58540 0.1618 0.2237
podwall_s5
0 17.63356 162.15890 -97.22946 0.76015 0.28192 0.58540 0.2669 0.2404
0 24.27051 148.70860 -99.37026 0.76015 0.28192 0.58540 0.1618 0.2237
0 24.27051 157.19321 -103.45624 0.76015 0.28192 0.58540 0.2281 0.1917
podwall_s5
0 17.63356 150.48084 -91.60560 0.76015 0.00000 0.64975 0.1756 0.2843
0 17.63356 137.51916 -91.60560 0.76015 0.00000 0.64975 0.0744 0.2843
0 24.27051 139.29140 -99.37026 0.76015 0.00000 0.64975 0.0882 0.2237
podwall_s5
0 17.63356 150.48084 -91.60560 0.76015 0.00000 0.64975 0.1756 0.2843
0 24.27051 139.29140 -99.37026 0.76015 0.00000 0.64975 0.0882 0.2237
0 24.27051 148.70860 -99.37026 0.76015 0.00000 0.64975 0.1618 0.2237
podwall_s5
0 17.63356 137.51916 -91.60560 0.76015 -0.28192 0.58540 0.0744 0.2843
0 17.63356 125.84110 -97.22946 0.76015 -0.28192 0.58540 0.9831 0.2404
0 24.27051 130.80679 -103.45624 0.76015 -0.28192 0.58540 0.0219 0.1917
podwall_s5
0 17.63356 137.51916 -91.60560 0.76015 -0.28192 0.58540 0.0744 0.2843
0 24.27051 130.80679 -103.45624 0.76015 -0.28192 0.58540 0.0219 0.1917
0 24.27051 139.29140 -99.37026 0.76015 -0.28192 0.58540 0.0882 0.2237
podwall_s5
0 17.63356 125.84110 -97.22946 0.76015 -0.50799 0.40511 0.9831 0.2404
0 17.63356 117.75963 -107.36330 0.76015 -0.50799 0.40511 0.9200 0.1612
0 24.27051 124.93526 -110.81890 0.76015 -0.50799 0.40511 0.9761 0.1342
podwall_s5
0 17.63356 125.84110 -97.22946 0.76015 -0.50799 0.40511 0.9831 0.2404
0 24.27051 124.93526 -110.81890 0.76015 -0.50799 0.40511 0.9761 0.1342
0 24.27051 130.80679 -103.45624 0.76015 -0.50799 0.40511 0.0219 0.1917
podwall_s5
0 17.63356 117.75963 -107.36330 0.76015 -0.63346 0.14458 0.9200 0.1612
0 17.63356 114.87539 -120.00000 0.76015 -0.63346 0.14458 0.8975 0.0625
0 24.27051 122.83973 -120.00000 0.76015 -0.63346 0.14458 0.9597 0.0625
podwall_s5
0 17.63356 117.75963 -107.36330 0.76015 -0.63346 0.14458 0.9200 0.1612
0 24.27051 122.83973 -120.00000 0.76015 -0.63346 0.14458 0.9597 0.0625
0 24.27051 124.93526 -110.81890 0.76015 -0.63346 0.14458 0.9761 0.1342
podwall_s6
0 17.63356 114.87539 -120.00000 0.76015 -0.63346 -0.14458 0.8975 0.0625
0 17.63356 117.75963 -132.63670 0.76015 -0.63346 -0.14458 0.9200 0.9638
0 24.27051 124.93526 -129.18110 0.76015 -0.63346 -0.14458 0.9761 0.9908
podwall_s6
0 17.63356 114.87539 -120.00000 0.76015 -0.63346 -0.14458 0.8975 0.0625
0 24.27051 124.93526 -129.18110 0.76015 -0.63346 -0.14458 0.9761 0.9908
0 24.27051 122.83973 -120.00000 0.76015 -0.63346 -0.14458 0.9597 0.0625
podwall_s6
0 17.63356 117.75963 -132.63670 0.76015 -0.50799 -0.40511 0.9200 0.9638
0 17.63356 125.84110 -142.77054 0.76015 -0.50799 -0.40511 0.9831 0.8846
0 24.27051 130.80679 -136.54376 0.76015 -0.50799 -0.40511 0.0219 0.9333
podwall_s6
0 17.63356 117.75963 -132.63670 0.76015 -0.50799 -0.40511 0.9200 0.9638
0 24.27051 130.80679 -136.54376 0.76015 -0.50799 -0.40511 0.0219 0.9333
0 24.27051 124.93526 -129.18110 0.76015 -0.50799 -0.40511 0.9761 0.9908
podwall_s7
0 17.63356 125.84110 -142.77054 0.76015 -0.28192 -0.58540 0.9831 0.8846
0 17.63356 137.51916 -148.39440 0.76015 -0.28192 -0.58540 0.0744 0.8407
0 24.27051 139.29140 -140.62974 0.76015 -0.28192 -0.58540 0.0882 0.9013
podwall_s7
0 17.63356 125.84110 -142.77054 0.76015 -0.28192 -0.58540 0.9831 0.8846
0 24.27051 139.29140 -140.62974 0.76015 -0.28192 -0.58540 0.0882 0.9013
0 24.27051 130.80679 -136.54376 0.76015 -0.28192 -0.58540 0.0219 0.9333
podwall_s7
0 17.63356 137.51916 -148.39440 0.76015 0.00000 -0.64975 0.0744 0.8407
0 17.63356 150.48084 -148.39440 0.76015 0.00000 -0.64975 0.1756 0.8407
0 24.27051 148.70860 -140.62974 0.76015 0.00000 -0.64975 0.1618 0.9013
podwall_s7
0 17.63356 137.51916 -148.39440 0.76015 0.00000 -0.64975 0.0744 0.8407
0 24.27051 148.70860 -140.62974 0.76015 0.00000 -0.64975 0.1618 0.9013
0 24.27051 139.29140 -140.62974 0.76015 0.00000 -0.64975 0.0882 0.9013
podwall_s7
0 17.63356 150.48084 -148.39440 0.76015 0.28192 -0.58540 0.1756 0.8407
0 17.63356 162.15890 -142.77054 0.76015 0.28192 -0.58540 0.2669 0.8846
0 24.27051 157.19321 -136.54376 0.76015 0.28192 -0.58540 0.2281 0.9333
podwall_s7
0 17.63356 150.48084 -148.39440 0.76015 0.28192 -0.58540 0.1756 0.8407
0 24.27051 157.19321 -136.54376 0.76015 0.28192 -0.58540 0.2281 0.9333
0 24.27051 148.70860 -140.62974 0.76015 0.28192 -0.58540 0.1618 0.9013
podwall_s6
0 17.63356 162.15890 -142.77054 0.76015 0.50799 -0.40511 0.2669 0.8846
0 17.63356 170.24037 -132.63670 0.76015 0.50799 -0.40511 0.3300 0.9638
0 24.27051 163.06474 -129.18110 0.76015 0.50799 -0.40511 0.2739 0.9908
podwall_s6
0 17.63356 162.15890 -142.77054 0.76015 0.50799 -0.40511 0.2669 0.8846
0 24.27051 163.06474 -129.18110 0.76015 0.50799 -0.40511 0.2739 0.9908
0 24.27051 157.19321 -136.54376 0.76015 0.50799 -0.40511 0.2281 0.9333
podwall_s6
0 17.63356 170.24037 -132.63670 0.76015 0.63346 -0.14458 0.3300 0.9638
0 17.63356 173.12461 -120.00000 0.76015 0.63346 -0.14458 0.3525 0.0625
0 24.27051 165.16027 -120.00000 0.76015 0.63346 -0.14458 0.2903 0.0625
podwall_s6
0 17.63356 170.24037 -132.63670 0.76015 0.63346 -0.14458 0.3300 0.9638
0 24.27051 165.16027 -120.00000 0.76015 0.63346 -0.14458 0.2903 0.0625
0 24.27051 163.06474 -129.18110 0.76015 0.63346 -0.14458 0.2739 0.9908
podwall_s6
0 24.27051 165.16027 -120.00000 0.91682 0.38929 0.08885 0.2903 0.0625
0 24.27051 163.06474 -110.81890 0.91682 0.38929 0.08885 0.2739 0.1342
0 28.53170 154.02293 -115.17321 0.91682 0.38929 0.08885 0.2033 0.1002
podwall_s6
0 24.27051 165.16027 -120.00000 0.91682 0.38929 0.08885 0.2903 0.0625
0 28.53170 154.02293 -115.17321 0.91682 0.38929 0.08885 0.2033 0.1002
0 28.53170 155.12461 -120.00000 0.91682 0.38929 0.08885 0.2119 0.0625
podwall_s6
0 24.27051 163.06474 -110.81890 0.91682 0.31218 0.24896 0.2739 0.1342
0 24.27051 157.19321 -103.45624 0.91682 0.31218 0.24896 0.2281 0.1917
0 28.53170 150.93608 -111.30243 0.91682 0.31218 0.24896 0.1792 0.1304
podwall_s6
0 24.27051 163.06474 -110.81890 0.91682 0.31218 0.24896 0.2739 0.1342
0 28.53170 150.93608 -111.30243 0.91682 0.31218 0.24896 0.1792 0.1304
0 28.53170 154.02293 -115.17321 0.91682 0.31218 0.24896 0.2033 0.1002
podwall_s6
0 24.27051 157.19321 -103.45624 0.91682 0.17325 0.35975 0.2281 0.1917
0 24.27051 148.70860 -99.37026 0.91682 0.17325 0.35975 0.1618 0.2237
0 28.53170 146.47546 -109.15431 0.91682 0.17325 0.35975 0.1443 0.1472
podwall_s6
0 24.27051 157.19321 -103.45624 0.91682 0.17325 0.35975 0.2281 0.1917
0 28.53170 146.47546 -109.15431 0.91682 0.17325 0.35975 0.1443 0.1472
0 28.53170 150.93608 -111.30243 0.91682 0.17325 0.35975 0.1792 0.1304
podwall_s6
0 24.27051 148.70860 -99.37026 0.91682 0.00000 0.39930 0.1618 0.2237
0 24.27051 139.29140 -99.37026 0.91682 0.00000 0.39930 0.0882 0.2237
0 28.53170 141.52454 -109.15431 0.91682 0.00000 0.39930 0.1057 0.1472
podwall_s6
0 24.27051 148.70860 -99.37026 0.91682 0.00000 0.39930 0.1618 0.2237
0 28.53170 141.52454 -109.15431 0.91682 0.00000 0.39930 0.1057 0.1472
0 28.53170 146.47546 -109.15431 0.91682 0.00000 0.39930 0.1443 0.1472
podwall_s6
0 24.27051 139.29140 -99.37026 0.91682 -0.17325 0.35975 0.0882 0.2237
0 24.27051 130.80679 -103.45624 0.91682 -0.17325 0.35975 0.0219 0.1917
0 28.53170 137.06392 -111.30243 0.91682 -0.17325 0.35975 0.0708 0.1304
podwall_s6
0 24.27051 139.29140 -99.37026 0.91682 -0.17325 0.35975 0.0882 0.2237
0 28.53170 137.06392 -111.30243 0.91682 -0.17325 0.35975 0.0708 0.1304
0 28.53170 141.52454 -109.15431 0.91682 -0.17325 0.35975 0.1057 0.1472
podwall_s6
0 24.27051 130.80679 -103.45624 0.91682 -0.31218 0.24896 0.0219 0.1917
0 24.27051 124.93526 -110.81890 0.91682 -0.31218 0.24896 0.9761 0.1342
0 28.53170 133.97707 -115.17321 0.91682 -0.31218 0.24896 0.0467 0.1002
podwall_s6
0 24.27051 130.80679 -103.45624 0.91682 -0.31218 0.24896 0.0219 0.1917
0 28.53170 133.97707 -115.17321 0.91682 -0.31218 0.24896 0.0467 0.1002
0 28.53170 137.06392 -111.30243 0.91682 -0.31218 0.24896 0.0708 0.1304
podwall_s6
0 24.27051 124.93526 -110.81890 0.91682 -0.38929 0.08885 0.9761 0.1342
0 24.27051 122.83973 -120.00000 0.91682 -0.38929 0.08885 0.9597 0.0625
0 28.53170 132.87539 -120.00000 0.91682 -0.38929 0.08885 0.0381 0.0625
podwall_s6
0 24.27051 124.93526 -110.81890 0.91682 -0.38929 0.08885 0.9761 0.1342
0 28.53170 132.87539 -120.00000 0.91682 -0.38929 0.08885 0.0381 0.0625
0 28.53170 133.97707 -115.17321 0.91682 -0.38929 0.08885 0.0467 0.1002
podwall_s6
0 24.27051 122.83973 -120.00000 0.91682 -0.38929 -0.08885 0.9597 0.0625
0 24.27051 124.93526 -129.18110 0.91682 -0.38929 -0.08885 0.9761 0.9908
0 28.53170 133.97707 -124.82679 0.91682 -0.38929 -0.08885 0.0467 0.0248
podwall_s6
0 24.27051 122.83973 -120.00000 0.91682 -0.38929 -0.08885 0.9597 0.0625
0 28.53170 133.97707 -124.82679 0.91682 -0.38929 -0.08885 0.0467 0.0248
0 28.53170 132.87539 -120.00000 0.91682 -0.38929 -0.08885 0.0381 0.0625
podwall_s7
0 24.27051 124.93526 -129.18110 0.91682 -0.31218 -0.24896 0.9761 0.9908
0 24.27051 130.80679 -136.54376 0.91682 -0.31218 -0.24896 0.0219 0.9333
0 28.53170 137.06392 -128.69757 0.91682 -0.31218 -0.24896 0.0708 0.9946
podwall_s7
0 24.27051 124.93526 -129.18110 0.91682 -0.31218 -0.24896 0.9761 0.9908
0 28.53170 137.06392 -128.69757 0.91682 -0.31218 -0.24896 0.0708 0.9946
0 28.53170 133.97707 -124.82679 0.91682 -0.31218 -0.24896 0.0467 0.0248
podwall_s7
0 24.27051 130.80679 -136.54376 0.91682 -0.17325 -0.35975 0.0219 0.9333
0 24.27051 139.29140 -140.62974 0.91682 -0.17325 -0.35975 0.0882 0.9013
0 28.53170 141.52454 -130.84569 0.91682 -0.17325 -0.35975 0.1057 0.9778
podwall_s7
0 24.27051 130.80679 -136.54376 0.91682 -0.17325 -0.35975 0.0219 0.9333
0 28.53170 141.52454 -130.84569 0.91682 -0.17325 -0.35975 0.1057 0.9778
0 28.53170 137.06392 -128.69757 0.91682 -0.17325 -0.35975 0.0708 0.9946
podwall_s7
0 24.27051 139.29140 -140.62974 0.91682 0.00000 -0.39930 0.0882 0.9013
0 24.27051 148.70860 -140.62974 0.91682 0.00000 -0.39930 0.1618 0.9013
0 28.53170 146.47546 -130.84569 0.91682 0.00000 -0.39930 0.1443 0.9778
podwall_s7
0 24.27051 139.29140 -140.62974 0.91682 0.00000 -0.39930 0.0882 0.9013
0 28.53170 146.47546 -130.84569 0.91682 0.00000 -0.39930 0.1443 0.9778
0 28.53170 141.52454 -130.84569 0.91682 0.00000 -0.39930 0.1057 0.9778
podwall_s7
0 24.27051 148.70860 -140.62974 0.91682 0.17325 -0.35975 0.1618 0.9013
0 24.27051 157.19321 -136.54376 0.91682 0.17325 -0.35975 0.2281 0.9333
0 28.53170 150.93608 -128.69757 0.91682 0.17325 -0.35975 0.1792 0.9946
podwall_s7
0 24.27051 148.70860 -140.62974 0.91682 0.17325 -0.35975 0.1618 0.9013
0 28.53170 150.93608 -128.69757 0.91682 0.17325 -0.35975 0.1792 0.9946
0 28.53170 146.47546 -130.84569 0.91682 0.17325 -0.35975 0.1443 0.9778
podwall_s7
0 24.27051 157.19321 -136.54376 0.91682 0.31218 -0.24896 0.2281 0.9333
0 24.27051 163.06474 -129.18110 0.91682 0.31218 -0.24896 0.2739 0.9908
0 28.53170 154.02293 -124.82679 0.91682 0.31218 -0.24896 0.2033 0.0248
podwall_s7
0 24.27051 157.19321 -136.54376 0.91682 0.31218 -0.24896 0.2281 0.9333
0 28.53170 154.02293 -124.82679 0.91682 0.31218 -0.24896 0.2033 0.0248
0 28.53170 150.93608 -128.69757 0.91682 0.31218 -0.24896 0.1792 0.9946
podwall_s6
0 24.27051 163.06474 -129.18110 0.91682 0.38929 -0.08885 0.2739 0.9908
0 24.27051 165.16027 -120.00000 0.91682 0.38929 -0.08885 0.2903 0.0625
0 28.53170 155.12461 -120.00000 0.91682 0.38929 -0.08885 0.2119 0.0625
podwall_s6
0 24.27051 163.06474 -129.18110 0.91682 0.38929 -0.08885 0.2739 0.9908
0 28.53170 155.12461 -120.00000 0.91682 0.38929 -0.08885 0.2119 0.0625
0 28.53170 154.02293 -124.82679 0.91682 0.38929 -0.08885 0.2033 0.0248
podwall_s6
0 28.53170 155.12461 -120.00000 0.99096 0.13079 0.02985 0.2119 0.0625
0 28.53170 154.02293 -115.17321 0.99096 0.13079 0.02985 0.2033 0.1002
0 30.00000 144.00000 -120.00000 0.99096 0.13079 0.02985 0.1250 0.0625
podwall_s6
0 28.53170 154.02293 -115.17321 0.99096 0.10489 0.08365 0.2033 0.1002
0 28.53170 150.93608 -111.30243 0.99096 0.10489 0.08365 0.1792 0.1304
0 30.00000 144.00000 -120.00000 0.99096 0.10489 0.08365 0.1250 0.0625
podwall_s6
0 28.53170 150.93608 -111.30243 0.99096 0.05821 0.12087 0.1792 0.1304
0 28.53170 146.47546 -109.15431 0.99096 0.05821 0.12087 0.1443 0.1472
0 30.00000 144.00000 -120.00000 0.99096 0.05821 0.12087 0.1250 0.0625
podwall_s6
0 28.53170 146.47546 -109.15431 0.99096 0.00000 0.13416 0.1443 0.1472
0 28.53170 141.52454 -109.15431 0.99096 0.00000 0.13416 0.1057 0.1472
0 30.00000 144.00000 -120.00000 0.99096 0.00000 0.13416 0.1250 0.0625
podwall_s6
0 28.53170 141.52454 -109.15431 0.99096 -0.05821 0.12087 0.1057 0.1472
0 28.53170 137.06392 -111.30243 0.99096 -0.05821 0.12087 0.0708 0.1304
0 30.00000 144.00000 -120.00000 0.99096 -0.05821 0.12087 0.1250 0.0625
podwall_s6
0 28.53170 137.06392 -111.30243 0.99096 -0.10489 0.08365 0.0708 0.1304
0 28.53170 133.97707 -115.17321 0.99096 -0.10489 0.08365 0.0467 0.1002
0 30.00000 144.00000 -120.00000 0.99096 -0.10489 0.08365 0.1250 0.0625
podwall_s6
0 28.53170 133.97707 -115.17321 0.99096 -0.13079 0.02985 0.0467 0.1002
0 28.53170 132.87539 -120.00000 0.99096 -0.13079 0.02985 0.0381 0.0625
0 30.00000 144.00000 -120.00000 0.99096 -0.13079 0.02985 0.1250 0.0625
podwall_s7
0 28.53170 132.87539 -120.00000 0.99096 -0.13079 -0.02985 0.0381 0.0625
0 28.53170 133.97707 -124.82679 0.99096 -0.13079 -0.02985 0.0467 0.0248
0 30.00000 144.00000 -120.00000 0.99096 -0.13079 -0.02985 0.1250 0.0625
podwall_s7
0 28.53170 133.97707 -124.82679 0.99096 -0.10489 -0.08365 0.0467 0.0248
0 28.53170 137.06392 -128.69757 0.99096 -0.10489 -0.08365 0.0708 0.9946
0 30.00000 144.00000 -120.00000 0.99096 -0.10489 -0.08365 0.1250 0.0625
podwall_s7
0 28.53170 137.06392 -128.69757 0.99096 -0.05821 -0.12087 0.0708 0.9946
0 28.53170 141.52454 -130.84569 0.99096 -0.05821 -0.12087 0.1057 0.9778
0 30.00000 144.00000 -120.00000 0.99096 -0.05821 -0.12087 0.1250 0.0625
podwall_s7
0 28.53170 141.52454 -130.84569 0.99096 0.00000 -0.13416 0.1057 0.9778
0 28.53170 146.47546 -130.84569 0.99096 0.00000 -0.13416 0.1443 0.9778
0 30.00000 144.00000 -120.00000 0.99096 0.00000 -0.13416 0.1250 0.0625
podwall_s7
0 28.53170 146.47546 -130.84569 0.99096 0.05821 -0.12087 0.1443 0.9778
0 28.53170 150.93608 -128.69757 0.99096 0.05821 -0.12087 0.1792 0.9946
0 30.00000 144.00000 -120.00000 0.99096 0.05821 -0.12087 0.1250 0.0625
podwall_s7
0 28.53170 150.93608 -128.69757 0.99096 0.10489 -0.08365 0.1792 0.9946
0 28.53170 154.02293 -124.82679 0.99096 0.10489 -0.08365 0.2033 0.0248
0 30.00000 144.00000 -120.00000 0.99096 0.10489 -0.08365 0.1250 0.0625
podwall_s7
0 28.53170 154.02293 -124.82679 0.99096 0.13079 -0.02985 0.2033 0.0248
0 28.53170 155.12461 -120.00000 0.99096 0.13079 -0.02985 0.2119 0.0625
0 30.00000 144.00000 -120.00000 0.99096 0.13079 -0.02985 0.1250 0.0625
podwall_s3
0 0.00000 180.00000 -40.00000 0.18219 0.95861 0.21880 0.4062 0.6875
0 0.00000 176.43488 -24.38019 0.18219 0.95861 0.21880 0.3784 0.8095
0 9.27051 174.84740 -25.14467 0.18219 0.95861 0.21880 0.3660 0.8036
podwall_s3
0 0.00000 180.00000 -40.00000 0.18219 0.95861 0.21880 0.4062 0.6875
0 9.27051 174.84740 -25.14467 0.18219 0.95861 0.21880 0.3660 0.8036
0 9.27051 178.23803 -40.00000 0.18219 0.95861 0.21880 0.3925 0.6875
podwall_s3
0 0.00000 176.43488 -24.38019 0.18219 0.76875 0.61305 0.3784 0.8095
0 0.00000 166.44563 -11.85407 0.18219 0.76875 0.61305 0.3004 0.9074
0 9.27051 165.34707 -13.23163 0.18219 0.76875 0.61305 0.2918 0.8966
podwall_s3
0 0.00000 176.43488 -24.38019 0.18219 0.76875 0.61305 0.3784 0.8095
0 9.27051 165.34707 -13.23163 0.18219 0.76875 0.61305 0.2918 0.8966
0 9.27051 174.84740 -25.14467 0.18219 0.76875 0.61305 0.3660 0.8036
podwall_s2
0 0.00000 166.44563 -11.85407 0.18219 0.42662 0.88589 0.3004 0.9074
0 0.00000 152.01075 -4.90260 0.18219 0.42662 0.88589 0.1876 0.9617
0 9.27051 151.61868 -6.62038 0.18219 0.42662 0.88589 0.1845 0.9483
podwall_s2
0 0.00000 166.44563 -11.85407 0.18219 0.42662 0.88589 0.3004 0.9074
0 9.27051 151.61868 -6.62038 0.18219 0.42662 0.88589 0.1845 0.9483
0 9.27051 165.34707 -13.23163 0.18219 0.42662 0.88589 0.2918 0.8966
podwall_s2
0 0.00000 152.01075 -4.90260 0.18219 0.00000 0.98326 0.1876 0.9617
0 0.00000 135.98925 -4.90260 0.18219 0.00000 0.98326 0.0624 0.9617
0 9.27051 136.38132 -6.62038 0.18219 0.00000 0.98326 0.0655 0.9483
podwall_s2
0 0.00000 152.01075 -4.90260 0.18219 0.00000 0.98326 0.1876 0.9617
0 9.27051 136.38132 -6.62038 0.18219 0.00000 0.98326 0.0655 0.9483
0 9.27051 151.61868 -6.62038 0.18219 0.00000 0.98326 0.1845 0.9483
podwall_s2
0 0.00000 135.98925 -4.90260 0.18219 -0.42662 0.88589 0.0624 0.9617
0 0.00000 121.55437 -11.85407 0.18219 -0.42662 0.88589 0.9496 0.9074
0 9.27051 122.65293 -13.23163 0.18219 -0.42662 0.88589 0.9582 0.8966
podwall_s2
0 0.00000 135.98925 -4.90260 0.18219 -0.42662 0.88589 0.0624 0.9617
0 9.27051 122.65293 -13.23163 0.18219 -0.42662 0.88589 0.9582 0.8966
0 9.27051 136.38132 -6.62038 0.18219 -0.42662 0.88589 0.0655 0.9483
podwall_s3
0 0.00000 121.55437 -11.85407 0.18219 -0.76875 0.61305 0.9496 0.9074
0 0.00000 111.56512 -24.38019 0.18219 -0.76875 0.61305 0.8716 0.8095
0 9.27051 113.15260 -25.14467 0.18219 -0.76875 0.61305 0.8840 0.8036
podwall_s3
0 0.00000 121.55437 -11.85407 0.18219 -0.76875 0.61305 0.9496 0.9074
0 9.27051 113.15260 -25.14467 0.18219 -0.76875 0.61305 0.8840 0.8036
0 9.27051 122.65293 -13.23163 0.18219 -0.76875 0.61305 0.9582 0.8966
podwall_s3
0 0.00000 111.56512 -24.38019 0.18219 -0.95861 0.21880 0.8716 0.8095
0 0.00000 108.00000 -40.00000 0.18219 -0.95861 0.21880 0.8438 0.6875
0 9.27051 109.76197 -40.00000 0.18219 -0.95861 0.21880 0.8575 0.6875
podwall_s3
0 0.00000 111.56512 -24.38019 0.18219 -0.95861 0.21880 0.8716 0.8095
0 9.27051 109.76197 -40.00000 0.18219 -0.95861 0.21880 0.8575 0.6875
0 9.27051 113.15260 -25.14467 0.18219 -0.95861 0.21880 0.8840 0.8036
podwall_s4
0 0.00000 108.00000 -40.00000 0.18219 -0.95861 -0.21880 0.8438 0.6875
0 0.00000 111.56512 -55.61981 0.18219 -0.95861 -0.21880 0.8716 0.5655
0 9.27051 113.15260 -54.85533 0.18219 -0.95861 -0.21880 0.8840 0.5714
podwall_s4
0 0.00000 108.00000 -40.00000 0.18219 -0.95861 -0.21880 0.8438 0.6875
0 9.27051 113.15260 -54.85533 0.18219 -0.95861 -0.21880 0.8840 0.5714
0 9.27051 109.76197 -40.00000 0.18219 -0.95861 -0.21880 0.8575 0.6875
podwall_s5
0 0.00000 111.56512 -55.61981 0.18219 -0.76875 -0.61305 0.8716 0.5655
0 0.00000 121.55437 -68.14593 0.18219 -0.76875 -0.61305 0.9496 0.4676
0 9.27051 122.65293 -66.76837 0.18219 -0.76875 -0.61305 0.9582 0.4784
podwall_s5
0 0.00000 111.56512 -55.61981 0.18219 -0.76875 -0.61305 0.8716 0.5655
0 9.27051 122.65293 -66.76837 0.18219 -0.76875 -0.61305 0.9582 0.4784
0 9.27051 113.15260 -54.85533 0.18219 -0.76875 -0.61305 0.8840 0.5714
podwall_s5
0 0.00000 121.55437 -68.14593 0.18219 -0.42662 -0.88589 0.9496 0.4676
0 0.00000 135.98925 -75.09740 0.18219 -0.42662 -0.88589 0.0624 0.4133
0 9.27051 136.38132 -73.37962 0.18219 -0.42662 -0.88589 0.0655 0.4267
podwall_s5
0 0.00000 121.55437 -68.14593 0.18219 -0.42662 -0.88589 0.9496 0.4676
0 9.27051 136.38132 -73.37962 0.18219 -0.42662 -0.88589 0.0655 0.4267
0 9.27051 122.65293 -66.76837 0.18219 -0.42662 -0.88589 0.9582 0.4784
podwall_s5
0 0.00000 135.98925 -75.09740 0.18219 0.00000 -0.98326 0.0624 0.4133
0 0.00000 152.01075 -75.09740 0.18219 0.00000 -0.98326 0.1876 0.4133
0 9.27051 151.61868 -73.37962 0.18219 0.00000 -0.98326 0.1845 0.4267
podwall_s5
0 0.00000 135.98925 -75.09740 0.18219 0.00000 -0.98326 0.0624 0.4133
0 9.27051 151.61868 -73.37962 0.18219 0.00000 -0.98326 0.1845 0.4267
0 9.27051 136.38132 -73.37962 0.18219 0.00000 -0.98326 0.0655 0.4267
podwall_s5
0 0.00000 152.01075 -75.09740 0.18219 0.42662 -0.88589 0.1876 0.4133
0 0.00000 166.44563 -68.14593 0.18219 0.42662 -0.88589 0.3004 0.4676
0 9.27051 165.34707 -66.76837 0.18219 0.42662 -0.88589 0.2918 0.4784
podwall_s5
0 0.00000 152.01075 -75.09740 0.18219 0.42662 -0.88589 0.1876 0.4133
0 9.27051 165.34707 -66.76837 0.18219 0.42662 -0.88589 0.2918 0.4784
0 9.27051 151.61868 -73.37962 0.18219 0.42662 -0.88589 0.1845 0.4267
podwall_s5
0 0.00000 166.44563 -68.14593 0.18219 0.76875 -0.61305 0.3004 0.4676
0 0.00000 176.43488 -55.61981 0.18219 0.76875 -0.61305 0.3784 0.5655
0 9.27051 174.84740 -54.85533 0.18219 0.76875 -0.61305 0.3660 0.5714
podwall_s5
0 0.00000 166.44563 -68.14593 0.18219 0.76875 -0.61305 0.3004 0.4676
0 9.27051 174.84740 -54.85533 0.18219 0.76875 -0.61305 0.3660 0.5714
0 9.27051 165.34707 -66.76837 0.18219 0.76875 -0.61305 0.2918 0.4784
podwall_s4
0 0.00000 176.43488 -55.61981 0.18219 0.95861 -0.21880 0.3784 0.5655
0 0.00000 180.00000 -40.00000 0.18219 0.95861 -0.21880 0.4062 0.6875
0 9.27051 178.23803 -40.00000 0.18219 0.95861 -0.21880 0.3925 0.6875
podwall_s4
0 0.00000 176.43488 -55.61981 0.18219 0.95861 -0.21880 0.3784 0.5655
0 9.27051 178.23803 -40.00000 0.18219 0.95861 -0.21880 0.3925 0.6875
0 9.27051 174.84740 -54.85533 0.18219 0.95861 -0.21880 0.3660 0.5714
podwall_s4
0 9.27051 178.23803 -40.00000 0.51203 0.83743 0.19114 0.3925 0.6875
0 9.27051 174.84740 -25.14467 0.51203 0.83743 0.19114 0.3660 0.8036
0 17.63356 170.24037 -27.36330 0.51203 0.83743 0.19114 0.3300 0.7862
podwall_s4
0 9.27051 178.23803 -40.00000 0.51203 0.83743 0.19114 0.3925 0.6875
0 17.63356 170.24037 -27.36330 0.51203 0.83743 0.19114 0.3300 0.7862
0 17.63356 173.12461 -40.00000 0.51203 0.83743 0.19114 0.3525 0.6875
podwall_s4
0 9.27051 174.84740 -25.14467 0.51203 0.67157 0.53556 0.3660 0.8036
0 9.27051 165.34707 -13.23163 0.51203 0.67157 0.53556 0.2918 0.8966
0 17.63356 162.15890 -17.22946 0.51203 0.67157 0.53556 0.2669 0.8654
podwall_s4
0 9.27051 174.84740 -25.14467 0.51203 0.67157 0.53556 0.3660 0.8036
0 17.63356 162.15890 -17.22946 0.51203 0.67157 0.53556 0.2669 0.8654
0 17.63356 170.24037 -27.36330 0.51203 0.67157 0.53556 0.3300 0.7862
podwall_s3
0 9.27051 165.34707 -13.23163 0.51203 0.37269 0.77390 0.2918 0.8966
0 9.27051 151.61868 -6.62038 0.51203 0.37269 0.77390 0.1845 0.9483
0 17.63356 150.48084 -11.60560 0.51203 0.37269 0.77390 0.1756 0.9093
podwall_s3
0 9.27051 165.34707 -13.23163 0.51203 0.37269 0.77390 0.2918 0.8966
0 17.63356 150.48084 -11.60560 0.51203 0.37269 0.77390 0.1756 0.9093
0 17.63356 162.15890 -17.22946 0.51203 0.37269 0.77390 0.2669 0.8654
podwall_s3
0 9.27051 151.61868 -6.62038 0.51203 0.00000 0.85897 0.1845 0.9483
0 9.27051 136.38132 -6.62038 0.51203 0.00000 0.85897 0.0655 0.9483
0 17.63356 137.51916 -11.60560 0.51203 0.00000 0.85897 0.0744 0.9093
podwall_s3
0 9.27051 151.61868 -6.62038 0.51203 0.00000 0.85897 0.1845 0.9483
0 17.63356 137.51916 -11.60560 0.51203 0.00000 0.85897 0.0744 0.9093
0 17.63356 150.48084 -11.60560 0.51203 0.00000 0.85897 0.1756 0.9093
podwall_s3
0 9.27051 136.38132 -6.62038 0.51203 -0.37269 0.77390 0.0655 0.9483
0 9.27051 122.65293 -13.23163 0.51203 -0.37269 0.77390 0.9582 0.8966
0 17.63356 125.84110 -17.22946 0.51203 -0.37269 0.77390 0.9831 0.8654
podwall_s3
0 9.27051 136.38132 -6.62038 0.51203 -0.37269 0.77390 0.0655 0.9483
0 17.63356 125.84110 -17.22946 0.51203 -0.37269 0.77390 0.9831 0.8654
0 17.63356 137.51916 -11.60560 0.51203 -0.37269 0.77390 0.0744 0.9093
podwall_s4
0 9.27051 122.65293 -13.23163 0.51203 -0.67157 0.53556 0.9582 0.8966
0 9.27051 113.15260 -25.14467 0.51203 -0.67157 0.53556 0.8840 0.8036
0 17.63356 117.75963 -27.36330 0.51203 -0.67157 0.53556 0.9200 0.7862
podwall_s4
0 9.27051 122.65293 -13.23163 0.51203 -0.67157 0.53556 0.9582 0.8966
0 17.63356 117.75963 -27.36330 0.51203 -0.67157 0.53556 0.9200 0.7862
0 17.63356 125.84110 -17.22946 0.51203 -0.67157 0.53556 0.9831 0.8654
podwall_s4
0 9.27051 113.15260 -25.14467 0.51203 -0.83743 0.19114 0.8840 0.8036
0 9.27051 109.76197 -40.00000 0.51203 -0.83743 0.19114 0.8575 0.6875
0 17.63356 114.87539 -40.00000 0.51203 -0.83743 0.19114 0.8975 0.6875
podwall_s4
0 9.27051 113.15260 -25.14467 0.51203 -0.83743 0.19114 0.8840 0.8036
0 17.63356 114.87539 -40.00000 0.51203 -0.83743 0.19114 0.8975 0.6875
0 17.63356 117.75963 -27.36330 0.51203 -0.83743 0.19114 0.9200 0.7862
podwall_s5
0 9.27051 109.76197 -40.00000 0.51203 -0.83743 -0.19114 0.8575 0.6875
0 9.27051 113.15260 -54.85533 0.51203 -0.83743 -0.19114 0.8840 0.5714
0 17.63356 117.75963 -52.63670 0.51203 -0.83743 -0.19114 0.9200 0.5888
podwall_s5
0 9.27051 109.76197 -40.00000 0.51203 -0.83743 -0.19114 0.8575 0.6875
0 17.63356 117.75963 -52.63670 0.51203 -0.83743 -0.19114 0.9200 0.5888
0 17.63356 114.87539 -40.00000 0.51203 -0.83743 -0.19114 0.8975 0.6875
podwall_s6
0 9.27051 113.15260 -54.85533 0.51203 -0.67157 -0.53556 0.8840 0.5714
0 9.27051 122.65293 -66.76837 0.51203 -0.67157 -0.53556 0.9582 0.4784
0 17.63356 125.84110 -62.77054 0.51203 -0.67157 -0.53556 0.9831 0.5096
podwall_s6
0 9.27051 113.15260 -54.85533 0.51203 -0.67157 -0.53556 0.8840 0.5714
0 17.63356 125.84110 -62.77054 0.51203 -0.67157 -0.53556 0.9831 0.5096
0 17.63356 117.75963 -52.63670 0.51203 -0.67157 -0.53556 0.9200 0.5888
podwall_s6
0 9.27051 122.65293 -66.76837 0.51203 -0.37269 -0.77390 0.9582 0.4784
0 9.27051 136.38132 -73.37962 0.51203 -0.37269 -0.77390 0.0655 0.4267
0 17.63356 137.51916 -68.39440 0.51203 -0.37269 -0.77390 0.0744 0.4657
podwall_s6
0 9.27051 122.65293 -66.76837 0.51203 -0.37269 -0.77390 0.9582 0.4784
0 17.63356 137.51916 -68.39440 0.51203 -0.37269 -0.77390 0.0744 0.4657
0 17.63356 125.84110 -62.77054 0.51203 -0.37269 -0.77390 0.9831 0.5096
podwall_s6
0 9.27051 136.38132 -73.37962 0.51203 -0.00000 -0.85897 0.0655 0.4267
0 9.27051 151.61868 -73.37962 0.51203 -0.00000 -0.85897 0.1845 0.4267
0 17.63356 150.48084 -68.39440 0.51203 -0.00000 -0.85897 0.1756 0.4657
podwall_s6
0 9.27051 136.38132 -73.37962 0.51203 -0.00000 -0.85897 0.0655 0.4267
0 17.63356 150.48084 -68.39440 0.51203 -0.00000 -0.85897 0.1756 0.4657
0 17.63356 137.51916 -68.39440 0.51203 -0.00000 -0.85897 0.0744 0.4657
podwall_s6
0 9.27051 151.61868 -73.37962 0.51203 0.37269 -0.77390 0.1845 0.4267
0 9.27051 165.34707 -66.76837 0.51203 0.37269 -0.77390 0.2918 0.4784
0 17.63356 162.15890 -62.77054 0.51203 0.37269 -0.77390 0.2669 0.5096
podwall_s6
0 9.27051 151.61868 -73.37962 0.51203 0.37269 -0.77390 0.1845 0.4267
0 17.63356 162.15890 -62.77054 0.51203 0.37269 -0.77390 0.2669 0.5096
0 17.63356 150.48084 -68.39440 0.51203 0.37269 -0.77390 0.1756 0.4657
podwall_s6
0 9.27051 165.34707 -66.76837 0.51203 0.67157 -0.53556 0.2918 0.4784
0 9.27051 174.84740 -54.85533 0.51203 0.67157 -0.53556 0.3660 0.5714
0 17.63356 170.24037 -52.63670 0.51203 0.67157 -0.53556 0.3300 0.5888
podwall_s6
0 9.27051 165.34707 -66.76837 0.51203 0.67157 -0.53556 0.2918 0.4784
0 17.63356 170.24037 -52.63670 0.51203 0.67157 -0.53556 0.3300 0.5888
0 17.63356 162.15890 -62.77054 0.51203 0.67157 -0.53556 0.2669 0.5096
podwall_s5
0 9.27051 174.84740 -54.85533 0.51203 0.83743 -0.19114 0.3660 0.5714
0 9.27051 178.23803 -40.00000 0.51203 0.83743 -0.19114 0.3925 0.6875
0 17.63356 173.12461 -40.00000 0.51203 0.83743 -0.19114 0.3525 0.6875
podwall_s5
0 9.27051 174.84740 -54.85533 0.51203 0.83743 -0.19114 0.3660 0.5714
0 17.63356 173.12461 -40.00000 0.51203 0.83743 -0.19114 0.3525 0.6875
0 17.63356 170.24037 -52.63670 0.51203 0.83743 -0.19114 0.3300 0.5888
podwall_s5
0 17.63356 173.12461 -40.00000 0.76015 0.63346 0.14458 0.3525 0.6875
0 17.63356 170.24037 -27.36330 0.76015 0.63346 0.14458 0.3300 0.7862
0 24.27051 163.06474 -30.81890 0.76015 0.63346 0.14458 0.2739 0.7592
podwall_s5
0 17.63356 173.12461 -40.00000 0.76015 0.63346 0.14458 0.3525 0.6875
0 24.27051 163.06474 -30.81890 0.76015 0.63346 0.14458 0.2739 0.7592
0 24.27051 165.16027 -40.00000 0.76015 0.63346 0.14458 0.2903 0.6875
podwall_s5
0 17.63356 170.24037 -27.36330 0.76015 0.50799 0.40511 0.3300 0.7862
0 17.63356 162.15890 -17.22946 0.76015 0.50799 0.40511 0.2669 0.8654
0 24.27051 157.19321 -23.45624 0.76015 0.50799 0.40511 0.2281 0.8167
podwall_s5
0 17.63356 170.24037 -27.36330 0.76015 0.50799 0.40511 0.3300 0.7862
0 24.27051 157.19321 -23.45624 0.76015 0.50799 0.40511 0.2281 0.8167
0 24.27051 163.06474 -30.81890 0.76015 0.50799 0.40511 0.2739 0.7592
podwall_s5
0 17.63356 162.15890 -17.22946 0.76015 0.28192 0.58540 0.2669 0.8654
0 17.63356 150.48084 -11.60560 0.76015 0.28192 0.58540 0.1756 0.9093
0 24.27051 148.70860 -19.37026 0.76015 0.28192 0.58540 0.1618 0.8487
podwall_s5
0 17.63356 162.15890 -17.22946 0.76015 0.28192 0.58540 0.2669 0.8654
0 24.27051 148.70860 -19.37026 0.76015 0.28192 0.58540 0.1618 0.8487
0 24.27051 157.19321 -23.45624 0.76015 0.28192 0.58540 0.2281 0.8167
podwall_s5
0 17.63356 150.48084 -11.60560 0.76015 0.00000 0.64975 0.1756 0.9093
0 17.63356 137.51916 -11.60560 0.76015 0.00000 0.64975 0.0744 0.9093
0 24.27051 139.29140 -19.37026 0.76015 0.00000 0.64975 0.0882 0.8487
podwall_s5
0 17.63356 150.48084 -11.60560 0.76015 0.00000 0.64975 0.1756 0.9093
0 24.27051 139.29140 -19.37026 0.76015 0.00000 0.64975 0.0882 0.8487
0 24.27051 148.70860 -19.37026 0.76015 0.00000 0.64975 0.1618 0.8487
podwall_s5
0 17.63356 137.51916 -11.60560 0.76015 -0.28192 0.58540 0.0744 0.9093
0 17.63356 125.84110 -17.22946 0.76015 -0.28192 0.58540 0.9831 0.8654
0 24.27051 130.80679 -23.45624 0.76015 -0.28192 0.58540 0.0219 0.8167
podwall_s5
0 17.63356 137.51916 -11.60560 0.76015 -0.28192 0.58540 0.0744 0.9093
0 24.27051 130.80679 -23.45624 0.76015 -0.28192 0.58540 0.0219 0.8167
0 24.27051 139.29140 -19.37026 0.76015 -0.28192 0.58540 0.0882 0.8487
podwall_s5
0 17.63356 125.84110 -17.22946 0.76015 -0.50799 0.40511 0.9831 0.8654
0 17.63356 117.75963 -27.36330 0.76015 -0.50799 0.40511 0.9200 0.7862
0 24.27051 124.93526 -30.81890 0.76015 -0.50799 0.40511 0.9761 0.7592
podwall_s5
0 17.63356 125.84110 -17.22946 0.76015 -0.50799 0.40511 0.9831 0.8654
0 24.27051 124.93526 -30.81890 0.76015 -0.50799 0.40511 0.9761 0.7592
0 24.27051 130.80679 -23.45624 0.76015 -0.50799 0.40511 0.0219 0.8167
podwall_s5
0 17.63356 117.75963 -27.36330 0.76015 -0.63346 0.14458 0.9200 0.7862
0 17.63356 114.87539 -40.00000 0.76015 -0.63346 0.14458 0.8975 0.6875
0 24.27051 122.83973 -40.00000 0.76015 -0.63346 0.14458 0.9597 0.6875
podwall_s5
0 17.63356 117.75963 -27.36330 0.76015 -0.63346 0.14458 0.9200 0.7862
0 24.27051 122.83973 -40.00000 0.76015 -0.63346 0.14458 0.9597 0.6875
0 24.27051 124.93526 -30.81890 0.76015 -0.63346 0.14458 0.9761 0.7592
podwall_s6
0 17.63356 114.87539 -40.00000 0.76015 -0.63346 -0.14458 0.8975 0.6875
0 17.63356 117.75963 -52.63670 0.76015 -0.63346 -0.14458 0.9200 0.5888
0 24.27051 124.93526 -49.18110 0.76015 -0.63346 -0.14458 0.9761 0.6158
podwall_s6
0 17.63356 114.87539 -40.00000 0.76015 -0.63346 -0.14458 0.8975 0.6875
0 24.27051 124.93526 -49.18110 0.76015 -0.63346 -0.14458 0.9761 0.6158
0 24.27051 122.83973 -40.00000 0.76015 -0.63346 -0.14458 0.9597 0.6875
podwall_s6
0 17.63356 117.75963 -52.63670 0.76015 -0.50799 -0.40511 0.9200 0.5888
0 17.63356 125.84110 -62.77054 0.76015 -0.50799 -0.40511 0.9831 0.5096
0 24.27051 130.80679 -56.54376 0.76015 -0.50799 -0.40511 0.0219 0.5583
podwall_s6
0 17.63356 117.75963 -52.63670 0.76015 -0.50799 -0.40511 0.9200 0.5888
0 24.27051 130.80679 -56.54376 0.76015 -0.50799 -0.40511 0.0219 0.5583
0 24.27051 124.93526 -49.18110 0.76015 -0.50799 -0.40511 0.9761 0.6158
podwall_s7
0 17.63356 125.84110 -62.77054 0.76015 -0.28192 -0.58540 0.9831 0.5096
0 17.63356 137.51916 -68.39440 0.76015 -0.28192 -0.58540 0.0744 0.4657
0 24.27051 139.29140 -60.62974 0.76015 -0.28192 -0.58540 0.0882 0.5263
podwall_s7
0 17.63356 125.84110 -62.77054 0.76015 -0.28192 -0.58540 0.9831 0.5096
0 24.27051 139.29140 -60.62974 0.76015 -0.28192 -0.58540 0.0882 0.5263
0 24.27051 130.80679 -56.54376 0.76015 -0.28192 -0.58540 0.0219 0.5583
podwall_s7
0 17.63356 137.51916 -68.39440 0.76015 -0.00000 -0.64975 0.0744 0.4657
0 17.63356 150.48084 -68.39440 0.76015 -0.00000 -0.64975 0.1756 0.4657
0 24.27051 148.70860 -60.62974 0.76015 -0.00000 -0.64975 0.1618 0.5263
podwall_s7
0 17.63356 137.51916 -68.39440 0.76015 -0.00000 -0.64975 0.0744 0.4657
0 24.27051 148.70860 -60.62974 0.76015 -0.00000 -0.64975 0.1618 0.5263
0 24.27051 139.29140 -60.62974 0.76015 -0.00000 -0.64975 0.0882 0.5263
podwall_s7
0 17.63356 150.48084 -68.39440 0.76015 0.28192 -0.58540 0.1756 0.4657
0 17.63356 162.15890 -62.77054 0.76015 0.28192 -0.58540 0.2669 0.5096
0 24.27051 157.19321 -56.54376 0.76015 0.28192 -0.58540 0.2281 0.5583
podwall_s7
0 17.63356 150.48084 -68.39440 0.76015 0.28192 -0.58540 0.1756 0.4657
0 24.27051 157.19321 -56.54376 0.76015 0.28192 -0.58540 0.2281 0.5583
0 24.27051 148.70860 -60.62974 0.76015 0.28192 -0.58540 0.1618 0.5263
podwall_s6
0 17.63356 162.15890 -62.77054 0.76015 0.50799 -0.40511 0.2669 0.5096
0 17.63356 170.24037 -52.63670 0.76015 0.50799 -0.40511 0.3300 0.5888
0 24.27051 163.06474 -49.18110 0.76015 0.50799 -0.40511 0.2739 0.6158
podwall_s6
0 17.63356 162.15890 -62.77054 0.76015 0.50799 -0.40511 0.2669 0.5096
0 24.27051 163.06474 -49.18110 0.76015 0.50799 -0.40511 0.2739 0.6158
0 24.27051 157.19321 -56.54376 0.76015 0.50799 -0.40511 0.2281 0.5583
podwall_s6
0 17.63356 170.24037 -52.63670 0.76015 0.63346 -0.14458 0.3300 0.5888
0 17.63356 173.12461 -40.00000 0.76015 0.63346 -0.14458 0.3525 0.6875
0 24.27051 165.16027 -40.00000 0.76015 0.63346 -0.14458 0.2903 0.6875
podwall_s6
0 17.63356 170.24037 -52.63670 0.76015 0.63346 -0.14458 0.3300 0.5888
0 24.27051 165.16027 -40.00000 0.76015 0.63346 -0.14458 0.2903 0.6875
0 24.27051 163.06474 -49.18110 0.76015 0.63346 -0.14458 0.2739 0.6158
podwall_s6
0 24.27051 165.16027 -40.00000 0.91682 0.38929 0.08885 0.2903 0.6875
0 24.27051 163.06474 -30.81890 0.91682 0.38929 0.08885 0.2739 0.7592
0 28.53170 154.02293 -35.17321 0.91682 0.38929 0.08885 0.2033 0.7252
podwall_s6
0 24.27051 165.16027 -40.00000 0.91682 0.38929 0.08885 0.2903 0.6875
0 28.53170 154.02293 -35.17321 0.91682 0.38929 0.08885 0.2033 0.7252
0 28.53170 155.12461 -40.00000 0.91682 0.38929 0.08885 0.2119 0.6875
podwall_s6
0 24.27051 163.06474 -30.81890 0.91682 0.31218 0.24896 0.2739 0.7592
0 24.27051 157.19321 -23.45624 0.91682 0.31218 0.24896 0.2281 0.8167
0 28.53170 150.93608 -31.30243 0.91682 0.31218 0.24896 0.1792 0.7554
podwall_s6
0 24.27051 163.06474 -30.81890 0.91682 0.31218 0.24896 0.2739 0.7592
0 28.53170 150.93608 -31.30243 0.91682 0.31218 0.24896 0.1792 0.7554
0 28.53170 154.02293 -35.17321 0.91682 0.31218 0.24896 0.2033 0.7252
podwall_s6
0 24.27051 157.19321 -23.45624 0.91682 0.17325 0.35975 0.2281 0.8167
0 24.27051 148.70860 -19.37026 0.91682 0.17325 0.35975 0.1618 0.8487
0 28.53170 146.47546 -29.15431 0.91682 0.17325 0.35975 0.1443 0.7722
podwall_s6
0 24.27051 157.19321 -23.45624 0.91682 0.17325 0.35975 0.2281 0.8167
0 28.53170 146.47546 -29.15431 0.91682 0.17325 0.35975 0.1443 0.7722
0 28.53170 150.93608 -31.30243 0.91682 0.17325 0.35975 0.1792 0.7554
podwall_s6
0 24.27051 148.70860 -19.37026 0.91682 0.00000 0.39930 0.1618 0.8487
0 24.27051 139.29140 -19.37026 0.91682 0.00000 0.39930 0.0882 0.8487
0 28.53170 141.52454 -29.15431 0.91682 0.00000 0.39930 0.1057 0.7722
podwall_s6
0 24.27051 148.70860 -19.37026 0.91682 0.00000 0.39930 0.1618 0.8487
0 28.53170 141.52454 -29.15431 0.91682 0.00000 0.39930 0.1057 0.7722
0 28.53170 146.47546 -29.15431 0.91682 0.00000 0.39930 0.1443 0.7722
podwall_s6
0 24.27051 139.29140 -19.37026 0.91682 -0.17325 0.35975 0.0882 0.8487
0 24.27051 130.80679 -23.45624 0.91682 -0.17325 0.35975 0.0219 0.8167
0 28.53170 137.06392 -31.30243 0.91682 -0.17325 0.35975 0.0708 0.7554
podwall_s6
0 24.27051 139.29140 -19.37026 0.91682 -0.17325 0.35975 0.0882 0.8487
0 28.53170 137.06392 -31.30243 0.91682 -0.17325 0.35975 0.0708 0.7554
0 28.53170 141.52454 -29.15431 0.91682 -0.17325 0.35975 0.1057 0.7722
podwall_s6
0 24.27051 130.80679 -23.45624 0.91682 -0.31218 0.24896 0.0219 0.8167
0 24.27051 124.93526 -30.81890 0.91682 -0.31218 0.24896 0.9761 0.7592
0 28.53170 133.97707 -35.17321 0.91682 -0.31218 0.24896 0.0467 0.7252
podwall_s6
0 24.27051 130.80679 -23.45624 0.91682 -0.31218 0.24896 0.0219 0.8167
0 28.53170 133.97707 -35.17321 0.91682 -0.31218 0.24896 0.0467 0.7252
0 28.53170 137.06392 -31.30243 0.91682 -0.31218 0.24896 0.0708 0.7554
podwall_s6
0 24.27051 124.93526 -30.81890 0.91682 -0.38929 0.08885 0.9761 0.7592
0 24.27051 122.83973 -40.00000 0.91682 -0.38929 0.08885 0.9597 0.6875
0 28.53170 132.87539 -40.00000 0.91682 -0.38929 0.08885 0.0381 0.6875
podwall_s6
0 24.27051 124.93526 -30.81890 0.91682 -0.38929 0.08885 0.9761 0.7592
0 28.53170 132.87539 -40.00000 0.91682 -0.38929 0.08885 0.0381 0.6875
0 28.53170 133.97707 -35.17321 0.91682 -0.38929 0.08885 0.0467 0.7252
podwall_s6
0 24.27051 122.83973 -40.00000 0.91682 -0.38929 -0.08885 0.9597 0.6875
0 24.27051 124.93526 -49.18110 0.91682 -0.38929 -0.08885 0.9761 0.6158
0 28.53170 133.97707 -44.82679 0.91682 -0.38929 -0.08885 0.0467 0.6498
podwall_s6
0 24.27051 122.83973 -40.00000 0.91682 -0.38929 -0.08885 0.9597 0.6875
0 28.53170 133.97707 -44.82679 0.91682 -0.38929 -0.08885 0.0467 0.6498
0 28.53170 132.87539 -40.00000 0.91682 -0.38929 -0.08885 0.0381 0.6875
podwall_s7
0 24.27051 124.93526 -49.18110 0.91682 -0.31218 -0.24896 0.9761 0.6158
0 24.27051 130.80679 -56.54376 0.91682 -0.31218 -0.24896 0.0219 0.5583
0 28.53170 137.06392 -48.69757 0.91682 -0.31218 -0.24896 0.0708 0.6196
podwall_s7
0 24.27051 124.93526 -49.18110 0.91682 -0.31218 -0.24896 0.9761 0.6158
0 28.53170 137.06392 -48.69757 0.91682 -0.31218 -0.24896 0.0708 0.6196
0 28.53170 133.97707 -44.82679 0.91682 -0.31218 -0.24896 0.0467 0.6498
podwall_s7
0 24.27051 130.80679 -56.54376 0.91682 -0.17325 -0.35975 0.0219 0.5583
0 24.27051 139.29140 -60.62974 0.91682 -0.17325 -0.35975 0.0882 0.5263
0 28.53170 141.52454 -50.84569 0.91682 -0.17325 -0.35975 0.1057 0.6028
podwall_s7
0 24.27051 130.80679 -56.54376 0.91682 -0.17325 -0.35975 0.0219 0.5583
0 28.53170 141.52454 -50.84569 0.91682 -0.17325 -0.35975 0.1057 0.6028
0 28.53170 137.06392 -48.69757 0.91682 -0.17325 -0.35975 0.0708 0.6196
podwall_s7
0 24.27051 139.29140 -60.62974 0.91682 -0.00000 -0.39930 0.0882 0.5263
0 24.27051 148.70860 -60.62974 0.91682 -0.00000 -0.39930 0.1618 0.5263
0 28.53170 146.47546 -50.84569 0.91682 -0.00000 -0.39930 0.1443 0.6028
podwall_s7
0 24.27051 139.29140 -60.62974 0.91682 -0.00000 -0.39930 0.0882 0.5263
0 28.53170 146.47546 -50.84569 0.91682 -0.00000 -0.39930 0.1443 0.6028
0 28.53170 141.52454 -50.84569 0.91682 -0.00000 -0.39930 0.1057 0.6028
podwall_s7
0 24.27051 148.70860 -60.62974 0.91682 0.17325 -0.35975 0.1618 0.5263
0 24.27051 157.19321 -56.54376 0.91682 0.17325 -0.35975 0.2281 0.5583
0 28.53170 150.93608 -48.69757 0.91682 0.17325 -0.35975 0.1792 0.6196
podwall_s7
0 24.27051 148.70860 -60.62974 0.91682 0.17325 -0.35975 0.1618 0.5263
0 28.53170 150.93608 -48.69757 0.91682 0.17325 -0.35975 0.1792 0.6196
0 28.53170 146.47546 -50.84569 0.91682 0.17325 -0.35975 0.1443 0.6028
podwall_s7
0 24.27051 157.19321 -56.54376 0.91682 0.31218 -0.24896 0.2281 0.5583
0 24.27051 163.06474 -49.18110 0.91682 0.31218 -0.24896 0.2739 0.6158
0 28.53170 154.02293 -44.82679 0.91682 0.31218 -0.24896 0.2033 0.6498
podwall_s7
0 24.27051 157.19321 -56.54376 0.91682 0.31218 -0.24896 0.2281 0.5583
0 28.53170 154.02293 -44.82679 0.91682 0.31218 -0.24896 0.2033 0.6498
0 28.53170 150.93608 -48.69757 0.91682 0.31218 -0.24896 0.1792 0.6196
podwall_s6
0 24.27051 163.06474 -49.18110 0.91682 0.38929 -0.08885 0.2739 0.6158
0 24.27051 165.16027 -40.00000 0.91682 0.38929 -0.08885 0.2903 0.6875
0 28.53170 155.12461 -40.00000 0.91682 0.38929 -0.08885 0.2119 0.6875
podwall_s6
0 24.27051 163.06474 -49.18110 0.91682 0.38929 -0.08885 0.2739 0.6158
0 28.53170 155.12461 -40.00000 0.91682 0.38929 -0.08885 0.2119 0.6875
0 28.53170 154.02293 -44.82679 0.91682 0.38929 -0.08885 0.2033 0.6498
podwall_s6
0 28.53170 155.12461 -40.00000 0.99096 0.13079 0.02985 0.2119 0.6875
0 28.53170 154.02293 -35.17321 0.99096 0.13079 0.02985 0.2033 0.7252
0 30.00000 144.00000 -40.00000 0.99096 0.13079 0.02985 0.1250 0.6875
podwall_s6
0 28.53170 154.02293 -35.17321 0.99096 0.10489 0.08365 0.2033 0.7252
0 28.53170 150.93608 -31.30243 0.99096 0.10489 0.08365 0.1792 0.7554
0 30.00000 144.00000 -40.00000 0.99096 0.10489 0.08365 0.1250 0.6875
podwall_s6
0 28.53170 150.93608 -31.30243 0.99096 0.05821 0.12087 0.1792 0.7554
0 28.53170 146.47546 -29.15431 0.99096 0.05821 0.12087 0.1443 0.7722
0 30.00000 144.00000 -40.00000 0.99096 0.05821 0.12087 0.1250 0.6875
podwall_s6
0 28.53170 146.47546 -29.15431 0.99096 0.00000 0.13416 0.1443 0.7722
0 28.53170 141.52454 -29.15431 0.99096 0.00000 0.13416 0.1057 0.7722
0 30.00000 144.00000 -40.00000 0.99096 0.00000 0.13416 0.1250 0.6875
podwall_s6
0 28.53170 141.52454 -29.15431 0.99096 -0.05821 0.12087 0.1057 0.7722
0 28.53170 137.06392 -31.30243 0.99096 -0.05821 0.12087 0.0708 0.7554
0 30.00000 144.00000 -40.00000 0.99096 -0.05821 0.12087 0.1250 0.6875
podwall_s6
0 28.53170 137.06392 -31.30243 0.99096 -0.10489 0.08365 0.0708 0.7554
0 28.53170 133.97707 -35.17321 0.99096 -0.10489 0.08365 0.0467 0.7252
0 30.00000 144.00000 -40.00000 0.99096 -0.10489 0.08365 0.1250 0.6875
podwall_s6
0 28.53170 133.97707 -35.17321 0.99096 -0.13079 0.02985 0.0467 0.7252
0 28.53170 132.87539 -40.00000 0.99096 -0.13079 0.02985 0.0381 0.6875
0 30.00000 144.00000 -40.00000 0.99096 -0.13079 0.02985 0.1250 0.6875
podwall_s7
0 28.53170 132.87539 -40.00000 0.99096 -0.13079 -0.02985 0.0381 0.6875
0 28.53170 133.97707 -44.82679 0.99096 -0.13079 -0.02985 0.0467 0.6498
0 30.00000 144.00000 -40.00000 0.99096 -0.13079 -0.02985 0.1250 0.6875
podwall_s7
0 28.53170 133.97707 -44.82679 0.99096 -0.10489 -0.08365 0.0467 0.6498
0 28.53170 137.06392 -48.69757 0.99096 -0.10489 -0.08365 0.0708 0.6196
0 30.00000 144.00000 -40.00000 0.99096 -0.10489 -0.08365 0.1250 0.6875
podwall_s7
0 28.53170 137.06392 -48.69757 0.99096 -0.05821 -0.12087 0.0708 0.6196
0 28.53170 141.52454 -50.84569 0.99096 -0.05821 -0.12087 0.1057 0.6028
0 30.00000 144.00000 -40.00000 0.99096 -0.05821 -0.12087 0.1250 0.6875
podwall_s7
0 28.53170 141.52454 -50.84569 0.99096 0.00000 -0.13416 0.1057 0.6028
0 28.53170 146.47546 -50.84569 0.99096 0.00000 -0.13416 0.1443 0.6028
0 30.00000 144.00000 -40.00000 0.99096 0.00000 -0.13416 0.1250 0.6875
podwall_s7
0 28.53170 146.47546 -50.84569 0.99096 0.05821 -0.12087 0.1443 0.6028
0 28.53170 150.93608 -48.69757 0.99096 0.05821 -0.12087 0.1792 0.6196
0 30.00000 144.00000 -40.00000 0.99096 0.05821 -0.12087 0.1250 0.6875
podwall_s7
0 28.53170 150.93608 -48.69757 0.99096 0.10489 -0.08365 0.1792 0.6196
0 28.53170 154.02293 -44.82679 0.99096 0.10489 -0.08365 0.2033 0.6498
0 30.00000 144.00000 -40.00000 0.99096 0.10489 -0.08365 0.1250 0.6875
podwall_s7
0 28.53170 154.02293 -44.82679 0.99096 0.13079 -0.02985 0.2033 0.6498
0 28.53170 155.12461 -40.00000 0.99096 0.13079 -0.02985 0.2119 0.6875
0 30.00000 144.00000 -40.00000 0.99096 0.13079 -0.02985 0.1250 0.6875
podwall_s3
0 0.00000 180.00000 40.00000 0.18219 0.95861 0.21880 0.4062 0.3125
0 0.00000 176.43488 55.61981 0.18219 0.95861 0.21880 0.3784 0.4345
0 9.27051 174.84740 54.85533 0.18219 0.95861 0.21880 0.3660 0.4286
podwall_s3
0 0.00000 180.00000 40.00000 0.18219 0.95861 0.21880 0.4062 0.3125
0 9.27051 174.84740 54.85533 0.18219 0.95861 0.21880 0.3660 0.4286
0 9.27051 178.23803 40.00000 0.18219 0.95861 0.21880 0.3925 0.3125
podwall_s3
0 0.00000 176.43488 55.61981 0.18219 0.76875 0.61305 0.3784 0.4345
0 0.00000 166.44563 68.14593 0.18219 0.76875 0.61305 0.3004 0.5324
0 9.27051 165.34707 66.76837 0.18219 0.76875 0.61305 0.2918 0.5216
podwall_s3
0 0.00000 176.43488 55.61981 0.18219 0.76875 0.61305 0.3784 0.4345
0 9.27051 165.34707 66.76837 0.18219 0.76875 0.61305 0.2918 0.5216
0 9.27051 174.84740 54.85533 0.18219 0.76875 0.61305 0.3660 0.4286
podwall_s2
0 0.00000 166.44563 68.14593 0.18219 0.42662 0.88589 0.3004 0.5324
0 0.00000 152.01075 75.09740 0.18219 0.42662 0.88589 0.1876 0.5867
0 9.27051 151.61868 73.37962 0.18219 0.42662 0.88589 0.1845 0.5733
podwall_s2
0 0.00000 166.44563 68.14593 0.18219 0.42662 0.88589 0.3004 0.5324
0 9.27051 151.61868 73.37962 0.18219 0.42662 0.88589 0.1845 0.5733
0 9.27051 165.34707 66.76837 0.18219 0.42662 0.88589 0.2918 0.5216
podwall_s2
0 0.00000 152.01075 75.09740 0.18219 0.00000 0.98326 0.1876 0.5867
0 0.00000 135.98925 75.09740 0.18219 0.00000 0.98326 0.0624 0.5867
0 9.27051 136.38132 73.37962 0.18219 0.00000 0.98326 0.0655 0.5733
podwall_s2
0 0.00000 152.01075 75.09740 0.18219 0.00000 0.98326 0.1876 0.5867
0 9.27051 136.38132 73.37962 0.18219 0.00000 0.98326 0.0655 0.5733
0 9.27051 151.61868 73.37962 0.18219 0.00000 0.98326 0.1845 0.5733
podwall_s2
0 0.00000 135.98925 75.09740 0.18219 -0.42662 0.88589 0.0624 0.5867
0 0.00000 121.55437 68.14593 0.18219 -0.42662 0.88589 0.9496 0.5324
0 9.27051 122.65293 66.76837 0.18219 -0.42662 0.88589 0.9582 0.5216
podwall_s2
0 0.00000 135.98925 75.09740 0.18219 -0.42662 0.88589 0.0624 0.5867
0 9.27051 122.65293 66.76837 0.18219 -0.42662 0.88589 0.9582 0.5216
0 9.27051 136.38132 73.37962 0.18219 -0.42662 0.88589 0.0655 0.5733
podwall_s3
0 0.00000 121.55437 68.14593 0.18219 -0.76875 0.61305 0.9496 0.5324
0 0.00000 111.56512 55.61981 0.18219 -0.76875 0.61305 0.8716 0.4345
0 9.27051 113.15260 54.85533 0.18219 -0.76875 0.61305 0.8840 0.4286
podwall_s3
0 0.00000 121.55437 68.14593 0.18219 -0.76875 0.61305 0.9496 0.5324
0 9.27051 113.15260 54.85533 0.18219 -0.76875 0.61305 0.8840 0.4286
0 9.27051 122.65293 66.76837 0.18219 -0.76875 0.61305 0.9582 0.5216
podwall_s3
0 0.00000 111.56512 55.61981 0.18219 -0.95861 0.21880 0.8716 0.4345
0 0.00000 108.00000 40.00000 0.18219 -0.95861 0.21880 0.8438 0.3125
0 9.27051 109.76197 40.00000 0.18219 -0.95861 0.21880 0.8575 0.3125
podwall_s3
0 0.00000 111.56512 55.61981 0.18219 -0.95861 0.21880 0.8716 0.4345
0 9.27051 109.76197 40.00000 0.18219 -0.95861 0.21880 0.8575 0.3125
0 9.27051 113.15260 54.85533 0.18219 -0.95861 0.21880 0.8840 0.4286
podwall_s4
0 0.00000 108.00000 40.00000 0.18219 -0.95861 -0.21880 0.8438 0.3125
0 0.00000 111.56512 24.38019 0.18219 -0.95861 -0.21880 0.8716 0.1905
0 9.27051 113.15260 25.14467 0.18219 -0.95861 -0.21880 0.8840 0.1964
podwall_s4
0 0.00000 108.00000 40.00000 0.18219 -0.95861 -0.21880 0.8438 0.3125
0 9.27051 113.15260 25.14467 0.18219 -0.95861 -0.21880 0.8840 0.1964
0 9.27051 109.76197 40.00000 0.18219 -0.95861 -0.21880 0.8575 0.3125
podwall_s5
0 0.00000 111.56512 24.38019 0.18219 -0.76875 -0.61305 0.8716 0.1905
0 0.00000 121.55437 11.85407 0.18219 -0.76875 -0.61305 0.9496 0.0926
0 9.27051 122.65293 13.23163 0.18219 -0.76875 -0.61305 0.9582 0.1034
podwall_s5
0 0.00000 111.56512 24.38019 0.18219 -0.76875 -0.61305 0.8716 0.1905
0 9.27051 122.65293 13.23163 0.18219 -0.76875 -0.61305 0.9582 0.1034
0 9.27051 113.15260 25.14467 0.18219 -0.76875 -0.61305 0.8840 0.1964
podwall_s5
0 0.00000 121.55437 11.85407 0.18219 -0.42662 -0.88589 0.9496 0.0926
0 0.00000 135.98925 4.90260 0.18219 -0.42662 -0.88589 0.0624 0.0383
0 9.27051 136.38132 6.62038 0.18219 -0.42662 -0.88589 0.0655 0.0517
podwall_s5
0 0.00000 121.55437 11.85407 0.18219 -0.42662 -0.88589 0.9496 0.0926
0 9.27051 136.38132 6.62038 0.18219 -0.42662 -0.88589 0.0655 0.0517
0 9.27051 122.65293 13.23163 0.18219 -0.42662 -0.88589 0.9582 0.1034
podwall_s5
0 0.00000 135.98925 4.90260 0.18219 -0.00000 -0.98326 0.0624 0.0383
0 0.00000 152.01075 4.90260 0.18219 -0.00000 -0.98326 0.1876 0.0383
0 9.27051 151.61868 6.62038 0.18219 -0.00000 -0.98326 0.1845 0.0517
podwall_s5
0 0.00000 135.98925 4.90260 0.18219 -0.00000 -0.98326 0.0624 0.0383
0 9.27051 151.61868 6.62038 0.18219 -0.00000 -0.98326 0.1845 0.0517
0 9.27051 136.38132 6.62038 0.18219 -0.00000 -0.98326 0.0655 0.0517
podwall_s5
0 0.00000 152.01075 4.90260 0.18219 0.42662 -0.88589 0.1876 0.0383
0 0.00000 166.44563 11.85407 0.18219 0.42662 -0.88589 0.3004 0.0926
0 9.27051 165.34707 13.23163 0.18219 0.42662 -0.88589 0.2918 0.1034
podwall_s5
0 0.00000 152.01075 4.90260 0.18219 0.42662 -0.88589 0.1876 0.0383
0 9.27051 165.34707 13.23163 0.18219 0.42662 -0.88589 0.2918 0.1034
0 9.27051 151.61868 6.62038 0.18219 0.42662 -0.88589 0.1845 0.0517
podwall_s5
0 0.00000 166.44563 11.85407 0.18219 0.76875 -0.61305 0.3004 0.0926
0 0.00000 176.43488 24.38019 0.18219 0.76875 -0.61305 0.3784 0.1905
0 9.27051 174.84740 25.14467 0.18219 0.76875 -0.61305 0.3660 0.1964
podwall_s5
0 0.00000 166.44563 11.85407 0.18219 0.76875 -0.61305 0.3004 0.0926
0 9.27051 174.84740 25.14467 0.18219 0.76875 -0.61305 0.3660 0.1964
0 9.27051 165.34707 13.23163 0.18219 0.76875 -0.61305 0.2918 0.1034
podwall_s4
0 0.00000 176.43488 24.38019 0.18219 0.95861 -0.21880 0.3784 0.1905
0 0.00000 180.00000 40.00000 0.18219 0.95861 -0.21880 0.4062 0.3125
0 9.27051 178.23803 40.00000 0.18219 0.95861 -0.21880 0.3925 0.3125
podwall_s4
0 0.00000 176.43488 24.38019 0.18219 0.95861 -0.21880 0.3784 0.1905
0 9.27051 178.23803 40.00000 0.18219 0.95861 -0.21880 0.3925 0.3125
0 9.27051 174.84740 25.14467 0.18219 0.95861 -0.21880 0.3660 0.1964
podwall_s4
0 9.27051 178.23803 40.00000 0.51203 0.83743 0.19114 0.3925 0.3125
0 9.27051 174.84740 54.85533 0.51203 0.83743 0.19114 0.3660 0.4286
0 17.63356 170.24037 52.63670 0.51203 0.83743 0.19114 0.3300 0.4112
podwall_s4
0 9.27051 178.23803 40.00000 0.51203 0.83743 0.19114 0.3925 0.3125
0 17.63356 170.24037 52.63670 0.51203 0.83743 0.19114 0.3300 0.4112
0 17.63356 173.12461 40.00000 0.51203 0.83743 0.19114 0.3525 0.3125
podwall_s4
0 9.27051 174.84740 54.85533 0.51203 0.67157 0.53556 0.3660 0.4286
0 9.27051 165.34707 66.76837 0.51203 0.67157 0.53556 0.2918 0.5216
0 17.63356 162.15890 62.77054 0.51203 0.67157 0.53556 0.2669 0.4904
podwall_s4
0 9.27051 174.84740 54.85533 0.51203 0.67157 0.53556 0.3660 0.4286
0 17.63356 162.15890 62.77054 0.51203 0.67157 0.53556 0.2669 0.4904
0 17.63356 170.24037 52.63670 0.51203 0.67157 0.53556 0.3300 0.4112
podwall_s3
0 9.27051 165.34707 66.76837 0.51203 0.37269 0.77390 0.2918 0.5216
0 9.27051 151.61868 73.37962 0.51203 0.37269 0.77390 0.1845 0.5733
0 17.63356 150.48084 68.39440 0.51203 0.37269 0.77390 0.1756 0.5343
podwall_s3
0 9.27051 165.34707 66.76837 0.51203 0.37269 0.77390 0.2918 0.5216
0 17.63356 150.48084 68.39440 0.51203 0.37269 0.77390 0.1756 0.5343
0 17.63356 162.15890 62.77054 0.51203 0.37269 0.77390 0.2669 0.4904
podwall_s3
0 9.27051 151.61868 73.37962 0.51203 0.00000 0.85897 0.1845 0.5733
0 9.27051 136.38132 73.37962 0.51203 0.00000 0.85897 0.0655 0.5733
0 17.63356 137.51916 68.39440 0.51203 0.00000 0.85897 0.0744 0.5343
podwall_s3
0 9.27051 151.61868 73.37962 0.51203 0.00000 0.85897 0.1845 0.5733
0 17.63356 137.51916 68.39440 0.51203 0.00000 0.85897 0.0744 0.5343
0 17.63356 150.48084 68.39440 0.51203 0.00000 0.85897 0.1756 0.5343
podwall_s3
0 9.27051 136.38132 73.37962 0.51203 -0.37269 0.77390 0.0655 0.5733
0 9.27051 122.65293 66.76837 0.51203 -0.37269 0.77390 0.9582 0.5216
0 17.63356 125.84110 62.77054 0.51203 -0.37269 0.77390 0.9831 0.4904
podwall_s3
0 9.27051 136.38132 73.37962 0.51203 -0.37269 0.77390 0.0655 0.5733
0 17.63356 125.84110 62.77054 0.51203 -0.37269 0.77390 0.9831 0.4904
0 17.63356 137.51916 68.39440 0.51203 -0.37269 0.77390 0.0744 0.5343
podwall_s4
0 9.27051 122.65293 66.76837 0.51203 -0.67157 0.53556 0.9582 0.5216
0 9.27051 113.15260 54.85533 0.51203 -0.67157 0.53556 0.8840 0.4286
0 17.63356 117.75963 52.63670 0.51203 -0.67157 0.53556 0.9200 0.4112
podwall_s4
0 9.27051 122.65293 66.76837 0.51203 -0.67157 0.53556 0.9582 0.5216
0 17.63356 117.75963 52.63670 0.51203 -0.67157 0.53556 0.9200 0.4112
0 17.63356 125.84110 62.77054 0.51203 -0.67157 0.53556 0.9831 0.4904
podwall_s4
0 9.27051 113.15260 54.85533 0.51203 -0.83743 0.19114 0.8840 0.4286
0 9.27051 109.76197 40.00000 0.51203 -0.83743 0.19114 0.8575 0.3125
0 17.63356 114.87539 40.00000 0.51203 -0.83743 0.19114 0.8975 0.3125
podwall_s4
0 9.27051 113.15260 54.85533 0.51203 -0.83743 0.19114 0.8840 0.4286
0 17.63356 114.87539 40.00000 0.51203 -0.83743 0.19114 0.8975 0.3125
0 17.63356 117.75963 52.63670 0.51203 -0.83743 0.19114 0.9200 0.4112
podwall_s5
0 9.27051 109.76197 40.00000 0.51203 -0.83743 -0.19114 0.8575 0.3125
0 9.27051 113.15260 25.14467 0.51203 -0.83743 -0.19114 0.8840 0.1964
0 17.63356 117.75963 27.36330 0.51203 -0.83743 -0.19114 0.9200 0.2138
podwall_s5
0 9.27051 109.76197 40.00000 0.51203 -0.83743 -0.19114 0.8575 0.3125
0 17.63356 117.75963 27.36330 0.51203 -0.83743 -0.19114 0.9200 0.2138
0 17.63356 114.87539 40.00000 0.51203 -0.83743 -0.19114 0.8975 0.3125
podwall_s6
0 9.27051 113.15260 25.14467 0.51203 -0.67157 -0.53556 0.8840 0.1964
0 9.27051 122.65293 13.23163 0.51203 -0.67157 -0.53556 0.9582 0.1034
0 17.63356 125.84110 17.22946 0.51203 -0.67157 -0.53556 0.9831 0.1346
podwall_s6
0 9.27051 113.15260 25.14467 0.51203 -0.67157 -0.53556 0.8840 0.1964
0 17.63356 125.84110 17.22946 0.51203 -0.67157 -0.53556 0.9831 0.1346
0 17.63356 117.75963 27.36330 0.51203 -0.67157 -0.53556 0.9200 0.2138
podwall_s6
0 9.27051 122.65293 13.23163 0.51203 -0.37269 -0.77390 0.9582 0.1034
0 9.27051 136.38132 6.62038 0.51203 -0.37269 -0.77390 0.0655 0.0517
0 17.63356 137.51916 11.60560 0.51203 -0.37269 -0.77390 0.0744 0.0907
podwall_s6
0 9.27051 122.65293 13.23163 0.51203 -0.37269 -0.77390 0.9582 0.1034
0 17.63356 137.51916 11.60560 0.51203 -0.37269 -0.77390 0.0744 0.0907
0 17.63356 125.84110 17.22946 0.51203 -0.37269 -0.77390 0.9831 0.1346
podwall_s6
0 9.27051 136.38132 6.62038 0.51203 -0.00000 -0.85897 0.0655 0.0517
0 9.27051 151.61868 6.62038 0.51203 -0.00000 -0.85897 0.1845 0.0517
0 17.63356 150.48084 11.60560 0.51203 -0.00000 -0.85897 0.1756 0.0907
podwall_s6
0 9.27051 136.38132 6.62038 0.51203 -0.00000 -0.85897 0.0655 0.0517
0 17.63356 150.48084 11.60560 0.51203 -0.00000 -0.85897 0.1756 0.0907
0 17.63356 137.51916 11.60560 0.51203 -0.00000 -0.85897 0.0744 0.0907
podwall_s6
0 9.27051 151.61868 6.62038 0.51203 0.37269 -0.77390 0.1845 0.0517
0 9.27051 165.34707 13.23163 0.51203 0.37269 -0.77390 0.2918 0.1034
0 17.63356 162.15890 17.22946 0.51203 0.37269 -0.77390 0.2669 0.1346
podwall_s6
0 9.27051 151.61868 6.62038 0.51203 0.37269 -0.77390 0.1845 0.0517
0 17.63356 162.15890 17.22946 0.51203 0.37269 -0.77390 0.2669 0.1346
0 17.63356 150.48084 11.60560 0.51203 0.37269 -0.77390 0.1756 0.0907
podwall_s6
0 9.27051 165.34707 13.23163 0.51203 0.67157 -0.53556 0.2918 0.1034
0 9.27051 174.84740 25.14467 0.51203 0.67157 -0.53556 0.3660 0.1964
0 17.63356 170.24037 27.36330 0.51203 0.67157 -0.53556 0.3300 0.2138
podwall_s6
0 9.27051 165.34707 13.23163 0.51203 0.67157 -0.53556 0.2918 0.1034
0 17.63356 170.24037 27.36330 0.51203 0.67157 -0.53556 0.3300 0.2138
0 17.63356 162.15890 17.22946 0.51203 0.67157 -0.53556 0.2669 0.1346
podwall_s5
0 9.27051 174.84740 25.14467 0.51203 0.83743 -0.19114 0.3660 0.1964
0 9.27051 178.23803 40.00000 0.51203 0.83743 -0.19114 0.3925 0.3125
0 17.63356 173.12461 40.00000 0.51203 0.83743 -0.19114 0.3525 0.3125
podwall_s5
0 9.27051 174.84740 25.14467 0.51203 0.83743 -0.19114 0.3660 0.1964
0 17.63356 173.12461 40.00000 0.51203 0.83743 -0.19114 0.3525 0.3125
0 17.63356 170.24037 27.36330 0.51203 0.83743 -0.19114 0.3300 0.2138
podwall_s5
0 17.63356 173.12461 40.00000 0.76015 0.63346 0.14458 0.3525 0.3125
0 17.63356 170.24037 52.63670 0.76015 0.63346 0.14458 0.3300 0.4112
0 24.27051 163.06474 49.18110 0.76015 0.63346 0.14458 0.2739 0.3842
podwall_s5
0 17.63356 173.12461 40.00000 0.76015 0.63346 0.14458 0.3525 0.3125
0 24.27051 163.06474 49.18110 0.76015 0.63346 0.14458 0.2739 0.3842
0 24.27051 165.16027 40.00000 0.76015 0.63346 0.14458 0.2903 0.3125
podwall_s5
0 17.63356 170.24037 52.63670 0.76015 0.50799 0.40511 0.3300 0.4112
0 17.63356 162.15890 62.77054 0.76015 0.50799 0.40511 0.2669 0.4904
0 24.27051 157.19321 56.54376 0.76015 0.50799 0.40511 0.2281 0.4417
podwall_s5
0 17.63356 170.24037 52.63670 0.76015 0.50799 0.40511 0.3300 0.4112
0 24.27051 157.19321 56.54376 0.76015 0.50799 0.40511 0.2281 0.4417
0 24.27051 163.06474 49.18110 0.76015 0.50799 0.40511 0.2739 0.3842
podwall_s5
0 17.63356 162.15890 62.77054 0.76015 0.28192 0.58540 0.2669 0.4904
0 17.63356 150.48084 68.39440 0.76015 0.28192 0.58540 0.1756 0.5343
0 24.27051 148.70860 60.62974 0.76015 0.28192 0.58540 0.1618 0.4737
podwall_s5
0 17.63356 162.15890 62.77054 0.76015 0.28192 0.58540 0.2669 0.4904
0 24.27051 148.70860 60.62974 0.76015 0.28192 0.58540 0.1618 0.4737
0 24.27051 157.19321 56.54376 0.76015 0.28192 0.58540 0.2281 0.4417
podwall_s5
0 17.63356 150.48084 68.39440 0.76015 0.00000 0.64975 0.1756 0.5343
0 17.63356 137.51916 68.39440 0.76015 0.00000 0.64975 0.0744 0.5343
0 24.27051 139.29140 60.62974 0.76015 0.00000 0.64975 0.0882 0.4737
podwall_s5
0 17.63356 150.48084 68.39440 0.76015 0.00000 0.64975 0.1756 0.5343
0 24.27051 139.29140 60.62974 0.76015 0.00000 0.64975 0.0882 0.4737
0 24.27051 148.70860 60.62974 0.76015 0.00000 0.64975 0.1618 0.4737
podwall_s5
0 17.63356 137.51916 68.39440 0.76015 -0.28192 0.58540 0.0744 0.5343
0 17.63356 125.84110 62.77054 0.76015 -0.28192 0.58540 0.9831 0.4904
0 24.27051 130.80679 56.54376 0.76015 -0.28192 0.58540 0.0219 0.4417
podwall_s5
0 17.63356 137.51916 68.39440 0.76015 -0.28192 0.58540 0.0744 0.5343
0 24.27051 130.80679 56.54376 0.76015 -0.28192 0.58540 0.0219 0.4417
0 24.27051 139.29140 60.62974 0.76015 -0.28192 0.58540 0.0882 0.4737
podwall_s5
0 17.63356 125.84110 62.77054 0.76015 -0.50799 0.40511 0.9831 0.4904
0 17.63356 117.75963 52.63670 0.76015 -0.50799 0.40511 0.9200 0.4112
0 24.27051 124.93526 49.18110 0.76015 -0.50799 0.40511 0.9761 0.3842
podwall_s5
0 17.63356 125.84110 62.77054 0.76015 -0.50799 0.40511 0.9831 0.4904
0 24.27051 124.93526 49.18110 0.76015 -0.50799 0.40511 0.9761 0.3842
0 24.27051 130.80679 56.54376 0.76015 -0.50799 0.40511 0.0219 0.4417
podwall_s5
0 17.63356 117.75963 52.63670 0.76015 -0.63346 0.14458 0.9200 0.4112
0 17.63356 114.87539 40.00000 0.76015 -0.63346 0.14458 0.8975 0.3125
0 24.27051 122.83973 40.00000 0.76015 -0.63346 0.14458 0.9597 0.3125
podwall_s5
0 17.63356 117.75963 52.63670 0.76015 -0.63346 0.14458 0.9200 0.4112
0 24.27051 122.83973 40.00000 0.76015 -0.63346 0.14458 0.9597 0.3125
0 24.27051 124.93526 49.18110 0.76015 -0.63346 0.14458 0.9761 0.3842
podwall_s6
0 17.63356 114.87539 40.00000 0.76015 -0.63346 -0.14458 0.8975 0.3125
0 17.63356 117.75963 27.36330 0.76015 -0.63346 -0.14458 0.9200 0.2138
0 24.27051 124.93526 30.81890 0.76015 -0.63346 -0.14458 0.9761 0.2408
podwall_s6
0 17.63356 114.87539 40.00000 0.76015 -0.63346 -0.14458 0.8975 0.3125
0 24.27051 124.93526 30.81890 0.76015 -0.63346 -0.14458 0.9761 0.2408
0 24.27051 122.83973 40.00000 0.76015 -0.63346 -0.14458 0.9597 0.3125
podwall_s6
0 17.63356 117.75963 27.36330 0.76015 -0.50799 -0.40511 0.9200 0.2138
0 17.63356 125.84110 17.22946 0.76015 -0.50799 -0.40511 0.9831 0.1346
0 24.27051 130.80679 23.45624 0.76015 -0.50799 -0.40511 0.0219 0.1833
podwall_s6
0 17.63356 117.75963 27.36330 0.76015 -0.50799 -0.40511 0.9200 0.2138
0 24.27051 130.80679 23.45624 0.76015 -0.50799 -0.40511 0.0219 0.1833
0 24.27051 124.93526 30.81890 0.76015 -0.50799 -0.40511 0.9761 0.2408
podwall_s7
0 17.63356 125.84110 17.22946 0.76015 -0.28192 -0.58540 0.9831 0.1346
0 17.63356 137.51916 11.60560 0.76015 -0.28192 -0.58540 0.0744 0.0907
0 24.27051 139.29140 19.37026 0.76015 -0.28192 -0.58540 0.0882 0.1513
podwall_s7
0 17.63356 125.84110 17.22946 0.76015 -0.28192 -0.58540 0.9831 0.1346
0 24.27051 139.29140 19.37026 0.76015 -0.28192 -0.58540 0.0882 0.1513
0 24.27051 130.80679 23.45624 0.76015 -0.28192 -0.58540 0.0219 0.1833
podwall_s7
0 17.63356 137.51916 11.60560 0.76015 -0.00000 -0.64975 0.0744 0.0907
0 17.63356 150.48084 11.60560 0.76015 -0.00000 -0.64975 0.1756 0.0907
0 24.27051 148.70860 19.37026 0.76015 -0.00000 -0.64975 0.1618 0.1513
podwall_s7
0 17.63356 137.51916 11.60560 0.76015 -0.00000 -0.64975 0.0744 0.0907
0 24.27051 148.70860 19.37026 0.76015 -0.00000 -0.64975 0.1618 0.1513
0 24.27051 139.29140 19.37026 0.76015 -0.00000 -0.64975 0.0882 0.1513
podwall_s7
0 17.63356 150.48084 11.60560 0.76015 0.28192 -0.58540 0.1756 0.0907
0 17.63356 162.15890 17.22946 0.76015 0.28192 -0.58540 0.2669 0.1346
0 24.27051 157.19321 23.45624 0.76015 0.28192 -0.58540 0.2281 0.1833
podwall_s7
0 17.63356 150.48084 11.60560 0.76015 0.28192 -0.58540 0.1756 0.0907
0 24.27051 157.19321 23.45624 0.76015 0.28192 -0.58540 0.2281 0.1833
0 24.27051 148.70860 19.37026 0.76015 0.28192 -0.58540 0.1618 0.1513
podwall_s6
0 17.63356 162.15890 17.22946 0.76015 0.50799 -0.40511 0.2669 0.1346
0 17.63356 170.24037 27.36330 0.76015 0.50799 -0.40511 0.3300 0.2138
0 24.27051 163.06474 30.81890 0.76015 0.50799 -0.40511 0.2739 0.2408
podwall_s6
0 17.63356 162.15890 17.22946 0.76015 0.50799 -0.40511 0.2669 0.1346
0 24.27051 163.06474 30.81890 0.76015 0.50799 -0.40511 0.2739 0.2408
0 24.27051 157.19321 23.45624 0.76015 0.50799 -0.40511 0.2281 0.1833
podwall_s6
0 17.63356 170.24037 27.36330 0.76015 0.63346 -0.14458 0.3300 0.2138
0 17.63356 173.12461 40.00000 0.76015 0.63346 -0.14458 0.3525 0.3125
0 24.27051 165.16027 40.00000 0.76015 0.63346 -0.14458 0.2903 0.3125
podwall_s6
0 17.63356 170.24037 27.36330 0.76015 0.63346 -0.14458 0.3300 0.2138
0 24.27051 165.16027 40.00000 0.76015 0.63346 -0.14458 0.2903 0.3125
0 24.27051 163.06474 30.81890 0.76015 0.63346 -0.14458 0.2739 0.2408
podwall_s6
0 24.27051 165.16027 40.00000 0.91682 0.38929 0.08885 0.2903 0.3125
0 24.27051 163.06474 49.18110 0.91682 0.38929 0.08885 0.2739 0.3842
0 28.53170 154.02293 44.82679 0.91682 0.38929 0.08885 0.2033 0.3502
podwall_s6
0 24.27051 165.16027 40.00000 0.91682 0.38929 0.08885 0.2903 0.3125
0 28.53170 154.02293 44.82679 0.91682 0.38929 0.08885 0.2033 0.3502
0 28.53170 155.12461 40.00000 0.91682 0.38929 0.08885 0.2119 0.3125
podwall_s6
0 24.27051 163.06474 49.18110 0.91682 0.31218 0.24896 0.2739 0.3842
0 24.27051 157.19321 56.54376 0.91682 0.31218 0.24896 0.2281 0.4417
0 28.53170 150.93608 48.69757 0.91682 0.31218 0.24896 0.1792 0.3804
podwall_s6
0 24.27051 163.06474 49.18110 0.91682 0.31218 0.24896 0.2739 0.3842
0 28.53170 150.93608 48.69757 0.91682 0.31218 0.24896 0.1792 0.3804
0 28.53170 154.02293 44.82679 0.91682 0.31218 0.24896 0.2033 0.3502
podwall_s6
0 24.27051 157.19321 56.54376 0.91682 0.17325 0.35975 0.2281 0.4417
0 24.27051 148.70860 60.62974 0.91682 0.17325 0.35975 0.1618 0.4737
0 28.53170 146.47546 50.84569 0.91682 0.17325 0.35975 0.1443 0.3972
podwall_s6
0 24.27051 157.19321 56.54376 0.91682 0.17325 0.35975 0.2281 0.4417
0 28.53170 146.47546 50.84569 0.91682 0.17325 0.35975 0.1443 0.3972
0 28.53170 150.93608 48.69757 0.91682 0.17325 0.35975 0.1792 0.3804
podwall_s6
0 24.27051 148.70860 60.62974 0.91682 0.00000 0.39930 0.1618 0.4737
0 24.27051 139.29140 60.62974 0.91682 0.00000 0.39930 0.0882 0.4737
0 28.53170 141.52454 50.84569 0.91682 0.00000 0.39930 0.1057 0.3972
podwall_s6
0 24.27051 148.70860 60.62974 0.91682 0.00000 0.39930 0.1618 0.4737
0 28.53170 141.52454 50.84569 0.91682 0.00000 0.39930 0.1057 0.3972
0 28.53170 146.47546 50.84569 0.91682 0.00000 0.39930 0.1443 0.3972
podwall_s6
0 24.27051 139.29140 60.62974 0.91682 -0.17325 0.35975 0.0882 0.4737
0 24.27051 130.80679 56.54376 0.91682 -0.17325 0.35975 0.0219 0.4417
0 28.53170 137.06392 48.69757 0.91682 -0.17325 0.35975 0.0708 0.3804
podwall_s6
0 24.27051 139.29140 60.62974 0.91682 -0.17325 0.35975 0.0882 0.4737
0 28.53170 137.06392 48.69757 0.91682 -0.17325 0.35975 0.0708 0.3804
0 28.53170 141.52454 50.84569 0.91682 -0.17325 0.35975 0.1057 0.3972
podwall_s6
0 24.27051 130.80679 56.54376 0.91682 -0.31218 0.24896 0.0219 0.4417
0 24.27051 124.93526 49.18110 0.91682 -0.31218 0.24896 0.9761 0.3842
0 28.53170 133.97707 44.82679 0.91682 -0.31218 0.24896 0.0467 0.3502
podwall_s6
0 24.27051 130.80679 56.54376 0.91682 -0.31218 0.24896 0.0219 0.4417
0 28.53170 133.97707 44.82679 0.91682 -0.31218 0.24896 0.0467 0.3502
0 28.53170 137.06392 48.69757 0.91682 -0.31218 0.24896 0.0708 0.3804
podwall_s6
0 24.27051 124.93526 49.18110 0.91682 -0.38929 0.08885 0.9761 0.3842
0 24.27051 122.83973 40.00000 0.91682 -0.38929 0.08885 0.9597 0.3125
0 28.53170 132.87539 40.00000 0.91682 -0.38929 0.08885 0.0381 0.3125
podwall_s6
0 24.27051 124.93526 49.18110 0.91682 -0.38929 0.08885 0.9761 0.3842
0 28.53170 132.87539 40.00000 0.91682 -0.38929 0.08885 0.0381 0.3125
0 28.53170 133.97707 44.82679 0.91682 -0.38929 0.08885 0.0467 0.3502
podwall_s6
0 24.27051 122.83973 40.00000 0.91682 -0.38929 -0.08885 0.9597 0.3125
0 24.27051 124.93526 30.81890 0.91682 -0.38929 -0.08885 0.9761 0.2408
0 28.53170 133.97707 35.17321 0.91682 -0.38929 -0.08885 0.0467 0.2748
podwall_s6
0 24.27051 122.83973 40.00000 0.91682 -0.38929 -0.08885 0.9597 0.3125
0 28.53170 133.97707 35.17321 0.91682 -0.38929 -0.08885 0.0467 0.2748
0 28.53170 132.87539 40.00000 0.91682 -0.38929 -0.08885 0.0381 0.3125
podwall_s7
0 24.27051 124.93526 30.81890 0.91682 -0.31218 -0.24896 0.9761 0.2408
0 24.27051 130.80679 23.45624 0.91682 -0.31218 -0.24896 0.0219 0.1833
0 28.53170 137.06392 31.30243 0.91682 -0.31218 -0.24896 0.0708 0.2446
podwall_s7
0 24.27051 124.93526 30.81890 0.91682 -0.31218 -0.24896 0.9761 0.2408
0 28.53170 137.06392 31.30243 0.91682 -0.31218 -0.24896 0.0708 0.2446
0 28.53170 133.97707 35.17321 0.91682 -0.31218 -0.24896 0.0467 0.2748
podwall_s7
0 24.27051 130.80679 23.45624 0.91682 -0.17325 -0.35975 0.0219 0.1833
0 24.27051 139.29140 19.37026 0.91682 -0.17325 -0.35975 0.0882 0.1513
0 28.53170 141.52454 29.15431 0.91682 -0.17325 -0.35975 0.1057 0.2278
podwall_s7
0 24.27051 130.80679 23.45624 0.91682 -0.17325 -0.35975 0.0219 0.1833
0 28.53170 141.52454 29.15431 0.91682 -0.17325 -0.35975 0.1057 0.2278
0 28.53170 137.06392 31.30243 0.91682 -0.17325 -0.35975 0.0708 0.2446
podwall_s7
0 24.27051 139.29140 19.37026 0.91682 -0.00000 -0.39930 0.0882 0.1513
0 24.27051 148.70860 19.37026 0.91682 -0.00000 -0.39930 0.1618 0.1513
0 28.53170 146.47546 29.15431 0.91682 -0.00000 -0.39930 0.1443 0.2278
podwall_s7
0 24.27051 139.29140 19.37026 0.91682 -0.00000 -0.39930 0.0882 0.1513
0 28.53170 146.47546 29.15431 0.91682 -0.00000 -0.39930 0.1443 0.2278
0 28.53170 141.52454 29.15431 0.91682 -0.00000 -0.39930 0.1057 0.2278
podwall_s7
0 24.27051 148.70860 19.37026 0.91682 0.17325 -0.35975 0.1618 0.1513
0 24.27051 157.19321 23.45624 0.91682 0.17325 -0.35975 0.2281 0.1833
0 28.53170 150.93608 31.30243 0.91682 0.17325 -0.35975 0.1792 0.2446
podwall_s7
0 24.27051 148.70860 19.37026 0.91682 0.17325 -0.35975 0.1618 0.1513
0 28.53170 150.93608 31.30243 0.91682 0.17325 -0.35975 0.1792 0.2446
0 28.53170 146.47546 29.15431 0.91682 0.17325 -0.35975 0.1443 0.2278
podwall_s7
0 24.27051 157.19321 23.45624 0.91682 0.31218 -0.24896 0.2281 0.1833
0 24.27051 163.06474 30.81890 0.91682 0.31218 -0.24896 0.2739 0.2408
0 28.53170 154.02293 35.17321 0.91682 0.31218 -0.24896 0.2033 0.2748
podwall_s7
0 24.27051 157.19321 23.45624 0.91682 0.31218 -0.24896 0.2281 0.1833
0 28.53170 154.02293 35.17321 0.91682 0.31218 -0.24896 0.2033 0.2748
0 28.53170 150.93608 31.30243 0.91682 0.31218 -0.24896 0.1792 0.2446
podwall_s6
0 24.27051 163.06474 30.81890 0.91682 0.38929 -0.08885 0.2739 0.2408
0 24.27051 165.16027 40.00000 0.91682 0.38929 -0.08885 0.2903 0.3125
0 28.53170 155.12461 40.00000 0.91682 0.38929 -0.08885 0.2119 0.3125
podwall_s6
0 24.27051 163.06474 30.81890 0.91682 0.38929 -0.08885 0.2739 0.2408
0 28.53170 155.12461 40.00000 0.91682 0.38929 -0.08885 0.2119 0.3125
0 28.53170 154.02293 35.17321 0.91682 0.38929 -0.08885 0.2033 0.2748
podwall_s6
0 28.53170 155.12461 40.00000 0.99096 0.13079 0.02985 0.2119 0.3125
0 28.53170 154.02293 44.82679 0.99096 0.13079 0.02985 0.2033 0.3502
0 30.00000 144.00000 40.00000 0.99096 0.13079 0.02985 0.1250 0.3125
podwall_s6
0 28.53170 154.02293 44.82679 0.99096 0.10489 0.08365 0.2033 0.3502
0 28.53170 150.93608 48.69757 0.99096 0.10489 0.08365 0.1792 0.3804
0 30.00000 144.00000 40.00000 0.99096 0.10489 0.08365 0.1250 0.3125
podwall_s6
0 28.53170 150.93608 48.69757 0.99096 0.05821 0.12087 0.1792 0.3804
0 28.53170 146.47546 50.84569 0.99096 0.05821 0.12087 0.1443 0.3972
0 30.00000 144.00000 40.00000 0.99096 0.05821 0.12087 0.1250 0.3125
podwall_s6
0 28.53170 146.47546 50.84569 0.99096 0.00000 0.13416 0.1443 0.3972
0 28.53170 141.52454 50.84569 0.99096 0.00000 0.13416 0.1057 0.3972
0 30.00000 144.00000 40.00000 0.99096 0.00000 0.13416 0.1250 0.3125
podwall_s6
0 28.53170 141.52454 50.84569 0.99096 -0.05821 0.12087 0.1057 0.3972
0 28.53170 137.06392 48.69757 0.99096 -0.05821 0.12087 0.0708 0.3804
0 30.00000 144.00000 40.00000 0.99096 -0.05821 0.12087 0.1250 0.3125
podwall_s6
0 28.53170 137.06392 48.69757 0.99096 -0.10489 0.08365 0.0708 0.3804
0 28.53170 133.97707 44.82679 0.99096 -0.10489 0.08365 0.0467 0.3502
0 30.00000 144.00000 40.00000 0.99096 -0.10489 0.08365 0.1250 0.3125
podwall_s6
0 28.53170 133.97707 44.82679 0.99096 -0.13079 0.02985 0.0467 0.3502
0 28.53170 132.87539 40.00000 0.99096 -0.13079 0.02985 0.0381 0.3125
0 30.00000 144.00000 40.00000 0.99096 -0.13079 0.02985 0.1250 0.3125
podwall_s7
0 28.53170 132.87539 40.00000 0.99096 -0.13079 -0.02985 0.0381 0.3125
0 28.53170 133.97707 35.17321 0.99096 -0.13079 -0.02985 0.0467 0.2748
0 30.00000 144.00000 40.00000 0.99096 -0.13079 -0.02985 0.1250 0.3125
podwall_s7
0 28.53170 133.97707 35.17321 0.99096 -0.10489 -0.08365 0.0467 0.2748
0 28.53170 137.06392 31.30243 0.99096 -0.10489 -0.08365 0.0708 0.2446
0 30.00000 144.00000 40.00000 0.99096 -0.10489 -0.08365 0.1250 0.3125
podwall_s7
0 28.53170 137.06392 31.30243 0.99096 -0.05821 -0.12087 0.0708 0.2446
0 28.53170 141.52454 29.15431 0.99096 -0.05821 -0.12087 0.1057 0.2278
0 30.00000 144.00000 40.00000 0.99096 -0.05821 -0.12087 0.1250 0.3125
podwall_s7
0 28.53170 141.52454 29.15431 0.99096 0.00000 -0.13416 0.1057 0.2278
0 28.53170 146.47546 29.15431 0.99096 0.00000 -0.13416 0.1443 0.2278
0 30.00000 144.00000 40.00000 0.99096 0.00000 -0.13416 0.1250 0.3125
podwall_s7
0 28.53170 146.47546 29.15431 0.99096 0.05821 -0.12087 0.1443 0.2278
0 28.53170 150.93608 31.30243 0.99096 0.05821 -0.12087 0.1792 0.2446
0 30.00000 144.00000 40.00000 0.99096 0.05821 -0.12087 0.1250 0.3125
podwall_s7
0 28.53170 150.93608 31.30243 0.99096 0.10489 -0.08365 0.1792 0.2446
0 28.53170 154.02293 35.17321 0.99096 0.10489 -0.08365 0.2033 0.2748
0 30.00000 144.00000 40.00000 0.99096 0.10489 -0.08365 0.1250 0.3125
podwall_s7
0 28.53170 154.02293 35.17321 0.99096 0.13079 -0.02985 0.2033 0.2748
0 28.53170 155.12461 40.00000 0.99096 0.13079 -0.02985 0.2119 0.3125
0 30.00000 144.00000 40.00000 0.99096 0.13079 -0.02985 0.1250 0.3125
podwall_s3
0 0.00000 180.00000 120.00000 0.18219 0.95861 0.21880 0.4062 0.9375
0 0.00000 176.43488 135.61981 0.18219 0.95861 0.21880 0.3784 0.0595
0 9.27051 174.84740 134.85533 0.18219 0.95861 0.21880 0.3660 0.0536
podwall_s3
0 0.00000 180.00000 120.00000 0.18219 0.95861 0.21880 0.4062 0.9375
0 9.27051 174.84740 134.85533 0.18219 0.95861 0.21880 0.3660 0.0536
0 9.27051 178.23803 120.00000 0.18219 0.95861 0.21880 0.3925 0.9375
podwall_s3
0 0.00000 176.43488 135.61981 0.18219 0.76875 0.61305 0.3784 0.0595
0 0.00000 166.44563 148.14593 0.18219 0.76875 0.61305 0.3004 0.1574
0 9.27051 165.34707 146.76837 0.18219 0.76875 0.61305 0.2918 0.1466
podwall_s3
0 0.00000 176.43488 135.61981 0.18219 0.76875 0.61305 0.3784 0.0595
0 9.27051 165.34707 146.76837 0.18219 0.76875 0.61305 0.2918 0.1466
0 9.27051 174.84740 134.85533 0.18219 0.76875 0.61305 0.3660 0.0536
podwall_s2
0 0.00000 166.44563 148.14593 0.18219 0.42662 0.88589 0.3004 0.1574
0 0.00000 152.01075 155.09740 0.18219 0.42662 0.88589 0.1876 0.2117
0 9.27051 151.61868 153.37962 0.18219 0.42662 0.88589 0.1845 0.1983
podwall_s2
0 0.00000 166.44563 148.14593 0.18219 0.42662 0.88589 0.3004 0.1574
0 9.27051 151.61868 153.37962 0.18219 0.42662 0.88589 0.1845 0.1983
0 9.27051 165.34707 146.76837 0.18219 0.42662 0.88589 0.2918 0.1466
podwall_s2
0 0.00000 152.01075 155.09740 0.18219 0.00000 0.98326 0.1876 0.2117
0 0.00000 135.98925 155.09740 0.18219 0.00000 0.98326 0.0624 0.2117
0 9.27051 136.38132 153.37962 0.18219 0.00000 0.98326 0.0655 0.1983
podwall_s2
0 0.00000 152.01075 155.09740 0.18219 0.00000 0.98326 0.1876 0.2117
0 9.27051 136.38132 153.37962 0.18219 0.00000 0.98326 0.0655 0.1983
0 9.27051 151.61868 153.37962 0.18219 0.00000 0.98326 0.1845 0.1983
podwall_s2
0 0.00000 135.98925 155.09740 0.18219 -0.42662 0.88589 0.0624 0.2117
0 0.00000 121.55437 148.14593 0.18219 -0.42662 0.88589 0.9496 0.1574
0 9.27051 122.65293 146.76837 0.18219 -0.42662 0.88589 0.9582 0.1466
podwall_s2
0 0.00000 135.98925 155.09740 0.18219 -0.42662 0.88589 0.0624 0.2117
0 9.27051 122.65293 146.76837 0.18219 -0.42662 0.88589 0.9582 0.1466
0 9.27051 136.38132 153.37962 0.18219 -0.42662 0.88589 0.0655 0.1983
podwall_s3
0 0.00000 121.55437 148.14593 0.18219 -0.76875 0.61305 0.9496 0.1574
0 0.00000 111.56512 135.61981 0.18219 -0.76875 0.61305 0.8716 0.0595
0 9.27051 113.15260 134.85533 0.18219 -0.76875 0.61305 0.8840 0.0536
podwall_s3
0 0.00000 121.55437 148.14593 0.18219 -0.76875 0.61305 0.9496 0.1574
0 9.27051 113.15260 134.85533 0.18219 -0.76875 0.61305 0.8840 0.0536
0 9.27051 122.65293 146.76837 0.18219 -0.76875 0.61305 0.9582 0.1466
podwall_s3
0 0.00000 111.56512 135.61981 0.18219 -0.95861 0.21880 0.8716 0.0595
0 0.00000 108.00000 120.00000 0.18219 -0.95861 0.21880 0.8438 0.9375
0 9.27051 109.76197 120.00000 0.18219 -0.95861 0.21880 0.8575 0.9375
podwall_s3
0 0.00000 111.56512 135.61981 0.18219 -0.95861 0.21880 0.8716 0.0595
0 9.27051 109.76197 120.00000 0.18219 -0.95861 0.21880 0.8575 0.9375
0 9.27051 113.15260 134.85533 0.18219 -0.95861 0.21880 0.8840 0.0536
podwall_s4
0 0.00000 108.00000 120.00000 0.18219 -0.95861 -0.21880 0.8438 0.9375
0 0.00000 111.56512 104.38019 0.18219 -0.95861 -0.21880 0.8716 0.8155
0 9.27051 113.15260 105.14467 0.18219 -0.95861 -0.21880 0.8840 0.8214
podwall_s4
0 0.00000 108.00000 120.00000 0.18219 -0.95861 -0.21880 0.8438 0.9375
0 9.27051 113.15260 105.14467 0.18219 -0.95861 -0.21880 0.8840 0.8214
0 9.27051 109.76197 120.00000 0.18219 -0.95861 -0.21880 0.8575 0.9375
podwall_s5
0 0.00000 111.56512 104.38019 0.18219 -0.76875 -0.61305 0.8716 0.8155
0 0.00000 121.55437 91.85407 0.18219 -0.76875 -0.61305 0.9496 0.7176
0 9.27051 122.65293 93.23163 0.18219 -0.76875 -0.61305 0.9582 0.7284
podwall_s5
0 0.00000 111.56512 104.38019 0.18219 -0.76875 -0.61305 0.8716 0.8155
0 9.27051 122.65293 93.23163 0.18219 -0.76875 -0.61305 0.9582 0.7284
0 9.27051 113.15260 105.14467 0.18219 -0.76875 -0.61305 0.8840 0.8214
podwall_s5
0 0.00000 121.55437 91.85407 0.18219 -0.42662 -0.88589 0.9496 0.7176
0 0.00000 135.98925 84.90260 0.18219 -0.42662 -0.88589 0.0624 0.6633
0 9.27051 136.38132 86.62038 0.18219 -0.42662 -0.88589 0.0655 0.6767
podwall_s5
0 0.00000 121.55437 91.85407 0.18219 -0.42662 -0.88589 0.9496 0.7176
0 9.27051 136.38132 86.62038 0.18219 -0.42662 -0.88589 0.0655 0.6767
0 9.27051 122.65293 93.23163 0.18219 -0.42662 -0.88589 0.9582 0.7284
podwall_s5
0 0.00000 135.98925 84.90260 0.18219 0.00000 -0.98326 0.0624 0.6633
0 0.00000 152.01075 84.90260 0.18219 0.00000 -0.98326 0.1876 0.6633
0 9.27051 151.61868 86.62038 0.18219 0.00000 -0.98326 0.1845 0.6767
podwall_s5
0 0.00000 135.98925 84.90260 0.18219 0.00000 -0.98326 0.0624 0.6633
0 9.27051 151.61868 86.62038 0.18219 0.00000 -0.98326 0.1845 0.6767
0 9.27051 136.38132 86.62038 0.18219 0.00000 -0.98326 0.0655 0.6767
podwall_s5
0 0.00000 152.01075 84.90260 0.18219 0.42662 -0.88589 0.1876 0.6633
0 0.00000 166.44563 91.85407 0.18219 0.42662 -0.88589 0.3004 0.7176
0 9.27051 165.34707 93.23163 0.18219 0.42662 -0.88589 0.2918 0.7284
podwall_s5
0 0.00000 152.01075 84.90260 0.18219 0.42662 -0.88589 0.1876 0.6633
0 9.27051 165.34707 93.23163 0.18219 0.42662 -0.88589 0.2918 0.7284
0 9.27051 151.61868 86.62038 0.18219 0.42662 -0.88589 0.1845 0.6767
podwall_s5
0 0.00000 166.44563 91.85407 0.18219 0.76875 -0.61305 0.3004 0.7176
0 0.00000 176.43488 104.38019 0.18219 0.76875 -0.61305 0.3784 0.8155
0 9.27051 174.84740 105.14467 0.18219 0.76875 -0.61305 0.3660 0.8214
podwall_s5
0 0.00000 166.44563 91.85407 0.18219 0.76875 -0.61305 0.3004 0.7176
0 9.27051 174.84740 105.14467 0.18219 0.76875 -0.61305 0.3660 0.8214
0 9.27051 165.34707 93.23163 0.18219 0.76875 -0.61305 0.2918 0.7284
podwall_s4
0 0.00000 176.43488 104.38019 0.18219 0.95861 -0.21880 0.3784 0.8155
0 0.00000 180.00000 120.00000 0.18219 0.95861 -0.21880 0.4062 0.9375
0 9.27051 178.23803 120.00000 0.18219 0.95861 -0.21880 0.3925 0.9375
podwall_s4
0 0.00000 176.43488 104.38019 0.18219 0.95861 -0.21880 0.3784 0.8155
0 9.27051 178.23803 120.00000 0.18219 0.95861 -0.21880 0.3925 0.9375
0 9.27051 174.84740 105.14467 0.18219 0.95861 -0.21880 0.3660 0.8214
podwall_s4
0 9.27051 178.23803 120.00000 0.51203 0.83743 0.19114 0.3925 0.9375
0 9.27051 174.84740 134.85533 0.51203 0.83743 0.19114 0.3660 0.0536
0 17.63356 170.24037 132.63670 0.51203 0.83743 0.19114 0.3300 0.0362
podwall_s4
0 9.27051 178.23803 120.00000 0.51203 0.83743 0.19114 0.3925 0.9375
0 17.63356 170.24037 132.63670 0.51203 0.83743 0.19114 0.3300 0.0362
0 17.63356 173.12461 120.00000 0.51203 0.83743 0.19114 0.3525 0.9375
podwall_s4
0 9.27051 174.84740 134.85533 0.51203 0.67157 0.53556 0.3660 0.0536
0 9.27051 165.34707 146.76837 0.51203 0.67157 0.53556 0.2918 0.1466
0 17.63356 162.15890 142.77054 0.51203 0.67157 0.53556 0.2669 0.1154
podwall_s4
0 9.27051 174.84740 134.85533 0.51203 0.67157 0.53556 0.3660 0.0536
0 17.63356 162.15890 142.77054 0.51203 0.67157 0.53556 0.2669 0.1154
0 17.63356 170.24037 132.63670 0.51203 0.67157 0.53556 0.3300 0.0362
podwall_s3
0 9.27051 165.34707 146.76837 0.51203 0.37269 0.77390 0.2918 0.1466
0 9.27051 151.61868 153.37962 0.51203 0.37269 0.77390 0.1845 0.1983
0 17.63356 150.48084 148.39440 0.51203 0.37269 0.77390 0.1756 0.1593
podwall_s3
0 9.27051 165.34707 146.76837 0.51203 0.37269 0.77390 0.2918 0.1466
0 17.63356 150.48084 148.39440 0.51203 0.37269 0.77390 0.1756 0.1593
0 17.63356 162.15890 142.77054 0.51203 0.37269 0.77390 0.2669 0.1154
podwall_s3
0 9.27051 151.61868 153.37962 0.51203 0.00000 0.85897 0.1845 0.1983
0 9.27051 136.38132 153.37962 0.51203 0.00000 0.85897 0.0655 0.1983
0 17.63356 137.51916 148.39440 0.51203 0.00000 0.85897 0.0744 0.1593
podwall_s3
0 9.27051 151.61868 153.37962 0.51203 0.00000 0.85897 0.1845 0.1983
0 17.63356 137.51916 148.39440 0.51203 0.00000 0.85897 0.0744 0.1593
0 17.63356 150.48084 148.39440 0.51203 0.00000 0.85897 0.1756 0.1593
podwall_s3
0 9.27051 136.38132 153.37962 0.51203 -0.37269 0.77390 0.0655 0.1983
0 9.27051 122.65293 146.76837 0.51203 -0.37269 0.77390 0.9582 0.1466
0 17.63356 125.84110 142.77054 0.51203 -0.37269 0.77390 0.9831 0.1154
podwall_s3
0 9.27051 136.38132 153.37962 0.51203 -0.37269 0.77390 0.0655 0.1983
0 17.63356 125.84110 142.77054 0.51203 -0.37269 0.77390 0.9831 0.1154
0 17.63356 137.51916 148.39440 0.51203 -0.37269 0.77390 0.0744 0.1593
podwall_s4
0 9.27051 122.65293 146.76837 0.51203 -0.67157 0.53556 0.9582 0.1466
0 9.27051 113.15260 134.85533 0.51203 -0.67157 0.53556 0.8840 0.0536
0 17.63356 117.75963 132.63670 0.51203 -0.67157 0.53556 0.9200 0.0362
podwall_s4
0 9.27051 122.65293 146.76837 0.51203 -0.67157 0.53556 0.9582 0.1466
0 17.63356 117.75963 132.63670 0.51203 -0.67157 0.53556 0.9200 0.0362
0 17.63356 125.84110 142.77054 0.51203 -0.67157 0.53556 0.9831 0.1154
podwall_s4
0 9.27051 113.15260 134.85533 0.51203 -0.83743 0.19114 0.8840 0.0536
0 9.27051 109.76197 120.00000 0.51203 -0.83743 0.19114 0.8575 0.9375
0 17.63356 114.87539 120.00000 0.51203 -0.83743 0.19114 0.8975 0.9375
podwall_s4
0 9.27051 113.15260 134.85533 0.51203 -0.83743 0.19114 0.8840 0.0536
0 17.63356 114.87539 120.00000 0.51203 -0.83743 0.19114 0.8975 0.9375
0 17.63356 117.75963 132.63670 0.51203 -0.83743 0.19114 0.9200 0.0362
podwall_s5
0 9.27051 109.76197 120.00000 0.51203 -0.83743 -0.19114 0.8575 0.9375
0 9.27051 113.15260 105.14467 0.51203 -0.83743 -0.19114 0.8840 0.8214
0 17.63356 117.75963 107.36330 0.51203 -0.83743 -0.19114 0.9200 0.8388
podwall_s5
0 9.27051 109.76197 120.00000 0.51203 -0.83743 -0.19114 0.8575 0.9375
0 17.63356 117.75963 107.36330 0.51203 -0.83743 -0.19114 0.9200 0.8388
0 17.63356 114.87539 120.00000 0.51203 -0.83743 -0.19114 0.8975 0.9375
podwall_s6
0 9.27051 113.15260 105.14467 0.51203 -0.67157 -0.53556 0.8840 0.8214
0 9.27051 122.65293 93.23163 0.51203 -0.67157 -0.53556 0.9582 0.7284
0 17.63356 125.84110 97.22946 0.51203 -0.67157 -0.53556 0.9831 0.7596
podwall_s6
0 9.27051 113.15260 105.14467 0.51203 -0.67157 -0.53556 0.8840 0.8214
0 17.63356 125.84110 97.22946 0.51203 -0.67157 -0.53556 0.9831 0.7596
0 17.63356 117.75963 107.36330 0.51203 -0.67157 -0.53556 0.9200 0.8388
podwall_s6
0 9.27051 122.65293 93.23163 0.51203 -0.37269 -0.77390 0.9582 0.7284
0 9.27051 136.38132 86.62038 0.51203 -0.37269 -0.77390 0.0655 0.6767
0 17.63356 137.51916 91.60560 0.51203 -0.37269 -0.77390 0.0744 0.7157
podwall_s6
0 9.27051 122.65293 93.23163 0.51203 -0.37269 -0.77390 0.9582 0.7284
0 17.63356 137.51916 91.60560 0.51203 -0.37269 -0.77390 0.0744 0.7157
0 17.63356 125.84110 97.22946 0.51203 -0.37269 -0.77390 0.9831 0.7596
podwall_s6
0 9.27051 136.38132 86.62038 0.51203 -0.00000 -0.85897 0.0655 0.6767
0 9.27051 151.61868 86.62038 0.51203 -0.00000 -0.85897 0.1845 0.6767
0 17.63356 150.48084 91.60560 0.51203 -0.00000 -0.85897 0.1756 0.7157
podwall_s6
0 9.27051 136.38132 86.62038 0.51203 -0.00000 -0.85897 0.0655 0.6767
0 17.63356 150.48084 91.60560 0.51203 -0.00000 -0.85897 0.1756 0.7157
0 17.63356 137.51916 91.60560 0.51203 -0.00000 -0.85897 0.0744 0.7157
podwall_s6
0 9.27051 151.61868 86.62038 0.51203 0.37269 -0.77390 0.1845 0.6767
0 9.27051 165.34707 93.23163 0.51203 0.37269 -0.77390 0.2918 0.7284
0 17.63356 162.15890 97.22946 0.51203 0.37269 -0.77390 0.2669 0.7596
podwall_s6
0 9.27051 151.61868 86.62038 0.51203 0.37269 -0.77390 0.1845 0.6767
0 17.63356 162.15890 97.22946 0.51203 0.37269 -0.77390 0.2669 0.7596
0 17.63356 150.48084 91.60560 0.51203 0.37269 -0.77390 0.1756 0.7157
podwall_s6
0 9.27051 165.34707 93.23163 0.51203 0.67157 -0.53556 0.2918 0.7284
0 9.27051 174.84740 105.14467 0.51203 0.67157 -0.53556 0.3660 0.8214
0 17.63356 170.24037 107.36330 0.51203 0.67157 -0.53556 0.3300 0.8388
podwall_s6
0 9.27051 165.34707 93.23163 0.51203 0.67157 -0.53556 0.2918 0.7284
0 17.63356 170.24037 107.36330 0.51203 0.67157 -0.53556 0.3300 0.8388
0 17.63356 162.15890 97.22946 0.51203 0.67157 -0.53556 0.2669 0.7596
podwall_s5
0 9.27051 174.84740 105.14467 0.51203 0.83743 -0.19114 0.3660 0.8214
0 9.27051 178.23803 120.00000 0.51203 0.83743 -0.19114 0.3925 0.9375
0 17.63356 173.12461 120.00000 0.51203 0.83743 -0.19114 0.3525 0.9375
podwall_s5
0 9.27051 174.84740 105.14467 0.51203 0.83743 -0.19114 0.3660 0.8214
0 17.63356 173.12461 120.00000 0.51203 0.83743 -0.19114 0.3525 0.9375
0 17.63356 170.24037 107.36330 0.51203 0.83743 -0.19114 0.3300 0.8388
podwall_s5
0 17.63356 173.12461 120.00000 0.76015 0.63346 0.14458 0.3525 0.9375
0 17.63356 170.24037 132.63670 0.76015 0.63346 0.14458 0.3300 0.0362
0 24.27051 163.06474 129.18110 0.76015 0.63346 0.14458 0.2739 0.0092
podwall_s5
0 17.63356 173.12461 120.00000 0.76015 0.63346 0.14458 0.3525 0.9375
0 24.27051 163.06474 129.18110 0.76015 0.63346 0.14458 0.2739 0.0092
0 24.27051 165.16027 120.00000 0.76015 0.63346 0.14458 0.2903 0.9375
podwall_s5
0 17.63356 170.24037 132.63670 0.76015 0.50799 0.40511 0.3300 0.0362
0 17.63356 162.15890 142.77054 0.76015 0.50799 0.40511 0.2669 0.1154
0 24.27051 157.19321 136.54376 0.76015 0.50799 0.40511 0.2281 0.0667
podwall_s5
0 17.63356 170.24037 132.63670 0.76015 0.50799 0.40511 0.3300 0.0362
0 24.27051 157.19321 136.54376 0.76015 0.50799 0.40511 0.2281 0.0667
0 24.27051 163.06474 129.18110 0.76015 0.50799 0.40511 0.2739 0.0092
podwall_s5
0 17.63356 162.15890 142.77054 0.76015 0.28192 0.58540 0.2669 0.1154
0 17.63356 150.48084 148.39440 0.76015 0.28192 0.58540 0.1756 0.1593
0 24.27051 148.70860 140.62974 0.76015 0.28192 0.58540 0.1618 0.0987
podwall_s5
0 17.63356 162.15890 142.77054 0.76015 0.28192 0.58540 0.2669 0.1154
0 24.27051 148.70860 140.62974 0.76015 0.28192 0.58540 0.1618 0.0987
0 24.27051 157.19321 136.54376 0.76015 0.28192 0.58540 0.2281 0.0667
podwall_s5
0 17.63356 150.48084 148.39440 0.76015 0.00000 0.64975 0.1756 0.1593
0 17.63356 137.51916 148.39440 0.76015 0.00000 0.64975 0.0744 0.1593
0 24.27051 139.29140 140.62974 0.76015 0.00000 0.64975 0.0882 0.0987
podwall_s5
0 17.63356 150.48084 148.39440 0.76015 0.00000 0.64975 0.1756 0.1593
0 24.27051 139.29140 140.62974 0.76015 0.00000 0.64975 0.0882 0.0987
0 24.27051 148.70860 140.62974 0.76015 0.00000 0.64975 0.1618 0.0987
podwall_s5
0 17.63356 137.51916 148.39440 0.76015 -0.28192 0.58540 0.0744 0.1593
0 17.63356 125.84110 142.77054 0.76015 -0.28192 0.58540 0.9831 0.1154
0 24.27051 130.80679 136.54376 0.76015 -0.28192 0.58540 0.0219 0.0667
podwall_s5
0 17.63356 137.51916 148.39440 0.76015 -0.28192 0.58540 0.0744 0.1593
0 24.27051 130.80679 136.54376 0.76015 -0.28192 0.58540 0.0219 0.0667
0 24.27051 139.29140 140.62974 0.76015 -0.28192 0.58540 0.0882 0.0987
podwall_s5
0 17.63356 125.84110 142.77054 0.76015 -0.50799 0.40511 0.9831 0.1154
0 17.63356 117.75963 132.63670 0.76015 -0.50799 0.40511 0.9200 0.0362
0 24.27051 124.93526 129.18110 0.76015 -0.50799 0.40511 0.9761 0.0092
podwall_s5
0 17.63356 125.84110 142.77054 0.76015 -0.50799 0.40511 0.9831 0.1154
0 24.27051 124.93526 129.18110 0.76015 -0.50799 0.40511 0.9761 0.0092
0 24.27051 130.80679 136.54376 0.76015 -0.50799 0.40511 0.0219 0.0667
podwall_s5
0 17.63356 117.75963 132.63670 0.76015 -0.63346 0.14458 0.9200 0.0362
0 17.63356 114.87539 120.00000 0.76015 -0.63346 0.14458 0.8975 0.9375
0 24.27051 122.83973 120.00000 0.76015 -0.63346 0.14458 0.9597 0.9375
podwall_s5
0 17.63356 117.75963 132.63670 0.76015 -0.63346 0.14458 0.9200 0.0362
0 24.27051 122.83973 120.00000 0.76015 -0.63346 0.14458 0.9597 0.9375
0 24.27051 124.93526 129.18110 0.76015 -0.63346 0.14458 0.9761 0.0092
podwall_s6
0 17.63356 114.87539 120.00000 0.76015 -0.63346 -0.14458 0.8975 0.9375
0 17.63356 117.75963 107.36330 0.76015 -0.63346 -0.14458 0.9200 0.8388
0 24.27051 124.93526 110.81890 0.76015 -0.63346 -0.14458 0.9761 0.8658
podwall_s6
0 17.63356 114.87539 120.00000 0.76015 -0.63346 -0.14458 0.8975 0.9375
0 24.27051 124.93526 110.81890 0.76015 -0.63346 -0.14458 0.9761 0.8658
0 24.27051 122.83973 120.00000 0.76015 -0.63346 -0.14458 0.9597 0.9375
podwall_s6
0 17.63356 117.75963 107.36330 0.76015 -0.50799 -0.40511 0.9200 0.8388
0 17.63356 125.84110 97.22946 0.76015 -0.50799 -0.40511 0.9831 0.7596
0 24.27051 130.80679 103.45624 0.76015 -0.50799 -0.40511 0.0219 0.8083
podwall_s6
0 17.63356 117.75963 107.36330 0.76015 -0.50799 -0.40511 0.9200 0.8388
0 24.27051 130.80679 103.45624 0.76015 -0.50799 -0.40511 0.0219 0.8083
0 24.27051 124.93526 110.81890 0.76015 -0.50799 -0.40511 0.9761 0.8658
podwall_s7
0 17.63356 125.84110 97.22946 0.76015 -0.28192 -0.58540 0.9831 0.7596
0 17.63356 137.51916 91.60560 0.76015 -0.28192 -0.58540 0.0744 0.7157
0 24.27051 139.29140 99.37026 0.76015 -0.28192 -0.58540 0.0882 0.7763
podwall_s7
0 17.63356 125.84110 97.22946 0.76015 -0.28192 -0.58540 0.9831 0.7596
0 24.27051 139.29140 99.37026 0.76015 -0.28192 -0.58540 0.0882 0.7763
0 24.27051 130.80679 103.45624 0.76015 -0.28192 -0.58540 0.0219 0.8083
podwall_s7
0 17.63356 137.51916 91.60560 0.76015 -0.00000 -0.64975 0.0744 0.7157
0 17.63356 150.48084 91.60560 0.76015 -0.00000 -0.64975 0.1756 0.7157
0 24.27051 148.70860 99.37026 0.76015 -0.00000 -0.64975 0.1618 0.7763
podwall_s7
0 17.63356 137.51916 91.60560 0.76015 -0.00000 -0.64975 0.0744 0.7157
0 24.27051 148.70860 99.37026 0.76015 -0.00000 -0.64975 0.1618 0.7763
0 24.27051 139.29140 99.37026 0.76015 -0.00000 -0.64975 0.0882 0.7763
podwall_s7
0 17.63356 150.48084 91.60560 0.76015 0.28192 -0.58540 0.1756 0.7157
0 17.63356 162.15890 97.22946 0.76015 0.28192 -0.58540 0.2669 0.7596
0 24.27051 157.19321 103.45624 0.76015 0.28192 -0.58540 0.2281 0.8083
podwall_s7
0 17.63356 150.48084 91.60560 0.76015 0.28192 -0.58540 0.1756 0.7157
0 24.27051 157.19321 103.45624 0.76015 0.28192 -0.58540 0.2281 0.8083
0 24.27051 148.70860 99.37026 0.76015 0.28192 -0.58540 0.1618 0.7763
podwall_s6
0 17.63356 162.15890 97.22946 0.76015 0.50799 -0.40511 0.2669 0.7596
0 17.63356 170.24037 107.36330 0.76015 0.50799 -0.40511 0.3300 0.8388
0 24.27051 163.06474 110.81890 0.76015 0.50799 -0.40511 0.2739 0.8658
podwall_s6
0 17.63356 162.15890 97.22946 0.76015 0.50799 -0.40511 0.2669 0.7596
0 24.27051 163.06474 110.81890 0.76015 0.50799 -0.40511 0.2739 0.8658
0 24.27051 157.19321 103.45624 0.76015 0.50799 -0.40511 0.2281 0.8083
podwall_s6
0 17.63356 170.24037 107.36330 0.76015 0.63346 -0.14458 0.3300 0.8388
0 17.63356 173.12461 120.00000 0.76015 0.63346 -0.14458 0.3525 0.9375
0 24.27051 165.16027 120.00000 0.76015 0.63346 -0.14458 0.2903 0.9375
podwall_s6
0 17.63356 170.24037 107.36330 0.76015 0.63346 -0.14458 0.3300 0.8388
0 24.27051 165.16027 120.00000 0.76015 0.63346 -0.14458 0.2903 0.9375
0 24.27051 163.06474 110.81890 0.76015 0.63346 -0.14458 0.2739 0.8658
podwall_s6
0 24.27051 165.16027 120.00000 0.91682 0.38929 0.08885 0.2903 0.9375
0 24.27051 163.06474 129.18110 0.91682 0.38929 0.08885 0.2739 0.0092
0 28.53170 154.02293 124.82679 0.91682 0.38929 0.08885 0.2033 0.9752
podwall_s6
0 24.27051 165.16027 120.00000 0.91682 0.38929 0.08885 0.2903 0.9375
0 28.53170 154.02293 124.82679 0.91682 0.38929 0.08885 0.2033 0.9752
0 28.53170 155.12461 120.00000 0.91682 0.38929 0.08885 0.2119 0.9375
podwall_s6
0 24.27051 163.06474 129.18110 0.91682 0.31218 0.24896 0.2739 0.0092
0 24.27051 157.19321 136.54376 0.91682 0.31218 0.24896 0.2281 0.0667
0 28.53170 150.93608 128.69757 0.91682 0.31218 0.24896 0.1792 0.0054
podwall_s6
0 24.27051 163.06474 129.18110 0.91682 0.31218 0.24896 0.2739 0.0092
0 28.53170 150.93608 128.69757 0.91682 0.31218 0.24896 0.1792 0.0054
0 28.53170 154.02293 124.82679 0.91682 0.31218 0.24896 0.2033 0.9752
podwall_s6
0 24.27051 157.19321 136.54376 0.91682 0.17325 0.35975 0.2281 0.0667
0 24.27051 148.70860 140.62974 0.91682 0.17325 0.35975 0.1618 0.0987
0 28.53170 146.47546 130.84569 0.91682 0.17325 0.35975 0.1443 0.0222
podwall_s6
0 24.27051 157.19321 136.54376 0.91682 0.17325 0.35975 0.2281 0.0667
0 28.53170 146.47546 130.84569 0.91682 0.17325 0.35975 0.1443 0.0222
0 28.53170 150.93608 128.69757 0.91682 0.17325 0.35975 0.1792 0.0054
podwall_s6
0 24.27051 148.70860 140.62974 0.91682 0.00000 0.39930 0.1618 0.0987
0 24.27051 139.29140 140.62974 0.91682 0.00000 0.39930 0.0882 0.0987
0 28.53170 141.52454 130.84569 0.91682 0.00000 0.39930 0.1057 0.0222
podwall_s6
0 24.27051 148.70860 140.62974 0.91682 0.00000 0.39930 0.1618 0.0987
0 28.53170 141.52454 130.84569 0.91682 0.00000 0.39930 0.1057 0.0222
0 28.53170 146.47546 130.84569 0.91682 0.00000 0.39930 0.1443 0.0222
podwall_s6
0 24.27051 139.29140 140.62974 0.91682 -0.17325 0.35975 0.0882 0.0987
0 24.27051 130.80679 136.54376 0.91682 -0.17325 0.35975 0.0219 0.0667
0 28.53170 137.06392 128.69757 0.91682 -0.17325 0.35975 0.0708 0.0054
podwall_s6
0 24.27051 139.29140 140.62974 0.91682 -0.17325 0.35975 0.0882 0.0987
0 28.53170 137.06392 128.69757 0.91682 -0.17325 0.35975 0.0708 0.0054
0 28.53170 141.52454 130.84569 0.91682 -0.17325 0.35975 0.1057 0.0222
podwall_s6
0 24.27051 130.80679 136.54376 0.91682 -0.31218 0.24896 0.0219 0.0667
0 24.27051 124.93526 129.18110 0.91682 -0.31218 0.24896 0.9761 0.0092
0 28.53170 133.97707 124.82679 0.91682 -0.31218 0.24896 0.0467 0.9752
podwall_s6
0 24.27051 130.80679 136.54376 0.91682 -0.31218 0.24896 0.0219 0.0667
0 28.53170 133.97707 124.82679 0.91682 -0.31218 0.24896 0.0467 0.9752
0 28.53170 137.06392 128.69757 0.91682 -0.31218 0.24896 0.0708 0.0054
podwall_s6
0 24.27051 124.93526 129.18110 0.91682 -0.38929 0.08885 0.9761 0.0092
0 24.27051 122.83973 120.00000 0.91682 -0.38929 0.08885 0.9597 0.9375
0 28.53170 132.87539 120.00000 0.91682 -0.38929 0.08885 0.0381 0.9375
podwall_s6
0 24.27051 124.93526 129.18110 0.91682 -0.38929 0.08885 0.9761 0.0092
0 28.53170 132.87539 120.00000 0.91682 -0.38929 0.08885 0.0381 0.9375
0 28.53170 133.97707 124.82679 0.91682 -0.38929 0.08885 0.0467 0.9752
podwall_s6
0 24.27051 122.83973 120.00000 0.91682 -0.38929 -0.08885 0.9597 0.9375
0 24.27051 124.93526 110.81890 0.91682 -0.38929 -0.08885 0.9761 0.8658
0 28.53170 133.97707 115.17321 0.91682 -0.38929 -0.08885 0.0467 0.8998
podwall_s6
0 24.27051 122.83973 120.00000 0.91682 -0.38929 -0.08885 0.9597 0.9375
0 28.53170 133.97707 115.17321 0.91682 -0.38929 -0.08885 0.0467 0.8998
0 28.53170 132.87539 120.00000 0.91682 -0.38929 -0.08885 0.0381 0.9375
podwall_s7
0 24.27051 124.93526 110.81890 0.91682 -0.31218 -0.24896 0.9761 0.8658
0 24.27051 130.80679 103.45624 0.91682 -0.31218 -0.24896 0.0219 0.8083
0 28.53170 137.06392 111.30243 0.91682 -0.31218 -0.24896 0.0708 0.8696
podwall_s7
0 24.27051 124.93526 110.81890 0.91682 -0.31218 -0.24896 0.9761 0.8658
0 28.53170 137.06392 111.30243 0.91682 -0.31218 -0.24896 0.0708 0.8696
0 28.53170 133.97707 115.17321 0.91682 -0.31218 -0.24896 0.0467 0.8998
podwall_s7
0 24.27051 130.80679 103.45624 0.91682 -0.17325 -0.35975 0.0219 0.8083
0 24.27051 139.29140 99.37026 0.91682 -0.17325 -0.35975 0.0882 0.7763
0 28.53170 141.52454 109.15431 0.91682 -0.17325 -0.35975 0.1057 0.8528
podwall_s7
0 24.27051 130.80679 103.45624 0.91682 -0.17325 -0.35975 0.0219 0.8083
0 28.53170 141.52454 109.15431 0.91682 -0.17325 -0.35975 0.1057 0.8528
0 28.53170 137.06392 111.30243 0.91682 -0.17325 -0.35975 0.0708 0.8696
podwall_s7
0 24.27051 139.29140 99.37026 0.91682 -0.00000 -0.39930 0.0882 0.7763
0 24.27051 148.70860 99.37026 0.91682 -0.00000 -0.39930 0.1618 0.7763
0 28.53170 146.47546 109.15431 0.91682 -0.00000 -0.39930 0.1443 0.8528
podwall_s7
0 24.27051 139.29140 99.37026 0.91682 -0.00000 -0.39930 0.0882 0.7763
0 28.53170 146.47546 109.15431 0.91682 -0.00000 -0.39930 0.1443 0.8528
0 28.53170 141.52454 109.15431 0.91682 -0.00000 -0.39930 0.1057 0.8528
podwall_s7
0 24.27051 148.70860 99.37026 0.91682 0.17325 -0.35975 0.1618 0.7763
0 24.27051 157.19321 103.45624 0.91682 0.17325 -0.35975 0.2281 0.8083
0 28.53170 150.93608 111.30243 0.91682 0.17325 -0.35975 0.1792 0.8696
podwall_s7
0 24.27051 148.70860 99.37026 0.91682 0.17325 -0.35975 0.1618 0.7763
0 28.53170 150.93608 111.30243 0.91682 0.17325 -0.35975 0.1792 0.8696
0 28.53170 146.47546 109.15431 0.91682 0.17325 -0.35975 0.1443 0.8528
podwall_s7
0 24.27051 157.19321 103.45624 0.91682 0.31218 -0.24896 0.2281 0.8083
0 24.27051 163.06474 110.81890 0.91682 0.31218 -0.24896 0.2739 0.8658
0 28.53170 154.02293 115.17321 0.91682 0.31218 -0.24896 0.2033 0.8998
podwall_s7
0 24.27051 157.19321 103.45624 0.91682 0.31218 -0.24896 0.2281 0.8083
0 28.53170 154.02293 115.17321 0.91682 0.31218 -0.24896 0.2033 0.8998
0 28.53170 150.93608 111.30243 0.91682 0.31218 -0.24896 0.1792 0.8696
podwall_s6
0 24.27051 163.06474 110.81890 0.91682 0.38929 -0.08885 0.2739 0.8658
0 24.27051 165.16027 120.00000 0.91682 0.38929 -0.08885 0.2903 0.9375
0 28.53170 155.12461 120.00000 0.91682 0.38929 -0.08885 0.2119 0.9375
podwall_s6
0 24.27051 163.06474 110.81890 0.91682 0.38929 -0.08885 0.2739 0.8658
0 28.53170 155.12461 120.00000 0.91682 0.38929 -0.08885 0.2119 0.9375
0 28.53170 154.02293 115.17321 0.91682 0.38929 -0.08885 0.2033 0.8998
podwall_s6
0 28.53170 155.12461 120.00000 0.99096 0.13079 0.02985 0.2119 0.9375
0 28.53170 154.02293 124.82679 0.99096 0.13079 0.02985 0.2033 0.9752
0 30.00000 144.00000 120.00000 0.99096 0.13079 0.02985 0.1250 0.9375
podwall_s6
0 28.53170 154.02293 124.82679 0.99096 0.10489 0.08365 0.2033 0.9752
0 28.53170 150.93608 128.69757 0.99096 0.10489 0.08365 0.1792 0.0054
0 30.00000 144.00000 120.00000 0.99096 0.10489 0.08365 0.1250 0.9375
podwall_s6
0 28.53170 150.93608 128.69757 0.99096 0.05821 0.12087 0.1792 0.0054
0 28.53170 146.47546 130.84569 0.99096 0.05821 0.12087 0.1443 0.0222
0 30.00000 144.00000 120.00000 0.99096 0.05821 0.12087 0.1250 0.9375
podwall_s6
0 28.53170 146.47546 130.84569 0.99096 0.00000 0.13416 0.1443 0.0222
0 28.53170 141.52454 130.84569 0.99096 0.00000 0.13416 0.1057 0.0222
0 30.00000 144.00000 120.00000 0.99096 0.00000 0.13416 0.1250 0.9375
podwall_s6
0 28.53170 141.52454 130.84569 0.99096 -0.05821 0.12087 0.1057 0.0222
0 28.53170 137.06392 128.69757 0.99096 -0.05821 0.12087 0.0708 0.0054
0 30.00000 144.00000 120.00000 0.99096 -0.05821 0.12087 0.1250 0.9375
podwall_s6
0 28.53170 137.06392 128.69757 0.99096 -0.10489 0.08365 0.0708 0.0054
0 28.53170 133.97707 124.82679 0.99096 -0.10489 0.08365 0.0467 0.9752
0 30.00000 144.00000 120.00000 0.99096 -0.10489 0.08365 0.1250 0.9375
podwall_s6
0 28.53170 133.97707 124.82679 0.99096 -0.13079 0.02985 0.0467 0.9752
0 28.53170 132.87539 120.00000 0.99096 -0.13079 0.02985 0.0381 0.9375
0 30.00000 144.00000 120.00000 0.99096 -0.13079 0.02985 0.1250 0.9375
podwall_s7
0 28.53170 132.87539 120.00000 0.99096 -0.13079 -0.02985 0.0381 0.9375
0 28.53170 133.97707 115.17321 0.99096 -0.13079 -0.02985 0.0467 0.8998
0 30.00000 144.00000 120.00000 0.99096 -0.13079 -0.02985 0.1250 0.9375
podwall_s7
0 28.53170 133.97707 115.17321 0.99096 -0.10489 -0.08365 0.0467 0.8998
0 28.53170 137.06392 111.30243 0.99096 -0.10489 -0.08365 0.0708 0.8696
0 30.00000 144.00000 120.00000 0.99096 -0.10489 -0.08365 0.1250 0.9375
podwall_s7
0 28.53170 137.06392 111.30243 0.99096 -0.05821 -0.12087 0.0708 0.8696
0 28.53170 141.52454 109.15431 0.99096 -0.05821 -0.12087 0.1057 0.8528
0 30.00000 144.00000 120.00000 0.99096 -0.05821 -0.12087 0.1250 0.9375
podwall_s7
0 28.53170 141.52454 109.15431 0.99096 -0.00000 -0.13416 0.1057 0.8528
0 28.53170 146.47546 109.15431 0.99096 -0.00000 -0.13416 0.1443 0.8528
0 30.00000 144.00000 120.00000 0.99096 -0.00000 -0.13416 0.1250 0.9375
podwall_s7
0 28.53170 146.47546 109.15431 0.99096 0.05821 -0.12087 0.1443 0.8528
0 28.53170 150.93608 111.30243 0.99096 0.05821 -0.12087 0.1792 0.8696
0 30.00000 144.00000 120.00000 0.99096 0.05821 -0.12087 0.1250 0.9375
podwall_s7
0 28.53170 150.93608 111.30243 0.99096 0.10489 -0.08365 0.1792 0.8696
0 28.53170 154.02293 115.17321 0.99096 0.10489 -0.08365 0.2033 0.8998
0 30.00000 144.00000 120.00000 0.99096 0.10489 -0.08365 0.1250 0.9375
podwall_s7
0 28.53170 154.02293 115.17321 0.99096 0.13079 -0.02985 0.2033 0.8998
0 28.53170 155.12461 120.00000 0.99096 0.13079 -0.02985 0.2119 0.9375
0 30.00000 144.00000 120.00000 0.99096 0.13079 -0.02985 0.1250 0.9375
podwall_s3
0 0.00000 276.00000 -120.00000 0.18219 0.95861 0.21880 0.1562 0.0625
0 0.00000 272.43488 -104.38019 0.18219 0.95861 0.21880 0.1284 0.1845
0 9.27051 270.84740 -105.14467 0.18219 0.95861 0.21880 0.1160 0.1786
podwall_s3
0 0.00000 276.00000 -120.00000 0.18219 0.95861 0.21880 0.1562 0.0625
0 9.27051 270.84740 -105.14467 0.18219 0.95861 0.21880 0.1160 0.1786
0 9.27051 274.23803 -120.00000 0.18219 0.95861 0.21880 0.1425 0.0625
podwall_s3
0 0.00000 272.43488 -104.38019 0.18219 0.76875 0.61305 0.1284 0.1845
0 0.00000 262.44563 -91.85407 0.18219 0.76875 0.61305 0.0504 0.2824
0 9.27051 261.34707 -93.23163 0.18219 0.76875 0.61305 0.0418 0.2716
podwall_s3
0 0.00000 272.43488 -104.38019 0.18219 0.76875 0.61305 0.1284 0.1845
0 9.27051 261.34707 -93.23163 0.18219 0.76875 0.61305 0.0418 0.2716
0 9.27051 270.84740 -105.14467 0.18219 0.76875 0.61305 0.1160 0.1786
podwall_s2
0 0.00000 262.44563 -91.85407 0.18219 0.42662 0.88589 0.0504 0.2824
0 0.00000 248.01075 -84.90260 0.18219 0.42662 0.88589 0.9376 0.3367
0 9.27051 247.61868 -86.62038 0.18219 0.42662 0.88589 0.9345 0.3233
podwall_s2
0 0.00000 262.44563 -91.85407 0.18219 0.42662 0.88589 0.0504 0.2824
0 9.27051 247.61868 -86.62038 0.18219 0.42662 0.88589 0.9345 0.3233
0 9.27051 261.34707 -93.23163 0.18219 0.42662 0.88589 0.0418 0.2716
podwall_s2
0 0.00000 248.01075 -84.90260 0.18219 0.00000 0.98326 0.9376 0.3367
0 0.00000 231.98925 -84.90260 0.18219 0.00000 0.98326 0.8124 0.3367
0 9.27051 232.38132 -86.62038 0.18219 0.00000 0.98326 0.8155 0.3233
podwall_s2
0 0.00000 248.01075 -84.90260 0.18219 0.00000 0.98326 0.9376 0.3367
0 9.27051 232.38132 -86.62038 0.18219 0.00000 0.98326 0.8155 0.3233
0 9.27051 247.61868 -86.62038 0.18219 0.00000 0.98326 0.9345 0.3233
podwall_s2
0 0.00000 231.98925 -84.90260 0.18219 -0.42662 0.88589 0.8124 0.3367
0 0.00000 217.55437 -91.85407 0.18219 -0.42662 0.88589 0.6996 0.2824
0 9.27051 218.65293 -93.23163 0.18219 -0.42662 0.88589 0.7082 0.2716
podwall_s2
0 0.00000 231.98925 -84.90260 0.18219 -0.42662 0.88589 0.8124 0.3367
0 9.27051 218.65293 -93.23163 0.18219 -0.42662 0.88589 0.7082 0.2716
0 9.27051 232.38132 -86.62038 0.18219 -0.42662 0.88589 0.8155 0.3233
podwall_s3
0 0.00000 217.55437 -91.85407 0.18219 -0.76875 0.61305 0.6996 0.2824
0 0.00000 207.56512 -104.38019 0.18219 -0.76875 0.61305 0.6216 0.1845
0 9.27051 209.15260 -105.14467 0.18219 -0.76875 0.61305 0.6340 0.1786
podwall_s3
0 0.00000 217.55437 -91.85407 0.18219 -0.76875 0.61305 0.6996 0.2824
0 9.27051 209.15260 -105.14467 0.18219 -0.76875 0.61305 0.6340 0.1786
0 9.27051 218.65293 -93.23163 0.18219 -0.76875 0.61305 0.7082 0.2716
podwall_s3
0 0.00000 207.56512 -104.38019 0.18219 -0.95861 0.21880 0.6216 0.1845
0 0.00000 204.00000 -120.00000 0.18219 -0.95861 0.21880 0.5938 0.0625
0 9.27051 205.76197 -120.00000 0.18219 -0.95861 0.21880 0.6075 0.0625
podwall_s3
0 0.00000 207.56512 -104.38019 0.18219 -0.95861 0.21880 0.6216 0.1845
0 9.27051 205.76197 -120.00000 0.18219 -0.95861 0.21880 0.6075 0.0625
0 9.27051 209.15260 -105.14467 0.18219 -0.95861 0.21880 0.6340 0.1786
podwall_s4
0 0.00000 204.00000 -120.00000 0.18219 -0.95861 -0.21880 0.5938 0.0625
0 0.00000 207.56512 -135.61981 0.18219 -0.95861 -0.21880 0.6216 0.9405
0 9.27051 209.15260 -134.85533 0.18219 -0.95861 -0.21880 0.6340 0.9464
podwall_s4
0 0.00000 204.00000 -120.00000 0.18219 -0.95861 -0.21880 0.5938 0.0625
0 9.27051 209.15260 -134.85533 0.18219 -0.95861 -0.21880 0.6340 0.9464
0 9.27051 205.76197 -120.00000 0.18219 -0.95861 -0.21880 0.6075 0.0625
podwall_s5
0 0.00000 207.56512 -135.61981 0.18219 -0.76875 -0.61305 0.6216 0.9405
0 0.00000 217.55437 -148.14593 0.18219 -0.76875 -0.61305 0.6996 0.8426
0 9.27051 218.65293 -146.76837 0.18219 -0.76875 -0.61305 0.7082 0.8534
podwall_s5
0 0.00000 207.56512 -135.61981 0.18219 -0.76875 -0.61305 0.6216 0.9405
0 9.27051 218.65293 -146.76837 0.18219 -0.76875 -0.61305 0.7082 0.8534
0 9.27051 209.15260 -134.85533 0.18219 -0.76875 -0.61305 0.6340 0.9464
podwall_s5
0 0.00000 217.55437 -148.14593 0.18219 -0.42662 -0.88589 0.6996 0.8426
0 0.00000 231.98925 -155.09740 0.18219 -0.42662 -0.88589 0.8124 0.7883
0 9.27051 232.38132 -153.37962 0.18219 -0.42662 -0.88589 0.8155 0.8017
podwall_s5
0 0.00000 217.55437 -148.14593 0.18219 -0.42662 -0.88589 0.6996 0.8426
0 9.27051 232.38132 -153.37962 0.18219 -0.42662 -0.88589 0.8155 0.8017
0 9.27051 218.65293 -146.76837 0.18219 -0.42662 -0.88589 0.7082 0.8534
podwall_s5
0 0.00000 231.98925 -155.09740 0.18219 0.00000 -0.98326 0.8124 0.7883
0 0.00000 248.01075 -155.09740 0.18219 0.00000 -0.98326 0.9376 0.7883
0 9.27051 247.61868 -153.37962 0.18219 0.00000 -0.98326 0.9345 0.8017
podwall_s5
0 0.00000 231.98925 -155.09740 0.18219 0.00000 -0.98326 0.8124 0.7883
0 9.27051 247.61868 -153.37962 0.18219 0.00000 -0.98326 0.9345 0.8017
0 9.27051 232.38132 -153.37962 0.18219 0.00000 -0.98326 0.8155 0.8017
podwall_s5
0 0.00000 248.01075 -155.09740 0.18219 0.42662 -0.88589 0.9376 0.7883
0 0.00000 262.44563 -148.14593 0.18219 0.42662 -0.88589 0.0504 0.8426
0 9.27051 261.34707 -146.76837 0.18219 0.42662 -0.88589 0.0418 0.8534
podwall_s5
0 0.00000 248.01075 -155.09740 0.18219 0.42662 -0.88589 0.9376 0.7883
0 9.27051 261.34707 -146.76837 0.18219 0.42662 -0.88589 0.0418 0.8534
0 9.27051 247.61868 -153.37962 0.18219 0.42662 -0.88589 0.9345 0.8017
podwall_s5
0 0.00000 262.44563 -148.14593 0.18219 0.76875 -0.61305 0.0504 0.8426
0 0.00000 272.43488 -135.61981 0.18219 0.76875 -0.61305 0.1284 0.9405
0 9.27051 270.84740 -134.85533 0.18219 0.76875 -0.61305 0.1160 0.9464
podwall_s5
0 0.00000 262.44563 -148.14593 0.18219 0.76875 -0.61305 0.0504 0.8426
0 9.27051 270.84740 -134.85533 0.18219 0.76875 -0.61305 0.1160 0.9464
0 9.27051 261.34707 -146.76837 0.18219 0.76875 -0.61305 0.0418 0.8534
podwall_s4
0 0.00000 272.43488 -135.61981 0.18219 0.95861 -0.21880 0.1284 0.9405
0 0.00000 276.00000 -120.00000 0.18219 0.95861 -0.21880 0.1562 0.0625
0 9.27051 274.23803 -120.00000 0.18219 0.95861 -0.21880 0.1425 0.0625
podwall_s4
0 0.00000 272.43488 -135.61981 0.18219 0.95861 -0.21880 0.1284 0.9405
0 9.27051 274.23803 -120.00000 0.18219 0.95861 -0.21880 0.1425 0.0625
0 9.27051 270.84740 -134.85533 0.18219 0.95861 -0.21880 0.1160 0.9464
podwall_s4
0 9.27051 274.23803 -120.00000 0.51203 0.83743 0.19114 0.1425 0.0625
0 9.27051 270.84740 -105.14467 0.51203 0.83743 0.19114 0.1160 0.1786
0 17.63356 266.24037 -107.36330 0.51203 0.83743 0.19114 0.0800 0.1612
podwall_s4
0 9.27051 274.23803 -120.00000 0.51203 0.83743 0.19114 0.1425 0.0625
0 17.63356 266.24037 -107.36330 0.51203 0.83743 0.19114 0.0800 0.1612
0 17.63356 269.12461 -120.00000 0.51203 0.83743 0.19114 0.1025 0.0625
podwall_s4
0 9.27051 270.84740 -105.14467 0.51203 0.67157 0.53556 0.1160 0.1786
0 9.27051 261.34707 -93.23163 0.51203 0.67157 0.53556 0.0418 0.2716
0 17.63356 258.15890 -97.22946 0.51203 0.67157 0.53556 0.0169 0.2404
podwall_s4
0 9.27051 270.84740 -105.14467 0.51203 0.67157 0.53556 0.1160 0.1786
0 17.63356 258.15890 -97.22946 0.51203 0.67157 0.53556 0.0169 0.2404
0 17.63356 266.24037 -107.36330 0.51203 0.67157 0.53556 0.0800 0.1612
podwall_s3
0 9.27051 261.34707 -93.23163 0.51203 0.37269 0.77390 0.0418 0.2716
0 9.27051 247.61868 -86.62038 0.51203 0.37269 0.77390 0.9345 0.3233
0 17.63356 246.48084 -91.60560 0.51203 0.37269 0.77390 0.9256 0.2843
podwall_s3
0 9.27051 261.34707 -93.23163 0.51203 0.37269 0.77390 0.0418 0.2716
0 17.63356 246.48084 -91.60560 0.51203 0.37269 0.77390 0.9256 0.2843
0 17.63356 258.15890 -97.22946 0.51203 0.37269 0.77390 0.0169 0.2404
podwall_s3
0 9.27051 247.61868 -86.62038 0.51203 0.00000 0.85897 0.9345 0.3233
0 9.27051 232.38132 -86.62038 0.51203 0.00000 0.85897 0.8155 0.3233
0 17.63356 233.51916 -91.60560 0.51203 0.00000 0.85897 0.8244 0.2843
podwall_s3
0 9.27051 247.61868 -86.62038 0.51203 0.00000 0.85897 0.9345 0.3233
0 17.63356 233.51916 -91.60560 0.51203 0.00000 0.85897 0.8244 0.2843
0 17.63356 246.48084 -91.60560 0.51203 0.00000 0.85897 0.9256 0.2843
podwall_s3
0 9.27051 232.38132 -86.62038 0.51203 -0.37269 0.77390 0.8155 0.3233
0 9.27051 218.65293 -93.23163 0.51203 -0.37269 0.77390 0.7082 0.2716
0 17.63356 221.84110 -97.22946 0.51203 -0.37269 0.77390 0.7331 0.2404
podwall_s3
0 9.27051 232.38132 -86.62038 0.51203 -0.37269 0.77390 0.8155 0.3233
0 17.63356 221.84110 -97.22946 0.51203 -0.37269 0.77390 0.7331 0.2404
0 17.63356 233.51916 -91.60560 0.51203 -0.37269 0.77390 0.8244 0.2843
podwall_s4
0 9.27051 218.65293 -93.23163 0.51203 -0.67157 0.53556 0.7082 0.2716
0 9.27051 209.15260 -105.14467 0.51203 -0.67157 0.53556 0.6340 0.1786
0 17.63356 213.75963 -107.36330 0.51203 -0.67157 0.53556 0.6700 0.1612
podwall_s4
0 9.27051 218.65293 -93.23163 0.51203 -0.67157 0.53556 0.7082 0.2716
0 17.63356 213.75963 -107.36330 0.51203 -0.67157 0.53556 0.6700 0.1612
0 17.63356 221.84110 -97.22946 0.51203 -0.67157 0.53556 0.7331 0.2404
podwall_s4
0 9.27051 209.15260 -105.14467 0.51203 -0.83743 0.19114 0.6340 0.1786
0 9.27051 205.76197 -120.00000 0.51203 -0.83743 0.19114 0.6075 0.0625
0 17.63356 210.87539 -120.00000 0.51203 -0.83743 0.19114 0.6475 0.0625
podwall_s4
0 9.27051 209.15260 -105.14467 0.51203 -0.83743 0.19114 0.6340 0.1786
0 17.63356 210.87539 -120.00000 0.51203 -0.83743 0.19114 0.6475 0.0625
0 17.63356 213.75963 -107.36330 0.51203 -0.83743 0.19114 0.6700 0.1612
podwall_s5
0 9.27051 205.76197 -120.00000 0.51203 -0.83743 -0.19114 0.6075 0.0625
0 9.27051 209.15260 -134.85533 0.51203 -0.83743 -0.19114 0.6340 0.9464
0 17.63356 213.75963 -132.63670 0.51203 -0.83743 -0.19114 0.6700 0.9638
podwall_s5
0 9.27051 205.76197 -120.00000 0.51203 -0.83743 -0.19114 0.6075 0.0625
0 17.63356 213.75963 -132.63670 0.51203 -0.83743 -0.19114 0.6700 0.9638
0 17.63356 210.87539 -120.00000 0.51203 -0.83743 -0.19114 0.6475 0.0625
podwall_s6
0 9.27051 209.15260 -134.85533 0.51203 -0.67157 -0.53556 0.6340 0.9464
0 9.27051 218.65293 -146.76837 0.51203 -0.67157 -0.53556 0.7082 0.8534
0 17.63356 221.84110 -142.77054 0.51203 -0.67157 -0.53556 0.7331 0.8846
podwall_s6
0 9.27051 209.15260 -134.85533 0.51203 -0.67157 -0.53556 0.6340 0.9464
0 17.63356 221.84110 -142.77054 0.51203 -0.67157 -0.53556 0.7331 0.8846
0 17.63356 213.75963 -132.63670 0.51203 -0.67157 -0.53556 0.6700 0.9638
podwall_s6
0 9.27051 218.65293 -146.76837 0.51203 -0.37269 -0.77390 0.7082 0.8534
0 9.27051 232.38132 -153.37962 0.51203 -0.37269 -0.77390 0.8155 0.8017
0 17.63356 233.51916 -148.39440 0.51203 -0.37269 -0.77390 0.8244 0.8407
podwall_s6
0 9.27051 218.65293 -146.76837 0.51203 -0.37269 -0.77390 0.7082 0.8534
0 17.63356 233.51916 -148.39440 0.51203 -0.37269 -0.77390 0.8244 0.8407
0 17.63356 221.84110 -142.77054 0.51203 -0.37269 -0.77390 0.7331 0.8846
podwall_s6
0 9.27051 232.38132 -153.37962 0.51203 0.00000 -0.85897 0.8155 0.8017
0 9.27051 247.61868 -153.37962 0.51203 0.00000 -0.85897 0.9345 0.8017
0 17.63356 246.48084 -148.39440 0.51203 0.00000 -0.85897 0.9256 0.8407
podwall_s6
0 9.27051 232.38132 -153.37962 0.51203 0.00000 -0.85897 0.8155 0.8017
0 17.63356 246.48084 -148.39440 0.51203 0.00000 -0.85897 0.9256 0.8407
0 17.63356 233.51916 -148.39440 0.51203 0.00000 -0.85897 0.8244 0.8407
podwall_s6
0 9.27051 247.61868 -153.37962 0.51203 0.37269 -0.77390 0.9345 0.8017
0 9.27051 261.34707 -146.76837 0.51203 0.37269 -0.77390 0.0418 0.8534
0 17.63356 258.15890 -142.77054 0.51203 0.37269 -0.77390 0.0169 0.8846
podwall_s6
0 9.27051 247.61868 -153.37962 0.51203 0.37269 -0.77390 0.9345 0.8017
0 17.63356 258.15890 -142.77054 0.51203 0.37269 -0.77390 0.0169 0.8846
0 17.63356 246.48084 -148.39440 0.51203 0.37269 -0.77390 0.9256 0.8407
podwall_s6
0 9.27051 261.34707 -146.76837 0.51203 0.67157 -0.53556 0.0418 0.8534
0 9.27051 270.84740 -134.85533 0.51203 0.67157 -0.53556 0.1160 0.9464
0 17.63356 266.24037 -132.63670 0.51203 0.67157 -0.53556 0.0800 0.9638
podwall_s6
0 9.27051 261.34707 -146.76837 0.51203 0.67157 -0.53556 0.0418 0.8534
0 17.63356 266.24037 -132.63670 0.51203 0.67157 -0.53556 0.0800 0.9638
0 17.63356 258.15890 -142.77054 0.51203 0.67157 -0.53556 0.0169 0.8846
podwall_s5
0 9.27051 270.84740 -134.85533 0.51203 0.83743 -0.19114 0.1160 0.9464
0 9.27051 274.23803 -120.00000 0.51203 0.83743 -0.19114 0.1425 0.0625
0 17.63356 269.12461 -120.00000 0.51203 0.83743 -0.19114 0.1025 0.0625
podwall_s5
0 9.27051 270.84740 -134.85533 0.51203 0.83743 -0.19114 0.1160 0.9464
0 17.63356 269.12461 -120.00000 0.51203 0.83743 -0.19114 0.1025 0.0625
0 17.63356 266.24037 -132.63670 0.51203 0.83743 -0.19114 0.0800 0.9638
podwall_s5
0 17.63356 269.12461 -120.00000 0.76015 0.63346 0.14458 0.1025 0.0625
0 17.63356 266.24037 -107.36330 0.76015 0.63346 0.14458 0.0800 0.1612
0 24.27051 259.06474 -110.81890 0.76015 0.63346 0.14458 0.0239 0.1342
podwall_s5
0 17.63356 269.12461 -120.00000 0.76015 0.63346 0.14458 0.1025 0.0625
0 24.27051 259.06474 -110.81890 0.76015 0.63346 0.14458 0.0239 0.1342
0 24.27051 261.16027 -120.00000 0.76015 0.63346 0.14458 0.0403 0.0625
podwall_s5
0 17.63356 266.24037 -107.36330 0.76015 0.50799 0.40511 0.0800 0.1612
0 17.63356 258.15890 -97.22946 0.76015 0.50799 0.40511 0.0169 0.2404
0 24.27051 253.19321 -103.45624 0.76015 0.50799 0.40511 0.9781 0.1917
podwall_s5
0 17.63356 266.24037 -107.36330 0.76015 0.50799 0.40511 0.0800 0.1612
0 24.27051 253.19321 -103.45624 0.76015 0.50799 0.40511 0.9781 0.1917
0 24.27051 259.06474 -110.81890 0.76015 0.50799 0.40511 0.0239 0.1342
podwall_s5
0 17.63356 258.15890 -97.22946 0.76015 0.28192 0.58540 0.0169 0.2404
0 17.63356 246.48084 -91.60560 0.76015 0.28192 0.58540 0.9256 0.2843
0 24.27051 244.70860 -99.37026 0.76015 0.28192 0.58540 0.9118 0.2237
podwall_s5
0 17.63356 258.15890 -97.22946 0.76015 0.28192 0.58540 0.0169 0.2404
0 24.27051 244.70860 -99.37026 0.76015 0.28192 0.58540 0.9118 0.2237
0 24.27051 253.19321 -103.45624 0.76015 0.28192 0.58540 0.9781 0.1917
podwall_s5
0 17.63356 246.48084 -91.60560 0.76015 0.00000 0.64975 0.9256 0.2843
0 17.63356 233.51916 -91.60560 0.76015 0.00000 0.64975 0.8244 0.2843
0 24.27051 235.29140 -99.37026 0.76015 0.00000 0.64975 0.8382 0.2237
podwall_s5
0 17.63356 246.48084 -91.60560 0.76015 0.00000 0.64975 0.9256 0.2843
0 24.27051 235.29140 -99.37026 0.76015 0.00000 0.64975 0.8382 0.2237
0 24.27051 244.70860 -99.37026 0.76015 0.00000 0.64975 0.9118 0.2237
podwall_s5
0 17.63356 233.51916 -91.60560 0.76015 -0.28192 0.58540 0.8244 0.2843
0 17.63356 221.84110 -97.22946 0.76015 -0.28192 0.58540 0.7331 0.2404
0 24.27051 226.80679 -103.45624 0.76015 -0.28192 0.58540 0.7719 0.1917
podwall_s5
0 17.63356 233.51916 -91.60560 0.76015 -0.28192 0.58540 0.8244 0.2843
0 24.27051 226.80679 -103.45624 0.76015 -0.28192 0.58540 0.7719 0.1917
0 24.27051 235.29140 -99.37026 0.76015 -0.28192 0.58540 0.8382 0.2237
podwall_s5
0 17.63356 221.84110 -97.22946 0.76015 -0.50799 0.40511 0.7331 0.2404
0 17.63356 213.75963 -107.36330 0.76015 -0.50799 0.40511 0.6700 0.1612
0 24.27051 220.93526 -110.81890 0.76015 -0.50799 0.40511 0.7261 0.1342
podwall_s5
0 17.63356 221.84110 -97.22946 0.76015 -0.50799 0.40511 0.7331 0.2404
0 24.27051 220.93526 -110.81890 0.76015 -0.50799 0.40511 0.7261 0.1342
0 24.27051 226.80679 -103.45624 0.76015 -0.50799 0.40511 0.7719 0.1917
podwall_s5
0 17.63356 213.75963 -107.36330 0.76015 -0.63346 0.14458 0.6700 0.1612
0 17.63356 210.87539 -120.00000 0.76015 -0.63346 0.14458 0.6475 0.0625
0 24.27051 218.83973 -120.00000 0.76015 -0.63346 0.14458 0.7097 0.0625
podwall_s5
0 17.63356 213.75963 -107.36330 0.76015 -0.63346 0.14458 0.6700 0.1612
0 24.27051 218.83973 -120.00000 0.76015 -0.63346 0.14458 0.7097 0.0625
0 24.27051 220.93526 -110.81890 0.76015 -0.63346 0.14458 0.7261 0.1342
podwall_s6
0 17.63356 210.87539 -120.00000 0.76015 -0.63346 -0.14458 0.6475 0.0625
0 17.63356 213.75963 -132.63670 0.76015 -0.63346 -0.14458 0.6700 0.9638
0 24.27051 220.93526 -129.18110 0.76015 -0.63346 -0.14458 0.7261 0.9908
podwall_s6
0 17.63356 210.87539 -120.00000 0.76015 -0.63346 -0.14458 0.6475 0.0625
0 24.27051 220.93526 -129.18110 0.76015 -0.63346 -0.14458 0.7261 0.9908
0 24.27051 218.83973 -120.00000 0.76015 -0.63346 -0.14458 0.7097 0.0625
podwall_s6
0 17.63356 213.75963 -132.63670 0.76015 -0.50799 -0.40511 0.6700 0.9638
0 17.63356 221.84110 -142.77054 0.76015 -0.50799 -0.40511 0.7331 0.8846
0 24.27051 226.80679 -136.54376 0.76015 -0.50799 -0.40511 0.7719 0.9333
podwall_s6
0 17.63356 213.75963 -132.63670 0.76015 -0.50799 -0.40511 0.6700 0.9638
0 24.27051 226.80679 -136.54376 0.76015 -0.50799 -0.40511 0.7719 0.9333
0 24.27051 220.93526 -129.18110 0.76015 -0.50799 -0.40511 0.7261 0.9908
podwall_s7
0 17.63356 221.84110 -142.77054 0.76015 -0.28192 -0.58540 0.7331 0.8846
0 17.63356 233.51916 -148.39440 0.76015 -0.28192 -0.58540 0.8244 0.8407
0 24.27051 235.29140 -140.62974 0.76015 -0.28192 -0.58540 0.8382 0.9013
podwall_s7
0 17.63356 221.84110 -142.77054 0.76015 -0.28192 -0.58540 0.7331 0.8846
0 24.27051 235.29140 -140.62974 0.76015 -0.28192 -0.58540 0.8382 0.9013
0 24.27051 226.80679 -136.54376 0.76015 -0.28192 -0.58540 0.7719 0.9333
podwall_s7
0 17.63356 233.51916 -148.39440 0.76015 0.00000 -0.64975 0.8244 0.8407
0 17.63356 246.48084 -148.39440 0.76015 0.00000 -0.64975 0.9256 0.8407
0 24.27051 244.70860 -140.62974 0.76015 0.00000 -0.64975 0.9118 0.9013
podwall_s7
0 17.63356 233.51916 -148.39440 0.76015 0.00000 -0.64975 0.8244 0.8407
0 24.27051 244.70860 -140.62974 0.76015 0.00000 -0.64975 0.9118 0.9013
0 24.27051 235.29140 -140.62974 0.76015 0.00000 -0.64975 0.8382 0.9013
podwall_s7
0 17.63356 246.48084 -148.39440 0.76015 0.28192 -0.58540 0.9256 0.8407
0 17.63356 258.15890 -142.77054 0.76015 0.28192 -0.58540 0.0169 0.8846
0 24.27051 253.19321 -136.54376 0.76015 0.28192 -0.58540 0.9781 0.9333
podwall_s7
0 17.63356 246.48084 -148.39440 0.76015 0.28192 -0.58540 0.9256 0.8407
0 24.27051 253.19321 -136.54376 0.76015 0.28192 -0.58540 0.9781 0.9333
0 24.27051 244.70860 -140.62974 0.76015 0.28192 -0.58540 0.9118 0.9013
podwall_s6
0 17.63356 258.15890 -142.77054 0.76015 0.50799 -0.40511 0.0169 0.8846
0 17.63356 266.24037 -132.63670 0.76015 0.50799 -0.40511 0.0800 0.9638
0 24.27051 259.06474 -129.18110 0.76015 0.50799 -0.40511 0.0239 0.9908
podwall_s6
0 17.63356 258.15890 -142.77054 0.76015 0.50799 -0.40511 0.0169 0.8846
0 24.27051 259.06474 -129.18110 0.76015 0.50799 -0.40511 0.0239 0.9908
0 24.27051 253.19321 -136.54376 0.76015 0.50799 -0.40511 0.9781 0.9333
podwall_s6
0 17.63356 266.24037 -132.63670 0.76015 0.63346 -0.14458 0.0800 0.9638
0 17.63356 269.12461 -120.00000 0.76015 0.63346 -0.14458 0.1025 0.0625
0 24.27051 261.16027 -120.00000 0.76015 0.63346 -0.14458 0.0403 0.0625
podwall_s6
0 17.63356 266.24037 -132.63670 0.76015 0.63346 -0.14458 0.0800 0.9638
0 24.27051 261.16027 -120.00000 0.76015 0.63346 -0.14458 0.0403 0.0625
0 24.27051 259.06474 -129.18110 0.76015 0.63346 -0.14458 0.0239 0.9908
podwall_s6
0 24.27051 261.16027 -120.00000 0.91682 0.38929 0.08885 0.0403 0.0625
0 24.27051 259.06474 -110.81890 0.91682 0.38929 0.08885 0.0239 0.1342
0 28.53170 250.02293 -115.17321 0.91682 0.38929 0.08885 0.9533 0.1002
podwall_s6
0 24.27051 261.16027 -120.00000 0.91682 0.38929 0.08885 0.0403 0.0625
0 28.53170 250.02293 -115.17321 0.91682 0.38929 0.08885 0.9533 0.1002
0 28.53170 251.12461 -120.00000 0.91682 0.38929 0.08885 0.9619 0.0625
podwall_s6
0 24.27051 259.06474 -110.81890 0.91682 0.31218 0.24896 0.0239 0.1342
0 24.27051 253.19321 -103.45624 0.91682 0.31218 0.24896 0.9781 0.1917
0 28.53170 246.93608 -111.30243 0.91682 0.31218 0.24896 0.9292 0.1304
podwall_s6
0 24.27051 259.06474 -110.81890 0.91682 0.31218 0.24896 0.0239 0.1342
0 28.53170 246.93608 -111.30243 0.91682 0.31218 0.24896 0.9292 0.1304
0 28.53170 250.02293 -115.17321 0.91682 0.31218 0.24896 0.9533 0.1002
podwall_s6
0 24.27051 253.19321 -103.45624 0.91682 0.17325 0.35975 0.9781 0.1917
0 24.27051 244.70860 -99.37026 0.91682 0.17325 0.35975 0.9118 0.2237
0 28.53170 242.47546 -109.15431 0.91682 0.17325 0.35975 0.8943 0.1472
podwall_s6
0 24.27051 253.19321 -103.45624 0.91682 0.17325 0.35975 0.9781 0.1917
0 28.53170 242.47546 -109.15431 0.91682 0.17325 0.35975 0.8943 0.1472
0 28.53170 246.93608 -111.30243 0.91682 0.17325 0.35975 0.9292 0.1304
podwall_s6
0 24.27051 244.70860 -99.37026 0.91682 0.00000 0.39930 0.9118 0.2237
0 24.27051 235.29140 -99.37026 0.91682 0.00000 0.39930 0.8382 0.2237
0 28.53170 237.52454 -109.15431 0.91682 0.00000 0.39930 0.8557 0.1472
podwall_s6
0 24.27051 244.70860 -99.37026 0.91682 0.00000 0.39930 0.9118 0.2237
0 28.53170 237.52454 -109.15431 0.91682 0.00000 0.39930 0.8557 0.1472
0 28.53170 242.47546 -109.15431 0.91682 0.00000 0.39930 0.8943 0.1472
podwall_s6
0 24.27051 235.29140 -99.37026 0.91682 -0.17325 0.35975 0.8382 0.2237
0 24.27051 226.80679 -103.45624 0.91682 -0.17325 0.35975 0.7719 0.1917
0 28.53170 233.06392 -111.30243 0.91682 -0.17325 0.35975 0.8208 0.1304
podwall_s6
0 24.27051 235.29140 -99.37026 0.91682 -0.17325 0.35975 0.8382 0.2237
0 28.53170 233.06392 -111.30243 0.91682 -0.17325 0.35975 0.8208 0.1304
0 28.53170 237.52454 -109.15431 0.91682 -0.17325 0.35975 0.8557 0.1472
podwall_s6
0 24.27051 226.80679 -103.45624 0.91682 -0.31218 0.24896 0.7719 0.1917
0 24.27051 220.93526 -110.81890 0.91682 -0.31218 0.24896 0.7261 0.1342
0 28.53170 229.97707 -115.17321 0.91682 -0.31218 0.24896 0.7967 0.1002
podwall_s6
0 24.27051 226.80679 -103.45624 0.91682 -0.31218 0.24896 0.7719 0.1917
0 28.53170 229.97707 -115.17321 0.91682 -0.31218 0.24896 0.7967 0.1002
0 28.53170 233.06392 -111.30243 0.91682 -0.31218 0.24896 0.8208 0.1304
podwall_s6
0 24.27051 220.93526 -110.81890 0.91682 -0.38929 0.08885 0.7261 0.1342
0 24.27051 218.83973 -120.00000 0.91682 -0.38929 0.08885 0.7097 0.0625
0 28.53170 228.87539 -120.00000 0.91682 -0.38929 0.08885 0.7881 0.0625
podwall_s6
0 24.27051 220.93526 -110.81890 0.91682 -0.38929 0.08885 0.7261 0.1342
0 28.53170 228.87539 -120.00000 0.91682 -0.38929 0.08885 0.7881 0.0625
0 28.53170 229.97707 -115.17321 0.91682 -0.38929 0.08885 0.7967 0.1002
podwall_s6
0 24.27051 218.83973 -120.00000 0.91682 -0.38929 -0.08885 0.7097 0.0625
0 24.27051 220.93526 -129.18110 0.91682 -0.38929 -0.08885 0.7261 0.9908
0 28.53170 229.97707 -124.82679 0.91682 -0.38929 -0.08885 0.7967 0.0248
podwall_s6
0 24.27051 218.83973 -120.00000 0.91682 -0.38929 -0.08885 0.7097 0.0625
0 28.53170 229.97707 -124.82679 0.91682 -0.38929 -0.08885 0.7967 0.0248
0 28.53170 228.87539 -120.00000 0.91682 -0.38929 -0.08885 0.7881 0.0625
podwall_s7
0 24.27051 220.93526 -129.18110 0.91682 -0.31218 -0.24896 0.7261 0.9908
0 24.27051 226.80679 -136.54376 0.91682 -0.31218 -0.24896 0.7719 0.9333
0 28.53170 233.06392 -128.69757 0.91682 -0.31218 -0.24896 0.8208 0.9946
podwall_s7
0 24.27051 220.93526 -129.18110 0.91682 -0.31218 -0.24896 0.7261 0.9908
0 28.53170 233.06392 -128.69757 0.91682 -0.31218 -0.24896 0.8208 0.9946
0 28.53170 229.97707 -124.82679 0.91682 -0.31218 -0.24896 0.7967 0.0248
podwall_s7
0 24.27051 226.80679 -136.54376 0.91682 -0.17325 -0.35975 0.7719 0.9333
0 24.27051 235.29140 -140.62974 0.91682 -0.17325 -0.35975 0.8382 0.9013
0 28.53170 237.52454 -130.84569 0.91682 -0.17325 -0.35975 0.8557 0.9778
podwall_s7
0 24.27051 226.80679 -136.54376 0.91682 -0.17325 -0.35975 0.7719 0.9333
0 28.53170 237.52454 -130.84569 0.91682 -0.17325 -0.35975 0.8557 0.9778
0 28.53170 233.06392 -128.69757 0.91682 -0.17325 -0.35975 0.8208 0.9946
podwall_s7
0 24.27051 235.29140 -140.62974 0.91682 0.00000 -0.39930 0.8382 0.9013
0 24.27051 244.70860 -140.62974 0.91682 0.00000 -0.39930 0.9118 0.9013
0 28.53170 242.47546 -130.84569 0.91682 0.00000 -0.39930 0.8943 0.9778
podwall_s7
0 24.27051 235.29140 -140.62974 0.91682 0.00000 -0.39930 0.8382 0.9013
0 28.53170 242.47546 -130.84569 0.91682 0.00000 -0.39930 0.8943 0.9778
0 28.53170 237.52454 -130.84569 0.91682 0.00000 -0.39930 0.8557 0.9778
podwall_s7
0 24.27051 244.70860 -140.62974 0.91682 0.17325 -0.35975 0.9118 0.9013
0 24.27051 253.19321 -136.54376 0.91682 0.17325 -0.35975 0.9781 0.9333
0 28.53170 246.93608 -128.69757 0.91682 0.17325 -0.35975 0.9292 0.9946
podwall_s7
0 24.27051 244.70860 -140.62974 0.91682 0.17325 -0.35975 0.9118 0.9013
0 28.53170 246.93608 -128.69757 0.91682 0.17325 -0.35975 0.9292 0.9946
0 28.53170 242.47546 -130.84569 0.91682 0.17325 -0.35975 0.8943 0.9778
podwall_s7
0 24.27051 253.19321 -136.54376 0.91682 0.31218 -0.24896 0.9781 0.9333
0 24.27051 259.06474 -129.18110 0.91682 0.31218 -0.24896 0.0239 0.9908
0 28.53170 250.02293 -124.82679 0.91682 0.31218 -0.24896 0.9533 0.0248
podwall_s7
0 24.27051 253.19321 -136.54376 0.91682 0.31218 -0.24896 0.9781 0.9333
0 28.53170 250.02293 -124.82679 0.91682 0.31218 -0.24896 0.9533 0.0248
0 28.53170 246.93608 -128.69757 0.91682 0.31218 -0.24896 0.9292 0.9946
podwall_s6
0 24.27051 259.06474 -129.18110 0.91682 0.38929 -0.08885 0.0239 0.9908
0 24.27051 261.16027 -120.00000 0.91682 0.38929 -0.08885 0.0403 0.0625
0 28.53170 251.12461 -120.00000 0.91682 0.38929 -0.08885 0.9619 0.0625
podwall_s6
0 24.27051 259.06474 -129.18110 0.91682 0.38929 -0.08885 0.0239 0.9908
0 28.53170 251.12461 -120.00000 0.91682 0.38929 -0.08885 0.9619 0.0625
0 28.53170 250.02293 -124.82679 0.91682 0.38929 -0.08885 0.9533 0.0248
podwall_s6
0 28.53170 251.12461 -120.00000 0.99096 0.13079 0.02985 0.9619 0.0625
0 28.53170 250.02293 -115.17321 0.99096 0.13079 0.02985 0.9533 0.1002
0 30.00000 240.00000 -120.00000 0.99096 0.13079 0.02985 0.8750 0.0625
podwall_s6
0 28.53170 250.02293 -115.17321 0.99096 0.10489 0.08365 0.9533 0.1002
0 28.53170 246.93608 -111.30243 0.99096 0.10489 0.08365 0.9292 0.1304
0 30.00000 240.00000 -120.00000 0.99096 0.10489 0.08365 0.8750 0.0625
podwall_s6
0 28.53170 246.93608 -111.30243 0.99096 0.05821 0.12087 0.9292 0.1304
0 28.53170 242.47546 -109.15431 0.99096 0.05821 0.12087 0.8943 0.1472
0 30.00000 240.00000 -120.00000 0.99096 0.05821 0.12087 0.8750 0.0625
podwall_s6
0 28.53170 242.47546 -109.15431 0.99096 0.00000 0.13416 0.8943 0.1472
0 28.53170 237.52454 -109.15431 0.99096 0.00000 0.13416 0.8557 0.1472
0 30.00000 240.00000 -120.00000 0.99096 0.00000 0.13416 0.8750 0.0625
podwall_s6
0 28.53170 237.52454 -109.15431 0.99096 -0.05821 0.12087 0.8557 0.1472
0 28.53170 233.06392 -111.30243 0.99096 -0.05821 0.12087 0.8208 0.1304
0 30.00000 240.00000 -120.00000 0.99096 -0.05821 0.12087 0.8750 0.0625
podwall_s6
0 28.53170 233.06392 -111.30243 0.99096 -0.10489 0.08365 0.8208 0.1304
0 28.53170 229.97707 -115.17321 0.99096 -0.10489 0.08365 0.7967 0.1002
0 30.00000 240.00000 -120.00000 0.99096 -0.10489 0.08365 0.8750 0.0625
podwall_s6
0 28.53170 229.97707 -115.17321 0.99096 -0.13079 0.02985 0.7967 0.1002
0 28.53170 228.87539 -120.00000 0.99096 -0.13079 0.02985 0.7881 0.0625
0 30.00000 240.00000 -120.00000 0.99096 -0.13079 0.02985 0.8750 0.0625
podwall_s7
0 28.53170 228.87539 -120.00000 0.99096 -0.13079 -0.02985 0.7881 0.0625
0 28.53170 229.97707 -124.82679 0.99096 -0.13079 -0.02985 0.7967 0.0248
0 30.00000 240.00000 -120.00000 0.99096 -0.13079 -0.02985 0.8750 0.0625
podwall_s7
0 28.53170 229.97707 -124.82679 0.99096 -0.10489 -0.08365 0.7967 0.0248
0 28.53170 233.06392 -128.69757 0.99096 -0.10489 -0.08365 0.8208 0.9946
0 30.00000 240.00000 -120.00000 0.99096 -0.10489 -0.08365 0.8750 0.0625
podwall_s7
0 28.53170 233.06392 -128.69757 0.99096 -0.05821 -0.12087 0.8208 0.9946
0 28.53170 237.52454 -130.84569 0.99096 -0.05821 -0.12087 0.8557 0.9778
0 30.00000 240.00000 -120.00000 0.99096 -0.05821 -0.12087 0.8750 0.0625
podwall_s7
0 28.53170 237.52454 -130.84569 0.99096 0.00000 -0.13416 0.8557 0.9778
0 28.53170 242.47546 -130.84569 0.99096 0.00000 -0.13416 0.8943 0.9778
0 30.00000 240.00000 -120.00000 0.99096 0.00000 -0.13416 0.8750 0.0625
podwall_s7
0 28.53170 242.47546 -130.84569 0.99096 0.05821 -0.12087 0.8943 0.9778
0 28.53170 246.93608 -128.69757 0.99096 0.05821 -0.12087 0.9292 0.9946
0 30.00000 240.00000 -120.00000 0.99096 0.05821 -0.12087 0.8750 0.0625
podwall_s7
0 28.53170 246.93608 -128.69757 0.99096 0.10489 -0.08365 0.9292 0.9946
0 28.53170 250.02293 -124.82679 0.99096 0.10489 -0.08365 0.9533 0.0248
0 30.00000 240.00000 -120.00000 0.99096 0.10489 -0.08365 0.8750 0.0625
podwall_s7
0 28.53170 250.02293 -124.82679 0.99096 0.13079 -0.02985 0.9533 0.0248
0 28.53170 251.12461 -120.00000 0.99096 0.13079 -0.02985 0.9619 0.0625
0 30.00000 240.00000 -120.00000 0.99096 0.13079 -0.02985 0.8750 0.0625
podwall_s3
0 0.00000 276.00000 -40.00000 0.18219 0.95861 0.21880 0.1562 0.6875
0 0.00000 272.43488 -24.38019 0.18219 0.95861 0.21880 0.1284 0.8095
0 9.27051 270.84740 -25.14467 0.18219 0.95861 0.21880 0.1160 0.8036
podwall_s3
0 0.00000 276.00000 -40.00000 0.18219 0.95861 0.21880 0.1562 0.6875
0 9.27051 270.84740 -25.14467 0.18219 0.95861 0.21880 0.1160 0.8036
0 9.27051 274.23803 -40.00000 0.18219 0.95861 0.21880 0.1425 0.6875
podwall_s3
0 0.00000 272.43488 -24.38019 0.18219 0.76875 0.61305 0.1284 0.8095
0 0.00000 262.44563 -11.85407 0.18219 0.76875 0.61305 0.0504 0.9074
0 9.27051 261.34707 -13.23163 0.18219 0.76875 0.61305 0.0418 0.8966
podwall_s3
0 0.00000 272.43488 -24.38019 0.18219 0.76875 0.61305 0.1284 0.8095
0 9.27051 261.34707 -13.23163 0.18219 0.76875 0.61305 0.0418 0.8966
0 9.27051 270.84740 -25.14467 0.18219 0.76875 0.61305 0.1160 0.8036
podwall_s2
0 0.00000 262.44563 -11.85407 0.18219 0.42662 0.88589 0.0504 0.9074
0 0.00000 248.01075 -4.90260 0.18219 0.42662 0.88589 0.9376 0.9617
0 9.27051 247.61868 -6.62038 0.18219 0.42662 0.88589 0.9345 0.9483
podwall_s2
0 0.00000 262.44563 -11.85407 0.18219 0.42662 0.88589 0.0504 0.9074
0 9.27051 247.61868 -6.62038 0.18219 0.42662 0.88589 0.9345 0.9483
0 9.27051 261.34707 -13.23163 0.18219 0.42662 0.88589 0.0418 0.8966
podwall_s2
0 0.00000 248.01075 -4.90260 0.18219 0.00000 0.98326 0.9376 0.9617
0 0.00000 231.98925 -4.90260 0.18219 0.00000 0.98326 0.8124 0.9617
0 9.27051 232.38132 -6.62038 0.18219 0.00000 0.98326 0.8155 0.9483
podwall_s2
0 0.00000 248.01075 -4.90260 0.18219 0.00000 0.98326 0.9376 0.9617
0 9.27051 232.38132 -6.62038 0.18219 0.00000 0.98326 0.8155 0.9483
0 9.27051 247.61868 -6.62038 0.18219 0.00000 0.98326 0.9345 0.9483
podwall_s2
0 0.00000 231.98925 -4.90260 0.18219 -0.42662 0.88589 0.8124 0.9617
0 0.00000 217.55437 -11.85407 0.18219 -0.42662 0.88589 0.6996 0.9074
0 9.27051 218.65293 -13.23163 0.18219 -0.42662 0.88589 0.7082 0.8966
podwall_s2
0 0.00000 231.98925 -4.90260 0.18219 -0.42662 0.88589 0.8124 0.9617
0 9.27051 218.65293 -13.23163 0.18219 -0.42662 0.88589 0.7082 0.8966
0 9.27051 232.38132 -6.62038 0.18219 -0.42662 0.88589 0.8155 0.9483
podwall_s3
0 0.00000 217.55437 -11.85407 0.18219 -0.76875 0.61305 0.6996 0.9074
0 0.00000 207.56512 -24.38019 0.18219 -0.76875 0.61305 0.6216 0.8095
0 9.27051 209.15260 -25.14467 0.18219 -0.76875 0.61305 0.6340 0.8036
podwall_s3
0 0.00000 217.55437 -11.85407 0.18219 -0.76875 0.61305 0.6996 0.9074
0 9.27051 209.15260 -25.14467 0.18219 -0.76875 0.61305 0.6340 0.8036
0 9.27051 218.65293 -13.23163 0.18219 -0.76875 0.61305 0.7082 0.8966
podwall_s3
0 0.00000 207.56512 -24.38019 0.18219 -0.95861 0.21880 0.6216 0.8095
0 0.00000 204.00000 -40.00000 0.18219 -0.95861 0.21880 0.5938 0.6875
0 9.27051 205.76197 -40.00000 0.18219 -0.95861 0.21880 0.6075 0.6875
podwall_s3
0 0.00000 207.56512 -24.38019 0.18219 -0.95861 0.21880 0.6216 0.8095
0 9.27051 205.76197 -40.00000 0.18219 -0.95861 0.21880 0.6075 0.6875
0 9.27051 209.15260 -25.14467 0.18219 -0.95861 0.21880 0.6340 0.8036
podwall_s4
0 0.00000 204.00000 -40.00000 0.18219 -0.95861 -0.21880 0.5938 0.6875
0 0.00000 207.56512 -55.61981 0.18219 -0.95861 -0.21880 0.6216 0.5655
0 9.27051 209.15260 -54.85533 0.18219 -0.95861 -0.21880 0.6340 0.5714
podwall_s4
0 0.00000 204.00000 -40.00000 0.18219 -0.95861 -0.21880 0.5938 0.6875
0 9.27051 209.15260 -54.85533 0.18219 -0.95861 -0.21880 0.6340 0.5714
0 9.27051 205.76197 -40.00000 0.18219 -0.95861 -0.21880 0.6075 0.6875
podwall_s5
0 0.00000 207.56512 -55.61981 0.18219 -0.76875 -0.61305 0.6216 0.5655
0 0.00000 217.55437 -68.14593 0.18219 -0.76875 -0.61305 0.6996 0.4676
0 9.27051 218.65293 -66.76837 0.18219 -0.76875 -0.61305 0.7082 0.4784
podwall_s5
0 0.00000 207.56512 -55.61981 0.18219 -0.76875 -0.61305 0.6216 0.5655
0 9.27051 218.65293 -66.76837 0.18219 -0.76875 -0.61305 0.7082 0.4784
0 9.27051 209.15260 -54.85533 0.18219 -0.76875 -0.61305 0.6340 0.5714
podwall_s5
0 0.00000 217.55437 -68.14593 0.18219 -0.42662 -0.88589 0.6996 0.4676
0 0.00000 231.98925 -75.09740 0.18219 -0.42662 -0.88589 0.8124 0.4133
0 9.27051 232.38132 -73.37962 0.18219 -0.42662 -0.88589 0.8155 0.4267
podwall_s5
0 0.00000 217.55437 -68.14593 0.18219 -0.42662 -0.88589 0.6996 0.4676
0 9.27051 232.38132 -73.37962 0.18219 -0.42662 -0.88589 0.8155 0.4267
0 9.27051 218.65293 -66.76837 0.18219 -0.42662 -0.88589 0.7082 0.4784
podwall_s5
0 0.00000 231.98925 -75.09740 0.18219 0.00000 -0.98326 0.8124 0.4133
0 0.00000 248.01075 -75.09740 0.18219 0.00000 -0.98326 0.9376 0.4133
0 9.27051 247.61868 -73.37962 0.18219 0.00000 -0.98326 0.9345 0.4267
podwall_s5
0 0.00000 231.98925 -75.09740 0.18219 0.00000 -0.98326 0.8124 0.4133
0 9.27051 247.61868 -73.37962 0.18219 0.00000 -0.98326 0.9345 0.4267
0 9.27051 232.38132 -73.37962 0.18219 0.00000 -0.98326 0.8155 0.4267
podwall_s5
0 0.00000 248.01075 -75.09740 0.18219 0.42662 -0.88589 0.9376 0.4133
0 0.00000 262.44563 -68.14593 0.18219 0.42662 -0.88589 0.0504 0.4676
0 9.27051 261.34707 -66.76837 0.18219 0.42662 -0.88589 0.0418 0.4784
podwall_s5
0 0.00000 248.01075 -75.09740 0.18219 0.42662 -0.88589 0.9376 0.4133
0 9.27051 261.34707 -66.76837 0.18219 0.42662 -0.88589 0.0418 0.4784
0 9.27051 247.61868 -73.37962 0.18219 0.42662 -0.88589 0.9345 0.4267
podwall_s5
0 0.00000 262.44563 -68.14593 0.18219 0.76875 -0.61305 0.0504 0.4676
0 0.00000 272.43488 -55.61981 0.18219 0.76875 -0.61305 0.1284 0.5655
0 9.27051 270.84740 -54.85533 0.18219 0.76875 -0.61305 0.1160 0.5714
podwall_s5
0 0.00000 262.44563 -68.14593 0.18219 0.76875 -0.61305 0.0504 0.4676
0 9.27051 270.84740 -54.85533 0.18219 0.76875 -0.61305 0.1160 0.5714
0 9.27051 261.34707 -66.76837 0.18219 0.76875 -0.61305 0.0418 0.4784
podwall_s4
0 0.00000 272.43488 -55.61981 0.18219 0.95861 -0.21880 0.1284 0.5655
0 0.00000 276.00000 -40.00000 0.18219 0.95861 -0.21880 0.1562 0.6875
0 9.27051 274.23803 -40.00000 0.18219 0.95861 -0.21880 0.1425 0.6875
podwall_s4
0 0.00000 272.43488 -55.61981 0.18219 0.95861 -0.21880 0.1284 0.5655
0 9.27051 274.23803 -40.00000 0.18219 0.95861 -0.21880 0.1425 0.6875
0 9.27051 270.84740 -54.85533 0.18219 0.95861 -0.21880 0.1160 0.5714
podwall_s4
0 9.27051 274.23803 -40.00000 0.51203 0.83743 0.19114 0.1425 0.6875
0 9.27051 270.84740 -25.14467 0.51203 0.83743 0.19114 0.1160 0.8036
0 17.63356 266.24037 -27.36330 0.51203 0.83743 0.19114 0.0800 0.7862
podwall_s4
0 9.27051 274.23803 -40.00000 0.51203 0.83743 0.19114 0.1425 0.6875
0 17.63356 266.24037 -27.36330 0.51203 0.83743 0.19114 0.0800 0.7862
0 17.63356 269.12461 -40.00000 0.51203 0.83743 0.19114 0.1025 0.6875
podwall_s4
0 9.27051 270.84740 -25.14467 0.51203 0.67157 0.53556 0.1160 0.8036
0 9.27051 261.34707 -13.23163 0.51203 0.67157 0.53556 0.0418 0.8966
0 17.63356 258.15890 -17.22946 0.51203 0.67157 0.53556 0.0169 0.8654
podwall_s4
0 9.27051 270.84740 -25.14467 0.51203 0.67157 0.53556 0.1160 0.8036
0 17.63356 258.15890 -17.22946 0.51203 0.67157 0.53556 0.0169 0.8654
0 17.63356 266.24037 -27.36330 0.51203 0.67157 0.53556 0.0800 0.7862
podwall_s3
0 9.27051 261.34707 -13.23163 0.51203 0.37269 0.77390 0.0418 0.8966
0 9.27051 247.61868 -6.62038 0.51203 0.37269 0.77390 0.9345 0.9483
0 17.63356 246.48084 -11.60560 0.51203 0.37269 0.77390 0.9256 0.9093
podwall_s3
0 9.27051 261.34707 -13.23163 0.51203 0.37269 0.77390 0.0418 0.8966
0 17.63356 246.48084 -11.60560 0.51203 0.37269 0.77390 0.9256 0.9093
0 17.63356 258.15890 -17.22946 0.51203 0.37269 0.77390 0.0169 0.8654
podwall_s3
0 9.27051 247.61868 -6.62038 0.51203 0.00000 0.85897 0.9345 0.9483
0 9.27051 232.38132 -6.62038 0.51203 0.00000 0.85897 0.8155 0.9483
0 17.63356 233.51916 -11.60560 0.51203 0.00000 0.85897 0.8244 0.9093
podwall_s3
0 9.27051 247.61868 -6.62038 0.51203 0.00000 0.85897 0.9345 0.9483
0 17.63356 233.51916 -11.60560 0.51203 0.00000 0.85897 0.8244 0.9093
0 17.63356 246.48084 -11.60560 0.51203 0.00000 0.85897 0.9256 0.9093
podwall_s3
0 9.27051 232.38132 -6.62038 0.51203 -0.37269 0.77390 0.8155 0.9483
0 9.27051 218.65293 -13.23163 0.51203 -0.37269 0.77390 0.7082 0.8966
0 17.63356 221.84110 -17.22946 0.51203 -0.37269 0.77390 0.7331 0.8654
podwall_s3
0 9.27051 232.38132 -6.62038 0.51203 -0.37269 0.77390 0.8155 0.9483
0 17.63356 221.84110 -17.22946 0.51203 -0.37269 0.77390 0.7331 0.8654
0 17.63356 233.51916 -11.60560 0.51203 -0.37269 0.77390 0.8244 0.9093
podwall_s4
0 9.27051 218.65293 -13.23163 0.51203 -0.67157 0.53556 0.7082 0.8966
0 9.27051 209.15260 -25.14467 0.51203 -0.67157 0.53556 0.6340 0.8036
0 17.63356 213.75963 -27.36330 0.51203 -0.67157 0.53556 0.6700 0.7862
podwall_s4
0 9.27051 218.65293 -13.23163 0.51203 -0.67157 0.53556 0.7082 0.8966
0 17.63356 213.75963 -27.36330 0.51203 -0.67157 0.53556 0.6700 0.7862
0 17.63356 221.84110 -17.22946 0.51203 -0.67157 0.53556 0.7331 0.8654
podwall_s4
0 9.27051 209.15260 -25.14467 0.51203 -0.83743 0.19114 0.6340 0.8036
0 9.27051 205.76197 -40.00000 0.51203 -0.83743 0.19114 0.6075 0.6875
0 17.63356 210.87539 -40.00000 0.51203 -0.83743 0.19114 0.6475 0.6875
podwall_s4
0 9.27051 209.15260 -25.14467 0.51203 -0.83743 0.19114 0.6340 0.8036
0 17.63356 210.87539 -40.00000 0.51203 -0.83743 0.19114 0.6475 0.6875
0 17.63356 213.75963 -27.36330 0.51203 -0.83743 0.19114 0.6700 0.7862
podwall_s5
0 9.27051 205.76197 -40.00000 0.51203 -0.83743 -0.19114 0.6075 0.6875
0 9.27051 209.15260 -54.85533 0.51203 -0.83743 -0.19114 0.6340 0.5714
0 17.63356 213.75963 -52.63670 0.51203 -0.83743 -0.19114 0.6700 0.5888
podwall_s5
0 9.27051 205.76197 -40.00000 0.51203 -0.83743 -0.19114 0.6075 0.6875
0 17.63356 213.75963 -52.63670 0.51203 -0.83743 -0.19114 0.6700 0.5888
0 17.63356 210.87539 -40.00000 0.51203 -0.83743 -0.19114 0.6475 0.6875
podwall_s6
0 9.27051 209.15260 -54.85533 0.51203 -0.67157 -0.53556 0.6340 0.5714
0 9.27051 218.65293 -66.76837 0.51203 -0.67157 -0.53556 0.7082 0.4784
0 17.63356 221.84110 -62.77054 0.51203 -0.67157 -0.53556 0.7331 0.5096
podwall_s6
0 9.27051 209.15260 -54.85533 0.51203 -0.67157 -0.53556 0.6340 0.5714
0 17.63356 221.84110 -62.77054 0.51203 -0.67157 -0.53556 0.7331 0.5096
0 17.63356 213.75963 -52.63670 0.51203 -0.67157 -0.53556 0.6700 0.5888
podwall_s6
0 9.27051 218.65293 -66.76837 0.51203 -0.37269 -0.77390 0.7082 0.4784
0 9.27051 232.38132 -73.37962 0.51203 -0.37269 -0.77390 0.8155 0.4267
0 17.63356 233.51916 -68.39440 0.51203 -0.37269 -0.77390 0.8244 0.4657
podwall_s6
0 9.27051 218.65293 -66.76837 0.51203 -0.37269 -0.77390 0.7082 0.4784
0 17.63356 233.51916 -68.39440 0.51203 -0.37269 -0.77390 0.8244 0.4657
0 17.63356 221.84110 -62.77054 0.51203 -0.37269 -0.77390 0.7331 0.5096
podwall_s6
0 9.27051 232.38132 -73.37962 0.51203 -0.00000 -0.85897 0.8155 0.4267
0 9.27051 247.61868 -73.37962 0.51203 -0.00000 -0.85897 0.9345 0.4267
0 17.63356 246.48084 -68.39440 0.51203 -0.00000 -0.85897 0.9256 0.4657
podwall_s6
0 9.27051 232.38132 -73.37962 0.51203 -0.00000 -0.85897 0.8155 0.4267
0 17.63356 246.48084 -68.39440 0.51203 -0.00000 -0.85897 0.9256 0.4657
0 17.63356 233.51916 -68.39440 0.51203 -0.00000 -0.85897 0.8244 0.4657
podwall_s6
0 9.27051 247.61868 -73.37962 0.51203 0.37269 -0.77390 0.9345 0.4267
0 9.27051 261.34707 -66.76837 0.51203 0.37269 -0.77390 0.0418 0.4784
0 17.63356 258.15890 -62.77054 0.51203 0.37269 -0.77390 0.0169 0.5096
podwall_s6
0 9.27051 247.61868 -73.37962 0.51203 0.37269 -0.77390 0.9345 0.4267
0 17.63356 258.15890 -62.77054 0.51203 0.37269 -0.77390 0.0169 0.5096
0 17.63356 246.48084 -68.39440 0.51203 0.37269 -0.77390 0.9256 0.4657
podwall_s6
0 9.27051 261.34707 -66.76837 0.51203 0.67157 -0.53556 0.0418 0.4784
0 9.27051 270.84740 -54.85533 0.51203 0.67157 -0.53556 0.1160 0.5714
0 17.63356 266.24037 -52.63670 0.51203 0.67157 -0.53556 0.0800 0.5888
podwall_s6
0 9.27051 261.34707 -66.76837 0.51203 0.67157 -0.53556 0.0418 0.4784
0 17.63356 266.24037 -52.63670 0.51203 0.67157 -0.53556 0.0800 0.5888
0 17.63356 258.15890 -62.77054 0.51203 0.67157 -0.53556 0.0169 0.5096
podwall_s5
0 9.27051 270.84740 -54.85533 0.51203 0.83743 -0.19114 0.1160 0.5714
0 9.27051 274.23803 -40.00000 0.51203 0.83743 -0.19114 0.1425 0.6875
0 17.63356 269.12461 -40.00000 0.51203 0.83743 -0.19114 0.1025 0.6875
podwall_s5
0 9.27051 270.84740 -54.85533 0.51203 0.83743 -0.19114 0.1160 0.5714
0 17.63356 269.12461 -40.00000 0.51203 0.83743 -0.19114 0.1025 0.6875
0 17.63356 266.24037 -52.63670 0.51203 0.83743 -0.19114 0.0800 0.5888
podwall_s5
0 17.63356 269.12461 -40.00000 0.76015 0.63346 0.14458 0.1025 0.6875
0 17.63356 266.24037 -27.36330 0.76015 0.63346 0.14458 0.0800 0.7862
0 24.27051 259.06474 -30.81890 0.76015 0.63346 0.14458 0.0239 0.7592
podwall_s5
0 17.63356 269.12461 -40.00000 0.76015 0.63346 0.14458 0.1025 0.6875
0 24.27051 259.06474 -30.81890 0.76015 0.63346 0.14458 0.0239 0.7592
0 24.27051 261.16027 -40.00000 0.76015 0.63346 0.14458 0.0403 0.6875
podwall_s5
0 17.63356 266.24037 -27.36330 0.76015 0.50799 0.40511 0.0800 0.7862
0 17.63356 258.15890 -17.22946 0.76015 0.50799 0.40511 0.0169 0.8654
0 24.27051 253.19321 -23.45624 0.76015 0.50799 0.40511 0.9781 0.8167
podwall_s5
0 17.63356 266.24037 -27.36330 0.76015 0.50799 0.40511 0.0800 0.7862
0 24.27051 253.19321 -23.45624 0.76015 0.50799 0.40511 0.9781 0.8167
0 24.27051 259.06474 -30.81890 0.76015 0.50799 0.40511 0.0239 0.7592
podwall_s5
0 17.63356 258.15890 -17.22946 0.76015 0.28192 0.58540 0.0169 0.8654
0 17.63356 246.48084 -11.60560 0.76015 0.28192 0.58540 0.9256 0.9093
0 24.27051 244.70860 -19.37026 0.76015 0.28192 0.58540 0.9118 0.8487
podwall_s5
0 17.63356 258.15890 -17.22946 0.76015 0.28192 0.58540 0.0169 0.8654
0 24.27051 244.70860 -19.37026 0.76015 0.28192 0.58540 0.9118 0.8487
0 24.27051 253.19321 -23.45624 0.76015 0.28192 0.58540 0.9781 0.8167
podwall_s5
0 17.63356 246.48084 -11.60560 0.76015 0.00000 0.64975 0.9256 0.9093
0 17.63356 233.51916 -11.60560 0.76015 0.00000 0.64975 0.8244 0.9093
0 24.27051 235.29140 -19.37026 0.76015 0.00000 0.64975 0.8382 0.8487
podwall_s5
0 17.63356 246.48084 -11.60560 0.76015 0.00000 0.64975 0.9256 0.9093
0 24.27051 235.29140 -19.37026 0.76015 0.00000 0.64975 0.8382 0.8487
0 24.27051 244.70860 -19.37026 0.76015 0.00000 0.64975 0.9118 0.8487
podwall_s5
0 17.63356 233.51916 -11.60560 0.76015 -0.28192 0.58540 0.8244 0.9093
0 17.63356 221.84110 -17.22946 0.76015 -0.28192 0.58540 0.7331 0.8654
0 24.27051 226.80679 -23.45624 0.76015 -0.28192 0.58540 0.7719 0.8167
podwall_s5
0 17.63356 233.51916 -11.60560 0.76015 -0.28192 0.58540 0.8244 0.9093
0 24.27051 226.80679 -23.45624 0.76015 -0.28192 0.58540 0.7719 0.8167
0 24.27051 235.29140 -19.37026 0.76015 -0.28192 0.58540 0.8382 0.8487
podwall_s5
0 17.63356 221.84110 -17.22946 0.76015 -0.50799 0.40511 0.7331 0.8654
0 17.63356 213.75963 -27.36330 0.76015 -0.50799 0.40511 0.6700 0.7862
0 24.27051 220.93526 -30.81890 0.76015 -0.50799 0.40511 0.7261 0.7592
podwall_s5
0 17.63356 221.84110 -17.22946 0.76015 -0.50799 0.40511 0.7331 0.8654
0 24.27051 220.93526 -30.81890 0.76015 -0.50799 0.40511 0.7261 0.7592
0 24.27051 226.80679 -23.45624 0.76015 -0.50799 0.40511 0.7719 0.8167
podwall_s5
0 17.63356 213.75963 -27.36330 0.76015 -0.63346 0.14458 0.6700 0.7862
0 17.63356 210.87539 -40.00000 0.76015 -0.63346 0.14458 0.6475 0.6875
0 24.27051 218.83973 -40.00000 0.76015 -0.63346 0.14458 0.7097 0.6875
podwall_s5
0 17.63356 213.75963 -27.36330 0.76015 -0.63346 0.14458 0.6700 0.7862
0 24.27051 218.83973 -40.00000 0.76015 -0.63346 0.14458 0.7097 0.6875
0 24.27051 220.93526 -30.81890 0.76015 -0.63346 0.14458 0.7261 0.7592
podwall_s6
0 17.63356 210.87539 -40.00000 0.76015 -0.63346 -0.14458 0.6475 0.6875
0 17.63356 213.75963 -52.63670 0.76015 -0.63346 -0.14458 0.6700 0.5888
0 24.27051 220.93526 -49.18110 0.76015 -0.63346 -0.14458 0.7261 0.6158
podwall_s6
0 17.63356 210.87539 -40.00000 0.76015 -0.63346 -0.14458 0.6475 0.6875
0 24.27051 220.93526 -49.18110 0.76015 -0.63346 -0.14458 0.7261 0.6158
0 24.27051 218.83973 -40.00000 0.76015 -0.63346 -0.14458 0.7097 0.6875
podwall_s6
0 17.63356 213.75963 -52.63670 0.76015 -0.50799 -0.40511 0.6700 0.5888
0 17.63356 221.84110 -62.77054 0.76015 -0.50799 -0.40511 0.7331 0.5096
0 24.27051 226.80679 -56.54376 0.76015 -0.50799 -0.40511 0.7719 0.5583
podwall_s6
0 17.63356 213.75963 -52.63670 0.76015 -0.50799 -0.40511 0.6700 0.5888
0 24.27051 226.80679 -56.54376 0.76015 -0.50799 -0.40511 0.7719 0.5583
0 24.27051 220.93526 -49.18110 0.76015 -0.50799 -0.40511 0.7261 0.6158
podwall_s7
0 17.63356 221.84110 -62.77054 0.76015 -0.28192 -0.58540 0.7331 0.5096
0 17.63356 233.51916 -68.39440 0.76015 -0.28192 -0.58540 0.8244 0.4657
0 24.27051 235.29140 -60.62974 0.76015 -0.28192 -0.58540 0.8382 0.5263
podwall_s7
0 17.63356 221.84110 -62.77054 0.76015 -0.28192 -0.58540 0.7331 0.5096
0 24.27051 235.29140 -60.62974 0.76015 -0.28192 -0.58540 0.8382 0.5263
0 24.27051 226.80679 -56.54376 0.76015 -0.28192 -0.58540 0.7719 0.5583
podwall_s7
0 17.63356 233.51916 -68.39440 0.76015 -0.00000 -0.64975 0.8244 0.4657
0 17.63356 246.48084 -68.39440 0.76015 -0.00000 -0.64975 0.9256 0.4657
0 24.27051 244.70860 -60.62974 0.76015 -0.00000 -0.64975 0.9118 0.5263
podwall_s7
0 17.63356 233.51916 -68.39440 0.76015 -0.00000 -0.64975 0.8244 0.4657
0 24.27051 244.70860 -60.62974 0.76015 -0.00000 -0.64975 0.9118 0.5263
0 24.27051 235.29140 -60.62974 0.76015 -0.00000 -0.64975 0.8382 0.5263
podwall_s7
0 17.63356 246.48084 -68.39440 0.76015 0.28192 -0.58540 0.9256 0.4657
0 17.63356 258.15890 -62.77054 0.76015 0.28192 -0.58540 0.0169 0.5096
0 24.27051 253.19321 -56.54376 0.76015 0.28192 -0.58540 0.9781 0.5583
podwall_s7
0 17.63356 246.48084 -68.39440 0.76015 0.28192 -0.58540 0.9256 0.4657
0 24.27051 253.19321 -56.54376 0.76015 0.28192 -0.58540 0.9781 0.5583
0 24.27051 244.70860 -60.62974 0.76015 0.28192 -0.58540 0.9118 0.5263
podwall_s6
0 17.63356 258.15890 -62.77054 0.76015 0.50799 -0.40511 0.0169 0.5096
0 17.63356 266.24037 -52.63670 0.76015 0.50799 -0.40511 0.0800 0.5888
0 24.27051 259.06474 -49.18110 0.76015 0.50799 -0.40511 0.0239 0.6158
podwall_s6
0 17.63356 258.15890 -62.77054 0.76015 0.50799 -0.40511 0.0169 0.5096
0 24.27051 259.06474 -49.18110 0.76015 0.50799 -0.40511 0.0239 0.6158
0 24.27051 253.19321 -56.54376 0.76015 0.50799 -0.40511 0.9781 0.5583
podwall_s6
0 17.63356 266.24037 -52.63670 0.76015 0.63346 -0.14458 0.0800 0.5888
0 17.63356 269.12461 -40.00000 0.76015 0.63346 -0.14458 0.1025 0.6875
0 24.27051 261.16027 -40.00000 0.76015 0.63346 -0.14458 0.0403 0.6875
podwall_s6
0 17.63356 266.24037 -52.63670 0.76015 0.63346 -0.14458 0.0800 0.5888
0 24.27051 261.16027 -40.00000 0.76015 0.63346 -0.14458 0.0403 0.6875
0 24.27051 259.06474 -49.18110 0.76015 0.63346 -0.14458 0.0239 0.6158
podwall_s6
0 24.27051 261.16027 -40.00000 0.91682 0.38929 0.08885 0.0403 0.6875
0 24.27051 259.06474 -30.81890 0.91682 0.38929 0.08885 0.0239 0.7592
0 28.53170 250.02293 -35.17321 0.91682 0.38929 0.08885 0.9533 0.7252
podwall_s6
0 24.27051 261.16027 -40.00000 0.91682 0.38929 0.08885 0.0403 0.6875
0 28.53170 250.02293 -35.17321 0.91682 0.38929 0.08885 0.9533 0.7252
0 28.53170 251.12461 -40.00000 0.91682 0.38929 0.08885 0.9619 0.6875
podwall_s6
0 24.27051 259.06474 -30.81890 0.91682 0.31218 0.24896 0.0239 0.7592
0 24.27051 253.19321 -23.45624 0.91682 0.31218 0.24896 0.9781 0.8167
0 28.53170 246.93608 -31.30243 0.91682 0.31218 0.24896 0.9292 0.7554
podwall_s6
0 24.27051 259.06474 -30.81890 0.91682 0.31218 0.24896 0.0239 0.7592
0 28.53170 246.93608 -31.30243 0.91682 0.31218 0.24896 0.9292 0.7554
0 28.53170 250.02293 -35.17321 0.91682 0.31218 0.24896 0.9533 0.7252
podwall_s6
0 24.27051 253.19321 -23.45624 0.91682 0.17325 0.35975 0.9781 0.8167
0 24.27051 244.70860 -19.37026 0.91682 0.17325 0.35975 0.9118 0.8487
0 28.53170 242.47546 -29.15431 0.91682 0.17325 0.35975 0.8943 0.7722
podwall_s6
0 24.27051 253.19321 -23.45624 0.91682 0.17325 0.35975 0.9781 0.8167
0 28.53170 242.47546 -29.15431 0.91682 0.17325 0.35975 0.8943 0.7722
0 28.53170 246.93608 -31.30243 0.91682 0.17325 0.35975 0.9292 0.7554
podwall_s6
0 24.27051 244.70860 -19.37026 0.91682 0.00000 0.39930 0.9118 0.8487
0 24.27051 235.29140 -19.37026 0.91682 0.00000 0.39930 0.8382 0.8487
0 28.53170 237.52454 -29.15431 0.91682 0.00000 0.39930 0.8557 0.7722
podwall_s6
0 24.27051 244.70860 -19.37026 0.91682 0.00000 0.39930 0.9118 0.8487
0 28.53170 237.52454 -29.15431 0.91682 0.00000 0.39930 0.8557 0.7722
0 28.53170 242.47546 -29.15431 0.91682 0.00000 0.39930 0.8943 0.7722
podwall_s6
0 24.27051 235.29140 -19.37026 0.91682 -0.17325 0.35975 0.8382 0.8487
0 24.27051 226.80679 -23.45624 0.91682 -0.17325 0.35975 0.7719 0.8167
0 28.53170 233.06392 -31.30243 0.91682 -0.17325 0.35975 0.8208 0.7554
podwall_s6
0 24.27051 235.29140 -19.37026 0.91682 -0.17325 0.35975 0.8382 0.8487
0 28.53170 233.06392 -31.30243 0.91682 -0.17325 0.35975 0.8208 0.7554
0 28.53170 237.52454 -29.15431 0.91682 -0.17325 0.35975 0.8557 0.7722
podwall_s6
0 24.27051 226.80679 -23.45624 0.91682 -0.31218 0.24896 0.7719 0.8167
0 24.27051 220.93526 -30.81890 0.91682 -0.31218 0.24896 0.7261 0.7592
0 28.53170 229.97707 -35.17321 0.91682 -0.31218 0.24896 0.7967 0.7252
podwall_s6
0 24.27051 226.80679 -23.45624 0.91682 -0.31218 0.24896 0.7719 0.8167
0 28.53170 229.97707 -35.17321 0.91682 -0.31218 0.24896 0.7967 0.7252
0 28.53170 233.06392 -31.30243 0.91682 -0.31218 0.24896 0.8208 0.7554
podwall_s6
0 24.27051 220.93526 -30.81890 0.91682 -0.38929 0.08885 0.7261 0.7592
0 24.27051 218.83973 -40.00000 0.91682 -0.38929 0.08885 0.7097 0.6875
0 28.53170 228.87539 -40.00000 0.91682 -0.38929 0.08885 0.7881 0.6875
podwall_s6
0 24.27051 220.93526 -30.81890 0.91682 -0.38929 0.08885 0.7261 0.7592
0 28.53170 228.87539 -40.00000 0.91682 -0.38929 0.08885 0.7881 0.6875
0 28.53170 229.97707 -35.17321 0.91682 -0.38929 0.08885 0.7967 0.7252
podwall_s6
0 24.27051 218.83973 -40.00000 0.91682 -0.38929 -0.08885 0.7097 0.6875
0 24.27051 220.93526 -49.18110 0.91682 -0.38929 -0.08885 0.7261 0.6158
0 28.53170 229.97707 -44.82679 0.91682 -0.38929 -0.08885 0.7967 0.6498
podwall_s6
0 24.27051 218.83973 -40.00000 0.91682 -0.38929 -0.08885 0.7097 0.6875
0 28.53170 229.97707 -44.82679 0.91682 -0.38929 -0.08885 0.7967 0.6498
0 28.53170 228.87539 -40.00000 0.91682 -0.38929 -0.08885 0.7881 0.6875
podwall_s7
0 24.27051 220.93526 -49.18110 0.91682 -0.31218 -0.24896 0.7261 0.6158
0 24.27051 226.80679 -56.54376 0.91682 -0.31218 -0.24896 0.7719 0.5583
0 28.53170 233.06392 -48.69757 0.91682 -0.31218 -0.24896 0.8208 0.6196
podwall_s7
0 24.27051 220.93526 -49.18110 0.91682 -0.31218 -0.24896 0.7261 0.6158
0 28.53170 233.06392 -48.69757 0.91682 -0.31218 -0.24896 0.8208 0.6196
0 28.53170 229.97707 -44.82679 0.91682 -0.31218 -0.24896 0.7967 0.6498
podwall_s7
0 24.27051 226.80679 -56.54376 0.91682 -0.17325 -0.35975 0.7719 0.5583
0 24.27051 235.29140 -60.62974 0.91682 -0.17325 -0.35975 0.8382 0.5263
0 28.53170 237.52454 -50.84569 0.91682 -0.17325 -0.35975 0.8557 0.6028
podwall_s7
0 24.27051 226.80679 -56.54376 0.91682 -0.17325 -0.35975 0.7719 0.5583
0 28.53170 237.52454 -50.84569 0.91682 -0.17325 -0.35975 0.8557 0.6028
0 28.53170 233.06392 -48.69757 0.91682 -0.17325 -0.35975 0.8208 0.6196
podwall_s7
0 24.27051 235.29140 -60.62974 0.91682 -0.00000 -0.39930 0.8382 0.5263
0 24.27051 244.70860 -60.62974 0.91682 -0.00000 -0.39930 0.9118 0.5263
0 28.53170 242.47546 -50.84569 0.91682 -0.00000 -0.39930 0.8943 0.6028
podwall_s7
0 24.27051 235.29140 -60.62974 0.91682 -0.00000 -0.39930 0.8382 0.5263
0 28.53170 242.47546 -50.84569 0.91682 -0.00000 -0.39930 0.8943 0.6028
0 28.53170 237.52454 -50.84569 0.91682 -0.00000 -0.39930 0.8557 0.6028
podwall_s7
0 24.27051 244.70860 -60.62974 0.91682 0.17325 -0.35975 0.9118 0.5263
0 24.27051 253.19321 -56.54376 0.91682 0.17325 -0.35975 0.9781 0.5583
0 28.53170 246.93608 -48.69757 0.91682 0.17325 -0.35975 0.9292 0.6196
podwall_s7
0 24.27051 244.70860 -60.62974 0.91682 0.17325 -0.35975 0.9118 0.5263
0 28.53170 246.93608 -48.69757 0.91682 0.17325 -0.35975 0.9292 0.6196
0 28.53170 242.47546 -50.84569 0.91682 0.17325 -0.35975 0.8943 0.6028
podwall_s7
0 24.27051 253.19321 -56.54376 0.91682 0.31218 -0.24896 0.9781 0.5583
0 24.27051 259.06474 -49.18110 0.91682 0.31218 -0.24896 0.0239 0.6158
0 28.53170 250.02293 -44.82679 0.91682 0.31218 -0.24896 0.9533 0.6498
podwall_s7
0 24.27051 253.19321 -56.54376 0.91682 0.31218 -0.24896 0.9781 0.5583
0 28.53170 250.02293 -44.82679 0.91682 0.31218 -0.24896 0.9533 0.6498
0 28.53170 246.93608 -48.69757 0.91682 0.31218 -0.24896 0.9292 0.6196
podwall_s6
0 24.27051 259.06474 -49.18110 0.91682 0.38929 -0.08885 0.0239 0.6158
0 24.27051 261.16027 -40.00000 0.91682 0.38929 -0.08885 0.0403 0.6875
0 28.53170 251.12461 -40.00000 0.91682 0.38929 -0.08885 0.9619 0.6875
podwall_s6
0 24.27051 259.06474 -49.18110 0.91682 0.38929 -0.08885 0.0239 0.6158
0 28.53170 251.12461 -40.00000 0.91682 0.38929 -0.08885 0.9619 0.6875
0 28.53170 250.02293 -44.82679 0.91682 0.38929 -0.08885 0.9533 0.6498
podwall_s6
0 28.53170 251.12461 -40.00000 0.99096 0.13079 0.02985 0.9619 0.6875
0 28.53170 250.02293 -35.17321 0.99096 0.13079 0.02985 0.9533 0.7252
0 30.00000 240.00000 -40.00000 0.99096 0.13079 0.02985 0.8750 0.6875
podwall_s6
0 28.53170 250.02293 -35.17321 0.99096 0.10489 0.08365 0.9533 0.7252
0 28.53170 246.93608 -31.30243 0.99096 0.10489 0.08365 0.9292 0.7554
0 30.00000 240.00000 -40.00000 0.99096 0.10489 0.08365 0.8750 0.6875
podwall_s6
0 28.53170 246.93608 -31.30243 0.99096 0.05821 0.12087 0.9292 0.7554
0 28.53170 242.47546 -29.15431 0.99096 0.05821 0.12087 0.8943 0.7722
0 30.00000 240.00000 -40.00000 0.99096 0.05821 0.12087 0.8750 0.6875
podwall_s6
0 28.53170 242.47546 -29.15431 0.99096 0.00000 0.13416 0.8943 0.7722
0 28.53170 237.52454 -29.15431 0.99096 0.00000 0.13416 0.8557 0.7722
0 30.00000 240.00000 -40.00000 0.99096 0.00000 0.13416 0.8750 0.6875
podwall_s6
0 28.53170 237.52454 -29.15431 0.99096 -0.05821 0.12087 0.8557 0.7722
0 28.53170 233.06392 -31.30243 0.99096 -0.05821 0.12087 0.8208 0.7554
0 30.00000 240.00000 -40.00000 0.99096 -0.05821 0.12087 0.8750 0.6875
podwall_s6
0 28.53170 233.06392 -31.30243 0.99096 -0.10489 0.08365 0.8208 0.7554
0 28.53170 229.97707 -35.17321 0.99096 -0.10489 0.08365 0.7967 0.7252
0 30.00000 240.00000 -40.00000 0.99096 -0.10489 0.08365 0.8750 0.6875
podwall_s6
0 28.53170 229.97707 -35.17321 0.99096 -0.13079 0.02985 0.7967 0.7252
0 28.53170 228.87539 -40.00000 0.99096 -0.13079 0.02985 0.7881 0.6875
0 30.00000 240.00000 -40.00000 0.99096 -0.13079 0.02985 0.8750 0.6875
podwall_s7
0 28.53170 228.87539 -40.00000 0.99096 -0.13079 -0.02985 0.7881 0.6875
0 28.53170 229.97707 -44.82679 0.99096 -0.13079 -0.02985 0.7967 0.6498
0 30.00000 240.00000 -40.00000 0.99096 -0.13079 -0.02985 0.8750 0.6875
podwall_s7
0 28.53170 229.97707 -44.82679 0.99096 -0.10489 -0.08365 0.7967 0.6498
0 28.53170 233.06392 -48.69757 0.99096 -0.10489 -0.08365 0.8208 0.6196
0 30.00000 240.00000 -40.00000 0.99096 -0.10489 -0.08365 0.8750 0.6875
podwall_s7
0 28.53170 233.06392 -48.69757 0.99096 -0.05821 -0.12087 0.8208 0.6196
0 28.53170 237.52454 -50.84569 0.99096 -0.05821 -0.12087 0.8557 0.6028
0 30.00000 240.00000 -40.00000 0.99096 -0.05821 -0.12087 0.8750 0.6875
podwall_s7
0 28.53170 237.52454 -50.84569 0.99096 0.00000 -0.13416 0.8557 0.6028
0 28.53170 242.47546 -50.84569 0.99096 0.00000 -0.13416 0.8943 0.6028
0 30.00000 240.00000 -40.00000 0.99096 0.00000 -0.13416 0.8750 0.6875
podwall_s7
0 28.53170 242.47546 -50.84569 0.99096 0.05821 -0.12087 0.8943 0.6028
0 28.53170 246.93608 -48.69757 0.99096 0.05821 -0.12087 0.9292 0.6196
0 30.00000 240.00000 -40.00000 0.99096 0.05821 -0.12087 0.8750 0.6875
podwall_s7
0 28.53170 246.93608 -48.69757 0.99096 0.10489 -0.08365 0.9292 0.6196
0 28.53170 250.02293 -44.82679 0.99096 0.10489 -0.08365 0.9533 0.6498
0 30.00000 240.00000 -40.00000 0.99096 0.10489 -0.08365 0.8750 0.6875
podwall_s7
0 28.53170 250.02293 -44.82679 0.99096 0.13079 -0.02985 0.9533 0.6498
0 28.53170 251.12461 -40.00000 0.99096 0.13079 -0.02985 0.9619 0.6875
0 30.00000 240.00000 -40.00000 0.99096 0.13079 -0.02985 0.8750 0.6875
podwall_s3
0 0.00000 276.00000 40.00000 0.18219 0.95861 0.21880 0.1562 0.3125
0 0.00000 272.43488 55.61981 0.18219 0.95861 0.21880 0.1284 0.4345
0 9.27051 270.84740 54.85533 0.18219 0.95861 0.21880 0.1160 0.4286
podwall_s3
0 0.00000 276.00000 40.00000 0.18219 0.95861 0.21880 0.1562 0.3125
0 9.27051 270.84740 54.85533 0.18219 0.95861 0.21880 0.1160 0.4286
0 9.27051 274.23803 40.00000 0.18219 0.95861 0.21880 0.1425 0.3125
podwall_s3
0 0.00000 272.43488 55.61981 0.18219 0.76875 0.61305 0.1284 0.4345
0 0.00000 262.44563 68.14593 0.18219 0.76875 0.61305 0.0504 0.5324
0 9.27051 261.34707 66.76837 0.18219 0.76875 0.61305 0.0418 0.5216
podwall_s3
0 0.00000 272.43488 55.61981 0.18219 0.76875 0.61305 0.1284 0.4345
0 9.27051 261.34707 66.76837 0.18219 0.76875 0.61305 0.0418 0.5216
0 9.27051 270.84740 54.85533 0.18219 0.76875 0.61305 0.1160 0.4286
podwall_s2
0 0.00000 262.44563 68.14593 0.18219 0.42662 0.88589 0.0504 0.5324
0 0.00000 248.01075 75.09740 0.18219 0.42662 0.88589 0.9376 0.5867
0 9.27051 247.61868 73.37962 0.18219 0.42662 0.88589 0.9345 0.5733
podwall_s2
0 0.00000 262.44563 68.14593 0.18219 0.42662 0.88589 0.0504 0.5324
0 9.27051 247.61868 73.37962 0.18219 0.42662 0.88589 0.9345 0.5733
0 9.27051 261.34707 66.76837 0.18219 0.42662 0.88589 0.0418 0.5216
podwall_s2
0 0.00000 248.01075 75.09740 0.18219 0.00000 0.98326 0.9376 0.5867
0 0.00000 231.98925 75.09740 0.18219 0.00000 0.98326 0.8124 0.5867
0 9.27051 232.38132 73.37962 0.18219 0.00000 0.98326 0.8155 0.5733
podwall_s2
0 0.00000 248.01075 75.09740 0.18219 0.00000 0.98326 0.9376 0.5867
0 9.27051 232.38132 73.37962 0.18219 0.00000 0.98326 0.8155 0.5733
0 9.27051 247.61868 73.37962 0.18219 0.00000 0.98326 0.9345 0.5733
podwall_s2
0 0.00000 231.98925 75.09740 0.18219 -0.42662 0.88589 0.8124 0.5867
0 0.00000 217.55437 68.14593 0.18219 -0.42662 0.88589 0.6996 0.5324
0 9.27051 218.65293 66.76837 0.18219 -0.42662 0.88589 0.7082 0.5216
podwall_s2
0 0.00000 231.98925 75.09740 0.18219 -0.42662 0.88589 0.8124 0.5867
0 9.27051 218.65293 66.76837 0.18219 -0.42662 0.88589 0.7082 0.5216
0 9.27051 232.38132 73.37962 0.18219 -0.42662 0.88589 0.8155 0.5733
podwall_s3
0 0.00000 217.55437 68.14593 0.18219 -0.76875 0.61305 0.6996 0.5324
0 0.00000 207.56512 55.61981 0.18219 -0.76875 0.61305 0.6216 0.4345
0 9.27051 209.15260 54.85533 0.18219 -0.76875 0.61305 0.6340 0.4286
podwall_s3
0 0.00000 217.55437 68.14593 0.18219 -0.76875 0.61305 0.6996 0.5324
0 9.27051 209.15260 54.85533 0.18219 -0.76875 0.61305 0.6340 0.4286
0 9.27051 218.65293 66.76837 0.18219 -0.76875 0.61305 0.7082 0.5216
podwall_s3
0 0.00000 207.56512 55.61981 0.18219 -0.95861 0.21880 0.6216 0.4345
0 0.00000 204.00000 40.00000 0.18219 -0.95861 0.21880 0.5938 0.3125
0 9.27051 205.76197 40.00000 0.18219 -0.95861 0.21880 0.6075 0.3125
podwall_s3
0 0.00000 207.56512 55.61981 0.18219 -0.95861 0.21880 0.6216 0.4345
0 9.27051 205.76197 40.00000 0.18219 -0.95861 0.21880 0.6075 0.3125
0 9.27051 209.15260 54.85533 0.18219 -0.95861 0.21880 0.6340 0.4286
podwall_s4
0 0.00000 204.00000 40.00000 0.18219 -0.95861 -0.21880 0.5938 0.3125
0 0.00000 207.56512 24.38019 0.18219 -0.95861 -0.21880 0.6216 0.1905
0 9.27051 209.15260 25.14467 0.18219 -0.95861 -0.21880 0.6340 0.1964
podwall_s4
0 0.00000 204.00000 40.00000 0.18219 -0.95861 -0.21880 0.5938 0.3125
0 9.27051 209.15260 25.14467 0.18219 -0.95861 -0.21880 0.6340 0.1964
0 9.27051 205.76197 40.00000 0.18219 -0.95861 -0.21880 0.6075 0.3125
podwall_s5
0 0.00000 207.56512 24.38019 0.18219 -0.76875 -0.61305 0.6216 0.1905
0 0.00000 217.55437 11.85407 0.18219 -0.76875 -0.61305 0.6996 0.0926
0 9.27051 218.65293 13.23163 0.18219 -0.76875 -0.61305 0.7082 0.1034
podwall_s5
0 0.00000 207.56512 24.38019 0.18219 -0.76875 -0.61305 0.6216 0.1905
0 9.27051 218.65293 13.23163 0.18219 -0.76875 -0.61305 0.7082 0.1034
0 9.27051 209.15260 25.14467 0.18219 -0.76875 -0.61305 0.6340 0.1964
podwall_s5
0 0.00000 217.55437 11.85407 0.18219 -0.42662 -0.88589 0.6996 0.0926
0 0.00000 231.98925 4.90260 0.18219 -0.42662 -0.88589 0.8124 0.0383
0 9.27051 232.38132 6.62038 0.18219 -0.42662 -0.88589 0.8155 0.0517
podwall_s5
0 0.00000 217.55437 11.85407 0.18219 -0.42662 -0.88589 0.6996 0.0926
0 9.27051 232.38132 6.62038 0.18219 -0.42662 -0.88589 0.8155 0.0517
0 9.27051 218.65293 13.23163 0.18219 -0.42662 -0.88589 0.7082 0.1034
podwall_s5
0 0.00000 231.98925 4.90260 0.18219 -0.00000 -0.98326 0.8124 0.0383
0 0.00000 248.01075 4.90260 0.18219 -0.00000 -0.98326 0.9376 0.0383
0 9.27051 247.61868 6.62038 0.18219 -0.00000 -0.98326 0.9345 0.0517
podwall_s5
0 0.00000 231.98925 4.90260 0.18219 -0.00000 -0.98326 0.8124 0.0383
0 9.27051 247.61868 6.62038 0.18219 -0.00000 -0.98326 0.9345 0.0517
0 9.27051 232.38132 6.62038 0.18219 -0.00000 -0.98326 0.8155 0.0517
podwall_s5
0 0.00000 248.01075 4.90260 0.18219 0.42662 -0.88589 0.9376 0.0383
0 0.00000 262.44563 11.85407 0.18219 0.42662 -0.88589 0.0504 0.0926
0 9.27051 261.34707 13.23163 0.18219 0.42662 -0.88589 0.0418 0.1034
podwall_s5
0 0.00000 248.01075 4.90260 0.18219 0.42662 -0.88589 0.9376 0.0383
0 9.27051 261.34707 13.23163 0.18219 0.42662 -0.88589 0.0418 0.1034
0 9.27051 247.61868 6.62038 0.18219 0.42662 -0.88589 0.9345 0.0517
podwall_s5
0 0.00000 262.44563 11.85407 0.18219 0.76875 -0.61305 0.0504 0.0926
0 0.00000 272.43488 24.38019 0.18219 0.76875 -0.61305 0.1284 0.1905
0 9.27051 270.84740 25.14467 0.18219 0.76875 -0.61305 0.1160 0.1964
podwall_s5
0 0.00000 262.44563 11.85407 0.18219 0.76875 -0.61305 0.0504 0.0926
0 9.27051 270.84740 25.14467 0.18219 0.76875 -0.61305 0.1160 0.1964
0 9.27051 261.34707 13.23163 0.18219 0.76875 -0.61305 0.0418 0.1034
podwall_s4
0 0.00000 272.43488 24.38019 0.18219 0.95861 -0.21880 0.1284 0.1905
0 0.00000 276.00000 40.00000 0.18219 0.95861 -0.21880 0.1562 0.3125
0 9.27051 274.23803 40.00000 0.18219 0.95861 -0.21880 0.1425 0.3125
podwall_s4
0 0.00000 272.43488 24.38019 0.18219 0.95861 -0.21880 0.1284 0.1905
0 9.27051 274.23803 40.00000 0.18219 0.95861 -0.21880 0.1425 0.3125
0 9.27051 270.84740 25.14467 0.18219 0.95861 -0.21880 0.1160 0.1964
podwall_s4
0 9.27051 274.23803 40.00000 0.51203 0.83743 0.19114 0.1425 0.3125
0 9.27051 270.84740 54.85533 0.51203 0.83743 0.19114 0.1160 0.4286
0 17.63356 266.24037 52.63670 0.51203 0.83743 0.19114 0.0800 0.4112
podwall_s4
0 9.27051 274.23803 40.00000 0.51203 0.83743 0.19114 0.1425 0.3125
0 17.63356 266.24037 52.63670 0.51203 0.83743 0.19114 0.0800 0.4112
0 17.63356 269.12461 40.00000 0.51203 0.83743 0.19114 0.1025 0.3125
podwall_s4
0 9.27051 270.84740 54.85533 0.51203 0.67157 0.53556 0.1160 0.4286
0 9.27051 261.34707 66.76837 0.51203 0.67157 0.53556 0.0418 0.5216
0 17.63356 258.15890 62.77054 0.51203 0.67157 0.53556 0.0169 0.4904
podwall_s4
0 9.27051 270.84740 54.85533 0.51203 0.67157 0.53556 0.1160 0.4286
0 17.63356 258.15890 62.77054 0.51203 0.67157 0.53556 0.0169 0.4904
0 17.63356 266.24037 52.63670 0.51203 0.67157 0.53556 0.0800 0.4112
podwall_s3
0 9.27051 261.34707 66.76837 0.51203 0.37269 0.77390 0.0418 0.5216
0 9.27051 247.61868 73.37962 0.51203 0.37269 0.77390 0.9345 0.5733
0 17.63356 246.48084 68.39440 0.51203 0.37269 0.77390 0.9256 0.5343
podwall_s3
0 9.27051 261.34707 66.76837 0.51203 0.37269 0.77390 0.0418 0.5216
0 17.63356 246.48084 68.39440 0.51203 0.37269 0.77390 0.9256 0.5343
0 17.63356 258.15890 62.77054 0.51203 0.37269 0.77390 0.0169 0.4904
podwall_s3
0 9.27051 247.61868 73.37962 0.51203 0.00000 0.85897 0.9345 0.5733
0 9.27051 232.38132 73.37962 0.51203 0.00000 0.85897 0.8155 0.5733
0 17.63356 233.51916 68.39440 0.51203 0.00000 0.85897 0.8244 0.5343
podwall_s3
0 9.27051 247.61868 73.37962 0.51203 0.00000 0.85897 0.9345 0.5733
0 17.63356 233.51916 68.39440 0.51203 0.00000 0.85897 0.8244 0.5343
0 17.63356 246.48084 68.39440 0.51203 0.00000 0.85897 0.9256 0.5343
podwall_s3
0 9.27051 232.38132 73.37962 0.51203 -0.37269 0.77390 0.8155 0.5733
0 9.27051 218.65293 66.76837 0.51203 -0.37269 0.77390 0.7082 0.5216
0 17.63356 221.84110 62.77054 0.51203 -0.37269 0.77390 0.7331 0.4904
podwall_s3
0 9.27051 232.38132 73.37962 0.51203 -0.37269 0.77390 0.8155 0.5733
0 17.63356 221.84110 62.77054 0.51203 -0.37269 0.77390 0.7331 0.4904
0 17.63356 233.51916 68.39440 0.51203 -0.37269 0.77390 0.8244 0.5343
podwall_s4
0 9.27051 218.65293 66.76837 0.51203 -0.67157 0.53556 0.7082 0.5216
0 9.27051 209.15260 54.85533 0.51203 -0.67157 0.53556 0.6340 0.4286
0 17.63356 213.75963 52.63670 0.51203 -0.67157 0.53556 0.6700 0.4112
podwall_s4
0 9.27051 218.65293 66.76837 0.51203 -0.67157 0.53556 0.7082 0.5216
0 17.63356 213.75963 52.63670 0.51203 -0.67157 0.53556 0.6700 0.4112
0 17.63356 221.84110 62.77054 0.51203 -0.67157 0.53556 0.7331 0.4904
podwall_s4
0 9.27051 209.15260 54.85533 0.51203 -0.83743 0.19114 0.6340 0.4286
0 9.27051 205.76197 40.00000 0.51203 -0.83743 0.19114 0.6075 0.3125
0 17.63356 210.87539 40.00000 0.51203 -0.83743 0.19114 0.6475 0.3125
podwall_s4
0 9.27051 209.15260 54.85533 0.51203 -0.83743 0.19114 0.6340 0.4286
0 17.63356 210.87539 40.00000 0.51203 -0.83743 0.19114 0.6475 0.3125
0 17.63356 213.75963 52.63670 0.51203 -0.83743 0.19114 0.6700 0.4112
podwall_s5
0 9.27051 205.76197 40.00000 0.51203 -0.83743 -0.19114 0.6075 0.3125
0 9.27051 209.15260 25.14467 0.51203 -0.83743 -0.19114 0.6340 0.1964
0 17.63356 213.75963 27.36330 0.51203 -0.83743 -0.19114 0.6700 0.2138
podwall_s5
0 9.27051 205.76197 40.00000 0.51203 -0.83743 -0.19114 0.6075 0.3125
0 17.63356 213.75963 27.36330 0.51203 -0.83743 -0.19114 0.6700 0.2138
0 17.63356 210.87539 40.00000 0.51203 -0.83743 -0.19114 0.6475 0.3125
podwall_s6
0 9.27051 209.15260 25.14467 0.51203 -0.67157 -0.53556 0.6340 0.1964
0 9.27051 218.65293 13.23163 0.51203 -0.67157 -0.53556 0.7082 0.1034
0 17.63356 221.84110 17.22946 0.51203 -0.67157 -0.53556 0.7331 0.1346
podwall_s6
0 9.27051 209.15260 25.14467 0.51203 -0.67157 -0.53556 0.6340 0.1964
0 17.63356 221.84110 17.22946 0.51203 -0.67157 -0.53556 0.7331 0.1346
0 17.63356 213.75963 27.36330 0.51203 -0.67157 -0.53556 0.6700 0.2138
podwall_s6
0 9.27051 218.65293 13.23163 0.51203 -0.37269 -0.77390 0.7082 0.1034
0 9.27051 232.38132 6.62038 0.51203 -0.37269 -0.77390 0.8155 0.0517
0 17.63356 233.51916 11.60560 0.51203 -0.37269 -0.77390 0.8244 0.0907
podwall_s6
0 9.27051 218.65293 13.23163 0.51203 -0.37269 -0.77390 0.7082 0.1034
0 17.63356 233.51916 11.60560 0.51203 -0.37269 -0.77390 0.8244 0.0907
0 17.63356 221.84110 17.22946 0.51203 -0.37269 -0.77390 0.7331 0.1346
podwall_s6
0 9.27051 232.38132 6.62038 0.51203 -0.00000 -0.85897 0.8155 0.0517
0 9.27051 247.61868 6.62038 0.51203 -0.00000 -0.85897 0.9345 0.0517
0 17.63356 246.48084 11.60560 0.51203 -0.00000 -0.85897 0.9256 0.0907
podwall_s6
0 9.27051 232.38132 6.62038 0.51203 -0.00000 -0.85897 0.8155 0.0517
0 17.63356 246.48084 11.60560 0.51203 -0.00000 -0.85897 0.9256 0.0907
0 17.63356 233.51916 11.60560 0.51203 -0.00000 -0.85897 0.8244 0.0907
podwall_s6
0 9.27051 247.61868 6.62038 0.51203 0.37269 -0.77390 0.9345 0.0517
0 9.27051 261.34707 13.23163 0.51203 0.37269 -0.77390 0.0418 0.1034
0 17.63356 258.15890 17.22946 0.51203 0.37269 -0.77390 0.0169 0.1346
podwall_s6
0 9.27051 247.61868 6.62038 0.51203 0.37269 -0.77390 0.9345 0.0517
0 17.63356 258.15890 17.22946 0.51203 0.37269 -0.77390 0.0169 0.1346
0 17.63356 246.48084 11.60560 0.51203 0.37269 -0.77390 0.9256 0.0907
podwall_s6
0 9.27051 261.34707 13.23163 0.51203 0.67157 -0.53556 0.0418 0.1034
0 9.27051 270.84740 25.14467 0.51203 0.67157 -0.53556 0.1160 0.1964
0 17.63356 266.24037 27.36330 0.51203 0.67157 -0.53556 0.0800 0.2138
podwall_s6
0 9.27051 261.34707 13.23163 0.51203 0.67157 -0.53556 0.0418 0.1034
0 17.63356 266.24037 27.36330 0.51203 0.67157 -0.53556 0.0800 0.2138
0 17.63356 258.15890 17.22946 0.51203 0.67157 -0.53556 0.0169 0.1346
podwall_s5
0 9.27051 270.84740 25.14467 0.51203 0.83743 -0.19114 0.1160 0.1964
0 9.27051 274.23803 40.00000 0.51203 0.83743 -0.19114 0.1425 0.3125
0 17.63356 269.12461 40.00000 0.51203 0.83743 -0.19114 0.1025 0.3125
podwall_s5
0 9.27051 270.84740 25.14467 0.51203 0.83743 -0.19114 0.1160 0.1964
0 17.63356 269.12461 40.00000 0.51203 0.83743 -0.19114 0.1025 0.3125
0 17.63356 266.24037 27.36330 0.51203 0.83743 -0.19114 0.0800 0.2138
podwall_s5
0 17.63356 269.12461 40.00000 0.76015 0.63346 0.14458 0.1025 0.3125
0 17.63356 266.24037 52.63670 0.76015 0.63346 0.14458 0.0800 0.4112
0 24.27051 259.06474 49.18110 0.76015 0.63346 0.14458 0.0239 0.3842
podwall_s5
0 17.63356 269.12461 40.00000 0.76015 0.63346 0.14458 0.1025 0.3125
0 24.27051 259.06474 49.18110 0.76015 0.63346 0.14458 0.0239 0.3842
0 24.27051 261.16027 40.00000 0.76015 0.63346 0.14458 0.0403 0.3125
podwall_s5
0 17.63356 266.24037 52.63670 0.76015 0.50799 0.40511 0.0800 0.4112
0 17.63356 258.15890 62.77054 0.76015 0.50799 0.40511 0.0169 0.4904
0 24.27051 253.19321 56.54376 0.76015 0.50799 0.40511 0.9781 0.4417
podwall_s5
0 17.63356 266.24037 52.63670 0.76015 0.50799 0.40511 0.0800 0.4112
0 24.27051 253.19321 56.54376 0.76015 0.50799 0.40511 0.9781 0.4417
0 24.27051 259.06474 49.18110 0.76015 0.50799 0.40511 0.0239 0.3842
podwall_s5
0 17.63356 258.15890 62.77054 0.76015 0.28192 0.58540 0.0169 0.4904
0 17.63356 246.48084 68.39440 0.76015 0.28192 0.58540 0.9256 0.5343
0 24.27051 244.70860 60.62974 0.76015 0.28192 0.58540 0.9118 0.4737
podwall_s5
0 17.63356 258.15890 62.77054 0.76015 0.28192 0.58540 0.0169 0.4904
0 24.27051 244.70860 60.62974 0.76015 0.28192 0.58540 0.9118 0.4737
0 24.27051 253.19321 56.54376 0.76015 0.28192 0.58540 0.9781 0.4417
podwall_s5
0 17.63356 246.48084 68.39440 0.76015 0.00000 0.64975 0.9256 0.5343
0 17.63356 233.51916 68.39440 0.76015 0.00000 0.64975 0.8244 0.5343
0 24.27051 235.29140 60.62974 0.76015 0.00000 0.64975 0.8382 0.4737
podwall_s5
0 17.63356 246.48084 68.39440 0.76015 0.00000 0.64975 0.9256 0.5343
0 24.27051 235.29140 60.62974 0.76015 0.00000 0.64975 0.8382 0.4737
0 24.27051 244.70860 60.62974 0.76015 0.00000 0.64975 0.9118 0.4737
podwall_s5
0 17.63356 233.51916 68.39440 0.76015 -0.28192 0.58540 0.8244 0.5343
0 17.63356 221.84110 62.77054 0.76015 -0.28192 0.58540 0.7331 0.4904
0 24.27051 226.80679 56.54376 0.76015 -0.28192 0.58540 0.7719 0.4417
podwall_s5
0 17.63356 233.51916 68.39440 0.76015 -0.28192 0.58540 0.8244 0.5343
0 24.27051 226.80679 56.54376 0.76015 -0.28192 0.58540 0.7719 0.4417
0 24.27051 235.29140 60.62974 0.76015 -0.28192 0.58540 0.8382 0.4737
podwall_s5
0 17.63356 221.84110 62.77054 0.76015 -0.50799 0.40511 0.7331 0.4904
0 17.63356 213.75963 52.63670 0.76015 -0.50799 0.40511 0.6700 0.4112
0 24.27051 220.93526 49.18110 0.76015 -0.50799 0.40511 0.7261 0.3842
podwall_s5
0 17.63356 221.84110 62.77054 0.76015 -0.50799 0.40511 0.7331 0.4904
0 24.27051 220.93526 49.18110 0.76015 -0.50799 0.40511 0.7261 0.3842
0 24.27051 226.80679 56.54376 0.76015 -0.50799 0.40511 0.7719 0.4417
podwall_s5
0 17.63356 213.75963 52.63670 0.76015 -0.63346 0.14458 0.6700 0.4112
0 17.63356 210.87539 40.00000 0.76015 -0.63346 0.14458 0.6475 0.3125
0 24.27051 218.83973 40.00000 0.76015 -0.63346 0.14458 0.7097 0.3125
podwall_s5
0 17.63356 213.75963 52.63670 0.76015 -0.63346 0.14458 0.6700 0.4112
0 24.27051 218.83973 40.00000 0.76015 -0.63346 0.14458 0.7097 0.3125
0 24.27051 220.93526 49.18110 0.76015 -0.63346 0.14458 0.7261 0.3842
podwall_s6
0 17.63356 210.87539 40.00000 0.76015 -0.63346 -0.14458 0.6475 0.3125
0 17.63356 213.75963 27.36330 0.76015 -0.63346 -0.14458 0.6700 0.2138
0 24.27051 220.93526 30.81890 0.76015 -0.63346 -0.14458 0.7261 0.2408
podwall_s6
0 17.63356 210.87539 40.00000 0.76015 -0.63346 -0.14458 0.6475 0.3125
0 24.27051 220.93526 30.81890 0.76015 -0.63346 -0.14458 0.7261 0.2408
0 24.27051 218.83973 40.00000 0.76015 -0.63346 -0.14458 0.7097 0.3125
podwall_s6
0 17.63356 213.75963 27.36330 0.76015 -0.50799 -0.40511 0.6700 0.2138
0 17.63356 221.84110 17.22946 0.76015 -0.50799 -0.40511 0.7331 0.1346
0 24.27051 226.80679 23.45624 0.76015 -0.50799 -0.40511 0.7719 0.1833
podwall_s6
0 17.63356 213.75963 27.36330 0.76015 -0.50799 -0.40511 0.6700 0.2138
0 24.27051 226.80679 23.45624 0.76015 -0.50799 -0.40511 0.7719 0.1833
0 24.27051 220.93526 30.81890 0.76015 -0.50799 -0.40511 0.7261 0.2408
podwall_s7
0 17.63356 221.84110 17.22946 0.76015 -0.28192 -0.58540 0.7331 0.1346
0 17.63356 233.51916 11.60560 0.76015 -0.28192 -0.58540 0.8244 0.0907
0 24.27051 235.29140 19.37026 0.76015 -0.28192 -0.58540 0.8382 0.1513
podwall_s7
0 17.63356 221.84110 17.22946 0.76015 -0.28192 -0.58540 0.7331 0.1346
0 24.27051 235.29140 19.37026 0.76015 -0.28192 -0.58540 0.8382 0.1513
0 24.27051 226.80679 23.45624 0.76015 -0.28192 -0.58540 0.7719 0.1833
podwall_s7
0 17.63356 233.51916 11.60560 0.76015 -0.00000 -0.64975 0.8244 0.0907
0 17.63356 246.48084 11.60560 0.76015 -0.00000 -0.64975 0.9256 0.0907
0 24.27051 244.70860 19.37026 0.76015 -0.00000 -0.64975 0.9118 0.1513
podwall_s7
0 17.63356 233.51916 11.60560 0.76015 -0.00000 -0.64975 0.8244 0.0907
0 24.27051 244.70860 19.37026 0.76015 -0.00000 -0.64975 0.9118 0.1513
0 24.27051 235.29140 19.37026 0.76015 -0.00000 -0.64975 0.8382 0.1513
podwall_s7
0 17.63356 246.48084 11.60560 0.76015 0.28192 -0.58540 0.9256 0.0907
0 17.63356 258.15890 17.22946 0.76015 0.28192 -0.58540 0.0169 0.1346
0 24.27051 253.19321 23.45624 0.76015 0.28192 -0.58540 0.9781 0.1833
podwall_s7
0 17.63356 246.48084 11.60560 0.76015 0.28192 -0.58540 0.9256 0.0907
0 24.27051 253.19321 23.45624 0.76015 0.28192 -0.58540 0.9781 0.1833
0 24.27051 244.70860 19.37026 0.76015 0.28192 -0.58540 0.9118 0.1513
podwall_s6
0 17.63356 258.15890 17.22946 0.76015 0.50799 -0.40511 0.0169 0.1346
0 17.63356 266.24037 27.36330 0.76015 0.50799 -0.40511 0.0800 0.2138
0 24.27051 259.06474 30.81890 0.76015 0.50799 -0.40511 0.0239 0.2408
podwall_s6
0 17.63356 258.15890 17.22946 0.76015 0.50799 -0.40511 0.0169 0.1346
0 24.27051 259.06474 30.81890 0.76015 0.50799 -0.40511 0.0239 0.2408
0 24.27051 253.19321 23.45624 0.76015 0.50799 -0.40511 0.9781 0.1833
podwall_s6
0 17.63356 266.24037 27.36330 0.76015 0.63346 -0.14458 0.0800 0.2138
0 17.63356 269.12461 40.00000 0.76015 0.63346 -0.14458 0.1025 0.3125
0 24.27051 261.16027 40.00000 0.76015 0.63346 -0.14458 0.0403 0.3125
podwall_s6
0 17.63356 266.24037 27.36330 0.76015 0.63346 -0.14458 0.0800 0.2138
0 24.27051 261.16027 40.00000 0.76015 0.63346 -0.14458 0.0403 0.3125
0 24.27051 259.06474 30.81890 0.76015 0.63346 -0.14458 0.0239 0.2408
podwall_s6
0 24.27051 261.16027 40.00000 0.91682 0.38929 0.08885 0.0403 0.3125
0 24.27051 259.06474 49.18110 0.91682 0.38929 0.08885 0.0239 0.3842
0 28.53170 250.02293 44.82679 0.91682 0.38929 0.08885 0.9533 0.3502
podwall_s6
0 24.27051 261.16027 40.00000 0.91682 0.38929 0.08885 0.0403 0.3125
0 28.53170 250.02293 44.82679 0.91682 0.38929 0.08885 0.9533 0.3502
0 28.53170 251.12461 40.00000 0.91682 0.38929 0.08885 0.9619 0.3125
podwall_s6
0 24.27051 259.06474 49.18110 0.91682 0.31218 0.24896 0.0239 0.3842
0 24.27051 253.19321 56.54376 0.91682 0.31218 0.24896 0.9781 0.4417
0 28.53170 246.93608 48.69757 0.91682 0.31218 0.24896 0.9292 0.3804
podwall_s6
0 24.27051 259.06474 49.18110 0.91682 0.31218 0.24896 0.0239 0.3842
0 28.53170 246.93608 48.69757 0.91682 0.31218 0.24896 0.9292 0.3804
0 28.53170 250.02293 44.82679 0.91682 0.31218 0.24896 0.9533 0.3502
podwall_s6
0 24.27051 253.19321 56.54376 0.91682 0.17325 0.35975 0.9781 0.4417
0 24.27051 244.70860 60.62974 0.91682 0.17325 0.35975 0.9118 0.4737
0 28.53170 242.47546 50.84569 0.91682 0.17325 0.35975 0.8943 0.3972
podwall_s6
0 24.27051 253.19321 56.54376 0.91682 0.17325 0.35975 0.9781 0.4417
0 28.53170 242.47546 50.84569 0.91682 0.17325 0.35975 0.8943 0.3972
0 28.53170 246.93608 48.69757 0.91682 0.17325 0.35975 0.9292 0.3804
podwall_s6
0 24.27051 244.70860 60.62974 0.91682 0.00000 0.39930 0.9118 0.4737
0 24.27051 235.29140 60.62974 0.91682 0.00000 0.39930 0.8382 0.4737
0 28.53170 237.52454 50.84569 0.91682 0.00000 0.39930 0.8557 0.3972
podwall_s6
0 24.27051 244.70860 60.62974 0.91682 0.00000 0.39930 0.9118 0.4737
0 28.53170 237.52454 50.84569 0.91682 0.00000 0.39930 0.8557 0.3972
0 28.53170 242.47546 50.84569 0.91682 0.00000 0.39930 0.8943 0.3972
podwall_s6
0 24.27051 235.29140 60.62974 0.91682 -0.17325 0.35975 0.8382 0.4737
0 24.27051 226.80679 56.54376 0.91682 -0.17325 0.35975 0.7719 0.4417
0 28.53170 233.06392 48.69757 0.91682 -0.17325 0.35975 0.8208 0.3804
podwall_s6
0 24.27051 235.29140 60.62974 0.91682 -0.17325 0.35975 0.8382 0.4737
0 28.53170 233.06392 48.69757 0.91682 -0.17325 0.35975 0.8208 0.3804
0 28.53170 237.52454 50.84569 0.91682 -0.17325 0.35975 0.8557 0.3972
podwall_s6
0 24.27051 226.80679 56.54376 0.91682 -0.31218 0.24896 0.7719 0.4417
0 24.27051 220.93526 49.18110 0.91682 -0.31218 0.24896 0.7261 0.3842
0 28.53170 229.97707 44.82679 0.91682 -0.31218 0.24896 0.7967 0.3502
podwall_s6
0 24.27051 226.80679 56.54376 0.91682 -0.31218 0.24896 0.7719 0.4417
0 28.53170 229.97707 44.82679 0.91682 -0.31218 0.24896 0.7967 0.3502
0 28.53170 233.06392 48.69757 0.91682 -0.31218 0.24896 0.8208 0.3804
podwall_s6
0 24.27051 220.93526 49.18110 0.91682 -0.38929 0.08885 0.7261 0.3842
0 24.27051 218.83973 40.00000 0.91682 -0.38929 0.08885 0.7097 0.3125
0 28.53170 228.87539 40.00000 0.91682 -0.38929 0.08885 0.7881 0.3125
podwall_s6
0 24.27051 220.93526 49.18110 0.91682 -0.38929 0.08885 0.7261 0.3842
0 28.53170 228.87539 40.00000 0.91682 -0.38929 0.08885 0.7881 0.3125
0 28.53170 229.97707 44.82679 0.91682 -0.38929 0.08885 0.7967 0.3502
podwall_s6
0 24.27051 218.83973 40.00000 0.91682 -0.38929 -0.08885 0.7097 0.3125
0 24.27051 220.93526 30.81890 0.91682 -0.38929 -0.08885 0.7261 0.2408
0 28.53170 229.97707 35.17321 0.91682 -0.38929 -0.08885 0.7967 0.2748
podwall_s6
0 24.27051 218.83973 40.00000 0.91682 -0.38929 -0.08885 0.7097 0.3125
0 28.53170 229.97707 35.17321 0.91682 -0.38929 -0.08885 0.7967 0.2748
0 28.53170 228.87539 40.00000 0.91682 -0.38929 -0.08885 0.7881 0.3125
podwall_s7
0 24.27051 220.93526 30.81890 0.91682 -0.31218 -0.24896 0.7261 0.2408
0 24.27051 226.80679 23.45624 0.91682 -0.31218 -0.24896 0.7719 0.1833
0 28.53170 233.06392 31.30243 0.91682 -0.31218 -0.24896 0.8208 0.2446
podwall_s7
0 24.27051 220.93526 30.81890 0.91682 -0.31218 -0.24896 0.7261 0.2408
0 28.53170 233.06392 31.30243 0.91682 -0.31218 -0.24896 0.8208 0.2446
0 28.53170 229.97707 35.17321 0.91682 -0.31218 -0.24896 0.7967 0.2748
podwall_s7
0 24.27051 226.80679 23.45624 0.91682 -0.17325 -0.35975 0.7719 0.1833
0 24.27051 235.29140 19.37026 0.91682 -0.17325 -0.35975 0.8382 0.1513
0 28.53170 237.52454 29.15431 0.91682 -0.17325 -0.35975 0.8557 0.2278
podwall_s7
0 24.27051 226.80679 23.45624 0.91682 -0.17325 -0.35975 0.7719 0.1833
0 28.53170 237.52454 29.15431 0.91682 -0.17325 -0.35975 0.8557 0.2278
0 28.53170 233.06392 31.30243 0.91682 -0.17325 -0.35975 0.8208 0.2446
podwall_s7
0 24.27051 235.29140 19.37026 0.91682 -0.00000 -0.39930 0.8382 0.1513
0 24.27051 244.70860 19.37026 0.91682 -0.00000 -0.39930 0.9118 0.1513
0 28.53170 242.47546 29.15431 0.91682 -0.00000 -0.39930 0.8943 0.2278
podwall_s7
0 24.27051 235.29140 19.37026 0.91682 -0.00000 -0.39930 0.8382 0.1513
0 28.53170 242.47546 29.15431 0.91682 -0.00000 -0.39930 0.8943 0.2278
0 28.53170 237.52454 29.15431 0.91682 -0.00000 -0.39930 0.8557 0.2278
podwall_s7
0 24.27051 244.70860 19.37026 0.91682 0.17325 -0.35975 0.9118 0.1513
0 24.27051 253.19321 23.45624 0.91682 0.17325 -0.35975 0.9781 0.1833
0 28.53170 246.93608 31.30243 0.91682 0.17325 -0.35975 0.9292 0.2446
podwall_s7
0 24.27051 244.70860 19.37026 0.91682 0.17325 -0.35975 0.9118 0.1513
0 28.53170 246.93608 31.30243 0.91682 0.17325 -0.35975 0.9292 0.2446
0 28.53170 242.47546 29.15431 0.91682 0.17325 -0.35975 0.8943 0.2278
podwall_s7
0 24.27051 253.19321 23.45624 0.91682 0.31218 -0.24896 0.9781 0.1833
0 24.27051 259.06474 30.81890 0.91682 0.31218 -0.24896 0.0239 0.2408
0 28.53170 250.02293 35.17321 0.91682 0.31218 -0.24896 0.9533 0.2748
podwall_s7
0 24.27051 253.19321 23.45624 0.91682 0.31218 -0.24896 0.9781 0.1833
0 28.53170 250.02293 35.17321 0.91682 0.31218 -0.24896 0.9533 0.2748
0 28.53170 246.93608 31.30243 0.91682 0.31218 -0.24896 0.9292 0.2446
podwall_s6
0 24.27051 259.06474 30.81890 0.91682 0.38929 -0.08885 0.0239 0.2408
0 24.27051 261.16027 40.00000 0.91682 0.38929 -0.08885 0.0403 0.3125
0 28.53170 251.12461 40.00000 0.91682 0.38929 -0.08885 0.9619 0.3125
podwall_s6
0 24.27051 259.06474 30.81890 0.91682 0.38929 -0.08885 0.0239 0.2408
0 28.53170 251.12461 40.00000 0.91682 0.38929 -0.08885 0.9619 0.3125
0 28.53170 250.02293 35.17321 0.91682 0.38929 -0.08885 0.9533 0.2748
podwall_s6
0 28.53170 251.12461 40.00000 0.99096 0.13079 0.02985 0.9619 0.3125
0 28.53170 250.02293 44.82679 0.99096 0.13079 0.02985 0.9533 0.3502
0 30.00000 240.00000 40.00000 0.99096 0.13079 0.02985 0.8750 0.3125
podwall_s6
0 28.53170 250.02293 44.82679 0.99096 0.10489 0.08365 0.9533 0.3502
0 28.53170 246.93608 48.69757 0.99096 0.10489 0.08365 0.9292 0.3804
0 30.00000 240.00000 40.00000 0.99096 0.10489 0.08365 0.8750 0.3125
podwall_s6
0 28.53170 246.93608 48.69757 0.99096 0.05821 0.12087 0.9292 0.3804
0 28.53170 242.47546 50.84569 0.99096 0.05821 0.12087 0.8943 0.3972
0 30.00000 240.00000 40.00000 0.99096 0.05821 0.12087 0.8750 0.3125
podwall_s6
0 28.53170 242.47546 50.84569 0.99096 0.00000 0.13416 0.8943 0.3972
0 28.53170 237.52454 50.84569 0.99096 0.00000 0.13416 0.8557 0.3972
0 30.00000 240.00000 40.00000 0.99096 0.00000 0.13416 0.8750 0.3125
podwall_s6
0 28.53170 237.52454 50.84569 0.99096 -0.05821 0.12087 0.8557 0.3972
0 28.53170 233.06392 48.69757 0.99096 -0.05821 0.12087 0.8208 0.3804
0 30.00000 240.00000 40.00000 0.99096 -0.05821 0.12087 0.8750 0.3125
podwall_s6
0 28.53170 233.06392 48.69757 0.99096 -0.10489 0.08365 0.8208 0.3804
0 28.53170 229.97707 44.82679 0.99096 -0.10489 0.08365 0.7967 0.3502
0 30.00000 240.00000 40.00000 0.99096 -0.10489 0.08365 0.8750 0.3125
podwall_s6
0 28.53170 229.97707 44.82679 0.99096 -0.13079 0.02985 0.7967 0.3502
0 28.53170 228.87539 40.00000 0.99096 -0.13079 0.02985 0.7881 0.3125
0 30.00000 240.00000 40.00000 0.99096 -0.13079 0.02985 0.8750 0.3125
podwall_s7
0 28.53170 228.87539 40.00000 0.99096 -0.13079 -0.02985 0.7881 0.3125
0 28.53170 229.97707 35.17321 0.99096 -0.13079 -0.02985 0.7967 0.2748
0 30.00000 240.00000 40.00000 0.99096 -0.13079 -0.02985 0.8750 0.3125
podwall_s7
0 28.53170 229.97707 35.17321 0.99096 -0.10489 -0.08365 0.7967 0.2748
0 28.53170 233.06392 31.30243 0.99096 -0.10489 -0.08365 0.8208 0.2446
0 30.00000 240.00000 40.00000 0.99096 -0.10489 -0.08365 0.8750 0.3125
podwall_s7
0 28.53170 233.06392 31.30243 0.99096 -0.05821 -0.12087 0.8208 0.2446
0 28.53170 237.52454 29.15431 0.99096 -0.05821 -0.12087 0.8557 0.2278
0 30.00000 240.00000 40.00000 0.99096 -0.05821 -0.12087 0.8750 0.3125
podwall_s7
0 28.53170 237.52454 29.15431 0.99096 0.00000 -0.13416 0.8557 0.2278
0 28.53170 242.47546 29.15431 0.99096 0.00000 -0.13416 0.8943 0.2278
0 30.00000 240.00000 40.00000 0.99096 0.00000 -0.13416 0.8750 0.3125
podwall_s7
0 28.53170 242.47546 29.15431 0.99096 0.05821 -0.12087 0.8943 0.2278
0 28.53170 246.93608 31.30243 0.99096 0.05821 -0.12087 0.9292 0.2446
0 30.00000 240.00000 40.00000 0.99096 0.05821 -0.12087 0.8750 0.3125
podwall_s7
0 28.53170 246.93608 31.30243 0.99096 0.10489 -0.08365 0.9292 0.2446
0 28.53170 250.02293 35.17321 0.99096 0.10489 -0.08365 0.9533 0.2748
0 30.00000 240.00000 40.00000 0.99096 0.10489 -0.08365 0.8750 0.3125
podwall_s7
0 28.53170 250.02293 35.17321 0.99096 0.13079 -0.02985 0.9533 0.2748
0 28.53170 251.12461 40.00000 0.99096 0.13079 -0.02985 0.9619 0.3125
0 30.00000 240.00000 40.00000 0.99096 0.13079 -0.02985 0.8750 0.3125
podwall_s3
0 0.00000 276.00000 120.00000 0.18219 0.95861 0.21880 0.1562 0.9375
0 0.00000 272.43488 135.61981 0.18219 0.95861 0.21880 0.1284 0.0595
0 9.27051 270.84740 134.85533 0.18219 0.95861 0.21880 0.1160 0.0536
podwall_s3
0 0.00000 276.00000 120.00000 0.18219 0.95861 0.21880 0.1562 0.9375
0 9.27051 270.84740 134.85533 0.18219 0.95861 0.21880 0.1160 0.0536
0 9.27051 274.23803 120.00000 0.18219 0.95861 0.21880 0.1425 0.9375
podwall_s3
0 0.00000 272.43488 135.61981 0.18219 0.76875 0.61305 0.1284 0.0595
0 0.00000 262.44563 148.14593 0.18219 0.76875 0.61305 0.0504 0.1574
0 9.27051 261.34707 146.76837 0.18219 0.76875 0.61305 0.0418 0.1466
podwall_s3
0 0.00000 272.43488 135.61981 0.18219 0.76875 0.61305 0.1284 0.0595
0 9.27051 261.34707 146.76837 0.18219 0.76875 0.61305 0.0418 0.1466
0 9.27051 270.84740 134.85533 0.18219 0.76875 0.61305 0.1160 0.0536
podwall_s2
0 0.00000 262.44563 148.14593 0.18219 0.42662 0.88589 0.0504 0.1574
0 0.00000 248.01075 155.09740 0.18219 0.42662 0.88589 0.9376 0.2117
0 9.27051 247.61868 153.37962 0.18219 0.42662 0.88589 0.9345 0.1983
podwall_s2
0 0.00000 262.44563 148.14593 0.18219 0.42662 0.88589 0.0504 0.1574
0 9.27051 247.61868 153.37962 0.18219 0.42662 0.88589 0.9345 0.1983
0 9.27051 261.34707 146.76837 0.18219 0.42662 0.88589 0.0418 0.1466
podwall_s2
0 0.00000 248.01075 155.09740 0.18219 0.00000 0.98326 0.9376 0.2117
0 0.00000 231.98925 155.09740 0.18219 0.00000 0.98326 0.8124 0.2117
0 9.27051 232.38132 153.37962 0.18219 0.00000 0.98326 0.8155 0.1983
podwall_s2
0 0.00000 248.01075 155.09740 0.18219 0.00000 0.98326 0.9376 0.2117
0 9.27051 232.38132 153.37962 0.18219 0.00000 0.98326 0.8155 0.1983
0 9.27051 247.61868 153.37962 0.18219 0.00000 0.98326 0.9345 0.1983
podwall_s2
0 0.00000 231.98925 155.09740 0.18219 -0.42662 0.88589 0.8124 0.2117
0 0.00000 217.55437 148.14593 0.18219 -0.42662 0.88589 0.6996 0.1574
0 9.27051 218.65293 146.76837 0.18219 -0.42662 0.88589 0.7082 0.1466
podwall_s2
0 0.00000 231.98925 155.09740 0.18219 -0.42662 0.88589 0.8124 0.2117
0 9.27051 218.65293 146.76837 0.18219 -0.42662 0.88589 0.7082 0.1466
0 9.27051 232.38132 153.37962 0.18219 -0.42662 0.88589 0.8155 0.1983
podwall_s3
0 0.00000 217.55437 148.14593 0.18219 -0.76875 0.61305 0.6996 0.1574
0 0.00000 207.56512 135.61981 0.18219 -0.76875 0.61305 0.6216 0.0595
0 9.27051 209.15260 134.85533 0.18219 -0.76875 0.61305 0.6340 0.0536
podwall_s3
0 0.00000 217.55437 148.14593 0.18219 -0.76875 0.61305 0.6996 0.1574
0 9.27051 209.15260 134.85533 0.18219 -0.76875 0.61305 0.6340 0.0536
0 9.27051 218.65293 146.76837 0.18219 -0.76875 0.61305 0.7082 0.1466
podwall_s3
0 0.00000 207.56512 135.61981 0.18219 -0.95861 0.21880 0.6216 0.0595
0 0.00000 204.00000 120.00000 0.18219 -0.95861 0.21880 0.5938 0.9375
0 9.27051 205.76197 120.00000 0.18219 -0.95861 0.21880 0.6075 0.9375
podwall_s3
0 0.00000 207.56512 135.61981 0.18219 -0.95861 0.21880 0.6216 0.0595
0 9.27051 205.76197 120.00000 0.18219 -0.95861 0.21880 0.6075 0.9375
0 9.27051 209.15260 134.85533 0.18219 -0.95861 0.21880 0.6340 0.0536
podwall_s4
0 0.00000 204.00000 120.00000 0.18219 -0.95861 -0.21880 0.5938 0.9375
0 0.00000 207.56512 104.38019 0.18219 -0.95861 -0.21880 0.6216 0.8155
0 9.27051 209.15260 105.14467 0.18219 -0.95861 -0.21880 0.6340 0.8214
podwall_s4
0 0.00000 204.00000 120.00000 0.18219 -0.95861 -0.21880 0.5938 0.9375
0 9.27051 209.15260 105.14467 0.18219 -0.95861 -0.21880 0.6340 0.8214
0 9.27051 205.76197 120.00000 0.18219 -0.95861 -0.21880 0.6075 0.9375
podwall_s5
0 0.00000 207.56512 104.38019 0.18219 -0.76875 -0.61305 0.6216 0.8155
0 0.00000 217.55437 91.85407 0.18219 -0.76875 -0.61305 0.6996 0.7176
0 9.27051 218.65293 93.23163 0.18219 -0.76875 -0.61305 0.7082 0.7284
podwall_s5
0 0.00000 207.56512 104.38019 0.18219 -0.76875 -0.61305 0.6216 0.8155
0 9.27051 218.65293 93.23163 0.18219 -0.76875 -0.61305 0.7082 0.7284
0 9.27051 209.15260 105.14467 0.18219 -0.76875 -0.61305 0.6340 0.8214
podwall_s5
0 0.00000 217.55437 91.85407 0.18219 -0.42662 -0.88589 0.6996 0.7176
0 0.00000 231.98925 84.90260 0.18219 -0.42662 -0.88589 0.8124 0.6633
0 9.27051 232.38132 86.62038 0.18219 -0.42662 -0.88589 0.8155 0.6767
podwall_s5
0 0.00000 217.55437 91.85407 0.18219 -0.42662 -0.88589 0.6996 0.7176
0 9.27051 232.38132 86.62038 0.18219 -0.42662 -0.88589 0.8155 0.6767
0 9.27051 218.65293 93.23163 0.18219 -0.42662 -0.88589 0.7082 0.7284
podwall_s5
0 0.00000 231.98925 84.90260 0.18219 0.00000 -0.98326 0.8124 0.6633
0 0.00000 248.01075 84.90260 0.18219 0.00000 -0.98326 0.9376 0.6633
0 9.27051 247.61868 86.62038 0.18219 0.00000 -0.98326 0.9345 0.6767
podwall_s5
0 0.00000 231.98925 84.90260 0.18219 0.00000 -0.98326 0.8124 0.6633
0 9.27051 247.61868 86.62038 0.18219 0.00000 -0.98326 0.9345 0.6767
0 9.27051 232.38132 86.62038 0.18219 0.00000 -0.98326 0.8155 0.6767
podwall_s5
0 0.00000 248.01075 84.90260 0.18219 0.42662 -0.88589 0.9376 0.6633
0 0.00000 262.44563 91.85407 0.18219 0.42662 -0.88589 0.0504 0.7176
0 9.27051 261.34707 93.23163 0.18219 0.42662 -0.88589 0.0418 0.7284
podwall_s5
0 0.00000 248.01075 84.90260 0.18219 0.42662 -0.88589 0.9376 0.6633
0 9.27051 261.34707 93.23163 0.18219 0.42662 -0.88589 0.0418 0.7284
0 9.27051 247.61868 86.62038 0.18219 0.42662 -0.88589 0.9345 0.6767
podwall_s5
0 0.00000 262.44563 91.85407 0.18219 0.76875 -0.61305 0.0504 0.7176
0 0.00000 272.43488 104.38019 0.18219 0.76875 -0.61305 0.1284 0.8155
0 9.27051 270.84740 105.14467 0.18219 0.76875 -0.61305 0.1160 0.8214
podwall_s5
0 0.00000 262.44563 91.85407 0.18219 0.76875 -0.61305 0.0504 0.7176
0 9.27051 270.84740 105.14467 0.18219 0.76875 -0.61305 0.1160 0.8214
0 9.27051 261.34707 93.23163 0.18219 0.76875 -0.61305 0.0418 0.7284
podwall_s4
0 0.00000 272.43488 104.38019 0.18219 0.95861 -0.21880 0.1284 0.8155
0 0.00000 276.00000 120.00000 0.18219 0.95861 -0.21880 0.1562 0.9375
0 9.27051 274.23803 120.00000 0.18219 0.95861 -0.21880 0.1425 0.9375
podwall_s4
0 0.00000 272.43488 104.38019 0.18219 0.95861 -0.21880 0.1284 0.8155
0 9.27051 274.23803 120.00000 0.18219 0.95861 -0.21880 0.1425 0.9375
0 9.27051 270.84740 105.14467 0.18219 0.95861 -0.21880 0.1160 0.8214
podwall_s4
0 9.27051 274.23803 120.00000 0.51203 0.83743 0.19114 0.1425 0.9375
0 9.27051 270.84740 134.85533 0.51203 0.83743 0.19114 0.1160 0.0536
0 17.63356 266.24037 132.63670 0.51203 0.83743 0.19114 0.0800 0.0362
podwall_s4
0 9.27051 274.23803 120.00000 0.51203 0.83743 0.19114 0.1425 0.9375
0 17.63356 266.24037 132.63670 0.51203 0.83743 0.19114 0.0800 0.0362
0 17.63356 269.12461 120.00000 0.51203 0.83743 0.19114 0.1025 0.9375
podwall_s4
0 9.27051 270.84740 134.85533 0.51203 0.67157 0.53556 0.1160 0.0536
0 9.27051 261.34707 146.76837 0.51203 0.67157 0.53556 0.0418 0.1466
0 17.63356 258.15890 142.77054 0.51203 0.67157 0.53556 0.0169 0.1154
podwall_s4
0 9.27051 270.84740 134.85533 0.51203 0.67157 0.53556 0.1160 0.0536
0 17.63356 258.15890 142.77054 0.51203 0.67157 0.53556 0.0169 0.1154
0 17.63356 266.24037 132.63670 0.51203 0.67157 0.53556 0.0800 0.0362
podwall_s3
0 9.27051 261.34707 146.76837 0.51203 0.37269 0.77390 0.0418 0.1466
0 9.27051 247.61868 153.37962 0.51203 0.37269 0.77390 0.9345 0.1983
0 17.63356 246.48084 148.39440 0.51203 0.37269 0.77390 0.9256 0.1593
podwall_s3
0 9.27051 261.34707 146.76837 0.51203 0.37269 0.77390 0.0418 0.1466
0 17.63356 246.48084 148.39440 0.51203 0.37269 0.77390 0.9256 0.1593
0 17.63356 258.15890 142.77054 0.51203 0.37269 0.77390 0.0169 0.1154
podwall_s3
0 9.27051 247.61868 153.37962 0.51203 0.00000 0.85897 0.9345 0.1983
0 9.27051 232.38132 153.37962 0.51203 0.00000 0.85897 0.8155 0.1983
0 17.63356 233.51916 148.39440 0.51203 0.00000 0.85897 0.8244 0.1593
podwall_s3
0 9.27051 247.61868 153.37962 0.51203 0.00000 0.85897 0.9345 0.1983
0 17.63356 233.51916 148.39440 0.51203 0.00000 0.85897 0.8244 0.1593
0 17.63356 246.48084 148.39440 0.51203 0.00000 0.85897 0.9256 0.1593
podwall_s3
0 9.27051 232.38132 153.37962 0.51203 -0.37269 0.77390 0.8155 0.1983
0 9.27051 218.65293 146.76837 0.51203 -0.37269 0.77390 0.7082 0.1466
0 17.63356 221.84110 142.77054 0.51203 -0.37269 0.77390 0.7331 0.1154
podwall_s3
0 9.27051 232.38132 153.37962 0.51203 -0.37269 0.77390 0.8155 0.1983
0 17.63356 221.84110 142.77054 0.51203 -0.37269 0.77390 0.7331 0.1154
0 17.63356 233.51916 148.39440 0.51203 -0.37269 0.77390 0.8244 0.1593
podwall_s4
0 9.27051 218.65293 146.76837 0.51203 -0.67157 0.53556 0.7082 0.1466
0 9.27051 209.15260 134.85533 0.51203 -0.67157 0.53556 0.6340 0.0536
0 17.63356 213.75963 132.63670 0.51203 -0.67157 0.53556 0.6700 0.0362
podwall_s4
0 9.27051 218.65293 146.76837 0.51203 -0.67157 0.53556 0.7082 0.1466
0 17.63356 213.75963 132.63670 0.51203 -0.67157 0.53556 0.6700 0.0362
0 17.63356 221.84110 142.77054 0.51203 -0.67157 0.53556 0.7331 0.1154
podwall_s4
0 9.27051 209.15260 134.85533 0.51203 -0.83743 0.19114 0.6340 0.0536
0 9.27051 205.76197 120.00000 0.51203 -0.83743 0.19114 0.6075 0.9375
0 17.63356 210.87539 120.00000 0.51203 -0.83743 0.19114 0.6475 0.9375
podwall_s4
0 9.27051 209.15260 134.85533 0.51203 -0.83743 0.19114 0.6340 0.0536
0 17.63356 210.87539 120.00000 0.51203 -0.83743 0.19114 0.6475 0.9375
0 17.63356 213.75963 132.63670 0.51203 -0.83743 0.19114 0.6700 0.0362
podwall_s5
0 9.27051 205.76197 120.00000 0.51203 -0.83743 -0.19114 0.6075 0.9375
0 9.27051 209.15260 105.14467 0.51203 -0.83743 -0.19114 0.6340 0.8214
0 17.63356 213.75963 107.36330 0.51203 -0.83743 -0.19114 0.6700 0.8388
podwall_s5
0 9.27051 205.76197 120.00000 0.51203 -0.83743 -0.19114 0.6075 0.9375
0 17.63356 213.75963 107.36330 0.51203 -0.83743 -0.19114 0.6700 0.8388
0 17.63356 210.87539 120.00000 0.51203 -0.83743 -0.19114 0.6475 0.9375
podwall_s6
0 9.27051 209.15260 105.14467 0.51203 -0.67157 -0.53556 0.6340 0.8214
0 9.27051 218.65293 93.23163 0.51203 -0.67157 -0.53556 0.7082 0.7284
0 17.63356 221.84110 97.22946 0.51203 -0.67157 -0.53556 0.7331 0.7596
podwall_s6
0 9.27051 209.15260 105.14467 0.51203 -0.67157 -0.53556 0.6340 0.8214
0 17.63356 221.84110 97.22946 0.51203 -0.67157 -0.53556 0.7331 0.7596
0 17.63356 213.75963 107.36330 0.51203 -0.67157 -0.53556 0.6700 0.8388
podwall_s6
0 9.27051 218.65293 93.23163 0.51203 -0.37269 -0.77390 0.7082 0.7284
0 9.27051 232.38132 86.62038 0.51203 -0.37269 -0.77390 0.8155 0.6767
0 17.63356 233.51916 91.60560 0.51203 -0.37269 -0.77390 0.8244 0.7157
podwall_s6
0 9.27051 218.65293 93.23163 0.51203 -0.37269 -0.77390 0.7082 0.7284
0 17.63356 233.51916 91.60560 0.51203 -0.37269 -0.77390 0.8244 0.7157
0 17.63356 221.84110 97.22946 0.51203 -0.37269 -0.77390 0.7331 0.7596
podwall_s6
0 9.27051 232.38132 86.62038 0.51203 -0.00000 -0.85897 0.8155 0.6767
0 9.27051 247.61868 86.62038 0.51203 -0.00000 -0.85897 0.9345 0.6767
0 17.63356 246.48084 91.60560 0.51203 -0.00000 -0.85897 0.9256 0.7157
podwall_s6
0 9.27051 232.38132 86.62038 0.51203 -0.00000 -0.85897 0.8155 0.6767
0 17.63356 246.48084 91.60560 0.51203 -0.00000 -0.85897 0.9256 0.7157
0 17.63356 233.51916 91.60560 0.51203 -0.00000 -0.85897 0.8244 0.7157
podwall_s6
0 9.27051 247.61868 86.62038 0.51203 0.37269 -0.77390 0.9345 0.6767
0 9.27051 261.34707 93.23163 0.51203 0.37269 -0.77390 0.0418 0.7284
0 17.63356 258.15890 97.22946 0.51203 0.37269 -0.77390 0.0169 0.7596
podwall_s6
0 9.27051 247.61868 86.62038 0.51203 0.37269 -0.77390 0.9345 0.6767
0 17.63356 258.15890 97.22946 0.51203 0.37269 -0.77390 0.0169 0.7596
0 17.63356 246.48084 91.60560 0.51203 0.37269 -0.77390 0.9256 0.7157
podwall_s6
0 9.27051 261.34707 93.23163 0.51203 0.67157 -0.53556 0.0418 0.7284
0 9.27051 270.84740 105.14467 0.51203 0.67157 -0.53556 0.1160 0.8214
0 17.63356 266.24037 107.36330 0.51203 0.67157 -0.53556 0.0800 0.8388
podwall_s6
0 9.27051 261.34707 93.23163 0.51203 0.67157 -0.53556 0.0418 0.7284
0 17.63356 266.24037 107.36330 0.51203 0.67157 -0.53556 0.0800 0.8388
0 17.63356 258.15890 97.22946 0.51203 0.67157 -0.53556 0.0169 0.7596
podwall_s5
0 9.27051 270.84740 105.14467 0.51203 0.83743 -0.19114 0.1160 0.8214
0 9.27051 274.23803 120.00000 0.51203 0.83743 -0.19114 0.1425 0.9375
0 17.63356 269.12461 120.00000 0.51203 0.83743 -0.19114 0.1025 0.9375
podwall_s5
0 9.27051 270.84740 105.14467 0.51203 0.83743 -0.19114 0.1160 0.8214
0 17.63356 269.12461 120.00000 0.51203 0.83743 -0.19114 0.1025 0.9375
0 17.63356 266.24037 107.36330 0.51203 0.83743 -0.19114 0.0800 0.8388
podwall_s5
0 17.63356 269.12461 120.00000 0.76015 0.63346 0.14458 0.1025 0.9375
0 17.63356 266.24037 132.63670 0.76015 0.63346 0.14458 0.0800 0.0362
0 24.27051 259.06474 129.18110 0.76015 0.63346 0.14458 0.0239 0.0092
podwall_s5
0 17.63356 269.12461 120.00000 0.76015 0.63346 0.14458 0.1025 0.9375
0 24.27051 259.06474 129.18110 0.76015 0.63346 0.14458 0.0239 0.0092
0 24.27051 261.16027 120.00000 0.76015 0.63346 0.14458 0.0403 0.9375
podwall_s5
0 17.63356 266.24037 132.63670 0.76015 0.50799 0.40511 0.0800 0.0362
0 17.63356 258.15890 142.77054 0.76015 0.50799 0.40511 0.0169 0.1154
0 24.27051 253.19321 136.54376 0.76015 0.50799 0.40511 0.9781 0.0667
podwall_s5
0 17.63356 266.24037 132.63670 0.76015 0.50799 0.40511 0.0800 0.0362
0 24.27051 253.19321 136.54376 0.76015 0.50799 0.40511 0.9781 0.0667
0 24.27051 259.06474 129.18110 0.76015 0.50799 0.40511 0.0239 0.0092
podwall_s5
0 17.63356 258.15890 142.77054 0.76015 0.28192 0.58540 0.0169 0.1154
0 17.63356 246.48084 148.39440 0.76015 0.28192 0.58540 0.9256 0.1593
0 24.27051 244.70860 140.62974 0.76015 0.28192 0.58540 0.9118 0.0987
podwall_s5
0 17.63356 258.15890 142.77054 0.76015 0.28192 0.58540 0.0169 0.1154
0 24.27051 244.70860 140.62974 0.76015 0.28192 0.58540 0.9118 0.0987
0 24.27051 253.19321 136.54376 0.76015 0.28192 0.58540 0.9781 0.0667
podwall_s5
0 17.63356 246.48084 148.39440 0.76015 0.00000 0.64975 0.9256 0.1593
0 17.63356 233.51916 148.39440 0.76015 0.00000 0.64975 0.8244 0.1593
0 24.27051 235.29140 140.62974 0.76015 0.00000 0.64975 0.8382 0.0987
podwall_s5
0 17.63356 246.48084 148.39440 0.76015 0.00000 0.64975 0.9256 0.1593
0 24.27051 235.29140 140.62974 0.76015 0.00000 0.64975 0.8382 0.0987
0 24.27051 244.70860 140.62974 0.76015 0.00000 0.64975 0.9118 0.0987
podwall_s5
0 17.63356 233.51916 148.39440 0.76015 -0.28192 0.58540 0.8244 0.1593
0 17.63356 221.84110 142.77054 0.76015 -0.28192 0.58540 0.7331 0.1154
0 24.27051 226.80679 136.54376 0.76015 -0.28192 0.58540 0.7719 0.0667
podwall_s5
0 17.63356 233.51916 148.39440 0.76015 -0.28192 0.58540 0.8244 0.1593
0 24.27051 226.80679 136.54376 0.76015 -0.28192 0.58540 0.7719 0.0667
0 24.27051 235.29140 140.62974 0.76015 -0.28192 0.58540 0.8382 0.0987
podwall_s5
0 17.63356 221.84110 142.77054 0.76015 -0.50799 0.40511 0.7331 0.1154
0 17.63356 213.75963 132.63670 0.76015 -0.50799 0.40511 0.6700 0.0362
0 24.27051 220.93526 129.18110 0.76015 -0.50799 0.40511 0.7261 0.0092
podwall_s5
0 17.63356 221.84110 142.77054 0.76015 -0.50799 0.40511 0.7331 0.1154
0 24.27051 220.93526 129.18110 0.76015 -0.50799 0.40511 0.7261 0.0092
0 24.27051 226.80679 136.54376 0.76015 -0.50799 0.40511 0.7719 0.0667
podwall_s5
0 17.63356 213.75963 132.63670 0.76015 -0.63346 0.14458 0.6700 0.0362
0 17.63356 210.87539 120.00000 0.76015 -0.63346 0.14458 0.6475 0.9375
0 24.27051 218.83973 120.00000 0.76015 -0.63346 0.14458 0.7097 0.9375
podwall_s5
0 17.63356 213.75963 132.63670 0.76015 -0.63346 0.14458 0.6700 0.0362
0 24.27051 218.83973 120.00000 0.76015 -0.63346 0.14458 0.7097 0.9375
0 24.27051 220.93526 129.18110 0.76015 -0.63346 0.14458 0.7261 0.0092
podwall_s6
0 17.63356 210.87539 120.00000 0.76015 -0.63346 -0.14458 0.6475 0.9375
0 17.63356 213.75963 107.36330 0.76015 -0.63346 -0.14458 0.6700 0.8388
0 24.27051 220.93526 110.81890 0.76015 -0.63346 -0.14458 0.7261 0.8658
podwall_s6
0 17.63356 210.87539 120.00000 0.76015 -0.63346 -0.14458 0.6475 0.9375
0 24.27051 220.93526 110.81890 0.76015 -0.63346 -0.14458 0.7261 0.8658
0 24.27051 218.83973 120.00000 0.76015 -0.63346 -0.14458 0.7097 0.9375
podwall_s6
0 17.63356 213.75963 107.36330 0.76015 -0.50799 -0.40511 0.6700 0.8388
0 17.63356 221.84110 97.22946 0.76015 -0.50799 -0.40511 0.7331 0.7596
0 24.27051 226.80679 103.45624 0.76015 -0.50799 -0.40511 0.7719 0.8083
podwall_s6
0 17.63356 213.75963 107.36330 0.76015 -0.50799 -0.40511 0.6700 0.8388
0 24.27051 226.80679 103.45624 0.76015 -0.50799 -0.40511 0.7719 0.8083
0 24.27051 220.93526 110.81890 0.76015 -0.50799 -0.40511 0.7261 0.8658
podwall_s7
0 17.63356 221.84110 97.22946 0.76015 -0.28192 -0.58540 0.7331 0.7596
0 17.63356 233.51916 91.60560 0.76015 -0.28192 -0.58540 0.8244 0.7157
0 24.27051 235.29140 99.37026 0.76015 -0.28192 -0.58540 0.8382 0.7763
podwall_s7
0 17.63356 221.84110 97.22946 0.76015 -0.28192 -0.58540 0.7331 0.7596
0 24.27051 235.29140 99.37026 0.76015 -0.28192 -0.58540 0.8382 0.7763
0 24.27051 226.80679 103.45624 0.76015 -0.28192 -0.58540 0.7719 0.8083
podwall_s7
0 17.63356 233.51916 91.60560 0.76015 -0.00000 -0.64975 0.8244 0.7157
0 17.63356 246.48084 91.60560 0.76015 -0.00000 -0.64975 0.9256 0.7157
0 24.27051 244.70860 99.37026 0.76015 -0.00000 -0.64975 0.9118 0.7763
podwall_s7
0 17.63356 233.51916 91.60560 0.76015 -0.00000 -0.64975 0.8244 0.7157
0 24.27051 244.70860 99.37026 0.76015 -0.00000 -0.64975 0.9118 0.7763
0 24.27051 235.29140 99.37026 0.76015 -0.00000 -0.64975 0.8382 0.7763
podwall_s7
0 17.63356 246.48084 91.60560 0.76015 0.28192 -0.58540 0.9256 0.7157
0 17.63356 258.15890 97.22946 0.76015 0.28192 -0.58540 0.0169 0.7596
0 24.27051 253.19321 103.45624 0.76015 0.28192 -0.58540 0.9781 0.8083
podwall_s7
0 17.63356 246.48084 91.60560 0.76015 0.28192 -0.58540 0.9256 0.7157
0 24.27051 253.19321 103.45624 0.76015 0.28192 -0.58540 0.9781 0.8083
0 24.27051 244.70860 99.37026 0.76015 0.28192 -0.58540 0.9118 0.7763
podwall_s6
0 17.63356 258.15890 97.22946 0.76015 0.50799 -0.40511 0.0169 0.7596
0 17.63356 266.24037 107.36330 0.76015 0.50799 -0.40511 0.0800 0.8388
0 24.27051 259.06474 110.81890 0.76015 0.50799 -0.40511 0.0239 0.8658
podwall_s6
0 17.63356 258.15890 97.22946 0.76015 0.50799 -0.40511 0.0169 0.7596
0 24.27051 259.06474 110.81890 0.76015 0.50799 -0.40511 0.0239 0.8658
0 24.27051 253.19321 103.45624 0.76015 0.50799 -0.40511 0.9781 0.8083
podwall_s6
0 17.63356 266.24037 107.36330 0.76015 0.63346 -0.14458 0.0800 0.8388
0 17.63356 269.12461 120.00000 0.76015 0.63346 -0.14458 0.1025 0.9375
0 24.27051 261.16027 120.00000 0.76015 0.63346 -0.14458 0.0403 0.9375
podwall_s6
0 17.63356 266.24037 107.36330 0.76015 0.63346 -0.14458 0.0800 0.8388
0 24.27051 261.16027 120.00000 0.76015 0.63346 -0.14458 0.0403 0.9375
0 24.27051 259.06474 110.81890 0.76015 0.63346 -0.14458 0.0239 0.8658
podwall_s6
0 24.27051 261.16027 120.00000 0.91682 0.38929 0.08885 0.0403 0.9375
0 24.27051 259.06474 129.18110 0.91682 0.38929 0.08885 0.0239 0.0092
0 28.53170 250.02293 124.82679 0.91682 0.38929 0.08885 0.9533 0.9752
podwall_s6
0 24.27051 261.16027 120.00000 0.91682 0.38929 0.08885 0.0403 0.9375
0 28.53170 250.02293 124.82679 0.91682 0.38929 0.08885 0.9533 0.9752
0 28.53170 251.12461 120.00000 0.91682 0.38929 0.08885 0.9619 0.9375
podwall_s6
0 24.27051 259.06474 129.18110 0.91682 0.31218 0.24896 0.0239 0.0092
0 24.27051 253.19321 136.54376 0.91682 0.31218 0.24896 0.9781 0.0667
0 28.53170 246.93608 128.69757 0.91682 0.31218 0.24896 0.9292 0.0054
podwall_s6
0 24.27051 259.06474 129.18110 0.91682 0.31218 0.24896 0.0239 0.0092
0 28.53170 246.93608 128.69757 0.91682 0.31218 0.24896 0.9292 0.0054
0 28.53170 250.02293 124.82679 0.91682 0.31218 0.24896 0.9533 0.9752
podwall_s6
0 24.27051 253.19321 136.54376 0.91682 0.17325 0.35975 0.9781 0.0667
0 24.27051 244.70860 140.62974 0.91682 0.17325 0.35975 0.9118 0.0987
0 28.53170 242.47546 130.84569 0.91682 0.17325 0.35975 0.8943 0.0222
podwall_s6
0 24.27051 253.19321 136.54376 0.91682 0.17325 0.35975 0.9781 0.0667
0 28.53170 242.47546 130.84569 0.91682 0.17325 0.35975 0.8943 0.0222
0 28.53170 246.93608 128.69757 0.91682 0.17325 0.35975 0.9292 0.0054
podwall_s6
0 24.27051 244.70860 140.62974 0.91682 0.00000 0.39930 0.9118 0.0987
0 24.27051 235.29140 140.62974 0.91682 0.00000 0.39930 0.8382 0.0987
0 28.53170 237.52454 130.84569 0.91682 0.00000 0.39930 0.8557 0.0222
podwall_s6
0 24.27051 244.70860 140.62974 0.91682 0.00000 0.39930 0.9118 0.0987
0 28.53170 237.52454 130.84569 0.91682 0.00000 0.39930 0.8557 0.0222
0 28.53170 242.47546 130.84569 0.91682 0.00000 0.39930 0.8943 0.0222
podwall_s6
0 24.27051 235.29140 140.62974 0.91682 -0.17325 0.35975 0.8382 0.0987
0 24.27051 226.80679 136.54376 0.91682 -0.17325 0.35975 0.7719 0.0667
0 28.53170 233.06392 128.69757 0.91682 -0.17325 0.35975 0.8208 0.0054
podwall_s6
0 24.27051 235.29140 140.62974 0.91682 -0.17325 0.35975 0.8382 0.0987
0 28.53170 233.06392 128.69757 0.91682 -0.17325 0.35975 0.8208 0.0054
0 28.53170 237.52454 130.84569 0.91682 -0.17325 0.35975 0.8557 0.0222
podwall_s6
0 24.27051 226.80679 136.54376 0.91682 -0.31218 0.24896 0.7719 0.0667
0 24.27051 220.93526 129.18110 0.91682 -0.31218 0.24896 0.7261 0.0092
0 28.53170 229.97707 124.82679 0.91682 -0.31218 0.24896 0.7967 0.9752
podwall_s6
0 24.27051 226.80679 136.54376 0.91682 -0.31218 0.24896 0.7719 0.0667
0 28.53170 229.97707 124.82679 0.91682 -0.31218 0.24896 0.7967 0.9752
0 28.53170 233.06392 128.69757 0.91682 -0.31218 0.24896 0.8208 0.0054
podwall_s6
0 24.27051 220.93526 129.18110 0.91682 -0.38929 0.08885 0.7261 0.0092
0 24.27051 218.83973 120.00000 0.91682 -0.38929 0.08885 0.7097 0.9375
0 28.53170 228.87539 120.00000 0.91682 -0.38929 0.08885 0.7881 0.9375
podwall_s6
0 24.27051 220.93526 129.18110 0.91682 -0.38929 0.08885 0.7261 0.0092
0 28.53170 228.87539 120.00000 0.91682 -0.38929 0.08885 0.7881 0.9375
0 28.53170 229.97707 124.82679 0.91682 -0.38929 0.08885 0.7967 0.9752
podwall_s6
0 24.27051 218.83973 120.00000 0.91682 -0.38929 -0.08885 0.7097 0.9375
0 24.27051 220.93526 110.81890 0.91682 -0.38929 -0.08885 0.7261 0.8658
0 28.53170 229.97707 115.17321 0.91682 -0.38929 -0.08885 0.7967 0.8998
podwall_s6
0 24.27051 218.83973 120.00000 0.91682 -0.38929 -0.08885 0.7097 0.9375
0 28.53170 229.97707 115.17321 0.91682 -0.38929 -0.08885 0.7967 0.8998
0 28.53170 228.87539 120.00000 0.91682 -0.38929 -0.08885 0.7881 0.9375
podwall_s7
0 24.27051 220.93526 110.81890 0.91682 -0.31218 -0.24896 0.7261 0.8658
0 24.27051 226.80679 103.45624 0.91682 -0.31218 -0.24896 0.7719 0.8083
0 28.53170 233.06392 111.30243 0.91682 -0.31218 -0.24896 0.8208 0.8696
podwall_s7
0 24.27051 220.93526 110.81890 0.91682 -0.31218 -0.24896 0.7261 0.8658
0 28.53170 233.06392 111.30243 0.91682 -0.31218 -0.24896 0.8208 0.8696
0 28.53170 229.97707 115.17321 0.91682 -0.31218 -0.24896 0.7967 0.8998
podwall_s7
0 24.27051 226.80679 103.45624 0.91682 -0.17325 -0.35975 0.7719 0.8083
0 24.27051 235.29140 99.37026 0.91682 -0.17325 -0.35975 0.8382 0.7763
0 28.53170 237.52454 109.15431 0.91682 -0.17325 -0.35975 0.8557 0.8528
podwall_s7
0 24.27051 226.80679 103.45624 0.91682 -0.17325 -0.35975 0.7719 0.8083
0 28.53170 237.52454 109.15431 0.91682 -0.17325 -0.35975 0.8557 0.8528
0 28.53170 233.06392 111.30243 0.91682 -0.17325 -0.35975 0.8208 0.8696
podwall_s7
0 24.27051 235.29140 99.37026 0.91682 -0.00000 -0.39930 0.8382 0.7763
0 24.27051 244.70860 99.37026 0.91682 -0.00000 -0.39930 0.9118 0.7763
0 28.53170 242.47546 109.15431 0.91682 -0.00000 -0.39930 0.8943 0.8528
podwall_s7
0 24.27051 235.29140 99.37026 0.91682 -0.00000 -0.39930 0.8382 0.7763
0 28.53170 242.47546 109.15431 0.91682 -0.00000 -0.39930 0.8943 0.8528
0 28.53170 237.52454 109.15431 0.91682 -0.00000 -0.39930 0.8557 0.8528
podwall_s7
0 24.27051 244.70860 99.37026 0.91682 0.17325 -0.35975 0.9118 0.7763
0 24.27051 253.19321 103.45624 0.91682 0.17325 -0.35975 0.9781 0.8083
0 28.53170 246.93608 111.30243 0.91682 0.17325 -0.35975 0.9292 0.8696
podwall_s7
0 24.27051 244.70860 99.37026 0.91682 0.17325 -0.35975 0.9118 0.7763
0 28.53170 246.93608 111.30243 0.91682 0.17325 -0.35975 0.9292 0.8696
0 28.53170 242.47546 109.15431 0.91682 0.17325 -0.35975 0.8943 0.8528
podwall_s7
0 24.27051 253.19321 103.45624 0.91682 0.31218 -0.24896 0.9781 0.8083
0 24.27051 259.06474 110.81890 0.91682 0.31218 -0.24896 0.0239 0.8658
0 28.53170 250.02293 115.17321 0.91682 0.31218 -0.24896 0.9533 0.8998
podwall_s7
0 24.27051 253.19321 103.45624 0.91682 0.31218 -0.24896 0.9781 0.8083
0 28.53170 250.02293 115.17321 0.91682 0.31218 -0.24896 0.9533 0.8998
0 28.53170 246.93608 111.30243 0.91682 0.31218 -0.24896 0.9292 0.8696
podwall_s6
0 24.27051 259.06474 110.81890 0.91682 0.38929 -0.08885 0.0239 0.8658
0 24.27051 261.16027 120.00000 0.91682 0.38929 -0.08885 0.0403 0.9375
0 28.53170 251.12461 120.00000 0.91682 0.38929 -0.08885 0.9619 0.9375
podwall_s6
0 24.27051 259.06474 110.81890 0.91682 0.38929 -0.08885 0.0239 0.8658
0 28.53170 251.12461 120.00000 0.91682 0.38929 -0.08885 0.9619 0.9375
0 28.53170 250.02293 115.17321 0.91682 0.38929 -0.08885 0.9533 0.8998
podwall_s6
0 28.53170 251.12461 120.00000 0.99096 0.13079 0.02985 0.9619 0.9375
0 28.53170 250.02293 124.82679 0.99096 0.13079 0.02985 0.9533 0.9752
0 30.00000 240.00000 120.00000 0.99096 0.13079 0.02985 0.8750 0.9375
podwall_s6
0 28.53170 250.02293 124.82679 0.99096 0.10489 0.08365 0.9533 0.9752
0 28.53170 246.93608 128.69757 0.99096 0.10489 0.08365 0.9292 0.0054
0 30.00000 240.00000 120.00000 0.99096 0.10489 0.08365 0.8750 0.9375
podwall_s6
0 28.53170 246.93608 128.69757 0.99096 0.05821 0.12087 0.9292 0.0054
0 28.53170 242.47546 130.84569 0.99096 0.05821 0.12087 0.8943 0.0222
0 30.00000 240.00000 120.00000 0.99096 0.05821 0.12087 0.8750 0.9375
podwall_s6
0 28.53170 242.47546 130.84569 0.99096 0.00000 0.13416 0.8943 0.0222
0 28.53170 237.52454 130.84569 0.99096 0.00000 0.13416 0.8557 0.0222
0 30.00000 240.00000 120.00000 0.99096 0.00000 0.13416 0.8750 0.9375
podwall_s6
0 28.53170 237.52454 130.84569 0.99096 -0.05821 0.12087 0.8557 0.0222
0 28.53170 233.06392 128.69757 0.99096 -0.05821 0.12087 0.8208 0.0054
0 30.00000 240.00000 120.00000 0.99096 -0.05821 0.12087 0.8750 0.9375
podwall_s6
0 28.53170 233.06392 128.69757 0.99096 -0.10489 0.08365 0.8208 0.0054
0 28.53170 229.97707 124.82679 0.99096 -0.10489 0.08365 0.7967 0.9752
0 30.00000 240.00000 120.00000 0.99096 -0.10489 0.08365 0.8750 0.9375
podwall_s6
0 28.53170 229.97707 124.82679 0.99096 -0.13079 0.02985 0.7967 0.9752
0 28.53170 228.87539 120.00000 0.99096 -0.13079 0.02985 0.7881 0.9375
0 30.00000 240.00000 120.00000 0.99096 -0.13079 0.02985 0.8750 0.9375
podwall_s7
0 28.53170 228.87539 120.00000 0.99096 -0.13079 -0.02985 0.7881 0.9375
0 28.53170 229.97707 115.17321 0.99096 -0.13079 -0.02985 0.7967 0.8998
0 30.00000 240.00000 120.00000 0.99096 -0.13079 -0.02985 0.8750 0.9375
podwall_s7
0 28.53170 229.97707 115.17321 0.99096 -0.10489 -0.08365 0.7967 0.8998
0 28.53170 233.06392 111.30243 0.99096 -0.10489 -0.08365 0.8208 0.8696
0 30.00000 240.00000 120.00000 0.99096 -0.10489 -0.08365 0.8750 0.9375
podwall_s7
0 28.53170 233.06392 111.30243 0.99096 -0.05821 -0.12087 0.8208 0.8696
0 28.53170 237.52454 109.15431 0.99096 -0.05821 -0.12087 0.8557 0.8528
0 30.00000 240.00000 120.00000 0.99096 -0.05821 -0.12087 0.8750 0.9375
podwall_s7
0 28.53170 237.52454 109.15431 0.99096 -0.00000 -0.13416 0.8557 0.8528
0 28.53170 242.47546 109.15431 0.99096 -0.00000 -0.13416 0.8943 0.8528
0 30.00000 240.00000 120.00000 0.99096 -0.00000 -0.13416 0.8750 0.9375
podwall_s7
0 28.53170 242.47546 109.15431 0.99096 0.05821 -0.12087 0.8943 0.8528
0 28.53170 246.93608 111.30243 0.99096 0.05821 -0.12087 0.9292 0.8696
0 30.00000 240.00000 120.00000 0.99096 0.05821 -0.12087 0.8750 0.9375
podwall_s7
0 28.53170 246.93608 111.30243 0.99096 0.10489 -0.08365 0.9292 0.8696
0 28.53170 250.02293 115.17321 0.99096 0.10489 -0.08365 0.9533 0.8998
0 30.00000 240.00000 120.00000 0.99096 0.10489 -0.08365 0.8750 0.9375
podwall_s7
0 28.53170 250.02293 115.17321 0.99096 0.13079 -0.02985 0.9533 0.8998
0 28.53170 251.12461 120.00000 0.99096 0.13079 -0.02985 0.9619 0.9375
0 30.00000 240.00000 120.00000 0.99096 0.13079 -0.02985 0.8750 0.9375
end
