version 1
nodes
0 "root" -1
end
skeleton
time 0
0 0 0 0 0 0 0
end
triangles
transfer_white
0 5.00000 -6.70000 3.00000 -1.00000 0.00000 0.00000 0.9477 0.0234
0 5.00000 -3.30000 3.00000 -1.00000 0.00000 0.00000 0.9742 0.0234
0 5.00000 -3.30000 -3.00000 -1.00000 0.00000 0.00000 0.9742 0.9766
transfer_white
0 5.00000 -6.70000 3.00000 -1.00000 0.00000 0.00000 0.9477 0.0234
0 5.00000 -3.30000 -3.00000 -1.00000 0.00000 0.00000 0.9742 0.9766
0 5.00000 -6.70000 -3.00000 -1.00000 0.00000 0.00000 0.9477 0.9766
transfer_white
0 91.00000 -6.70000 -3.00000 1.00000 0.00000 0.00000 0.9477 0.9766
0 91.00000 -3.30000 -3.00000 1.00000 0.00000 0.00000 0.9742 0.9766
0 91.00000 -3.30000 3.00000 1.00000 0.00000 0.00000 0.9742 0.0234
transfer_white
0 91.00000 -6.70000 -3.00000 1.00000 0.00000 0.00000 0.9477 0.9766
0 91.00000 -3.30000 3.00000 1.00000 0.00000 0.00000 0.9742 0.0234
0 91.00000 -6.70000 3.00000 1.00000 0.00000 0.00000 0.9477 0.0234
transfer_white
0 5.00000 -6.70000 -3.00000 0.00000 -1.00000 0.00000 0.9477 0.9766
0 91.00000 -6.70000 -3.00000 0.00000 -1.00000 0.00000 0.9477 0.9766
0 91.00000 -6.70000 3.00000 0.00000 -1.00000 0.00000 0.9477 0.0234
transfer_white
0 5.00000 -6.70000 -3.00000 0.00000 -1.00000 0.00000 0.9477 0.9766
0 91.00000 -6.70000 3.00000 0.00000 -1.00000 0.00000 0.9477 0.0234
0 5.00000 -6.70000 3.00000 0.00000 -1.00000 0.00000 0.9477 0.0234
transfer_white
0 5.00000 -3.30000 3.00000 -0.00000 1.00000 0.00000 0.9742 0.0234
0 91.00000 -3.30000 3.00000 -0.00000 1.00000 0.00000 0.9742 0.0234
0 91.00000 -3.30000 -3.00000 -0.00000 1.00000 0.00000 0.9742 0.9766
transfer_white
0 5.00000 -3.30000 3.00000 -0.00000 1.00000 0.00000 0.9742 0.0234
0 91.00000 -3.30000 -3.00000 -0.00000 1.00000 0.00000 0.9742 0.9766
0 5.00000 -3.30000 -3.00000 -0.00000 1.00000 0.00000 0.9742 0.9766
transfer_white
0 5.00000 -3.30000 -3.00000 0.00000 0.00000 -1.00000 0.9742 0.9766
0 91.00000 -3.30000 -3.00000 0.00000 0.00000 -1.00000 0.9742 0.9766
0 91.00000 -6.70000 -3.00000 0.00000 0.00000 -1.00000 0.9477 0.9766
transfer_white
0 5.00000 -3.30000 -3.00000 0.00000 0.00000 -1.00000 0.9742 0.9766
0 91.00000 -6.70000 -3.00000 0.00000 0.00000 -1.00000 0.9477 0.9766
0 5.00000 -6.70000 -3.00000 0.00000 0.00000 -1.00000 0.9477 0.9766
transfer_white
0 5.00000 -6.70000 3.00000 0.00000 0.00000 1.00000 0.9477 0.0234
0 91.00000 -6.70000 3.00000 0.00000 0.00000 1.00000 0.9477 0.0234
0 91.00000 -3.30000 3.00000 0.00000 0.00000 1.00000 0.9742 0.0234
transfer_white
0 5.00000 -6.70000 3.00000 0.00000 0.00000 1.00000 0.9477 0.0234
0 91.00000 -3.30000 3.00000 0.00000 0.00000 1.00000 0.9742 0.0234
0 5.00000 -3.30000 3.00000 0.00000 0.00000 1.00000 0.9742 0.0234
transfer_white
0 5.00000 3.30000 3.00000 -1.00000 0.00000 0.00000 0.0258 0.0234
0 5.00000 6.70000 3.00000 -1.00000 0.00000 0.00000 0.0523 0.0234
0 5.00000 6.70000 -3.00000 -1.00000 0.00000 0.00000 0.0523 0.9766
transfer_white
0 5.00000 3.30000 3.00000 -1.00000 0.00000 0.00000 0.0258 0.0234
0 5.00000 6.70000 -3.00000 -1.00000 0.00000 0.00000 0.0523 0.9766
0 5.00000 3.30000 -3.00000 -1.00000 0.00000 0.00000 0.0258 0.9766
transfer_white
0 91.00000 3.30000 -3.00000 1.00000 0.00000 0.00000 0.0258 0.9766
0 91.00000 6.70000 -3.00000 1.00000 0.00000 0.00000 0.0523 0.9766
0 91.00000 6.70000 3.00000 1.00000 0.00000 0.00000 0.0523 0.0234
transfer_white
0 91.00000 3.30000 -3.00000 1.00000 0.00000 0.00000 0.0258 0.9766
0 91.00000 6.70000 3.00000 1.00000 0.00000 0.00000 0.0523 0.0234
0 91.00000 3.30000 3.00000 1.00000 0.00000 0.00000 0.0258 0.0234
transfer_white
0 5.00000 3.30000 -3.00000 0.00000 -1.00000 0.00000 0.0258 0.9766
0 91.00000 3.30000 -3.00000 0.00000 -1.00000 0.00000 0.0258 0.9766
0 91.00000 3.30000 3.00000 0.00000 -1.00000 0.00000 0.0258 0.0234
transfer_white
0 5.00000 3.30000 -3.00000 0.00000 -1.00000 0.00000 0.0258 0.9766
0 91.00000 3.30000 3.00000 0.00000 -1.00000 0.00000 0.0258 0.0234
0 5.00000 3.30000 3.00000 0.00000 -1.00000 0.00000 0.0258 0.0234
transfer_white
0 5.00000 6.70000 3.00000 -0.00000 1.00000 0.00000 0.0523 0.0234
0 91.00000 6.70000 3.00000 -0.00000 1.00000 0.00000 0.0523 0.0234
0 91.00000 6.70000 -3.00000 -0.00000 1.00000 0.00000 0.0523 0.9766
transfer_white
0 5.00000 6.70000 3.00000 -0.00000 1.00000 0.00000 0.0523 0.0234
0 91.00000 6.70000 -3.00000 -0.00000 1.00000 0.00000 0.0523 0.9766
0 5.00000 6.70000 -3.00000 -0.00000 1.00000 0.00000 0.0523 0.9766
transfer_white
0 5.00000 6.70000 -3.00000 0.00000 0.00000 -1.00000 0.0523 0.9766
0 91.00000 6.70000 -3.00000 0.00000 0.00000 -1.00000 0.0523 0.9766
0 91.00000 3.30000 -3.00000 0.00000 0.00000 -1.00000 0.0258 0.9766
transfer_white
0 5.00000 6.70000 -3.00000 0.00000 0.00000 -1.00000 0.0523 0.9766
0 91.00000 3.30000 -3.00000 0.00000 0.00000 -1.00000 0.0258 0.9766
0 5.00000 3.30000 -3.00000 0.00000 0.00000 -1.00000 0.0258 0.9766
transfer_white
0 5.00000 3.30000 3.00000 0.00000 0.00000 1.00000 0.0258 0.0234
0 91.00000 3.30000 3.00000 0.00000 0.00000 1.00000 0.0258 0.0234
0 91.00000 6.70000 3.00000 0.00000 0.00000 1.00000 0.0523 0.0234
transfer_white
0 5.00000 3.30000 3.00000 0.00000 0.00000 1.00000 0.0258 0.0234
0 91.00000 6.70000 3.00000 0.00000 0.00000 1.00000 0.0523 0.0234
0 5.00000 6.70000 3.00000 0.00000 0.00000 1.00000 0.0523 0.0234
transfer_black
0 10.00000 -2.60000 2.00000 -1.00000 0.00000 0.00000 0.9797 0.0156
0 10.00000 2.60000 2.00000 -1.00000 0.00000 0.00000 0.0203 0.0156
0 10.00000 2.60000 -2.00000 -1.00000 0.00000 0.00000 0.0203 0.9844
transfer_black
0 10.00000 -2.60000 2.00000 -1.00000 0.00000 0.00000 0.9797 0.0156
0 10.00000 2.60000 -2.00000 -1.00000 0.00000 0.00000 0.0203 0.9844
0 10.00000 -2.60000 -2.00000 -1.00000 0.00000 0.00000 0.9797 0.9844
transfer_black
0 78.00000 -2.60000 -2.00000 1.00000 0.00000 0.00000 0.9797 0.9844
0 78.00000 2.60000 -2.00000 1.00000 0.00000 0.00000 0.0203 0.9844
0 78.00000 2.60000 2.00000 1.00000 0.00000 0.00000 0.0203 0.0156
transfer_black
0 78.00000 -2.60000 -2.00000 1.00000 0.00000 0.00000 0.9797 0.9844
0 78.00000 2.60000 2.00000 1.00000 0.00000 0.00000 0.0203 0.0156
0 78.00000 -2.60000 2.00000 1.00000 0.00000 0.00000 0.9797 0.0156
transfer_black
0 10.00000 -2.60000 -2.00000 0.00000 -1.00000 0.00000 0.9797 0.9844
0 78.00000 -2.60000 -2.00000 0.00000 -1.00000 0.00000 0.9797 0.9844
0 78.00000 -2.60000 2.00000 0.00000 -1.00000 0.00000 0.9797 0.0156
transfer_black
0 10.00000 -2.60000 -2.00000 0.00000 -1.00000 0.00000 0.9797 0.9844
0 78.00000 -2.60000 2.00000 0.00000 -1.00000 0.00000 0.9797 0.0156
0 10.00000 -2.60000 2.00000 0.00000 -1.00000 0.00000 0.9797 0.0156
transfer_black
0 10.00000 2.60000 2.00000 -0.00000 1.00000 0.00000 0.0203 0.0156
0 78.00000 2.60000 2.00000 -0.00000 1.00000 0.00000 0.0203 0.0156
0 78.00000 2.60000 -2.00000 -0.00000 1.00000 0.00000 0.0203 0.9844
transfer_black
0 10.00000 2.60000 2.00000 -0.00000 1.00000 0.00000 0.0203 0.0156
0 78.00000 2.60000 -2.00000 -0.00000 1.00000 0.00000 0.0203 0.9844
0 10.00000 2.60000 -2.00000 -0.00000 1.00000 0.00000 0.0203 0.9844
transfer_black
0 10.00000 2.60000 -2.00000 0.00000 0.00000 -1.00000 0.0203 0.9844
0 78.00000 2.60000 -2.00000 0.00000 0.00000 -1.00000 0.0203 0.9844
0 78.00000 -2.60000 -2.00000 0.00000 0.00000 -1.00000 0.9797 0.9844
transfer_black
0 10.00000 2.60000 -2.00000 0.00000 0.00000 -1.00000 0.0203 0.9844
0 78.00000 -2.60000 -2.00000 0.00000 0.00000 -1.00000 0.9797 0.9844
0 10.00000 -2.60000 -2.00000 0.00000 0.00000 -1.00000 0.9797 0.9844
transfer_black
0 10.00000 -2.60000 2.00000 0.00000 0.00000 1.00000 0.9797 0.0156
0 78.00000 -2.60000 2.00000 0.00000 0.00000 1.00000 0.9797 0.0156
0 78.00000 2.60000 2.00000 0.00000 0.00000 1.00000 0.0203 0.0156
transfer_black
0 10.00000 -2.60000 2.00000 0.00000 0.00000 1.00000 0.9797 0.0156
0 78.00000 2.60000 2.00000 0.00000 0.00000 1.00000 0.0203 0.0156
0 10.00000 2.60000 2.00000 0.00000 0.00000 1.00000 0.0203 0.0156
transfer_grey
0 38.00000 -1.30000 1.30000 -1.00000 0.00000 0.00000 0.9898 0.0102
0 38.00000 1.30000 1.30000 -1.00000 0.00000 0.00000 0.0102 0.0102
0 38.00000 1.30000 -1.30000 -1.00000 0.00000 0.00000 0.0102 0.9898
transfer_grey
0 38.00000 -1.30000 1.30000 -1.00000 0.00000 0.00000 0.9898 0.0102
0 38.00000 1.30000 -1.30000 -1.00000 0.00000 0.00000 0.0102 0.9898
0 38.00000 -1.30000 -1.30000 -1.00000 0.00000 0.00000 0.9898 0.9898
transfer_grey
0 91.00000 -1.30000 -1.30000 1.00000 0.00000 0.00000 0.9898 0.9898
0 91.00000 1.30000 -1.30000 1.00000 0.00000 0.00000 0.0102 0.9898
0 91.00000 1.30000 1.30000 1.00000 0.00000 0.00000 0.0102 0.0102
transfer_grey
0 91.00000 -1.30000 -1.30000 1.00000 0.00000 0.00000 0.9898 0.9898
0 91.00000 1.30000 1.30000 1.00000 0.00000 0.00000 0.0102 0.0102
0 91.00000 -1.30000 1.30000 1.00000 0.00000 0.00000 0.9898 0.0102
transfer_grey
0 38.00000 -1.30000 -1.30000 0.00000 -1.00000 0.00000 0.9898 0.9898
0 91.00000 -1.30000 -1.30000 0.00000 -1.00000 0.00000 0.9898 0.9898
0 91.00000 -1.30000 1.30000 0.00000 -1.00000 0.00000 0.9898 0.0102
transfer_grey
0 38.00000 -1.30000 -1.30000 0.00000 -1.00000 0.00000 0.9898 0.9898
0 91.00000 -1.30000 1.30000 0.00000 -1.00000 0.00000 0.9898 0.0102
0 38.00000 -1.30000 1.30000 0.00000 -1.00000 0.00000 0.9898 0.0102
transfer_grey
0 38.00000 1.30000 1.30000 -0.00000 1.00000 0.00000 0.0102 0.0102
0 91.00000 1.30000 1.30000 -0.00000 1.00000 0.00000 0.0102 0.0102
0 91.00000 1.30000 -1.30000 -0.00000 1.00000 0.00000 0.0102 0.9898
transfer_grey
0 38.00000 1.30000 1.30000 -0.00000 1.00000 0.00000 0.0102 0.0102
0 91.00000 1.30000 -1.30000 -0.00000 1.00000 0.00000 0.0102 0.9898
0 38.00000 1.30000 -1.30000 -0.00000 1.00000 0.00000 0.0102 0.9898
transfer_grey
0 38.00000 1.30000 -1.30000 0.00000 0.00000 -1.00000 0.0102 0.9898
0 91.00000 1.30000 -1.30000 0.00000 0.00000 -1.00000 0.0102 0.9898
0 91.00000 -1.30000 -1.30000 0.00000 0.00000 -1.00000 0.9898 0.9898
transfer_grey
0 38.00000 1.30000 -1.30000 0.00000 0.00000 -1.00000 0.0102 0.9898
0 91.00000 -1.30000 -1.30000 0.00000 0.00000 -1.00000 0.9898 0.9898
0 38.00000 -1.30000 -1.30000 0.00000 0.00000 -1.00000 0.9898 0.9898
transfer_grey
0 38.00000 -1.30000 1.30000 0.00000 0.00000 1.00000 0.9898 0.0102
0 91.00000 -1.30000 1.30000 0.00000 0.00000 1.00000 0.9898 0.0102
0 91.00000 1.30000 1.30000 0.00000 0.00000 1.00000 0.0102 0.0102
transfer_grey
0 38.00000 -1.30000 1.30000 0.00000 0.00000 1.00000 0.9898 0.0102
0 91.00000 1.30000 1.30000 0.00000 0.00000 1.00000 0.0102 0.0102
0 38.00000 1.30000 1.30000 0.00000 0.00000 1.00000 0.0102 0.0102
transfer_white
0 0.00000 0.00000 -7.00000 0.00000 0.00000 -1.00000 0.0000 0.9453
0 8.42728 1.10947 -7.00000 0.00000 0.00000 -1.00000 0.0087 0.9453
0 8.50000 0.00000 -7.00000 0.00000 0.00000 -1.00000 0.0000 0.9453
transfer_white
0 0.00000 0.00000 -7.00000 0.00000 0.00000 -1.00000 0.0000 0.9453
0 8.21037 2.19996 -7.00000 0.00000 0.00000 -1.00000 0.0172 0.9453
0 8.42728 1.10947 -7.00000 0.00000 0.00000 -1.00000 0.0087 0.9453
transfer_white
0 0.00000 0.00000 -7.00000 0.00000 0.00000 -1.00000 0.0000 0.9453
0 7.85298 3.25281 -7.00000 0.00000 0.00000 -1.00000 0.0254 0.9453
0 8.21037 2.19996 -7.00000 0.00000 0.00000 -1.00000 0.0172 0.9453
transfer_white
0 0.00000 0.00000 -7.00000 0.00000 0.00000 -1.00000 0.0000 0.9453
0 7.36122 4.25000 -7.00000 0.00000 0.00000 -1.00000 0.0332 0.9453
0 7.85298 3.25281 -7.00000 0.00000 0.00000 -1.00000 0.0254 0.9453
transfer_white
0 0.00000 0.00000 -7.00000 0.00000 0.00000 -1.00000 0.0000 0.9453
0 6.74350 5.17447 -7.00000 0.00000 0.00000 -1.00000 0.0404 0.9453
0 7.36122 4.25000 -7.00000 0.00000 0.00000 -1.00000 0.0332 0.9453
transfer_white
0 0.00000 0.00000 -7.00000 0.00000 0.00000 -1.00000 0.0000 0.9453
0 6.01041 6.01041 -7.00000 0.00000 0.00000 -1.00000 0.0470 0.9453
0 6.74350 5.17447 -7.00000 0.00000 0.00000 -1.00000 0.0404 0.9453
transfer_white
0 0.00000 0.00000 -7.00000 0.00000 0.00000 -1.00000 0.0000 0.9453
0 5.17447 6.74350 -7.00000 0.00000 0.00000 -1.00000 0.0527 0.9453
0 6.01041 6.01041 -7.00000 0.00000 0.00000 -1.00000 0.0470 0.9453
transfer_white
0 0.00000 0.00000 -7.00000 0.00000 0.00000 -1.00000 0.0000 0.9453
0 4.25000 7.36122 -7.00000 0.00000 0.00000 -1.00000 0.0575 0.9453
0 5.17447 6.74350 -7.00000 0.00000 0.00000 -1.00000 0.0527 0.9453
transfer_white
0 0.00000 0.00000 -7.00000 0.00000 0.00000 -1.00000 0.0000 0.9453
0 3.25281 7.85298 -7.00000 0.00000 0.00000 -1.00000 0.0614 0.9453
0 4.25000 7.36122 -7.00000 0.00000 0.00000 -1.00000 0.0575 0.9453
transfer_white
0 0.00000 0.00000 -7.00000 0.00000 0.00000 -1.00000 0.0000 0.9453
0 2.19996 8.21037 -7.00000 0.00000 0.00000 -1.00000 0.0641 0.9453
0 3.25281 7.85298 -7.00000 0.00000 0.00000 -1.00000 0.0614 0.9453
transfer_white
0 0.00000 0.00000 -7.00000 0.00000 0.00000 -1.00000 0.0000 0.9453
0 1.10947 8.42728 -7.00000 0.00000 0.00000 -1.00000 0.0658 0.9453
0 2.19996 8.21037 -7.00000 0.00000 0.00000 -1.00000 0.0641 0.9453
transfer_white
0 0.00000 0.00000 -7.00000 0.00000 0.00000 -1.00000 0.0000 0.9453
0 0.00000 8.50000 -7.00000 0.00000 0.00000 -1.00000 0.0664 0.9453
0 1.10947 8.42728 -7.00000 0.00000 0.00000 -1.00000 0.0658 0.9453
transfer_white
0 0.00000 0.00000 -7.00000 0.00000 0.00000 -1.00000 0.0000 0.9453
0 -1.10947 8.42728 -7.00000 0.00000 0.00000 -1.00000 0.0658 0.9453
0 0.00000 8.50000 -7.00000 0.00000 0.00000 -1.00000 0.0664 0.9453
transfer_white
0 0.00000 0.00000 -7.00000 0.00000 0.00000 -1.00000 0.0000 0.9453
0 -2.19996 8.21037 -7.00000 0.00000 0.00000 -1.00000 0.0641 0.9453
0 -1.10947 8.42728 -7.00000 0.00000 0.00000 -1.00000 0.0658 0.9453
transfer_white
0 0.00000 0.00000 -7.00000 0.00000 0.00000 -1.00000 0.0000 0.9453
0 -3.25281 7.85298 -7.00000 0.00000 0.00000 -1.00000 0.0614 0.9453
0 -2.19996 8.21037 -7.00000 0.00000 0.00000 -1.00000 0.0641 0.9453
transfer_white
0 0.00000 0.00000 -7.00000 0.00000 0.00000 -1.00000 0.0000 0.9453
0 -4.25000 7.36122 -7.00000 0.00000 0.00000 -1.00000 0.0575 0.9453
0 -3.25281 7.85298 -7.00000 0.00000 0.00000 -1.00000 0.0614 0.9453
transfer_white
0 0.00000 0.00000 -7.00000 0.00000 0.00000 -1.00000 0.0000 0.9453
0 -5.17447 6.74350 -7.00000 0.00000 0.00000 -1.00000 0.0527 0.9453
0 -4.25000 7.36122 -7.00000 0.00000 0.00000 -1.00000 0.0575 0.9453
transfer_white
0 0.00000 0.00000 -7.00000 0.00000 0.00000 -1.00000 0.0000 0.9453
0 -6.01041 6.01041 -7.00000 0.00000 0.00000 -1.00000 0.0470 0.9453
0 -5.17447 6.74350 -7.00000 0.00000 0.00000 -1.00000 0.0527 0.9453
transfer_white
0 0.00000 0.00000 -7.00000 0.00000 0.00000 -1.00000 0.0000 0.9453
0 -6.74350 5.17447 -7.00000 0.00000 0.00000 -1.00000 0.0404 0.9453
0 -6.01041 6.01041 -7.00000 0.00000 0.00000 -1.00000 0.0470 0.9453
transfer_white
0 0.00000 0.00000 -7.00000 0.00000 0.00000 -1.00000 0.0000 0.9453
0 -7.36122 4.25000 -7.00000 0.00000 0.00000 -1.00000 0.0332 0.9453
0 -6.74350 5.17447 -7.00000 0.00000 0.00000 -1.00000 0.0404 0.9453
transfer_white
0 0.00000 0.00000 -7.00000 0.00000 0.00000 -1.00000 0.0000 0.9453
0 -7.85298 3.25281 -7.00000 0.00000 0.00000 -1.00000 0.0254 0.9453
0 -7.36122 4.25000 -7.00000 0.00000 0.00000 -1.00000 0.0332 0.9453
transfer_white
0 0.00000 0.00000 -7.00000 0.00000 0.00000 -1.00000 0.0000 0.9453
0 -8.21037 2.19996 -7.00000 0.00000 0.00000 -1.00000 0.0172 0.9453
0 -7.85298 3.25281 -7.00000 0.00000 0.00000 -1.00000 0.0254 0.9453
transfer_white
0 0.00000 0.00000 -7.00000 0.00000 0.00000 -1.00000 0.0000 0.9453
0 -8.42728 1.10947 -7.00000 0.00000 0.00000 -1.00000 0.0087 0.9453
0 -8.21037 2.19996 -7.00000 0.00000 0.00000 -1.00000 0.0172 0.9453
transfer_white
0 0.00000 0.00000 -7.00000 0.00000 0.00000 -1.00000 0.0000 0.9453
0 -8.50000 0.00000 -7.00000 0.00000 0.00000 -1.00000 0.0000 0.9453
0 -8.42728 1.10947 -7.00000 0.00000 0.00000 -1.00000 0.0087 0.9453
transfer_white
0 0.00000 0.00000 -7.00000 -0.00000 0.00000 -1.00000 0.0000 0.9453
0 -8.42728 -1.10947 -7.00000 -0.00000 0.00000 -1.00000 0.9913 0.9453
0 -8.50000 0.00000 -7.00000 -0.00000 0.00000 -1.00000 0.0000 0.9453
transfer_white
0 0.00000 0.00000 -7.00000 0.00000 0.00000 -1.00000 0.0000 0.9453
0 -8.21037 -2.19996 -7.00000 0.00000 0.00000 -1.00000 0.9828 0.9453
0 -8.42728 -1.10947 -7.00000 0.00000 0.00000 -1.00000 0.9913 0.9453
transfer_white
0 0.00000 0.00000 -7.00000 0.00000 0.00000 -1.00000 0.0000 0.9453
0 -7.85298 -3.25281 -7.00000 0.00000 0.00000 -1.00000 0.9746 0.9453
0 -8.21037 -2.19996 -7.00000 0.00000 0.00000 -1.00000 0.9828 0.9453
transfer_white
0 0.00000 0.00000 -7.00000 0.00000 0.00000 -1.00000 0.0000 0.9453
0 -7.36122 -4.25000 -7.00000 0.00000 0.00000 -1.00000 0.9668 0.9453
0 -7.85298 -3.25281 -7.00000 0.00000 0.00000 -1.00000 0.9746 0.9453
transfer_white
0 0.00000 0.00000 -7.00000 0.00000 0.00000 -1.00000 0.0000 0.9453
0 -6.74350 -5.17447 -7.00000 0.00000 0.00000 -1.00000 0.9596 0.9453
0 -7.36122 -4.25000 -7.00000 0.00000 0.00000 -1.00000 0.9668 0.9453
transfer_white
0 0.00000 0.00000 -7.00000 0.00000 0.00000 -1.00000 0.0000 0.9453
0 -6.01041 -6.01041 -7.00000 0.00000 0.00000 -1.00000 0.9530 0.9453
0 -6.74350 -5.17447 -7.00000 0.00000 0.00000 -1.00000 0.9596 0.9453
transfer_white
0 0.00000 0.00000 -7.00000 0.00000 0.00000 -1.00000 0.0000 0.9453
0 -5.17447 -6.74350 -7.00000 0.00000 0.00000 -1.00000 0.9473 0.9453
0 -6.01041 -6.01041 -7.00000 0.00000 0.00000 -1.00000 0.9530 0.9453
transfer_white
0 0.00000 0.00000 -7.00000 0.00000 0.00000 -1.00000 0.0000 0.9453
0 -4.25000 -7.36122 -7.00000 0.00000 0.00000 -1.00000 0.9425 0.9453
0 -5.17447 -6.74350 -7.00000 0.00000 0.00000 -1.00000 0.9473 0.9453
transfer_white
0 0.00000 0.00000 -7.00000 0.00000 0.00000 -1.00000 0.0000 0.9453
0 -3.25281 -7.85298 -7.00000 0.00000 0.00000 -1.00000 0.9386 0.9453
0 -4.25000 -7.36122 -7.00000 0.00000 0.00000 -1.00000 0.9425 0.9453
transfer_white
0 0.00000 0.00000 -7.00000 0.00000 0.00000 -1.00000 0.0000 0.9453
0 -2.19996 -8.21037 -7.00000 0.00000 0.00000 -1.00000 0.9359 0.9453
0 -3.25281 -7.85298 -7.00000 0.00000 0.00000 -1.00000 0.9386 0.9453
transfer_white
0 0.00000 0.00000 -7.00000 0.00000 0.00000 -1.00000 0.0000 0.9453
0 -1.10947 -8.42728 -7.00000 0.00000 0.00000 -1.00000 0.9342 0.9453
0 -2.19996 -8.21037 -7.00000 0.00000 0.00000 -1.00000 0.9359 0.9453
transfer_white
0 0.00000 0.00000 -7.00000 0.00000 0.00000 -1.00000 0.0000 0.9453
0 -0.00000 -8.50000 -7.00000 0.00000 0.00000 -1.00000 0.9336 0.9453
0 -1.10947 -8.42728 -7.00000 0.00000 0.00000 -1.00000 0.9342 0.9453
transfer_white
0 0.00000 0.00000 -7.00000 0.00000 -0.00000 -1.00000 0.0000 0.9453
0 1.10947 -8.42728 -7.00000 0.00000 -0.00000 -1.00000 0.9342 0.9453
0 -0.00000 -8.50000 -7.00000 0.00000 -0.00000 -1.00000 0.9336 0.9453
transfer_white
0 0.00000 0.00000 -7.00000 0.00000 0.00000 -1.00000 0.0000 0.9453
0 2.19996 -8.21037 -7.00000 0.00000 0.00000 -1.00000 0.9359 0.9453
0 1.10947 -8.42728 -7.00000 0.00000 0.00000 -1.00000 0.9342 0.9453
transfer_white
0 0.00000 0.00000 -7.00000 0.00000 0.00000 -1.00000 0.0000 0.9453
0 3.25281 -7.85298 -7.00000 0.00000 0.00000 -1.00000 0.9386 0.9453
0 2.19996 -8.21037 -7.00000 0.00000 0.00000 -1.00000 0.9359 0.9453
transfer_white
0 0.00000 0.00000 -7.00000 0.00000 0.00000 -1.00000 0.0000 0.9453
0 4.25000 -7.36122 -7.00000 0.00000 0.00000 -1.00000 0.9425 0.9453
0 3.25281 -7.85298 -7.00000 0.00000 0.00000 -1.00000 0.9386 0.9453
transfer_white
0 0.00000 0.00000 -7.00000 0.00000 0.00000 -1.00000 0.0000 0.9453
0 5.17447 -6.74350 -7.00000 0.00000 0.00000 -1.00000 0.9473 0.9453
0 4.25000 -7.36122 -7.00000 0.00000 0.00000 -1.00000 0.9425 0.9453
transfer_white
0 0.00000 0.00000 -7.00000 0.00000 0.00000 -1.00000 0.0000 0.9453
0 6.01041 -6.01041 -7.00000 0.00000 0.00000 -1.00000 0.9530 0.9453
0 5.17447 -6.74350 -7.00000 0.00000 0.00000 -1.00000 0.9473 0.9453
transfer_white
0 0.00000 0.00000 -7.00000 0.00000 0.00000 -1.00000 0.0000 0.9453
0 6.74350 -5.17447 -7.00000 0.00000 0.00000 -1.00000 0.9596 0.9453
0 6.01041 -6.01041 -7.00000 0.00000 0.00000 -1.00000 0.9530 0.9453
transfer_white
0 0.00000 0.00000 -7.00000 0.00000 0.00000 -1.00000 0.0000 0.9453
0 7.36122 -4.25000 -7.00000 0.00000 0.00000 -1.00000 0.9668 0.9453
0 6.74350 -5.17447 -7.00000 0.00000 0.00000 -1.00000 0.9596 0.9453
transfer_white
0 0.00000 0.00000 -7.00000 0.00000 0.00000 -1.00000 0.0000 0.9453
0 7.85298 -3.25281 -7.00000 0.00000 0.00000 -1.00000 0.9746 0.9453
0 7.36122 -4.25000 -7.00000 0.00000 0.00000 -1.00000 0.9668 0.9453
transfer_white
0 0.00000 0.00000 -7.00000 0.00000 0.00000 -1.00000 0.0000 0.9453
0 8.21037 -2.19996 -7.00000 0.00000 0.00000 -1.00000 0.9828 0.9453
0 7.85298 -3.25281 -7.00000 0.00000 0.00000 -1.00000 0.9746 0.9453
transfer_white
0 0.00000 0.00000 -7.00000 0.00000 0.00000 -1.00000 0.0000 0.9453
0 8.42728 -1.10947 -7.00000 0.00000 0.00000 -1.00000 0.9913 0.9453
0 8.21037 -2.19996 -7.00000 0.00000 0.00000 -1.00000 0.9828 0.9453
transfer_white
0 0.00000 0.00000 -7.00000 0.00000 0.00000 -1.00000 0.0000 0.9453
0 8.50000 -0.00000 -7.00000 0.00000 0.00000 -1.00000 1.0000 0.9453
0 8.42728 -1.10947 -7.00000 0.00000 0.00000 -1.00000 0.9913 0.9453
transfer_white
0 8.42728 1.10947 -7.00000 0.79890 0.05236 -0.59918 0.0087 0.9453
0 9.91445 1.30526 -5.00000 0.79890 0.05236 -0.59918 0.0102 0.9609
0 10.00000 0.00000 -5.00000 0.79890 0.05236 -0.59918 0.0000 0.9609
transfer_white
0 8.42728 1.10947 -7.00000 0.79890 0.05236 -0.59918 0.0087 0.9453
0 10.00000 0.00000 -5.00000 0.79890 0.05236 -0.59918 0.0000 0.9609
0 8.50000 0.00000 -7.00000 0.79890 0.05236 -0.59918 0.0000 0.9453
transfer_white
0 8.21037 2.19996 -7.00000 0.78523 0.15619 -0.59918 0.0172 0.9453
0 9.65926 2.58819 -5.00000 0.78523 0.15619 -0.59918 0.0202 0.9609
0 9.91445 1.30526 -5.00000 0.78523 0.15619 -0.59918 0.0102 0.9609
transfer_white
0 8.21037 2.19996 -7.00000 0.78523 0.15619 -0.59918 0.0172 0.9453
0 9.91445 1.30526 -5.00000 0.78523 0.15619 -0.59918 0.0102 0.9609
0 8.42728 1.10947 -7.00000 0.78523 0.15619 -0.59918 0.0087 0.9453
transfer_white
0 7.85298 3.25281 -7.00000 0.75813 0.25735 -0.59918 0.0254 0.9453
0 9.23880 3.82683 -5.00000 0.75813 0.25735 -0.59918 0.0299 0.9609
0 9.65926 2.58819 -5.00000 0.75813 0.25735 -0.59918 0.0202 0.9609
transfer_white
0 7.85298 3.25281 -7.00000 0.75813 0.25735 -0.59918 0.0254 0.9453
0 9.65926 2.58819 -5.00000 0.75813 0.25735 -0.59918 0.0202 0.9609
0 8.21037 2.19996 -7.00000 0.75813 0.25735 -0.59918 0.0172 0.9453
transfer_white
0 7.36122 4.25000 -7.00000 0.71805 0.35410 -0.59918 0.0332 0.9453
0 8.66025 5.00000 -5.00000 0.71805 0.35410 -0.59918 0.0391 0.9609
0 9.23880 3.82683 -5.00000 0.71805 0.35410 -0.59918 0.0299 0.9609
transfer_white
0 7.36122 4.25000 -7.00000 0.71805 0.35410 -0.59918 0.0332 0.9453
0 9.23880 3.82683 -5.00000 0.71805 0.35410 -0.59918 0.0299 0.9609
0 7.85298 3.25281 -7.00000 0.71805 0.35410 -0.59918 0.0254 0.9453
transfer_white
0 6.74350 5.17447 -7.00000 0.66569 0.44480 -0.59918 0.0404 0.9453
0 7.93353 6.08761 -5.00000 0.66569 0.44480 -0.59918 0.0476 0.9609
0 8.66025 5.00000 -5.00000 0.66569 0.44480 -0.59918 0.0391 0.9609
transfer_white
0 6.74350 5.17447 -7.00000 0.66569 0.44480 -0.59918 0.0404 0.9453
0 8.66025 5.00000 -5.00000 0.66569 0.44480 -0.59918 0.0391 0.9609
0 7.36122 4.25000 -7.00000 0.66569 0.44480 -0.59918 0.0332 0.9453
transfer_white
0 6.01041 6.01041 -7.00000 0.60194 0.52788 -0.59918 0.0470 0.9453
0 7.07107 7.07107 -5.00000 0.60194 0.52788 -0.59918 0.0552 0.9609
0 7.93353 6.08761 -5.00000 0.60194 0.52788 -0.59918 0.0476 0.9609
transfer_white
0 6.01041 6.01041 -7.00000 0.60194 0.52788 -0.59918 0.0470 0.9453
0 7.93353 6.08761 -5.00000 0.60194 0.52788 -0.59918 0.0476 0.9609
0 6.74350 5.17447 -7.00000 0.60194 0.52788 -0.59918 0.0404 0.9453
transfer_white
0 5.17447 6.74350 -7.00000 0.52788 0.60194 -0.59918 0.0527 0.9453
0 6.08761 7.93353 -5.00000 0.52788 0.60194 -0.59918 0.0620 0.9609
0 7.07107 7.07107 -5.00000 0.52788 0.60194 -0.59918 0.0552 0.9609
transfer_white
0 5.17447 6.74350 -7.00000 0.52788 0.60194 -0.59918 0.0527 0.9453
0 7.07107 7.07107 -5.00000 0.52788 0.60194 -0.59918 0.0552 0.9609
0 6.01041 6.01041 -7.00000 0.52788 0.60194 -0.59918 0.0470 0.9453
transfer_white
0 4.25000 7.36122 -7.00000 0.44480 0.66569 -0.59918 0.0575 0.9453
0 5.00000 8.66025 -5.00000 0.44480 0.66569 -0.59918 0.0677 0.9609
0 6.08761 7.93353 -5.00000 0.44480 0.66569 -0.59918 0.0620 0.9609
transfer_white
0 4.25000 7.36122 -7.00000 0.44480 0.66569 -0.59918 0.0575 0.9453
0 6.08761 7.93353 -5.00000 0.44480 0.66569 -0.59918 0.0620 0.9609
0 5.17447 6.74350 -7.00000 0.44480 0.66569 -0.59918 0.0527 0.9453
transfer_white
0 3.25281 7.85298 -7.00000 0.35410 0.71805 -0.59918 0.0614 0.9453
0 3.82683 9.23880 -5.00000 0.35410 0.71805 -0.59918 0.0722 0.9609
0 5.00000 8.66025 -5.00000 0.35410 0.71805 -0.59918 0.0677 0.9609
transfer_white
0 3.25281 7.85298 -7.00000 0.35410 0.71805 -0.59918 0.0614 0.9453
0 5.00000 8.66025 -5.00000 0.35410 0.71805 -0.59918 0.0677 0.9609
0 4.25000 7.36122 -7.00000 0.35410 0.71805 -0.59918 0.0575 0.9453
transfer_white
0 2.19996 8.21037 -7.00000 0.25735 0.75813 -0.59918 0.0641 0.9453
0 2.58819 9.65926 -5.00000 0.25735 0.75813 -0.59918 0.0755 0.9609
0 3.82683 9.23880 -5.00000 0.25735 0.75813 -0.59918 0.0722 0.9609
transfer_white
0 2.19996 8.21037 -7.00000 0.25735 0.75813 -0.59918 0.0641 0.9453
0 3.82683 9.23880 -5.00000 0.25735 0.75813 -0.59918 0.0722 0.9609
0 3.25281 7.85298 -7.00000 0.25735 0.75813 -0.59918 0.0614 0.9453
transfer_white
0 1.10947 8.42728 -7.00000 0.15619 0.78523 -0.59918 0.0658 0.9453
0 1.30526 9.91445 -5.00000 0.15619 0.78523 -0.59918 0.0775 0.9609
0 2.58819 9.65926 -5.00000 0.15619 0.78523 -0.59918 0.0755 0.9609
transfer_white
0 1.10947 8.42728 -7.00000 0.15619 0.78523 -0.59918 0.0658 0.9453
0 2.58819 9.65926 -5.00000 0.15619 0.78523 -0.59918 0.0755 0.9609
0 2.19996 8.21037 -7.00000 0.15619 0.78523 -0.59918 0.0641 0.9453
transfer_white
0 0.00000 8.50000 -7.00000 0.05236 0.79890 -0.59918 0.0664 0.9453
0 0.00000 10.00000 -5.00000 0.05236 0.79890 -0.59918 0.0781 0.9609
0 1.30526 9.91445 -5.00000 0.05236 0.79890 -0.59918 0.0775 0.9609
transfer_white
0 0.00000 8.50000 -7.00000 0.05236 0.79890 -0.59918 0.0664 0.9453
0 1.30526 9.91445 -5.00000 0.05236 0.79890 -0.59918 0.0775 0.9609
0 1.10947 8.42728 -7.00000 0.05236 0.79890 -0.59918 0.0658 0.9453
transfer_white
0 -1.10947 8.42728 -7.00000 -0.05236 0.79890 -0.59918 0.0658 0.9453
0 -1.30526 9.91445 -5.00000 -0.05236 0.79890 -0.59918 0.0775 0.9609
0 0.00000 10.00000 -5.00000 -0.05236 0.79890 -0.59918 0.0781 0.9609
transfer_white
0 -1.10947 8.42728 -7.00000 -0.05236 0.79890 -0.59918 0.0658 0.9453
0 0.00000 10.00000 -5.00000 -0.05236 0.79890 -0.59918 0.0781 0.9609
0 0.00000 8.50000 -7.00000 -0.05236 0.79890 -0.59918 0.0664 0.9453
transfer_white
0 -2.19996 8.21037 -7.00000 -0.15619 0.78523 -0.59918 0.0641 0.9453
0 -2.58819 9.65926 -5.00000 -0.15619 0.78523 -0.59918 0.0755 0.9609
0 -1.30526 9.91445 -5.00000 -0.15619 0.78523 -0.59918 0.0775 0.9609
transfer_white
0 -2.19996 8.21037 -7.00000 -0.15619 0.78523 -0.59918 0.0641 0.9453
0 -1.30526 9.91445 -5.00000 -0.15619 0.78523 -0.59918 0.0775 0.9609
0 -1.10947 8.42728 -7.00000 -0.15619 0.78523 -0.59918 0.0658 0.9453
transfer_white
0 -3.25281 7.85298 -7.00000 -0.25735 0.75813 -0.59918 0.0614 0.9453
0 -3.82683 9.23880 -5.00000 -0.25735 0.75813 -0.59918 0.0722 0.9609
0 -2.58819 9.65926 -5.00000 -0.25735 0.75813 -0.59918 0.0755 0.9609
transfer_white
0 -3.25281 7.85298 -7.00000 -0.25735 0.75813 -0.59918 0.0614 0.9453
0 -2.58819 9.65926 -5.00000 -0.25735 0.75813 -0.59918 0.0755 0.9609
0 -2.19996 8.21037 -7.00000 -0.25735 0.75813 -0.59918 0.0641 0.9453
transfer_white
0 -4.25000 7.36122 -7.00000 -0.35410 0.71805 -0.59918 0.0575 0.9453
0 -5.00000 8.66025 -5.00000 -0.35410 0.71805 -0.59918 0.0677 0.9609
0 -3.82683 9.23880 -5.00000 -0.35410 0.71805 -0.59918 0.0722 0.9609
transfer_white
0 -4.25000 7.36122 -7.00000 -0.35410 0.71805 -0.59918 0.0575 0.9453
0 -3.82683 9.23880 -5.00000 -0.35410 0.71805 -0.59918 0.0722 0.9609
0 -3.25281 7.85298 -7.00000 -0.35410 0.71805 -0.59918 0.0614 0.9453
transfer_white
0 -5.17447 6.74350 -7.00000 -0.44480 0.66569 -0.59918 0.0527 0.9453
0 -6.08761 7.93353 -5.00000 -0.44480 0.66569 -0.59918 0.0620 0.9609
0 -5.00000 8.66025 -5.00000 -0.44480 0.66569 -0.59918 0.0677 0.9609
transfer_white
0 -5.17447 6.74350 -7.00000 -0.44480 0.66569 -0.59918 0.0527 0.9453
0 -5.00000 8.66025 -5.00000 -0.44480 0.66569 -0.59918 0.0677 0.9609
0 -4.25000 7.36122 -7.00000 -0.44480 0.66569 -0.59918 0.0575 0.9453
transfer_white
0 -6.01041 6.01041 -7.00000 -0.52788 0.60194 -0.59918 0.0470 0.9453
0 -7.07107 7.07107 -5.00000 -0.52788 0.60194 -0.59918 0.0552 0.9609
0 -6.08761 7.93353 -5.00000 -0.52788 0.60194 -0.59918 0.0620 0.9609
transfer_white
0 -6.01041 6.01041 -7.00000 -0.52788 0.60194 -0.59918 0.0470 0.9453
0 -6.08761 7.93353 -5.00000 -0.52788 0.60194 -0.59918 0.0620 0.9609
0 -5.17447 6.74350 -7.00000 -0.52788 0.60194 -0.59918 0.0527 0.9453
transfer_white
0 -6.74350 5.17447 -7.00000 -0.60194 0.52788 -0.59918 0.0404 0.9453
0 -7.93353 6.08761 -5.00000 -0.60194 0.52788 -0.59918 0.0476 0.9609
0 -7.07107 7.07107 -5.00000 -0.60194 0.52788 -0.59918 0.0552 0.9609
transfer_white
0 -6.74350 5.17447 -7.00000 -0.60194 0.52788 -0.59918 0.0404 0.9453
0 -7.07107 7.07107 -5.00000 -0.60194 0.52788 -0.59918 0.0552 0.9609
0 -6.01041 6.01041 -7.00000 -0.60194 0.52788 -0.59918 0.0470 0.9453
transfer_white
0 -7.36122 4.25000 -7.00000 -0.66569 0.44480 -0.59918 0.0332 0.9453
0 -8.66025 5.00000 -5.00000 -0.66569 0.44480 -0.59918 0.0391 0.9609
0 -7.93353 6.08761 -5.00000 -0.66569 0.44480 -0.59918 0.0476 0.9609
transfer_white
0 -7.36122 4.25000 -7.00000 -0.66569 0.44480 -0.59918 0.0332 0.9453
0 -7.93353 6.08761 -5.00000 -0.66569 0.44480 -0.59918 0.0476 0.9609
0 -6.74350 5.17447 -7.00000 -0.66569 0.44480 -0.59918 0.0404 0.9453
transfer_white
0 -7.85298 3.25281 -7.00000 -0.71805 0.35410 -0.59918 0.0254 0.9453
0 -9.23880 3.82683 -5.00000 -0.71805 0.35410 -0.59918 0.0299 0.9609
0 -8.66025 5.00000 -5.00000 -0.71805 0.35410 -0.59918 0.0391 0.9609
transfer_white
0 -7.85298 3.25281 -7.00000 -0.71805 0.35410 -0.59918 0.0254 0.9453
0 -8.66025 5.00000 -5.00000 -0.71805 0.35410 -0.59918 0.0391 0.9609
0 -7.36122 4.25000 -7.00000 -0.71805 0.35410 -0.59918 0.0332 0.9453
transfer_white
0 -8.21037 2.19996 -7.00000 -0.75813 0.25735 -0.59918 0.0172 0.9453
0 -9.65926 2.58819 -5.00000 -0.75813 0.25735 -0.59918 0.0202 0.9609
0 -9.23880 3.82683 -5.00000 -0.75813 0.25735 -0.59918 0.0299 0.9609
transfer_white
0 -8.21037 2.19996 -7.00000 -0.75813 0.25735 -0.59918 0.0172 0.9453
0 -9.23880 3.82683 -5.00000 -0.75813 0.25735 -0.59918 0.0299 0.9609
0 -7.85298 3.25281 -7.00000 -0.75813 0.25735 -0.59918 0.0254 0.9453
transfer_white
0 -8.42728 1.10947 -7.00000 -0.78523 0.15619 -0.59918 0.0087 0.9453
0 -9.91445 1.30526 -5.00000 -0.78523 0.15619 -0.59918 0.0102 0.9609
0 -9.65926 2.58819 -5.00000 -0.78523 0.15619 -0.59918 0.0202 0.9609
transfer_white
0 -8.42728 1.10947 -7.00000 -0.78523 0.15619 -0.59918 0.0087 0.9453
0 -9.65926 2.58819 -5.00000 -0.78523 0.15619 -0.59918 0.0202 0.9609
0 -8.21037 2.19996 -7.00000 -0.78523 0.15619 -0.59918 0.0172 0.9453
transfer_white
0 -8.50000 0.00000 -7.00000 -0.79890 0.05236 -0.59918 0.0000 0.9453
0 -10.00000 0.00000 -5.00000 -0.79890 0.05236 -0.59918 0.0000 0.9609
0 -9.91445 1.30526 -5.00000 -0.79890 0.05236 -0.59918 0.0102 0.9609
transfer_white
0 -8.50000 0.00000 -7.00000 -0.79890 0.05236 -0.59918 0.0000 0.9453
0 -9.91445 1.30526 -5.00000 -0.79890 0.05236 -0.59918 0.0102 0.9609
0 -8.42728 1.10947 -7.00000 -0.79890 0.05236 -0.59918 0.0087 0.9453
transfer_white
0 -8.42728 -1.10947 -7.00000 -0.79890 -0.05236 -0.59918 0.9913 0.9453
0 -9.91445 -1.30526 -5.00000 -0.79890 -0.05236 -0.59918 0.9898 0.9609
0 -10.00000 0.00000 -5.00000 -0.79890 -0.05236 -0.59918 0.0000 0.9609
transfer_white
0 -8.42728 -1.10947 -7.00000 -0.79890 -0.05236 -0.59918 0.9913 0.9453
0 -10.00000 0.00000 -5.00000 -0.79890 -0.05236 -0.59918 0.0000 0.9609
0 -8.50000 0.00000 -7.00000 -0.79890 -0.05236 -0.59918 0.0000 0.9453
transfer_white
0 -8.21037 -2.19996 -7.00000 -0.78523 -0.15619 -0.59918 0.9828 0.9453
0 -9.65926 -2.58819 -5.00000 -0.78523 -0.15619 -0.59918 0.9798 0.9609
0 -9.91445 -1.30526 -5.00000 -0.78523 -0.15619 -0.59918 0.9898 0.9609
transfer_white
0 -8.21037 -2.19996 -7.00000 -0.78523 -0.15619 -0.59918 0.9828 0.9453
0 -9.91445 -1.30526 -5.00000 -0.78523 -0.15619 -0.59918 0.9898 0.9609
0 -8.42728 -1.10947 -7.00000 -0.78523 -0.15619 -0.59918 0.9913 0.9453
transfer_white
0 -7.85298 -3.25281 -7.00000 -0.75813 -0.25735 -0.59918 0.9746 0.9453
0 -9.23880 -3.82683 -5.00000 -0.75813 -0.25735 -0.59918 0.9701 0.9609
0 -9.65926 -2.58819 -5.00000 -0.75813 -0.25735 -0.59918 0.9798 0.9609
transfer_white
0 -7.85298 -3.25281 -7.00000 -0.75813 -0.25735 -0.59918 0.9746 0.9453
0 -9.65926 -2.58819 -5.00000 -0.75813 -0.25735 -0.59918 0.9798 0.9609
0 -8.21037 -2.19996 -7.00000 -0.75813 -0.25735 -0.59918 0.9828 0.9453
transfer_white
0 -7.36122 -4.25000 -7.00000 -0.71805 -0.35410 -0.59918 0.9668 0.9453
0 -8.66025 -5.00000 -5.00000 -0.71805 -0.35410 -0.59918 0.9609 0.9609
0 -9.23880 -3.82683 -5.00000 -0.71805 -0.35410 -0.59918 0.9701 0.9609
transfer_white
0 -7.36122 -4.25000 -7.00000 -0.71805 -0.35410 -0.59918 0.9668 0.9453
0 -9.23880 -3.82683 -5.00000 -0.71805 -0.35410 -0.59918 0.9701 0.9609
0 -7.85298 -3.25281 -7.00000 -0.71805 -0.35410 -0.59918 0.9746 0.9453
transfer_white
0 -6.74350 -5.17447 -7.00000 -0.66569 -0.44480 -0.59918 0.9596 0.9453
0 -7.93353 -6.08761 -5.00000 -0.66569 -0.44480 -0.59918 0.9524 0.9609
0 -8.66025 -5.00000 -5.00000 -0.66569 -0.44480 -0.59918 0.9609 0.9609
transfer_white
0 -6.74350 -5.17447 -7.00000 -0.66569 -0.44480 -0.59918 0.9596 0.9453
0 -8.66025 -5.00000 -5.00000 -0.66569 -0.44480 -0.59918 0.9609 0.9609
0 -7.36122 -4.25000 -7.00000 -0.66569 -0.44480 -0.59918 0.9668 0.9453
transfer_white
0 -6.01041 -6.01041 -7.00000 -0.60194 -0.52788 -0.59918 0.9530 0.9453
0 -7.07107 -7.07107 -5.00000 -0.60194 -0.52788 -0.59918 0.9448 0.9609
0 -7.93353 -6.08761 -5.00000 -0.60194 -0.52788 -0.59918 0.9524 0.9609
transfer_white
0 -6.01041 -6.01041 -7.00000 -0.60194 -0.52788 -0.59918 0.9530 0.9453
0 -7.93353 -6.08761 -5.00000 -0.60194 -0.52788 -0.59918 0.9524 0.9609
0 -6.74350 -5.17447 -7.00000 -0.60194 -0.52788 -0.59918 0.9596 0.9453
transfer_white
0 -5.17447 -6.74350 -7.00000 -0.52788 -0.60194 -0.59918 0.9473 0.9453
0 -6.08761 -7.93353 -5.00000 -0.52788 -0.60194 -0.59918 0.9380 0.9609
0 -7.07107 -7.07107 -5.00000 -0.52788 -0.60194 -0.59918 0.9448 0.9609
transfer_white
0 -5.17447 -6.74350 -7.00000 -0.52788 -0.60194 -0.59918 0.9473 0.9453
0 -7.07107 -7.07107 -5.00000 -0.52788 -0.60194 -0.59918 0.9448 0.9609
0 -6.01041 -6.01041 -7.00000 -0.52788 -0.60194 -0.59918 0.9530 0.9453
transfer_white
0 -4.25000 -7.36122 -7.00000 -0.44480 -0.66569 -0.59918 0.9425 0.9453
0 -5.00000 -8.66025 -5.00000 -0.44480 -0.66569 -0.59918 0.9323 0.9609
0 -6.08761 -7.93353 -5.00000 -0.44480 -0.66569 -0.59918 0.9380 0.9609
transfer_white
0 -4.25000 -7.36122 -7.00000 -0.44480 -0.66569 -0.59918 0.9425 0.9453
0 -6.08761 -7.93353 -5.00000 -0.44480 -0.66569 -0.59918 0.9380 0.9609
0 -5.17447 -6.74350 -7.00000 -0.44480 -0.66569 -0.59918 0.9473 0.9453
transfer_white
0 -3.25281 -7.85298 -7.00000 -0.35410 -0.71805 -0.59918 0.9386 0.9453
0 -3.82683 -9.23880 -5.00000 -0.35410 -0.71805 -0.59918 0.9278 0.9609
0 -5.00000 -8.66025 -5.00000 -0.35410 -0.71805 -0.59918 0.9323 0.9609
transfer_white
0 -3.25281 -7.85298 -7.00000 -0.35410 -0.71805 -0.59918 0.9386 0.9453
0 -5.00000 -8.66025 -5.00000 -0.35410 -0.71805 -0.59918 0.9323 0.9609
0 -4.25000 -7.36122 -7.00000 -0.35410 -0.71805 -0.59918 0.9425 0.9453
transfer_white
0 -2.19996 -8.21037 -7.00000 -0.25735 -0.75813 -0.59918 0.9359 0.9453
0 -2.58819 -9.65926 -5.00000 -0.25735 -0.75813 -0.59918 0.9245 0.9609
0 -3.82683 -9.23880 -5.00000 -0.25735 -0.75813 -0.59918 0.9278 0.9609
transfer_white
0 -2.19996 -8.21037 -7.00000 -0.25735 -0.75813 -0.59918 0.9359 0.9453
0 -3.82683 -9.23880 -5.00000 -0.25735 -0.75813 -0.59918 0.9278 0.9609
0 -3.25281 -7.85298 -7.00000 -0.25735 -0.75813 -0.59918 0.9386 0.9453
transfer_white
0 -1.10947 -8.42728 -7.00000 -0.15619 -0.78523 -0.59918 0.9342 0.9453
0 -1.30526 -9.91445 -5.00000 -0.15619 -0.78523 -0.59918 0.9225 0.9609
0 -2.58819 -9.65926 -5.00000 -0.15619 -0.78523 -0.59918 0.9245 0.9609
transfer_white
0 -1.10947 -8.42728 -7.00000 -0.15619 -0.78523 -0.59918 0.9342 0.9453
0 -2.58819 -9.65926 -5.00000 -0.15619 -0.78523 -0.59918 0.9245 0.9609
0 -2.19996 -8.21037 -7.00000 -0.15619 -0.78523 -0.59918 0.9359 0.9453
transfer_white
0 -0.00000 -8.50000 -7.00000 -0.05236 -0.79890 -0.59918 0.9336 0.9453
0 -0.00000 -10.00000 -5.00000 -0.05236 -0.79890 -0.59918 0.9219 0.9609
0 -1.30526 -9.91445 -5.00000 -0.05236 -0.79890 -0.59918 0.9225 0.9609
transfer_white
0 -0.00000 -8.50000 -7.00000 -0.05236 -0.79890 -0.59918 0.9336 0.9453
0 -1.30526 -9.91445 -5.00000 -0.05236 -0.79890 -0.59918 0.9225 0.9609
0 -1.10947 -8.42728 -7.00000 -0.05236 -0.79890 -0.59918 0.9342 0.9453
transfer_white
0 1.10947 -8.42728 -7.00000 0.05236 -0.79890 -0.59918 0.9342 0.9453
0 1.30526 -9.91445 -5.00000 0.05236 -0.79890 -0.59918 0.9225 0.9609
0 -0.00000 -10.00000 -5.00000 0.05236 -0.79890 -0.59918 0.9219 0.9609
transfer_white
0 1.10947 -8.42728 -7.00000 0.05236 -0.79890 -0.59918 0.9342 0.9453
0 -0.00000 -10.00000 -5.00000 0.05236 -0.79890 -0.59918 0.9219 0.9609
0 -0.00000 -8.50000 -7.00000 0.05236 -0.79890 -0.59918 0.9336 0.9453
transfer_white
0 2.19996 -8.21037 -7.00000 0.15619 -0.78523 -0.59918 0.9359 0.9453
0 2.58819 -9.65926 -5.00000 0.15619 -0.78523 -0.59918 0.9245 0.9609
0 1.30526 -9.91445 -5.00000 0.15619 -0.78523 -0.59918 0.9225 0.9609
transfer_white
0 2.19996 -8.21037 -7.00000 0.15619 -0.78523 -0.59918 0.9359 0.9453
0 1.30526 -9.91445 -5.00000 0.15619 -0.78523 -0.59918 0.9225 0.9609
0 1.10947 -8.42728 -7.00000 0.15619 -0.78523 -0.59918 0.9342 0.9453
transfer_white
0 3.25281 -7.85298 -7.00000 0.25735 -0.75813 -0.59918 0.9386 0.9453
0 3.82683 -9.23880 -5.00000 0.25735 -0.75813 -0.59918 0.9278 0.9609
0 2.58819 -9.65926 -5.00000 0.25735 -0.75813 -0.59918 0.9245 0.9609
transfer_white
0 3.25281 -7.85298 -7.00000 0.25735 -0.75813 -0.59918 0.9386 0.9453
0 2.58819 -9.65926 -5.00000 0.25735 -0.75813 -0.59918 0.9245 0.9609
0 2.19996 -8.21037 -7.00000 0.25735 -0.75813 -0.59918 0.9359 0.9453
transfer_white
0 4.25000 -7.36122 -7.00000 0.35410 -0.71805 -0.59918 0.9425 0.9453
0 5.00000 -8.66025 -5.00000 0.35410 -0.71805 -0.59918 0.9323 0.9609
0 3.82683 -9.23880 -5.00000 0.35410 -0.71805 -0.59918 0.9278 0.9609
transfer_white
0 4.25000 -7.36122 -7.00000 0.35410 -0.71805 -0.59918 0.9425 0.9453
0 3.82683 -9.23880 -5.00000 0.35410 -0.71805 -0.59918 0.9278 0.9609
0 3.25281 -7.85298 -7.00000 0.35410 -0.71805 -0.59918 0.9386 0.9453
transfer_white
0 5.17447 -6.74350 -7.00000 0.44480 -0.66569 -0.59918 0.9473 0.9453
0 6.08761 -7.93353 -5.00000 0.44480 -0.66569 -0.59918 0.9380 0.9609
0 5.00000 -8.66025 -5.00000 0.44480 -0.66569 -0.59918 0.9323 0.9609
transfer_white
0 5.17447 -6.74350 -7.00000 0.44480 -0.66569 -0.59918 0.9473 0.9453
0 5.00000 -8.66025 -5.00000 0.44480 -0.66569 -0.59918 0.9323 0.9609
0 4.25000 -7.36122 -7.00000 0.44480 -0.66569 -0.59918 0.9425 0.9453
transfer_white
0 6.01041 -6.01041 -7.00000 0.52788 -0.60194 -0.59918 0.9530 0.9453
0 7.07107 -7.07107 -5.00000 0.52788 -0.60194 -0.59918 0.9448 0.9609
0 6.08761 -7.93353 -5.00000 0.52788 -0.60194 -0.59918 0.9380 0.9609
transfer_white
0 6.01041 -6.01041 -7.00000 0.52788 -0.60194 -0.59918 0.9530 0.9453
0 6.08761 -7.93353 -5.00000 0.52788 -0.60194 -0.59918 0.9380 0.9609
0 5.17447 -6.74350 -7.00000 0.52788 -0.60194 -0.59918 0.9473 0.9453
transfer_white
0 6.74350 -5.17447 -7.00000 0.60194 -0.52788 -0.59918 0.9596 0.9453
0 7.93353 -6.08761 -5.00000 0.60194 -0.52788 -0.59918 0.9524 0.9609
0 7.07107 -7.07107 -5.00000 0.60194 -0.52788 -0.59918 0.9448 0.9609
transfer_white
0 6.74350 -5.17447 -7.00000 0.60194 -0.52788 -0.59918 0.9596 0.9453
0 7.07107 -7.07107 -5.00000 0.60194 -0.52788 -0.59918 0.9448 0.9609
0 6.01041 -6.01041 -7.00000 0.60194 -0.52788 -0.59918 0.9530 0.9453
transfer_white
0 7.36122 -4.25000 -7.00000 0.66569 -0.44480 -0.59918 0.9668 0.9453
0 8.66025 -5.00000 -5.00000 0.66569 -0.44480 -0.59918 0.9609 0.9609
0 7.93353 -6.08761 -5.00000 0.66569 -0.44480 -0.59918 0.9524 0.9609
transfer_white
0 7.36122 -4.25000 -7.00000 0.66569 -0.44480 -0.59918 0.9668 0.9453
0 7.93353 -6.08761 -5.00000 0.66569 -0.44480 -0.59918 0.9524 0.9609
0 6.74350 -5.17447 -7.00000 0.66569 -0.44480 -0.59918 0.9596 0.9453
transfer_white
0 7.85298 -3.25281 -7.00000 0.71805 -0.35410 -0.59918 0.9746 0.9453
0 9.23880 -3.82683 -5.00000 0.71805 -0.35410 -0.59918 0.9701 0.9609
0 8.66025 -5.00000 -5.00000 0.71805 -0.35410 -0.59918 0.9609 0.9609
transfer_white
0 7.85298 -3.25281 -7.00000 0.71805 -0.35410 -0.59918 0.9746 0.9453
0 8.66025 -5.00000 -5.00000 0.71805 -0.35410 -0.59918 0.9609 0.9609
0 7.36122 -4.25000 -7.00000 0.71805 -0.35410 -0.59918 0.9668 0.9453
transfer_white
0 8.21037 -2.19996 -7.00000 0.75813 -0.25735 -0.59918 0.9828 0.9453
0 9.65926 -2.58819 -5.00000 0.75813 -0.25735 -0.59918 0.9798 0.9609
0 9.23880 -3.82683 -5.00000 0.75813 -0.25735 -0.59918 0.9701 0.9609
transfer_white
0 8.21037 -2.19996 -7.00000 0.75813 -0.25735 -0.59918 0.9828 0.9453
0 9.23880 -3.82683 -5.00000 0.75813 -0.25735 -0.59918 0.9701 0.9609
0 7.85298 -3.25281 -7.00000 0.75813 -0.25735 -0.59918 0.9746 0.9453
transfer_white
0 8.42728 -1.10947 -7.00000 0.78523 -0.15619 -0.59918 0.9913 0.9453
0 9.91445 -1.30526 -5.00000 0.78523 -0.15619 -0.59918 0.9898 0.9609
0 9.65926 -2.58819 -5.00000 0.78523 -0.15619 -0.59918 0.9798 0.9609
transfer_white
0 8.42728 -1.10947 -7.00000 0.78523 -0.15619 -0.59918 0.9913 0.9453
0 9.65926 -2.58819 -5.00000 0.78523 -0.15619 -0.59918 0.9798 0.9609
0 8.21037 -2.19996 -7.00000 0.78523 -0.15619 -0.59918 0.9828 0.9453
transfer_white
0 8.50000 -0.00000 -7.00000 0.79890 -0.05236 -0.59918 1.0000 0.9453
0 10.00000 -0.00000 -5.00000 0.79890 -0.05236 -0.59918 1.0000 0.9609
0 9.91445 -1.30526 -5.00000 0.79890 -0.05236 -0.59918 0.9898 0.9609
transfer_white
0 8.50000 -0.00000 -7.00000 0.79890 -0.05236 -0.59918 1.0000 0.9453
0 9.91445 -1.30526 -5.00000 0.79890 -0.05236 -0.59918 0.9898 0.9609
0 8.42728 -1.10947 -7.00000 0.79890 -0.05236 -0.59918 0.9913 0.9453
transfer_white
0 9.91445 1.30526 -5.00000 0.99786 0.06540 -0.00000 0.0102 0.9609
0 9.91445 1.30526 5.00000 0.99786 0.06540 -0.00000 0.0102 0.0391
0 10.00000 0.00000 5.00000 0.99786 0.06540 -0.00000 0.0000 0.0391
transfer_white
0 9.91445 1.30526 -5.00000 0.99786 0.06540 -0.00000 0.0102 0.9609
0 10.00000 0.00000 5.00000 0.99786 0.06540 -0.00000 0.0000 0.0391
0 10.00000 0.00000 -5.00000 0.99786 0.06540 -0.00000 0.0000 0.9609
transfer_white
0 9.65926 2.58819 -5.00000 0.98079 0.19509 -0.00000 0.0202 0.9609
0 9.65926 2.58819 5.00000 0.98079 0.19509 -0.00000 0.0202 0.0391
0 9.91445 1.30526 5.00000 0.98079 0.19509 -0.00000 0.0102 0.0391
transfer_white
0 9.65926 2.58819 -5.00000 0.98079 0.19509 -0.00000 0.0202 0.9609
0 9.91445 1.30526 5.00000 0.98079 0.19509 -0.00000 0.0102 0.0391
0 9.91445 1.30526 -5.00000 0.98079 0.19509 -0.00000 0.0102 0.9609
transfer_white
0 9.23880 3.82683 -5.00000 0.94693 0.32144 -0.00000 0.0299 0.9609
0 9.23880 3.82683 5.00000 0.94693 0.32144 -0.00000 0.0299 0.0391
0 9.65926 2.58819 5.00000 0.94693 0.32144 -0.00000 0.0202 0.0391
transfer_white
0 9.23880 3.82683 -5.00000 0.94693 0.32144 -0.00000 0.0299 0.9609
0 9.65926 2.58819 5.00000 0.94693 0.32144 -0.00000 0.0202 0.0391
0 9.65926 2.58819 -5.00000 0.94693 0.32144 -0.00000 0.0202 0.9609
transfer_white
0 8.66025 5.00000 -5.00000 0.89687 0.44229 -0.00000 0.0391 0.9609
0 8.66025 5.00000 5.00000 0.89687 0.44229 -0.00000 0.0391 0.0391
0 9.23880 3.82683 5.00000 0.89687 0.44229 -0.00000 0.0299 0.0391
transfer_white
0 8.66025 5.00000 -5.00000 0.89687 0.44229 -0.00000 0.0391 0.9609
0 9.23880 3.82683 5.00000 0.89687 0.44229 -0.00000 0.0299 0.0391
0 9.23880 3.82683 -5.00000 0.89687 0.44229 -0.00000 0.0299 0.9609
transfer_white
0 7.93353 6.08761 -5.00000 0.83147 0.55557 -0.00000 0.0476 0.9609
0 7.93353 6.08761 5.00000 0.83147 0.55557 -0.00000 0.0476 0.0391
0 8.66025 5.00000 5.00000 0.83147 0.55557 -0.00000 0.0391 0.0391
transfer_white
0 7.93353 6.08761 -5.00000 0.83147 0.55557 -0.00000 0.0476 0.9609
0 8.66025 5.00000 5.00000 0.83147 0.55557 -0.00000 0.0391 0.0391
0 8.66025 5.00000 -5.00000 0.83147 0.55557 -0.00000 0.0391 0.9609
transfer_white
0 7.07107 7.07107 -5.00000 0.75184 0.65935 -0.00000 0.0552 0.9609
0 7.07107 7.07107 5.00000 0.75184 0.65935 -0.00000 0.0552 0.0391
0 7.93353 6.08761 5.00000 0.75184 0.65935 -0.00000 0.0476 0.0391
transfer_white
0 7.07107 7.07107 -5.00000 0.75184 0.65935 -0.00000 0.0552 0.9609
0 7.93353 6.08761 5.00000 0.75184 0.65935 -0.00000 0.0476 0.0391
0 7.93353 6.08761 -5.00000 0.75184 0.65935 -0.00000 0.0476 0.9609
transfer_white
0 6.08761 7.93353 -5.00000 0.65935 0.75184 -0.00000 0.0620 0.9609
0 6.08761 7.93353 5.00000 0.65935 0.75184 -0.00000 0.0620 0.0391
0 7.07107 7.07107 5.00000 0.65935 0.75184 -0.00000 0.0552 0.0391
transfer_white
0 6.08761 7.93353 -5.00000 0.65935 0.75184 -0.00000 0.0620 0.9609
0 7.07107 7.07107 5.00000 0.65935 0.75184 -0.00000 0.0552 0.0391
0 7.07107 7.07107 -5.00000 0.65935 0.75184 -0.00000 0.0552 0.9609
transfer_white
0 5.00000 8.66025 -5.00000 0.55557 0.83147 -0.00000 0.0677 0.9609
0 5.00000 8.66025 5.00000 0.55557 0.83147 -0.00000 0.0677 0.0391
0 6.08761 7.93353 5.00000 0.55557 0.83147 -0.00000 0.0620 0.0391
transfer_white
0 5.00000 8.66025 -5.00000 0.55557 0.83147 -0.00000 0.0677 0.9609
0 6.08761 7.93353 5.00000 0.55557 0.83147 -0.00000 0.0620 0.0391
0 6.08761 7.93353 -5.00000 0.55557 0.83147 -0.00000 0.0620 0.9609
transfer_white
0 3.82683 9.23880 -5.00000 0.44229 0.89687 -0.00000 0.0722 0.9609
0 3.82683 9.23880 5.00000 0.44229 0.89687 -0.00000 0.0722 0.0391
0 5.00000 8.66025 5.00000 0.44229 0.89687 -0.00000 0.0677 0.0391
transfer_white
0 3.82683 9.23880 -5.00000 0.44229 0.89687 -0.00000 0.0722 0.9609
0 5.00000 8.66025 5.00000 0.44229 0.89687 -0.00000 0.0677 0.0391
0 5.00000 8.66025 -5.00000 0.44229 0.89687 -0.00000 0.0677 0.9609
transfer_white
0 2.58819 9.65926 -5.00000 0.32144 0.94693 -0.00000 0.0755 0.9609
0 2.58819 9.65926 5.00000 0.32144 0.94693 -0.00000 0.0755 0.0391
0 3.82683 9.23880 5.00000 0.32144 0.94693 -0.00000 0.0722 0.0391
transfer_white
0 2.58819 9.65926 -5.00000 0.32144 0.94693 -0.00000 0.0755 0.9609
0 3.82683 9.23880 5.00000 0.32144 0.94693 -0.00000 0.0722 0.0391
0 3.82683 9.23880 -5.00000 0.32144 0.94693 -0.00000 0.0722 0.9609
transfer_white
0 1.30526 9.91445 -5.00000 0.19509 0.98079 -0.00000 0.0775 0.9609
0 1.30526 9.91445 5.00000 0.19509 0.98079 -0.00000 0.0775 0.0391
0 2.58819 9.65926 5.00000 0.19509 0.98079 -0.00000 0.0755 0.0391
transfer_white
0 1.30526 9.91445 -5.00000 0.19509 0.98079 -0.00000 0.0775 0.9609
0 2.58819 9.65926 5.00000 0.19509 0.98079 -0.00000 0.0755 0.0391
0 2.58819 9.65926 -5.00000 0.19509 0.98079 -0.00000 0.0755 0.9609
transfer_white
0 0.00000 10.00000 -5.00000 0.06540 0.99786 -0.00000 0.0781 0.9609
0 0.00000 10.00000 5.00000 0.06540 0.99786 -0.00000 0.0781 0.0391
0 1.30526 9.91445 5.00000 0.06540 0.99786 -0.00000 0.0775 0.0391
transfer_white
0 0.00000 10.00000 -5.00000 0.06540 0.99786 -0.00000 0.0781 0.9609
0 1.30526 9.91445 5.00000 0.06540 0.99786 -0.00000 0.0775 0.0391
0 1.30526 9.91445 -5.00000 0.06540 0.99786 -0.00000 0.0775 0.9609
transfer_white
0 -1.30526 9.91445 -5.00000 -0.06540 0.99786 0.00000 0.0775 0.9609
0 -1.30526 9.91445 5.00000 -0.06540 0.99786 0.00000 0.0775 0.0391
0 0.00000 10.00000 5.00000 -0.06540 0.99786 0.00000 0.0781 0.0391
transfer_white
0 -1.30526 9.91445 -5.00000 -0.06540 0.99786 0.00000 0.0775 0.9609
0 0.00000 10.00000 5.00000 -0.06540 0.99786 0.00000 0.0781 0.0391
0 0.00000 10.00000 -5.00000 -0.06540 0.99786 0.00000 0.0781 0.9609
transfer_white
0 -2.58819 9.65926 -5.00000 -0.19509 0.98079 0.00000 0.0755 0.9609
0 -2.58819 9.65926 5.00000 -0.19509 0.98079 0.00000 0.0755 0.0391
0 -1.30526 9.91445 5.00000 -0.19509 0.98079 0.00000 0.0775 0.0391
transfer_white
0 -2.58819 9.65926 -5.00000 -0.19509 0.98079 0.00000 0.0755 0.9609
0 -1.30526 9.91445 5.00000 -0.19509 0.98079 0.00000 0.0775 0.0391
0 -1.30526 9.91445 -5.00000 -0.19509 0.98079 0.00000 0.0775 0.9609
transfer_white
0 -3.82683 9.23880 -5.00000 -0.32144 0.94693 0.00000 0.0722 0.9609
0 -3.82683 9.23880 5.00000 -0.32144 0.94693 0.00000 0.0722 0.0391
0 -2.58819 9.65926 5.00000 -0.32144 0.94693 0.00000 0.0755 0.0391
transfer_white
0 -3.82683 9.23880 -5.00000 -0.32144 0.94693 0.00000 0.0722 0.9609
0 -2.58819 9.65926 5.00000 -0.32144 0.94693 0.00000 0.0755 0.0391
0 -2.58819 9.65926 -5.00000 -0.32144 0.94693 0.00000 0.0755 0.9609
transfer_white
0 -5.00000 8.66025 -5.00000 -0.44229 0.89687 0.00000 0.0677 0.9609
0 -5.00000 8.66025 5.00000 -0.44229 0.89687 0.00000 0.0677 0.0391
0 -3.82683 9.23880 5.00000 -0.44229 0.89687 0.00000 0.0722 0.0391
transfer_white
0 -5.00000 8.66025 -5.00000 -0.44229 0.89687 0.00000 0.0677 0.9609
0 -3.82683 9.23880 5.00000 -0.44229 0.89687 0.00000 0.0722 0.0391
0 -3.82683 9.23880 -5.00000 -0.44229 0.89687 0.00000 0.0722 0.9609
transfer_white
0 -6.08761 7.93353 -5.00000 -0.55557 0.83147 0.00000 0.0620 0.9609
0 -6.08761 7.93353 5.00000 -0.55557 0.83147 0.00000 0.0620 0.0391
0 -5.00000 8.66025 5.00000 -0.55557 0.83147 0.00000 0.0677 0.0391
transfer_white
0 -6.08761 7.93353 -5.00000 -0.55557 0.83147 0.00000 0.0620 0.9609
0 -5.00000 8.66025 5.00000 -0.55557 0.83147 0.00000 0.0677 0.0391
0 -5.00000 8.66025 -5.00000 -0.55557 0.83147 0.00000 0.0677 0.9609
transfer_white
0 -7.07107 7.07107 -5.00000 -0.65935 0.75184 0.00000 0.0552 0.9609
0 -7.07107 7.07107 5.00000 -0.65935 0.75184 0.00000 0.0552 0.0391
0 -6.08761 7.93353 5.00000 -0.65935 0.75184 0.00000 0.0620 0.0391
transfer_white
0 -7.07107 7.07107 -5.00000 -0.65935 0.75184 0.00000 0.0552 0.9609
0 -6.08761 7.93353 5.00000 -0.65935 0.75184 0.00000 0.0620 0.0391
0 -6.08761 7.93353 -5.00000 -0.65935 0.75184 0.00000 0.0620 0.9609
transfer_white
0 -7.93353 6.08761 -5.00000 -0.75184 0.65935 0.00000 0.0476 0.9609
0 -7.93353 6.08761 5.00000 -0.75184 0.65935 0.00000 0.0476 0.0391
0 -7.07107 7.07107 5.00000 -0.75184 0.65935 0.00000 0.0552 0.0391
transfer_white
0 -7.93353 6.08761 -5.00000 -0.75184 0.65935 0.00000 0.0476 0.9609
0 -7.07107 7.07107 5.00000 -0.75184 0.65935 0.00000 0.0552 0.0391
0 -7.07107 7.07107 -5.00000 -0.75184 0.65935 0.00000 0.0552 0.9609
transfer_white
0 -8.66025 5.00000 -5.00000 -0.83147 0.55557 0.00000 0.0391 0.9609
0 -8.66025 5.00000 5.00000 -0.83147 0.55557 0.00000 0.0391 0.0391
0 -7.93353 6.08761 5.00000 -0.83147 0.55557 0.00000 0.0476 0.0391
transfer_white
0 -8.66025 5.00000 -5.00000 -0.83147 0.55557 0.00000 0.0391 0.9609
0 -7.93353 6.08761 5.00000 -0.83147 0.55557 0.00000 0.0476 0.0391
0 -7.93353 6.08761 -5.00000 -0.83147 0.55557 0.00000 0.0476 0.9609
transfer_white
0 -9.23880 3.82683 -5.00000 -0.89687 0.44229 0.00000 0.0299 0.9609
0 -9.23880 3.82683 5.00000 -0.89687 0.44229 0.00000 0.0299 0.0391
0 -8.66025 5.00000 5.00000 -0.89687 0.44229 0.00000 0.0391 0.0391
transfer_white
0 -9.23880 3.82683 -5.00000 -0.89687 0.44229 0.00000 0.0299 0.9609
0 -8.66025 5.00000 5.00000 -0.89687 0.44229 0.00000 0.0391 0.0391
0 -8.66025 5.00000 -5.00000 -0.89687 0.44229 0.00000 0.0391 0.9609
transfer_white
0 -9.65926 2.58819 -5.00000 -0.94693 0.32144 0.00000 0.0202 0.9609
0 -9.65926 2.58819 5.00000 -0.94693 0.32144 0.00000 0.0202 0.0391
0 -9.23880 3.82683 5.00000 -0.94693 0.32144 0.00000 0.0299 0.0391
transfer_white
0 -9.65926 2.58819 -5.00000 -0.94693 0.32144 0.00000 0.0202 0.9609
0 -9.23880 3.82683 5.00000 -0.94693 0.32144 0.00000 0.0299 0.0391
0 -9.23880 3.82683 -5.00000 -0.94693 0.32144 0.00000 0.0299 0.9609
transfer_white
0 -9.91445 1.30526 -5.00000 -0.98079 0.19509 0.00000 0.0102 0.9609
0 -9.91445 1.30526 5.00000 -0.98079 0.19509 0.00000 0.0102 0.0391
0 -9.65926 2.58819 5.00000 -0.98079 0.19509 0.00000 0.0202 0.0391
transfer_white
0 -9.91445 1.30526 -5.00000 -0.98079 0.19509 0.00000 0.0102 0.9609
0 -9.65926 2.58819 5.00000 -0.98079 0.19509 0.00000 0.0202 0.0391
0 -9.65926 2.58819 -5.00000 -0.98079 0.19509 0.00000 0.0202 0.9609
transfer_white
0 -10.00000 0.00000 -5.00000 -0.99786 0.06540 0.00000 0.0000 0.9609
0 -10.00000 0.00000 5.00000 -0.99786 0.06540 0.00000 0.0000 0.0391
0 -9.91445 1.30526 5.00000 -0.99786 0.06540 0.00000 0.0102 0.0391
transfer_white
0 -10.00000 0.00000 -5.00000 -0.99786 0.06540 0.00000 0.0000 0.9609
0 -9.91445 1.30526 5.00000 -0.99786 0.06540 0.00000 0.0102 0.0391
0 -9.91445 1.30526 -5.00000 -0.99786 0.06540 0.00000 0.0102 0.9609
transfer_white
0 -9.91445 -1.30526 -5.00000 -0.99786 -0.06540 0.00000 0.9898 0.9609
0 -9.91445 -1.30526 5.00000 -0.99786 -0.06540 0.00000 0.9898 0.0391
0 -10.00000 0.00000 5.00000 -0.99786 -0.06540 0.00000 0.0000 0.0391
transfer_white
0 -9.91445 -1.30526 -5.00000 -0.99786 -0.06540 0.00000 0.9898 0.9609
0 -10.00000 0.00000 5.00000 -0.99786 -0.06540 0.00000 0.0000 0.0391
0 -10.00000 0.00000 -5.00000 -0.99786 -0.06540 0.00000 0.0000 0.9609
transfer_white
0 -9.65926 -2.58819 -5.00000 -0.98079 -0.19509 0.00000 0.9798 0.9609
0 -9.65926 -2.58819 5.00000 -0.98079 -0.19509 0.00000 0.9798 0.0391
0 -9.91445 -1.30526 5.00000 -0.98079 -0.19509 0.00000 0.9898 0.0391
transfer_white
0 -9.65926 -2.58819 -5.00000 -0.98079 -0.19509 0.00000 0.9798 0.9609
0 -9.91445 -1.30526 5.00000 -0.98079 -0.19509 0.00000 0.9898 0.0391
0 -9.91445 -1.30526 -5.00000 -0.98079 -0.19509 0.00000 0.9898 0.9609
transfer_white
0 -9.23880 -3.82683 -5.00000 -0.94693 -0.32144 0.00000 0.9701 0.9609
0 -9.23880 -3.82683 5.00000 -0.94693 -0.32144 0.00000 0.9701 0.0391
0 -9.65926 -2.58819 5.00000 -0.94693 -0.32144 0.00000 0.9798 0.0391
transfer_white
0 -9.23880 -3.82683 -5.00000 -0.94693 -0.32144 0.00000 0.9701 0.9609
0 -9.65926 -2.58819 5.00000 -0.94693 -0.32144 0.00000 0.9798 0.0391
0 -9.65926 -2.58819 -5.00000 -0.94693 -0.32144 0.00000 0.9798 0.9609
transfer_white
0 -8.66025 -5.00000 -5.00000 -0.89687 -0.44229 0.00000 0.9609 0.9609
0 -8.66025 -5.00000 5.00000 -0.89687 -0.44229 0.00000 0.9609 0.0391
0 -9.23880 -3.82683 5.00000 -0.89687 -0.44229 0.00000 0.9701 0.0391
transfer_white
0 -8.66025 -5.00000 -5.00000 -0.89687 -0.44229 0.00000 0.9609 0.9609
0 -9.23880 -3.82683 5.00000 -0.89687 -0.44229 0.00000 0.9701 0.0391
0 -9.23880 -3.82683 -5.00000 -0.89687 -0.44229 0.00000 0.9701 0.9609
transfer_white
0 -7.93353 -6.08761 -5.00000 -0.83147 -0.55557 0.00000 0.9524 0.9609
0 -7.93353 -6.08761 5.00000 -0.83147 -0.55557 0.00000 0.9524 0.0391
0 -8.66025 -5.00000 5.00000 -0.83147 -0.55557 0.00000 0.9609 0.0391
transfer_white
0 -7.93353 -6.08761 -5.00000 -0.83147 -0.55557 0.00000 0.9524 0.9609
0 -8.66025 -5.00000 5.00000 -0.83147 -0.55557 0.00000 0.9609 0.0391
0 -8.66025 -5.00000 -5.00000 -0.83147 -0.55557 0.00000 0.9609 0.9609
transfer_white
0 -7.07107 -7.07107 -5.00000 -0.75184 -0.65935 0.00000 0.9448 0.9609
0 -7.07107 -7.07107 5.00000 -0.75184 -0.65935 0.00000 0.9448 0.0391
0 -7.93353 -6.08761 5.00000 -0.75184 -0.65935 0.00000 0.9524 0.0391
transfer_white
0 -7.07107 -7.07107 -5.00000 -0.75184 -0.65935 0.00000 0.9448 0.9609
0 -7.93353 -6.08761 5.00000 -0.75184 -0.65935 0.00000 0.9524 0.0391
0 -7.93353 -6.08761 -5.00000 -0.75184 -0.65935 0.00000 0.9524 0.9609
transfer_white
0 -6.08761 -7.93353 -5.00000 -0.65935 -0.75184 0.00000 0.9380 0.9609
0 -6.08761 -7.93353 5.00000 -0.65935 -0.75184 0.00000 0.9380 0.0391
0 -7.07107 -7.07107 5.00000 -0.65935 -0.75184 0.00000 0.9448 0.0391
transfer_white
0 -6.08761 -7.93353 -5.00000 -0.65935 -0.75184 0.00000 0.9380 0.9609
0 -7.07107 -7.07107 5.00000 -0.65935 -0.75184 0.00000 0.9448 0.0391
0 -7.07107 -7.07107 -5.00000 -0.65935 -0.75184 0.00000 0.9448 0.9609
transfer_white
0 -5.00000 -8.66025 -5.00000 -0.55557 -0.83147 0.00000 0.9323 0.9609
0 -5.00000 -8.66025 5.00000 -0.55557 -0.83147 0.00000 0.9323 0.0391
0 -6.08761 -7.93353 5.00000 -0.55557 -0.83147 0.00000 0.9380 0.0391
transfer_white
0 -5.00000 -8.66025 -5.00000 -0.55557 -0.83147 0.00000 0.9323 0.9609
0 -6.08761 -7.93353 5.00000 -0.55557 -0.83147 0.00000 0.9380 0.0391
0 -6.08761 -7.93353 -5.00000 -0.55557 -0.83147 0.00000 0.9380 0.9609
transfer_white
0 -3.82683 -9.23880 -5.00000 -0.44229 -0.89687 0.00000 0.9278 0.9609
0 -3.82683 -9.23880 5.00000 -0.44229 -0.89687 0.00000 0.9278 0.0391
0 -5.00000 -8.66025 5.00000 -0.44229 -0.89687 0.00000 0.9323 0.0391
transfer_white
0 -3.82683 -9.23880 -5.00000 -0.44229 -0.89687 0.00000 0.9278 0.9609
0 -5.00000 -8.66025 5.00000 -0.44229 -0.89687 0.00000 0.9323 0.0391
0 -5.00000 -8.66025 -5.00000 -0.44229 -0.89687 0.00000 0.9323 0.9609
transfer_white
0 -2.58819 -9.65926 -5.00000 -0.32144 -0.94693 0.00000 0.9245 0.9609
0 -2.58819 -9.65926 5.00000 -0.32144 -0.94693 0.00000 0.9245 0.0391
0 -3.82683 -9.23880 5.00000 -0.32144 -0.94693 0.00000 0.9278 0.0391
transfer_white
0 -2.58819 -9.65926 -5.00000 -0.32144 -0.94693 0.00000 0.9245 0.9609
0 -3.82683 -9.23880 5.00000 -0.32144 -0.94693 0.00000 0.9278 0.0391
0 -3.82683 -9.23880 -5.00000 -0.32144 -0.94693 0.00000 0.9278 0.9609
transfer_white
0 -1.30526 -9.91445 -5.00000 -0.19509 -0.98079 0.00000 0.9225 0.9609
0 -1.30526 -9.91445 5.00000 -0.19509 -0.98079 0.00000 0.9225 0.0391
0 -2.58819 -9.65926 5.00000 -0.19509 -0.98079 0.00000 0.9245 0.0391
transfer_white
0 -1.30526 -9.91445 -5.00000 -0.19509 -0.98079 0.00000 0.9225 0.9609
0 -2.58819 -9.65926 5.00000 -0.19509 -0.98079 0.00000 0.9245 0.0391
0 -2.58819 -9.65926 -5.00000 -0.19509 -0.98079 0.00000 0.9245 0.9609
transfer_white
0 -0.00000 -10.00000 -5.00000 -0.06540 -0.99786 0.00000 0.9219 0.9609
0 -0.00000 -10.00000 5.00000 -0.06540 -0.99786 0.00000 0.9219 0.0391
0 -1.30526 -9.91445 5.00000 -0.06540 -0.99786 0.00000 0.9225 0.0391
transfer_white
0 -0.00000 -10.00000 -5.00000 -0.06540 -0.99786 0.00000 0.9219 0.9609
0 -1.30526 -9.91445 5.00000 -0.06540 -0.99786 0.00000 0.9225 0.0391
0 -1.30526 -9.91445 -5.00000 -0.06540 -0.99786 0.00000 0.9225 0.9609
transfer_white
0 1.30526 -9.91445 -5.00000 0.06540 -0.99786 0.00000 0.9225 0.9609
0 1.30526 -9.91445 5.00000 0.06540 -0.99786 0.00000 0.9225 0.0391
0 -0.00000 -10.00000 5.00000 0.06540 -0.99786 0.00000 0.9219 0.0391
transfer_white
0 1.30526 -9.91445 -5.00000 0.06540 -0.99786 0.00000 0.9225 0.9609
0 -0.00000 -10.00000 5.00000 0.06540 -0.99786 0.00000 0.9219 0.0391
0 -0.00000 -10.00000 -5.00000 0.06540 -0.99786 0.00000 0.9219 0.9609
transfer_white
0 2.58819 -9.65926 -5.00000 0.19509 -0.98079 0.00000 0.9245 0.9609
0 2.58819 -9.65926 5.00000 0.19509 -0.98079 0.00000 0.9245 0.0391
0 1.30526 -9.91445 5.00000 0.19509 -0.98079 0.00000 0.9225 0.0391
transfer_white
0 2.58819 -9.65926 -5.00000 0.19509 -0.98079 0.00000 0.9245 0.9609
0 1.30526 -9.91445 5.00000 0.19509 -0.98079 0.00000 0.9225 0.0391
0 1.30526 -9.91445 -5.00000 0.19509 -0.98079 0.00000 0.9225 0.9609
transfer_white
0 3.82683 -9.23880 -5.00000 0.32144 -0.94693 0.00000 0.9278 0.9609
0 3.82683 -9.23880 5.00000 0.32144 -0.94693 0.00000 0.9278 0.0391
0 2.58819 -9.65926 5.00000 0.32144 -0.94693 0.00000 0.9245 0.0391
transfer_white
0 3.82683 -9.23880 -5.00000 0.32144 -0.94693 0.00000 0.9278 0.9609
0 2.58819 -9.65926 5.00000 0.32144 -0.94693 0.00000 0.9245 0.0391
0 2.58819 -9.65926 -5.00000 0.32144 -0.94693 0.00000 0.9245 0.9609
transfer_white
0 5.00000 -8.66025 -5.00000 0.44229 -0.89687 0.00000 0.9323 0.9609
0 5.00000 -8.66025 5.00000 0.44229 -0.89687 0.00000 0.9323 0.0391
0 3.82683 -9.23880 5.00000 0.44229 -0.89687 0.00000 0.9278 0.0391
transfer_white
0 5.00000 -8.66025 -5.00000 0.44229 -0.89687 0.00000 0.9323 0.9609
0 3.82683 -9.23880 5.00000 0.44229 -0.89687 0.00000 0.9278 0.0391
0 3.82683 -9.23880 -5.00000 0.44229 -0.89687 0.00000 0.9278 0.9609
transfer_white
0 6.08761 -7.93353 -5.00000 0.55557 -0.83147 0.00000 0.9380 0.9609
0 6.08761 -7.93353 5.00000 0.55557 -0.83147 0.00000 0.9380 0.0391
0 5.00000 -8.66025 5.00000 0.55557 -0.83147 0.00000 0.9323 0.0391
transfer_white
0 6.08761 -7.93353 -5.00000 0.55557 -0.83147 0.00000 0.9380 0.9609
0 5.00000 -8.66025 5.00000 0.55557 -0.83147 0.00000 0.9323 0.0391
0 5.00000 -8.66025 -5.00000 0.55557 -0.83147 0.00000 0.9323 0.9609
transfer_white
0 7.07107 -7.07107 -5.00000 0.65935 -0.75184 0.00000 0.9448 0.9609
0 7.07107 -7.07107 5.00000 0.65935 -0.75184 0.00000 0.9448 0.0391
0 6.08761 -7.93353 5.00000 0.65935 -0.75184 0.00000 0.9380 0.0391
transfer_white
0 7.07107 -7.07107 -5.00000 0.65935 -0.75184 0.00000 0.9448 0.9609
0 6.08761 -7.93353 5.00000 0.65935 -0.75184 0.00000 0.9380 0.0391
0 6.08761 -7.93353 -5.00000 0.65935 -0.75184 0.00000 0.9380 0.9609
transfer_white
0 7.93353 -6.08761 -5.00000 0.75184 -0.65935 0.00000 0.9524 0.9609
0 7.93353 -6.08761 5.00000 0.75184 -0.65935 0.00000 0.9524 0.0391
0 7.07107 -7.07107 5.00000 0.75184 -0.65935 0.00000 0.9448 0.0391
transfer_white
0 7.93353 -6.08761 -5.00000 0.75184 -0.65935 0.00000 0.9524 0.9609
0 7.07107 -7.07107 5.00000 0.75184 -0.65935 0.00000 0.9448 0.0391
0 7.07107 -7.07107 -5.00000 0.75184 -0.65935 0.00000 0.9448 0.9609
transfer_white
0 8.66025 -5.00000 -5.00000 0.83147 -0.55557 0.00000 0.9609 0.9609
0 8.66025 -5.00000 5.00000 0.83147 -0.55557 0.00000 0.9609 0.0391
0 7.93353 -6.08761 5.00000 0.83147 -0.55557 0.00000 0.9524 0.0391
transfer_white
0 8.66025 -5.00000 -5.00000 0.83147 -0.55557 0.00000 0.9609 0.9609
0 7.93353 -6.08761 5.00000 0.83147 -0.55557 0.00000 0.9524 0.0391
0 7.93353 -6.08761 -5.00000 0.83147 -0.55557 0.00000 0.9524 0.9609
transfer_white
0 9.23880 -3.82683 -5.00000 0.89687 -0.44229 0.00000 0.9701 0.9609
0 9.23880 -3.82683 5.00000 0.89687 -0.44229 0.00000 0.9701 0.0391
0 8.66025 -5.00000 5.00000 0.89687 -0.44229 0.00000 0.9609 0.0391
transfer_white
0 9.23880 -3.82683 -5.00000 0.89687 -0.44229 0.00000 0.9701 0.9609
0 8.66025 -5.00000 5.00000 0.89687 -0.44229 0.00000 0.9609 0.0391
0 8.66025 -5.00000 -5.00000 0.89687 -0.44229 0.00000 0.9609 0.9609
transfer_white
0 9.65926 -2.58819 -5.00000 0.94693 -0.32144 0.00000 0.9798 0.9609
0 9.65926 -2.58819 5.00000 0.94693 -0.32144 0.00000 0.9798 0.0391
0 9.23880 -3.82683 5.00000 0.94693 -0.32144 0.00000 0.9701 0.0391
transfer_white
0 9.65926 -2.58819 -5.00000 0.94693 -0.32144 0.00000 0.9798 0.9609
0 9.23880 -3.82683 5.00000 0.94693 -0.32144 0.00000 0.9701 0.0391
0 9.23880 -3.82683 -5.00000 0.94693 -0.32144 0.00000 0.9701 0.9609
transfer_white
0 9.91445 -1.30526 -5.00000 0.98079 -0.19509 0.00000 0.9898 0.9609
0 9.91445 -1.30526 5.00000 0.98079 -0.19509 0.00000 0.9898 0.0391
0 9.65926 -2.58819 5.00000 0.98079 -0.19509 0.00000 0.9798 0.0391
transfer_white
0 9.91445 -1.30526 -5.00000 0.98079 -0.19509 0.00000 0.9898 0.9609
0 9.65926 -2.58819 5.00000 0.98079 -0.19509 0.00000 0.9798 0.0391
0 9.65926 -2.58819 -5.00000 0.98079 -0.19509 0.00000 0.9798 0.9609
transfer_white
0 10.00000 -0.00000 -5.00000 0.99786 -0.06540 0.00000 1.0000 0.9609
0 10.00000 -0.00000 5.00000 0.99786 -0.06540 0.00000 1.0000 0.0391
0 9.91445 -1.30526 5.00000 0.99786 -0.06540 0.00000 0.9898 0.0391
transfer_white
0 10.00000 -0.00000 -5.00000 0.99786 -0.06540 0.00000 1.0000 0.9609
0 9.91445 -1.30526 5.00000 0.99786 -0.06540 0.00000 0.9898 0.0391
0 9.91445 -1.30526 -5.00000 0.99786 -0.06540 0.00000 0.9898 0.9609
transfer_white
0 9.91445 1.30526 5.00000 0.79890 0.05236 0.59918 0.0102 0.0391
0 8.42728 1.10947 7.00000 0.79890 0.05236 0.59918 0.0087 0.0547
0 8.50000 0.00000 7.00000 0.79890 0.05236 0.59918 0.0000 0.0547
transfer_white
0 9.91445 1.30526 5.00000 0.79890 0.05236 0.59918 0.0102 0.0391
0 8.50000 0.00000 7.00000 0.79890 0.05236 0.59918 0.0000 0.0547
0 10.00000 0.00000 5.00000 0.79890 0.05236 0.59918 0.0000 0.0391
transfer_white
0 9.65926 2.58819 5.00000 0.78523 0.15619 0.59918 0.0202 0.0391
0 8.21037 2.19996 7.00000 0.78523 0.15619 0.59918 0.0172 0.0547
0 8.42728 1.10947 7.00000 0.78523 0.15619 0.59918 0.0087 0.0547
transfer_white
0 9.65926 2.58819 5.00000 0.78523 0.15619 0.59918 0.0202 0.0391
0 8.42728 1.10947 7.00000 0.78523 0.15619 0.59918 0.0087 0.0547
0 9.91445 1.30526 5.00000 0.78523 0.15619 0.59918 0.0102 0.0391
transfer_white
0 9.23880 3.82683 5.00000 0.75813 0.25735 0.59918 0.0299 0.0391
0 7.85298 3.25281 7.00000 0.75813 0.25735 0.59918 0.0254 0.0547
0 8.21037 2.19996 7.00000 0.75813 0.25735 0.59918 0.0172 0.0547
transfer_white
0 9.23880 3.82683 5.00000 0.75813 0.25735 0.59918 0.0299 0.0391
0 8.21037 2.19996 7.00000 0.75813 0.25735 0.59918 0.0172 0.0547
0 9.65926 2.58819 5.00000 0.75813 0.25735 0.59918 0.0202 0.0391
transfer_white
0 8.66025 5.00000 5.00000 0.71805 0.35410 0.59918 0.0391 0.0391
0 7.36122 4.25000 7.00000 0.71805 0.35410 0.59918 0.0332 0.0547
0 7.85298 3.25281 7.00000 0.71805 0.35410 0.59918 0.0254 0.0547
transfer_white
0 8.66025 5.00000 5.00000 0.71805 0.35410 0.59918 0.0391 0.0391
0 7.85298 3.25281 7.00000 0.71805 0.35410 0.59918 0.0254 0.0547
0 9.23880 3.82683 5.00000 0.71805 0.35410 0.59918 0.0299 0.0391
transfer_white
0 7.93353 6.08761 5.00000 0.66569 0.44480 0.59918 0.0476 0.0391
0 6.74350 5.17447 7.00000 0.66569 0.44480 0.59918 0.0404 0.0547
0 7.36122 4.25000 7.00000 0.66569 0.44480 0.59918 0.0332 0.0547
transfer_white
0 7.93353 6.08761 5.00000 0.66569 0.44480 0.59918 0.0476 0.0391
0 7.36122 4.25000 7.00000 0.66569 0.44480 0.59918 0.0332 0.0547
0 8.66025 5.00000 5.00000 0.66569 0.44480 0.59918 0.0391 0.0391
transfer_white
0 7.07107 7.07107 5.00000 0.60194 0.52788 0.59918 0.0552 0.0391
0 6.01041 6.01041 7.00000 0.60194 0.52788 0.59918 0.0470 0.0547
0 6.74350 5.17447 7.00000 0.60194 0.52788 0.59918 0.0404 0.0547
transfer_white
0 7.07107 7.07107 5.00000 0.60194 0.52788 0.59918 0.0552 0.0391
0 6.74350 5.17447 7.00000 0.60194 0.52788 0.59918 0.0404 0.0547
0 7.93353 6.08761 5.00000 0.60194 0.52788 0.59918 0.0476 0.0391
transfer_white
0 6.08761 7.93353 5.00000 0.52788 0.60194 0.59918 0.0620 0.0391
0 5.17447 6.74350 7.00000 0.52788 0.60194 0.59918 0.0527 0.0547
0 6.01041 6.01041 7.00000 0.52788 0.60194 0.59918 0.0470 0.0547
transfer_white
0 6.08761 7.93353 5.00000 0.52788 0.60194 0.59918 0.0620 0.0391
0 6.01041 6.01041 7.00000 0.52788 0.60194 0.59918 0.0470 0.0547
0 7.07107 7.07107 5.00000 0.52788 0.60194 0.59918 0.0552 0.0391
transfer_white
0 5.00000 8.66025 5.00000 0.44480 0.66569 0.59918 0.0677 0.0391
0 4.25000 7.36122 7.00000 0.44480 0.66569 0.59918 0.0575 0.0547
0 5.17447 6.74350 7.00000 0.44480 0.66569 0.59918 0.0527 0.0547
transfer_white
0 5.00000 8.66025 5.00000 0.44480 0.66569 0.59918 0.0677 0.0391
0 5.17447 6.74350 7.00000 0.44480 0.66569 0.59918 0.0527 0.0547
0 6.08761 7.93353 5.00000 0.44480 0.66569 0.59918 0.0620 0.0391
transfer_white
0 3.82683 9.23880 5.00000 0.35410 0.71805 0.59918 0.0722 0.0391
0 3.25281 7.85298 7.00000 0.35410 0.71805 0.59918 0.0614 0.0547
0 4.25000 7.36122 7.00000 0.35410 0.71805 0.59918 0.0575 0.0547
transfer_white
0 3.82683 9.23880 5.00000 0.35410 0.71805 0.59918 0.0722 0.0391
0 4.25000 7.36122 7.00000 0.35410 0.71805 0.59918 0.0575 0.0547
0 5.00000 8.66025 5.00000 0.35410 0.71805 0.59918 0.0677 0.0391
transfer_white
0 2.58819 9.65926 5.00000 0.25735 0.75813 0.59918 0.0755 0.0391
0 2.19996 8.21037 7.00000 0.25735 0.75813 0.59918 0.0641 0.0547
0 3.25281 7.85298 7.00000 0.25735 0.75813 0.59918 0.0614 0.0547
transfer_white
0 2.58819 9.65926 5.00000 0.25735 0.75813 0.59918 0.0755 0.0391
0 3.25281 7.85298 7.00000 0.25735 0.75813 0.59918 0.0614 0.0547
0 3.82683 9.23880 5.00000 0.25735 0.75813 0.59918 0.0722 0.0391
transfer_white
0 1.30526 9.91445 5.00000 0.15619 0.78523 0.59918 0.0775 0.0391
0 1.10947 8.42728 7.00000 0.15619 0.78523 0.59918 0.0658 0.0547
0 2.19996 8.21037 7.00000 0.15619 0.78523 0.59918 0.0641 0.0547
transfer_white
0 1.30526 9.91445 5.00000 0.15619 0.78523 0.59918 0.0775 0.0391
0 2.19996 8.21037 7.00000 0.15619 0.78523 0.59918 0.0641 0.0547
0 2.58819 9.65926 5.00000 0.15619 0.78523 0.59918 0.0755 0.0391
transfer_white
0 0.00000 10.00000 5.00000 0.05236 0.79890 0.59918 0.0781 0.0391
0 0.00000 8.50000 7.00000 0.05236 0.79890 0.59918 0.0664 0.0547
0 1.10947 8.42728 7.00000 0.05236 0.79890 0.59918 0.0658 0.0547
transfer_white
0 0.00000 10.00000 5.00000 0.05236 0.79890 0.59918 0.0781 0.0391
0 1.10947 8.42728 7.00000 0.05236 0.79890 0.59918 0.0658 0.0547
0 1.30526 9.91445 5.00000 0.05236 0.79890 0.59918 0.0775 0.0391
transfer_white
0 -1.30526 9.91445 5.00000 -0.05236 0.79890 0.59918 0.0775 0.0391
0 -1.10947 8.42728 7.00000 -0.05236 0.79890 0.59918 0.0658 0.0547
0 0.00000 8.50000 7.00000 -0.05236 0.79890 0.59918 0.0664 0.0547
transfer_white
0 -1.30526 9.91445 5.00000 -0.05236 0.79890 0.59918 0.0775 0.0391
0 0.00000 8.50000 7.00000 -0.05236 0.79890 0.59918 0.0664 0.0547
0 0.00000 10.00000 5.00000 -0.05236 0.79890 0.59918 0.0781 0.0391
transfer_white
0 -2.58819 9.65926 5.00000 -0.15619 0.78523 0.59918 0.0755 0.0391
0 -2.19996 8.21037 7.00000 -0.15619 0.78523 0.59918 0.0641 0.0547
0 -1.10947 8.42728 7.00000 -0.15619 0.78523 0.59918 0.0658 0.0547
transfer_white
0 -2.58819 9.65926 5.00000 -0.15619 0.78523 0.59918 0.0755 0.0391
0 -1.10947 8.42728 7.00000 -0.15619 0.78523 0.59918 0.0658 0.0547
0 -1.30526 9.91445 5.00000 -0.15619 0.78523 0.59918 0.0775 0.0391
transfer_white
0 -3.82683 9.23880 5.00000 -0.25735 0.75813 0.59918 0.0722 0.0391
0 -3.25281 7.85298 7.00000 -0.25735 0.75813 0.59918 0.0614 0.0547
0 -2.19996 8.21037 7.00000 -0.25735 0.75813 0.59918 0.0641 0.0547
transfer_white
0 -3.82683 9.23880 5.00000 -0.25735 0.75813 0.59918 0.0722 0.0391
0 -2.19996 8.21037 7.00000 -0.25735 0.75813 0.59918 0.0641 0.0547
0 -2.58819 9.65926 5.00000 -0.25735 0.75813 0.59918 0.0755 0.0391
transfer_white
0 -5.00000 8.66025 5.00000 -0.35410 0.71805 0.59918 0.0677 0.0391
0 -4.25000 7.36122 7.00000 -0.35410 0.71805 0.59918 0.0575 0.0547
0 -3.25281 7.85298 7.00000 -0.35410 0.71805 0.59918 0.0614 0.0547
transfer_white
0 -5.00000 8.66025 5.00000 -0.35410 0.71805 0.59918 0.0677 0.0391
0 -3.25281 7.85298 7.00000 -0.35410 0.71805 0.59918 0.0614 0.0547
0 -3.82683 9.23880 5.00000 -0.35410 0.71805 0.59918 0.0722 0.0391
transfer_white
0 -6.08761 7.93353 5.00000 -0.44480 0.66569 0.59918 0.0620 0.0391
0 -5.17447 6.74350 7.00000 -0.44480 0.66569 0.59918 0.0527 0.0547
0 -4.25000 7.36122 7.00000 -0.44480 0.66569 0.59918 0.0575 0.0547
transfer_white
0 -6.08761 7.93353 5.00000 -0.44480 0.66569 0.59918 0.0620 0.0391
0 -4.25000 7.36122 7.00000 -0.44480 0.66569 0.59918 0.0575 0.0547
0 -5.00000 8.66025 5.00000 -0.44480 0.66569 0.59918 0.0677 0.0391
transfer_white
0 -7.07107 7.07107 5.00000 -0.52788 0.60194 0.59918 0.0552 0.0391
0 -6.01041 6.01041 7.00000 -0.52788 0.60194 0.59918 0.0470 0.0547
0 -5.17447 6.74350 7.00000 -0.52788 0.60194 0.59918 0.0527 0.0547
transfer_white
0 -7.07107 7.07107 5.00000 -0.52788 0.60194 0.59918 0.0552 0.0391
0 -5.17447 6.74350 7.00000 -0.52788 0.60194 0.59918 0.0527 0.0547
0 -6.08761 7.93353 5.00000 -0.52788 0.60194 0.59918 0.0620 0.0391
transfer_white
0 -7.93353 6.08761 5.00000 -0.60194 0.52788 0.59918 0.0476 0.0391
0 -6.74350 5.17447 7.00000 -0.60194 0.52788 0.59918 0.0404 0.0547
0 -6.01041 6.01041 7.00000 -0.60194 0.52788 0.59918 0.0470 0.0547
transfer_white
0 -7.93353 6.08761 5.00000 -0.60194 0.52788 0.59918 0.0476 0.0391
0 -6.01041 6.01041 7.00000 -0.60194 0.52788 0.59918 0.0470 0.0547
0 -7.07107 7.07107 5.00000 -0.60194 0.52788 0.59918 0.0552 0.0391
transfer_white
0 -8.66025 5.00000 5.00000 -0.66569 0.44480 0.59918 0.0391 0.0391
0 -7.36122 4.25000 7.00000 -0.66569 0.44480 0.59918 0.0332 0.0547
0 -6.74350 5.17447 7.00000 -0.66569 0.44480 0.59918 0.0404 0.0547
transfer_white
0 -8.66025 5.00000 5.00000 -0.66569 0.44480 0.59918 0.0391 0.0391
0 -6.74350 5.17447 7.00000 -0.66569 0.44480 0.59918 0.0404 0.0547
0 -7.93353 6.08761 5.00000 -0.66569 0.44480 0.59918 0.0476 0.0391
transfer_white
0 -9.23880 3.82683 5.00000 -0.71805 0.35410 0.59918 0.0299 0.0391
0 -7.85298 3.25281 7.00000 -0.71805 0.35410 0.59918 0.0254 0.0547
0 -7.36122 4.25000 7.00000 -0.71805 0.35410 0.59918 0.0332 0.0547
transfer_white
0 -9.23880 3.82683 5.00000 -0.71805 0.35410 0.59918 0.0299 0.0391
0 -7.36122 4.25000 7.00000 -0.71805 0.35410 0.59918 0.0332 0.0547
0 -8.66025 5.00000 5.00000 -0.71805 0.35410 0.59918 0.0391 0.0391
transfer_white
0 -9.65926 2.58819 5.00000 -0.75813 0.25735 0.59918 0.0202 0.0391
0 -8.21037 2.19996 7.00000 -0.75813 0.25735 0.59918 0.0172 0.0547
0 -7.85298 3.25281 7.00000 -0.75813 0.25735 0.59918 0.0254 0.0547
transfer_white
0 -9.65926 2.58819 5.00000 -0.75813 0.25735 0.59918 0.0202 0.0391
0 -7.85298 3.25281 7.00000 -0.75813 0.25735 0.59918 0.0254 0.0547
0 -9.23880 3.82683 5.00000 -0.75813 0.25735 0.59918 0.0299 0.0391
transfer_white
0 -9.91445 1.30526 5.00000 -0.78523 0.15619 0.59918 0.0102 0.0391
0 -8.42728 1.10947 7.00000 -0.78523 0.15619 0.59918 0.0087 0.0547
0 -8.21037 2.19996 7.00000 -0.78523 0.15619 0.59918 0.0172 0.0547
transfer_white
0 -9.91445 1.30526 5.00000 -0.78523 0.15619 0.59918 0.0102 0.0391
0 -8.21037 2.19996 7.00000 -0.78523 0.15619 0.59918 0.0172 0.0547
0 -9.65926 2.58819 5.00000 -0.78523 0.15619 0.59918 0.0202 0.0391
transfer_white
0 -10.00000 0.00000 5.00000 -0.79890 0.05236 0.59918 0.0000 0.0391
0 -8.50000 0.00000 7.00000 -0.79890 0.05236 0.59918 0.0000 0.0547
0 -8.42728 1.10947 7.00000 -0.79890 0.05236 0.59918 0.0087 0.0547
transfer_white
0 -10.00000 0.00000 5.00000 -0.79890 0.05236 0.59918 0.0000 0.0391
0 -8.42728 1.10947 7.00000 -0.79890 0.05236 0.59918 0.0087 0.0547
0 -9.91445 1.30526 5.00000 -0.79890 0.05236 0.59918 0.0102 0.0391
transfer_white
0 -9.91445 -1.30526 5.00000 -0.79890 -0.05236 0.59918 0.9898 0.0391
0 -8.42728 -1.10947 7.00000 -0.79890 -0.05236 0.59918 0.9913 0.0547
0 -8.50000 0.00000 7.00000 -0.79890 -0.05236 0.59918 0.0000 0.0547
transfer_white
0 -9.91445 -1.30526 5.00000 -0.79890 -0.05236 0.59918 0.9898 0.0391
0 -8.50000 0.00000 7.00000 -0.79890 -0.05236 0.59918 0.0000 0.0547
0 -10.00000 0.00000 5.00000 -0.79890 -0.05236 0.59918 0.0000 0.0391
transfer_white
0 -9.65926 -2.58819 5.00000 -0.78523 -0.15619 0.59918 0.9798 0.0391
0 -8.21037 -2.19996 7.00000 -0.78523 -0.15619 0.59918 0.9828 0.0547
0 -8.42728 -1.10947 7.00000 -0.78523 -0.15619 0.59918 0.9913 0.0547
transfer_white
0 -9.65926 -2.58819 5.00000 -0.78523 -0.15619 0.59918 0.9798 0.0391
0 -8.42728 -1.10947 7.00000 -0.78523 -0.15619 0.59918 0.9913 0.0547
0 -9.91445 -1.30526 5.00000 -0.78523 -0.15619 0.59918 0.9898 0.0391
transfer_white
0 -9.23880 -3.82683 5.00000 -0.75813 -0.25735 0.59918 0.9701 0.0391
0 -7.85298 -3.25281 7.00000 -0.75813 -0.25735 0.59918 0.9746 0.0547
0 -8.21037 -2.19996 7.00000 -0.75813 -0.25735 0.59918 0.9828 0.0547
transfer_white
0 -9.23880 -3.82683 5.00000 -0.75813 -0.25735 0.59918 0.9701 0.0391
0 -8.21037 -2.19996 7.00000 -0.75813 -0.25735 0.59918 0.9828 0.0547
0 -9.65926 -2.58819 5.00000 -0.75813 -0.25735 0.59918 0.9798 0.0391
transfer_white
0 -8.66025 -5.00000 5.00000 -0.71805 -0.35410 0.59918 0.9609 0.0391
0 -7.36122 -4.25000 7.00000 -0.71805 -0.35410 0.59918 0.9668 0.0547
0 -7.85298 -3.25281 7.00000 -0.71805 -0.35410 0.59918 0.9746 0.0547
transfer_white
0 -8.66025 -5.00000 5.00000 -0.71805 -0.35410 0.59918 0.9609 0.0391
0 -7.85298 -3.25281 7.00000 -0.71805 -0.35410 0.59918 0.9746 0.0547
0 -9.23880 -3.82683 5.00000 -0.71805 -0.35410 0.59918 0.9701 0.0391
transfer_white
0 -7.93353 -6.08761 5.00000 -0.66569 -0.44480 0.59918 0.9524 0.0391
0 -6.74350 -5.17447 7.00000 -0.66569 -0.44480 0.59918 0.9596 0.0547
0 -7.36122 -4.25000 7.00000 -0.66569 -0.44480 0.59918 0.9668 0.0547
transfer_white
0 -7.93353 -6.08761 5.00000 -0.66569 -0.44480 0.59918 0.9524 0.0391
0 -7.36122 -4.25000 7.00000 -0.66569 -0.44480 0.59918 0.9668 0.0547
0 -8.66025 -5.00000 5.00000 -0.66569 -0.44480 0.59918 0.9609 0.0391
transfer_white
0 -7.07107 -7.07107 5.00000 -0.60194 -0.52788 0.59918 0.9448 0.0391
0 -6.01041 -6.01041 7.00000 -0.60194 -0.52788 0.59918 0.9530 0.0547
0 -6.74350 -5.17447 7.00000 -0.60194 -0.52788 0.59918 0.9596 0.0547
transfer_white
0 -7.07107 -7.07107 5.00000 -0.60194 -0.52788 0.59918 0.9448 0.0391
0 -6.74350 -5.17447 7.00000 -0.60194 -0.52788 0.59918 0.9596 0.0547
0 -7.93353 -6.08761 5.00000 -0.60194 -0.52788 0.59918 0.9524 0.0391
transfer_white
0 -6.08761 -7.93353 5.00000 -0.52788 -0.60194 0.59918 0.9380 0.0391
0 -5.17447 -6.74350 7.00000 -0.52788 -0.60194 0.59918 0.9473 0.0547
0 -6.01041 -6.01041 7.00000 -0.52788 -0.60194 0.59918 0.9530 0.0547
transfer_white
0 -6.08761 -7.93353 5.00000 -0.52788 -0.60194 0.59918 0.9380 0.0391
0 -6.01041 -6.01041 7.00000 -0.52788 -0.60194 0.59918 0.9530 0.0547
0 -7.07107 -7.07107 5.00000 -0.52788 -0.60194 0.59918 0.9448 0.0391
transfer_white
0 -5.00000 -8.66025 5.00000 -0.44480 -0.66569 0.59918 0.9323 0.0391
0 -4.25000 -7.36122 7.00000 -0.44480 -0.66569 0.59918 0.9425 0.0547
0 -5.17447 -6.74350 7.00000 -0.44480 -0.66569 0.59918 0.9473 0.0547
transfer_white
0 -5.00000 -8.66025 5.00000 -0.44480 -0.66569 0.59918 0.9323 0.0391
0 -5.17447 -6.74350 7.00000 -0.44480 -0.66569 0.59918 0.9473 0.0547
0 -6.08761 -7.93353 5.00000 -0.44480 -0.66569 0.59918 0.9380 0.0391
transfer_white
0 -3.82683 -9.23880 5.00000 -0.35410 -0.71805 0.59918 0.9278 0.0391
0 -3.25281 -7.85298 7.00000 -0.35410 -0.71805 0.59918 0.9386 0.0547
0 -4.25000 -7.36122 7.00000 -0.35410 -0.71805 0.59918 0.9425 0.0547
transfer_white
0 -3.82683 -9.23880 5.00000 -0.35410 -0.71805 0.59918 0.9278 0.0391
0 -4.25000 -7.36122 7.00000 -0.35410 -0.71805 0.59918 0.9425 0.0547
0 -5.00000 -8.66025 5.00000 -0.35410 -0.71805 0.59918 0.9323 0.0391
transfer_white
0 -2.58819 -9.65926 5.00000 -0.25735 -0.75813 0.59918 0.9245 0.0391
0 -2.19996 -8.21037 7.00000 -0.25735 -0.75813 0.59918 0.9359 0.0547
0 -3.25281 -7.85298 7.00000 -0.25735 -0.75813 0.59918 0.9386 0.0547
transfer_white
0 -2.58819 -9.65926 5.00000 -0.25735 -0.75813 0.59918 0.9245 0.0391
0 -3.25281 -7.85298 7.00000 -0.25735 -0.75813 0.59918 0.9386 0.0547
0 -3.82683 -9.23880 5.00000 -0.25735 -0.75813 0.59918 0.9278 0.0391
transfer_white
0 -1.30526 -9.91445 5.00000 -0.15619 -0.78523 0.59918 0.9225 0.0391
0 -1.10947 -8.42728 7.00000 -0.15619 -0.78523 0.59918 0.9342 0.0547
0 -2.19996 -8.21037 7.00000 -0.15619 -0.78523 0.59918 0.9359 0.0547
transfer_white
0 -1.30526 -9.91445 5.00000 -0.15619 -0.78523 0.59918 0.9225 0.0391
0 -2.19996 -8.21037 7.00000 -0.15619 -0.78523 0.59918 0.9359 0.0547
0 -2.58819 -9.65926 5.00000 -0.15619 -0.78523 0.59918 0.9245 0.0391
transfer_white
0 -0.00000 -10.00000 5.00000 -0.05236 -0.79890 0.59918 0.9219 0.0391
0 -0.00000 -8.50000 7.00000 -0.05236 -0.79890 0.59918 0.9336 0.0547
0 -1.10947 -8.42728 7.00000 -0.05236 -0.79890 0.59918 0.9342 0.0547
transfer_white
0 -0.00000 -10.00000 5.00000 -0.05236 -0.79890 0.59918 0.9219 0.0391
0 -1.10947 -8.42728 7.00000 -0.05236 -0.79890 0.59918 0.9342 0.0547
0 -1.30526 -9.91445 5.00000 -0.05236 -0.79890 0.59918 0.9225 0.0391
transfer_white
0 1.30526 -9.91445 5.00000 0.05236 -0.79890 0.59918 0.9225 0.0391
0 1.10947 -8.42728 7.00000 0.05236 -0.79890 0.59918 0.9342 0.0547
0 -0.00000 -8.50000 7.00000 0.05236 -0.79890 0.59918 0.9336 0.0547
transfer_white
0 1.30526 -9.91445 5.00000 0.05236 -0.79890 0.59918 0.9225 0.0391
0 -0.00000 -8.50000 7.00000 0.05236 -0.79890 0.59918 0.9336 0.0547
0 -0.00000 -10.00000 5.00000 0.05236 -0.79890 0.59918 0.9219 0.0391
transfer_white
0 2.58819 -9.65926 5.00000 0.15619 -0.78523 0.59918 0.9245 0.0391
0 2.19996 -8.21037 7.00000 0.15619 -0.78523 0.59918 0.9359 0.0547
0 1.10947 -8.42728 7.00000 0.15619 -0.78523 0.59918 0.9342 0.0547
transfer_white
0 2.58819 -9.65926 5.00000 0.15619 -0.78523 0.59918 0.9245 0.0391
0 1.10947 -8.42728 7.00000 0.15619 -0.78523 0.59918 0.9342 0.0547
0 1.30526 -9.91445 5.00000 0.15619 -0.78523 0.59918 0.9225 0.0391
transfer_white
0 3.82683 -9.23880 5.00000 0.25735 -0.75813 0.59918 0.9278 0.0391
0 3.25281 -7.85298 7.00000 0.25735 -0.75813 0.59918 0.9386 0.0547
0 2.19996 -8.21037 7.00000 0.25735 -0.75813 0.59918 0.9359 0.0547
transfer_white
0 3.82683 -9.23880 5.00000 0.25735 -0.75813 0.59918 0.9278 0.0391
0 2.19996 -8.21037 7.00000 0.25735 -0.75813 0.59918 0.9359 0.0547
0 2.58819 -9.65926 5.00000 0.25735 -0.75813 0.59918 0.9245 0.0391
transfer_white
0 5.00000 -8.66025 5.00000 0.35410 -0.71805 0.59918 0.9323 0.0391
0 4.25000 -7.36122 7.00000 0.35410 -0.71805 0.59918 0.9425 0.0547
0 3.25281 -7.85298 7.00000 0.35410 -0.71805 0.59918 0.9386 0.0547
transfer_white
0 5.00000 -8.66025 5.00000 0.35410 -0.71805 0.59918 0.9323 0.0391
0 3.25281 -7.85298 7.00000 0.35410 -0.71805 0.59918 0.9386 0.0547
0 3.82683 -9.23880 5.00000 0.35410 -0.71805 0.59918 0.9278 0.0391
transfer_white
0 6.08761 -7.93353 5.00000 0.44480 -0.66569 0.59918 0.9380 0.0391
0 5.17447 -6.74350 7.00000 0.44480 -0.66569 0.59918 0.9473 0.0547
0 4.25000 -7.36122 7.00000 0.44480 -0.66569 0.59918 0.9425 0.0547
transfer_white
0 6.08761 -7.93353 5.00000 0.44480 -0.66569 0.59918 0.9380 0.0391
0 4.25000 -7.36122 7.00000 0.44480 -0.66569 0.59918 0.9425 0.0547
0 5.00000 -8.66025 5.00000 0.44480 -0.66569 0.59918 0.9323 0.0391
transfer_white
0 7.07107 -7.07107 5.00000 0.52788 -0.60194 0.59918 0.9448 0.0391
0 6.01041 -6.01041 7.00000 0.52788 -0.60194 0.59918 0.9530 0.0547
0 5.17447 -6.74350 7.00000 0.52788 -0.60194 0.59918 0.9473 0.0547
transfer_white
0 7.07107 -7.07107 5.00000 0.52788 -0.60194 0.59918 0.9448 0.0391
0 5.17447 -6.74350 7.00000 0.52788 -0.60194 0.59918 0.9473 0.0547
0 6.08761 -7.93353 5.00000 0.52788 -0.60194 0.59918 0.9380 0.0391
transfer_white
0 7.93353 -6.08761 5.00000 0.60194 -0.52788 0.59918 0.9524 0.0391
0 6.74350 -5.17447 7.00000 0.60194 -0.52788 0.59918 0.9596 0.0547
0 6.01041 -6.01041 7.00000 0.60194 -0.52788 0.59918 0.9530 0.0547
transfer_white
0 7.93353 -6.08761 5.00000 0.60194 -0.52788 0.59918 0.9524 0.0391
0 6.01041 -6.01041 7.00000 0.60194 -0.52788 0.59918 0.9530 0.0547
0 7.07107 -7.07107 5.00000 0.60194 -0.52788 0.59918 0.9448 0.0391
transfer_white
0 8.66025 -5.00000 5.00000 0.66569 -0.44480 0.59918 0.9609 0.0391
0 7.36122 -4.25000 7.00000 0.66569 -0.44480 0.59918 0.9668 0.0547
0 6.74350 -5.17447 7.00000 0.66569 -0.44480 0.59918 0.9596 0.0547
transfer_white
0 8.66025 -5.00000 5.00000 0.66569 -0.44480 0.59918 0.9609 0.0391
0 6.74350 -5.17447 7.00000 0.66569 -0.44480 0.59918 0.9596 0.0547
0 7.93353 -6.08761 5.00000 0.66569 -0.44480 0.59918 0.9524 0.0391
transfer_white
0 9.23880 -3.82683 5.00000 0.71805 -0.35410 0.59918 0.9701 0.0391
0 7.85298 -3.25281 7.00000 0.71805 -0.35410 0.59918 0.9746 0.0547
0 7.36122 -4.25000 7.00000 0.71805 -0.35410 0.59918 0.9668 0.0547
transfer_white
0 9.23880 -3.82683 5.00000 0.71805 -0.35410 0.59918 0.9701 0.0391
0 7.36122 -4.25000 7.00000 0.71805 -0.35410 0.59918 0.9668 0.0547
0 8.66025 -5.00000 5.00000 0.71805 -0.35410 0.59918 0.9609 0.0391
transfer_white
0 9.65926 -2.58819 5.00000 0.75813 -0.25735 0.59918 0.9798 0.0391
0 8.21037 -2.19996 7.00000 0.75813 -0.25735 0.59918 0.9828 0.0547
0 7.85298 -3.25281 7.00000 0.75813 -0.25735 0.59918 0.9746 0.0547
transfer_white
0 9.65926 -2.58819 5.00000 0.75813 -0.25735 0.59918 0.9798 0.0391
0 7.85298 -3.25281 7.00000 0.75813 -0.25735 0.59918 0.9746 0.0547
0 9.23880 -3.82683 5.00000 0.75813 -0.25735 0.59918 0.9701 0.0391
transfer_white
0 9.91445 -1.30526 5.00000 0.78523 -0.15619 0.59918 0.9898 0.0391
0 8.42728 -1.10947 7.00000 0.78523 -0.15619 0.59918 0.9913 0.0547
0 8.21037 -2.19996 7.00000 0.78523 -0.15619 0.59918 0.9828 0.0547
transfer_white
0 9.91445 -1.30526 5.00000 0.78523 -0.15619 0.59918 0.9898 0.0391
0 8.21037 -2.19996 7.00000 0.78523 -0.15619 0.59918 0.9828 0.0547
0 9.65926 -2.58819 5.00000 0.78523 -0.15619 0.59918 0.9798 0.0391
transfer_white
0 10.00000 -0.00000 5.00000 0.79890 -0.05236 0.59918 1.0000 0.0391
0 8.50000 -0.00000 7.00000 0.79890 -0.05236 0.59918 1.0000 0.0547
0 8.42728 -1.10947 7.00000 0.79890 -0.05236 0.59918 0.9913 0.0547
transfer_white
0 10.00000 -0.00000 5.00000 0.79890 -0.05236 0.59918 1.0000 0.0391
0 8.42728 -1.10947 7.00000 0.79890 -0.05236 0.59918 0.9913 0.0547
0 9.91445 -1.30526 5.00000 0.79890 -0.05236 0.59918 0.9898 0.0391
transfer_white
0 8.50000 0.00000 7.00000 0.00000 0.00000 1.00000 0.0000 0.0547
0 8.42728 1.10947 7.00000 0.00000 0.00000 1.00000 0.0087 0.0547
0 0.00000 0.00000 7.00000 0.00000 0.00000 1.00000 0.0000 0.0547
transfer_white
0 8.42728 1.10947 7.00000 0.00000 0.00000 1.00000 0.0087 0.0547
0 8.21037 2.19996 7.00000 0.00000 0.00000 1.00000 0.0172 0.0547
0 0.00000 0.00000 7.00000 0.00000 0.00000 1.00000 0.0000 0.0547
transfer_white
0 8.21037 2.19996 7.00000 0.00000 0.00000 1.00000 0.0172 0.0547
0 7.85298 3.25281 7.00000 0.00000 0.00000 1.00000 0.0254 0.0547
0 0.00000 0.00000 7.00000 0.00000 0.00000 1.00000 0.0000 0.0547
transfer_white
0 7.85298 3.25281 7.00000 0.00000 0.00000 1.00000 0.0254 0.0547
0 7.36122 4.25000 7.00000 0.00000 0.00000 1.00000 0.0332 0.0547
0 0.00000 0.00000 7.00000 0.00000 0.00000 1.00000 0.0000 0.0547
transfer_white
0 7.36122 4.25000 7.00000 0.00000 0.00000 1.00000 0.0332 0.0547
0 6.74350 5.17447 7.00000 0.00000 0.00000 1.00000 0.0404 0.0547
0 0.00000 0.00000 7.00000 0.00000 0.00000 1.00000 0.0000 0.0547
transfer_white
0 6.74350 5.17447 7.00000 0.00000 0.00000 1.00000 0.0404 0.0547
0 6.01041 6.01041 7.00000 0.00000 0.00000 1.00000 0.0470 0.0547
0 0.00000 0.00000 7.00000 0.00000 0.00000 1.00000 0.0000 0.0547
transfer_white
0 6.01041 6.01041 7.00000 0.00000 0.00000 1.00000 0.0470 0.0547
0 5.17447 6.74350 7.00000 0.00000 0.00000 1.00000 0.0527 0.0547
0 0.00000 0.00000 7.00000 0.00000 0.00000 1.00000 0.0000 0.0547
transfer_white
0 5.17447 6.74350 7.00000 0.00000 0.00000 1.00000 0.0527 0.0547
0 4.25000 7.36122 7.00000 0.00000 0.00000 1.00000 0.0575 0.0547
0 0.00000 0.00000 7.00000 0.00000 0.00000 1.00000 0.0000 0.0547
transfer_white
0 4.25000 7.36122 7.00000 0.00000 0.00000 1.00000 0.0575 0.0547
0 3.25281 7.85298 7.00000 0.00000 0.00000 1.00000 0.0614 0.0547
0 0.00000 0.00000 7.00000 0.00000 0.00000 1.00000 0.0000 0.0547
transfer_white
0 3.25281 7.85298 7.00000 0.00000 0.00000 1.00000 0.0614 0.0547
0 2.19996 8.21037 7.00000 0.00000 0.00000 1.00000 0.0641 0.0547
0 0.00000 0.00000 7.00000 0.00000 0.00000 1.00000 0.0000 0.0547
transfer_white
0 2.19996 8.21037 7.00000 0.00000 0.00000 1.00000 0.0641 0.0547
0 1.10947 8.42728 7.00000 0.00000 0.00000 1.00000 0.0658 0.0547
0 0.00000 0.00000 7.00000 0.00000 0.00000 1.00000 0.0000 0.0547
transfer_white
0 1.10947 8.42728 7.00000 0.00000 0.00000 1.00000 0.0658 0.0547
0 0.00000 8.50000 7.00000 0.00000 0.00000 1.00000 0.0664 0.0547
0 0.00000 0.00000 7.00000 0.00000 0.00000 1.00000 0.0000 0.0547
transfer_white
0 0.00000 8.50000 7.00000 0.00000 0.00000 1.00000 0.0664 0.0547
0 -1.10947 8.42728 7.00000 0.00000 0.00000 1.00000 0.0658 0.0547
0 0.00000 0.00000 7.00000 0.00000 0.00000 1.00000 0.0000 0.0547
transfer_white
0 -1.10947 8.42728 7.00000 0.00000 0.00000 1.00000 0.0658 0.0547
0 -2.19996 8.21037 7.00000 0.00000 0.00000 1.00000 0.0641 0.0547
0 0.00000 0.00000 7.00000 0.00000 0.00000 1.00000 0.0000 0.0547
transfer_white
0 -2.19996 8.21037 7.00000 0.00000 0.00000 1.00000 0.0641 0.0547
0 -3.25281 7.85298 7.00000 0.00000 0.00000 1.00000 0.0614 0.0547
0 0.00000 0.00000 7.00000 0.00000 0.00000 1.00000 0.0000 0.0547
transfer_white
0 -3.25281 7.85298 7.00000 0.00000 0.00000 1.00000 0.0614 0.0547
0 -4.25000 7.36122 7.00000 0.00000 0.00000 1.00000 0.0575 0.0547
0 0.00000 0.00000 7.00000 0.00000 0.00000 1.00000 0.0000 0.0547
transfer_white
0 -4.25000 7.36122 7.00000 0.00000 0.00000 1.00000 0.0575 0.0547
0 -5.17447 6.74350 7.00000 0.00000 0.00000 1.00000 0.0527 0.0547
0 0.00000 0.00000 7.00000 0.00000 0.00000 1.00000 0.0000 0.0547
transfer_white
0 -5.17447 6.74350 7.00000 0.00000 0.00000 1.00000 0.0527 0.0547
0 -6.01041 6.01041 7.00000 0.00000 0.00000 1.00000 0.0470 0.0547
0 0.00000 0.00000 7.00000 0.00000 0.00000 1.00000 0.0000 0.0547
transfer_white
0 -6.01041 6.01041 7.00000 0.00000 0.00000 1.00000 0.0470 0.0547
0 -6.74350 5.17447 7.00000 0.00000 0.00000 1.00000 0.0404 0.0547
0 0.00000 0.00000 7.00000 0.00000 0.00000 1.00000 0.0000 0.0547
transfer_white
0 -6.74350 5.17447 7.00000 0.00000 0.00000 1.00000 0.0404 0.0547
0 -7.36122 4.25000 7.00000 0.00000 0.00000 1.00000 0.0332 0.0547
0 0.00000 0.00000 7.00000 0.00000 0.00000 1.00000 0.0000 0.0547
transfer_white
0 -7.36122 4.25000 7.00000 0.00000 0.00000 1.00000 0.0332 0.0547
0 -7.85298 3.25281 7.00000 0.00000 0.00000 1.00000 0.0254 0.0547
0 0.00000 0.00000 7.00000 0.00000 0.00000 1.00000 0.0000 0.0547
transfer_white
0 -7.85298 3.25281 7.00000 0.00000 0.00000 1.00000 0.0254 0.0547
0 -8.21037 2.19996 7.00000 0.00000 0.00000 1.00000 0.0172 0.0547
0 0.00000 0.00000 7.00000 0.00000 0.00000 1.00000 0.0000 0.0547
transfer_white
0 -8.21037 2.19996 7.00000 0.00000 0.00000 1.00000 0.0172 0.0547
0 -8.42728 1.10947 7.00000 0.00000 0.00000 1.00000 0.0087 0.0547
0 0.00000 0.00000 7.00000 0.00000 0.00000 1.00000 0.0000 0.0547
transfer_white
0 -8.42728 1.10947 7.00000 0.00000 0.00000 1.00000 0.0087 0.0547
0 -8.50000 0.00000 7.00000 0.00000 0.00000 1.00000 0.0000 0.0547
0 0.00000 0.00000 7.00000 0.00000 0.00000 1.00000 0.0000 0.0547
transfer_white
0 -8.50000 0.00000 7.00000 0.00000 0.00000 1.00000 0.0000 0.0547
0 -8.42728 -1.10947 7.00000 0.00000 0.00000 1.00000 0.9913 0.0547
0 0.00000 0.00000 7.00000 0.00000 0.00000 1.00000 0.0000 0.0547
transfer_white
0 -8.42728 -1.10947 7.00000 -0.00000 0.00000 1.00000 0.9913 0.0547
0 -8.21037 -2.19996 7.00000 -0.00000 0.00000 1.00000 0.9828 0.0547
0 0.00000 0.00000 7.00000 -0.00000 0.00000 1.00000 0.0000 0.0547
transfer_white
0 -8.21037 -2.19996 7.00000 -0.00000 0.00000 1.00000 0.9828 0.0547
0 -7.85298 -3.25281 7.00000 -0.00000 0.00000 1.00000 0.9746 0.0547
0 0.00000 0.00000 7.00000 -0.00000 0.00000 1.00000 0.0000 0.0547
transfer_white
0 -7.85298 -3.25281 7.00000 -0.00000 0.00000 1.00000 0.9746 0.0547
0 -7.36122 -4.25000 7.00000 -0.00000 0.00000 1.00000 0.9668 0.0547
0 0.00000 0.00000 7.00000 -0.00000 0.00000 1.00000 0.0000 0.0547
transfer_white
0 -7.36122 -4.25000 7.00000 -0.00000 0.00000 1.00000 0.9668 0.0547
0 -6.74350 -5.17447 7.00000 -0.00000 0.00000 1.00000 0.9596 0.0547
0 0.00000 0.00000 7.00000 -0.00000 0.00000 1.00000 0.0000 0.0547
transfer_white
0 -6.74350 -5.17447 7.00000 -0.00000 0.00000 1.00000 0.9596 0.0547
0 -6.01041 -6.01041 7.00000 -0.00000 0.00000 1.00000 0.9530 0.0547
0 0.00000 0.00000 7.00000 -0.00000 0.00000 1.00000 0.0000 0.0547
transfer_white
0 -6.01041 -6.01041 7.00000 -0.00000 0.00000 1.00000 0.9530 0.0547
0 -5.17447 -6.74350 7.00000 -0.00000 0.00000 1.00000 0.9473 0.0547
0 0.00000 0.00000 7.00000 -0.00000 0.00000 1.00000 0.0000 0.0547
transfer_white
0 -5.17447 -6.74350 7.00000 -0.00000 0.00000 1.00000 0.9473 0.0547
0 -4.25000 -7.36122 7.00000 -0.00000 0.00000 1.00000 0.9425 0.0547
0 0.00000 0.00000 7.00000 -0.00000 0.00000 1.00000 0.0000 0.0547
transfer_white
0 -4.25000 -7.36122 7.00000 -0.00000 0.00000 1.00000 0.9425 0.0547
0 -3.25281 -7.85298 7.00000 -0.00000 0.00000 1.00000 0.9386 0.0547
0 0.00000 0.00000 7.00000 -0.00000 0.00000 1.00000 0.0000 0.0547
transfer_white
0 -3.25281 -7.85298 7.00000 -0.00000 0.00000 1.00000 0.9386 0.0547
0 -2.19996 -8.21037 7.00000 -0.00000 0.00000 1.00000 0.9359 0.0547
0 0.00000 0.00000 7.00000 -0.00000 0.00000 1.00000 0.0000 0.0547
transfer_white
0 -2.19996 -8.21037 7.00000 -0.00000 0.00000 1.00000 0.9359 0.0547
0 -1.10947 -8.42728 7.00000 -0.00000 0.00000 1.00000 0.9342 0.0547
0 0.00000 0.00000 7.00000 -0.00000 0.00000 1.00000 0.0000 0.0547
transfer_white
0 -1.10947 -8.42728 7.00000 -0.00000 0.00000 1.00000 0.9342 0.0547
0 -0.00000 -8.50000 7.00000 -0.00000 0.00000 1.00000 0.9336 0.0547
0 0.00000 0.00000 7.00000 -0.00000 0.00000 1.00000 0.0000 0.0547
transfer_white
0 -0.00000 -8.50000 7.00000 0.00000 0.00000 1.00000 0.9336 0.0547
0 1.10947 -8.42728 7.00000 0.00000 0.00000 1.00000 0.9342 0.0547
0 0.00000 0.00000 7.00000 0.00000 0.00000 1.00000 0.0000 0.0547
transfer_white
0 1.10947 -8.42728 7.00000 0.00000 -0.00000 1.00000 0.9342 0.0547
0 2.19996 -8.21037 7.00000 0.00000 -0.00000 1.00000 0.9359 0.0547
0 0.00000 0.00000 7.00000 0.00000 -0.00000 1.00000 0.0000 0.0547
transfer_white
0 2.19996 -8.21037 7.00000 0.00000 -0.00000 1.00000 0.9359 0.0547
0 3.25281 -7.85298 7.00000 0.00000 -0.00000 1.00000 0.9386 0.0547
0 0.00000 0.00000 7.00000 0.00000 -0.00000 1.00000 0.0000 0.0547
transfer_white
0 3.25281 -7.85298 7.00000 0.00000 -0.00000 1.00000 0.9386 0.0547
0 4.25000 -7.36122 7.00000 0.00000 -0.00000 1.00000 0.9425 0.0547
0 0.00000 0.00000 7.00000 0.00000 -0.00000 1.00000 0.0000 0.0547
transfer_white
0 4.25000 -7.36122 7.00000 0.00000 -0.00000 1.00000 0.9425 0.0547
0 5.17447 -6.74350 7.00000 0.00000 -0.00000 1.00000 0.9473 0.0547
0 0.00000 0.00000 7.00000 0.00000 -0.00000 1.00000 0.0000 0.0547
transfer_white
0 5.17447 -6.74350 7.00000 0.00000 -0.00000 1.00000 0.9473 0.0547
0 6.01041 -6.01041 7.00000 0.00000 -0.00000 1.00000 0.9530 0.0547
0 0.00000 0.00000 7.00000 0.00000 -0.00000 1.00000 0.0000 0.0547
transfer_white
0 6.01041 -6.01041 7.00000 0.00000 -0.00000 1.00000 0.9530 0.0547
0 6.74350 -5.17447 7.00000 0.00000 -0.00000 1.00000 0.9596 0.0547
0 0.00000 0.00000 7.00000 0.00000 -0.00000 1.00000 0.0000 0.0547
transfer_white
0 6.74350 -5.17447 7.00000 0.00000 -0.00000 1.00000 0.9596 0.0547
0 7.36122 -4.25000 7.00000 0.00000 -0.00000 1.00000 0.9668 0.0547
0 0.00000 0.00000 7.00000 0.00000 -0.00000 1.00000 0.0000 0.0547
transfer_white
0 7.36122 -4.25000 7.00000 0.00000 -0.00000 1.00000 0.9668 0.0547
0 7.85298 -3.25281 7.00000 0.00000 -0.00000 1.00000 0.9746 0.0547
0 0.00000 0.00000 7.00000 0.00000 -0.00000 1.00000 0.0000 0.0547
transfer_white
0 7.85298 -3.25281 7.00000 0.00000 -0.00000 1.00000 0.9746 0.0547
0 8.21037 -2.19996 7.00000 0.00000 -0.00000 1.00000 0.9828 0.0547
0 0.00000 0.00000 7.00000 0.00000 -0.00000 1.00000 0.0000 0.0547
transfer_white
0 8.21037 -2.19996 7.00000 0.00000 -0.00000 1.00000 0.9828 0.0547
0 8.42728 -1.10947 7.00000 0.00000 -0.00000 1.00000 0.9913 0.0547
0 0.00000 0.00000 7.00000 0.00000 -0.00000 1.00000 0.0000 0.0547
transfer_white
0 8.42728 -1.10947 7.00000 0.00000 -0.00000 1.00000 0.9913 0.0547
0 8.50000 -0.00000 7.00000 0.00000 -0.00000 1.00000 1.0000 0.0547
0 0.00000 0.00000 7.00000 0.00000 -0.00000 1.00000 0.0000 0.0547
transfer_black
0 0.00000 0.00000 7.10000 0.00000 0.00000 -1.00000 0.0000 0.0555
0 4.95722 0.65263 7.10000 0.00000 0.00000 -1.00000 0.0051 0.0555
0 5.00000 0.00000 7.10000 0.00000 0.00000 -1.00000 0.0000 0.0555
transfer_black
0 0.00000 0.00000 7.10000 0.00000 0.00000 -1.00000 0.0000 0.0555
0 4.82963 1.29410 7.10000 0.00000 0.00000 -1.00000 0.0101 0.0555
0 4.95722 0.65263 7.10000 0.00000 0.00000 -1.00000 0.0051 0.0555
transfer_black
0 0.00000 0.00000 7.10000 0.00000 0.00000 -1.00000 0.0000 0.0555
0 4.61940 1.91342 7.10000 0.00000 0.00000 -1.00000 0.0149 0.0555
0 4.82963 1.29410 7.10000 0.00000 0.00000 -1.00000 0.0101 0.0555
transfer_black
0 0.00000 0.00000 7.10000 0.00000 0.00000 -1.00000 0.0000 0.0555
0 4.33013 2.50000 7.10000 0.00000 0.00000 -1.00000 0.0195 0.0555
0 4.61940 1.91342 7.10000 0.00000 0.00000 -1.00000 0.0149 0.0555
transfer_black
0 0.00000 0.00000 7.10000 0.00000 0.00000 -1.00000 0.0000 0.0555
0 3.96677 3.04381 7.10000 0.00000 0.00000 -1.00000 0.0238 0.0555
0 4.33013 2.50000 7.10000 0.00000 0.00000 -1.00000 0.0195 0.0555
transfer_black
0 0.00000 0.00000 7.10000 0.00000 0.00000 -1.00000 0.0000 0.0555
0 3.53553 3.53553 7.10000 0.00000 0.00000 -1.00000 0.0276 0.0555
0 3.96677 3.04381 7.10000 0.00000 0.00000 -1.00000 0.0238 0.0555
transfer_black
0 0.00000 0.00000 7.10000 0.00000 0.00000 -1.00000 0.0000 0.0555
0 3.04381 3.96677 7.10000 0.00000 0.00000 -1.00000 0.0310 0.0555
0 3.53553 3.53553 7.10000 0.00000 0.00000 -1.00000 0.0276 0.0555
transfer_black
0 0.00000 0.00000 7.10000 0.00000 0.00000 -1.00000 0.0000 0.0555
0 2.50000 4.33013 7.10000 0.00000 0.00000 -1.00000 0.0338 0.0555
0 3.04381 3.96677 7.10000 0.00000 0.00000 -1.00000 0.0310 0.0555
transfer_black
0 0.00000 0.00000 7.10000 0.00000 0.00000 -1.00000 0.0000 0.0555
0 1.91342 4.61940 7.10000 0.00000 0.00000 -1.00000 0.0361 0.0555
0 2.50000 4.33013 7.10000 0.00000 0.00000 -1.00000 0.0338 0.0555
transfer_black
0 0.00000 0.00000 7.10000 0.00000 0.00000 -1.00000 0.0000 0.0555
0 1.29410 4.82963 7.10000 0.00000 0.00000 -1.00000 0.0377 0.0555
0 1.91342 4.61940 7.10000 0.00000 0.00000 -1.00000 0.0361 0.0555
transfer_black
0 0.00000 0.00000 7.10000 0.00000 0.00000 -1.00000 0.0000 0.0555
0 0.65263 4.95722 7.10000 0.00000 0.00000 -1.00000 0.0387 0.0555
0 1.29410 4.82963 7.10000 0.00000 0.00000 -1.00000 0.0377 0.0555
transfer_black
0 0.00000 0.00000 7.10000 0.00000 0.00000 -1.00000 0.0000 0.0555
0 0.00000 5.00000 7.10000 0.00000 0.00000 -1.00000 0.0391 0.0555
0 0.65263 4.95722 7.10000 0.00000 0.00000 -1.00000 0.0387 0.0555
transfer_black
0 0.00000 0.00000 7.10000 0.00000 0.00000 -1.00000 0.0000 0.0555
0 -0.65263 4.95722 7.10000 0.00000 0.00000 -1.00000 0.0387 0.0555
0 0.00000 5.00000 7.10000 0.00000 0.00000 -1.00000 0.0391 0.0555
transfer_black
0 0.00000 0.00000 7.10000 0.00000 0.00000 -1.00000 0.0000 0.0555
0 -1.29410 4.82963 7.10000 0.00000 0.00000 -1.00000 0.0377 0.0555
0 -0.65263 4.95722 7.10000 0.00000 0.00000 -1.00000 0.0387 0.0555
transfer_black
0 0.00000 0.00000 7.10000 0.00000 0.00000 -1.00000 0.0000 0.0555
0 -1.91342 4.61940 7.10000 0.00000 0.00000 -1.00000 0.0361 0.0555
0 -1.29410 4.82963 7.10000 0.00000 0.00000 -1.00000 0.0377 0.0555
transfer_black
0 0.00000 0.00000 7.10000 0.00000 0.00000 -1.00000 0.0000 0.0555
0 -2.50000 4.33013 7.10000 0.00000 0.00000 -1.00000 0.0338 0.0555
0 -1.91342 4.61940 7.10000 0.00000 0.00000 -1.00000 0.0361 0.0555
transfer_black
0 0.00000 0.00000 7.10000 0.00000 0.00000 -1.00000 0.0000 0.0555
0 -3.04381 3.96677 7.10000 0.00000 0.00000 -1.00000 0.0310 0.0555
0 -2.50000 4.33013 7.10000 0.00000 0.00000 -1.00000 0.0338 0.0555
transfer_black
0 0.00000 0.00000 7.10000 0.00000 0.00000 -1.00000 0.0000 0.0555
0 -3.53553 3.53553 7.10000 0.00000 0.00000 -1.00000 0.0276 0.0555
0 -3.04381 3.96677 7.10000 0.00000 0.00000 -1.00000 0.0310 0.0555
transfer_black
0 0.00000 0.00000 7.10000 0.00000 0.00000 -1.00000 0.0000 0.0555
0 -3.96677 3.04381 7.10000 0.00000 0.00000 -1.00000 0.0238 0.0555
0 -3.53553 3.53553 7.10000 0.00000 0.00000 -1.00000 0.0276 0.0555
transfer_black
0 0.00000 0.00000 7.10000 0.00000 0.00000 -1.00000 0.0000 0.0555
0 -4.33013 2.50000 7.10000 0.00000 0.00000 -1.00000 0.0195 0.0555
0 -3.96677 3.04381 7.10000 0.00000 0.00000 -1.00000 0.0238 0.0555
transfer_black
0 0.00000 0.00000 7.10000 0.00000 0.00000 -1.00000 0.0000 0.0555
0 -4.61940 1.91342 7.10000 0.00000 0.00000 -1.00000 0.0149 0.0555
0 -4.33013 2.50000 7.10000 0.00000 0.00000 -1.00000 0.0195 0.0555
transfer_black
0 0.00000 0.00000 7.10000 0.00000 0.00000 -1.00000 0.0000 0.0555
0 -4.82963 1.29410 7.10000 0.00000 0.00000 -1.00000 0.0101 0.0555
0 -4.61940 1.91342 7.10000 0.00000 0.00000 -1.00000 0.0149 0.0555
transfer_black
0 0.00000 0.00000 7.10000 0.00000 0.00000 -1.00000 0.0000 0.0555
0 -4.95722 0.65263 7.10000 0.00000 0.00000 -1.00000 0.0051 0.0555
0 -4.82963 1.29410 7.10000 0.00000 0.00000 -1.00000 0.0101 0.0555
transfer_black
0 0.00000 0.00000 7.10000 0.00000 0.00000 -1.00000 0.0000 0.0555
0 -5.00000 0.00000 7.10000 0.00000 0.00000 -1.00000 0.0000 0.0555
0 -4.95722 0.65263 7.10000 0.00000 0.00000 -1.00000 0.0051 0.0555
transfer_black
0 0.00000 0.00000 7.10000 -0.00000 0.00000 -1.00000 0.0000 0.0555
0 -4.95722 -0.65263 7.10000 -0.00000 0.00000 -1.00000 0.9949 0.0555
0 -5.00000 0.00000 7.10000 -0.00000 0.00000 -1.00000 0.0000 0.0555
transfer_black
0 0.00000 0.00000 7.10000 0.00000 0.00000 -1.00000 0.0000 0.0555
0 -4.82963 -1.29410 7.10000 0.00000 0.00000 -1.00000 0.9899 0.0555
0 -4.95722 -0.65263 7.10000 0.00000 0.00000 -1.00000 0.9949 0.0555
transfer_black
0 0.00000 0.00000 7.10000 0.00000 0.00000 -1.00000 0.0000 0.0555
0 -4.61940 -1.91342 7.10000 0.00000 0.00000 -1.00000 0.9851 0.0555
0 -4.82963 -1.29410 7.10000 0.00000 0.00000 -1.00000 0.9899 0.0555
transfer_black
0 0.00000 0.00000 7.10000 0.00000 0.00000 -1.00000 0.0000 0.0555
0 -4.33013 -2.50000 7.10000 0.00000 0.00000 -1.00000 0.9805 0.0555
0 -4.61940 -1.91342 7.10000 0.00000 0.00000 -1.00000 0.9851 0.0555
transfer_black
0 0.00000 0.00000 7.10000 0.00000 0.00000 -1.00000 0.0000 0.0555
0 -3.96677 -3.04381 7.10000 0.00000 0.00000 -1.00000 0.9762 0.0555
0 -4.33013 -2.50000 7.10000 0.00000 0.00000 -1.00000 0.9805 0.0555
transfer_black
0 0.00000 0.00000 7.10000 0.00000 0.00000 -1.00000 0.0000 0.0555
0 -3.53553 -3.53553 7.10000 0.00000 0.00000 -1.00000 0.9724 0.0555
0 -3.96677 -3.04381 7.10000 0.00000 0.00000 -1.00000 0.9762 0.0555
transfer_black
0 0.00000 0.00000 7.10000 0.00000 0.00000 -1.00000 0.0000 0.0555
0 -3.04381 -3.96677 7.10000 0.00000 0.00000 -1.00000 0.9690 0.0555
0 -3.53553 -3.53553 7.10000 0.00000 0.00000 -1.00000 0.9724 0.0555
transfer_black
0 0.00000 0.00000 7.10000 0.00000 0.00000 -1.00000 0.0000 0.0555
0 -2.50000 -4.33013 7.10000 0.00000 0.00000 -1.00000 0.9662 0.0555
0 -3.04381 -3.96677 7.10000 0.00000 0.00000 -1.00000 0.9690 0.0555
transfer_black
0 0.00000 0.00000 7.10000 0.00000 0.00000 -1.00000 0.0000 0.0555
0 -1.91342 -4.61940 7.10000 0.00000 0.00000 -1.00000 0.9639 0.0555
0 -2.50000 -4.33013 7.10000 0.00000 0.00000 -1.00000 0.9662 0.0555
transfer_black
0 0.00000 0.00000 7.10000 0.00000 0.00000 -1.00000 0.0000 0.0555
0 -1.29410 -4.82963 7.10000 0.00000 0.00000 -1.00000 0.9623 0.0555
0 -1.91342 -4.61940 7.10000 0.00000 0.00000 -1.00000 0.9639 0.0555
transfer_black
0 0.00000 0.00000 7.10000 0.00000 0.00000 -1.00000 0.0000 0.0555
0 -0.65263 -4.95722 7.10000 0.00000 0.00000 -1.00000 0.9613 0.0555
0 -1.29410 -4.82963 7.10000 0.00000 0.00000 -1.00000 0.9623 0.0555
transfer_black
0 0.00000 0.00000 7.10000 0.00000 0.00000 -1.00000 0.0000 0.0555
0 -0.00000 -5.00000 7.10000 0.00000 0.00000 -1.00000 0.9609 0.0555
0 -0.65263 -4.95722 7.10000 0.00000 0.00000 -1.00000 0.9613 0.0555
transfer_black
0 0.00000 0.00000 7.10000 0.00000 -0.00000 -1.00000 0.0000 0.0555
0 0.65263 -4.95722 7.10000 0.00000 -0.00000 -1.00000 0.9613 0.0555
0 -0.00000 -5.00000 7.10000 0.00000 -0.00000 -1.00000 0.9609 0.0555
transfer_black
0 0.00000 0.00000 7.10000 0.00000 0.00000 -1.00000 0.0000 0.0555
0 1.29410 -4.82963 7.10000 0.00000 0.00000 -1.00000 0.9623 0.0555
0 0.65263 -4.95722 7.10000 0.00000 0.00000 -1.00000 0.9613 0.0555
transfer_black
0 0.00000 0.00000 7.10000 0.00000 0.00000 -1.00000 0.0000 0.0555
0 1.91342 -4.61940 7.10000 0.00000 0.00000 -1.00000 0.9639 0.0555
0 1.29410 -4.82963 7.10000 0.00000 0.00000 -1.00000 0.9623 0.0555
transfer_black
0 0.00000 0.00000 7.10000 0.00000 0.00000 -1.00000 0.0000 0.0555
0 2.50000 -4.33013 7.10000 0.00000 0.00000 -1.00000 0.9662 0.0555
0 1.91342 -4.61940 7.10000 0.00000 0.00000 -1.00000 0.9639 0.0555
transfer_black
0 0.00000 0.00000 7.10000 0.00000 0.00000 -1.00000 0.0000 0.0555
0 3.04381 -3.96677 7.10000 0.00000 0.00000 -1.00000 0.9690 0.0555
0 2.50000 -4.33013 7.10000 0.00000 0.00000 -1.00000 0.9662 0.0555
transfer_black
0 0.00000 0.00000 7.10000 0.00000 0.00000 -1.00000 0.0000 0.0555
0 3.53553 -3.53553 7.10000 0.00000 0.00000 -1.00000 0.9724 0.0555
0 3.04381 -3.96677 7.10000 0.00000 0.00000 -1.00000 0.9690 0.0555
transfer_black
0 0.00000 0.00000 7.10000 0.00000 0.00000 -1.00000 0.0000 0.0555
0 3.96677 -3.04381 7.10000 0.00000 0.00000 -1.00000 0.9762 0.0555
0 3.53553 -3.53553 7.10000 0.00000 0.00000 -1.00000 0.9724 0.0555
transfer_black
0 0.00000 0.00000 7.10000 0.00000 0.00000 -1.00000 0.0000 0.0555
0 4.33013 -2.50000 7.10000 0.00000 0.00000 -1.00000 0.9805 0.0555
0 3.96677 -3.04381 7.10000 0.00000 0.00000 -1.00000 0.9762 0.0555
transfer_black
0 0.00000 0.00000 7.10000 0.00000 0.00000 -1.00000 0.0000 0.0555
0 4.61940 -1.91342 7.10000 0.00000 0.00000 -1.00000 0.9851 0.0555
0 4.33013 -2.50000 7.10000 0.00000 0.00000 -1.00000 0.9805 0.0555
transfer_black
0 0.00000 0.00000 7.10000 0.00000 0.00000 -1.00000 0.0000 0.0555
0 4.82963 -1.29410 7.10000 0.00000 0.00000 -1.00000 0.9899 0.0555
0 4.61940 -1.91342 7.10000 0.00000 0.00000 -1.00000 0.9851 0.0555
transfer_black
0 0.00000 0.00000 7.10000 0.00000 0.00000 -1.00000 0.0000 0.0555
0 4.95722 -0.65263 7.10000 0.00000 0.00000 -1.00000 0.9949 0.0555
0 4.82963 -1.29410 7.10000 0.00000 0.00000 -1.00000 0.9899 0.0555
transfer_black
0 0.00000 0.00000 7.10000 0.00000 0.00000 -1.00000 0.0000 0.0555
0 5.00000 -0.00000 7.10000 0.00000 0.00000 -1.00000 1.0000 0.0555
0 4.95722 -0.65263 7.10000 0.00000 0.00000 -1.00000 0.9949 0.0555
transfer_black
0 4.95722 0.65263 7.10000 0.99786 0.06540 -0.00000 0.0051 0.0555
0 4.95722 0.65263 7.40000 0.99786 0.06540 -0.00000 0.0051 0.0578
0 5.00000 0.00000 7.40000 0.99786 0.06540 -0.00000 0.0000 0.0578
transfer_black
0 4.95722 0.65263 7.10000 0.99786 0.06540 -0.00000 0.0051 0.0555
0 5.00000 0.00000 7.40000 0.99786 0.06540 -0.00000 0.0000 0.0578
0 5.00000 0.00000 7.10000 0.99786 0.06540 -0.00000 0.0000 0.0555
transfer_black
0 4.82963 1.29410 7.10000 0.98079 0.19509 -0.00000 0.0101 0.0555
0 4.82963 1.29410 7.40000 0.98079 0.19509 -0.00000 0.0101 0.0578
0 4.95722 0.65263 7.40000 0.98079 0.19509 -0.00000 0.0051 0.0578
transfer_black
0 4.82963 1.29410 7.10000 0.98079 0.19509 -0.00000 0.0101 0.0555
0 4.95722 0.65263 7.40000 0.98079 0.19509 -0.00000 0.0051 0.0578
0 4.95722 0.65263 7.10000 0.98079 0.19509 -0.00000 0.0051 0.0555
transfer_black
0 4.61940 1.91342 7.10000 0.94693 0.32144 -0.00000 0.0149 0.0555
0 4.61940 1.91342 7.40000 0.94693 0.32144 -0.00000 0.0149 0.0578
0 4.82963 1.29410 7.40000 0.94693 0.32144 -0.00000 0.0101 0.0578
transfer_black
0 4.61940 1.91342 7.10000 0.94693 0.32144 -0.00000 0.0149 0.0555
0 4.82963 1.29410 7.40000 0.94693 0.32144 -0.00000 0.0101 0.0578
0 4.82963 1.29410 7.10000 0.94693 0.32144 -0.00000 0.0101 0.0555
transfer_black
0 4.33013 2.50000 7.10000 0.89687 0.44229 -0.00000 0.0195 0.0555
0 4.33013 2.50000 7.40000 0.89687 0.44229 -0.00000 0.0195 0.0578
0 4.61940 1.91342 7.40000 0.89687 0.44229 -0.00000 0.0149 0.0578
transfer_black
0 4.33013 2.50000 7.10000 0.89687 0.44229 -0.00000 0.0195 0.0555
0 4.61940 1.91342 7.40000 0.89687 0.44229 -0.00000 0.0149 0.0578
0 4.61940 1.91342 7.10000 0.89687 0.44229 -0.00000 0.0149 0.0555
transfer_black
0 3.96677 3.04381 7.10000 0.83147 0.55557 -0.00000 0.0238 0.0555
0 3.96677 3.04381 7.40000 0.83147 0.55557 -0.00000 0.0238 0.0578
0 4.33013 2.50000 7.40000 0.83147 0.55557 -0.00000 0.0195 0.0578
transfer_black
0 3.96677 3.04381 7.10000 0.83147 0.55557 -0.00000 0.0238 0.0555
0 4.33013 2.50000 7.40000 0.83147 0.55557 -0.00000 0.0195 0.0578
0 4.33013 2.50000 7.10000 0.83147 0.55557 -0.00000 0.0195 0.0555
transfer_black
0 3.53553 3.53553 7.10000 0.75184 0.65935 -0.00000 0.0276 0.0555
0 3.53553 3.53553 7.40000 0.75184 0.65935 -0.00000 0.0276 0.0578
0 3.96677 3.04381 7.40000 0.75184 0.65935 -0.00000 0.0238 0.0578
transfer_black
0 3.53553 3.53553 7.10000 0.75184 0.65935 -0.00000 0.0276 0.0555
0 3.96677 3.04381 7.40000 0.75184 0.65935 -0.00000 0.0238 0.0578
0 3.96677 3.04381 7.10000 0.75184 0.65935 -0.00000 0.0238 0.0555
transfer_black
0 3.04381 3.96677 7.10000 0.65935 0.75184 -0.00000 0.0310 0.0555
0 3.04381 3.96677 7.40000 0.65935 0.75184 -0.00000 0.0310 0.0578
0 3.53553 3.53553 7.40000 0.65935 0.75184 -0.00000 0.0276 0.0578
transfer_black
0 3.04381 3.96677 7.10000 0.65935 0.75184 -0.00000 0.0310 0.0555
0 3.53553 3.53553 7.40000 0.65935 0.75184 -0.00000 0.0276 0.0578
0 3.53553 3.53553 7.10000 0.65935 0.75184 -0.00000 0.0276 0.0555
transfer_black
0 2.50000 4.33013 7.10000 0.55557 0.83147 -0.00000 0.0338 0.0555
0 2.50000 4.33013 7.40000 0.55557 0.83147 -0.00000 0.0338 0.0578
0 3.04381 3.96677 7.40000 0.55557 0.83147 -0.00000 0.0310 0.0578
transfer_black
0 2.50000 4.33013 7.10000 0.55557 0.83147 -0.00000 0.0338 0.0555
0 3.04381 3.96677 7.40000 0.55557 0.83147 -0.00000 0.0310 0.0578
0 3.04381 3.96677 7.10000 0.55557 0.83147 -0.00000 0.0310 0.0555
transfer_black
0 1.91342 4.61940 7.10000 0.44229 0.89687 -0.00000 0.0361 0.0555
0 1.91342 4.61940 7.40000 0.44229 0.89687 -0.00000 0.0361 0.0578
0 2.50000 4.33013 7.40000 0.44229 0.89687 -0.00000 0.0338 0.0578
transfer_black
0 1.91342 4.61940 7.10000 0.44229 0.89687 -0.00000 0.0361 0.0555
0 2.50000 4.33013 7.40000 0.44229 0.89687 -0.00000 0.0338 0.0578
0 2.50000 4.33013 7.10000 0.44229 0.89687 -0.00000 0.0338 0.0555
transfer_black
0 1.29410 4.82963 7.10000 0.32144 0.94693 -0.00000 0.0377 0.0555
0 1.29410 4.82963 7.40000 0.32144 0.94693 -0.00000 0.0377 0.0578
0 1.91342 4.61940 7.40000 0.32144 0.94693 -0.00000 0.0361 0.0578
transfer_black
0 1.29410 4.82963 7.10000 0.32144 0.94693 -0.00000 0.0377 0.0555
0 1.91342 4.61940 7.40000 0.32144 0.94693 -0.00000 0.0361 0.0578
0 1.91342 4.61940 7.10000 0.32144 0.94693 -0.00000 0.0361 0.0555
transfer_black
0 0.65263 4.95722 7.10000 0.19509 0.98079 -0.00000 0.0387 0.0555
0 0.65263 4.95722 7.40000 0.19509 0.98079 -0.00000 0.0387 0.0578
0 1.29410 4.82963 7.40000 0.19509 0.98079 -0.00000 0.0377 0.0578
transfer_black
0 0.65263 4.95722 7.10000 0.19509 0.98079 -0.00000 0.0387 0.0555
0 1.29410 4.82963 7.40000 0.19509 0.98079 -0.00000 0.0377 0.0578
0 1.29410 4.82963 7.10000 0.19509 0.98079 -0.00000 0.0377 0.0555
transfer_black
0 0.00000 5.00000 7.10000 0.06540 0.99786 -0.00000 0.0391 0.0555
0 0.00000 5.00000 7.40000 0.06540 0.99786 -0.00000 0.0391 0.0578
0 0.65263 4.95722 7.40000 0.06540 0.99786 -0.00000 0.0387 0.0578
transfer_black
0 0.00000 5.00000 7.10000 0.06540 0.99786 -0.00000 0.0391 0.0555
0 0.65263 4.95722 7.40000 0.06540 0.99786 -0.00000 0.0387 0.0578
0 0.65263 4.95722 7.10000 0.06540 0.99786 -0.00000 0.0387 0.0555
transfer_black
0 -0.65263 4.95722 7.10000 -0.06540 0.99786 0.00000 0.0387 0.0555
0 -0.65263 4.95722 7.40000 -0.06540 0.99786 0.00000 0.0387 0.0578
0 0.00000 5.00000 7.40000 -0.06540 0.99786 0.00000 0.0391 0.0578
transfer_black
0 -0.65263 4.95722 7.10000 -0.06540 0.99786 0.00000 0.0387 0.0555
0 0.00000 5.00000 7.40000 -0.06540 0.99786 0.00000 0.0391 0.0578
0 0.00000 5.00000 7.10000 -0.06540 0.99786 0.00000 0.0391 0.0555
transfer_black
0 -1.29410 4.82963 7.10000 -0.19509 0.98079 0.00000 0.0377 0.0555
0 -1.29410 4.82963 7.40000 -0.19509 0.98079 0.00000 0.0377 0.0578
0 -0.65263 4.95722 7.40000 -0.19509 0.98079 0.00000 0.0387 0.0578
transfer_black
0 -1.29410 4.82963 7.10000 -0.19509 0.98079 0.00000 0.0377 0.0555
0 -0.65263 4.95722 7.40000 -0.19509 0.98079 0.00000 0.0387 0.0578
0 -0.65263 4.95722 7.10000 -0.19509 0.98079 0.00000 0.0387 0.0555
transfer_black
0 -1.91342 4.61940 7.10000 -0.32144 0.94693 0.00000 0.0361 0.0555
0 -1.91342 4.61940 7.40000 -0.32144 0.94693 0.00000 0.0361 0.0578
0 -1.29410 4.82963 7.40000 -0.32144 0.94693 0.00000 0.0377 0.0578
transfer_black
0 -1.91342 4.61940 7.10000 -0.32144 0.94693 0.00000 0.0361 0.0555
0 -1.29410 4.82963 7.40000 -0.32144 0.94693 0.00000 0.0377 0.0578
0 -1.29410 4.82963 7.10000 -0.32144 0.94693 0.00000 0.0377 0.0555
transfer_black
0 -2.50000 4.33013 7.10000 -0.44229 0.89687 0.00000 0.0338 0.0555
0 -2.50000 4.33013 7.40000 -0.44229 0.89687 0.00000 0.0338 0.0578
0 -1.91342 4.61940 7.40000 -0.44229 0.89687 0.00000 0.0361 0.0578
transfer_black
0 -2.50000 4.33013 7.10000 -0.44229 0.89687 0.00000 0.0338 0.0555
0 -1.91342 4.61940 7.40000 -0.44229 0.89687 0.00000 0.0361 0.0578
0 -1.91342 4.61940 7.10000 -0.44229 0.89687 0.00000 0.0361 0.0555
transfer_black
0 -3.04381 3.96677 7.10000 -0.55557 0.83147 0.00000 0.0310 0.0555
0 -3.04381 3.96677 7.40000 -0.55557 0.83147 0.00000 0.0310 0.0578
0 -2.50000 4.33013 7.40000 -0.55557 0.83147 0.00000 0.0338 0.0578
transfer_black
0 -3.04381 3.96677 7.10000 -0.55557 0.83147 0.00000 0.0310 0.0555
0 -2.50000 4.33013 7.40000 -0.55557 0.83147 0.00000 0.0338 0.0578
0 -2.50000 4.33013 7.10000 -0.55557 0.83147 0.00000 0.0338 0.0555
transfer_black
0 -3.53553 3.53553 7.10000 -0.65935 0.75184 0.00000 0.0276 0.0555
0 -3.53553 3.53553 7.40000 -0.65935 0.75184 0.00000 0.0276 0.0578
0 -3.04381 3.96677 7.40000 -0.65935 0.75184 0.00000 0.0310 0.0578
transfer_black
0 -3.53553 3.53553 7.10000 -0.65935 0.75184 0.00000 0.0276 0.0555
0 -3.04381 3.96677 7.40000 -0.65935 0.75184 0.00000 0.0310 0.0578
0 -3.04381 3.96677 7.10000 -0.65935 0.75184 0.00000 0.0310 0.0555
transfer_black
0 -3.96677 3.04381 7.10000 -0.75184 0.65935 0.00000 0.0238 0.0555
0 -3.96677 3.04381 7.40000 -0.75184 0.65935 0.00000 0.0238 0.0578
0 -3.53553 3.53553 7.40000 -0.75184 0.65935 0.00000 0.0276 0.0578
transfer_black
0 -3.96677 3.04381 7.10000 -0.75184 0.65935 0.00000 0.0238 0.0555
0 -3.53553 3.53553 7.40000 -0.75184 0.65935 0.00000 0.0276 0.0578
0 -3.53553 3.53553 7.10000 -0.75184 0.65935 0.00000 0.0276 0.0555
transfer_black
0 -4.33013 2.50000 7.10000 -0.83147 0.55557 0.00000 0.0195 0.0555
0 -4.33013 2.50000 7.40000 -0.83147 0.55557 0.00000 0.0195 0.0578
0 -3.96677 3.04381 7.40000 -0.83147 0.55557 0.00000 0.0238 0.0578
transfer_black
0 -4.33013 2.50000 7.10000 -0.83147 0.55557 0.00000 0.0195 0.0555
0 -3.96677 3.04381 7.40000 -0.83147 0.55557 0.00000 0.0238 0.0578
0 -3.96677 3.04381 7.10000 -0.83147 0.55557 0.00000 0.0238 0.0555
transfer_black
0 -4.61940 1.91342 7.10000 -0.89687 0.44229 0.00000 0.0149 0.0555
0 -4.61940 1.91342 7.40000 -0.89687 0.44229 0.00000 0.0149 0.0578
0 -4.33013 2.50000 7.40000 -0.89687 0.44229 0.00000 0.0195 0.0578
transfer_black
0 -4.61940 1.91342 7.10000 -0.89687 0.44229 0.00000 0.0149 0.0555
0 -4.33013 2.50000 7.40000 -0.89687 0.44229 0.00000 0.0195 0.0578
0 -4.33013 2.50000 7.10000 -0.89687 0.44229 0.00000 0.0195 0.0555
transfer_black
0 -4.82963 1.29410 7.10000 -0.94693 0.32144 0.00000 0.0101 0.0555
0 -4.82963 1.29410 7.40000 -0.94693 0.32144 0.00000 0.0101 0.0578
0 -4.61940 1.91342 7.40000 -0.94693 0.32144 0.00000 0.0149 0.0578
transfer_black
0 -4.82963 1.29410 7.10000 -0.94693 0.32144 0.00000 0.0101 0.0555
0 -4.61940 1.91342 7.40000 -0.94693 0.32144 0.00000 0.0149 0.0578
0 -4.61940 1.91342 7.10000 -0.94693 0.32144 0.00000 0.0149 0.0555
transfer_black
0 -4.95722 0.65263 7.10000 -0.98079 0.19509 0.00000 0.0051 0.0555
0 -4.95722 0.65263 7.40000 -0.98079 0.19509 0.00000 0.0051 0.0578
0 -4.82963 1.29410 7.40000 -0.98079 0.19509 0.00000 0.0101 0.0578
transfer_black
0 -4.95722 0.65263 7.10000 -0.98079 0.19509 0.00000 0.0051 0.0555
0 -4.82963 1.29410 7.40000 -0.98079 0.19509 0.00000 0.0101 0.0578
0 -4.82963 1.29410 7.10000 -0.98079 0.19509 0.00000 0.0101 0.0555
transfer_black
0 -5.00000 0.00000 7.10000 -0.99786 0.06540 0.00000 0.0000 0.0555
0 -5.00000 0.00000 7.40000 -0.99786 0.06540 0.00000 0.0000 0.0578
0 -4.95722 0.65263 7.40000 -0.99786 0.06540 0.00000 0.0051 0.0578
transfer_black
0 -5.00000 0.00000 7.10000 -0.99786 0.06540 0.00000 0.0000 0.0555
0 -4.95722 0.65263 7.40000 -0.99786 0.06540 0.00000 0.0051 0.0578
0 -4.95722 0.65263 7.10000 -0.99786 0.06540 0.00000 0.0051 0.0555
transfer_black
0 -4.95722 -0.65263 7.10000 -0.99786 -0.06540 0.00000 0.9949 0.0555
0 -4.95722 -0.65263 7.40000 -0.99786 -0.06540 0.00000 0.9949 0.0578
0 -5.00000 0.00000 7.40000 -0.99786 -0.06540 0.00000 0.0000 0.0578
transfer_black
0 -4.95722 -0.65263 7.10000 -0.99786 -0.06540 0.00000 0.9949 0.0555
0 -5.00000 0.00000 7.40000 -0.99786 -0.06540 0.00000 0.0000 0.0578
0 -5.00000 0.00000 7.10000 -0.99786 -0.06540 0.00000 0.0000 0.0555
transfer_black
0 -4.82963 -1.29410 7.10000 -0.98079 -0.19509 0.00000 0.9899 0.0555
0 -4.82963 -1.29410 7.40000 -0.98079 -0.19509 0.00000 0.9899 0.0578
0 -4.95722 -0.65263 7.40000 -0.98079 -0.19509 0.00000 0.9949 0.0578
transfer_black
0 -4.82963 -1.29410 7.10000 -0.98079 -0.19509 0.00000 0.9899 0.0555
0 -4.95722 -0.65263 7.40000 -0.98079 -0.19509 0.00000 0.9949 0.0578
0 -4.95722 -0.65263 7.10000 -0.98079 -0.19509 0.00000 0.9949 0.0555
transfer_black
0 -4.61940 -1.91342 7.10000 -0.94693 -0.32144 0.00000 0.9851 0.0555
0 -4.61940 -1.91342 7.40000 -0.94693 -0.32144 0.00000 0.9851 0.0578
0 -4.82963 -1.29410 7.40000 -0.94693 -0.32144 0.00000 0.9899 0.0578
transfer_black
0 -4.61940 -1.91342 7.10000 -0.94693 -0.32144 0.00000 0.9851 0.0555
0 -4.82963 -1.29410 7.40000 -0.94693 -0.32144 0.00000 0.9899 0.0578
0 -4.82963 -1.29410 7.10000 -0.94693 -0.32144 0.00000 0.9899 0.0555
transfer_black
0 -4.33013 -2.50000 7.10000 -0.89687 -0.44229 0.00000 0.9805 0.0555
0 -4.33013 -2.50000 7.40000 -0.89687 -0.44229 0.00000 0.9805 0.0578
0 -4.61940 -1.91342 7.40000 -0.89687 -0.44229 0.00000 0.9851 0.0578
transfer_black
0 -4.33013 -2.50000 7.10000 -0.89687 -0.44229 0.00000 0.9805 0.0555
0 -4.61940 -1.91342 7.40000 -0.89687 -0.44229 0.00000 0.9851 0.0578
0 -4.61940 -1.91342 7.10000 -0.89687 -0.44229 0.00000 0.9851 0.0555
transfer_black
0 -3.96677 -3.04381 7.10000 -0.83147 -0.55557 0.00000 0.9762 0.0555
0 -3.96677 -3.04381 7.40000 -0.83147 -0.55557 0.00000 0.9762 0.0578
0 -4.33013 -2.50000 7.40000 -0.83147 -0.55557 0.00000 0.9805 0.0578
transfer_black
0 -3.96677 -3.04381 7.10000 -0.83147 -0.55557 0.00000 0.9762 0.0555
0 -4.33013 -2.50000 7.40000 -0.83147 -0.55557 0.00000 0.9805 0.0578
0 -4.33013 -2.50000 7.10000 -0.83147 -0.55557 0.00000 0.9805 0.0555
transfer_black
0 -3.53553 -3.53553 7.10000 -0.75184 -0.65935 0.00000 0.9724 0.0555
0 -3.53553 -3.53553 7.40000 -0.75184 -0.65935 0.00000 0.9724 0.0578
0 -3.96677 -3.04381 7.40000 -0.75184 -0.65935 0.00000 0.9762 0.0578
transfer_black
0 -3.53553 -3.53553 7.10000 -0.75184 -0.65935 0.00000 0.9724 0.0555
0 -3.96677 -3.04381 7.40000 -0.75184 -0.65935 0.00000 0.9762 0.0578
0 -3.96677 -3.04381 7.10000 -0.75184 -0.65935 0.00000 0.9762 0.0555
transfer_black
0 -3.04381 -3.96677 7.10000 -0.65935 -0.75184 0.00000 0.9690 0.0555
0 -3.04381 -3.96677 7.40000 -0.65935 -0.75184 0.00000 0.9690 0.0578
0 -3.53553 -3.53553 7.40000 -0.65935 -0.75184 0.00000 0.9724 0.0578
transfer_black
0 -3.04381 -3.96677 7.10000 -0.65935 -0.75184 0.00000 0.9690 0.0555
0 -3.53553 -3.53553 7.40000 -0.65935 -0.75184 0.00000 0.9724 0.0578
0 -3.53553 -3.53553 7.10000 -0.65935 -0.75184 0.00000 0.9724 0.0555
transfer_black
0 -2.50000 -4.33013 7.10000 -0.55557 -0.83147 0.00000 0.9662 0.0555
0 -2.50000 -4.33013 7.40000 -0.55557 -0.83147 0.00000 0.9662 0.0578
0 -3.04381 -3.96677 7.40000 -0.55557 -0.83147 0.00000 0.9690 0.0578
transfer_black
0 -2.50000 -4.33013 7.10000 -0.55557 -0.83147 0.00000 0.9662 0.0555
0 -3.04381 -3.96677 7.40000 -0.55557 -0.83147 0.00000 0.9690 0.0578
0 -3.04381 -3.96677 7.10000 -0.55557 -0.83147 0.00000 0.9690 0.0555
transfer_black
0 -1.91342 -4.61940 7.10000 -0.44229 -0.89687 0.00000 0.9639 0.0555
0 -1.91342 -4.61940 7.40000 -0.44229 -0.89687 0.00000 0.9639 0.0578
0 -2.50000 -4.33013 7.40000 -0.44229 -0.89687 0.00000 0.9662 0.0578
transfer_black
0 -1.91342 -4.61940 7.10000 -0.44229 -0.89687 0.00000 0.9639 0.0555
0 -2.50000 -4.33013 7.40000 -0.44229 -0.89687 0.00000 0.9662 0.0578
0 -2.50000 -4.33013 7.10000 -0.44229 -0.89687 0.00000 0.9662 0.0555
transfer_black
0 -1.29410 -4.82963 7.10000 -0.32144 -0.94693 0.00000 0.9623 0.0555
0 -1.29410 -4.82963 7.40000 -0.32144 -0.94693 0.00000 0.9623 0.0578
0 -1.91342 -4.61940 7.40000 -0.32144 -0.94693 0.00000 0.9639 0.0578
transfer_black
0 -1.29410 -4.82963 7.10000 -0.32144 -0.94693 0.00000 0.9623 0.0555
0 -1.91342 -4.61940 7.40000 -0.32144 -0.94693 0.00000 0.9639 0.0578
0 -1.91342 -4.61940 7.10000 -0.32144 -0.94693 0.00000 0.9639 0.0555
transfer_black
0 -0.65263 -4.95722 7.10000 -0.19509 -0.98079 0.00000 0.9613 0.0555
0 -0.65263 -4.95722 7.40000 -0.19509 -0.98079 0.00000 0.9613 0.0578
0 -1.29410 -4.82963 7.40000 -0.19509 -0.98079 0.00000 0.9623 0.0578
transfer_black
0 -0.65263 -4.95722 7.10000 -0.19509 -0.98079 0.00000 0.9613 0.0555
0 -1.29410 -4.82963 7.40000 -0.19509 -0.98079 0.00000 0.9623 0.0578
0 -1.29410 -4.82963 7.10000 -0.19509 -0.98079 0.00000 0.9623 0.0555
transfer_black
0 -0.00000 -5.00000 7.10000 -0.06540 -0.99786 0.00000 0.9609 0.0555
0 -0.00000 -5.00000 7.40000 -0.06540 -0.99786 0.00000 0.9609 0.0578
0 -0.65263 -4.95722 7.40000 -0.06540 -0.99786 0.00000 0.9613 0.0578
transfer_black
0 -0.00000 -5.00000 7.10000 -0.06540 -0.99786 0.00000 0.9609 0.0555
0 -0.65263 -4.95722 7.40000 -0.06540 -0.99786 0.00000 0.9613 0.0578
0 -0.65263 -4.95722 7.10000 -0.06540 -0.99786 0.00000 0.9613 0.0555
transfer_black
0 0.65263 -4.95722 7.10000 0.06540 -0.99786 0.00000 0.9613 0.0555
0 0.65263 -4.95722 7.40000 0.06540 -0.99786 0.00000 0.9613 0.0578
0 -0.00000 -5.00000 7.40000 0.06540 -0.99786 0.00000 0.9609 0.0578
transfer_black
0 0.65263 -4.95722 7.10000 0.06540 -0.99786 0.00000 0.9613 0.0555
0 -0.00000 -5.00000 7.40000 0.06540 -0.99786 0.00000 0.9609 0.0578
0 -0.00000 -5.00000 7.10000 0.06540 -0.99786 0.00000 0.9609 0.0555
transfer_black
0 1.29410 -4.82963 7.10000 0.19509 -0.98079 0.00000 0.9623 0.0555
0 1.29410 -4.82963 7.40000 0.19509 -0.98079 0.00000 0.9623 0.0578
0 0.65263 -4.95722 7.40000 0.19509 -0.98079 0.00000 0.9613 0.0578
transfer_black
0 1.29410 -4.82963 7.10000 0.19509 -0.98079 0.00000 0.9623 0.0555
0 0.65263 -4.95722 7.40000 0.19509 -0.98079 0.00000 0.9613 0.0578
0 0.65263 -4.95722 7.10000 0.19509 -0.98079 0.00000 0.9613 0.0555
transfer_black
0 1.91342 -4.61940 7.10000 0.32144 -0.94693 0.00000 0.9639 0.0555
0 1.91342 -4.61940 7.40000 0.32144 -0.94693 0.00000 0.9639 0.0578
0 1.29410 -4.82963 7.40000 0.32144 -0.94693 0.00000 0.9623 0.0578
transfer_black
0 1.91342 -4.61940 7.10000 0.32144 -0.94693 0.00000 0.9639 0.0555
0 1.29410 -4.82963 7.40000 0.32144 -0.94693 0.00000 0.9623 0.0578
0 1.29410 -4.82963 7.10000 0.32144 -0.94693 0.00000 0.9623 0.0555
transfer_black
0 2.50000 -4.33013 7.10000 0.44229 -0.89687 0.00000 0.9662 0.0555
0 2.50000 -4.33013 7.40000 0.44229 -0.89687 0.00000 0.9662 0.0578
0 1.91342 -4.61940 7.40000 0.44229 -0.89687 0.00000 0.9639 0.0578
transfer_black
0 2.50000 -4.33013 7.10000 0.44229 -0.89687 0.00000 0.9662 0.0555
0 1.91342 -4.61940 7.40000 0.44229 -0.89687 0.00000 0.9639 0.0578
0 1.91342 -4.61940 7.10000 0.44229 -0.89687 0.00000 0.9639 0.0555
transfer_black
0 3.04381 -3.96677 7.10000 0.55557 -0.83147 0.00000 0.9690 0.0555
0 3.04381 -3.96677 7.40000 0.55557 -0.83147 0.00000 0.9690 0.0578
0 2.50000 -4.33013 7.40000 0.55557 -0.83147 0.00000 0.9662 0.0578
transfer_black
0 3.04381 -3.96677 7.10000 0.55557 -0.83147 0.00000 0.9690 0.0555
0 2.50000 -4.33013 7.40000 0.55557 -0.83147 0.00000 0.9662 0.0578
0 2.50000 -4.33013 7.10000 0.55557 -0.83147 0.00000 0.9662 0.0555
transfer_black
0 3.53553 -3.53553 7.10000 0.65935 -0.75184 0.00000 0.9724 0.0555
0 3.53553 -3.53553 7.40000 0.65935 -0.75184 0.00000 0.9724 0.0578
0 3.04381 -3.96677 7.40000 0.65935 -0.75184 0.00000 0.9690 0.0578
transfer_black
0 3.53553 -3.53553 7.10000 0.65935 -0.75184 0.00000 0.9724 0.0555
0 3.04381 -3.96677 7.40000 0.65935 -0.75184 0.00000 0.9690 0.0578
0 3.04381 -3.96677 7.10000 0.65935 -0.75184 0.00000 0.9690 0.0555
transfer_black
0 3.96677 -3.04381 7.10000 0.75184 -0.65935 0.00000 0.9762 0.0555
0 3.96677 -3.04381 7.40000 0.75184 -0.65935 0.00000 0.9762 0.0578
0 3.53553 -3.53553 7.40000 0.75184 -0.65935 0.00000 0.9724 0.0578
transfer_black
0 3.96677 -3.04381 7.10000 0.75184 -0.65935 0.00000 0.9762 0.0555
0 3.53553 -3.53553 7.40000 0.75184 -0.65935 0.00000 0.9724 0.0578
0 3.53553 -3.53553 7.10000 0.75184 -0.65935 0.00000 0.9724 0.0555
transfer_black
0 4.33013 -2.50000 7.10000 0.83147 -0.55557 0.00000 0.9805 0.0555
0 4.33013 -2.50000 7.40000 0.83147 -0.55557 0.00000 0.9805 0.0578
0 3.96677 -3.04381 7.40000 0.83147 -0.55557 0.00000 0.9762 0.0578
transfer_black
0 4.33013 -2.50000 7.10000 0.83147 -0.55557 0.00000 0.9805 0.0555
0 3.96677 -3.04381 7.40000 0.83147 -0.55557 0.00000 0.9762 0.0578
0 3.96677 -3.04381 7.10000 0.83147 -0.55557 0.00000 0.9762 0.0555
transfer_black
0 4.61940 -1.91342 7.10000 0.89687 -0.44229 0.00000 0.9851 0.0555
0 4.61940 -1.91342 7.40000 0.89687 -0.44229 0.00000 0.9851 0.0578
0 4.33013 -2.50000 7.40000 0.89687 -0.44229 0.00000 0.9805 0.0578
transfer_black
0 4.61940 -1.91342 7.10000 0.89687 -0.44229 0.00000 0.9851 0.0555
0 4.33013 -2.50000 7.40000 0.89687 -0.44229 0.00000 0.9805 0.0578
0 4.33013 -2.50000 7.10000 0.89687 -0.44229 0.00000 0.9805 0.0555
transfer_black
0 4.82963 -1.29410 7.10000 0.94693 -0.32144 0.00000 0.9899 0.0555
0 4.82963 -1.29410 7.40000 0.94693 -0.32144 0.00000 0.9899 0.0578
0 4.61940 -1.91342 7.40000 0.94693 -0.32144 0.00000 0.9851 0.0578
transfer_black
0 4.82963 -1.29410 7.10000 0.94693 -0.32144 0.00000 0.9899 0.0555
0 4.61940 -1.91342 7.40000 0.94693 -0.32144 0.00000 0.9851 0.0578
0 4.61940 -1.91342 7.10000 0.94693 -0.32144 0.00000 0.9851 0.0555
transfer_black
0 4.95722 -0.65263 7.10000 0.98079 -0.19509 0.00000 0.9949 0.0555
0 4.95722 -0.65263 7.40000 0.98079 -0.19509 0.00000 0.9949 0.0578
0 4.82963 -1.29410 7.40000 0.98079 -0.19509 0.00000 0.9899 0.0578
transfer_black
0 4.95722 -0.65263 7.10000 0.98079 -0.19509 0.00000 0.9949 0.0555
0 4.82963 -1.29410 7.40000 0.98079 -0.19509 0.00000 0.9899 0.0578
0 4.82963 -1.29410 7.10000 0.98079 -0.19509 0.00000 0.9899 0.0555
transfer_black
0 5.00000 -0.00000 7.10000 0.99786 -0.06540 0.00000 1.0000 0.0555
0 5.00000 -0.00000 7.40000 0.99786 -0.06540 0.00000 1.0000 0.0578
0 4.95722 -0.65263 7.40000 0.99786 -0.06540 0.00000 0.9949 0.0578
transfer_black
0 5.00000 -0.00000 7.10000 0.99786 -0.06540 0.00000 1.0000 0.0555
0 4.95722 -0.65263 7.40000 0.99786 -0.06540 0.00000 0.9949 0.0578
0 4.95722 -0.65263 7.10000 0.99786 -0.06540 0.00000 0.9949 0.0555
transfer_black
0 5.00000 0.00000 7.40000 0.00000 0.00000 1.00000 0.0000 0.0578
0 4.95722 0.65263 7.40000 0.00000 0.00000 1.00000 0.0051 0.0578
0 0.00000 0.00000 7.40000 0.00000 0.00000 1.00000 0.0000 0.0578
transfer_black
0 4.95722 0.65263 7.40000 0.00000 0.00000 1.00000 0.0051 0.0578
0 4.82963 1.29410 7.40000 0.00000 0.00000 1.00000 0.0101 0.0578
0 0.00000 0.00000 7.40000 0.00000 0.00000 1.00000 0.0000 0.0578
transfer_black
0 4.82963 1.29410 7.40000 0.00000 0.00000 1.00000 0.0101 0.0578
0 4.61940 1.91342 7.40000 0.00000 0.00000 1.00000 0.0149 0.0578
0 0.00000 0.00000 7.40000 0.00000 0.00000 1.00000 0.0000 0.0578
transfer_black
0 4.61940 1.91342 7.40000 0.00000 0.00000 1.00000 0.0149 0.0578
0 4.33013 2.50000 7.40000 0.00000 0.00000 1.00000 0.0195 0.0578
0 0.00000 0.00000 7.40000 0.00000 0.00000 1.00000 0.0000 0.0578
transfer_black
0 4.33013 2.50000 7.40000 0.00000 0.00000 1.00000 0.0195 0.0578
0 3.96677 3.04381 7.40000 0.00000 0.00000 1.00000 0.0238 0.0578
0 0.00000 0.00000 7.40000 0.00000 0.00000 1.00000 0.0000 0.0578
transfer_black
0 3.96677 3.04381 7.40000 0.00000 0.00000 1.00000 0.0238 0.0578
0 3.53553 3.53553 7.40000 0.00000 0.00000 1.00000 0.0276 0.0578
0 0.00000 0.00000 7.40000 0.00000 0.00000 1.00000 0.0000 0.0578
transfer_black
0 3.53553 3.53553 7.40000 0.00000 0.00000 1.00000 0.0276 0.0578
0 3.04381 3.96677 7.40000 0.00000 0.00000 1.00000 0.0310 0.0578
0 0.00000 0.00000 7.40000 0.00000 0.00000 1.00000 0.0000 0.0578
transfer_black
0 3.04381 3.96677 7.40000 0.00000 0.00000 1.00000 0.0310 0.0578
0 2.50000 4.33013 7.40000 0.00000 0.00000 1.00000 0.0338 0.0578
0 0.00000 0.00000 7.40000 0.00000 0.00000 1.00000 0.0000 0.0578
transfer_black
0 2.50000 4.33013 7.40000 0.00000 0.00000 1.00000 0.0338 0.0578
0 1.91342 4.61940 7.40000 0.00000 0.00000 1.00000 0.0361 0.0578
0 0.00000 0.00000 7.40000 0.00000 0.00000 1.00000 0.0000 0.0578
transfer_black
0 1.91342 4.61940 7.40000 0.00000 0.00000 1.00000 0.0361 0.0578
0 1.29410 4.82963 7.40000 0.00000 0.00000 1.00000 0.0377 0.0578
0 0.00000 0.00000 7.40000 0.00000 0.00000 1.00000 0.0000 0.0578
transfer_black
0 1.29410 4.82963 7.40000 0.00000 0.00000 1.00000 0.0377 0.0578
0 0.65263 4.95722 7.40000 0.00000 0.00000 1.00000 0.0387 0.0578
0 0.00000 0.00000 7.40000 0.00000 0.00000 1.00000 0.0000 0.0578
transfer_black
0 0.65263 4.95722 7.40000 0.00000 0.00000 1.00000 0.0387 0.0578
0 0.00000 5.00000 7.40000 0.00000 0.00000 1.00000 0.0391 0.0578
0 0.00000 0.00000 7.40000 0.00000 0.00000 1.00000 0.0000 0.0578
transfer_black
0 0.00000 5.00000 7.40000 0.00000 0.00000 1.00000 0.0391 0.0578
0 -0.65263 4.95722 7.40000 0.00000 0.00000 1.00000 0.0387 0.0578
0 0.00000 0.00000 7.40000 0.00000 0.00000 1.00000 0.0000 0.0578
transfer_black
0 -0.65263 4.95722 7.40000 0.00000 0.00000 1.00000 0.0387 0.0578
0 -1.29410 4.82963 7.40000 0.00000 0.00000 1.00000 0.0377 0.0578
0 0.00000 0.00000 7.40000 0.00000 0.00000 1.00000 0.0000 0.0578
transfer_black
0 -1.29410 4.82963 7.40000 0.00000 0.00000 1.00000 0.0377 0.0578
0 -1.91342 4.61940 7.40000 0.00000 0.00000 1.00000 0.0361 0.0578
0 0.00000 0.00000 7.40000 0.00000 0.00000 1.00000 0.0000 0.0578
transfer_black
0 -1.91342 4.61940 7.40000 0.00000 0.00000 1.00000 0.0361 0.0578
0 -2.50000 4.33013 7.40000 0.00000 0.00000 1.00000 0.0338 0.0578
0 0.00000 0.00000 7.40000 0.00000 0.00000 1.00000 0.0000 0.0578
transfer_black
0 -2.50000 4.33013 7.40000 0.00000 0.00000 1.00000 0.0338 0.0578
0 -3.04381 3.96677 7.40000 0.00000 0.00000 1.00000 0.0310 0.0578
0 0.00000 0.00000 7.40000 0.00000 0.00000 1.00000 0.0000 0.0578
transfer_black
0 -3.04381 3.96677 7.40000 0.00000 0.00000 1.00000 0.0310 0.0578
0 -3.53553 3.53553 7.40000 0.00000 0.00000 1.00000 0.0276 0.0578
0 0.00000 0.00000 7.40000 0.00000 0.00000 1.00000 0.0000 0.0578
transfer_black
0 -3.53553 3.53553 7.40000 0.00000 0.00000 1.00000 0.0276 0.0578
0 -3.96677 3.04381 7.40000 0.00000 0.00000 1.00000 0.0238 0.0578
0 0.00000 0.00000 7.40000 0.00000 0.00000 1.00000 0.0000 0.0578
transfer_black
0 -3.96677 3.04381 7.40000 0.00000 0.00000 1.00000 0.0238 0.0578
0 -4.33013 2.50000 7.40000 0.00000 0.00000 1.00000 0.0195 0.0578
0 0.00000 0.00000 7.40000 0.00000 0.00000 1.00000 0.0000 0.0578
transfer_black
0 -4.33013 2.50000 7.40000 0.00000 0.00000 1.00000 0.0195 0.0578
0 -4.61940 1.91342 7.40000 0.00000 0.00000 1.00000 0.0149 0.0578
0 0.00000 0.00000 7.40000 0.00000 0.00000 1.00000 0.0000 0.0578
transfer_black
0 -4.61940 1.91342 7.40000 0.00000 0.00000 1.00000 0.0149 0.0578
0 -4.82963 1.29410 7.40000 0.00000 0.00000 1.00000 0.0101 0.0578
0 0.00000 0.00000 7.40000 0.00000 0.00000 1.00000 0.0000 0.0578
transfer_black
0 -4.82963 1.29410 7.40000 0.00000 0.00000 1.00000 0.0101 0.0578
0 -4.95722 0.65263 7.40000 0.00000 0.00000 1.00000 0.0051 0.0578
0 0.00000 0.00000 7.40000 0.00000 0.00000 1.00000 0.0000 0.0578
transfer_black
0 -4.95722 0.65263 7.40000 0.00000 0.00000 1.00000 0.0051 0.0578
0 -5.00000 0.00000 7.40000 0.00000 0.00000 1.00000 0.0000 0.0578
0 0.00000 0.00000 7.40000 0.00000 0.00000 1.00000 0.0000 0.0578
transfer_black
0 -5.00000 0.00000 7.40000 0.00000 0.00000 1.00000 0.0000 0.0578
0 -4.95722 -0.65263 7.40000 0.00000 0.00000 1.00000 0.9949 0.0578
0 0.00000 0.00000 7.40000 0.00000 0.00000 1.00000 0.0000 0.0578
transfer_black
0 -4.95722 -0.65263 7.40000 -0.00000 0.00000 1.00000 0.9949 0.0578
0 -4.82963 -1.29410 7.40000 -0.00000 0.00000 1.00000 0.9899 0.0578
0 0.00000 0.00000 7.40000 -0.00000 0.00000 1.00000 0.0000 0.0578
transfer_black
0 -4.82963 -1.29410 7.40000 -0.00000 0.00000 1.00000 0.9899 0.0578
0 -4.61940 -1.91342 7.40000 -0.00000 0.00000 1.00000 0.9851 0.0578
0 0.00000 0.00000 7.40000 -0.00000 0.00000 1.00000 0.0000 0.0578
transfer_black
0 -4.61940 -1.91342 7.40000 -0.00000 0.00000 1.00000 0.9851 0.0578
0 -4.33013 -2.50000 7.40000 -0.00000 0.00000 1.00000 0.9805 0.0578
0 0.00000 0.00000 7.40000 -0.00000 0.00000 1.00000 0.0000 0.0578
transfer_black
0 -4.33013 -2.50000 7.40000 -0.00000 0.00000 1.00000 0.9805 0.0578
0 -3.96677 -3.04381 7.40000 -0.00000 0.00000 1.00000 0.9762 0.0578
0 0.00000 0.00000 7.40000 -0.00000 0.00000 1.00000 0.0000 0.0578
transfer_black
0 -3.96677 -3.04381 7.40000 -0.00000 0.00000 1.00000 0.9762 0.0578
0 -3.53553 -3.53553 7.40000 -0.00000 0.00000 1.00000 0.9724 0.0578
0 0.00000 0.00000 7.40000 -0.00000 0.00000 1.00000 0.0000 0.0578
transfer_black
0 -3.53553 -3.53553 7.40000 -0.00000 0.00000 1.00000 0.9724 0.0578
0 -3.04381 -3.96677 7.40000 -0.00000 0.00000 1.00000 0.9690 0.0578
0 0.00000 0.00000 7.40000 -0.00000 0.00000 1.00000 0.0000 0.0578
transfer_black
0 -3.04381 -3.96677 7.40000 -0.00000 0.00000 1.00000 0.9690 0.0578
0 -2.50000 -4.33013 7.40000 -0.00000 0.00000 1.00000 0.9662 0.0578
0 0.00000 0.00000 7.40000 -0.00000 0.00000 1.00000 0.0000 0.0578
transfer_black
0 -2.50000 -4.33013 7.40000 -0.00000 0.00000 1.00000 0.9662 0.0578
0 -1.91342 -4.61940 7.40000 -0.00000 0.00000 1.00000 0.9639 0.0578
0 0.00000 0.00000 7.40000 -0.00000 0.00000 1.00000 0.0000 0.0578
transfer_black
0 -1.91342 -4.61940 7.40000 -0.00000 0.00000 1.00000 0.9639 0.0578
0 -1.29410 -4.82963 7.40000 -0.00000 0.00000 1.00000 0.9623 0.0578
0 0.00000 0.00000 7.40000 -0.00000 0.00000 1.00000 0.0000 0.0578
transfer_black
0 -1.29410 -4.82963 7.40000 -0.00000 0.00000 1.00000 0.9623 0.0578
0 -0.65263 -4.95722 7.40000 -0.00000 0.00000 1.00000 0.9613 0.0578
0 0.00000 0.00000 7.40000 -0.00000 0.00000 1.00000 0.0000 0.0578
transfer_black
0 -0.65263 -4.95722 7.40000 -0.00000 0.00000 1.00000 0.9613 0.0578
0 -0.00000 -5.00000 7.40000 -0.00000 0.00000 1.00000 0.9609 0.0578
0 0.00000 0.00000 7.40000 -0.00000 0.00000 1.00000 0.0000 0.0578
transfer_black
0 -0.00000 -5.00000 7.40000 0.00000 0.00000 1.00000 0.9609 0.0578
0 0.65263 -4.95722 7.40000 0.00000 0.00000 1.00000 0.9613 0.0578
0 0.00000 0.00000 7.40000 0.00000 0.00000 1.00000 0.0000 0.0578
transfer_black
0 0.65263 -4.95722 7.40000 0.00000 -0.00000 1.00000 0.9613 0.0578
0 1.29410 -4.82963 7.40000 0.00000 -0.00000 1.00000 0.9623 0.0578
0 0.00000 0.00000 7.40000 0.00000 -0.00000 1.00000 0.0000 0.0578
transfer_black
0 1.29410 -4.82963 7.40000 0.00000 -0.00000 1.00000 0.9623 0.0578
0 1.91342 -4.61940 7.40000 0.00000 -0.00000 1.00000 0.9639 0.0578
0 0.00000 0.00000 7.40000 0.00000 -0.00000 1.00000 0.0000 0.0578
transfer_black
0 1.91342 -4.61940 7.40000 0.00000 -0.00000 1.00000 0.9639 0.0578
0 2.50000 -4.33013 7.40000 0.00000 -0.00000 1.00000 0.9662 0.0578
0 0.00000 0.00000 7.40000 0.00000 -0.00000 1.00000 0.0000 0.0578
transfer_black
0 2.50000 -4.33013 7.40000 0.00000 -0.00000 1.00000 0.9662 0.0578
0 3.04381 -3.96677 7.40000 0.00000 -0.00000 1.00000 0.9690 0.0578
0 0.00000 0.00000 7.40000 0.00000 -0.00000 1.00000 0.0000 0.0578
transfer_black
0 3.04381 -3.96677 7.40000 0.00000 -0.00000 1.00000 0.9690 0.0578
0 3.53553 -3.53553 7.40000 0.00000 -0.00000 1.00000 0.9724 0.0578
0 0.00000 0.00000 7.40000 0.00000 -0.00000 1.00000 0.0000 0.0578
transfer_black
0 3.53553 -3.53553 7.40000 0.00000 -0.00000 1.00000 0.9724 0.0578
0 3.96677 -3.04381 7.40000 0.00000 -0.00000 1.00000 0.9762 0.0578
0 0.00000 0.00000 7.40000 0.00000 -0.00000 1.00000 0.0000 0.0578
transfer_black
0 3.96677 -3.04381 7.40000 0.00000 -0.00000 1.00000 0.9762 0.0578
0 4.33013 -2.50000 7.40000 0.00000 -0.00000 1.00000 0.9805 0.0578
0 0.00000 0.00000 7.40000 0.00000 -0.00000 1.00000 0.0000 0.0578
transfer_black
0 4.33013 -2.50000 7.40000 0.00000 -0.00000 1.00000 0.9805 0.0578
0 4.61940 -1.91342 7.40000 0.00000 -0.00000 1.00000 0.9851 0.0578
0 0.00000 0.00000 7.40000 0.00000 -0.00000 1.00000 0.0000 0.0578
transfer_black
0 4.61940 -1.91342 7.40000 0.00000 -0.00000 1.00000 0.9851 0.0578
0 4.82963 -1.29410 7.40000 0.00000 -0.00000 1.00000 0.9899 0.0578
0 0.00000 0.00000 7.40000 0.00000 -0.00000 1.00000 0.0000 0.0578
transfer_black
0 4.82963 -1.29410 7.40000 0.00000 -0.00000 1.00000 0.9899 0.0578
0 4.95722 -0.65263 7.40000 0.00000 -0.00000 1.00000 0.9949 0.0578
0 0.00000 0.00000 7.40000 0.00000 -0.00000 1.00000 0.0000 0.0578
transfer_black
0 4.95722 -0.65263 7.40000 0.00000 -0.00000 1.00000 0.9949 0.0578
0 5.00000 -0.00000 7.40000 0.00000 -0.00000 1.00000 1.0000 0.0578
0 0.00000 0.00000 7.40000 0.00000 -0.00000 1.00000 0.0000 0.0578
transfer_white
0 96.00000 0.00000 -7.00000 0.00000 0.00000 -1.00000 0.0000 0.9453
0 104.42728 1.10947 -7.00000 0.00000 0.00000 -1.00000 0.0087 0.9453
0 104.50000 0.00000 -7.00000 0.00000 0.00000 -1.00000 0.0000 0.9453
transfer_white
0 96.00000 0.00000 -7.00000 0.00000 0.00000 -1.00000 0.0000 0.9453
0 104.21037 2.19996 -7.00000 0.00000 0.00000 -1.00000 0.0172 0.9453
0 104.42728 1.10947 -7.00000 0.00000 0.00000 -1.00000 0.0087 0.9453
transfer_white
0 96.00000 0.00000 -7.00000 0.00000 0.00000 -1.00000 0.0000 0.9453
0 103.85298 3.25281 -7.00000 0.00000 0.00000 -1.00000 0.0254 0.9453
0 104.21037 2.19996 -7.00000 0.00000 0.00000 -1.00000 0.0172 0.9453
transfer_white
0 96.00000 0.00000 -7.00000 0.00000 0.00000 -1.00000 0.0000 0.9453
0 103.36122 4.25000 -7.00000 0.00000 0.00000 -1.00000 0.0332 0.9453
0 103.85298 3.25281 -7.00000 0.00000 0.00000 -1.00000 0.0254 0.9453
transfer_white
0 96.00000 0.00000 -7.00000 0.00000 0.00000 -1.00000 0.0000 0.9453
0 102.74350 5.17447 -7.00000 0.00000 0.00000 -1.00000 0.0404 0.9453
0 103.36122 4.25000 -7.00000 0.00000 0.00000 -1.00000 0.0332 0.9453
transfer_white
0 96.00000 0.00000 -7.00000 0.00000 0.00000 -1.00000 0.0000 0.9453
0 102.01041 6.01041 -7.00000 0.00000 0.00000 -1.00000 0.0470 0.9453
0 102.74350 5.17447 -7.00000 0.00000 0.00000 -1.00000 0.0404 0.9453
transfer_white
0 96.00000 0.00000 -7.00000 0.00000 0.00000 -1.00000 0.0000 0.9453
0 101.17447 6.74350 -7.00000 0.00000 0.00000 -1.00000 0.0527 0.9453
0 102.01041 6.01041 -7.00000 0.00000 0.00000 -1.00000 0.0470 0.9453
transfer_white
0 96.00000 0.00000 -7.00000 0.00000 0.00000 -1.00000 0.0000 0.9453
0 100.25000 7.36122 -7.00000 0.00000 0.00000 -1.00000 0.0575 0.9453
0 101.17447 6.74350 -7.00000 0.00000 0.00000 -1.00000 0.0527 0.9453
transfer_white
0 96.00000 0.00000 -7.00000 0.00000 0.00000 -1.00000 0.0000 0.9453
0 99.25281 7.85298 -7.00000 0.00000 0.00000 -1.00000 0.0614 0.9453
0 100.25000 7.36122 -7.00000 0.00000 0.00000 -1.00000 0.0575 0.9453
transfer_white
0 96.00000 0.00000 -7.00000 0.00000 0.00000 -1.00000 0.0000 0.9453
0 98.19996 8.21037 -7.00000 0.00000 0.00000 -1.00000 0.0641 0.9453
0 99.25281 7.85298 -7.00000 0.00000 0.00000 -1.00000 0.0614 0.9453
transfer_white
0 96.00000 0.00000 -7.00000 0.00000 0.00000 -1.00000 0.0000 0.9453
0 97.10947 8.42728 -7.00000 0.00000 0.00000 -1.00000 0.0658 0.9453
0 98.19996 8.21037 -7.00000 0.00000 0.00000 -1.00000 0.0641 0.9453
transfer_white
0 96.00000 0.00000 -7.00000 0.00000 0.00000 -1.00000 0.0000 0.9453
0 96.00000 8.50000 -7.00000 0.00000 0.00000 -1.00000 0.0664 0.9453
0 97.10947 8.42728 -7.00000 0.00000 0.00000 -1.00000 0.0658 0.9453
transfer_white
0 96.00000 0.00000 -7.00000 0.00000 0.00000 -1.00000 0.0000 0.9453
0 94.89053 8.42728 -7.00000 0.00000 0.00000 -1.00000 0.0658 0.9453
0 96.00000 8.50000 -7.00000 0.00000 0.00000 -1.00000 0.0664 0.9453
transfer_white
0 96.00000 0.00000 -7.00000 0.00000 0.00000 -1.00000 0.0000 0.9453
0 93.80004 8.21037 -7.00000 0.00000 0.00000 -1.00000 0.0641 0.9453
0 94.89053 8.42728 -7.00000 0.00000 0.00000 -1.00000 0.0658 0.9453
transfer_white
0 96.00000 0.00000 -7.00000 0.00000 0.00000 -1.00000 0.0000 0.9453
0 92.74719 7.85298 -7.00000 0.00000 0.00000 -1.00000 0.0614 0.9453
0 93.80004 8.21037 -7.00000 0.00000 0.00000 -1.00000 0.0641 0.9453
transfer_white
0 96.00000 0.00000 -7.00000 0.00000 0.00000 -1.00000 0.0000 0.9453
0 91.75000 7.36122 -7.00000 0.00000 0.00000 -1.00000 0.0575 0.9453
0 92.74719 7.85298 -7.00000 0.00000 0.00000 -1.00000 0.0614 0.9453
transfer_white
0 96.00000 0.00000 -7.00000 0.00000 0.00000 -1.00000 0.0000 0.9453
0 90.82553 6.74350 -7.00000 0.00000 0.00000 -1.00000 0.0527 0.9453
0 91.75000 7.36122 -7.00000 0.00000 0.00000 -1.00000 0.0575 0.9453
transfer_white
0 96.00000 0.00000 -7.00000 0.00000 0.00000 -1.00000 0.0000 0.9453
0 89.98959 6.01041 -7.00000 0.00000 0.00000 -1.00000 0.0470 0.9453
0 90.82553 6.74350 -7.00000 0.00000 0.00000 -1.00000 0.0527 0.9453
transfer_white
0 96.00000 0.00000 -7.00000 0.00000 0.00000 -1.00000 0.0000 0.9453
0 89.25650 5.17447 -7.00000 0.00000 0.00000 -1.00000 0.0404 0.9453
0 89.98959 6.01041 -7.00000 0.00000 0.00000 -1.00000 0.0470 0.9453
transfer_white
0 96.00000 0.00000 -7.00000 0.00000 0.00000 -1.00000 0.0000 0.9453
0 88.63878 4.25000 -7.00000 0.00000 0.00000 -1.00000 0.0332 0.9453
0 89.25650 5.17447 -7.00000 0.00000 0.00000 -1.00000 0.0404 0.9453
transfer_white
0 96.00000 0.00000 -7.00000 0.00000 0.00000 -1.00000 0.0000 0.9453
0 88.14702 3.25281 -7.00000 0.00000 0.00000 -1.00000 0.0254 0.9453
0 88.63878 4.25000 -7.00000 0.00000 0.00000 -1.00000 0.0332 0.9453
transfer_white
0 96.00000 0.00000 -7.00000 0.00000 0.00000 -1.00000 0.0000 0.9453
0 87.78963 2.19996 -7.00000 0.00000 0.00000 -1.00000 0.0172 0.9453
0 88.14702 3.25281 -7.00000 0.00000 0.00000 -1.00000 0.0254 0.9453
transfer_white
0 96.00000 0.00000 -7.00000 0.00000 0.00000 -1.00000 0.0000 0.9453
0 87.57272 1.10947 -7.00000 0.00000 0.00000 -1.00000 0.0087 0.9453
0 87.78963 2.19996 -7.00000 0.00000 0.00000 -1.00000 0.0172 0.9453
transfer_white
0 96.00000 0.00000 -7.00000 0.00000 0.00000 -1.00000 0.0000 0.9453
0 87.50000 0.00000 -7.00000 0.00000 0.00000 -1.00000 0.0000 0.9453
0 87.57272 1.10947 -7.00000 0.00000 0.00000 -1.00000 0.0087 0.9453
transfer_white
0 96.00000 0.00000 -7.00000 -0.00000 0.00000 -1.00000 0.0000 0.9453
0 87.57272 -1.10947 -7.00000 -0.00000 0.00000 -1.00000 0.9913 0.9453
0 87.50000 0.00000 -7.00000 -0.00000 0.00000 -1.00000 0.0000 0.9453
transfer_white
0 96.00000 0.00000 -7.00000 0.00000 0.00000 -1.00000 0.0000 0.9453
0 87.78963 -2.19996 -7.00000 0.00000 0.00000 -1.00000 0.9828 0.9453
0 87.57272 -1.10947 -7.00000 0.00000 0.00000 -1.00000 0.9913 0.9453
transfer_white
0 96.00000 0.00000 -7.00000 0.00000 0.00000 -1.00000 0.0000 0.9453
0 88.14702 -3.25281 -7.00000 0.00000 0.00000 -1.00000 0.9746 0.9453
0 87.78963 -2.19996 -7.00000 0.00000 0.00000 -1.00000 0.9828 0.9453
transfer_white
0 96.00000 0.00000 -7.00000 0.00000 0.00000 -1.00000 0.0000 0.9453
0 88.63878 -4.25000 -7.00000 0.00000 0.00000 -1.00000 0.9668 0.9453
0 88.14702 -3.25281 -7.00000 0.00000 0.00000 -1.00000 0.9746 0.9453
transfer_white
0 96.00000 0.00000 -7.00000 0.00000 0.00000 -1.00000 0.0000 0.9453
0 89.25650 -5.17447 -7.00000 0.00000 0.00000 -1.00000 0.9596 0.9453
0 88.63878 -4.25000 -7.00000 0.00000 0.00000 -1.00000 0.9668 0.9453
transfer_white
0 96.00000 0.00000 -7.00000 0.00000 0.00000 -1.00000 0.0000 0.9453
0 89.98959 -6.01041 -7.00000 0.00000 0.00000 -1.00000 0.9530 0.9453
0 89.25650 -5.17447 -7.00000 0.00000 0.00000 -1.00000 0.9596 0.9453
transfer_white
0 96.00000 0.00000 -7.00000 0.00000 0.00000 -1.00000 0.0000 0.9453
0 90.82553 -6.74350 -7.00000 0.00000 0.00000 -1.00000 0.9473 0.9453
0 89.98959 -6.01041 -7.00000 0.00000 0.00000 -1.00000 0.9530 0.9453
transfer_white
0 96.00000 0.00000 -7.00000 0.00000 0.00000 -1.00000 0.0000 0.9453
0 91.75000 -7.36122 -7.00000 0.00000 0.00000 -1.00000 0.9425 0.9453
0 90.82553 -6.74350 -7.00000 0.00000 0.00000 -1.00000 0.9473 0.9453
transfer_white
0 96.00000 0.00000 -7.00000 0.00000 0.00000 -1.00000 0.0000 0.9453
0 92.74719 -7.85298 -7.00000 0.00000 0.00000 -1.00000 0.9386 0.9453
0 91.75000 -7.36122 -7.00000 0.00000 0.00000 -1.00000 0.9425 0.9453
transfer_white
0 96.00000 0.00000 -7.00000 0.00000 0.00000 -1.00000 0.0000 0.9453
0 93.80004 -8.21037 -7.00000 0.00000 0.00000 -1.00000 0.9359 0.9453
0 92.74719 -7.85298 -7.00000 0.00000 0.00000 -1.00000 0.9386 0.9453
transfer_white
0 96.00000 0.00000 -7.00000 0.00000 0.00000 -1.00000 0.0000 0.9453
0 94.89053 -8.42728 -7.00000 0.00000 0.00000 -1.00000 0.9342 0.9453
0 93.80004 -8.21037 -7.00000 0.00000 0.00000 -1.00000 0.9359 0.9453
transfer_white
0 96.00000 0.00000 -7.00000 0.00000 -0.00000 -1.00000 0.0000 0.9453
0 96.00000 -8.50000 -7.00000 0.00000 -0.00000 -1.00000 0.9336 0.9453
0 94.89053 -8.42728 -7.00000 0.00000 -0.00000 -1.00000 0.9342 0.9453
transfer_white
0 96.00000 0.00000 -7.00000 0.00000 0.00000 -1.00000 0.0000 0.9453
0 97.10947 -8.42728 -7.00000 0.00000 0.00000 -1.00000 0.9342 0.9453
0 96.00000 -8.50000 -7.00000 0.00000 0.00000 -1.00000 0.9336 0.9453
transfer_white
0 96.00000 0.00000 -7.00000 0.00000 0.00000 -1.00000 0.0000 0.9453
0 98.19996 -8.21037 -7.00000 0.00000 0.00000 -1.00000 0.9359 0.9453
0 97.10947 -8.42728 -7.00000 0.00000 0.00000 -1.00000 0.9342 0.9453
transfer_white
0 96.00000 0.00000 -7.00000 0.00000 0.00000 -1.00000 0.0000 0.9453
0 99.25281 -7.85298 -7.00000 0.00000 0.00000 -1.00000 0.9386 0.9453
0 98.19996 -8.21037 -7.00000 0.00000 0.00000 -1.00000 0.9359 0.9453
transfer_white
0 96.00000 0.00000 -7.00000 0.00000 0.00000 -1.00000 0.0000 0.9453
0 100.25000 -7.36122 -7.00000 0.00000 0.00000 -1.00000 0.9425 0.9453
0 99.25281 -7.85298 -7.00000 0.00000 0.00000 -1.00000 0.9386 0.9453
transfer_white
0 96.00000 0.00000 -7.00000 0.00000 0.00000 -1.00000 0.0000 0.9453
0 101.17447 -6.74350 -7.00000 0.00000 0.00000 -1.00000 0.9473 0.9453
0 100.25000 -7.36122 -7.00000 0.00000 0.00000 -1.00000 0.9425 0.9453
transfer_white
0 96.00000 0.00000 -7.00000 0.00000 0.00000 -1.00000 0.0000 0.9453
0 102.01041 -6.01041 -7.00000 0.00000 0.00000 -1.00000 0.9530 0.9453
0 101.17447 -6.74350 -7.00000 0.00000 0.00000 -1.00000 0.9473 0.9453
transfer_white
0 96.00000 0.00000 -7.00000 0.00000 0.00000 -1.00000 0.0000 0.9453
0 102.74350 -5.17447 -7.00000 0.00000 0.00000 -1.00000 0.9596 0.9453
0 102.01041 -6.01041 -7.00000 0.00000 0.00000 -1.00000 0.9530 0.9453
transfer_white
0 96.00000 0.00000 -7.00000 0.00000 0.00000 -1.00000 0.0000 0.9453
0 103.36122 -4.25000 -7.00000 0.00000 0.00000 -1.00000 0.9668 0.9453
0 102.74350 -5.17447 -7.00000 0.00000 0.00000 -1.00000 0.9596 0.9453
transfer_white
0 96.00000 0.00000 -7.00000 0.00000 0.00000 -1.00000 0.0000 0.9453
0 103.85298 -3.25281 -7.00000 0.00000 0.00000 -1.00000 0.9746 0.9453
0 103.36122 -4.25000 -7.00000 0.00000 0.00000 -1.00000 0.9668 0.9453
transfer_white
0 96.00000 0.00000 -7.00000 0.00000 0.00000 -1.00000 0.0000 0.9453
0 104.21037 -2.19996 -7.00000 0.00000 0.00000 -1.00000 0.9828 0.9453
0 103.85298 -3.25281 -7.00000 0.00000 0.00000 -1.00000 0.9746 0.9453
transfer_white
0 96.00000 0.00000 -7.00000 0.00000 0.00000 -1.00000 0.0000 0.9453
0 104.42728 -1.10947 -7.00000 0.00000 0.00000 -1.00000 0.9913 0.9453
0 104.21037 -2.19996 -7.00000 0.00000 0.00000 -1.00000 0.9828 0.9453
transfer_white
0 96.00000 0.00000 -7.00000 0.00000 0.00000 -1.00000 0.0000 0.9453
0 104.50000 -0.00000 -7.00000 0.00000 0.00000 -1.00000 1.0000 0.9453
0 104.42728 -1.10947 -7.00000 0.00000 0.00000 -1.00000 0.9913 0.9453
transfer_white
0 104.42728 1.10947 -7.00000 0.79890 0.05236 -0.59918 0.0087 0.9453
0 105.91445 1.30526 -5.00000 0.79890 0.05236 -0.59918 0.0102 0.9609
0 106.00000 0.00000 -5.00000 0.79890 0.05236 -0.59918 0.0000 0.9609
transfer_white
0 104.42728 1.10947 -7.00000 0.79890 0.05236 -0.59918 0.0087 0.9453
0 106.00000 0.00000 -5.00000 0.79890 0.05236 -0.59918 0.0000 0.9609
0 104.50000 0.00000 -7.00000 0.79890 0.05236 -0.59918 0.0000 0.9453
transfer_white
0 104.21037 2.19996 -7.00000 0.78523 0.15619 -0.59918 0.0172 0.9453
0 105.65926 2.58819 -5.00000 0.78523 0.15619 -0.59918 0.0202 0.9609
0 105.91445 1.30526 -5.00000 0.78523 0.15619 -0.59918 0.0102 0.9609
transfer_white
0 104.21037 2.19996 -7.00000 0.78523 0.15619 -0.59918 0.0172 0.9453
0 105.91445 1.30526 -5.00000 0.78523 0.15619 -0.59918 0.0102 0.9609
0 104.42728 1.10947 -7.00000 0.78523 0.15619 -0.59918 0.0087 0.9453
transfer_white
0 103.85298 3.25281 -7.00000 0.75813 0.25735 -0.59918 0.0254 0.9453
0 105.23880 3.82683 -5.00000 0.75813 0.25735 -0.59918 0.0299 0.9609
0 105.65926 2.58819 -5.00000 0.75813 0.25735 -0.59918 0.0202 0.9609
transfer_white
0 103.85298 3.25281 -7.00000 0.75813 0.25735 -0.59918 0.0254 0.9453
0 105.65926 2.58819 -5.00000 0.75813 0.25735 -0.59918 0.0202 0.9609
0 104.21037 2.19996 -7.00000 0.75813 0.25735 -0.59918 0.0172 0.9453
transfer_white
0 103.36122 4.25000 -7.00000 0.71805 0.35410 -0.59918 0.0332 0.9453
0 104.66025 5.00000 -5.00000 0.71805 0.35410 -0.59918 0.0391 0.9609
0 105.23880 3.82683 -5.00000 0.71805 0.35410 -0.59918 0.0299 0.9609
transfer_white
0 103.36122 4.25000 -7.00000 0.71805 0.35410 -0.59918 0.0332 0.9453
0 105.23880 3.82683 -5.00000 0.71805 0.35410 -0.59918 0.0299 0.9609
0 103.85298 3.25281 -7.00000 0.71805 0.35410 -0.59918 0.0254 0.9453
transfer_white
0 102.74350 5.17447 -7.00000 0.66569 0.44480 -0.59918 0.0404 0.9453
0 103.93353 6.08761 -5.00000 0.66569 0.44480 -0.59918 0.0476 0.9609
0 104.66025 5.00000 -5.00000 0.66569 0.44480 -0.59918 0.0391 0.9609
transfer_white
0 102.74350 5.17447 -7.00000 0.66569 0.44480 -0.59918 0.0404 0.9453
0 104.66025 5.00000 -5.00000 0.66569 0.44480 -0.59918 0.0391 0.9609
0 103.36122 4.25000 -7.00000 0.66569 0.44480 -0.59918 0.0332 0.9453
transfer_white
0 102.01041 6.01041 -7.00000 0.60194 0.52788 -0.59918 0.0470 0.9453
0 103.07107 7.07107 -5.00000 0.60194 0.52788 -0.59918 0.0552 0.9609
0 103.93353 6.08761 -5.00000 0.60194 0.52788 -0.59918 0.0476 0.9609
transfer_white
0 102.01041 6.01041 -7.00000 0.60194 0.52788 -0.59918 0.0470 0.9453
0 103.93353 6.08761 -5.00000 0.60194 0.52788 -0.59918 0.0476 0.9609
0 102.74350 5.17447 -7.00000 0.60194 0.52788 -0.59918 0.0404 0.9453
transfer_white
0 101.17447 6.74350 -7.00000 0.52788 0.60194 -0.59918 0.0527 0.9453
0 102.08761 7.93353 -5.00000 0.52788 0.60194 -0.59918 0.0620 0.9609
0 103.07107 7.07107 -5.00000 0.52788 0.60194 -0.59918 0.0552 0.9609
transfer_white
0 101.17447 6.74350 -7.00000 0.52788 0.60194 -0.59918 0.0527 0.9453
0 103.07107 7.07107 -5.00000 0.52788 0.60194 -0.59918 0.0552 0.9609
0 102.01041 6.01041 -7.00000 0.52788 0.60194 -0.59918 0.0470 0.9453
transfer_white
0 100.25000 7.36122 -7.00000 0.44480 0.66569 -0.59918 0.0575 0.9453
0 101.00000 8.66025 -5.00000 0.44480 0.66569 -0.59918 0.0677 0.9609
0 102.08761 7.93353 -5.00000 0.44480 0.66569 -0.59918 0.0620 0.9609
transfer_white
0 100.25000 7.36122 -7.00000 0.44480 0.66569 -0.59918 0.0575 0.9453
0 102.08761 7.93353 -5.00000 0.44480 0.66569 -0.59918 0.0620 0.9609
0 101.17447 6.74350 -7.00000 0.44480 0.66569 -0.59918 0.0527 0.9453
transfer_white
0 99.25281 7.85298 -7.00000 0.35410 0.71805 -0.59918 0.0614 0.9453
0 99.82683 9.23880 -5.00000 0.35410 0.71805 -0.59918 0.0722 0.9609
0 101.00000 8.66025 -5.00000 0.35410 0.71805 -0.59918 0.0677 0.9609
transfer_white
0 99.25281 7.85298 -7.00000 0.35410 0.71805 -0.59918 0.0614 0.9453
0 101.00000 8.66025 -5.00000 0.35410 0.71805 -0.59918 0.0677 0.9609
0 100.25000 7.36122 -7.00000 0.35410 0.71805 -0.59918 0.0575 0.9453
transfer_white
0 98.19996 8.21037 -7.00000 0.25735 0.75813 -0.59918 0.0641 0.9453
0 98.58819 9.65926 -5.00000 0.25735 0.75813 -0.59918 0.0755 0.9609
0 99.82683 9.23880 -5.00000 0.25735 0.75813 -0.59918 0.0722 0.9609
transfer_white
0 98.19996 8.21037 -7.00000 0.25735 0.75813 -0.59918 0.0641 0.9453
0 99.82683 9.23880 -5.00000 0.25735 0.75813 -0.59918 0.0722 0.9609
0 99.25281 7.85298 -7.00000 0.25735 0.75813 -0.59918 0.0614 0.9453
transfer_white
0 97.10947 8.42728 -7.00000 0.15619 0.78523 -0.59918 0.0658 0.9453
0 97.30526 9.91445 -5.00000 0.15619 0.78523 -0.59918 0.0775 0.9609
0 98.58819 9.65926 -5.00000 0.15619 0.78523 -0.59918 0.0755 0.9609
transfer_white
0 97.10947 8.42728 -7.00000 0.15619 0.78523 -0.59918 0.0658 0.9453
0 98.58819 9.65926 -5.00000 0.15619 0.78523 -0.59918 0.0755 0.9609
0 98.19996 8.21037 -7.00000 0.15619 0.78523 -0.59918 0.0641 0.9453
transfer_white
0 96.00000 8.50000 -7.00000 0.05236 0.79890 -0.59918 0.0664 0.9453
0 96.00000 10.00000 -5.00000 0.05236 0.79890 -0.59918 0.0781 0.9609
0 97.30526 9.91445 -5.00000 0.05236 0.79890 -0.59918 0.0775 0.9609
transfer_white
0 96.00000 8.50000 -7.00000 0.05236 0.79890 -0.59918 0.0664 0.9453
0 97.30526 9.91445 -5.00000 0.05236 0.79890 -0.59918 0.0775 0.9609
0 97.10947 8.42728 -7.00000 0.05236 0.79890 -0.59918 0.0658 0.9453
transfer_white
0 94.89053 8.42728 -7.00000 -0.05236 0.79890 -0.59918 0.0658 0.9453
0 94.69474 9.91445 -5.00000 -0.05236 0.79890 -0.59918 0.0775 0.9609
0 96.00000 10.00000 -5.00000 -0.05236 0.79890 -0.59918 0.0781 0.9609
transfer_white
0 94.89053 8.42728 -7.00000 -0.05236 0.79890 -0.59918 0.0658 0.9453
0 96.00000 10.00000 -5.00000 -0.05236 0.79890 -0.59918 0.0781 0.9609
0 96.00000 8.50000 -7.00000 -0.05236 0.79890 -0.59918 0.0664 0.9453
transfer_white
0 93.80004 8.21037 -7.00000 -0.15619 0.78523 -0.59918 0.0641 0.9453
0 93.41181 9.65926 -5.00000 -0.15619 0.78523 -0.59918 0.0755 0.9609
0 94.69474 9.91445 -5.00000 -0.15619 0.78523 -0.59918 0.0775 0.9609
transfer_white
0 93.80004 8.21037 -7.00000 -0.15619 0.78523 -0.59918 0.0641 0.9453
0 94.69474 9.91445 -5.00000 -0.15619 0.78523 -0.59918 0.0775 0.9609
0 94.89053 8.42728 -7.00000 -0.15619 0.78523 -0.59918 0.0658 0.9453
transfer_white
0 92.74719 7.85298 -7.00000 -0.25735 0.75813 -0.59918 0.0614 0.9453
0 92.17317 9.23880 -5.00000 -0.25735 0.75813 -0.59918 0.0722 0.9609
0 93.41181 9.65926 -5.00000 -0.25735 0.75813 -0.59918 0.0755 0.9609
transfer_white
0 92.74719 7.85298 -7.00000 -0.25735 0.75813 -0.59918 0.0614 0.9453
0 93.41181 9.65926 -5.00000 -0.25735 0.75813 -0.59918 0.0755 0.9609
0 93.80004 8.21037 -7.00000 -0.25735 0.75813 -0.59918 0.0641 0.9453
transfer_white
0 91.75000 7.36122 -7.00000 -0.35410 0.71805 -0.59918 0.0575 0.9453
0 91.00000 8.66025 -5.00000 -0.35410 0.71805 -0.59918 0.0677 0.9609
0 92.17317 9.23880 -5.00000 -0.35410 0.71805 -0.59918 0.0722 0.9609
transfer_white
0 91.75000 7.36122 -7.00000 -0.35410 0.71805 -0.59918 0.0575 0.9453
0 92.17317 9.23880 -5.00000 -0.35410 0.71805 -0.59918 0.0722 0.9609
0 92.74719 7.85298 -7.00000 -0.35410 0.71805 -0.59918 0.0614 0.9453
transfer_white
0 90.82553 6.74350 -7.00000 -0.44480 0.66569 -0.59918 0.0527 0.9453
0 89.91239 7.93353 -5.00000 -0.44480 0.66569 -0.59918 0.0620 0.9609
0 91.00000 8.66025 -5.00000 -0.44480 0.66569 -0.59918 0.0677 0.9609
transfer_white
0 90.82553 6.74350 -7.00000 -0.44480 0.66569 -0.59918 0.0527 0.9453
0 91.00000 8.66025 -5.00000 -0.44480 0.66569 -0.59918 0.0677 0.9609
0 91.75000 7.36122 -7.00000 -0.44480 0.66569 -0.59918 0.0575 0.9453
transfer_white
0 89.98959 6.01041 -7.00000 -0.52788 0.60194 -0.59918 0.0470 0.9453
0 88.92893 7.07107 -5.00000 -0.52788 0.60194 -0.59918 0.0552 0.9609
0 89.91239 7.93353 -5.00000 -0.52788 0.60194 -0.59918 0.0620 0.9609
transfer_white
0 89.98959 6.01041 -7.00000 -0.52788 0.60194 -0.59918 0.0470 0.9453
0 89.91239 7.93353 -5.00000 -0.52788 0.60194 -0.59918 0.0620 0.9609
0 90.82553 6.74350 -7.00000 -0.52788 0.60194 -0.59918 0.0527 0.9453
transfer_white
0 89.25650 5.17447 -7.00000 -0.60194 0.52788 -0.59918 0.0404 0.9453
0 88.06647 6.08761 -5.00000 -0.60194 0.52788 -0.59918 0.0476 0.9609
0 88.92893 7.07107 -5.00000 -0.60194 0.52788 -0.59918 0.0552 0.9609
transfer_white
0 89.25650 5.17447 -7.00000 -0.60194 0.52788 -0.59918 0.0404 0.9453
0 88.92893 7.07107 -5.00000 -0.60194 0.52788 -0.59918 0.0552 0.9609
0 89.98959 6.01041 -7.00000 -0.60194 0.52788 -0.59918 0.0470 0.9453
transfer_white
0 88.63878 4.25000 -7.00000 -0.66569 0.44480 -0.59918 0.0332 0.9453
0 87.33975 5.00000 -5.00000 -0.66569 0.44480 -0.59918 0.0391 0.9609
0 88.06647 6.08761 -5.00000 -0.66569 0.44480 -0.59918 0.0476 0.9609
transfer_white
0 88.63878 4.25000 -7.00000 -0.66569 0.44480 -0.59918 0.0332 0.9453
0 88.06647 6.08761 -5.00000 -0.66569 0.44480 -0.59918 0.0476 0.9609
0 89.25650 5.17447 -7.00000 -0.66569 0.44480 -0.59918 0.0404 0.9453
transfer_white
0 88.14702 3.25281 -7.00000 -0.71805 0.35410 -0.59918 0.0254 0.9453
0 86.76120 3.82683 -5.00000 -0.71805 0.35410 -0.59918 0.0299 0.9609
0 87.33975 5.00000 -5.00000 -0.71805 0.35410 -0.59918 0.0391 0.9609
transfer_white
0 88.14702 3.25281 -7.00000 -0.71805 0.35410 -0.59918 0.0254 0.9453
0 87.33975 5.00000 -5.00000 -0.71805 0.35410 -0.59918 0.0391 0.9609
0 88.63878 4.25000 -7.00000 -0.71805 0.35410 -0.59918 0.0332 0.9453
transfer_white
0 87.78963 2.19996 -7.00000 -0.75813 0.25735 -0.59918 0.0172 0.9453
0 86.34074 2.58819 -5.00000 -0.75813 0.25735 -0.59918 0.0202 0.9609
0 86.76120 3.82683 -5.00000 -0.75813 0.25735 -0.59918 0.0299 0.9609
transfer_white
0 87.78963 2.19996 -7.00000 -0.75813 0.25735 -0.59918 0.0172 0.9453
0 86.76120 3.82683 -5.00000 -0.75813 0.25735 -0.59918 0.0299 0.9609
0 88.14702 3.25281 -7.00000 -0.75813 0.25735 -0.59918 0.0254 0.9453
transfer_white
0 87.57272 1.10947 -7.00000 -0.78523 0.15619 -0.59918 0.0087 0.9453
0 86.08555 1.30526 -5.00000 -0.78523 0.15619 -0.59918 0.0102 0.9609
0 86.34074 2.58819 -5.00000 -0.78523 0.15619 -0.59918 0.0202 0.9609
transfer_white
0 87.57272 1.10947 -7.00000 -0.78523 0.15619 -0.59918 0.0087 0.9453
0 86.34074 2.58819 -5.00000 -0.78523 0.15619 -0.59918 0.0202 0.9609
0 87.78963 2.19996 -7.00000 -0.78523 0.15619 -0.59918 0.0172 0.9453
transfer_white
0 87.50000 0.00000 -7.00000 -0.79890 0.05236 -0.59918 0.0000 0.9453
0 86.00000 0.00000 -5.00000 -0.79890 0.05236 -0.59918 0.0000 0.9609
0 86.08555 1.30526 -5.00000 -0.79890 0.05236 -0.59918 0.0102 0.9609
transfer_white
0 87.50000 0.00000 -7.00000 -0.79890 0.05236 -0.59918 0.0000 0.9453
0 86.08555 1.30526 -5.00000 -0.79890 0.05236 -0.59918 0.0102 0.9609
0 87.57272 1.10947 -7.00000 -0.79890 0.05236 -0.59918 0.0087 0.9453
transfer_white
0 87.57272 -1.10947 -7.00000 -0.79890 -0.05236 -0.59918 0.9913 0.9453
0 86.08555 -1.30526 -5.00000 -0.79890 -0.05236 -0.59918 0.9898 0.9609
0 86.00000 0.00000 -5.00000 -0.79890 -0.05236 -0.59918 0.0000 0.9609
transfer_white
0 87.57272 -1.10947 -7.00000 -0.79890 -0.05236 -0.59918 0.9913 0.9453
0 86.00000 0.00000 -5.00000 -0.79890 -0.05236 -0.59918 0.0000 0.9609
0 87.50000 0.00000 -7.00000 -0.79890 -0.05236 -0.59918 0.0000 0.9453
transfer_white
0 87.78963 -2.19996 -7.00000 -0.78523 -0.15619 -0.59918 0.9828 0.9453
0 86.34074 -2.58819 -5.00000 -0.78523 -0.15619 -0.59918 0.9798 0.9609
0 86.08555 -1.30526 -5.00000 -0.78523 -0.15619 -0.59918 0.9898 0.9609
transfer_white
0 87.78963 -2.19996 -7.00000 -0.78523 -0.15619 -0.59918 0.9828 0.9453
0 86.08555 -1.30526 -5.00000 -0.78523 -0.15619 -0.59918 0.9898 0.9609
0 87.57272 -1.10947 -7.00000 -0.78523 -0.15619 -0.59918 0.9913 0.9453
transfer_white
0 88.14702 -3.25281 -7.00000 -0.75813 -0.25735 -0.59918 0.9746 0.9453
0 86.76120 -3.82683 -5.00000 -0.75813 -0.25735 -0.59918 0.9701 0.9609
0 86.34074 -2.58819 -5.00000 -0.75813 -0.25735 -0.59918 0.9798 0.9609
transfer_white
0 88.14702 -3.25281 -7.00000 -0.75813 -0.25735 -0.59918 0.9746 0.9453
0 86.34074 -2.58819 -5.00000 -0.75813 -0.25735 -0.59918 0.9798 0.9609
0 87.78963 -2.19996 -7.00000 -0.75813 -0.25735 -0.59918 0.9828 0.9453
transfer_white
0 88.63878 -4.25000 -7.00000 -0.71805 -0.35410 -0.59918 0.9668 0.9453
0 87.33975 -5.00000 -5.00000 -0.71805 -0.35410 -0.59918 0.9609 0.9609
0 86.76120 -3.82683 -5.00000 -0.71805 -0.35410 -0.59918 0.9701 0.9609
transfer_white
0 88.63878 -4.25000 -7.00000 -0.71805 -0.35410 -0.59918 0.9668 0.9453
0 86.76120 -3.82683 -5.00000 -0.71805 -0.35410 -0.59918 0.9701 0.9609
0 88.14702 -3.25281 -7.00000 -0.71805 -0.35410 -0.59918 0.9746 0.9453
transfer_white
0 89.25650 -5.17447 -7.00000 -0.66569 -0.44480 -0.59918 0.9596 0.9453
0 88.06647 -6.08761 -5.00000 -0.66569 -0.44480 -0.59918 0.9524 0.9609
0 87.33975 -5.00000 -5.00000 -0.66569 -0.44480 -0.59918 0.9609 0.9609
transfer_white
0 89.25650 -5.17447 -7.00000 -0.66569 -0.44480 -0.59918 0.9596 0.9453
0 87.33975 -5.00000 -5.00000 -0.66569 -0.44480 -0.59918 0.9609 0.9609
0 88.63878 -4.25000 -7.00000 -0.66569 -0.44480 -0.59918 0.9668 0.9453
transfer_white
0 89.98959 -6.01041 -7.00000 -0.60194 -0.52788 -0.59918 0.9530 0.9453
0 88.92893 -7.07107 -5.00000 -0.60194 -0.52788 -0.59918 0.9448 0.9609
0 88.06647 -6.08761 -5.00000 -0.60194 -0.52788 -0.59918 0.9524 0.9609
transfer_white
0 89.98959 -6.01041 -7.00000 -0.60194 -0.52788 -0.59918 0.9530 0.9453
0 88.06647 -6.08761 -5.00000 -0.60194 -0.52788 -0.59918 0.9524 0.9609
0 89.25650 -5.17447 -7.00000 -0.60194 -0.52788 -0.59918 0.9596 0.9453
transfer_white
0 90.82553 -6.74350 -7.00000 -0.52788 -0.60194 -0.59918 0.9473 0.9453
0 89.91239 -7.93353 -5.00000 -0.52788 -0.60194 -0.59918 0.9380 0.9609
0 88.92893 -7.07107 -5.00000 -0.52788 -0.60194 -0.59918 0.9448 0.9609
transfer_white
0 90.82553 -6.74350 -7.00000 -0.52788 -0.60194 -0.59918 0.9473 0.9453
0 88.92893 -7.07107 -5.00000 -0.52788 -0.60194 -0.59918 0.9448 0.9609
0 89.98959 -6.01041 -7.00000 -0.52788 -0.60194 -0.59918 0.9530 0.9453
transfer_white
0 91.75000 -7.36122 -7.00000 -0.44480 -0.66569 -0.59918 0.9425 0.9453
0 91.00000 -8.66025 -5.00000 -0.44480 -0.66569 -0.59918 0.9323 0.9609
0 89.91239 -7.93353 -5.00000 -0.44480 -0.66569 -0.59918 0.9380 0.9609
transfer_white
0 91.75000 -7.36122 -7.00000 -0.44480 -0.66569 -0.59918 0.9425 0.9453
0 89.91239 -7.93353 -5.00000 -0.44480 -0.66569 -0.59918 0.9380 0.9609
0 90.82553 -6.74350 -7.00000 -0.44480 -0.66569 -0.59918 0.9473 0.9453
transfer_white
0 92.74719 -7.85298 -7.00000 -0.35410 -0.71805 -0.59918 0.9386 0.9453
0 92.17317 -9.23880 -5.00000 -0.35410 -0.71805 -0.59918 0.9278 0.9609
0 91.00000 -8.66025 -5.00000 -0.35410 -0.71805 -0.59918 0.9323 0.9609
transfer_white
0 92.74719 -7.85298 -7.00000 -0.35410 -0.71805 -0.59918 0.9386 0.9453
0 91.00000 -8.66025 -5.00000 -0.35410 -0.71805 -0.59918 0.9323 0.9609
0 91.75000 -7.36122 -7.00000 -0.35410 -0.71805 -0.59918 0.9425 0.9453
transfer_white
0 93.80004 -8.21037 -7.00000 -0.25735 -0.75813 -0.59918 0.9359 0.9453
0 93.41181 -9.65926 -5.00000 -0.25735 -0.75813 -0.59918 0.9245 0.9609
0 92.17317 -9.23880 -5.00000 -0.25735 -0.75813 -0.59918 0.9278 0.9609
transfer_white
0 93.80004 -8.21037 -7.00000 -0.25735 -0.75813 -0.59918 0.9359 0.9453
0 92.17317 -9.23880 -5.00000 -0.25735 -0.75813 -0.59918 0.9278 0.9609
0 92.74719 -7.85298 -7.00000 -0.25735 -0.75813 -0.59918 0.9386 0.9453
transfer_white
0 94.89053 -8.42728 -7.00000 -0.15619 -0.78523 -0.59918 0.9342 0.9453
0 94.69474 -9.91445 -5.00000 -0.15619 -0.78523 -0.59918 0.9225 0.9609
0 93.41181 -9.65926 -5.00000 -0.15619 -0.78523 -0.59918 0.9245 0.9609
transfer_white
0 94.89053 -8.42728 -7.00000 -0.15619 -0.78523 -0.59918 0.9342 0.9453
0 93.41181 -9.65926 -5.00000 -0.15619 -0.78523 -0.59918 0.9245 0.9609
0 93.80004 -8.21037 -7.00000 -0.15619 -0.78523 -0.59918 0.9359 0.9453
transfer_white
0 96.00000 -8.50000 -7.00000 -0.05236 -0.79890 -0.59918 0.9336 0.9453
0 96.00000 -10.00000 -5.00000 -0.05236 -0.79890 -0.59918 0.9219 0.9609
0 94.69474 -9.91445 -5.00000 -0.05236 -0.79890 -0.59918 0.9225 0.9609
transfer_white
0 96.00000 -8.50000 -7.00000 -0.05236 -0.79890 -0.59918 0.9336 0.9453
0 94.69474 -9.91445 -5.00000 -0.05236 -0.79890 -0.59918 0.9225 0.9609
0 94.89053 -8.42728 -7.00000 -0.05236 -0.79890 -0.59918 0.9342 0.9453
transfer_white
0 97.10947 -8.42728 -7.00000 0.05236 -0.79890 -0.59918 0.9342 0.9453
0 97.30526 -9.91445 -5.00000 0.05236 -0.79890 -0.59918 0.9225 0.9609
0 96.00000 -10.00000 -5.00000 0.05236 -0.79890 -0.59918 0.9219 0.9609
transfer_white
0 97.10947 -8.42728 -7.00000 0.05236 -0.79890 -0.59918 0.9342 0.9453
0 96.00000 -10.00000 -5.00000 0.05236 -0.79890 -0.59918 0.9219 0.9609
0 96.00000 -8.50000 -7.00000 0.05236 -0.79890 -0.59918 0.9336 0.9453
transfer_white
0 98.19996 -8.21037 -7.00000 0.15619 -0.78523 -0.59918 0.9359 0.9453
0 98.58819 -9.65926 -5.00000 0.15619 -0.78523 -0.59918 0.9245 0.9609
0 97.30526 -9.91445 -5.00000 0.15619 -0.78523 -0.59918 0.9225 0.9609
transfer_white
0 98.19996 -8.21037 -7.00000 0.15619 -0.78523 -0.59918 0.9359 0.9453
0 97.30526 -9.91445 -5.00000 0.15619 -0.78523 -0.59918 0.9225 0.9609
0 97.10947 -8.42728 -7.00000 0.15619 -0.78523 -0.59918 0.9342 0.9453
transfer_white
0 99.25281 -7.85298 -7.00000 0.25735 -0.75813 -0.59918 0.9386 0.9453
0 99.82683 -9.23880 -5.00000 0.25735 -0.75813 -0.59918 0.9278 0.9609
0 98.58819 -9.65926 -5.00000 0.25735 -0.75813 -0.59918 0.9245 0.9609
transfer_white
0 99.25281 -7.85298 -7.00000 0.25735 -0.75813 -0.59918 0.9386 0.9453
0 98.58819 -9.65926 -5.00000 0.25735 -0.75813 -0.59918 0.9245 0.9609
0 98.19996 -8.21037 -7.00000 0.25735 -0.75813 -0.59918 0.9359 0.9453
transfer_white
0 100.25000 -7.36122 -7.00000 0.35410 -0.71805 -0.59918 0.9425 0.9453
0 101.00000 -8.66025 -5.00000 0.35410 -0.71805 -0.59918 0.9323 0.9609
0 99.82683 -9.23880 -5.00000 0.35410 -0.71805 -0.59918 0.9278 0.9609
transfer_white
0 100.25000 -7.36122 -7.00000 0.35410 -0.71805 -0.59918 0.9425 0.9453
0 99.82683 -9.23880 -5.00000 0.35410 -0.71805 -0.59918 0.9278 0.9609
0 99.25281 -7.85298 -7.00000 0.35410 -0.71805 -0.59918 0.9386 0.9453
transfer_white
0 101.17447 -6.74350 -7.00000 0.44480 -0.66569 -0.59918 0.9473 0.9453
0 102.08761 -7.93353 -5.00000 0.44480 -0.66569 -0.59918 0.9380 0.9609
0 101.00000 -8.66025 -5.00000 0.44480 -0.66569 -0.59918 0.9323 0.9609
transfer_white
0 101.17447 -6.74350 -7.00000 0.44480 -0.66569 -0.59918 0.9473 0.9453
0 101.00000 -8.66025 -5.00000 0.44480 -0.66569 -0.59918 0.9323 0.9609
0 100.25000 -7.36122 -7.00000 0.44480 -0.66569 -0.59918 0.9425 0.9453
transfer_white
0 102.01041 -6.01041 -7.00000 0.52788 -0.60194 -0.59918 0.9530 0.9453
0 103.07107 -7.07107 -5.00000 0.52788 -0.60194 -0.59918 0.9448 0.9609
0 102.08761 -7.93353 -5.00000 0.52788 -0.60194 -0.59918 0.9380 0.9609
transfer_white
0 102.01041 -6.01041 -7.00000 0.52788 -0.60194 -0.59918 0.9530 0.9453
0 102.08761 -7.93353 -5.00000 0.52788 -0.60194 -0.59918 0.9380 0.9609
0 101.17447 -6.74350 -7.00000 0.52788 -0.60194 -0.59918 0.9473 0.9453
transfer_white
0 102.74350 -5.17447 -7.00000 0.60194 -0.52788 -0.59918 0.9596 0.9453
0 103.93353 -6.08761 -5.00000 0.60194 -0.52788 -0.59918 0.9524 0.9609
0 103.07107 -7.07107 -5.00000 0.60194 -0.52788 -0.59918 0.9448 0.9609
transfer_white
0 102.74350 -5.17447 -7.00000 0.60194 -0.52788 -0.59918 0.9596 0.9453
0 103.07107 -7.07107 -5.00000 0.60194 -0.52788 -0.59918 0.9448 0.9609
0 102.01041 -6.01041 -7.00000 0.60194 -0.52788 -0.59918 0.9530 0.9453
transfer_white
0 103.36122 -4.25000 -7.00000 0.66569 -0.44480 -0.59918 0.9668 0.9453
0 104.66025 -5.00000 -5.00000 0.66569 -0.44480 -0.59918 0.9609 0.9609
0 103.93353 -6.08761 -5.00000 0.66569 -0.44480 -0.59918 0.9524 0.9609
transfer_white
0 103.36122 -4.25000 -7.00000 0.66569 -0.44480 -0.59918 0.9668 0.9453
0 103.93353 -6.08761 -5.00000 0.66569 -0.44480 -0.59918 0.9524 0.9609
0 102.74350 -5.17447 -7.00000 0.66569 -0.44480 -0.59918 0.9596 0.9453
transfer_white
0 103.85298 -3.25281 -7.00000 0.71805 -0.35410 -0.59918 0.9746 0.9453
0 105.23880 -3.82683 -5.00000 0.71805 -0.35410 -0.59918 0.9701 0.9609
0 104.66025 -5.00000 -5.00000 0.71805 -0.35410 -0.59918 0.9609 0.9609
transfer_white
0 103.85298 -3.25281 -7.00000 0.71805 -0.35410 -0.59918 0.9746 0.9453
0 104.66025 -5.00000 -5.00000 0.71805 -0.35410 -0.59918 0.9609 0.9609
0 103.36122 -4.25000 -7.00000 0.71805 -0.35410 -0.59918 0.9668 0.9453
transfer_white
0 104.21037 -2.19996 -7.00000 0.75813 -0.25735 -0.59918 0.9828 0.9453
0 105.65926 -2.58819 -5.00000 0.75813 -0.25735 -0.59918 0.9798 0.9609
0 105.23880 -3.82683 -5.00000 0.75813 -0.25735 -0.59918 0.9701 0.9609
transfer_white
0 104.21037 -2.19996 -7.00000 0.75813 -0.25735 -0.59918 0.9828 0.9453
0 105.23880 -3.82683 -5.00000 0.75813 -0.25735 -0.59918 0.9701 0.9609
0 103.85298 -3.25281 -7.00000 0.75813 -0.25735 -0.59918 0.9746 0.9453
transfer_white
0 104.42728 -1.10947 -7.00000 0.78523 -0.15619 -0.59918 0.9913 0.9453
0 105.91445 -1.30526 -5.00000 0.78523 -0.15619 -0.59918 0.9898 0.9609
0 105.65926 -2.58819 -5.00000 0.78523 -0.15619 -0.59918 0.9798 0.9609
transfer_white
0 104.42728 -1.10947 -7.00000 0.78523 -0.15619 -0.59918 0.9913 0.9453
0 105.65926 -2.58819 -5.00000 0.78523 -0.15619 -0.59918 0.9798 0.9609
0 104.21037 -2.19996 -7.00000 0.78523 -0.15619 -0.59918 0.9828 0.9453
transfer_white
0 104.50000 -0.00000 -7.00000 0.79890 -0.05236 -0.59918 1.0000 0.9453
0 106.00000 -0.00000 -5.00000 0.79890 -0.05236 -0.59918 1.0000 0.9609
0 105.91445 -1.30526 -5.00000 0.79890 -0.05236 -0.59918 0.9898 0.9609
transfer_white
0 104.50000 -0.00000 -7.00000 0.79890 -0.05236 -0.59918 1.0000 0.9453
0 105.91445 -1.30526 -5.00000 0.79890 -0.05236 -0.59918 0.9898 0.9609
0 104.42728 -1.10947 -7.00000 0.79890 -0.05236 -0.59918 0.9913 0.9453
transfer_white
0 105.91445 1.30526 -5.00000 0.99786 0.06540 -0.00000 0.0102 0.9609
0 105.91445 1.30526 5.00000 0.99786 0.06540 -0.00000 0.0102 0.0391
0 106.00000 0.00000 5.00000 0.99786 0.06540 -0.00000 0.0000 0.0391
transfer_white
0 105.91445 1.30526 -5.00000 0.99786 0.06540 -0.00000 0.0102 0.9609
0 106.00000 0.00000 5.00000 0.99786 0.06540 -0.00000 0.0000 0.0391
0 106.00000 0.00000 -5.00000 0.99786 0.06540 -0.00000 0.0000 0.9609
transfer_white
0 105.65926 2.58819 -5.00000 0.98079 0.19509 -0.00000 0.0202 0.9609
0 105.65926 2.58819 5.00000 0.98079 0.19509 -0.00000 0.0202 0.0391
0 105.91445 1.30526 5.00000 0.98079 0.19509 -0.00000 0.0102 0.0391
transfer_white
0 105.65926 2.58819 -5.00000 0.98079 0.19509 -0.00000 0.0202 0.9609
0 105.91445 1.30526 5.00000 0.98079 0.19509 -0.00000 0.0102 0.0391
0 105.91445 1.30526 -5.00000 0.98079 0.19509 -0.00000 0.0102 0.9609
transfer_white
0 105.23880 3.82683 -5.00000 0.94693 0.32144 -0.00000 0.0299 0.9609
0 105.23880 3.82683 5.00000 0.94693 0.32144 -0.00000 0.0299 0.0391
0 105.65926 2.58819 5.00000 0.94693 0.32144 -0.00000 0.0202 0.0391
transfer_white
0 105.23880 3.82683 -5.00000 0.94693 0.32144 -0.00000 0.0299 0.9609
0 105.65926 2.58819 5.00000 0.94693 0.32144 -0.00000 0.0202 0.0391
0 105.65926 2.58819 -5.00000 0.94693 0.32144 -0.00000 0.0202 0.9609
transfer_white
0 104.66025 5.00000 -5.00000 0.89687 0.44229 -0.00000 0.0391 0.9609
0 104.66025 5.00000 5.00000 0.89687 0.44229 -0.00000 0.0391 0.0391
0 105.23880 3.82683 5.00000 0.89687 0.44229 -0.00000 0.0299 0.0391
transfer_white
0 104.66025 5.00000 -5.00000 0.89687 0.44229 -0.00000 0.0391 0.9609
0 105.23880 3.82683 5.00000 0.89687 0.44229 -0.00000 0.0299 0.0391
0 105.23880 3.82683 -5.00000 0.89687 0.44229 -0.00000 0.0299 0.9609
transfer_white
0 103.93353 6.08761 -5.00000 0.83147 0.55557 -0.00000 0.0476 0.9609
0 103.93353 6.08761 5.00000 0.83147 0.55557 -0.00000 0.0476 0.0391
0 104.66025 5.00000 5.00000 0.83147 0.55557 -0.00000 0.0391 0.0391
transfer_white
0 103.93353 6.08761 -5.00000 0.83147 0.55557 -0.00000 0.0476 0.9609
0 104.66025 5.00000 5.00000 0.83147 0.55557 -0.00000 0.0391 0.0391
0 104.66025 5.00000 -5.00000 0.83147 0.55557 -0.00000 0.0391 0.9609
transfer_white
0 103.07107 7.07107 -5.00000 0.75184 0.65935 -0.00000 0.0552 0.9609
0 103.07107 7.07107 5.00000 0.75184 0.65935 -0.00000 0.0552 0.0391
0 103.93353 6.08761 5.00000 0.75184 0.65935 -0.00000 0.0476 0.0391
transfer_white
0 103.07107 7.07107 -5.00000 0.75184 0.65935 -0.00000 0.0552 0.9609
0 103.93353 6.08761 5.00000 0.75184 0.65935 -0.00000 0.0476 0.0391
0 103.93353 6.08761 -5.00000 0.75184 0.65935 -0.00000 0.0476 0.9609
transfer_white
0 102.08761 7.93353 -5.00000 0.65935 0.75184 -0.00000 0.0620 0.9609
0 102.08761 7.93353 5.00000 0.65935 0.75184 -0.00000 0.0620 0.0391
0 103.07107 7.07107 5.00000 0.65935 0.75184 -0.00000 0.0552 0.0391
transfer_white
0 102.08761 7.93353 -5.00000 0.65935 0.75184 -0.00000 0.0620 0.9609
0 103.07107 7.07107 5.00000 0.65935 0.75184 -0.00000 0.0552 0.0391
0 103.07107 7.07107 -5.00000 0.65935 0.75184 -0.00000 0.0552 0.9609
transfer_white
0 101.00000 8.66025 -5.00000 0.55557 0.83147 -0.00000 0.0677 0.9609
0 101.00000 8.66025 5.00000 0.55557 0.83147 -0.00000 0.0677 0.0391
0 102.08761 7.93353 5.00000 0.55557 0.83147 -0.00000 0.0620 0.0391
transfer_white
0 101.00000 8.66025 -5.00000 0.55557 0.83147 -0.00000 0.0677 0.9609
0 102.08761 7.93353 5.00000 0.55557 0.83147 -0.00000 0.0620 0.0391
0 102.08761 7.93353 -5.00000 0.55557 0.83147 -0.00000 0.0620 0.9609
transfer_white
0 99.82683 9.23880 -5.00000 0.44229 0.89687 -0.00000 0.0722 0.9609
0 99.82683 9.23880 5.00000 0.44229 0.89687 -0.00000 0.0722 0.0391
0 101.00000 8.66025 5.00000 0.44229 0.89687 -0.00000 0.0677 0.0391
transfer_white
0 99.82683 9.23880 -5.00000 0.44229 0.89687 -0.00000 0.0722 0.9609
0 101.00000 8.66025 5.00000 0.44229 0.89687 -0.00000 0.0677 0.0391
0 101.00000 8.66025 -5.00000 0.44229 0.89687 -0.00000 0.0677 0.9609
transfer_white
0 98.58819 9.65926 -5.00000 0.32144 0.94693 -0.00000 0.0755 0.9609
0 98.58819 9.65926 5.00000 0.32144 0.94693 -0.00000 0.0755 0.0391
0 99.82683 9.23880 5.00000 0.32144 0.94693 -0.00000 0.0722 0.0391
transfer_white
0 98.58819 9.65926 -5.00000 0.32144 0.94693 -0.00000 0.0755 0.9609
0 99.82683 9.23880 5.00000 0.32144 0.94693 -0.00000 0.0722 0.0391
0 99.82683 9.23880 -5.00000 0.32144 0.94693 -0.00000 0.0722 0.9609
transfer_white
0 97.30526 9.91445 -5.00000 0.19509 0.98079 -0.00000 0.0775 0.9609
0 97.30526 9.91445 5.00000 0.19509 0.98079 -0.00000 0.0775 0.0391
0 98.58819 9.65926 5.00000 0.19509 0.98079 -0.00000 0.0755 0.0391
transfer_white
0 97.30526 9.91445 -5.00000 0.19509 0.98079 -0.00000 0.0775 0.9609
0 98.58819 9.65926 5.00000 0.19509 0.98079 -0.00000 0.0755 0.0391
0 98.58819 9.65926 -5.00000 0.19509 0.98079 -0.00000 0.0755 0.9609
transfer_white
0 96.00000 10.00000 -5.00000 0.06540 0.99786 -0.00000 0.0781 0.9609
0 96.00000 10.00000 5.00000 0.06540 0.99786 -0.00000 0.0781 0.0391
0 97.30526 9.91445 5.00000 0.06540 0.99786 -0.00000 0.0775 0.0391
transfer_white
0 96.00000 10.00000 -5.00000 0.06540 0.99786 -0.00000 0.0781 0.9609
0 97.30526 9.91445 5.00000 0.06540 0.99786 -0.00000 0.0775 0.0391
0 97.30526 9.91445 -5.00000 0.06540 0.99786 -0.00000 0.0775 0.9609
transfer_white
0 94.69474 9.91445 -5.00000 -0.06540 0.99786 0.00000 0.0775 0.9609
0 94.69474 9.91445 5.00000 -0.06540 0.99786 0.00000 0.0775 0.0391
0 96.00000 10.00000 5.00000 -0.06540 0.99786 0.00000 0.0781 0.0391
transfer_white
0 94.69474 9.91445 -5.00000 -0.06540 0.99786 0.00000 0.0775 0.9609
0 96.00000 10.00000 5.00000 -0.06540 0.99786 0.00000 0.0781 0.0391
0 96.00000 10.00000 -5.00000 -0.06540 0.99786 0.00000 0.0781 0.9609
transfer_white
0 93.41181 9.65926 -5.00000 -0.19509 0.98079 0.00000 0.0755 0.9609
0 93.41181 9.65926 5.00000 -0.19509 0.98079 0.00000 0.0755 0.0391
0 94.69474 9.91445 5.00000 -0.19509 0.98079 0.00000 0.0775 0.0391
transfer_white
0 93.41181 9.65926 -5.00000 -0.19509 0.98079 0.00000 0.0755 0.9609
0 94.69474 9.91445 5.00000 -0.19509 0.98079 0.00000 0.0775 0.0391
0 94.69474 9.91445 -5.00000 -0.19509 0.98079 0.00000 0.0775 0.9609
transfer_white
0 92.17317 9.23880 -5.00000 -0.32144 0.94693 0.00000 0.0722 0.9609
0 92.17317 9.23880 5.00000 -0.32144 0.94693 0.00000 0.0722 0.0391
0 93.41181 9.65926 5.00000 -0.32144 0.94693 0.00000 0.0755 0.0391
transfer_white
0 92.17317 9.23880 -5.00000 -0.32144 0.94693 0.00000 0.0722 0.9609
0 93.41181 9.65926 5.00000 -0.32144 0.94693 0.00000 0.0755 0.0391
0 93.41181 9.65926 -5.00000 -0.32144 0.94693 0.00000 0.0755 0.9609
transfer_white
0 91.00000 8.66025 -5.00000 -0.44229 0.89687 0.00000 0.0677 0.9609
0 91.00000 8.66025 5.00000 -0.44229 0.89687 0.00000 0.0677 0.0391
0 92.17317 9.23880 5.00000 -0.44229 0.89687 0.00000 0.0722 0.0391
transfer_white
0 91.00000 8.66025 -5.00000 -0.44229 0.89687 0.00000 0.0677 0.9609
0 92.17317 9.23880 5.00000 -0.44229 0.89687 0.00000 0.0722 0.0391
0 92.17317 9.23880 -5.00000 -0.44229 0.89687 0.00000 0.0722 0.9609
transfer_white
0 89.91239 7.93353 -5.00000 -0.55557 0.83147 0.00000 0.0620 0.9609
0 89.91239 7.93353 5.00000 -0.55557 0.83147 0.00000 0.0620 0.0391
0 91.00000 8.66025 5.00000 -0.55557 0.83147 0.00000 0.0677 0.0391
transfer_white
0 89.91239 7.93353 -5.00000 -0.55557 0.83147 0.00000 0.0620 0.9609
0 91.00000 8.66025 5.00000 -0.55557 0.83147 0.00000 0.0677 0.0391
0 91.00000 8.66025 -5.00000 -0.55557 0.83147 0.00000 0.0677 0.9609
transfer_white
0 88.92893 7.07107 -5.00000 -0.65935 0.75184 0.00000 0.0552 0.9609
0 88.92893 7.07107 5.00000 -0.65935 0.75184 0.00000 0.0552 0.0391
0 89.91239 7.93353 5.00000 -0.65935 0.75184 0.00000 0.0620 0.0391
transfer_white
0 88.92893 7.07107 -5.00000 -0.65935 0.75184 0.00000 0.0552 0.9609
0 89.91239 7.93353 5.00000 -0.65935 0.75184 0.00000 0.0620 0.0391
0 89.91239 7.93353 -5.00000 -0.65935 0.75184 0.00000 0.0620 0.9609
transfer_white
0 88.06647 6.08761 -5.00000 -0.75184 0.65935 0.00000 0.0476 0.9609
0 88.06647 6.08761 5.00000 -0.75184 0.65935 0.00000 0.0476 0.0391
0 88.92893 7.07107 5.00000 -0.75184 0.65935 0.00000 0.0552 0.0391
transfer_white
0 88.06647 6.08761 -5.00000 -0.75184 0.65935 0.00000 0.0476 0.9609
0 88.92893 7.07107 5.00000 -0.75184 0.65935 0.00000 0.0552 0.0391
0 88.92893 7.07107 -5.00000 -0.75184 0.65935 0.00000 0.0552 0.9609
transfer_white
0 87.33975 5.00000 -5.00000 -0.83147 0.55557 0.00000 0.0391 0.9609
0 87.33975 5.00000 5.00000 -0.83147 0.55557 0.00000 0.0391 0.0391
0 88.06647 6.08761 5.00000 -0.83147 0.55557 0.00000 0.0476 0.0391
transfer_white
0 87.33975 5.00000 -5.00000 -0.83147 0.55557 0.00000 0.0391 0.9609
0 88.06647 6.08761 5.00000 -0.83147 0.55557 0.00000 0.0476 0.0391
0 88.06647 6.08761 -5.00000 -0.83147 0.55557 0.00000 0.0476 0.9609
transfer_white
0 86.76120 3.82683 -5.00000 -0.89687 0.44229 0.00000 0.0299 0.9609
0 86.76120 3.82683 5.00000 -0.89687 0.44229 0.00000 0.0299 0.0391
0 87.33975 5.00000 5.00000 -0.89687 0.44229 0.00000 0.0391 0.0391
transfer_white
0 86.76120 3.82683 -5.00000 -0.89687 0.44229 0.00000 0.0299 0.9609
0 87.33975 5.00000 5.00000 -0.89687 0.44229 0.00000 0.0391 0.0391
0 87.33975 5.00000 -5.00000 -0.89687 0.44229 0.00000 0.0391 0.9609
transfer_white
0 86.34074 2.58819 -5.00000 -0.94693 0.32144 0.00000 0.0202 0.9609
0 86.34074 2.58819 5.00000 -0.94693 0.32144 0.00000 0.0202 0.0391
0 86.76120 3.82683 5.00000 -0.94693 0.32144 0.00000 0.0299 0.0391
transfer_white
0 86.34074 2.58819 -5.00000 -0.94693 0.32144 0.00000 0.0202 0.9609
0 86.76120 3.82683 5.00000 -0.94693 0.32144 0.00000 0.0299 0.0391
0 86.76120 3.82683 -5.00000 -0.94693 0.32144 0.00000 0.0299 0.9609
transfer_white
0 86.08555 1.30526 -5.00000 -0.98079 0.19509 0.00000 0.0102 0.9609
0 86.08555 1.30526 5.00000 -0.98079 0.19509 0.00000 0.0102 0.0391
0 86.34074 2.58819 5.00000 -0.98079 0.19509 0.00000 0.0202 0.0391
transfer_white
0 86.08555 1.30526 -5.00000 -0.98079 0.19509 0.00000 0.0102 0.9609
0 86.34074 2.58819 5.00000 -0.98079 0.19509 0.00000 0.0202 0.0391
0 86.34074 2.58819 -5.00000 -0.98079 0.19509 0.00000 0.0202 0.9609
transfer_white
0 86.00000 0.00000 -5.00000 -0.99786 0.06540 0.00000 0.0000 0.9609
0 86.00000 0.00000 5.00000 -0.99786 0.06540 0.00000 0.0000 0.0391
0 86.08555 1.30526 5.00000 -0.99786 0.06540 0.00000 0.0102 0.0391
transfer_white
0 86.00000 0.00000 -5.00000 -0.99786 0.06540 0.00000 0.0000 0.9609
0 86.08555 1.30526 5.00000 -0.99786 0.06540 0.00000 0.0102 0.0391
0 86.08555 1.30526 -5.00000 -0.99786 0.06540 0.00000 0.0102 0.9609
transfer_white
0 86.08555 -1.30526 -5.00000 -0.99786 -0.06540 0.00000 0.9898 0.9609
0 86.08555 -1.30526 5.00000 -0.99786 -0.06540 0.00000 0.9898 0.0391
0 86.00000 0.00000 5.00000 -0.99786 -0.06540 0.00000 0.0000 0.0391
transfer_white
0 86.08555 -1.30526 -5.00000 -0.99786 -0.06540 0.00000 0.9898 0.9609
0 86.00000 0.00000 5.00000 -0.99786 -0.06540 0.00000 0.0000 0.0391
0 86.00000 0.00000 -5.00000 -0.99786 -0.06540 0.00000 0.0000 0.9609
transfer_white
0 86.34074 -2.58819 -5.00000 -0.98079 -0.19509 0.00000 0.9798 0.9609
0 86.34074 -2.58819 5.00000 -0.98079 -0.19509 0.00000 0.9798 0.0391
0 86.08555 -1.30526 5.00000 -0.98079 -0.19509 0.00000 0.9898 0.0391
transfer_white
0 86.34074 -2.58819 -5.00000 -0.98079 -0.19509 0.00000 0.9798 0.9609
0 86.08555 -1.30526 5.00000 -0.98079 -0.19509 0.00000 0.9898 0.0391
0 86.08555 -1.30526 -5.00000 -0.98079 -0.19509 0.00000 0.9898 0.9609
transfer_white
0 86.76120 -3.82683 -5.00000 -0.94693 -0.32144 0.00000 0.9701 0.9609
0 86.76120 -3.82683 5.00000 -0.94693 -0.32144 0.00000 0.9701 0.0391
0 86.34074 -2.58819 5.00000 -0.94693 -0.32144 0.00000 0.9798 0.0391
transfer_white
0 86.76120 -3.82683 -5.00000 -0.94693 -0.32144 0.00000 0.9701 0.9609
0 86.34074 -2.58819 5.00000 -0.94693 -0.32144 0.00000 0.9798 0.0391
0 86.34074 -2.58819 -5.00000 -0.94693 -0.32144 0.00000 0.9798 0.9609
transfer_white
0 87.33975 -5.00000 -5.00000 -0.89687 -0.44229 0.00000 0.9609 0.9609
0 87.33975 -5.00000 5.00000 -0.89687 -0.44229 0.00000 0.9609 0.0391
0 86.76120 -3.82683 5.00000 -0.89687 -0.44229 0.00000 0.9701 0.0391
transfer_white
0 87.33975 -5.00000 -5.00000 -0.89687 -0.44229 0.00000 0.9609 0.9609
0 86.76120 -3.82683 5.00000 -0.89687 -0.44229 0.00000 0.9701 0.0391
0 86.76120 -3.82683 -5.00000 -0.89687 -0.44229 0.00000 0.9701 0.9609
transfer_white
0 88.06647 -6.08761 -5.00000 -0.83147 -0.55557 0.00000 0.9524 0.9609
0 88.06647 -6.08761 5.00000 -0.83147 -0.55557 0.00000 0.9524 0.0391
0 87.33975 -5.00000 5.00000 -0.83147 -0.55557 0.00000 0.9609 0.0391
transfer_white
0 88.06647 -6.08761 -5.00000 -0.83147 -0.55557 0.00000 0.9524 0.9609
0 87.33975 -5.00000 5.00000 -0.83147 -0.55557 0.00000 0.9609 0.0391
0 87.33975 -5.00000 -5.00000 -0.83147 -0.55557 0.00000 0.9609 0.9609
transfer_white
0 88.92893 -7.07107 -5.00000 -0.75184 -0.65935 0.00000 0.9448 0.9609
0 88.92893 -7.07107 5.00000 -0.75184 -0.65935 0.00000 0.9448 0.0391
0 88.06647 -6.08761 5.00000 -0.75184 -0.65935 0.00000 0.9524 0.0391
transfer_white
0 88.92893 -7.07107 -5.00000 -0.75184 -0.65935 0.00000 0.9448 0.9609
0 88.06647 -6.08761 5.00000 -0.75184 -0.65935 0.00000 0.9524 0.0391
0 88.06647 -6.08761 -5.00000 -0.75184 -0.65935 0.00000 0.9524 0.9609
transfer_white
0 89.91239 -7.93353 -5.00000 -0.65935 -0.75184 0.00000 0.9380 0.9609
0 89.91239 -7.93353 5.00000 -0.65935 -0.75184 0.00000 0.9380 0.0391
0 88.92893 -7.07107 5.00000 -0.65935 -0.75184 0.00000 0.9448 0.0391
transfer_white
0 89.91239 -7.93353 -5.00000 -0.65935 -0.75184 0.00000 0.9380 0.9609
0 88.92893 -7.07107 5.00000 -0.65935 -0.75184 0.00000 0.9448 0.0391
0 88.92893 -7.07107 -5.00000 -0.65935 -0.75184 0.00000 0.9448 0.9609
transfer_white
0 91.00000 -8.66025 -5.00000 -0.55557 -0.83147 0.00000 0.9323 0.9609
0 91.00000 -8.66025 5.00000 -0.55557 -0.83147 0.00000 0.9323 0.0391
0 89.91239 -7.93353 5.00000 -0.55557 -0.83147 0.00000 0.9380 0.0391
transfer_white
0 91.00000 -8.66025 -5.00000 -0.55557 -0.83147 0.00000 0.9323 0.9609
0 89.91239 -7.93353 5.00000 -0.55557 -0.83147 0.00000 0.9380 0.0391
0 89.91239 -7.93353 -5.00000 -0.55557 -0.83147 0.00000 0.9380 0.9609
transfer_white
0 92.17317 -9.23880 -5.00000 -0.44229 -0.89687 0.00000 0.9278 0.9609
0 92.17317 -9.23880 5.00000 -0.44229 -0.89687 0.00000 0.9278 0.0391
0 91.00000 -8.66025 5.00000 -0.44229 -0.89687 0.00000 0.9323 0.0391
transfer_white
0 92.17317 -9.23880 -5.00000 -0.44229 -0.89687 0.00000 0.9278 0.9609
0 91.00000 -8.66025 5.00000 -0.44229 -0.89687 0.00000 0.9323 0.0391
0 91.00000 -8.66025 -5.00000 -0.44229 -0.89687 0.00000 0.9323 0.9609
transfer_white
0 93.41181 -9.65926 -5.00000 -0.32144 -0.94693 0.00000 0.9245 0.9609
0 93.41181 -9.65926 5.00000 -0.32144 -0.94693 0.00000 0.9245 0.0391
0 92.17317 -9.23880 5.00000 -0.32144 -0.94693 0.00000 0.9278 0.0391
transfer_white
0 93.41181 -9.65926 -5.00000 -0.32144 -0.94693 0.00000 0.9245 0.9609
0 92.17317 -9.23880 5.00000 -0.32144 -0.94693 0.00000 0.9278 0.0391
0 92.17317 -9.23880 -5.00000 -0.32144 -0.94693 0.00000 0.9278 0.9609
transfer_white
0 94.69474 -9.91445 -5.00000 -0.19509 -0.98079 0.00000 0.9225 0.9609
0 94.69474 -9.91445 5.00000 -0.19509 -0.98079 0.00000 0.9225 0.0391
0 93.41181 -9.65926 5.00000 -0.19509 -0.98079 0.00000 0.9245 0.0391
transfer_white
0 94.69474 -9.91445 -5.00000 -0.19509 -0.98079 0.00000 0.9225 0.9609
0 93.41181 -9.65926 5.00000 -0.19509 -0.98079 0.00000 0.9245 0.0391
0 93.41181 -9.65926 -5.00000 -0.19509 -0.98079 0.00000 0.9245 0.9609
transfer_white
0 96.00000 -10.00000 -5.00000 -0.06540 -0.99786 0.00000 0.9219 0.9609
0 96.00000 -10.00000 5.00000 -0.06540 -0.99786 0.00000 0.9219 0.0391
0 94.69474 -9.91445 5.00000 -0.06540 -0.99786 0.00000 0.9225 0.0391
transfer_white
0 96.00000 -10.00000 -5.00000 -0.06540 -0.99786 0.00000 0.9219 0.9609
0 94.69474 -9.91445 5.00000 -0.06540 -0.99786 0.00000 0.9225 0.0391
0 94.69474 -9.91445 -5.00000 -0.06540 -0.99786 0.00000 0.9225 0.9609
transfer_white
0 97.30526 -9.91445 -5.00000 0.06540 -0.99786 0.00000 0.9225 0.9609
0 97.30526 -9.91445 5.00000 0.06540 -0.99786 0.00000 0.9225 0.0391
0 96.00000 -10.00000 5.00000 0.06540 -0.99786 0.00000 0.9219 0.0391
transfer_white
0 97.30526 -9.91445 -5.00000 0.06540 -0.99786 0.00000 0.9225 0.9609
0 96.00000 -10.00000 5.00000 0.06540 -0.99786 0.00000 0.9219 0.0391
0 96.00000 -10.00000 -5.00000 0.06540 -0.99786 0.00000 0.9219 0.9609
transfer_white
0 98.58819 -9.65926 -5.00000 0.19509 -0.98079 0.00000 0.9245 0.9609
0 98.58819 -9.65926 5.00000 0.19509 -0.98079 0.00000 0.9245 0.0391
0 97.30526 -9.91445 5.00000 0.19509 -0.98079 0.00000 0.9225 0.0391
transfer_white
0 98.58819 -9.65926 -5.00000 0.19509 -0.98079 0.00000 0.9245 0.9609
0 97.30526 -9.91445 5.00000 0.19509 -0.98079 0.00000 0.9225 0.0391
0 97.30526 -9.91445 -5.00000 0.19509 -0.98079 0.00000 0.9225 0.9609
transfer_white
0 99.82683 -9.23880 -5.00000 0.32144 -0.94693 0.00000 0.9278 0.9609
0 99.82683 -9.23880 5.00000 0.32144 -0.94693 0.00000 0.9278 0.0391
0 98.58819 -9.65926 5.00000 0.32144 -0.94693 0.00000 0.9245 0.0391
transfer_white
0 99.82683 -9.23880 -5.00000 0.32144 -0.94693 0.00000 0.9278 0.9609
0 98.58819 -9.65926 5.00000 0.32144 -0.94693 0.00000 0.9245 0.0391
0 98.58819 -9.65926 -5.00000 0.32144 -0.94693 0.00000 0.9245 0.9609
transfer_white
0 101.00000 -8.66025 -5.00000 0.44229 -0.89687 0.00000 0.9323 0.9609
0 101.00000 -8.66025 5.00000 0.44229 -0.89687 0.00000 0.9323 0.0391
0 99.82683 -9.23880 5.00000 0.44229 -0.89687 0.00000 0.9278 0.0391
transfer_white
0 101.00000 -8.66025 -5.00000 0.44229 -0.89687 0.00000 0.9323 0.9609
0 99.82683 -9.23880 5.00000 0.44229 -0.89687 0.00000 0.9278 0.0391
0 99.82683 -9.23880 -5.00000 0.44229 -0.89687 0.00000 0.9278 0.9609
transfer_white
0 102.08761 -7.93353 -5.00000 0.55557 -0.83147 0.00000 0.9380 0.9609
0 102.08761 -7.93353 5.00000 0.55557 -0.83147 0.00000 0.9380 0.0391
0 101.00000 -8.66025 5.00000 0.55557 -0.83147 0.00000 0.9323 0.0391
transfer_white
0 102.08761 -7.93353 -5.00000 0.55557 -0.83147 0.00000 0.9380 0.9609
0 101.00000 -8.66025 5.00000 0.55557 -0.83147 0.00000 0.9323 0.0391
0 101.00000 -8.66025 -5.00000 0.55557 -0.83147 0.00000 0.9323 0.9609
transfer_white
0 103.07107 -7.07107 -5.00000 0.65935 -0.75184 0.00000 0.9448 0.9609
0 103.07107 -7.07107 5.00000 0.65935 -0.75184 0.00000 0.9448 0.0391
0 102.08761 -7.93353 5.00000 0.65935 -0.75184 0.00000 0.9380 0.0391
transfer_white
0 103.07107 -7.07107 -5.00000 0.65935 -0.75184 0.00000 0.9448 0.9609
0 102.08761 -7.93353 5.00000 0.65935 -0.75184 0.00000 0.9380 0.0391
0 102.08761 -7.93353 -5.00000 0.65935 -0.75184 0.00000 0.9380 0.9609
transfer_white
0 103.93353 -6.08761 -5.00000 0.75184 -0.65935 0.00000 0.9524 0.9609
0 103.93353 -6.08761 5.00000 0.75184 -0.65935 0.00000 0.9524 0.0391
0 103.07107 -7.07107 5.00000 0.75184 -0.65935 0.00000 0.9448 0.0391
transfer_white
0 103.93353 -6.08761 -5.00000 0.75184 -0.65935 0.00000 0.9524 0.9609
0 103.07107 -7.07107 5.00000 0.75184 -0.65935 0.00000 0.9448 0.0391
0 103.07107 -7.07107 -5.00000 0.75184 -0.65935 0.00000 0.9448 0.9609
transfer_white
0 104.66025 -5.00000 -5.00000 0.83147 -0.55557 0.00000 0.9609 0.9609
0 104.66025 -5.00000 5.00000 0.83147 -0.55557 0.00000 0.9609 0.0391
0 103.93353 -6.08761 5.00000 0.83147 -0.55557 0.00000 0.9524 0.0391
transfer_white
0 104.66025 -5.00000 -5.00000 0.83147 -0.55557 0.00000 0.9609 0.9609
0 103.93353 -6.08761 5.00000 0.83147 -0.55557 0.00000 0.9524 0.0391
0 103.93353 -6.08761 -5.00000 0.83147 -0.55557 0.00000 0.9524 0.9609
transfer_white
0 105.23880 -3.82683 -5.00000 0.89687 -0.44229 0.00000 0.9701 0.9609
0 105.23880 -3.82683 5.00000 0.89687 -0.44229 0.00000 0.9701 0.0391
0 104.66025 -5.00000 5.00000 0.89687 -0.44229 0.00000 0.9609 0.0391
transfer_white
0 105.23880 -3.82683 -5.00000 0.89687 -0.44229 0.00000 0.9701 0.9609
0 104.66025 -5.00000 5.00000 0.89687 -0.44229 0.00000 0.9609 0.0391
0 104.66025 -5.00000 -5.00000 0.89687 -0.44229 0.00000 0.9609 0.9609
transfer_white
0 105.65926 -2.58819 -5.00000 0.94693 -0.32144 0.00000 0.9798 0.9609
0 105.65926 -2.58819 5.00000 0.94693 -0.32144 0.00000 0.9798 0.0391
0 105.23880 -3.82683 5.00000 0.94693 -0.32144 0.00000 0.9701 0.0391
transfer_white
0 105.65926 -2.58819 -5.00000 0.94693 -0.32144 0.00000 0.9798 0.9609
0 105.23880 -3.82683 5.00000 0.94693 -0.32144 0.00000 0.9701 0.0391
0 105.23880 -3.82683 -5.00000 0.94693 -0.32144 0.00000 0.9701 0.9609
transfer_white
0 105.91445 -1.30526 -5.00000 0.98079 -0.19509 0.00000 0.9898 0.9609
0 105.91445 -1.30526 5.00000 0.98079 -0.19509 0.00000 0.9898 0.0391
0 105.65926 -2.58819 5.00000 0.98079 -0.19509 0.00000 0.9798 0.0391
transfer_white
0 105.91445 -1.30526 -5.00000 0.98079 -0.19509 0.00000 0.9898 0.9609
0 105.65926 -2.58819 5.00000 0.98079 -0.19509 0.00000 0.9798 0.0391
0 105.65926 -2.58819 -5.00000 0.98079 -0.19509 0.00000 0.9798 0.9609
transfer_white
0 106.00000 -0.00000 -5.00000 0.99786 -0.06540 0.00000 1.0000 0.9609
0 106.00000 -0.00000 5.00000 0.99786 -0.06540 0.00000 1.0000 0.0391
0 105.91445 -1.30526 5.00000 0.99786 -0.06540 0.00000 0.9898 0.0391
transfer_white
0 106.00000 -0.00000 -5.00000 0.99786 -0.06540 0.00000 1.0000 0.9609
0 105.91445 -1.30526 5.00000 0.99786 -0.06540 0.00000 0.9898 0.0391
0 105.91445 -1.30526 -5.00000 0.99786 -0.06540 0.00000 0.9898 0.9609
transfer_white
0 105.91445 1.30526 5.00000 0.79890 0.05236 0.59918 0.0102 0.0391
0 104.42728 1.10947 7.00000 0.79890 0.05236 0.59918 0.0087 0.0547
0 104.50000 0.00000 7.00000 0.79890 0.05236 0.59918 0.0000 0.0547
transfer_white
0 105.91445 1.30526 5.00000 0.79890 0.05236 0.59918 0.0102 0.0391
0 104.50000 0.00000 7.00000 0.79890 0.05236 0.59918 0.0000 0.0547
0 106.00000 0.00000 5.00000 0.79890 0.05236 0.59918 0.0000 0.0391
transfer_white
0 105.65926 2.58819 5.00000 0.78523 0.15619 0.59918 0.0202 0.0391
0 104.21037 2.19996 7.00000 0.78523 0.15619 0.59918 0.0172 0.0547
0 104.42728 1.10947 7.00000 0.78523 0.15619 0.59918 0.0087 0.0547
transfer_white
0 105.65926 2.58819 5.00000 0.78523 0.15619 0.59918 0.0202 0.0391
0 104.42728 1.10947 7.00000 0.78523 0.15619 0.59918 0.0087 0.0547
0 105.91445 1.30526 5.00000 0.78523 0.15619 0.59918 0.0102 0.0391
transfer_white
0 105.23880 3.82683 5.00000 0.75813 0.25735 0.59918 0.0299 0.0391
0 103.85298 3.25281 7.00000 0.75813 0.25735 0.59918 0.0254 0.0547
0 104.21037 2.19996 7.00000 0.75813 0.25735 0.59918 0.0172 0.0547
transfer_white
0 105.23880 3.82683 5.00000 0.75813 0.25735 0.59918 0.0299 0.0391
0 104.21037 2.19996 7.00000 0.75813 0.25735 0.59918 0.0172 0.0547
0 105.65926 2.58819 5.00000 0.75813 0.25735 0.59918 0.0202 0.0391
transfer_white
0 104.66025 5.00000 5.00000 0.71805 0.35410 0.59918 0.0391 0.0391
0 103.36122 4.25000 7.00000 0.71805 0.35410 0.59918 0.0332 0.0547
0 103.85298 3.25281 7.00000 0.71805 0.35410 0.59918 0.0254 0.0547
transfer_white
0 104.66025 5.00000 5.00000 0.71805 0.35410 0.59918 0.0391 0.0391
0 103.85298 3.25281 7.00000 0.71805 0.35410 0.59918 0.0254 0.0547
0 105.23880 3.82683 5.00000 0.71805 0.35410 0.59918 0.0299 0.0391
transfer_white
0 103.93353 6.08761 5.00000 0.66569 0.44480 0.59918 0.0476 0.0391
0 102.74350 5.17447 7.00000 0.66569 0.44480 0.59918 0.0404 0.0547
0 103.36122 4.25000 7.00000 0.66569 0.44480 0.59918 0.0332 0.0547
transfer_white
0 103.93353 6.08761 5.00000 0.66569 0.44480 0.59918 0.0476 0.0391
0 103.36122 4.25000 7.00000 0.66569 0.44480 0.59918 0.0332 0.0547
0 104.66025 5.00000 5.00000 0.66569 0.44480 0.59918 0.0391 0.0391
transfer_white
0 103.07107 7.07107 5.00000 0.60194 0.52788 0.59918 0.0552 0.0391
0 102.01041 6.01041 7.00000 0.60194 0.52788 0.59918 0.0470 0.0547
0 102.74350 5.17447 7.00000 0.60194 0.52788 0.59918 0.0404 0.0547
transfer_white
0 103.07107 7.07107 5.00000 0.60194 0.52788 0.59918 0.0552 0.0391
0 102.74350 5.17447 7.00000 0.60194 0.52788 0.59918 0.0404 0.0547
0 103.93353 6.08761 5.00000 0.60194 0.52788 0.59918 0.0476 0.0391
transfer_white
0 102.08761 7.93353 5.00000 0.52788 0.60194 0.59918 0.0620 0.0391
0 101.17447 6.74350 7.00000 0.52788 0.60194 0.59918 0.0527 0.0547
0 102.01041 6.01041 7.00000 0.52788 0.60194 0.59918 0.0470 0.0547
transfer_white
0 102.08761 7.93353 5.00000 0.52788 0.60194 0.59918 0.0620 0.0391
0 102.01041 6.01041 7.00000 0.52788 0.60194 0.59918 0.0470 0.0547
0 103.07107 7.07107 5.00000 0.52788 0.60194 0.59918 0.0552 0.0391
transfer_white
0 101.00000 8.66025 5.00000 0.44480 0.66569 0.59918 0.0677 0.0391
0 100.25000 7.36122 7.00000 0.44480 0.66569 0.59918 0.0575 0.0547
0 101.17447 6.74350 7.00000 0.44480 0.66569 0.59918 0.0527 0.0547
transfer_white
0 101.00000 8.66025 5.00000 0.44480 0.66569 0.59918 0.0677 0.0391
0 101.17447 6.74350 7.00000 0.44480 0.66569 0.59918 0.0527 0.0547
0 102.08761 7.93353 5.00000 0.44480 0.66569 0.59918 0.0620 0.0391
transfer_white
0 99.82683 9.23880 5.00000 0.35410 0.71805 0.59918 0.0722 0.0391
0 99.25281 7.85298 7.00000 0.35410 0.71805 0.59918 0.0614 0.0547
0 100.25000 7.36122 7.00000 0.35410 0.71805 0.59918 0.0575 0.0547
transfer_white
0 99.82683 9.23880 5.00000 0.35410 0.71805 0.59918 0.0722 0.0391
0 100.25000 7.36122 7.00000 0.35410 0.71805 0.59918 0.0575 0.0547
0 101.00000 8.66025 5.00000 0.35410 0.71805 0.59918 0.0677 0.0391
transfer_white
0 98.58819 9.65926 5.00000 0.25735 0.75813 0.59918 0.0755 0.0391
0 98.19996 8.21037 7.00000 0.25735 0.75813 0.59918 0.0641 0.0547
0 99.25281 7.85298 7.00000 0.25735 0.75813 0.59918 0.0614 0.0547
transfer_white
0 98.58819 9.65926 5.00000 0.25735 0.75813 0.59918 0.0755 0.0391
0 99.25281 7.85298 7.00000 0.25735 0.75813 0.59918 0.0614 0.0547
0 99.82683 9.23880 5.00000 0.25735 0.75813 0.59918 0.0722 0.0391
transfer_white
0 97.30526 9.91445 5.00000 0.15619 0.78523 0.59918 0.0775 0.0391
0 97.10947 8.42728 7.00000 0.15619 0.78523 0.59918 0.0658 0.0547
0 98.19996 8.21037 7.00000 0.15619 0.78523 0.59918 0.0641 0.0547
transfer_white
0 97.30526 9.91445 5.00000 0.15619 0.78523 0.59918 0.0775 0.0391
0 98.19996 8.21037 7.00000 0.15619 0.78523 0.59918 0.0641 0.0547
0 98.58819 9.65926 5.00000 0.15619 0.78523 0.59918 0.0755 0.0391
transfer_white
0 96.00000 10.00000 5.00000 0.05236 0.79890 0.59918 0.0781 0.0391
0 96.00000 8.50000 7.00000 0.05236 0.79890 0.59918 0.0664 0.0547
0 97.10947 8.42728 7.00000 0.05236 0.79890 0.59918 0.0658 0.0547
transfer_white
0 96.00000 10.00000 5.00000 0.05236 0.79890 0.59918 0.0781 0.0391
0 97.10947 8.42728 7.00000 0.05236 0.79890 0.59918 0.0658 0.0547
0 97.30526 9.91445 5.00000 0.05236 0.79890 0.59918 0.0775 0.0391
transfer_white
0 94.69474 9.91445 5.00000 -0.05236 0.79890 0.59918 0.0775 0.0391
0 94.89053 8.42728 7.00000 -0.05236 0.79890 0.59918 0.0658 0.0547
0 96.00000 8.50000 7.00000 -0.05236 0.79890 0.59918 0.0664 0.0547
transfer_white
0 94.69474 9.91445 5.00000 -0.05236 0.79890 0.59918 0.0775 0.0391
0 96.00000 8.50000 7.00000 -0.05236 0.79890 0.59918 0.0664 0.0547
0 96.00000 10.00000 5.00000 -0.05236 0.79890 0.59918 0.0781 0.0391
transfer_white
0 93.41181 9.65926 5.00000 -0.15619 0.78523 0.59918 0.0755 0.0391
0 93.80004 8.21037 7.00000 -0.15619 0.78523 0.59918 0.0641 0.0547
0 94.89053 8.42728 7.00000 -0.15619 0.78523 0.59918 0.0658 0.0547
transfer_white
0 93.41181 9.65926 5.00000 -0.15619 0.78523 0.59918 0.0755 0.0391
0 94.89053 8.42728 7.00000 -0.15619 0.78523 0.59918 0.0658 0.0547
0 94.69474 9.91445 5.00000 -0.15619 0.78523 0.59918 0.0775 0.0391
transfer_white
0 92.17317 9.23880 5.00000 -0.25735 0.75813 0.59918 0.0722 0.0391
0 92.74719 7.85298 7.00000 -0.25735 0.75813 0.59918 0.0614 0.0547
0 93.80004 8.21037 7.00000 -0.25735 0.75813 0.59918 0.0641 0.0547
transfer_white
0 92.17317 9.23880 5.00000 -0.25735 0.75813 0.59918 0.0722 0.0391
0 93.80004 8.21037 7.00000 -0.25735 0.75813 0.59918 0.0641 0.0547
0 93.41181 9.65926 5.00000 -0.25735 0.75813 0.59918 0.0755 0.0391
transfer_white
0 91.00000 8.66025 5.00000 -0.35410 0.71805 0.59918 0.0677 0.0391
0 91.75000 7.36122 7.00000 -0.35410 0.71805 0.59918 0.0575 0.0547
0 92.74719 7.85298 7.00000 -0.35410 0.71805 0.59918 0.0614 0.0547
transfer_white
0 91.00000 8.66025 5.00000 -0.35410 0.71805 0.59918 0.0677 0.0391
0 92.74719 7.85298 7.00000 -0.35410 0.71805 0.59918 0.0614 0.0547
0 92.17317 9.23880 5.00000 -0.35410 0.71805 0.59918 0.0722 0.0391
transfer_white
0 89.91239 7.93353 5.00000 -0.44480 0.66569 0.59918 0.0620 0.0391
0 90.82553 6.74350 7.00000 -0.44480 0.66569 0.59918 0.0527 0.0547
0 91.75000 7.36122 7.00000 -0.44480 0.66569 0.59918 0.0575 0.0547
transfer_white
0 89.91239 7.93353 5.00000 -0.44480 0.66569 0.59918 0.0620 0.0391
0 91.75000 7.36122 7.00000 -0.44480 0.66569 0.59918 0.0575 0.0547
0 91.00000 8.66025 5.00000 -0.44480 0.66569 0.59918 0.0677 0.0391
transfer_white
0 88.92893 7.07107 5.00000 -0.52788 0.60194 0.59918 0.0552 0.0391
0 89.98959 6.01041 7.00000 -0.52788 0.60194 0.59918 0.0470 0.0547
0 90.82553 6.74350 7.00000 -0.52788 0.60194 0.59918 0.0527 0.0547
transfer_white
0 88.92893 7.07107 5.00000 -0.52788 0.60194 0.59918 0.0552 0.0391
0 90.82553 6.74350 7.00000 -0.52788 0.60194 0.59918 0.0527 0.0547
0 89.91239 7.93353 5.00000 -0.52788 0.60194 0.59918 0.0620 0.0391
transfer_white
0 88.06647 6.08761 5.00000 -0.60194 0.52788 0.59918 0.0476 0.0391
0 89.25650 5.17447 7.00000 -0.60194 0.52788 0.59918 0.0404 0.0547
0 89.98959 6.01041 7.00000 -0.60194 0.52788 0.59918 0.0470 0.0547
transfer_white
0 88.06647 6.08761 5.00000 -0.60194 0.52788 0.59918 0.0476 0.0391
0 89.98959 6.01041 7.00000 -0.60194 0.52788 0.59918 0.0470 0.0547
0 88.92893 7.07107 5.00000 -0.60194 0.52788 0.59918 0.0552 0.0391
transfer_white
0 87.33975 5.00000 5.00000 -0.66569 0.44480 0.59918 0.0391 0.0391
0 88.63878 4.25000 7.00000 -0.66569 0.44480 0.59918 0.0332 0.0547
0 89.25650 5.17447 7.00000 -0.66569 0.44480 0.59918 0.0404 0.0547
transfer_white
0 87.33975 5.00000 5.00000 -0.66569 0.44480 0.59918 0.0391 0.0391
0 89.25650 5.17447 7.00000 -0.66569 0.44480 0.59918 0.0404 0.0547
0 88.06647 6.08761 5.00000 -0.66569 0.44480 0.59918 0.0476 0.0391
transfer_white
0 86.76120 3.82683 5.00000 -0.71805 0.35410 0.59918 0.0299 0.0391
0 88.14702 3.25281 7.00000 -0.71805 0.35410 0.59918 0.0254 0.0547
0 88.63878 4.25000 7.00000 -0.71805 0.35410 0.59918 0.0332 0.0547
transfer_white
0 86.76120 3.82683 5.00000 -0.71805 0.35410 0.59918 0.0299 0.0391
0 88.63878 4.25000 7.00000 -0.71805 0.35410 0.59918 0.0332 0.0547
0 87.33975 5.00000 5.00000 -0.71805 0.35410 0.59918 0.0391 0.0391
transfer_white
0 86.34074 2.58819 5.00000 -0.75813 0.25735 0.59918 0.0202 0.0391
0 87.78963 2.19996 7.00000 -0.75813 0.25735 0.59918 0.0172 0.0547
0 88.14702 3.25281 7.00000 -0.75813 0.25735 0.59918 0.0254 0.0547
transfer_white
0 86.34074 2.58819 5.00000 -0.75813 0.25735 0.59918 0.0202 0.0391
0 88.14702 3.25281 7.00000 -0.75813 0.25735 0.59918 0.0254 0.0547
0 86.76120 3.82683 5.00000 -0.75813 0.25735 0.59918 0.0299 0.0391
transfer_white
0 86.08555 1.30526 5.00000 -0.78523 0.15619 0.59918 0.0102 0.0391
0 87.57272 1.10947 7.00000 -0.78523 0.15619 0.59918 0.0087 0.0547
0 87.78963 2.19996 7.00000 -0.78523 0.15619 0.59918 0.0172 0.0547
transfer_white
0 86.08555 1.30526 5.00000 -0.78523 0.15619 0.59918 0.0102 0.0391
0 87.78963 2.19996 7.00000 -0.78523 0.15619 0.59918 0.0172 0.0547
0 86.34074 2.58819 5.00000 -0.78523 0.15619 0.59918 0.0202 0.0391
transfer_white
0 86.00000 0.00000 5.00000 -0.79890 0.05236 0.59918 0.0000 0.0391
0 87.50000 0.00000 7.00000 -0.79890 0.05236 0.59918 0.0000 0.0547
0 87.57272 1.10947 7.00000 -0.79890 0.05236 0.59918 0.0087 0.0547
transfer_white
0 86.00000 0.00000 5.00000 -0.79890 0.05236 0.59918 0.0000 0.0391
0 87.57272 1.10947 7.00000 -0.79890 0.05236 0.59918 0.0087 0.0547
0 86.08555 1.30526 5.00000 -0.79890 0.05236 0.59918 0.0102 0.0391
transfer_white
0 86.08555 -1.30526 5.00000 -0.79890 -0.05236 0.59918 0.9898 0.0391
0 87.57272 -1.10947 7.00000 -0.79890 -0.05236 0.59918 0.9913 0.0547
0 87.50000 0.00000 7.00000 -0.79890 -0.05236 0.59918 0.0000 0.0547
transfer_white
0 86.08555 -1.30526 5.00000 -0.79890 -0.05236 0.59918 0.9898 0.0391
0 87.50000 0.00000 7.00000 -0.79890 -0.05236 0.59918 0.0000 0.0547
0 86.00000 0.00000 5.00000 -0.79890 -0.05236 0.59918 0.0000 0.0391
transfer_white
0 86.34074 -2.58819 5.00000 -0.78523 -0.15619 0.59918 0.9798 0.0391
0 87.78963 -2.19996 7.00000 -0.78523 -0.15619 0.59918 0.9828 0.0547
0 87.57272 -1.10947 7.00000 -0.78523 -0.15619 0.59918 0.9913 0.0547
transfer_white
0 86.34074 -2.58819 5.00000 -0.78523 -0.15619 0.59918 0.9798 0.0391
0 87.57272 -1.10947 7.00000 -0.78523 -0.15619 0.59918 0.9913 0.0547
0 86.08555 -1.30526 5.00000 -0.78523 -0.15619 0.59918 0.9898 0.0391
transfer_white
0 86.76120 -3.82683 5.00000 -0.75813 -0.25735 0.59918 0.9701 0.0391
0 88.14702 -3.25281 7.00000 -0.75813 -0.25735 0.59918 0.9746 0.0547
0 87.78963 -2.19996 7.00000 -0.75813 -0.25735 0.59918 0.9828 0.0547
transfer_white
0 86.76120 -3.82683 5.00000 -0.75813 -0.25735 0.59918 0.9701 0.0391
0 87.78963 -2.19996 7.00000 -0.75813 -0.25735 0.59918 0.9828 0.0547
0 86.34074 -2.58819 5.00000 -0.75813 -0.25735 0.59918 0.9798 0.0391
transfer_white
0 87.33975 -5.00000 5.00000 -0.71805 -0.35410 0.59918 0.9609 0.0391
0 88.63878 -4.25000 7.00000 -0.71805 -0.35410 0.59918 0.9668 0.0547
0 88.14702 -3.25281 7.00000 -0.71805 -0.35410 0.59918 0.9746 0.0547
transfer_white
0 87.33975 -5.00000 5.00000 -0.71805 -0.35410 0.59918 0.9609 0.0391
0 88.14702 -3.25281 7.00000 -0.71805 -0.35410 0.59918 0.9746 0.0547
0 86.76120 -3.82683 5.00000 -0.71805 -0.35410 0.59918 0.9701 0.0391
transfer_white
0 88.06647 -6.08761 5.00000 -0.66569 -0.44480 0.59918 0.9524 0.0391
0 89.25650 -5.17447 7.00000 -0.66569 -0.44480 0.59918 0.9596 0.0547
0 88.63878 -4.25000 7.00000 -0.66569 -0.44480 0.59918 0.9668 0.0547
transfer_white
0 88.06647 -6.08761 5.00000 -0.66569 -0.44480 0.59918 0.9524 0.0391
0 88.63878 -4.25000 7.00000 -0.66569 -0.44480 0.59918 0.9668 0.0547
0 87.33975 -5.00000 5.00000 -0.66569 -0.44480 0.59918 0.9609 0.0391
transfer_white
0 88.92893 -7.07107 5.00000 -0.60194 -0.52788 0.59918 0.9448 0.0391
0 89.98959 -6.01041 7.00000 -0.60194 -0.52788 0.59918 0.9530 0.0547
0 89.25650 -5.17447 7.00000 -0.60194 -0.52788 0.59918 0.9596 0.0547
transfer_white
0 88.92893 -7.07107 5.00000 -0.60194 -0.52788 0.59918 0.9448 0.0391
0 89.25650 -5.17447 7.00000 -0.60194 -0.52788 0.59918 0.9596 0.0547
0 88.06647 -6.08761 5.00000 -0.60194 -0.52788 0.59918 0.9524 0.0391
transfer_white
0 89.91239 -7.93353 5.00000 -0.52788 -0.60194 0.59918 0.9380 0.0391
0 90.82553 -6.74350 7.00000 -0.52788 -0.60194 0.59918 0.9473 0.0547
0 89.98959 -6.01041 7.00000 -0.52788 -0.60194 0.59918 0.9530 0.0547
transfer_white
0 89.91239 -7.93353 5.00000 -0.52788 -0.60194 0.59918 0.9380 0.0391
0 89.98959 -6.01041 7.00000 -0.52788 -0.60194 0.59918 0.9530 0.0547
0 88.92893 -7.07107 5.00000 -0.52788 -0.60194 0.59918 0.9448 0.0391
transfer_white
0 91.00000 -8.66025 5.00000 -0.44480 -0.66569 0.59918 0.9323 0.0391
0 91.75000 -7.36122 7.00000 -0.44480 -0.66569 0.59918 0.9425 0.0547
0 90.82553 -6.74350 7.00000 -0.44480 -0.66569 0.59918 0.9473 0.0547
transfer_white
0 91.00000 -8.66025 5.00000 -0.44480 -0.66569 0.59918 0.9323 0.0391
0 90.82553 -6.74350 7.00000 -0.44480 -0.66569 0.59918 0.9473 0.0547
0 89.91239 -7.93353 5.00000 -0.44480 -0.66569 0.59918 0.9380 0.0391
transfer_white
0 92.17317 -9.23880 5.00000 -0.35410 -0.71805 0.59918 0.9278 0.0391
0 92.74719 -7.85298 7.00000 -0.35410 -0.71805 0.59918 0.9386 0.0547
0 91.75000 -7.36122 7.00000 -0.35410 -0.71805 0.59918 0.9425 0.0547
transfer_white
0 92.17317 -9.23880 5.00000 -0.35410 -0.71805 0.59918 0.9278 0.0391
0 91.75000 -7.36122 7.00000 -0.35410 -0.71805 0.59918 0.9425 0.0547
0 91.00000 -8.66025 5.00000 -0.35410 -0.71805 0.59918 0.9323 0.0391
transfer_white
0 93.41181 -9.65926 5.00000 -0.25735 -0.75813 0.59918 0.9245 0.0391
0 93.80004 -8.21037 7.00000 -0.25735 -0.75813 0.59918 0.9359 0.0547
0 92.74719 -7.85298 7.00000 -0.25735 -0.75813 0.59918 0.9386 0.0547
transfer_white
0 93.41181 -9.65926 5.00000 -0.25735 -0.75813 0.59918 0.9245 0.0391
0 92.74719 -7.85298 7.00000 -0.25735 -0.75813 0.59918 0.9386 0.0547
0 92.17317 -9.23880 5.00000 -0.25735 -0.75813 0.59918 0.9278 0.0391
transfer_white
0 94.69474 -9.91445 5.00000 -0.15619 -0.78523 0.59918 0.9225 0.0391
0 94.89053 -8.42728 7.00000 -0.15619 -0.78523 0.59918 0.9342 0.0547
0 93.80004 -8.21037 7.00000 -0.15619 -0.78523 0.59918 0.9359 0.0547
transfer_white
0 94.69474 -9.91445 5.00000 -0.15619 -0.78523 0.59918 0.9225 0.0391
0 93.80004 -8.21037 7.00000 -0.15619 -0.78523 0.59918 0.9359 0.0547
0 93.41181 -9.65926 5.00000 -0.15619 -0.78523 0.59918 0.9245 0.0391
transfer_white
0 96.00000 -10.00000 5.00000 -0.05236 -0.79890 0.59918 0.9219 0.0391
0 96.00000 -8.50000 7.00000 -0.05236 -0.79890 0.59918 0.9336 0.0547
0 94.89053 -8.42728 7.00000 -0.05236 -0.79890 0.59918 0.9342 0.0547
transfer_white
0 96.00000 -10.00000 5.00000 -0.05236 -0.79890 0.59918 0.9219 0.0391
0 94.89053 -8.42728 7.00000 -0.05236 -0.79890 0.59918 0.9342 0.0547
0 94.69474 -9.91445 5.00000 -0.05236 -0.79890 0.59918 0.9225 0.0391
transfer_white
0 97.30526 -9.91445 5.00000 0.05236 -0.79890 0.59918 0.9225 0.0391
0 97.10947 -8.42728 7.00000 0.05236 -0.79890 0.59918 0.9342 0.0547
0 96.00000 -8.50000 7.00000 0.05236 -0.79890 0.59918 0.9336 0.0547
transfer_white
0 97.30526 -9.91445 5.00000 0.05236 -0.79890 0.59918 0.9225 0.0391
0 96.00000 -8.50000 7.00000 0.05236 -0.79890 0.59918 0.9336 0.0547
0 96.00000 -10.00000 5.00000 0.05236 -0.79890 0.59918 0.9219 0.0391
transfer_white
0 98.58819 -9.65926 5.00000 0.15619 -0.78523 0.59918 0.9245 0.0391
0 98.19996 -8.21037 7.00000 0.15619 -0.78523 0.59918 0.9359 0.0547
0 97.10947 -8.42728 7.00000 0.15619 -0.78523 0.59918 0.9342 0.0547
transfer_white
0 98.58819 -9.65926 5.00000 0.15619 -0.78523 0.59918 0.9245 0.0391
0 97.10947 -8.42728 7.00000 0.15619 -0.78523 0.59918 0.9342 0.0547
0 97.30526 -9.91445 5.00000 0.15619 -0.78523 0.59918 0.9225 0.0391
transfer_white
0 99.82683 -9.23880 5.00000 0.25735 -0.75813 0.59918 0.9278 0.0391
0 99.25281 -7.85298 7.00000 0.25735 -0.75813 0.59918 0.9386 0.0547
0 98.19996 -8.21037 7.00000 0.25735 -0.75813 0.59918 0.9359 0.0547
transfer_white
0 99.82683 -9.23880 5.00000 0.25735 -0.75813 0.59918 0.9278 0.0391
0 98.19996 -8.21037 7.00000 0.25735 -0.75813 0.59918 0.9359 0.0547
0 98.58819 -9.65926 5.00000 0.25735 -0.75813 0.59918 0.9245 0.0391
transfer_white
0 101.00000 -8.66025 5.00000 0.35410 -0.71805 0.59918 0.9323 0.0391
0 100.25000 -7.36122 7.00000 0.35410 -0.71805 0.59918 0.9425 0.0547
0 99.25281 -7.85298 7.00000 0.35410 -0.71805 0.59918 0.9386 0.0547
transfer_white
0 101.00000 -8.66025 5.00000 0.35410 -0.71805 0.59918 0.9323 0.0391
0 99.25281 -7.85298 7.00000 0.35410 -0.71805 0.59918 0.9386 0.0547
0 99.82683 -9.23880 5.00000 0.35410 -0.71805 0.59918 0.9278 0.0391
transfer_white
0 102.08761 -7.93353 5.00000 0.44480 -0.66569 0.59918 0.9380 0.0391
0 101.17447 -6.74350 7.00000 0.44480 -0.66569 0.59918 0.9473 0.0547
0 100.25000 -7.36122 7.00000 0.44480 -0.66569 0.59918 0.9425 0.0547
transfer_white
0 102.08761 -7.93353 5.00000 0.44480 -0.66569 0.59918 0.9380 0.0391
0 100.25000 -7.36122 7.00000 0.44480 -0.66569 0.59918 0.9425 0.0547
0 101.00000 -8.66025 5.00000 0.44480 -0.66569 0.59918 0.9323 0.0391
transfer_white
0 103.07107 -7.07107 5.00000 0.52788 -0.60194 0.59918 0.9448 0.0391
0 102.01041 -6.01041 7.00000 0.52788 -0.60194 0.59918 0.9530 0.0547
0 101.17447 -6.74350 7.00000 0.52788 -0.60194 0.59918 0.9473 0.0547
transfer_white
0 103.07107 -7.07107 5.00000 0.52788 -0.60194 0.59918 0.9448 0.0391
0 101.17447 -6.74350 7.00000 0.52788 -0.60194 0.59918 0.9473 0.0547
0 102.08761 -7.93353 5.00000 0.52788 -0.60194 0.59918 0.9380 0.0391
transfer_white
0 103.93353 -6.08761 5.00000 0.60194 -0.52788 0.59918 0.9524 0.0391
0 102.74350 -5.17447 7.00000 0.60194 -0.52788 0.59918 0.9596 0.0547
0 102.01041 -6.01041 7.00000 0.60194 -0.52788 0.59918 0.9530 0.0547
transfer_white
0 103.93353 -6.08761 5.00000 0.60194 -0.52788 0.59918 0.9524 0.0391
0 102.01041 -6.01041 7.00000 0.60194 -0.52788 0.59918 0.9530 0.0547
0 103.07107 -7.07107 5.00000 0.60194 -0.52788 0.59918 0.9448 0.0391
transfer_white
0 104.66025 -5.00000 5.00000 0.66569 -0.44480 0.59918 0.9609 0.0391
0 103.36122 -4.25000 7.00000 0.66569 -0.44480 0.59918 0.9668 0.0547
0 102.74350 -5.17447 7.00000 0.66569 -0.44480 0.59918 0.9596 0.0547
transfer_white
0 104.66025 -5.00000 5.00000 0.66569 -0.44480 0.59918 0.9609 0.0391
0 102.74350 -5.17447 7.00000 0.66569 -0.44480 0.59918 0.9596 0.0547
0 103.93353 -6.08761 5.00000 0.66569 -0.44480 0.59918 0.9524 0.0391
transfer_white
0 105.23880 -3.82683 5.00000 0.71805 -0.35410 0.59918 0.9701 0.0391
0 103.85298 -3.25281 7.00000 0.71805 -0.35410 0.59918 0.9746 0.0547
0 103.36122 -4.25000 7.00000 0.71805 -0.35410 0.59918 0.9668 0.0547
transfer_white
0 105.23880 -3.82683 5.00000 0.71805 -0.35410 0.59918 0.9701 0.0391
0 103.36122 -4.25000 7.00000 0.71805 -0.35410 0.59918 0.9668 0.0547
0 104.66025 -5.00000 5.00000 0.71805 -0.35410 0.59918 0.9609 0.0391
transfer_white
0 105.65926 -2.58819 5.00000 0.75813 -0.25735 0.59918 0.9798 0.0391
0 104.21037 -2.19996 7.00000 0.75813 -0.25735 0.59918 0.9828 0.0547
0 103.85298 -3.25281 7.00000 0.75813 -0.25735 0.59918 0.9746 0.0547
transfer_white
0 105.65926 -2.58819 5.00000 0.75813 -0.25735 0.59918 0.9798 0.0391
0 103.85298 -3.25281 7.00000 0.75813 -0.25735 0.59918 0.9746 0.0547
0 105.23880 -3.82683 5.00000 0.75813 -0.25735 0.59918 0.9701 0.0391
transfer_white
0 105.91445 -1.30526 5.00000 0.78523 -0.15619 0.59918 0.9898 0.0391
0 104.42728 -1.10947 7.00000 0.78523 -0.15619 0.59918 0.9913 0.0547
0 104.21037 -2.19996 7.00000 0.78523 -0.15619 0.59918 0.9828 0.0547
transfer_white
0 105.91445 -1.30526 5.00000 0.78523 -0.15619 0.59918 0.9898 0.0391
0 104.21037 -2.19996 7.00000 0.78523 -0.15619 0.59918 0.9828 0.0547
0 105.65926 -2.58819 5.00000 0.78523 -0.15619 0.59918 0.9798 0.0391
transfer_white
0 106.00000 -0.00000 5.00000 0.79890 -0.05236 0.59918 1.0000 0.0391
0 104.50000 -0.00000 7.00000 0.79890 -0.05236 0.59918 1.0000 0.0547
0 104.42728 -1.10947 7.00000 0.79890 -0.05236 0.59918 0.9913 0.0547
transfer_white
0 106.00000 -0.00000 5.00000 0.79890 -0.05236 0.59918 1.0000 0.0391
0 104.42728 -1.10947 7.00000 0.79890 -0.05236 0.59918 0.9913 0.0547
0 105.91445 -1.30526 5.00000 0.79890 -0.05236 0.59918 0.9898 0.0391
transfer_white
0 104.50000 0.00000 7.00000 0.00000 0.00000 1.00000 0.0000 0.0547
0 104.42728 1.10947 7.00000 0.00000 0.00000 1.00000 0.0087 0.0547
0 96.00000 0.00000 7.00000 0.00000 0.00000 1.00000 0.0000 0.0547
transfer_white
0 104.42728 1.10947 7.00000 0.00000 0.00000 1.00000 0.0087 0.0547
0 104.21037 2.19996 7.00000 0.00000 0.00000 1.00000 0.0172 0.0547
0 96.00000 0.00000 7.00000 0.00000 0.00000 1.00000 0.0000 0.0547
transfer_white
0 104.21037 2.19996 7.00000 0.00000 0.00000 1.00000 0.0172 0.0547
0 103.85298 3.25281 7.00000 0.00000 0.00000 1.00000 0.0254 0.0547
0 96.00000 0.00000 7.00000 0.00000 0.00000 1.00000 0.0000 0.0547
transfer_white
0 103.85298 3.25281 7.00000 0.00000 0.00000 1.00000 0.0254 0.0547
0 103.36122 4.25000 7.00000 0.00000 0.00000 1.00000 0.0332 0.0547
0 96.00000 0.00000 7.00000 0.00000 0.00000 1.00000 0.0000 0.0547
transfer_white
0 103.36122 4.25000 7.00000 0.00000 0.00000 1.00000 0.0332 0.0547
0 102.74350 5.17447 7.00000 0.00000 0.00000 1.00000 0.0404 0.0547
0 96.00000 0.00000 7.00000 0.00000 0.00000 1.00000 0.0000 0.0547
transfer_white
0 102.74350 5.17447 7.00000 0.00000 0.00000 1.00000 0.0404 0.0547
0 102.01041 6.01041 7.00000 0.00000 0.00000 1.00000 0.0470 0.0547
0 96.00000 0.00000 7.00000 0.00000 0.00000 1.00000 0.0000 0.0547
transfer_white
0 102.01041 6.01041 7.00000 0.00000 0.00000 1.00000 0.0470 0.0547
0 101.17447 6.74350 7.00000 0.00000 0.00000 1.00000 0.0527 0.0547
0 96.00000 0.00000 7.00000 0.00000 0.00000 1.00000 0.0000 0.0547
transfer_white
0 101.17447 6.74350 7.00000 0.00000 0.00000 1.00000 0.0527 0.0547
0 100.25000 7.36122 7.00000 0.00000 0.00000 1.00000 0.0575 0.0547
0 96.00000 0.00000 7.00000 0.00000 0.00000 1.00000 0.0000 0.0547
transfer_white
0 100.25000 7.36122 7.00000 0.00000 0.00000 1.00000 0.0575 0.0547
0 99.25281 7.85298 7.00000 0.00000 0.00000 1.00000 0.0614 0.0547
0 96.00000 0.00000 7.00000 0.00000 0.00000 1.00000 0.0000 0.0547
transfer_white
0 99.25281 7.85298 7.00000 0.00000 0.00000 1.00000 0.0614 0.0547
0 98.19996 8.21037 7.00000 0.00000 0.00000 1.00000 0.0641 0.0547
0 96.00000 0.00000 7.00000 0.00000 0.00000 1.00000 0.0000 0.0547
transfer_white
0 98.19996 8.21037 7.00000 0.00000 0.00000 1.00000 0.0641 0.0547
0 97.10947 8.42728 7.00000 0.00000 0.00000 1.00000 0.0658 0.0547
0 96.00000 0.00000 7.00000 0.00000 0.00000 1.00000 0.0000 0.0547
transfer_white
0 97.10947 8.42728 7.00000 0.00000 0.00000 1.00000 0.0658 0.0547
0 96.00000 8.50000 7.00000 0.00000 0.00000 1.00000 0.0664 0.0547
0 96.00000 0.00000 7.00000 0.00000 0.00000 1.00000 0.0000 0.0547
transfer_white
0 96.00000 8.50000 7.00000 0.00000 0.00000 1.00000 0.0664 0.0547
0 94.89053 8.42728 7.00000 0.00000 0.00000 1.00000 0.0658 0.0547
0 96.00000 0.00000 7.00000 0.00000 0.00000 1.00000 0.0000 0.0547
transfer_white
0 94.89053 8.42728 7.00000 0.00000 0.00000 1.00000 0.0658 0.0547
0 93.80004 8.21037 7.00000 0.00000 0.00000 1.00000 0.0641 0.0547
0 96.00000 0.00000 7.00000 0.00000 0.00000 1.00000 0.0000 0.0547
transfer_white
0 93.80004 8.21037 7.00000 0.00000 0.00000 1.00000 0.0641 0.0547
0 92.74719 7.85298 7.00000 0.00000 0.00000 1.00000 0.0614 0.0547
0 96.00000 0.00000 7.00000 0.00000 0.00000 1.00000 0.0000 0.0547
transfer_white
0 92.74719 7.85298 7.00000 0.00000 0.00000 1.00000 0.0614 0.0547
0 91.75000 7.36122 7.00000 0.00000 0.00000 1.00000 0.0575 0.0547
0 96.00000 0.00000 7.00000 0.00000 0.00000 1.00000 0.0000 0.0547
transfer_white
0 91.75000 7.36122 7.00000 0.00000 0.00000 1.00000 0.0575 0.0547
0 90.82553 6.74350 7.00000 0.00000 0.00000 1.00000 0.0527 0.0547
0 96.00000 0.00000 7.00000 0.00000 0.00000 1.00000 0.0000 0.0547
transfer_white
0 90.82553 6.74350 7.00000 0.00000 0.00000 1.00000 0.0527 0.0547
0 89.98959 6.01041 7.00000 0.00000 0.00000 1.00000 0.0470 0.0547
0 96.00000 0.00000 7.00000 0.00000 0.00000 1.00000 0.0000 0.0547
transfer_white
0 89.98959 6.01041 7.00000 0.00000 0.00000 1.00000 0.0470 0.0547
0 89.25650 5.17447 7.00000 0.00000 0.00000 1.00000 0.0404 0.0547
0 96.00000 0.00000 7.00000 0.00000 0.00000 1.00000 0.0000 0.0547
transfer_white
0 89.25650 5.17447 7.00000 0.00000 0.00000 1.00000 0.0404 0.0547
0 88.63878 4.25000 7.00000 0.00000 0.00000 1.00000 0.0332 0.0547
0 96.00000 0.00000 7.00000 0.00000 0.00000 1.00000 0.0000 0.0547
transfer_white
0 88.63878 4.25000 7.00000 0.00000 0.00000 1.00000 0.0332 0.0547
0 88.14702 3.25281 7.00000 0.00000 0.00000 1.00000 0.0254 0.0547
0 96.00000 0.00000 7.00000 0.00000 0.00000 1.00000 0.0000 0.0547
transfer_white
0 88.14702 3.25281 7.00000 0.00000 0.00000 1.00000 0.0254 0.0547
0 87.78963 2.19996 7.00000 0.00000 0.00000 1.00000 0.0172 0.0547
0 96.00000 0.00000 7.00000 0.00000 0.00000 1.00000 0.0000 0.0547
transfer_white
0 87.78963 2.19996 7.00000 0.00000 0.00000 1.00000 0.0172 0.0547
0 87.57272 1.10947 7.00000 0.00000 0.00000 1.00000 0.0087 0.0547
0 96.00000 0.00000 7.00000 0.00000 0.00000 1.00000 0.0000 0.0547
transfer_white
0 87.57272 1.10947 7.00000 0.00000 0.00000 1.00000 0.0087 0.0547
0 87.50000 0.00000 7.00000 0.00000 0.00000 1.00000 0.0000 0.0547
0 96.00000 0.00000 7.00000 0.00000 0.00000 1.00000 0.0000 0.0547
transfer_white
0 87.50000 0.00000 7.00000 0.00000 0.00000 1.00000 0.0000 0.0547
0 87.57272 -1.10947 7.00000 0.00000 0.00000 1.00000 0.9913 0.0547
0 96.00000 0.00000 7.00000 0.00000 0.00000 1.00000 0.0000 0.0547
transfer_white
0 87.57272 -1.10947 7.00000 -0.00000 0.00000 1.00000 0.9913 0.0547
0 87.78963 -2.19996 7.00000 -0.00000 0.00000 1.00000 0.9828 0.0547
0 96.00000 0.00000 7.00000 -0.00000 0.00000 1.00000 0.0000 0.0547
transfer_white
0 87.78963 -2.19996 7.00000 -0.00000 0.00000 1.00000 0.9828 0.0547
0 88.14702 -3.25281 7.00000 -0.00000 0.00000 1.00000 0.9746 0.0547
0 96.00000 0.00000 7.00000 -0.00000 0.00000 1.00000 0.0000 0.0547
transfer_white
0 88.14702 -3.25281 7.00000 -0.00000 0.00000 1.00000 0.9746 0.0547
0 88.63878 -4.25000 7.00000 -0.00000 0.00000 1.00000 0.9668 0.0547
0 96.00000 0.00000 7.00000 -0.00000 0.00000 1.00000 0.0000 0.0547
transfer_white
0 88.63878 -4.25000 7.00000 -0.00000 0.00000 1.00000 0.9668 0.0547
0 89.25650 -5.17447 7.00000 -0.00000 0.00000 1.00000 0.9596 0.0547
0 96.00000 0.00000 7.00000 -0.00000 0.00000 1.00000 0.0000 0.0547
transfer_white
0 89.25650 -5.17447 7.00000 -0.00000 0.00000 1.00000 0.9596 0.0547
0 89.98959 -6.01041 7.00000 -0.00000 0.00000 1.00000 0.9530 0.0547
0 96.00000 0.00000 7.00000 -0.00000 0.00000 1.00000 0.0000 0.0547
transfer_white
0 89.98959 -6.01041 7.00000 -0.00000 0.00000 1.00000 0.9530 0.0547
0 90.82553 -6.74350 7.00000 -0.00000 0.00000 1.00000 0.9473 0.0547
0 96.00000 0.00000 7.00000 -0.00000 0.00000 1.00000 0.0000 0.0547
transfer_white
0 90.82553 -6.74350 7.00000 -0.00000 0.00000 1.00000 0.9473 0.0547
0 91.75000 -7.36122 7.00000 -0.00000 0.00000 1.00000 0.9425 0.0547
0 96.00000 0.00000 7.00000 -0.00000 0.00000 1.00000 0.0000 0.0547
transfer_white
0 91.75000 -7.36122 7.00000 -0.00000 0.00000 1.00000 0.9425 0.0547
0 92.74719 -7.85298 7.00000 -0.00000 0.00000 1.00000 0.9386 0.0547
0 96.00000 0.00000 7.00000 -0.00000 0.00000 1.00000 0.0000 0.0547
transfer_white
0 92.74719 -7.85298 7.00000 -0.00000 0.00000 1.00000 0.9386 0.0547
0 93.80004 -8.21037 7.00000 -0.00000 0.00000 1.00000 0.9359 0.0547
0 96.00000 0.00000 7.00000 -0.00000 0.00000 1.00000 0.0000 0.0547
transfer_white
0 93.80004 -8.21037 7.00000 -0.00000 0.00000 1.00000 0.9359 0.0547
0 94.89053 -8.42728 7.00000 -0.00000 0.00000 1.00000 0.9342 0.0547
0 96.00000 0.00000 7.00000 -0.00000 0.00000 1.00000 0.0000 0.0547
transfer_white
0 94.89053 -8.42728 7.00000 -0.00000 0.00000 1.00000 0.9342 0.0547
0 96.00000 -8.50000 7.00000 -0.00000 0.00000 1.00000 0.9336 0.0547
0 96.00000 0.00000 7.00000 -0.00000 0.00000 1.00000 0.0000 0.0547
transfer_white
0 96.00000 -8.50000 7.00000 0.00000 0.00000 1.00000 0.9336 0.0547
0 97.10947 -8.42728 7.00000 0.00000 0.00000 1.00000 0.9342 0.0547
0 96.00000 0.00000 7.00000 0.00000 0.00000 1.00000 0.0000 0.0547
transfer_white
0 97.10947 -8.42728 7.00000 0.00000 -0.00000 1.00000 0.9342 0.0547
0 98.19996 -8.21037 7.00000 0.00000 -0.00000 1.00000 0.9359 0.0547
0 96.00000 0.00000 7.00000 0.00000 -0.00000 1.00000 0.0000 0.0547
transfer_white
0 98.19996 -8.21037 7.00000 0.00000 -0.00000 1.00000 0.9359 0.0547
0 99.25281 -7.85298 7.00000 0.00000 -0.00000 1.00000 0.9386 0.0547
0 96.00000 0.00000 7.00000 0.00000 -0.00000 1.00000 0.0000 0.0547
transfer_white
0 99.25281 -7.85298 7.00000 0.00000 -0.00000 1.00000 0.9386 0.0547
0 100.25000 -7.36122 7.00000 0.00000 -0.00000 1.00000 0.9425 0.0547
0 96.00000 0.00000 7.00000 0.00000 -0.00000 1.00000 0.0000 0.0547
transfer_white
0 100.25000 -7.36122 7.00000 0.00000 -0.00000 1.00000 0.9425 0.0547
0 101.17447 -6.74350 7.00000 0.00000 -0.00000 1.00000 0.9473 0.0547
0 96.00000 0.00000 7.00000 0.00000 -0.00000 1.00000 0.0000 0.0547
transfer_white
0 101.17447 -6.74350 7.00000 0.00000 -0.00000 1.00000 0.9473 0.0547
0 102.01041 -6.01041 7.00000 0.00000 -0.00000 1.00000 0.9530 0.0547
0 96.00000 0.00000 7.00000 0.00000 -0.00000 1.00000 0.0000 0.0547
transfer_white
0 102.01041 -6.01041 7.00000 0.00000 -0.00000 1.00000 0.9530 0.0547
0 102.74350 -5.17447 7.00000 0.00000 -0.00000 1.00000 0.9596 0.0547
0 96.00000 0.00000 7.00000 0.00000 -0.00000 1.00000 0.0000 0.0547
transfer_white
0 102.74350 -5.17447 7.00000 0.00000 -0.00000 1.00000 0.9596 0.0547
0 103.36122 -4.25000 7.00000 0.00000 -0.00000 1.00000 0.9668 0.0547
0 96.00000 0.00000 7.00000 0.00000 -0.00000 1.00000 0.0000 0.0547
transfer_white
0 103.36122 -4.25000 7.00000 0.00000 -0.00000 1.00000 0.9668 0.0547
0 103.85298 -3.25281 7.00000 0.00000 -0.00000 1.00000 0.9746 0.0547
0 96.00000 0.00000 7.00000 0.00000 -0.00000 1.00000 0.0000 0.0547
transfer_white
0 103.85298 -3.25281 7.00000 0.00000 -0.00000 1.00000 0.9746 0.0547
0 104.21037 -2.19996 7.00000 0.00000 -0.00000 1.00000 0.9828 0.0547
0 96.00000 0.00000 7.00000 0.00000 -0.00000 1.00000 0.0000 0.0547
transfer_white
0 104.21037 -2.19996 7.00000 0.00000 -0.00000 1.00000 0.9828 0.0547
0 104.42728 -1.10947 7.00000 0.00000 -0.00000 1.00000 0.9913 0.0547
0 96.00000 0.00000 7.00000 0.00000 -0.00000 1.00000 0.0000 0.0547
transfer_white
0 104.42728 -1.10947 7.00000 0.00000 -0.00000 1.00000 0.9913 0.0547
0 104.50000 -0.00000 7.00000 0.00000 -0.00000 1.00000 1.0000 0.0547
0 96.00000 0.00000 7.00000 0.00000 -0.00000 1.00000 0.0000 0.0547
transfer_black
0 96.00000 0.00000 7.10000 0.00000 0.00000 -1.00000 0.0000 0.0555
0 100.95722 0.65263 7.10000 0.00000 0.00000 -1.00000 0.0051 0.0555
0 101.00000 0.00000 7.10000 0.00000 0.00000 -1.00000 0.0000 0.0555
transfer_black
0 96.00000 0.00000 7.10000 0.00000 0.00000 -1.00000 0.0000 0.0555
0 100.82963 1.29410 7.10000 0.00000 0.00000 -1.00000 0.0101 0.0555
0 100.95722 0.65263 7.10000 0.00000 0.00000 -1.00000 0.0051 0.0555
transfer_black
0 96.00000 0.00000 7.10000 0.00000 0.00000 -1.00000 0.0000 0.0555
0 100.61940 1.91342 7.10000 0.00000 0.00000 -1.00000 0.0149 0.0555
0 100.82963 1.29410 7.10000 0.00000 0.00000 -1.00000 0.0101 0.0555
transfer_black
0 96.00000 0.00000 7.10000 0.00000 0.00000 -1.00000 0.0000 0.0555
0 100.33013 2.50000 7.10000 0.00000 0.00000 -1.00000 0.0195 0.0555
0 100.61940 1.91342 7.10000 0.00000 0.00000 -1.00000 0.0149 0.0555
transfer_black
0 96.00000 0.00000 7.10000 0.00000 0.00000 -1.00000 0.0000 0.0555
0 99.96677 3.04381 7.10000 0.00000 0.00000 -1.00000 0.0238 0.0555
0 100.33013 2.50000 7.10000 0.00000 0.00000 -1.00000 0.0195 0.0555
transfer_black
0 96.00000 0.00000 7.10000 0.00000 0.00000 -1.00000 0.0000 0.0555
0 99.53553 3.53553 7.10000 0.00000 0.00000 -1.00000 0.0276 0.0555
0 99.96677 3.04381 7.10000 0.00000 0.00000 -1.00000 0.0238 0.0555
transfer_black
0 96.00000 0.00000 7.10000 0.00000 0.00000 -1.00000 0.0000 0.0555
0 99.04381 3.96677 7.10000 0.00000 0.00000 -1.00000 0.0310 0.0555
0 99.53553 3.53553 7.10000 0.00000 0.00000 -1.00000 0.0276 0.0555
transfer_black
0 96.00000 0.00000 7.10000 0.00000 0.00000 -1.00000 0.0000 0.0555
0 98.50000 4.33013 7.10000 0.00000 0.00000 -1.00000 0.0338 0.0555
0 99.04381 3.96677 7.10000 0.00000 0.00000 -1.00000 0.0310 0.0555
transfer_black
0 96.00000 0.00000 7.10000 0.00000 0.00000 -1.00000 0.0000 0.0555
0 97.91342 4.61940 7.10000 0.00000 0.00000 -1.00000 0.0361 0.0555
0 98.50000 4.33013 7.10000 0.00000 0.00000 -1.00000 0.0338 0.0555
transfer_black
0 96.00000 0.00000 7.10000 0.00000 0.00000 -1.00000 0.0000 0.0555
0 97.29410 4.82963 7.10000 0.00000 0.00000 -1.00000 0.0377 0.0555
0 97.91342 4.61940 7.10000 0.00000 0.00000 -1.00000 0.0361 0.0555
transfer_black
0 96.00000 0.00000 7.10000 0.00000 0.00000 -1.00000 0.0000 0.0555
0 96.65263 4.95722 7.10000 0.00000 0.00000 -1.00000 0.0387 0.0555
0 97.29410 4.82963 7.10000 0.00000 0.00000 -1.00000 0.0377 0.0555
transfer_black
0 96.00000 0.00000 7.10000 0.00000 0.00000 -1.00000 0.0000 0.0555
0 96.00000 5.00000 7.10000 0.00000 0.00000 -1.00000 0.0391 0.0555
0 96.65263 4.95722 7.10000 0.00000 0.00000 -1.00000 0.0387 0.0555
transfer_black
0 96.00000 0.00000 7.10000 0.00000 0.00000 -1.00000 0.0000 0.0555
0 95.34737 4.95722 7.10000 0.00000 0.00000 -1.00000 0.0387 0.0555
0 96.00000 5.00000 7.10000 0.00000 0.00000 -1.00000 0.0391 0.0555
transfer_black
0 96.00000 0.00000 7.10000 0.00000 0.00000 -1.00000 0.0000 0.0555
0 94.70590 4.82963 7.10000 0.00000 0.00000 -1.00000 0.0377 0.0555
0 95.34737 4.95722 7.10000 0.00000 0.00000 -1.00000 0.0387 0.0555
transfer_black
0 96.00000 0.00000 7.10000 0.00000 0.00000 -1.00000 0.0000 0.0555
0 94.08658 4.61940 7.10000 0.00000 0.00000 -1.00000 0.0361 0.0555
0 94.70590 4.82963 7.10000 0.00000 0.00000 -1.00000 0.0377 0.0555
transfer_black
0 96.00000 0.00000 7.10000 0.00000 0.00000 -1.00000 0.0000 0.0555
0 93.50000 4.33013 7.10000 0.00000 0.00000 -1.00000 0.0338 0.0555
0 94.08658 4.61940 7.10000 0.00000 0.00000 -1.00000 0.0361 0.0555
transfer_black
0 96.00000 0.00000 7.10000 0.00000 0.00000 -1.00000 0.0000 0.0555
0 92.95619 3.96677 7.10000 0.00000 0.00000 -1.00000 0.0310 0.0555
0 93.50000 4.33013 7.10000 0.00000 0.00000 -1.00000 0.0338 0.0555
transfer_black
0 96.00000 0.00000 7.10000 0.00000 0.00000 -1.00000 0.0000 0.0555
0 92.46447 3.53553 7.10000 0.00000 0.00000 -1.00000 0.0276 0.0555
0 92.95619 3.96677 7.10000 0.00000 0.00000 -1.00000 0.0310 0.0555
transfer_black
0 96.00000 0.00000 7.10000 0.00000 0.00000 -1.00000 0.0000 0.0555
0 92.03323 3.04381 7.10000 0.00000 0.00000 -1.00000 0.0238 0.0555
0 92.46447 3.53553 7.10000 0.00000 0.00000 -1.00000 0.0276 0.0555
transfer_black
0 96.00000 0.00000 7.10000 0.00000 0.00000 -1.00000 0.0000 0.0555
0 91.66987 2.50000 7.10000 0.00000 0.00000 -1.00000 0.0195 0.0555
0 92.03323 3.04381 7.10000 0.00000 0.00000 -1.00000 0.0238 0.0555
transfer_black
0 96.00000 0.00000 7.10000 0.00000 0.00000 -1.00000 0.0000 0.0555
0 91.38060 1.91342 7.10000 0.00000 0.00000 -1.00000 0.0149 0.0555
0 91.66987 2.50000 7.10000 0.00000 0.00000 -1.00000 0.0195 0.0555
transfer_black
0 96.00000 0.00000 7.10000 0.00000 0.00000 -1.00000 0.0000 0.0555
0 91.17037 1.29410 7.10000 0.00000 0.00000 -1.00000 0.0101 0.0555
0 91.38060 1.91342 7.10000 0.00000 0.00000 -1.00000 0.0149 0.0555
transfer_black
0 96.00000 0.00000 7.10000 0.00000 0.00000 -1.00000 0.0000 0.0555
0 91.04278 0.65263 7.10000 0.00000 0.00000 -1.00000 0.0051 0.0555
0 91.17037 1.29410 7.10000 0.00000 0.00000 -1.00000 0.0101 0.0555
transfer_black
0 96.00000 0.00000 7.10000 0.00000 0.00000 -1.00000 0.0000 0.0555
0 91.00000 0.00000 7.10000 0.00000 0.00000 -1.00000 0.0000 0.0555
0 91.04278 0.65263 7.10000 0.00000 0.00000 -1.00000 0.0051 0.0555
transfer_black
0 96.00000 0.00000 7.10000 -0.00000 0.00000 -1.00000 0.0000 0.0555
0 91.04278 -0.65263 7.10000 -0.00000 0.00000 -1.00000 0.9949 0.0555
0 91.00000 0.00000 7.10000 -0.00000 0.00000 -1.00000 0.0000 0.0555
transfer_black
0 96.00000 0.00000 7.10000 0.00000 0.00000 -1.00000 0.0000 0.0555
0 91.17037 -1.29410 7.10000 0.00000 0.00000 -1.00000 0.9899 0.0555
0 91.04278 -0.65263 7.10000 0.00000 0.00000 -1.00000 0.9949 0.0555
transfer_black
0 96.00000 0.00000 7.10000 0.00000 0.00000 -1.00000 0.0000 0.0555
0 91.38060 -1.91342 7.10000 0.00000 0.00000 -1.00000 0.9851 0.0555
0 91.17037 -1.29410 7.10000 0.00000 0.00000 -1.00000 0.9899 0.0555
transfer_black
0 96.00000 0.00000 7.10000 0.00000 0.00000 -1.00000 0.0000 0.0555
0 91.66987 -2.50000 7.10000 0.00000 0.00000 -1.00000 0.9805 0.0555
0 91.38060 -1.91342 7.10000 0.00000 0.00000 -1.00000 0.9851 0.0555
transfer_black
0 96.00000 0.00000 7.10000 0.00000 0.00000 -1.00000 0.0000 0.0555
0 92.03323 -3.04381 7.10000 0.00000 0.00000 -1.00000 0.9762 0.0555
0 91.66987 -2.50000 7.10000 0.00000 0.00000 -1.00000 0.9805 0.0555
transfer_black
0 96.00000 0.00000 7.10000 0.00000 0.00000 -1.00000 0.0000 0.0555
0 92.46447 -3.53553 7.10000 0.00000 0.00000 -1.00000 0.9724 0.0555
0 92.03323 -3.04381 7.10000 0.00000 0.00000 -1.00000 0.9762 0.0555
transfer_black
0 96.00000 0.00000 7.10000 0.00000 0.00000 -1.00000 0.0000 0.0555
0 92.95619 -3.96677 7.10000 0.00000 0.00000 -1.00000 0.9690 0.0555
0 92.46447 -3.53553 7.10000 0.00000 0.00000 -1.00000 0.9724 0.0555
transfer_black
0 96.00000 0.00000 7.10000 0.00000 0.00000 -1.00000 0.0000 0.0555
0 93.50000 -4.33013 7.10000 0.00000 0.00000 -1.00000 0.9662 0.0555
0 92.95619 -3.96677 7.10000 0.00000 0.00000 -1.00000 0.9690 0.0555
transfer_black
0 96.00000 0.00000 7.10000 0.00000 0.00000 -1.00000 0.0000 0.0555
0 94.08658 -4.61940 7.10000 0.00000 0.00000 -1.00000 0.9639 0.0555
0 93.50000 -4.33013 7.10000 0.00000 0.00000 -1.00000 0.9662 0.0555
transfer_black
0 96.00000 0.00000 7.10000 0.00000 0.00000 -1.00000 0.0000 0.0555
0 94.70590 -4.82963 7.10000 0.00000 0.00000 -1.00000 0.9623 0.0555
0 94.08658 -4.61940 7.10000 0.00000 0.00000 -1.00000 0.9639 0.0555
transfer_black
0 96.00000 0.00000 7.10000 0.00000 0.00000 -1.00000 0.0000 0.0555
0 95.34737 -4.95722 7.10000 0.00000 0.00000 -1.00000 0.9613 0.0555
0 94.70590 -4.82963 7.10000 0.00000 0.00000 -1.00000 0.9623 0.0555
transfer_black
0 96.00000 0.00000 7.10000 0.00000 -0.00000 -1.00000 0.0000 0.0555
0 96.00000 -5.00000 7.10000 0.00000 -0.00000 -1.00000 0.9609 0.0555
0 95.34737 -4.95722 7.10000 0.00000 -0.00000 -1.00000 0.9613 0.0555
transfer_black
0 96.00000 0.00000 7.10000 0.00000 0.00000 -1.00000 0.0000 0.0555
0 96.65263 -4.95722 7.10000 0.00000 0.00000 -1.00000 0.9613 0.0555
0 96.00000 -5.00000 7.10000 0.00000 0.00000 -1.00000 0.9609 0.0555
transfer_black
0 96.00000 0.00000 7.10000 0.00000 0.00000 -1.00000 0.0000 0.0555
0 97.29410 -4.82963 7.10000 0.00000 0.00000 -1.00000 0.9623 0.0555
0 96.65263 -4.95722 7.10000 0.00000 0.00000 -1.00000 0.9613 0.0555
transfer_black
0 96.00000 0.00000 7.10000 0.00000 0.00000 -1.00000 0.0000 0.0555
0 97.91342 -4.61940 7.10000 0.00000 0.00000 -1.00000 0.9639 0.0555
0 97.29410 -4.82963 7.10000 0.00000 0.00000 -1.00000 0.9623 0.0555
transfer_black
0 96.00000 0.00000 7.10000 0.00000 0.00000 -1.00000 0.0000 0.0555
0 98.50000 -4.33013 7.10000 0.00000 0.00000 -1.00000 0.9662 0.0555
0 97.91342 -4.61940 7.10000 0.00000 0.00000 -1.00000 0.9639 0.0555
transfer_black
0 96.00000 0.00000 7.10000 0.00000 0.00000 -1.00000 0.0000 0.0555
0 99.04381 -3.96677 7.10000 0.00000 0.00000 -1.00000 0.9690 0.0555
0 98.50000 -4.33013 7.10000 0.00000 0.00000 -1.00000 0.9662 0.0555
transfer_black
0 96.00000 0.00000 7.10000 0.00000 0.00000 -1.00000 0.0000 0.0555
0 99.53553 -3.53553 7.10000 0.00000 0.00000 -1.00000 0.9724 0.0555
0 99.04381 -3.96677 7.10000 0.00000 0.00000 -1.00000 0.9690 0.0555
transfer_black
0 96.00000 0.00000 7.10000 0.00000 0.00000 -1.00000 0.0000 0.0555
0 99.96677 -3.04381 7.10000 0.00000 0.00000 -1.00000 0.9762 0.0555
0 99.53553 -3.53553 7.10000 0.00000 0.00000 -1.00000 0.9724 0.0555
transfer_black
0 96.00000 0.00000 7.10000 0.00000 0.00000 -1.00000 0.0000 0.0555
0 100.33013 -2.50000 7.10000 0.00000 0.00000 -1.00000 0.9805 0.0555
0 99.96677 -3.04381 7.10000 0.00000 0.00000 -1.00000 0.9762 0.0555
transfer_black
0 96.00000 0.00000 7.10000 0.00000 0.00000 -1.00000 0.0000 0.0555
0 100.61940 -1.91342 7.10000 0.00000 0.00000 -1.00000 0.9851 0.0555
0 100.33013 -2.50000 7.10000 0.00000 0.00000 -1.00000 0.9805 0.0555
transfer_black
0 96.00000 0.00000 7.10000 0.00000 0.00000 -1.00000 0.0000 0.0555
0 100.82963 -1.29410 7.10000 0.00000 0.00000 -1.00000 0.9899 0.0555
0 100.61940 -1.91342 7.10000 0.00000 0.00000 -1.00000 0.9851 0.0555
transfer_black
0 96.00000 0.00000 7.10000 0.00000 0.00000 -1.00000 0.0000 0.0555
0 100.95722 -0.65263 7.10000 0.00000 0.00000 -1.00000 0.9949 0.0555
0 100.82963 -1.29410 7.10000 0.00000 0.00000 -1.00000 0.9899 0.0555
transfer_black
0 96.00000 0.00000 7.10000 0.00000 0.00000 -1.00000 0.0000 0.0555
0 101.00000 -0.00000 7.10000 0.00000 0.00000 -1.00000 1.0000 0.0555
0 100.95722 -0.65263 7.10000 0.00000 0.00000 -1.00000 0.9949 0.0555
transfer_black
0 100.95722 0.65263 7.10000 0.99786 0.06540 -0.00000 0.0051 0.0555
0 100.95722 0.65263 7.40000 0.99786 0.06540 -0.00000 0.0051 0.0578
0 101.00000 0.00000 7.40000 0.99786 0.06540 -0.00000 0.0000 0.0578
transfer_black
0 100.95722 0.65263 7.10000 0.99786 0.06540 -0.00000 0.0051 0.0555
0 101.00000 0.00000 7.40000 0.99786 0.06540 -0.00000 0.0000 0.0578
0 101.00000 0.00000 7.10000 0.99786 0.06540 -0.00000 0.0000 0.0555
transfer_black
0 100.82963 1.29410 7.10000 0.98079 0.19509 -0.00000 0.0101 0.0555
0 100.82963 1.29410 7.40000 0.98079 0.19509 -0.00000 0.0101 0.0578
0 100.95722 0.65263 7.40000 0.98079 0.19509 -0.00000 0.0051 0.0578
transfer_black
0 100.82963 1.29410 7.10000 0.98079 0.19509 -0.00000 0.0101 0.0555
0 100.95722 0.65263 7.40000 0.98079 0.19509 -0.00000 0.0051 0.0578
0 100.95722 0.65263 7.10000 0.98079 0.19509 -0.00000 0.0051 0.0555
transfer_black
0 100.61940 1.91342 7.10000 0.94693 0.32144 -0.00000 0.0149 0.0555
0 100.61940 1.91342 7.40000 0.94693 0.32144 -0.00000 0.0149 0.0578
0 100.82963 1.29410 7.40000 0.94693 0.32144 -0.00000 0.0101 0.0578
transfer_black
0 100.61940 1.91342 7.10000 0.94693 0.32144 -0.00000 0.0149 0.0555
0 100.82963 1.29410 7.40000 0.94693 0.32144 -0.00000 0.0101 0.0578
0 100.82963 1.29410 7.10000 0.94693 0.32144 -0.00000 0.0101 0.0555
transfer_black
0 100.33013 2.50000 7.10000 0.89687 0.44229 -0.00000 0.0195 0.0555
0 100.33013 2.50000 7.40000 0.89687 0.44229 -0.00000 0.0195 0.0578
0 100.61940 1.91342 7.40000 0.89687 0.44229 -0.00000 0.0149 0.0578
transfer_black
0 100.33013 2.50000 7.10000 0.89687 0.44229 -0.00000 0.0195 0.0555
0 100.61940 1.91342 7.40000 0.89687 0.44229 -0.00000 0.0149 0.0578
0 100.61940 1.91342 7.10000 0.89687 0.44229 -0.00000 0.0149 0.0555
transfer_black
0 99.96677 3.04381 7.10000 0.83147 0.55557 -0.00000 0.0238 0.0555
0 99.96677 3.04381 7.40000 0.83147 0.55557 -0.00000 0.0238 0.0578
0 100.33013 2.50000 7.40000 0.83147 0.55557 -0.00000 0.0195 0.0578
transfer_black
0 99.96677 3.04381 7.10000 0.83147 0.55557 -0.00000 0.0238 0.0555
0 100.33013 2.50000 7.40000 0.83147 0.55557 -0.00000 0.0195 0.0578
0 100.33013 2.50000 7.10000 0.83147 0.55557 -0.00000 0.0195 0.0555
transfer_black
0 99.53553 3.53553 7.10000 0.75184 0.65935 -0.00000 0.0276 0.0555
0 99.53553 3.53553 7.40000 0.75184 0.65935 -0.00000 0.0276 0.0578
0 99.96677 3.04381 7.40000 0.75184 0.65935 -0.00000 0.0238 0.0578
transfer_black
0 99.53553 3.53553 7.10000 0.75184 0.65935 -0.00000 0.0276 0.0555
0 99.96677 3.04381 7.40000 0.75184 0.65935 -0.00000 0.0238 0.0578
0 99.96677 3.04381 7.10000 0.75184 0.65935 -0.00000 0.0238 0.0555
transfer_black
0 99.04381 3.96677 7.10000 0.65935 0.75184 -0.00000 0.0310 0.0555
0 99.04381 3.96677 7.40000 0.65935 0.75184 -0.00000 0.0310 0.0578
0 99.53553 3.53553 7.40000 0.65935 0.75184 -0.00000 0.0276 0.0578
transfer_black
0 99.04381 3.96677 7.10000 0.65935 0.75184 -0.00000 0.0310 0.0555
0 99.53553 3.53553 7.40000 0.65935 0.75184 -0.00000 0.0276 0.0578
0 99.53553 3.53553 7.10000 0.65935 0.75184 -0.00000 0.0276 0.0555
transfer_black
0 98.50000 4.33013 7.10000 0.55557 0.83147 -0.00000 0.0338 0.0555
0 98.50000 4.33013 7.40000 0.55557 0.83147 -0.00000 0.0338 0.0578
0 99.04381 3.96677 7.40000 0.55557 0.83147 -0.00000 0.0310 0.0578
transfer_black
0 98.50000 4.33013 7.10000 0.55557 0.83147 -0.00000 0.0338 0.0555
0 99.04381 3.96677 7.40000 0.55557 0.83147 -0.00000 0.0310 0.0578
0 99.04381 3.96677 7.10000 0.55557 0.83147 -0.00000 0.0310 0.0555
transfer_black
0 97.91342 4.61940 7.10000 0.44229 0.89687 -0.00000 0.0361 0.0555
0 97.91342 4.61940 7.40000 0.44229 0.89687 -0.00000 0.0361 0.0578
0 98.50000 4.33013 7.40000 0.44229 0.89687 -0.00000 0.0338 0.0578
transfer_black
0 97.91342 4.61940 7.10000 0.44229 0.89687 -0.00000 0.0361 0.0555
0 98.50000 4.33013 7.40000 0.44229 0.89687 -0.00000 0.0338 0.0578
0 98.50000 4.33013 7.10000 0.44229 0.89687 -0.00000 0.0338 0.0555
transfer_black
0 97.29410 4.82963 7.10000 0.32144 0.94693 -0.00000 0.0377 0.0555
0 97.29410 4.82963 7.40000 0.32144 0.94693 -0.00000 0.0377 0.0578
0 97.91342 4.61940 7.40000 0.32144 0.94693 -0.00000 0.0361 0.0578
transfer_black
0 97.29410 4.82963 7.10000 0.32144 0.94693 -0.00000 0.0377 0.0555
0 97.91342 4.61940 7.40000 0.32144 0.94693 -0.00000 0.0361 0.0578
0 97.91342 4.61940 7.10000 0.32144 0.94693 -0.00000 0.0361 0.0555
transfer_black
0 96.65263 4.95722 7.10000 0.19509 0.98079 -0.00000 0.0387 0.0555
0 96.65263 4.95722 7.40000 0.19509 0.98079 -0.00000 0.0387 0.0578
0 97.29410 4.82963 7.40000 0.19509 0.98079 -0.00000 0.0377 0.0578
transfer_black
0 96.65263 4.95722 7.10000 0.19509 0.98079 -0.00000 0.0387 0.0555
0 97.29410 4.82963 7.40000 0.19509 0.98079 -0.00000 0.0377 0.0578
0 97.29410 4.82963 7.10000 0.19509 0.98079 -0.00000 0.0377 0.0555
transfer_black
0 96.00000 5.00000 7.10000 0.06540 0.99786 -0.00000 0.0391 0.0555
0 96.00000 5.00000 7.40000 0.06540 0.99786 -0.00000 0.0391 0.0578
0 96.65263 4.95722 7.40000 0.06540 0.99786 -0.00000 0.0387 0.0578
transfer_black
0 96.00000 5.00000 7.10000 0.06540 0.99786 -0.00000 0.0391 0.0555
0 96.65263 4.95722 7.40000 0.06540 0.99786 -0.00000 0.0387 0.0578
0 96.65263 4.95722 7.10000 0.06540 0.99786 -0.00000 0.0387 0.0555
transfer_black
0 95.34737 4.95722 7.10000 -0.06540 0.99786 0.00000 0.0387 0.0555
0 95.34737 4.95722 7.40000 -0.06540 0.99786 0.00000 0.0387 0.0578
0 96.00000 5.00000 7.40000 -0.06540 0.99786 0.00000 0.0391 0.0578
transfer_black
0 95.34737 4.95722 7.10000 -0.06540 0.99786 0.00000 0.0387 0.0555
0 96.00000 5.00000 7.40000 -0.06540 0.99786 0.00000 0.0391 0.0578
0 96.00000 5.00000 7.10000 -0.06540 0.99786 0.00000 0.0391 0.0555
transfer_black
0 94.70590 4.82963 7.10000 -0.19509 0.98079 0.00000 0.0377 0.0555
0 94.70590 4.82963 7.40000 -0.19509 0.98079 0.00000 0.0377 0.0578
0 95.34737 4.95722 7.40000 -0.19509 0.98079 0.00000 0.0387 0.0578
transfer_black
0 94.70590 4.82963 7.10000 -0.19509 0.98079 0.00000 0.0377 0.0555
0 95.34737 4.95722 7.40000 -0.19509 0.98079 0.00000 0.0387 0.0578
0 95.34737 4.95722 7.10000 -0.19509 0.98079 0.00000 0.0387 0.0555
transfer_black
0 94.08658 4.61940 7.10000 -0.32144 0.94693 0.00000 0.0361 0.0555
0 94.08658 4.61940 7.40000 -0.32144 0.94693 0.00000 0.0361 0.0578
0 94.70590 4.82963 7.40000 -0.32144 0.94693 0.00000 0.0377 0.0578
transfer_black
0 94.08658 4.61940 7.10000 -0.32144 0.94693 0.00000 0.0361 0.0555
0 94.70590 4.82963 7.40000 -0.32144 0.94693 0.00000 0.0377 0.0578
0 94.70590 4.82963 7.10000 -0.32144 0.94693 0.00000 0.0377 0.0555
transfer_black
0 93.50000 4.33013 7.10000 -0.44229 0.89687 0.00000 0.0338 0.0555
0 93.50000 4.33013 7.40000 -0.44229 0.89687 0.00000 0.0338 0.0578
0 94.08658 4.61940 7.40000 -0.44229 0.89687 0.00000 0.0361 0.0578
transfer_black
0 93.50000 4.33013 7.10000 -0.44229 0.89687 0.00000 0.0338 0.0555
0 94.08658 4.61940 7.40000 -0.44229 0.89687 0.00000 0.0361 0.0578
0 94.08658 4.61940 7.10000 -0.44229 0.89687 0.00000 0.0361 0.0555
transfer_black
0 92.95619 3.96677 7.10000 -0.55557 0.83147 0.00000 0.0310 0.0555
0 92.95619 3.96677 7.40000 -0.55557 0.83147 0.00000 0.0310 0.0578
0 93.50000 4.33013 7.40000 -0.55557 0.83147 0.00000 0.0338 0.0578
transfer_black
0 92.95619 3.96677 7.10000 -0.55557 0.83147 0.00000 0.0310 0.0555
0 93.50000 4.33013 7.40000 -0.55557 0.83147 0.00000 0.0338 0.0578
0 93.50000 4.33013 7.10000 -0.55557 0.83147 0.00000 0.0338 0.0555
transfer_black
0 92.46447 3.53553 7.10000 -0.65935 0.75184 0.00000 0.0276 0.0555
0 92.46447 3.53553 7.40000 -0.65935 0.75184 0.00000 0.0276 0.0578
0 92.95619 3.96677 7.40000 -0.65935 0.75184 0.00000 0.0310 0.0578
transfer_black
0 92.46447 3.53553 7.10000 -0.65935 0.75184 0.00000 0.0276 0.0555
0 92.95619 3.96677 7.40000 -0.65935 0.75184 0.00000 0.0310 0.0578
0 92.95619 3.96677 7.10000 -0.65935 0.75184 0.00000 0.0310 0.0555
transfer_black
0 92.03323 3.04381 7.10000 -0.75184 0.65935 0.00000 0.0238 0.0555
0 92.03323 3.04381 7.40000 -0.75184 0.65935 0.00000 0.0238 0.0578
0 92.46447 3.53553 7.40000 -0.75184 0.65935 0.00000 0.0276 0.0578
transfer_black
0 92.03323 3.04381 7.10000 -0.75184 0.65935 0.00000 0.0238 0.0555
0 92.46447 3.53553 7.40000 -0.75184 0.65935 0.00000 0.0276 0.0578
0 92.46447 3.53553 7.10000 -0.75184 0.65935 0.00000 0.0276 0.0555
transfer_black
0 91.66987 2.50000 7.10000 -0.83147 0.55557 0.00000 0.0195 0.0555
0 91.66987 2.50000 7.40000 -0.83147 0.55557 0.00000 0.0195 0.0578
0 92.03323 3.04381 7.40000 -0.83147 0.55557 0.00000 0.0238 0.0578
transfer_black
0 91.66987 2.50000 7.10000 -0.83147 0.55557 0.00000 0.0195 0.0555
0 92.03323 3.04381 7.40000 -0.83147 0.55557 0.00000 0.0238 0.0578
0 92.03323 3.04381 7.10000 -0.83147 0.55557 0.00000 0.0238 0.0555
transfer_black
0 91.38060 1.91342 7.10000 -0.89687 0.44229 0.00000 0.0149 0.0555
0 91.38060 1.91342 7.40000 -0.89687 0.44229 0.00000 0.0149 0.0578
0 91.66987 2.50000 7.40000 -0.89687 0.44229 0.00000 0.0195 0.0578
transfer_black
0 91.38060 1.91342 7.10000 -0.89687 0.44229 0.00000 0.0149 0.0555
0 91.66987 2.50000 7.40000 -0.89687 0.44229 0.00000 0.0195 0.0578
0 91.66987 2.50000 7.10000 -0.89687 0.44229 0.00000 0.0195 0.0555
transfer_black
0 91.17037 1.29410 7.10000 -0.94693 0.32144 0.00000 0.0101 0.0555
0 91.17037 1.29410 7.40000 -0.94693 0.32144 0.00000 0.0101 0.0578
0 91.38060 1.91342 7.40000 -0.94693 0.32144 0.00000 0.0149 0.0578
transfer_black
0 91.17037 1.29410 7.10000 -0.94693 0.32144 0.00000 0.0101 0.0555
0 91.38060 1.91342 7.40000 -0.94693 0.32144 0.00000 0.0149 0.0578
0 91.38060 1.91342 7.10000 -0.94693 0.32144 0.00000 0.0149 0.0555
transfer_black
0 91.04278 0.65263 7.10000 -0.98079 0.19509 0.00000 0.0051 0.0555
0 91.04278 0.65263 7.40000 -0.98079 0.19509 0.00000 0.0051 0.0578
0 91.17037 1.29410 7.40000 -0.98079 0.19509 0.00000 0.0101 0.0578
transfer_black
0 91.04278 0.65263 7.10000 -0.98079 0.19509 0.00000 0.0051 0.0555
0 91.17037 1.29410 7.40000 -0.98079 0.19509 0.00000 0.0101 0.0578
0 91.17037 1.29410 7.10000 -0.98079 0.19509 0.00000 0.0101 0.0555
transfer_black
0 91.00000 0.00000 7.10000 -0.99786 0.06540 0.00000 0.0000 0.0555
0 91.00000 0.00000 7.40000 -0.99786 0.06540 0.00000 0.0000 0.0578
0 91.04278 0.65263 7.40000 -0.99786 0.06540 0.00000 0.0051 0.0578
transfer_black
0 91.00000 0.00000 7.10000 -0.99786 0.06540 0.00000 0.0000 0.0555
0 91.04278 0.65263 7.40000 -0.99786 0.06540 0.00000 0.0051 0.0578
0 91.04278 0.65263 7.10000 -0.99786 0.06540 0.00000 0.0051 0.0555
transfer_black
0 91.04278 -0.65263 7.10000 -0.99786 -0.06540 0.00000 0.9949 0.0555
0 91.04278 -0.65263 7.40000 -0.99786 -0.06540 0.00000 0.9949 0.0578
0 91.00000 0.00000 7.40000 -0.99786 -0.06540 0.00000 0.0000 0.0578
transfer_black
0 91.04278 -0.65263 7.10000 -0.99786 -0.06540 0.00000 0.9949 0.0555
0 91.00000 0.00000 7.40000 -0.99786 -0.06540 0.00000 0.0000 0.0578
0 91.00000 0.00000 7.10000 -0.99786 -0.06540 0.00000 0.0000 0.0555
transfer_black
0 91.17037 -1.29410 7.10000 -0.98079 -0.19509 0.00000 0.9899 0.0555
0 91.17037 -1.29410 7.40000 -0.98079 -0.19509 0.00000 0.9899 0.0578
0 91.04278 -0.65263 7.40000 -0.98079 -0.19509 0.00000 0.9949 0.0578
transfer_black
0 91.17037 -1.29410 7.10000 -0.98079 -0.19509 0.00000 0.9899 0.0555
0 91.04278 -0.65263 7.40000 -0.98079 -0.19509 0.00000 0.9949 0.0578
0 91.04278 -0.65263 7.10000 -0.98079 -0.19509 0.00000 0.9949 0.0555
transfer_black
0 91.38060 -1.91342 7.10000 -0.94693 -0.32144 0.00000 0.9851 0.0555
0 91.38060 -1.91342 7.40000 -0.94693 -0.32144 0.00000 0.9851 0.0578
0 91.17037 -1.29410 7.40000 -0.94693 -0.32144 0.00000 0.9899 0.0578
transfer_black
0 91.38060 -1.91342 7.10000 -0.94693 -0.32144 0.00000 0.9851 0.0555
0 91.17037 -1.29410 7.40000 -0.94693 -0.32144 0.00000 0.9899 0.0578
0 91.17037 -1.29410 7.10000 -0.94693 -0.32144 0.00000 0.9899 0.0555
transfer_black
0 91.66987 -2.50000 7.10000 -0.89687 -0.44229 0.00000 0.9805 0.0555
0 91.66987 -2.50000 7.40000 -0.89687 -0.44229 0.00000 0.9805 0.0578
0 91.38060 -1.91342 7.40000 -0.89687 -0.44229 0.00000 0.9851 0.0578
transfer_black
0 91.66987 -2.50000 7.10000 -0.89687 -0.44229 0.00000 0.9805 0.0555
0 91.38060 -1.91342 7.40000 -0.89687 -0.44229 0.00000 0.9851 0.0578
0 91.38060 -1.91342 7.10000 -0.89687 -0.44229 0.00000 0.9851 0.0555
transfer_black
0 92.03323 -3.04381 7.10000 -0.83147 -0.55557 0.00000 0.9762 0.0555
0 92.03323 -3.04381 7.40000 -0.83147 -0.55557 0.00000 0.9762 0.0578
0 91.66987 -2.50000 7.40000 -0.83147 -0.55557 0.00000 0.9805 0.0578
transfer_black
0 92.03323 -3.04381 7.10000 -0.83147 -0.55557 0.00000 0.9762 0.0555
0 91.66987 -2.50000 7.40000 -0.83147 -0.55557 0.00000 0.9805 0.0578
0 91.66987 -2.50000 7.10000 -0.83147 -0.55557 0.00000 0.9805 0.0555
transfer_black
0 92.46447 -3.53553 7.10000 -0.75184 -0.65935 0.00000 0.9724 0.0555
0 92.46447 -3.53553 7.40000 -0.75184 -0.65935 0.00000 0.9724 0.0578
0 92.03323 -3.04381 7.40000 -0.75184 -0.65935 0.00000 0.9762 0.0578
transfer_black
0 92.46447 -3.53553 7.10000 -0.75184 -0.65935 0.00000 0.9724 0.0555
0 92.03323 -3.04381 7.40000 -0.75184 -0.65935 0.00000 0.9762 0.0578
0 92.03323 -3.04381 7.10000 -0.75184 -0.65935 0.00000 0.9762 0.0555
transfer_black
0 92.95619 -3.96677 7.10000 -0.65935 -0.75184 0.00000 0.9690 0.0555
0 92.95619 -3.96677 7.40000 -0.65935 -0.75184 0.00000 0.9690 0.0578
0 92.46447 -3.53553 7.40000 -0.65935 -0.75184 0.00000 0.9724 0.0578
transfer_black
0 92.95619 -3.96677 7.10000 -0.65935 -0.75184 0.00000 0.9690 0.0555
0 92.46447 -3.53553 7.40000 -0.65935 -0.75184 0.00000 0.9724 0.0578
0 92.46447 -3.53553 7.10000 -0.65935 -0.75184 0.00000 0.9724 0.0555
transfer_black
0 93.50000 -4.33013 7.10000 -0.55557 -0.83147 0.00000 0.9662 0.0555
0 93.50000 -4.33013 7.40000 -0.55557 -0.83147 0.00000 0.9662 0.0578
0 92.95619 -3.96677 7.40000 -0.55557 -0.83147 0.00000 0.9690 0.0578
transfer_black
0 93.50000 -4.33013 7.10000 -0.55557 -0.83147 0.00000 0.9662 0.0555
0 92.95619 -3.96677 7.40000 -0.55557 -0.83147 0.00000 0.9690 0.0578
0 92.95619 -3.96677 7.10000 -0.55557 -0.83147 0.00000 0.9690 0.0555
transfer_black
0 94.08658 -4.61940 7.10000 -0.44229 -0.89687 0.00000 0.9639 0.0555
0 94.08658 -4.61940 7.40000 -0.44229 -0.89687 0.00000 0.9639 0.0578
0 93.50000 -4.33013 7.40000 -0.44229 -0.89687 0.00000 0.9662 0.0578
transfer_black
0 94.08658 -4.61940 7.10000 -0.44229 -0.89687 0.00000 0.9639 0.0555
0 93.50000 -4.33013 7.40000 -0.44229 -0.89687 0.00000 0.9662 0.0578
0 93.50000 -4.33013 7.10000 -0.44229 -0.89687 0.00000 0.9662 0.0555
transfer_black
0 94.70590 -4.82963 7.10000 -0.32144 -0.94693 0.00000 0.9623 0.0555
0 94.70590 -4.82963 7.40000 -0.32144 -0.94693 0.00000 0.9623 0.0578
0 94.08658 -4.61940 7.40000 -0.32144 -0.94693 0.00000 0.9639 0.0578
transfer_black
0 94.70590 -4.82963 7.10000 -0.32144 -0.94693 0.00000 0.9623 0.0555
0 94.08658 -4.61940 7.40000 -0.32144 -0.94693 0.00000 0.9639 0.0578
0 94.08658 -4.61940 7.10000 -0.32144 -0.94693 0.00000 0.9639 0.0555
transfer_black
0 95.34737 -4.95722 7.10000 -0.19509 -0.98079 0.00000 0.9613 0.0555
0 95.34737 -4.95722 7.40000 -0.19509 -0.98079 0.00000 0.9613 0.0578
0 94.70590 -4.82963 7.40000 -0.19509 -0.98079 0.00000 0.9623 0.0578
transfer_black
0 95.34737 -4.95722 7.10000 -0.19509 -0.98079 0.00000 0.9613 0.0555
0 94.70590 -4.82963 7.40000 -0.19509 -0.98079 0.00000 0.9623 0.0578
0 94.70590 -4.82963 7.10000 -0.19509 -0.98079 0.00000 0.9623 0.0555
transfer_black
0 96.00000 -5.00000 7.10000 -0.06540 -0.99786 0.00000 0.9609 0.0555
0 96.00000 -5.00000 7.40000 -0.06540 -0.99786 0.00000 0.9609 0.0578
0 95.34737 -4.95722 7.40000 -0.06540 -0.99786 0.00000 0.9613 0.0578
transfer_black
0 96.00000 -5.00000 7.10000 -0.06540 -0.99786 0.00000 0.9609 0.0555
0 95.34737 -4.95722 7.40000 -0.06540 -0.99786 0.00000 0.9613 0.0578
0 95.34737 -4.95722 7.10000 -0.06540 -0.99786 0.00000 0.9613 0.0555
transfer_black
0 96.65263 -4.95722 7.10000 0.06540 -0.99786 0.00000 0.9613 0.0555
0 96.65263 -4.95722 7.40000 0.06540 -0.99786 0.00000 0.9613 0.0578
0 96.00000 -5.00000 7.40000 0.06540 -0.99786 0.00000 0.9609 0.0578
transfer_black
0 96.65263 -4.95722 7.10000 0.06540 -0.99786 0.00000 0.9613 0.0555
0 96.00000 -5.00000 7.40000 0.06540 -0.99786 0.00000 0.9609 0.0578
0 96.00000 -5.00000 7.10000 0.06540 -0.99786 0.00000 0.9609 0.0555
transfer_black
0 97.29410 -4.82963 7.10000 0.19509 -0.98079 0.00000 0.9623 0.0555
0 97.29410 -4.82963 7.40000 0.19509 -0.98079 0.00000 0.9623 0.0578
0 96.65263 -4.95722 7.40000 0.19509 -0.98079 0.00000 0.9613 0.0578
transfer_black
0 97.29410 -4.82963 7.10000 0.19509 -0.98079 0.00000 0.9623 0.0555
0 96.65263 -4.95722 7.40000 0.19509 -0.98079 0.00000 0.9613 0.0578
0 96.65263 -4.95722 7.10000 0.19509 -0.98079 0.00000 0.9613 0.0555
transfer_black
0 97.91342 -4.61940 7.10000 0.32144 -0.94693 0.00000 0.9639 0.0555
0 97.91342 -4.61940 7.40000 0.32144 -0.94693 0.00000 0.9639 0.0578
0 97.29410 -4.82963 7.40000 0.32144 -0.94693 0.00000 0.9623 0.0578
transfer_black
0 97.91342 -4.61940 7.10000 0.32144 -0.94693 0.00000 0.9639 0.0555
0 97.29410 -4.82963 7.40000 0.32144 -0.94693 0.00000 0.9623 0.0578
0 97.29410 -4.82963 7.10000 0.32144 -0.94693 0.00000 0.9623 0.0555
transfer_black
0 98.50000 -4.33013 7.10000 0.44229 -0.89687 0.00000 0.9662 0.0555
0 98.50000 -4.33013 7.40000 0.44229 -0.89687 0.00000 0.9662 0.0578
0 97.91342 -4.61940 7.40000 0.44229 -0.89687 0.00000 0.9639 0.0578
transfer_black
0 98.50000 -4.33013 7.10000 0.44229 -0.89687 0.00000 0.9662 0.0555
0 97.91342 -4.61940 7.40000 0.44229 -0.89687 0.00000 0.9639 0.0578
0 97.91342 -4.61940 7.10000 0.44229 -0.89687 0.00000 0.9639 0.0555
transfer_black
0 99.04381 -3.96677 7.10000 0.55557 -0.83147 0.00000 0.9690 0.0555
0 99.04381 -3.96677 7.40000 0.55557 -0.83147 0.00000 0.9690 0.0578
0 98.50000 -4.33013 7.40000 0.55557 -0.83147 0.00000 0.9662 0.0578
transfer_black
0 99.04381 -3.96677 7.10000 0.55557 -0.83147 0.00000 0.9690 0.0555
0 98.50000 -4.33013 7.40000 0.55557 -0.83147 0.00000 0.9662 0.0578
0 98.50000 -4.33013 7.10000 0.55557 -0.83147 0.00000 0.9662 0.0555
transfer_black
0 99.53553 -3.53553 7.10000 0.65935 -0.75184 0.00000 0.9724 0.0555
0 99.53553 -3.53553 7.40000 0.65935 -0.75184 0.00000 0.9724 0.0578
0 99.04381 -3.96677 7.40000 0.65935 -0.75184 0.00000 0.9690 0.0578
transfer_black
0 99.53553 -3.53553 7.10000 0.65935 -0.75184 0.00000 0.9724 0.0555
0 99.04381 -3.96677 7.40000 0.65935 -0.75184 0.00000 0.9690 0.0578
0 99.04381 -3.96677 7.10000 0.65935 -0.75184 0.00000 0.9690 0.0555
transfer_black
0 99.96677 -3.04381 7.10000 0.75184 -0.65935 0.00000 0.9762 0.0555
0 99.96677 -3.04381 7.40000 0.75184 -0.65935 0.00000 0.9762 0.0578
0 99.53553 -3.53553 7.40000 0.75184 -0.65935 0.00000 0.9724 0.0578
transfer_black
0 99.96677 -3.04381 7.10000 0.75184 -0.65935 0.00000 0.9762 0.0555
0 99.53553 -3.53553 7.40000 0.75184 -0.65935 0.00000 0.9724 0.0578
0 99.53553 -3.53553 7.10000 0.75184 -0.65935 0.00000 0.9724 0.0555
transfer_black
0 100.33013 -2.50000 7.10000 0.83147 -0.55557 0.00000 0.9805 0.0555
0 100.33013 -2.50000 7.40000 0.83147 -0.55557 0.00000 0.9805 0.0578
0 99.96677 -3.04381 7.40000 0.83147 -0.55557 0.00000 0.9762 0.0578
transfer_black
0 100.33013 -2.50000 7.10000 0.83147 -0.55557 0.00000 0.9805 0.0555
0 99.96677 -3.04381 7.40000 0.83147 -0.55557 0.00000 0.9762 0.0578
0 99.96677 -3.04381 7.10000 0.83147 -0.55557 0.00000 0.9762 0.0555
transfer_black
0 100.61940 -1.91342 7.10000 0.89687 -0.44229 0.00000 0.9851 0.0555
0 100.61940 -1.91342 7.40000 0.89687 -0.44229 0.00000 0.9851 0.0578
0 100.33013 -2.50000 7.40000 0.89687 -0.44229 0.00000 0.9805 0.0578
transfer_black
0 100.61940 -1.91342 7.10000 0.89687 -0.44229 0.00000 0.9851 0.0555
0 100.33013 -2.50000 7.40000 0.89687 -0.44229 0.00000 0.9805 0.0578
0 100.33013 -2.50000 7.10000 0.89687 -0.44229 0.00000 0.9805 0.0555
transfer_black
0 100.82963 -1.29410 7.10000 0.94693 -0.32144 0.00000 0.9899 0.0555
0 100.82963 -1.29410 7.40000 0.94693 -0.32144 0.00000 0.9899 0.0578
0 100.61940 -1.91342 7.40000 0.94693 -0.32144 0.00000 0.9851 0.0578
transfer_black
0 100.82963 -1.29410 7.10000 0.94693 -0.32144 0.00000 0.9899 0.0555
0 100.61940 -1.91342 7.40000 0.94693 -0.32144 0.00000 0.9851 0.0578
0 100.61940 -1.91342 7.10000 0.94693 -0.32144 0.00000 0.9851 0.0555
transfer_black
0 100.95722 -0.65263 7.10000 0.98079 -0.19509 0.00000 0.9949 0.0555
0 100.95722 -0.65263 7.40000 0.98079 -0.19509 0.00000 0.9949 0.0578
0 100.82963 -1.29410 7.40000 0.98079 -0.19509 0.00000 0.9899 0.0578
transfer_black
0 100.95722 -0.65263 7.10000 0.98079 -0.19509 0.00000 0.9949 0.0555
0 100.82963 -1.29410 7.40000 0.98079 -0.19509 0.00000 0.9899 0.0578
0 100.82963 -1.29410 7.10000 0.98079 -0.19509 0.00000 0.9899 0.0555
transfer_black
0 101.00000 -0.00000 7.10000 0.99786 -0.06540 0.00000 1.0000 0.0555
0 101.00000 -0.00000 7.40000 0.99786 -0.06540 0.00000 1.0000 0.0578
0 100.95722 -0.65263 7.40000 0.99786 -0.06540 0.00000 0.9949 0.0578
transfer_black
0 101.00000 -0.00000 7.10000 0.99786 -0.06540 0.00000 1.0000 0.0555
0 100.95722 -0.65263 7.40000 0.99786 -0.06540 0.00000 0.9949 0.0578
0 100.95722 -0.65263 7.10000 0.99786 -0.06540 0.00000 0.9949 0.0555
transfer_black
0 101.00000 0.00000 7.40000 0.00000 0.00000 1.00000 0.0000 0.0578
0 100.95722 0.65263 7.40000 0.00000 0.00000 1.00000 0.0051 0.0578
0 96.00000 0.00000 7.40000 0.00000 0.00000 1.00000 0.0000 0.0578
transfer_black
0 100.95722 0.65263 7.40000 0.00000 0.00000 1.00000 0.0051 0.0578
0 100.82963 1.29410 7.40000 0.00000 0.00000 1.00000 0.0101 0.0578
0 96.00000 0.00000 7.40000 0.00000 0.00000 1.00000 0.0000 0.0578
transfer_black
0 100.82963 1.29410 7.40000 0.00000 0.00000 1.00000 0.0101 0.0578
0 100.61940 1.91342 7.40000 0.00000 0.00000 1.00000 0.0149 0.0578
0 96.00000 0.00000 7.40000 0.00000 0.00000 1.00000 0.0000 0.0578
transfer_black
0 100.61940 1.91342 7.40000 0.00000 0.00000 1.00000 0.0149 0.0578
0 100.33013 2.50000 7.40000 0.00000 0.00000 1.00000 0.0195 0.0578
0 96.00000 0.00000 7.40000 0.00000 0.00000 1.00000 0.0000 0.0578
transfer_black
0 100.33013 2.50000 7.40000 0.00000 0.00000 1.00000 0.0195 0.0578
0 99.96677 3.04381 7.40000 0.00000 0.00000 1.00000 0.0238 0.0578
0 96.00000 0.00000 7.40000 0.00000 0.00000 1.00000 0.0000 0.0578
transfer_black
0 99.96677 3.04381 7.40000 0.00000 0.00000 1.00000 0.0238 0.0578
0 99.53553 3.53553 7.40000 0.00000 0.00000 1.00000 0.0276 0.0578
0 96.00000 0.00000 7.40000 0.00000 0.00000 1.00000 0.0000 0.0578
transfer_black
0 99.53553 3.53553 7.40000 0.00000 0.00000 1.00000 0.0276 0.0578
0 99.04381 3.96677 7.40000 0.00000 0.00000 1.00000 0.0310 0.0578
0 96.00000 0.00000 7.40000 0.00000 0.00000 1.00000 0.0000 0.0578
transfer_black
0 99.04381 3.96677 7.40000 0.00000 0.00000 1.00000 0.0310 0.0578
0 98.50000 4.33013 7.40000 0.00000 0.00000 1.00000 0.0338 0.0578
0 96.00000 0.00000 7.40000 0.00000 0.00000 1.00000 0.0000 0.0578
transfer_black
0 98.50000 4.33013 7.40000 0.00000 0.00000 1.00000 0.0338 0.0578
0 97.91342 4.61940 7.40000 0.00000 0.00000 1.00000 0.0361 0.0578
0 96.00000 0.00000 7.40000 0.00000 0.00000 1.00000 0.0000 0.0578
transfer_black
0 97.91342 4.61940 7.40000 0.00000 0.00000 1.00000 0.0361 0.0578
0 97.29410 4.82963 7.40000 0.00000 0.00000 1.00000 0.0377 0.0578
0 96.00000 0.00000 7.40000 0.00000 0.00000 1.00000 0.0000 0.0578
transfer_black
0 97.29410 4.82963 7.40000 0.00000 0.00000 1.00000 0.0377 0.0578
0 96.65263 4.95722 7.40000 0.00000 0.00000 1.00000 0.0387 0.0578
0 96.00000 0.00000 7.40000 0.00000 0.00000 1.00000 0.0000 0.0578
transfer_black
0 96.65263 4.95722 7.40000 0.00000 0.00000 1.00000 0.0387 0.0578
0 96.00000 5.00000 7.40000 0.00000 0.00000 1.00000 0.0391 0.0578
0 96.00000 0.00000 7.40000 0.00000 0.00000 1.00000 0.0000 0.0578
transfer_black
0 96.00000 5.00000 7.40000 0.00000 0.00000 1.00000 0.0391 0.0578
0 95.34737 4.95722 7.40000 0.00000 0.00000 1.00000 0.0387 0.0578
0 96.00000 0.00000 7.40000 0.00000 0.00000 1.00000 0.0000 0.0578
transfer_black
0 95.34737 4.95722 7.40000 0.00000 0.00000 1.00000 0.0387 0.0578
0 94.70590 4.82963 7.40000 0.00000 0.00000 1.00000 0.0377 0.0578
0 96.00000 0.00000 7.40000 0.00000 0.00000 1.00000 0.0000 0.0578
transfer_black
0 94.70590 4.82963 7.40000 0.00000 0.00000 1.00000 0.0377 0.0578
0 94.08658 4.61940 7.40000 0.00000 0.00000 1.00000 0.0361 0.0578
0 96.00000 0.00000 7.40000 0.00000 0.00000 1.00000 0.0000 0.0578
transfer_black
0 94.08658 4.61940 7.40000 0.00000 0.00000 1.00000 0.0361 0.0578
0 93.50000 4.33013 7.40000 0.00000 0.00000 1.00000 0.0338 0.0578
0 96.00000 0.00000 7.40000 0.00000 0.00000 1.00000 0.0000 0.0578
transfer_black
0 93.50000 4.33013 7.40000 0.00000 0.00000 1.00000 0.0338 0.0578
0 92.95619 3.96677 7.40000 0.00000 0.00000 1.00000 0.0310 0.0578
0 96.00000 0.00000 7.40000 0.00000 0.00000 1.00000 0.0000 0.0578
transfer_black
0 92.95619 3.96677 7.40000 0.00000 0.00000 1.00000 0.0310 0.0578
0 92.46447 3.53553 7.40000 0.00000 0.00000 1.00000 0.0276 0.0578
0 96.00000 0.00000 7.40000 0.00000 0.00000 1.00000 0.0000 0.0578
transfer_black
0 92.46447 3.53553 7.40000 0.00000 0.00000 1.00000 0.0276 0.0578
0 92.03323 3.04381 7.40000 0.00000 0.00000 1.00000 0.0238 0.0578
0 96.00000 0.00000 7.40000 0.00000 0.00000 1.00000 0.0000 0.0578
transfer_black
0 92.03323 3.04381 7.40000 0.00000 0.00000 1.00000 0.0238 0.0578
0 91.66987 2.50000 7.40000 0.00000 0.00000 1.00000 0.0195 0.0578
0 96.00000 0.00000 7.40000 0.00000 0.00000 1.00000 0.0000 0.0578
transfer_black
0 91.66987 2.50000 7.40000 0.00000 0.00000 1.00000 0.0195 0.0578
0 91.38060 1.91342 7.40000 0.00000 0.00000 1.00000 0.0149 0.0578
0 96.00000 0.00000 7.40000 0.00000 0.00000 1.00000 0.0000 0.0578
transfer_black
0 91.38060 1.91342 7.40000 0.00000 0.00000 1.00000 0.0149 0.0578
0 91.17037 1.29410 7.40000 0.00000 0.00000 1.00000 0.0101 0.0578
0 96.00000 0.00000 7.40000 0.00000 0.00000 1.00000 0.0000 0.0578
transfer_black
0 91.17037 1.29410 7.40000 0.00000 0.00000 1.00000 0.0101 0.0578
0 91.04278 0.65263 7.40000 0.00000 0.00000 1.00000 0.0051 0.0578
0 96.00000 0.00000 7.40000 0.00000 0.00000 1.00000 0.0000 0.0578
transfer_black
0 91.04278 0.65263 7.40000 0.00000 0.00000 1.00000 0.0051 0.0578
0 91.00000 0.00000 7.40000 0.00000 0.00000 1.00000 0.0000 0.0578
0 96.00000 0.00000 7.40000 0.00000 0.00000 1.00000 0.0000 0.0578
transfer_black
0 91.00000 0.00000 7.40000 0.00000 0.00000 1.00000 0.0000 0.0578
0 91.04278 -0.65263 7.40000 0.00000 0.00000 1.00000 0.9949 0.0578
0 96.00000 0.00000 7.40000 0.00000 0.00000 1.00000 0.0000 0.0578
transfer_black
0 91.04278 -0.65263 7.40000 -0.00000 0.00000 1.00000 0.9949 0.0578
0 91.17037 -1.29410 7.40000 -0.00000 0.00000 1.00000 0.9899 0.0578
0 96.00000 0.00000 7.40000 -0.00000 0.00000 1.00000 0.0000 0.0578
transfer_black
0 91.17037 -1.29410 7.40000 -0.00000 0.00000 1.00000 0.9899 0.0578
0 91.38060 -1.91342 7.40000 -0.00000 0.00000 1.00000 0.9851 0.0578
0 96.00000 0.00000 7.40000 -0.00000 0.00000 1.00000 0.0000 0.0578
transfer_black
0 91.38060 -1.91342 7.40000 -0.00000 0.00000 1.00000 0.9851 0.0578
0 91.66987 -2.50000 7.40000 -0.00000 0.00000 1.00000 0.9805 0.0578
0 96.00000 0.00000 7.40000 -0.00000 0.00000 1.00000 0.0000 0.0578
transfer_black
0 91.66987 -2.50000 7.40000 -0.00000 0.00000 1.00000 0.9805 0.0578
0 92.03323 -3.04381 7.40000 -0.00000 0.00000 1.00000 0.9762 0.0578
0 96.00000 0.00000 7.40000 -0.00000 0.00000 1.00000 0.0000 0.0578
transfer_black
0 92.03323 -3.04381 7.40000 -0.00000 0.00000 1.00000 0.9762 0.0578
0 92.46447 -3.53553 7.40000 -0.00000 0.00000 1.00000 0.9724 0.0578
0 96.00000 0.00000 7.40000 -0.00000 0.00000 1.00000 0.0000 0.0578
transfer_black
0 92.46447 -3.53553 7.40000 -0.00000 0.00000 1.00000 0.9724 0.0578
0 92.95619 -3.96677 7.40000 -0.00000 0.00000 1.00000 0.9690 0.0578
0 96.00000 0.00000 7.40000 -0.00000 0.00000 1.00000 0.0000 0.0578
transfer_black
0 92.95619 -3.96677 7.40000 -0.00000 0.00000 1.00000 0.9690 0.0578
0 93.50000 -4.33013 7.40000 -0.00000 0.00000 1.00000 0.9662 0.0578
0 96.00000 0.00000 7.40000 -0.00000 0.00000 1.00000 0.0000 0.0578
transfer_black
0 93.50000 -4.33013 7.40000 -0.00000 0.00000 1.00000 0.9662 0.0578
0 94.08658 -4.61940 7.40000 -0.00000 0.00000 1.00000 0.9639 0.0578
0 96.00000 0.00000 7.40000 -0.00000 0.00000 1.00000 0.0000 0.0578
transfer_black
0 94.08658 -4.61940 7.40000 -0.00000 0.00000 1.00000 0.9639 0.0578
0 94.70590 -4.82963 7.40000 -0.00000 0.00000 1.00000 0.9623 0.0578
0 96.00000 0.00000 7.40000 -0.00000 0.00000 1.00000 0.0000 0.0578
transfer_black
0 94.70590 -4.82963 7.40000 -0.00000 0.00000 1.00000 0.9623 0.0578
0 95.34737 -4.95722 7.40000 -0.00000 0.00000 1.00000 0.9613 0.0578
0 96.00000 0.00000 7.40000 -0.00000 0.00000 1.00000 0.0000 0.0578
transfer_black
0 95.34737 -4.95722 7.40000 -0.00000 0.00000 1.00000 0.9613 0.0578
0 96.00000 -5.00000 7.40000 -0.00000 0.00000 1.00000 0.9609 0.0578
0 96.00000 0.00000 7.40000 -0.00000 0.00000 1.00000 0.0000 0.0578
transfer_black
0 96.00000 -5.00000 7.40000 0.00000 0.00000 1.00000 0.9609 0.0578
0 96.65263 -4.95722 7.40000 0.00000 0.00000 1.00000 0.9613 0.0578
0 96.00000 0.00000 7.40000 0.00000 0.00000 1.00000 0.0000 0.0578
transfer_black
0 96.65263 -4.95722 7.40000 0.00000 -0.00000 1.00000 0.9613 0.0578
0 97.29410 -4.82963 7.40000 0.00000 -0.00000 1.00000 0.9623 0.0578
0 96.00000 0.00000 7.40000 0.00000 -0.00000 1.00000 0.0000 0.0578
transfer_black
0 97.29410 -4.82963 7.40000 0.00000 -0.00000 1.00000 0.9623 0.0578
0 97.91342 -4.61940 7.40000 0.00000 -0.00000 1.00000 0.9639 0.0578
0 96.00000 0.00000 7.40000 0.00000 -0.00000 1.00000 0.0000 0.0578
transfer_black
0 97.91342 -4.61940 7.40000 0.00000 -0.00000 1.00000 0.9639 0.0578
0 98.50000 -4.33013 7.40000 0.00000 -0.00000 1.00000 0.9662 0.0578
0 96.00000 0.00000 7.40000 0.00000 -0.00000 1.00000 0.0000 0.0578
transfer_black
0 98.50000 -4.33013 7.40000 0.00000 -0.00000 1.00000 0.9662 0.0578
0 99.04381 -3.96677 7.40000 0.00000 -0.00000 1.00000 0.9690 0.0578
0 96.00000 0.00000 7.40000 0.00000 -0.00000 1.00000 0.0000 0.0578
transfer_black
0 99.04381 -3.96677 7.40000 0.00000 -0.00000 1.00000 0.9690 0.0578
0 99.53553 -3.53553 7.40000 0.00000 -0.00000 1.00000 0.9724 0.0578
0 96.00000 0.00000 7.40000 0.00000 -0.00000 1.00000 0.0000 0.0578
transfer_black
0 99.53553 -3.53553 7.40000 0.00000 -0.00000 1.00000 0.9724 0.0578
0 99.96677 -3.04381 7.40000 0.00000 -0.00000 1.00000 0.9762 0.0578
0 96.00000 0.00000 7.40000 0.00000 -0.00000 1.00000 0.0000 0.0578
transfer_black
0 99.96677 -3.04381 7.40000 0.00000 -0.00000 1.00000 0.9762 0.0578
0 100.33013 -2.50000 7.40000 0.00000 -0.00000 1.00000 0.9805 0.0578
0 96.00000 0.00000 7.40000 0.00000 -0.00000 1.00000 0.0000 0.0578
transfer_black
0 100.33013 -2.50000 7.40000 0.00000 -0.00000 1.00000 0.9805 0.0578
0 100.61940 -1.91342 7.40000 0.00000 -0.00000 1.00000 0.9851 0.0578
0 96.00000 0.00000 7.40000 0.00000 -0.00000 1.00000 0.0000 0.0578
transfer_black
0 100.61940 -1.91342 7.40000 0.00000 -0.00000 1.00000 0.9851 0.0578
0 100.82963 -1.29410 7.40000 0.00000 -0.00000 1.00000 0.9899 0.0578
0 96.00000 0.00000 7.40000 0.00000 -0.00000 1.00000 0.0000 0.0578
transfer_black
0 100.82963 -1.29410 7.40000 0.00000 -0.00000 1.00000 0.9899 0.0578
0 100.95722 -0.65263 7.40000 0.00000 -0.00000 1.00000 0.9949 0.0578
0 96.00000 0.00000 7.40000 0.00000 -0.00000 1.00000 0.0000 0.0578
transfer_black
0 100.95722 -0.65263 7.40000 0.00000 -0.00000 1.00000 0.9949 0.0578
0 101.00000 -0.00000 7.40000 0.00000 -0.00000 1.00000 1.0000 0.0578
0 96.00000 0.00000 7.40000 0.00000 -0.00000 1.00000 0.0000 0.0578
end
