version 1
nodes
0 "root" -1
end
skeleton
time 0
0 0 0 0 0 0 0
end
triangles
collar_gray
0 -7.000000 111.274655 29.815954 -1.000000 0.000000 0.000000 1.738666 0.465874
0 -7.000000 97.365323 26.088960 -1.000000 0.000000 0.000000 1.521333 0.407640
0 -7.000000 71.276364 71.276364 -1.000000 0.000000 0.000000 1.113693 1.113693
collar_gray
0 -7.000000 111.274655 29.815954 -1.000000 0.000000 0.000000 1.738666 0.465874
0 -7.000000 71.276364 71.276364 -1.000000 0.000000 0.000000 1.113693 1.113693
0 -7.000000 81.458701 81.458701 -1.000000 0.000000 0.000000 1.272792 1.272792
collar_gray
0 -7.000000 81.458701 81.458701 -1.000000 0.000000 0.000000 1.272792 1.272792
0 -7.000000 71.276364 71.276364 -1.000000 0.000000 0.000000 1.113693 1.113693
0 -7.000000 26.088960 97.365323 -1.000000 0.000000 0.000000 0.407640 1.521333
collar_gray
0 -7.000000 81.458701 81.458701 -1.000000 0.000000 0.000000 1.272792 1.272792
0 -7.000000 26.088960 97.365323 -1.000000 0.000000 0.000000 0.407640 1.521333
0 -7.000000 29.815954 111.274655 -1.000000 0.000000 0.000000 0.465874 1.738666
collar_gray
0 -7.000000 29.815954 111.274655 -1.000000 0.000000 0.000000 0.465874 1.738666
0 -7.000000 26.088960 97.365323 -1.000000 0.000000 0.000000 0.407640 1.521333
0 -7.000000 -26.088960 97.365323 -1.000000 0.000000 0.000000 -0.407640 1.521333
collar_gray
0 -7.000000 29.815954 111.274655 -1.000000 0.000000 0.000000 0.465874 1.738666
0 -7.000000 -26.088960 97.365323 -1.000000 0.000000 0.000000 -0.407640 1.521333
0 -7.000000 -29.815954 111.274655 -1.000000 0.000000 0.000000 -0.465874 1.738666
collar_gray
0 -7.000000 -29.815954 111.274655 -1.000000 0.000000 0.000000 -0.465874 1.738666
0 -7.000000 -26.088960 97.365323 -1.000000 0.000000 0.000000 -0.407640 1.521333
0 -7.000000 -71.276364 71.276364 -1.000000 0.000000 0.000000 -1.113693 1.113693
collar_gray
0 -7.000000 -29.815954 111.274655 -1.000000 0.000000 0.000000 -0.465874 1.738666
0 -7.000000 -71.276364 71.276364 -1.000000 0.000000 0.000000 -1.113693 1.113693
0 -7.000000 -81.458701 81.458701 -1.000000 0.000000 0.000000 -1.272792 1.272792
collar_gray
0 -7.000000 -81.458701 81.458701 -1.000000 0.000000 0.000000 -1.272792 1.272792
0 -7.000000 -71.276364 71.276364 -1.000000 0.000000 0.000000 -1.113693 1.113693
0 -7.000000 -97.365323 26.088960 -1.000000 0.000000 0.000000 -1.521333 0.407640
collar_gray
0 -7.000000 -81.458701 81.458701 -1.000000 0.000000 0.000000 -1.272792 1.272792
0 -7.000000 -97.365323 26.088960 -1.000000 0.000000 0.000000 -1.521333 0.407640
0 -7.000000 -111.274655 29.815954 -1.000000 0.000000 0.000000 -1.738666 0.465874
collar_gray
0 -7.000000 -111.274655 29.815954 -1.000000 0.000000 0.000000 -1.738666 0.465874
0 -7.000000 -97.365323 26.088960 -1.000000 0.000000 0.000000 -1.521333 0.407640
0 -7.000000 -97.365323 -26.088960 -1.000000 0.000000 0.000000 -1.521333 -0.407640
collar_gray
0 -7.000000 -111.274655 29.815954 -1.000000 0.000000 0.000000 -1.738666 0.465874
0 -7.000000 -97.365323 -26.088960 -1.000000 0.000000 0.000000 -1.521333 -0.407640
0 -7.000000 -111.274655 -29.815954 -1.000000 0.000000 0.000000 -1.738666 -0.465874
collar_gray
0 -7.000000 -111.274655 -29.815954 -1.000000 0.000000 0.000000 -1.738666 -0.465874
0 -7.000000 -97.365323 -26.088960 -1.000000 0.000000 0.000000 -1.521333 -0.407640
0 -7.000000 -71.276364 -71.276364 -1.000000 0.000000 0.000000 -1.113693 -1.113693
collar_gray
0 -7.000000 -111.274655 -29.815954 -1.000000 0.000000 0.000000 -1.738666 -0.465874
0 -7.000000 -71.276364 -71.276364 -1.000000 0.000000 0.000000 -1.113693 -1.113693
0 -7.000000 -81.458701 -81.458701 -1.000000 0.000000 0.000000 -1.272792 -1.272792
collar_gray
0 -7.000000 -81.458701 -81.458701 -1.000000 0.000000 0.000000 -1.272792 -1.272792
0 -7.000000 -71.276364 -71.276364 -1.000000 0.000000 0.000000 -1.113693 -1.113693
0 -7.000000 -26.088960 -97.365323 -1.000000 0.000000 0.000000 -0.407640 -1.521333
collar_gray
0 -7.000000 -81.458701 -81.458701 -1.000000 0.000000 0.000000 -1.272792 -1.272792
0 -7.000000 -26.088960 -97.365323 -1.000000 0.000000 0.000000 -0.407640 -1.521333
0 -7.000000 -29.815954 -111.274655 -1.000000 0.000000 0.000000 -0.465874 -1.738666
collar_gray
0 -7.000000 -29.815954 -111.274655 -1.000000 0.000000 0.000000 -0.465874 -1.738666
0 -7.000000 -26.088960 -97.365323 -1.000000 0.000000 0.000000 -0.407640 -1.521333
0 -7.000000 26.088960 -97.365323 -1.000000 0.000000 0.000000 0.407640 -1.521333
collar_gray
0 -7.000000 -29.815954 -111.274655 -1.000000 0.000000 0.000000 -0.465874 -1.738666
0 -7.000000 26.088960 -97.365323 -1.000000 0.000000 0.000000 0.407640 -1.521333
0 -7.000000 29.815954 -111.274655 -1.000000 0.000000 0.000000 0.465874 -1.738666
collar_gray
0 -7.000000 29.815954 -111.274655 -1.000000 0.000000 0.000000 0.465874 -1.738666
0 -7.000000 26.088960 -97.365323 -1.000000 0.000000 0.000000 0.407640 -1.521333
0 -7.000000 71.276364 -71.276364 -1.000000 0.000000 0.000000 1.113693 -1.113693
collar_gray
0 -7.000000 29.815954 -111.274655 -1.000000 0.000000 0.000000 0.465874 -1.738666
0 -7.000000 71.276364 -71.276364 -1.000000 0.000000 0.000000 1.113693 -1.113693
0 -7.000000 81.458701 -81.458701 -1.000000 0.000000 0.000000 1.272792 -1.272792
collar_gray
0 -7.000000 81.458701 -81.458701 -1.000000 0.000000 0.000000 1.272792 -1.272792
0 -7.000000 71.276364 -71.276364 -1.000000 0.000000 0.000000 1.113693 -1.113693
0 -7.000000 97.365323 -26.088960 -1.000000 0.000000 0.000000 1.521333 -0.407640
collar_gray
0 -7.000000 81.458701 -81.458701 -1.000000 0.000000 0.000000 1.272792 -1.272792
0 -7.000000 97.365323 -26.088960 -1.000000 0.000000 0.000000 1.521333 -0.407640
0 -7.000000 111.274655 -29.815954 -1.000000 0.000000 0.000000 1.738666 -0.465874
collar_gray
0 -7.000000 111.274655 -29.815954 -1.000000 0.000000 0.000000 1.738666 -0.465874
0 -7.000000 97.365323 -26.088960 -1.000000 0.000000 0.000000 1.521333 -0.407640
0 -7.000000 97.365323 26.088960 -1.000000 0.000000 0.000000 1.521333 0.407640
collar_gray
0 -7.000000 111.274655 -29.815954 -1.000000 0.000000 0.000000 1.738666 -0.465874
0 -7.000000 97.365323 26.088960 -1.000000 0.000000 0.000000 1.521333 0.407640
0 -7.000000 111.274655 29.815954 -1.000000 0.000000 0.000000 1.738666 0.465874
collar_bevel
0 -7.000000 97.365323 26.088960 -0.398637 0.794240 0.458554 -0.109375 0.407640
0 -9.000000 96.495990 25.856023 -0.398637 0.794240 0.458554 -0.140625 0.404000
0 -9.000000 70.639967 70.639967 -0.398637 0.794240 0.458554 -0.140625 1.103749
collar_bevel
0 -7.000000 97.365323 26.088960 -0.398637 0.794240 0.458554 -0.109375 0.407640
0 -9.000000 70.639967 70.639967 -0.398637 0.794240 0.458554 -0.140625 1.103749
0 -7.000000 71.276364 71.276364 -0.398637 0.794240 0.458554 -0.109375 1.113693
collar_bevel
0 -7.000000 71.276364 71.276364 -0.398637 0.458554 0.794240 -0.109375 1.113693
0 -9.000000 70.639967 70.639967 -0.398637 0.458554 0.794240 -0.140625 1.103749
0 -9.000000 25.856023 96.495990 -0.398637 0.458554 0.794240 -0.140625 0.404000
collar_bevel
0 -7.000000 71.276364 71.276364 -0.398637 0.458554 0.794240 -0.109375 1.113693
0 -9.000000 25.856023 96.495990 -0.398637 0.458554 0.794240 -0.140625 0.404000
0 -7.000000 26.088960 97.365323 -0.398637 0.458554 0.794240 -0.109375 0.407640
collar_bevel
0 -7.000000 26.088960 97.365323 -0.398637 0.000000 0.917109 -0.109375 0.407640
0 -9.000000 25.856023 96.495990 -0.398637 0.000000 0.917109 -0.140625 0.404000
0 -9.000000 -25.856023 96.495990 -0.398637 0.000000 0.917109 -0.140625 -0.404000
collar_bevel
0 -7.000000 26.088960 97.365323 -0.398637 0.000000 0.917109 -0.109375 0.407640
0 -9.000000 -25.856023 96.495990 -0.398637 0.000000 0.917109 -0.140625 -0.404000
0 -7.000000 -26.088960 97.365323 -0.398637 0.000000 0.917109 -0.109375 -0.407640
collar_bevel
0 -7.000000 -26.088960 97.365323 -0.398637 -0.458554 0.794240 -0.109375 -0.407640
0 -9.000000 -25.856023 96.495990 -0.398637 -0.458554 0.794240 -0.140625 -0.404000
0 -9.000000 -70.639967 70.639967 -0.398637 -0.458554 0.794240 -0.140625 -1.103749
collar_bevel
0 -7.000000 -26.088960 97.365323 -0.398637 -0.458554 0.794240 -0.109375 -0.407640
0 -9.000000 -70.639967 70.639967 -0.398637 -0.458554 0.794240 -0.140625 -1.103749
0 -7.000000 -71.276364 71.276364 -0.398637 -0.458554 0.794240 -0.109375 -1.113693
collar_bevel
0 -7.000000 -71.276364 71.276364 -0.398637 -0.794240 0.458554 -0.109375 1.113693
0 -9.000000 -70.639967 70.639967 -0.398637 -0.794240 0.458554 -0.140625 1.103749
0 -9.000000 -96.495990 25.856023 -0.398637 -0.794240 0.458554 -0.140625 0.404000
collar_bevel
0 -7.000000 -71.276364 71.276364 -0.398637 -0.794240 0.458554 -0.109375 1.113693
0 -9.000000 -96.495990 25.856023 -0.398637 -0.794240 0.458554 -0.140625 0.404000
0 -7.000000 -97.365323 26.088960 -0.398637 -0.794240 0.458554 -0.109375 0.407640
collar_bevel
0 -7.000000 -97.365323 26.088960 -0.398637 -0.917109 0.000000 -0.109375 0.407640
0 -9.000000 -96.495990 25.856023 -0.398637 -0.917109 0.000000 -0.140625 0.404000
0 -9.000000 -96.495990 -25.856023 -0.398637 -0.917109 0.000000 -0.140625 -0.404000
collar_bevel
0 -7.000000 -97.365323 26.088960 -0.398637 -0.917109 0.000000 -0.109375 0.407640
0 -9.000000 -96.495990 -25.856023 -0.398637 -0.917109 0.000000 -0.140625 -0.404000
0 -7.000000 -97.365323 -26.088960 -0.398637 -0.917109 0.000000 -0.109375 -0.407640
collar_bevel
0 -7.000000 -97.365323 -26.088960 -0.398637 -0.794240 -0.458554 -0.109375 -0.407640
0 -9.000000 -96.495990 -25.856023 -0.398637 -0.794240 -0.458554 -0.140625 -0.404000
0 -9.000000 -70.639967 -70.639967 -0.398637 -0.794240 -0.458554 -0.140625 -1.103749
collar_bevel
0 -7.000000 -97.365323 -26.088960 -0.398637 -0.794240 -0.458554 -0.109375 -0.407640
0 -9.000000 -70.639967 -70.639967 -0.398637 -0.794240 -0.458554 -0.140625 -1.103749
0 -7.000000 -71.276364 -71.276364 -0.398637 -0.794240 -0.458554 -0.109375 -1.113693
collar_bevel
0 -7.000000 -71.276364 -71.276364 -0.398637 -0.458554 -0.794240 -0.109375 -1.113693
0 -9.000000 -70.639967 -70.639967 -0.398637 -0.458554 -0.794240 -0.140625 -1.103749
0 -9.000000 -25.856023 -96.495990 -0.398637 -0.458554 -0.794240 -0.140625 -0.404000
collar_bevel
0 -7.000000 -71.276364 -71.276364 -0.398637 -0.458554 -0.794240 -0.109375 -1.113693
0 -9.000000 -25.856023 -96.495990 -0.398637 -0.458554 -0.794240 -0.140625 -0.404000
0 -7.000000 -26.088960 -97.365323 -0.398637 -0.458554 -0.794240 -0.109375 -0.407640
collar_bevel
0 -7.000000 -26.088960 -97.365323 -0.398637 -0.000000 -0.917109 -0.109375 -0.407640
0 -9.000000 -25.856023 -96.495990 -0.398637 -0.000000 -0.917109 -0.140625 -0.404000
0 -9.000000 25.856023 -96.495990 -0.398637 -0.000000 -0.917109 -0.140625 0.404000
collar_bevel
0 -7.000000 -26.088960 -97.365323 -0.398637 0.000000 -0.917109 -0.109375 -0.407640
0 -9.000000 25.856023 -96.495990 -0.398637 0.000000 -0.917109 -0.140625 0.404000
0 -7.000000 26.088960 -97.365323 -0.398637 0.000000 -0.917109 -0.109375 0.407640
collar_bevel
0 -7.000000 26.088960 -97.365323 -0.398637 0.458554 -0.794240 -0.109375 0.407640
0 -9.000000 25.856023 -96.495990 -0.398637 0.458554 -0.794240 -0.140625 0.404000
0 -9.000000 70.639967 -70.639967 -0.398637 0.458554 -0.794240 -0.140625 1.103749
collar_bevel
0 -7.000000 26.088960 -97.365323 -0.398637 0.458554 -0.794240 -0.109375 0.407640
0 -9.000000 70.639967 -70.639967 -0.398637 0.458554 -0.794240 -0.140625 1.103749
0 -7.000000 71.276364 -71.276364 -0.398637 0.458554 -0.794240 -0.109375 1.113693
collar_bevel
0 -7.000000 71.276364 -71.276364 -0.398637 0.794240 -0.458554 -0.109375 -1.113693
0 -9.000000 70.639967 -70.639967 -0.398637 0.794240 -0.458554 -0.140625 -1.103749
0 -9.000000 96.495990 -25.856023 -0.398637 0.794240 -0.458554 -0.140625 -0.404000
collar_bevel
0 -7.000000 71.276364 -71.276364 -0.398637 0.794240 -0.458554 -0.109375 -1.113693
0 -9.000000 96.495990 -25.856023 -0.398637 0.794240 -0.458554 -0.140625 -0.404000
0 -7.000000 97.365323 -26.088960 -0.398637 0.794240 -0.458554 -0.109375 -0.407640
collar_bevel
0 -7.000000 97.365323 -26.088960 -0.398637 0.917109 -0.000000 -0.109375 -0.407640
0 -9.000000 96.495990 -25.856023 -0.398637 0.917109 -0.000000 -0.140625 -0.404000
0 -9.000000 96.495990 25.856023 -0.398637 0.917109 -0.000000 -0.140625 0.404000
collar_bevel
0 -7.000000 97.365323 -26.088960 -0.398637 0.917109 -0.000000 -0.109375 -0.407640
0 -9.000000 96.495990 25.856023 -0.398637 0.917109 -0.000000 -0.140625 0.404000
0 -7.000000 97.365323 26.088960 -0.398637 0.917109 -0.000000 -0.109375 0.407640
collar_bevel
0 -9.000000 96.495990 25.856023 -1.000000 0.000000 0.000000 1.507750 0.404000
0 -9.000000 93.540257 25.064036 -1.000000 0.000000 0.000000 1.461567 0.391626
0 -9.000000 68.476221 68.476221 -1.000000 0.000000 0.000000 1.069941 1.069941
collar_bevel
0 -9.000000 96.495990 25.856023 -1.000000 0.000000 0.000000 1.507750 0.404000
0 -9.000000 68.476221 68.476221 -1.000000 0.000000 0.000000 1.069941 1.069941
0 -9.000000 70.639967 70.639967 -1.000000 0.000000 0.000000 1.103749 1.103749
collar_bevel
0 -9.000000 70.639967 70.639967 -1.000000 0.000000 0.000000 1.103749 1.103749
0 -9.000000 68.476221 68.476221 -1.000000 0.000000 0.000000 1.069941 1.069941
0 -9.000000 25.064036 93.540257 -1.000000 0.000000 0.000000 0.391626 1.461567
collar_bevel
0 -9.000000 70.639967 70.639967 -1.000000 0.000000 0.000000 1.103749 1.103749
0 -9.000000 25.064036 93.540257 -1.000000 0.000000 0.000000 0.391626 1.461567
0 -9.000000 25.856023 96.495990 -1.000000 0.000000 0.000000 0.404000 1.507750
collar_bevel
0 -9.000000 25.856023 96.495990 -1.000000 0.000000 0.000000 0.404000 1.507750
0 -9.000000 25.064036 93.540257 -1.000000 0.000000 0.000000 0.391626 1.461567
0 -9.000000 -25.064036 93.540257 -1.000000 0.000000 0.000000 -0.391626 1.461567
collar_bevel
0 -9.000000 25.856023 96.495990 -1.000000 0.000000 0.000000 0.404000 1.507750
0 -9.000000 -25.064036 93.540257 -1.000000 0.000000 0.000000 -0.391626 1.461567
0 -9.000000 -25.856023 96.495990 -1.000000 0.000000 0.000000 -0.404000 1.507750
collar_bevel
0 -9.000000 -25.856023 96.495990 -1.000000 0.000000 0.000000 -0.404000 1.507750
0 -9.000000 -25.064036 93.540257 -1.000000 0.000000 0.000000 -0.391626 1.461567
0 -9.000000 -68.476221 68.476221 -1.000000 0.000000 0.000000 -1.069941 1.069941
collar_bevel
0 -9.000000 -25.856023 96.495990 -1.000000 0.000000 0.000000 -0.404000 1.507750
0 -9.000000 -68.476221 68.476221 -1.000000 0.000000 0.000000 -1.069941 1.069941
0 -9.000000 -70.639967 70.639967 -1.000000 0.000000 0.000000 -1.103749 1.103749
collar_bevel
0 -9.000000 -70.639967 70.639967 -1.000000 0.000000 0.000000 -1.103749 1.103749
0 -9.000000 -68.476221 68.476221 -1.000000 0.000000 0.000000 -1.069941 1.069941
0 -9.000000 -93.540257 25.064036 -1.000000 0.000000 0.000000 -1.461567 0.391626
collar_bevel
0 -9.000000 -70.639967 70.639967 -1.000000 0.000000 0.000000 -1.103749 1.103749
0 -9.000000 -93.540257 25.064036 -1.000000 0.000000 0.000000 -1.461567 0.391626
0 -9.000000 -96.495990 25.856023 -1.000000 0.000000 0.000000 -1.507750 0.404000
collar_bevel
0 -9.000000 -96.495990 25.856023 -1.000000 0.000000 0.000000 -1.507750 0.404000
0 -9.000000 -93.540257 25.064036 -1.000000 0.000000 0.000000 -1.461567 0.391626
0 -9.000000 -93.540257 -25.064036 -1.000000 0.000000 0.000000 -1.461567 -0.391626
collar_bevel
0 -9.000000 -96.495990 25.856023 -1.000000 0.000000 0.000000 -1.507750 0.404000
0 -9.000000 -93.540257 -25.064036 -1.000000 0.000000 0.000000 -1.461567 -0.391626
0 -9.000000 -96.495990 -25.856023 -1.000000 0.000000 0.000000 -1.507750 -0.404000
collar_bevel
0 -9.000000 -96.495990 -25.856023 -1.000000 0.000000 0.000000 -1.507750 -0.404000
0 -9.000000 -93.540257 -25.064036 -1.000000 0.000000 0.000000 -1.461567 -0.391626
0 -9.000000 -68.476221 -68.476221 -1.000000 0.000000 0.000000 -1.069941 -1.069941
collar_bevel
0 -9.000000 -96.495990 -25.856023 -1.000000 0.000000 0.000000 -1.507750 -0.404000
0 -9.000000 -68.476221 -68.476221 -1.000000 0.000000 0.000000 -1.069941 -1.069941
0 -9.000000 -70.639967 -70.639967 -1.000000 0.000000 0.000000 -1.103749 -1.103749
collar_bevel
0 -9.000000 -70.639967 -70.639967 -1.000000 0.000000 0.000000 -1.103749 -1.103749
0 -9.000000 -68.476221 -68.476221 -1.000000 0.000000 0.000000 -1.069941 -1.069941
0 -9.000000 -25.064036 -93.540257 -1.000000 0.000000 0.000000 -0.391626 -1.461567
collar_bevel
0 -9.000000 -70.639967 -70.639967 -1.000000 0.000000 0.000000 -1.103749 -1.103749
0 -9.000000 -25.064036 -93.540257 -1.000000 0.000000 0.000000 -0.391626 -1.461567
0 -9.000000 -25.856023 -96.495990 -1.000000 0.000000 0.000000 -0.404000 -1.507750
collar_bevel
0 -9.000000 -25.856023 -96.495990 -1.000000 0.000000 0.000000 -0.404000 -1.507750
0 -9.000000 -25.064036 -93.540257 -1.000000 0.000000 0.000000 -0.391626 -1.461567
0 -9.000000 25.064036 -93.540257 -1.000000 0.000000 0.000000 0.391626 -1.461567
collar_bevel
0 -9.000000 -25.856023 -96.495990 -1.000000 0.000000 0.000000 -0.404000 -1.507750
0 -9.000000 25.064036 -93.540257 -1.000000 0.000000 0.000000 0.391626 -1.461567
0 -9.000000 25.856023 -96.495990 -1.000000 0.000000 0.000000 0.404000 -1.507750
collar_bevel
0 -9.000000 25.856023 -96.495990 -1.000000 0.000000 0.000000 0.404000 -1.507750
0 -9.000000 25.064036 -93.540257 -1.000000 0.000000 0.000000 0.391626 -1.461567
0 -9.000000 68.476221 -68.476221 -1.000000 0.000000 0.000000 1.069941 -1.069941
collar_bevel
0 -9.000000 25.856023 -96.495990 -1.000000 0.000000 0.000000 0.404000 -1.507750
0 -9.000000 68.476221 -68.476221 -1.000000 0.000000 0.000000 1.069941 -1.069941
0 -9.000000 70.639967 -70.639967 -1.000000 0.000000 0.000000 1.103749 -1.103749
collar_bevel
0 -9.000000 70.639967 -70.639967 -1.000000 0.000000 0.000000 1.103749 -1.103749
0 -9.000000 68.476221 -68.476221 -1.000000 0.000000 0.000000 1.069941 -1.069941
0 -9.000000 93.540257 -25.064036 -1.000000 0.000000 0.000000 1.461567 -0.391626
collar_bevel
0 -9.000000 70.639967 -70.639967 -1.000000 0.000000 0.000000 1.103749 -1.103749
0 -9.000000 93.540257 -25.064036 -1.000000 0.000000 0.000000 1.461567 -0.391626
0 -9.000000 96.495990 -25.856023 -1.000000 0.000000 0.000000 1.507750 -0.404000
collar_bevel
0 -9.000000 96.495990 -25.856023 -1.000000 0.000000 0.000000 1.507750 -0.404000
0 -9.000000 93.540257 -25.064036 -1.000000 0.000000 0.000000 1.461567 -0.391626
0 -9.000000 93.540257 25.064036 -1.000000 0.000000 0.000000 1.461567 0.391626
collar_bevel
0 -9.000000 96.495990 -25.856023 -1.000000 0.000000 0.000000 1.507750 -0.404000
0 -9.000000 93.540257 25.064036 -1.000000 0.000000 0.000000 1.461567 0.391626
0 -9.000000 96.495990 25.856023 -1.000000 0.000000 0.000000 1.507750 0.404000
collar_bevel
0 -9.000000 93.540257 25.064036 -0.757162 0.565711 0.326613 1.461567 0.391626
0 -10.200000 92.149324 24.691337 -0.757162 0.565711 0.326613 1.439833 0.385802
0 -10.200000 67.457987 67.457987 -0.757162 0.565711 0.326613 1.054031 1.054031
collar_bevel
0 -9.000000 93.540257 25.064036 -0.757162 0.565711 0.326613 1.461567 0.391626
0 -10.200000 67.457987 67.457987 -0.757162 0.565711 0.326613 1.054031 1.054031
0 -9.000000 68.476221 68.476221 -0.757162 0.565711 0.326613 1.069941 1.069941
collar_bevel
0 -9.000000 68.476221 68.476221 -0.757162 0.326613 0.565711 1.069941 1.069941
0 -10.200000 67.457987 67.457987 -0.757162 0.326613 0.565711 1.054031 1.054031
0 -10.200000 24.691337 92.149324 -0.757162 0.326613 0.565711 0.385802 1.439833
collar_bevel
0 -9.000000 68.476221 68.476221 -0.757162 0.326613 0.565711 1.069941 1.069941
0 -10.200000 24.691337 92.149324 -0.757162 0.326613 0.565711 0.385802 1.439833
0 -9.000000 25.064036 93.540257 -0.757162 0.326613 0.565711 0.391626 1.461567
collar_bevel
0 -9.000000 25.064036 93.540257 -0.757162 0.000000 0.653227 0.391626 1.461567
0 -10.200000 24.691337 92.149324 -0.757162 0.000000 0.653227 0.385802 1.439833
0 -10.200000 -24.691337 92.149324 -0.757162 0.000000 0.653227 -0.385802 1.439833
collar_bevel
0 -9.000000 25.064036 93.540257 -0.757162 0.000000 0.653227 0.391626 1.461567
0 -10.200000 -24.691337 92.149324 -0.757162 0.000000 0.653227 -0.385802 1.439833
0 -9.000000 -25.064036 93.540257 -0.757162 0.000000 0.653227 -0.391626 1.461567
collar_bevel
0 -9.000000 -25.064036 93.540257 -0.757162 -0.326613 0.565711 -0.391626 1.461567
0 -10.200000 -24.691337 92.149324 -0.757162 -0.326613 0.565711 -0.385802 1.439833
0 -10.200000 -67.457987 67.457987 -0.757162 -0.326613 0.565711 -1.054031 1.054031
collar_bevel
0 -9.000000 -25.064036 93.540257 -0.757162 -0.326613 0.565711 -0.391626 1.461567
0 -10.200000 -67.457987 67.457987 -0.757162 -0.326613 0.565711 -1.054031 1.054031
0 -9.000000 -68.476221 68.476221 -0.757162 -0.326613 0.565711 -1.069941 1.069941
collar_bevel
0 -9.000000 -68.476221 68.476221 -0.757162 -0.565711 0.326613 -1.069941 1.069941
0 -10.200000 -67.457987 67.457987 -0.757162 -0.565711 0.326613 -1.054031 1.054031
0 -10.200000 -92.149324 24.691337 -0.757162 -0.565711 0.326613 -1.439833 0.385802
collar_bevel
0 -9.000000 -68.476221 68.476221 -0.757162 -0.565711 0.326613 -1.069941 1.069941
0 -10.200000 -92.149324 24.691337 -0.757162 -0.565711 0.326613 -1.439833 0.385802
0 -9.000000 -93.540257 25.064036 -0.757162 -0.565711 0.326613 -1.461567 0.391626
collar_bevel
0 -9.000000 -93.540257 25.064036 -0.757162 -0.653227 0.000000 -1.461567 0.391626
0 -10.200000 -92.149324 24.691337 -0.757162 -0.653227 0.000000 -1.439833 0.385802
0 -10.200000 -92.149324 -24.691337 -0.757162 -0.653227 0.000000 -1.439833 -0.385802
collar_bevel
0 -9.000000 -93.540257 25.064036 -0.757162 -0.653227 0.000000 -1.461567 0.391626
0 -10.200000 -92.149324 -24.691337 -0.757162 -0.653227 0.000000 -1.439833 -0.385802
0 -9.000000 -93.540257 -25.064036 -0.757162 -0.653227 0.000000 -1.461567 -0.391626
collar_bevel
0 -9.000000 -93.540257 -25.064036 -0.757162 -0.565711 -0.326613 -1.461567 -0.391626
0 -10.200000 -92.149324 -24.691337 -0.757162 -0.565711 -0.326613 -1.439833 -0.385802
0 -10.200000 -67.457987 -67.457987 -0.757162 -0.565711 -0.326613 -1.054031 -1.054031
collar_bevel
0 -9.000000 -93.540257 -25.064036 -0.757162 -0.565711 -0.326613 -1.461567 -0.391626
0 -10.200000 -67.457987 -67.457987 -0.757162 -0.565711 -0.326613 -1.054031 -1.054031
0 -9.000000 -68.476221 -68.476221 -0.757162 -0.565711 -0.326613 -1.069941 -1.069941
collar_bevel
0 -9.000000 -68.476221 -68.476221 -0.757162 -0.326613 -0.565711 -1.069941 -1.069941
0 -10.200000 -67.457987 -67.457987 -0.757162 -0.326613 -0.565711 -1.054031 -1.054031
0 -10.200000 -24.691337 -92.149324 -0.757162 -0.326613 -0.565711 -0.385802 -1.439833
collar_bevel
0 -9.000000 -68.476221 -68.476221 -0.757162 -0.326613 -0.565711 -1.069941 -1.069941
0 -10.200000 -24.691337 -92.149324 -0.757162 -0.326613 -0.565711 -0.385802 -1.439833
0 -9.000000 -25.064036 -93.540257 -0.757162 -0.326613 -0.565711 -0.391626 -1.461567
collar_bevel
0 -9.000000 -25.064036 -93.540257 -0.757162 -0.000000 -0.653227 -0.391626 -1.461567
0 -10.200000 -24.691337 -92.149324 -0.757162 -0.000000 -0.653227 -0.385802 -1.439833
0 -10.200000 24.691337 -92.149324 -0.757162 -0.000000 -0.653227 0.385802 -1.439833
collar_bevel
0 -9.000000 -25.064036 -93.540257 -0.757162 0.000000 -0.653227 -0.391626 -1.461567
0 -10.200000 24.691337 -92.149324 -0.757162 0.000000 -0.653227 0.385802 -1.439833
0 -9.000000 25.064036 -93.540257 -0.757162 0.000000 -0.653227 0.391626 -1.461567
collar_bevel
0 -9.000000 25.064036 -93.540257 -0.757162 0.326613 -0.565711 0.391626 -1.461567
0 -10.200000 24.691337 -92.149324 -0.757162 0.326613 -0.565711 0.385802 -1.439833
0 -10.200000 67.457987 -67.457987 -0.757162 0.326613 -0.565711 1.054031 -1.054031
collar_bevel
0 -9.000000 25.064036 -93.540257 -0.757162 0.326613 -0.565711 0.391626 -1.461567
0 -10.200000 67.457987 -67.457987 -0.757162 0.326613 -0.565711 1.054031 -1.054031
0 -9.000000 68.476221 -68.476221 -0.757162 0.326613 -0.565711 1.069941 -1.069941
collar_bevel
0 -9.000000 68.476221 -68.476221 -0.757162 0.565711 -0.326613 1.069941 -1.069941
0 -10.200000 67.457987 -67.457987 -0.757162 0.565711 -0.326613 1.054031 -1.054031
0 -10.200000 92.149324 -24.691337 -0.757162 0.565711 -0.326613 1.439833 -0.385802
collar_bevel
0 -9.000000 68.476221 -68.476221 -0.757162 0.565711 -0.326613 1.069941 -1.069941
0 -10.200000 92.149324 -24.691337 -0.757162 0.565711 -0.326613 1.439833 -0.385802
0 -9.000000 93.540257 -25.064036 -0.757162 0.565711 -0.326613 1.461567 -0.391626
collar_bevel
0 -9.000000 93.540257 -25.064036 -0.757162 0.653227 -0.000000 1.461567 -0.391626
0 -10.200000 92.149324 -24.691337 -0.757162 0.653227 -0.000000 1.439833 -0.385802
0 -10.200000 92.149324 24.691337 -0.757162 0.653227 -0.000000 1.439833 0.385802
collar_bevel
0 -9.000000 93.540257 -25.064036 -0.757162 0.653227 -0.000000 1.461567 -0.391626
0 -10.200000 92.149324 24.691337 -0.757162 0.653227 -0.000000 1.439833 0.385802
0 -9.000000 93.540257 25.064036 -0.757162 0.653227 -0.000000 1.461567 0.391626
collar_dark
0 -10.200000 92.149324 24.691337 -1.000000 0.000000 0.000000 1.439833 0.385802
0 -10.200000 90.062924 24.132288 -1.000000 0.000000 0.000000 1.407233 0.377067
0 -10.200000 65.930636 65.930636 -1.000000 0.000000 0.000000 1.030166 1.030166
collar_dark
0 -10.200000 92.149324 24.691337 -1.000000 0.000000 0.000000 1.439833 0.385802
0 -10.200000 65.930636 65.930636 -1.000000 0.000000 0.000000 1.030166 1.030166
0 -10.200000 67.457987 67.457987 -1.000000 0.000000 0.000000 1.054031 1.054031
collar_dark
0 -10.200000 67.457987 67.457987 -1.000000 0.000000 0.000000 1.054031 1.054031
0 -10.200000 65.930636 65.930636 -1.000000 0.000000 0.000000 1.030166 1.030166
0 -10.200000 24.132288 90.062924 -1.000000 0.000000 0.000000 0.377067 1.407233
collar_dark
0 -10.200000 67.457987 67.457987 -1.000000 0.000000 0.000000 1.054031 1.054031
0 -10.200000 24.132288 90.062924 -1.000000 0.000000 0.000000 0.377067 1.407233
0 -10.200000 24.691337 92.149324 -1.000000 0.000000 0.000000 0.385802 1.439833
collar_dark
0 -10.200000 24.691337 92.149324 -1.000000 0.000000 0.000000 0.385802 1.439833
0 -10.200000 24.132288 90.062924 -1.000000 0.000000 0.000000 0.377067 1.407233
0 -10.200000 -24.132288 90.062924 -1.000000 0.000000 0.000000 -0.377067 1.407233
collar_dark
0 -10.200000 24.691337 92.149324 -1.000000 0.000000 0.000000 0.385802 1.439833
0 -10.200000 -24.132288 90.062924 -1.000000 0.000000 0.000000 -0.377067 1.407233
0 -10.200000 -24.691337 92.149324 -1.000000 0.000000 0.000000 -0.385802 1.439833
collar_dark
0 -10.200000 -24.691337 92.149324 -1.000000 0.000000 0.000000 -0.385802 1.439833
0 -10.200000 -24.132288 90.062924 -1.000000 0.000000 0.000000 -0.377067 1.407233
0 -10.200000 -65.930636 65.930636 -1.000000 0.000000 0.000000 -1.030166 1.030166
collar_dark
0 -10.200000 -24.691337 92.149324 -1.000000 0.000000 0.000000 -0.385802 1.439833
0 -10.200000 -65.930636 65.930636 -1.000000 0.000000 0.000000 -1.030166 1.030166
0 -10.200000 -67.457987 67.457987 -1.000000 0.000000 0.000000 -1.054031 1.054031
collar_dark
0 -10.200000 -67.457987 67.457987 -1.000000 0.000000 0.000000 -1.054031 1.054031
0 -10.200000 -65.930636 65.930636 -1.000000 0.000000 0.000000 -1.030166 1.030166
0 -10.200000 -90.062924 24.132288 -1.000000 0.000000 0.000000 -1.407233 0.377067
collar_dark
0 -10.200000 -67.457987 67.457987 -1.000000 0.000000 0.000000 -1.054031 1.054031
0 -10.200000 -90.062924 24.132288 -1.000000 0.000000 0.000000 -1.407233 0.377067
0 -10.200000 -92.149324 24.691337 -1.000000 0.000000 0.000000 -1.439833 0.385802
collar_dark
0 -10.200000 -92.149324 24.691337 -1.000000 0.000000 0.000000 -1.439833 0.385802
0 -10.200000 -90.062924 24.132288 -1.000000 0.000000 0.000000 -1.407233 0.377067
0 -10.200000 -90.062924 -24.132288 -1.000000 0.000000 0.000000 -1.407233 -0.377067
collar_dark
0 -10.200000 -92.149324 24.691337 -1.000000 0.000000 0.000000 -1.439833 0.385802
0 -10.200000 -90.062924 -24.132288 -1.000000 0.000000 0.000000 -1.407233 -0.377067
0 -10.200000 -92.149324 -24.691337 -1.000000 0.000000 0.000000 -1.439833 -0.385802
collar_dark
0 -10.200000 -92.149324 -24.691337 -1.000000 0.000000 0.000000 -1.439833 -0.385802
0 -10.200000 -90.062924 -24.132288 -1.000000 0.000000 0.000000 -1.407233 -0.377067
0 -10.200000 -65.930636 -65.930636 -1.000000 0.000000 0.000000 -1.030166 -1.030166
collar_dark
0 -10.200000 -92.149324 -24.691337 -1.000000 0.000000 0.000000 -1.439833 -0.385802
0 -10.200000 -65.930636 -65.930636 -1.000000 0.000000 0.000000 -1.030166 -1.030166
0 -10.200000 -67.457987 -67.457987 -1.000000 0.000000 0.000000 -1.054031 -1.054031
collar_dark
0 -10.200000 -67.457987 -67.457987 -1.000000 0.000000 0.000000 -1.054031 -1.054031
0 -10.200000 -65.930636 -65.930636 -1.000000 0.000000 0.000000 -1.030166 -1.030166
0 -10.200000 -24.132288 -90.062924 -1.000000 0.000000 0.000000 -0.377067 -1.407233
collar_dark
0 -10.200000 -67.457987 -67.457987 -1.000000 0.000000 0.000000 -1.054031 -1.054031
0 -10.200000 -24.132288 -90.062924 -1.000000 0.000000 0.000000 -0.377067 -1.407233
0 -10.200000 -24.691337 -92.149324 -1.000000 0.000000 0.000000 -0.385802 -1.439833
collar_dark
0 -10.200000 -24.691337 -92.149324 -1.000000 0.000000 0.000000 -0.385802 -1.439833
0 -10.200000 -24.132288 -90.062924 -1.000000 0.000000 0.000000 -0.377067 -1.407233
0 -10.200000 24.132288 -90.062924 -1.000000 0.000000 0.000000 0.377067 -1.407233
collar_dark
0 -10.200000 -24.691337 -92.149324 -1.000000 0.000000 0.000000 -0.385802 -1.439833
0 -10.200000 24.132288 -90.062924 -1.000000 0.000000 0.000000 0.377067 -1.407233
0 -10.200000 24.691337 -92.149324 -1.000000 0.000000 0.000000 0.385802 -1.439833
collar_dark
0 -10.200000 24.691337 -92.149324 -1.000000 0.000000 0.000000 0.385802 -1.439833
0 -10.200000 24.132288 -90.062924 -1.000000 0.000000 0.000000 0.377067 -1.407233
0 -10.200000 65.930636 -65.930636 -1.000000 0.000000 0.000000 1.030166 -1.030166
collar_dark
0 -10.200000 24.691337 -92.149324 -1.000000 0.000000 0.000000 0.385802 -1.439833
0 -10.200000 65.930636 -65.930636 -1.000000 0.000000 0.000000 1.030166 -1.030166
0 -10.200000 67.457987 -67.457987 -1.000000 0.000000 0.000000 1.054031 -1.054031
collar_dark
0 -10.200000 67.457987 -67.457987 -1.000000 0.000000 0.000000 1.054031 -1.054031
0 -10.200000 65.930636 -65.930636 -1.000000 0.000000 0.000000 1.030166 -1.030166
0 -10.200000 90.062924 -24.132288 -1.000000 0.000000 0.000000 1.407233 -0.377067
collar_dark
0 -10.200000 67.457987 -67.457987 -1.000000 0.000000 0.000000 1.054031 -1.054031
0 -10.200000 90.062924 -24.132288 -1.000000 0.000000 0.000000 1.407233 -0.377067
0 -10.200000 92.149324 -24.691337 -1.000000 0.000000 0.000000 1.439833 -0.385802
collar_dark
0 -10.200000 92.149324 -24.691337 -1.000000 0.000000 0.000000 1.439833 -0.385802
0 -10.200000 90.062924 -24.132288 -1.000000 0.000000 0.000000 1.407233 -0.377067
0 -10.200000 90.062924 24.132288 -1.000000 0.000000 0.000000 1.407233 0.377067
collar_dark
0 -10.200000 92.149324 -24.691337 -1.000000 0.000000 0.000000 1.439833 -0.385802
0 -10.200000 90.062924 24.132288 -1.000000 0.000000 0.000000 1.407233 0.377067
0 -10.200000 92.149324 24.691337 -1.000000 0.000000 0.000000 1.439833 0.385802
collar_bevel
0 -10.200000 90.062924 24.132288 -0.766993 -0.555690 -0.320828 1.407233 0.377067
0 -8.600000 88.150391 23.619826 -0.766993 -0.555690 -0.320828 1.377350 0.369060
0 -8.600000 64.530565 64.530565 -0.766993 -0.555690 -0.320828 1.008290 1.008290
collar_bevel
0 -10.200000 90.062924 24.132288 -0.766993 -0.555690 -0.320828 1.407233 0.377067
0 -8.600000 64.530565 64.530565 -0.766993 -0.555690 -0.320828 1.008290 1.008290
0 -10.200000 65.930636 65.930636 -0.766993 -0.555690 -0.320828 1.030166 1.030166
collar_bevel
0 -10.200000 65.930636 65.930636 -0.766993 -0.320828 -0.555690 1.030166 1.030166
0 -8.600000 64.530565 64.530565 -0.766993 -0.320828 -0.555690 1.008290 1.008290
0 -8.600000 23.619826 88.150391 -0.766993 -0.320828 -0.555690 0.369060 1.377350
collar_bevel
0 -10.200000 65.930636 65.930636 -0.766993 -0.320828 -0.555690 1.030166 1.030166
0 -8.600000 23.619826 88.150391 -0.766993 -0.320828 -0.555690 0.369060 1.377350
0 -10.200000 24.132288 90.062924 -0.766993 -0.320828 -0.555690 0.377067 1.407233
collar_bevel
0 -10.200000 24.132288 90.062924 -0.766993 0.000000 -0.641656 0.377067 1.407233
0 -8.600000 23.619826 88.150391 -0.766993 0.000000 -0.641656 0.369060 1.377350
0 -8.600000 -23.619826 88.150391 -0.766993 0.000000 -0.641656 -0.369060 1.377350
collar_bevel
0 -10.200000 24.132288 90.062924 -0.766993 0.000000 -0.641656 0.377067 1.407233
0 -8.600000 -23.619826 88.150391 -0.766993 0.000000 -0.641656 -0.369060 1.377350
0 -10.200000 -24.132288 90.062924 -0.766993 0.000000 -0.641656 -0.377067 1.407233
collar_bevel
0 -10.200000 -24.132288 90.062924 -0.766993 0.320828 -0.555690 -0.377067 1.407233
0 -8.600000 -23.619826 88.150391 -0.766993 0.320828 -0.555690 -0.369060 1.377350
0 -8.600000 -64.530565 64.530565 -0.766993 0.320828 -0.555690 -1.008290 1.008290
collar_bevel
0 -10.200000 -24.132288 90.062924 -0.766993 0.320828 -0.555690 -0.377067 1.407233
0 -8.600000 -64.530565 64.530565 -0.766993 0.320828 -0.555690 -1.008290 1.008290
0 -10.200000 -65.930636 65.930636 -0.766993 0.320828 -0.555690 -1.030166 1.030166
collar_bevel
0 -10.200000 -65.930636 65.930636 -0.766993 0.555690 -0.320828 -1.030166 1.030166
0 -8.600000 -64.530565 64.530565 -0.766993 0.555690 -0.320828 -1.008290 1.008290
0 -8.600000 -88.150391 23.619826 -0.766993 0.555690 -0.320828 -1.377350 0.369060
collar_bevel
0 -10.200000 -65.930636 65.930636 -0.766993 0.555690 -0.320828 -1.030166 1.030166
0 -8.600000 -88.150391 23.619826 -0.766993 0.555690 -0.320828 -1.377350 0.369060
0 -10.200000 -90.062924 24.132288 -0.766993 0.555690 -0.320828 -1.407233 0.377067
collar_bevel
0 -10.200000 -90.062924 24.132288 -0.766993 0.641656 -0.000000 -1.407233 0.377067
0 -8.600000 -88.150391 23.619826 -0.766993 0.641656 -0.000000 -1.377350 0.369060
0 -8.600000 -88.150391 -23.619826 -0.766993 0.641656 -0.000000 -1.377350 -0.369060
collar_bevel
0 -10.200000 -90.062924 24.132288 -0.766993 0.641656 -0.000000 -1.407233 0.377067
0 -8.600000 -88.150391 -23.619826 -0.766993 0.641656 -0.000000 -1.377350 -0.369060
0 -10.200000 -90.062924 -24.132288 -0.766993 0.641656 -0.000000 -1.407233 -0.377067
collar_bevel
0 -10.200000 -90.062924 -24.132288 -0.766993 0.555690 0.320828 -1.407233 -0.377067
0 -8.600000 -88.150391 -23.619826 -0.766993 0.555690 0.320828 -1.377350 -0.369060
0 -8.600000 -64.530565 -64.530565 -0.766993 0.555690 0.320828 -1.008290 -1.008290
collar_bevel
0 -10.200000 -90.062924 -24.132288 -0.766993 0.555690 0.320828 -1.407233 -0.377067
0 -8.600000 -64.530565 -64.530565 -0.766993 0.555690 0.320828 -1.008290 -1.008290
0 -10.200000 -65.930636 -65.930636 -0.766993 0.555690 0.320828 -1.030166 -1.030166
collar_bevel
0 -10.200000 -65.930636 -65.930636 -0.766993 0.320828 0.555690 -1.030166 -1.030166
0 -8.600000 -64.530565 -64.530565 -0.766993 0.320828 0.555690 -1.008290 -1.008290
0 -8.600000 -23.619826 -88.150391 -0.766993 0.320828 0.555690 -0.369060 -1.377350
collar_bevel
0 -10.200000 -65.930636 -65.930636 -0.766993 0.320828 0.555690 -1.030166 -1.030166
0 -8.600000 -23.619826 -88.150391 -0.766993 0.320828 0.555690 -0.369060 -1.377350
0 -10.200000 -24.132288 -90.062924 -0.766993 0.320828 0.555690 -0.377067 -1.407233
collar_bevel
0 -10.200000 -24.132288 -90.062924 -0.766993 0.000000 0.641656 -0.377067 -1.407233
0 -8.600000 -23.619826 -88.150391 -0.766993 0.000000 0.641656 -0.369060 -1.377350
0 -8.600000 23.619826 -88.150391 -0.766993 0.000000 0.641656 0.369060 -1.377350
collar_bevel
0 -10.200000 -24.132288 -90.062924 -0.766993 0.000000 0.641656 -0.377067 -1.407233
0 -8.600000 23.619826 -88.150391 -0.766993 0.000000 0.641656 0.369060 -1.377350
0 -10.200000 24.132288 -90.062924 -0.766993 0.000000 0.641656 0.377067 -1.407233
collar_bevel
0 -10.200000 24.132288 -90.062924 -0.766993 -0.320828 0.555690 0.377067 -1.407233
0 -8.600000 23.619826 -88.150391 -0.766993 -0.320828 0.555690 0.369060 -1.377350
0 -8.600000 64.530565 -64.530565 -0.766993 -0.320828 0.555690 1.008290 -1.008290
collar_bevel
0 -10.200000 24.132288 -90.062924 -0.766993 -0.320828 0.555690 0.377067 -1.407233
0 -8.600000 64.530565 -64.530565 -0.766993 -0.320828 0.555690 1.008290 -1.008290
0 -10.200000 65.930636 -65.930636 -0.766993 -0.320828 0.555690 1.030166 -1.030166
collar_bevel
0 -10.200000 65.930636 -65.930636 -0.766993 -0.555690 0.320828 1.030166 -1.030166
0 -8.600000 64.530565 -64.530565 -0.766993 -0.555690 0.320828 1.008290 -1.008290
0 -8.600000 88.150391 -23.619826 -0.766993 -0.555690 0.320828 1.377350 -0.369060
collar_bevel
0 -10.200000 65.930636 -65.930636 -0.766993 -0.555690 0.320828 1.030166 -1.030166
0 -8.600000 88.150391 -23.619826 -0.766993 -0.555690 0.320828 1.377350 -0.369060
0 -10.200000 90.062924 -24.132288 -0.766993 -0.555690 0.320828 1.407233 -0.377067
collar_bevel
0 -10.200000 90.062924 -24.132288 -0.766993 -0.641656 0.000000 1.407233 -0.377067
0 -8.600000 88.150391 -23.619826 -0.766993 -0.641656 0.000000 1.377350 -0.369060
0 -8.600000 88.150391 23.619826 -0.766993 -0.641656 0.000000 1.377350 0.369060
collar_bevel
0 -10.200000 90.062924 -24.132288 -0.766993 -0.641656 0.000000 1.407233 -0.377067
0 -8.600000 88.150391 23.619826 -0.766993 -0.641656 0.000000 1.377350 0.369060
0 -10.200000 90.062924 24.132288 -0.766993 -0.641656 0.000000 1.407233 0.377067
collar_dark
0 -8.600000 88.150391 23.619826 -1.000000 0.000000 0.000000 1.377350 0.369060
0 -8.600000 86.933324 23.293714 -1.000000 0.000000 0.000000 1.358333 0.363964
0 -8.600000 63.639610 63.639610 -1.000000 0.000000 0.000000 0.994369 0.994369
collar_dark
0 -8.600000 88.150391 23.619826 -1.000000 0.000000 0.000000 1.377350 0.369060
0 -8.600000 63.639610 63.639610 -1.000000 0.000000 0.000000 0.994369 0.994369
0 -8.600000 64.530565 64.530565 -1.000000 0.000000 0.000000 1.008290 1.008290
collar_dark
0 -8.600000 64.530565 64.530565 -1.000000 0.000000 0.000000 1.008290 1.008290
0 -8.600000 63.639610 63.639610 -1.000000 0.000000 0.000000 0.994369 0.994369
0 -8.600000 23.293714 86.933324 -1.000000 0.000000 0.000000 0.363964 1.358333
collar_dark
0 -8.600000 64.530565 64.530565 -1.000000 0.000000 0.000000 1.008290 1.008290
0 -8.600000 23.293714 86.933324 -1.000000 0.000000 0.000000 0.363964 1.358333
0 -8.600000 23.619826 88.150391 -1.000000 0.000000 0.000000 0.369060 1.377350
collar_dark
0 -8.600000 23.619826 88.150391 -1.000000 0.000000 0.000000 0.369060 1.377350
0 -8.600000 23.293714 86.933324 -1.000000 0.000000 0.000000 0.363964 1.358333
0 -8.600000 -23.293714 86.933324 -1.000000 0.000000 0.000000 -0.363964 1.358333
collar_dark
0 -8.600000 23.619826 88.150391 -1.000000 0.000000 0.000000 0.369060 1.377350
0 -8.600000 -23.293714 86.933324 -1.000000 0.000000 0.000000 -0.363964 1.358333
0 -8.600000 -23.619826 88.150391 -1.000000 0.000000 0.000000 -0.369060 1.377350
collar_dark
0 -8.600000 -23.619826 88.150391 -1.000000 0.000000 0.000000 -0.369060 1.377350
0 -8.600000 -23.293714 86.933324 -1.000000 0.000000 0.000000 -0.363964 1.358333
0 -8.600000 -63.639610 63.639610 -1.000000 0.000000 0.000000 -0.994369 0.994369
collar_dark
0 -8.600000 -23.619826 88.150391 -1.000000 0.000000 0.000000 -0.369060 1.377350
0 -8.600000 -63.639610 63.639610 -1.000000 0.000000 0.000000 -0.994369 0.994369
0 -8.600000 -64.530565 64.530565 -1.000000 0.000000 0.000000 -1.008290 1.008290
collar_dark
0 -8.600000 -64.530565 64.530565 -1.000000 0.000000 0.000000 -1.008290 1.008290
0 -8.600000 -63.639610 63.639610 -1.000000 0.000000 0.000000 -0.994369 0.994369
0 -8.600000 -86.933324 23.293714 -1.000000 0.000000 0.000000 -1.358333 0.363964
collar_dark
0 -8.600000 -64.530565 64.530565 -1.000000 0.000000 0.000000 -1.008290 1.008290
0 -8.600000 -86.933324 23.293714 -1.000000 0.000000 0.000000 -1.358333 0.363964
0 -8.600000 -88.150391 23.619826 -1.000000 0.000000 0.000000 -1.377350 0.369060
collar_dark
0 -8.600000 -88.150391 23.619826 -1.000000 0.000000 0.000000 -1.377350 0.369060
0 -8.600000 -86.933324 23.293714 -1.000000 0.000000 0.000000 -1.358333 0.363964
0 -8.600000 -86.933324 -23.293714 -1.000000 0.000000 0.000000 -1.358333 -0.363964
collar_dark
0 -8.600000 -88.150391 23.619826 -1.000000 0.000000 0.000000 -1.377350 0.369060
0 -8.600000 -86.933324 -23.293714 -1.000000 0.000000 0.000000 -1.358333 -0.363964
0 -8.600000 -88.150391 -23.619826 -1.000000 0.000000 0.000000 -1.377350 -0.369060
collar_dark
0 -8.600000 -88.150391 -23.619826 -1.000000 0.000000 0.000000 -1.377350 -0.369060
0 -8.600000 -86.933324 -23.293714 -1.000000 0.000000 0.000000 -1.358333 -0.363964
0 -8.600000 -63.639610 -63.639610 -1.000000 0.000000 0.000000 -0.994369 -0.994369
collar_dark
0 -8.600000 -88.150391 -23.619826 -1.000000 0.000000 0.000000 -1.377350 -0.369060
0 -8.600000 -63.639610 -63.639610 -1.000000 0.000000 0.000000 -0.994369 -0.994369
0 -8.600000 -64.530565 -64.530565 -1.000000 0.000000 0.000000 -1.008290 -1.008290
collar_dark
0 -8.600000 -64.530565 -64.530565 -1.000000 0.000000 0.000000 -1.008290 -1.008290
0 -8.600000 -63.639610 -63.639610 -1.000000 0.000000 0.000000 -0.994369 -0.994369
0 -8.600000 -23.293714 -86.933324 -1.000000 0.000000 0.000000 -0.363964 -1.358333
collar_dark
0 -8.600000 -64.530565 -64.530565 -1.000000 0.000000 0.000000 -1.008290 -1.008290
0 -8.600000 -23.293714 -86.933324 -1.000000 0.000000 0.000000 -0.363964 -1.358333
0 -8.600000 -23.619826 -88.150391 -1.000000 0.000000 0.000000 -0.369060 -1.377350
collar_dark
0 -8.600000 -23.619826 -88.150391 -1.000000 0.000000 0.000000 -0.369060 -1.377350
0 -8.600000 -23.293714 -86.933324 -1.000000 0.000000 0.000000 -0.363964 -1.358333
0 -8.600000 23.293714 -86.933324 -1.000000 0.000000 0.000000 0.363964 -1.358333
collar_dark
0 -8.600000 -23.619826 -88.150391 -1.000000 0.000000 0.000000 -0.369060 -1.377350
0 -8.600000 23.293714 -86.933324 -1.000000 0.000000 0.000000 0.363964 -1.358333
0 -8.600000 23.619826 -88.150391 -1.000000 0.000000 0.000000 0.369060 -1.377350
collar_dark
0 -8.600000 23.619826 -88.150391 -1.000000 0.000000 0.000000 0.369060 -1.377350
0 -8.600000 23.293714 -86.933324 -1.000000 0.000000 0.000000 0.363964 -1.358333
0 -8.600000 63.639610 -63.639610 -1.000000 0.000000 0.000000 0.994369 -0.994369
collar_dark
0 -8.600000 23.619826 -88.150391 -1.000000 0.000000 0.000000 0.369060 -1.377350
0 -8.600000 63.639610 -63.639610 -1.000000 0.000000 0.000000 0.994369 -0.994369
0 -8.600000 64.530565 -64.530565 -1.000000 0.000000 0.000000 1.008290 -1.008290
collar_dark
0 -8.600000 64.530565 -64.530565 -1.000000 0.000000 0.000000 1.008290 -1.008290
0 -8.600000 63.639610 -63.639610 -1.000000 0.000000 0.000000 0.994369 -0.994369
0 -8.600000 86.933324 -23.293714 -1.000000 0.000000 0.000000 1.358333 -0.363964
collar_dark
0 -8.600000 64.530565 -64.530565 -1.000000 0.000000 0.000000 1.008290 -1.008290
0 -8.600000 86.933324 -23.293714 -1.000000 0.000000 0.000000 1.358333 -0.363964
0 -8.600000 88.150391 -23.619826 -1.000000 0.000000 0.000000 1.377350 -0.369060
collar_dark
0 -8.600000 88.150391 -23.619826 -1.000000 0.000000 0.000000 1.377350 -0.369060
0 -8.600000 86.933324 -23.293714 -1.000000 0.000000 0.000000 1.358333 -0.363964
0 -8.600000 86.933324 23.293714 -1.000000 0.000000 0.000000 1.358333 0.363964
collar_dark
0 -8.600000 88.150391 -23.619826 -1.000000 0.000000 0.000000 1.377350 -0.369060
0 -8.600000 86.933324 23.293714 -1.000000 0.000000 0.000000 1.358333 0.363964
0 -8.600000 88.150391 23.619826 -1.000000 0.000000 0.000000 1.377350 0.369060
collar_dark
0 -8.600000 86.933324 23.293714 0.000000 -0.866025 -0.500000 -0.134375 0.363964
0 8.600000 86.933324 23.293714 0.000000 -0.866025 -0.500000 0.134375 0.363964
0 8.600000 63.639610 63.639610 0.000000 -0.866025 -0.500000 0.134375 0.994369
collar_dark
0 -8.600000 86.933324 23.293714 0.000000 -0.866025 -0.500000 -0.134375 0.363964
0 8.600000 63.639610 63.639610 0.000000 -0.866025 -0.500000 0.134375 0.994369
0 -8.600000 63.639610 63.639610 0.000000 -0.866025 -0.500000 -0.134375 0.994369
collar_dark
0 -8.600000 63.639610 63.639610 0.000000 -0.500000 -0.866025 -0.134375 0.994369
0 8.600000 63.639610 63.639610 0.000000 -0.500000 -0.866025 0.134375 0.994369
0 8.600000 23.293714 86.933324 0.000000 -0.500000 -0.866025 0.134375 0.363964
collar_dark
0 -8.600000 63.639610 63.639610 0.000000 -0.500000 -0.866025 -0.134375 0.994369
0 8.600000 23.293714 86.933324 0.000000 -0.500000 -0.866025 0.134375 0.363964
0 -8.600000 23.293714 86.933324 0.000000 -0.500000 -0.866025 -0.134375 0.363964
collar_dark
0 -8.600000 23.293714 86.933324 0.000000 0.000000 -1.000000 -0.134375 0.363964
0 8.600000 23.293714 86.933324 0.000000 0.000000 -1.000000 0.134375 0.363964
0 8.600000 -23.293714 86.933324 0.000000 0.000000 -1.000000 0.134375 -0.363964
collar_dark
0 -8.600000 23.293714 86.933324 0.000000 0.000000 -1.000000 -0.134375 0.363964
0 8.600000 -23.293714 86.933324 0.000000 0.000000 -1.000000 0.134375 -0.363964
0 -8.600000 -23.293714 86.933324 0.000000 0.000000 -1.000000 -0.134375 -0.363964
collar_dark
0 -8.600000 -23.293714 86.933324 0.000000 0.500000 -0.866025 -0.134375 -0.363964
0 8.600000 -23.293714 86.933324 0.000000 0.500000 -0.866025 0.134375 -0.363964
0 8.600000 -63.639610 63.639610 0.000000 0.500000 -0.866025 0.134375 -0.994369
collar_dark
0 -8.600000 -23.293714 86.933324 0.000000 0.500000 -0.866025 -0.134375 -0.363964
0 8.600000 -63.639610 63.639610 0.000000 0.500000 -0.866025 0.134375 -0.994369
0 -8.600000 -63.639610 63.639610 0.000000 0.500000 -0.866025 -0.134375 -0.994369
collar_dark
0 -8.600000 -63.639610 63.639610 0.000000 0.866025 -0.500000 -0.134375 0.994369
0 8.600000 -63.639610 63.639610 0.000000 0.866025 -0.500000 0.134375 0.994369
0 8.600000 -86.933324 23.293714 0.000000 0.866025 -0.500000 0.134375 0.363964
collar_dark
0 -8.600000 -63.639610 63.639610 0.000000 0.866025 -0.500000 -0.134375 0.994369
0 8.600000 -86.933324 23.293714 0.000000 0.866025 -0.500000 0.134375 0.363964
0 -8.600000 -86.933324 23.293714 0.000000 0.866025 -0.500000 -0.134375 0.363964
collar_dark
0 -8.600000 -86.933324 23.293714 0.000000 1.000000 0.000000 -0.134375 0.363964
0 8.600000 -86.933324 23.293714 0.000000 1.000000 0.000000 0.134375 0.363964
0 8.600000 -86.933324 -23.293714 0.000000 1.000000 0.000000 0.134375 -0.363964
collar_dark
0 -8.600000 -86.933324 23.293714 0.000000 1.000000 0.000000 -0.134375 0.363964
0 8.600000 -86.933324 -23.293714 0.000000 1.000000 0.000000 0.134375 -0.363964
0 -8.600000 -86.933324 -23.293714 0.000000 1.000000 0.000000 -0.134375 -0.363964
collar_dark
0 -8.600000 -86.933324 -23.293714 0.000000 0.866025 0.500000 -0.134375 -0.363964
0 8.600000 -86.933324 -23.293714 0.000000 0.866025 0.500000 0.134375 -0.363964
0 8.600000 -63.639610 -63.639610 0.000000 0.866025 0.500000 0.134375 -0.994369
collar_dark
0 -8.600000 -86.933324 -23.293714 0.000000 0.866025 0.500000 -0.134375 -0.363964
0 8.600000 -63.639610 -63.639610 0.000000 0.866025 0.500000 0.134375 -0.994369
0 -8.600000 -63.639610 -63.639610 0.000000 0.866025 0.500000 -0.134375 -0.994369
collar_dark
0 -8.600000 -63.639610 -63.639610 0.000000 0.500000 0.866025 -0.134375 -0.994369
0 8.600000 -63.639610 -63.639610 0.000000 0.500000 0.866025 0.134375 -0.994369
0 8.600000 -23.293714 -86.933324 0.000000 0.500000 0.866025 0.134375 -0.363964
collar_dark
0 -8.600000 -63.639610 -63.639610 0.000000 0.500000 0.866025 -0.134375 -0.994369
0 8.600000 -23.293714 -86.933324 0.000000 0.500000 0.866025 0.134375 -0.363964
0 -8.600000 -23.293714 -86.933324 0.000000 0.500000 0.866025 -0.134375 -0.363964
collar_dark
0 -8.600000 -23.293714 -86.933324 0.000000 0.000000 1.000000 -0.134375 -0.363964
0 8.600000 -23.293714 -86.933324 0.000000 0.000000 1.000000 0.134375 -0.363964
0 8.600000 23.293714 -86.933324 0.000000 0.000000 1.000000 0.134375 0.363964
collar_dark
0 -8.600000 -23.293714 -86.933324 0.000000 0.000000 1.000000 -0.134375 -0.363964
0 8.600000 23.293714 -86.933324 0.000000 0.000000 1.000000 0.134375 0.363964
0 -8.600000 23.293714 -86.933324 0.000000 0.000000 1.000000 -0.134375 0.363964
collar_dark
0 -8.600000 23.293714 -86.933324 0.000000 -0.500000 0.866025 -0.134375 0.363964
0 8.600000 23.293714 -86.933324 0.000000 -0.500000 0.866025 0.134375 0.363964
0 8.600000 63.639610 -63.639610 0.000000 -0.500000 0.866025 0.134375 0.994369
collar_dark
0 -8.600000 23.293714 -86.933324 0.000000 -0.500000 0.866025 -0.134375 0.363964
0 8.600000 63.639610 -63.639610 0.000000 -0.500000 0.866025 0.134375 0.994369
0 -8.600000 63.639610 -63.639610 0.000000 -0.500000 0.866025 -0.134375 0.994369
collar_dark
0 -8.600000 63.639610 -63.639610 0.000000 -0.866025 0.500000 -0.134375 -0.994369
0 8.600000 63.639610 -63.639610 0.000000 -0.866025 0.500000 0.134375 -0.994369
0 8.600000 86.933324 -23.293714 0.000000 -0.866025 0.500000 0.134375 -0.363964
collar_dark
0 -8.600000 63.639610 -63.639610 0.000000 -0.866025 0.500000 -0.134375 -0.994369
0 8.600000 86.933324 -23.293714 0.000000 -0.866025 0.500000 0.134375 -0.363964
0 -8.600000 86.933324 -23.293714 0.000000 -0.866025 0.500000 -0.134375 -0.363964
collar_dark
0 -8.600000 86.933324 -23.293714 0.000000 -1.000000 0.000000 -0.134375 -0.363964
0 8.600000 86.933324 -23.293714 0.000000 -1.000000 0.000000 0.134375 -0.363964
0 8.600000 86.933324 23.293714 0.000000 -1.000000 0.000000 0.134375 0.363964
collar_dark
0 -8.600000 86.933324 -23.293714 0.000000 -1.000000 0.000000 -0.134375 -0.363964
0 8.600000 86.933324 23.293714 0.000000 -1.000000 0.000000 0.134375 0.363964
0 -8.600000 86.933324 23.293714 0.000000 -1.000000 0.000000 -0.134375 0.363964
collar_bevel
0 8.600000 86.933324 23.293714 1.000000 0.000000 0.000000 1.358333 0.363964
0 8.600000 88.150391 23.619826 1.000000 0.000000 0.000000 1.377350 0.369060
0 8.600000 64.530565 64.530565 1.000000 0.000000 0.000000 1.008290 1.008290
collar_bevel
0 8.600000 86.933324 23.293714 1.000000 0.000000 0.000000 1.358333 0.363964
0 8.600000 64.530565 64.530565 1.000000 0.000000 0.000000 1.008290 1.008290
0 8.600000 63.639610 63.639610 1.000000 0.000000 0.000000 0.994369 0.994369
collar_bevel
0 8.600000 63.639610 63.639610 1.000000 0.000000 0.000000 0.994369 0.994369
0 8.600000 64.530565 64.530565 1.000000 0.000000 0.000000 1.008290 1.008290
0 8.600000 23.619826 88.150391 1.000000 0.000000 0.000000 0.369060 1.377350
collar_bevel
0 8.600000 63.639610 63.639610 1.000000 0.000000 0.000000 0.994369 0.994369
0 8.600000 23.619826 88.150391 1.000000 0.000000 0.000000 0.369060 1.377350
0 8.600000 23.293714 86.933324 1.000000 0.000000 0.000000 0.363964 1.358333
collar_bevel
0 8.600000 23.293714 86.933324 1.000000 0.000000 0.000000 0.363964 1.358333
0 8.600000 23.619826 88.150391 1.000000 0.000000 0.000000 0.369060 1.377350
0 8.600000 -23.619826 88.150391 1.000000 0.000000 0.000000 -0.369060 1.377350
collar_bevel
0 8.600000 23.293714 86.933324 1.000000 0.000000 0.000000 0.363964 1.358333
0 8.600000 -23.619826 88.150391 1.000000 0.000000 0.000000 -0.369060 1.377350
0 8.600000 -23.293714 86.933324 1.000000 0.000000 0.000000 -0.363964 1.358333
collar_bevel
0 8.600000 -23.293714 86.933324 1.000000 0.000000 0.000000 -0.363964 1.358333
0 8.600000 -23.619826 88.150391 1.000000 0.000000 0.000000 -0.369060 1.377350
0 8.600000 -64.530565 64.530565 1.000000 0.000000 0.000000 -1.008290 1.008290
collar_bevel
0 8.600000 -23.293714 86.933324 1.000000 0.000000 0.000000 -0.363964 1.358333
0 8.600000 -64.530565 64.530565 1.000000 0.000000 0.000000 -1.008290 1.008290
0 8.600000 -63.639610 63.639610 1.000000 0.000000 0.000000 -0.994369 0.994369
collar_bevel
0 8.600000 -63.639610 63.639610 1.000000 0.000000 0.000000 -0.994369 0.994369
0 8.600000 -64.530565 64.530565 1.000000 0.000000 0.000000 -1.008290 1.008290
0 8.600000 -88.150391 23.619826 1.000000 0.000000 0.000000 -1.377350 0.369060
collar_bevel
0 8.600000 -63.639610 63.639610 1.000000 0.000000 0.000000 -0.994369 0.994369
0 8.600000 -88.150391 23.619826 1.000000 0.000000 0.000000 -1.377350 0.369060
0 8.600000 -86.933324 23.293714 1.000000 0.000000 0.000000 -1.358333 0.363964
collar_bevel
0 8.600000 -86.933324 23.293714 1.000000 0.000000 0.000000 -1.358333 0.363964
0 8.600000 -88.150391 23.619826 1.000000 0.000000 0.000000 -1.377350 0.369060
0 8.600000 -88.150391 -23.619826 1.000000 0.000000 0.000000 -1.377350 -0.369060
collar_bevel
0 8.600000 -86.933324 23.293714 1.000000 0.000000 0.000000 -1.358333 0.363964
0 8.600000 -88.150391 -23.619826 1.000000 0.000000 0.000000 -1.377350 -0.369060
0 8.600000 -86.933324 -23.293714 1.000000 0.000000 0.000000 -1.358333 -0.363964
collar_bevel
0 8.600000 -86.933324 -23.293714 1.000000 0.000000 0.000000 -1.358333 -0.363964
0 8.600000 -88.150391 -23.619826 1.000000 0.000000 0.000000 -1.377350 -0.369060
0 8.600000 -64.530565 -64.530565 1.000000 0.000000 0.000000 -1.008290 -1.008290
collar_bevel
0 8.600000 -86.933324 -23.293714 1.000000 0.000000 0.000000 -1.358333 -0.363964
0 8.600000 -64.530565 -64.530565 1.000000 0.000000 0.000000 -1.008290 -1.008290
0 8.600000 -63.639610 -63.639610 1.000000 0.000000 0.000000 -0.994369 -0.994369
collar_bevel
0 8.600000 -63.639610 -63.639610 1.000000 0.000000 0.000000 -0.994369 -0.994369
0 8.600000 -64.530565 -64.530565 1.000000 0.000000 0.000000 -1.008290 -1.008290
0 8.600000 -23.619826 -88.150391 1.000000 0.000000 0.000000 -0.369060 -1.377350
collar_bevel
0 8.600000 -63.639610 -63.639610 1.000000 0.000000 0.000000 -0.994369 -0.994369
0 8.600000 -23.619826 -88.150391 1.000000 0.000000 0.000000 -0.369060 -1.377350
0 8.600000 -23.293714 -86.933324 1.000000 0.000000 0.000000 -0.363964 -1.358333
collar_bevel
0 8.600000 -23.293714 -86.933324 1.000000 0.000000 0.000000 -0.363964 -1.358333
0 8.600000 -23.619826 -88.150391 1.000000 0.000000 0.000000 -0.369060 -1.377350
0 8.600000 23.619826 -88.150391 1.000000 0.000000 0.000000 0.369060 -1.377350
collar_bevel
0 8.600000 -23.293714 -86.933324 1.000000 0.000000 0.000000 -0.363964 -1.358333
0 8.600000 23.619826 -88.150391 1.000000 0.000000 0.000000 0.369060 -1.377350
0 8.600000 23.293714 -86.933324 1.000000 0.000000 0.000000 0.363964 -1.358333
collar_bevel
0 8.600000 23.293714 -86.933324 1.000000 0.000000 0.000000 0.363964 -1.358333
0 8.600000 23.619826 -88.150391 1.000000 0.000000 0.000000 0.369060 -1.377350
0 8.600000 64.530565 -64.530565 1.000000 0.000000 0.000000 1.008290 -1.008290
collar_bevel
0 8.600000 23.293714 -86.933324 1.000000 0.000000 0.000000 0.363964 -1.358333
0 8.600000 64.530565 -64.530565 1.000000 0.000000 0.000000 1.008290 -1.008290
0 8.600000 63.639610 -63.639610 1.000000 0.000000 0.000000 0.994369 -0.994369
collar_bevel
0 8.600000 63.639610 -63.639610 1.000000 0.000000 0.000000 0.994369 -0.994369
0 8.600000 64.530565 -64.530565 1.000000 0.000000 0.000000 1.008290 -1.008290
0 8.600000 88.150391 -23.619826 1.000000 0.000000 0.000000 1.377350 -0.369060
collar_bevel
0 8.600000 63.639610 -63.639610 1.000000 0.000000 0.000000 0.994369 -0.994369
0 8.600000 88.150391 -23.619826 1.000000 0.000000 0.000000 1.377350 -0.369060
0 8.600000 86.933324 -23.293714 1.000000 0.000000 0.000000 1.358333 -0.363964
collar_bevel
0 8.600000 86.933324 -23.293714 1.000000 0.000000 0.000000 1.358333 -0.363964
0 8.600000 88.150391 -23.619826 1.000000 0.000000 0.000000 1.377350 -0.369060
0 8.600000 88.150391 23.619826 1.000000 0.000000 0.000000 1.377350 0.369060
collar_bevel
0 8.600000 86.933324 -23.293714 1.000000 0.000000 0.000000 1.358333 -0.363964
0 8.600000 88.150391 23.619826 1.000000 0.000000 0.000000 1.377350 0.369060
0 8.600000 86.933324 23.293714 1.000000 0.000000 0.000000 1.358333 0.363964
collar_dark
0 8.600000 88.150391 23.619826 0.766993 -0.555690 -0.320828 1.377350 0.369060
0 10.200000 90.062924 24.132288 0.766993 -0.555690 -0.320828 1.407233 0.377067
0 10.200000 65.930636 65.930636 0.766993 -0.555690 -0.320828 1.030166 1.030166
collar_dark
0 8.600000 88.150391 23.619826 0.766993 -0.555690 -0.320828 1.377350 0.369060
0 10.200000 65.930636 65.930636 0.766993 -0.555690 -0.320828 1.030166 1.030166
0 8.600000 64.530565 64.530565 0.766993 -0.555690 -0.320828 1.008290 1.008290
collar_dark
0 8.600000 64.530565 64.530565 0.766993 -0.320828 -0.555690 1.008290 1.008290
0 10.200000 65.930636 65.930636 0.766993 -0.320828 -0.555690 1.030166 1.030166
0 10.200000 24.132288 90.062924 0.766993 -0.320828 -0.555690 0.377067 1.407233
collar_dark
0 8.600000 64.530565 64.530565 0.766993 -0.320828 -0.555690 1.008290 1.008290
0 10.200000 24.132288 90.062924 0.766993 -0.320828 -0.555690 0.377067 1.407233
0 8.600000 23.619826 88.150391 0.766993 -0.320828 -0.555690 0.369060 1.377350
collar_dark
0 8.600000 23.619826 88.150391 0.766993 0.000000 -0.641656 0.369060 1.377350
0 10.200000 24.132288 90.062924 0.766993 0.000000 -0.641656 0.377067 1.407233
0 10.200000 -24.132288 90.062924 0.766993 0.000000 -0.641656 -0.377067 1.407233
collar_dark
0 8.600000 23.619826 88.150391 0.766993 0.000000 -0.641656 0.369060 1.377350
0 10.200000 -24.132288 90.062924 0.766993 0.000000 -0.641656 -0.377067 1.407233
0 8.600000 -23.619826 88.150391 0.766993 0.000000 -0.641656 -0.369060 1.377350
collar_dark
0 8.600000 -23.619826 88.150391 0.766993 0.320828 -0.555690 -0.369060 1.377350
0 10.200000 -24.132288 90.062924 0.766993 0.320828 -0.555690 -0.377067 1.407233
0 10.200000 -65.930636 65.930636 0.766993 0.320828 -0.555690 -1.030166 1.030166
collar_dark
0 8.600000 -23.619826 88.150391 0.766993 0.320828 -0.555690 -0.369060 1.377350
0 10.200000 -65.930636 65.930636 0.766993 0.320828 -0.555690 -1.030166 1.030166
0 8.600000 -64.530565 64.530565 0.766993 0.320828 -0.555690 -1.008290 1.008290
collar_dark
0 8.600000 -64.530565 64.530565 0.766993 0.555690 -0.320828 -1.008290 1.008290
0 10.200000 -65.930636 65.930636 0.766993 0.555690 -0.320828 -1.030166 1.030166
0 10.200000 -90.062924 24.132288 0.766993 0.555690 -0.320828 -1.407233 0.377067
collar_dark
0 8.600000 -64.530565 64.530565 0.766993 0.555690 -0.320828 -1.008290 1.008290
0 10.200000 -90.062924 24.132288 0.766993 0.555690 -0.320828 -1.407233 0.377067
0 8.600000 -88.150391 23.619826 0.766993 0.555690 -0.320828 -1.377350 0.369060
collar_dark
0 8.600000 -88.150391 23.619826 0.766993 0.641656 -0.000000 -1.377350 0.369060
0 10.200000 -90.062924 24.132288 0.766993 0.641656 -0.000000 -1.407233 0.377067
0 10.200000 -90.062924 -24.132288 0.766993 0.641656 -0.000000 -1.407233 -0.377067
collar_dark
0 8.600000 -88.150391 23.619826 0.766993 0.641656 -0.000000 -1.377350 0.369060
0 10.200000 -90.062924 -24.132288 0.766993 0.641656 -0.000000 -1.407233 -0.377067
0 8.600000 -88.150391 -23.619826 0.766993 0.641656 -0.000000 -1.377350 -0.369060
collar_dark
0 8.600000 -88.150391 -23.619826 0.766993 0.555690 0.320828 -1.377350 -0.369060
0 10.200000 -90.062924 -24.132288 0.766993 0.555690 0.320828 -1.407233 -0.377067
0 10.200000 -65.930636 -65.930636 0.766993 0.555690 0.320828 -1.030166 -1.030166
collar_dark
0 8.600000 -88.150391 -23.619826 0.766993 0.555690 0.320828 -1.377350 -0.369060
0 10.200000 -65.930636 -65.930636 0.766993 0.555690 0.320828 -1.030166 -1.030166
0 8.600000 -64.530565 -64.530565 0.766993 0.555690 0.320828 -1.008290 -1.008290
collar_dark
0 8.600000 -64.530565 -64.530565 0.766993 0.320828 0.555690 -1.008290 -1.008290
0 10.200000 -65.930636 -65.930636 0.766993 0.320828 0.555690 -1.030166 -1.030166
0 10.200000 -24.132288 -90.062924 0.766993 0.320828 0.555690 -0.377067 -1.407233
collar_dark
0 8.600000 -64.530565 -64.530565 0.766993 0.320828 0.555690 -1.008290 -1.008290
0 10.200000 -24.132288 -90.062924 0.766993 0.320828 0.555690 -0.377067 -1.407233
0 8.600000 -23.619826 -88.150391 0.766993 0.320828 0.555690 -0.369060 -1.377350
collar_dark
0 8.600000 -23.619826 -88.150391 0.766993 0.000000 0.641656 -0.369060 -1.377350
0 10.200000 -24.132288 -90.062924 0.766993 0.000000 0.641656 -0.377067 -1.407233
0 10.200000 24.132288 -90.062924 0.766993 0.000000 0.641656 0.377067 -1.407233
collar_dark
0 8.600000 -23.619826 -88.150391 0.766993 0.000000 0.641656 -0.369060 -1.377350
0 10.200000 24.132288 -90.062924 0.766993 0.000000 0.641656 0.377067 -1.407233
0 8.600000 23.619826 -88.150391 0.766993 0.000000 0.641656 0.369060 -1.377350
collar_dark
0 8.600000 23.619826 -88.150391 0.766993 -0.320828 0.555690 0.369060 -1.377350
0 10.200000 24.132288 -90.062924 0.766993 -0.320828 0.555690 0.377067 -1.407233
0 10.200000 65.930636 -65.930636 0.766993 -0.320828 0.555690 1.030166 -1.030166
collar_dark
0 8.600000 23.619826 -88.150391 0.766993 -0.320828 0.555690 0.369060 -1.377350
0 10.200000 65.930636 -65.930636 0.766993 -0.320828 0.555690 1.030166 -1.030166
0 8.600000 64.530565 -64.530565 0.766993 -0.320828 0.555690 1.008290 -1.008290
collar_dark
0 8.600000 64.530565 -64.530565 0.766993 -0.555690 0.320828 1.008290 -1.008290
0 10.200000 65.930636 -65.930636 0.766993 -0.555690 0.320828 1.030166 -1.030166
0 10.200000 90.062924 -24.132288 0.766993 -0.555690 0.320828 1.407233 -0.377067
collar_dark
0 8.600000 64.530565 -64.530565 0.766993 -0.555690 0.320828 1.008290 -1.008290
0 10.200000 90.062924 -24.132288 0.766993 -0.555690 0.320828 1.407233 -0.377067
0 8.600000 88.150391 -23.619826 0.766993 -0.555690 0.320828 1.377350 -0.369060
collar_dark
0 8.600000 88.150391 -23.619826 0.766993 -0.641656 0.000000 1.377350 -0.369060
0 10.200000 90.062924 -24.132288 0.766993 -0.641656 0.000000 1.407233 -0.377067
0 10.200000 90.062924 24.132288 0.766993 -0.641656 0.000000 1.407233 0.377067
collar_dark
0 8.600000 88.150391 -23.619826 0.766993 -0.641656 0.000000 1.377350 -0.369060
0 10.200000 90.062924 24.132288 0.766993 -0.641656 0.000000 1.407233 0.377067
0 8.600000 88.150391 23.619826 0.766993 -0.641656 0.000000 1.377350 0.369060
collar_bevel
0 10.200000 90.062924 24.132288 1.000000 0.000000 0.000000 1.407233 0.377067
0 10.200000 92.149324 24.691337 1.000000 0.000000 0.000000 1.439833 0.385802
0 10.200000 67.457987 67.457987 1.000000 0.000000 0.000000 1.054031 1.054031
collar_bevel
0 10.200000 90.062924 24.132288 1.000000 0.000000 0.000000 1.407233 0.377067
0 10.200000 67.457987 67.457987 1.000000 0.000000 0.000000 1.054031 1.054031
0 10.200000 65.930636 65.930636 1.000000 0.000000 0.000000 1.030166 1.030166
collar_bevel
0 10.200000 65.930636 65.930636 1.000000 0.000000 0.000000 1.030166 1.030166
0 10.200000 67.457987 67.457987 1.000000 0.000000 0.000000 1.054031 1.054031
0 10.200000 24.691337 92.149324 1.000000 0.000000 0.000000 0.385802 1.439833
collar_bevel
0 10.200000 65.930636 65.930636 1.000000 0.000000 0.000000 1.030166 1.030166
0 10.200000 24.691337 92.149324 1.000000 0.000000 0.000000 0.385802 1.439833
0 10.200000 24.132288 90.062924 1.000000 0.000000 0.000000 0.377067 1.407233
collar_bevel
0 10.200000 24.132288 90.062924 1.000000 0.000000 0.000000 0.377067 1.407233
0 10.200000 24.691337 92.149324 1.000000 0.000000 0.000000 0.385802 1.439833
0 10.200000 -24.691337 92.149324 1.000000 0.000000 0.000000 -0.385802 1.439833
collar_bevel
0 10.200000 24.132288 90.062924 1.000000 0.000000 0.000000 0.377067 1.407233
0 10.200000 -24.691337 92.149324 1.000000 0.000000 0.000000 -0.385802 1.439833
0 10.200000 -24.132288 90.062924 1.000000 0.000000 0.000000 -0.377067 1.407233
collar_bevel
0 10.200000 -24.132288 90.062924 1.000000 0.000000 0.000000 -0.377067 1.407233
0 10.200000 -24.691337 92.149324 1.000000 0.000000 0.000000 -0.385802 1.439833
0 10.200000 -67.457987 67.457987 1.000000 0.000000 0.000000 -1.054031 1.054031
collar_bevel
0 10.200000 -24.132288 90.062924 1.000000 0.000000 0.000000 -0.377067 1.407233
0 10.200000 -67.457987 67.457987 1.000000 0.000000 0.000000 -1.054031 1.054031
0 10.200000 -65.930636 65.930636 1.000000 0.000000 0.000000 -1.030166 1.030166
collar_bevel
0 10.200000 -65.930636 65.930636 1.000000 0.000000 0.000000 -1.030166 1.030166
0 10.200000 -67.457987 67.457987 1.000000 0.000000 0.000000 -1.054031 1.054031
0 10.200000 -92.149324 24.691337 1.000000 0.000000 0.000000 -1.439833 0.385802
collar_bevel
0 10.200000 -65.930636 65.930636 1.000000 0.000000 0.000000 -1.030166 1.030166
0 10.200000 -92.149324 24.691337 1.000000 0.000000 0.000000 -1.439833 0.385802
0 10.200000 -90.062924 24.132288 1.000000 0.000000 0.000000 -1.407233 0.377067
collar_bevel
0 10.200000 -90.062924 24.132288 1.000000 0.000000 0.000000 -1.407233 0.377067
0 10.200000 -92.149324 24.691337 1.000000 0.000000 0.000000 -1.439833 0.385802
0 10.200000 -92.149324 -24.691337 1.000000 0.000000 0.000000 -1.439833 -0.385802
collar_bevel
0 10.200000 -90.062924 24.132288 1.000000 0.000000 0.000000 -1.407233 0.377067
0 10.200000 -92.149324 -24.691337 1.000000 0.000000 0.000000 -1.439833 -0.385802
0 10.200000 -90.062924 -24.132288 1.000000 0.000000 0.000000 -1.407233 -0.377067
collar_bevel
0 10.200000 -90.062924 -24.132288 1.000000 0.000000 0.000000 -1.407233 -0.377067
0 10.200000 -92.149324 -24.691337 1.000000 0.000000 0.000000 -1.439833 -0.385802
0 10.200000 -67.457987 -67.457987 1.000000 0.000000 0.000000 -1.054031 -1.054031
collar_bevel
0 10.200000 -90.062924 -24.132288 1.000000 0.000000 0.000000 -1.407233 -0.377067
0 10.200000 -67.457987 -67.457987 1.000000 0.000000 0.000000 -1.054031 -1.054031
0 10.200000 -65.930636 -65.930636 1.000000 0.000000 0.000000 -1.030166 -1.030166
collar_bevel
0 10.200000 -65.930636 -65.930636 1.000000 0.000000 0.000000 -1.030166 -1.030166
0 10.200000 -67.457987 -67.457987 1.000000 0.000000 0.000000 -1.054031 -1.054031
0 10.200000 -24.691337 -92.149324 1.000000 0.000000 0.000000 -0.385802 -1.439833
collar_bevel
0 10.200000 -65.930636 -65.930636 1.000000 0.000000 0.000000 -1.030166 -1.030166
0 10.200000 -24.691337 -92.149324 1.000000 0.000000 0.000000 -0.385802 -1.439833
0 10.200000 -24.132288 -90.062924 1.000000 0.000000 0.000000 -0.377067 -1.407233
collar_bevel
0 10.200000 -24.132288 -90.062924 1.000000 0.000000 0.000000 -0.377067 -1.407233
0 10.200000 -24.691337 -92.149324 1.000000 0.000000 0.000000 -0.385802 -1.439833
0 10.200000 24.691337 -92.149324 1.000000 0.000000 0.000000 0.385802 -1.439833
collar_bevel
0 10.200000 -24.132288 -90.062924 1.000000 0.000000 0.000000 -0.377067 -1.407233
0 10.200000 24.691337 -92.149324 1.000000 0.000000 0.000000 0.385802 -1.439833
0 10.200000 24.132288 -90.062924 1.000000 0.000000 0.000000 0.377067 -1.407233
collar_bevel
0 10.200000 24.132288 -90.062924 1.000000 0.000000 0.000000 0.377067 -1.407233
0 10.200000 24.691337 -92.149324 1.000000 0.000000 0.000000 0.385802 -1.439833
0 10.200000 67.457987 -67.457987 1.000000 0.000000 0.000000 1.054031 -1.054031
collar_bevel
0 10.200000 24.132288 -90.062924 1.000000 0.000000 0.000000 0.377067 -1.407233
0 10.200000 67.457987 -67.457987 1.000000 0.000000 0.000000 1.054031 -1.054031
0 10.200000 65.930636 -65.930636 1.000000 0.000000 0.000000 1.030166 -1.030166
collar_bevel
0 10.200000 65.930636 -65.930636 1.000000 0.000000 0.000000 1.030166 -1.030166
0 10.200000 67.457987 -67.457987 1.000000 0.000000 0.000000 1.054031 -1.054031
0 10.200000 92.149324 -24.691337 1.000000 0.000000 0.000000 1.439833 -0.385802
collar_bevel
0 10.200000 65.930636 -65.930636 1.000000 0.000000 0.000000 1.030166 -1.030166
0 10.200000 92.149324 -24.691337 1.000000 0.000000 0.000000 1.439833 -0.385802
0 10.200000 90.062924 -24.132288 1.000000 0.000000 0.000000 1.407233 -0.377067
collar_bevel
0 10.200000 90.062924 -24.132288 1.000000 0.000000 0.000000 1.407233 -0.377067
0 10.200000 92.149324 -24.691337 1.000000 0.000000 0.000000 1.439833 -0.385802
0 10.200000 92.149324 24.691337 1.000000 0.000000 0.000000 1.439833 0.385802
collar_bevel
0 10.200000 90.062924 -24.132288 1.000000 0.000000 0.000000 1.407233 -0.377067
0 10.200000 92.149324 24.691337 1.000000 0.000000 0.000000 1.439833 0.385802
0 10.200000 90.062924 24.132288 1.000000 0.000000 0.000000 1.407233 0.377067
collar_bevel
0 10.200000 92.149324 24.691337 0.757162 0.565711 0.326613 1.439833 0.385802
0 9.000000 93.540257 25.064036 0.757162 0.565711 0.326613 1.461567 0.391626
0 9.000000 68.476221 68.476221 0.757162 0.565711 0.326613 1.069941 1.069941
collar_bevel
0 10.200000 92.149324 24.691337 0.757162 0.565711 0.326613 1.439833 0.385802
0 9.000000 68.476221 68.476221 0.757162 0.565711 0.326613 1.069941 1.069941
0 10.200000 67.457987 67.457987 0.757162 0.565711 0.326613 1.054031 1.054031
collar_bevel
0 10.200000 67.457987 67.457987 0.757162 0.326613 0.565711 1.054031 1.054031
0 9.000000 68.476221 68.476221 0.757162 0.326613 0.565711 1.069941 1.069941
0 9.000000 25.064036 93.540257 0.757162 0.326613 0.565711 0.391626 1.461567
collar_bevel
0 10.200000 67.457987 67.457987 0.757162 0.326613 0.565711 1.054031 1.054031
0 9.000000 25.064036 93.540257 0.757162 0.326613 0.565711 0.391626 1.461567
0 10.200000 24.691337 92.149324 0.757162 0.326613 0.565711 0.385802 1.439833
collar_bevel
0 10.200000 24.691337 92.149324 0.757162 0.000000 0.653227 0.385802 1.439833
0 9.000000 25.064036 93.540257 0.757162 0.000000 0.653227 0.391626 1.461567
0 9.000000 -25.064036 93.540257 0.757162 0.000000 0.653227 -0.391626 1.461567
collar_bevel
0 10.200000 24.691337 92.149324 0.757162 0.000000 0.653227 0.385802 1.439833
0 9.000000 -25.064036 93.540257 0.757162 0.000000 0.653227 -0.391626 1.461567
0 10.200000 -24.691337 92.149324 0.757162 0.000000 0.653227 -0.385802 1.439833
collar_bevel
0 10.200000 -24.691337 92.149324 0.757162 -0.326613 0.565711 -0.385802 1.439833
0 9.000000 -25.064036 93.540257 0.757162 -0.326613 0.565711 -0.391626 1.461567
0 9.000000 -68.476221 68.476221 0.757162 -0.326613 0.565711 -1.069941 1.069941
collar_bevel
0 10.200000 -24.691337 92.149324 0.757162 -0.326613 0.565711 -0.385802 1.439833
0 9.000000 -68.476221 68.476221 0.757162 -0.326613 0.565711 -1.069941 1.069941
0 10.200000 -67.457987 67.457987 0.757162 -0.326613 0.565711 -1.054031 1.054031
collar_bevel
0 10.200000 -67.457987 67.457987 0.757162 -0.565711 0.326613 -1.054031 1.054031
0 9.000000 -68.476221 68.476221 0.757162 -0.565711 0.326613 -1.069941 1.069941
0 9.000000 -93.540257 25.064036 0.757162 -0.565711 0.326613 -1.461567 0.391626
collar_bevel
0 10.200000 -67.457987 67.457987 0.757162 -0.565711 0.326613 -1.054031 1.054031
0 9.000000 -93.540257 25.064036 0.757162 -0.565711 0.326613 -1.461567 0.391626
0 10.200000 -92.149324 24.691337 0.757162 -0.565711 0.326613 -1.439833 0.385802
collar_bevel
0 10.200000 -92.149324 24.691337 0.757162 -0.653227 0.000000 -1.439833 0.385802
0 9.000000 -93.540257 25.064036 0.757162 -0.653227 0.000000 -1.461567 0.391626
0 9.000000 -93.540257 -25.064036 0.757162 -0.653227 0.000000 -1.461567 -0.391626
collar_bevel
0 10.200000 -92.149324 24.691337 0.757162 -0.653227 0.000000 -1.439833 0.385802
0 9.000000 -93.540257 -25.064036 0.757162 -0.653227 0.000000 -1.461567 -0.391626
0 10.200000 -92.149324 -24.691337 0.757162 -0.653227 0.000000 -1.439833 -0.385802
collar_bevel
0 10.200000 -92.149324 -24.691337 0.757162 -0.565711 -0.326613 -1.439833 -0.385802
0 9.000000 -93.540257 -25.064036 0.757162 -0.565711 -0.326613 -1.461567 -0.391626
0 9.000000 -68.476221 -68.476221 0.757162 -0.565711 -0.326613 -1.069941 -1.069941
collar_bevel
0 10.200000 -92.149324 -24.691337 0.757162 -0.565711 -0.326613 -1.439833 -0.385802
0 9.000000 -68.476221 -68.476221 0.757162 -0.565711 -0.326613 -1.069941 -1.069941
0 10.200000 -67.457987 -67.457987 0.757162 -0.565711 -0.326613 -1.054031 -1.054031
collar_bevel
0 10.200000 -67.457987 -67.457987 0.757162 -0.326613 -0.565711 -1.054031 -1.054031
0 9.000000 -68.476221 -68.476221 0.757162 -0.326613 -0.565711 -1.069941 -1.069941
0 9.000000 -25.064036 -93.540257 0.757162 -0.326613 -0.565711 -0.391626 -1.461567
collar_bevel
0 10.200000 -67.457987 -67.457987 0.757162 -0.326613 -0.565711 -1.054031 -1.054031
0 9.000000 -25.064036 -93.540257 0.757162 -0.326613 -0.565711 -0.391626 -1.461567
0 10.200000 -24.691337 -92.149324 0.757162 -0.326613 -0.565711 -0.385802 -1.439833
collar_bevel
0 10.200000 -24.691337 -92.149324 0.757162 0.000000 -0.653227 -0.385802 -1.439833
0 9.000000 -25.064036 -93.540257 0.757162 0.000000 -0.653227 -0.391626 -1.461567
0 9.000000 25.064036 -93.540257 0.757162 0.000000 -0.653227 0.391626 -1.461567
collar_bevel
0 10.200000 -24.691337 -92.149324 0.757162 -0.000000 -0.653227 -0.385802 -1.439833
0 9.000000 25.064036 -93.540257 0.757162 -0.000000 -0.653227 0.391626 -1.461567
0 10.200000 24.691337 -92.149324 0.757162 -0.000000 -0.653227 0.385802 -1.439833
collar_bevel
0 10.200000 24.691337 -92.149324 0.757162 0.326613 -0.565711 0.385802 -1.439833
0 9.000000 25.064036 -93.540257 0.757162 0.326613 -0.565711 0.391626 -1.461567
0 9.000000 68.476221 -68.476221 0.757162 0.326613 -0.565711 1.069941 -1.069941
collar_bevel
0 10.200000 24.691337 -92.149324 0.757162 0.326613 -0.565711 0.385802 -1.439833
0 9.000000 68.476221 -68.476221 0.757162 0.326613 -0.565711 1.069941 -1.069941
0 10.200000 67.457987 -67.457987 0.757162 0.326613 -0.565711 1.054031 -1.054031
collar_bevel
0 10.200000 67.457987 -67.457987 0.757162 0.565711 -0.326613 1.054031 -1.054031
0 9.000000 68.476221 -68.476221 0.757162 0.565711 -0.326613 1.069941 -1.069941
0 9.000000 93.540257 -25.064036 0.757162 0.565711 -0.326613 1.461567 -0.391626
collar_bevel
0 10.200000 67.457987 -67.457987 0.757162 0.565711 -0.326613 1.054031 -1.054031
0 9.000000 93.540257 -25.064036 0.757162 0.565711 -0.326613 1.461567 -0.391626
0 10.200000 92.149324 -24.691337 0.757162 0.565711 -0.326613 1.439833 -0.385802
collar_bevel
0 10.200000 92.149324 -24.691337 0.757162 0.653227 -0.000000 1.439833 -0.385802
0 9.000000 93.540257 -25.064036 0.757162 0.653227 -0.000000 1.461567 -0.391626
0 9.000000 93.540257 25.064036 0.757162 0.653227 -0.000000 1.461567 0.391626
collar_bevel
0 10.200000 92.149324 -24.691337 0.757162 0.653227 -0.000000 1.439833 -0.385802
0 9.000000 93.540257 25.064036 0.757162 0.653227 -0.000000 1.461567 0.391626
0 10.200000 92.149324 24.691337 0.757162 0.653227 -0.000000 1.439833 0.385802
collar_bevel
0 9.000000 93.540257 25.064036 1.000000 0.000000 0.000000 1.461567 0.391626
0 9.000000 96.495990 25.856023 1.000000 0.000000 0.000000 1.507750 0.404000
0 9.000000 70.639967 70.639967 1.000000 0.000000 0.000000 1.103749 1.103749
collar_bevel
0 9.000000 93.540257 25.064036 1.000000 0.000000 0.000000 1.461567 0.391626
0 9.000000 70.639967 70.639967 1.000000 0.000000 0.000000 1.103749 1.103749
0 9.000000 68.476221 68.476221 1.000000 0.000000 0.000000 1.069941 1.069941
collar_bevel
0 9.000000 68.476221 68.476221 1.000000 0.000000 0.000000 1.069941 1.069941
0 9.000000 70.639967 70.639967 1.000000 0.000000 0.000000 1.103749 1.103749
0 9.000000 25.856023 96.495990 1.000000 0.000000 0.000000 0.404000 1.507750
collar_bevel
0 9.000000 68.476221 68.476221 1.000000 0.000000 0.000000 1.069941 1.069941
0 9.000000 25.856023 96.495990 1.000000 0.000000 0.000000 0.404000 1.507750
0 9.000000 25.064036 93.540257 1.000000 0.000000 0.000000 0.391626 1.461567
collar_bevel
0 9.000000 25.064036 93.540257 1.000000 0.000000 0.000000 0.391626 1.461567
0 9.000000 25.856023 96.495990 1.000000 0.000000 0.000000 0.404000 1.507750
0 9.000000 -25.856023 96.495990 1.000000 0.000000 0.000000 -0.404000 1.507750
collar_bevel
0 9.000000 25.064036 93.540257 1.000000 0.000000 0.000000 0.391626 1.461567
0 9.000000 -25.856023 96.495990 1.000000 0.000000 0.000000 -0.404000 1.507750
0 9.000000 -25.064036 93.540257 1.000000 0.000000 0.000000 -0.391626 1.461567
collar_bevel
0 9.000000 -25.064036 93.540257 1.000000 0.000000 0.000000 -0.391626 1.461567
0 9.000000 -25.856023 96.495990 1.000000 0.000000 0.000000 -0.404000 1.507750
0 9.000000 -70.639967 70.639967 1.000000 0.000000 0.000000 -1.103749 1.103749
collar_bevel
0 9.000000 -25.064036 93.540257 1.000000 0.000000 0.000000 -0.391626 1.461567
0 9.000000 -70.639967 70.639967 1.000000 0.000000 0.000000 -1.103749 1.103749
0 9.000000 -68.476221 68.476221 1.000000 0.000000 0.000000 -1.069941 1.069941
collar_bevel
0 9.000000 -68.476221 68.476221 1.000000 0.000000 0.000000 -1.069941 1.069941
0 9.000000 -70.639967 70.639967 1.000000 0.000000 0.000000 -1.103749 1.103749
0 9.000000 -96.495990 25.856023 1.000000 0.000000 0.000000 -1.507750 0.404000
collar_bevel
0 9.000000 -68.476221 68.476221 1.000000 0.000000 0.000000 -1.069941 1.069941
0 9.000000 -96.495990 25.856023 1.000000 0.000000 0.000000 -1.507750 0.404000
0 9.000000 -93.540257 25.064036 1.000000 0.000000 0.000000 -1.461567 0.391626
collar_bevel
0 9.000000 -93.540257 25.064036 1.000000 0.000000 0.000000 -1.461567 0.391626
0 9.000000 -96.495990 25.856023 1.000000 0.000000 0.000000 -1.507750 0.404000
0 9.000000 -96.495990 -25.856023 1.000000 0.000000 0.000000 -1.507750 -0.404000
collar_bevel
0 9.000000 -93.540257 25.064036 1.000000 0.000000 0.000000 -1.461567 0.391626
0 9.000000 -96.495990 -25.856023 1.000000 0.000000 0.000000 -1.507750 -0.404000
0 9.000000 -93.540257 -25.064036 1.000000 0.000000 0.000000 -1.461567 -0.391626
collar_bevel
0 9.000000 -93.540257 -25.064036 1.000000 0.000000 0.000000 -1.461567 -0.391626
0 9.000000 -96.495990 -25.856023 1.000000 0.000000 0.000000 -1.507750 -0.404000
0 9.000000 -70.639967 -70.639967 1.000000 0.000000 0.000000 -1.103749 -1.103749
collar_bevel
0 9.000000 -93.540257 -25.064036 1.000000 0.000000 0.000000 -1.461567 -0.391626
0 9.000000 -70.639967 -70.639967 1.000000 0.000000 0.000000 -1.103749 -1.103749
0 9.000000 -68.476221 -68.476221 1.000000 0.000000 0.000000 -1.069941 -1.069941
collar_bevel
0 9.000000 -68.476221 -68.476221 1.000000 0.000000 0.000000 -1.069941 -1.069941
0 9.000000 -70.639967 -70.639967 1.000000 0.000000 0.000000 -1.103749 -1.103749
0 9.000000 -25.856023 -96.495990 1.000000 0.000000 0.000000 -0.404000 -1.507750
collar_bevel
0 9.000000 -68.476221 -68.476221 1.000000 0.000000 0.000000 -1.069941 -1.069941
0 9.000000 -25.856023 -96.495990 1.000000 0.000000 0.000000 -0.404000 -1.507750
0 9.000000 -25.064036 -93.540257 1.000000 0.000000 0.000000 -0.391626 -1.461567
collar_bevel
0 9.000000 -25.064036 -93.540257 1.000000 0.000000 0.000000 -0.391626 -1.461567
0 9.000000 -25.856023 -96.495990 1.000000 0.000000 0.000000 -0.404000 -1.507750
0 9.000000 25.856023 -96.495990 1.000000 0.000000 0.000000 0.404000 -1.507750
collar_bevel
0 9.000000 -25.064036 -93.540257 1.000000 0.000000 0.000000 -0.391626 -1.461567
0 9.000000 25.856023 -96.495990 1.000000 0.000000 0.000000 0.404000 -1.507750
0 9.000000 25.064036 -93.540257 1.000000 0.000000 0.000000 0.391626 -1.461567
collar_bevel
0 9.000000 25.064036 -93.540257 1.000000 0.000000 0.000000 0.391626 -1.461567
0 9.000000 25.856023 -96.495990 1.000000 0.000000 0.000000 0.404000 -1.507750
0 9.000000 70.639967 -70.639967 1.000000 0.000000 0.000000 1.103749 -1.103749
collar_bevel
0 9.000000 25.064036 -93.540257 1.000000 0.000000 0.000000 0.391626 -1.461567
0 9.000000 70.639967 -70.639967 1.000000 0.000000 0.000000 1.103749 -1.103749
0 9.000000 68.476221 -68.476221 1.000000 0.000000 0.000000 1.069941 -1.069941
collar_bevel
0 9.000000 68.476221 -68.476221 1.000000 0.000000 0.000000 1.069941 -1.069941
0 9.000000 70.639967 -70.639967 1.000000 0.000000 0.000000 1.103749 -1.103749
0 9.000000 96.495990 -25.856023 1.000000 0.000000 0.000000 1.507750 -0.404000
collar_bevel
0 9.000000 68.476221 -68.476221 1.000000 0.000000 0.000000 1.069941 -1.069941
0 9.000000 96.495990 -25.856023 1.000000 0.000000 0.000000 1.507750 -0.404000
0 9.000000 93.540257 -25.064036 1.000000 0.000000 0.000000 1.461567 -0.391626
collar_bevel
0 9.000000 93.540257 -25.064036 1.000000 0.000000 0.000000 1.461567 -0.391626
0 9.000000 96.495990 -25.856023 1.000000 0.000000 0.000000 1.507750 -0.404000
0 9.000000 96.495990 25.856023 1.000000 0.000000 0.000000 1.507750 0.404000
collar_bevel
0 9.000000 93.540257 -25.064036 1.000000 0.000000 0.000000 1.461567 -0.391626
0 9.000000 96.495990 25.856023 1.000000 0.000000 0.000000 1.507750 0.404000
0 9.000000 93.540257 25.064036 1.000000 0.000000 0.000000 1.461567 0.391626
collar_bevel
0 9.000000 96.495990 25.856023 0.398637 0.794240 0.458554 0.140625 0.404000
0 7.000000 97.365323 26.088960 0.398637 0.794240 0.458554 0.109375 0.407640
0 7.000000 71.276364 71.276364 0.398637 0.794240 0.458554 0.109375 1.113693
collar_bevel
0 9.000000 96.495990 25.856023 0.398637 0.794240 0.458554 0.140625 0.404000
0 7.000000 71.276364 71.276364 0.398637 0.794240 0.458554 0.109375 1.113693
0 9.000000 70.639967 70.639967 0.398637 0.794240 0.458554 0.140625 1.103749
collar_bevel
0 9.000000 70.639967 70.639967 0.398637 0.458554 0.794240 0.140625 1.103749
0 7.000000 71.276364 71.276364 0.398637 0.458554 0.794240 0.109375 1.113693
0 7.000000 26.088960 97.365323 0.398637 0.458554 0.794240 0.109375 0.407640
collar_bevel
0 9.000000 70.639967 70.639967 0.398637 0.458554 0.794240 0.140625 1.103749
0 7.000000 26.088960 97.365323 0.398637 0.458554 0.794240 0.109375 0.407640
0 9.000000 25.856023 96.495990 0.398637 0.458554 0.794240 0.140625 0.404000
collar_bevel
0 9.000000 25.856023 96.495990 0.398637 0.000000 0.917109 0.140625 0.404000
0 7.000000 26.088960 97.365323 0.398637 0.000000 0.917109 0.109375 0.407640
0 7.000000 -26.088960 97.365323 0.398637 0.000000 0.917109 0.109375 -0.407640
collar_bevel
0 9.000000 25.856023 96.495990 0.398637 0.000000 0.917109 0.140625 0.404000
0 7.000000 -26.088960 97.365323 0.398637 0.000000 0.917109 0.109375 -0.407640
0 9.000000 -25.856023 96.495990 0.398637 0.000000 0.917109 0.140625 -0.404000
collar_bevel
0 9.000000 -25.856023 96.495990 0.398637 -0.458554 0.794240 0.140625 -0.404000
0 7.000000 -26.088960 97.365323 0.398637 -0.458554 0.794240 0.109375 -0.407640
0 7.000000 -71.276364 71.276364 0.398637 -0.458554 0.794240 0.109375 -1.113693
collar_bevel
0 9.000000 -25.856023 96.495990 0.398637 -0.458554 0.794240 0.140625 -0.404000
0 7.000000 -71.276364 71.276364 0.398637 -0.458554 0.794240 0.109375 -1.113693
0 9.000000 -70.639967 70.639967 0.398637 -0.458554 0.794240 0.140625 -1.103749
collar_bevel
0 9.000000 -70.639967 70.639967 0.398637 -0.794240 0.458554 0.140625 1.103749
0 7.000000 -71.276364 71.276364 0.398637 -0.794240 0.458554 0.109375 1.113693
0 7.000000 -97.365323 26.088960 0.398637 -0.794240 0.458554 0.109375 0.407640
collar_bevel
0 9.000000 -70.639967 70.639967 0.398637 -0.794240 0.458554 0.140625 1.103749
0 7.000000 -97.365323 26.088960 0.398637 -0.794240 0.458554 0.109375 0.407640
0 9.000000 -96.495990 25.856023 0.398637 -0.794240 0.458554 0.140625 0.404000
collar_bevel
0 9.000000 -96.495990 25.856023 0.398637 -0.917109 0.000000 0.140625 0.404000
0 7.000000 -97.365323 26.088960 0.398637 -0.917109 0.000000 0.109375 0.407640
0 7.000000 -97.365323 -26.088960 0.398637 -0.917109 0.000000 0.109375 -0.407640
collar_bevel
0 9.000000 -96.495990 25.856023 0.398637 -0.917109 0.000000 0.140625 0.404000
0 7.000000 -97.365323 -26.088960 0.398637 -0.917109 0.000000 0.109375 -0.407640
0 9.000000 -96.495990 -25.856023 0.398637 -0.917109 0.000000 0.140625 -0.404000
collar_bevel
0 9.000000 -96.495990 -25.856023 0.398637 -0.794240 -0.458554 0.140625 -0.404000
0 7.000000 -97.365323 -26.088960 0.398637 -0.794240 -0.458554 0.109375 -0.407640
0 7.000000 -71.276364 -71.276364 0.398637 -0.794240 -0.458554 0.109375 -1.113693
collar_bevel
0 9.000000 -96.495990 -25.856023 0.398637 -0.794240 -0.458554 0.140625 -0.404000
0 7.000000 -71.276364 -71.276364 0.398637 -0.794240 -0.458554 0.109375 -1.113693
0 9.000000 -70.639967 -70.639967 0.398637 -0.794240 -0.458554 0.140625 -1.103749
collar_bevel
0 9.000000 -70.639967 -70.639967 0.398637 -0.458554 -0.794240 0.140625 -1.103749
0 7.000000 -71.276364 -71.276364 0.398637 -0.458554 -0.794240 0.109375 -1.113693
0 7.000000 -26.088960 -97.365323 0.398637 -0.458554 -0.794240 0.109375 -0.407640
collar_bevel
0 9.000000 -70.639967 -70.639967 0.398637 -0.458554 -0.794240 0.140625 -1.103749
0 7.000000 -26.088960 -97.365323 0.398637 -0.458554 -0.794240 0.109375 -0.407640
0 9.000000 -25.856023 -96.495990 0.398637 -0.458554 -0.794240 0.140625 -0.404000
collar_bevel
0 9.000000 -25.856023 -96.495990 0.398637 0.000000 -0.917109 0.140625 -0.404000
0 7.000000 -26.088960 -97.365323 0.398637 0.000000 -0.917109 0.109375 -0.407640
0 7.000000 26.088960 -97.365323 0.398637 0.000000 -0.917109 0.109375 0.407640
collar_bevel
0 9.000000 -25.856023 -96.495990 0.398637 -0.000000 -0.917109 0.140625 -0.404000
0 7.000000 26.088960 -97.365323 0.398637 -0.000000 -0.917109 0.109375 0.407640
0 9.000000 25.856023 -96.495990 0.398637 -0.000000 -0.917109 0.140625 0.404000
collar_bevel
0 9.000000 25.856023 -96.495990 0.398637 0.458554 -0.794240 0.140625 0.404000
0 7.000000 26.088960 -97.365323 0.398637 0.458554 -0.794240 0.109375 0.407640
0 7.000000 71.276364 -71.276364 0.398637 0.458554 -0.794240 0.109375 1.113693
collar_bevel
0 9.000000 25.856023 -96.495990 0.398637 0.458554 -0.794240 0.140625 0.404000
0 7.000000 71.276364 -71.276364 0.398637 0.458554 -0.794240 0.109375 1.113693
0 9.000000 70.639967 -70.639967 0.398637 0.458554 -0.794240 0.140625 1.103749
collar_bevel
0 9.000000 70.639967 -70.639967 0.398637 0.794240 -0.458554 0.140625 -1.103749
0 7.000000 71.276364 -71.276364 0.398637 0.794240 -0.458554 0.109375 -1.113693
0 7.000000 97.365323 -26.088960 0.398637 0.794240 -0.458554 0.109375 -0.407640
collar_bevel
0 9.000000 70.639967 -70.639967 0.398637 0.794240 -0.458554 0.140625 -1.103749
0 7.000000 97.365323 -26.088960 0.398637 0.794240 -0.458554 0.109375 -0.407640
0 9.000000 96.495990 -25.856023 0.398637 0.794240 -0.458554 0.140625 -0.404000
collar_bevel
0 9.000000 96.495990 -25.856023 0.398637 0.917109 -0.000000 0.140625 -0.404000
0 7.000000 97.365323 -26.088960 0.398637 0.917109 -0.000000 0.109375 -0.407640
0 7.000000 97.365323 26.088960 0.398637 0.917109 -0.000000 0.109375 0.407640
collar_bevel
0 9.000000 96.495990 -25.856023 0.398637 0.917109 -0.000000 0.140625 -0.404000
0 7.000000 97.365323 26.088960 0.398637 0.917109 -0.000000 0.109375 0.407640
0 9.000000 96.495990 25.856023 0.398637 0.917109 -0.000000 0.140625 0.404000
collar_gray
0 7.000000 97.365323 26.088960 1.000000 0.000000 0.000000 1.521333 0.407640
0 7.000000 111.274655 29.815954 1.000000 0.000000 0.000000 1.738666 0.465874
0 7.000000 81.458701 81.458701 1.000000 0.000000 0.000000 1.272792 1.272792
collar_gray
0 7.000000 97.365323 26.088960 1.000000 0.000000 0.000000 1.521333 0.407640
0 7.000000 81.458701 81.458701 1.000000 0.000000 0.000000 1.272792 1.272792
0 7.000000 71.276364 71.276364 1.000000 0.000000 0.000000 1.113693 1.113693
collar_gray
0 7.000000 71.276364 71.276364 1.000000 0.000000 0.000000 1.113693 1.113693
0 7.000000 81.458701 81.458701 1.000000 0.000000 0.000000 1.272792 1.272792
0 7.000000 29.815954 111.274655 1.000000 0.000000 0.000000 0.465874 1.738666
collar_gray
0 7.000000 71.276364 71.276364 1.000000 0.000000 0.000000 1.113693 1.113693
0 7.000000 29.815954 111.274655 1.000000 0.000000 0.000000 0.465874 1.738666
0 7.000000 26.088960 97.365323 1.000000 0.000000 0.000000 0.407640 1.521333
collar_gray
0 7.000000 26.088960 97.365323 1.000000 0.000000 0.000000 0.407640 1.521333
0 7.000000 29.815954 111.274655 1.000000 0.000000 0.000000 0.465874 1.738666
0 7.000000 -29.815954 111.274655 1.000000 0.000000 0.000000 -0.465874 1.738666
collar_gray
0 7.000000 26.088960 97.365323 1.000000 0.000000 0.000000 0.407640 1.521333
0 7.000000 -29.815954 111.274655 1.000000 0.000000 0.000000 -0.465874 1.738666
0 7.000000 -26.088960 97.365323 1.000000 0.000000 0.000000 -0.407640 1.521333
collar_gray
0 7.000000 -26.088960 97.365323 1.000000 0.000000 0.000000 -0.407640 1.521333
0 7.000000 -29.815954 111.274655 1.000000 0.000000 0.000000 -0.465874 1.738666
0 7.000000 -81.458701 81.458701 1.000000 0.000000 0.000000 -1.272792 1.272792
collar_gray
0 7.000000 -26.088960 97.365323 1.000000 0.000000 0.000000 -0.407640 1.521333
0 7.000000 -81.458701 81.458701 1.000000 0.000000 0.000000 -1.272792 1.272792
0 7.000000 -71.276364 71.276364 1.000000 0.000000 0.000000 -1.113693 1.113693
collar_gray
0 7.000000 -71.276364 71.276364 1.000000 0.000000 0.000000 -1.113693 1.113693
0 7.000000 -81.458701 81.458701 1.000000 0.000000 0.000000 -1.272792 1.272792
0 7.000000 -111.274655 29.815954 1.000000 0.000000 0.000000 -1.738666 0.465874
collar_gray
0 7.000000 -71.276364 71.276364 1.000000 0.000000 0.000000 -1.113693 1.113693
0 7.000000 -111.274655 29.815954 1.000000 0.000000 0.000000 -1.738666 0.465874
0 7.000000 -97.365323 26.088960 1.000000 0.000000 0.000000 -1.521333 0.407640
collar_gray
0 7.000000 -97.365323 26.088960 1.000000 0.000000 0.000000 -1.521333 0.407640
0 7.000000 -111.274655 29.815954 1.000000 0.000000 0.000000 -1.738666 0.465874
0 7.000000 -111.274655 -29.815954 1.000000 0.000000 0.000000 -1.738666 -0.465874
collar_gray
0 7.000000 -97.365323 26.088960 1.000000 0.000000 0.000000 -1.521333 0.407640
0 7.000000 -111.274655 -29.815954 1.000000 0.000000 0.000000 -1.738666 -0.465874
0 7.000000 -97.365323 -26.088960 1.000000 0.000000 0.000000 -1.521333 -0.407640
collar_gray
0 7.000000 -97.365323 -26.088960 1.000000 0.000000 0.000000 -1.521333 -0.407640
0 7.000000 -111.274655 -29.815954 1.000000 0.000000 0.000000 -1.738666 -0.465874
0 7.000000 -81.458701 -81.458701 1.000000 0.000000 0.000000 -1.272792 -1.272792
collar_gray
0 7.000000 -97.365323 -26.088960 1.000000 0.000000 0.000000 -1.521333 -0.407640
0 7.000000 -81.458701 -81.458701 1.000000 0.000000 0.000000 -1.272792 -1.272792
0 7.000000 -71.276364 -71.276364 1.000000 0.000000 0.000000 -1.113693 -1.113693
collar_gray
0 7.000000 -71.276364 -71.276364 1.000000 0.000000 0.000000 -1.113693 -1.113693
0 7.000000 -81.458701 -81.458701 1.000000 0.000000 0.000000 -1.272792 -1.272792
0 7.000000 -29.815954 -111.274655 1.000000 0.000000 0.000000 -0.465874 -1.738666
collar_gray
0 7.000000 -71.276364 -71.276364 1.000000 0.000000 0.000000 -1.113693 -1.113693
0 7.000000 -29.815954 -111.274655 1.000000 0.000000 0.000000 -0.465874 -1.738666
0 7.000000 -26.088960 -97.365323 1.000000 0.000000 0.000000 -0.407640 -1.521333
collar_gray
0 7.000000 -26.088960 -97.365323 1.000000 0.000000 0.000000 -0.407640 -1.521333
0 7.000000 -29.815954 -111.274655 1.000000 0.000000 0.000000 -0.465874 -1.738666
0 7.000000 29.815954 -111.274655 1.000000 0.000000 0.000000 0.465874 -1.738666
collar_gray
0 7.000000 -26.088960 -97.365323 1.000000 0.000000 0.000000 -0.407640 -1.521333
0 7.000000 29.815954 -111.274655 1.000000 0.000000 0.000000 0.465874 -1.738666
0 7.000000 26.088960 -97.365323 1.000000 0.000000 0.000000 0.407640 -1.521333
collar_gray
0 7.000000 26.088960 -97.365323 1.000000 0.000000 0.000000 0.407640 -1.521333
0 7.000000 29.815954 -111.274655 1.000000 0.000000 0.000000 0.465874 -1.738666
0 7.000000 81.458701 -81.458701 1.000000 0.000000 0.000000 1.272792 -1.272792
collar_gray
0 7.000000 26.088960 -97.365323 1.000000 0.000000 0.000000 0.407640 -1.521333
0 7.000000 81.458701 -81.458701 1.000000 0.000000 0.000000 1.272792 -1.272792
0 7.000000 71.276364 -71.276364 1.000000 0.000000 0.000000 1.113693 -1.113693
collar_gray
0 7.000000 71.276364 -71.276364 1.000000 0.000000 0.000000 1.113693 -1.113693
0 7.000000 81.458701 -81.458701 1.000000 0.000000 0.000000 1.272792 -1.272792
0 7.000000 111.274655 -29.815954 1.000000 0.000000 0.000000 1.738666 -0.465874
collar_gray
0 7.000000 71.276364 -71.276364 1.000000 0.000000 0.000000 1.113693 -1.113693
0 7.000000 111.274655 -29.815954 1.000000 0.000000 0.000000 1.738666 -0.465874
0 7.000000 97.365323 -26.088960 1.000000 0.000000 0.000000 1.521333 -0.407640
collar_gray
0 7.000000 97.365323 -26.088960 1.000000 0.000000 0.000000 1.521333 -0.407640
0 7.000000 111.274655 -29.815954 1.000000 0.000000 0.000000 1.738666 -0.465874
0 7.000000 111.274655 29.815954 1.000000 0.000000 0.000000 1.738666 0.465874
collar_gray
0 7.000000 97.365323 -26.088960 1.000000 0.000000 0.000000 1.521333 -0.407640
0 7.000000 111.274655 29.815954 1.000000 0.000000 0.000000 1.738666 0.465874
0 7.000000 97.365323 26.088960 1.000000 0.000000 0.000000 1.521333 0.407640
collar_dark
0 7.000000 111.274655 29.815954 0.000000 0.866025 0.500000 0.109375 0.465874
0 -7.000000 111.274655 29.815954 0.000000 0.866025 0.500000 -0.109375 0.465874
0 -7.000000 81.458701 81.458701 0.000000 0.866025 0.500000 -0.109375 1.272792
collar_dark
0 7.000000 111.274655 29.815954 0.000000 0.866025 0.500000 0.109375 0.465874
0 -7.000000 81.458701 81.458701 0.000000 0.866025 0.500000 -0.109375 1.272792
0 7.000000 81.458701 81.458701 0.000000 0.866025 0.500000 0.109375 1.272792
collar_dark
0 7.000000 81.458701 81.458701 0.000000 0.500000 0.866025 0.109375 1.272792
0 -7.000000 81.458701 81.458701 0.000000 0.500000 0.866025 -0.109375 1.272792
0 -7.000000 29.815954 111.274655 0.000000 0.500000 0.866025 -0.109375 0.465874
collar_dark
0 7.000000 81.458701 81.458701 0.000000 0.500000 0.866025 0.109375 1.272792
0 -7.000000 29.815954 111.274655 0.000000 0.500000 0.866025 -0.109375 0.465874
0 7.000000 29.815954 111.274655 0.000000 0.500000 0.866025 0.109375 0.465874
collar_dark
0 7.000000 29.815954 111.274655 0.000000 0.000000 1.000000 0.109375 0.465874
0 -7.000000 29.815954 111.274655 0.000000 0.000000 1.000000 -0.109375 0.465874
0 -7.000000 -29.815954 111.274655 0.000000 0.000000 1.000000 -0.109375 -0.465874
collar_dark
0 7.000000 29.815954 111.274655 0.000000 0.000000 1.000000 0.109375 0.465874
0 -7.000000 -29.815954 111.274655 0.000000 0.000000 1.000000 -0.109375 -0.465874
0 7.000000 -29.815954 111.274655 0.000000 0.000000 1.000000 0.109375 -0.465874
collar_dark
0 7.000000 -29.815954 111.274655 0.000000 -0.500000 0.866025 0.109375 -0.465874
0 -7.000000 -29.815954 111.274655 0.000000 -0.500000 0.866025 -0.109375 -0.465874
0 -7.000000 -81.458701 81.458701 0.000000 -0.500000 0.866025 -0.109375 -1.272792
collar_dark
0 7.000000 -29.815954 111.274655 0.000000 -0.500000 0.866025 0.109375 -0.465874
0 -7.000000 -81.458701 81.458701 0.000000 -0.500000 0.866025 -0.109375 -1.272792
0 7.000000 -81.458701 81.458701 0.000000 -0.500000 0.866025 0.109375 -1.272792
collar_dark
0 7.000000 -81.458701 81.458701 0.000000 -0.866025 0.500000 0.109375 1.272792
0 -7.000000 -81.458701 81.458701 0.000000 -0.866025 0.500000 -0.109375 1.272792
0 -7.000000 -111.274655 29.815954 0.000000 -0.866025 0.500000 -0.109375 0.465874
collar_dark
0 7.000000 -81.458701 81.458701 0.000000 -0.866025 0.500000 0.109375 1.272792
0 -7.000000 -111.274655 29.815954 0.000000 -0.866025 0.500000 -0.109375 0.465874
0 7.000000 -111.274655 29.815954 0.000000 -0.866025 0.500000 0.109375 0.465874
collar_dark
0 7.000000 -111.274655 29.815954 0.000000 -1.000000 0.000000 0.109375 0.465874
0 -7.000000 -111.274655 29.815954 0.000000 -1.000000 0.000000 -0.109375 0.465874
0 -7.000000 -111.274655 -29.815954 0.000000 -1.000000 0.000000 -0.109375 -0.465874
collar_dark
0 7.000000 -111.274655 29.815954 0.000000 -1.000000 0.000000 0.109375 0.465874
0 -7.000000 -111.274655 -29.815954 0.000000 -1.000000 0.000000 -0.109375 -0.465874
0 7.000000 -111.274655 -29.815954 0.000000 -1.000000 0.000000 0.109375 -0.465874
collar_dark
0 7.000000 -111.274655 -29.815954 0.000000 -0.866025 -0.500000 0.109375 -0.465874
0 -7.000000 -111.274655 -29.815954 0.000000 -0.866025 -0.500000 -0.109375 -0.465874
0 -7.000000 -81.458701 -81.458701 0.000000 -0.866025 -0.500000 -0.109375 -1.272792
collar_dark
0 7.000000 -111.274655 -29.815954 0.000000 -0.866025 -0.500000 0.109375 -0.465874
0 -7.000000 -81.458701 -81.458701 0.000000 -0.866025 -0.500000 -0.109375 -1.272792
0 7.000000 -81.458701 -81.458701 0.000000 -0.866025 -0.500000 0.109375 -1.272792
collar_dark
0 7.000000 -81.458701 -81.458701 0.000000 -0.500000 -0.866025 0.109375 -1.272792
0 -7.000000 -81.458701 -81.458701 0.000000 -0.500000 -0.866025 -0.109375 -1.272792
0 -7.000000 -29.815954 -111.274655 0.000000 -0.500000 -0.866025 -0.109375 -0.465874
collar_dark
0 7.000000 -81.458701 -81.458701 0.000000 -0.500000 -0.866025 0.109375 -1.272792
0 -7.000000 -29.815954 -111.274655 0.000000 -0.500000 -0.866025 -0.109375 -0.465874
0 7.000000 -29.815954 -111.274655 0.000000 -0.500000 -0.866025 0.109375 -0.465874
collar_dark
0 7.000000 -29.815954 -111.274655 0.000000 -0.000000 -1.000000 0.109375 -0.465874
0 -7.000000 -29.815954 -111.274655 0.000000 -0.000000 -1.000000 -0.109375 -0.465874
0 -7.000000 29.815954 -111.274655 0.000000 -0.000000 -1.000000 -0.109375 0.465874
collar_dark
0 7.000000 -29.815954 -111.274655 0.000000 -0.000000 -1.000000 0.109375 -0.465874
0 -7.000000 29.815954 -111.274655 0.000000 -0.000000 -1.000000 -0.109375 0.465874
0 7.000000 29.815954 -111.274655 0.000000 -0.000000 -1.000000 0.109375 0.465874
collar_dark
0 7.000000 29.815954 -111.274655 0.000000 0.500000 -0.866025 0.109375 0.465874
0 -7.000000 29.815954 -111.274655 0.000000 0.500000 -0.866025 -0.109375 0.465874
0 -7.000000 81.458701 -81.458701 0.000000 0.500000 -0.866025 -0.109375 1.272792
collar_dark
0 7.000000 29.815954 -111.274655 0.000000 0.500000 -0.866025 0.109375 0.465874
0 -7.000000 81.458701 -81.458701 0.000000 0.500000 -0.866025 -0.109375 1.272792
0 7.000000 81.458701 -81.458701 0.000000 0.500000 -0.866025 0.109375 1.272792
collar_dark
0 7.000000 81.458701 -81.458701 0.000000 0.866025 -0.500000 0.109375 -1.272792
0 -7.000000 81.458701 -81.458701 0.000000 0.866025 -0.500000 -0.109375 -1.272792
0 -7.000000 111.274655 -29.815954 0.000000 0.866025 -0.500000 -0.109375 -0.465874
collar_dark
0 7.000000 81.458701 -81.458701 0.000000 0.866025 -0.500000 0.109375 -1.272792
0 -7.000000 111.274655 -29.815954 0.000000 0.866025 -0.500000 -0.109375 -0.465874
0 7.000000 111.274655 -29.815954 0.000000 0.866025 -0.500000 0.109375 -0.465874
collar_dark
0 7.000000 111.274655 -29.815954 0.000000 1.000000 -0.000000 0.109375 -0.465874
0 -7.000000 111.274655 -29.815954 0.000000 1.000000 -0.000000 -0.109375 -0.465874
0 -7.000000 111.274655 29.815954 0.000000 1.000000 -0.000000 -0.109375 0.465874
collar_dark
0 7.000000 111.274655 -29.815954 0.000000 1.000000 -0.000000 0.109375 -0.465874
0 -7.000000 111.274655 29.815954 0.000000 1.000000 -0.000000 -0.109375 0.465874
0 7.000000 111.274655 29.815954 0.000000 1.000000 -0.000000 0.109375 0.465874
collar_dark
0 -64.000000 -66.600000 -66.600000 -1.000000 0.000000 0.000000 -1.040625 -1.040625
0 -64.000000 -66.600000 -63.000000 -1.000000 0.000000 0.000000 -1.040625 -0.984375
0 -64.000000 -63.000000 -63.000000 -1.000000 0.000000 0.000000 -0.984375 -0.984375
collar_dark
0 -64.000000 -66.600000 -66.600000 -1.000000 0.000000 0.000000 -1.040625 -1.040625
0 -64.000000 -63.000000 -63.000000 -1.000000 0.000000 0.000000 -0.984375 -0.984375
0 -64.000000 -63.000000 -66.600000 -1.000000 0.000000 0.000000 -0.984375 -1.040625
collar_dark
0 64.000000 -66.600000 -66.600000 1.000000 0.000000 0.000000 -1.040625 -1.040625
0 64.000000 -63.000000 -66.600000 1.000000 0.000000 0.000000 -0.984375 -1.040625
0 64.000000 -63.000000 -63.000000 1.000000 0.000000 0.000000 -0.984375 -0.984375
collar_dark
0 64.000000 -66.600000 -66.600000 1.000000 0.000000 0.000000 -1.040625 -1.040625
0 64.000000 -63.000000 -63.000000 1.000000 0.000000 0.000000 -0.984375 -0.984375
0 64.000000 -66.600000 -63.000000 1.000000 0.000000 0.000000 -1.040625 -0.984375
collar_dark
0 -64.000000 -66.600000 -66.600000 0.000000 -1.000000 0.000000 -1.000000 -1.040625
0 64.000000 -66.600000 -66.600000 0.000000 -1.000000 0.000000 1.000000 -1.040625
0 64.000000 -66.600000 -63.000000 0.000000 -1.000000 0.000000 1.000000 -0.984375
collar_dark
0 -64.000000 -66.600000 -66.600000 0.000000 -1.000000 0.000000 -1.000000 -1.040625
0 64.000000 -66.600000 -63.000000 0.000000 -1.000000 0.000000 1.000000 -0.984375
0 -64.000000 -66.600000 -63.000000 0.000000 -1.000000 0.000000 -1.000000 -0.984375
collar_dark
0 -64.000000 -63.000000 -66.600000 0.000000 1.000000 0.000000 -1.000000 -1.040625
0 -64.000000 -63.000000 -63.000000 0.000000 1.000000 0.000000 -1.000000 -0.984375
0 64.000000 -63.000000 -63.000000 0.000000 1.000000 0.000000 1.000000 -0.984375
collar_dark
0 -64.000000 -63.000000 -66.600000 0.000000 1.000000 0.000000 -1.000000 -1.040625
0 64.000000 -63.000000 -63.000000 0.000000 1.000000 0.000000 1.000000 -0.984375
0 64.000000 -63.000000 -66.600000 0.000000 1.000000 0.000000 1.000000 -1.040625
collar_dark
0 -64.000000 -66.600000 -66.600000 0.000000 0.000000 -1.000000 -1.000000 -1.040625
0 -64.000000 -63.000000 -66.600000 0.000000 0.000000 -1.000000 -1.000000 -0.984375
0 64.000000 -63.000000 -66.600000 0.000000 0.000000 -1.000000 1.000000 -0.984375
collar_dark
0 -64.000000 -66.600000 -66.600000 0.000000 0.000000 -1.000000 -1.000000 -1.040625
0 64.000000 -63.000000 -66.600000 0.000000 0.000000 -1.000000 1.000000 -0.984375
0 64.000000 -66.600000 -66.600000 0.000000 0.000000 -1.000000 1.000000 -1.040625
collar_dark
0 -64.000000 -66.600000 -63.000000 0.000000 0.000000 1.000000 -1.000000 -1.040625
0 64.000000 -66.600000 -63.000000 0.000000 0.000000 1.000000 1.000000 -1.040625
0 64.000000 -63.000000 -63.000000 0.000000 0.000000 1.000000 1.000000 -0.984375
collar_dark
0 -64.000000 -66.600000 -63.000000 0.000000 0.000000 1.000000 -1.000000 -1.040625
0 64.000000 -63.000000 -63.000000 0.000000 0.000000 1.000000 1.000000 -0.984375
0 -64.000000 -63.000000 -63.000000 0.000000 0.000000 1.000000 -1.000000 -0.984375
collar_dark
0 -64.000000 -66.600000 63.000000 -1.000000 0.000000 0.000000 -1.040625 0.984375
0 -64.000000 -66.600000 66.600000 -1.000000 0.000000 0.000000 -1.040625 1.040625
0 -64.000000 -63.000000 66.600000 -1.000000 0.000000 0.000000 -0.984375 1.040625
collar_dark
0 -64.000000 -66.600000 63.000000 -1.000000 0.000000 0.000000 -1.040625 0.984375
0 -64.000000 -63.000000 66.600000 -1.000000 0.000000 0.000000 -0.984375 1.040625
0 -64.000000 -63.000000 63.000000 -1.000000 0.000000 0.000000 -0.984375 0.984375
collar_dark
0 64.000000 -66.600000 63.000000 1.000000 0.000000 0.000000 -1.040625 0.984375
0 64.000000 -63.000000 63.000000 1.000000 0.000000 0.000000 -0.984375 0.984375
0 64.000000 -63.000000 66.600000 1.000000 0.000000 0.000000 -0.984375 1.040625
collar_dark
0 64.000000 -66.600000 63.000000 1.000000 0.000000 0.000000 -1.040625 0.984375
0 64.000000 -63.000000 66.600000 1.000000 0.000000 0.000000 -0.984375 1.040625
0 64.000000 -66.600000 66.600000 1.000000 0.000000 0.000000 -1.040625 1.040625
collar_dark
0 -64.000000 -66.600000 63.000000 0.000000 -1.000000 0.000000 -1.000000 0.984375
0 64.000000 -66.600000 63.000000 0.000000 -1.000000 0.000000 1.000000 0.984375
0 64.000000 -66.600000 66.600000 0.000000 -1.000000 0.000000 1.000000 1.040625
collar_dark
0 -64.000000 -66.600000 63.000000 0.000000 -1.000000 0.000000 -1.000000 0.984375
0 64.000000 -66.600000 66.600000 0.000000 -1.000000 0.000000 1.000000 1.040625
0 -64.000000 -66.600000 66.600000 0.000000 -1.000000 0.000000 -1.000000 1.040625
collar_dark
0 -64.000000 -63.000000 63.000000 0.000000 1.000000 0.000000 -1.000000 0.984375
0 -64.000000 -63.000000 66.600000 0.000000 1.000000 0.000000 -1.000000 1.040625
0 64.000000 -63.000000 66.600000 0.000000 1.000000 0.000000 1.000000 1.040625
collar_dark
0 -64.000000 -63.000000 63.000000 0.000000 1.000000 0.000000 -1.000000 0.984375
0 64.000000 -63.000000 66.600000 0.000000 1.000000 0.000000 1.000000 1.040625
0 64.000000 -63.000000 63.000000 0.000000 1.000000 0.000000 1.000000 0.984375
collar_dark
0 -64.000000 -66.600000 63.000000 0.000000 0.000000 -1.000000 -1.000000 -1.040625
0 -64.000000 -63.000000 63.000000 0.000000 0.000000 -1.000000 -1.000000 -0.984375
0 64.000000 -63.000000 63.000000 0.000000 0.000000 -1.000000 1.000000 -0.984375
collar_dark
0 -64.000000 -66.600000 63.000000 0.000000 0.000000 -1.000000 -1.000000 -1.040625
0 64.000000 -63.000000 63.000000 0.000000 0.000000 -1.000000 1.000000 -0.984375
0 64.000000 -66.600000 63.000000 0.000000 0.000000 -1.000000 1.000000 -1.040625
collar_dark
0 -64.000000 -66.600000 66.600000 0.000000 0.000000 1.000000 -1.000000 -1.040625
0 64.000000 -66.600000 66.600000 0.000000 0.000000 1.000000 1.000000 -1.040625
0 64.000000 -63.000000 66.600000 0.000000 0.000000 1.000000 1.000000 -0.984375
collar_dark
0 -64.000000 -66.600000 66.600000 0.000000 0.000000 1.000000 -1.000000 -1.040625
0 64.000000 -63.000000 66.600000 0.000000 0.000000 1.000000 1.000000 -0.984375
0 -64.000000 -63.000000 66.600000 0.000000 0.000000 1.000000 -1.000000 -0.984375
collar_dark
0 -64.000000 63.000000 -66.600000 -1.000000 0.000000 0.000000 0.984375 -1.040625
0 -64.000000 63.000000 -63.000000 -1.000000 0.000000 0.000000 0.984375 -0.984375
0 -64.000000 66.600000 -63.000000 -1.000000 0.000000 0.000000 1.040625 -0.984375
collar_dark
0 -64.000000 63.000000 -66.600000 -1.000000 0.000000 0.000000 0.984375 -1.040625
0 -64.000000 66.600000 -63.000000 -1.000000 0.000000 0.000000 1.040625 -0.984375
0 -64.000000 66.600000 -66.600000 -1.000000 0.000000 0.000000 1.040625 -1.040625
collar_dark
0 64.000000 63.000000 -66.600000 1.000000 0.000000 0.000000 0.984375 -1.040625
0 64.000000 66.600000 -66.600000 1.000000 0.000000 0.000000 1.040625 -1.040625
0 64.000000 66.600000 -63.000000 1.000000 0.000000 0.000000 1.040625 -0.984375
collar_dark
0 64.000000 63.000000 -66.600000 1.000000 0.000000 0.000000 0.984375 -1.040625
0 64.000000 66.600000 -63.000000 1.000000 0.000000 0.000000 1.040625 -0.984375
0 64.000000 63.000000 -63.000000 1.000000 0.000000 0.000000 0.984375 -0.984375
collar_dark
0 -64.000000 63.000000 -66.600000 0.000000 -1.000000 0.000000 -1.000000 -1.040625
0 64.000000 63.000000 -66.600000 0.000000 -1.000000 0.000000 1.000000 -1.040625
0 64.000000 63.000000 -63.000000 0.000000 -1.000000 0.000000 1.000000 -0.984375
collar_dark
0 -64.000000 63.000000 -66.600000 0.000000 -1.000000 0.000000 -1.000000 -1.040625
0 64.000000 63.000000 -63.000000 0.000000 -1.000000 0.000000 1.000000 -0.984375
0 -64.000000 63.000000 -63.000000 0.000000 -1.000000 0.000000 -1.000000 -0.984375
collar_dark
0 -64.000000 66.600000 -66.600000 0.000000 1.000000 0.000000 -1.000000 -1.040625
0 -64.000000 66.600000 -63.000000 0.000000 1.000000 0.000000 -1.000000 -0.984375
0 64.000000 66.600000 -63.000000 0.000000 1.000000 0.000000 1.000000 -0.984375
collar_dark
0 -64.000000 66.600000 -66.600000 0.000000 1.000000 0.000000 -1.000000 -1.040625
0 64.000000 66.600000 -63.000000 0.000000 1.000000 0.000000 1.000000 -0.984375
0 64.000000 66.600000 -66.600000 0.000000 1.000000 0.000000 1.000000 -1.040625
collar_dark
0 -64.000000 63.000000 -66.600000 0.000000 0.000000 -1.000000 -1.000000 0.984375
0 -64.000000 66.600000 -66.600000 0.000000 0.000000 -1.000000 -1.000000 1.040625
0 64.000000 66.600000 -66.600000 0.000000 0.000000 -1.000000 1.000000 1.040625
collar_dark
0 -64.000000 63.000000 -66.600000 0.000000 0.000000 -1.000000 -1.000000 0.984375
0 64.000000 66.600000 -66.600000 0.000000 0.000000 -1.000000 1.000000 1.040625
0 64.000000 63.000000 -66.600000 0.000000 0.000000 -1.000000 1.000000 0.984375
collar_dark
0 -64.000000 63.000000 -63.000000 0.000000 0.000000 1.000000 -1.000000 0.984375
0 64.000000 63.000000 -63.000000 0.000000 0.000000 1.000000 1.000000 0.984375
0 64.000000 66.600000 -63.000000 0.000000 0.000000 1.000000 1.000000 1.040625
collar_dark
0 -64.000000 63.000000 -63.000000 0.000000 0.000000 1.000000 -1.000000 0.984375
0 64.000000 66.600000 -63.000000 0.000000 0.000000 1.000000 1.000000 1.040625
0 -64.000000 66.600000 -63.000000 0.000000 0.000000 1.000000 -1.000000 1.040625
collar_dark
0 -64.000000 63.000000 63.000000 -1.000000 0.000000 0.000000 0.984375 0.984375
0 -64.000000 63.000000 66.600000 -1.000000 0.000000 0.000000 0.984375 1.040625
0 -64.000000 66.600000 66.600000 -1.000000 0.000000 0.000000 1.040625 1.040625
collar_dark
0 -64.000000 63.000000 63.000000 -1.000000 0.000000 0.000000 0.984375 0.984375
0 -64.000000 66.600000 66.600000 -1.000000 0.000000 0.000000 1.040625 1.040625
0 -64.000000 66.600000 63.000000 -1.000000 0.000000 0.000000 1.040625 0.984375
collar_dark
0 64.000000 63.000000 63.000000 1.000000 0.000000 0.000000 0.984375 0.984375
0 64.000000 66.600000 63.000000 1.000000 0.000000 0.000000 1.040625 0.984375
0 64.000000 66.600000 66.600000 1.000000 0.000000 0.000000 1.040625 1.040625
collar_dark
0 64.000000 63.000000 63.000000 1.000000 0.000000 0.000000 0.984375 0.984375
0 64.000000 66.600000 66.600000 1.000000 0.000000 0.000000 1.040625 1.040625
0 64.000000 63.000000 66.600000 1.000000 0.000000 0.000000 0.984375 1.040625
collar_dark
0 -64.000000 63.000000 63.000000 0.000000 -1.000000 0.000000 -1.000000 0.984375
0 64.000000 63.000000 63.000000 0.000000 -1.000000 0.000000 1.000000 0.984375
0 64.000000 63.000000 66.600000 0.000000 -1.000000 0.000000 1.000000 1.040625
collar_dark
0 -64.000000 63.000000 63.000000 0.000000 -1.000000 0.000000 -1.000000 0.984375
0 64.000000 63.000000 66.600000 0.000000 -1.000000 0.000000 1.000000 1.040625
0 -64.000000 63.000000 66.600000 0.000000 -1.000000 0.000000 -1.000000 1.040625
collar_dark
0 -64.000000 66.600000 63.000000 0.000000 1.000000 0.000000 -1.000000 0.984375
0 -64.000000 66.600000 66.600000 0.000000 1.000000 0.000000 -1.000000 1.040625
0 64.000000 66.600000 66.600000 0.000000 1.000000 0.000000 1.000000 1.040625
collar_dark
0 -64.000000 66.600000 63.000000 0.000000 1.000000 0.000000 -1.000000 0.984375
0 64.000000 66.600000 66.600000 0.000000 1.000000 0.000000 1.000000 1.040625
0 64.000000 66.600000 63.000000 0.000000 1.000000 0.000000 1.000000 0.984375
collar_dark
0 -64.000000 63.000000 63.000000 0.000000 0.000000 -1.000000 -1.000000 0.984375
0 -64.000000 66.600000 63.000000 0.000000 0.000000 -1.000000 -1.000000 1.040625
0 64.000000 66.600000 63.000000 0.000000 0.000000 -1.000000 1.000000 1.040625
collar_dark
0 -64.000000 63.000000 63.000000 0.000000 0.000000 -1.000000 -1.000000 0.984375
0 64.000000 66.600000 63.000000 0.000000 0.000000 -1.000000 1.000000 1.040625
0 64.000000 63.000000 63.000000 0.000000 0.000000 -1.000000 1.000000 0.984375
collar_dark
0 -64.000000 63.000000 66.600000 0.000000 0.000000 1.000000 -1.000000 0.984375
0 64.000000 63.000000 66.600000 0.000000 0.000000 1.000000 1.000000 0.984375
0 64.000000 66.600000 66.600000 0.000000 0.000000 1.000000 1.000000 1.040625
collar_dark
0 -64.000000 63.000000 66.600000 0.000000 0.000000 1.000000 -1.000000 0.984375
0 64.000000 66.600000 66.600000 0.000000 0.000000 1.000000 1.000000 1.040625
0 -64.000000 66.600000 66.600000 0.000000 0.000000 1.000000 -1.000000 1.040625
end