version 1
nodes
0 "root" -1
end
skeleton
time 0
0 0 0 0 0 0 0
end
triangles
transfer_white
0 0.00000 0.00000 0.00000 -1.00000 0.00000 0.00000 0.0000 0.0000
0 0.00000 7.93156 1.04421 -1.00000 0.00000 0.00000 0.0620 0.0082
0 0.00000 8.00000 0.00000 -1.00000 0.00000 0.00000 0.0625 0.0000
transfer_white
0 0.00000 0.00000 0.00000 -1.00000 0.00000 0.00000 0.0000 0.0000
0 0.00000 7.72741 2.07055 -1.00000 0.00000 0.00000 0.0604 0.0162
0 0.00000 7.93156 1.04421 -1.00000 0.00000 0.00000 0.0620 0.0082
transfer_white
0 0.00000 0.00000 0.00000 -1.00000 0.00000 0.00000 0.0000 0.0000
0 0.00000 7.39104 3.06147 -1.00000 0.00000 0.00000 0.0577 0.0239
0 0.00000 7.72741 2.07055 -1.00000 0.00000 0.00000 0.0604 0.0162
transfer_white
0 0.00000 0.00000 0.00000 -1.00000 0.00000 0.00000 0.0000 0.0000
0 0.00000 6.92820 4.00000 -1.00000 0.00000 0.00000 0.0541 0.0312
0 0.00000 7.39104 3.06147 -1.00000 0.00000 0.00000 0.0577 0.0239
transfer_white
0 0.00000 0.00000 0.00000 -1.00000 0.00000 0.00000 0.0000 0.0000
0 0.00000 6.34683 4.87009 -1.00000 0.00000 0.00000 0.0496 0.0380
0 0.00000 6.92820 4.00000 -1.00000 0.00000 0.00000 0.0541 0.0312
transfer_white
0 0.00000 0.00000 0.00000 -1.00000 0.00000 0.00000 0.0000 0.0000
0 0.00000 5.65685 5.65685 -1.00000 0.00000 0.00000 0.0442 0.0442
0 0.00000 6.34683 4.87009 -1.00000 0.00000 0.00000 0.0496 0.0380
transfer_white
0 0.00000 0.00000 0.00000 -1.00000 0.00000 0.00000 0.0000 0.0000
0 0.00000 4.87009 6.34683 -1.00000 0.00000 0.00000 0.0380 0.0496
0 0.00000 5.65685 5.65685 -1.00000 0.00000 0.00000 0.0442 0.0442
transfer_white
0 0.00000 0.00000 0.00000 -1.00000 0.00000 0.00000 0.0000 0.0000
0 0.00000 4.00000 6.92820 -1.00000 0.00000 0.00000 0.0313 0.0541
0 0.00000 4.87009 6.34683 -1.00000 0.00000 0.00000 0.0380 0.0496
transfer_white
0 0.00000 0.00000 0.00000 -1.00000 0.00000 0.00000 0.0000 0.0000
0 0.00000 3.06147 7.39104 -1.00000 0.00000 0.00000 0.0239 0.0577
0 0.00000 4.00000 6.92820 -1.00000 0.00000 0.00000 0.0313 0.0541
transfer_white
0 0.00000 0.00000 0.00000 -1.00000 0.00000 0.00000 0.0000 0.0000
0 0.00000 2.07055 7.72741 -1.00000 0.00000 0.00000 0.0162 0.0604
0 0.00000 3.06147 7.39104 -1.00000 0.00000 0.00000 0.0239 0.0577
transfer_white
0 0.00000 0.00000 0.00000 -1.00000 0.00000 0.00000 0.0000 0.0000
0 0.00000 1.04421 7.93156 -1.00000 0.00000 0.00000 0.0082 0.0620
0 0.00000 2.07055 7.72741 -1.00000 0.00000 0.00000 0.0162 0.0604
transfer_white
0 0.00000 0.00000 0.00000 -1.00000 0.00000 0.00000 0.0000 0.0000
0 0.00000 0.00000 8.00000 -1.00000 0.00000 0.00000 0.0000 0.0625
0 0.00000 1.04421 7.93156 -1.00000 0.00000 0.00000 0.0082 0.0620
transfer_white
0 0.00000 0.00000 0.00000 -1.00000 0.00000 0.00000 0.0000 0.0000
0 0.00000 -1.04421 7.93156 -1.00000 0.00000 0.00000 0.9918 0.0620
0 0.00000 0.00000 8.00000 -1.00000 0.00000 0.00000 0.0000 0.0625
transfer_white
0 0.00000 0.00000 0.00000 -1.00000 0.00000 0.00000 0.0000 0.0000
0 0.00000 -2.07055 7.72741 -1.00000 0.00000 0.00000 0.9838 0.0604
0 0.00000 -1.04421 7.93156 -1.00000 0.00000 0.00000 0.9918 0.0620
transfer_white
0 0.00000 0.00000 0.00000 -1.00000 0.00000 0.00000 0.0000 0.0000
0 0.00000 -3.06147 7.39104 -1.00000 0.00000 0.00000 0.9761 0.0577
0 0.00000 -2.07055 7.72741 -1.00000 0.00000 0.00000 0.9838 0.0604
transfer_white
0 0.00000 0.00000 0.00000 -1.00000 0.00000 0.00000 0.0000 0.0000
0 0.00000 -4.00000 6.92820 -1.00000 0.00000 0.00000 0.9688 0.0541
0 0.00000 -3.06147 7.39104 -1.00000 0.00000 0.00000 0.9761 0.0577
transfer_white
0 0.00000 0.00000 0.00000 -1.00000 0.00000 0.00000 0.0000 0.0000
0 0.00000 -4.87009 6.34683 -1.00000 0.00000 0.00000 0.9620 0.0496
0 0.00000 -4.00000 6.92820 -1.00000 0.00000 0.00000 0.9688 0.0541
transfer_white
0 0.00000 0.00000 0.00000 -1.00000 0.00000 0.00000 0.0000 0.0000
0 0.00000 -5.65685 5.65685 -1.00000 0.00000 0.00000 0.9558 0.0442
0 0.00000 -4.87009 6.34683 -1.00000 0.00000 0.00000 0.9620 0.0496
transfer_white
0 0.00000 0.00000 0.00000 -1.00000 0.00000 0.00000 0.0000 0.0000
0 0.00000 -6.34683 4.87009 -1.00000 0.00000 0.00000 0.9504 0.0380
0 0.00000 -5.65685 5.65685 -1.00000 0.00000 0.00000 0.9558 0.0442
transfer_white
0 0.00000 0.00000 0.00000 -1.00000 0.00000 0.00000 0.0000 0.0000
0 0.00000 -6.92820 4.00000 -1.00000 0.00000 0.00000 0.9459 0.0312
0 0.00000 -6.34683 4.87009 -1.00000 0.00000 0.00000 0.9504 0.0380
transfer_white
0 0.00000 0.00000 0.00000 -1.00000 0.00000 0.00000 0.0000 0.0000
0 0.00000 -7.39104 3.06147 -1.00000 0.00000 0.00000 0.9423 0.0239
0 0.00000 -6.92820 4.00000 -1.00000 0.00000 0.00000 0.9459 0.0312
transfer_white
0 0.00000 0.00000 0.00000 -1.00000 0.00000 0.00000 0.0000 0.0000
0 0.00000 -7.72741 2.07055 -1.00000 0.00000 0.00000 0.9396 0.0162
0 0.00000 -7.39104 3.06147 -1.00000 0.00000 0.00000 0.9423 0.0239
transfer_white
0 0.00000 0.00000 0.00000 -1.00000 0.00000 0.00000 0.0000 0.0000
0 0.00000 -7.93156 1.04421 -1.00000 0.00000 0.00000 0.9380 0.0082
0 0.00000 -7.72741 2.07055 -1.00000 0.00000 0.00000 0.9396 0.0162
transfer_white
0 0.00000 0.00000 0.00000 -1.00000 0.00000 0.00000 0.0000 0.0000
0 0.00000 -8.00000 0.00000 -1.00000 0.00000 0.00000 0.9375 0.0000
0 0.00000 -7.93156 1.04421 -1.00000 0.00000 0.00000 0.9380 0.0082
transfer_white
0 0.00000 0.00000 0.00000 -1.00000 -0.00000 0.00000 0.0000 0.0000
0 0.00000 -7.93156 -1.04421 -1.00000 -0.00000 0.00000 0.9380 0.9918
0 0.00000 -8.00000 0.00000 -1.00000 -0.00000 0.00000 0.9375 0.0000
transfer_white
0 0.00000 0.00000 0.00000 -1.00000 0.00000 0.00000 0.0000 0.0000
0 0.00000 -7.72741 -2.07055 -1.00000 0.00000 0.00000 0.9396 0.9838
0 0.00000 -7.93156 -1.04421 -1.00000 0.00000 0.00000 0.9380 0.9918
transfer_white
0 0.00000 0.00000 0.00000 -1.00000 0.00000 0.00000 0.0000 0.0000
0 0.00000 -7.39104 -3.06147 -1.00000 0.00000 0.00000 0.9423 0.9761
0 0.00000 -7.72741 -2.07055 -1.00000 0.00000 0.00000 0.9396 0.9838
transfer_white
0 0.00000 0.00000 0.00000 -1.00000 0.00000 0.00000 0.0000 0.0000
0 0.00000 -6.92820 -4.00000 -1.00000 0.00000 0.00000 0.9459 0.9688
0 0.00000 -7.39104 -3.06147 -1.00000 0.00000 0.00000 0.9423 0.9761
transfer_white
0 0.00000 0.00000 0.00000 -1.00000 0.00000 0.00000 0.0000 0.0000
0 0.00000 -6.34683 -4.87009 -1.00000 0.00000 0.00000 0.9504 0.9620
0 0.00000 -6.92820 -4.00000 -1.00000 0.00000 0.00000 0.9459 0.9688
transfer_white
0 0.00000 0.00000 0.00000 -1.00000 0.00000 0.00000 0.0000 0.0000
0 0.00000 -5.65685 -5.65685 -1.00000 0.00000 0.00000 0.9558 0.9558
0 0.00000 -6.34683 -4.87009 -1.00000 0.00000 0.00000 0.9504 0.9620
transfer_white
0 0.00000 0.00000 0.00000 -1.00000 0.00000 0.00000 0.0000 0.0000
0 0.00000 -4.87009 -6.34683 -1.00000 0.00000 0.00000 0.9620 0.9504
0 0.00000 -5.65685 -5.65685 -1.00000 0.00000 0.00000 0.9558 0.9558
transfer_white
0 0.00000 0.00000 0.00000 -1.00000 0.00000 0.00000 0.0000 0.0000
0 0.00000 -4.00000 -6.92820 -1.00000 0.00000 0.00000 0.9688 0.9459
0 0.00000 -4.87009 -6.34683 -1.00000 0.00000 0.00000 0.9620 0.9504
transfer_white
0 0.00000 0.00000 0.00000 -1.00000 0.00000 0.00000 0.0000 0.0000
0 0.00000 -3.06147 -7.39104 -1.00000 0.00000 0.00000 0.9761 0.9423
0 0.00000 -4.00000 -6.92820 -1.00000 0.00000 0.00000 0.9688 0.9459
transfer_white
0 0.00000 0.00000 0.00000 -1.00000 0.00000 0.00000 0.0000 0.0000
0 0.00000 -2.07055 -7.72741 -1.00000 0.00000 0.00000 0.9838 0.9396
0 0.00000 -3.06147 -7.39104 -1.00000 0.00000 0.00000 0.9761 0.9423
transfer_white
0 0.00000 0.00000 0.00000 -1.00000 0.00000 0.00000 0.0000 0.0000
0 0.00000 -1.04421 -7.93156 -1.00000 0.00000 0.00000 0.9918 0.9380
0 0.00000 -2.07055 -7.72741 -1.00000 0.00000 0.00000 0.9838 0.9396
transfer_white
0 0.00000 0.00000 0.00000 -1.00000 0.00000 0.00000 0.0000 0.0000
0 0.00000 -0.00000 -8.00000 -1.00000 0.00000 0.00000 1.0000 0.9375
0 0.00000 -1.04421 -7.93156 -1.00000 0.00000 0.00000 0.9918 0.9380
transfer_white
0 0.00000 0.00000 0.00000 -1.00000 0.00000 -0.00000 0.0000 0.0000
0 0.00000 1.04421 -7.93156 -1.00000 0.00000 -0.00000 0.0082 0.9380
0 0.00000 -0.00000 -8.00000 -1.00000 0.00000 -0.00000 1.0000 0.9375
transfer_white
0 0.00000 0.00000 0.00000 -1.00000 0.00000 0.00000 0.0000 0.0000
0 0.00000 2.07055 -7.72741 -1.00000 0.00000 0.00000 0.0162 0.9396
0 0.00000 1.04421 -7.93156 -1.00000 0.00000 0.00000 0.0082 0.9380
transfer_white
0 0.00000 0.00000 0.00000 -1.00000 0.00000 0.00000 0.0000 0.0000
0 0.00000 3.06147 -7.39104 -1.00000 0.00000 0.00000 0.0239 0.9423
0 0.00000 2.07055 -7.72741 -1.00000 0.00000 0.00000 0.0162 0.9396
transfer_white
0 0.00000 0.00000 0.00000 -1.00000 0.00000 0.00000 0.0000 0.0000
0 0.00000 4.00000 -6.92820 -1.00000 0.00000 0.00000 0.0313 0.9459
0 0.00000 3.06147 -7.39104 -1.00000 0.00000 0.00000 0.0239 0.9423
transfer_white
0 0.00000 0.00000 0.00000 -1.00000 0.00000 0.00000 0.0000 0.0000
0 0.00000 4.87009 -6.34683 -1.00000 0.00000 0.00000 0.0380 0.9504
0 0.00000 4.00000 -6.92820 -1.00000 0.00000 0.00000 0.0313 0.9459
transfer_white
0 0.00000 0.00000 0.00000 -1.00000 0.00000 0.00000 0.0000 0.0000
0 0.00000 5.65685 -5.65685 -1.00000 0.00000 0.00000 0.0442 0.9558
0 0.00000 4.87009 -6.34683 -1.00000 0.00000 0.00000 0.0380 0.9504
transfer_white
0 0.00000 0.00000 0.00000 -1.00000 0.00000 0.00000 0.0000 0.0000
0 0.00000 6.34683 -4.87009 -1.00000 0.00000 0.00000 0.0496 0.9620
0 0.00000 5.65685 -5.65685 -1.00000 0.00000 0.00000 0.0442 0.9558
transfer_white
0 0.00000 0.00000 0.00000 -1.00000 0.00000 0.00000 0.0000 0.0000
0 0.00000 6.92820 -4.00000 -1.00000 0.00000 0.00000 0.0541 0.9688
0 0.00000 6.34683 -4.87009 -1.00000 0.00000 0.00000 0.0496 0.9620
transfer_white
0 0.00000 0.00000 0.00000 -1.00000 0.00000 0.00000 0.0000 0.0000
0 0.00000 7.39104 -3.06147 -1.00000 0.00000 0.00000 0.0577 0.9761
0 0.00000 6.92820 -4.00000 -1.00000 0.00000 0.00000 0.0541 0.9688
transfer_white
0 0.00000 0.00000 0.00000 -1.00000 0.00000 0.00000 0.0000 0.0000
0 0.00000 7.72741 -2.07055 -1.00000 0.00000 0.00000 0.0604 0.9838
0 0.00000 7.39104 -3.06147 -1.00000 0.00000 0.00000 0.0577 0.9761
transfer_white
0 0.00000 0.00000 0.00000 -1.00000 0.00000 0.00000 0.0000 0.0000
0 0.00000 7.93156 -1.04421 -1.00000 0.00000 0.00000 0.0620 0.9918
0 0.00000 7.72741 -2.07055 -1.00000 0.00000 0.00000 0.0604 0.9838
transfer_white
0 0.00000 0.00000 0.00000 -1.00000 0.00000 0.00000 0.0000 0.0000
0 0.00000 8.00000 -0.00000 -1.00000 0.00000 0.00000 0.0625 1.0000
0 0.00000 7.93156 -1.04421 -1.00000 0.00000 0.00000 0.0620 0.9918
transfer_white
0 0.00000 7.93156 1.04421 -0.00000 0.99786 0.06540 0.0620 0.0082
0 2.00000 7.93156 1.04421 -0.00000 0.99786 0.06540 0.0620 0.0082
0 2.00000 8.00000 0.00000 -0.00000 0.99786 0.06540 0.0625 0.0000
transfer_white
0 0.00000 7.93156 1.04421 -0.00000 0.99786 0.06540 0.0620 0.0082
0 2.00000 8.00000 0.00000 -0.00000 0.99786 0.06540 0.0625 0.0000
0 0.00000 8.00000 0.00000 -0.00000 0.99786 0.06540 0.0625 0.0000
transfer_white
0 0.00000 7.72741 2.07055 -0.00000 0.98079 0.19509 0.0604 0.0162
0 2.00000 7.72741 2.07055 -0.00000 0.98079 0.19509 0.0604 0.0162
0 2.00000 7.93156 1.04421 -0.00000 0.98079 0.19509 0.0620 0.0082
transfer_white
0 0.00000 7.72741 2.07055 -0.00000 0.98079 0.19509 0.0604 0.0162
0 2.00000 7.93156 1.04421 -0.00000 0.98079 0.19509 0.0620 0.0082
0 0.00000 7.93156 1.04421 -0.00000 0.98079 0.19509 0.0620 0.0082
transfer_white
0 0.00000 7.39104 3.06147 -0.00000 0.94693 0.32144 0.0577 0.0239
0 2.00000 7.39104 3.06147 -0.00000 0.94693 0.32144 0.0577 0.0239
0 2.00000 7.72741 2.07055 -0.00000 0.94693 0.32144 0.0604 0.0162
transfer_white
0 0.00000 7.39104 3.06147 -0.00000 0.94693 0.32144 0.0577 0.0239
0 2.00000 7.72741 2.07055 -0.00000 0.94693 0.32144 0.0604 0.0162
0 0.00000 7.72741 2.07055 -0.00000 0.94693 0.32144 0.0604 0.0162
transfer_white
0 0.00000 6.92820 4.00000 -0.00000 0.89687 0.44229 0.0541 0.0312
0 2.00000 6.92820 4.00000 -0.00000 0.89687 0.44229 0.0541 0.0312
0 2.00000 7.39104 3.06147 -0.00000 0.89687 0.44229 0.0577 0.0239
transfer_white
0 0.00000 6.92820 4.00000 -0.00000 0.89687 0.44229 0.0541 0.0312
0 2.00000 7.39104 3.06147 -0.00000 0.89687 0.44229 0.0577 0.0239
0 0.00000 7.39104 3.06147 -0.00000 0.89687 0.44229 0.0577 0.0239
transfer_white
0 0.00000 6.34683 4.87009 -0.00000 0.83147 0.55557 0.0496 0.0380
0 2.00000 6.34683 4.87009 -0.00000 0.83147 0.55557 0.0496 0.0380
0 2.00000 6.92820 4.00000 -0.00000 0.83147 0.55557 0.0541 0.0312
transfer_white
0 0.00000 6.34683 4.87009 -0.00000 0.83147 0.55557 0.0496 0.0380
0 2.00000 6.92820 4.00000 -0.00000 0.83147 0.55557 0.0541 0.0312
0 0.00000 6.92820 4.00000 -0.00000 0.83147 0.55557 0.0541 0.0312
transfer_white
0 0.00000 5.65685 5.65685 -0.00000 0.75184 0.65935 0.0442 0.0442
0 2.00000 5.65685 5.65685 -0.00000 0.75184 0.65935 0.0442 0.0442
0 2.00000 6.34683 4.87009 -0.00000 0.75184 0.65935 0.0496 0.0380
transfer_white
0 0.00000 5.65685 5.65685 -0.00000 0.75184 0.65935 0.0442 0.0442
0 2.00000 6.34683 4.87009 -0.00000 0.75184 0.65935 0.0496 0.0380
0 0.00000 6.34683 4.87009 -0.00000 0.75184 0.65935 0.0496 0.0380
transfer_white
0 0.00000 4.87009 6.34683 -0.00000 0.65935 0.75184 0.0380 0.0496
0 2.00000 4.87009 6.34683 -0.00000 0.65935 0.75184 0.0380 0.0496
0 2.00000 5.65685 5.65685 -0.00000 0.65935 0.75184 0.0442 0.0442
transfer_white
0 0.00000 4.87009 6.34683 -0.00000 0.65935 0.75184 0.0380 0.0496
0 2.00000 5.65685 5.65685 -0.00000 0.65935 0.75184 0.0442 0.0442
0 0.00000 5.65685 5.65685 -0.00000 0.65935 0.75184 0.0442 0.0442
transfer_white
0 0.00000 4.00000 6.92820 -0.00000 0.55557 0.83147 0.0313 0.0541
0 2.00000 4.00000 6.92820 -0.00000 0.55557 0.83147 0.0313 0.0541
0 2.00000 4.87009 6.34683 -0.00000 0.55557 0.83147 0.0380 0.0496
transfer_white
0 0.00000 4.00000 6.92820 -0.00000 0.55557 0.83147 0.0313 0.0541
0 2.00000 4.87009 6.34683 -0.00000 0.55557 0.83147 0.0380 0.0496
0 0.00000 4.87009 6.34683 -0.00000 0.55557 0.83147 0.0380 0.0496
transfer_white
0 0.00000 3.06147 7.39104 -0.00000 0.44229 0.89687 0.0239 0.0577
0 2.00000 3.06147 7.39104 -0.00000 0.44229 0.89687 0.0239 0.0577
0 2.00000 4.00000 6.92820 -0.00000 0.44229 0.89687 0.0313 0.0541
transfer_white
0 0.00000 3.06147 7.39104 -0.00000 0.44229 0.89687 0.0239 0.0577
0 2.00000 4.00000 6.92820 -0.00000 0.44229 0.89687 0.0313 0.0541
0 0.00000 4.00000 6.92820 -0.00000 0.44229 0.89687 0.0313 0.0541
transfer_white
0 0.00000 2.07055 7.72741 -0.00000 0.32144 0.94693 0.0162 0.0604
0 2.00000 2.07055 7.72741 -0.00000 0.32144 0.94693 0.0162 0.0604
0 2.00000 3.06147 7.39104 -0.00000 0.32144 0.94693 0.0239 0.0577
transfer_white
0 0.00000 2.07055 7.72741 -0.00000 0.32144 0.94693 0.0162 0.0604
0 2.00000 3.06147 7.39104 -0.00000 0.32144 0.94693 0.0239 0.0577
0 0.00000 3.06147 7.39104 -0.00000 0.32144 0.94693 0.0239 0.0577
transfer_white
0 0.00000 1.04421 7.93156 -0.00000 0.19509 0.98079 0.0082 0.0620
0 2.00000 1.04421 7.93156 -0.00000 0.19509 0.98079 0.0082 0.0620
0 2.00000 2.07055 7.72741 -0.00000 0.19509 0.98079 0.0162 0.0604
transfer_white
0 0.00000 1.04421 7.93156 -0.00000 0.19509 0.98079 0.0082 0.0620
0 2.00000 2.07055 7.72741 -0.00000 0.19509 0.98079 0.0162 0.0604
0 0.00000 2.07055 7.72741 -0.00000 0.19509 0.98079 0.0162 0.0604
transfer_white
0 0.00000 0.00000 8.00000 -0.00000 0.06540 0.99786 0.0000 0.0625
0 2.00000 0.00000 8.00000 -0.00000 0.06540 0.99786 0.0000 0.0625
0 2.00000 1.04421 7.93156 -0.00000 0.06540 0.99786 0.0082 0.0620
transfer_white
0 0.00000 0.00000 8.00000 -0.00000 0.06540 0.99786 0.0000 0.0625
0 2.00000 1.04421 7.93156 -0.00000 0.06540 0.99786 0.0082 0.0620
0 0.00000 1.04421 7.93156 -0.00000 0.06540 0.99786 0.0082 0.0620
transfer_white
0 0.00000 -1.04421 7.93156 0.00000 -0.06540 0.99786 0.9918 0.0620
0 2.00000 -1.04421 7.93156 0.00000 -0.06540 0.99786 0.9918 0.0620
0 2.00000 0.00000 8.00000 0.00000 -0.06540 0.99786 0.0000 0.0625
transfer_white
0 0.00000 -1.04421 7.93156 0.00000 -0.06540 0.99786 0.9918 0.0620
0 2.00000 0.00000 8.00000 0.00000 -0.06540 0.99786 0.0000 0.0625
0 0.00000 0.00000 8.00000 0.00000 -0.06540 0.99786 0.0000 0.0625
transfer_white
0 0.00000 -2.07055 7.72741 0.00000 -0.19509 0.98079 0.9838 0.0604
0 2.00000 -2.07055 7.72741 0.00000 -0.19509 0.98079 0.9838 0.0604
0 2.00000 -1.04421 7.93156 0.00000 -0.19509 0.98079 0.9918 0.0620
transfer_white
0 0.00000 -2.07055 7.72741 0.00000 -0.19509 0.98079 0.9838 0.0604
0 2.00000 -1.04421 7.93156 0.00000 -0.19509 0.98079 0.9918 0.0620
0 0.00000 -1.04421 7.93156 0.00000 -0.19509 0.98079 0.9918 0.0620
transfer_white
0 0.00000 -3.06147 7.39104 0.00000 -0.32144 0.94693 0.9761 0.0577
0 2.00000 -3.06147 7.39104 0.00000 -0.32144 0.94693 0.9761 0.0577
0 2.00000 -2.07055 7.72741 0.00000 -0.32144 0.94693 0.9838 0.0604
transfer_white
0 0.00000 -3.06147 7.39104 0.00000 -0.32144 0.94693 0.9761 0.0577
0 2.00000 -2.07055 7.72741 0.00000 -0.32144 0.94693 0.9838 0.0604
0 0.00000 -2.07055 7.72741 0.00000 -0.32144 0.94693 0.9838 0.0604
transfer_white
0 0.00000 -4.00000 6.92820 0.00000 -0.44229 0.89687 0.9688 0.0541
0 2.00000 -4.00000 6.92820 0.00000 -0.44229 0.89687 0.9688 0.0541
0 2.00000 -3.06147 7.39104 0.00000 -0.44229 0.89687 0.9761 0.0577
transfer_white
0 0.00000 -4.00000 6.92820 0.00000 -0.44229 0.89687 0.9688 0.0541
0 2.00000 -3.06147 7.39104 0.00000 -0.44229 0.89687 0.9761 0.0577
0 0.00000 -3.06147 7.39104 0.00000 -0.44229 0.89687 0.9761 0.0577
transfer_white
0 0.00000 -4.87009 6.34683 0.00000 -0.55557 0.83147 0.9620 0.0496
0 2.00000 -4.87009 6.34683 0.00000 -0.55557 0.83147 0.9620 0.0496
0 2.00000 -4.00000 6.92820 0.00000 -0.55557 0.83147 0.9688 0.0541
transfer_white
0 0.00000 -4.87009 6.34683 0.00000 -0.55557 0.83147 0.9620 0.0496
0 2.00000 -4.00000 6.92820 0.00000 -0.55557 0.83147 0.9688 0.0541
0 0.00000 -4.00000 6.92820 0.00000 -0.55557 0.83147 0.9688 0.0541
transfer_white
0 0.00000 -5.65685 5.65685 0.00000 -0.65935 0.75184 0.9558 0.0442
0 2.00000 -5.65685 5.65685 0.00000 -0.65935 0.75184 0.9558 0.0442
0 2.00000 -4.87009 6.34683 0.00000 -0.65935 0.75184 0.9620 0.0496
transfer_white
0 0.00000 -5.65685 5.65685 0.00000 -0.65935 0.75184 0.9558 0.0442
0 2.00000 -4.87009 6.34683 0.00000 -0.65935 0.75184 0.9620 0.0496
0 0.00000 -4.87009 6.34683 0.00000 -0.65935 0.75184 0.9620 0.0496
transfer_white
0 0.00000 -6.34683 4.87009 0.00000 -0.75184 0.65935 0.9504 0.0380
0 2.00000 -6.34683 4.87009 0.00000 -0.75184 0.65935 0.9504 0.0380
0 2.00000 -5.65685 5.65685 0.00000 -0.75184 0.65935 0.9558 0.0442
transfer_white
0 0.00000 -6.34683 4.87009 0.00000 -0.75184 0.65935 0.9504 0.0380
0 2.00000 -5.65685 5.65685 0.00000 -0.75184 0.65935 0.9558 0.0442
0 0.00000 -5.65685 5.65685 0.00000 -0.75184 0.65935 0.9558 0.0442
transfer_white
0 0.00000 -6.92820 4.00000 0.00000 -0.83147 0.55557 0.9459 0.0312
0 2.00000 -6.92820 4.00000 0.00000 -0.83147 0.55557 0.9459 0.0312
0 2.00000 -6.34683 4.87009 0.00000 -0.83147 0.55557 0.9504 0.0380
transfer_white
0 0.00000 -6.92820 4.00000 0.00000 -0.83147 0.55557 0.9459 0.0312
0 2.00000 -6.34683 4.87009 0.00000 -0.83147 0.55557 0.9504 0.0380
0 0.00000 -6.34683 4.87009 0.00000 -0.83147 0.55557 0.9504 0.0380
transfer_white
0 0.00000 -7.39104 3.06147 0.00000 -0.89687 0.44229 0.9423 0.0239
0 2.00000 -7.39104 3.06147 0.00000 -0.89687 0.44229 0.9423 0.0239
0 2.00000 -6.92820 4.00000 0.00000 -0.89687 0.44229 0.9459 0.0312
transfer_white
0 0.00000 -7.39104 3.06147 0.00000 -0.89687 0.44229 0.9423 0.0239
0 2.00000 -6.92820 4.00000 0.00000 -0.89687 0.44229 0.9459 0.0312
0 0.00000 -6.92820 4.00000 0.00000 -0.89687 0.44229 0.9459 0.0312
transfer_white
0 0.00000 -7.72741 2.07055 0.00000 -0.94693 0.32144 0.9396 0.0162
0 2.00000 -7.72741 2.07055 0.00000 -0.94693 0.32144 0.9396 0.0162
0 2.00000 -7.39104 3.06147 0.00000 -0.94693 0.32144 0.9423 0.0239
transfer_white
0 0.00000 -7.72741 2.07055 0.00000 -0.94693 0.32144 0.9396 0.0162
0 2.00000 -7.39104 3.06147 0.00000 -0.94693 0.32144 0.9423 0.0239
0 0.00000 -7.39104 3.06147 0.00000 -0.94693 0.32144 0.9423 0.0239
transfer_white
0 0.00000 -7.93156 1.04421 0.00000 -0.98079 0.19509 0.9380 0.0082
0 2.00000 -7.93156 1.04421 0.00000 -0.98079 0.19509 0.9380 0.0082
0 2.00000 -7.72741 2.07055 0.00000 -0.98079 0.19509 0.9396 0.0162
transfer_white
0 0.00000 -7.93156 1.04421 0.00000 -0.98079 0.19509 0.9380 0.0082
0 2.00000 -7.72741 2.07055 0.00000 -0.98079 0.19509 0.9396 0.0162
0 0.00000 -7.72741 2.07055 0.00000 -0.98079 0.19509 0.9396 0.0162
transfer_white
0 0.00000 -8.00000 0.00000 0.00000 -0.99786 0.06540 0.9375 0.0000
0 2.00000 -8.00000 0.00000 0.00000 -0.99786 0.06540 0.9375 0.0000
0 2.00000 -7.93156 1.04421 0.00000 -0.99786 0.06540 0.9380 0.0082
transfer_white
0 0.00000 -8.00000 0.00000 0.00000 -0.99786 0.06540 0.9375 0.0000
0 2.00000 -7.93156 1.04421 0.00000 -0.99786 0.06540 0.9380 0.0082
0 0.00000 -7.93156 1.04421 0.00000 -0.99786 0.06540 0.9380 0.0082
transfer_white
0 0.00000 -7.93156 -1.04421 0.00000 -0.99786 -0.06540 0.9380 0.9918
0 2.00000 -7.93156 -1.04421 0.00000 -0.99786 -0.06540 0.9380 0.9918
0 2.00000 -8.00000 0.00000 0.00000 -0.99786 -0.06540 0.9375 0.0000
transfer_white
0 0.00000 -7.93156 -1.04421 0.00000 -0.99786 -0.06540 0.9380 0.9918
0 2.00000 -8.00000 0.00000 0.00000 -0.99786 -0.06540 0.9375 0.0000
0 0.00000 -8.00000 0.00000 0.00000 -0.99786 -0.06540 0.9375 0.0000
transfer_white
0 0.00000 -7.72741 -2.07055 0.00000 -0.98079 -0.19509 0.9396 0.9838
0 2.00000 -7.72741 -2.07055 0.00000 -0.98079 -0.19509 0.9396 0.9838
0 2.00000 -7.93156 -1.04421 0.00000 -0.98079 -0.19509 0.9380 0.9918
transfer_white
0 0.00000 -7.72741 -2.07055 0.00000 -0.98079 -0.19509 0.9396 0.9838
0 2.00000 -7.93156 -1.04421 0.00000 -0.98079 -0.19509 0.9380 0.9918
0 0.00000 -7.93156 -1.04421 0.00000 -0.98079 -0.19509 0.9380 0.9918
transfer_white
0 0.00000 -7.39104 -3.06147 0.00000 -0.94693 -0.32144 0.9423 0.9761
0 2.00000 -7.39104 -3.06147 0.00000 -0.94693 -0.32144 0.9423 0.9761
0 2.00000 -7.72741 -2.07055 0.00000 -0.94693 -0.32144 0.9396 0.9838
transfer_white
0 0.00000 -7.39104 -3.06147 0.00000 -0.94693 -0.32144 0.9423 0.9761
0 2.00000 -7.72741 -2.07055 0.00000 -0.94693 -0.32144 0.9396 0.9838
0 0.00000 -7.72741 -2.07055 0.00000 -0.94693 -0.32144 0.9396 0.9838
transfer_white
0 0.00000 -6.92820 -4.00000 0.00000 -0.89687 -0.44229 0.9459 0.9688
0 2.00000 -6.92820 -4.00000 0.00000 -0.89687 -0.44229 0.9459 0.9688
0 2.00000 -7.39104 -3.06147 0.00000 -0.89687 -0.44229 0.9423 0.9761
transfer_white
0 0.00000 -6.92820 -4.00000 0.00000 -0.89687 -0.44229 0.9459 0.9688
0 2.00000 -7.39104 -3.06147 0.00000 -0.89687 -0.44229 0.9423 0.9761
0 0.00000 -7.39104 -3.06147 0.00000 -0.89687 -0.44229 0.9423 0.9761
transfer_white
0 0.00000 -6.34683 -4.87009 0.00000 -0.83147 -0.55557 0.9504 0.9620
0 2.00000 -6.34683 -4.87009 0.00000 -0.83147 -0.55557 0.9504 0.9620
0 2.00000 -6.92820 -4.00000 0.00000 -0.83147 -0.55557 0.9459 0.9688
transfer_white
0 0.00000 -6.34683 -4.87009 0.00000 -0.83147 -0.55557 0.9504 0.9620
0 2.00000 -6.92820 -4.00000 0.00000 -0.83147 -0.55557 0.9459 0.9688
0 0.00000 -6.92820 -4.00000 0.00000 -0.83147 -0.55557 0.9459 0.9688
transfer_white
0 0.00000 -5.65685 -5.65685 0.00000 -0.75184 -0.65935 0.9558 0.9558
0 2.00000 -5.65685 -5.65685 0.00000 -0.75184 -0.65935 0.9558 0.9558
0 2.00000 -6.34683 -4.87009 0.00000 -0.75184 -0.65935 0.9504 0.9620
transfer_white
0 0.00000 -5.65685 -5.65685 0.00000 -0.75184 -0.65935 0.9558 0.9558
0 2.00000 -6.34683 -4.87009 0.00000 -0.75184 -0.65935 0.9504 0.9620
0 0.00000 -6.34683 -4.87009 0.00000 -0.75184 -0.65935 0.9504 0.9620
transfer_white
0 0.00000 -4.87009 -6.34683 0.00000 -0.65935 -0.75184 0.9620 0.9504
0 2.00000 -4.87009 -6.34683 0.00000 -0.65935 -0.75184 0.9620 0.9504
0 2.00000 -5.65685 -5.65685 0.00000 -0.65935 -0.75184 0.9558 0.9558
transfer_white
0 0.00000 -4.87009 -6.34683 0.00000 -0.65935 -0.75184 0.9620 0.9504
0 2.00000 -5.65685 -5.65685 0.00000 -0.65935 -0.75184 0.9558 0.9558
0 0.00000 -5.65685 -5.65685 0.00000 -0.65935 -0.75184 0.9558 0.9558
transfer_white
0 0.00000 -4.00000 -6.92820 0.00000 -0.55557 -0.83147 0.9688 0.9459
0 2.00000 -4.00000 -6.92820 0.00000 -0.55557 -0.83147 0.9688 0.9459
0 2.00000 -4.87009 -6.34683 0.00000 -0.55557 -0.83147 0.9620 0.9504
transfer_white
0 0.00000 -4.00000 -6.92820 0.00000 -0.55557 -0.83147 0.9688 0.9459
0 2.00000 -4.87009 -6.34683 0.00000 -0.55557 -0.83147 0.9620 0.9504
0 0.00000 -4.87009 -6.34683 0.00000 -0.55557 -0.83147 0.9620 0.9504
transfer_white
0 0.00000 -3.06147 -7.39104 0.00000 -0.44229 -0.89687 0.9761 0.9423
0 2.00000 -3.06147 -7.39104 0.00000 -0.44229 -0.89687 0.9761 0.9423
0 2.00000 -4.00000 -6.92820 0.00000 -0.44229 -0.89687 0.9688 0.9459
transfer_white
0 0.00000 -3.06147 -7.39104 0.00000 -0.44229 -0.89687 0.9761 0.9423
0 2.00000 -4.00000 -6.92820 0.00000 -0.44229 -0.89687 0.9688 0.9459
0 0.00000 -4.00000 -6.92820 0.00000 -0.44229 -0.89687 0.9688 0.9459
transfer_white
0 0.00000 -2.07055 -7.72741 0.00000 -0.32144 -0.94693 0.9838 0.9396
0 2.00000 -2.07055 -7.72741 0.00000 -0.32144 -0.94693 0.9838 0.9396
0 2.00000 -3.06147 -7.39104 0.00000 -0.32144 -0.94693 0.9761 0.9423
transfer_white
0 0.00000 -2.07055 -7.72741 0.00000 -0.32144 -0.94693 0.9838 0.9396
0 2.00000 -3.06147 -7.39104 0.00000 -0.32144 -0.94693 0.9761 0.9423
0 0.00000 -3.06147 -7.39104 0.00000 -0.32144 -0.94693 0.9761 0.9423
transfer_white
0 0.00000 -1.04421 -7.93156 0.00000 -0.19509 -0.98079 0.9918 0.9380
0 2.00000 -1.04421 -7.93156 0.00000 -0.19509 -0.98079 0.9918 0.9380
0 2.00000 -2.07055 -7.72741 0.00000 -0.19509 -0.98079 0.9838 0.9396
transfer_white
0 0.00000 -1.04421 -7.93156 0.00000 -0.19509 -0.98079 0.9918 0.9380
0 2.00000 -2.07055 -7.72741 0.00000 -0.19509 -0.98079 0.9838 0.9396
0 0.00000 -2.07055 -7.72741 0.00000 -0.19509 -0.98079 0.9838 0.9396
transfer_white
0 0.00000 -0.00000 -8.00000 0.00000 -0.06540 -0.99786 1.0000 0.9375
0 2.00000 -0.00000 -8.00000 0.00000 -0.06540 -0.99786 1.0000 0.9375
0 2.00000 -1.04421 -7.93156 0.00000 -0.06540 -0.99786 0.9918 0.9380
transfer_white
0 0.00000 -0.00000 -8.00000 0.00000 -0.06540 -0.99786 1.0000 0.9375
0 2.00000 -1.04421 -7.93156 0.00000 -0.06540 -0.99786 0.9918 0.9380
0 0.00000 -1.04421 -7.93156 0.00000 -0.06540 -0.99786 0.9918 0.9380
transfer_white
0 0.00000 1.04421 -7.93156 0.00000 0.06540 -0.99786 0.0082 0.9380
0 2.00000 1.04421 -7.93156 0.00000 0.06540 -0.99786 0.0082 0.9380
0 2.00000 -0.00000 -8.00000 0.00000 0.06540 -0.99786 1.0000 0.9375
transfer_white
0 0.00000 1.04421 -7.93156 0.00000 0.06540 -0.99786 0.0082 0.9380
0 2.00000 -0.00000 -8.00000 0.00000 0.06540 -0.99786 1.0000 0.9375
0 0.00000 -0.00000 -8.00000 0.00000 0.06540 -0.99786 1.0000 0.9375
transfer_white
0 0.00000 2.07055 -7.72741 0.00000 0.19509 -0.98079 0.0162 0.9396
0 2.00000 2.07055 -7.72741 0.00000 0.19509 -0.98079 0.0162 0.9396
0 2.00000 1.04421 -7.93156 0.00000 0.19509 -0.98079 0.0082 0.9380
transfer_white
0 0.00000 2.07055 -7.72741 0.00000 0.19509 -0.98079 0.0162 0.9396
0 2.00000 1.04421 -7.93156 0.00000 0.19509 -0.98079 0.0082 0.9380
0 0.00000 1.04421 -7.93156 0.00000 0.19509 -0.98079 0.0082 0.9380
transfer_white
0 0.00000 3.06147 -7.39104 0.00000 0.32144 -0.94693 0.0239 0.9423
0 2.00000 3.06147 -7.39104 0.00000 0.32144 -0.94693 0.0239 0.9423
0 2.00000 2.07055 -7.72741 0.00000 0.32144 -0.94693 0.0162 0.9396
transfer_white
0 0.00000 3.06147 -7.39104 0.00000 0.32144 -0.94693 0.0239 0.9423
0 2.00000 2.07055 -7.72741 0.00000 0.32144 -0.94693 0.0162 0.9396
0 0.00000 2.07055 -7.72741 0.00000 0.32144 -0.94693 0.0162 0.9396
transfer_white
0 0.00000 4.00000 -6.92820 0.00000 0.44229 -0.89687 0.0313 0.9459
0 2.00000 4.00000 -6.92820 0.00000 0.44229 -0.89687 0.0313 0.9459
0 2.00000 3.06147 -7.39104 0.00000 0.44229 -0.89687 0.0239 0.9423
transfer_white
0 0.00000 4.00000 -6.92820 0.00000 0.44229 -0.89687 0.0313 0.9459
0 2.00000 3.06147 -7.39104 0.00000 0.44229 -0.89687 0.0239 0.9423
0 0.00000 3.06147 -7.39104 0.00000 0.44229 -0.89687 0.0239 0.9423
transfer_white
0 0.00000 4.87009 -6.34683 0.00000 0.55557 -0.83147 0.0380 0.9504
0 2.00000 4.87009 -6.34683 0.00000 0.55557 -0.83147 0.0380 0.9504
0 2.00000 4.00000 -6.92820 0.00000 0.55557 -0.83147 0.0313 0.9459
transfer_white
0 0.00000 4.87009 -6.34683 0.00000 0.55557 -0.83147 0.0380 0.9504
0 2.00000 4.00000 -6.92820 0.00000 0.55557 -0.83147 0.0313 0.9459
0 0.00000 4.00000 -6.92820 0.00000 0.55557 -0.83147 0.0313 0.9459
transfer_white
0 0.00000 5.65685 -5.65685 0.00000 0.65935 -0.75184 0.0442 0.9558
0 2.00000 5.65685 -5.65685 0.00000 0.65935 -0.75184 0.0442 0.9558
0 2.00000 4.87009 -6.34683 0.00000 0.65935 -0.75184 0.0380 0.9504
transfer_white
0 0.00000 5.65685 -5.65685 0.00000 0.65935 -0.75184 0.0442 0.9558
0 2.00000 4.87009 -6.34683 0.00000 0.65935 -0.75184 0.0380 0.9504
0 0.00000 4.87009 -6.34683 0.00000 0.65935 -0.75184 0.0380 0.9504
transfer_white
0 0.00000 6.34683 -4.87009 0.00000 0.75184 -0.65935 0.0496 0.9620
0 2.00000 6.34683 -4.87009 0.00000 0.75184 -0.65935 0.0496 0.9620
0 2.00000 5.65685 -5.65685 0.00000 0.75184 -0.65935 0.0442 0.9558
transfer_white
0 0.00000 6.34683 -4.87009 0.00000 0.75184 -0.65935 0.0496 0.9620
0 2.00000 5.65685 -5.65685 0.00000 0.75184 -0.65935 0.0442 0.9558
0 0.00000 5.65685 -5.65685 0.00000 0.75184 -0.65935 0.0442 0.9558
transfer_white
0 0.00000 6.92820 -4.00000 0.00000 0.83147 -0.55557 0.0541 0.9688
0 2.00000 6.92820 -4.00000 0.00000 0.83147 -0.55557 0.0541 0.9688
0 2.00000 6.34683 -4.87009 0.00000 0.83147 -0.55557 0.0496 0.9620
transfer_white
0 0.00000 6.92820 -4.00000 0.00000 0.83147 -0.55557 0.0541 0.9688
0 2.00000 6.34683 -4.87009 0.00000 0.83147 -0.55557 0.0496 0.9620
0 0.00000 6.34683 -4.87009 0.00000 0.83147 -0.55557 0.0496 0.9620
transfer_white
0 0.00000 7.39104 -3.06147 0.00000 0.89687 -0.44229 0.0577 0.9761
0 2.00000 7.39104 -3.06147 0.00000 0.89687 -0.44229 0.0577 0.9761
0 2.00000 6.92820 -4.00000 0.00000 0.89687 -0.44229 0.0541 0.9688
transfer_white
0 0.00000 7.39104 -3.06147 0.00000 0.89687 -0.44229 0.0577 0.9761
0 2.00000 6.92820 -4.00000 0.00000 0.89687 -0.44229 0.0541 0.9688
0 0.00000 6.92820 -4.00000 0.00000 0.89687 -0.44229 0.0541 0.9688
transfer_white
0 0.00000 7.72741 -2.07055 0.00000 0.94693 -0.32144 0.0604 0.9838
0 2.00000 7.72741 -2.07055 0.00000 0.94693 -0.32144 0.0604 0.9838
0 2.00000 7.39104 -3.06147 0.00000 0.94693 -0.32144 0.0577 0.9761
transfer_white
0 0.00000 7.72741 -2.07055 0.00000 0.94693 -0.32144 0.0604 0.9838
0 2.00000 7.39104 -3.06147 0.00000 0.94693 -0.32144 0.0577 0.9761
0 0.00000 7.39104 -3.06147 0.00000 0.94693 -0.32144 0.0577 0.9761
transfer_white
0 0.00000 7.93156 -1.04421 0.00000 0.98079 -0.19509 0.0620 0.9918
0 2.00000 7.93156 -1.04421 0.00000 0.98079 -0.19509 0.0620 0.9918
0 2.00000 7.72741 -2.07055 0.00000 0.98079 -0.19509 0.0604 0.9838
transfer_white
0 0.00000 7.93156 -1.04421 0.00000 0.98079 -0.19509 0.0620 0.9918
0 2.00000 7.72741 -2.07055 0.00000 0.98079 -0.19509 0.0604 0.9838
0 0.00000 7.72741 -2.07055 0.00000 0.98079 -0.19509 0.0604 0.9838
transfer_white
0 0.00000 8.00000 -0.00000 0.00000 0.99786 -0.06540 0.0625 1.0000
0 2.00000 8.00000 -0.00000 0.00000 0.99786 -0.06540 0.0625 1.0000
0 2.00000 7.93156 -1.04421 0.00000 0.99786 -0.06540 0.0620 0.9918
transfer_white
0 0.00000 8.00000 -0.00000 0.00000 0.99786 -0.06540 0.0625 1.0000
0 2.00000 7.93156 -1.04421 0.00000 0.99786 -0.06540 0.0620 0.9918
0 0.00000 7.93156 -1.04421 0.00000 0.99786 -0.06540 0.0620 0.9918
transfer_white
0 2.00000 7.93156 1.04421 -0.70635 0.70635 0.04630 0.0620 0.0082
0 4.00000 9.91445 1.30526 -0.70635 0.70635 0.04630 0.0775 0.0102
0 4.00000 10.00000 0.00000 -0.70635 0.70635 0.04630 0.0781 0.0000
transfer_white
0 2.00000 7.93156 1.04421 -0.70635 0.70635 0.04630 0.0620 0.0082
0 4.00000 10.00000 0.00000 -0.70635 0.70635 0.04630 0.0781 0.0000
0 2.00000 8.00000 0.00000 -0.70635 0.70635 0.04630 0.0625 0.0000
transfer_white
0 2.00000 7.72741 2.07055 -0.70635 0.69426 0.13810 0.0604 0.0162
0 4.00000 9.65926 2.58819 -0.70635 0.69426 0.13810 0.0755 0.0202
0 4.00000 9.91445 1.30526 -0.70635 0.69426 0.13810 0.0775 0.0102
transfer_white
0 2.00000 7.72741 2.07055 -0.70635 0.69426 0.13810 0.0604 0.0162
0 4.00000 9.91445 1.30526 -0.70635 0.69426 0.13810 0.0775 0.0102
0 2.00000 7.93156 1.04421 -0.70635 0.69426 0.13810 0.0620 0.0082
transfer_white
0 2.00000 7.39104 3.06147 -0.70635 0.67030 0.22754 0.0577 0.0239
0 4.00000 9.23880 3.82683 -0.70635 0.67030 0.22754 0.0722 0.0299
0 4.00000 9.65926 2.58819 -0.70635 0.67030 0.22754 0.0755 0.0202
transfer_white
0 2.00000 7.39104 3.06147 -0.70635 0.67030 0.22754 0.0577 0.0239
0 4.00000 9.65926 2.58819 -0.70635 0.67030 0.22754 0.0755 0.0202
0 2.00000 7.72741 2.07055 -0.70635 0.67030 0.22754 0.0604 0.0162
transfer_white
0 2.00000 6.92820 4.00000 -0.70635 0.63486 0.31308 0.0541 0.0312
0 4.00000 8.66025 5.00000 -0.70635 0.63486 0.31308 0.0677 0.0391
0 4.00000 9.23880 3.82683 -0.70635 0.63486 0.31308 0.0722 0.0299
transfer_white
0 2.00000 6.92820 4.00000 -0.70635 0.63486 0.31308 0.0541 0.0312
0 4.00000 9.23880 3.82683 -0.70635 0.63486 0.31308 0.0722 0.0299
0 2.00000 7.39104 3.06147 -0.70635 0.63486 0.31308 0.0577 0.0239
transfer_white
0 2.00000 6.34683 4.87009 -0.70635 0.58857 0.39327 0.0496 0.0380
0 4.00000 7.93353 6.08761 -0.70635 0.58857 0.39327 0.0620 0.0476
0 4.00000 8.66025 5.00000 -0.70635 0.58857 0.39327 0.0677 0.0391
transfer_white
0 2.00000 6.34683 4.87009 -0.70635 0.58857 0.39327 0.0496 0.0380
0 4.00000 8.66025 5.00000 -0.70635 0.58857 0.39327 0.0677 0.0391
0 2.00000 6.92820 4.00000 -0.70635 0.58857 0.39327 0.0541 0.0312
transfer_white
0 2.00000 5.65685 5.65685 -0.70635 0.53220 0.46673 0.0442 0.0442
0 4.00000 7.07107 7.07107 -0.70635 0.53220 0.46673 0.0552 0.0552
0 4.00000 7.93353 6.08761 -0.70635 0.53220 0.46673 0.0620 0.0476
transfer_white
0 2.00000 5.65685 5.65685 -0.70635 0.53220 0.46673 0.0442 0.0442
0 4.00000 7.93353 6.08761 -0.70635 0.53220 0.46673 0.0620 0.0476
0 2.00000 6.34683 4.87009 -0.70635 0.53220 0.46673 0.0496 0.0380
transfer_white
0 2.00000 4.87009 6.34683 -0.70635 0.46673 0.53220 0.0380 0.0496
0 4.00000 6.08761 7.93353 -0.70635 0.46673 0.53220 0.0476 0.0620
0 4.00000 7.07107 7.07107 -0.70635 0.46673 0.53220 0.0552 0.0552
transfer_white
0 2.00000 4.87009 6.34683 -0.70635 0.46673 0.53220 0.0380 0.0496
0 4.00000 7.07107 7.07107 -0.70635 0.46673 0.53220 0.0552 0.0552
0 2.00000 5.65685 5.65685 -0.70635 0.46673 0.53220 0.0442 0.0442
transfer_white
0 2.00000 4.00000 6.92820 -0.70635 0.39327 0.58857 0.0313 0.0541
0 4.00000 5.00000 8.66025 -0.70635 0.39327 0.58857 0.0391 0.0677
0 4.00000 6.08761 7.93353 -0.70635 0.39327 0.58857 0.0476 0.0620
transfer_white
0 2.00000 4.00000 6.92820 -0.70635 0.39327 0.58857 0.0313 0.0541
0 4.00000 6.08761 7.93353 -0.70635 0.39327 0.58857 0.0476 0.0620
0 2.00000 4.87009 6.34683 -0.70635 0.39327 0.58857 0.0380 0.0496
transfer_white
0 2.00000 3.06147 7.39104 -0.70635 0.31308 0.63486 0.0239 0.0577
0 4.00000 3.82683 9.23880 -0.70635 0.31308 0.63486 0.0299 0.0722
0 4.00000 5.00000 8.66025 -0.70635 0.31308 0.63486 0.0391 0.0677
transfer_white
0 2.00000 3.06147 7.39104 -0.70635 0.31308 0.63486 0.0239 0.0577
0 4.00000 5.00000 8.66025 -0.70635 0.31308 0.63486 0.0391 0.0677
0 2.00000 4.00000 6.92820 -0.70635 0.31308 0.63486 0.0313 0.0541
transfer_white
0 2.00000 2.07055 7.72741 -0.70635 0.22754 0.67030 0.0162 0.0604
0 4.00000 2.58819 9.65926 -0.70635 0.22754 0.67030 0.0202 0.0755
0 4.00000 3.82683 9.23880 -0.70635 0.22754 0.67030 0.0299 0.0722
transfer_white
0 2.00000 2.07055 7.72741 -0.70635 0.22754 0.67030 0.0162 0.0604
0 4.00000 3.82683 9.23880 -0.70635 0.22754 0.67030 0.0299 0.0722
0 2.00000 3.06147 7.39104 -0.70635 0.22754 0.67030 0.0239 0.0577
transfer_white
0 2.00000 1.04421 7.93156 -0.70635 0.13810 0.69426 0.0082 0.0620
0 4.00000 1.30526 9.91445 -0.70635 0.13810 0.69426 0.0102 0.0775
0 4.00000 2.58819 9.65926 -0.70635 0.13810 0.69426 0.0202 0.0755
transfer_white
0 2.00000 1.04421 7.93156 -0.70635 0.13810 0.69426 0.0082 0.0620
0 4.00000 2.58819 9.65926 -0.70635 0.13810 0.69426 0.0202 0.0755
0 2.00000 2.07055 7.72741 -0.70635 0.13810 0.69426 0.0162 0.0604
transfer_white
0 2.00000 0.00000 8.00000 -0.70635 0.04630 0.70635 0.0000 0.0625
0 4.00000 0.00000 10.00000 -0.70635 0.04630 0.70635 0.0000 0.0781
0 4.00000 1.30526 9.91445 -0.70635 0.04630 0.70635 0.0102 0.0775
transfer_white
0 2.00000 0.00000 8.00000 -0.70635 0.04630 0.70635 0.0000 0.0625
0 4.00000 1.30526 9.91445 -0.70635 0.04630 0.70635 0.0102 0.0775
0 2.00000 1.04421 7.93156 -0.70635 0.04630 0.70635 0.0082 0.0620
transfer_white
0 2.00000 -1.04421 7.93156 -0.70635 -0.04630 0.70635 0.9918 0.0620
0 4.00000 -1.30526 9.91445 -0.70635 -0.04630 0.70635 0.9898 0.0775
0 4.00000 0.00000 10.00000 -0.70635 -0.04630 0.70635 0.0000 0.0781
transfer_white
0 2.00000 -1.04421 7.93156 -0.70635 -0.04630 0.70635 0.9918 0.0620
0 4.00000 0.00000 10.00000 -0.70635 -0.04630 0.70635 0.0000 0.0781
0 2.00000 0.00000 8.00000 -0.70635 -0.04630 0.70635 0.0000 0.0625
transfer_white
0 2.00000 -2.07055 7.72741 -0.70635 -0.13810 0.69426 0.9838 0.0604
0 4.00000 -2.58819 9.65926 -0.70635 -0.13810 0.69426 0.9798 0.0755
0 4.00000 -1.30526 9.91445 -0.70635 -0.13810 0.69426 0.9898 0.0775
transfer_white
0 2.00000 -2.07055 7.72741 -0.70635 -0.13810 0.69426 0.9838 0.0604
0 4.00000 -1.30526 9.91445 -0.70635 -0.13810 0.69426 0.9898 0.0775
0 2.00000 -1.04421 7.93156 -0.70635 -0.13810 0.69426 0.9918 0.0620
transfer_white
0 2.00000 -3.06147 7.39104 -0.70635 -0.22754 0.67030 0.9761 0.0577
0 4.00000 -3.82683 9.23880 -0.70635 -0.22754 0.67030 0.9701 0.0722
0 4.00000 -2.58819 9.65926 -0.70635 -0.22754 0.67030 0.9798 0.0755
transfer_white
0 2.00000 -3.06147 7.39104 -0.70635 -0.22754 0.67030 0.9761 0.0577
0 4.00000 -2.58819 9.65926 -0.70635 -0.22754 0.67030 0.9798 0.0755
0 2.00000 -2.07055 7.72741 -0.70635 -0.22754 0.67030 0.9838 0.0604
transfer_white
0 2.00000 -4.00000 6.92820 -0.70635 -0.31308 0.63486 0.9688 0.0541
0 4.00000 -5.00000 8.66025 -0.70635 -0.31308 0.63486 0.9609 0.0677
0 4.00000 -3.82683 9.23880 -0.70635 -0.31308 0.63486 0.9701 0.0722
transfer_white
0 2.00000 -4.00000 6.92820 -0.70635 -0.31308 0.63486 0.9688 0.0541
0 4.00000 -3.82683 9.23880 -0.70635 -0.31308 0.63486 0.9701 0.0722
0 2.00000 -3.06147 7.39104 -0.70635 -0.31308 0.63486 0.9761 0.0577
transfer_white
0 2.00000 -4.87009 6.34683 -0.70635 -0.39327 0.58857 0.9620 0.0496
0 4.00000 -6.08761 7.93353 -0.70635 -0.39327 0.58857 0.9524 0.0620
0 4.00000 -5.00000 8.66025 -0.70635 -0.39327 0.58857 0.9609 0.0677
transfer_white
0 2.00000 -4.87009 6.34683 -0.70635 -0.39327 0.58857 0.9620 0.0496
0 4.00000 -5.00000 8.66025 -0.70635 -0.39327 0.58857 0.9609 0.0677
0 2.00000 -4.00000 6.92820 -0.70635 -0.39327 0.58857 0.9688 0.0541
transfer_white
0 2.00000 -5.65685 5.65685 -0.70635 -0.46673 0.53220 0.9558 0.0442
0 4.00000 -7.07107 7.07107 -0.70635 -0.46673 0.53220 0.9448 0.0552
0 4.00000 -6.08761 7.93353 -0.70635 -0.46673 0.53220 0.9524 0.0620
transfer_white
0 2.00000 -5.65685 5.65685 -0.70635 -0.46673 0.53220 0.9558 0.0442
0 4.00000 -6.08761 7.93353 -0.70635 -0.46673 0.53220 0.9524 0.0620
0 2.00000 -4.87009 6.34683 -0.70635 -0.46673 0.53220 0.9620 0.0496
transfer_white
0 2.00000 -6.34683 4.87009 -0.70635 -0.53220 0.46673 0.9504 0.0380
0 4.00000 -7.93353 6.08761 -0.70635 -0.53220 0.46673 0.9380 0.0476
0 4.00000 -7.07107 7.07107 -0.70635 -0.53220 0.46673 0.9448 0.0552
transfer_white
0 2.00000 -6.34683 4.87009 -0.70635 -0.53220 0.46673 0.9504 0.0380
0 4.00000 -7.07107 7.07107 -0.70635 -0.53220 0.46673 0.9448 0.0552
0 2.00000 -5.65685 5.65685 -0.70635 -0.53220 0.46673 0.9558 0.0442
transfer_white
0 2.00000 -6.92820 4.00000 -0.70635 -0.58857 0.39327 0.9459 0.0312
0 4.00000 -8.66025 5.00000 -0.70635 -0.58857 0.39327 0.9323 0.0391
0 4.00000 -7.93353 6.08761 -0.70635 -0.58857 0.39327 0.9380 0.0476
transfer_white
0 2.00000 -6.92820 4.00000 -0.70635 -0.58857 0.39327 0.9459 0.0312
0 4.00000 -7.93353 6.08761 -0.70635 -0.58857 0.39327 0.9380 0.0476
0 2.00000 -6.34683 4.87009 -0.70635 -0.58857 0.39327 0.9504 0.0380
transfer_white
0 2.00000 -7.39104 3.06147 -0.70635 -0.63486 0.31308 0.9423 0.0239
0 4.00000 -9.23880 3.82683 -0.70635 -0.63486 0.31308 0.9278 0.0299
0 4.00000 -8.66025 5.00000 -0.70635 -0.63486 0.31308 0.9323 0.0391
transfer_white
0 2.00000 -7.39104 3.06147 -0.70635 -0.63486 0.31308 0.9423 0.0239
0 4.00000 -8.66025 5.00000 -0.70635 -0.63486 0.31308 0.9323 0.0391
0 2.00000 -6.92820 4.00000 -0.70635 -0.63486 0.31308 0.9459 0.0312
transfer_white
0 2.00000 -7.72741 2.07055 -0.70635 -0.67030 0.22754 0.9396 0.0162
0 4.00000 -9.65926 2.58819 -0.70635 -0.67030 0.22754 0.9245 0.0202
0 4.00000 -9.23880 3.82683 -0.70635 -0.67030 0.22754 0.9278 0.0299
transfer_white
0 2.00000 -7.72741 2.07055 -0.70635 -0.67030 0.22754 0.9396 0.0162
0 4.00000 -9.23880 3.82683 -0.70635 -0.67030 0.22754 0.9278 0.0299
0 2.00000 -7.39104 3.06147 -0.70635 -0.67030 0.22754 0.9423 0.0239
transfer_white
0 2.00000 -7.93156 1.04421 -0.70635 -0.69426 0.13810 0.9380 0.0082
0 4.00000 -9.91445 1.30526 -0.70635 -0.69426 0.13810 0.9225 0.0102
0 4.00000 -9.65926 2.58819 -0.70635 -0.69426 0.13810 0.9245 0.0202
transfer_white
0 2.00000 -7.93156 1.04421 -0.70635 -0.69426 0.13810 0.9380 0.0082
0 4.00000 -9.65926 2.58819 -0.70635 -0.69426 0.13810 0.9245 0.0202
0 2.00000 -7.72741 2.07055 -0.70635 -0.69426 0.13810 0.9396 0.0162
transfer_white
0 2.00000 -8.00000 0.00000 -0.70635 -0.70635 0.04630 0.9375 0.0000
0 4.00000 -10.00000 0.00000 -0.70635 -0.70635 0.04630 0.9219 0.0000
0 4.00000 -9.91445 1.30526 -0.70635 -0.70635 0.04630 0.9225 0.0102
transfer_white
0 2.00000 -8.00000 0.00000 -0.70635 -0.70635 0.04630 0.9375 0.0000
0 4.00000 -9.91445 1.30526 -0.70635 -0.70635 0.04630 0.9225 0.0102
0 2.00000 -7.93156 1.04421 -0.70635 -0.70635 0.04630 0.9380 0.0082
transfer_white
0 2.00000 -7.93156 -1.04421 -0.70635 -0.70635 -0.04630 0.9380 0.9918
0 4.00000 -9.91445 -1.30526 -0.70635 -0.70635 -0.04630 0.9225 0.9898
0 4.00000 -10.00000 0.00000 -0.70635 -0.70635 -0.04630 0.9219 0.0000
transfer_white
0 2.00000 -7.93156 -1.04421 -0.70635 -0.70635 -0.04630 0.9380 0.9918
0 4.00000 -10.00000 0.00000 -0.70635 -0.70635 -0.04630 0.9219 0.0000
0 2.00000 -8.00000 0.00000 -0.70635 -0.70635 -0.04630 0.9375 0.0000
transfer_white
0 2.00000 -7.72741 -2.07055 -0.70635 -0.69426 -0.13810 0.9396 0.9838
0 4.00000 -9.65926 -2.58819 -0.70635 -0.69426 -0.13810 0.9245 0.9798
0 4.00000 -9.91445 -1.30526 -0.70635 -0.69426 -0.13810 0.9225 0.9898
transfer_white
0 2.00000 -7.72741 -2.07055 -0.70635 -0.69426 -0.13810 0.9396 0.9838
0 4.00000 -9.91445 -1.30526 -0.70635 -0.69426 -0.13810 0.9225 0.9898
0 2.00000 -7.93156 -1.04421 -0.70635 -0.69426 -0.13810 0.9380 0.9918
transfer_white
0 2.00000 -7.39104 -3.06147 -0.70635 -0.67030 -0.22754 0.9423 0.9761
0 4.00000 -9.23880 -3.82683 -0.70635 -0.67030 -0.22754 0.9278 0.9701
0 4.00000 -9.65926 -2.58819 -0.70635 -0.67030 -0.22754 0.9245 0.9798
transfer_white
0 2.00000 -7.39104 -3.06147 -0.70635 -0.67030 -0.22754 0.9423 0.9761
0 4.00000 -9.65926 -2.58819 -0.70635 -0.67030 -0.22754 0.9245 0.9798
0 2.00000 -7.72741 -2.07055 -0.70635 -0.67030 -0.22754 0.9396 0.9838
transfer_white
0 2.00000 -6.92820 -4.00000 -0.70635 -0.63486 -0.31308 0.9459 0.9688
0 4.00000 -8.66025 -5.00000 -0.70635 -0.63486 -0.31308 0.9323 0.9609
0 4.00000 -9.23880 -3.82683 -0.70635 -0.63486 -0.31308 0.9278 0.9701
transfer_white
0 2.00000 -6.92820 -4.00000 -0.70635 -0.63486 -0.31308 0.9459 0.9688
0 4.00000 -9.23880 -3.82683 -0.70635 -0.63486 -0.31308 0.9278 0.9701
0 2.00000 -7.39104 -3.06147 -0.70635 -0.63486 -0.31308 0.9423 0.9761
transfer_white
0 2.00000 -6.34683 -4.87009 -0.70635 -0.58857 -0.39327 0.9504 0.9620
0 4.00000 -7.93353 -6.08761 -0.70635 -0.58857 -0.39327 0.9380 0.9524
0 4.00000 -8.66025 -5.00000 -0.70635 -0.58857 -0.39327 0.9323 0.9609
transfer_white
0 2.00000 -6.34683 -4.87009 -0.70635 -0.58857 -0.39327 0.9504 0.9620
0 4.00000 -8.66025 -5.00000 -0.70635 -0.58857 -0.39327 0.9323 0.9609
0 2.00000 -6.92820 -4.00000 -0.70635 -0.58857 -0.39327 0.9459 0.9688
transfer_white
0 2.00000 -5.65685 -5.65685 -0.70635 -0.53220 -0.46673 0.9558 0.9558
0 4.00000 -7.07107 -7.07107 -0.70635 -0.53220 -0.46673 0.9448 0.9448
0 4.00000 -7.93353 -6.08761 -0.70635 -0.53220 -0.46673 0.9380 0.9524
transfer_white
0 2.00000 -5.65685 -5.65685 -0.70635 -0.53220 -0.46673 0.9558 0.9558
0 4.00000 -7.93353 -6.08761 -0.70635 -0.53220 -0.46673 0.9380 0.9524
0 2.00000 -6.34683 -4.87009 -0.70635 -0.53220 -0.46673 0.9504 0.9620
transfer_white
0 2.00000 -4.87009 -6.34683 -0.70635 -0.46673 -0.53220 0.9620 0.9504
0 4.00000 -6.08761 -7.93353 -0.70635 -0.46673 -0.53220 0.9524 0.9380
0 4.00000 -7.07107 -7.07107 -0.70635 -0.46673 -0.53220 0.9448 0.9448
transfer_white
0 2.00000 -4.87009 -6.34683 -0.70635 -0.46673 -0.53220 0.9620 0.9504
0 4.00000 -7.07107 -7.07107 -0.70635 -0.46673 -0.53220 0.9448 0.9448
0 2.00000 -5.65685 -5.65685 -0.70635 -0.46673 -0.53220 0.9558 0.9558
transfer_white
0 2.00000 -4.00000 -6.92820 -0.70635 -0.39327 -0.58857 0.9688 0.9459
0 4.00000 -5.00000 -8.66025 -0.70635 -0.39327 -0.58857 0.9609 0.9323
0 4.00000 -6.08761 -7.93353 -0.70635 -0.39327 -0.58857 0.9524 0.9380
transfer_white
0 2.00000 -4.00000 -6.92820 -0.70635 -0.39327 -0.58857 0.9688 0.9459
0 4.00000 -6.08761 -7.93353 -0.70635 -0.39327 -0.58857 0.9524 0.9380
0 2.00000 -4.87009 -6.34683 -0.70635 -0.39327 -0.58857 0.9620 0.9504
transfer_white
0 2.00000 -3.06147 -7.39104 -0.70635 -0.31308 -0.63486 0.9761 0.9423
0 4.00000 -3.82683 -9.23880 -0.70635 -0.31308 -0.63486 0.9701 0.9278
0 4.00000 -5.00000 -8.66025 -0.70635 -0.31308 -0.63486 0.9609 0.9323
transfer_white
0 2.00000 -3.06147 -7.39104 -0.70635 -0.31308 -0.63486 0.9761 0.9423
0 4.00000 -5.00000 -8.66025 -0.70635 -0.31308 -0.63486 0.9609 0.9323
0 2.00000 -4.00000 -6.92820 -0.70635 -0.31308 -0.63486 0.9688 0.9459
transfer_white
0 2.00000 -2.07055 -7.72741 -0.70635 -0.22754 -0.67030 0.9838 0.9396
0 4.00000 -2.58819 -9.65926 -0.70635 -0.22754 -0.67030 0.9798 0.9245
0 4.00000 -3.82683 -9.23880 -0.70635 -0.22754 -0.67030 0.9701 0.9278
transfer_white
0 2.00000 -2.07055 -7.72741 -0.70635 -0.22754 -0.67030 0.9838 0.9396
0 4.00000 -3.82683 -9.23880 -0.70635 -0.22754 -0.67030 0.9701 0.9278
0 2.00000 -3.06147 -7.39104 -0.70635 -0.22754 -0.67030 0.9761 0.9423
transfer_white
0 2.00000 -1.04421 -7.93156 -0.70635 -0.13810 -0.69426 0.9918 0.9380
0 4.00000 -1.30526 -9.91445 -0.70635 -0.13810 -0.69426 0.9898 0.9225
0 4.00000 -2.58819 -9.65926 -0.70635 -0.13810 -0.69426 0.9798 0.9245
transfer_white
0 2.00000 -1.04421 -7.93156 -0.70635 -0.13810 -0.69426 0.9918 0.9380
0 4.00000 -2.58819 -9.65926 -0.70635 -0.13810 -0.69426 0.9798 0.9245
0 2.00000 -2.07055 -7.72741 -0.70635 -0.13810 -0.69426 0.9838 0.9396
transfer_white
0 2.00000 -0.00000 -8.00000 -0.70635 -0.04630 -0.70635 1.0000 0.9375
0 4.00000 -0.00000 -10.00000 -0.70635 -0.04630 -0.70635 1.0000 0.9219
0 4.00000 -1.30526 -9.91445 -0.70635 -0.04630 -0.70635 0.9898 0.9225
transfer_white
0 2.00000 -0.00000 -8.00000 -0.70635 -0.04630 -0.70635 1.0000 0.9375
0 4.00000 -1.30526 -9.91445 -0.70635 -0.04630 -0.70635 0.9898 0.9225
0 2.00000 -1.04421 -7.93156 -0.70635 -0.04630 -0.70635 0.9918 0.9380
transfer_white
0 2.00000 1.04421 -7.93156 -0.70635 0.04630 -0.70635 0.0082 0.9380
0 4.00000 1.30526 -9.91445 -0.70635 0.04630 -0.70635 0.0102 0.9225
0 4.00000 -0.00000 -10.00000 -0.70635 0.04630 -0.70635 1.0000 0.9219
transfer_white
0 2.00000 1.04421 -7.93156 -0.70635 0.04630 -0.70635 0.0082 0.9380
0 4.00000 -0.00000 -10.00000 -0.70635 0.04630 -0.70635 1.0000 0.9219
0 2.00000 -0.00000 -8.00000 -0.70635 0.04630 -0.70635 1.0000 0.9375
transfer_white
0 2.00000 2.07055 -7.72741 -0.70635 0.13810 -0.69426 0.0162 0.9396
0 4.00000 2.58819 -9.65926 -0.70635 0.13810 -0.69426 0.0202 0.9245
0 4.00000 1.30526 -9.91445 -0.70635 0.13810 -0.69426 0.0102 0.9225
transfer_white
0 2.00000 2.07055 -7.72741 -0.70635 0.13810 -0.69426 0.0162 0.9396
0 4.00000 1.30526 -9.91445 -0.70635 0.13810 -0.69426 0.0102 0.9225
0 2.00000 1.04421 -7.93156 -0.70635 0.13810 -0.69426 0.0082 0.9380
transfer_white
0 2.00000 3.06147 -7.39104 -0.70635 0.22754 -0.67030 0.0239 0.9423
0 4.00000 3.82683 -9.23880 -0.70635 0.22754 -0.67030 0.0299 0.9278
0 4.00000 2.58819 -9.65926 -0.70635 0.22754 -0.67030 0.0202 0.9245
transfer_white
0 2.00000 3.06147 -7.39104 -0.70635 0.22754 -0.67030 0.0239 0.9423
0 4.00000 2.58819 -9.65926 -0.70635 0.22754 -0.67030 0.0202 0.9245
0 2.00000 2.07055 -7.72741 -0.70635 0.22754 -0.67030 0.0162 0.9396
transfer_white
0 2.00000 4.00000 -6.92820 -0.70635 0.31308 -0.63486 0.0313 0.9459
0 4.00000 5.00000 -8.66025 -0.70635 0.31308 -0.63486 0.0391 0.9323
0 4.00000 3.82683 -9.23880 -0.70635 0.31308 -0.63486 0.0299 0.9278
transfer_white
0 2.00000 4.00000 -6.92820 -0.70635 0.31308 -0.63486 0.0313 0.9459
0 4.00000 3.82683 -9.23880 -0.70635 0.31308 -0.63486 0.0299 0.9278
0 2.00000 3.06147 -7.39104 -0.70635 0.31308 -0.63486 0.0239 0.9423
transfer_white
0 2.00000 4.87009 -6.34683 -0.70635 0.39327 -0.58857 0.0380 0.9504
0 4.00000 6.08761 -7.93353 -0.70635 0.39327 -0.58857 0.0476 0.9380
0 4.00000 5.00000 -8.66025 -0.70635 0.39327 -0.58857 0.0391 0.9323
transfer_white
0 2.00000 4.87009 -6.34683 -0.70635 0.39327 -0.58857 0.0380 0.9504
0 4.00000 5.00000 -8.66025 -0.70635 0.39327 -0.58857 0.0391 0.9323
0 2.00000 4.00000 -6.92820 -0.70635 0.39327 -0.58857 0.0313 0.9459
transfer_white
0 2.00000 5.65685 -5.65685 -0.70635 0.46673 -0.53220 0.0442 0.9558
0 4.00000 7.07107 -7.07107 -0.70635 0.46673 -0.53220 0.0552 0.9448
0 4.00000 6.08761 -7.93353 -0.70635 0.46673 -0.53220 0.0476 0.9380
transfer_white
0 2.00000 5.65685 -5.65685 -0.70635 0.46673 -0.53220 0.0442 0.9558
0 4.00000 6.08761 -7.93353 -0.70635 0.46673 -0.53220 0.0476 0.9380
0 2.00000 4.87009 -6.34683 -0.70635 0.46673 -0.53220 0.0380 0.9504
transfer_white
0 2.00000 6.34683 -4.87009 -0.70635 0.53220 -0.46673 0.0496 0.9620
0 4.00000 7.93353 -6.08761 -0.70635 0.53220 -0.46673 0.0620 0.9524
0 4.00000 7.07107 -7.07107 -0.70635 0.53220 -0.46673 0.0552 0.9448
transfer_white
0 2.00000 6.34683 -4.87009 -0.70635 0.53220 -0.46673 0.0496 0.9620
0 4.00000 7.07107 -7.07107 -0.70635 0.53220 -0.46673 0.0552 0.9448
0 2.00000 5.65685 -5.65685 -0.70635 0.53220 -0.46673 0.0442 0.9558
transfer_white
0 2.00000 6.92820 -4.00000 -0.70635 0.58857 -0.39327 0.0541 0.9688
0 4.00000 8.66025 -5.00000 -0.70635 0.58857 -0.39327 0.0677 0.9609
0 4.00000 7.93353 -6.08761 -0.70635 0.58857 -0.39327 0.0620 0.9524
transfer_white
0 2.00000 6.92820 -4.00000 -0.70635 0.58857 -0.39327 0.0541 0.9688
0 4.00000 7.93353 -6.08761 -0.70635 0.58857 -0.39327 0.0620 0.9524
0 2.00000 6.34683 -4.87009 -0.70635 0.58857 -0.39327 0.0496 0.9620
transfer_white
0 2.00000 7.39104 -3.06147 -0.70635 0.63486 -0.31308 0.0577 0.9761
0 4.00000 9.23880 -3.82683 -0.70635 0.63486 -0.31308 0.0722 0.9701
0 4.00000 8.66025 -5.00000 -0.70635 0.63486 -0.31308 0.0677 0.9609
transfer_white
0 2.00000 7.39104 -3.06147 -0.70635 0.63486 -0.31308 0.0577 0.9761
0 4.00000 8.66025 -5.00000 -0.70635 0.63486 -0.31308 0.0677 0.9609
0 2.00000 6.92820 -4.00000 -0.70635 0.63486 -0.31308 0.0541 0.9688
transfer_white
0 2.00000 7.72741 -2.07055 -0.70635 0.67030 -0.22754 0.0604 0.9838
0 4.00000 9.65926 -2.58819 -0.70635 0.67030 -0.22754 0.0755 0.9798
0 4.00000 9.23880 -3.82683 -0.70635 0.67030 -0.22754 0.0722 0.9701
transfer_white
0 2.00000 7.72741 -2.07055 -0.70635 0.67030 -0.22754 0.0604 0.9838
0 4.00000 9.23880 -3.82683 -0.70635 0.67030 -0.22754 0.0722 0.9701
0 2.00000 7.39104 -3.06147 -0.70635 0.67030 -0.22754 0.0577 0.9761
transfer_white
0 2.00000 7.93156 -1.04421 -0.70635 0.69426 -0.13810 0.0620 0.9918
0 4.00000 9.91445 -1.30526 -0.70635 0.69426 -0.13810 0.0775 0.9898
0 4.00000 9.65926 -2.58819 -0.70635 0.69426 -0.13810 0.0755 0.9798
transfer_white
0 2.00000 7.93156 -1.04421 -0.70635 0.69426 -0.13810 0.0620 0.9918
0 4.00000 9.65926 -2.58819 -0.70635 0.69426 -0.13810 0.0755 0.9798
0 2.00000 7.72741 -2.07055 -0.70635 0.69426 -0.13810 0.0604 0.9838
transfer_white
0 2.00000 8.00000 -0.00000 -0.70635 0.70635 -0.04630 0.0625 1.0000
0 4.00000 10.00000 -0.00000 -0.70635 0.70635 -0.04630 0.0781 1.0000
0 4.00000 9.91445 -1.30526 -0.70635 0.70635 -0.04630 0.0775 0.9898
transfer_white
0 2.00000 8.00000 -0.00000 -0.70635 0.70635 -0.04630 0.0625 1.0000
0 4.00000 9.91445 -1.30526 -0.70635 0.70635 -0.04630 0.0775 0.9898
0 2.00000 7.93156 -1.04421 -0.70635 0.70635 -0.04630 0.0620 0.9918
transfer_white
0 4.00000 9.91445 1.30526 -0.24205 0.96819 0.06346 0.0775 0.0102
0 8.00000 10.90589 1.43579 -0.24205 0.96819 0.06346 0.0852 0.0112
0 8.00000 11.00000 0.00000 -0.24205 0.96819 0.06346 0.0859 0.0000
transfer_white
0 4.00000 9.91445 1.30526 -0.24205 0.96819 0.06346 0.0775 0.0102
0 8.00000 11.00000 0.00000 -0.24205 0.96819 0.06346 0.0859 0.0000
0 4.00000 10.00000 0.00000 -0.24205 0.96819 0.06346 0.0781 0.0000
transfer_white
0 4.00000 9.65926 2.58819 -0.24205 0.95162 0.18929 0.0755 0.0202
0 8.00000 10.62518 2.84701 -0.24205 0.95162 0.18929 0.0830 0.0222
0 8.00000 10.90589 1.43579 -0.24205 0.95162 0.18929 0.0852 0.0112
transfer_white
0 4.00000 9.65926 2.58819 -0.24205 0.95162 0.18929 0.0755 0.0202
0 8.00000 10.90589 1.43579 -0.24205 0.95162 0.18929 0.0852 0.0112
0 4.00000 9.91445 1.30526 -0.24205 0.95162 0.18929 0.0775 0.0102
transfer_white
0 4.00000 9.23880 3.82683 -0.24205 0.91877 0.31188 0.0722 0.0299
0 8.00000 10.16267 4.20952 -0.24205 0.91877 0.31188 0.0794 0.0329
0 8.00000 10.62518 2.84701 -0.24205 0.91877 0.31188 0.0830 0.0222
transfer_white
0 4.00000 9.23880 3.82683 -0.24205 0.91877 0.31188 0.0722 0.0299
0 8.00000 10.62518 2.84701 -0.24205 0.91877 0.31188 0.0830 0.0222
0 4.00000 9.65926 2.58819 -0.24205 0.91877 0.31188 0.0755 0.0202
transfer_white
0 4.00000 8.66025 5.00000 -0.24205 0.87020 0.42914 0.0677 0.0391
0 8.00000 9.52628 5.50000 -0.24205 0.87020 0.42914 0.0744 0.0430
0 8.00000 10.16267 4.20952 -0.24205 0.87020 0.42914 0.0794 0.0329
transfer_white
0 4.00000 8.66025 5.00000 -0.24205 0.87020 0.42914 0.0677 0.0391
0 8.00000 10.16267 4.20952 -0.24205 0.87020 0.42914 0.0794 0.0329
0 4.00000 9.23880 3.82683 -0.24205 0.87020 0.42914 0.0722 0.0299
transfer_white
0 4.00000 7.93353 6.08761 -0.24205 0.80675 0.53905 0.0620 0.0476
0 8.00000 8.72689 6.69638 -0.24205 0.80675 0.53905 0.0682 0.0523
0 8.00000 9.52628 5.50000 -0.24205 0.80675 0.53905 0.0744 0.0430
transfer_white
0 4.00000 7.93353 6.08761 -0.24205 0.80675 0.53905 0.0620 0.0476
0 8.00000 9.52628 5.50000 -0.24205 0.80675 0.53905 0.0744 0.0430
0 4.00000 8.66025 5.00000 -0.24205 0.80675 0.53905 0.0677 0.0391
transfer_white
0 4.00000 7.07107 7.07107 -0.24205 0.72948 0.63974 0.0552 0.0552
0 8.00000 7.77817 7.77817 -0.24205 0.72948 0.63974 0.0608 0.0608
0 8.00000 8.72689 6.69638 -0.24205 0.72948 0.63974 0.0682 0.0523
transfer_white
0 4.00000 7.07107 7.07107 -0.24205 0.72948 0.63974 0.0552 0.0552
0 8.00000 8.72689 6.69638 -0.24205 0.72948 0.63974 0.0682 0.0523
0 4.00000 7.93353 6.08761 -0.24205 0.72948 0.63974 0.0620 0.0476
transfer_white
0 4.00000 6.08761 7.93353 -0.24205 0.63974 0.72948 0.0476 0.0620
0 8.00000 6.69638 8.72689 -0.24205 0.63974 0.72948 0.0523 0.0682
0 8.00000 7.77817 7.77817 -0.24205 0.63974 0.72948 0.0608 0.0608
transfer_white
0 4.00000 6.08761 7.93353 -0.24205 0.63974 0.72948 0.0476 0.0620
0 8.00000 7.77817 7.77817 -0.24205 0.63974 0.72948 0.0608 0.0608
0 4.00000 7.07107 7.07107 -0.24205 0.63974 0.72948 0.0552 0.0552
transfer_white
0 4.00000 5.00000 8.66025 -0.24205 0.53905 0.80675 0.0391 0.0677
0 8.00000 5.50000 9.52628 -0.24205 0.53905 0.80675 0.0430 0.0744
0 8.00000 6.69638 8.72689 -0.24205 0.53905 0.80675 0.0523 0.0682
transfer_white
0 4.00000 5.00000 8.66025 -0.24205 0.53905 0.80675 0.0391 0.0677
0 8.00000 6.69638 8.72689 -0.24205 0.53905 0.80675 0.0523 0.0682
0 4.00000 6.08761 7.93353 -0.24205 0.53905 0.80675 0.0476 0.0620
transfer_white
0 4.00000 3.82683 9.23880 -0.24205 0.42914 0.87020 0.0299 0.0722
0 8.00000 4.20952 10.16267 -0.24205 0.42914 0.87020 0.0329 0.0794
0 8.00000 5.50000 9.52628 -0.24205 0.42914 0.87020 0.0430 0.0744
transfer_white
0 4.00000 3.82683 9.23880 -0.24205 0.42914 0.87020 0.0299 0.0722
0 8.00000 5.50000 9.52628 -0.24205 0.42914 0.87020 0.0430 0.0744
0 4.00000 5.00000 8.66025 -0.24205 0.42914 0.87020 0.0391 0.0677
transfer_white
0 4.00000 2.58819 9.65926 -0.24205 0.31188 0.91877 0.0202 0.0755
0 8.00000 2.84701 10.62518 -0.24205 0.31188 0.91877 0.0222 0.0830
0 8.00000 4.20952 10.16267 -0.24205 0.31188 0.91877 0.0329 0.0794
transfer_white
0 4.00000 2.58819 9.65926 -0.24205 0.31188 0.91877 0.0202 0.0755
0 8.00000 4.20952 10.16267 -0.24205 0.31188 0.91877 0.0329 0.0794
0 4.00000 3.82683 9.23880 -0.24205 0.31188 0.91877 0.0299 0.0722
transfer_white
0 4.00000 1.30526 9.91445 -0.24205 0.18929 0.95162 0.0102 0.0775
0 8.00000 1.43579 10.90589 -0.24205 0.18929 0.95162 0.0112 0.0852
0 8.00000 2.84701 10.62518 -0.24205 0.18929 0.95162 0.0222 0.0830
transfer_white
0 4.00000 1.30526 9.91445 -0.24205 0.18929 0.95162 0.0102 0.0775
0 8.00000 2.84701 10.62518 -0.24205 0.18929 0.95162 0.0222 0.0830
0 4.00000 2.58819 9.65926 -0.24205 0.18929 0.95162 0.0202 0.0755
transfer_white
0 4.00000 0.00000 10.00000 -0.24205 0.06346 0.96819 0.0000 0.0781
0 8.00000 0.00000 11.00000 -0.24205 0.06346 0.96819 0.0000 0.0859
0 8.00000 1.43579 10.90589 -0.24205 0.06346 0.96819 0.0112 0.0852
transfer_white
0 4.00000 0.00000 10.00000 -0.24205 0.06346 0.96819 0.0000 0.0781
0 8.00000 1.43579 10.90589 -0.24205 0.06346 0.96819 0.0112 0.0852
0 4.00000 1.30526 9.91445 -0.24205 0.06346 0.96819 0.0102 0.0775
transfer_white
0 4.00000 -1.30526 9.91445 -0.24205 -0.06346 0.96819 0.9898 0.0775
0 8.00000 -1.43579 10.90589 -0.24205 -0.06346 0.96819 0.9888 0.0852
0 8.00000 0.00000 11.00000 -0.24205 -0.06346 0.96819 0.0000 0.0859
transfer_white
0 4.00000 -1.30526 9.91445 -0.24205 -0.06346 0.96819 0.9898 0.0775
0 8.00000 0.00000 11.00000 -0.24205 -0.06346 0.96819 0.0000 0.0859
0 4.00000 0.00000 10.00000 -0.24205 -0.06346 0.96819 0.0000 0.0781
transfer_white
0 4.00000 -2.58819 9.65926 -0.24205 -0.18929 0.95162 0.9798 0.0755
0 8.00000 -2.84701 10.62518 -0.24205 -0.18929 0.95162 0.9778 0.0830
0 8.00000 -1.43579 10.90589 -0.24205 -0.18929 0.95162 0.9888 0.0852
transfer_white
0 4.00000 -2.58819 9.65926 -0.24205 -0.18929 0.95162 0.9798 0.0755
0 8.00000 -1.43579 10.90589 -0.24205 -0.18929 0.95162 0.9888 0.0852
0 4.00000 -1.30526 9.91445 -0.24205 -0.18929 0.95162 0.9898 0.0775
transfer_white
0 4.00000 -3.82683 9.23880 -0.24205 -0.31188 0.91877 0.9701 0.0722
0 8.00000 -4.20952 10.16267 -0.24205 -0.31188 0.91877 0.9671 0.0794
0 8.00000 -2.84701 10.62518 -0.24205 -0.31188 0.91877 0.9778 0.0830
transfer_white
0 4.00000 -3.82683 9.23880 -0.24205 -0.31188 0.91877 0.9701 0.0722
0 8.00000 -2.84701 10.62518 -0.24205 -0.31188 0.91877 0.9778 0.0830
0 4.00000 -2.58819 9.65926 -0.24205 -0.31188 0.91877 0.9798 0.0755
transfer_white
0 4.00000 -5.00000 8.66025 -0.24205 -0.42914 0.87020 0.9609 0.0677
0 8.00000 -5.50000 9.52628 -0.24205 -0.42914 0.87020 0.9570 0.0744
0 8.00000 -4.20952 10.16267 -0.24205 -0.42914 0.87020 0.9671 0.0794
transfer_white
0 4.00000 -5.00000 8.66025 -0.24205 -0.42914 0.87020 0.9609 0.0677
0 8.00000 -4.20952 10.16267 -0.24205 -0.42914 0.87020 0.9671 0.0794
0 4.00000 -3.82683 9.23880 -0.24205 -0.42914 0.87020 0.9701 0.0722
transfer_white
0 4.00000 -6.08761 7.93353 -0.24205 -0.53905 0.80675 0.9524 0.0620
0 8.00000 -6.69638 8.72689 -0.24205 -0.53905 0.80675 0.9477 0.0682
0 8.00000 -5.50000 9.52628 -0.24205 -0.53905 0.80675 0.9570 0.0744
transfer_white
0 4.00000 -6.08761 7.93353 -0.24205 -0.53905 0.80675 0.9524 0.0620
0 8.00000 -5.50000 9.52628 -0.24205 -0.53905 0.80675 0.9570 0.0744
0 4.00000 -5.00000 8.66025 -0.24205 -0.53905 0.80675 0.9609 0.0677
transfer_white
0 4.00000 -7.07107 7.07107 -0.24205 -0.63974 0.72948 0.9448 0.0552
0 8.00000 -7.77817 7.77817 -0.24205 -0.63974 0.72948 0.9392 0.0608
0 8.00000 -6.69638 8.72689 -0.24205 -0.63974 0.72948 0.9477 0.0682
transfer_white
0 4.00000 -7.07107 7.07107 -0.24205 -0.63974 0.72948 0.9448 0.0552
0 8.00000 -6.69638 8.72689 -0.24205 -0.63974 0.72948 0.9477 0.0682
0 4.00000 -6.08761 7.93353 -0.24205 -0.63974 0.72948 0.9524 0.0620
transfer_white
0 4.00000 -7.93353 6.08761 -0.24205 -0.72948 0.63974 0.9380 0.0476
0 8.00000 -8.72689 6.69638 -0.24205 -0.72948 0.63974 0.9318 0.0523
0 8.00000 -7.77817 7.77817 -0.24205 -0.72948 0.63974 0.9392 0.0608
transfer_white
0 4.00000 -7.93353 6.08761 -0.24205 -0.72948 0.63974 0.9380 0.0476
0 8.00000 -7.77817 7.77817 -0.24205 -0.72948 0.63974 0.9392 0.0608
0 4.00000 -7.07107 7.07107 -0.24205 -0.72948 0.63974 0.9448 0.0552
transfer_white
0 4.00000 -8.66025 5.00000 -0.24205 -0.80675 0.53905 0.9323 0.0391
0 8.00000 -9.52628 5.50000 -0.24205 -0.80675 0.53905 0.9256 0.0430
0 8.00000 -8.72689 6.69638 -0.24205 -0.80675 0.53905 0.9318 0.0523
transfer_white
0 4.00000 -8.66025 5.00000 -0.24205 -0.80675 0.53905 0.9323 0.0391
0 8.00000 -8.72689 6.69638 -0.24205 -0.80675 0.53905 0.9318 0.0523
0 4.00000 -7.93353 6.08761 -0.24205 -0.80675 0.53905 0.9380 0.0476
transfer_white
0 4.00000 -9.23880 3.82683 -0.24205 -0.87020 0.42914 0.9278 0.0299
0 8.00000 -10.16267 4.20952 -0.24205 -0.87020 0.42914 0.9206 0.0329
0 8.00000 -9.52628 5.50000 -0.24205 -0.87020 0.42914 0.9256 0.0430
transfer_white
0 4.00000 -9.23880 3.82683 -0.24205 -0.87020 0.42914 0.9278 0.0299
0 8.00000 -9.52628 5.50000 -0.24205 -0.87020 0.42914 0.9256 0.0430
0 4.00000 -8.66025 5.00000 -0.24205 -0.87020 0.42914 0.9323 0.0391
transfer_white
0 4.00000 -9.65926 2.58819 -0.24205 -0.91877 0.31188 0.9245 0.0202
0 8.00000 -10.62518 2.84701 -0.24205 -0.91877 0.31188 0.9170 0.0222
0 8.00000 -10.16267 4.20952 -0.24205 -0.91877 0.31188 0.9206 0.0329
transfer_white
0 4.00000 -9.65926 2.58819 -0.24205 -0.91877 0.31188 0.9245 0.0202
0 8.00000 -10.16267 4.20952 -0.24205 -0.91877 0.31188 0.9206 0.0329
0 4.00000 -9.23880 3.82683 -0.24205 -0.91877 0.31188 0.9278 0.0299
transfer_white
0 4.00000 -9.91445 1.30526 -0.24205 -0.95162 0.18929 0.9225 0.0102
0 8.00000 -10.90589 1.43579 -0.24205 -0.95162 0.18929 0.9148 0.0112
0 8.00000 -10.62518 2.84701 -0.24205 -0.95162 0.18929 0.9170 0.0222
transfer_white
0 4.00000 -9.91445 1.30526 -0.24205 -0.95162 0.18929 0.9225 0.0102
0 8.00000 -10.62518 2.84701 -0.24205 -0.95162 0.18929 0.9170 0.0222
0 4.00000 -9.65926 2.58819 -0.24205 -0.95162 0.18929 0.9245 0.0202
transfer_white
0 4.00000 -10.00000 0.00000 -0.24205 -0.96819 0.06346 0.9219 0.0000
0 8.00000 -11.00000 0.00000 -0.24205 -0.96819 0.06346 0.9141 0.0000
0 8.00000 -10.90589 1.43579 -0.24205 -0.96819 0.06346 0.9148 0.0112
transfer_white
0 4.00000 -10.00000 0.00000 -0.24205 -0.96819 0.06346 0.9219 0.0000
0 8.00000 -10.90589 1.43579 -0.24205 -0.96819 0.06346 0.9148 0.0112
0 4.00000 -9.91445 1.30526 -0.24205 -0.96819 0.06346 0.9225 0.0102
transfer_white
0 4.00000 -9.91445 -1.30526 -0.24205 -0.96819 -0.06346 0.9225 0.9898
0 8.00000 -10.90589 -1.43579 -0.24205 -0.96819 -0.06346 0.9148 0.9888
0 8.00000 -11.00000 0.00000 -0.24205 -0.96819 -0.06346 0.9141 0.0000
transfer_white
0 4.00000 -9.91445 -1.30526 -0.24205 -0.96819 -0.06346 0.9225 0.9898
0 8.00000 -11.00000 0.00000 -0.24205 -0.96819 -0.06346 0.9141 0.0000
0 4.00000 -10.00000 0.00000 -0.24205 -0.96819 -0.06346 0.9219 0.0000
transfer_white
0 4.00000 -9.65926 -2.58819 -0.24205 -0.95162 -0.18929 0.9245 0.9798
0 8.00000 -10.62518 -2.84701 -0.24205 -0.95162 -0.18929 0.9170 0.9778
0 8.00000 -10.90589 -1.43579 -0.24205 -0.95162 -0.18929 0.9148 0.9888
transfer_white
0 4.00000 -9.65926 -2.58819 -0.24205 -0.95162 -0.18929 0.9245 0.9798
0 8.00000 -10.90589 -1.43579 -0.24205 -0.95162 -0.18929 0.9148 0.9888
0 4.00000 -9.91445 -1.30526 -0.24205 -0.95162 -0.18929 0.9225 0.9898
transfer_white
0 4.00000 -9.23880 -3.82683 -0.24205 -0.91877 -0.31188 0.9278 0.9701
0 8.00000 -10.16267 -4.20952 -0.24205 -0.91877 -0.31188 0.9206 0.9671
0 8.00000 -10.62518 -2.84701 -0.24205 -0.91877 -0.31188 0.9170 0.9778
transfer_white
0 4.00000 -9.23880 -3.82683 -0.24205 -0.91877 -0.31188 0.9278 0.9701
0 8.00000 -10.62518 -2.84701 -0.24205 -0.91877 -0.31188 0.9170 0.9778
0 4.00000 -9.65926 -2.58819 -0.24205 -0.91877 -0.31188 0.9245 0.9798
transfer_white
0 4.00000 -8.66025 -5.00000 -0.24205 -0.87020 -0.42914 0.9323 0.9609
0 8.00000 -9.52628 -5.50000 -0.24205 -0.87020 -0.42914 0.9256 0.9570
0 8.00000 -10.16267 -4.20952 -0.24205 -0.87020 -0.42914 0.9206 0.9671
transfer_white
0 4.00000 -8.66025 -5.00000 -0.24205 -0.87020 -0.42914 0.9323 0.9609
0 8.00000 -10.16267 -4.20952 -0.24205 -0.87020 -0.42914 0.9206 0.9671
0 4.00000 -9.23880 -3.82683 -0.24205 -0.87020 -0.42914 0.9278 0.9701
transfer_white
0 4.00000 -7.93353 -6.08761 -0.24205 -0.80675 -0.53905 0.9380 0.9524
0 8.00000 -8.72689 -6.69638 -0.24205 -0.80675 -0.53905 0.9318 0.9477
0 8.00000 -9.52628 -5.50000 -0.24205 -0.80675 -0.53905 0.9256 0.9570
transfer_white
0 4.00000 -7.93353 -6.08761 -0.24205 -0.80675 -0.53905 0.9380 0.9524
0 8.00000 -9.52628 -5.50000 -0.24205 -0.80675 -0.53905 0.9256 0.9570
0 4.00000 -8.66025 -5.00000 -0.24205 -0.80675 -0.53905 0.9323 0.9609
transfer_white
0 4.00000 -7.07107 -7.07107 -0.24205 -0.72948 -0.63974 0.9448 0.9448
0 8.00000 -7.77817 -7.77817 -0.24205 -0.72948 -0.63974 0.9392 0.9392
0 8.00000 -8.72689 -6.69638 -0.24205 -0.72948 -0.63974 0.9318 0.9477
transfer_white
0 4.00000 -7.07107 -7.07107 -0.24205 -0.72948 -0.63974 0.9448 0.9448
0 8.00000 -8.72689 -6.69638 -0.24205 -0.72948 -0.63974 0.9318 0.9477
0 4.00000 -7.93353 -6.08761 -0.24205 -0.72948 -0.63974 0.9380 0.9524
transfer_white
0 4.00000 -6.08761 -7.93353 -0.24205 -0.63974 -0.72948 0.9524 0.9380
0 8.00000 -6.69638 -8.72689 -0.24205 -0.63974 -0.72948 0.9477 0.9318
0 8.00000 -7.77817 -7.77817 -0.24205 -0.63974 -0.72948 0.9392 0.9392
transfer_white
0 4.00000 -6.08761 -7.93353 -0.24205 -0.63974 -0.72948 0.9524 0.9380
0 8.00000 -7.77817 -7.77817 -0.24205 -0.63974 -0.72948 0.9392 0.9392
0 4.00000 -7.07107 -7.07107 -0.24205 -0.63974 -0.72948 0.9448 0.9448
transfer_white
0 4.00000 -5.00000 -8.66025 -0.24205 -0.53905 -0.80675 0.9609 0.9323
0 8.00000 -5.50000 -9.52628 -0.24205 -0.53905 -0.80675 0.9570 0.9256
0 8.00000 -6.69638 -8.72689 -0.24205 -0.53905 -0.80675 0.9477 0.9318
transfer_white
0 4.00000 -5.00000 -8.66025 -0.24205 -0.53905 -0.80675 0.9609 0.9323
0 8.00000 -6.69638 -8.72689 -0.24205 -0.53905 -0.80675 0.9477 0.9318
0 4.00000 -6.08761 -7.93353 -0.24205 -0.53905 -0.80675 0.9524 0.9380
transfer_white
0 4.00000 -3.82683 -9.23880 -0.24205 -0.42914 -0.87020 0.9701 0.9278
0 8.00000 -4.20952 -10.16267 -0.24205 -0.42914 -0.87020 0.9671 0.9206
0 8.00000 -5.50000 -9.52628 -0.24205 -0.42914 -0.87020 0.9570 0.9256
transfer_white
0 4.00000 -3.82683 -9.23880 -0.24205 -0.42914 -0.87020 0.9701 0.9278
0 8.00000 -5.50000 -9.52628 -0.24205 -0.42914 -0.87020 0.9570 0.9256
0 4.00000 -5.00000 -8.66025 -0.24205 -0.42914 -0.87020 0.9609 0.9323
transfer_white
0 4.00000 -2.58819 -9.65926 -0.24205 -0.31188 -0.91877 0.9798 0.9245
0 8.00000 -2.84701 -10.62518 -0.24205 -0.31188 -0.91877 0.9778 0.9170
0 8.00000 -4.20952 -10.16267 -0.24205 -0.31188 -0.91877 0.9671 0.9206
transfer_white
0 4.00000 -2.58819 -9.65926 -0.24205 -0.31188 -0.91877 0.9798 0.9245
0 8.00000 -4.20952 -10.16267 -0.24205 -0.31188 -0.91877 0.9671 0.9206
0 4.00000 -3.82683 -9.23880 -0.24205 -0.31188 -0.91877 0.9701 0.9278
transfer_white
0 4.00000 -1.30526 -9.91445 -0.24205 -0.18929 -0.95162 0.9898 0.9225
0 8.00000 -1.43579 -10.90589 -0.24205 -0.18929 -0.95162 0.9888 0.9148
0 8.00000 -2.84701 -10.62518 -0.24205 -0.18929 -0.95162 0.9778 0.9170
transfer_white
0 4.00000 -1.30526 -9.91445 -0.24205 -0.18929 -0.95162 0.9898 0.9225
0 8.00000 -2.84701 -10.62518 -0.24205 -0.18929 -0.95162 0.9778 0.9170
0 4.00000 -2.58819 -9.65926 -0.24205 -0.18929 -0.95162 0.9798 0.9245
transfer_white
0 4.00000 -0.00000 -10.00000 -0.24205 -0.06346 -0.96819 1.0000 0.9219
0 8.00000 -0.00000 -11.00000 -0.24205 -0.06346 -0.96819 1.0000 0.9141
0 8.00000 -1.43579 -10.90589 -0.24205 -0.06346 -0.96819 0.9888 0.9148
transfer_white
0 4.00000 -0.00000 -10.00000 -0.24205 -0.06346 -0.96819 1.0000 0.9219
0 8.00000 -1.43579 -10.90589 -0.24205 -0.06346 -0.96819 0.9888 0.9148
0 4.00000 -1.30526 -9.91445 -0.24205 -0.06346 -0.96819 0.9898 0.9225
transfer_white
0 4.00000 1.30526 -9.91445 -0.24205 0.06346 -0.96819 0.0102 0.9225
0 8.00000 1.43579 -10.90589 -0.24205 0.06346 -0.96819 0.0112 0.9148
0 8.00000 -0.00000 -11.00000 -0.24205 0.06346 -0.96819 1.0000 0.9141
transfer_white
0 4.00000 1.30526 -9.91445 -0.24205 0.06346 -0.96819 0.0102 0.9225
0 8.00000 -0.00000 -11.00000 -0.24205 0.06346 -0.96819 1.0000 0.9141
0 4.00000 -0.00000 -10.00000 -0.24205 0.06346 -0.96819 1.0000 0.9219
transfer_white
0 4.00000 2.58819 -9.65926 -0.24205 0.18929 -0.95162 0.0202 0.9245
0 8.00000 2.84701 -10.62518 -0.24205 0.18929 -0.95162 0.0222 0.9170
0 8.00000 1.43579 -10.90589 -0.24205 0.18929 -0.95162 0.0112 0.9148
transfer_white
0 4.00000 2.58819 -9.65926 -0.24205 0.18929 -0.95162 0.0202 0.9245
0 8.00000 1.43579 -10.90589 -0.24205 0.18929 -0.95162 0.0112 0.9148
0 4.00000 1.30526 -9.91445 -0.24205 0.18929 -0.95162 0.0102 0.9225
transfer_white
0 4.00000 3.82683 -9.23880 -0.24205 0.31188 -0.91877 0.0299 0.9278
0 8.00000 4.20952 -10.16267 -0.24205 0.31188 -0.91877 0.0329 0.9206
0 8.00000 2.84701 -10.62518 -0.24205 0.31188 -0.91877 0.0222 0.9170
transfer_white
0 4.00000 3.82683 -9.23880 -0.24205 0.31188 -0.91877 0.0299 0.9278
0 8.00000 2.84701 -10.62518 -0.24205 0.31188 -0.91877 0.0222 0.9170
0 4.00000 2.58819 -9.65926 -0.24205 0.31188 -0.91877 0.0202 0.9245
transfer_white
0 4.00000 5.00000 -8.66025 -0.24205 0.42914 -0.87020 0.0391 0.9323
0 8.00000 5.50000 -9.52628 -0.24205 0.42914 -0.87020 0.0430 0.9256
0 8.00000 4.20952 -10.16267 -0.24205 0.42914 -0.87020 0.0329 0.9206
transfer_white
0 4.00000 5.00000 -8.66025 -0.24205 0.42914 -0.87020 0.0391 0.9323
0 8.00000 4.20952 -10.16267 -0.24205 0.42914 -0.87020 0.0329 0.9206
0 4.00000 3.82683 -9.23880 -0.24205 0.42914 -0.87020 0.0299 0.9278
transfer_white
0 4.00000 6.08761 -7.93353 -0.24205 0.53905 -0.80675 0.0476 0.9380
0 8.00000 6.69638 -8.72689 -0.24205 0.53905 -0.80675 0.0523 0.9318
0 8.00000 5.50000 -9.52628 -0.24205 0.53905 -0.80675 0.0430 0.9256
transfer_white
0 4.00000 6.08761 -7.93353 -0.24205 0.53905 -0.80675 0.0476 0.9380
0 8.00000 5.50000 -9.52628 -0.24205 0.53905 -0.80675 0.0430 0.9256
0 4.00000 5.00000 -8.66025 -0.24205 0.53905 -0.80675 0.0391 0.9323
transfer_white
0 4.00000 7.07107 -7.07107 -0.24205 0.63974 -0.72948 0.0552 0.9448
0 8.00000 7.77817 -7.77817 -0.24205 0.63974 -0.72948 0.0608 0.9392
0 8.00000 6.69638 -8.72689 -0.24205 0.63974 -0.72948 0.0523 0.9318
transfer_white
0 4.00000 7.07107 -7.07107 -0.24205 0.63974 -0.72948 0.0552 0.9448
0 8.00000 6.69638 -8.72689 -0.24205 0.63974 -0.72948 0.0523 0.9318
0 4.00000 6.08761 -7.93353 -0.24205 0.63974 -0.72948 0.0476 0.9380
transfer_white
0 4.00000 7.93353 -6.08761 -0.24205 0.72948 -0.63974 0.0620 0.9524
0 8.00000 8.72689 -6.69638 -0.24205 0.72948 -0.63974 0.0682 0.9477
0 8.00000 7.77817 -7.77817 -0.24205 0.72948 -0.63974 0.0608 0.9392
transfer_white
0 4.00000 7.93353 -6.08761 -0.24205 0.72948 -0.63974 0.0620 0.9524
0 8.00000 7.77817 -7.77817 -0.24205 0.72948 -0.63974 0.0608 0.9392
0 4.00000 7.07107 -7.07107 -0.24205 0.72948 -0.63974 0.0552 0.9448
transfer_white
0 4.00000 8.66025 -5.00000 -0.24205 0.80675 -0.53905 0.0677 0.9609
0 8.00000 9.52628 -5.50000 -0.24205 0.80675 -0.53905 0.0744 0.9570
0 8.00000 8.72689 -6.69638 -0.24205 0.80675 -0.53905 0.0682 0.9477
transfer_white
0 4.00000 8.66025 -5.00000 -0.24205 0.80675 -0.53905 0.0677 0.9609
0 8.00000 8.72689 -6.69638 -0.24205 0.80675 -0.53905 0.0682 0.9477
0 4.00000 7.93353 -6.08761 -0.24205 0.80675 -0.53905 0.0620 0.9524
transfer_white
0 4.00000 9.23880 -3.82683 -0.24205 0.87020 -0.42914 0.0722 0.9701
0 8.00000 10.16267 -4.20952 -0.24205 0.87020 -0.42914 0.0794 0.9671
0 8.00000 9.52628 -5.50000 -0.24205 0.87020 -0.42914 0.0744 0.9570
transfer_white
0 4.00000 9.23880 -3.82683 -0.24205 0.87020 -0.42914 0.0722 0.9701
0 8.00000 9.52628 -5.50000 -0.24205 0.87020 -0.42914 0.0744 0.9570
0 4.00000 8.66025 -5.00000 -0.24205 0.87020 -0.42914 0.0677 0.9609
transfer_white
0 4.00000 9.65926 -2.58819 -0.24205 0.91877 -0.31188 0.0755 0.9798
0 8.00000 10.62518 -2.84701 -0.24205 0.91877 -0.31188 0.0830 0.9778
0 8.00000 10.16267 -4.20952 -0.24205 0.91877 -0.31188 0.0794 0.9671
transfer_white
0 4.00000 9.65926 -2.58819 -0.24205 0.91877 -0.31188 0.0755 0.9798
0 8.00000 10.16267 -4.20952 -0.24205 0.91877 -0.31188 0.0794 0.9671
0 4.00000 9.23880 -3.82683 -0.24205 0.91877 -0.31188 0.0722 0.9701
transfer_white
0 4.00000 9.91445 -1.30526 -0.24205 0.95162 -0.18929 0.0775 0.9898
0 8.00000 10.90589 -1.43579 -0.24205 0.95162 -0.18929 0.0852 0.9888
0 8.00000 10.62518 -2.84701 -0.24205 0.95162 -0.18929 0.0830 0.9778
transfer_white
0 4.00000 9.91445 -1.30526 -0.24205 0.95162 -0.18929 0.0775 0.9898
0 8.00000 10.62518 -2.84701 -0.24205 0.95162 -0.18929 0.0830 0.9778
0 4.00000 9.65926 -2.58819 -0.24205 0.95162 -0.18929 0.0755 0.9798
transfer_white
0 4.00000 10.00000 -0.00000 -0.24205 0.96819 -0.06346 0.0781 1.0000
0 8.00000 11.00000 -0.00000 -0.24205 0.96819 -0.06346 0.0859 1.0000
0 8.00000 10.90589 -1.43579 -0.24205 0.96819 -0.06346 0.0852 0.9888
transfer_white
0 4.00000 10.00000 -0.00000 -0.24205 0.96819 -0.06346 0.0781 1.0000
0 8.00000 10.90589 -1.43579 -0.24205 0.96819 -0.06346 0.0852 0.9888
0 4.00000 9.91445 -1.30526 -0.24205 0.96819 -0.06346 0.0775 0.9898
transfer_white
0 8.00000 10.90589 1.43579 -0.38391 0.92139 0.06039 0.0852 0.0112
0 14.00000 13.38451 1.76210 -0.38391 0.92139 0.06039 0.1046 0.0138
0 14.00000 13.50000 0.00000 -0.38391 0.92139 0.06039 0.1055 0.0000
transfer_white
0 8.00000 10.90589 1.43579 -0.38391 0.92139 0.06039 0.0852 0.0112
0 14.00000 13.50000 0.00000 -0.38391 0.92139 0.06039 0.1055 0.0000
0 8.00000 11.00000 0.00000 -0.38391 0.92139 0.06039 0.0859 0.0000
transfer_white
0 8.00000 10.62518 2.84701 -0.38391 0.90563 0.18014 0.0830 0.0222
0 14.00000 13.04000 3.49406 -0.38391 0.90563 0.18014 0.1019 0.0273
0 14.00000 13.38451 1.76210 -0.38391 0.90563 0.18014 0.1046 0.0138
transfer_white
0 8.00000 10.62518 2.84701 -0.38391 0.90563 0.18014 0.0830 0.0222
0 14.00000 13.38451 1.76210 -0.38391 0.90563 0.18014 0.1046 0.0138
0 8.00000 10.90589 1.43579 -0.38391 0.90563 0.18014 0.0852 0.0112
transfer_white
0 8.00000 10.16267 4.20952 -0.38391 0.87437 0.29681 0.0794 0.0329
0 14.00000 12.47237 5.16623 -0.38391 0.87437 0.29681 0.0974 0.0404
0 14.00000 13.04000 3.49406 -0.38391 0.87437 0.29681 0.1019 0.0273
transfer_white
0 8.00000 10.16267 4.20952 -0.38391 0.87437 0.29681 0.0794 0.0329
0 14.00000 13.04000 3.49406 -0.38391 0.87437 0.29681 0.1019 0.0273
0 8.00000 10.62518 2.84701 -0.38391 0.87437 0.29681 0.0830 0.0222
transfer_white
0 8.00000 9.52628 5.50000 -0.38391 0.82814 0.40840 0.0744 0.0430
0 14.00000 11.69134 6.75000 -0.38391 0.82814 0.40840 0.0913 0.0527
0 14.00000 12.47237 5.16623 -0.38391 0.82814 0.40840 0.0974 0.0404
transfer_white
0 8.00000 9.52628 5.50000 -0.38391 0.82814 0.40840 0.0744 0.0430
0 14.00000 12.47237 5.16623 -0.38391 0.82814 0.40840 0.0974 0.0404
0 8.00000 10.16267 4.20952 -0.38391 0.82814 0.40840 0.0794 0.0329
transfer_white
0 8.00000 8.72689 6.69638 -0.38391 0.76775 0.51300 0.0682 0.0523
0 14.00000 10.71027 8.21828 -0.38391 0.76775 0.51300 0.0837 0.0642
0 14.00000 11.69134 6.75000 -0.38391 0.76775 0.51300 0.0913 0.0527
transfer_white
0 8.00000 8.72689 6.69638 -0.38391 0.76775 0.51300 0.0682 0.0523
0 14.00000 11.69134 6.75000 -0.38391 0.76775 0.51300 0.0913 0.0527
0 8.00000 9.52628 5.50000 -0.38391 0.76775 0.51300 0.0744 0.0430
transfer_white
0 8.00000 7.77817 7.77817 -0.38391 0.69423 0.60882 0.0608 0.0608
0 14.00000 9.54594 9.54594 -0.38391 0.69423 0.60882 0.0746 0.0746
0 14.00000 10.71027 8.21828 -0.38391 0.69423 0.60882 0.0837 0.0642
transfer_white
0 8.00000 7.77817 7.77817 -0.38391 0.69423 0.60882 0.0608 0.0608
0 14.00000 10.71027 8.21828 -0.38391 0.69423 0.60882 0.0837 0.0642
0 8.00000 8.72689 6.69638 -0.38391 0.69423 0.60882 0.0682 0.0523
transfer_white
0 8.00000 6.69638 8.72689 -0.38391 0.60882 0.69423 0.0523 0.0682
0 14.00000 8.21828 10.71027 -0.38391 0.60882 0.69423 0.0642 0.0837
0 14.00000 9.54594 9.54594 -0.38391 0.60882 0.69423 0.0746 0.0746
transfer_white
0 8.00000 6.69638 8.72689 -0.38391 0.60882 0.69423 0.0523 0.0682
0 14.00000 9.54594 9.54594 -0.38391 0.60882 0.69423 0.0746 0.0746
0 8.00000 7.77817 7.77817 -0.38391 0.60882 0.69423 0.0608 0.0608
transfer_white
0 8.00000 5.50000 9.52628 -0.38391 0.51300 0.76775 0.0430 0.0744
0 14.00000 6.75000 11.69134 -0.38391 0.51300 0.76775 0.0527 0.0913
0 14.00000 8.21828 10.71027 -0.38391 0.51300 0.76775 0.0642 0.0837
transfer_white
0 8.00000 5.50000 9.52628 -0.38391 0.51300 0.76775 0.0430 0.0744
0 14.00000 8.21828 10.71027 -0.38391 0.51300 0.76775 0.0642 0.0837
0 8.00000 6.69638 8.72689 -0.38391 0.51300 0.76775 0.0523 0.0682
transfer_white
0 8.00000 4.20952 10.16267 -0.38391 0.40840 0.82814 0.0329 0.0794
0 14.00000 5.16623 12.47237 -0.38391 0.40840 0.82814 0.0404 0.0974
0 14.00000 6.75000 11.69134 -0.38391 0.40840 0.82814 0.0527 0.0913
transfer_white
0 8.00000 4.20952 10.16267 -0.38391 0.40840 0.82814 0.0329 0.0794
0 14.00000 6.75000 11.69134 -0.38391 0.40840 0.82814 0.0527 0.0913
0 8.00000 5.50000 9.52628 -0.38391 0.40840 0.82814 0.0430 0.0744
transfer_white
0 8.00000 2.84701 10.62518 -0.38391 0.29681 0.87437 0.0222 0.0830
0 14.00000 3.49406 13.04000 -0.38391 0.29681 0.87437 0.0273 0.1019
0 14.00000 5.16623 12.47237 -0.38391 0.29681 0.87437 0.0404 0.0974
transfer_white
0 8.00000 2.84701 10.62518 -0.38391 0.29681 0.87437 0.0222 0.0830
0 14.00000 5.16623 12.47237 -0.38391 0.29681 0.87437 0.0404 0.0974
0 8.00000 4.20952 10.16267 -0.38391 0.29681 0.87437 0.0329 0.0794
transfer_white
0 8.00000 1.43579 10.90589 -0.38391 0.18014 0.90563 0.0112 0.0852
0 14.00000 1.76210 13.38451 -0.38391 0.18014 0.90563 0.0138 0.1046
0 14.00000 3.49406 13.04000 -0.38391 0.18014 0.90563 0.0273 0.1019
transfer_white
0 8.00000 1.43579 10.90589 -0.38391 0.18014 0.90563 0.0112 0.0852
0 14.00000 3.49406 13.04000 -0.38391 0.18014 0.90563 0.0273 0.1019
0 8.00000 2.84701 10.62518 -0.38391 0.18014 0.90563 0.0222 0.0830
transfer_white
0 8.00000 0.00000 11.00000 -0.38391 0.06039 0.92139 0.0000 0.0859
0 14.00000 0.00000 13.50000 -0.38391 0.06039 0.92139 0.0000 0.1055
0 14.00000 1.76210 13.38451 -0.38391 0.06039 0.92139 0.0138 0.1046
transfer_white
0 8.00000 0.00000 11.00000 -0.38391 0.06039 0.92139 0.0000 0.0859
0 14.00000 1.76210 13.38451 -0.38391 0.06039 0.92139 0.0138 0.1046
0 8.00000 1.43579 10.90589 -0.38391 0.06039 0.92139 0.0112 0.0852
transfer_white
0 8.00000 -1.43579 10.90589 -0.38391 -0.06039 0.92139 0.9888 0.0852
0 14.00000 -1.76210 13.38451 -0.38391 -0.06039 0.92139 0.9862 0.1046
0 14.00000 0.00000 13.50000 -0.38391 -0.06039 0.92139 0.0000 0.1055
transfer_white
0 8.00000 -1.43579 10.90589 -0.38391 -0.06039 0.92139 0.9888 0.0852
0 14.00000 0.00000 13.50000 -0.38391 -0.06039 0.92139 0.0000 0.1055
0 8.00000 0.00000 11.00000 -0.38391 -0.06039 0.92139 0.0000 0.0859
transfer_white
0 8.00000 -2.84701 10.62518 -0.38391 -0.18014 0.90563 0.9778 0.0830
0 14.00000 -3.49406 13.04000 -0.38391 -0.18014 0.90563 0.9727 0.1019
0 14.00000 -1.76210 13.38451 -0.38391 -0.18014 0.90563 0.9862 0.1046
transfer_white
0 8.00000 -2.84701 10.62518 -0.38391 -0.18014 0.90563 0.9778 0.0830
0 14.00000 -1.76210 13.38451 -0.38391 -0.18014 0.90563 0.9862 0.1046
0 8.00000 -1.43579 10.90589 -0.38391 -0.18014 0.90563 0.9888 0.0852
transfer_white
0 8.00000 -4.20952 10.16267 -0.38391 -0.29681 0.87437 0.9671 0.0794
0 14.00000 -5.16623 12.47237 -0.38391 -0.29681 0.87437 0.9596 0.0974
0 14.00000 -3.49406 13.04000 -0.38391 -0.29681 0.87437 0.9727 0.1019
transfer_white
0 8.00000 -4.20952 10.16267 -0.38391 -0.29681 0.87437 0.9671 0.0794
0 14.00000 -3.49406 13.04000 -0.38391 -0.29681 0.87437 0.9727 0.1019
0 8.00000 -2.84701 10.62518 -0.38391 -0.29681 0.87437 0.9778 0.0830
transfer_white
0 8.00000 -5.50000 9.52628 -0.38391 -0.40840 0.82814 0.9570 0.0744
0 14.00000 -6.75000 11.69134 -0.38391 -0.40840 0.82814 0.9473 0.0913
0 14.00000 -5.16623 12.47237 -0.38391 -0.40840 0.82814 0.9596 0.0974
transfer_white
0 8.00000 -5.50000 9.52628 -0.38391 -0.40840 0.82814 0.9570 0.0744
0 14.00000 -5.16623 12.47237 -0.38391 -0.40840 0.82814 0.9596 0.0974
0 8.00000 -4.20952 10.16267 -0.38391 -0.40840 0.82814 0.9671 0.0794
transfer_white
0 8.00000 -6.69638 8.72689 -0.38391 -0.51300 0.76775 0.9477 0.0682
0 14.00000 -8.21828 10.71027 -0.38391 -0.51300 0.76775 0.9358 0.0837
0 14.00000 -6.75000 11.69134 -0.38391 -0.51300 0.76775 0.9473 0.0913
transfer_white
0 8.00000 -6.69638 8.72689 -0.38391 -0.51300 0.76775 0.9477 0.0682
0 14.00000 -6.75000 11.69134 -0.38391 -0.51300 0.76775 0.9473 0.0913
0 8.00000 -5.50000 9.52628 -0.38391 -0.51300 0.76775 0.9570 0.0744
transfer_white
0 8.00000 -7.77817 7.77817 -0.38391 -0.60882 0.69423 0.9392 0.0608
0 14.00000 -9.54594 9.54594 -0.38391 -0.60882 0.69423 0.9254 0.0746
0 14.00000 -8.21828 10.71027 -0.38391 -0.60882 0.69423 0.9358 0.0837
transfer_white
0 8.00000 -7.77817 7.77817 -0.38391 -0.60882 0.69423 0.9392 0.0608
0 14.00000 -8.21828 10.71027 -0.38391 -0.60882 0.69423 0.9358 0.0837
0 8.00000 -6.69638 8.72689 -0.38391 -0.60882 0.69423 0.9477 0.0682
transfer_white
0 8.00000 -8.72689 6.69638 -0.38391 -0.69423 0.60882 0.9318 0.0523
0 14.00000 -10.71027 8.21828 -0.38391 -0.69423 0.60882 0.9163 0.0642
0 14.00000 -9.54594 9.54594 -0.38391 -0.69423 0.60882 0.9254 0.0746
transfer_white
0 8.00000 -8.72689 6.69638 -0.38391 -0.69423 0.60882 0.9318 0.0523
0 14.00000 -9.54594 9.54594 -0.38391 -0.69423 0.60882 0.9254 0.0746
0 8.00000 -7.77817 7.77817 -0.38391 -0.69423 0.60882 0.9392 0.0608
transfer_white
0 8.00000 -9.52628 5.50000 -0.38391 -0.76775 0.51300 0.9256 0.0430
0 14.00000 -11.69134 6.75000 -0.38391 -0.76775 0.51300 0.9087 0.0527
0 14.00000 -10.71027 8.21828 -0.38391 -0.76775 0.51300 0.9163 0.0642
transfer_white
0 8.00000 -9.52628 5.50000 -0.38391 -0.76775 0.51300 0.9256 0.0430
0 14.00000 -10.71027 8.21828 -0.38391 -0.76775 0.51300 0.9163 0.0642
0 8.00000 -8.72689 6.69638 -0.38391 -0.76775 0.51300 0.9318 0.0523
transfer_white
0 8.00000 -10.16267 4.20952 -0.38391 -0.82814 0.40840 0.9206 0.0329
0 14.00000 -12.47237 5.16623 -0.38391 -0.82814 0.40840 0.9026 0.0404
0 14.00000 -11.69134 6.75000 -0.38391 -0.82814 0.40840 0.9087 0.0527
transfer_white
0 8.00000 -10.16267 4.20952 -0.38391 -0.82814 0.40840 0.9206 0.0329
0 14.00000 -11.69134 6.75000 -0.38391 -0.82814 0.40840 0.9087 0.0527
0 8.00000 -9.52628 5.50000 -0.38391 -0.82814 0.40840 0.9256 0.0430
transfer_white
0 8.00000 -10.62518 2.84701 -0.38391 -0.87437 0.29681 0.9170 0.0222
0 14.00000 -13.04000 3.49406 -0.38391 -0.87437 0.29681 0.8981 0.0273
0 14.00000 -12.47237 5.16623 -0.38391 -0.87437 0.29681 0.9026 0.0404
transfer_white
0 8.00000 -10.62518 2.84701 -0.38391 -0.87437 0.29681 0.9170 0.0222
0 14.00000 -12.47237 5.16623 -0.38391 -0.87437 0.29681 0.9026 0.0404
0 8.00000 -10.16267 4.20952 -0.38391 -0.87437 0.29681 0.9206 0.0329
transfer_white
0 8.00000 -10.90589 1.43579 -0.38391 -0.90563 0.18014 0.9148 0.0112
0 14.00000 -13.38451 1.76210 -0.38391 -0.90563 0.18014 0.8954 0.0138
0 14.00000 -13.04000 3.49406 -0.38391 -0.90563 0.18014 0.8981 0.0273
transfer_white
0 8.00000 -10.90589 1.43579 -0.38391 -0.90563 0.18014 0.9148 0.0112
0 14.00000 -13.04000 3.49406 -0.38391 -0.90563 0.18014 0.8981 0.0273
0 8.00000 -10.62518 2.84701 -0.38391 -0.90563 0.18014 0.9170 0.0222
transfer_white
0 8.00000 -11.00000 0.00000 -0.38391 -0.92139 0.06039 0.9141 0.0000
0 14.00000 -13.50000 0.00000 -0.38391 -0.92139 0.06039 0.8945 0.0000
0 14.00000 -13.38451 1.76210 -0.38391 -0.92139 0.06039 0.8954 0.0138
transfer_white
0 8.00000 -11.00000 0.00000 -0.38391 -0.92139 0.06039 0.9141 0.0000
0 14.00000 -13.38451 1.76210 -0.38391 -0.92139 0.06039 0.8954 0.0138
0 8.00000 -10.90589 1.43579 -0.38391 -0.92139 0.06039 0.9148 0.0112
transfer_white
0 8.00000 -10.90589 -1.43579 -0.38391 -0.92139 -0.06039 0.9148 0.9888
0 14.00000 -13.38451 -1.76210 -0.38391 -0.92139 -0.06039 0.8954 0.9862
0 14.00000 -13.50000 0.00000 -0.38391 -0.92139 -0.06039 0.8945 0.0000
transfer_white
0 8.00000 -10.90589 -1.43579 -0.38391 -0.92139 -0.06039 0.9148 0.9888
0 14.00000 -13.50000 0.00000 -0.38391 -0.92139 -0.06039 0.8945 0.0000
0 8.00000 -11.00000 0.00000 -0.38391 -0.92139 -0.06039 0.9141 0.0000
transfer_white
0 8.00000 -10.62518 -2.84701 -0.38391 -0.90563 -0.18014 0.9170 0.9778
0 14.00000 -13.04000 -3.49406 -0.38391 -0.90563 -0.18014 0.8981 0.9727
0 14.00000 -13.38451 -1.76210 -0.38391 -0.90563 -0.18014 0.8954 0.9862
transfer_white
0 8.00000 -10.62518 -2.84701 -0.38391 -0.90563 -0.18014 0.9170 0.9778
0 14.00000 -13.38451 -1.76210 -0.38391 -0.90563 -0.18014 0.8954 0.9862
0 8.00000 -10.90589 -1.43579 -0.38391 -0.90563 -0.18014 0.9148 0.9888
transfer_white
0 8.00000 -10.16267 -4.20952 -0.38391 -0.87437 -0.29681 0.9206 0.9671
0 14.00000 -12.47237 -5.16623 -0.38391 -0.87437 -0.29681 0.9026 0.9596
0 14.00000 -13.04000 -3.49406 -0.38391 -0.87437 -0.29681 0.8981 0.9727
transfer_white
0 8.00000 -10.16267 -4.20952 -0.38391 -0.87437 -0.29681 0.9206 0.9671
0 14.00000 -13.04000 -3.49406 -0.38391 -0.87437 -0.29681 0.8981 0.9727
0 8.00000 -10.62518 -2.84701 -0.38391 -0.87437 -0.29681 0.9170 0.9778
transfer_white
0 8.00000 -9.52628 -5.50000 -0.38391 -0.82814 -0.40840 0.9256 0.9570
0 14.00000 -11.69134 -6.75000 -0.38391 -0.82814 -0.40840 0.9087 0.9473
0 14.00000 -12.47237 -5.16623 -0.38391 -0.82814 -0.40840 0.9026 0.9596
transfer_white
0 8.00000 -9.52628 -5.50000 -0.38391 -0.82814 -0.40840 0.9256 0.9570
0 14.00000 -12.47237 -5.16623 -0.38391 -0.82814 -0.40840 0.9026 0.9596
0 8.00000 -10.16267 -4.20952 -0.38391 -0.82814 -0.40840 0.9206 0.9671
transfer_white
0 8.00000 -8.72689 -6.69638 -0.38391 -0.76775 -0.51300 0.9318 0.9477
0 14.00000 -10.71027 -8.21828 -0.38391 -0.76775 -0.51300 0.9163 0.9358
0 14.00000 -11.69134 -6.75000 -0.38391 -0.76775 -0.51300 0.9087 0.9473
transfer_white
0 8.00000 -8.72689 -6.69638 -0.38391 -0.76775 -0.51300 0.9318 0.9477
0 14.00000 -11.69134 -6.75000 -0.38391 -0.76775 -0.51300 0.9087 0.9473
0 8.00000 -9.52628 -5.50000 -0.38391 -0.76775 -0.51300 0.9256 0.9570
transfer_white
0 8.00000 -7.77817 -7.77817 -0.38391 -0.69423 -0.60882 0.9392 0.9392
0 14.00000 -9.54594 -9.54594 -0.38391 -0.69423 -0.60882 0.9254 0.9254
0 14.00000 -10.71027 -8.21828 -0.38391 -0.69423 -0.60882 0.9163 0.9358
transfer_white
0 8.00000 -7.77817 -7.77817 -0.38391 -0.69423 -0.60882 0.9392 0.9392
0 14.00000 -10.71027 -8.21828 -0.38391 -0.69423 -0.60882 0.9163 0.9358
0 8.00000 -8.72689 -6.69638 -0.38391 -0.69423 -0.60882 0.9318 0.9477
transfer_white
0 8.00000 -6.69638 -8.72689 -0.38391 -0.60882 -0.69423 0.9477 0.9318
0 14.00000 -8.21828 -10.71027 -0.38391 -0.60882 -0.69423 0.9358 0.9163
0 14.00000 -9.54594 -9.54594 -0.38391 -0.60882 -0.69423 0.9254 0.9254
transfer_white
0 8.00000 -6.69638 -8.72689 -0.38391 -0.60882 -0.69423 0.9477 0.9318
0 14.00000 -9.54594 -9.54594 -0.38391 -0.60882 -0.69423 0.9254 0.9254
0 8.00000 -7.77817 -7.77817 -0.38391 -0.60882 -0.69423 0.9392 0.9392
transfer_white
0 8.00000 -5.50000 -9.52628 -0.38391 -0.51300 -0.76775 0.9570 0.9256
0 14.00000 -6.75000 -11.69134 -0.38391 -0.51300 -0.76775 0.9473 0.9087
0 14.00000 -8.21828 -10.71027 -0.38391 -0.51300 -0.76775 0.9358 0.9163
transfer_white
0 8.00000 -5.50000 -9.52628 -0.38391 -0.51300 -0.76775 0.9570 0.9256
0 14.00000 -8.21828 -10.71027 -0.38391 -0.51300 -0.76775 0.9358 0.9163
0 8.00000 -6.69638 -8.72689 -0.38391 -0.51300 -0.76775 0.9477 0.9318
transfer_white
0 8.00000 -4.20952 -10.16267 -0.38391 -0.40840 -0.82814 0.9671 0.9206
0 14.00000 -5.16623 -12.47237 -0.38391 -0.40840 -0.82814 0.9596 0.9026
0 14.00000 -6.75000 -11.69134 -0.38391 -0.40840 -0.82814 0.9473 0.9087
transfer_white
0 8.00000 -4.20952 -10.16267 -0.38391 -0.40840 -0.82814 0.9671 0.9206
0 14.00000 -6.75000 -11.69134 -0.38391 -0.40840 -0.82814 0.9473 0.9087
0 8.00000 -5.50000 -9.52628 -0.38391 -0.40840 -0.82814 0.9570 0.9256
transfer_white
0 8.00000 -2.84701 -10.62518 -0.38391 -0.29681 -0.87437 0.9778 0.9170
0 14.00000 -3.49406 -13.04000 -0.38391 -0.29681 -0.87437 0.9727 0.8981
0 14.00000 -5.16623 -12.47237 -0.38391 -0.29681 -0.87437 0.9596 0.9026
transfer_white
0 8.00000 -2.84701 -10.62518 -0.38391 -0.29681 -0.87437 0.9778 0.9170
0 14.00000 -5.16623 -12.47237 -0.38391 -0.29681 -0.87437 0.9596 0.9026
0 8.00000 -4.20952 -10.16267 -0.38391 -0.29681 -0.87437 0.9671 0.9206
transfer_white
0 8.00000 -1.43579 -10.90589 -0.38391 -0.18014 -0.90563 0.9888 0.9148
0 14.00000 -1.76210 -13.38451 -0.38391 -0.18014 -0.90563 0.9862 0.8954
0 14.00000 -3.49406 -13.04000 -0.38391 -0.18014 -0.90563 0.9727 0.8981
transfer_white
0 8.00000 -1.43579 -10.90589 -0.38391 -0.18014 -0.90563 0.9888 0.9148
0 14.00000 -3.49406 -13.04000 -0.38391 -0.18014 -0.90563 0.9727 0.8981
0 8.00000 -2.84701 -10.62518 -0.38391 -0.18014 -0.90563 0.9778 0.9170
transfer_white
0 8.00000 -0.00000 -11.00000 -0.38391 -0.06039 -0.92139 1.0000 0.9141
0 14.00000 -0.00000 -13.50000 -0.38391 -0.06039 -0.92139 1.0000 0.8945
0 14.00000 -1.76210 -13.38451 -0.38391 -0.06039 -0.92139 0.9862 0.8954
transfer_white
0 8.00000 -0.00000 -11.00000 -0.38391 -0.06039 -0.92139 1.0000 0.9141
0 14.00000 -1.76210 -13.38451 -0.38391 -0.06039 -0.92139 0.9862 0.8954
0 8.00000 -1.43579 -10.90589 -0.38391 -0.06039 -0.92139 0.9888 0.9148
transfer_white
0 8.00000 1.43579 -10.90589 -0.38391 0.06039 -0.92139 0.0112 0.9148
0 14.00000 1.76210 -13.38451 -0.38391 0.06039 -0.92139 0.0138 0.8954
0 14.00000 -0.00000 -13.50000 -0.38391 0.06039 -0.92139 1.0000 0.8945
transfer_white
0 8.00000 1.43579 -10.90589 -0.38391 0.06039 -0.92139 0.0112 0.9148
0 14.00000 -0.00000 -13.50000 -0.38391 0.06039 -0.92139 1.0000 0.8945
0 8.00000 -0.00000 -11.00000 -0.38391 0.06039 -0.92139 1.0000 0.9141
transfer_white
0 8.00000 2.84701 -10.62518 -0.38391 0.18014 -0.90563 0.0222 0.9170
0 14.00000 3.49406 -13.04000 -0.38391 0.18014 -0.90563 0.0273 0.8981
0 14.00000 1.76210 -13.38451 -0.38391 0.18014 -0.90563 0.0138 0.8954
transfer_white
0 8.00000 2.84701 -10.62518 -0.38391 0.18014 -0.90563 0.0222 0.9170
0 14.00000 1.76210 -13.38451 -0.38391 0.18014 -0.90563 0.0138 0.8954
0 8.00000 1.43579 -10.90589 -0.38391 0.18014 -0.90563 0.0112 0.9148
transfer_white
0 8.00000 4.20952 -10.16267 -0.38391 0.29681 -0.87437 0.0329 0.9206
0 14.00000 5.16623 -12.47237 -0.38391 0.29681 -0.87437 0.0404 0.9026
0 14.00000 3.49406 -13.04000 -0.38391 0.29681 -0.87437 0.0273 0.8981
transfer_white
0 8.00000 4.20952 -10.16267 -0.38391 0.29681 -0.87437 0.0329 0.9206
0 14.00000 3.49406 -13.04000 -0.38391 0.29681 -0.87437 0.0273 0.8981
0 8.00000 2.84701 -10.62518 -0.38391 0.29681 -0.87437 0.0222 0.9170
transfer_white
0 8.00000 5.50000 -9.52628 -0.38391 0.40840 -0.82814 0.0430 0.9256
0 14.00000 6.75000 -11.69134 -0.38391 0.40840 -0.82814 0.0527 0.9087
0 14.00000 5.16623 -12.47237 -0.38391 0.40840 -0.82814 0.0404 0.9026
transfer_white
0 8.00000 5.50000 -9.52628 -0.38391 0.40840 -0.82814 0.0430 0.9256
0 14.00000 5.16623 -12.47237 -0.38391 0.40840 -0.82814 0.0404 0.9026
0 8.00000 4.20952 -10.16267 -0.38391 0.40840 -0.82814 0.0329 0.9206
transfer_white
0 8.00000 6.69638 -8.72689 -0.38391 0.51300 -0.76775 0.0523 0.9318
0 14.00000 8.21828 -10.71027 -0.38391 0.51300 -0.76775 0.0642 0.9163
0 14.00000 6.75000 -11.69134 -0.38391 0.51300 -0.76775 0.0527 0.9087
transfer_white
0 8.00000 6.69638 -8.72689 -0.38391 0.51300 -0.76775 0.0523 0.9318
0 14.00000 6.75000 -11.69134 -0.38391 0.51300 -0.76775 0.0527 0.9087
0 8.00000 5.50000 -9.52628 -0.38391 0.51300 -0.76775 0.0430 0.9256
transfer_white
0 8.00000 7.77817 -7.77817 -0.38391 0.60882 -0.69423 0.0608 0.9392
0 14.00000 9.54594 -9.54594 -0.38391 0.60882 -0.69423 0.0746 0.9254
0 14.00000 8.21828 -10.71027 -0.38391 0.60882 -0.69423 0.0642 0.9163
transfer_white
0 8.00000 7.77817 -7.77817 -0.38391 0.60882 -0.69423 0.0608 0.9392
0 14.00000 8.21828 -10.71027 -0.38391 0.60882 -0.69423 0.0642 0.9163
0 8.00000 6.69638 -8.72689 -0.38391 0.60882 -0.69423 0.0523 0.9318
transfer_white
0 8.00000 8.72689 -6.69638 -0.38391 0.69423 -0.60882 0.0682 0.9477
0 14.00000 10.71027 -8.21828 -0.38391 0.69423 -0.60882 0.0837 0.9358
0 14.00000 9.54594 -9.54594 -0.38391 0.69423 -0.60882 0.0746 0.9254
transfer_white
0 8.00000 8.72689 -6.69638 -0.38391 0.69423 -0.60882 0.0682 0.9477
0 14.00000 9.54594 -9.54594 -0.38391 0.69423 -0.60882 0.0746 0.9254
0 8.00000 7.77817 -7.77817 -0.38391 0.69423 -0.60882 0.0608 0.9392
transfer_white
0 8.00000 9.52628 -5.50000 -0.38391 0.76775 -0.51300 0.0744 0.9570
0 14.00000 11.69134 -6.75000 -0.38391 0.76775 -0.51300 0.0913 0.9473
0 14.00000 10.71027 -8.21828 -0.38391 0.76775 -0.51300 0.0837 0.9358
transfer_white
0 8.00000 9.52628 -5.50000 -0.38391 0.76775 -0.51300 0.0744 0.9570
0 14.00000 10.71027 -8.21828 -0.38391 0.76775 -0.51300 0.0837 0.9358
0 8.00000 8.72689 -6.69638 -0.38391 0.76775 -0.51300 0.0682 0.9477
transfer_white
0 8.00000 10.16267 -4.20952 -0.38391 0.82814 -0.40840 0.0794 0.9671
0 14.00000 12.47237 -5.16623 -0.38391 0.82814 -0.40840 0.0974 0.9596
0 14.00000 11.69134 -6.75000 -0.38391 0.82814 -0.40840 0.0913 0.9473
transfer_white
0 8.00000 10.16267 -4.20952 -0.38391 0.82814 -0.40840 0.0794 0.9671
0 14.00000 11.69134 -6.75000 -0.38391 0.82814 -0.40840 0.0913 0.9473
0 8.00000 9.52628 -5.50000 -0.38391 0.82814 -0.40840 0.0744 0.9570
transfer_white
0 8.00000 10.62518 -2.84701 -0.38391 0.87437 -0.29681 0.0830 0.9778
0 14.00000 13.04000 -3.49406 -0.38391 0.87437 -0.29681 0.1019 0.9727
0 14.00000 12.47237 -5.16623 -0.38391 0.87437 -0.29681 0.0974 0.9596
transfer_white
0 8.00000 10.62518 -2.84701 -0.38391 0.87437 -0.29681 0.0830 0.9778
0 14.00000 12.47237 -5.16623 -0.38391 0.87437 -0.29681 0.0974 0.9596
0 8.00000 10.16267 -4.20952 -0.38391 0.87437 -0.29681 0.0794 0.9671
transfer_white
0 8.00000 10.90589 -1.43579 -0.38391 0.90563 -0.18014 0.0852 0.9888
0 14.00000 13.38451 -1.76210 -0.38391 0.90563 -0.18014 0.1046 0.9862
0 14.00000 13.04000 -3.49406 -0.38391 0.90563 -0.18014 0.1019 0.9727
transfer_white
0 8.00000 10.90589 -1.43579 -0.38391 0.90563 -0.18014 0.0852 0.9888
0 14.00000 13.04000 -3.49406 -0.38391 0.90563 -0.18014 0.1019 0.9727
0 8.00000 10.62518 -2.84701 -0.38391 0.90563 -0.18014 0.0830 0.9778
transfer_white
0 8.00000 11.00000 -0.00000 -0.38391 0.92139 -0.06039 0.0859 1.0000
0 14.00000 13.50000 -0.00000 -0.38391 0.92139 -0.06039 0.1055 1.0000
0 14.00000 13.38451 -1.76210 -0.38391 0.92139 -0.06039 0.1046 0.9862
transfer_white
0 8.00000 11.00000 -0.00000 -0.38391 0.92139 -0.06039 0.0859 1.0000
0 14.00000 13.38451 -1.76210 -0.38391 0.92139 -0.06039 0.1046 0.9862
0 8.00000 10.90589 -1.43579 -0.38391 0.92139 -0.06039 0.0852 0.9888
transfer_white
0 14.00000 13.38451 1.76210 -0.00000 0.99786 0.06540 0.1046 0.0138
0 30.00000 13.38451 1.76210 -0.00000 0.99786 0.06540 0.1046 0.0138
0 30.00000 13.50000 0.00000 -0.00000 0.99786 0.06540 0.1055 0.0000
transfer_white
0 14.00000 13.38451 1.76210 -0.00000 0.99786 0.06540 0.1046 0.0138
0 30.00000 13.50000 0.00000 -0.00000 0.99786 0.06540 0.1055 0.0000
0 14.00000 13.50000 0.00000 -0.00000 0.99786 0.06540 0.1055 0.0000
transfer_white
0 14.00000 13.04000 3.49406 -0.00000 0.98079 0.19509 0.1019 0.0273
0 30.00000 13.04000 3.49406 -0.00000 0.98079 0.19509 0.1019 0.0273
0 30.00000 13.38451 1.76210 -0.00000 0.98079 0.19509 0.1046 0.0138
transfer_white
0 14.00000 13.04000 3.49406 -0.00000 0.98079 0.19509 0.1019 0.0273
0 30.00000 13.38451 1.76210 -0.00000 0.98079 0.19509 0.1046 0.0138
0 14.00000 13.38451 1.76210 -0.00000 0.98079 0.19509 0.1046 0.0138
transfer_white
0 14.00000 12.47237 5.16623 -0.00000 0.94693 0.32144 0.0974 0.0404
0 30.00000 12.47237 5.16623 -0.00000 0.94693 0.32144 0.0974 0.0404
0 30.00000 13.04000 3.49406 -0.00000 0.94693 0.32144 0.1019 0.0273
transfer_white
0 14.00000 12.47237 5.16623 -0.00000 0.94693 0.32144 0.0974 0.0404
0 30.00000 13.04000 3.49406 -0.00000 0.94693 0.32144 0.1019 0.0273
0 14.00000 13.04000 3.49406 -0.00000 0.94693 0.32144 0.1019 0.0273
transfer_white
0 14.00000 11.69134 6.75000 -0.00000 0.89687 0.44229 0.0913 0.0527
0 30.00000 11.69134 6.75000 -0.00000 0.89687 0.44229 0.0913 0.0527
0 30.00000 12.47237 5.16623 -0.00000 0.89687 0.44229 0.0974 0.0404
transfer_white
0 14.00000 11.69134 6.75000 -0.00000 0.89687 0.44229 0.0913 0.0527
0 30.00000 12.47237 5.16623 -0.00000 0.89687 0.44229 0.0974 0.0404
0 14.00000 12.47237 5.16623 -0.00000 0.89687 0.44229 0.0974 0.0404
transfer_white
0 14.00000 10.71027 8.21828 -0.00000 0.83147 0.55557 0.0837 0.0642
0 30.00000 10.71027 8.21828 -0.00000 0.83147 0.55557 0.0837 0.0642
0 30.00000 11.69134 6.75000 -0.00000 0.83147 0.55557 0.0913 0.0527
transfer_white
0 14.00000 10.71027 8.21828 -0.00000 0.83147 0.55557 0.0837 0.0642
0 30.00000 11.69134 6.75000 -0.00000 0.83147 0.55557 0.0913 0.0527
0 14.00000 11.69134 6.75000 -0.00000 0.83147 0.55557 0.0913 0.0527
transfer_white
0 14.00000 9.54594 9.54594 -0.00000 0.75184 0.65935 0.0746 0.0746
0 30.00000 9.54594 9.54594 -0.00000 0.75184 0.65935 0.0746 0.0746
0 30.00000 10.71027 8.21828 -0.00000 0.75184 0.65935 0.0837 0.0642
transfer_white
0 14.00000 9.54594 9.54594 -0.00000 0.75184 0.65935 0.0746 0.0746
0 30.00000 10.71027 8.21828 -0.00000 0.75184 0.65935 0.0837 0.0642
0 14.00000 10.71027 8.21828 -0.00000 0.75184 0.65935 0.0837 0.0642
transfer_white
0 14.00000 8.21828 10.71027 -0.00000 0.65935 0.75184 0.0642 0.0837
0 30.00000 8.21828 10.71027 -0.00000 0.65935 0.75184 0.0642 0.0837
0 30.00000 9.54594 9.54594 -0.00000 0.65935 0.75184 0.0746 0.0746
transfer_white
0 14.00000 8.21828 10.71027 -0.00000 0.65935 0.75184 0.0642 0.0837
0 30.00000 9.54594 9.54594 -0.00000 0.65935 0.75184 0.0746 0.0746
0 14.00000 9.54594 9.54594 -0.00000 0.65935 0.75184 0.0746 0.0746
transfer_white
0 14.00000 6.75000 11.69134 -0.00000 0.55557 0.83147 0.0527 0.0913
0 30.00000 6.75000 11.69134 -0.00000 0.55557 0.83147 0.0527 0.0913
0 30.00000 8.21828 10.71027 -0.00000 0.55557 0.83147 0.0642 0.0837
transfer_white
0 14.00000 6.75000 11.69134 -0.00000 0.55557 0.83147 0.0527 0.0913
0 30.00000 8.21828 10.71027 -0.00000 0.55557 0.83147 0.0642 0.0837
0 14.00000 8.21828 10.71027 -0.00000 0.55557 0.83147 0.0642 0.0837
transfer_white
0 14.00000 5.16623 12.47237 -0.00000 0.44229 0.89687 0.0404 0.0974
0 30.00000 5.16623 12.47237 -0.00000 0.44229 0.89687 0.0404 0.0974
0 30.00000 6.75000 11.69134 -0.00000 0.44229 0.89687 0.0527 0.0913
transfer_white
0 14.00000 5.16623 12.47237 -0.00000 0.44229 0.89687 0.0404 0.0974
0 30.00000 6.75000 11.69134 -0.00000 0.44229 0.89687 0.0527 0.0913
0 14.00000 6.75000 11.69134 -0.00000 0.44229 0.89687 0.0527 0.0913
transfer_white
0 14.00000 3.49406 13.04000 -0.00000 0.32144 0.94693 0.0273 0.1019
0 30.00000 3.49406 13.04000 -0.00000 0.32144 0.94693 0.0273 0.1019
0 30.00000 5.16623 12.47237 -0.00000 0.32144 0.94693 0.0404 0.0974
transfer_white
0 14.00000 3.49406 13.04000 -0.00000 0.32144 0.94693 0.0273 0.1019
0 30.00000 5.16623 12.47237 -0.00000 0.32144 0.94693 0.0404 0.0974
0 14.00000 5.16623 12.47237 -0.00000 0.32144 0.94693 0.0404 0.0974
transfer_white
0 14.00000 1.76210 13.38451 -0.00000 0.19509 0.98079 0.0138 0.1046
0 30.00000 1.76210 13.38451 -0.00000 0.19509 0.98079 0.0138 0.1046
0 30.00000 3.49406 13.04000 -0.00000 0.19509 0.98079 0.0273 0.1019
transfer_white
0 14.00000 1.76210 13.38451 -0.00000 0.19509 0.98079 0.0138 0.1046
0 30.00000 3.49406 13.04000 -0.00000 0.19509 0.98079 0.0273 0.1019
0 14.00000 3.49406 13.04000 -0.00000 0.19509 0.98079 0.0273 0.1019
transfer_white
0 14.00000 0.00000 13.50000 -0.00000 0.06540 0.99786 0.0000 0.1055
0 30.00000 0.00000 13.50000 -0.00000 0.06540 0.99786 0.0000 0.1055
0 30.00000 1.76210 13.38451 -0.00000 0.06540 0.99786 0.0138 0.1046
transfer_white
0 14.00000 0.00000 13.50000 -0.00000 0.06540 0.99786 0.0000 0.1055
0 30.00000 1.76210 13.38451 -0.00000 0.06540 0.99786 0.0138 0.1046
0 14.00000 1.76210 13.38451 -0.00000 0.06540 0.99786 0.0138 0.1046
transfer_white
0 14.00000 -1.76210 13.38451 0.00000 -0.06540 0.99786 0.9862 0.1046
0 30.00000 -1.76210 13.38451 0.00000 -0.06540 0.99786 0.9862 0.1046
0 30.00000 0.00000 13.50000 0.00000 -0.06540 0.99786 0.0000 0.1055
transfer_white
0 14.00000 -1.76210 13.38451 0.00000 -0.06540 0.99786 0.9862 0.1046
0 30.00000 0.00000 13.50000 0.00000 -0.06540 0.99786 0.0000 0.1055
0 14.00000 0.00000 13.50000 0.00000 -0.06540 0.99786 0.0000 0.1055
transfer_white
0 14.00000 -3.49406 13.04000 0.00000 -0.19509 0.98079 0.9727 0.1019
0 30.00000 -3.49406 13.04000 0.00000 -0.19509 0.98079 0.9727 0.1019
0 30.00000 -1.76210 13.38451 0.00000 -0.19509 0.98079 0.9862 0.1046
transfer_white
0 14.00000 -3.49406 13.04000 0.00000 -0.19509 0.98079 0.9727 0.1019
0 30.00000 -1.76210 13.38451 0.00000 -0.19509 0.98079 0.9862 0.1046
0 14.00000 -1.76210 13.38451 0.00000 -0.19509 0.98079 0.9862 0.1046
transfer_white
0 14.00000 -5.16623 12.47237 0.00000 -0.32144 0.94693 0.9596 0.0974
0 30.00000 -5.16623 12.47237 0.00000 -0.32144 0.94693 0.9596 0.0974
0 30.00000 -3.49406 13.04000 0.00000 -0.32144 0.94693 0.9727 0.1019
transfer_white
0 14.00000 -5.16623 12.47237 0.00000 -0.32144 0.94693 0.9596 0.0974
0 30.00000 -3.49406 13.04000 0.00000 -0.32144 0.94693 0.9727 0.1019
0 14.00000 -3.49406 13.04000 0.00000 -0.32144 0.94693 0.9727 0.1019
transfer_white
0 14.00000 -6.75000 11.69134 0.00000 -0.44229 0.89687 0.9473 0.0913
0 30.00000 -6.75000 11.69134 0.00000 -0.44229 0.89687 0.9473 0.0913
0 30.00000 -5.16623 12.47237 0.00000 -0.44229 0.89687 0.9596 0.0974
transfer_white
0 14.00000 -6.75000 11.69134 0.00000 -0.44229 0.89687 0.9473 0.0913
0 30.00000 -5.16623 12.47237 0.00000 -0.44229 0.89687 0.9596 0.0974
0 14.00000 -5.16623 12.47237 0.00000 -0.44229 0.89687 0.9596 0.0974
transfer_white
0 14.00000 -8.21828 10.71027 0.00000 -0.55557 0.83147 0.9358 0.0837
0 30.00000 -8.21828 10.71027 0.00000 -0.55557 0.83147 0.9358 0.0837
0 30.00000 -6.75000 11.69134 0.00000 -0.55557 0.83147 0.9473 0.0913
transfer_white
0 14.00000 -8.21828 10.71027 0.00000 -0.55557 0.83147 0.9358 0.0837
0 30.00000 -6.75000 11.69134 0.00000 -0.55557 0.83147 0.9473 0.0913
0 14.00000 -6.75000 11.69134 0.00000 -0.55557 0.83147 0.9473 0.0913
transfer_white
0 14.00000 -9.54594 9.54594 0.00000 -0.65935 0.75184 0.9254 0.0746
0 30.00000 -9.54594 9.54594 0.00000 -0.65935 0.75184 0.9254 0.0746
0 30.00000 -8.21828 10.71027 0.00000 -0.65935 0.75184 0.9358 0.0837
transfer_white
0 14.00000 -9.54594 9.54594 0.00000 -0.65935 0.75184 0.9254 0.0746
0 30.00000 -8.21828 10.71027 0.00000 -0.65935 0.75184 0.9358 0.0837
0 14.00000 -8.21828 10.71027 0.00000 -0.65935 0.75184 0.9358 0.0837
transfer_white
0 14.00000 -10.71027 8.21828 0.00000 -0.75184 0.65935 0.9163 0.0642
0 30.00000 -10.71027 8.21828 0.00000 -0.75184 0.65935 0.9163 0.0642
0 30.00000 -9.54594 9.54594 0.00000 -0.75184 0.65935 0.9254 0.0746
transfer_white
0 14.00000 -10.71027 8.21828 0.00000 -0.75184 0.65935 0.9163 0.0642
0 30.00000 -9.54594 9.54594 0.00000 -0.75184 0.65935 0.9254 0.0746
0 14.00000 -9.54594 9.54594 0.00000 -0.75184 0.65935 0.9254 0.0746
transfer_white
0 14.00000 -11.69134 6.75000 0.00000 -0.83147 0.55557 0.9087 0.0527
0 30.00000 -11.69134 6.75000 0.00000 -0.83147 0.55557 0.9087 0.0527
0 30.00000 -10.71027 8.21828 0.00000 -0.83147 0.55557 0.9163 0.0642
transfer_white
0 14.00000 -11.69134 6.75000 0.00000 -0.83147 0.55557 0.9087 0.0527
0 30.00000 -10.71027 8.21828 0.00000 -0.83147 0.55557 0.9163 0.0642
0 14.00000 -10.71027 8.21828 0.00000 -0.83147 0.55557 0.9163 0.0642
transfer_white
0 14.00000 -12.47237 5.16623 0.00000 -0.89687 0.44229 0.9026 0.0404
0 30.00000 -12.47237 5.16623 0.00000 -0.89687 0.44229 0.9026 0.0404
0 30.00000 -11.69134 6.75000 0.00000 -0.89687 0.44229 0.9087 0.0527
transfer_white
0 14.00000 -12.47237 5.16623 0.00000 -0.89687 0.44229 0.9026 0.0404
0 30.00000 -11.69134 6.75000 0.00000 -0.89687 0.44229 0.9087 0.0527
0 14.00000 -11.69134 6.75000 0.00000 -0.89687 0.44229 0.9087 0.0527
transfer_white
0 14.00000 -13.04000 3.49406 0.00000 -0.94693 0.32144 0.8981 0.0273
0 30.00000 -13.04000 3.49406 0.00000 -0.94693 0.32144 0.8981 0.0273
0 30.00000 -12.47237 5.16623 0.00000 -0.94693 0.32144 0.9026 0.0404
transfer_white
0 14.00000 -13.04000 3.49406 0.00000 -0.94693 0.32144 0.8981 0.0273
0 30.00000 -12.47237 5.16623 0.00000 -0.94693 0.32144 0.9026 0.0404
0 14.00000 -12.47237 5.16623 0.00000 -0.94693 0.32144 0.9026 0.0404
transfer_white
0 14.00000 -13.38451 1.76210 0.00000 -0.98079 0.19509 0.8954 0.0138
0 30.00000 -13.38451 1.76210 0.00000 -0.98079 0.19509 0.8954 0.0138
0 30.00000 -13.04000 3.49406 0.00000 -0.98079 0.19509 0.8981 0.0273
transfer_white
0 14.00000 -13.38451 1.76210 0.00000 -0.98079 0.19509 0.8954 0.0138
0 30.00000 -13.04000 3.49406 0.00000 -0.98079 0.19509 0.8981 0.0273
0 14.00000 -13.04000 3.49406 0.00000 -0.98079 0.19509 0.8981 0.0273
transfer_white
0 14.00000 -13.50000 0.00000 0.00000 -0.99786 0.06540 0.8945 0.0000
0 30.00000 -13.50000 0.00000 0.00000 -0.99786 0.06540 0.8945 0.0000
0 30.00000 -13.38451 1.76210 0.00000 -0.99786 0.06540 0.8954 0.0138
transfer_white
0 14.00000 -13.50000 0.00000 0.00000 -0.99786 0.06540 0.8945 0.0000
0 30.00000 -13.38451 1.76210 0.00000 -0.99786 0.06540 0.8954 0.0138
0 14.00000 -13.38451 1.76210 0.00000 -0.99786 0.06540 0.8954 0.0138
transfer_white
0 14.00000 -13.38451 -1.76210 0.00000 -0.99786 -0.06540 0.8954 0.9862
0 30.00000 -13.38451 -1.76210 0.00000 -0.99786 -0.06540 0.8954 0.9862
0 30.00000 -13.50000 0.00000 0.00000 -0.99786 -0.06540 0.8945 0.0000
transfer_white
0 14.00000 -13.38451 -1.76210 0.00000 -0.99786 -0.06540 0.8954 0.9862
0 30.00000 -13.50000 0.00000 0.00000 -0.99786 -0.06540 0.8945 0.0000
0 14.00000 -13.50000 0.00000 0.00000 -0.99786 -0.06540 0.8945 0.0000
transfer_white
0 14.00000 -13.04000 -3.49406 0.00000 -0.98079 -0.19509 0.8981 0.9727
0 30.00000 -13.04000 -3.49406 0.00000 -0.98079 -0.19509 0.8981 0.9727
0 30.00000 -13.38451 -1.76210 0.00000 -0.98079 -0.19509 0.8954 0.9862
transfer_white
0 14.00000 -13.04000 -3.49406 0.00000 -0.98079 -0.19509 0.8981 0.9727
0 30.00000 -13.38451 -1.76210 0.00000 -0.98079 -0.19509 0.8954 0.9862
0 14.00000 -13.38451 -1.76210 0.00000 -0.98079 -0.19509 0.8954 0.9862
transfer_white
0 14.00000 -12.47237 -5.16623 0.00000 -0.94693 -0.32144 0.9026 0.9596
0 30.00000 -12.47237 -5.16623 0.00000 -0.94693 -0.32144 0.9026 0.9596
0 30.00000 -13.04000 -3.49406 0.00000 -0.94693 -0.32144 0.8981 0.9727
transfer_white
0 14.00000 -12.47237 -5.16623 0.00000 -0.94693 -0.32144 0.9026 0.9596
0 30.00000 -13.04000 -3.49406 0.00000 -0.94693 -0.32144 0.8981 0.9727
0 14.00000 -13.04000 -3.49406 0.00000 -0.94693 -0.32144 0.8981 0.9727
transfer_white
0 14.00000 -11.69134 -6.75000 0.00000 -0.89687 -0.44229 0.9087 0.9473
0 30.00000 -11.69134 -6.75000 0.00000 -0.89687 -0.44229 0.9087 0.9473
0 30.00000 -12.47237 -5.16623 0.00000 -0.89687 -0.44229 0.9026 0.9596
transfer_white
0 14.00000 -11.69134 -6.75000 0.00000 -0.89687 -0.44229 0.9087 0.9473
0 30.00000 -12.47237 -5.16623 0.00000 -0.89687 -0.44229 0.9026 0.9596
0 14.00000 -12.47237 -5.16623 0.00000 -0.89687 -0.44229 0.9026 0.9596
transfer_white
0 14.00000 -10.71027 -8.21828 0.00000 -0.83147 -0.55557 0.9163 0.9358
0 30.00000 -10.71027 -8.21828 0.00000 -0.83147 -0.55557 0.9163 0.9358
0 30.00000 -11.69134 -6.75000 0.00000 -0.83147 -0.55557 0.9087 0.9473
transfer_white
0 14.00000 -10.71027 -8.21828 0.00000 -0.83147 -0.55557 0.9163 0.9358
0 30.00000 -11.69134 -6.75000 0.00000 -0.83147 -0.55557 0.9087 0.9473
0 14.00000 -11.69134 -6.75000 0.00000 -0.83147 -0.55557 0.9087 0.9473
transfer_white
0 14.00000 -9.54594 -9.54594 0.00000 -0.75184 -0.65935 0.9254 0.9254
0 30.00000 -9.54594 -9.54594 0.00000 -0.75184 -0.65935 0.9254 0.9254
0 30.00000 -10.71027 -8.21828 0.00000 -0.75184 -0.65935 0.9163 0.9358
transfer_white
0 14.00000 -9.54594 -9.54594 0.00000 -0.75184 -0.65935 0.9254 0.9254
0 30.00000 -10.71027 -8.21828 0.00000 -0.75184 -0.65935 0.9163 0.9358
0 14.00000 -10.71027 -8.21828 0.00000 -0.75184 -0.65935 0.9163 0.9358
transfer_white
0 14.00000 -8.21828 -10.71027 0.00000 -0.65935 -0.75184 0.9358 0.9163
0 30.00000 -8.21828 -10.71027 0.00000 -0.65935 -0.75184 0.9358 0.9163
0 30.00000 -9.54594 -9.54594 0.00000 -0.65935 -0.75184 0.9254 0.9254
transfer_white
0 14.00000 -8.21828 -10.71027 0.00000 -0.65935 -0.75184 0.9358 0.9163
0 30.00000 -9.54594 -9.54594 0.00000 -0.65935 -0.75184 0.9254 0.9254
0 14.00000 -9.54594 -9.54594 0.00000 -0.65935 -0.75184 0.9254 0.9254
transfer_white
0 14.00000 -6.75000 -11.69134 0.00000 -0.55557 -0.83147 0.9473 0.9087
0 30.00000 -6.75000 -11.69134 0.00000 -0.55557 -0.83147 0.9473 0.9087
0 30.00000 -8.21828 -10.71027 0.00000 -0.55557 -0.83147 0.9358 0.9163
transfer_white
0 14.00000 -6.75000 -11.69134 0.00000 -0.55557 -0.83147 0.9473 0.9087
0 30.00000 -8.21828 -10.71027 0.00000 -0.55557 -0.83147 0.9358 0.9163
0 14.00000 -8.21828 -10.71027 0.00000 -0.55557 -0.83147 0.9358 0.9163
transfer_white
0 14.00000 -5.16623 -12.47237 0.00000 -0.44229 -0.89687 0.9596 0.9026
0 30.00000 -5.16623 -12.47237 0.00000 -0.44229 -0.89687 0.9596 0.9026
0 30.00000 -6.75000 -11.69134 0.00000 -0.44229 -0.89687 0.9473 0.9087
transfer_white
0 14.00000 -5.16623 -12.47237 0.00000 -0.44229 -0.89687 0.9596 0.9026
0 30.00000 -6.75000 -11.69134 0.00000 -0.44229 -0.89687 0.9473 0.9087
0 14.00000 -6.75000 -11.69134 0.00000 -0.44229 -0.89687 0.9473 0.9087
transfer_white
0 14.00000 -3.49406 -13.04000 0.00000 -0.32144 -0.94693 0.9727 0.8981
0 30.00000 -3.49406 -13.04000 0.00000 -0.32144 -0.94693 0.9727 0.8981
0 30.00000 -5.16623 -12.47237 0.00000 -0.32144 -0.94693 0.9596 0.9026
transfer_white
0 14.00000 -3.49406 -13.04000 0.00000 -0.32144 -0.94693 0.9727 0.8981
0 30.00000 -5.16623 -12.47237 0.00000 -0.32144 -0.94693 0.9596 0.9026
0 14.00000 -5.16623 -12.47237 0.00000 -0.32144 -0.94693 0.9596 0.9026
transfer_white
0 14.00000 -1.76210 -13.38451 0.00000 -0.19509 -0.98079 0.9862 0.8954
0 30.00000 -1.76210 -13.38451 0.00000 -0.19509 -0.98079 0.9862 0.8954
0 30.00000 -3.49406 -13.04000 0.00000 -0.19509 -0.98079 0.9727 0.8981
transfer_white
0 14.00000 -1.76210 -13.38451 0.00000 -0.19509 -0.98079 0.9862 0.8954
0 30.00000 -3.49406 -13.04000 0.00000 -0.19509 -0.98079 0.9727 0.8981
0 14.00000 -3.49406 -13.04000 0.00000 -0.19509 -0.98079 0.9727 0.8981
transfer_white
0 14.00000 -0.00000 -13.50000 0.00000 -0.06540 -0.99786 1.0000 0.8945
0 30.00000 -0.00000 -13.50000 0.00000 -0.06540 -0.99786 1.0000 0.8945
0 30.00000 -1.76210 -13.38451 0.00000 -0.06540 -0.99786 0.9862 0.8954
transfer_white
0 14.00000 -0.00000 -13.50000 0.00000 -0.06540 -0.99786 1.0000 0.8945
0 30.00000 -1.76210 -13.38451 0.00000 -0.06540 -0.99786 0.9862 0.8954
0 14.00000 -1.76210 -13.38451 0.00000 -0.06540 -0.99786 0.9862 0.8954
transfer_white
0 14.00000 1.76210 -13.38451 0.00000 0.06540 -0.99786 0.0138 0.8954
0 30.00000 1.76210 -13.38451 0.00000 0.06540 -0.99786 0.0138 0.8954
0 30.00000 -0.00000 -13.50000 0.00000 0.06540 -0.99786 1.0000 0.8945
transfer_white
0 14.00000 1.76210 -13.38451 0.00000 0.06540 -0.99786 0.0138 0.8954
0 30.00000 -0.00000 -13.50000 0.00000 0.06540 -0.99786 1.0000 0.8945
0 14.00000 -0.00000 -13.50000 0.00000 0.06540 -0.99786 1.0000 0.8945
transfer_white
0 14.00000 3.49406 -13.04000 0.00000 0.19509 -0.98079 0.0273 0.8981
0 30.00000 3.49406 -13.04000 0.00000 0.19509 -0.98079 0.0273 0.8981
0 30.00000 1.76210 -13.38451 0.00000 0.19509 -0.98079 0.0138 0.8954
transfer_white
0 14.00000 3.49406 -13.04000 0.00000 0.19509 -0.98079 0.0273 0.8981
0 30.00000 1.76210 -13.38451 0.00000 0.19509 -0.98079 0.0138 0.8954
0 14.00000 1.76210 -13.38451 0.00000 0.19509 -0.98079 0.0138 0.8954
transfer_white
0 14.00000 5.16623 -12.47237 0.00000 0.32144 -0.94693 0.0404 0.9026
0 30.00000 5.16623 -12.47237 0.00000 0.32144 -0.94693 0.0404 0.9026
0 30.00000 3.49406 -13.04000 0.00000 0.32144 -0.94693 0.0273 0.8981
transfer_white
0 14.00000 5.16623 -12.47237 0.00000 0.32144 -0.94693 0.0404 0.9026
0 30.00000 3.49406 -13.04000 0.00000 0.32144 -0.94693 0.0273 0.8981
0 14.00000 3.49406 -13.04000 0.00000 0.32144 -0.94693 0.0273 0.8981
transfer_white
0 14.00000 6.75000 -11.69134 0.00000 0.44229 -0.89687 0.0527 0.9087
0 30.00000 6.75000 -11.69134 0.00000 0.44229 -0.89687 0.0527 0.9087
0 30.00000 5.16623 -12.47237 0.00000 0.44229 -0.89687 0.0404 0.9026
transfer_white
0 14.00000 6.75000 -11.69134 0.00000 0.44229 -0.89687 0.0527 0.9087
0 30.00000 5.16623 -12.47237 0.00000 0.44229 -0.89687 0.0404 0.9026
0 14.00000 5.16623 -12.47237 0.00000 0.44229 -0.89687 0.0404 0.9026
transfer_white
0 14.00000 8.21828 -10.71027 0.00000 0.55557 -0.83147 0.0642 0.9163
0 30.00000 8.21828 -10.71027 0.00000 0.55557 -0.83147 0.0642 0.9163
0 30.00000 6.75000 -11.69134 0.00000 0.55557 -0.83147 0.0527 0.9087
transfer_white
0 14.00000 8.21828 -10.71027 0.00000 0.55557 -0.83147 0.0642 0.9163
0 30.00000 6.75000 -11.69134 0.00000 0.55557 -0.83147 0.0527 0.9087
0 14.00000 6.75000 -11.69134 0.00000 0.55557 -0.83147 0.0527 0.9087
transfer_white
0 14.00000 9.54594 -9.54594 0.00000 0.65935 -0.75184 0.0746 0.9254
0 30.00000 9.54594 -9.54594 0.00000 0.65935 -0.75184 0.0746 0.9254
0 30.00000 8.21828 -10.71027 0.00000 0.65935 -0.75184 0.0642 0.9163
transfer_white
0 14.00000 9.54594 -9.54594 0.00000 0.65935 -0.75184 0.0746 0.9254
0 30.00000 8.21828 -10.71027 0.00000 0.65935 -0.75184 0.0642 0.9163
0 14.00000 8.21828 -10.71027 0.00000 0.65935 -0.75184 0.0642 0.9163
transfer_white
0 14.00000 10.71027 -8.21828 0.00000 0.75184 -0.65935 0.0837 0.9358
0 30.00000 10.71027 -8.21828 0.00000 0.75184 -0.65935 0.0837 0.9358
0 30.00000 9.54594 -9.54594 0.00000 0.75184 -0.65935 0.0746 0.9254
transfer_white
0 14.00000 10.71027 -8.21828 0.00000 0.75184 -0.65935 0.0837 0.9358
0 30.00000 9.54594 -9.54594 0.00000 0.75184 -0.65935 0.0746 0.9254
0 14.00000 9.54594 -9.54594 0.00000 0.75184 -0.65935 0.0746 0.9254
transfer_white
0 14.00000 11.69134 -6.75000 0.00000 0.83147 -0.55557 0.0913 0.9473
0 30.00000 11.69134 -6.75000 0.00000 0.83147 -0.55557 0.0913 0.9473
0 30.00000 10.71027 -8.21828 0.00000 0.83147 -0.55557 0.0837 0.9358
transfer_white
0 14.00000 11.69134 -6.75000 0.00000 0.83147 -0.55557 0.0913 0.9473
0 30.00000 10.71027 -8.21828 0.00000 0.83147 -0.55557 0.0837 0.9358
0 14.00000 10.71027 -8.21828 0.00000 0.83147 -0.55557 0.0837 0.9358
transfer_white
0 14.00000 12.47237 -5.16623 0.00000 0.89687 -0.44229 0.0974 0.9596
0 30.00000 12.47237 -5.16623 0.00000 0.89687 -0.44229 0.0974 0.9596
0 30.00000 11.69134 -6.75000 0.00000 0.89687 -0.44229 0.0913 0.9473
transfer_white
0 14.00000 12.47237 -5.16623 0.00000 0.89687 -0.44229 0.0974 0.9596
0 30.00000 11.69134 -6.75000 0.00000 0.89687 -0.44229 0.0913 0.9473
0 14.00000 11.69134 -6.75000 0.00000 0.89687 -0.44229 0.0913 0.9473
transfer_white
0 14.00000 13.04000 -3.49406 0.00000 0.94693 -0.32144 0.1019 0.9727
0 30.00000 13.04000 -3.49406 0.00000 0.94693 -0.32144 0.1019 0.9727
0 30.00000 12.47237 -5.16623 0.00000 0.94693 -0.32144 0.0974 0.9596
transfer_white
0 14.00000 13.04000 -3.49406 0.00000 0.94693 -0.32144 0.1019 0.9727
0 30.00000 12.47237 -5.16623 0.00000 0.94693 -0.32144 0.0974 0.9596
0 14.00000 12.47237 -5.16623 0.00000 0.94693 -0.32144 0.0974 0.9596
transfer_white
0 14.00000 13.38451 -1.76210 0.00000 0.98079 -0.19509 0.1046 0.9862
0 30.00000 13.38451 -1.76210 0.00000 0.98079 -0.19509 0.1046 0.9862
0 30.00000 13.04000 -3.49406 0.00000 0.98079 -0.19509 0.1019 0.9727
transfer_white
0 14.00000 13.38451 -1.76210 0.00000 0.98079 -0.19509 0.1046 0.9862
0 30.00000 13.04000 -3.49406 0.00000 0.98079 -0.19509 0.1019 0.9727
0 14.00000 13.04000 -3.49406 0.00000 0.98079 -0.19509 0.1019 0.9727
transfer_white
0 14.00000 13.50000 -0.00000 0.00000 0.99786 -0.06540 0.1055 1.0000
0 30.00000 13.50000 -0.00000 0.00000 0.99786 -0.06540 0.1055 1.0000
0 30.00000 13.38451 -1.76210 0.00000 0.99786 -0.06540 0.1046 0.9862
transfer_white
0 14.00000 13.50000 -0.00000 0.00000 0.99786 -0.06540 0.1055 1.0000
0 30.00000 13.38451 -1.76210 0.00000 0.99786 -0.06540 0.1046 0.9862
0 14.00000 13.38451 -1.76210 0.00000 0.99786 -0.06540 0.1046 0.9862
transfer_white
0 30.00000 13.38451 1.76210 0.38391 0.92139 0.06039 0.1046 0.0138
0 36.00000 10.90589 1.43579 0.38391 0.92139 0.06039 0.0852 0.0112
0 36.00000 11.00000 0.00000 0.38391 0.92139 0.06039 0.0859 0.0000
transfer_white
0 30.00000 13.38451 1.76210 0.38391 0.92139 0.06039 0.1046 0.0138
0 36.00000 11.00000 0.00000 0.38391 0.92139 0.06039 0.0859 0.0000
0 30.00000 13.50000 0.00000 0.38391 0.92139 0.06039 0.1055 0.0000
transfer_white
0 30.00000 13.04000 3.49406 0.38391 0.90563 0.18014 0.1019 0.0273
0 36.00000 10.62518 2.84701 0.38391 0.90563 0.18014 0.0830 0.0222
0 36.00000 10.90589 1.43579 0.38391 0.90563 0.18014 0.0852 0.0112
transfer_white
0 30.00000 13.04000 3.49406 0.38391 0.90563 0.18014 0.1019 0.0273
0 36.00000 10.90589 1.43579 0.38391 0.90563 0.18014 0.0852 0.0112
0 30.00000 13.38451 1.76210 0.38391 0.90563 0.18014 0.1046 0.0138
transfer_white
0 30.00000 12.47237 5.16623 0.38391 0.87437 0.29681 0.0974 0.0404
0 36.00000 10.16267 4.20952 0.38391 0.87437 0.29681 0.0794 0.0329
0 36.00000 10.62518 2.84701 0.38391 0.87437 0.29681 0.0830 0.0222
transfer_white
0 30.00000 12.47237 5.16623 0.38391 0.87437 0.29681 0.0974 0.0404
0 36.00000 10.62518 2.84701 0.38391 0.87437 0.29681 0.0830 0.0222
0 30.00000 13.04000 3.49406 0.38391 0.87437 0.29681 0.1019 0.0273
transfer_white
0 30.00000 11.69134 6.75000 0.38391 0.82814 0.40840 0.0913 0.0527
0 36.00000 9.52628 5.50000 0.38391 0.82814 0.40840 0.0744 0.0430
0 36.00000 10.16267 4.20952 0.38391 0.82814 0.40840 0.0794 0.0329
transfer_white
0 30.00000 11.69134 6.75000 0.38391 0.82814 0.40840 0.0913 0.0527
0 36.00000 10.16267 4.20952 0.38391 0.82814 0.40840 0.0794 0.0329
0 30.00000 12.47237 5.16623 0.38391 0.82814 0.40840 0.0974 0.0404
transfer_white
0 30.00000 10.71027 8.21828 0.38391 0.76775 0.51300 0.0837 0.0642
0 36.00000 8.72689 6.69638 0.38391 0.76775 0.51300 0.0682 0.0523
0 36.00000 9.52628 5.50000 0.38391 0.76775 0.51300 0.0744 0.0430
transfer_white
0 30.00000 10.71027 8.21828 0.38391 0.76775 0.51300 0.0837 0.0642
0 36.00000 9.52628 5.50000 0.38391 0.76775 0.51300 0.0744 0.0430
0 30.00000 11.69134 6.75000 0.38391 0.76775 0.51300 0.0913 0.0527
transfer_white
0 30.00000 9.54594 9.54594 0.38391 0.69423 0.60882 0.0746 0.0746
0 36.00000 7.77817 7.77817 0.38391 0.69423 0.60882 0.0608 0.0608
0 36.00000 8.72689 6.69638 0.38391 0.69423 0.60882 0.0682 0.0523
transfer_white
0 30.00000 9.54594 9.54594 0.38391 0.69423 0.60882 0.0746 0.0746
0 36.00000 8.72689 6.69638 0.38391 0.69423 0.60882 0.0682 0.0523
0 30.00000 10.71027 8.21828 0.38391 0.69423 0.60882 0.0837 0.0642
transfer_white
0 30.00000 8.21828 10.71027 0.38391 0.60882 0.69423 0.0642 0.0837
0 36.00000 6.69638 8.72689 0.38391 0.60882 0.69423 0.0523 0.0682
0 36.00000 7.77817 7.77817 0.38391 0.60882 0.69423 0.0608 0.0608
transfer_white
0 30.00000 8.21828 10.71027 0.38391 0.60882 0.69423 0.0642 0.0837
0 36.00000 7.77817 7.77817 0.38391 0.60882 0.69423 0.0608 0.0608
0 30.00000 9.54594 9.54594 0.38391 0.60882 0.69423 0.0746 0.0746
transfer_white
0 30.00000 6.75000 11.69134 0.38391 0.51300 0.76775 0.0527 0.0913
0 36.00000 5.50000 9.52628 0.38391 0.51300 0.76775 0.0430 0.0744
0 36.00000 6.69638 8.72689 0.38391 0.51300 0.76775 0.0523 0.0682
transfer_white
0 30.00000 6.75000 11.69134 0.38391 0.51300 0.76775 0.0527 0.0913
0 36.00000 6.69638 8.72689 0.38391 0.51300 0.76775 0.0523 0.0682
0 30.00000 8.21828 10.71027 0.38391 0.51300 0.76775 0.0642 0.0837
transfer_white
0 30.00000 5.16623 12.47237 0.38391 0.40840 0.82814 0.0404 0.0974
0 36.00000 4.20952 10.16267 0.38391 0.40840 0.82814 0.0329 0.0794
0 36.00000 5.50000 9.52628 0.38391 0.40840 0.82814 0.0430 0.0744
transfer_white
0 30.00000 5.16623 12.47237 0.38391 0.40840 0.82814 0.0404 0.0974
0 36.00000 5.50000 9.52628 0.38391 0.40840 0.82814 0.0430 0.0744
0 30.00000 6.75000 11.69134 0.38391 0.40840 0.82814 0.0527 0.0913
transfer_white
0 30.00000 3.49406 13.04000 0.38391 0.29681 0.87437 0.0273 0.1019
0 36.00000 2.84701 10.62518 0.38391 0.29681 0.87437 0.0222 0.0830
0 36.00000 4.20952 10.16267 0.38391 0.29681 0.87437 0.0329 0.0794
transfer_white
0 30.00000 3.49406 13.04000 0.38391 0.29681 0.87437 0.0273 0.1019
0 36.00000 4.20952 10.16267 0.38391 0.29681 0.87437 0.0329 0.0794
0 30.00000 5.16623 12.47237 0.38391 0.29681 0.87437 0.0404 0.0974
transfer_white
0 30.00000 1.76210 13.38451 0.38391 0.18014 0.90563 0.0138 0.1046
0 36.00000 1.43579 10.90589 0.38391 0.18014 0.90563 0.0112 0.0852
0 36.00000 2.84701 10.62518 0.38391 0.18014 0.90563 0.0222 0.0830
transfer_white
0 30.00000 1.76210 13.38451 0.38391 0.18014 0.90563 0.0138 0.1046
0 36.00000 2.84701 10.62518 0.38391 0.18014 0.90563 0.0222 0.0830
0 30.00000 3.49406 13.04000 0.38391 0.18014 0.90563 0.0273 0.1019
transfer_white
0 30.00000 0.00000 13.50000 0.38391 0.06039 0.92139 0.0000 0.1055
0 36.00000 0.00000 11.00000 0.38391 0.06039 0.92139 0.0000 0.0859
0 36.00000 1.43579 10.90589 0.38391 0.06039 0.92139 0.0112 0.0852
transfer_white
0 30.00000 0.00000 13.50000 0.38391 0.06039 0.92139 0.0000 0.1055
0 36.00000 1.43579 10.90589 0.38391 0.06039 0.92139 0.0112 0.0852
0 30.00000 1.76210 13.38451 0.38391 0.06039 0.92139 0.0138 0.1046
transfer_white
0 30.00000 -1.76210 13.38451 0.38391 -0.06039 0.92139 0.9862 0.1046
0 36.00000 -1.43579 10.90589 0.38391 -0.06039 0.92139 0.9888 0.0852
0 36.00000 0.00000 11.00000 0.38391 -0.06039 0.92139 0.0000 0.0859
transfer_white
0 30.00000 -1.76210 13.38451 0.38391 -0.06039 0.92139 0.9862 0.1046
0 36.00000 0.00000 11.00000 0.38391 -0.06039 0.92139 0.0000 0.0859
0 30.00000 0.00000 13.50000 0.38391 -0.06039 0.92139 0.0000 0.1055
transfer_white
0 30.00000 -3.49406 13.04000 0.38391 -0.18014 0.90563 0.9727 0.1019
0 36.00000 -2.84701 10.62518 0.38391 -0.18014 0.90563 0.9778 0.0830
0 36.00000 -1.43579 10.90589 0.38391 -0.18014 0.90563 0.9888 0.0852
transfer_white
0 30.00000 -3.49406 13.04000 0.38391 -0.18014 0.90563 0.9727 0.1019
0 36.00000 -1.43579 10.90589 0.38391 -0.18014 0.90563 0.9888 0.0852
0 30.00000 -1.76210 13.38451 0.38391 -0.18014 0.90563 0.9862 0.1046
transfer_white
0 30.00000 -5.16623 12.47237 0.38391 -0.29681 0.87437 0.9596 0.0974
0 36.00000 -4.20952 10.16267 0.38391 -0.29681 0.87437 0.9671 0.0794
0 36.00000 -2.84701 10.62518 0.38391 -0.29681 0.87437 0.9778 0.0830
transfer_white
0 30.00000 -5.16623 12.47237 0.38391 -0.29681 0.87437 0.9596 0.0974
0 36.00000 -2.84701 10.62518 0.38391 -0.29681 0.87437 0.9778 0.0830
0 30.00000 -3.49406 13.04000 0.38391 -0.29681 0.87437 0.9727 0.1019
transfer_white
0 30.00000 -6.75000 11.69134 0.38391 -0.40840 0.82814 0.9473 0.0913
0 36.00000 -5.50000 9.52628 0.38391 -0.40840 0.82814 0.9570 0.0744
0 36.00000 -4.20952 10.16267 0.38391 -0.40840 0.82814 0.9671 0.0794
transfer_white
0 30.00000 -6.75000 11.69134 0.38391 -0.40840 0.82814 0.9473 0.0913
0 36.00000 -4.20952 10.16267 0.38391 -0.40840 0.82814 0.9671 0.0794
0 30.00000 -5.16623 12.47237 0.38391 -0.40840 0.82814 0.9596 0.0974
transfer_white
0 30.00000 -8.21828 10.71027 0.38391 -0.51300 0.76775 0.9358 0.0837
0 36.00000 -6.69638 8.72689 0.38391 -0.51300 0.76775 0.9477 0.0682
0 36.00000 -5.50000 9.52628 0.38391 -0.51300 0.76775 0.9570 0.0744
transfer_white
0 30.00000 -8.21828 10.71027 0.38391 -0.51300 0.76775 0.9358 0.0837
0 36.00000 -5.50000 9.52628 0.38391 -0.51300 0.76775 0.9570 0.0744
0 30.00000 -6.75000 11.69134 0.38391 -0.51300 0.76775 0.9473 0.0913
transfer_white
0 30.00000 -9.54594 9.54594 0.38391 -0.60882 0.69423 0.9254 0.0746
0 36.00000 -7.77817 7.77817 0.38391 -0.60882 0.69423 0.9392 0.0608
0 36.00000 -6.69638 8.72689 0.38391 -0.60882 0.69423 0.9477 0.0682
transfer_white
0 30.00000 -9.54594 9.54594 0.38391 -0.60882 0.69423 0.9254 0.0746
0 36.00000 -6.69638 8.72689 0.38391 -0.60882 0.69423 0.9477 0.0682
0 30.00000 -8.21828 10.71027 0.38391 -0.60882 0.69423 0.9358 0.0837
transfer_white
0 30.00000 -10.71027 8.21828 0.38391 -0.69423 0.60882 0.9163 0.0642
0 36.00000 -8.72689 6.69638 0.38391 -0.69423 0.60882 0.9318 0.0523
0 36.00000 -7.77817 7.77817 0.38391 -0.69423 0.60882 0.9392 0.0608
transfer_white
0 30.00000 -10.71027 8.21828 0.38391 -0.69423 0.60882 0.9163 0.0642
0 36.00000 -7.77817 7.77817 0.38391 -0.69423 0.60882 0.9392 0.0608
0 30.00000 -9.54594 9.54594 0.38391 -0.69423 0.60882 0.9254 0.0746
transfer_white
0 30.00000 -11.69134 6.75000 0.38391 -0.76775 0.51300 0.9087 0.0527
0 36.00000 -9.52628 5.50000 0.38391 -0.76775 0.51300 0.9256 0.0430
0 36.00000 -8.72689 6.69638 0.38391 -0.76775 0.51300 0.9318 0.0523
transfer_white
0 30.00000 -11.69134 6.75000 0.38391 -0.76775 0.51300 0.9087 0.0527
0 36.00000 -8.72689 6.69638 0.38391 -0.76775 0.51300 0.9318 0.0523
0 30.00000 -10.71027 8.21828 0.38391 -0.76775 0.51300 0.9163 0.0642
transfer_white
0 30.00000 -12.47237 5.16623 0.38391 -0.82814 0.40840 0.9026 0.0404
0 36.00000 -10.16267 4.20952 0.38391 -0.82814 0.40840 0.9206 0.0329
0 36.00000 -9.52628 5.50000 0.38391 -0.82814 0.40840 0.9256 0.0430
transfer_white
0 30.00000 -12.47237 5.16623 0.38391 -0.82814 0.40840 0.9026 0.0404
0 36.00000 -9.52628 5.50000 0.38391 -0.82814 0.40840 0.9256 0.0430
0 30.00000 -11.69134 6.75000 0.38391 -0.82814 0.40840 0.9087 0.0527
transfer_white
0 30.00000 -13.04000 3.49406 0.38391 -0.87437 0.29681 0.8981 0.0273
0 36.00000 -10.62518 2.84701 0.38391 -0.87437 0.29681 0.9170 0.0222
0 36.00000 -10.16267 4.20952 0.38391 -0.87437 0.29681 0.9206 0.0329
transfer_white
0 30.00000 -13.04000 3.49406 0.38391 -0.87437 0.29681 0.8981 0.0273
0 36.00000 -10.16267 4.20952 0.38391 -0.87437 0.29681 0.9206 0.0329
0 30.00000 -12.47237 5.16623 0.38391 -0.87437 0.29681 0.9026 0.0404
transfer_white
0 30.00000 -13.38451 1.76210 0.38391 -0.90563 0.18014 0.8954 0.0138
0 36.00000 -10.90589 1.43579 0.38391 -0.90563 0.18014 0.9148 0.0112
0 36.00000 -10.62518 2.84701 0.38391 -0.90563 0.18014 0.9170 0.0222
transfer_white
0 30.00000 -13.38451 1.76210 0.38391 -0.90563 0.18014 0.8954 0.0138
0 36.00000 -10.62518 2.84701 0.38391 -0.90563 0.18014 0.9170 0.0222
0 30.00000 -13.04000 3.49406 0.38391 -0.90563 0.18014 0.8981 0.0273
transfer_white
0 30.00000 -13.50000 0.00000 0.38391 -0.92139 0.06039 0.8945 0.0000
0 36.00000 -11.00000 0.00000 0.38391 -0.92139 0.06039 0.9141 0.0000
0 36.00000 -10.90589 1.43579 0.38391 -0.92139 0.06039 0.9148 0.0112
transfer_white
0 30.00000 -13.50000 0.00000 0.38391 -0.92139 0.06039 0.8945 0.0000
0 36.00000 -10.90589 1.43579 0.38391 -0.92139 0.06039 0.9148 0.0112
0 30.00000 -13.38451 1.76210 0.38391 -0.92139 0.06039 0.8954 0.0138
transfer_white
0 30.00000 -13.38451 -1.76210 0.38391 -0.92139 -0.06039 0.8954 0.9862
0 36.00000 -10.90589 -1.43579 0.38391 -0.92139 -0.06039 0.9148 0.9888
0 36.00000 -11.00000 0.00000 0.38391 -0.92139 -0.06039 0.9141 0.0000
transfer_white
0 30.00000 -13.38451 -1.76210 0.38391 -0.92139 -0.06039 0.8954 0.9862
0 36.00000 -11.00000 0.00000 0.38391 -0.92139 -0.06039 0.9141 0.0000
0 30.00000 -13.50000 0.00000 0.38391 -0.92139 -0.06039 0.8945 0.0000
transfer_white
0 30.00000 -13.04000 -3.49406 0.38391 -0.90563 -0.18014 0.8981 0.9727
0 36.00000 -10.62518 -2.84701 0.38391 -0.90563 -0.18014 0.9170 0.9778
0 36.00000 -10.90589 -1.43579 0.38391 -0.90563 -0.18014 0.9148 0.9888
transfer_white
0 30.00000 -13.04000 -3.49406 0.38391 -0.90563 -0.18014 0.8981 0.9727
0 36.00000 -10.90589 -1.43579 0.38391 -0.90563 -0.18014 0.9148 0.9888
0 30.00000 -13.38451 -1.76210 0.38391 -0.90563 -0.18014 0.8954 0.9862
transfer_white
0 30.00000 -12.47237 -5.16623 0.38391 -0.87437 -0.29681 0.9026 0.9596
0 36.00000 -10.16267 -4.20952 0.38391 -0.87437 -0.29681 0.9206 0.9671
0 36.00000 -10.62518 -2.84701 0.38391 -0.87437 -0.29681 0.9170 0.9778
transfer_white
0 30.00000 -12.47237 -5.16623 0.38391 -0.87437 -0.29681 0.9026 0.9596
0 36.00000 -10.62518 -2.84701 0.38391 -0.87437 -0.29681 0.9170 0.9778
0 30.00000 -13.04000 -3.49406 0.38391 -0.87437 -0.29681 0.8981 0.9727
transfer_white
0 30.00000 -11.69134 -6.75000 0.38391 -0.82814 -0.40840 0.9087 0.9473
0 36.00000 -9.52628 -5.50000 0.38391 -0.82814 -0.40840 0.9256 0.9570
0 36.00000 -10.16267 -4.20952 0.38391 -0.82814 -0.40840 0.9206 0.9671
transfer_white
0 30.00000 -11.69134 -6.75000 0.38391 -0.82814 -0.40840 0.9087 0.9473
0 36.00000 -10.16267 -4.20952 0.38391 -0.82814 -0.40840 0.9206 0.9671
0 30.00000 -12.47237 -5.16623 0.38391 -0.82814 -0.40840 0.9026 0.9596
transfer_white
0 30.00000 -10.71027 -8.21828 0.38391 -0.76775 -0.51300 0.9163 0.9358
0 36.00000 -8.72689 -6.69638 0.38391 -0.76775 -0.51300 0.9318 0.9477
0 36.00000 -9.52628 -5.50000 0.38391 -0.76775 -0.51300 0.9256 0.9570
transfer_white
0 30.00000 -10.71027 -8.21828 0.38391 -0.76775 -0.51300 0.9163 0.9358
0 36.00000 -9.52628 -5.50000 0.38391 -0.76775 -0.51300 0.9256 0.9570
0 30.00000 -11.69134 -6.75000 0.38391 -0.76775 -0.51300 0.9087 0.9473
transfer_white
0 30.00000 -9.54594 -9.54594 0.38391 -0.69423 -0.60882 0.9254 0.9254
0 36.00000 -7.77817 -7.77817 0.38391 -0.69423 -0.60882 0.9392 0.9392
0 36.00000 -8.72689 -6.69638 0.38391 -0.69423 -0.60882 0.9318 0.9477
transfer_white
0 30.00000 -9.54594 -9.54594 0.38391 -0.69423 -0.60882 0.9254 0.9254
0 36.00000 -8.72689 -6.69638 0.38391 -0.69423 -0.60882 0.9318 0.9477
0 30.00000 -10.71027 -8.21828 0.38391 -0.69423 -0.60882 0.9163 0.9358
transfer_white
0 30.00000 -8.21828 -10.71027 0.38391 -0.60882 -0.69423 0.9358 0.9163
0 36.00000 -6.69638 -8.72689 0.38391 -0.60882 -0.69423 0.9477 0.9318
0 36.00000 -7.77817 -7.77817 0.38391 -0.60882 -0.69423 0.9392 0.9392
transfer_white
0 30.00000 -8.21828 -10.71027 0.38391 -0.60882 -0.69423 0.9358 0.9163
0 36.00000 -7.77817 -7.77817 0.38391 -0.60882 -0.69423 0.9392 0.9392
0 30.00000 -9.54594 -9.54594 0.38391 -0.60882 -0.69423 0.9254 0.9254
transfer_white
0 30.00000 -6.75000 -11.69134 0.38391 -0.51300 -0.76775 0.9473 0.9087
0 36.00000 -5.50000 -9.52628 0.38391 -0.51300 -0.76775 0.9570 0.9256
0 36.00000 -6.69638 -8.72689 0.38391 -0.51300 -0.76775 0.9477 0.9318
transfer_white
0 30.00000 -6.75000 -11.69134 0.38391 -0.51300 -0.76775 0.9473 0.9087
0 36.00000 -6.69638 -8.72689 0.38391 -0.51300 -0.76775 0.9477 0.9318
0 30.00000 -8.21828 -10.71027 0.38391 -0.51300 -0.76775 0.9358 0.9163
transfer_white
0 30.00000 -5.16623 -12.47237 0.38391 -0.40840 -0.82814 0.9596 0.9026
0 36.00000 -4.20952 -10.16267 0.38391 -0.40840 -0.82814 0.9671 0.9206
0 36.00000 -5.50000 -9.52628 0.38391 -0.40840 -0.82814 0.9570 0.9256
transfer_white
0 30.00000 -5.16623 -12.47237 0.38391 -0.40840 -0.82814 0.9596 0.9026
0 36.00000 -5.50000 -9.52628 0.38391 -0.40840 -0.82814 0.9570 0.9256
0 30.00000 -6.75000 -11.69134 0.38391 -0.40840 -0.82814 0.9473 0.9087
transfer_white
0 30.00000 -3.49406 -13.04000 0.38391 -0.29681 -0.87437 0.9727 0.8981
0 36.00000 -2.84701 -10.62518 0.38391 -0.29681 -0.87437 0.9778 0.9170
0 36.00000 -4.20952 -10.16267 0.38391 -0.29681 -0.87437 0.9671 0.9206
transfer_white
0 30.00000 -3.49406 -13.04000 0.38391 -0.29681 -0.87437 0.9727 0.8981
0 36.00000 -4.20952 -10.16267 0.38391 -0.29681 -0.87437 0.9671 0.9206
0 30.00000 -5.16623 -12.47237 0.38391 -0.29681 -0.87437 0.9596 0.9026
transfer_white
0 30.00000 -1.76210 -13.38451 0.38391 -0.18014 -0.90563 0.9862 0.8954
0 36.00000 -1.43579 -10.90589 0.38391 -0.18014 -0.90563 0.9888 0.9148
0 36.00000 -2.84701 -10.62518 0.38391 -0.18014 -0.90563 0.9778 0.9170
transfer_white
0 30.00000 -1.76210 -13.38451 0.38391 -0.18014 -0.90563 0.9862 0.8954
0 36.00000 -2.84701 -10.62518 0.38391 -0.18014 -0.90563 0.9778 0.9170
0 30.00000 -3.49406 -13.04000 0.38391 -0.18014 -0.90563 0.9727 0.8981
transfer_white
0 30.00000 -0.00000 -13.50000 0.38391 -0.06039 -0.92139 1.0000 0.8945
0 36.00000 -0.00000 -11.00000 0.38391 -0.06039 -0.92139 1.0000 0.9141
0 36.00000 -1.43579 -10.90589 0.38391 -0.06039 -0.92139 0.9888 0.9148
transfer_white
0 30.00000 -0.00000 -13.50000 0.38391 -0.06039 -0.92139 1.0000 0.8945
0 36.00000 -1.43579 -10.90589 0.38391 -0.06039 -0.92139 0.9888 0.9148
0 30.00000 -1.76210 -13.38451 0.38391 -0.06039 -0.92139 0.9862 0.8954
transfer_white
0 30.00000 1.76210 -13.38451 0.38391 0.06039 -0.92139 0.0138 0.8954
0 36.00000 1.43579 -10.90589 0.38391 0.06039 -0.92139 0.0112 0.9148
0 36.00000 -0.00000 -11.00000 0.38391 0.06039 -0.92139 1.0000 0.9141
transfer_white
0 30.00000 1.76210 -13.38451 0.38391 0.06039 -0.92139 0.0138 0.8954
0 36.00000 -0.00000 -11.00000 0.38391 0.06039 -0.92139 1.0000 0.9141
0 30.00000 -0.00000 -13.50000 0.38391 0.06039 -0.92139 1.0000 0.8945
transfer_white
0 30.00000 3.49406 -13.04000 0.38391 0.18014 -0.90563 0.0273 0.8981
0 36.00000 2.84701 -10.62518 0.38391 0.18014 -0.90563 0.0222 0.9170
0 36.00000 1.43579 -10.90589 0.38391 0.18014 -0.90563 0.0112 0.9148
transfer_white
0 30.00000 3.49406 -13.04000 0.38391 0.18014 -0.90563 0.0273 0.8981
0 36.00000 1.43579 -10.90589 0.38391 0.18014 -0.90563 0.0112 0.9148
0 30.00000 1.76210 -13.38451 0.38391 0.18014 -0.90563 0.0138 0.8954
transfer_white
0 30.00000 5.16623 -12.47237 0.38391 0.29681 -0.87437 0.0404 0.9026
0 36.00000 4.20952 -10.16267 0.38391 0.29681 -0.87437 0.0329 0.9206
0 36.00000 2.84701 -10.62518 0.38391 0.29681 -0.87437 0.0222 0.9170
transfer_white
0 30.00000 5.16623 -12.47237 0.38391 0.29681 -0.87437 0.0404 0.9026
0 36.00000 2.84701 -10.62518 0.38391 0.29681 -0.87437 0.0222 0.9170
0 30.00000 3.49406 -13.04000 0.38391 0.29681 -0.87437 0.0273 0.8981
transfer_white
0 30.00000 6.75000 -11.69134 0.38391 0.40840 -0.82814 0.0527 0.9087
0 36.00000 5.50000 -9.52628 0.38391 0.40840 -0.82814 0.0430 0.9256
0 36.00000 4.20952 -10.16267 0.38391 0.40840 -0.82814 0.0329 0.9206
transfer_white
0 30.00000 6.75000 -11.69134 0.38391 0.40840 -0.82814 0.0527 0.9087
0 36.00000 4.20952 -10.16267 0.38391 0.40840 -0.82814 0.0329 0.9206
0 30.00000 5.16623 -12.47237 0.38391 0.40840 -0.82814 0.0404 0.9026
transfer_white
0 30.00000 8.21828 -10.71027 0.38391 0.51300 -0.76775 0.0642 0.9163
0 36.00000 6.69638 -8.72689 0.38391 0.51300 -0.76775 0.0523 0.9318
0 36.00000 5.50000 -9.52628 0.38391 0.51300 -0.76775 0.0430 0.9256
transfer_white
0 30.00000 8.21828 -10.71027 0.38391 0.51300 -0.76775 0.0642 0.9163
0 36.00000 5.50000 -9.52628 0.38391 0.51300 -0.76775 0.0430 0.9256
0 30.00000 6.75000 -11.69134 0.38391 0.51300 -0.76775 0.0527 0.9087
transfer_white
0 30.00000 9.54594 -9.54594 0.38391 0.60882 -0.69423 0.0746 0.9254
0 36.00000 7.77817 -7.77817 0.38391 0.60882 -0.69423 0.0608 0.9392
0 36.00000 6.69638 -8.72689 0.38391 0.60882 -0.69423 0.0523 0.9318
transfer_white
0 30.00000 9.54594 -9.54594 0.38391 0.60882 -0.69423 0.0746 0.9254
0 36.00000 6.69638 -8.72689 0.38391 0.60882 -0.69423 0.0523 0.9318
0 30.00000 8.21828 -10.71027 0.38391 0.60882 -0.69423 0.0642 0.9163
transfer_white
0 30.00000 10.71027 -8.21828 0.38391 0.69423 -0.60882 0.0837 0.9358
0 36.00000 8.72689 -6.69638 0.38391 0.69423 -0.60882 0.0682 0.9477
0 36.00000 7.77817 -7.77817 0.38391 0.69423 -0.60882 0.0608 0.9392
transfer_white
0 30.00000 10.71027 -8.21828 0.38391 0.69423 -0.60882 0.0837 0.9358
0 36.00000 7.77817 -7.77817 0.38391 0.69423 -0.60882 0.0608 0.9392
0 30.00000 9.54594 -9.54594 0.38391 0.69423 -0.60882 0.0746 0.9254
transfer_white
0 30.00000 11.69134 -6.75000 0.38391 0.76775 -0.51300 0.0913 0.9473
0 36.00000 9.52628 -5.50000 0.38391 0.76775 -0.51300 0.0744 0.9570
0 36.00000 8.72689 -6.69638 0.38391 0.76775 -0.51300 0.0682 0.9477
transfer_white
0 30.00000 11.69134 -6.75000 0.38391 0.76775 -0.51300 0.0913 0.9473
0 36.00000 8.72689 -6.69638 0.38391 0.76775 -0.51300 0.0682 0.9477
0 30.00000 10.71027 -8.21828 0.38391 0.76775 -0.51300 0.0837 0.9358
transfer_white
0 30.00000 12.47237 -5.16623 0.38391 0.82814 -0.40840 0.0974 0.9596
0 36.00000 10.16267 -4.20952 0.38391 0.82814 -0.40840 0.0794 0.9671
0 36.00000 9.52628 -5.50000 0.38391 0.82814 -0.40840 0.0744 0.9570
transfer_white
0 30.00000 12.47237 -5.16623 0.38391 0.82814 -0.40840 0.0974 0.9596
0 36.00000 9.52628 -5.50000 0.38391 0.82814 -0.40840 0.0744 0.9570
0 30.00000 11.69134 -6.75000 0.38391 0.82814 -0.40840 0.0913 0.9473
transfer_white
0 30.00000 13.04000 -3.49406 0.38391 0.87437 -0.29681 0.1019 0.9727
0 36.00000 10.62518 -2.84701 0.38391 0.87437 -0.29681 0.0830 0.9778
0 36.00000 10.16267 -4.20952 0.38391 0.87437 -0.29681 0.0794 0.9671
transfer_white
0 30.00000 13.04000 -3.49406 0.38391 0.87437 -0.29681 0.1019 0.9727
0 36.00000 10.16267 -4.20952 0.38391 0.87437 -0.29681 0.0794 0.9671
0 30.00000 12.47237 -5.16623 0.38391 0.87437 -0.29681 0.0974 0.9596
transfer_white
0 30.00000 13.38451 -1.76210 0.38391 0.90563 -0.18014 0.1046 0.9862
0 36.00000 10.90589 -1.43579 0.38391 0.90563 -0.18014 0.0852 0.9888
0 36.00000 10.62518 -2.84701 0.38391 0.90563 -0.18014 0.0830 0.9778
transfer_white
0 30.00000 13.38451 -1.76210 0.38391 0.90563 -0.18014 0.1046 0.9862
0 36.00000 10.62518 -2.84701 0.38391 0.90563 -0.18014 0.0830 0.9778
0 30.00000 13.04000 -3.49406 0.38391 0.90563 -0.18014 0.1019 0.9727
transfer_white
0 30.00000 13.50000 -0.00000 0.38391 0.92139 -0.06039 0.1055 1.0000
0 36.00000 11.00000 -0.00000 0.38391 0.92139 -0.06039 0.0859 1.0000
0 36.00000 10.90589 -1.43579 0.38391 0.92139 -0.06039 0.0852 0.9888
transfer_white
0 30.00000 13.50000 -0.00000 0.38391 0.92139 -0.06039 0.1055 1.0000
0 36.00000 10.90589 -1.43579 0.38391 0.92139 -0.06039 0.0852 0.9888
0 30.00000 13.38451 -1.76210 0.38391 0.92139 -0.06039 0.1046 0.9862
transfer_white
0 36.00000 10.90589 1.43579 0.44645 0.89289 0.05852 0.0852 0.0112
0 42.00000 7.93156 1.04421 0.44645 0.89289 0.05852 0.0620 0.0082
0 42.00000 8.00000 0.00000 0.44645 0.89289 0.05852 0.0625 0.0000
transfer_white
0 36.00000 10.90589 1.43579 0.44645 0.89289 0.05852 0.0852 0.0112
0 42.00000 8.00000 0.00000 0.44645 0.89289 0.05852 0.0625 0.0000
0 36.00000 11.00000 0.00000 0.44645 0.89289 0.05852 0.0859 0.0000
transfer_white
0 36.00000 10.62518 2.84701 0.44645 0.87762 0.17457 0.0830 0.0222
0 42.00000 7.72741 2.07055 0.44645 0.87762 0.17457 0.0604 0.0162
0 42.00000 7.93156 1.04421 0.44645 0.87762 0.17457 0.0620 0.0082
transfer_white
0 36.00000 10.62518 2.84701 0.44645 0.87762 0.17457 0.0830 0.0222
0 42.00000 7.93156 1.04421 0.44645 0.87762 0.17457 0.0620 0.0082
0 36.00000 10.90589 1.43579 0.44645 0.87762 0.17457 0.0852 0.0112
transfer_white
0 36.00000 10.16267 4.20952 0.44645 0.84732 0.28763 0.0794 0.0329
0 42.00000 7.39104 3.06147 0.44645 0.84732 0.28763 0.0577 0.0239
0 42.00000 7.72741 2.07055 0.44645 0.84732 0.28763 0.0604 0.0162
transfer_white
0 36.00000 10.16267 4.20952 0.44645 0.84732 0.28763 0.0794 0.0329
0 42.00000 7.72741 2.07055 0.44645 0.84732 0.28763 0.0604 0.0162
0 36.00000 10.62518 2.84701 0.44645 0.84732 0.28763 0.0830 0.0222
transfer_white
0 36.00000 9.52628 5.50000 0.44645 0.80253 0.39576 0.0744 0.0430
0 42.00000 6.92820 4.00000 0.44645 0.80253 0.39576 0.0541 0.0312
0 42.00000 7.39104 3.06147 0.44645 0.80253 0.39576 0.0577 0.0239
transfer_white
0 36.00000 9.52628 5.50000 0.44645 0.80253 0.39576 0.0744 0.0430
0 42.00000 7.39104 3.06147 0.44645 0.80253 0.39576 0.0577 0.0239
0 36.00000 10.16267 4.20952 0.44645 0.80253 0.39576 0.0794 0.0329
transfer_white
0 36.00000 8.72689 6.69638 0.44645 0.74401 0.49713 0.0682 0.0523
0 42.00000 6.34683 4.87009 0.44645 0.74401 0.49713 0.0496 0.0380
0 42.00000 6.92820 4.00000 0.44645 0.74401 0.49713 0.0541 0.0312
transfer_white
0 36.00000 8.72689 6.69638 0.44645 0.74401 0.49713 0.0682 0.0523
0 42.00000 6.92820 4.00000 0.44645 0.74401 0.49713 0.0541 0.0312
0 36.00000 9.52628 5.50000 0.44645 0.74401 0.49713 0.0744 0.0430
transfer_white
0 36.00000 7.77817 7.77817 0.44645 0.67275 0.58999 0.0608 0.0608
0 42.00000 5.65685 5.65685 0.44645 0.67275 0.58999 0.0442 0.0442
0 42.00000 6.34683 4.87009 0.44645 0.67275 0.58999 0.0496 0.0380
transfer_white
0 36.00000 7.77817 7.77817 0.44645 0.67275 0.58999 0.0608 0.0608
0 42.00000 6.34683 4.87009 0.44645 0.67275 0.58999 0.0496 0.0380
0 36.00000 8.72689 6.69638 0.44645 0.67275 0.58999 0.0682 0.0523
transfer_white
0 36.00000 6.69638 8.72689 0.44645 0.58999 0.67275 0.0523 0.0682
0 42.00000 4.87009 6.34683 0.44645 0.58999 0.67275 0.0380 0.0496
0 42.00000 5.65685 5.65685 0.44645 0.58999 0.67275 0.0442 0.0442
transfer_white
0 36.00000 6.69638 8.72689 0.44645 0.58999 0.67275 0.0523 0.0682
0 42.00000 5.65685 5.65685 0.44645 0.58999 0.67275 0.0442 0.0442
0 36.00000 7.77817 7.77817 0.44645 0.58999 0.67275 0.0608 0.0608
transfer_white
0 36.00000 5.50000 9.52628 0.44645 0.49713 0.74401 0.0430 0.0744
0 42.00000 4.00000 6.92820 0.44645 0.49713 0.74401 0.0313 0.0541
0 42.00000 4.87009 6.34683 0.44645 0.49713 0.74401 0.0380 0.0496
transfer_white
0 36.00000 5.50000 9.52628 0.44645 0.49713 0.74401 0.0430 0.0744
0 42.00000 4.87009 6.34683 0.44645 0.49713 0.74401 0.0380 0.0496
0 36.00000 6.69638 8.72689 0.44645 0.49713 0.74401 0.0523 0.0682
transfer_white
0 36.00000 4.20952 10.16267 0.44645 0.39576 0.80253 0.0329 0.0794
0 42.00000 3.06147 7.39104 0.44645 0.39576 0.80253 0.0239 0.0577
0 42.00000 4.00000 6.92820 0.44645 0.39576 0.80253 0.0313 0.0541
transfer_white
0 36.00000 4.20952 10.16267 0.44645 0.39576 0.80253 0.0329 0.0794
0 42.00000 4.00000 6.92820 0.44645 0.39576 0.80253 0.0313 0.0541
0 36.00000 5.50000 9.52628 0.44645 0.39576 0.80253 0.0430 0.0744
transfer_white
0 36.00000 2.84701 10.62518 0.44645 0.28763 0.84732 0.0222 0.0830
0 42.00000 2.07055 7.72741 0.44645 0.28763 0.84732 0.0162 0.0604
0 42.00000 3.06147 7.39104 0.44645 0.28763 0.84732 0.0239 0.0577
transfer_white
0 36.00000 2.84701 10.62518 0.44645 0.28763 0.84732 0.0222 0.0830
0 42.00000 3.06147 7.39104 0.44645 0.28763 0.84732 0.0239 0.0577
0 36.00000 4.20952 10.16267 0.44645 0.28763 0.84732 0.0329 0.0794
transfer_white
0 36.00000 1.43579 10.90589 0.44645 0.17457 0.87762 0.0112 0.0852
0 42.00000 1.04421 7.93156 0.44645 0.17457 0.87762 0.0082 0.0620
0 42.00000 2.07055 7.72741 0.44645 0.17457 0.87762 0.0162 0.0604
transfer_white
0 36.00000 1.43579 10.90589 0.44645 0.17457 0.87762 0.0112 0.0852
0 42.00000 2.07055 7.72741 0.44645 0.17457 0.87762 0.0162 0.0604
0 36.00000 2.84701 10.62518 0.44645 0.17457 0.87762 0.0222 0.0830
transfer_white
0 36.00000 0.00000 11.00000 0.44645 0.05852 0.89289 0.0000 0.0859
0 42.00000 0.00000 8.00000 0.44645 0.05852 0.89289 0.0000 0.0625
0 42.00000 1.04421 7.93156 0.44645 0.05852 0.89289 0.0082 0.0620
transfer_white
0 36.00000 0.00000 11.00000 0.44645 0.05852 0.89289 0.0000 0.0859
0 42.00000 1.04421 7.93156 0.44645 0.05852 0.89289 0.0082 0.0620
0 36.00000 1.43579 10.90589 0.44645 0.05852 0.89289 0.0112 0.0852
transfer_white
0 36.00000 -1.43579 10.90589 0.44645 -0.05852 0.89289 0.9888 0.0852
0 42.00000 -1.04421 7.93156 0.44645 -0.05852 0.89289 0.9918 0.0620
0 42.00000 0.00000 8.00000 0.44645 -0.05852 0.89289 0.0000 0.0625
transfer_white
0 36.00000 -1.43579 10.90589 0.44645 -0.05852 0.89289 0.9888 0.0852
0 42.00000 0.00000 8.00000 0.44645 -0.05852 0.89289 0.0000 0.0625
0 36.00000 0.00000 11.00000 0.44645 -0.05852 0.89289 0.0000 0.0859
transfer_white
0 36.00000 -2.84701 10.62518 0.44645 -0.17457 0.87762 0.9778 0.0830
0 42.00000 -2.07055 7.72741 0.44645 -0.17457 0.87762 0.9838 0.0604
0 42.00000 -1.04421 7.93156 0.44645 -0.17457 0.87762 0.9918 0.0620
transfer_white
0 36.00000 -2.84701 10.62518 0.44645 -0.17457 0.87762 0.9778 0.0830
0 42.00000 -1.04421 7.93156 0.44645 -0.17457 0.87762 0.9918 0.0620
0 36.00000 -1.43579 10.90589 0.44645 -0.17457 0.87762 0.9888 0.0852
transfer_white
0 36.00000 -4.20952 10.16267 0.44645 -0.28763 0.84732 0.9671 0.0794
0 42.00000 -3.06147 7.39104 0.44645 -0.28763 0.84732 0.9761 0.0577
0 42.00000 -2.07055 7.72741 0.44645 -0.28763 0.84732 0.9838 0.0604
transfer_white
0 36.00000 -4.20952 10.16267 0.44645 -0.28763 0.84732 0.9671 0.0794
0 42.00000 -2.07055 7.72741 0.44645 -0.28763 0.84732 0.9838 0.0604
0 36.00000 -2.84701 10.62518 0.44645 -0.28763 0.84732 0.9778 0.0830
transfer_white
0 36.00000 -5.50000 9.52628 0.44645 -0.39576 0.80253 0.9570 0.0744
0 42.00000 -4.00000 6.92820 0.44645 -0.39576 0.80253 0.9688 0.0541
0 42.00000 -3.06147 7.39104 0.44645 -0.39576 0.80253 0.9761 0.0577
transfer_white
0 36.00000 -5.50000 9.52628 0.44645 -0.39576 0.80253 0.9570 0.0744
0 42.00000 -3.06147 7.39104 0.44645 -0.39576 0.80253 0.9761 0.0577
0 36.00000 -4.20952 10.16267 0.44645 -0.39576 0.80253 0.9671 0.0794
transfer_white
0 36.00000 -6.69638 8.72689 0.44645 -0.49713 0.74401 0.9477 0.0682
0 42.00000 -4.87009 6.34683 0.44645 -0.49713 0.74401 0.9620 0.0496
0 42.00000 -4.00000 6.92820 0.44645 -0.49713 0.74401 0.9688 0.0541
transfer_white
0 36.00000 -6.69638 8.72689 0.44645 -0.49713 0.74401 0.9477 0.0682
0 42.00000 -4.00000 6.92820 0.44645 -0.49713 0.74401 0.9688 0.0541
0 36.00000 -5.50000 9.52628 0.44645 -0.49713 0.74401 0.9570 0.0744
transfer_white
0 36.00000 -7.77817 7.77817 0.44645 -0.58999 0.67275 0.9392 0.0608
0 42.00000 -5.65685 5.65685 0.44645 -0.58999 0.67275 0.9558 0.0442
0 42.00000 -4.87009 6.34683 0.44645 -0.58999 0.67275 0.9620 0.0496
transfer_white
0 36.00000 -7.77817 7.77817 0.44645 -0.58999 0.67275 0.9392 0.0608
0 42.00000 -4.87009 6.34683 0.44645 -0.58999 0.67275 0.9620 0.0496
0 36.00000 -6.69638 8.72689 0.44645 -0.58999 0.67275 0.9477 0.0682
transfer_white
0 36.00000 -8.72689 6.69638 0.44645 -0.67275 0.58999 0.9318 0.0523
0 42.00000 -6.34683 4.87009 0.44645 -0.67275 0.58999 0.9504 0.0380
0 42.00000 -5.65685 5.65685 0.44645 -0.67275 0.58999 0.9558 0.0442
transfer_white
0 36.00000 -8.72689 6.69638 0.44645 -0.67275 0.58999 0.9318 0.0523
0 42.00000 -5.65685 5.65685 0.44645 -0.67275 0.58999 0.9558 0.0442
0 36.00000 -7.77817 7.77817 0.44645 -0.67275 0.58999 0.9392 0.0608
transfer_white
0 36.00000 -9.52628 5.50000 0.44645 -0.74401 0.49713 0.9256 0.0430
0 42.00000 -6.92820 4.00000 0.44645 -0.74401 0.49713 0.9459 0.0312
0 42.00000 -6.34683 4.87009 0.44645 -0.74401 0.49713 0.9504 0.0380
transfer_white
0 36.00000 -9.52628 5.50000 0.44645 -0.74401 0.49713 0.9256 0.0430
0 42.00000 -6.34683 4.87009 0.44645 -0.74401 0.49713 0.9504 0.0380
0 36.00000 -8.72689 6.69638 0.44645 -0.74401 0.49713 0.9318 0.0523
transfer_white
0 36.00000 -10.16267 4.20952 0.44645 -0.80253 0.39576 0.9206 0.0329
0 42.00000 -7.39104 3.06147 0.44645 -0.80253 0.39576 0.9423 0.0239
0 42.00000 -6.92820 4.00000 0.44645 -0.80253 0.39576 0.9459 0.0312
transfer_white
0 36.00000 -10.16267 4.20952 0.44645 -0.80253 0.39576 0.9206 0.0329
0 42.00000 -6.92820 4.00000 0.44645 -0.80253 0.39576 0.9459 0.0312
0 36.00000 -9.52628 5.50000 0.44645 -0.80253 0.39576 0.9256 0.0430
transfer_white
0 36.00000 -10.62518 2.84701 0.44645 -0.84732 0.28763 0.9170 0.0222
0 42.00000 -7.72741 2.07055 0.44645 -0.84732 0.28763 0.9396 0.0162
0 42.00000 -7.39104 3.06147 0.44645 -0.84732 0.28763 0.9423 0.0239
transfer_white
0 36.00000 -10.62518 2.84701 0.44645 -0.84732 0.28763 0.9170 0.0222
0 42.00000 -7.39104 3.06147 0.44645 -0.84732 0.28763 0.9423 0.0239
0 36.00000 -10.16267 4.20952 0.44645 -0.84732 0.28763 0.9206 0.0329
transfer_white
0 36.00000 -10.90589 1.43579 0.44645 -0.87762 0.17457 0.9148 0.0112
0 42.00000 -7.93156 1.04421 0.44645 -0.87762 0.17457 0.9380 0.0082
0 42.00000 -7.72741 2.07055 0.44645 -0.87762 0.17457 0.9396 0.0162
transfer_white
0 36.00000 -10.90589 1.43579 0.44645 -0.87762 0.17457 0.9148 0.0112
0 42.00000 -7.72741 2.07055 0.44645 -0.87762 0.17457 0.9396 0.0162
0 36.00000 -10.62518 2.84701 0.44645 -0.87762 0.17457 0.9170 0.0222
transfer_white
0 36.00000 -11.00000 0.00000 0.44645 -0.89289 0.05852 0.9141 0.0000
0 42.00000 -8.00000 0.00000 0.44645 -0.89289 0.05852 0.9375 0.0000
0 42.00000 -7.93156 1.04421 0.44645 -0.89289 0.05852 0.9380 0.0082
transfer_white
0 36.00000 -11.00000 0.00000 0.44645 -0.89289 0.05852 0.9141 0.0000
0 42.00000 -7.93156 1.04421 0.44645 -0.89289 0.05852 0.9380 0.0082
0 36.00000 -10.90589 1.43579 0.44645 -0.89289 0.05852 0.9148 0.0112
transfer_white
0 36.00000 -10.90589 -1.43579 0.44645 -0.89289 -0.05852 0.9148 0.9888
0 42.00000 -7.93156 -1.04421 0.44645 -0.89289 -0.05852 0.9380 0.9918
0 42.00000 -8.00000 0.00000 0.44645 -0.89289 -0.05852 0.9375 0.0000
transfer_white
0 36.00000 -10.90589 -1.43579 0.44645 -0.89289 -0.05852 0.9148 0.9888
0 42.00000 -8.00000 0.00000 0.44645 -0.89289 -0.05852 0.9375 0.0000
0 36.00000 -11.00000 0.00000 0.44645 -0.89289 -0.05852 0.9141 0.0000
transfer_white
0 36.00000 -10.62518 -2.84701 0.44645 -0.87762 -0.17457 0.9170 0.9778
0 42.00000 -7.72741 -2.07055 0.44645 -0.87762 -0.17457 0.9396 0.9838
0 42.00000 -7.93156 -1.04421 0.44645 -0.87762 -0.17457 0.9380 0.9918
transfer_white
0 36.00000 -10.62518 -2.84701 0.44645 -0.87762 -0.17457 0.9170 0.9778
0 42.00000 -7.93156 -1.04421 0.44645 -0.87762 -0.17457 0.9380 0.9918
0 36.00000 -10.90589 -1.43579 0.44645 -0.87762 -0.17457 0.9148 0.9888
transfer_white
0 36.00000 -10.16267 -4.20952 0.44645 -0.84732 -0.28763 0.9206 0.9671
0 42.00000 -7.39104 -3.06147 0.44645 -0.84732 -0.28763 0.9423 0.9761
0 42.00000 -7.72741 -2.07055 0.44645 -0.84732 -0.28763 0.9396 0.9838
transfer_white
0 36.00000 -10.16267 -4.20952 0.44645 -0.84732 -0.28763 0.9206 0.9671
0 42.00000 -7.72741 -2.07055 0.44645 -0.84732 -0.28763 0.9396 0.9838
0 36.00000 -10.62518 -2.84701 0.44645 -0.84732 -0.28763 0.9170 0.9778
transfer_white
0 36.00000 -9.52628 -5.50000 0.44645 -0.80253 -0.39576 0.9256 0.9570
0 42.00000 -6.92820 -4.00000 0.44645 -0.80253 -0.39576 0.9459 0.9688
0 42.00000 -7.39104 -3.06147 0.44645 -0.80253 -0.39576 0.9423 0.9761
transfer_white
0 36.00000 -9.52628 -5.50000 0.44645 -0.80253 -0.39576 0.9256 0.9570
0 42.00000 -7.39104 -3.06147 0.44645 -0.80253 -0.39576 0.9423 0.9761
0 36.00000 -10.16267 -4.20952 0.44645 -0.80253 -0.39576 0.9206 0.9671
transfer_white
0 36.00000 -8.72689 -6.69638 0.44645 -0.74401 -0.49713 0.9318 0.9477
0 42.00000 -6.34683 -4.87009 0.44645 -0.74401 -0.49713 0.9504 0.9620
0 42.00000 -6.92820 -4.00000 0.44645 -0.74401 -0.49713 0.9459 0.9688
transfer_white
0 36.00000 -8.72689 -6.69638 0.44645 -0.74401 -0.49713 0.9318 0.9477
0 42.00000 -6.92820 -4.00000 0.44645 -0.74401 -0.49713 0.9459 0.9688
0 36.00000 -9.52628 -5.50000 0.44645 -0.74401 -0.49713 0.9256 0.9570
transfer_white
0 36.00000 -7.77817 -7.77817 0.44645 -0.67275 -0.58999 0.9392 0.9392
0 42.00000 -5.65685 -5.65685 0.44645 -0.67275 -0.58999 0.9558 0.9558
0 42.00000 -6.34683 -4.87009 0.44645 -0.67275 -0.58999 0.9504 0.9620
transfer_white
0 36.00000 -7.77817 -7.77817 0.44645 -0.67275 -0.58999 0.9392 0.9392
0 42.00000 -6.34683 -4.87009 0.44645 -0.67275 -0.58999 0.9504 0.9620
0 36.00000 -8.72689 -6.69638 0.44645 -0.67275 -0.58999 0.9318 0.9477
transfer_white
0 36.00000 -6.69638 -8.72689 0.44645 -0.58999 -0.67275 0.9477 0.9318
0 42.00000 -4.87009 -6.34683 0.44645 -0.58999 -0.67275 0.9620 0.9504
0 42.00000 -5.65685 -5.65685 0.44645 -0.58999 -0.67275 0.9558 0.9558
transfer_white
0 36.00000 -6.69638 -8.72689 0.44645 -0.58999 -0.67275 0.9477 0.9318
0 42.00000 -5.65685 -5.65685 0.44645 -0.58999 -0.67275 0.9558 0.9558
0 36.00000 -7.77817 -7.77817 0.44645 -0.58999 -0.67275 0.9392 0.9392
transfer_white
0 36.00000 -5.50000 -9.52628 0.44645 -0.49713 -0.74401 0.9570 0.9256
0 42.00000 -4.00000 -6.92820 0.44645 -0.49713 -0.74401 0.9688 0.9459
0 42.00000 -4.87009 -6.34683 0.44645 -0.49713 -0.74401 0.9620 0.9504
transfer_white
0 36.00000 -5.50000 -9.52628 0.44645 -0.49713 -0.74401 0.9570 0.9256
0 42.00000 -4.87009 -6.34683 0.44645 -0.49713 -0.74401 0.9620 0.9504
0 36.00000 -6.69638 -8.72689 0.44645 -0.49713 -0.74401 0.9477 0.9318
transfer_white
0 36.00000 -4.20952 -10.16267 0.44645 -0.39576 -0.80253 0.9671 0.9206
0 42.00000 -3.06147 -7.39104 0.44645 -0.39576 -0.80253 0.9761 0.9423
0 42.00000 -4.00000 -6.92820 0.44645 -0.39576 -0.80253 0.9688 0.9459
transfer_white
0 36.00000 -4.20952 -10.16267 0.44645 -0.39576 -0.80253 0.9671 0.9206
0 42.00000 -4.00000 -6.92820 0.44645 -0.39576 -0.80253 0.9688 0.9459
0 36.00000 -5.50000 -9.52628 0.44645 -0.39576 -0.80253 0.9570 0.9256
transfer_white
0 36.00000 -2.84701 -10.62518 0.44645 -0.28763 -0.84732 0.9778 0.9170
0 42.00000 -2.07055 -7.72741 0.44645 -0.28763 -0.84732 0.9838 0.9396
0 42.00000 -3.06147 -7.39104 0.44645 -0.28763 -0.84732 0.9761 0.9423
transfer_white
0 36.00000 -2.84701 -10.62518 0.44645 -0.28763 -0.84732 0.9778 0.9170
0 42.00000 -3.06147 -7.39104 0.44645 -0.28763 -0.84732 0.9761 0.9423
0 36.00000 -4.20952 -10.16267 0.44645 -0.28763 -0.84732 0.9671 0.9206
transfer_white
0 36.00000 -1.43579 -10.90589 0.44645 -0.17457 -0.87762 0.9888 0.9148
0 42.00000 -1.04421 -7.93156 0.44645 -0.17457 -0.87762 0.9918 0.9380
0 42.00000 -2.07055 -7.72741 0.44645 -0.17457 -0.87762 0.9838 0.9396
transfer_white
0 36.00000 -1.43579 -10.90589 0.44645 -0.17457 -0.87762 0.9888 0.9148
0 42.00000 -2.07055 -7.72741 0.44645 -0.17457 -0.87762 0.9838 0.9396
0 36.00000 -2.84701 -10.62518 0.44645 -0.17457 -0.87762 0.9778 0.9170
transfer_white
0 36.00000 -0.00000 -11.00000 0.44645 -0.05852 -0.89289 1.0000 0.9141
0 42.00000 -0.00000 -8.00000 0.44645 -0.05852 -0.89289 1.0000 0.9375
0 42.00000 -1.04421 -7.93156 0.44645 -0.05852 -0.89289 0.9918 0.9380
transfer_white
0 36.00000 -0.00000 -11.00000 0.44645 -0.05852 -0.89289 1.0000 0.9141
0 42.00000 -1.04421 -7.93156 0.44645 -0.05852 -0.89289 0.9918 0.9380
0 36.00000 -1.43579 -10.90589 0.44645 -0.05852 -0.89289 0.9888 0.9148
transfer_white
0 36.00000 1.43579 -10.90589 0.44645 0.05852 -0.89289 0.0112 0.9148
0 42.00000 1.04421 -7.93156 0.44645 0.05852 -0.89289 0.0082 0.9380
0 42.00000 -0.00000 -8.00000 0.44645 0.05852 -0.89289 1.0000 0.9375
transfer_white
0 36.00000 1.43579 -10.90589 0.44645 0.05852 -0.89289 0.0112 0.9148
0 42.00000 -0.00000 -8.00000 0.44645 0.05852 -0.89289 1.0000 0.9375
0 36.00000 -0.00000 -11.00000 0.44645 0.05852 -0.89289 1.0000 0.9141
transfer_white
0 36.00000 2.84701 -10.62518 0.44645 0.17457 -0.87762 0.0222 0.9170
0 42.00000 2.07055 -7.72741 0.44645 0.17457 -0.87762 0.0162 0.9396
0 42.00000 1.04421 -7.93156 0.44645 0.17457 -0.87762 0.0082 0.9380
transfer_white
0 36.00000 2.84701 -10.62518 0.44645 0.17457 -0.87762 0.0222 0.9170
0 42.00000 1.04421 -7.93156 0.44645 0.17457 -0.87762 0.0082 0.9380
0 36.00000 1.43579 -10.90589 0.44645 0.17457 -0.87762 0.0112 0.9148
transfer_white
0 36.00000 4.20952 -10.16267 0.44645 0.28763 -0.84732 0.0329 0.9206
0 42.00000 3.06147 -7.39104 0.44645 0.28763 -0.84732 0.0239 0.9423
0 42.00000 2.07055 -7.72741 0.44645 0.28763 -0.84732 0.0162 0.9396
transfer_white
0 36.00000 4.20952 -10.16267 0.44645 0.28763 -0.84732 0.0329 0.9206
0 42.00000 2.07055 -7.72741 0.44645 0.28763 -0.84732 0.0162 0.9396
0 36.00000 2.84701 -10.62518 0.44645 0.28763 -0.84732 0.0222 0.9170
transfer_white
0 36.00000 5.50000 -9.52628 0.44645 0.39576 -0.80253 0.0430 0.9256
0 42.00000 4.00000 -6.92820 0.44645 0.39576 -0.80253 0.0313 0.9459
0 42.00000 3.06147 -7.39104 0.44645 0.39576 -0.80253 0.0239 0.9423
transfer_white
0 36.00000 5.50000 -9.52628 0.44645 0.39576 -0.80253 0.0430 0.9256
0 42.00000 3.06147 -7.39104 0.44645 0.39576 -0.80253 0.0239 0.9423
0 36.00000 4.20952 -10.16267 0.44645 0.39576 -0.80253 0.0329 0.9206
transfer_white
0 36.00000 6.69638 -8.72689 0.44645 0.49713 -0.74401 0.0523 0.9318
0 42.00000 4.87009 -6.34683 0.44645 0.49713 -0.74401 0.0380 0.9504
0 42.00000 4.00000 -6.92820 0.44645 0.49713 -0.74401 0.0313 0.9459
transfer_white
0 36.00000 6.69638 -8.72689 0.44645 0.49713 -0.74401 0.0523 0.9318
0 42.00000 4.00000 -6.92820 0.44645 0.49713 -0.74401 0.0313 0.9459
0 36.00000 5.50000 -9.52628 0.44645 0.49713 -0.74401 0.0430 0.9256
transfer_white
0 36.00000 7.77817 -7.77817 0.44645 0.58999 -0.67275 0.0608 0.9392
0 42.00000 5.65685 -5.65685 0.44645 0.58999 -0.67275 0.0442 0.9558
0 42.00000 4.87009 -6.34683 0.44645 0.58999 -0.67275 0.0380 0.9504
transfer_white
0 36.00000 7.77817 -7.77817 0.44645 0.58999 -0.67275 0.0608 0.9392
0 42.00000 4.87009 -6.34683 0.44645 0.58999 -0.67275 0.0380 0.9504
0 36.00000 6.69638 -8.72689 0.44645 0.58999 -0.67275 0.0523 0.9318
transfer_white
0 36.00000 8.72689 -6.69638 0.44645 0.67275 -0.58999 0.0682 0.9477
0 42.00000 6.34683 -4.87009 0.44645 0.67275 -0.58999 0.0496 0.9620
0 42.00000 5.65685 -5.65685 0.44645 0.67275 -0.58999 0.0442 0.9558
transfer_white
0 36.00000 8.72689 -6.69638 0.44645 0.67275 -0.58999 0.0682 0.9477
0 42.00000 5.65685 -5.65685 0.44645 0.67275 -0.58999 0.0442 0.9558
0 36.00000 7.77817 -7.77817 0.44645 0.67275 -0.58999 0.0608 0.9392
transfer_white
0 36.00000 9.52628 -5.50000 0.44645 0.74401 -0.49713 0.0744 0.9570
0 42.00000 6.92820 -4.00000 0.44645 0.74401 -0.49713 0.0541 0.9688
0 42.00000 6.34683 -4.87009 0.44645 0.74401 -0.49713 0.0496 0.9620
transfer_white
0 36.00000 9.52628 -5.50000 0.44645 0.74401 -0.49713 0.0744 0.9570
0 42.00000 6.34683 -4.87009 0.44645 0.74401 -0.49713 0.0496 0.9620
0 36.00000 8.72689 -6.69638 0.44645 0.74401 -0.49713 0.0682 0.9477
transfer_white
0 36.00000 10.16267 -4.20952 0.44645 0.80253 -0.39576 0.0794 0.9671
0 42.00000 7.39104 -3.06147 0.44645 0.80253 -0.39576 0.0577 0.9761
0 42.00000 6.92820 -4.00000 0.44645 0.80253 -0.39576 0.0541 0.9688
transfer_white
0 36.00000 10.16267 -4.20952 0.44645 0.80253 -0.39576 0.0794 0.9671
0 42.00000 6.92820 -4.00000 0.44645 0.80253 -0.39576 0.0541 0.9688
0 36.00000 9.52628 -5.50000 0.44645 0.80253 -0.39576 0.0744 0.9570
transfer_white
0 36.00000 10.62518 -2.84701 0.44645 0.84732 -0.28763 0.0830 0.9778
0 42.00000 7.72741 -2.07055 0.44645 0.84732 -0.28763 0.0604 0.9838
0 42.00000 7.39104 -3.06147 0.44645 0.84732 -0.28763 0.0577 0.9761
transfer_white
0 36.00000 10.62518 -2.84701 0.44645 0.84732 -0.28763 0.0830 0.9778
0 42.00000 7.39104 -3.06147 0.44645 0.84732 -0.28763 0.0577 0.9761
0 36.00000 10.16267 -4.20952 0.44645 0.84732 -0.28763 0.0794 0.9671
transfer_white
0 36.00000 10.90589 -1.43579 0.44645 0.87762 -0.17457 0.0852 0.9888
0 42.00000 7.93156 -1.04421 0.44645 0.87762 -0.17457 0.0620 0.9918
0 42.00000 7.72741 -2.07055 0.44645 0.87762 -0.17457 0.0604 0.9838
transfer_white
0 36.00000 10.90589 -1.43579 0.44645 0.87762 -0.17457 0.0852 0.9888
0 42.00000 7.72741 -2.07055 0.44645 0.87762 -0.17457 0.0604 0.9838
0 36.00000 10.62518 -2.84701 0.44645 0.87762 -0.17457 0.0830 0.9778
transfer_white
0 36.00000 11.00000 -0.00000 0.44645 0.89289 -0.05852 0.0859 1.0000
0 42.00000 8.00000 -0.00000 0.44645 0.89289 -0.05852 0.0625 1.0000
0 42.00000 7.93156 -1.04421 0.44645 0.89289 -0.05852 0.0620 0.9918
transfer_white
0 36.00000 11.00000 -0.00000 0.44645 0.89289 -0.05852 0.0859 1.0000
0 42.00000 7.93156 -1.04421 0.44645 0.89289 -0.05852 0.0620 0.9918
0 36.00000 10.90589 -1.43579 0.44645 0.89289 -0.05852 0.0852 0.9888
transfer_white
0 42.00000 8.00000 0.00000 1.00000 0.00000 0.00000 0.0625 0.0000
0 42.00000 7.93156 1.04421 1.00000 0.00000 0.00000 0.0620 0.0082
0 42.00000 0.00000 0.00000 1.00000 0.00000 0.00000 0.0000 0.0000
transfer_white
0 42.00000 7.93156 1.04421 1.00000 0.00000 0.00000 0.0620 0.0082
0 42.00000 7.72741 2.07055 1.00000 0.00000 0.00000 0.0604 0.0162
0 42.00000 0.00000 0.00000 1.00000 0.00000 0.00000 0.0000 0.0000
transfer_white
0 42.00000 7.72741 2.07055 1.00000 0.00000 0.00000 0.0604 0.0162
0 42.00000 7.39104 3.06147 1.00000 0.00000 0.00000 0.0577 0.0239
0 42.00000 0.00000 0.00000 1.00000 0.00000 0.00000 0.0000 0.0000
transfer_white
0 42.00000 7.39104 3.06147 1.00000 0.00000 0.00000 0.0577 0.0239
0 42.00000 6.92820 4.00000 1.00000 0.00000 0.00000 0.0541 0.0312
0 42.00000 0.00000 0.00000 1.00000 0.00000 0.00000 0.0000 0.0000
transfer_white
0 42.00000 6.92820 4.00000 1.00000 0.00000 0.00000 0.0541 0.0312
0 42.00000 6.34683 4.87009 1.00000 0.00000 0.00000 0.0496 0.0380
0 42.00000 0.00000 0.00000 1.00000 0.00000 0.00000 0.0000 0.0000
transfer_white
0 42.00000 6.34683 4.87009 1.00000 0.00000 0.00000 0.0496 0.0380
0 42.00000 5.65685 5.65685 1.00000 0.00000 0.00000 0.0442 0.0442
0 42.00000 0.00000 0.00000 1.00000 0.00000 0.00000 0.0000 0.0000
transfer_white
0 42.00000 5.65685 5.65685 1.00000 0.00000 0.00000 0.0442 0.0442
0 42.00000 4.87009 6.34683 1.00000 0.00000 0.00000 0.0380 0.0496
0 42.00000 0.00000 0.00000 1.00000 0.00000 0.00000 0.0000 0.0000
transfer_white
0 42.00000 4.87009 6.34683 1.00000 0.00000 0.00000 0.0380 0.0496
0 42.00000 4.00000 6.92820 1.00000 0.00000 0.00000 0.0313 0.0541
0 42.00000 0.00000 0.00000 1.00000 0.00000 0.00000 0.0000 0.0000
transfer_white
0 42.00000 4.00000 6.92820 1.00000 0.00000 0.00000 0.0313 0.0541
0 42.00000 3.06147 7.39104 1.00000 0.00000 0.00000 0.0239 0.0577
0 42.00000 0.00000 0.00000 1.00000 0.00000 0.00000 0.0000 0.0000
transfer_white
0 42.00000 3.06147 7.39104 1.00000 0.00000 0.00000 0.0239 0.0577
0 42.00000 2.07055 7.72741 1.00000 0.00000 0.00000 0.0162 0.0604
0 42.00000 0.00000 0.00000 1.00000 0.00000 0.00000 0.0000 0.0000
transfer_white
0 42.00000 2.07055 7.72741 1.00000 0.00000 0.00000 0.0162 0.0604
0 42.00000 1.04421 7.93156 1.00000 0.00000 0.00000 0.0082 0.0620
0 42.00000 0.00000 0.00000 1.00000 0.00000 0.00000 0.0000 0.0000
transfer_white
0 42.00000 1.04421 7.93156 1.00000 0.00000 0.00000 0.0082 0.0620
0 42.00000 0.00000 8.00000 1.00000 0.00000 0.00000 0.0000 0.0625
0 42.00000 0.00000 0.00000 1.00000 0.00000 0.00000 0.0000 0.0000
transfer_white
0 42.00000 0.00000 8.00000 1.00000 0.00000 0.00000 0.0000 0.0625
0 42.00000 -1.04421 7.93156 1.00000 0.00000 0.00000 0.9918 0.0620
0 42.00000 0.00000 0.00000 1.00000 0.00000 0.00000 0.0000 0.0000
transfer_white
0 42.00000 -1.04421 7.93156 1.00000 0.00000 0.00000 0.9918 0.0620
0 42.00000 -2.07055 7.72741 1.00000 0.00000 0.00000 0.9838 0.0604
0 42.00000 0.00000 0.00000 1.00000 0.00000 0.00000 0.0000 0.0000
transfer_white
0 42.00000 -2.07055 7.72741 1.00000 0.00000 0.00000 0.9838 0.0604
0 42.00000 -3.06147 7.39104 1.00000 0.00000 0.00000 0.9761 0.0577
0 42.00000 0.00000 0.00000 1.00000 0.00000 0.00000 0.0000 0.0000
transfer_white
0 42.00000 -3.06147 7.39104 1.00000 0.00000 0.00000 0.9761 0.0577
0 42.00000 -4.00000 6.92820 1.00000 0.00000 0.00000 0.9688 0.0541
0 42.00000 0.00000 0.00000 1.00000 0.00000 0.00000 0.0000 0.0000
transfer_white
0 42.00000 -4.00000 6.92820 1.00000 0.00000 0.00000 0.9688 0.0541
0 42.00000 -4.87009 6.34683 1.00000 0.00000 0.00000 0.9620 0.0496
0 42.00000 0.00000 0.00000 1.00000 0.00000 0.00000 0.0000 0.0000
transfer_white
0 42.00000 -4.87009 6.34683 1.00000 0.00000 0.00000 0.9620 0.0496
0 42.00000 -5.65685 5.65685 1.00000 0.00000 0.00000 0.9558 0.0442
0 42.00000 0.00000 0.00000 1.00000 0.00000 0.00000 0.0000 0.0000
transfer_white
0 42.00000 -5.65685 5.65685 1.00000 0.00000 0.00000 0.9558 0.0442
0 42.00000 -6.34683 4.87009 1.00000 0.00000 0.00000 0.9504 0.0380
0 42.00000 0.00000 0.00000 1.00000 0.00000 0.00000 0.0000 0.0000
transfer_white
0 42.00000 -6.34683 4.87009 1.00000 0.00000 0.00000 0.9504 0.0380
0 42.00000 -6.92820 4.00000 1.00000 0.00000 0.00000 0.9459 0.0312
0 42.00000 0.00000 0.00000 1.00000 0.00000 0.00000 0.0000 0.0000
transfer_white
0 42.00000 -6.92820 4.00000 1.00000 0.00000 0.00000 0.9459 0.0312
0 42.00000 -7.39104 3.06147 1.00000 0.00000 0.00000 0.9423 0.0239
0 42.00000 0.00000 0.00000 1.00000 0.00000 0.00000 0.0000 0.0000
transfer_white
0 42.00000 -7.39104 3.06147 1.00000 0.00000 0.00000 0.9423 0.0239
0 42.00000 -7.72741 2.07055 1.00000 0.00000 0.00000 0.9396 0.0162
0 42.00000 0.00000 0.00000 1.00000 0.00000 0.00000 0.0000 0.0000
transfer_white
0 42.00000 -7.72741 2.07055 1.00000 0.00000 0.00000 0.9396 0.0162
0 42.00000 -7.93156 1.04421 1.00000 0.00000 0.00000 0.9380 0.0082
0 42.00000 0.00000 0.00000 1.00000 0.00000 0.00000 0.0000 0.0000
transfer_white
0 42.00000 -7.93156 1.04421 1.00000 0.00000 0.00000 0.9380 0.0082
0 42.00000 -8.00000 0.00000 1.00000 0.00000 0.00000 0.9375 0.0000
0 42.00000 0.00000 0.00000 1.00000 0.00000 0.00000 0.0000 0.0000
transfer_white
0 42.00000 -8.00000 0.00000 1.00000 0.00000 0.00000 0.9375 0.0000
0 42.00000 -7.93156 -1.04421 1.00000 0.00000 0.00000 0.9380 0.9918
0 42.00000 0.00000 0.00000 1.00000 0.00000 0.00000 0.0000 0.0000
transfer_white
0 42.00000 -7.93156 -1.04421 1.00000 -0.00000 0.00000 0.9380 0.9918
0 42.00000 -7.72741 -2.07055 1.00000 -0.00000 0.00000 0.9396 0.9838
0 42.00000 0.00000 0.00000 1.00000 -0.00000 0.00000 0.0000 0.0000
transfer_white
0 42.00000 -7.72741 -2.07055 1.00000 -0.00000 0.00000 0.9396 0.9838
0 42.00000 -7.39104 -3.06147 1.00000 -0.00000 0.00000 0.9423 0.9761
0 42.00000 0.00000 0.00000 1.00000 -0.00000 0.00000 0.0000 0.0000
transfer_white
0 42.00000 -7.39104 -3.06147 1.00000 -0.00000 0.00000 0.9423 0.9761
0 42.00000 -6.92820 -4.00000 1.00000 -0.00000 0.00000 0.9459 0.9688
0 42.00000 0.00000 0.00000 1.00000 -0.00000 0.00000 0.0000 0.0000
transfer_white
0 42.00000 -6.92820 -4.00000 1.00000 -0.00000 0.00000 0.9459 0.9688
0 42.00000 -6.34683 -4.87009 1.00000 -0.00000 0.00000 0.9504 0.9620
0 42.00000 0.00000 0.00000 1.00000 -0.00000 0.00000 0.0000 0.0000
transfer_white
0 42.00000 -6.34683 -4.87009 1.00000 -0.00000 0.00000 0.9504 0.9620
0 42.00000 -5.65685 -5.65685 1.00000 -0.00000 0.00000 0.9558 0.9558
0 42.00000 0.00000 0.00000 1.00000 -0.00000 0.00000 0.0000 0.0000
transfer_white
0 42.00000 -5.65685 -5.65685 1.00000 -0.00000 0.00000 0.9558 0.9558
0 42.00000 -4.87009 -6.34683 1.00000 -0.00000 0.00000 0.9620 0.9504
0 42.00000 0.00000 0.00000 1.00000 -0.00000 0.00000 0.0000 0.0000
transfer_white
0 42.00000 -4.87009 -6.34683 1.00000 -0.00000 0.00000 0.9620 0.9504
0 42.00000 -4.00000 -6.92820 1.00000 -0.00000 0.00000 0.9688 0.9459
0 42.00000 0.00000 0.00000 1.00000 -0.00000 0.00000 0.0000 0.0000
transfer_white
0 42.00000 -4.00000 -6.92820 1.00000 -0.00000 0.00000 0.9688 0.9459
0 42.00000 -3.06147 -7.39104 1.00000 -0.00000 0.00000 0.9761 0.9423
0 42.00000 0.00000 0.00000 1.00000 -0.00000 0.00000 0.0000 0.0000
transfer_white
0 42.00000 -3.06147 -7.39104 1.00000 -0.00000 0.00000 0.9761 0.9423
0 42.00000 -2.07055 -7.72741 1.00000 -0.00000 0.00000 0.9838 0.9396
0 42.00000 0.00000 0.00000 1.00000 -0.00000 0.00000 0.0000 0.0000
transfer_white
0 42.00000 -2.07055 -7.72741 1.00000 -0.00000 0.00000 0.9838 0.9396
0 42.00000 -1.04421 -7.93156 1.00000 -0.00000 0.00000 0.9918 0.9380
0 42.00000 0.00000 0.00000 1.00000 -0.00000 0.00000 0.0000 0.0000
transfer_white
0 42.00000 -1.04421 -7.93156 1.00000 -0.00000 0.00000 0.9918 0.9380
0 42.00000 -0.00000 -8.00000 1.00000 -0.00000 0.00000 1.0000 0.9375
0 42.00000 0.00000 0.00000 1.00000 -0.00000 0.00000 0.0000 0.0000
transfer_white
0 42.00000 -0.00000 -8.00000 1.00000 0.00000 0.00000 1.0000 0.9375
0 42.00000 1.04421 -7.93156 1.00000 0.00000 0.00000 0.0082 0.9380
0 42.00000 0.00000 0.00000 1.00000 0.00000 0.00000 0.0000 0.0000
transfer_white
0 42.00000 1.04421 -7.93156 1.00000 0.00000 -0.00000 0.0082 0.9380
0 42.00000 2.07055 -7.72741 1.00000 0.00000 -0.00000 0.0162 0.9396
0 42.00000 0.00000 0.00000 1.00000 0.00000 -0.00000 0.0000 0.0000
transfer_white
0 42.00000 2.07055 -7.72741 1.00000 0.00000 -0.00000 0.0162 0.9396
0 42.00000 3.06147 -7.39104 1.00000 0.00000 -0.00000 0.0239 0.9423
0 42.00000 0.00000 0.00000 1.00000 0.00000 -0.00000 0.0000 0.0000
transfer_white
0 42.00000 3.06147 -7.39104 1.00000 0.00000 -0.00000 0.0239 0.9423
0 42.00000 4.00000 -6.92820 1.00000 0.00000 -0.00000 0.0313 0.9459
0 42.00000 0.00000 0.00000 1.00000 0.00000 -0.00000 0.0000 0.0000
transfer_white
0 42.00000 4.00000 -6.92820 1.00000 0.00000 -0.00000 0.0313 0.9459
0 42.00000 4.87009 -6.34683 1.00000 0.00000 -0.00000 0.0380 0.9504
0 42.00000 0.00000 0.00000 1.00000 0.00000 -0.00000 0.0000 0.0000
transfer_white
0 42.00000 4.87009 -6.34683 1.00000 0.00000 -0.00000 0.0380 0.9504
0 42.00000 5.65685 -5.65685 1.00000 0.00000 -0.00000 0.0442 0.9558
0 42.00000 0.00000 0.00000 1.00000 0.00000 -0.00000 0.0000 0.0000
transfer_white
0 42.00000 5.65685 -5.65685 1.00000 0.00000 -0.00000 0.0442 0.9558
0 42.00000 6.34683 -4.87009 1.00000 0.00000 -0.00000 0.0496 0.9620
0 42.00000 0.00000 0.00000 1.00000 0.00000 -0.00000 0.0000 0.0000
transfer_white
0 42.00000 6.34683 -4.87009 1.00000 0.00000 -0.00000 0.0496 0.9620
0 42.00000 6.92820 -4.00000 1.00000 0.00000 -0.00000 0.0541 0.9688
0 42.00000 0.00000 0.00000 1.00000 0.00000 -0.00000 0.0000 0.0000
transfer_white
0 42.00000 6.92820 -4.00000 1.00000 0.00000 -0.00000 0.0541 0.9688
0 42.00000 7.39104 -3.06147 1.00000 0.00000 -0.00000 0.0577 0.9761
0 42.00000 0.00000 0.00000 1.00000 0.00000 -0.00000 0.0000 0.0000
transfer_white
0 42.00000 7.39104 -3.06147 1.00000 0.00000 -0.00000 0.0577 0.9761
0 42.00000 7.72741 -2.07055 1.00000 0.00000 -0.00000 0.0604 0.9838
0 42.00000 0.00000 0.00000 1.00000 0.00000 -0.00000 0.0000 0.0000
transfer_white
0 42.00000 7.72741 -2.07055 1.00000 0.00000 -0.00000 0.0604 0.9838
0 42.00000 7.93156 -1.04421 1.00000 0.00000 -0.00000 0.0620 0.9918
0 42.00000 0.00000 0.00000 1.00000 0.00000 -0.00000 0.0000 0.0000
transfer_white
0 42.00000 7.93156 -1.04421 1.00000 0.00000 -0.00000 0.0620 0.9918
0 42.00000 8.00000 -0.00000 1.00000 0.00000 -0.00000 0.0625 1.0000
0 42.00000 0.00000 0.00000 1.00000 0.00000 -0.00000 0.0000 0.0000
transfer_grey
0 1.00000 7.83241 1.03116 -1.00000 0.00000 0.00000 0.0612 0.0081
0 1.00000 8.42728 1.10947 -1.00000 0.00000 0.00000 0.0658 0.0087
0 1.00000 8.50000 0.00000 -1.00000 0.00000 0.00000 0.0664 0.0000
transfer_grey
0 1.00000 7.83241 1.03116 -1.00000 0.00000 0.00000 0.0612 0.0081
0 1.00000 8.50000 0.00000 -1.00000 0.00000 0.00000 0.0664 0.0000
0 1.00000 7.90000 0.00000 -1.00000 0.00000 0.00000 0.0617 0.0000
transfer_grey
0 1.00000 7.63081 2.04467 -1.00000 0.00000 0.00000 0.0596 0.0160
0 1.00000 8.21037 2.19996 -1.00000 0.00000 0.00000 0.0641 0.0172
0 1.00000 8.42728 1.10947 -1.00000 0.00000 0.00000 0.0658 0.0087
transfer_grey
0 1.00000 7.63081 2.04467 -1.00000 0.00000 0.00000 0.0596 0.0160
0 1.00000 8.42728 1.10947 -1.00000 0.00000 0.00000 0.0658 0.0087
0 1.00000 7.83241 1.03116 -1.00000 0.00000 0.00000 0.0612 0.0081
transfer_grey
0 1.00000 7.29865 3.02320 -1.00000 0.00000 0.00000 0.0570 0.0236
0 1.00000 7.85298 3.25281 -1.00000 0.00000 0.00000 0.0614 0.0254
0 1.00000 8.21037 2.19996 -1.00000 0.00000 0.00000 0.0641 0.0172
transfer_grey
0 1.00000 7.29865 3.02320 -1.00000 0.00000 0.00000 0.0570 0.0236
0 1.00000 8.21037 2.19996 -1.00000 0.00000 0.00000 0.0641 0.0172
0 1.00000 7.63081 2.04467 -1.00000 0.00000 0.00000 0.0596 0.0160
transfer_grey
0 1.00000 6.84160 3.95000 -1.00000 0.00000 0.00000 0.0535 0.0309
0 1.00000 7.36122 4.25000 -1.00000 0.00000 0.00000 0.0575 0.0332
0 1.00000 7.85298 3.25281 -1.00000 0.00000 0.00000 0.0614 0.0254
transfer_grey
0 1.00000 6.84160 3.95000 -1.00000 0.00000 0.00000 0.0535 0.0309
0 1.00000 7.85298 3.25281 -1.00000 0.00000 0.00000 0.0614 0.0254
0 1.00000 7.29865 3.02320 -1.00000 0.00000 0.00000 0.0570 0.0236
transfer_grey
0 1.00000 6.26749 4.80922 -1.00000 0.00000 0.00000 0.0490 0.0376
0 1.00000 6.74350 5.17447 -1.00000 0.00000 0.00000 0.0527 0.0404
0 1.00000 7.36122 4.25000 -1.00000 0.00000 0.00000 0.0575 0.0332
transfer_grey
0 1.00000 6.26749 4.80922 -1.00000 0.00000 0.00000 0.0490 0.0376
0 1.00000 7.36122 4.25000 -1.00000 0.00000 0.00000 0.0575 0.0332
0 1.00000 6.84160 3.95000 -1.00000 0.00000 0.00000 0.0535 0.0309
transfer_grey
0 1.00000 5.58614 5.58614 -1.00000 0.00000 0.00000 0.0436 0.0436
0 1.00000 6.01041 6.01041 -1.00000 0.00000 0.00000 0.0470 0.0470
0 1.00000 6.74350 5.17447 -1.00000 0.00000 0.00000 0.0527 0.0404
transfer_grey
0 1.00000 5.58614 5.58614 -1.00000 0.00000 0.00000 0.0436 0.0436
0 1.00000 6.74350 5.17447 -1.00000 0.00000 0.00000 0.0527 0.0404
0 1.00000 6.26749 4.80922 -1.00000 0.00000 0.00000 0.0490 0.0376
transfer_grey
0 1.00000 4.80922 6.26749 -1.00000 0.00000 0.00000 0.0376 0.0490
0 1.00000 5.17447 6.74350 -1.00000 0.00000 0.00000 0.0404 0.0527
0 1.00000 6.01041 6.01041 -1.00000 0.00000 0.00000 0.0470 0.0470
transfer_grey
0 1.00000 4.80922 6.26749 -1.00000 0.00000 0.00000 0.0376 0.0490
0 1.00000 6.01041 6.01041 -1.00000 0.00000 0.00000 0.0470 0.0470
0 1.00000 5.58614 5.58614 -1.00000 0.00000 0.00000 0.0436 0.0436
transfer_grey
0 1.00000 3.95000 6.84160 -1.00000 0.00000 0.00000 0.0309 0.0535
0 1.00000 4.25000 7.36122 -1.00000 0.00000 0.00000 0.0332 0.0575
0 1.00000 5.17447 6.74350 -1.00000 0.00000 0.00000 0.0404 0.0527
transfer_grey
0 1.00000 3.95000 6.84160 -1.00000 0.00000 0.00000 0.0309 0.0535
0 1.00000 5.17447 6.74350 -1.00000 0.00000 0.00000 0.0404 0.0527
0 1.00000 4.80922 6.26749 -1.00000 0.00000 0.00000 0.0376 0.0490
transfer_grey
0 1.00000 3.02320 7.29865 -1.00000 0.00000 0.00000 0.0236 0.0570
0 1.00000 3.25281 7.85298 -1.00000 0.00000 0.00000 0.0254 0.0614
0 1.00000 4.25000 7.36122 -1.00000 0.00000 0.00000 0.0332 0.0575
transfer_grey
0 1.00000 3.02320 7.29865 -1.00000 0.00000 0.00000 0.0236 0.0570
0 1.00000 4.25000 7.36122 -1.00000 0.00000 0.00000 0.0332 0.0575
0 1.00000 3.95000 6.84160 -1.00000 0.00000 0.00000 0.0309 0.0535
transfer_grey
0 1.00000 2.04467 7.63081 -1.00000 0.00000 0.00000 0.0160 0.0596
0 1.00000 2.19996 8.21037 -1.00000 0.00000 0.00000 0.0172 0.0641
0 1.00000 3.25281 7.85298 -1.00000 0.00000 0.00000 0.0254 0.0614
transfer_grey
0 1.00000 2.04467 7.63081 -1.00000 0.00000 0.00000 0.0160 0.0596
0 1.00000 3.25281 7.85298 -1.00000 0.00000 0.00000 0.0254 0.0614
0 1.00000 3.02320 7.29865 -1.00000 0.00000 0.00000 0.0236 0.0570
transfer_grey
0 1.00000 1.03116 7.83241 -1.00000 0.00000 0.00000 0.0081 0.0612
0 1.00000 1.10947 8.42728 -1.00000 0.00000 0.00000 0.0087 0.0658
0 1.00000 2.19996 8.21037 -1.00000 0.00000 0.00000 0.0172 0.0641
transfer_grey
0 1.00000 1.03116 7.83241 -1.00000 0.00000 0.00000 0.0081 0.0612
0 1.00000 2.19996 8.21037 -1.00000 0.00000 0.00000 0.0172 0.0641
0 1.00000 2.04467 7.63081 -1.00000 0.00000 0.00000 0.0160 0.0596
transfer_grey
0 1.00000 0.00000 7.90000 -1.00000 0.00000 0.00000 0.0000 0.0617
0 1.00000 0.00000 8.50000 -1.00000 0.00000 0.00000 0.0000 0.0664
0 1.00000 1.10947 8.42728 -1.00000 0.00000 0.00000 0.0087 0.0658
transfer_grey
0 1.00000 0.00000 7.90000 -1.00000 0.00000 0.00000 0.0000 0.0617
0 1.00000 1.10947 8.42728 -1.00000 0.00000 0.00000 0.0087 0.0658
0 1.00000 1.03116 7.83241 -1.00000 0.00000 0.00000 0.0081 0.0612
transfer_grey
0 1.00000 -1.03116 7.83241 -1.00000 0.00000 0.00000 0.9919 0.0612
0 1.00000 -1.10947 8.42728 -1.00000 0.00000 0.00000 0.9913 0.0658
0 1.00000 0.00000 8.50000 -1.00000 0.00000 0.00000 0.0000 0.0664
transfer_grey
0 1.00000 -1.03116 7.83241 -1.00000 0.00000 0.00000 0.9919 0.0612
0 1.00000 0.00000 8.50000 -1.00000 0.00000 0.00000 0.0000 0.0664
0 1.00000 0.00000 7.90000 -1.00000 0.00000 0.00000 0.0000 0.0617
transfer_grey
0 1.00000 -2.04467 7.63081 -1.00000 0.00000 0.00000 0.9840 0.0596
0 1.00000 -2.19996 8.21037 -1.00000 0.00000 0.00000 0.9828 0.0641
0 1.00000 -1.10947 8.42728 -1.00000 0.00000 0.00000 0.9913 0.0658
transfer_grey
0 1.00000 -2.04467 7.63081 -1.00000 0.00000 0.00000 0.9840 0.0596
0 1.00000 -1.10947 8.42728 -1.00000 0.00000 0.00000 0.9913 0.0658
0 1.00000 -1.03116 7.83241 -1.00000 0.00000 0.00000 0.9919 0.0612
transfer_grey
0 1.00000 -3.02320 7.29865 -1.00000 0.00000 0.00000 0.9764 0.0570
0 1.00000 -3.25281 7.85298 -1.00000 0.00000 0.00000 0.9746 0.0614
0 1.00000 -2.19996 8.21037 -1.00000 0.00000 0.00000 0.9828 0.0641
transfer_grey
0 1.00000 -3.02320 7.29865 -1.00000 0.00000 0.00000 0.9764 0.0570
0 1.00000 -2.19996 8.21037 -1.00000 0.00000 0.00000 0.9828 0.0641
0 1.00000 -2.04467 7.63081 -1.00000 0.00000 0.00000 0.9840 0.0596
transfer_grey
0 1.00000 -3.95000 6.84160 -1.00000 0.00000 0.00000 0.9691 0.0535
0 1.00000 -4.25000 7.36122 -1.00000 0.00000 0.00000 0.9668 0.0575
0 1.00000 -3.25281 7.85298 -1.00000 0.00000 0.00000 0.9746 0.0614
transfer_grey
0 1.00000 -3.95000 6.84160 -1.00000 0.00000 0.00000 0.9691 0.0535
0 1.00000 -3.25281 7.85298 -1.00000 0.00000 0.00000 0.9746 0.0614
0 1.00000 -3.02320 7.29865 -1.00000 0.00000 0.00000 0.9764 0.0570
transfer_grey
0 1.00000 -4.80922 6.26749 -1.00000 0.00000 0.00000 0.9624 0.0490
0 1.00000 -5.17447 6.74350 -1.00000 0.00000 0.00000 0.9596 0.0527
0 1.00000 -4.25000 7.36122 -1.00000 0.00000 0.00000 0.9668 0.0575
transfer_grey
0 1.00000 -4.80922 6.26749 -1.00000 0.00000 0.00000 0.9624 0.0490
0 1.00000 -4.25000 7.36122 -1.00000 0.00000 0.00000 0.9668 0.0575
0 1.00000 -3.95000 6.84160 -1.00000 0.00000 0.00000 0.9691 0.0535
transfer_grey
0 1.00000 -5.58614 5.58614 -1.00000 0.00000 0.00000 0.9564 0.0436
0 1.00000 -6.01041 6.01041 -1.00000 0.00000 0.00000 0.9530 0.0470
0 1.00000 -5.17447 6.74350 -1.00000 0.00000 0.00000 0.9596 0.0527
transfer_grey
0 1.00000 -5.58614 5.58614 -1.00000 0.00000 0.00000 0.9564 0.0436
0 1.00000 -5.17447 6.74350 -1.00000 0.00000 0.00000 0.9596 0.0527
0 1.00000 -4.80922 6.26749 -1.00000 0.00000 0.00000 0.9624 0.0490
transfer_grey
0 1.00000 -6.26749 4.80922 -1.00000 0.00000 0.00000 0.9510 0.0376
0 1.00000 -6.74350 5.17447 -1.00000 0.00000 0.00000 0.9473 0.0404
0 1.00000 -6.01041 6.01041 -1.00000 0.00000 0.00000 0.9530 0.0470
transfer_grey
0 1.00000 -6.26749 4.80922 -1.00000 0.00000 0.00000 0.9510 0.0376
0 1.00000 -6.01041 6.01041 -1.00000 0.00000 0.00000 0.9530 0.0470
0 1.00000 -5.58614 5.58614 -1.00000 0.00000 0.00000 0.9564 0.0436
transfer_grey
0 1.00000 -6.84160 3.95000 -1.00000 0.00000 0.00000 0.9465 0.0309
0 1.00000 -7.36122 4.25000 -1.00000 0.00000 0.00000 0.9425 0.0332
0 1.00000 -6.74350 5.17447 -1.00000 0.00000 0.00000 0.9473 0.0404
transfer_grey
0 1.00000 -6.84160 3.95000 -1.00000 0.00000 0.00000 0.9465 0.0309
0 1.00000 -6.74350 5.17447 -1.00000 0.00000 0.00000 0.9473 0.0404
0 1.00000 -6.26749 4.80922 -1.00000 0.00000 0.00000 0.9510 0.0376
transfer_grey
0 1.00000 -7.29865 3.02320 -1.00000 0.00000 0.00000 0.9430 0.0236
0 1.00000 -7.85298 3.25281 -1.00000 0.00000 0.00000 0.9386 0.0254
0 1.00000 -7.36122 4.25000 -1.00000 0.00000 0.00000 0.9425 0.0332
transfer_grey
0 1.00000 -7.29865 3.02320 -1.00000 0.00000 0.00000 0.9430 0.0236
0 1.00000 -7.36122 4.25000 -1.00000 0.00000 0.00000 0.9425 0.0332
0 1.00000 -6.84160 3.95000 -1.00000 0.00000 0.00000 0.9465 0.0309
transfer_grey
0 1.00000 -7.63081 2.04467 -1.00000 0.00000 0.00000 0.9404 0.0160
0 1.00000 -8.21037 2.19996 -1.00000 0.00000 0.00000 0.9359 0.0172
0 1.00000 -7.85298 3.25281 -1.00000 0.00000 0.00000 0.9386 0.0254
transfer_grey
0 1.00000 -7.63081 2.04467 -1.00000 0.00000 0.00000 0.9404 0.0160
0 1.00000 -7.85298 3.25281 -1.00000 0.00000 0.00000 0.9386 0.0254
0 1.00000 -7.29865 3.02320 -1.00000 0.00000 0.00000 0.9430 0.0236
transfer_grey
0 1.00000 -7.83241 1.03116 -1.00000 0.00000 0.00000 0.9388 0.0081
0 1.00000 -8.42728 1.10947 -1.00000 0.00000 0.00000 0.9342 0.0087
0 1.00000 -8.21037 2.19996 -1.00000 0.00000 0.00000 0.9359 0.0172
transfer_grey
0 1.00000 -7.83241 1.03116 -1.00000 0.00000 0.00000 0.9388 0.0081
0 1.00000 -8.21037 2.19996 -1.00000 0.00000 0.00000 0.9359 0.0172
0 1.00000 -7.63081 2.04467 -1.00000 0.00000 0.00000 0.9404 0.0160
transfer_grey
0 1.00000 -7.90000 0.00000 -1.00000 0.00000 0.00000 0.9383 0.0000
0 1.00000 -8.50000 0.00000 -1.00000 0.00000 0.00000 0.9336 0.0000
0 1.00000 -8.42728 1.10947 -1.00000 0.00000 0.00000 0.9342 0.0087
transfer_grey
0 1.00000 -7.90000 0.00000 -1.00000 0.00000 0.00000 0.9383 0.0000
0 1.00000 -8.42728 1.10947 -1.00000 0.00000 0.00000 0.9342 0.0087
0 1.00000 -7.83241 1.03116 -1.00000 0.00000 0.00000 0.9388 0.0081
transfer_grey
0 1.00000 -7.83241 -1.03116 -1.00000 -0.00000 0.00000 0.9388 0.9919
0 1.00000 -8.42728 -1.10947 -1.00000 -0.00000 0.00000 0.9342 0.9913
0 1.00000 -8.50000 0.00000 -1.00000 -0.00000 0.00000 0.9336 0.0000
transfer_grey
0 1.00000 -7.83241 -1.03116 -1.00000 -0.00000 0.00000 0.9388 0.9919
0 1.00000 -8.50000 0.00000 -1.00000 -0.00000 0.00000 0.9336 0.0000
0 1.00000 -7.90000 0.00000 -1.00000 -0.00000 0.00000 0.9383 0.0000
transfer_grey
0 1.00000 -7.63081 -2.04467 -1.00000 -0.00000 0.00000 0.9404 0.9840
0 1.00000 -8.21037 -2.19996 -1.00000 -0.00000 0.00000 0.9359 0.9828
0 1.00000 -8.42728 -1.10947 -1.00000 -0.00000 0.00000 0.9342 0.9913
transfer_grey
0 1.00000 -7.63081 -2.04467 -1.00000 -0.00000 0.00000 0.9404 0.9840
0 1.00000 -8.42728 -1.10947 -1.00000 -0.00000 0.00000 0.9342 0.9913
0 1.00000 -7.83241 -1.03116 -1.00000 -0.00000 0.00000 0.9388 0.9919
transfer_grey
0 1.00000 -7.29865 -3.02320 -1.00000 -0.00000 0.00000 0.9430 0.9764
0 1.00000 -7.85298 -3.25281 -1.00000 -0.00000 0.00000 0.9386 0.9746
0 1.00000 -8.21037 -2.19996 -1.00000 -0.00000 0.00000 0.9359 0.9828
transfer_grey
0 1.00000 -7.29865 -3.02320 -1.00000 -0.00000 0.00000 0.9430 0.9764
0 1.00000 -8.21037 -2.19996 -1.00000 -0.00000 0.00000 0.9359 0.9828
0 1.00000 -7.63081 -2.04467 -1.00000 -0.00000 0.00000 0.9404 0.9840
transfer_grey
0 1.00000 -6.84160 -3.95000 -1.00000 -0.00000 0.00000 0.9465 0.9691
0 1.00000 -7.36122 -4.25000 -1.00000 -0.00000 0.00000 0.9425 0.9668
0 1.00000 -7.85298 -3.25281 -1.00000 -0.00000 0.00000 0.9386 0.9746
transfer_grey
0 1.00000 -6.84160 -3.95000 -1.00000 -0.00000 0.00000 0.9465 0.9691
0 1.00000 -7.85298 -3.25281 -1.00000 -0.00000 0.00000 0.9386 0.9746
0 1.00000 -7.29865 -3.02320 -1.00000 -0.00000 0.00000 0.9430 0.9764
transfer_grey
0 1.00000 -6.26749 -4.80922 -1.00000 -0.00000 0.00000 0.9510 0.9624
0 1.00000 -6.74350 -5.17447 -1.00000 -0.00000 0.00000 0.9473 0.9596
0 1.00000 -7.36122 -4.25000 -1.00000 -0.00000 0.00000 0.9425 0.9668
transfer_grey
0 1.00000 -6.26749 -4.80922 -1.00000 -0.00000 0.00000 0.9510 0.9624
0 1.00000 -7.36122 -4.25000 -1.00000 -0.00000 0.00000 0.9425 0.9668
0 1.00000 -6.84160 -3.95000 -1.00000 -0.00000 0.00000 0.9465 0.9691
transfer_grey
0 1.00000 -5.58614 -5.58614 -1.00000 -0.00000 0.00000 0.9564 0.9564
0 1.00000 -6.01041 -6.01041 -1.00000 -0.00000 0.00000 0.9530 0.9530
0 1.00000 -6.74350 -5.17447 -1.00000 -0.00000 0.00000 0.9473 0.9596
transfer_grey
0 1.00000 -5.58614 -5.58614 -1.00000 -0.00000 0.00000 0.9564 0.9564
0 1.00000 -6.74350 -5.17447 -1.00000 -0.00000 0.00000 0.9473 0.9596
0 1.00000 -6.26749 -4.80922 -1.00000 -0.00000 0.00000 0.9510 0.9624
transfer_grey
0 1.00000 -4.80922 -6.26749 -1.00000 -0.00000 0.00000 0.9624 0.9510
0 1.00000 -5.17447 -6.74350 -1.00000 -0.00000 0.00000 0.9596 0.9473
0 1.00000 -6.01041 -6.01041 -1.00000 -0.00000 0.00000 0.9530 0.9530
transfer_grey
0 1.00000 -4.80922 -6.26749 -1.00000 -0.00000 0.00000 0.9624 0.9510
0 1.00000 -6.01041 -6.01041 -1.00000 -0.00000 0.00000 0.9530 0.9530
0 1.00000 -5.58614 -5.58614 -1.00000 -0.00000 0.00000 0.9564 0.9564
transfer_grey
0 1.00000 -3.95000 -6.84160 -1.00000 -0.00000 0.00000 0.9691 0.9465
0 1.00000 -4.25000 -7.36122 -1.00000 -0.00000 0.00000 0.9668 0.9425
0 1.00000 -5.17447 -6.74350 -1.00000 -0.00000 0.00000 0.9596 0.9473
transfer_grey
0 1.00000 -3.95000 -6.84160 -1.00000 -0.00000 0.00000 0.9691 0.9465
0 1.00000 -5.17447 -6.74350 -1.00000 -0.00000 0.00000 0.9596 0.9473
0 1.00000 -4.80922 -6.26749 -1.00000 -0.00000 0.00000 0.9624 0.9510
transfer_grey
0 1.00000 -3.02320 -7.29865 -1.00000 0.00000 0.00000 0.9764 0.9430
0 1.00000 -3.25281 -7.85298 -1.00000 0.00000 0.00000 0.9746 0.9386
0 1.00000 -4.25000 -7.36122 -1.00000 0.00000 0.00000 0.9668 0.9425
transfer_grey
0 1.00000 -3.02320 -7.29865 -1.00000 0.00000 0.00000 0.9764 0.9430
0 1.00000 -4.25000 -7.36122 -1.00000 0.00000 0.00000 0.9668 0.9425
0 1.00000 -3.95000 -6.84160 -1.00000 0.00000 0.00000 0.9691 0.9465
transfer_grey
0 1.00000 -2.04467 -7.63081 -1.00000 0.00000 0.00000 0.9840 0.9404
0 1.00000 -2.19996 -8.21037 -1.00000 0.00000 0.00000 0.9828 0.9359
0 1.00000 -3.25281 -7.85298 -1.00000 0.00000 0.00000 0.9746 0.9386
transfer_grey
0 1.00000 -2.04467 -7.63081 -1.00000 0.00000 0.00000 0.9840 0.9404
0 1.00000 -3.25281 -7.85298 -1.00000 0.00000 0.00000 0.9746 0.9386
0 1.00000 -3.02320 -7.29865 -1.00000 0.00000 0.00000 0.9764 0.9430
transfer_grey
0 1.00000 -1.03116 -7.83241 -1.00000 0.00000 0.00000 0.9919 0.9388
0 1.00000 -1.10947 -8.42728 -1.00000 0.00000 0.00000 0.9913 0.9342
0 1.00000 -2.19996 -8.21037 -1.00000 0.00000 0.00000 0.9828 0.9359
transfer_grey
0 1.00000 -1.03116 -7.83241 -1.00000 0.00000 0.00000 0.9919 0.9388
0 1.00000 -2.19996 -8.21037 -1.00000 0.00000 0.00000 0.9828 0.9359
0 1.00000 -2.04467 -7.63081 -1.00000 0.00000 0.00000 0.9840 0.9404
transfer_grey
0 1.00000 -0.00000 -7.90000 -1.00000 0.00000 0.00000 1.0000 0.9383
0 1.00000 -0.00000 -8.50000 -1.00000 0.00000 0.00000 1.0000 0.9336
0 1.00000 -1.10947 -8.42728 -1.00000 0.00000 0.00000 0.9913 0.9342
transfer_grey
0 1.00000 -0.00000 -7.90000 -1.00000 0.00000 0.00000 1.0000 0.9383
0 1.00000 -1.10947 -8.42728 -1.00000 0.00000 0.00000 0.9913 0.9342
0 1.00000 -1.03116 -7.83241 -1.00000 0.00000 0.00000 0.9919 0.9388
transfer_grey
0 1.00000 1.03116 -7.83241 -1.00000 0.00000 -0.00000 0.0081 0.9388
0 1.00000 1.10947 -8.42728 -1.00000 0.00000 -0.00000 0.0087 0.9342
0 1.00000 -0.00000 -8.50000 -1.00000 0.00000 -0.00000 1.0000 0.9336
transfer_grey
0 1.00000 1.03116 -7.83241 -1.00000 0.00000 -0.00000 0.0081 0.9388
0 1.00000 -0.00000 -8.50000 -1.00000 0.00000 -0.00000 1.0000 0.9336
0 1.00000 -0.00000 -7.90000 -1.00000 0.00000 -0.00000 1.0000 0.9383
transfer_grey
0 1.00000 2.04467 -7.63081 -1.00000 0.00000 -0.00000 0.0160 0.9404
0 1.00000 2.19996 -8.21037 -1.00000 0.00000 -0.00000 0.0172 0.9359
0 1.00000 1.10947 -8.42728 -1.00000 0.00000 -0.00000 0.0087 0.9342
transfer_grey
0 1.00000 2.04467 -7.63081 -1.00000 0.00000 -0.00000 0.0160 0.9404
0 1.00000 1.10947 -8.42728 -1.00000 0.00000 -0.00000 0.0087 0.9342
0 1.00000 1.03116 -7.83241 -1.00000 0.00000 -0.00000 0.0081 0.9388
transfer_grey
0 1.00000 3.02320 -7.29865 -1.00000 0.00000 -0.00000 0.0236 0.9430
0 1.00000 3.25281 -7.85298 -1.00000 0.00000 -0.00000 0.0254 0.9386
0 1.00000 2.19996 -8.21037 -1.00000 0.00000 -0.00000 0.0172 0.9359
transfer_grey
0 1.00000 3.02320 -7.29865 -1.00000 0.00000 -0.00000 0.0236 0.9430
0 1.00000 2.19996 -8.21037 -1.00000 0.00000 -0.00000 0.0172 0.9359
0 1.00000 2.04467 -7.63081 -1.00000 0.00000 -0.00000 0.0160 0.9404
transfer_grey
0 1.00000 3.95000 -6.84160 -1.00000 0.00000 -0.00000 0.0309 0.9465
0 1.00000 4.25000 -7.36122 -1.00000 0.00000 -0.00000 0.0332 0.9425
0 1.00000 3.25281 -7.85298 -1.00000 0.00000 -0.00000 0.0254 0.9386
transfer_grey
0 1.00000 3.95000 -6.84160 -1.00000 0.00000 -0.00000 0.0309 0.9465
0 1.00000 3.25281 -7.85298 -1.00000 0.00000 -0.00000 0.0254 0.9386
0 1.00000 3.02320 -7.29865 -1.00000 0.00000 -0.00000 0.0236 0.9430
transfer_grey
0 1.00000 4.80922 -6.26749 -1.00000 0.00000 -0.00000 0.0376 0.9510
0 1.00000 5.17447 -6.74350 -1.00000 0.00000 -0.00000 0.0404 0.9473
0 1.00000 4.25000 -7.36122 -1.00000 0.00000 -0.00000 0.0332 0.9425
transfer_grey
0 1.00000 4.80922 -6.26749 -1.00000 0.00000 -0.00000 0.0376 0.9510
0 1.00000 4.25000 -7.36122 -1.00000 0.00000 -0.00000 0.0332 0.9425
0 1.00000 3.95000 -6.84160 -1.00000 0.00000 -0.00000 0.0309 0.9465
transfer_grey
0 1.00000 5.58614 -5.58614 -1.00000 0.00000 -0.00000 0.0436 0.9564
0 1.00000 6.01041 -6.01041 -1.00000 0.00000 -0.00000 0.0470 0.9530
0 1.00000 5.17447 -6.74350 -1.00000 0.00000 -0.00000 0.0404 0.9473
transfer_grey
0 1.00000 5.58614 -5.58614 -1.00000 0.00000 -0.00000 0.0436 0.9564
0 1.00000 5.17447 -6.74350 -1.00000 0.00000 -0.00000 0.0404 0.9473
0 1.00000 4.80922 -6.26749 -1.00000 0.00000 -0.00000 0.0376 0.9510
transfer_grey
0 1.00000 6.26749 -4.80922 -1.00000 0.00000 -0.00000 0.0490 0.9624
0 1.00000 6.74350 -5.17447 -1.00000 0.00000 -0.00000 0.0527 0.9596
0 1.00000 6.01041 -6.01041 -1.00000 0.00000 -0.00000 0.0470 0.9530
transfer_grey
0 1.00000 6.26749 -4.80922 -1.00000 0.00000 -0.00000 0.0490 0.9624
0 1.00000 6.01041 -6.01041 -1.00000 0.00000 -0.00000 0.0470 0.9530
0 1.00000 5.58614 -5.58614 -1.00000 0.00000 -0.00000 0.0436 0.9564
transfer_grey
0 1.00000 6.84160 -3.95000 -1.00000 0.00000 -0.00000 0.0535 0.9691
0 1.00000 7.36122 -4.25000 -1.00000 0.00000 -0.00000 0.0575 0.9668
0 1.00000 6.74350 -5.17447 -1.00000 0.00000 -0.00000 0.0527 0.9596
transfer_grey
0 1.00000 6.84160 -3.95000 -1.00000 0.00000 -0.00000 0.0535 0.9691
0 1.00000 6.74350 -5.17447 -1.00000 0.00000 -0.00000 0.0527 0.9596
0 1.00000 6.26749 -4.80922 -1.00000 0.00000 -0.00000 0.0490 0.9624
transfer_grey
0 1.00000 7.29865 -3.02320 -1.00000 0.00000 0.00000 0.0570 0.9764
0 1.00000 7.85298 -3.25281 -1.00000 0.00000 0.00000 0.0614 0.9746
0 1.00000 7.36122 -4.25000 -1.00000 0.00000 0.00000 0.0575 0.9668
transfer_grey
0 1.00000 7.29865 -3.02320 -1.00000 0.00000 0.00000 0.0570 0.9764
0 1.00000 7.36122 -4.25000 -1.00000 0.00000 0.00000 0.0575 0.9668
0 1.00000 6.84160 -3.95000 -1.00000 0.00000 0.00000 0.0535 0.9691
transfer_grey
0 1.00000 7.63081 -2.04467 -1.00000 0.00000 0.00000 0.0596 0.9840
0 1.00000 8.21037 -2.19996 -1.00000 0.00000 0.00000 0.0641 0.9828
0 1.00000 7.85298 -3.25281 -1.00000 0.00000 0.00000 0.0614 0.9746
transfer_grey
0 1.00000 7.63081 -2.04467 -1.00000 0.00000 0.00000 0.0596 0.9840
0 1.00000 7.85298 -3.25281 -1.00000 0.00000 0.00000 0.0614 0.9746
0 1.00000 7.29865 -3.02320 -1.00000 0.00000 0.00000 0.0570 0.9764
transfer_grey
0 1.00000 7.83241 -1.03116 -1.00000 0.00000 0.00000 0.0612 0.9919
0 1.00000 8.42728 -1.10947 -1.00000 0.00000 0.00000 0.0658 0.9913
0 1.00000 8.21037 -2.19996 -1.00000 0.00000 0.00000 0.0641 0.9828
transfer_grey
0 1.00000 7.83241 -1.03116 -1.00000 0.00000 0.00000 0.0612 0.9919
0 1.00000 8.21037 -2.19996 -1.00000 0.00000 0.00000 0.0641 0.9828
0 1.00000 7.63081 -2.04467 -1.00000 0.00000 0.00000 0.0596 0.9840
transfer_grey
0 1.00000 7.90000 -0.00000 -1.00000 0.00000 0.00000 0.0617 1.0000
0 1.00000 8.50000 -0.00000 -1.00000 0.00000 0.00000 0.0664 1.0000
0 1.00000 8.42728 -1.10947 -1.00000 0.00000 0.00000 0.0658 0.9913
transfer_grey
0 1.00000 7.90000 -0.00000 -1.00000 0.00000 0.00000 0.0617 1.0000
0 1.00000 8.42728 -1.10947 -1.00000 0.00000 0.00000 0.0658 0.9913
0 1.00000 7.83241 -1.03116 -1.00000 0.00000 0.00000 0.0612 0.9919
transfer_grey
0 1.00000 8.42728 1.10947 -0.00000 0.99786 0.06540 0.0658 0.0087
0 2.10000 8.42728 1.10947 -0.00000 0.99786 0.06540 0.0658 0.0087
0 2.10000 8.50000 0.00000 -0.00000 0.99786 0.06540 0.0664 0.0000
transfer_grey
0 1.00000 8.42728 1.10947 -0.00000 0.99786 0.06540 0.0658 0.0087
0 2.10000 8.50000 0.00000 -0.00000 0.99786 0.06540 0.0664 0.0000
0 1.00000 8.50000 0.00000 -0.00000 0.99786 0.06540 0.0664 0.0000
transfer_grey
0 1.00000 8.21037 2.19996 -0.00000 0.98079 0.19509 0.0641 0.0172
0 2.10000 8.21037 2.19996 -0.00000 0.98079 0.19509 0.0641 0.0172
0 2.10000 8.42728 1.10947 -0.00000 0.98079 0.19509 0.0658 0.0087
transfer_grey
0 1.00000 8.21037 2.19996 -0.00000 0.98079 0.19509 0.0641 0.0172
0 2.10000 8.42728 1.10947 -0.00000 0.98079 0.19509 0.0658 0.0087
0 1.00000 8.42728 1.10947 -0.00000 0.98079 0.19509 0.0658 0.0087
transfer_grey
0 1.00000 7.85298 3.25281 -0.00000 0.94693 0.32144 0.0614 0.0254
0 2.10000 7.85298 3.25281 -0.00000 0.94693 0.32144 0.0614 0.0254
0 2.10000 8.21037 2.19996 -0.00000 0.94693 0.32144 0.0641 0.0172
transfer_grey
0 1.00000 7.85298 3.25281 -0.00000 0.94693 0.32144 0.0614 0.0254
0 2.10000 8.21037 2.19996 -0.00000 0.94693 0.32144 0.0641 0.0172
0 1.00000 8.21037 2.19996 -0.00000 0.94693 0.32144 0.0641 0.0172
transfer_grey
0 1.00000 7.36122 4.25000 -0.00000 0.89687 0.44229 0.0575 0.0332
0 2.10000 7.36122 4.25000 -0.00000 0.89687 0.44229 0.0575 0.0332
0 2.10000 7.85298 3.25281 -0.00000 0.89687 0.44229 0.0614 0.0254
transfer_grey
0 1.00000 7.36122 4.25000 -0.00000 0.89687 0.44229 0.0575 0.0332
0 2.10000 7.85298 3.25281 -0.00000 0.89687 0.44229 0.0614 0.0254
0 1.00000 7.85298 3.25281 -0.00000 0.89687 0.44229 0.0614 0.0254
transfer_grey
0 1.00000 6.74350 5.17447 -0.00000 0.83147 0.55557 0.0527 0.0404
0 2.10000 6.74350 5.17447 -0.00000 0.83147 0.55557 0.0527 0.0404
0 2.10000 7.36122 4.25000 -0.00000 0.83147 0.55557 0.0575 0.0332
transfer_grey
0 1.00000 6.74350 5.17447 -0.00000 0.83147 0.55557 0.0527 0.0404
0 2.10000 7.36122 4.25000 -0.00000 0.83147 0.55557 0.0575 0.0332
0 1.00000 7.36122 4.25000 -0.00000 0.83147 0.55557 0.0575 0.0332
transfer_grey
0 1.00000 6.01041 6.01041 -0.00000 0.75184 0.65935 0.0470 0.0470
0 2.10000 6.01041 6.01041 -0.00000 0.75184 0.65935 0.0470 0.0470
0 2.10000 6.74350 5.17447 -0.00000 0.75184 0.65935 0.0527 0.0404
transfer_grey
0 1.00000 6.01041 6.01041 -0.00000 0.75184 0.65935 0.0470 0.0470
0 2.10000 6.74350 5.17447 -0.00000 0.75184 0.65935 0.0527 0.0404
0 1.00000 6.74350 5.17447 -0.00000 0.75184 0.65935 0.0527 0.0404
transfer_grey
0 1.00000 5.17447 6.74350 -0.00000 0.65935 0.75184 0.0404 0.0527
0 2.10000 5.17447 6.74350 -0.00000 0.65935 0.75184 0.0404 0.0527
0 2.10000 6.01041 6.01041 -0.00000 0.65935 0.75184 0.0470 0.0470
transfer_grey
0 1.00000 5.17447 6.74350 -0.00000 0.65935 0.75184 0.0404 0.0527
0 2.10000 6.01041 6.01041 -0.00000 0.65935 0.75184 0.0470 0.0470
0 1.00000 6.01041 6.01041 -0.00000 0.65935 0.75184 0.0470 0.0470
transfer_grey
0 1.00000 4.25000 7.36122 -0.00000 0.55557 0.83147 0.0332 0.0575
0 2.10000 4.25000 7.36122 -0.00000 0.55557 0.83147 0.0332 0.0575
0 2.10000 5.17447 6.74350 -0.00000 0.55557 0.83147 0.0404 0.0527
transfer_grey
0 1.00000 4.25000 7.36122 -0.00000 0.55557 0.83147 0.0332 0.0575
0 2.10000 5.17447 6.74350 -0.00000 0.55557 0.83147 0.0404 0.0527
0 1.00000 5.17447 6.74350 -0.00000 0.55557 0.83147 0.0404 0.0527
transfer_grey
0 1.00000 3.25281 7.85298 -0.00000 0.44229 0.89687 0.0254 0.0614
0 2.10000 3.25281 7.85298 -0.00000 0.44229 0.89687 0.0254 0.0614
0 2.10000 4.25000 7.36122 -0.00000 0.44229 0.89687 0.0332 0.0575
transfer_grey
0 1.00000 3.25281 7.85298 -0.00000 0.44229 0.89687 0.0254 0.0614
0 2.10000 4.25000 7.36122 -0.00000 0.44229 0.89687 0.0332 0.0575
0 1.00000 4.25000 7.36122 -0.00000 0.44229 0.89687 0.0332 0.0575
transfer_grey
0 1.00000 2.19996 8.21037 -0.00000 0.32144 0.94693 0.0172 0.0641
0 2.10000 2.19996 8.21037 -0.00000 0.32144 0.94693 0.0172 0.0641
0 2.10000 3.25281 7.85298 -0.00000 0.32144 0.94693 0.0254 0.0614
transfer_grey
0 1.00000 2.19996 8.21037 -0.00000 0.32144 0.94693 0.0172 0.0641
0 2.10000 3.25281 7.85298 -0.00000 0.32144 0.94693 0.0254 0.0614
0 1.00000 3.25281 7.85298 -0.00000 0.32144 0.94693 0.0254 0.0614
transfer_grey
0 1.00000 1.10947 8.42728 -0.00000 0.19509 0.98079 0.0087 0.0658
0 2.10000 1.10947 8.42728 -0.00000 0.19509 0.98079 0.0087 0.0658
0 2.10000 2.19996 8.21037 -0.00000 0.19509 0.98079 0.0172 0.0641
transfer_grey
0 1.00000 1.10947 8.42728 -0.00000 0.19509 0.98079 0.0087 0.0658
0 2.10000 2.19996 8.21037 -0.00000 0.19509 0.98079 0.0172 0.0641
0 1.00000 2.19996 8.21037 -0.00000 0.19509 0.98079 0.0172 0.0641
transfer_grey
0 1.00000 0.00000 8.50000 -0.00000 0.06540 0.99786 0.0000 0.0664
0 2.10000 0.00000 8.50000 -0.00000 0.06540 0.99786 0.0000 0.0664
0 2.10000 1.10947 8.42728 -0.00000 0.06540 0.99786 0.0087 0.0658
transfer_grey
0 1.00000 0.00000 8.50000 -0.00000 0.06540 0.99786 0.0000 0.0664
0 2.10000 1.10947 8.42728 -0.00000 0.06540 0.99786 0.0087 0.0658
0 1.00000 1.10947 8.42728 -0.00000 0.06540 0.99786 0.0087 0.0658
transfer_grey
0 1.00000 -1.10947 8.42728 0.00000 -0.06540 0.99786 0.9913 0.0658
0 2.10000 -1.10947 8.42728 0.00000 -0.06540 0.99786 0.9913 0.0658
0 2.10000 0.00000 8.50000 0.00000 -0.06540 0.99786 0.0000 0.0664
transfer_grey
0 1.00000 -1.10947 8.42728 0.00000 -0.06540 0.99786 0.9913 0.0658
0 2.10000 0.00000 8.50000 0.00000 -0.06540 0.99786 0.0000 0.0664
0 1.00000 0.00000 8.50000 0.00000 -0.06540 0.99786 0.0000 0.0664
transfer_grey
0 1.00000 -2.19996 8.21037 0.00000 -0.19509 0.98079 0.9828 0.0641
0 2.10000 -2.19996 8.21037 0.00000 -0.19509 0.98079 0.9828 0.0641
0 2.10000 -1.10947 8.42728 0.00000 -0.19509 0.98079 0.9913 0.0658
transfer_grey
0 1.00000 -2.19996 8.21037 0.00000 -0.19509 0.98079 0.9828 0.0641
0 2.10000 -1.10947 8.42728 0.00000 -0.19509 0.98079 0.9913 0.0658
0 1.00000 -1.10947 8.42728 0.00000 -0.19509 0.98079 0.9913 0.0658
transfer_grey
0 1.00000 -3.25281 7.85298 0.00000 -0.32144 0.94693 0.9746 0.0614
0 2.10000 -3.25281 7.85298 0.00000 -0.32144 0.94693 0.9746 0.0614
0 2.10000 -2.19996 8.21037 0.00000 -0.32144 0.94693 0.9828 0.0641
transfer_grey
0 1.00000 -3.25281 7.85298 0.00000 -0.32144 0.94693 0.9746 0.0614
0 2.10000 -2.19996 8.21037 0.00000 -0.32144 0.94693 0.9828 0.0641
0 1.00000 -2.19996 8.21037 0.00000 -0.32144 0.94693 0.9828 0.0641
transfer_grey
0 1.00000 -4.25000 7.36122 0.00000 -0.44229 0.89687 0.9668 0.0575
0 2.10000 -4.25000 7.36122 0.00000 -0.44229 0.89687 0.9668 0.0575
0 2.10000 -3.25281 7.85298 0.00000 -0.44229 0.89687 0.9746 0.0614
transfer_grey
0 1.00000 -4.25000 7.36122 0.00000 -0.44229 0.89687 0.9668 0.0575
0 2.10000 -3.25281 7.85298 0.00000 -0.44229 0.89687 0.9746 0.0614
0 1.00000 -3.25281 7.85298 0.00000 -0.44229 0.89687 0.9746 0.0614
transfer_grey
0 1.00000 -5.17447 6.74350 0.00000 -0.55557 0.83147 0.9596 0.0527
0 2.10000 -5.17447 6.74350 0.00000 -0.55557 0.83147 0.9596 0.0527
0 2.10000 -4.25000 7.36122 0.00000 -0.55557 0.83147 0.9668 0.0575
transfer_grey
0 1.00000 -5.17447 6.74350 0.00000 -0.55557 0.83147 0.9596 0.0527
0 2.10000 -4.25000 7.36122 0.00000 -0.55557 0.83147 0.9668 0.0575
0 1.00000 -4.25000 7.36122 0.00000 -0.55557 0.83147 0.9668 0.0575
transfer_grey
0 1.00000 -6.01041 6.01041 0.00000 -0.65935 0.75184 0.9530 0.0470
0 2.10000 -6.01041 6.01041 0.00000 -0.65935 0.75184 0.9530 0.0470
0 2.10000 -5.17447 6.74350 0.00000 -0.65935 0.75184 0.9596 0.0527
transfer_grey
0 1.00000 -6.01041 6.01041 0.00000 -0.65935 0.75184 0.9530 0.0470
0 2.10000 -5.17447 6.74350 0.00000 -0.65935 0.75184 0.9596 0.0527
0 1.00000 -5.17447 6.74350 0.00000 -0.65935 0.75184 0.9596 0.0527
transfer_grey
0 1.00000 -6.74350 5.17447 0.00000 -0.75184 0.65935 0.9473 0.0404
0 2.10000 -6.74350 5.17447 0.00000 -0.75184 0.65935 0.9473 0.0404
0 2.10000 -6.01041 6.01041 0.00000 -0.75184 0.65935 0.9530 0.0470
transfer_grey
0 1.00000 -6.74350 5.17447 0.00000 -0.75184 0.65935 0.9473 0.0404
0 2.10000 -6.01041 6.01041 0.00000 -0.75184 0.65935 0.9530 0.0470
0 1.00000 -6.01041 6.01041 0.00000 -0.75184 0.65935 0.9530 0.0470
transfer_grey
0 1.00000 -7.36122 4.25000 0.00000 -0.83147 0.55557 0.9425 0.0332
0 2.10000 -7.36122 4.25000 0.00000 -0.83147 0.55557 0.9425 0.0332
0 2.10000 -6.74350 5.17447 0.00000 -0.83147 0.55557 0.9473 0.0404
transfer_grey
0 1.00000 -7.36122 4.25000 0.00000 -0.83147 0.55557 0.9425 0.0332
0 2.10000 -6.74350 5.17447 0.00000 -0.83147 0.55557 0.9473 0.0404
0 1.00000 -6.74350 5.17447 0.00000 -0.83147 0.55557 0.9473 0.0404
transfer_grey
0 1.00000 -7.85298 3.25281 0.00000 -0.89687 0.44229 0.9386 0.0254
0 2.10000 -7.85298 3.25281 0.00000 -0.89687 0.44229 0.9386 0.0254
0 2.10000 -7.36122 4.25000 0.00000 -0.89687 0.44229 0.9425 0.0332
transfer_grey
0 1.00000 -7.85298 3.25281 0.00000 -0.89687 0.44229 0.9386 0.0254
0 2.10000 -7.36122 4.25000 0.00000 -0.89687 0.44229 0.9425 0.0332
0 1.00000 -7.36122 4.25000 0.00000 -0.89687 0.44229 0.9425 0.0332
transfer_grey
0 1.00000 -8.21037 2.19996 0.00000 -0.94693 0.32144 0.9359 0.0172
0 2.10000 -8.21037 2.19996 0.00000 -0.94693 0.32144 0.9359 0.0172
0 2.10000 -7.85298 3.25281 0.00000 -0.94693 0.32144 0.9386 0.0254
transfer_grey
0 1.00000 -8.21037 2.19996 0.00000 -0.94693 0.32144 0.9359 0.0172
0 2.10000 -7.85298 3.25281 0.00000 -0.94693 0.32144 0.9386 0.0254
0 1.00000 -7.85298 3.25281 0.00000 -0.94693 0.32144 0.9386 0.0254
transfer_grey
0 1.00000 -8.42728 1.10947 0.00000 -0.98079 0.19509 0.9342 0.0087
0 2.10000 -8.42728 1.10947 0.00000 -0.98079 0.19509 0.9342 0.0087
0 2.10000 -8.21037 2.19996 0.00000 -0.98079 0.19509 0.9359 0.0172
transfer_grey
0 1.00000 -8.42728 1.10947 0.00000 -0.98079 0.19509 0.9342 0.0087
0 2.10000 -8.21037 2.19996 0.00000 -0.98079 0.19509 0.9359 0.0172
0 1.00000 -8.21037 2.19996 0.00000 -0.98079 0.19509 0.9359 0.0172
transfer_grey
0 1.00000 -8.50000 0.00000 0.00000 -0.99786 0.06540 0.9336 0.0000
0 2.10000 -8.50000 0.00000 0.00000 -0.99786 0.06540 0.9336 0.0000
0 2.10000 -8.42728 1.10947 0.00000 -0.99786 0.06540 0.9342 0.0087
transfer_grey
0 1.00000 -8.50000 0.00000 0.00000 -0.99786 0.06540 0.9336 0.0000
0 2.10000 -8.42728 1.10947 0.00000 -0.99786 0.06540 0.9342 0.0087
0 1.00000 -8.42728 1.10947 0.00000 -0.99786 0.06540 0.9342 0.0087
transfer_grey
0 1.00000 -8.42728 -1.10947 0.00000 -0.99786 -0.06540 0.9342 0.9913
0 2.10000 -8.42728 -1.10947 0.00000 -0.99786 -0.06540 0.9342 0.9913
0 2.10000 -8.50000 0.00000 0.00000 -0.99786 -0.06540 0.9336 0.0000
transfer_grey
0 1.00000 -8.42728 -1.10947 0.00000 -0.99786 -0.06540 0.9342 0.9913
0 2.10000 -8.50000 0.00000 0.00000 -0.99786 -0.06540 0.9336 0.0000
0 1.00000 -8.50000 0.00000 0.00000 -0.99786 -0.06540 0.9336 0.0000
transfer_grey
0 1.00000 -8.21037 -2.19996 0.00000 -0.98079 -0.19509 0.9359 0.9828
0 2.10000 -8.21037 -2.19996 0.00000 -0.98079 -0.19509 0.9359 0.9828
0 2.10000 -8.42728 -1.10947 0.00000 -0.98079 -0.19509 0.9342 0.9913
transfer_grey
0 1.00000 -8.21037 -2.19996 0.00000 -0.98079 -0.19509 0.9359 0.9828
0 2.10000 -8.42728 -1.10947 0.00000 -0.98079 -0.19509 0.9342 0.9913
0 1.00000 -8.42728 -1.10947 0.00000 -0.98079 -0.19509 0.9342 0.9913
transfer_grey
0 1.00000 -7.85298 -3.25281 0.00000 -0.94693 -0.32144 0.9386 0.9746
0 2.10000 -7.85298 -3.25281 0.00000 -0.94693 -0.32144 0.9386 0.9746
0 2.10000 -8.21037 -2.19996 0.00000 -0.94693 -0.32144 0.9359 0.9828
transfer_grey
0 1.00000 -7.85298 -3.25281 0.00000 -0.94693 -0.32144 0.9386 0.9746
0 2.10000 -8.21037 -2.19996 0.00000 -0.94693 -0.32144 0.9359 0.9828
0 1.00000 -8.21037 -2.19996 0.00000 -0.94693 -0.32144 0.9359 0.9828
transfer_grey
0 1.00000 -7.36122 -4.25000 0.00000 -0.89687 -0.44229 0.9425 0.9668
0 2.10000 -7.36122 -4.25000 0.00000 -0.89687 -0.44229 0.9425 0.9668
0 2.10000 -7.85298 -3.25281 0.00000 -0.89687 -0.44229 0.9386 0.9746
transfer_grey
0 1.00000 -7.36122 -4.25000 0.00000 -0.89687 -0.44229 0.9425 0.9668
0 2.10000 -7.85298 -3.25281 0.00000 -0.89687 -0.44229 0.9386 0.9746
0 1.00000 -7.85298 -3.25281 0.00000 -0.89687 -0.44229 0.9386 0.9746
transfer_grey
0 1.00000 -6.74350 -5.17447 0.00000 -0.83147 -0.55557 0.9473 0.9596
0 2.10000 -6.74350 -5.17447 0.00000 -0.83147 -0.55557 0.9473 0.9596
0 2.10000 -7.36122 -4.25000 0.00000 -0.83147 -0.55557 0.9425 0.9668
transfer_grey
0 1.00000 -6.74350 -5.17447 0.00000 -0.83147 -0.55557 0.9473 0.9596
0 2.10000 -7.36122 -4.25000 0.00000 -0.83147 -0.55557 0.9425 0.9668
0 1.00000 -7.36122 -4.25000 0.00000 -0.83147 -0.55557 0.9425 0.9668
transfer_grey
0 1.00000 -6.01041 -6.01041 0.00000 -0.75184 -0.65935 0.9530 0.9530
0 2.10000 -6.01041 -6.01041 0.00000 -0.75184 -0.65935 0.9530 0.9530
0 2.10000 -6.74350 -5.17447 0.00000 -0.75184 -0.65935 0.9473 0.9596
transfer_grey
0 1.00000 -6.01041 -6.01041 0.00000 -0.75184 -0.65935 0.9530 0.9530
0 2.10000 -6.74350 -5.17447 0.00000 -0.75184 -0.65935 0.9473 0.9596
0 1.00000 -6.74350 -5.17447 0.00000 -0.75184 -0.65935 0.9473 0.9596
transfer_grey
0 1.00000 -5.17447 -6.74350 0.00000 -0.65935 -0.75184 0.9596 0.9473
0 2.10000 -5.17447 -6.74350 0.00000 -0.65935 -0.75184 0.9596 0.9473
0 2.10000 -6.01041 -6.01041 0.00000 -0.65935 -0.75184 0.9530 0.9530
transfer_grey
0 1.00000 -5.17447 -6.74350 0.00000 -0.65935 -0.75184 0.9596 0.9473
0 2.10000 -6.01041 -6.01041 0.00000 -0.65935 -0.75184 0.9530 0.9530
0 1.00000 -6.01041 -6.01041 0.00000 -0.65935 -0.75184 0.9530 0.9530
transfer_grey
0 1.00000 -4.25000 -7.36122 0.00000 -0.55557 -0.83147 0.9668 0.9425
0 2.10000 -4.25000 -7.36122 0.00000 -0.55557 -0.83147 0.9668 0.9425
0 2.10000 -5.17447 -6.74350 0.00000 -0.55557 -0.83147 0.9596 0.9473
transfer_grey
0 1.00000 -4.25000 -7.36122 0.00000 -0.55557 -0.83147 0.9668 0.9425
0 2.10000 -5.17447 -6.74350 0.00000 -0.55557 -0.83147 0.9596 0.9473
0 1.00000 -5.17447 -6.74350 0.00000 -0.55557 -0.83147 0.9596 0.9473
transfer_grey
0 1.00000 -3.25281 -7.85298 0.00000 -0.44229 -0.89687 0.9746 0.9386
0 2.10000 -3.25281 -7.85298 0.00000 -0.44229 -0.89687 0.9746 0.9386
0 2.10000 -4.25000 -7.36122 0.00000 -0.44229 -0.89687 0.9668 0.9425
transfer_grey
0 1.00000 -3.25281 -7.85298 0.00000 -0.44229 -0.89687 0.9746 0.9386
0 2.10000 -4.25000 -7.36122 0.00000 -0.44229 -0.89687 0.9668 0.9425
0 1.00000 -4.25000 -7.36122 0.00000 -0.44229 -0.89687 0.9668 0.9425
transfer_grey
0 1.00000 -2.19996 -8.21037 0.00000 -0.32144 -0.94693 0.9828 0.9359
0 2.10000 -2.19996 -8.21037 0.00000 -0.32144 -0.94693 0.9828 0.9359
0 2.10000 -3.25281 -7.85298 0.00000 -0.32144 -0.94693 0.9746 0.9386
transfer_grey
0 1.00000 -2.19996 -8.21037 0.00000 -0.32144 -0.94693 0.9828 0.9359
0 2.10000 -3.25281 -7.85298 0.00000 -0.32144 -0.94693 0.9746 0.9386
0 1.00000 -3.25281 -7.85298 0.00000 -0.32144 -0.94693 0.9746 0.9386
transfer_grey
0 1.00000 -1.10947 -8.42728 0.00000 -0.19509 -0.98079 0.9913 0.9342
0 2.10000 -1.10947 -8.42728 0.00000 -0.19509 -0.98079 0.9913 0.9342
0 2.10000 -2.19996 -8.21037 0.00000 -0.19509 -0.98079 0.9828 0.9359
transfer_grey
0 1.00000 -1.10947 -8.42728 0.00000 -0.19509 -0.98079 0.9913 0.9342
0 2.10000 -2.19996 -8.21037 0.00000 -0.19509 -0.98079 0.9828 0.9359
0 1.00000 -2.19996 -8.21037 0.00000 -0.19509 -0.98079 0.9828 0.9359
transfer_grey
0 1.00000 -0.00000 -8.50000 0.00000 -0.06540 -0.99786 1.0000 0.9336
0 2.10000 -0.00000 -8.50000 0.00000 -0.06540 -0.99786 1.0000 0.9336
0 2.10000 -1.10947 -8.42728 0.00000 -0.06540 -0.99786 0.9913 0.9342
transfer_grey
0 1.00000 -0.00000 -8.50000 0.00000 -0.06540 -0.99786 1.0000 0.9336
0 2.10000 -1.10947 -8.42728 0.00000 -0.06540 -0.99786 0.9913 0.9342
0 1.00000 -1.10947 -8.42728 0.00000 -0.06540 -0.99786 0.9913 0.9342
transfer_grey
0 1.00000 1.10947 -8.42728 0.00000 0.06540 -0.99786 0.0087 0.9342
0 2.10000 1.10947 -8.42728 0.00000 0.06540 -0.99786 0.0087 0.9342
0 2.10000 -0.00000 -8.50000 0.00000 0.06540 -0.99786 1.0000 0.9336
transfer_grey
0 1.00000 1.10947 -8.42728 0.00000 0.06540 -0.99786 0.0087 0.9342
0 2.10000 -0.00000 -8.50000 0.00000 0.06540 -0.99786 1.0000 0.9336
0 1.00000 -0.00000 -8.50000 0.00000 0.06540 -0.99786 1.0000 0.9336
transfer_grey
0 1.00000 2.19996 -8.21037 0.00000 0.19509 -0.98079 0.0172 0.9359
0 2.10000 2.19996 -8.21037 0.00000 0.19509 -0.98079 0.0172 0.9359
0 2.10000 1.10947 -8.42728 0.00000 0.19509 -0.98079 0.0087 0.9342
transfer_grey
0 1.00000 2.19996 -8.21037 0.00000 0.19509 -0.98079 0.0172 0.9359
0 2.10000 1.10947 -8.42728 0.00000 0.19509 -0.98079 0.0087 0.9342
0 1.00000 1.10947 -8.42728 0.00000 0.19509 -0.98079 0.0087 0.9342
transfer_grey
0 1.00000 3.25281 -7.85298 0.00000 0.32144 -0.94693 0.0254 0.9386
0 2.10000 3.25281 -7.85298 0.00000 0.32144 -0.94693 0.0254 0.9386
0 2.10000 2.19996 -8.21037 0.00000 0.32144 -0.94693 0.0172 0.9359
transfer_grey
0 1.00000 3.25281 -7.85298 0.00000 0.32144 -0.94693 0.0254 0.9386
0 2.10000 2.19996 -8.21037 0.00000 0.32144 -0.94693 0.0172 0.9359
0 1.00000 2.19996 -8.21037 0.00000 0.32144 -0.94693 0.0172 0.9359
transfer_grey
0 1.00000 4.25000 -7.36122 0.00000 0.44229 -0.89687 0.0332 0.9425
0 2.10000 4.25000 -7.36122 0.00000 0.44229 -0.89687 0.0332 0.9425
0 2.10000 3.25281 -7.85298 0.00000 0.44229 -0.89687 0.0254 0.9386
transfer_grey
0 1.00000 4.25000 -7.36122 0.00000 0.44229 -0.89687 0.0332 0.9425
0 2.10000 3.25281 -7.85298 0.00000 0.44229 -0.89687 0.0254 0.9386
0 1.00000 3.25281 -7.85298 0.00000 0.44229 -0.89687 0.0254 0.9386
transfer_grey
0 1.00000 5.17447 -6.74350 0.00000 0.55557 -0.83147 0.0404 0.9473
0 2.10000 5.17447 -6.74350 0.00000 0.55557 -0.83147 0.0404 0.9473
0 2.10000 4.25000 -7.36122 0.00000 0.55557 -0.83147 0.0332 0.9425
transfer_grey
0 1.00000 5.17447 -6.74350 0.00000 0.55557 -0.83147 0.0404 0.9473
0 2.10000 4.25000 -7.36122 0.00000 0.55557 -0.83147 0.0332 0.9425
0 1.00000 4.25000 -7.36122 0.00000 0.55557 -0.83147 0.0332 0.9425
transfer_grey
0 1.00000 6.01041 -6.01041 0.00000 0.65935 -0.75184 0.0470 0.9530
0 2.10000 6.01041 -6.01041 0.00000 0.65935 -0.75184 0.0470 0.9530
0 2.10000 5.17447 -6.74350 0.00000 0.65935 -0.75184 0.0404 0.9473
transfer_grey
0 1.00000 6.01041 -6.01041 0.00000 0.65935 -0.75184 0.0470 0.9530
0 2.10000 5.17447 -6.74350 0.00000 0.65935 -0.75184 0.0404 0.9473
0 1.00000 5.17447 -6.74350 0.00000 0.65935 -0.75184 0.0404 0.9473
transfer_grey
0 1.00000 6.74350 -5.17447 0.00000 0.75184 -0.65935 0.0527 0.9596
0 2.10000 6.74350 -5.17447 0.00000 0.75184 -0.65935 0.0527 0.9596
0 2.10000 6.01041 -6.01041 0.00000 0.75184 -0.65935 0.0470 0.9530
transfer_grey
0 1.00000 6.74350 -5.17447 0.00000 0.75184 -0.65935 0.0527 0.9596
0 2.10000 6.01041 -6.01041 0.00000 0.75184 -0.65935 0.0470 0.9530
0 1.00000 6.01041 -6.01041 0.00000 0.75184 -0.65935 0.0470 0.9530
transfer_grey
0 1.00000 7.36122 -4.25000 0.00000 0.83147 -0.55557 0.0575 0.9668
0 2.10000 7.36122 -4.25000 0.00000 0.83147 -0.55557 0.0575 0.9668
0 2.10000 6.74350 -5.17447 0.00000 0.83147 -0.55557 0.0527 0.9596
transfer_grey
0 1.00000 7.36122 -4.25000 0.00000 0.83147 -0.55557 0.0575 0.9668
0 2.10000 6.74350 -5.17447 0.00000 0.83147 -0.55557 0.0527 0.9596
0 1.00000 6.74350 -5.17447 0.00000 0.83147 -0.55557 0.0527 0.9596
transfer_grey
0 1.00000 7.85298 -3.25281 0.00000 0.89687 -0.44229 0.0614 0.9746
0 2.10000 7.85298 -3.25281 0.00000 0.89687 -0.44229 0.0614 0.9746
0 2.10000 7.36122 -4.25000 0.00000 0.89687 -0.44229 0.0575 0.9668
transfer_grey
0 1.00000 7.85298 -3.25281 0.00000 0.89687 -0.44229 0.0614 0.9746
0 2.10000 7.36122 -4.25000 0.00000 0.89687 -0.44229 0.0575 0.9668
0 1.00000 7.36122 -4.25000 0.00000 0.89687 -0.44229 0.0575 0.9668
transfer_grey
0 1.00000 8.21037 -2.19996 0.00000 0.94693 -0.32144 0.0641 0.9828
0 2.10000 8.21037 -2.19996 0.00000 0.94693 -0.32144 0.0641 0.9828
0 2.10000 7.85298 -3.25281 0.00000 0.94693 -0.32144 0.0614 0.9746
transfer_grey
0 1.00000 8.21037 -2.19996 0.00000 0.94693 -0.32144 0.0641 0.9828
0 2.10000 7.85298 -3.25281 0.00000 0.94693 -0.32144 0.0614 0.9746
0 1.00000 7.85298 -3.25281 0.00000 0.94693 -0.32144 0.0614 0.9746
transfer_grey
0 1.00000 8.42728 -1.10947 0.00000 0.98079 -0.19509 0.0658 0.9913
0 2.10000 8.42728 -1.10947 0.00000 0.98079 -0.19509 0.0658 0.9913
0 2.10000 8.21037 -2.19996 0.00000 0.98079 -0.19509 0.0641 0.9828
transfer_grey
0 1.00000 8.42728 -1.10947 0.00000 0.98079 -0.19509 0.0658 0.9913
0 2.10000 8.21037 -2.19996 0.00000 0.98079 -0.19509 0.0641 0.9828
0 1.00000 8.21037 -2.19996 0.00000 0.98079 -0.19509 0.0641 0.9828
transfer_grey
0 1.00000 8.50000 -0.00000 0.00000 0.99786 -0.06540 0.0664 1.0000
0 2.10000 8.50000 -0.00000 0.00000 0.99786 -0.06540 0.0664 1.0000
0 2.10000 8.42728 -1.10947 0.00000 0.99786 -0.06540 0.0658 0.9913
transfer_grey
0 1.00000 8.50000 -0.00000 0.00000 0.99786 -0.06540 0.0664 1.0000
0 2.10000 8.42728 -1.10947 0.00000 0.99786 -0.06540 0.0658 0.9913
0 1.00000 8.42728 -1.10947 0.00000 0.99786 -0.06540 0.0658 0.9913
transfer_grey
0 2.10000 8.42728 1.10947 1.00000 0.00000 0.00000 0.0658 0.0087
0 2.10000 7.83241 1.03116 1.00000 0.00000 0.00000 0.0612 0.0081
0 2.10000 7.90000 0.00000 1.00000 0.00000 0.00000 0.0617 0.0000
transfer_grey
0 2.10000 8.42728 1.10947 1.00000 0.00000 0.00000 0.0658 0.0087
0 2.10000 7.90000 0.00000 1.00000 0.00000 0.00000 0.0617 0.0000
0 2.10000 8.50000 0.00000 1.00000 0.00000 0.00000 0.0664 0.0000
transfer_grey
0 2.10000 8.21037 2.19996 1.00000 0.00000 0.00000 0.0641 0.0172
0 2.10000 7.63081 2.04467 1.00000 0.00000 0.00000 0.0596 0.0160
0 2.10000 7.83241 1.03116 1.00000 0.00000 0.00000 0.0612 0.0081
transfer_grey
0 2.10000 8.21037 2.19996 1.00000 0.00000 0.00000 0.0641 0.0172
0 2.10000 7.83241 1.03116 1.00000 0.00000 0.00000 0.0612 0.0081
0 2.10000 8.42728 1.10947 1.00000 0.00000 0.00000 0.0658 0.0087
transfer_grey
0 2.10000 7.85298 3.25281 1.00000 0.00000 0.00000 0.0614 0.0254
0 2.10000 7.29865 3.02320 1.00000 0.00000 0.00000 0.0570 0.0236
0 2.10000 7.63081 2.04467 1.00000 0.00000 0.00000 0.0596 0.0160
transfer_grey
0 2.10000 7.85298 3.25281 1.00000 0.00000 0.00000 0.0614 0.0254
0 2.10000 7.63081 2.04467 1.00000 0.00000 0.00000 0.0596 0.0160
0 2.10000 8.21037 2.19996 1.00000 0.00000 0.00000 0.0641 0.0172
transfer_grey
0 2.10000 7.36122 4.25000 1.00000 0.00000 0.00000 0.0575 0.0332
0 2.10000 6.84160 3.95000 1.00000 0.00000 0.00000 0.0535 0.0309
0 2.10000 7.29865 3.02320 1.00000 0.00000 0.00000 0.0570 0.0236
transfer_grey
0 2.10000 7.36122 4.25000 1.00000 0.00000 0.00000 0.0575 0.0332
0 2.10000 7.29865 3.02320 1.00000 0.00000 0.00000 0.0570 0.0236
0 2.10000 7.85298 3.25281 1.00000 0.00000 0.00000 0.0614 0.0254
transfer_grey
0 2.10000 6.74350 5.17447 1.00000 0.00000 0.00000 0.0527 0.0404
0 2.10000 6.26749 4.80922 1.00000 0.00000 0.00000 0.0490 0.0376
0 2.10000 6.84160 3.95000 1.00000 0.00000 0.00000 0.0535 0.0309
transfer_grey
0 2.10000 6.74350 5.17447 1.00000 0.00000 0.00000 0.0527 0.0404
0 2.10000 6.84160 3.95000 1.00000 0.00000 0.00000 0.0535 0.0309
0 2.10000 7.36122 4.25000 1.00000 0.00000 0.00000 0.0575 0.0332
transfer_grey
0 2.10000 6.01041 6.01041 1.00000 0.00000 0.00000 0.0470 0.0470
0 2.10000 5.58614 5.58614 1.00000 0.00000 0.00000 0.0436 0.0436
0 2.10000 6.26749 4.80922 1.00000 0.00000 0.00000 0.0490 0.0376
transfer_grey
0 2.10000 6.01041 6.01041 1.00000 0.00000 0.00000 0.0470 0.0470
0 2.10000 6.26749 4.80922 1.00000 0.00000 0.00000 0.0490 0.0376
0 2.10000 6.74350 5.17447 1.00000 0.00000 0.00000 0.0527 0.0404
transfer_grey
0 2.10000 5.17447 6.74350 1.00000 0.00000 0.00000 0.0404 0.0527
0 2.10000 4.80922 6.26749 1.00000 0.00000 0.00000 0.0376 0.0490
0 2.10000 5.58614 5.58614 1.00000 0.00000 0.00000 0.0436 0.0436
transfer_grey
0 2.10000 5.17447 6.74350 1.00000 0.00000 0.00000 0.0404 0.0527
0 2.10000 5.58614 5.58614 1.00000 0.00000 0.00000 0.0436 0.0436
0 2.10000 6.01041 6.01041 1.00000 0.00000 0.00000 0.0470 0.0470
transfer_grey
0 2.10000 4.25000 7.36122 1.00000 0.00000 0.00000 0.0332 0.0575
0 2.10000 3.95000 6.84160 1.00000 0.00000 0.00000 0.0309 0.0535
0 2.10000 4.80922 6.26749 1.00000 0.00000 0.00000 0.0376 0.0490
transfer_grey
0 2.10000 4.25000 7.36122 1.00000 0.00000 0.00000 0.0332 0.0575
0 2.10000 4.80922 6.26749 1.00000 0.00000 0.00000 0.0376 0.0490
0 2.10000 5.17447 6.74350 1.00000 0.00000 0.00000 0.0404 0.0527
transfer_grey
0 2.10000 3.25281 7.85298 1.00000 0.00000 0.00000 0.0254 0.0614
0 2.10000 3.02320 7.29865 1.00000 0.00000 0.00000 0.0236 0.0570
0 2.10000 3.95000 6.84160 1.00000 0.00000 0.00000 0.0309 0.0535
transfer_grey
0 2.10000 3.25281 7.85298 1.00000 0.00000 0.00000 0.0254 0.0614
0 2.10000 3.95000 6.84160 1.00000 0.00000 0.00000 0.0309 0.0535
0 2.10000 4.25000 7.36122 1.00000 0.00000 0.00000 0.0332 0.0575
transfer_grey
0 2.10000 2.19996 8.21037 1.00000 0.00000 0.00000 0.0172 0.0641
0 2.10000 2.04467 7.63081 1.00000 0.00000 0.00000 0.0160 0.0596
0 2.10000 3.02320 7.29865 1.00000 0.00000 0.00000 0.0236 0.0570
transfer_grey
0 2.10000 2.19996 8.21037 1.00000 0.00000 0.00000 0.0172 0.0641
0 2.10000 3.02320 7.29865 1.00000 0.00000 0.00000 0.0236 0.0570
0 2.10000 3.25281 7.85298 1.00000 0.00000 0.00000 0.0254 0.0614
transfer_grey
0 2.10000 1.10947 8.42728 1.00000 0.00000 0.00000 0.0087 0.0658
0 2.10000 1.03116 7.83241 1.00000 0.00000 0.00000 0.0081 0.0612
0 2.10000 2.04467 7.63081 1.00000 0.00000 0.00000 0.0160 0.0596
transfer_grey
0 2.10000 1.10947 8.42728 1.00000 0.00000 0.00000 0.0087 0.0658
0 2.10000 2.04467 7.63081 1.00000 0.00000 0.00000 0.0160 0.0596
0 2.10000 2.19996 8.21037 1.00000 0.00000 0.00000 0.0172 0.0641
transfer_grey
0 2.10000 0.00000 8.50000 1.00000 0.00000 0.00000 0.0000 0.0664
0 2.10000 0.00000 7.90000 1.00000 0.00000 0.00000 0.0000 0.0617
0 2.10000 1.03116 7.83241 1.00000 0.00000 0.00000 0.0081 0.0612
transfer_grey
0 2.10000 0.00000 8.50000 1.00000 0.00000 0.00000 0.0000 0.0664
0 2.10000 1.03116 7.83241 1.00000 0.00000 0.00000 0.0081 0.0612
0 2.10000 1.10947 8.42728 1.00000 0.00000 0.00000 0.0087 0.0658
transfer_grey
0 2.10000 -1.10947 8.42728 1.00000 0.00000 0.00000 0.9913 0.0658
0 2.10000 -1.03116 7.83241 1.00000 0.00000 0.00000 0.9919 0.0612
0 2.10000 0.00000 7.90000 1.00000 0.00000 0.00000 0.0000 0.0617
transfer_grey
0 2.10000 -1.10947 8.42728 1.00000 0.00000 0.00000 0.9913 0.0658
0 2.10000 0.00000 7.90000 1.00000 0.00000 0.00000 0.0000 0.0617
0 2.10000 0.00000 8.50000 1.00000 0.00000 0.00000 0.0000 0.0664
transfer_grey
0 2.10000 -2.19996 8.21037 1.00000 0.00000 0.00000 0.9828 0.0641
0 2.10000 -2.04467 7.63081 1.00000 0.00000 0.00000 0.9840 0.0596
0 2.10000 -1.03116 7.83241 1.00000 0.00000 0.00000 0.9919 0.0612
transfer_grey
0 2.10000 -2.19996 8.21037 1.00000 0.00000 0.00000 0.9828 0.0641
0 2.10000 -1.03116 7.83241 1.00000 0.00000 0.00000 0.9919 0.0612
0 2.10000 -1.10947 8.42728 1.00000 0.00000 0.00000 0.9913 0.0658
transfer_grey
0 2.10000 -3.25281 7.85298 1.00000 0.00000 0.00000 0.9746 0.0614
0 2.10000 -3.02320 7.29865 1.00000 0.00000 0.00000 0.9764 0.0570
0 2.10000 -2.04467 7.63081 1.00000 0.00000 0.00000 0.9840 0.0596
transfer_grey
0 2.10000 -3.25281 7.85298 1.00000 0.00000 0.00000 0.9746 0.0614
0 2.10000 -2.04467 7.63081 1.00000 0.00000 0.00000 0.9840 0.0596
0 2.10000 -2.19996 8.21037 1.00000 0.00000 0.00000 0.9828 0.0641
transfer_grey
0 2.10000 -4.25000 7.36122 1.00000 0.00000 0.00000 0.9668 0.0575
0 2.10000 -3.95000 6.84160 1.00000 0.00000 0.00000 0.9691 0.0535
0 2.10000 -3.02320 7.29865 1.00000 0.00000 0.00000 0.9764 0.0570
transfer_grey
0 2.10000 -4.25000 7.36122 1.00000 0.00000 0.00000 0.9668 0.0575
0 2.10000 -3.02320 7.29865 1.00000 0.00000 0.00000 0.9764 0.0570
0 2.10000 -3.25281 7.85298 1.00000 0.00000 0.00000 0.9746 0.0614
transfer_grey
0 2.10000 -5.17447 6.74350 1.00000 -0.00000 0.00000 0.9596 0.0527
0 2.10000 -4.80922 6.26749 1.00000 -0.00000 0.00000 0.9624 0.0490
0 2.10000 -3.95000 6.84160 1.00000 -0.00000 0.00000 0.9691 0.0535
transfer_grey
0 2.10000 -5.17447 6.74350 1.00000 -0.00000 0.00000 0.9596 0.0527
0 2.10000 -3.95000 6.84160 1.00000 -0.00000 0.00000 0.9691 0.0535
0 2.10000 -4.25000 7.36122 1.00000 -0.00000 0.00000 0.9668 0.0575
transfer_grey
0 2.10000 -6.01041 6.01041 1.00000 -0.00000 0.00000 0.9530 0.0470
0 2.10000 -5.58614 5.58614 1.00000 -0.00000 0.00000 0.9564 0.0436
0 2.10000 -4.80922 6.26749 1.00000 -0.00000 0.00000 0.9624 0.0490
transfer_grey
0 2.10000 -6.01041 6.01041 1.00000 -0.00000 0.00000 0.9530 0.0470
0 2.10000 -4.80922 6.26749 1.00000 -0.00000 0.00000 0.9624 0.0490
0 2.10000 -5.17447 6.74350 1.00000 -0.00000 0.00000 0.9596 0.0527
transfer_grey
0 2.10000 -6.74350 5.17447 1.00000 -0.00000 0.00000 0.9473 0.0404
0 2.10000 -6.26749 4.80922 1.00000 -0.00000 0.00000 0.9510 0.0376
0 2.10000 -5.58614 5.58614 1.00000 -0.00000 0.00000 0.9564 0.0436
transfer_grey
0 2.10000 -6.74350 5.17447 1.00000 -0.00000 0.00000 0.9473 0.0404
0 2.10000 -5.58614 5.58614 1.00000 -0.00000 0.00000 0.9564 0.0436
0 2.10000 -6.01041 6.01041 1.00000 -0.00000 0.00000 0.9530 0.0470
transfer_grey
0 2.10000 -7.36122 4.25000 1.00000 -0.00000 0.00000 0.9425 0.0332
0 2.10000 -6.84160 3.95000 1.00000 -0.00000 0.00000 0.9465 0.0309
0 2.10000 -6.26749 4.80922 1.00000 -0.00000 0.00000 0.9510 0.0376
transfer_grey
0 2.10000 -7.36122 4.25000 1.00000 -0.00000 0.00000 0.9425 0.0332
0 2.10000 -6.26749 4.80922 1.00000 -0.00000 0.00000 0.9510 0.0376
0 2.10000 -6.74350 5.17447 1.00000 -0.00000 0.00000 0.9473 0.0404
transfer_grey
0 2.10000 -7.85298 3.25281 1.00000 -0.00000 0.00000 0.9386 0.0254
0 2.10000 -7.29865 3.02320 1.00000 -0.00000 0.00000 0.9430 0.0236
0 2.10000 -6.84160 3.95000 1.00000 -0.00000 0.00000 0.9465 0.0309
transfer_grey
0 2.10000 -7.85298 3.25281 1.00000 -0.00000 0.00000 0.9386 0.0254
0 2.10000 -6.84160 3.95000 1.00000 -0.00000 0.00000 0.9465 0.0309
0 2.10000 -7.36122 4.25000 1.00000 -0.00000 0.00000 0.9425 0.0332
transfer_grey
0 2.10000 -8.21037 2.19996 1.00000 -0.00000 0.00000 0.9359 0.0172
0 2.10000 -7.63081 2.04467 1.00000 -0.00000 0.00000 0.9404 0.0160
0 2.10000 -7.29865 3.02320 1.00000 -0.00000 0.00000 0.9430 0.0236
transfer_grey
0 2.10000 -8.21037 2.19996 1.00000 -0.00000 0.00000 0.9359 0.0172
0 2.10000 -7.29865 3.02320 1.00000 -0.00000 0.00000 0.9430 0.0236
0 2.10000 -7.85298 3.25281 1.00000 -0.00000 0.00000 0.9386 0.0254
transfer_grey
0 2.10000 -8.42728 1.10947 1.00000 -0.00000 0.00000 0.9342 0.0087
0 2.10000 -7.83241 1.03116 1.00000 -0.00000 0.00000 0.9388 0.0081
0 2.10000 -7.63081 2.04467 1.00000 -0.00000 0.00000 0.9404 0.0160
transfer_grey
0 2.10000 -8.42728 1.10947 1.00000 -0.00000 0.00000 0.9342 0.0087
0 2.10000 -7.63081 2.04467 1.00000 -0.00000 0.00000 0.9404 0.0160
0 2.10000 -8.21037 2.19996 1.00000 -0.00000 0.00000 0.9359 0.0172
transfer_grey
0 2.10000 -8.50000 0.00000 1.00000 -0.00000 0.00000 0.9336 0.0000
0 2.10000 -7.90000 0.00000 1.00000 -0.00000 0.00000 0.9383 0.0000
0 2.10000 -7.83241 1.03116 1.00000 -0.00000 0.00000 0.9388 0.0081
transfer_grey
0 2.10000 -8.50000 0.00000 1.00000 -0.00000 0.00000 0.9336 0.0000
0 2.10000 -7.83241 1.03116 1.00000 -0.00000 0.00000 0.9388 0.0081
0 2.10000 -8.42728 1.10947 1.00000 -0.00000 0.00000 0.9342 0.0087
transfer_grey
0 2.10000 -8.42728 -1.10947 1.00000 0.00000 0.00000 0.9342 0.9913
0 2.10000 -7.83241 -1.03116 1.00000 0.00000 0.00000 0.9388 0.9919
0 2.10000 -7.90000 0.00000 1.00000 0.00000 0.00000 0.9383 0.0000
transfer_grey
0 2.10000 -8.42728 -1.10947 1.00000 0.00000 0.00000 0.9342 0.9913
0 2.10000 -7.90000 0.00000 1.00000 0.00000 0.00000 0.9383 0.0000
0 2.10000 -8.50000 0.00000 1.00000 0.00000 0.00000 0.9336 0.0000
transfer_grey
0 2.10000 -8.21037 -2.19996 1.00000 0.00000 0.00000 0.9359 0.9828
0 2.10000 -7.63081 -2.04467 1.00000 0.00000 0.00000 0.9404 0.9840
0 2.10000 -7.83241 -1.03116 1.00000 0.00000 0.00000 0.9388 0.9919
transfer_grey
0 2.10000 -8.21037 -2.19996 1.00000 0.00000 0.00000 0.9359 0.9828
0 2.10000 -7.83241 -1.03116 1.00000 0.00000 0.00000 0.9388 0.9919
0 2.10000 -8.42728 -1.10947 1.00000 0.00000 0.00000 0.9342 0.9913
transfer_grey
0 2.10000 -7.85298 -3.25281 1.00000 0.00000 0.00000 0.9386 0.9746
0 2.10000 -7.29865 -3.02320 1.00000 0.00000 0.00000 0.9430 0.9764
0 2.10000 -7.63081 -2.04467 1.00000 0.00000 0.00000 0.9404 0.9840
transfer_grey
0 2.10000 -7.85298 -3.25281 1.00000 0.00000 0.00000 0.9386 0.9746
0 2.10000 -7.63081 -2.04467 1.00000 0.00000 0.00000 0.9404 0.9840
0 2.10000 -8.21037 -2.19996 1.00000 0.00000 0.00000 0.9359 0.9828
transfer_grey
0 2.10000 -7.36122 -4.25000 1.00000 0.00000 0.00000 0.9425 0.9668
0 2.10000 -6.84160 -3.95000 1.00000 0.00000 0.00000 0.9465 0.9691
0 2.10000 -7.29865 -3.02320 1.00000 0.00000 0.00000 0.9430 0.9764
transfer_grey
0 2.10000 -7.36122 -4.25000 1.00000 0.00000 0.00000 0.9425 0.9668
0 2.10000 -7.29865 -3.02320 1.00000 0.00000 0.00000 0.9430 0.9764
0 2.10000 -7.85298 -3.25281 1.00000 0.00000 0.00000 0.9386 0.9746
transfer_grey
0 2.10000 -6.74350 -5.17447 1.00000 0.00000 -0.00000 0.9473 0.9596
0 2.10000 -6.26749 -4.80922 1.00000 0.00000 -0.00000 0.9510 0.9624
0 2.10000 -6.84160 -3.95000 1.00000 0.00000 -0.00000 0.9465 0.9691
transfer_grey
0 2.10000 -6.74350 -5.17447 1.00000 0.00000 -0.00000 0.9473 0.9596
0 2.10000 -6.84160 -3.95000 1.00000 0.00000 -0.00000 0.9465 0.9691
0 2.10000 -7.36122 -4.25000 1.00000 0.00000 -0.00000 0.9425 0.9668
transfer_grey
0 2.10000 -6.01041 -6.01041 1.00000 0.00000 -0.00000 0.9530 0.9530
0 2.10000 -5.58614 -5.58614 1.00000 0.00000 -0.00000 0.9564 0.9564
0 2.10000 -6.26749 -4.80922 1.00000 0.00000 -0.00000 0.9510 0.9624
transfer_grey
0 2.10000 -6.01041 -6.01041 1.00000 0.00000 -0.00000 0.9530 0.9530
0 2.10000 -6.26749 -4.80922 1.00000 0.00000 -0.00000 0.9510 0.9624
0 2.10000 -6.74350 -5.17447 1.00000 0.00000 -0.00000 0.9473 0.9596
transfer_grey
0 2.10000 -5.17447 -6.74350 1.00000 0.00000 -0.00000 0.9596 0.9473
0 2.10000 -4.80922 -6.26749 1.00000 0.00000 -0.00000 0.9624 0.9510
0 2.10000 -5.58614 -5.58614 1.00000 0.00000 -0.00000 0.9564 0.9564
transfer_grey
0 2.10000 -5.17447 -6.74350 1.00000 0.00000 -0.00000 0.9596 0.9473
0 2.10000 -5.58614 -5.58614 1.00000 0.00000 -0.00000 0.9564 0.9564
0 2.10000 -6.01041 -6.01041 1.00000 0.00000 -0.00000 0.9530 0.9530
transfer_grey
0 2.10000 -4.25000 -7.36122 1.00000 0.00000 -0.00000 0.9668 0.9425
0 2.10000 -3.95000 -6.84160 1.00000 0.00000 -0.00000 0.9691 0.9465
0 2.10000 -4.80922 -6.26749 1.00000 0.00000 -0.00000 0.9624 0.9510
transfer_grey
0 2.10000 -4.25000 -7.36122 1.00000 0.00000 -0.00000 0.9668 0.9425
0 2.10000 -4.80922 -6.26749 1.00000 0.00000 -0.00000 0.9624 0.9510
0 2.10000 -5.17447 -6.74350 1.00000 0.00000 -0.00000 0.9596 0.9473
transfer_grey
0 2.10000 -3.25281 -7.85298 1.00000 0.00000 -0.00000 0.9746 0.9386
0 2.10000 -3.02320 -7.29865 1.00000 0.00000 -0.00000 0.9764 0.9430
0 2.10000 -3.95000 -6.84160 1.00000 0.00000 -0.00000 0.9691 0.9465
transfer_grey
0 2.10000 -3.25281 -7.85298 1.00000 0.00000 -0.00000 0.9746 0.9386
0 2.10000 -3.95000 -6.84160 1.00000 0.00000 -0.00000 0.9691 0.9465
0 2.10000 -4.25000 -7.36122 1.00000 0.00000 -0.00000 0.9668 0.9425
transfer_grey
0 2.10000 -2.19996 -8.21037 1.00000 0.00000 -0.00000 0.9828 0.9359
0 2.10000 -2.04467 -7.63081 1.00000 0.00000 -0.00000 0.9840 0.9404
0 2.10000 -3.02320 -7.29865 1.00000 0.00000 -0.00000 0.9764 0.9430
transfer_grey
0 2.10000 -2.19996 -8.21037 1.00000 0.00000 -0.00000 0.9828 0.9359
0 2.10000 -3.02320 -7.29865 1.00000 0.00000 -0.00000 0.9764 0.9430
0 2.10000 -3.25281 -7.85298 1.00000 0.00000 -0.00000 0.9746 0.9386
transfer_grey
0 2.10000 -1.10947 -8.42728 1.00000 0.00000 -0.00000 0.9913 0.9342
0 2.10000 -1.03116 -7.83241 1.00000 0.00000 -0.00000 0.9919 0.9388
0 2.10000 -2.04467 -7.63081 1.00000 0.00000 -0.00000 0.9840 0.9404
transfer_grey
0 2.10000 -1.10947 -8.42728 1.00000 0.00000 -0.00000 0.9913 0.9342
0 2.10000 -2.04467 -7.63081 1.00000 0.00000 -0.00000 0.9840 0.9404
0 2.10000 -2.19996 -8.21037 1.00000 0.00000 -0.00000 0.9828 0.9359
transfer_grey
0 2.10000 -0.00000 -8.50000 1.00000 0.00000 -0.00000 1.0000 0.9336
0 2.10000 -0.00000 -7.90000 1.00000 0.00000 -0.00000 1.0000 0.9383
0 2.10000 -1.03116 -7.83241 1.00000 0.00000 -0.00000 0.9919 0.9388
transfer_grey
0 2.10000 -0.00000 -8.50000 1.00000 0.00000 -0.00000 1.0000 0.9336
0 2.10000 -1.03116 -7.83241 1.00000 0.00000 -0.00000 0.9919 0.9388
0 2.10000 -1.10947 -8.42728 1.00000 0.00000 -0.00000 0.9913 0.9342
transfer_grey
0 2.10000 1.10947 -8.42728 1.00000 0.00000 0.00000 0.0087 0.9342
0 2.10000 1.03116 -7.83241 1.00000 0.00000 0.00000 0.0081 0.9388
0 2.10000 -0.00000 -7.90000 1.00000 0.00000 0.00000 1.0000 0.9383
transfer_grey
0 2.10000 1.10947 -8.42728 1.00000 0.00000 0.00000 0.0087 0.9342
0 2.10000 -0.00000 -7.90000 1.00000 0.00000 0.00000 1.0000 0.9383
0 2.10000 -0.00000 -8.50000 1.00000 0.00000 0.00000 1.0000 0.9336
transfer_grey
0 2.10000 2.19996 -8.21037 1.00000 0.00000 0.00000 0.0172 0.9359
0 2.10000 2.04467 -7.63081 1.00000 0.00000 0.00000 0.0160 0.9404
0 2.10000 1.03116 -7.83241 1.00000 0.00000 0.00000 0.0081 0.9388
transfer_grey
0 2.10000 2.19996 -8.21037 1.00000 0.00000 0.00000 0.0172 0.9359
0 2.10000 1.03116 -7.83241 1.00000 0.00000 0.00000 0.0081 0.9388
0 2.10000 1.10947 -8.42728 1.00000 0.00000 0.00000 0.0087 0.9342
transfer_grey
0 2.10000 3.25281 -7.85298 1.00000 0.00000 0.00000 0.0254 0.9386
0 2.10000 3.02320 -7.29865 1.00000 0.00000 0.00000 0.0236 0.9430
0 2.10000 2.04467 -7.63081 1.00000 0.00000 0.00000 0.0160 0.9404
transfer_grey
0 2.10000 3.25281 -7.85298 1.00000 0.00000 0.00000 0.0254 0.9386
0 2.10000 2.04467 -7.63081 1.00000 0.00000 0.00000 0.0160 0.9404
0 2.10000 2.19996 -8.21037 1.00000 0.00000 0.00000 0.0172 0.9359
transfer_grey
0 2.10000 4.25000 -7.36122 1.00000 0.00000 0.00000 0.0332 0.9425
0 2.10000 3.95000 -6.84160 1.00000 0.00000 0.00000 0.0309 0.9465
0 2.10000 3.02320 -7.29865 1.00000 0.00000 0.00000 0.0236 0.9430
transfer_grey
0 2.10000 4.25000 -7.36122 1.00000 0.00000 0.00000 0.0332 0.9425
0 2.10000 3.02320 -7.29865 1.00000 0.00000 0.00000 0.0236 0.9430
0 2.10000 3.25281 -7.85298 1.00000 0.00000 0.00000 0.0254 0.9386
transfer_grey
0 2.10000 5.17447 -6.74350 1.00000 0.00000 0.00000 0.0404 0.9473
0 2.10000 4.80922 -6.26749 1.00000 0.00000 0.00000 0.0376 0.9510
0 2.10000 3.95000 -6.84160 1.00000 0.00000 0.00000 0.0309 0.9465
transfer_grey
0 2.10000 5.17447 -6.74350 1.00000 0.00000 0.00000 0.0404 0.9473
0 2.10000 3.95000 -6.84160 1.00000 0.00000 0.00000 0.0309 0.9465
0 2.10000 4.25000 -7.36122 1.00000 0.00000 0.00000 0.0332 0.9425
transfer_grey
0 2.10000 6.01041 -6.01041 1.00000 0.00000 0.00000 0.0470 0.9530
0 2.10000 5.58614 -5.58614 1.00000 0.00000 0.00000 0.0436 0.9564
0 2.10000 4.80922 -6.26749 1.00000 0.00000 0.00000 0.0376 0.9510
transfer_grey
0 2.10000 6.01041 -6.01041 1.00000 0.00000 0.00000 0.0470 0.9530
0 2.10000 4.80922 -6.26749 1.00000 0.00000 0.00000 0.0376 0.9510
0 2.10000 5.17447 -6.74350 1.00000 0.00000 0.00000 0.0404 0.9473
transfer_grey
0 2.10000 6.74350 -5.17447 1.00000 0.00000 0.00000 0.0527 0.9596
0 2.10000 6.26749 -4.80922 1.00000 0.00000 0.00000 0.0490 0.9624
0 2.10000 5.58614 -5.58614 1.00000 0.00000 0.00000 0.0436 0.9564
transfer_grey
0 2.10000 6.74350 -5.17447 1.00000 0.00000 0.00000 0.0527 0.9596
0 2.10000 5.58614 -5.58614 1.00000 0.00000 0.00000 0.0436 0.9564
0 2.10000 6.01041 -6.01041 1.00000 0.00000 0.00000 0.0470 0.9530
transfer_grey
0 2.10000 7.36122 -4.25000 1.00000 0.00000 0.00000 0.0575 0.9668
0 2.10000 6.84160 -3.95000 1.00000 0.00000 0.00000 0.0535 0.9691
0 2.10000 6.26749 -4.80922 1.00000 0.00000 0.00000 0.0490 0.9624
transfer_grey
0 2.10000 7.36122 -4.25000 1.00000 0.00000 0.00000 0.0575 0.9668
0 2.10000 6.26749 -4.80922 1.00000 0.00000 0.00000 0.0490 0.9624
0 2.10000 6.74350 -5.17447 1.00000 0.00000 0.00000 0.0527 0.9596
transfer_grey
0 2.10000 7.85298 -3.25281 1.00000 0.00000 0.00000 0.0614 0.9746
0 2.10000 7.29865 -3.02320 1.00000 0.00000 0.00000 0.0570 0.9764
0 2.10000 6.84160 -3.95000 1.00000 0.00000 0.00000 0.0535 0.9691
transfer_grey
0 2.10000 7.85298 -3.25281 1.00000 0.00000 0.00000 0.0614 0.9746
0 2.10000 6.84160 -3.95000 1.00000 0.00000 0.00000 0.0535 0.9691
0 2.10000 7.36122 -4.25000 1.00000 0.00000 0.00000 0.0575 0.9668
transfer_grey
0 2.10000 8.21037 -2.19996 1.00000 0.00000 0.00000 0.0641 0.9828
0 2.10000 7.63081 -2.04467 1.00000 0.00000 0.00000 0.0596 0.9840
0 2.10000 7.29865 -3.02320 1.00000 0.00000 0.00000 0.0570 0.9764
transfer_grey
0 2.10000 8.21037 -2.19996 1.00000 0.00000 0.00000 0.0641 0.9828
0 2.10000 7.29865 -3.02320 1.00000 0.00000 0.00000 0.0570 0.9764
0 2.10000 7.85298 -3.25281 1.00000 0.00000 0.00000 0.0614 0.9746
transfer_grey
0 2.10000 8.42728 -1.10947 1.00000 0.00000 0.00000 0.0658 0.9913
0 2.10000 7.83241 -1.03116 1.00000 0.00000 0.00000 0.0612 0.9919
0 2.10000 7.63081 -2.04467 1.00000 0.00000 0.00000 0.0596 0.9840
transfer_grey
0 2.10000 8.42728 -1.10947 1.00000 0.00000 0.00000 0.0658 0.9913
0 2.10000 7.63081 -2.04467 1.00000 0.00000 0.00000 0.0596 0.9840
0 2.10000 8.21037 -2.19996 1.00000 0.00000 0.00000 0.0641 0.9828
transfer_grey
0 2.10000 8.50000 -0.00000 1.00000 0.00000 0.00000 0.0664 1.0000
0 2.10000 7.90000 -0.00000 1.00000 0.00000 0.00000 0.0617 1.0000
0 2.10000 7.83241 -1.03116 1.00000 0.00000 0.00000 0.0612 0.9919
transfer_grey
0 2.10000 8.50000 -0.00000 1.00000 0.00000 0.00000 0.0664 1.0000
0 2.10000 7.83241 -1.03116 1.00000 0.00000 0.00000 0.0612 0.9919
0 2.10000 8.42728 -1.10947 1.00000 0.00000 0.00000 0.0658 0.9913
transfer_grey
0 5.00000 9.91445 1.30526 -1.00000 0.00000 0.00000 0.0775 0.0102
0 5.00000 10.50932 1.38358 -1.00000 0.00000 0.00000 0.0821 0.0108
0 5.00000 10.60000 0.00000 -1.00000 0.00000 0.00000 0.0828 0.0000
transfer_grey
0 5.00000 9.91445 1.30526 -1.00000 0.00000 0.00000 0.0775 0.0102
0 5.00000 10.60000 0.00000 -1.00000 0.00000 0.00000 0.0828 0.0000
0 5.00000 10.00000 0.00000 -1.00000 0.00000 0.00000 0.0781 0.0000
transfer_grey
0 5.00000 9.65926 2.58819 -1.00000 0.00000 0.00000 0.0755 0.0202
0 5.00000 10.23881 2.74348 -1.00000 0.00000 0.00000 0.0800 0.0214
0 5.00000 10.50932 1.38358 -1.00000 0.00000 0.00000 0.0821 0.0108
transfer_grey
0 5.00000 9.65926 2.58819 -1.00000 0.00000 0.00000 0.0755 0.0202
0 5.00000 10.50932 1.38358 -1.00000 0.00000 0.00000 0.0821 0.0108
0 5.00000 9.91445 1.30526 -1.00000 0.00000 0.00000 0.0775 0.0102
transfer_grey
0 5.00000 9.23880 3.82683 -1.00000 0.00000 0.00000 0.0722 0.0299
0 5.00000 9.79312 4.05644 -1.00000 0.00000 0.00000 0.0765 0.0317
0 5.00000 10.23881 2.74348 -1.00000 0.00000 0.00000 0.0800 0.0214
transfer_grey
0 5.00000 9.23880 3.82683 -1.00000 0.00000 0.00000 0.0722 0.0299
0 5.00000 10.23881 2.74348 -1.00000 0.00000 0.00000 0.0800 0.0214
0 5.00000 9.65926 2.58819 -1.00000 0.00000 0.00000 0.0755 0.0202
transfer_grey
0 5.00000 8.66025 5.00000 -1.00000 0.00000 0.00000 0.0677 0.0391
0 5.00000 9.17987 5.30000 -1.00000 0.00000 0.00000 0.0717 0.0414
0 5.00000 9.79312 4.05644 -1.00000 0.00000 0.00000 0.0765 0.0317
transfer_grey
0 5.00000 8.66025 5.00000 -1.00000 0.00000 0.00000 0.0677 0.0391
0 5.00000 9.79312 4.05644 -1.00000 0.00000 0.00000 0.0765 0.0317
0 5.00000 9.23880 3.82683 -1.00000 0.00000 0.00000 0.0722 0.0299
transfer_grey
0 5.00000 7.93353 6.08761 -1.00000 0.00000 0.00000 0.0620 0.0476
0 5.00000 8.40955 6.45287 -1.00000 0.00000 0.00000 0.0657 0.0504
0 5.00000 9.17987 5.30000 -1.00000 0.00000 0.00000 0.0717 0.0414
transfer_grey
0 5.00000 7.93353 6.08761 -1.00000 0.00000 0.00000 0.0620 0.0476
0 5.00000 9.17987 5.30000 -1.00000 0.00000 0.00000 0.0717 0.0414
0 5.00000 8.66025 5.00000 -1.00000 0.00000 0.00000 0.0677 0.0391
transfer_grey
0 5.00000 7.07107 7.07107 -1.00000 0.00000 0.00000 0.0552 0.0552
0 5.00000 7.49533 7.49533 -1.00000 0.00000 0.00000 0.0586 0.0586
0 5.00000 8.40955 6.45287 -1.00000 0.00000 0.00000 0.0657 0.0504
transfer_grey
0 5.00000 7.07107 7.07107 -1.00000 0.00000 0.00000 0.0552 0.0552
0 5.00000 8.40955 6.45287 -1.00000 0.00000 0.00000 0.0657 0.0504
0 5.00000 7.93353 6.08761 -1.00000 0.00000 0.00000 0.0620 0.0476
transfer_grey
0 5.00000 6.08761 7.93353 -1.00000 0.00000 0.00000 0.0476 0.0620
0 5.00000 6.45287 8.40955 -1.00000 0.00000 0.00000 0.0504 0.0657
0 5.00000 7.49533 7.49533 -1.00000 0.00000 0.00000 0.0586 0.0586
transfer_grey
0 5.00000 6.08761 7.93353 -1.00000 0.00000 0.00000 0.0476 0.0620
0 5.00000 7.49533 7.49533 -1.00000 0.00000 0.00000 0.0586 0.0586
0 5.00000 7.07107 7.07107 -1.00000 0.00000 0.00000 0.0552 0.0552
transfer_grey
0 5.00000 5.00000 8.66025 -1.00000 0.00000 0.00000 0.0391 0.0677
0 5.00000 5.30000 9.17987 -1.00000 0.00000 0.00000 0.0414 0.0717
0 5.00000 6.45287 8.40955 -1.00000 0.00000 0.00000 0.0504 0.0657
transfer_grey
0 5.00000 5.00000 8.66025 -1.00000 0.00000 0.00000 0.0391 0.0677
0 5.00000 6.45287 8.40955 -1.00000 0.00000 0.00000 0.0504 0.0657
0 5.00000 6.08761 7.93353 -1.00000 0.00000 0.00000 0.0476 0.0620
transfer_grey
0 5.00000 3.82683 9.23880 -1.00000 0.00000 0.00000 0.0299 0.0722
0 5.00000 4.05644 9.79312 -1.00000 0.00000 0.00000 0.0317 0.0765
0 5.00000 5.30000 9.17987 -1.00000 0.00000 0.00000 0.0414 0.0717
transfer_grey
0 5.00000 3.82683 9.23880 -1.00000 0.00000 0.00000 0.0299 0.0722
0 5.00000 5.30000 9.17987 -1.00000 0.00000 0.00000 0.0414 0.0717
0 5.00000 5.00000 8.66025 -1.00000 0.00000 0.00000 0.0391 0.0677
transfer_grey
0 5.00000 2.58819 9.65926 -1.00000 0.00000 0.00000 0.0202 0.0755
0 5.00000 2.74348 10.23881 -1.00000 0.00000 0.00000 0.0214 0.0800
0 5.00000 4.05644 9.79312 -1.00000 0.00000 0.00000 0.0317 0.0765
transfer_grey
0 5.00000 2.58819 9.65926 -1.00000 0.00000 0.00000 0.0202 0.0755
0 5.00000 4.05644 9.79312 -1.00000 0.00000 0.00000 0.0317 0.0765
0 5.00000 3.82683 9.23880 -1.00000 0.00000 0.00000 0.0299 0.0722
transfer_grey
0 5.00000 1.30526 9.91445 -1.00000 0.00000 0.00000 0.0102 0.0775
0 5.00000 1.38358 10.50932 -1.00000 0.00000 0.00000 0.0108 0.0821
0 5.00000 2.74348 10.23881 -1.00000 0.00000 0.00000 0.0214 0.0800
transfer_grey
0 5.00000 1.30526 9.91445 -1.00000 0.00000 0.00000 0.0102 0.0775
0 5.00000 2.74348 10.23881 -1.00000 0.00000 0.00000 0.0214 0.0800
0 5.00000 2.58819 9.65926 -1.00000 0.00000 0.00000 0.0202 0.0755
transfer_grey
0 5.00000 0.00000 10.00000 -1.00000 0.00000 0.00000 0.0000 0.0781
0 5.00000 0.00000 10.60000 -1.00000 0.00000 0.00000 0.0000 0.0828
0 5.00000 1.38358 10.50932 -1.00000 0.00000 0.00000 0.0108 0.0821
transfer_grey
0 5.00000 0.00000 10.00000 -1.00000 0.00000 0.00000 0.0000 0.0781
0 5.00000 1.38358 10.50932 -1.00000 0.00000 0.00000 0.0108 0.0821
0 5.00000 1.30526 9.91445 -1.00000 0.00000 0.00000 0.0102 0.0775
transfer_grey
0 5.00000 -1.30526 9.91445 -1.00000 0.00000 0.00000 0.9898 0.0775
0 5.00000 -1.38358 10.50932 -1.00000 0.00000 0.00000 0.9892 0.0821
0 5.00000 0.00000 10.60000 -1.00000 0.00000 0.00000 0.0000 0.0828
transfer_grey
0 5.00000 -1.30526 9.91445 -1.00000 0.00000 0.00000 0.9898 0.0775
0 5.00000 0.00000 10.60000 -1.00000 0.00000 0.00000 0.0000 0.0828
0 5.00000 0.00000 10.00000 -1.00000 0.00000 0.00000 0.0000 0.0781
transfer_grey
0 5.00000 -2.58819 9.65926 -1.00000 0.00000 0.00000 0.9798 0.0755
0 5.00000 -2.74348 10.23881 -1.00000 0.00000 0.00000 0.9786 0.0800
0 5.00000 -1.38358 10.50932 -1.00000 0.00000 0.00000 0.9892 0.0821
transfer_grey
0 5.00000 -2.58819 9.65926 -1.00000 0.00000 0.00000 0.9798 0.0755
0 5.00000 -1.38358 10.50932 -1.00000 0.00000 0.00000 0.9892 0.0821
0 5.00000 -1.30526 9.91445 -1.00000 0.00000 0.00000 0.9898 0.0775
transfer_grey
0 5.00000 -3.82683 9.23880 -1.00000 0.00000 0.00000 0.9701 0.0722
0 5.00000 -4.05644 9.79312 -1.00000 0.00000 0.00000 0.9683 0.0765
0 5.00000 -2.74348 10.23881 -1.00000 0.00000 0.00000 0.9786 0.0800
transfer_grey
0 5.00000 -3.82683 9.23880 -1.00000 0.00000 0.00000 0.9701 0.0722
0 5.00000 -2.74348 10.23881 -1.00000 0.00000 0.00000 0.9786 0.0800
0 5.00000 -2.58819 9.65926 -1.00000 0.00000 0.00000 0.9798 0.0755
transfer_grey
0 5.00000 -5.00000 8.66025 -1.00000 0.00000 0.00000 0.9609 0.0677
0 5.00000 -5.30000 9.17987 -1.00000 0.00000 0.00000 0.9586 0.0717
0 5.00000 -4.05644 9.79312 -1.00000 0.00000 0.00000 0.9683 0.0765
transfer_grey
0 5.00000 -5.00000 8.66025 -1.00000 0.00000 0.00000 0.9609 0.0677
0 5.00000 -4.05644 9.79312 -1.00000 0.00000 0.00000 0.9683 0.0765
0 5.00000 -3.82683 9.23880 -1.00000 0.00000 0.00000 0.9701 0.0722
transfer_grey
0 5.00000 -6.08761 7.93353 -1.00000 0.00000 0.00000 0.9524 0.0620
0 5.00000 -6.45287 8.40955 -1.00000 0.00000 0.00000 0.9496 0.0657
0 5.00000 -5.30000 9.17987 -1.00000 0.00000 0.00000 0.9586 0.0717
transfer_grey
0 5.00000 -6.08761 7.93353 -1.00000 0.00000 0.00000 0.9524 0.0620
0 5.00000 -5.30000 9.17987 -1.00000 0.00000 0.00000 0.9586 0.0717
0 5.00000 -5.00000 8.66025 -1.00000 0.00000 0.00000 0.9609 0.0677
transfer_grey
0 5.00000 -7.07107 7.07107 -1.00000 0.00000 0.00000 0.9448 0.0552
0 5.00000 -7.49533 7.49533 -1.00000 0.00000 0.00000 0.9414 0.0586
0 5.00000 -6.45287 8.40955 -1.00000 0.00000 0.00000 0.9496 0.0657
transfer_grey
0 5.00000 -7.07107 7.07107 -1.00000 0.00000 0.00000 0.9448 0.0552
0 5.00000 -6.45287 8.40955 -1.00000 0.00000 0.00000 0.9496 0.0657
0 5.00000 -6.08761 7.93353 -1.00000 0.00000 0.00000 0.9524 0.0620
transfer_grey
0 5.00000 -7.93353 6.08761 -1.00000 0.00000 0.00000 0.9380 0.0476
0 5.00000 -8.40955 6.45287 -1.00000 0.00000 0.00000 0.9343 0.0504
0 5.00000 -7.49533 7.49533 -1.00000 0.00000 0.00000 0.9414 0.0586
transfer_grey
0 5.00000 -7.93353 6.08761 -1.00000 0.00000 0.00000 0.9380 0.0476
0 5.00000 -7.49533 7.49533 -1.00000 0.00000 0.00000 0.9414 0.0586
0 5.00000 -7.07107 7.07107 -1.00000 0.00000 0.00000 0.9448 0.0552
transfer_grey
0 5.00000 -8.66025 5.00000 -1.00000 0.00000 0.00000 0.9323 0.0391
0 5.00000 -9.17987 5.30000 -1.00000 0.00000 0.00000 0.9283 0.0414
0 5.00000 -8.40955 6.45287 -1.00000 0.00000 0.00000 0.9343 0.0504
transfer_grey
0 5.00000 -8.66025 5.00000 -1.00000 0.00000 0.00000 0.9323 0.0391
0 5.00000 -8.40955 6.45287 -1.00000 0.00000 0.00000 0.9343 0.0504
0 5.00000 -7.93353 6.08761 -1.00000 0.00000 0.00000 0.9380 0.0476
transfer_grey
0 5.00000 -9.23880 3.82683 -1.00000 0.00000 0.00000 0.9278 0.0299
0 5.00000 -9.79312 4.05644 -1.00000 0.00000 0.00000 0.9235 0.0317
0 5.00000 -9.17987 5.30000 -1.00000 0.00000 0.00000 0.9283 0.0414
transfer_grey
0 5.00000 -9.23880 3.82683 -1.00000 0.00000 0.00000 0.9278 0.0299
0 5.00000 -9.17987 5.30000 -1.00000 0.00000 0.00000 0.9283 0.0414
0 5.00000 -8.66025 5.00000 -1.00000 0.00000 0.00000 0.9323 0.0391
transfer_grey
0 5.00000 -9.65926 2.58819 -1.00000 0.00000 0.00000 0.9245 0.0202
0 5.00000 -10.23881 2.74348 -1.00000 0.00000 0.00000 0.9200 0.0214
0 5.00000 -9.79312 4.05644 -1.00000 0.00000 0.00000 0.9235 0.0317
transfer_grey
0 5.00000 -9.65926 2.58819 -1.00000 0.00000 0.00000 0.9245 0.0202
0 5.00000 -9.79312 4.05644 -1.00000 0.00000 0.00000 0.9235 0.0317
0 5.00000 -9.23880 3.82683 -1.00000 0.00000 0.00000 0.9278 0.0299
transfer_grey
0 5.00000 -9.91445 1.30526 -1.00000 0.00000 0.00000 0.9225 0.0102
0 5.00000 -10.50932 1.38358 -1.00000 0.00000 0.00000 0.9179 0.0108
0 5.00000 -10.23881 2.74348 -1.00000 0.00000 0.00000 0.9200 0.0214
transfer_grey
0 5.00000 -9.91445 1.30526 -1.00000 0.00000 0.00000 0.9225 0.0102
0 5.00000 -10.23881 2.74348 -1.00000 0.00000 0.00000 0.9200 0.0214
0 5.00000 -9.65926 2.58819 -1.00000 0.00000 0.00000 0.9245 0.0202
transfer_grey
0 5.00000 -10.00000 0.00000 -1.00000 0.00000 0.00000 0.9219 0.0000
0 5.00000 -10.60000 0.00000 -1.00000 0.00000 0.00000 0.9172 0.0000
0 5.00000 -10.50932 1.38358 -1.00000 0.00000 0.00000 0.9179 0.0108
transfer_grey
0 5.00000 -10.00000 0.00000 -1.00000 0.00000 0.00000 0.9219 0.0000
0 5.00000 -10.50932 1.38358 -1.00000 0.00000 0.00000 0.9179 0.0108
0 5.00000 -9.91445 1.30526 -1.00000 0.00000 0.00000 0.9225 0.0102
transfer_grey
0 5.00000 -9.91445 -1.30526 -1.00000 -0.00000 0.00000 0.9225 0.9898
0 5.00000 -10.50932 -1.38358 -1.00000 -0.00000 0.00000 0.9179 0.9892
0 5.00000 -10.60000 0.00000 -1.00000 -0.00000 0.00000 0.9172 0.0000
transfer_grey
0 5.00000 -9.91445 -1.30526 -1.00000 -0.00000 0.00000 0.9225 0.9898
0 5.00000 -10.60000 0.00000 -1.00000 -0.00000 0.00000 0.9172 0.0000
0 5.00000 -10.00000 0.00000 -1.00000 -0.00000 0.00000 0.9219 0.0000
transfer_grey
0 5.00000 -9.65926 -2.58819 -1.00000 -0.00000 0.00000 0.9245 0.9798
0 5.00000 -10.23881 -2.74348 -1.00000 -0.00000 0.00000 0.9200 0.9786
0 5.00000 -10.50932 -1.38358 -1.00000 -0.00000 0.00000 0.9179 0.9892
transfer_grey
0 5.00000 -9.65926 -2.58819 -1.00000 -0.00000 0.00000 0.9245 0.9798
0 5.00000 -10.50932 -1.38358 -1.00000 -0.00000 0.00000 0.9179 0.9892
0 5.00000 -9.91445 -1.30526 -1.00000 -0.00000 0.00000 0.9225 0.9898
transfer_grey
0 5.00000 -9.23880 -3.82683 -1.00000 -0.00000 0.00000 0.9278 0.9701
0 5.00000 -9.79312 -4.05644 -1.00000 -0.00000 0.00000 0.9235 0.9683
0 5.00000 -10.23881 -2.74348 -1.00000 -0.00000 0.00000 0.9200 0.9786
transfer_grey
0 5.00000 -9.23880 -3.82683 -1.00000 -0.00000 0.00000 0.9278 0.9701
0 5.00000 -10.23881 -2.74348 -1.00000 -0.00000 0.00000 0.9200 0.9786
0 5.00000 -9.65926 -2.58819 -1.00000 -0.00000 0.00000 0.9245 0.9798
transfer_grey
0 5.00000 -8.66025 -5.00000 -1.00000 -0.00000 0.00000 0.9323 0.9609
0 5.00000 -9.17987 -5.30000 -1.00000 -0.00000 0.00000 0.9283 0.9586
0 5.00000 -9.79312 -4.05644 -1.00000 -0.00000 0.00000 0.9235 0.9683
transfer_grey
0 5.00000 -8.66025 -5.00000 -1.00000 -0.00000 0.00000 0.9323 0.9609
0 5.00000 -9.79312 -4.05644 -1.00000 -0.00000 0.00000 0.9235 0.9683
0 5.00000 -9.23880 -3.82683 -1.00000 -0.00000 0.00000 0.9278 0.9701
transfer_grey
0 5.00000 -7.93353 -6.08761 -1.00000 -0.00000 0.00000 0.9380 0.9524
0 5.00000 -8.40955 -6.45287 -1.00000 -0.00000 0.00000 0.9343 0.9496
0 5.00000 -9.17987 -5.30000 -1.00000 -0.00000 0.00000 0.9283 0.9586
transfer_grey
0 5.00000 -7.93353 -6.08761 -1.00000 -0.00000 0.00000 0.9380 0.9524
0 5.00000 -9.17987 -5.30000 -1.00000 -0.00000 0.00000 0.9283 0.9586
0 5.00000 -8.66025 -5.00000 -1.00000 -0.00000 0.00000 0.9323 0.9609
transfer_grey
0 5.00000 -7.07107 -7.07107 -1.00000 -0.00000 0.00000 0.9448 0.9448
0 5.00000 -7.49533 -7.49533 -1.00000 -0.00000 0.00000 0.9414 0.9414
0 5.00000 -8.40955 -6.45287 -1.00000 -0.00000 0.00000 0.9343 0.9496
transfer_grey
0 5.00000 -7.07107 -7.07107 -1.00000 -0.00000 0.00000 0.9448 0.9448
0 5.00000 -8.40955 -6.45287 -1.00000 -0.00000 0.00000 0.9343 0.9496
0 5.00000 -7.93353 -6.08761 -1.00000 -0.00000 0.00000 0.9380 0.9524
transfer_grey
0 5.00000 -6.08761 -7.93353 -1.00000 -0.00000 0.00000 0.9524 0.9380
0 5.00000 -6.45287 -8.40955 -1.00000 -0.00000 0.00000 0.9496 0.9343
0 5.00000 -7.49533 -7.49533 -1.00000 -0.00000 0.00000 0.9414 0.9414
transfer_grey
0 5.00000 -6.08761 -7.93353 -1.00000 -0.00000 0.00000 0.9524 0.9380
0 5.00000 -7.49533 -7.49533 -1.00000 -0.00000 0.00000 0.9414 0.9414
0 5.00000 -7.07107 -7.07107 -1.00000 -0.00000 0.00000 0.9448 0.9448
transfer_grey
0 5.00000 -5.00000 -8.66025 -1.00000 -0.00000 0.00000 0.9609 0.9323
0 5.00000 -5.30000 -9.17987 -1.00000 -0.00000 0.00000 0.9586 0.9283
0 5.00000 -6.45287 -8.40955 -1.00000 -0.00000 0.00000 0.9496 0.9343
transfer_grey
0 5.00000 -5.00000 -8.66025 -1.00000 -0.00000 0.00000 0.9609 0.9323
0 5.00000 -6.45287 -8.40955 -1.00000 -0.00000 0.00000 0.9496 0.9343
0 5.00000 -6.08761 -7.93353 -1.00000 -0.00000 0.00000 0.9524 0.9380
transfer_grey
0 5.00000 -3.82683 -9.23880 -1.00000 -0.00000 0.00000 0.9701 0.9278
0 5.00000 -4.05644 -9.79312 -1.00000 -0.00000 0.00000 0.9683 0.9235
0 5.00000 -5.30000 -9.17987 -1.00000 -0.00000 0.00000 0.9586 0.9283
transfer_grey
0 5.00000 -3.82683 -9.23880 -1.00000 -0.00000 0.00000 0.9701 0.9278
0 5.00000 -5.30000 -9.17987 -1.00000 -0.00000 0.00000 0.9586 0.9283
0 5.00000 -5.00000 -8.66025 -1.00000 -0.00000 0.00000 0.9609 0.9323
transfer_grey
0 5.00000 -2.58819 -9.65926 -1.00000 0.00000 0.00000 0.9798 0.9245
0 5.00000 -2.74348 -10.23881 -1.00000 0.00000 0.00000 0.9786 0.9200
0 5.00000 -4.05644 -9.79312 -1.00000 0.00000 0.00000 0.9683 0.9235
transfer_grey
0 5.00000 -2.58819 -9.65926 -1.00000 0.00000 0.00000 0.9798 0.9245
0 5.00000 -4.05644 -9.79312 -1.00000 0.00000 0.00000 0.9683 0.9235
0 5.00000 -3.82683 -9.23880 -1.00000 0.00000 0.00000 0.9701 0.9278
transfer_grey
0 5.00000 -1.30526 -9.91445 -1.00000 0.00000 0.00000 0.9898 0.9225
0 5.00000 -1.38358 -10.50932 -1.00000 0.00000 0.00000 0.9892 0.9179
0 5.00000 -2.74348 -10.23881 -1.00000 0.00000 0.00000 0.9786 0.9200
transfer_grey
0 5.00000 -1.30526 -9.91445 -1.00000 0.00000 0.00000 0.9898 0.9225
0 5.00000 -2.74348 -10.23881 -1.00000 0.00000 0.00000 0.9786 0.9200
0 5.00000 -2.58819 -9.65926 -1.00000 0.00000 0.00000 0.9798 0.9245
transfer_grey
0 5.00000 -0.00000 -10.00000 -1.00000 0.00000 0.00000 1.0000 0.9219
0 5.00000 -0.00000 -10.60000 -1.00000 0.00000 0.00000 1.0000 0.9172
0 5.00000 -1.38358 -10.50932 -1.00000 0.00000 0.00000 0.9892 0.9179
transfer_grey
0 5.00000 -0.00000 -10.00000 -1.00000 0.00000 0.00000 1.0000 0.9219
0 5.00000 -1.38358 -10.50932 -1.00000 0.00000 0.00000 0.9892 0.9179
0 5.00000 -1.30526 -9.91445 -1.00000 0.00000 0.00000 0.9898 0.9225
transfer_grey
0 5.00000 1.30526 -9.91445 -1.00000 0.00000 -0.00000 0.0102 0.9225
0 5.00000 1.38358 -10.50932 -1.00000 0.00000 -0.00000 0.0108 0.9179
0 5.00000 -0.00000 -10.60000 -1.00000 0.00000 -0.00000 1.0000 0.9172
transfer_grey
0 5.00000 1.30526 -9.91445 -1.00000 0.00000 -0.00000 0.0102 0.9225
0 5.00000 -0.00000 -10.60000 -1.00000 0.00000 -0.00000 1.0000 0.9172
0 5.00000 -0.00000 -10.00000 -1.00000 0.00000 -0.00000 1.0000 0.9219
transfer_grey
0 5.00000 2.58819 -9.65926 -1.00000 0.00000 -0.00000 0.0202 0.9245
0 5.00000 2.74348 -10.23881 -1.00000 0.00000 -0.00000 0.0214 0.9200
0 5.00000 1.38358 -10.50932 -1.00000 0.00000 -0.00000 0.0108 0.9179
transfer_grey
0 5.00000 2.58819 -9.65926 -1.00000 0.00000 -0.00000 0.0202 0.9245
0 5.00000 1.38358 -10.50932 -1.00000 0.00000 -0.00000 0.0108 0.9179
0 5.00000 1.30526 -9.91445 -1.00000 0.00000 -0.00000 0.0102 0.9225
transfer_grey
0 5.00000 3.82683 -9.23880 -1.00000 0.00000 -0.00000 0.0299 0.9278
0 5.00000 4.05644 -9.79312 -1.00000 0.00000 -0.00000 0.0317 0.9235
0 5.00000 2.74348 -10.23881 -1.00000 0.00000 -0.00000 0.0214 0.9200
transfer_grey
0 5.00000 3.82683 -9.23880 -1.00000 0.00000 -0.00000 0.0299 0.9278
0 5.00000 2.74348 -10.23881 -1.00000 0.00000 -0.00000 0.0214 0.9200
0 5.00000 2.58819 -9.65926 -1.00000 0.00000 -0.00000 0.0202 0.9245
transfer_grey
0 5.00000 5.00000 -8.66025 -1.00000 0.00000 -0.00000 0.0391 0.9323
0 5.00000 5.30000 -9.17987 -1.00000 0.00000 -0.00000 0.0414 0.9283
0 5.00000 4.05644 -9.79312 -1.00000 0.00000 -0.00000 0.0317 0.9235
transfer_grey
0 5.00000 5.00000 -8.66025 -1.00000 0.00000 -0.00000 0.0391 0.9323
0 5.00000 4.05644 -9.79312 -1.00000 0.00000 -0.00000 0.0317 0.9235
0 5.00000 3.82683 -9.23880 -1.00000 0.00000 -0.00000 0.0299 0.9278
transfer_grey
0 5.00000 6.08761 -7.93353 -1.00000 0.00000 -0.00000 0.0476 0.9380
0 5.00000 6.45287 -8.40955 -1.00000 0.00000 -0.00000 0.0504 0.9343
0 5.00000 5.30000 -9.17987 -1.00000 0.00000 -0.00000 0.0414 0.9283
transfer_grey
0 5.00000 6.08761 -7.93353 -1.00000 0.00000 -0.00000 0.0476 0.9380
0 5.00000 5.30000 -9.17987 -1.00000 0.00000 -0.00000 0.0414 0.9283
0 5.00000 5.00000 -8.66025 -1.00000 0.00000 -0.00000 0.0391 0.9323
transfer_grey
0 5.00000 7.07107 -7.07107 -1.00000 0.00000 -0.00000 0.0552 0.9448
0 5.00000 7.49533 -7.49533 -1.00000 0.00000 -0.00000 0.0586 0.9414
0 5.00000 6.45287 -8.40955 -1.00000 0.00000 -0.00000 0.0504 0.9343
transfer_grey
0 5.00000 7.07107 -7.07107 -1.00000 0.00000 -0.00000 0.0552 0.9448
0 5.00000 6.45287 -8.40955 -1.00000 0.00000 -0.00000 0.0504 0.9343
0 5.00000 6.08761 -7.93353 -1.00000 0.00000 -0.00000 0.0476 0.9380
transfer_grey
0 5.00000 7.93353 -6.08761 -1.00000 0.00000 -0.00000 0.0620 0.9524
0 5.00000 8.40955 -6.45287 -1.00000 0.00000 -0.00000 0.0657 0.9496
0 5.00000 7.49533 -7.49533 -1.00000 0.00000 -0.00000 0.0586 0.9414
transfer_grey
0 5.00000 7.93353 -6.08761 -1.00000 0.00000 -0.00000 0.0620 0.9524
0 5.00000 7.49533 -7.49533 -1.00000 0.00000 -0.00000 0.0586 0.9414
0 5.00000 7.07107 -7.07107 -1.00000 0.00000 -0.00000 0.0552 0.9448
transfer_grey
0 5.00000 8.66025 -5.00000 -1.00000 0.00000 -0.00000 0.0677 0.9609
0 5.00000 9.17987 -5.30000 -1.00000 0.00000 -0.00000 0.0717 0.9586
0 5.00000 8.40955 -6.45287 -1.00000 0.00000 -0.00000 0.0657 0.9496
transfer_grey
0 5.00000 8.66025 -5.00000 -1.00000 0.00000 -0.00000 0.0677 0.9609
0 5.00000 8.40955 -6.45287 -1.00000 0.00000 -0.00000 0.0657 0.9496
0 5.00000 7.93353 -6.08761 -1.00000 0.00000 -0.00000 0.0620 0.9524
transfer_grey
0 5.00000 9.23880 -3.82683 -1.00000 0.00000 -0.00000 0.0722 0.9701
0 5.00000 9.79312 -4.05644 -1.00000 0.00000 -0.00000 0.0765 0.9683
0 5.00000 9.17987 -5.30000 -1.00000 0.00000 -0.00000 0.0717 0.9586
transfer_grey
0 5.00000 9.23880 -3.82683 -1.00000 0.00000 -0.00000 0.0722 0.9701
0 5.00000 9.17987 -5.30000 -1.00000 0.00000 -0.00000 0.0717 0.9586
0 5.00000 8.66025 -5.00000 -1.00000 0.00000 -0.00000 0.0677 0.9609
transfer_grey
0 5.00000 9.65926 -2.58819 -1.00000 0.00000 0.00000 0.0755 0.9798
0 5.00000 10.23881 -2.74348 -1.00000 0.00000 0.00000 0.0800 0.9786
0 5.00000 9.79312 -4.05644 -1.00000 0.00000 0.00000 0.0765 0.9683
transfer_grey
0 5.00000 9.65926 -2.58819 -1.00000 0.00000 0.00000 0.0755 0.9798
0 5.00000 9.79312 -4.05644 -1.00000 0.00000 0.00000 0.0765 0.9683
0 5.00000 9.23880 -3.82683 -1.00000 0.00000 0.00000 0.0722 0.9701
transfer_grey
0 5.00000 9.91445 -1.30526 -1.00000 0.00000 0.00000 0.0775 0.9898
0 5.00000 10.50932 -1.38358 -1.00000 0.00000 0.00000 0.0821 0.9892
0 5.00000 10.23881 -2.74348 -1.00000 0.00000 0.00000 0.0800 0.9786
transfer_grey
0 5.00000 9.91445 -1.30526 -1.00000 0.00000 0.00000 0.0775 0.9898
0 5.00000 10.23881 -2.74348 -1.00000 0.00000 0.00000 0.0800 0.9786
0 5.00000 9.65926 -2.58819 -1.00000 0.00000 0.00000 0.0755 0.9798
transfer_grey
0 5.00000 10.00000 -0.00000 -1.00000 0.00000 0.00000 0.0781 1.0000
0 5.00000 10.60000 -0.00000 -1.00000 0.00000 0.00000 0.0828 1.0000
0 5.00000 10.50932 -1.38358 -1.00000 0.00000 0.00000 0.0821 0.9892
transfer_grey
0 5.00000 10.00000 -0.00000 -1.00000 0.00000 0.00000 0.0781 1.0000
0 5.00000 10.50932 -1.38358 -1.00000 0.00000 0.00000 0.0821 0.9892
0 5.00000 9.91445 -1.30526 -1.00000 0.00000 0.00000 0.0775 0.9898
transfer_grey
0 5.00000 10.50932 1.38358 -0.00000 0.99786 0.06540 0.0821 0.0108
0 6.10000 10.50932 1.38358 -0.00000 0.99786 0.06540 0.0821 0.0108
0 6.10000 10.60000 0.00000 -0.00000 0.99786 0.06540 0.0828 0.0000
transfer_grey
0 5.00000 10.50932 1.38358 -0.00000 0.99786 0.06540 0.0821 0.0108
0 6.10000 10.60000 0.00000 -0.00000 0.99786 0.06540 0.0828 0.0000
0 5.00000 10.60000 0.00000 -0.00000 0.99786 0.06540 0.0828 0.0000
transfer_grey
0 5.00000 10.23881 2.74348 -0.00000 0.98079 0.19509 0.0800 0.0214
0 6.10000 10.23881 2.74348 -0.00000 0.98079 0.19509 0.0800 0.0214
0 6.10000 10.50932 1.38358 -0.00000 0.98079 0.19509 0.0821 0.0108
transfer_grey
0 5.00000 10.23881 2.74348 -0.00000 0.98079 0.19509 0.0800 0.0214
0 6.10000 10.50932 1.38358 -0.00000 0.98079 0.19509 0.0821 0.0108
0 5.00000 10.50932 1.38358 -0.00000 0.98079 0.19509 0.0821 0.0108
transfer_grey
0 5.00000 9.79312 4.05644 -0.00000 0.94693 0.32144 0.0765 0.0317
0 6.10000 9.79312 4.05644 -0.00000 0.94693 0.32144 0.0765 0.0317
0 6.10000 10.23881 2.74348 -0.00000 0.94693 0.32144 0.0800 0.0214
transfer_grey
0 5.00000 9.79312 4.05644 -0.00000 0.94693 0.32144 0.0765 0.0317
0 6.10000 10.23881 2.74348 -0.00000 0.94693 0.32144 0.0800 0.0214
0 5.00000 10.23881 2.74348 -0.00000 0.94693 0.32144 0.0800 0.0214
transfer_grey
0 5.00000 9.17987 5.30000 -0.00000 0.89687 0.44229 0.0717 0.0414
0 6.10000 9.17987 5.30000 -0.00000 0.89687 0.44229 0.0717 0.0414
0 6.10000 9.79312 4.05644 -0.00000 0.89687 0.44229 0.0765 0.0317
transfer_grey
0 5.00000 9.17987 5.30000 -0.00000 0.89687 0.44229 0.0717 0.0414
0 6.10000 9.79312 4.05644 -0.00000 0.89687 0.44229 0.0765 0.0317
0 5.00000 9.79312 4.05644 -0.00000 0.89687 0.44229 0.0765 0.0317
transfer_grey
0 5.00000 8.40955 6.45287 -0.00000 0.83147 0.55557 0.0657 0.0504
0 6.10000 8.40955 6.45287 -0.00000 0.83147 0.55557 0.0657 0.0504
0 6.10000 9.17987 5.30000 -0.00000 0.83147 0.55557 0.0717 0.0414
transfer_grey
0 5.00000 8.40955 6.45287 -0.00000 0.83147 0.55557 0.0657 0.0504
0 6.10000 9.17987 5.30000 -0.00000 0.83147 0.55557 0.0717 0.0414
0 5.00000 9.17987 5.30000 -0.00000 0.83147 0.55557 0.0717 0.0414
transfer_grey
0 5.00000 7.49533 7.49533 -0.00000 0.75184 0.65935 0.0586 0.0586
0 6.10000 7.49533 7.49533 -0.00000 0.75184 0.65935 0.0586 0.0586
0 6.10000 8.40955 6.45287 -0.00000 0.75184 0.65935 0.0657 0.0504
transfer_grey
0 5.00000 7.49533 7.49533 -0.00000 0.75184 0.65935 0.0586 0.0586
0 6.10000 8.40955 6.45287 -0.00000 0.75184 0.65935 0.0657 0.0504
0 5.00000 8.40955 6.45287 -0.00000 0.75184 0.65935 0.0657 0.0504
transfer_grey
0 5.00000 6.45287 8.40955 -0.00000 0.65935 0.75184 0.0504 0.0657
0 6.10000 6.45287 8.40955 -0.00000 0.65935 0.75184 0.0504 0.0657
0 6.10000 7.49533 7.49533 -0.00000 0.65935 0.75184 0.0586 0.0586
transfer_grey
0 5.00000 6.45287 8.40955 -0.00000 0.65935 0.75184 0.0504 0.0657
0 6.10000 7.49533 7.49533 -0.00000 0.65935 0.75184 0.0586 0.0586
0 5.00000 7.49533 7.49533 -0.00000 0.65935 0.75184 0.0586 0.0586
transfer_grey
0 5.00000 5.30000 9.17987 -0.00000 0.55557 0.83147 0.0414 0.0717
0 6.10000 5.30000 9.17987 -0.00000 0.55557 0.83147 0.0414 0.0717
0 6.10000 6.45287 8.40955 -0.00000 0.55557 0.83147 0.0504 0.0657
transfer_grey
0 5.00000 5.30000 9.17987 -0.00000 0.55557 0.83147 0.0414 0.0717
0 6.10000 6.45287 8.40955 -0.00000 0.55557 0.83147 0.0504 0.0657
0 5.00000 6.45287 8.40955 -0.00000 0.55557 0.83147 0.0504 0.0657
transfer_grey
0 5.00000 4.05644 9.79312 -0.00000 0.44229 0.89687 0.0317 0.0765
0 6.10000 4.05644 9.79312 -0.00000 0.44229 0.89687 0.0317 0.0765
0 6.10000 5.30000 9.17987 -0.00000 0.44229 0.89687 0.0414 0.0717
transfer_grey
0 5.00000 4.05644 9.79312 -0.00000 0.44229 0.89687 0.0317 0.0765
0 6.10000 5.30000 9.17987 -0.00000 0.44229 0.89687 0.0414 0.0717
0 5.00000 5.30000 9.17987 -0.00000 0.44229 0.89687 0.0414 0.0717
transfer_grey
0 5.00000 2.74348 10.23881 -0.00000 0.32144 0.94693 0.0214 0.0800
0 6.10000 2.74348 10.23881 -0.00000 0.32144 0.94693 0.0214 0.0800
0 6.10000 4.05644 9.79312 -0.00000 0.32144 0.94693 0.0317 0.0765
transfer_grey
0 5.00000 2.74348 10.23881 -0.00000 0.32144 0.94693 0.0214 0.0800
0 6.10000 4.05644 9.79312 -0.00000 0.32144 0.94693 0.0317 0.0765
0 5.00000 4.05644 9.79312 -0.00000 0.32144 0.94693 0.0317 0.0765
transfer_grey
0 5.00000 1.38358 10.50932 -0.00000 0.19509 0.98079 0.0108 0.0821
0 6.10000 1.38358 10.50932 -0.00000 0.19509 0.98079 0.0108 0.0821
0 6.10000 2.74348 10.23881 -0.00000 0.19509 0.98079 0.0214 0.0800
transfer_grey
0 5.00000 1.38358 10.50932 -0.00000 0.19509 0.98079 0.0108 0.0821
0 6.10000 2.74348 10.23881 -0.00000 0.19509 0.98079 0.0214 0.0800
0 5.00000 2.74348 10.23881 -0.00000 0.19509 0.98079 0.0214 0.0800
transfer_grey
0 5.00000 0.00000 10.60000 -0.00000 0.06540 0.99786 0.0000 0.0828
0 6.10000 0.00000 10.60000 -0.00000 0.06540 0.99786 0.0000 0.0828
0 6.10000 1.38358 10.50932 -0.00000 0.06540 0.99786 0.0108 0.0821
transfer_grey
0 5.00000 0.00000 10.60000 -0.00000 0.06540 0.99786 0.0000 0.0828
0 6.10000 1.38358 10.50932 -0.00000 0.06540 0.99786 0.0108 0.0821
0 5.00000 1.38358 10.50932 -0.00000 0.06540 0.99786 0.0108 0.0821
transfer_grey
0 5.00000 -1.38358 10.50932 0.00000 -0.06540 0.99786 0.9892 0.0821
0 6.10000 -1.38358 10.50932 0.00000 -0.06540 0.99786 0.9892 0.0821
0 6.10000 0.00000 10.60000 0.00000 -0.06540 0.99786 0.0000 0.0828
transfer_grey
0 5.00000 -1.38358 10.50932 0.00000 -0.06540 0.99786 0.9892 0.0821
0 6.10000 0.00000 10.60000 0.00000 -0.06540 0.99786 0.0000 0.0828
0 5.00000 0.00000 10.60000 0.00000 -0.06540 0.99786 0.0000 0.0828
transfer_grey
0 5.00000 -2.74348 10.23881 0.00000 -0.19509 0.98079 0.9786 0.0800
0 6.10000 -2.74348 10.23881 0.00000 -0.19509 0.98079 0.9786 0.0800
0 6.10000 -1.38358 10.50932 0.00000 -0.19509 0.98079 0.9892 0.0821
transfer_grey
0 5.00000 -2.74348 10.23881 0.00000 -0.19509 0.98079 0.9786 0.0800
0 6.10000 -1.38358 10.50932 0.00000 -0.19509 0.98079 0.9892 0.0821
0 5.00000 -1.38358 10.50932 0.00000 -0.19509 0.98079 0.9892 0.0821
transfer_grey
0 5.00000 -4.05644 9.79312 0.00000 -0.32144 0.94693 0.9683 0.0765
0 6.10000 -4.05644 9.79312 0.00000 -0.32144 0.94693 0.9683 0.0765
0 6.10000 -2.74348 10.23881 0.00000 -0.32144 0.94693 0.9786 0.0800
transfer_grey
0 5.00000 -4.05644 9.79312 0.00000 -0.32144 0.94693 0.9683 0.0765
0 6.10000 -2.74348 10.23881 0.00000 -0.32144 0.94693 0.9786 0.0800
0 5.00000 -2.74348 10.23881 0.00000 -0.32144 0.94693 0.9786 0.0800
transfer_grey
0 5.00000 -5.30000 9.17987 0.00000 -0.44229 0.89687 0.9586 0.0717
0 6.10000 -5.30000 9.17987 0.00000 -0.44229 0.89687 0.9586 0.0717
0 6.10000 -4.05644 9.79312 0.00000 -0.44229 0.89687 0.9683 0.0765
transfer_grey
0 5.00000 -5.30000 9.17987 0.00000 -0.44229 0.89687 0.9586 0.0717
0 6.10000 -4.05644 9.79312 0.00000 -0.44229 0.89687 0.9683 0.0765
0 5.00000 -4.05644 9.79312 0.00000 -0.44229 0.89687 0.9683 0.0765
transfer_grey
0 5.00000 -6.45287 8.40955 0.00000 -0.55557 0.83147 0.9496 0.0657
0 6.10000 -6.45287 8.40955 0.00000 -0.55557 0.83147 0.9496 0.0657
0 6.10000 -5.30000 9.17987 0.00000 -0.55557 0.83147 0.9586 0.0717
transfer_grey
0 5.00000 -6.45287 8.40955 0.00000 -0.55557 0.83147 0.9496 0.0657
0 6.10000 -5.30000 9.17987 0.00000 -0.55557 0.83147 0.9586 0.0717
0 5.00000 -5.30000 9.17987 0.00000 -0.55557 0.83147 0.9586 0.0717
transfer_grey
0 5.00000 -7.49533 7.49533 0.00000 -0.65935 0.75184 0.9414 0.0586
0 6.10000 -7.49533 7.49533 0.00000 -0.65935 0.75184 0.9414 0.0586
0 6.10000 -6.45287 8.40955 0.00000 -0.65935 0.75184 0.9496 0.0657
transfer_grey
0 5.00000 -7.49533 7.49533 0.00000 -0.65935 0.75184 0.9414 0.0586
0 6.10000 -6.45287 8.40955 0.00000 -0.65935 0.75184 0.9496 0.0657
0 5.00000 -6.45287 8.40955 0.00000 -0.65935 0.75184 0.9496 0.0657
transfer_grey
0 5.00000 -8.40955 6.45287 0.00000 -0.75184 0.65935 0.9343 0.0504
0 6.10000 -8.40955 6.45287 0.00000 -0.75184 0.65935 0.9343 0.0504
0 6.10000 -7.49533 7.49533 0.00000 -0.75184 0.65935 0.9414 0.0586
transfer_grey
0 5.00000 -8.40955 6.45287 0.00000 -0.75184 0.65935 0.9343 0.0504
0 6.10000 -7.49533 7.49533 0.00000 -0.75184 0.65935 0.9414 0.0586
0 5.00000 -7.49533 7.49533 0.00000 -0.75184 0.65935 0.9414 0.0586
transfer_grey
0 5.00000 -9.17987 5.30000 0.00000 -0.83147 0.55557 0.9283 0.0414
0 6.10000 -9.17987 5.30000 0.00000 -0.83147 0.55557 0.9283 0.0414
0 6.10000 -8.40955 6.45287 0.00000 -0.83147 0.55557 0.9343 0.0504
transfer_grey
0 5.00000 -9.17987 5.30000 0.00000 -0.83147 0.55557 0.9283 0.0414
0 6.10000 -8.40955 6.45287 0.00000 -0.83147 0.55557 0.9343 0.0504
0 5.00000 -8.40955 6.45287 0.00000 -0.83147 0.55557 0.9343 0.0504
transfer_grey
0 5.00000 -9.79312 4.05644 0.00000 -0.89687 0.44229 0.9235 0.0317
0 6.10000 -9.79312 4.05644 0.00000 -0.89687 0.44229 0.9235 0.0317
0 6.10000 -9.17987 5.30000 0.00000 -0.89687 0.44229 0.9283 0.0414
transfer_grey
0 5.00000 -9.79312 4.05644 0.00000 -0.89687 0.44229 0.9235 0.0317
0 6.10000 -9.17987 5.30000 0.00000 -0.89687 0.44229 0.9283 0.0414
0 5.00000 -9.17987 5.30000 0.00000 -0.89687 0.44229 0.9283 0.0414
transfer_grey
0 5.00000 -10.23881 2.74348 0.00000 -0.94693 0.32144 0.9200 0.0214
0 6.10000 -10.23881 2.74348 0.00000 -0.94693 0.32144 0.9200 0.0214
0 6.10000 -9.79312 4.05644 0.00000 -0.94693 0.32144 0.9235 0.0317
transfer_grey
0 5.00000 -10.23881 2.74348 0.00000 -0.94693 0.32144 0.9200 0.0214
0 6.10000 -9.79312 4.05644 0.00000 -0.94693 0.32144 0.9235 0.0317
0 5.00000 -9.79312 4.05644 0.00000 -0.94693 0.32144 0.9235 0.0317
transfer_grey
0 5.00000 -10.50932 1.38358 0.00000 -0.98079 0.19509 0.9179 0.0108
0 6.10000 -10.50932 1.38358 0.00000 -0.98079 0.19509 0.9179 0.0108
0 6.10000 -10.23881 2.74348 0.00000 -0.98079 0.19509 0.9200 0.0214
transfer_grey
0 5.00000 -10.50932 1.38358 0.00000 -0.98079 0.19509 0.9179 0.0108
0 6.10000 -10.23881 2.74348 0.00000 -0.98079 0.19509 0.9200 0.0214
0 5.00000 -10.23881 2.74348 0.00000 -0.98079 0.19509 0.9200 0.0214
transfer_grey
0 5.00000 -10.60000 0.00000 0.00000 -0.99786 0.06540 0.9172 0.0000
0 6.10000 -10.60000 0.00000 0.00000 -0.99786 0.06540 0.9172 0.0000
0 6.10000 -10.50932 1.38358 0.00000 -0.99786 0.06540 0.9179 0.0108
transfer_grey
0 5.00000 -10.60000 0.00000 0.00000 -0.99786 0.06540 0.9172 0.0000
0 6.10000 -10.50932 1.38358 0.00000 -0.99786 0.06540 0.9179 0.0108
0 5.00000 -10.50932 1.38358 0.00000 -0.99786 0.06540 0.9179 0.0108
transfer_grey
0 5.00000 -10.50932 -1.38358 0.00000 -0.99786 -0.06540 0.9179 0.9892
0 6.10000 -10.50932 -1.38358 0.00000 -0.99786 -0.06540 0.9179 0.9892
0 6.10000 -10.60000 0.00000 0.00000 -0.99786 -0.06540 0.9172 0.0000
transfer_grey
0 5.00000 -10.50932 -1.38358 0.00000 -0.99786 -0.06540 0.9179 0.9892
0 6.10000 -10.60000 0.00000 0.00000 -0.99786 -0.06540 0.9172 0.0000
0 5.00000 -10.60000 0.00000 0.00000 -0.99786 -0.06540 0.9172 0.0000
transfer_grey
0 5.00000 -10.23881 -2.74348 0.00000 -0.98079 -0.19509 0.9200 0.9786
0 6.10000 -10.23881 -2.74348 0.00000 -0.98079 -0.19509 0.9200 0.9786
0 6.10000 -10.50932 -1.38358 0.00000 -0.98079 -0.19509 0.9179 0.9892
transfer_grey
0 5.00000 -10.23881 -2.74348 0.00000 -0.98079 -0.19509 0.9200 0.9786
0 6.10000 -10.50932 -1.38358 0.00000 -0.98079 -0.19509 0.9179 0.9892
0 5.00000 -10.50932 -1.38358 0.00000 -0.98079 -0.19509 0.9179 0.9892
transfer_grey
0 5.00000 -9.79312 -4.05644 0.00000 -0.94693 -0.32144 0.9235 0.9683
0 6.10000 -9.79312 -4.05644 0.00000 -0.94693 -0.32144 0.9235 0.9683
0 6.10000 -10.23881 -2.74348 0.00000 -0.94693 -0.32144 0.9200 0.9786
transfer_grey
0 5.00000 -9.79312 -4.05644 0.00000 -0.94693 -0.32144 0.9235 0.9683
0 6.10000 -10.23881 -2.74348 0.00000 -0.94693 -0.32144 0.9200 0.9786
0 5.00000 -10.23881 -2.74348 0.00000 -0.94693 -0.32144 0.9200 0.9786
transfer_grey
0 5.00000 -9.17987 -5.30000 0.00000 -0.89687 -0.44229 0.9283 0.9586
0 6.10000 -9.17987 -5.30000 0.00000 -0.89687 -0.44229 0.9283 0.9586
0 6.10000 -9.79312 -4.05644 0.00000 -0.89687 -0.44229 0.9235 0.9683
transfer_grey
0 5.00000 -9.17987 -5.30000 0.00000 -0.89687 -0.44229 0.9283 0.9586
0 6.10000 -9.79312 -4.05644 0.00000 -0.89687 -0.44229 0.9235 0.9683
0 5.00000 -9.79312 -4.05644 0.00000 -0.89687 -0.44229 0.9235 0.9683
transfer_grey
0 5.00000 -8.40955 -6.45287 0.00000 -0.83147 -0.55557 0.9343 0.9496
0 6.10000 -8.40955 -6.45287 0.00000 -0.83147 -0.55557 0.9343 0.9496
0 6.10000 -9.17987 -5.30000 0.00000 -0.83147 -0.55557 0.9283 0.9586
transfer_grey
0 5.00000 -8.40955 -6.45287 0.00000 -0.83147 -0.55557 0.9343 0.9496
0 6.10000 -9.17987 -5.30000 0.00000 -0.83147 -0.55557 0.9283 0.9586
0 5.00000 -9.17987 -5.30000 0.00000 -0.83147 -0.55557 0.9283 0.9586
transfer_grey
0 5.00000 -7.49533 -7.49533 0.00000 -0.75184 -0.65935 0.9414 0.9414
0 6.10000 -7.49533 -7.49533 0.00000 -0.75184 -0.65935 0.9414 0.9414
0 6.10000 -8.40955 -6.45287 0.00000 -0.75184 -0.65935 0.9343 0.9496
transfer_grey
0 5.00000 -7.49533 -7.49533 0.00000 -0.75184 -0.65935 0.9414 0.9414
0 6.10000 -8.40955 -6.45287 0.00000 -0.75184 -0.65935 0.9343 0.9496
0 5.00000 -8.40955 -6.45287 0.00000 -0.75184 -0.65935 0.9343 0.9496
transfer_grey
0 5.00000 -6.45287 -8.40955 0.00000 -0.65935 -0.75184 0.9496 0.9343
0 6.10000 -6.45287 -8.40955 0.00000 -0.65935 -0.75184 0.9496 0.9343
0 6.10000 -7.49533 -7.49533 0.00000 -0.65935 -0.75184 0.9414 0.9414
transfer_grey
0 5.00000 -6.45287 -8.40955 0.00000 -0.65935 -0.75184 0.9496 0.9343
0 6.10000 -7.49533 -7.49533 0.00000 -0.65935 -0.75184 0.9414 0.9414
0 5.00000 -7.49533 -7.49533 0.00000 -0.65935 -0.75184 0.9414 0.9414
transfer_grey
0 5.00000 -5.30000 -9.17987 0.00000 -0.55557 -0.83147 0.9586 0.9283
0 6.10000 -5.30000 -9.17987 0.00000 -0.55557 -0.83147 0.9586 0.9283
0 6.10000 -6.45287 -8.40955 0.00000 -0.55557 -0.83147 0.9496 0.9343
transfer_grey
0 5.00000 -5.30000 -9.17987 0.00000 -0.55557 -0.83147 0.9586 0.9283
0 6.10000 -6.45287 -8.40955 0.00000 -0.55557 -0.83147 0.9496 0.9343
0 5.00000 -6.45287 -8.40955 0.00000 -0.55557 -0.83147 0.9496 0.9343
transfer_grey
0 5.00000 -4.05644 -9.79312 0.00000 -0.44229 -0.89687 0.9683 0.9235
0 6.10000 -4.05644 -9.79312 0.00000 -0.44229 -0.89687 0.9683 0.9235
0 6.10000 -5.30000 -9.17987 0.00000 -0.44229 -0.89687 0.9586 0.9283
transfer_grey
0 5.00000 -4.05644 -9.79312 0.00000 -0.44229 -0.89687 0.9683 0.9235
0 6.10000 -5.30000 -9.17987 0.00000 -0.44229 -0.89687 0.9586 0.9283
0 5.00000 -5.30000 -9.17987 0.00000 -0.44229 -0.89687 0.9586 0.9283
transfer_grey
0 5.00000 -2.74348 -10.23881 0.00000 -0.32144 -0.94693 0.9786 0.9200
0 6.10000 -2.74348 -10.23881 0.00000 -0.32144 -0.94693 0.9786 0.9200
0 6.10000 -4.05644 -9.79312 0.00000 -0.32144 -0.94693 0.9683 0.9235
transfer_grey
0 5.00000 -2.74348 -10.23881 0.00000 -0.32144 -0.94693 0.9786 0.9200
0 6.10000 -4.05644 -9.79312 0.00000 -0.32144 -0.94693 0.9683 0.9235
0 5.00000 -4.05644 -9.79312 0.00000 -0.32144 -0.94693 0.9683 0.9235
transfer_grey
0 5.00000 -1.38358 -10.50932 0.00000 -0.19509 -0.98079 0.9892 0.9179
0 6.10000 -1.38358 -10.50932 0.00000 -0.19509 -0.98079 0.9892 0.9179
0 6.10000 -2.74348 -10.23881 0.00000 -0.19509 -0.98079 0.9786 0.9200
transfer_grey
0 5.00000 -1.38358 -10.50932 0.00000 -0.19509 -0.98079 0.9892 0.9179
0 6.10000 -2.74348 -10.23881 0.00000 -0.19509 -0.98079 0.9786 0.9200
0 5.00000 -2.74348 -10.23881 0.00000 -0.19509 -0.98079 0.9786 0.9200
transfer_grey
0 5.00000 -0.00000 -10.60000 0.00000 -0.06540 -0.99786 1.0000 0.9172
0 6.10000 -0.00000 -10.60000 0.00000 -0.06540 -0.99786 1.0000 0.9172
0 6.10000 -1.38358 -10.50932 0.00000 -0.06540 -0.99786 0.9892 0.9179
transfer_grey
0 5.00000 -0.00000 -10.60000 0.00000 -0.06540 -0.99786 1.0000 0.9172
0 6.10000 -1.38358 -10.50932 0.00000 -0.06540 -0.99786 0.9892 0.9179
0 5.00000 -1.38358 -10.50932 0.00000 -0.06540 -0.99786 0.9892 0.9179
transfer_grey
0 5.00000 1.38358 -10.50932 0.00000 0.06540 -0.99786 0.0108 0.9179
0 6.10000 1.38358 -10.50932 0.00000 0.06540 -0.99786 0.0108 0.9179
0 6.10000 -0.00000 -10.60000 0.00000 0.06540 -0.99786 1.0000 0.9172
transfer_grey
0 5.00000 1.38358 -10.50932 0.00000 0.06540 -0.99786 0.0108 0.9179
0 6.10000 -0.00000 -10.60000 0.00000 0.06540 -0.99786 1.0000 0.9172
0 5.00000 -0.00000 -10.60000 0.00000 0.06540 -0.99786 1.0000 0.9172
transfer_grey
0 5.00000 2.74348 -10.23881 0.00000 0.19509 -0.98079 0.0214 0.9200
0 6.10000 2.74348 -10.23881 0.00000 0.19509 -0.98079 0.0214 0.9200
0 6.10000 1.38358 -10.50932 0.00000 0.19509 -0.98079 0.0108 0.9179
transfer_grey
0 5.00000 2.74348 -10.23881 0.00000 0.19509 -0.98079 0.0214 0.9200
0 6.10000 1.38358 -10.50932 0.00000 0.19509 -0.98079 0.0108 0.9179
0 5.00000 1.38358 -10.50932 0.00000 0.19509 -0.98079 0.0108 0.9179
transfer_grey
0 5.00000 4.05644 -9.79312 0.00000 0.32144 -0.94693 0.0317 0.9235
0 6.10000 4.05644 -9.79312 0.00000 0.32144 -0.94693 0.0317 0.9235
0 6.10000 2.74348 -10.23881 0.00000 0.32144 -0.94693 0.0214 0.9200
transfer_grey
0 5.00000 4.05644 -9.79312 0.00000 0.32144 -0.94693 0.0317 0.9235
0 6.10000 2.74348 -10.23881 0.00000 0.32144 -0.94693 0.0214 0.9200
0 5.00000 2.74348 -10.23881 0.00000 0.32144 -0.94693 0.0214 0.9200
transfer_grey
0 5.00000 5.30000 -9.17987 0.00000 0.44229 -0.89687 0.0414 0.9283
0 6.10000 5.30000 -9.17987 0.00000 0.44229 -0.89687 0.0414 0.9283
0 6.10000 4.05644 -9.79312 0.00000 0.44229 -0.89687 0.0317 0.9235
transfer_grey
0 5.00000 5.30000 -9.17987 0.00000 0.44229 -0.89687 0.0414 0.9283
0 6.10000 4.05644 -9.79312 0.00000 0.44229 -0.89687 0.0317 0.9235
0 5.00000 4.05644 -9.79312 0.00000 0.44229 -0.89687 0.0317 0.9235
transfer_grey
0 5.00000 6.45287 -8.40955 0.00000 0.55557 -0.83147 0.0504 0.9343
0 6.10000 6.45287 -8.40955 0.00000 0.55557 -0.83147 0.0504 0.9343
0 6.10000 5.30000 -9.17987 0.00000 0.55557 -0.83147 0.0414 0.9283
transfer_grey
0 5.00000 6.45287 -8.40955 0.00000 0.55557 -0.83147 0.0504 0.9343
0 6.10000 5.30000 -9.17987 0.00000 0.55557 -0.83147 0.0414 0.9283
0 5.00000 5.30000 -9.17987 0.00000 0.55557 -0.83147 0.0414 0.9283
transfer_grey
0 5.00000 7.49533 -7.49533 0.00000 0.65935 -0.75184 0.0586 0.9414
0 6.10000 7.49533 -7.49533 0.00000 0.65935 -0.75184 0.0586 0.9414
0 6.10000 6.45287 -8.40955 0.00000 0.65935 -0.75184 0.0504 0.9343
transfer_grey
0 5.00000 7.49533 -7.49533 0.00000 0.65935 -0.75184 0.0586 0.9414
0 6.10000 6.45287 -8.40955 0.00000 0.65935 -0.75184 0.0504 0.9343
0 5.00000 6.45287 -8.40955 0.00000 0.65935 -0.75184 0.0504 0.9343
transfer_grey
0 5.00000 8.40955 -6.45287 0.00000 0.75184 -0.65935 0.0657 0.9496
0 6.10000 8.40955 -6.45287 0.00000 0.75184 -0.65935 0.0657 0.9496
0 6.10000 7.49533 -7.49533 0.00000 0.75184 -0.65935 0.0586 0.9414
transfer_grey
0 5.00000 8.40955 -6.45287 0.00000 0.75184 -0.65935 0.0657 0.9496
0 6.10000 7.49533 -7.49533 0.00000 0.75184 -0.65935 0.0586 0.9414
0 5.00000 7.49533 -7.49533 0.00000 0.75184 -0.65935 0.0586 0.9414
transfer_grey
0 5.00000 9.17987 -5.30000 0.00000 0.83147 -0.55557 0.0717 0.9586
0 6.10000 9.17987 -5.30000 0.00000 0.83147 -0.55557 0.0717 0.9586
0 6.10000 8.40955 -6.45287 0.00000 0.83147 -0.55557 0.0657 0.9496
transfer_grey
0 5.00000 9.17987 -5.30000 0.00000 0.83147 -0.55557 0.0717 0.9586
0 6.10000 8.40955 -6.45287 0.00000 0.83147 -0.55557 0.0657 0.9496
0 5.00000 8.40955 -6.45287 0.00000 0.83147 -0.55557 0.0657 0.9496
transfer_grey
0 5.00000 9.79312 -4.05644 0.00000 0.89687 -0.44229 0.0765 0.9683
0 6.10000 9.79312 -4.05644 0.00000 0.89687 -0.44229 0.0765 0.9683
0 6.10000 9.17987 -5.30000 0.00000 0.89687 -0.44229 0.0717 0.9586
transfer_grey
0 5.00000 9.79312 -4.05644 0.00000 0.89687 -0.44229 0.0765 0.9683
0 6.10000 9.17987 -5.30000 0.00000 0.89687 -0.44229 0.0717 0.9586
0 5.00000 9.17987 -5.30000 0.00000 0.89687 -0.44229 0.0717 0.9586
transfer_grey
0 5.00000 10.23881 -2.74348 0.00000 0.94693 -0.32144 0.0800 0.9786
0 6.10000 10.23881 -2.74348 0.00000 0.94693 -0.32144 0.0800 0.9786
0 6.10000 9.79312 -4.05644 0.00000 0.94693 -0.32144 0.0765 0.9683
transfer_grey
0 5.00000 10.23881 -2.74348 0.00000 0.94693 -0.32144 0.0800 0.9786
0 6.10000 9.79312 -4.05644 0.00000 0.94693 -0.32144 0.0765 0.9683
0 5.00000 9.79312 -4.05644 0.00000 0.94693 -0.32144 0.0765 0.9683
transfer_grey
0 5.00000 10.50932 -1.38358 0.00000 0.98079 -0.19509 0.0821 0.9892
0 6.10000 10.50932 -1.38358 0.00000 0.98079 -0.19509 0.0821 0.9892
0 6.10000 10.23881 -2.74348 0.00000 0.98079 -0.19509 0.0800 0.9786
transfer_grey
0 5.00000 10.50932 -1.38358 0.00000 0.98079 -0.19509 0.0821 0.9892
0 6.10000 10.23881 -2.74348 0.00000 0.98079 -0.19509 0.0800 0.9786
0 5.00000 10.23881 -2.74348 0.00000 0.98079 -0.19509 0.0800 0.9786
transfer_grey
0 5.00000 10.60000 -0.00000 0.00000 0.99786 -0.06540 0.0828 1.0000
0 6.10000 10.60000 -0.00000 0.00000 0.99786 -0.06540 0.0828 1.0000
0 6.10000 10.50932 -1.38358 0.00000 0.99786 -0.06540 0.0821 0.9892
transfer_grey
0 5.00000 10.60000 -0.00000 0.00000 0.99786 -0.06540 0.0828 1.0000
0 6.10000 10.50932 -1.38358 0.00000 0.99786 -0.06540 0.0821 0.9892
0 5.00000 10.50932 -1.38358 0.00000 0.99786 -0.06540 0.0821 0.9892
transfer_grey
0 6.10000 10.50932 1.38358 1.00000 0.00000 0.00000 0.0821 0.0108
0 6.10000 9.91445 1.30526 1.00000 0.00000 0.00000 0.0775 0.0102
0 6.10000 10.00000 0.00000 1.00000 0.00000 0.00000 0.0781 0.0000
transfer_grey
0 6.10000 10.50932 1.38358 1.00000 0.00000 0.00000 0.0821 0.0108
0 6.10000 10.00000 0.00000 1.00000 0.00000 0.00000 0.0781 0.0000
0 6.10000 10.60000 0.00000 1.00000 0.00000 0.00000 0.0828 0.0000
transfer_grey
0 6.10000 10.23881 2.74348 1.00000 0.00000 0.00000 0.0800 0.0214
0 6.10000 9.65926 2.58819 1.00000 0.00000 0.00000 0.0755 0.0202
0 6.10000 9.91445 1.30526 1.00000 0.00000 0.00000 0.0775 0.0102
transfer_grey
0 6.10000 10.23881 2.74348 1.00000 0.00000 0.00000 0.0800 0.0214
0 6.10000 9.91445 1.30526 1.00000 0.00000 0.00000 0.0775 0.0102
0 6.10000 10.50932 1.38358 1.00000 0.00000 0.00000 0.0821 0.0108
transfer_grey
0 6.10000 9.79312 4.05644 1.00000 0.00000 0.00000 0.0765 0.0317
0 6.10000 9.23880 3.82683 1.00000 0.00000 0.00000 0.0722 0.0299
0 6.10000 9.65926 2.58819 1.00000 0.00000 0.00000 0.0755 0.0202
transfer_grey
0 6.10000 9.79312 4.05644 1.00000 0.00000 0.00000 0.0765 0.0317
0 6.10000 9.65926 2.58819 1.00000 0.00000 0.00000 0.0755 0.0202
0 6.10000 10.23881 2.74348 1.00000 0.00000 0.00000 0.0800 0.0214
transfer_grey
0 6.10000 9.17987 5.30000 1.00000 0.00000 0.00000 0.0717 0.0414
0 6.10000 8.66025 5.00000 1.00000 0.00000 0.00000 0.0677 0.0391
0 6.10000 9.23880 3.82683 1.00000 0.00000 0.00000 0.0722 0.0299
transfer_grey
0 6.10000 9.17987 5.30000 1.00000 0.00000 0.00000 0.0717 0.0414
0 6.10000 9.23880 3.82683 1.00000 0.00000 0.00000 0.0722 0.0299
0 6.10000 9.79312 4.05644 1.00000 0.00000 0.00000 0.0765 0.0317
transfer_grey
0 6.10000 8.40955 6.45287 1.00000 0.00000 0.00000 0.0657 0.0504
0 6.10000 7.93353 6.08761 1.00000 0.00000 0.00000 0.0620 0.0476
0 6.10000 8.66025 5.00000 1.00000 0.00000 0.00000 0.0677 0.0391
transfer_grey
0 6.10000 8.40955 6.45287 1.00000 0.00000 0.00000 0.0657 0.0504
0 6.10000 8.66025 5.00000 1.00000 0.00000 0.00000 0.0677 0.0391
0 6.10000 9.17987 5.30000 1.00000 0.00000 0.00000 0.0717 0.0414
transfer_grey
0 6.10000 7.49533 7.49533 1.00000 0.00000 0.00000 0.0586 0.0586
0 6.10000 7.07107 7.07107 1.00000 0.00000 0.00000 0.0552 0.0552
0 6.10000 7.93353 6.08761 1.00000 0.00000 0.00000 0.0620 0.0476
transfer_grey
0 6.10000 7.49533 7.49533 1.00000 0.00000 0.00000 0.0586 0.0586
0 6.10000 7.93353 6.08761 1.00000 0.00000 0.00000 0.0620 0.0476
0 6.10000 8.40955 6.45287 1.00000 0.00000 0.00000 0.0657 0.0504
transfer_grey
0 6.10000 6.45287 8.40955 1.00000 0.00000 0.00000 0.0504 0.0657
0 6.10000 6.08761 7.93353 1.00000 0.00000 0.00000 0.0476 0.0620
0 6.10000 7.07107 7.07107 1.00000 0.00000 0.00000 0.0552 0.0552
transfer_grey
0 6.10000 6.45287 8.40955 1.00000 0.00000 0.00000 0.0504 0.0657
0 6.10000 7.07107 7.07107 1.00000 0.00000 0.00000 0.0552 0.0552
0 6.10000 7.49533 7.49533 1.00000 0.00000 0.00000 0.0586 0.0586
transfer_grey
0 6.10000 5.30000 9.17987 1.00000 0.00000 0.00000 0.0414 0.0717
0 6.10000 5.00000 8.66025 1.00000 0.00000 0.00000 0.0391 0.0677
0 6.10000 6.08761 7.93353 1.00000 0.00000 0.00000 0.0476 0.0620
transfer_grey
0 6.10000 5.30000 9.17987 1.00000 0.00000 0.00000 0.0414 0.0717
0 6.10000 6.08761 7.93353 1.00000 0.00000 0.00000 0.0476 0.0620
0 6.10000 6.45287 8.40955 1.00000 0.00000 0.00000 0.0504 0.0657
transfer_grey
0 6.10000 4.05644 9.79312 1.00000 0.00000 0.00000 0.0317 0.0765
0 6.10000 3.82683 9.23880 1.00000 0.00000 0.00000 0.0299 0.0722
0 6.10000 5.00000 8.66025 1.00000 0.00000 0.00000 0.0391 0.0677
transfer_grey
0 6.10000 4.05644 9.79312 1.00000 0.00000 0.00000 0.0317 0.0765
0 6.10000 5.00000 8.66025 1.00000 0.00000 0.00000 0.0391 0.0677
0 6.10000 5.30000 9.17987 1.00000 0.00000 0.00000 0.0414 0.0717
transfer_grey
0 6.10000 2.74348 10.23881 1.00000 0.00000 0.00000 0.0214 0.0800
0 6.10000 2.58819 9.65926 1.00000 0.00000 0.00000 0.0202 0.0755
0 6.10000 3.82683 9.23880 1.00000 0.00000 0.00000 0.0299 0.0722
transfer_grey
0 6.10000 2.74348 10.23881 1.00000 0.00000 0.00000 0.0214 0.0800
0 6.10000 3.82683 9.23880 1.00000 0.00000 0.00000 0.0299 0.0722
0 6.10000 4.05644 9.79312 1.00000 0.00000 0.00000 0.0317 0.0765
transfer_grey
0 6.10000 1.38358 10.50932 1.00000 0.00000 0.00000 0.0108 0.0821
0 6.10000 1.30526 9.91445 1.00000 0.00000 0.00000 0.0102 0.0775
0 6.10000 2.58819 9.65926 1.00000 0.00000 0.00000 0.0202 0.0755
transfer_grey
0 6.10000 1.38358 10.50932 1.00000 0.00000 0.00000 0.0108 0.0821
0 6.10000 2.58819 9.65926 1.00000 0.00000 0.00000 0.0202 0.0755
0 6.10000 2.74348 10.23881 1.00000 0.00000 0.00000 0.0214 0.0800
transfer_grey
0 6.10000 0.00000 10.60000 1.00000 0.00000 0.00000 0.0000 0.0828
0 6.10000 0.00000 10.00000 1.00000 0.00000 0.00000 0.0000 0.0781
0 6.10000 1.30526 9.91445 1.00000 0.00000 0.00000 0.0102 0.0775
transfer_grey
0 6.10000 0.00000 10.60000 1.00000 0.00000 0.00000 0.0000 0.0828
0 6.10000 1.30526 9.91445 1.00000 0.00000 0.00000 0.0102 0.0775
0 6.10000 1.38358 10.50932 1.00000 0.00000 0.00000 0.0108 0.0821
transfer_grey
0 6.10000 -1.38358 10.50932 1.00000 0.00000 0.00000 0.9892 0.0821
0 6.10000 -1.30526 9.91445 1.00000 0.00000 0.00000 0.9898 0.0775
0 6.10000 0.00000 10.00000 1.00000 0.00000 0.00000 0.0000 0.0781
transfer_grey
0 6.10000 -1.38358 10.50932 1.00000 0.00000 0.00000 0.9892 0.0821
0 6.10000 0.00000 10.00000 1.00000 0.00000 0.00000 0.0000 0.0781
0 6.10000 0.00000 10.60000 1.00000 0.00000 0.00000 0.0000 0.0828
transfer_grey
0 6.10000 -2.74348 10.23881 1.00000 0.00000 0.00000 0.9786 0.0800
0 6.10000 -2.58819 9.65926 1.00000 0.00000 0.00000 0.9798 0.0755
0 6.10000 -1.30526 9.91445 1.00000 0.00000 0.00000 0.9898 0.0775
transfer_grey
0 6.10000 -2.74348 10.23881 1.00000 0.00000 0.00000 0.9786 0.0800
0 6.10000 -1.30526 9.91445 1.00000 0.00000 0.00000 0.9898 0.0775
0 6.10000 -1.38358 10.50932 1.00000 0.00000 0.00000 0.9892 0.0821
transfer_grey
0 6.10000 -4.05644 9.79312 1.00000 0.00000 0.00000 0.9683 0.0765
0 6.10000 -3.82683 9.23880 1.00000 0.00000 0.00000 0.9701 0.0722
0 6.10000 -2.58819 9.65926 1.00000 0.00000 0.00000 0.9798 0.0755
transfer_grey
0 6.10000 -4.05644 9.79312 1.00000 0.00000 0.00000 0.9683 0.0765
0 6.10000 -2.58819 9.65926 1.00000 0.00000 0.00000 0.9798 0.0755
0 6.10000 -2.74348 10.23881 1.00000 0.00000 0.00000 0.9786 0.0800
transfer_grey
0 6.10000 -5.30000 9.17987 1.00000 -0.00000 0.00000 0.9586 0.0717
0 6.10000 -5.00000 8.66025 1.00000 -0.00000 0.00000 0.9609 0.0677
0 6.10000 -3.82683 9.23880 1.00000 -0.00000 0.00000 0.9701 0.0722
transfer_grey
0 6.10000 -5.30000 9.17987 1.00000 -0.00000 0.00000 0.9586 0.0717
0 6.10000 -3.82683 9.23880 1.00000 -0.00000 0.00000 0.9701 0.0722
0 6.10000 -4.05644 9.79312 1.00000 -0.00000 0.00000 0.9683 0.0765
transfer_grey
0 6.10000 -6.45287 8.40955 1.00000 -0.00000 0.00000 0.9496 0.0657
0 6.10000 -6.08761 7.93353 1.00000 -0.00000 0.00000 0.9524 0.0620
0 6.10000 -5.00000 8.66025 1.00000 -0.00000 0.00000 0.9609 0.0677
transfer_grey
0 6.10000 -6.45287 8.40955 1.00000 -0.00000 0.00000 0.9496 0.0657
0 6.10000 -5.00000 8.66025 1.00000 -0.00000 0.00000 0.9609 0.0677
0 6.10000 -5.30000 9.17987 1.00000 -0.00000 0.00000 0.9586 0.0717
transfer_grey
0 6.10000 -7.49533 7.49533 1.00000 -0.00000 0.00000 0.9414 0.0586
0 6.10000 -7.07107 7.07107 1.00000 -0.00000 0.00000 0.9448 0.0552
0 6.10000 -6.08761 7.93353 1.00000 -0.00000 0.00000 0.9524 0.0620
transfer_grey
0 6.10000 -7.49533 7.49533 1.00000 -0.00000 0.00000 0.9414 0.0586
0 6.10000 -6.08761 7.93353 1.00000 -0.00000 0.00000 0.9524 0.0620
0 6.10000 -6.45287 8.40955 1.00000 -0.00000 0.00000 0.9496 0.0657
transfer_grey
0 6.10000 -8.40955 6.45287 1.00000 -0.00000 0.00000 0.9343 0.0504
0 6.10000 -7.93353 6.08761 1.00000 -0.00000 0.00000 0.9380 0.0476
0 6.10000 -7.07107 7.07107 1.00000 -0.00000 0.00000 0.9448 0.0552
transfer_grey
0 6.10000 -8.40955 6.45287 1.00000 -0.00000 0.00000 0.9343 0.0504
0 6.10000 -7.07107 7.07107 1.00000 -0.00000 0.00000 0.9448 0.0552
0 6.10000 -7.49533 7.49533 1.00000 -0.00000 0.00000 0.9414 0.0586
transfer_grey
0 6.10000 -9.17987 5.30000 1.00000 -0.00000 0.00000 0.9283 0.0414
0 6.10000 -8.66025 5.00000 1.00000 -0.00000 0.00000 0.9323 0.0391
0 6.10000 -7.93353 6.08761 1.00000 -0.00000 0.00000 0.9380 0.0476
transfer_grey
0 6.10000 -9.17987 5.30000 1.00000 -0.00000 0.00000 0.9283 0.0414
0 6.10000 -7.93353 6.08761 1.00000 -0.00000 0.00000 0.9380 0.0476
0 6.10000 -8.40955 6.45287 1.00000 -0.00000 0.00000 0.9343 0.0504
transfer_grey
0 6.10000 -9.79312 4.05644 1.00000 -0.00000 0.00000 0.9235 0.0317
0 6.10000 -9.23880 3.82683 1.00000 -0.00000 0.00000 0.9278 0.0299
0 6.10000 -8.66025 5.00000 1.00000 -0.00000 0.00000 0.9323 0.0391
transfer_grey
0 6.10000 -9.79312 4.05644 1.00000 -0.00000 0.00000 0.9235 0.0317
0 6.10000 -8.66025 5.00000 1.00000 -0.00000 0.00000 0.9323 0.0391
0 6.10000 -9.17987 5.30000 1.00000 -0.00000 0.00000 0.9283 0.0414
transfer_grey
0 6.10000 -10.23881 2.74348 1.00000 -0.00000 0.00000 0.9200 0.0214
0 6.10000 -9.65926 2.58819 1.00000 -0.00000 0.00000 0.9245 0.0202
0 6.10000 -9.23880 3.82683 1.00000 -0.00000 0.00000 0.9278 0.0299
transfer_grey
0 6.10000 -10.23881 2.74348 1.00000 -0.00000 0.00000 0.9200 0.0214
0 6.10000 -9.23880 3.82683 1.00000 -0.00000 0.00000 0.9278 0.0299
0 6.10000 -9.79312 4.05644 1.00000 -0.00000 0.00000 0.9235 0.0317
transfer_grey
0 6.10000 -10.50932 1.38358 1.00000 -0.00000 0.00000 0.9179 0.0108
0 6.10000 -9.91445 1.30526 1.00000 -0.00000 0.00000 0.9225 0.0102
0 6.10000 -9.65926 2.58819 1.00000 -0.00000 0.00000 0.9245 0.0202
transfer_grey
0 6.10000 -10.50932 1.38358 1.00000 -0.00000 0.00000 0.9179 0.0108
0 6.10000 -9.65926 2.58819 1.00000 -0.00000 0.00000 0.9245 0.0202
0 6.10000 -10.23881 2.74348 1.00000 -0.00000 0.00000 0.9200 0.0214
transfer_grey
0 6.10000 -10.60000 0.00000 1.00000 -0.00000 0.00000 0.9172 0.0000
0 6.10000 -10.00000 0.00000 1.00000 -0.00000 0.00000 0.9219 0.0000
0 6.10000 -9.91445 1.30526 1.00000 -0.00000 0.00000 0.9225 0.0102
transfer_grey
0 6.10000 -10.60000 0.00000 1.00000 -0.00000 0.00000 0.9172 0.0000
0 6.10000 -9.91445 1.30526 1.00000 -0.00000 0.00000 0.9225 0.0102
0 6.10000 -10.50932 1.38358 1.00000 -0.00000 0.00000 0.9179 0.0108
transfer_grey
0 6.10000 -10.50932 -1.38358 1.00000 0.00000 0.00000 0.9179 0.9892
0 6.10000 -9.91445 -1.30526 1.00000 0.00000 0.00000 0.9225 0.9898
0 6.10000 -10.00000 0.00000 1.00000 0.00000 0.00000 0.9219 0.0000
transfer_grey
0 6.10000 -10.50932 -1.38358 1.00000 0.00000 0.00000 0.9179 0.9892
0 6.10000 -10.00000 0.00000 1.00000 0.00000 0.00000 0.9219 0.0000
0 6.10000 -10.60000 0.00000 1.00000 0.00000 0.00000 0.9172 0.0000
transfer_grey
0 6.10000 -10.23881 -2.74348 1.00000 0.00000 0.00000 0.9200 0.9786
0 6.10000 -9.65926 -2.58819 1.00000 0.00000 0.00000 0.9245 0.9798
0 6.10000 -9.91445 -1.30526 1.00000 0.00000 0.00000 0.9225 0.9898
transfer_grey
0 6.10000 -10.23881 -2.74348 1.00000 0.00000 0.00000 0.9200 0.9786
0 6.10000 -9.91445 -1.30526 1.00000 0.00000 0.00000 0.9225 0.9898
0 6.10000 -10.50932 -1.38358 1.00000 0.00000 0.00000 0.9179 0.9892
transfer_grey
0 6.10000 -9.79312 -4.05644 1.00000 0.00000 0.00000 0.9235 0.9683
0 6.10000 -9.23880 -3.82683 1.00000 0.00000 0.00000 0.9278 0.9701
0 6.10000 -9.65926 -2.58819 1.00000 0.00000 0.00000 0.9245 0.9798
transfer_grey
0 6.10000 -9.79312 -4.05644 1.00000 0.00000 0.00000 0.9235 0.9683
0 6.10000 -9.65926 -2.58819 1.00000 0.00000 0.00000 0.9245 0.9798
0 6.10000 -10.23881 -2.74348 1.00000 0.00000 0.00000 0.9200 0.9786
transfer_grey
0 6.10000 -9.17987 -5.30000 1.00000 0.00000 -0.00000 0.9283 0.9586
0 6.10000 -8.66025 -5.00000 1.00000 0.00000 -0.00000 0.9323 0.9609
0 6.10000 -9.23880 -3.82683 1.00000 0.00000 -0.00000 0.9278 0.9701
transfer_grey
0 6.10000 -9.17987 -5.30000 1.00000 0.00000 -0.00000 0.9283 0.9586
0 6.10000 -9.23880 -3.82683 1.00000 0.00000 -0.00000 0.9278 0.9701
0 6.10000 -9.79312 -4.05644 1.00000 0.00000 -0.00000 0.9235 0.9683
transfer_grey
0 6.10000 -8.40955 -6.45287 1.00000 0.00000 -0.00000 0.9343 0.9496
0 6.10000 -7.93353 -6.08761 1.00000 0.00000 -0.00000 0.9380 0.9524
0 6.10000 -8.66025 -5.00000 1.00000 0.00000 -0.00000 0.9323 0.9609
transfer_grey
0 6.10000 -8.40955 -6.45287 1.00000 0.00000 -0.00000 0.9343 0.9496
0 6.10000 -8.66025 -5.00000 1.00000 0.00000 -0.00000 0.9323 0.9609
0 6.10000 -9.17987 -5.30000 1.00000 0.00000 -0.00000 0.9283 0.9586
transfer_grey
0 6.10000 -7.49533 -7.49533 1.00000 0.00000 -0.00000 0.9414 0.9414
0 6.10000 -7.07107 -7.07107 1.00000 0.00000 -0.00000 0.9448 0.9448
0 6.10000 -7.93353 -6.08761 1.00000 0.00000 -0.00000 0.9380 0.9524
transfer_grey
0 6.10000 -7.49533 -7.49533 1.00000 0.00000 -0.00000 0.9414 0.9414
0 6.10000 -7.93353 -6.08761 1.00000 0.00000 -0.00000 0.9380 0.9524
0 6.10000 -8.40955 -6.45287 1.00000 0.00000 -0.00000 0.9343 0.9496
transfer_grey
0 6.10000 -6.45287 -8.40955 1.00000 0.00000 -0.00000 0.9496 0.9343
0 6.10000 -6.08761 -7.93353 1.00000 0.00000 -0.00000 0.9524 0.9380
0 6.10000 -7.07107 -7.07107 1.00000 0.00000 -0.00000 0.9448 0.9448
transfer_grey
0 6.10000 -6.45287 -8.40955 1.00000 0.00000 -0.00000 0.9496 0.9343
0 6.10000 -7.07107 -7.07107 1.00000 0.00000 -0.00000 0.9448 0.9448
0 6.10000 -7.49533 -7.49533 1.00000 0.00000 -0.00000 0.9414 0.9414
transfer_grey
0 6.10000 -5.30000 -9.17987 1.00000 0.00000 -0.00000 0.9586 0.9283
0 6.10000 -5.00000 -8.66025 1.00000 0.00000 -0.00000 0.9609 0.9323
0 6.10000 -6.08761 -7.93353 1.00000 0.00000 -0.00000 0.9524 0.9380
transfer_grey
0 6.10000 -5.30000 -9.17987 1.00000 0.00000 -0.00000 0.9586 0.9283
0 6.10000 -6.08761 -7.93353 1.00000 0.00000 -0.00000 0.9524 0.9380
0 6.10000 -6.45287 -8.40955 1.00000 0.00000 -0.00000 0.9496 0.9343
transfer_grey
0 6.10000 -4.05644 -9.79312 1.00000 0.00000 -0.00000 0.9683 0.9235
0 6.10000 -3.82683 -9.23880 1.00000 0.00000 -0.00000 0.9701 0.9278
0 6.10000 -5.00000 -8.66025 1.00000 0.00000 -0.00000 0.9609 0.9323
transfer_grey
0 6.10000 -4.05644 -9.79312 1.00000 0.00000 -0.00000 0.9683 0.9235
0 6.10000 -5.00000 -8.66025 1.00000 0.00000 -0.00000 0.9609 0.9323
0 6.10000 -5.30000 -9.17987 1.00000 0.00000 -0.00000 0.9586 0.9283
transfer_grey
0 6.10000 -2.74348 -10.23881 1.00000 0.00000 -0.00000 0.9786 0.9200
0 6.10000 -2.58819 -9.65926 1.00000 0.00000 -0.00000 0.9798 0.9245
0 6.10000 -3.82683 -9.23880 1.00000 0.00000 -0.00000 0.9701 0.9278
transfer_grey
0 6.10000 -2.74348 -10.23881 1.00000 0.00000 -0.00000 0.9786 0.9200
0 6.10000 -3.82683 -9.23880 1.00000 0.00000 -0.00000 0.9701 0.9278
0 6.10000 -4.05644 -9.79312 1.00000 0.00000 -0.00000 0.9683 0.9235
transfer_grey
0 6.10000 -1.38358 -10.50932 1.00000 0.00000 -0.00000 0.9892 0.9179
0 6.10000 -1.30526 -9.91445 1.00000 0.00000 -0.00000 0.9898 0.9225
0 6.10000 -2.58819 -9.65926 1.00000 0.00000 -0.00000 0.9798 0.9245
transfer_grey
0 6.10000 -1.38358 -10.50932 1.00000 0.00000 -0.00000 0.9892 0.9179
0 6.10000 -2.58819 -9.65926 1.00000 0.00000 -0.00000 0.9798 0.9245
0 6.10000 -2.74348 -10.23881 1.00000 0.00000 -0.00000 0.9786 0.9200
transfer_grey
0 6.10000 -0.00000 -10.60000 1.00000 0.00000 -0.00000 1.0000 0.9172
0 6.10000 -0.00000 -10.00000 1.00000 0.00000 -0.00000 1.0000 0.9219
0 6.10000 -1.30526 -9.91445 1.00000 0.00000 -0.00000 0.9898 0.9225
transfer_grey
0 6.10000 -0.00000 -10.60000 1.00000 0.00000 -0.00000 1.0000 0.9172
0 6.10000 -1.30526 -9.91445 1.00000 0.00000 -0.00000 0.9898 0.9225
0 6.10000 -1.38358 -10.50932 1.00000 0.00000 -0.00000 0.9892 0.9179
transfer_grey
0 6.10000 1.38358 -10.50932 1.00000 0.00000 0.00000 0.0108 0.9179
0 6.10000 1.30526 -9.91445 1.00000 0.00000 0.00000 0.0102 0.9225
0 6.10000 -0.00000 -10.00000 1.00000 0.00000 0.00000 1.0000 0.9219
transfer_grey
0 6.10000 1.38358 -10.50932 1.00000 0.00000 0.00000 0.0108 0.9179
0 6.10000 -0.00000 -10.00000 1.00000 0.00000 0.00000 1.0000 0.9219
0 6.10000 -0.00000 -10.60000 1.00000 0.00000 0.00000 1.0000 0.9172
transfer_grey
0 6.10000 2.74348 -10.23881 1.00000 0.00000 0.00000 0.0214 0.9200
0 6.10000 2.58819 -9.65926 1.00000 0.00000 0.00000 0.0202 0.9245
0 6.10000 1.30526 -9.91445 1.00000 0.00000 0.00000 0.0102 0.9225
transfer_grey
0 6.10000 2.74348 -10.23881 1.00000 0.00000 0.00000 0.0214 0.9200
0 6.10000 1.30526 -9.91445 1.00000 0.00000 0.00000 0.0102 0.9225
0 6.10000 1.38358 -10.50932 1.00000 0.00000 0.00000 0.0108 0.9179
transfer_grey
0 6.10000 4.05644 -9.79312 1.00000 0.00000 0.00000 0.0317 0.9235
0 6.10000 3.82683 -9.23880 1.00000 0.00000 0.00000 0.0299 0.9278
0 6.10000 2.58819 -9.65926 1.00000 0.00000 0.00000 0.0202 0.9245
transfer_grey
0 6.10000 4.05644 -9.79312 1.00000 0.00000 0.00000 0.0317 0.9235
0 6.10000 2.58819 -9.65926 1.00000 0.00000 0.00000 0.0202 0.9245
0 6.10000 2.74348 -10.23881 1.00000 0.00000 0.00000 0.0214 0.9200
transfer_grey
0 6.10000 5.30000 -9.17987 1.00000 0.00000 0.00000 0.0414 0.9283
0 6.10000 5.00000 -8.66025 1.00000 0.00000 0.00000 0.0391 0.9323
0 6.10000 3.82683 -9.23880 1.00000 0.00000 0.00000 0.0299 0.9278
transfer_grey
0 6.10000 5.30000 -9.17987 1.00000 0.00000 0.00000 0.0414 0.9283
0 6.10000 3.82683 -9.23880 1.00000 0.00000 0.00000 0.0299 0.9278
0 6.10000 4.05644 -9.79312 1.00000 0.00000 0.00000 0.0317 0.9235
transfer_grey
0 6.10000 6.45287 -8.40955 1.00000 0.00000 0.00000 0.0504 0.9343
0 6.10000 6.08761 -7.93353 1.00000 0.00000 0.00000 0.0476 0.9380
0 6.10000 5.00000 -8.66025 1.00000 0.00000 0.00000 0.0391 0.9323
transfer_grey
0 6.10000 6.45287 -8.40955 1.00000 0.00000 0.00000 0.0504 0.9343
0 6.10000 5.00000 -8.66025 1.00000 0.00000 0.00000 0.0391 0.9323
0 6.10000 5.30000 -9.17987 1.00000 0.00000 0.00000 0.0414 0.9283
transfer_grey
0 6.10000 7.49533 -7.49533 1.00000 0.00000 0.00000 0.0586 0.9414
0 6.10000 7.07107 -7.07107 1.00000 0.00000 0.00000 0.0552 0.9448
0 6.10000 6.08761 -7.93353 1.00000 0.00000 0.00000 0.0476 0.9380
transfer_grey
0 6.10000 7.49533 -7.49533 1.00000 0.00000 0.00000 0.0586 0.9414
0 6.10000 6.08761 -7.93353 1.00000 0.00000 0.00000 0.0476 0.9380
0 6.10000 6.45287 -8.40955 1.00000 0.00000 0.00000 0.0504 0.9343
transfer_grey
0 6.10000 8.40955 -6.45287 1.00000 0.00000 0.00000 0.0657 0.9496
0 6.10000 7.93353 -6.08761 1.00000 0.00000 0.00000 0.0620 0.9524
0 6.10000 7.07107 -7.07107 1.00000 0.00000 0.00000 0.0552 0.9448
transfer_grey
0 6.10000 8.40955 -6.45287 1.00000 0.00000 0.00000 0.0657 0.9496
0 6.10000 7.07107 -7.07107 1.00000 0.00000 0.00000 0.0552 0.9448
0 6.10000 7.49533 -7.49533 1.00000 0.00000 0.00000 0.0586 0.9414
transfer_grey
0 6.10000 9.17987 -5.30000 1.00000 0.00000 0.00000 0.0717 0.9586
0 6.10000 8.66025 -5.00000 1.00000 0.00000 0.00000 0.0677 0.9609
0 6.10000 7.93353 -6.08761 1.00000 0.00000 0.00000 0.0620 0.9524
transfer_grey
0 6.10000 9.17987 -5.30000 1.00000 0.00000 0.00000 0.0717 0.9586
0 6.10000 7.93353 -6.08761 1.00000 0.00000 0.00000 0.0620 0.9524
0 6.10000 8.40955 -6.45287 1.00000 0.00000 0.00000 0.0657 0.9496
transfer_grey
0 6.10000 9.79312 -4.05644 1.00000 0.00000 0.00000 0.0765 0.9683
0 6.10000 9.23880 -3.82683 1.00000 0.00000 0.00000 0.0722 0.9701
0 6.10000 8.66025 -5.00000 1.00000 0.00000 0.00000 0.0677 0.9609
transfer_grey
0 6.10000 9.79312 -4.05644 1.00000 0.00000 0.00000 0.0765 0.9683
0 6.10000 8.66025 -5.00000 1.00000 0.00000 0.00000 0.0677 0.9609
0 6.10000 9.17987 -5.30000 1.00000 0.00000 0.00000 0.0717 0.9586
transfer_grey
0 6.10000 10.23881 -2.74348 1.00000 0.00000 0.00000 0.0800 0.9786
0 6.10000 9.65926 -2.58819 1.00000 0.00000 0.00000 0.0755 0.9798
0 6.10000 9.23880 -3.82683 1.00000 0.00000 0.00000 0.0722 0.9701
transfer_grey
0 6.10000 10.23881 -2.74348 1.00000 0.00000 0.00000 0.0800 0.9786
0 6.10000 9.23880 -3.82683 1.00000 0.00000 0.00000 0.0722 0.9701
0 6.10000 9.79312 -4.05644 1.00000 0.00000 0.00000 0.0765 0.9683
transfer_grey
0 6.10000 10.50932 -1.38358 1.00000 0.00000 0.00000 0.0821 0.9892
0 6.10000 9.91445 -1.30526 1.00000 0.00000 0.00000 0.0775 0.9898
0 6.10000 9.65926 -2.58819 1.00000 0.00000 0.00000 0.0755 0.9798
transfer_grey
0 6.10000 10.50932 -1.38358 1.00000 0.00000 0.00000 0.0821 0.9892
0 6.10000 9.65926 -2.58819 1.00000 0.00000 0.00000 0.0755 0.9798
0 6.10000 10.23881 -2.74348 1.00000 0.00000 0.00000 0.0800 0.9786
transfer_grey
0 6.10000 10.60000 -0.00000 1.00000 0.00000 0.00000 0.0828 1.0000
0 6.10000 10.00000 -0.00000 1.00000 0.00000 0.00000 0.0781 1.0000
0 6.10000 9.91445 -1.30526 1.00000 0.00000 0.00000 0.0775 0.9898
transfer_grey
0 6.10000 10.60000 -0.00000 1.00000 0.00000 0.00000 0.0828 1.0000
0 6.10000 9.91445 -1.30526 1.00000 0.00000 0.00000 0.0775 0.9898
0 6.10000 10.50932 -1.38358 1.00000 0.00000 0.00000 0.0821 0.9892
transfer_grey
0 10.00000 11.40162 1.50105 -1.00000 0.00000 0.00000 0.0891 0.0117
0 10.00000 11.99648 1.57937 -1.00000 0.00000 0.00000 0.0937 0.0123
0 10.00000 12.10000 0.00000 -1.00000 0.00000 0.00000 0.0945 0.0000
transfer_grey
0 10.00000 11.40162 1.50105 -1.00000 0.00000 0.00000 0.0891 0.0117
0 10.00000 12.10000 0.00000 -1.00000 0.00000 0.00000 0.0945 0.0000
0 10.00000 11.50000 0.00000 -1.00000 0.00000 0.00000 0.0898 0.0000
transfer_grey
0 10.00000 11.10815 2.97642 -1.00000 0.00000 0.00000 0.0868 0.0233
0 10.00000 11.68770 3.13171 -1.00000 0.00000 0.00000 0.0913 0.0245
0 10.00000 11.99648 1.57937 -1.00000 0.00000 0.00000 0.0937 0.0123
transfer_grey
0 10.00000 11.10815 2.97642 -1.00000 0.00000 0.00000 0.0868 0.0233
0 10.00000 11.99648 1.57937 -1.00000 0.00000 0.00000 0.0937 0.0123
0 10.00000 11.40162 1.50105 -1.00000 0.00000 0.00000 0.0891 0.0117
transfer_grey
0 10.00000 10.62461 4.40086 -1.00000 0.00000 0.00000 0.0830 0.0344
0 10.00000 11.17894 4.63047 -1.00000 0.00000 0.00000 0.0873 0.0362
0 10.00000 11.68770 3.13171 -1.00000 0.00000 0.00000 0.0913 0.0245
transfer_grey
0 10.00000 10.62461 4.40086 -1.00000 0.00000 0.00000 0.0830 0.0344
0 10.00000 11.68770 3.13171 -1.00000 0.00000 0.00000 0.0913 0.0245
0 10.00000 11.10815 2.97642 -1.00000 0.00000 0.00000 0.0868 0.0233
transfer_grey
0 10.00000 9.95929 5.75000 -1.00000 0.00000 0.00000 0.0778 0.0449
0 10.00000 10.47891 6.05000 -1.00000 0.00000 0.00000 0.0819 0.0473
0 10.00000 11.17894 4.63047 -1.00000 0.00000 0.00000 0.0873 0.0362
transfer_grey
0 10.00000 9.95929 5.75000 -1.00000 0.00000 0.00000 0.0778 0.0449
0 10.00000 11.17894 4.63047 -1.00000 0.00000 0.00000 0.0873 0.0362
0 10.00000 10.62461 4.40086 -1.00000 0.00000 0.00000 0.0830 0.0344
transfer_grey
0 10.00000 9.12356 7.00076 -1.00000 0.00000 0.00000 0.0713 0.0547
0 10.00000 9.59958 7.36601 -1.00000 0.00000 0.00000 0.0750 0.0575
0 10.00000 10.47891 6.05000 -1.00000 0.00000 0.00000 0.0819 0.0473
transfer_grey
0 10.00000 9.12356 7.00076 -1.00000 0.00000 0.00000 0.0713 0.0547
0 10.00000 10.47891 6.05000 -1.00000 0.00000 0.00000 0.0819 0.0473
0 10.00000 9.95929 5.75000 -1.00000 0.00000 0.00000 0.0778 0.0449
transfer_grey
0 10.00000 8.13173 8.13173 -1.00000 0.00000 0.00000 0.0635 0.0635
0 10.00000 8.55599 8.55599 -1.00000 0.00000 0.00000 0.0668 0.0668
0 10.00000 9.59958 7.36601 -1.00000 0.00000 0.00000 0.0750 0.0575
transfer_grey
0 10.00000 8.13173 8.13173 -1.00000 0.00000 0.00000 0.0635 0.0635
0 10.00000 9.59958 7.36601 -1.00000 0.00000 0.00000 0.0750 0.0575
0 10.00000 9.12356 7.00076 -1.00000 0.00000 0.00000 0.0713 0.0547
transfer_grey
0 10.00000 7.00076 9.12356 -1.00000 0.00000 0.00000 0.0547 0.0713
0 10.00000 7.36601 9.59958 -1.00000 0.00000 0.00000 0.0575 0.0750
0 10.00000 8.55599 8.55599 -1.00000 0.00000 0.00000 0.0668 0.0668
transfer_grey
0 10.00000 7.00076 9.12356 -1.00000 0.00000 0.00000 0.0547 0.0713
0 10.00000 8.55599 8.55599 -1.00000 0.00000 0.00000 0.0668 0.0668
0 10.00000 8.13173 8.13173 -1.00000 0.00000 0.00000 0.0635 0.0635
transfer_grey
0 10.00000 5.75000 9.95929 -1.00000 0.00000 0.00000 0.0449 0.0778
0 10.00000 6.05000 10.47891 -1.00000 0.00000 0.00000 0.0473 0.0819
0 10.00000 7.36601 9.59958 -1.00000 0.00000 0.00000 0.0575 0.0750
transfer_grey
0 10.00000 5.75000 9.95929 -1.00000 0.00000 0.00000 0.0449 0.0778
0 10.00000 7.36601 9.59958 -1.00000 0.00000 0.00000 0.0575 0.0750
0 10.00000 7.00076 9.12356 -1.00000 0.00000 0.00000 0.0547 0.0713
transfer_grey
0 10.00000 4.40086 10.62461 -1.00000 0.00000 0.00000 0.0344 0.0830
0 10.00000 4.63047 11.17894 -1.00000 0.00000 0.00000 0.0362 0.0873
0 10.00000 6.05000 10.47891 -1.00000 0.00000 0.00000 0.0473 0.0819
transfer_grey
0 10.00000 4.40086 10.62461 -1.00000 0.00000 0.00000 0.0344 0.0830
0 10.00000 6.05000 10.47891 -1.00000 0.00000 0.00000 0.0473 0.0819
0 10.00000 5.75000 9.95929 -1.00000 0.00000 0.00000 0.0449 0.0778
transfer_grey
0 10.00000 2.97642 11.10815 -1.00000 0.00000 0.00000 0.0233 0.0868
0 10.00000 3.13171 11.68770 -1.00000 0.00000 0.00000 0.0245 0.0913
0 10.00000 4.63047 11.17894 -1.00000 0.00000 0.00000 0.0362 0.0873
transfer_grey
0 10.00000 2.97642 11.10815 -1.00000 0.00000 0.00000 0.0233 0.0868
0 10.00000 4.63047 11.17894 -1.00000 0.00000 0.00000 0.0362 0.0873
0 10.00000 4.40086 10.62461 -1.00000 0.00000 0.00000 0.0344 0.0830
transfer_grey
0 10.00000 1.50105 11.40162 -1.00000 0.00000 0.00000 0.0117 0.0891
0 10.00000 1.57937 11.99648 -1.00000 0.00000 0.00000 0.0123 0.0937
0 10.00000 3.13171 11.68770 -1.00000 0.00000 0.00000 0.0245 0.0913
transfer_grey
0 10.00000 1.50105 11.40162 -1.00000 0.00000 0.00000 0.0117 0.0891
0 10.00000 3.13171 11.68770 -1.00000 0.00000 0.00000 0.0245 0.0913
0 10.00000 2.97642 11.10815 -1.00000 0.00000 0.00000 0.0233 0.0868
transfer_grey
0 10.00000 0.00000 11.50000 -1.00000 0.00000 0.00000 0.0000 0.0898
0 10.00000 0.00000 12.10000 -1.00000 0.00000 0.00000 0.0000 0.0945
0 10.00000 1.57937 11.99648 -1.00000 0.00000 0.00000 0.0123 0.0937
transfer_grey
0 10.00000 0.00000 11.50000 -1.00000 0.00000 0.00000 0.0000 0.0898
0 10.00000 1.57937 11.99648 -1.00000 0.00000 0.00000 0.0123 0.0937
0 10.00000 1.50105 11.40162 -1.00000 0.00000 0.00000 0.0117 0.0891
transfer_grey
0 10.00000 -1.50105 11.40162 -1.00000 0.00000 0.00000 0.9883 0.0891
0 10.00000 -1.57937 11.99648 -1.00000 0.00000 0.00000 0.9877 0.0937
0 10.00000 0.00000 12.10000 -1.00000 0.00000 0.00000 0.0000 0.0945
transfer_grey
0 10.00000 -1.50105 11.40162 -1.00000 0.00000 0.00000 0.9883 0.0891
0 10.00000 0.00000 12.10000 -1.00000 0.00000 0.00000 0.0000 0.0945
0 10.00000 0.00000 11.50000 -1.00000 0.00000 0.00000 0.0000 0.0898
transfer_grey
0 10.00000 -2.97642 11.10815 -1.00000 0.00000 0.00000 0.9767 0.0868
0 10.00000 -3.13171 11.68770 -1.00000 0.00000 0.00000 0.9755 0.0913
0 10.00000 -1.57937 11.99648 -1.00000 0.00000 0.00000 0.9877 0.0937
transfer_grey
0 10.00000 -2.97642 11.10815 -1.00000 0.00000 0.00000 0.9767 0.0868
0 10.00000 -1.57937 11.99648 -1.00000 0.00000 0.00000 0.9877 0.0937
0 10.00000 -1.50105 11.40162 -1.00000 0.00000 0.00000 0.9883 0.0891
transfer_grey
0 10.00000 -4.40086 10.62461 -1.00000 0.00000 0.00000 0.9656 0.0830
0 10.00000 -4.63047 11.17894 -1.00000 0.00000 0.00000 0.9638 0.0873
0 10.00000 -3.13171 11.68770 -1.00000 0.00000 0.00000 0.9755 0.0913
transfer_grey
0 10.00000 -4.40086 10.62461 -1.00000 0.00000 0.00000 0.9656 0.0830
0 10.00000 -3.13171 11.68770 -1.00000 0.00000 0.00000 0.9755 0.0913
0 10.00000 -2.97642 11.10815 -1.00000 0.00000 0.00000 0.9767 0.0868
transfer_grey
0 10.00000 -5.75000 9.95929 -1.00000 0.00000 0.00000 0.9551 0.0778
0 10.00000 -6.05000 10.47891 -1.00000 0.00000 0.00000 0.9527 0.0819
0 10.00000 -4.63047 11.17894 -1.00000 0.00000 0.00000 0.9638 0.0873
transfer_grey
0 10.00000 -5.75000 9.95929 -1.00000 0.00000 0.00000 0.9551 0.0778
0 10.00000 -4.63047 11.17894 -1.00000 0.00000 0.00000 0.9638 0.0873
0 10.00000 -4.40086 10.62461 -1.00000 0.00000 0.00000 0.9656 0.0830
transfer_grey
0 10.00000 -7.00076 9.12356 -1.00000 0.00000 0.00000 0.9453 0.0713
0 10.00000 -7.36601 9.59958 -1.00000 0.00000 0.00000 0.9425 0.0750
0 10.00000 -6.05000 10.47891 -1.00000 0.00000 0.00000 0.9527 0.0819
transfer_grey
0 10.00000 -7.00076 9.12356 -1.00000 0.00000 0.00000 0.9453 0.0713
0 10.00000 -6.05000 10.47891 -1.00000 0.00000 0.00000 0.9527 0.0819
0 10.00000 -5.75000 9.95929 -1.00000 0.00000 0.00000 0.9551 0.0778
transfer_grey
0 10.00000 -8.13173 8.13173 -1.00000 0.00000 0.00000 0.9365 0.0635
0 10.00000 -8.55599 8.55599 -1.00000 0.00000 0.00000 0.9332 0.0668
0 10.00000 -7.36601 9.59958 -1.00000 0.00000 0.00000 0.9425 0.0750
transfer_grey
0 10.00000 -8.13173 8.13173 -1.00000 0.00000 0.00000 0.9365 0.0635
0 10.00000 -7.36601 9.59958 -1.00000 0.00000 0.00000 0.9425 0.0750
0 10.00000 -7.00076 9.12356 -1.00000 0.00000 0.00000 0.9453 0.0713
transfer_grey
0 10.00000 -9.12356 7.00076 -1.00000 0.00000 0.00000 0.9287 0.0547
0 10.00000 -9.59958 7.36601 -1.00000 0.00000 0.00000 0.9250 0.0575
0 10.00000 -8.55599 8.55599 -1.00000 0.00000 0.00000 0.9332 0.0668
transfer_grey
0 10.00000 -9.12356 7.00076 -1.00000 0.00000 0.00000 0.9287 0.0547
0 10.00000 -8.55599 8.55599 -1.00000 0.00000 0.00000 0.9332 0.0668
0 10.00000 -8.13173 8.13173 -1.00000 0.00000 0.00000 0.9365 0.0635
transfer_grey
0 10.00000 -9.95929 5.75000 -1.00000 0.00000 0.00000 0.9222 0.0449
0 10.00000 -10.47891 6.05000 -1.00000 0.00000 0.00000 0.9181 0.0473
0 10.00000 -9.59958 7.36601 -1.00000 0.00000 0.00000 0.9250 0.0575
transfer_grey
0 10.00000 -9.95929 5.75000 -1.00000 0.00000 0.00000 0.9222 0.0449
0 10.00000 -9.59958 7.36601 -1.00000 0.00000 0.00000 0.9250 0.0575
0 10.00000 -9.12356 7.00076 -1.00000 0.00000 0.00000 0.9287 0.0547
transfer_grey
0 10.00000 -10.62461 4.40086 -1.00000 0.00000 0.00000 0.9170 0.0344
0 10.00000 -11.17894 4.63047 -1.00000 0.00000 0.00000 0.9127 0.0362
0 10.00000 -10.47891 6.05000 -1.00000 0.00000 0.00000 0.9181 0.0473
transfer_grey
0 10.00000 -10.62461 4.40086 -1.00000 0.00000 0.00000 0.9170 0.0344
0 10.00000 -10.47891 6.05000 -1.00000 0.00000 0.00000 0.9181 0.0473
0 10.00000 -9.95929 5.75000 -1.00000 0.00000 0.00000 0.9222 0.0449
transfer_grey
0 10.00000 -11.10815 2.97642 -1.00000 0.00000 0.00000 0.9132 0.0233
0 10.00000 -11.68770 3.13171 -1.00000 0.00000 0.00000 0.9087 0.0245
0 10.00000 -11.17894 4.63047 -1.00000 0.00000 0.00000 0.9127 0.0362
transfer_grey
0 10.00000 -11.10815 2.97642 -1.00000 0.00000 0.00000 0.9132 0.0233
0 10.00000 -11.17894 4.63047 -1.00000 0.00000 0.00000 0.9127 0.0362
0 10.00000 -10.62461 4.40086 -1.00000 0.00000 0.00000 0.9170 0.0344
transfer_grey
0 10.00000 -11.40162 1.50105 -1.00000 0.00000 0.00000 0.9109 0.0117
0 10.00000 -11.99648 1.57937 -1.00000 0.00000 0.00000 0.9063 0.0123
0 10.00000 -11.68770 3.13171 -1.00000 0.00000 0.00000 0.9087 0.0245
transfer_grey
0 10.00000 -11.40162 1.50105 -1.00000 0.00000 0.00000 0.9109 0.0117
0 10.00000 -11.68770 3.13171 -1.00000 0.00000 0.00000 0.9087 0.0245
0 10.00000 -11.10815 2.97642 -1.00000 0.00000 0.00000 0.9132 0.0233
transfer_grey
0 10.00000 -11.50000 0.00000 -1.00000 0.00000 0.00000 0.9102 0.0000
0 10.00000 -12.10000 0.00000 -1.00000 0.00000 0.00000 0.9055 0.0000
0 10.00000 -11.99648 1.57937 -1.00000 0.00000 0.00000 0.9063 0.0123
transfer_grey
0 10.00000 -11.50000 0.00000 -1.00000 0.00000 0.00000 0.9102 0.0000
0 10.00000 -11.99648 1.57937 -1.00000 0.00000 0.00000 0.9063 0.0123
0 10.00000 -11.40162 1.50105 -1.00000 0.00000 0.00000 0.9109 0.0117
transfer_grey
0 10.00000 -11.40162 -1.50105 -1.00000 -0.00000 0.00000 0.9109 0.9883
0 10.00000 -11.99648 -1.57937 -1.00000 -0.00000 0.00000 0.9063 0.9877
0 10.00000 -12.10000 0.00000 -1.00000 -0.00000 0.00000 0.9055 0.0000
transfer_grey
0 10.00000 -11.40162 -1.50105 -1.00000 -0.00000 0.00000 0.9109 0.9883
0 10.00000 -12.10000 0.00000 -1.00000 -0.00000 0.00000 0.9055 0.0000
0 10.00000 -11.50000 0.00000 -1.00000 -0.00000 0.00000 0.9102 0.0000
transfer_grey
0 10.00000 -11.10815 -2.97642 -1.00000 -0.00000 0.00000 0.9132 0.9767
0 10.00000 -11.68770 -3.13171 -1.00000 -0.00000 0.00000 0.9087 0.9755
0 10.00000 -11.99648 -1.57937 -1.00000 -0.00000 0.00000 0.9063 0.9877
transfer_grey
0 10.00000 -11.10815 -2.97642 -1.00000 -0.00000 0.00000 0.9132 0.9767
0 10.00000 -11.99648 -1.57937 -1.00000 -0.00000 0.00000 0.9063 0.9877
0 10.00000 -11.40162 -1.50105 -1.00000 -0.00000 0.00000 0.9109 0.9883
transfer_grey
0 10.00000 -10.62461 -4.40086 -1.00000 -0.00000 0.00000 0.9170 0.9656
0 10.00000 -11.17894 -4.63047 -1.00000 -0.00000 0.00000 0.9127 0.9638
0 10.00000 -11.68770 -3.13171 -1.00000 -0.00000 0.00000 0.9087 0.9755
transfer_grey
0 10.00000 -10.62461 -4.40086 -1.00000 -0.00000 0.00000 0.9170 0.9656
0 10.00000 -11.68770 -3.13171 -1.00000 -0.00000 0.00000 0.9087 0.9755
0 10.00000 -11.10815 -2.97642 -1.00000 -0.00000 0.00000 0.9132 0.9767
transfer_grey
0 10.00000 -9.95929 -5.75000 -1.00000 -0.00000 0.00000 0.9222 0.9551
0 10.00000 -10.47891 -6.05000 -1.00000 -0.00000 0.00000 0.9181 0.9527
0 10.00000 -11.17894 -4.63047 -1.00000 -0.00000 0.00000 0.9127 0.9638
transfer_grey
0 10.00000 -9.95929 -5.75000 -1.00000 -0.00000 0.00000 0.9222 0.9551
0 10.00000 -11.17894 -4.63047 -1.00000 -0.00000 0.00000 0.9127 0.9638
0 10.00000 -10.62461 -4.40086 -1.00000 -0.00000 0.00000 0.9170 0.9656
transfer_grey
0 10.00000 -9.12356 -7.00076 -1.00000 -0.00000 0.00000 0.9287 0.9453
0 10.00000 -9.59958 -7.36601 -1.00000 -0.00000 0.00000 0.9250 0.9425
0 10.00000 -10.47891 -6.05000 -1.00000 -0.00000 0.00000 0.9181 0.9527
transfer_grey
0 10.00000 -9.12356 -7.00076 -1.00000 -0.00000 0.00000 0.9287 0.9453
0 10.00000 -10.47891 -6.05000 -1.00000 -0.00000 0.00000 0.9181 0.9527
0 10.00000 -9.95929 -5.75000 -1.00000 -0.00000 0.00000 0.9222 0.9551
transfer_grey
0 10.00000 -8.13173 -8.13173 -1.00000 -0.00000 0.00000 0.9365 0.9365
0 10.00000 -8.55599 -8.55599 -1.00000 -0.00000 0.00000 0.9332 0.9332
0 10.00000 -9.59958 -7.36601 -1.00000 -0.00000 0.00000 0.9250 0.9425
transfer_grey
0 10.00000 -8.13173 -8.13173 -1.00000 -0.00000 0.00000 0.9365 0.9365
0 10.00000 -9.59958 -7.36601 -1.00000 -0.00000 0.00000 0.9250 0.9425
0 10.00000 -9.12356 -7.00076 -1.00000 -0.00000 0.00000 0.9287 0.9453
transfer_grey
0 10.00000 -7.00076 -9.12356 -1.00000 -0.00000 0.00000 0.9453 0.9287
0 10.00000 -7.36601 -9.59958 -1.00000 -0.00000 0.00000 0.9425 0.9250
0 10.00000 -8.55599 -8.55599 -1.00000 -0.00000 0.00000 0.9332 0.9332
transfer_grey
0 10.00000 -7.00076 -9.12356 -1.00000 -0.00000 0.00000 0.9453 0.9287
0 10.00000 -8.55599 -8.55599 -1.00000 -0.00000 0.00000 0.9332 0.9332
0 10.00000 -8.13173 -8.13173 -1.00000 -0.00000 0.00000 0.9365 0.9365
transfer_grey
0 10.00000 -5.75000 -9.95929 -1.00000 -0.00000 0.00000 0.9551 0.9222
0 10.00000 -6.05000 -10.47891 -1.00000 -0.00000 0.00000 0.9527 0.9181
0 10.00000 -7.36601 -9.59958 -1.00000 -0.00000 0.00000 0.9425 0.9250
transfer_grey
0 10.00000 -5.75000 -9.95929 -1.00000 -0.00000 0.00000 0.9551 0.9222
0 10.00000 -7.36601 -9.59958 -1.00000 -0.00000 0.00000 0.9425 0.9250
0 10.00000 -7.00076 -9.12356 -1.00000 -0.00000 0.00000 0.9453 0.9287
transfer_grey
0 10.00000 -4.40086 -10.62461 -1.00000 -0.00000 0.00000 0.9656 0.9170
0 10.00000 -4.63047 -11.17894 -1.00000 -0.00000 0.00000 0.9638 0.9127
0 10.00000 -6.05000 -10.47891 -1.00000 -0.00000 0.00000 0.9527 0.9181
transfer_grey
0 10.00000 -4.40086 -10.62461 -1.00000 -0.00000 0.00000 0.9656 0.9170
0 10.00000 -6.05000 -10.47891 -1.00000 -0.00000 0.00000 0.9527 0.9181
0 10.00000 -5.75000 -9.95929 -1.00000 -0.00000 0.00000 0.9551 0.9222
transfer_grey
0 10.00000 -2.97642 -11.10815 -1.00000 0.00000 0.00000 0.9767 0.9132
0 10.00000 -3.13171 -11.68770 -1.00000 0.00000 0.00000 0.9755 0.9087
0 10.00000 -4.63047 -11.17894 -1.00000 0.00000 0.00000 0.9638 0.9127
transfer_grey
0 10.00000 -2.97642 -11.10815 -1.00000 0.00000 0.00000 0.9767 0.9132
0 10.00000 -4.63047 -11.17894 -1.00000 0.00000 0.00000 0.9638 0.9127
0 10.00000 -4.40086 -10.62461 -1.00000 0.00000 0.00000 0.9656 0.9170
transfer_grey
0 10.00000 -1.50105 -11.40162 -1.00000 0.00000 0.00000 0.9883 0.9109
0 10.00000 -1.57937 -11.99648 -1.00000 0.00000 0.00000 0.9877 0.9063
0 10.00000 -3.13171 -11.68770 -1.00000 0.00000 0.00000 0.9755 0.9087
transfer_grey
0 10.00000 -1.50105 -11.40162 -1.00000 0.00000 0.00000 0.9883 0.9109
0 10.00000 -3.13171 -11.68770 -1.00000 0.00000 0.00000 0.9755 0.9087
0 10.00000 -2.97642 -11.10815 -1.00000 0.00000 0.00000 0.9767 0.9132
transfer_grey
0 10.00000 -0.00000 -11.50000 -1.00000 0.00000 0.00000 1.0000 0.9102
0 10.00000 -0.00000 -12.10000 -1.00000 0.00000 0.00000 1.0000 0.9055
0 10.00000 -1.57937 -11.99648 -1.00000 0.00000 0.00000 0.9877 0.9063
transfer_grey
0 10.00000 -0.00000 -11.50000 -1.00000 0.00000 0.00000 1.0000 0.9102
0 10.00000 -1.57937 -11.99648 -1.00000 0.00000 0.00000 0.9877 0.9063
0 10.00000 -1.50105 -11.40162 -1.00000 0.00000 0.00000 0.9883 0.9109
transfer_grey
0 10.00000 1.50105 -11.40162 -1.00000 0.00000 -0.00000 0.0117 0.9109
0 10.00000 1.57937 -11.99648 -1.00000 0.00000 -0.00000 0.0123 0.9063
0 10.00000 -0.00000 -12.10000 -1.00000 0.00000 -0.00000 1.0000 0.9055
transfer_grey
0 10.00000 1.50105 -11.40162 -1.00000 0.00000 -0.00000 0.0117 0.9109
0 10.00000 -0.00000 -12.10000 -1.00000 0.00000 -0.00000 1.0000 0.9055
0 10.00000 -0.00000 -11.50000 -1.00000 0.00000 -0.00000 1.0000 0.9102
transfer_grey
0 10.00000 2.97642 -11.10815 -1.00000 0.00000 -0.00000 0.0233 0.9132
0 10.00000 3.13171 -11.68770 -1.00000 0.00000 -0.00000 0.0245 0.9087
0 10.00000 1.57937 -11.99648 -1.00000 0.00000 -0.00000 0.0123 0.9063
transfer_grey
0 10.00000 2.97642 -11.10815 -1.00000 0.00000 -0.00000 0.0233 0.9132
0 10.00000 1.57937 -11.99648 -1.00000 0.00000 -0.00000 0.0123 0.9063
0 10.00000 1.50105 -11.40162 -1.00000 0.00000 -0.00000 0.0117 0.9109
transfer_grey
0 10.00000 4.40086 -10.62461 -1.00000 0.00000 -0.00000 0.0344 0.9170
0 10.00000 4.63047 -11.17894 -1.00000 0.00000 -0.00000 0.0362 0.9127
0 10.00000 3.13171 -11.68770 -1.00000 0.00000 -0.00000 0.0245 0.9087
transfer_grey
0 10.00000 4.40086 -10.62461 -1.00000 0.00000 -0.00000 0.0344 0.9170
0 10.00000 3.13171 -11.68770 -1.00000 0.00000 -0.00000 0.0245 0.9087
0 10.00000 2.97642 -11.10815 -1.00000 0.00000 -0.00000 0.0233 0.9132
transfer_grey
0 10.00000 5.75000 -9.95929 -1.00000 0.00000 -0.00000 0.0449 0.9222
0 10.00000 6.05000 -10.47891 -1.00000 0.00000 -0.00000 0.0473 0.9181
0 10.00000 4.63047 -11.17894 -1.00000 0.00000 -0.00000 0.0362 0.9127
transfer_grey
0 10.00000 5.75000 -9.95929 -1.00000 0.00000 -0.00000 0.0449 0.9222
0 10.00000 4.63047 -11.17894 -1.00000 0.00000 -0.00000 0.0362 0.9127
0 10.00000 4.40086 -10.62461 -1.00000 0.00000 -0.00000 0.0344 0.9170
transfer_grey
0 10.00000 7.00076 -9.12356 -1.00000 0.00000 -0.00000 0.0547 0.9287
0 10.00000 7.36601 -9.59958 -1.00000 0.00000 -0.00000 0.0575 0.9250
0 10.00000 6.05000 -10.47891 -1.00000 0.00000 -0.00000 0.0473 0.9181
transfer_grey
0 10.00000 7.00076 -9.12356 -1.00000 0.00000 -0.00000 0.0547 0.9287
0 10.00000 6.05000 -10.47891 -1.00000 0.00000 -0.00000 0.0473 0.9181
0 10.00000 5.75000 -9.95929 -1.00000 0.00000 -0.00000 0.0449 0.9222
transfer_grey
0 10.00000 8.13173 -8.13173 -1.00000 0.00000 -0.00000 0.0635 0.9365
0 10.00000 8.55599 -8.55599 -1.00000 0.00000 -0.00000 0.0668 0.9332
0 10.00000 7.36601 -9.59958 -1.00000 0.00000 -0.00000 0.0575 0.9250
transfer_grey
0 10.00000 8.13173 -8.13173 -1.00000 0.00000 -0.00000 0.0635 0.9365
0 10.00000 7.36601 -9.59958 -1.00000 0.00000 -0.00000 0.0575 0.9250
0 10.00000 7.00076 -9.12356 -1.00000 0.00000 -0.00000 0.0547 0.9287
transfer_grey
0 10.00000 9.12356 -7.00076 -1.00000 0.00000 -0.00000 0.0713 0.9453
0 10.00000 9.59958 -7.36601 -1.00000 0.00000 -0.00000 0.0750 0.9425
0 10.00000 8.55599 -8.55599 -1.00000 0.00000 -0.00000 0.0668 0.9332
transfer_grey
0 10.00000 9.12356 -7.00076 -1.00000 0.00000 -0.00000 0.0713 0.9453
0 10.00000 8.55599 -8.55599 -1.00000 0.00000 -0.00000 0.0668 0.9332
0 10.00000 8.13173 -8.13173 -1.00000 0.00000 -0.00000 0.0635 0.9365
transfer_grey
0 10.00000 9.95929 -5.75000 -1.00000 0.00000 -0.00000 0.0778 0.9551
0 10.00000 10.47891 -6.05000 -1.00000 0.00000 -0.00000 0.0819 0.9527
0 10.00000 9.59958 -7.36601 -1.00000 0.00000 -0.00000 0.0750 0.9425
transfer_grey
0 10.00000 9.95929 -5.75000 -1.00000 0.00000 -0.00000 0.0778 0.9551
0 10.00000 9.59958 -7.36601 -1.00000 0.00000 -0.00000 0.0750 0.9425
0 10.00000 9.12356 -7.00076 -1.00000 0.00000 -0.00000 0.0713 0.9453
transfer_grey
0 10.00000 10.62461 -4.40086 -1.00000 0.00000 -0.00000 0.0830 0.9656
0 10.00000 11.17894 -4.63047 -1.00000 0.00000 -0.00000 0.0873 0.9638
0 10.00000 10.47891 -6.05000 -1.00000 0.00000 -0.00000 0.0819 0.9527
transfer_grey
0 10.00000 10.62461 -4.40086 -1.00000 0.00000 -0.00000 0.0830 0.9656
0 10.00000 10.47891 -6.05000 -1.00000 0.00000 -0.00000 0.0819 0.9527
0 10.00000 9.95929 -5.75000 -1.00000 0.00000 -0.00000 0.0778 0.9551
transfer_grey
0 10.00000 11.10815 -2.97642 -1.00000 0.00000 0.00000 0.0868 0.9767
0 10.00000 11.68770 -3.13171 -1.00000 0.00000 0.00000 0.0913 0.9755
0 10.00000 11.17894 -4.63047 -1.00000 0.00000 0.00000 0.0873 0.9638
transfer_grey
0 10.00000 11.10815 -2.97642 -1.00000 0.00000 0.00000 0.0868 0.9767
0 10.00000 11.17894 -4.63047 -1.00000 0.00000 0.00000 0.0873 0.9638
0 10.00000 10.62461 -4.40086 -1.00000 0.00000 0.00000 0.0830 0.9656
transfer_grey
0 10.00000 11.40162 -1.50105 -1.00000 0.00000 0.00000 0.0891 0.9883
0 10.00000 11.99648 -1.57937 -1.00000 0.00000 0.00000 0.0937 0.9877
0 10.00000 11.68770 -3.13171 -1.00000 0.00000 0.00000 0.0913 0.9755
transfer_grey
0 10.00000 11.40162 -1.50105 -1.00000 0.00000 0.00000 0.0891 0.9883
0 10.00000 11.68770 -3.13171 -1.00000 0.00000 0.00000 0.0913 0.9755
0 10.00000 11.10815 -2.97642 -1.00000 0.00000 0.00000 0.0868 0.9767
transfer_grey
0 10.00000 11.50000 -0.00000 -1.00000 0.00000 0.00000 0.0898 1.0000
0 10.00000 12.10000 -0.00000 -1.00000 0.00000 0.00000 0.0945 1.0000
0 10.00000 11.99648 -1.57937 -1.00000 0.00000 0.00000 0.0937 0.9877
transfer_grey
0 10.00000 11.50000 -0.00000 -1.00000 0.00000 0.00000 0.0898 1.0000
0 10.00000 11.99648 -1.57937 -1.00000 0.00000 0.00000 0.0937 0.9877
0 10.00000 11.40162 -1.50105 -1.00000 0.00000 0.00000 0.0891 0.9883
transfer_grey
0 10.00000 11.99648 1.57937 -0.00000 0.99786 0.06540 0.0937 0.0123
0 11.10000 11.99648 1.57937 -0.00000 0.99786 0.06540 0.0937 0.0123
0 11.10000 12.10000 0.00000 -0.00000 0.99786 0.06540 0.0945 0.0000
transfer_grey
0 10.00000 11.99648 1.57937 -0.00000 0.99786 0.06540 0.0937 0.0123
0 11.10000 12.10000 0.00000 -0.00000 0.99786 0.06540 0.0945 0.0000
0 10.00000 12.10000 0.00000 -0.00000 0.99786 0.06540 0.0945 0.0000
transfer_grey
0 10.00000 11.68770 3.13171 -0.00000 0.98079 0.19509 0.0913 0.0245
0 11.10000 11.68770 3.13171 -0.00000 0.98079 0.19509 0.0913 0.0245
0 11.10000 11.99648 1.57937 -0.00000 0.98079 0.19509 0.0937 0.0123
transfer_grey
0 10.00000 11.68770 3.13171 -0.00000 0.98079 0.19509 0.0913 0.0245
0 11.10000 11.99648 1.57937 -0.00000 0.98079 0.19509 0.0937 0.0123
0 10.00000 11.99648 1.57937 -0.00000 0.98079 0.19509 0.0937 0.0123
transfer_grey
0 10.00000 11.17894 4.63047 -0.00000 0.94693 0.32144 0.0873 0.0362
0 11.10000 11.17894 4.63047 -0.00000 0.94693 0.32144 0.0873 0.0362
0 11.10000 11.68770 3.13171 -0.00000 0.94693 0.32144 0.0913 0.0245
transfer_grey
0 10.00000 11.17894 4.63047 -0.00000 0.94693 0.32144 0.0873 0.0362
0 11.10000 11.68770 3.13171 -0.00000 0.94693 0.32144 0.0913 0.0245
0 10.00000 11.68770 3.13171 -0.00000 0.94693 0.32144 0.0913 0.0245
transfer_grey
0 10.00000 10.47891 6.05000 -0.00000 0.89687 0.44229 0.0819 0.0473
0 11.10000 10.47891 6.05000 -0.00000 0.89687 0.44229 0.0819 0.0473
0 11.10000 11.17894 4.63047 -0.00000 0.89687 0.44229 0.0873 0.0362
transfer_grey
0 10.00000 10.47891 6.05000 -0.00000 0.89687 0.44229 0.0819 0.0473
0 11.10000 11.17894 4.63047 -0.00000 0.89687 0.44229 0.0873 0.0362
0 10.00000 11.17894 4.63047 -0.00000 0.89687 0.44229 0.0873 0.0362
transfer_grey
0 10.00000 9.59958 7.36601 -0.00000 0.83147 0.55557 0.0750 0.0575
0 11.10000 9.59958 7.36601 -0.00000 0.83147 0.55557 0.0750 0.0575
0 11.10000 10.47891 6.05000 -0.00000 0.83147 0.55557 0.0819 0.0473
transfer_grey
0 10.00000 9.59958 7.36601 -0.00000 0.83147 0.55557 0.0750 0.0575
0 11.10000 10.47891 6.05000 -0.00000 0.83147 0.55557 0.0819 0.0473
0 10.00000 10.47891 6.05000 -0.00000 0.83147 0.55557 0.0819 0.0473
transfer_grey
0 10.00000 8.55599 8.55599 -0.00000 0.75184 0.65935 0.0668 0.0668
0 11.10000 8.55599 8.55599 -0.00000 0.75184 0.65935 0.0668 0.0668
0 11.10000 9.59958 7.36601 -0.00000 0.75184 0.65935 0.0750 0.0575
transfer_grey
0 10.00000 8.55599 8.55599 -0.00000 0.75184 0.65935 0.0668 0.0668
0 11.10000 9.59958 7.36601 -0.00000 0.75184 0.65935 0.0750 0.0575
0 10.00000 9.59958 7.36601 -0.00000 0.75184 0.65935 0.0750 0.0575
transfer_grey
0 10.00000 7.36601 9.59958 -0.00000 0.65935 0.75184 0.0575 0.0750
0 11.10000 7.36601 9.59958 -0.00000 0.65935 0.75184 0.0575 0.0750
0 11.10000 8.55599 8.55599 -0.00000 0.65935 0.75184 0.0668 0.0668
transfer_grey
0 10.00000 7.36601 9.59958 -0.00000 0.65935 0.75184 0.0575 0.0750
0 11.10000 8.55599 8.55599 -0.00000 0.65935 0.75184 0.0668 0.0668
0 10.00000 8.55599 8.55599 -0.00000 0.65935 0.75184 0.0668 0.0668
transfer_grey
0 10.00000 6.05000 10.47891 -0.00000 0.55557 0.83147 0.0473 0.0819
0 11.10000 6.05000 10.47891 -0.00000 0.55557 0.83147 0.0473 0.0819
0 11.10000 7.36601 9.59958 -0.00000 0.55557 0.83147 0.0575 0.0750
transfer_grey
0 10.00000 6.05000 10.47891 -0.00000 0.55557 0.83147 0.0473 0.0819
0 11.10000 7.36601 9.59958 -0.00000 0.55557 0.83147 0.0575 0.0750
0 10.00000 7.36601 9.59958 -0.00000 0.55557 0.83147 0.0575 0.0750
transfer_grey
0 10.00000 4.63047 11.17894 -0.00000 0.44229 0.89687 0.0362 0.0873
0 11.10000 4.63047 11.17894 -0.00000 0.44229 0.89687 0.0362 0.0873
0 11.10000 6.05000 10.47891 -0.00000 0.44229 0.89687 0.0473 0.0819
transfer_grey
0 10.00000 4.63047 11.17894 -0.00000 0.44229 0.89687 0.0362 0.0873
0 11.10000 6.05000 10.47891 -0.00000 0.44229 0.89687 0.0473 0.0819
0 10.00000 6.05000 10.47891 -0.00000 0.44229 0.89687 0.0473 0.0819
transfer_grey
0 10.00000 3.13171 11.68770 -0.00000 0.32144 0.94693 0.0245 0.0913
0 11.10000 3.13171 11.68770 -0.00000 0.32144 0.94693 0.0245 0.0913
0 11.10000 4.63047 11.17894 -0.00000 0.32144 0.94693 0.0362 0.0873
transfer_grey
0 10.00000 3.13171 11.68770 -0.00000 0.32144 0.94693 0.0245 0.0913
0 11.10000 4.63047 11.17894 -0.00000 0.32144 0.94693 0.0362 0.0873
0 10.00000 4.63047 11.17894 -0.00000 0.32144 0.94693 0.0362 0.0873
transfer_grey
0 10.00000 1.57937 11.99648 -0.00000 0.19509 0.98079 0.0123 0.0937
0 11.10000 1.57937 11.99648 -0.00000 0.19509 0.98079 0.0123 0.0937
0 11.10000 3.13171 11.68770 -0.00000 0.19509 0.98079 0.0245 0.0913
transfer_grey
0 10.00000 1.57937 11.99648 -0.00000 0.19509 0.98079 0.0123 0.0937
0 11.10000 3.13171 11.68770 -0.00000 0.19509 0.98079 0.0245 0.0913
0 10.00000 3.13171 11.68770 -0.00000 0.19509 0.98079 0.0245 0.0913
transfer_grey
0 10.00000 0.00000 12.10000 -0.00000 0.06540 0.99786 0.0000 0.0945
0 11.10000 0.00000 12.10000 -0.00000 0.06540 0.99786 0.0000 0.0945
0 11.10000 1.57937 11.99648 -0.00000 0.06540 0.99786 0.0123 0.0937
transfer_grey
0 10.00000 0.00000 12.10000 -0.00000 0.06540 0.99786 0.0000 0.0945
0 11.10000 1.57937 11.99648 -0.00000 0.06540 0.99786 0.0123 0.0937
0 10.00000 1.57937 11.99648 -0.00000 0.06540 0.99786 0.0123 0.0937
transfer_grey
0 10.00000 -1.57937 11.99648 0.00000 -0.06540 0.99786 0.9877 0.0937
0 11.10000 -1.57937 11.99648 0.00000 -0.06540 0.99786 0.9877 0.0937
0 11.10000 0.00000 12.10000 0.00000 -0.06540 0.99786 0.0000 0.0945
transfer_grey
0 10.00000 -1.57937 11.99648 0.00000 -0.06540 0.99786 0.9877 0.0937
0 11.10000 0.00000 12.10000 0.00000 -0.06540 0.99786 0.0000 0.0945
0 10.00000 0.00000 12.10000 0.00000 -0.06540 0.99786 0.0000 0.0945
transfer_grey
0 10.00000 -3.13171 11.68770 0.00000 -0.19509 0.98079 0.9755 0.0913
0 11.10000 -3.13171 11.68770 0.00000 -0.19509 0.98079 0.9755 0.0913
0 11.10000 -1.57937 11.99648 0.00000 -0.19509 0.98079 0.9877 0.0937
transfer_grey
0 10.00000 -3.13171 11.68770 0.00000 -0.19509 0.98079 0.9755 0.0913
0 11.10000 -1.57937 11.99648 0.00000 -0.19509 0.98079 0.9877 0.0937
0 10.00000 -1.57937 11.99648 0.00000 -0.19509 0.98079 0.9877 0.0937
transfer_grey
0 10.00000 -4.63047 11.17894 0.00000 -0.32144 0.94693 0.9638 0.0873
0 11.10000 -4.63047 11.17894 0.00000 -0.32144 0.94693 0.9638 0.0873
0 11.10000 -3.13171 11.68770 0.00000 -0.32144 0.94693 0.9755 0.0913
transfer_grey
0 10.00000 -4.63047 11.17894 0.00000 -0.32144 0.94693 0.9638 0.0873
0 11.10000 -3.13171 11.68770 0.00000 -0.32144 0.94693 0.9755 0.0913
0 10.00000 -3.13171 11.68770 0.00000 -0.32144 0.94693 0.9755 0.0913
transfer_grey
0 10.00000 -6.05000 10.47891 0.00000 -0.44229 0.89687 0.9527 0.0819
0 11.10000 -6.05000 10.47891 0.00000 -0.44229 0.89687 0.9527 0.0819
0 11.10000 -4.63047 11.17894 0.00000 -0.44229 0.89687 0.9638 0.0873
transfer_grey
0 10.00000 -6.05000 10.47891 0.00000 -0.44229 0.89687 0.9527 0.0819
0 11.10000 -4.63047 11.17894 0.00000 -0.44229 0.89687 0.9638 0.0873
0 10.00000 -4.63047 11.17894 0.00000 -0.44229 0.89687 0.9638 0.0873
transfer_grey
0 10.00000 -7.36601 9.59958 0.00000 -0.55557 0.83147 0.9425 0.0750
0 11.10000 -7.36601 9.59958 0.00000 -0.55557 0.83147 0.9425 0.0750
0 11.10000 -6.05000 10.47891 0.00000 -0.55557 0.83147 0.9527 0.0819
transfer_grey
0 10.00000 -7.36601 9.59958 0.00000 -0.55557 0.83147 0.9425 0.0750
0 11.10000 -6.05000 10.47891 0.00000 -0.55557 0.83147 0.9527 0.0819
0 10.00000 -6.05000 10.47891 0.00000 -0.55557 0.83147 0.9527 0.0819
transfer_grey
0 10.00000 -8.55599 8.55599 0.00000 -0.65935 0.75184 0.9332 0.0668
0 11.10000 -8.55599 8.55599 0.00000 -0.65935 0.75184 0.9332 0.0668
0 11.10000 -7.36601 9.59958 0.00000 -0.65935 0.75184 0.9425 0.0750
transfer_grey
0 10.00000 -8.55599 8.55599 0.00000 -0.65935 0.75184 0.9332 0.0668
0 11.10000 -7.36601 9.59958 0.00000 -0.65935 0.75184 0.9425 0.0750
0 10.00000 -7.36601 9.59958 0.00000 -0.65935 0.75184 0.9425 0.0750
transfer_grey
0 10.00000 -9.59958 7.36601 0.00000 -0.75184 0.65935 0.9250 0.0575
0 11.10000 -9.59958 7.36601 0.00000 -0.75184 0.65935 0.9250 0.0575
0 11.10000 -8.55599 8.55599 0.00000 -0.75184 0.65935 0.9332 0.0668
transfer_grey
0 10.00000 -9.59958 7.36601 0.00000 -0.75184 0.65935 0.9250 0.0575
0 11.10000 -8.55599 8.55599 0.00000 -0.75184 0.65935 0.9332 0.0668
0 10.00000 -8.55599 8.55599 0.00000 -0.75184 0.65935 0.9332 0.0668
transfer_grey
0 10.00000 -10.47891 6.05000 0.00000 -0.83147 0.55557 0.9181 0.0473
0 11.10000 -10.47891 6.05000 0.00000 -0.83147 0.55557 0.9181 0.0473
0 11.10000 -9.59958 7.36601 0.00000 -0.83147 0.55557 0.9250 0.0575
transfer_grey
0 10.00000 -10.47891 6.05000 0.00000 -0.83147 0.55557 0.9181 0.0473
0 11.10000 -9.59958 7.36601 0.00000 -0.83147 0.55557 0.9250 0.0575
0 10.00000 -9.59958 7.36601 0.00000 -0.83147 0.55557 0.9250 0.0575
transfer_grey
0 10.00000 -11.17894 4.63047 0.00000 -0.89687 0.44229 0.9127 0.0362
0 11.10000 -11.17894 4.63047 0.00000 -0.89687 0.44229 0.9127 0.0362
0 11.10000 -10.47891 6.05000 0.00000 -0.89687 0.44229 0.9181 0.0473
transfer_grey
0 10.00000 -11.17894 4.63047 0.00000 -0.89687 0.44229 0.9127 0.0362
0 11.10000 -10.47891 6.05000 0.00000 -0.89687 0.44229 0.9181 0.0473
0 10.00000 -10.47891 6.05000 0.00000 -0.89687 0.44229 0.9181 0.0473
transfer_grey
0 10.00000 -11.68770 3.13171 0.00000 -0.94693 0.32144 0.9087 0.0245
0 11.10000 -11.68770 3.13171 0.00000 -0.94693 0.32144 0.9087 0.0245
0 11.10000 -11.17894 4.63047 0.00000 -0.94693 0.32144 0.9127 0.0362
transfer_grey
0 10.00000 -11.68770 3.13171 0.00000 -0.94693 0.32144 0.9087 0.0245
0 11.10000 -11.17894 4.63047 0.00000 -0.94693 0.32144 0.9127 0.0362
0 10.00000 -11.17894 4.63047 0.00000 -0.94693 0.32144 0.9127 0.0362
transfer_grey
0 10.00000 -11.99648 1.57937 0.00000 -0.98079 0.19509 0.9063 0.0123
0 11.10000 -11.99648 1.57937 0.00000 -0.98079 0.19509 0.9063 0.0123
0 11.10000 -11.68770 3.13171 0.00000 -0.98079 0.19509 0.9087 0.0245
transfer_grey
0 10.00000 -11.99648 1.57937 0.00000 -0.98079 0.19509 0.9063 0.0123
0 11.10000 -11.68770 3.13171 0.00000 -0.98079 0.19509 0.9087 0.0245
0 10.00000 -11.68770 3.13171 0.00000 -0.98079 0.19509 0.9087 0.0245
transfer_grey
0 10.00000 -12.10000 0.00000 0.00000 -0.99786 0.06540 0.9055 0.0000
0 11.10000 -12.10000 0.00000 0.00000 -0.99786 0.06540 0.9055 0.0000
0 11.10000 -11.99648 1.57937 0.00000 -0.99786 0.06540 0.9063 0.0123
transfer_grey
0 10.00000 -12.10000 0.00000 0.00000 -0.99786 0.06540 0.9055 0.0000
0 11.10000 -11.99648 1.57937 0.00000 -0.99786 0.06540 0.9063 0.0123
0 10.00000 -11.99648 1.57937 0.00000 -0.99786 0.06540 0.9063 0.0123
transfer_grey
0 10.00000 -11.99648 -1.57937 0.00000 -0.99786 -0.06540 0.9063 0.9877
0 11.10000 -11.99648 -1.57937 0.00000 -0.99786 -0.06540 0.9063 0.9877
0 11.10000 -12.10000 0.00000 0.00000 -0.99786 -0.06540 0.9055 0.0000
transfer_grey
0 10.00000 -11.99648 -1.57937 0.00000 -0.99786 -0.06540 0.9063 0.9877
0 11.10000 -12.10000 0.00000 0.00000 -0.99786 -0.06540 0.9055 0.0000
0 10.00000 -12.10000 0.00000 0.00000 -0.99786 -0.06540 0.9055 0.0000
transfer_grey
0 10.00000 -11.68770 -3.13171 0.00000 -0.98079 -0.19509 0.9087 0.9755
0 11.10000 -11.68770 -3.13171 0.00000 -0.98079 -0.19509 0.9087 0.9755
0 11.10000 -11.99648 -1.57937 0.00000 -0.98079 -0.19509 0.9063 0.9877
transfer_grey
0 10.00000 -11.68770 -3.13171 0.00000 -0.98079 -0.19509 0.9087 0.9755
0 11.10000 -11.99648 -1.57937 0.00000 -0.98079 -0.19509 0.9063 0.9877
0 10.00000 -11.99648 -1.57937 0.00000 -0.98079 -0.19509 0.9063 0.9877
transfer_grey
0 10.00000 -11.17894 -4.63047 0.00000 -0.94693 -0.32144 0.9127 0.9638
0 11.10000 -11.17894 -4.63047 0.00000 -0.94693 -0.32144 0.9127 0.9638
0 11.10000 -11.68770 -3.13171 0.00000 -0.94693 -0.32144 0.9087 0.9755
transfer_grey
0 10.00000 -11.17894 -4.63047 0.00000 -0.94693 -0.32144 0.9127 0.9638
0 11.10000 -11.68770 -3.13171 0.00000 -0.94693 -0.32144 0.9087 0.9755
0 10.00000 -11.68770 -3.13171 0.00000 -0.94693 -0.32144 0.9087 0.9755
transfer_grey
0 10.00000 -10.47891 -6.05000 0.00000 -0.89687 -0.44229 0.9181 0.9527
0 11.10000 -10.47891 -6.05000 0.00000 -0.89687 -0.44229 0.9181 0.9527
0 11.10000 -11.17894 -4.63047 0.00000 -0.89687 -0.44229 0.9127 0.9638
transfer_grey
0 10.00000 -10.47891 -6.05000 0.00000 -0.89687 -0.44229 0.9181 0.9527
0 11.10000 -11.17894 -4.63047 0.00000 -0.89687 -0.44229 0.9127 0.9638
0 10.00000 -11.17894 -4.63047 0.00000 -0.89687 -0.44229 0.9127 0.9638
transfer_grey
0 10.00000 -9.59958 -7.36601 0.00000 -0.83147 -0.55557 0.9250 0.9425
0 11.10000 -9.59958 -7.36601 0.00000 -0.83147 -0.55557 0.9250 0.9425
0 11.10000 -10.47891 -6.05000 0.00000 -0.83147 -0.55557 0.9181 0.9527
transfer_grey
0 10.00000 -9.59958 -7.36601 0.00000 -0.83147 -0.55557 0.9250 0.9425
0 11.10000 -10.47891 -6.05000 0.00000 -0.83147 -0.55557 0.9181 0.9527
0 10.00000 -10.47891 -6.05000 0.00000 -0.83147 -0.55557 0.9181 0.9527
transfer_grey
0 10.00000 -8.55599 -8.55599 0.00000 -0.75184 -0.65935 0.9332 0.9332
0 11.10000 -8.55599 -8.55599 0.00000 -0.75184 -0.65935 0.9332 0.9332
0 11.10000 -9.59958 -7.36601 0.00000 -0.75184 -0.65935 0.9250 0.9425
transfer_grey
0 10.00000 -8.55599 -8.55599 0.00000 -0.75184 -0.65935 0.9332 0.9332
0 11.10000 -9.59958 -7.36601 0.00000 -0.75184 -0.65935 0.9250 0.9425
0 10.00000 -9.59958 -7.36601 0.00000 -0.75184 -0.65935 0.9250 0.9425
transfer_grey
0 10.00000 -7.36601 -9.59958 0.00000 -0.65935 -0.75184 0.9425 0.9250
0 11.10000 -7.36601 -9.59958 0.00000 -0.65935 -0.75184 0.9425 0.9250
0 11.10000 -8.55599 -8.55599 0.00000 -0.65935 -0.75184 0.9332 0.9332
transfer_grey
0 10.00000 -7.36601 -9.59958 0.00000 -0.65935 -0.75184 0.9425 0.9250
0 11.10000 -8.55599 -8.55599 0.00000 -0.65935 -0.75184 0.9332 0.9332
0 10.00000 -8.55599 -8.55599 0.00000 -0.65935 -0.75184 0.9332 0.9332
transfer_grey
0 10.00000 -6.05000 -10.47891 0.00000 -0.55557 -0.83147 0.9527 0.9181
0 11.10000 -6.05000 -10.47891 0.00000 -0.55557 -0.83147 0.9527 0.9181
0 11.10000 -7.36601 -9.59958 0.00000 -0.55557 -0.83147 0.9425 0.9250
transfer_grey
0 10.00000 -6.05000 -10.47891 0.00000 -0.55557 -0.83147 0.9527 0.9181
0 11.10000 -7.36601 -9.59958 0.00000 -0.55557 -0.83147 0.9425 0.9250
0 10.00000 -7.36601 -9.59958 0.00000 -0.55557 -0.83147 0.9425 0.9250
transfer_grey
0 10.00000 -4.63047 -11.17894 0.00000 -0.44229 -0.89687 0.9638 0.9127
0 11.10000 -4.63047 -11.17894 0.00000 -0.44229 -0.89687 0.9638 0.9127
0 11.10000 -6.05000 -10.47891 0.00000 -0.44229 -0.89687 0.9527 0.9181
transfer_grey
0 10.00000 -4.63047 -11.17894 0.00000 -0.44229 -0.89687 0.9638 0.9127
0 11.10000 -6.05000 -10.47891 0.00000 -0.44229 -0.89687 0.9527 0.9181
0 10.00000 -6.05000 -10.47891 0.00000 -0.44229 -0.89687 0.9527 0.9181
transfer_grey
0 10.00000 -3.13171 -11.68770 0.00000 -0.32144 -0.94693 0.9755 0.9087
0 11.10000 -3.13171 -11.68770 0.00000 -0.32144 -0.94693 0.9755 0.9087
0 11.10000 -4.63047 -11.17894 0.00000 -0.32144 -0.94693 0.9638 0.9127
transfer_grey
0 10.00000 -3.13171 -11.68770 0.00000 -0.32144 -0.94693 0.9755 0.9087
0 11.10000 -4.63047 -11.17894 0.00000 -0.32144 -0.94693 0.9638 0.9127
0 10.00000 -4.63047 -11.17894 0.00000 -0.32144 -0.94693 0.9638 0.9127
transfer_grey
0 10.00000 -1.57937 -11.99648 0.00000 -0.19509 -0.98079 0.9877 0.9063
0 11.10000 -1.57937 -11.99648 0.00000 -0.19509 -0.98079 0.9877 0.9063
0 11.10000 -3.13171 -11.68770 0.00000 -0.19509 -0.98079 0.9755 0.9087
transfer_grey
0 10.00000 -1.57937 -11.99648 0.00000 -0.19509 -0.98079 0.9877 0.9063
0 11.10000 -3.13171 -11.68770 0.00000 -0.19509 -0.98079 0.9755 0.9087
0 10.00000 -3.13171 -11.68770 0.00000 -0.19509 -0.98079 0.9755 0.9087
transfer_grey
0 10.00000 -0.00000 -12.10000 0.00000 -0.06540 -0.99786 1.0000 0.9055
0 11.10000 -0.00000 -12.10000 0.00000 -0.06540 -0.99786 1.0000 0.9055
0 11.10000 -1.57937 -11.99648 0.00000 -0.06540 -0.99786 0.9877 0.9063
transfer_grey
0 10.00000 -0.00000 -12.10000 0.00000 -0.06540 -0.99786 1.0000 0.9055
0 11.10000 -1.57937 -11.99648 0.00000 -0.06540 -0.99786 0.9877 0.9063
0 10.00000 -1.57937 -11.99648 0.00000 -0.06540 -0.99786 0.9877 0.9063
transfer_grey
0 10.00000 1.57937 -11.99648 0.00000 0.06540 -0.99786 0.0123 0.9063
0 11.10000 1.57937 -11.99648 0.00000 0.06540 -0.99786 0.0123 0.9063
0 11.10000 -0.00000 -12.10000 0.00000 0.06540 -0.99786 1.0000 0.9055
transfer_grey
0 10.00000 1.57937 -11.99648 0.00000 0.06540 -0.99786 0.0123 0.9063
0 11.10000 -0.00000 -12.10000 0.00000 0.06540 -0.99786 1.0000 0.9055
0 10.00000 -0.00000 -12.10000 0.00000 0.06540 -0.99786 1.0000 0.9055
transfer_grey
0 10.00000 3.13171 -11.68770 0.00000 0.19509 -0.98079 0.0245 0.9087
0 11.10000 3.13171 -11.68770 0.00000 0.19509 -0.98079 0.0245 0.9087
0 11.10000 1.57937 -11.99648 0.00000 0.19509 -0.98079 0.0123 0.9063
transfer_grey
0 10.00000 3.13171 -11.68770 0.00000 0.19509 -0.98079 0.0245 0.9087
0 11.10000 1.57937 -11.99648 0.00000 0.19509 -0.98079 0.0123 0.9063
0 10.00000 1.57937 -11.99648 0.00000 0.19509 -0.98079 0.0123 0.9063
transfer_grey
0 10.00000 4.63047 -11.17894 0.00000 0.32144 -0.94693 0.0362 0.9127
0 11.10000 4.63047 -11.17894 0.00000 0.32144 -0.94693 0.0362 0.9127
0 11.10000 3.13171 -11.68770 0.00000 0.32144 -0.94693 0.0245 0.9087
transfer_grey
0 10.00000 4.63047 -11.17894 0.00000 0.32144 -0.94693 0.0362 0.9127
0 11.10000 3.13171 -11.68770 0.00000 0.32144 -0.94693 0.0245 0.9087
0 10.00000 3.13171 -11.68770 0.00000 0.32144 -0.94693 0.0245 0.9087
transfer_grey
0 10.00000 6.05000 -10.47891 0.00000 0.44229 -0.89687 0.0473 0.9181
0 11.10000 6.05000 -10.47891 0.00000 0.44229 -0.89687 0.0473 0.9181
0 11.10000 4.63047 -11.17894 0.00000 0.44229 -0.89687 0.0362 0.9127
transfer_grey
0 10.00000 6.05000 -10.47891 0.00000 0.44229 -0.89687 0.0473 0.9181
0 11.10000 4.63047 -11.17894 0.00000 0.44229 -0.89687 0.0362 0.9127
0 10.00000 4.63047 -11.17894 0.00000 0.44229 -0.89687 0.0362 0.9127
transfer_grey
0 10.00000 7.36601 -9.59958 0.00000 0.55557 -0.83147 0.0575 0.9250
0 11.10000 7.36601 -9.59958 0.00000 0.55557 -0.83147 0.0575 0.9250
0 11.10000 6.05000 -10.47891 0.00000 0.55557 -0.83147 0.0473 0.9181
transfer_grey
0 10.00000 7.36601 -9.59958 0.00000 0.55557 -0.83147 0.0575 0.9250
0 11.10000 6.05000 -10.47891 0.00000 0.55557 -0.83147 0.0473 0.9181
0 10.00000 6.05000 -10.47891 0.00000 0.55557 -0.83147 0.0473 0.9181
transfer_grey
0 10.00000 8.55599 -8.55599 0.00000 0.65935 -0.75184 0.0668 0.9332
0 11.10000 8.55599 -8.55599 0.00000 0.65935 -0.75184 0.0668 0.9332
0 11.10000 7.36601 -9.59958 0.00000 0.65935 -0.75184 0.0575 0.9250
transfer_grey
0 10.00000 8.55599 -8.55599 0.00000 0.65935 -0.75184 0.0668 0.9332
0 11.10000 7.36601 -9.59958 0.00000 0.65935 -0.75184 0.0575 0.9250
0 10.00000 7.36601 -9.59958 0.00000 0.65935 -0.75184 0.0575 0.9250
transfer_grey
0 10.00000 9.59958 -7.36601 0.00000 0.75184 -0.65935 0.0750 0.9425
0 11.10000 9.59958 -7.36601 0.00000 0.75184 -0.65935 0.0750 0.9425
0 11.10000 8.55599 -8.55599 0.00000 0.75184 -0.65935 0.0668 0.9332
transfer_grey
0 10.00000 9.59958 -7.36601 0.00000 0.75184 -0.65935 0.0750 0.9425
0 11.10000 8.55599 -8.55599 0.00000 0.75184 -0.65935 0.0668 0.9332
0 10.00000 8.55599 -8.55599 0.00000 0.75184 -0.65935 0.0668 0.9332
transfer_grey
0 10.00000 10.47891 -6.05000 0.00000 0.83147 -0.55557 0.0819 0.9527
0 11.10000 10.47891 -6.05000 0.00000 0.83147 -0.55557 0.0819 0.9527
0 11.10000 9.59958 -7.36601 0.00000 0.83147 -0.55557 0.0750 0.9425
transfer_grey
0 10.00000 10.47891 -6.05000 0.00000 0.83147 -0.55557 0.0819 0.9527
0 11.10000 9.59958 -7.36601 0.00000 0.83147 -0.55557 0.0750 0.9425
0 10.00000 9.59958 -7.36601 0.00000 0.83147 -0.55557 0.0750 0.9425
transfer_grey
0 10.00000 11.17894 -4.63047 0.00000 0.89687 -0.44229 0.0873 0.9638
0 11.10000 11.17894 -4.63047 0.00000 0.89687 -0.44229 0.0873 0.9638
0 11.10000 10.47891 -6.05000 0.00000 0.89687 -0.44229 0.0819 0.9527
transfer_grey
0 10.00000 11.17894 -4.63047 0.00000 0.89687 -0.44229 0.0873 0.9638
0 11.10000 10.47891 -6.05000 0.00000 0.89687 -0.44229 0.0819 0.9527
0 10.00000 10.47891 -6.05000 0.00000 0.89687 -0.44229 0.0819 0.9527
transfer_grey
0 10.00000 11.68770 -3.13171 0.00000 0.94693 -0.32144 0.0913 0.9755
0 11.10000 11.68770 -3.13171 0.00000 0.94693 -0.32144 0.0913 0.9755
0 11.10000 11.17894 -4.63047 0.00000 0.94693 -0.32144 0.0873 0.9638
transfer_grey
0 10.00000 11.68770 -3.13171 0.00000 0.94693 -0.32144 0.0913 0.9755
0 11.10000 11.17894 -4.63047 0.00000 0.94693 -0.32144 0.0873 0.9638
0 10.00000 11.17894 -4.63047 0.00000 0.94693 -0.32144 0.0873 0.9638
transfer_grey
0 10.00000 11.99648 -1.57937 0.00000 0.98079 -0.19509 0.0937 0.9877
0 11.10000 11.99648 -1.57937 0.00000 0.98079 -0.19509 0.0937 0.9877
0 11.10000 11.68770 -3.13171 0.00000 0.98079 -0.19509 0.0913 0.9755
transfer_grey
0 10.00000 11.99648 -1.57937 0.00000 0.98079 -0.19509 0.0937 0.9877
0 11.10000 11.68770 -3.13171 0.00000 0.98079 -0.19509 0.0913 0.9755
0 10.00000 11.68770 -3.13171 0.00000 0.98079 -0.19509 0.0913 0.9755
transfer_grey
0 10.00000 12.10000 -0.00000 0.00000 0.99786 -0.06540 0.0945 1.0000
0 11.10000 12.10000 -0.00000 0.00000 0.99786 -0.06540 0.0945 1.0000
0 11.10000 11.99648 -1.57937 0.00000 0.99786 -0.06540 0.0937 0.9877
transfer_grey
0 10.00000 12.10000 -0.00000 0.00000 0.99786 -0.06540 0.0945 1.0000
0 11.10000 11.99648 -1.57937 0.00000 0.99786 -0.06540 0.0937 0.9877
0 10.00000 11.99648 -1.57937 0.00000 0.99786 -0.06540 0.0937 0.9877
transfer_grey
0 11.10000 11.99648 1.57937 1.00000 0.00000 0.00000 0.0937 0.0123
0 11.10000 11.40162 1.50105 1.00000 0.00000 0.00000 0.0891 0.0117
0 11.10000 11.50000 0.00000 1.00000 0.00000 0.00000 0.0898 0.0000
transfer_grey
0 11.10000 11.99648 1.57937 1.00000 0.00000 0.00000 0.0937 0.0123
0 11.10000 11.50000 0.00000 1.00000 0.00000 0.00000 0.0898 0.0000
0 11.10000 12.10000 0.00000 1.00000 0.00000 0.00000 0.0945 0.0000
transfer_grey
0 11.10000 11.68770 3.13171 1.00000 0.00000 0.00000 0.0913 0.0245
0 11.10000 11.10815 2.97642 1.00000 0.00000 0.00000 0.0868 0.0233
0 11.10000 11.40162 1.50105 1.00000 0.00000 0.00000 0.0891 0.0117
transfer_grey
0 11.10000 11.68770 3.13171 1.00000 0.00000 0.00000 0.0913 0.0245
0 11.10000 11.40162 1.50105 1.00000 0.00000 0.00000 0.0891 0.0117
0 11.10000 11.99648 1.57937 1.00000 0.00000 0.00000 0.0937 0.0123
transfer_grey
0 11.10000 11.17894 4.63047 1.00000 0.00000 0.00000 0.0873 0.0362
0 11.10000 10.62461 4.40086 1.00000 0.00000 0.00000 0.0830 0.0344
0 11.10000 11.10815 2.97642 1.00000 0.00000 0.00000 0.0868 0.0233
transfer_grey
0 11.10000 11.17894 4.63047 1.00000 0.00000 0.00000 0.0873 0.0362
0 11.10000 11.10815 2.97642 1.00000 0.00000 0.00000 0.0868 0.0233
0 11.10000 11.68770 3.13171 1.00000 0.00000 0.00000 0.0913 0.0245
transfer_grey
0 11.10000 10.47891 6.05000 1.00000 0.00000 0.00000 0.0819 0.0473
0 11.10000 9.95929 5.75000 1.00000 0.00000 0.00000 0.0778 0.0449
0 11.10000 10.62461 4.40086 1.00000 0.00000 0.00000 0.0830 0.0344
transfer_grey
0 11.10000 10.47891 6.05000 1.00000 0.00000 0.00000 0.0819 0.0473
0 11.10000 10.62461 4.40086 1.00000 0.00000 0.00000 0.0830 0.0344
0 11.10000 11.17894 4.63047 1.00000 0.00000 0.00000 0.0873 0.0362
transfer_grey
0 11.10000 9.59958 7.36601 1.00000 0.00000 0.00000 0.0750 0.0575
0 11.10000 9.12356 7.00076 1.00000 0.00000 0.00000 0.0713 0.0547
0 11.10000 9.95929 5.75000 1.00000 0.00000 0.00000 0.0778 0.0449
transfer_grey
0 11.10000 9.59958 7.36601 1.00000 0.00000 0.00000 0.0750 0.0575
0 11.10000 9.95929 5.75000 1.00000 0.00000 0.00000 0.0778 0.0449
0 11.10000 10.47891 6.05000 1.00000 0.00000 0.00000 0.0819 0.0473
transfer_grey
0 11.10000 8.55599 8.55599 1.00000 0.00000 0.00000 0.0668 0.0668
0 11.10000 8.13173 8.13173 1.00000 0.00000 0.00000 0.0635 0.0635
0 11.10000 9.12356 7.00076 1.00000 0.00000 0.00000 0.0713 0.0547
transfer_grey
0 11.10000 8.55599 8.55599 1.00000 0.00000 0.00000 0.0668 0.0668
0 11.10000 9.12356 7.00076 1.00000 0.00000 0.00000 0.0713 0.0547
0 11.10000 9.59958 7.36601 1.00000 0.00000 0.00000 0.0750 0.0575
transfer_grey
0 11.10000 7.36601 9.59958 1.00000 0.00000 0.00000 0.0575 0.0750
0 11.10000 7.00076 9.12356 1.00000 0.00000 0.00000 0.0547 0.0713
0 11.10000 8.13173 8.13173 1.00000 0.00000 0.00000 0.0635 0.0635
transfer_grey
0 11.10000 7.36601 9.59958 1.00000 0.00000 0.00000 0.0575 0.0750
0 11.10000 8.13173 8.13173 1.00000 0.00000 0.00000 0.0635 0.0635
0 11.10000 8.55599 8.55599 1.00000 0.00000 0.00000 0.0668 0.0668
transfer_grey
0 11.10000 6.05000 10.47891 1.00000 0.00000 0.00000 0.0473 0.0819
0 11.10000 5.75000 9.95929 1.00000 0.00000 0.00000 0.0449 0.0778
0 11.10000 7.00076 9.12356 1.00000 0.00000 0.00000 0.0547 0.0713
transfer_grey
0 11.10000 6.05000 10.47891 1.00000 0.00000 0.00000 0.0473 0.0819
0 11.10000 7.00076 9.12356 1.00000 0.00000 0.00000 0.0547 0.0713
0 11.10000 7.36601 9.59958 1.00000 0.00000 0.00000 0.0575 0.0750
transfer_grey
0 11.10000 4.63047 11.17894 1.00000 0.00000 0.00000 0.0362 0.0873
0 11.10000 4.40086 10.62461 1.00000 0.00000 0.00000 0.0344 0.0830
0 11.10000 5.75000 9.95929 1.00000 0.00000 0.00000 0.0449 0.0778
transfer_grey
0 11.10000 4.63047 11.17894 1.00000 0.00000 0.00000 0.0362 0.0873
0 11.10000 5.75000 9.95929 1.00000 0.00000 0.00000 0.0449 0.0778
0 11.10000 6.05000 10.47891 1.00000 0.00000 0.00000 0.0473 0.0819
transfer_grey
0 11.10000 3.13171 11.68770 1.00000 0.00000 0.00000 0.0245 0.0913
0 11.10000 2.97642 11.10815 1.00000 0.00000 0.00000 0.0233 0.0868
0 11.10000 4.40086 10.62461 1.00000 0.00000 0.00000 0.0344 0.0830
transfer_grey
0 11.10000 3.13171 11.68770 1.00000 0.00000 0.00000 0.0245 0.0913
0 11.10000 4.40086 10.62461 1.00000 0.00000 0.00000 0.0344 0.0830
0 11.10000 4.63047 11.17894 1.00000 0.00000 0.00000 0.0362 0.0873
transfer_grey
0 11.10000 1.57937 11.99648 1.00000 0.00000 0.00000 0.0123 0.0937
0 11.10000 1.50105 11.40162 1.00000 0.00000 0.00000 0.0117 0.0891
0 11.10000 2.97642 11.10815 1.00000 0.00000 0.00000 0.0233 0.0868
transfer_grey
0 11.10000 1.57937 11.99648 1.00000 0.00000 0.00000 0.0123 0.0937
0 11.10000 2.97642 11.10815 1.00000 0.00000 0.00000 0.0233 0.0868
0 11.10000 3.13171 11.68770 1.00000 0.00000 0.00000 0.0245 0.0913
transfer_grey
0 11.10000 0.00000 12.10000 1.00000 0.00000 0.00000 0.0000 0.0945
0 11.10000 0.00000 11.50000 1.00000 0.00000 0.00000 0.0000 0.0898
0 11.10000 1.50105 11.40162 1.00000 0.00000 0.00000 0.0117 0.0891
transfer_grey
0 11.10000 0.00000 12.10000 1.00000 0.00000 0.00000 0.0000 0.0945
0 11.10000 1.50105 11.40162 1.00000 0.00000 0.00000 0.0117 0.0891
0 11.10000 1.57937 11.99648 1.00000 0.00000 0.00000 0.0123 0.0937
transfer_grey
0 11.10000 -1.57937 11.99648 1.00000 0.00000 0.00000 0.9877 0.0937
0 11.10000 -1.50105 11.40162 1.00000 0.00000 0.00000 0.9883 0.0891
0 11.10000 0.00000 11.50000 1.00000 0.00000 0.00000 0.0000 0.0898
transfer_grey
0 11.10000 -1.57937 11.99648 1.00000 0.00000 0.00000 0.9877 0.0937
0 11.10000 0.00000 11.50000 1.00000 0.00000 0.00000 0.0000 0.0898
0 11.10000 0.00000 12.10000 1.00000 0.00000 0.00000 0.0000 0.0945
transfer_grey
0 11.10000 -3.13171 11.68770 1.00000 0.00000 0.00000 0.9755 0.0913
0 11.10000 -2.97642 11.10815 1.00000 0.00000 0.00000 0.9767 0.0868
0 11.10000 -1.50105 11.40162 1.00000 0.00000 0.00000 0.9883 0.0891
transfer_grey
0 11.10000 -3.13171 11.68770 1.00000 0.00000 0.00000 0.9755 0.0913
0 11.10000 -1.50105 11.40162 1.00000 0.00000 0.00000 0.9883 0.0891
0 11.10000 -1.57937 11.99648 1.00000 0.00000 0.00000 0.9877 0.0937
transfer_grey
0 11.10000 -4.63047 11.17894 1.00000 0.00000 0.00000 0.9638 0.0873
0 11.10000 -4.40086 10.62461 1.00000 0.00000 0.00000 0.9656 0.0830
0 11.10000 -2.97642 11.10815 1.00000 0.00000 0.00000 0.9767 0.0868
transfer_grey
0 11.10000 -4.63047 11.17894 1.00000 0.00000 0.00000 0.9638 0.0873
0 11.10000 -2.97642 11.10815 1.00000 0.00000 0.00000 0.9767 0.0868
0 11.10000 -3.13171 11.68770 1.00000 0.00000 0.00000 0.9755 0.0913
transfer_grey
0 11.10000 -6.05000 10.47891 1.00000 -0.00000 0.00000 0.9527 0.0819
0 11.10000 -5.75000 9.95929 1.00000 -0.00000 0.00000 0.9551 0.0778
0 11.10000 -4.40086 10.62461 1.00000 -0.00000 0.00000 0.9656 0.0830
transfer_grey
0 11.10000 -6.05000 10.47891 1.00000 -0.00000 0.00000 0.9527 0.0819
0 11.10000 -4.40086 10.62461 1.00000 -0.00000 0.00000 0.9656 0.0830
0 11.10000 -4.63047 11.17894 1.00000 -0.00000 0.00000 0.9638 0.0873
transfer_grey
0 11.10000 -7.36601 9.59958 1.00000 -0.00000 0.00000 0.9425 0.0750
0 11.10000 -7.00076 9.12356 1.00000 -0.00000 0.00000 0.9453 0.0713
0 11.10000 -5.75000 9.95929 1.00000 -0.00000 0.00000 0.9551 0.0778
transfer_grey
0 11.10000 -7.36601 9.59958 1.00000 -0.00000 0.00000 0.9425 0.0750
0 11.10000 -5.75000 9.95929 1.00000 -0.00000 0.00000 0.9551 0.0778
0 11.10000 -6.05000 10.47891 1.00000 -0.00000 0.00000 0.9527 0.0819
transfer_grey
0 11.10000 -8.55599 8.55599 1.00000 -0.00000 0.00000 0.9332 0.0668
0 11.10000 -8.13173 8.13173 1.00000 -0.00000 0.00000 0.9365 0.0635
0 11.10000 -7.00076 9.12356 1.00000 -0.00000 0.00000 0.9453 0.0713
transfer_grey
0 11.10000 -8.55599 8.55599 1.00000 -0.00000 0.00000 0.9332 0.0668
0 11.10000 -7.00076 9.12356 1.00000 -0.00000 0.00000 0.9453 0.0713
0 11.10000 -7.36601 9.59958 1.00000 -0.00000 0.00000 0.9425 0.0750
transfer_grey
0 11.10000 -9.59958 7.36601 1.00000 -0.00000 0.00000 0.9250 0.0575
0 11.10000 -9.12356 7.00076 1.00000 -0.00000 0.00000 0.9287 0.0547
0 11.10000 -8.13173 8.13173 1.00000 -0.00000 0.00000 0.9365 0.0635
transfer_grey
0 11.10000 -9.59958 7.36601 1.00000 -0.00000 0.00000 0.9250 0.0575
0 11.10000 -8.13173 8.13173 1.00000 -0.00000 0.00000 0.9365 0.0635
0 11.10000 -8.55599 8.55599 1.00000 -0.00000 0.00000 0.9332 0.0668
transfer_grey
0 11.10000 -10.47891 6.05000 1.00000 -0.00000 0.00000 0.9181 0.0473
0 11.10000 -9.95929 5.75000 1.00000 -0.00000 0.00000 0.9222 0.0449
0 11.10000 -9.12356 7.00076 1.00000 -0.00000 0.00000 0.9287 0.0547
transfer_grey
0 11.10000 -10.47891 6.05000 1.00000 -0.00000 0.00000 0.9181 0.0473
0 11.10000 -9.12356 7.00076 1.00000 -0.00000 0.00000 0.9287 0.0547
0 11.10000 -9.59958 7.36601 1.00000 -0.00000 0.00000 0.9250 0.0575
transfer_grey
0 11.10000 -11.17894 4.63047 1.00000 -0.00000 0.00000 0.9127 0.0362
0 11.10000 -10.62461 4.40086 1.00000 -0.00000 0.00000 0.9170 0.0344
0 11.10000 -9.95929 5.75000 1.00000 -0.00000 0.00000 0.9222 0.0449
transfer_grey
0 11.10000 -11.17894 4.63047 1.00000 -0.00000 0.00000 0.9127 0.0362
0 11.10000 -9.95929 5.75000 1.00000 -0.00000 0.00000 0.9222 0.0449
0 11.10000 -10.47891 6.05000 1.00000 -0.00000 0.00000 0.9181 0.0473
transfer_grey
0 11.10000 -11.68770 3.13171 1.00000 -0.00000 0.00000 0.9087 0.0245
0 11.10000 -11.10815 2.97642 1.00000 -0.00000 0.00000 0.9132 0.0233
0 11.10000 -10.62461 4.40086 1.00000 -0.00000 0.00000 0.9170 0.0344
transfer_grey
0 11.10000 -11.68770 3.13171 1.00000 -0.00000 0.00000 0.9087 0.0245
0 11.10000 -10.62461 4.40086 1.00000 -0.00000 0.00000 0.9170 0.0344
0 11.10000 -11.17894 4.63047 1.00000 -0.00000 0.00000 0.9127 0.0362
transfer_grey
0 11.10000 -11.99648 1.57937 1.00000 -0.00000 0.00000 0.9063 0.0123
0 11.10000 -11.40162 1.50105 1.00000 -0.00000 0.00000 0.9109 0.0117
0 11.10000 -11.10815 2.97642 1.00000 -0.00000 0.00000 0.9132 0.0233
transfer_grey
0 11.10000 -11.99648 1.57937 1.00000 -0.00000 0.00000 0.9063 0.0123
0 11.10000 -11.10815 2.97642 1.00000 -0.00000 0.00000 0.9132 0.0233
0 11.10000 -11.68770 3.13171 1.00000 -0.00000 0.00000 0.9087 0.0245
transfer_grey
0 11.10000 -12.10000 0.00000 1.00000 -0.00000 0.00000 0.9055 0.0000
0 11.10000 -11.50000 0.00000 1.00000 -0.00000 0.00000 0.9102 0.0000
0 11.10000 -11.40162 1.50105 1.00000 -0.00000 0.00000 0.9109 0.0117
transfer_grey
0 11.10000 -12.10000 0.00000 1.00000 -0.00000 0.00000 0.9055 0.0000
0 11.10000 -11.40162 1.50105 1.00000 -0.00000 0.00000 0.9109 0.0117
0 11.10000 -11.99648 1.57937 1.00000 -0.00000 0.00000 0.9063 0.0123
transfer_grey
0 11.10000 -11.99648 -1.57937 1.00000 0.00000 0.00000 0.9063 0.9877
0 11.10000 -11.40162 -1.50105 1.00000 0.00000 0.00000 0.9109 0.9883
0 11.10000 -11.50000 0.00000 1.00000 0.00000 0.00000 0.9102 0.0000
transfer_grey
0 11.10000 -11.99648 -1.57937 1.00000 0.00000 0.00000 0.9063 0.9877
0 11.10000 -11.50000 0.00000 1.00000 0.00000 0.00000 0.9102 0.0000
0 11.10000 -12.10000 0.00000 1.00000 0.00000 0.00000 0.9055 0.0000
transfer_grey
0 11.10000 -11.68770 -3.13171 1.00000 0.00000 0.00000 0.9087 0.9755
0 11.10000 -11.10815 -2.97642 1.00000 0.00000 0.00000 0.9132 0.9767
0 11.10000 -11.40162 -1.50105 1.00000 0.00000 0.00000 0.9109 0.9883
transfer_grey
0 11.10000 -11.68770 -3.13171 1.00000 0.00000 0.00000 0.9087 0.9755
0 11.10000 -11.40162 -1.50105 1.00000 0.00000 0.00000 0.9109 0.9883
0 11.10000 -11.99648 -1.57937 1.00000 0.00000 0.00000 0.9063 0.9877
transfer_grey
0 11.10000 -11.17894 -4.63047 1.00000 0.00000 0.00000 0.9127 0.9638
0 11.10000 -10.62461 -4.40086 1.00000 0.00000 0.00000 0.9170 0.9656
0 11.10000 -11.10815 -2.97642 1.00000 0.00000 0.00000 0.9132 0.9767
transfer_grey
0 11.10000 -11.17894 -4.63047 1.00000 0.00000 0.00000 0.9127 0.9638
0 11.10000 -11.10815 -2.97642 1.00000 0.00000 0.00000 0.9132 0.9767
0 11.10000 -11.68770 -3.13171 1.00000 0.00000 0.00000 0.9087 0.9755
transfer_grey
0 11.10000 -10.47891 -6.05000 1.00000 0.00000 -0.00000 0.9181 0.9527
0 11.10000 -9.95929 -5.75000 1.00000 0.00000 -0.00000 0.9222 0.9551
0 11.10000 -10.62461 -4.40086 1.00000 0.00000 -0.00000 0.9170 0.9656
transfer_grey
0 11.10000 -10.47891 -6.05000 1.00000 0.00000 -0.00000 0.9181 0.9527
0 11.10000 -10.62461 -4.40086 1.00000 0.00000 -0.00000 0.9170 0.9656
0 11.10000 -11.17894 -4.63047 1.00000 0.00000 -0.00000 0.9127 0.9638
transfer_grey
0 11.10000 -9.59958 -7.36601 1.00000 0.00000 -0.00000 0.9250 0.9425
0 11.10000 -9.12356 -7.00076 1.00000 0.00000 -0.00000 0.9287 0.9453
0 11.10000 -9.95929 -5.75000 1.00000 0.00000 -0.00000 0.9222 0.9551
transfer_grey
0 11.10000 -9.59958 -7.36601 1.00000 0.00000 -0.00000 0.9250 0.9425
0 11.10000 -9.95929 -5.75000 1.00000 0.00000 -0.00000 0.9222 0.9551
0 11.10000 -10.47891 -6.05000 1.00000 0.00000 -0.00000 0.9181 0.9527
transfer_grey
0 11.10000 -8.55599 -8.55599 1.00000 0.00000 -0.00000 0.9332 0.9332
0 11.10000 -8.13173 -8.13173 1.00000 0.00000 -0.00000 0.9365 0.9365
0 11.10000 -9.12356 -7.00076 1.00000 0.00000 -0.00000 0.9287 0.9453
transfer_grey
0 11.10000 -8.55599 -8.55599 1.00000 0.00000 -0.00000 0.9332 0.9332
0 11.10000 -9.12356 -7.00076 1.00000 0.00000 -0.00000 0.9287 0.9453
0 11.10000 -9.59958 -7.36601 1.00000 0.00000 -0.00000 0.9250 0.9425
transfer_grey
0 11.10000 -7.36601 -9.59958 1.00000 0.00000 -0.00000 0.9425 0.9250
0 11.10000 -7.00076 -9.12356 1.00000 0.00000 -0.00000 0.9453 0.9287
0 11.10000 -8.13173 -8.13173 1.00000 0.00000 -0.00000 0.9365 0.9365
transfer_grey
0 11.10000 -7.36601 -9.59958 1.00000 0.00000 -0.00000 0.9425 0.9250
0 11.10000 -8.13173 -8.13173 1.00000 0.00000 -0.00000 0.9365 0.9365
0 11.10000 -8.55599 -8.55599 1.00000 0.00000 -0.00000 0.9332 0.9332
transfer_grey
0 11.10000 -6.05000 -10.47891 1.00000 0.00000 -0.00000 0.9527 0.9181
0 11.10000 -5.75000 -9.95929 1.00000 0.00000 -0.00000 0.9551 0.9222
0 11.10000 -7.00076 -9.12356 1.00000 0.00000 -0.00000 0.9453 0.9287
transfer_grey
0 11.10000 -6.05000 -10.47891 1.00000 0.00000 -0.00000 0.9527 0.9181
0 11.10000 -7.00076 -9.12356 1.00000 0.00000 -0.00000 0.9453 0.9287
0 11.10000 -7.36601 -9.59958 1.00000 0.00000 -0.00000 0.9425 0.9250
transfer_grey
0 11.10000 -4.63047 -11.17894 1.00000 0.00000 -0.00000 0.9638 0.9127
0 11.10000 -4.40086 -10.62461 1.00000 0.00000 -0.00000 0.9656 0.9170
0 11.10000 -5.75000 -9.95929 1.00000 0.00000 -0.00000 0.9551 0.9222
transfer_grey
0 11.10000 -4.63047 -11.17894 1.00000 0.00000 -0.00000 0.9638 0.9127
0 11.10000 -5.75000 -9.95929 1.00000 0.00000 -0.00000 0.9551 0.9222
0 11.10000 -6.05000 -10.47891 1.00000 0.00000 -0.00000 0.9527 0.9181
transfer_grey
0 11.10000 -3.13171 -11.68770 1.00000 0.00000 -0.00000 0.9755 0.9087
0 11.10000 -2.97642 -11.10815 1.00000 0.00000 -0.00000 0.9767 0.9132
0 11.10000 -4.40086 -10.62461 1.00000 0.00000 -0.00000 0.9656 0.9170
transfer_grey
0 11.10000 -3.13171 -11.68770 1.00000 0.00000 -0.00000 0.9755 0.9087
0 11.10000 -4.40086 -10.62461 1.00000 0.00000 -0.00000 0.9656 0.9170
0 11.10000 -4.63047 -11.17894 1.00000 0.00000 -0.00000 0.9638 0.9127
transfer_grey
0 11.10000 -1.57937 -11.99648 1.00000 0.00000 -0.00000 0.9877 0.9063
0 11.10000 -1.50105 -11.40162 1.00000 0.00000 -0.00000 0.9883 0.9109
0 11.10000 -2.97642 -11.10815 1.00000 0.00000 -0.00000 0.9767 0.9132
transfer_grey
0 11.10000 -1.57937 -11.99648 1.00000 0.00000 -0.00000 0.9877 0.9063
0 11.10000 -2.97642 -11.10815 1.00000 0.00000 -0.00000 0.9767 0.9132
0 11.10000 -3.13171 -11.68770 1.00000 0.00000 -0.00000 0.9755 0.9087
transfer_grey
0 11.10000 -0.00000 -12.10000 1.00000 0.00000 -0.00000 1.0000 0.9055
0 11.10000 -0.00000 -11.50000 1.00000 0.00000 -0.00000 1.0000 0.9102
0 11.10000 -1.50105 -11.40162 1.00000 0.00000 -0.00000 0.9883 0.9109
transfer_grey
0 11.10000 -0.00000 -12.10000 1.00000 0.00000 -0.00000 1.0000 0.9055
0 11.10000 -1.50105 -11.40162 1.00000 0.00000 -0.00000 0.9883 0.9109
0 11.10000 -1.57937 -11.99648 1.00000 0.00000 -0.00000 0.9877 0.9063
transfer_grey
0 11.10000 1.57937 -11.99648 1.00000 0.00000 0.00000 0.0123 0.9063
0 11.10000 1.50105 -11.40162 1.00000 0.00000 0.00000 0.0117 0.9109
0 11.10000 -0.00000 -11.50000 1.00000 0.00000 0.00000 1.0000 0.9102
transfer_grey
0 11.10000 1.57937 -11.99648 1.00000 0.00000 0.00000 0.0123 0.9063
0 11.10000 -0.00000 -11.50000 1.00000 0.00000 0.00000 1.0000 0.9102
0 11.10000 -0.00000 -12.10000 1.00000 0.00000 0.00000 1.0000 0.9055
transfer_grey
0 11.10000 3.13171 -11.68770 1.00000 0.00000 0.00000 0.0245 0.9087
0 11.10000 2.97642 -11.10815 1.00000 0.00000 0.00000 0.0233 0.9132
0 11.10000 1.50105 -11.40162 1.00000 0.00000 0.00000 0.0117 0.9109
transfer_grey
0 11.10000 3.13171 -11.68770 1.00000 0.00000 0.00000 0.0245 0.9087
0 11.10000 1.50105 -11.40162 1.00000 0.00000 0.00000 0.0117 0.9109
0 11.10000 1.57937 -11.99648 1.00000 0.00000 0.00000 0.0123 0.9063
transfer_grey
0 11.10000 4.63047 -11.17894 1.00000 0.00000 0.00000 0.0362 0.9127
0 11.10000 4.40086 -10.62461 1.00000 0.00000 0.00000 0.0344 0.9170
0 11.10000 2.97642 -11.10815 1.00000 0.00000 0.00000 0.0233 0.9132
transfer_grey
0 11.10000 4.63047 -11.17894 1.00000 0.00000 0.00000 0.0362 0.9127
0 11.10000 2.97642 -11.10815 1.00000 0.00000 0.00000 0.0233 0.9132
0 11.10000 3.13171 -11.68770 1.00000 0.00000 0.00000 0.0245 0.9087
transfer_grey
0 11.10000 6.05000 -10.47891 1.00000 0.00000 0.00000 0.0473 0.9181
0 11.10000 5.75000 -9.95929 1.00000 0.00000 0.00000 0.0449 0.9222
0 11.10000 4.40086 -10.62461 1.00000 0.00000 0.00000 0.0344 0.9170
transfer_grey
0 11.10000 6.05000 -10.47891 1.00000 0.00000 0.00000 0.0473 0.9181
0 11.10000 4.40086 -10.62461 1.00000 0.00000 0.00000 0.0344 0.9170
0 11.10000 4.63047 -11.17894 1.00000 0.00000 0.00000 0.0362 0.9127
transfer_grey
0 11.10000 7.36601 -9.59958 1.00000 0.00000 0.00000 0.0575 0.9250
0 11.10000 7.00076 -9.12356 1.00000 0.00000 0.00000 0.0547 0.9287
0 11.10000 5.75000 -9.95929 1.00000 0.00000 0.00000 0.0449 0.9222
transfer_grey
0 11.10000 7.36601 -9.59958 1.00000 0.00000 0.00000 0.0575 0.9250
0 11.10000 5.75000 -9.95929 1.00000 0.00000 0.00000 0.0449 0.9222
0 11.10000 6.05000 -10.47891 1.00000 0.00000 0.00000 0.0473 0.9181
transfer_grey
0 11.10000 8.55599 -8.55599 1.00000 0.00000 0.00000 0.0668 0.9332
0 11.10000 8.13173 -8.13173 1.00000 0.00000 0.00000 0.0635 0.9365
0 11.10000 7.00076 -9.12356 1.00000 0.00000 0.00000 0.0547 0.9287
transfer_grey
0 11.10000 8.55599 -8.55599 1.00000 0.00000 0.00000 0.0668 0.9332
0 11.10000 7.00076 -9.12356 1.00000 0.00000 0.00000 0.0547 0.9287
0 11.10000 7.36601 -9.59958 1.00000 0.00000 0.00000 0.0575 0.9250
transfer_grey
0 11.10000 9.59958 -7.36601 1.00000 0.00000 0.00000 0.0750 0.9425
0 11.10000 9.12356 -7.00076 1.00000 0.00000 0.00000 0.0713 0.9453
0 11.10000 8.13173 -8.13173 1.00000 0.00000 0.00000 0.0635 0.9365
transfer_grey
0 11.10000 9.59958 -7.36601 1.00000 0.00000 0.00000 0.0750 0.9425
0 11.10000 8.13173 -8.13173 1.00000 0.00000 0.00000 0.0635 0.9365
0 11.10000 8.55599 -8.55599 1.00000 0.00000 0.00000 0.0668 0.9332
transfer_grey
0 11.10000 10.47891 -6.05000 1.00000 0.00000 0.00000 0.0819 0.9527
0 11.10000 9.95929 -5.75000 1.00000 0.00000 0.00000 0.0778 0.9551
0 11.10000 9.12356 -7.00076 1.00000 0.00000 0.00000 0.0713 0.9453
transfer_grey
0 11.10000 10.47891 -6.05000 1.00000 0.00000 0.00000 0.0819 0.9527
0 11.10000 9.12356 -7.00076 1.00000 0.00000 0.00000 0.0713 0.9453
0 11.10000 9.59958 -7.36601 1.00000 0.00000 0.00000 0.0750 0.9425
transfer_grey
0 11.10000 11.17894 -4.63047 1.00000 0.00000 0.00000 0.0873 0.9638
0 11.10000 10.62461 -4.40086 1.00000 0.00000 0.00000 0.0830 0.9656
0 11.10000 9.95929 -5.75000 1.00000 0.00000 0.00000 0.0778 0.9551
transfer_grey
0 11.10000 11.17894 -4.63047 1.00000 0.00000 0.00000 0.0873 0.9638
0 11.10000 9.95929 -5.75000 1.00000 0.00000 0.00000 0.0778 0.9551
0 11.10000 10.47891 -6.05000 1.00000 0.00000 0.00000 0.0819 0.9527
transfer_grey
0 11.10000 11.68770 -3.13171 1.00000 0.00000 0.00000 0.0913 0.9755
0 11.10000 11.10815 -2.97642 1.00000 0.00000 0.00000 0.0868 0.9767
0 11.10000 10.62461 -4.40086 1.00000 0.00000 0.00000 0.0830 0.9656
transfer_grey
0 11.10000 11.68770 -3.13171 1.00000 0.00000 0.00000 0.0913 0.9755
0 11.10000 10.62461 -4.40086 1.00000 0.00000 0.00000 0.0830 0.9656
0 11.10000 11.17894 -4.63047 1.00000 0.00000 0.00000 0.0873 0.9638
transfer_grey
0 11.10000 11.99648 -1.57937 1.00000 0.00000 0.00000 0.0937 0.9877
0 11.10000 11.40162 -1.50105 1.00000 0.00000 0.00000 0.0891 0.9883
0 11.10000 11.10815 -2.97642 1.00000 0.00000 0.00000 0.0868 0.9767
transfer_grey
0 11.10000 11.99648 -1.57937 1.00000 0.00000 0.00000 0.0937 0.9877
0 11.10000 11.10815 -2.97642 1.00000 0.00000 0.00000 0.0868 0.9767
0 11.10000 11.68770 -3.13171 1.00000 0.00000 0.00000 0.0913 0.9755
transfer_grey
0 11.10000 12.10000 -0.00000 1.00000 0.00000 0.00000 0.0945 1.0000
0 11.10000 11.50000 -0.00000 1.00000 0.00000 0.00000 0.0898 1.0000
0 11.10000 11.40162 -1.50105 1.00000 0.00000 0.00000 0.0891 0.9883
transfer_grey
0 11.10000 12.10000 -0.00000 1.00000 0.00000 0.00000 0.0945 1.0000
0 11.10000 11.40162 -1.50105 1.00000 0.00000 0.00000 0.0891 0.9883
0 11.10000 11.99648 -1.57937 1.00000 0.00000 0.00000 0.0937 0.9877
transfer_grey
0 15.00000 13.28536 1.74905 -1.00000 0.00000 0.00000 0.1038 0.0137
0 15.00000 13.88023 1.82737 -1.00000 0.00000 0.00000 0.1084 0.0143
0 15.00000 14.00000 0.00000 -1.00000 0.00000 0.00000 0.1094 0.0000
transfer_grey
0 15.00000 13.28536 1.74905 -1.00000 0.00000 0.00000 0.1038 0.0137
0 15.00000 14.00000 0.00000 -1.00000 0.00000 0.00000 0.1094 0.0000
0 15.00000 13.40000 0.00000 -1.00000 0.00000 0.00000 0.1047 0.0000
transfer_grey
0 15.00000 12.94341 3.46818 -1.00000 0.00000 0.00000 0.1011 0.0271
0 15.00000 13.52296 3.62347 -1.00000 0.00000 0.00000 0.1056 0.0283
0 15.00000 13.88023 1.82737 -1.00000 0.00000 0.00000 0.1084 0.0143
transfer_grey
0 15.00000 12.94341 3.46818 -1.00000 0.00000 0.00000 0.1011 0.0271
0 15.00000 13.88023 1.82737 -1.00000 0.00000 0.00000 0.1084 0.0143
0 15.00000 13.28536 1.74905 -1.00000 0.00000 0.00000 0.1038 0.0137
transfer_grey
0 15.00000 12.37999 5.12796 -1.00000 0.00000 0.00000 0.0967 0.0401
0 15.00000 12.93431 5.35757 -1.00000 0.00000 0.00000 0.1010 0.0419
0 15.00000 13.52296 3.62347 -1.00000 0.00000 0.00000 0.1056 0.0283
transfer_grey
0 15.00000 12.37999 5.12796 -1.00000 0.00000 0.00000 0.0967 0.0401
0 15.00000 13.52296 3.62347 -1.00000 0.00000 0.00000 0.1056 0.0283
0 15.00000 12.94341 3.46818 -1.00000 0.00000 0.00000 0.1011 0.0271
transfer_grey
0 15.00000 11.60474 6.70000 -1.00000 0.00000 0.00000 0.0907 0.0523
0 15.00000 12.12436 7.00000 -1.00000 0.00000 0.00000 0.0947 0.0547
0 15.00000 12.93431 5.35757 -1.00000 0.00000 0.00000 0.1010 0.0419
transfer_grey
0 15.00000 11.60474 6.70000 -1.00000 0.00000 0.00000 0.0907 0.0523
0 15.00000 12.93431 5.35757 -1.00000 0.00000 0.00000 0.1010 0.0419
0 15.00000 12.37999 5.12796 -1.00000 0.00000 0.00000 0.0967 0.0401
transfer_grey
0 15.00000 10.63093 8.15740 -1.00000 0.00000 0.00000 0.0831 0.0637
0 15.00000 11.10695 8.52266 -1.00000 0.00000 0.00000 0.0868 0.0666
0 15.00000 12.12436 7.00000 -1.00000 0.00000 0.00000 0.0947 0.0547
transfer_grey
0 15.00000 10.63093 8.15740 -1.00000 0.00000 0.00000 0.0831 0.0637
0 15.00000 12.12436 7.00000 -1.00000 0.00000 0.00000 0.0947 0.0547
0 15.00000 11.60474 6.70000 -1.00000 0.00000 0.00000 0.0907 0.0523
transfer_grey
0 15.00000 9.47523 9.47523 -1.00000 0.00000 0.00000 0.0740 0.0740
0 15.00000 9.89949 9.89949 -1.00000 0.00000 0.00000 0.0773 0.0773
0 15.00000 11.10695 8.52266 -1.00000 0.00000 0.00000 0.0868 0.0666
transfer_grey
0 15.00000 9.47523 9.47523 -1.00000 0.00000 0.00000 0.0740 0.0740
0 15.00000 11.10695 8.52266 -1.00000 0.00000 0.00000 0.0868 0.0666
0 15.00000 10.63093 8.15740 -1.00000 0.00000 0.00000 0.0831 0.0637
transfer_grey
0 15.00000 8.15740 10.63093 -1.00000 0.00000 0.00000 0.0637 0.0831
0 15.00000 8.52266 11.10695 -1.00000 0.00000 0.00000 0.0666 0.0868
0 15.00000 9.89949 9.89949 -1.00000 0.00000 0.00000 0.0773 0.0773
transfer_grey
0 15.00000 8.15740 10.63093 -1.00000 0.00000 0.00000 0.0637 0.0831
0 15.00000 9.89949 9.89949 -1.00000 0.00000 0.00000 0.0773 0.0773
0 15.00000 9.47523 9.47523 -1.00000 0.00000 0.00000 0.0740 0.0740
transfer_grey
0 15.00000 6.70000 11.60474 -1.00000 0.00000 0.00000 0.0523 0.0907
0 15.00000 7.00000 12.12436 -1.00000 0.00000 0.00000 0.0547 0.0947
0 15.00000 8.52266 11.10695 -1.00000 0.00000 0.00000 0.0666 0.0868
transfer_grey
0 15.00000 6.70000 11.60474 -1.00000 0.00000 0.00000 0.0523 0.0907
0 15.00000 8.52266 11.10695 -1.00000 0.00000 0.00000 0.0666 0.0868
0 15.00000 8.15740 10.63093 -1.00000 0.00000 0.00000 0.0637 0.0831
transfer_grey
0 15.00000 5.12796 12.37999 -1.00000 0.00000 0.00000 0.0401 0.0967
0 15.00000 5.35757 12.93431 -1.00000 0.00000 0.00000 0.0419 0.1010
0 15.00000 7.00000 12.12436 -1.00000 0.00000 0.00000 0.0547 0.0947
transfer_grey
0 15.00000 5.12796 12.37999 -1.00000 0.00000 0.00000 0.0401 0.0967
0 15.00000 7.00000 12.12436 -1.00000 0.00000 0.00000 0.0547 0.0947
0 15.00000 6.70000 11.60474 -1.00000 0.00000 0.00000 0.0523 0.0907
transfer_grey
0 15.00000 3.46818 12.94341 -1.00000 0.00000 0.00000 0.0271 0.1011
0 15.00000 3.62347 13.52296 -1.00000 0.00000 0.00000 0.0283 0.1056
0 15.00000 5.35757 12.93431 -1.00000 0.00000 0.00000 0.0419 0.1010
transfer_grey
0 15.00000 3.46818 12.94341 -1.00000 0.00000 0.00000 0.0271 0.1011
0 15.00000 5.35757 12.93431 -1.00000 0.00000 0.00000 0.0419 0.1010
0 15.00000 5.12796 12.37999 -1.00000 0.00000 0.00000 0.0401 0.0967
transfer_grey
0 15.00000 1.74905 13.28536 -1.00000 0.00000 0.00000 0.0137 0.1038
0 15.00000 1.82737 13.88023 -1.00000 0.00000 0.00000 0.0143 0.1084
0 15.00000 3.62347 13.52296 -1.00000 0.00000 0.00000 0.0283 0.1056
transfer_grey
0 15.00000 1.74905 13.28536 -1.00000 0.00000 0.00000 0.0137 0.1038
0 15.00000 3.62347 13.52296 -1.00000 0.00000 0.00000 0.0283 0.1056
0 15.00000 3.46818 12.94341 -1.00000 0.00000 0.00000 0.0271 0.1011
transfer_grey
0 15.00000 0.00000 13.40000 -1.00000 0.00000 0.00000 0.0000 0.1047
0 15.00000 0.00000 14.00000 -1.00000 0.00000 0.00000 0.0000 0.1094
0 15.00000 1.82737 13.88023 -1.00000 0.00000 0.00000 0.0143 0.1084
transfer_grey
0 15.00000 0.00000 13.40000 -1.00000 0.00000 0.00000 0.0000 0.1047
0 15.00000 1.82737 13.88023 -1.00000 0.00000 0.00000 0.0143 0.1084
0 15.00000 1.74905 13.28536 -1.00000 0.00000 0.00000 0.0137 0.1038
transfer_grey
0 15.00000 -1.74905 13.28536 -1.00000 0.00000 0.00000 0.9863 0.1038
0 15.00000 -1.82737 13.88023 -1.00000 0.00000 0.00000 0.9857 0.1084
0 15.00000 0.00000 14.00000 -1.00000 0.00000 0.00000 0.0000 0.1094
transfer_grey
0 15.00000 -1.74905 13.28536 -1.00000 0.00000 0.00000 0.9863 0.1038
0 15.00000 0.00000 14.00000 -1.00000 0.00000 0.00000 0.0000 0.1094
0 15.00000 0.00000 13.40000 -1.00000 0.00000 0.00000 0.0000 0.1047
transfer_grey
0 15.00000 -3.46818 12.94341 -1.00000 0.00000 0.00000 0.9729 0.1011
0 15.00000 -3.62347 13.52296 -1.00000 0.00000 0.00000 0.9717 0.1056
0 15.00000 -1.82737 13.88023 -1.00000 0.00000 0.00000 0.9857 0.1084
transfer_grey
0 15.00000 -3.46818 12.94341 -1.00000 0.00000 0.00000 0.9729 0.1011
0 15.00000 -1.82737 13.88023 -1.00000 0.00000 0.00000 0.9857 0.1084
0 15.00000 -1.74905 13.28536 -1.00000 0.00000 0.00000 0.9863 0.1038
transfer_grey
0 15.00000 -5.12796 12.37999 -1.00000 0.00000 0.00000 0.9599 0.0967
0 15.00000 -5.35757 12.93431 -1.00000 0.00000 0.00000 0.9581 0.1010
0 15.00000 -3.62347 13.52296 -1.00000 0.00000 0.00000 0.9717 0.1056
transfer_grey
0 15.00000 -5.12796 12.37999 -1.00000 0.00000 0.00000 0.9599 0.0967
0 15.00000 -3.62347 13.52296 -1.00000 0.00000 0.00000 0.9717 0.1056
0 15.00000 -3.46818 12.94341 -1.00000 0.00000 0.00000 0.9729 0.1011
transfer_grey
0 15.00000 -6.70000 11.60474 -1.00000 0.00000 0.00000 0.9477 0.0907
0 15.00000 -7.00000 12.12436 -1.00000 0.00000 0.00000 0.9453 0.0947
0 15.00000 -5.35757 12.93431 -1.00000 0.00000 0.00000 0.9581 0.1010
transfer_grey
0 15.00000 -6.70000 11.60474 -1.00000 0.00000 0.00000 0.9477 0.0907
0 15.00000 -5.35757 12.93431 -1.00000 0.00000 0.00000 0.9581 0.1010
0 15.00000 -5.12796 12.37999 -1.00000 0.00000 0.00000 0.9599 0.0967
transfer_grey
0 15.00000 -8.15740 10.63093 -1.00000 0.00000 0.00000 0.9363 0.0831
0 15.00000 -8.52266 11.10695 -1.00000 0.00000 0.00000 0.9334 0.0868
0 15.00000 -7.00000 12.12436 -1.00000 0.00000 0.00000 0.9453 0.0947
transfer_grey
0 15.00000 -8.15740 10.63093 -1.00000 0.00000 0.00000 0.9363 0.0831
0 15.00000 -7.00000 12.12436 -1.00000 0.00000 0.00000 0.9453 0.0947
0 15.00000 -6.70000 11.60474 -1.00000 0.00000 0.00000 0.9477 0.0907
transfer_grey
0 15.00000 -9.47523 9.47523 -1.00000 0.00000 0.00000 0.9260 0.0740
0 15.00000 -9.89949 9.89949 -1.00000 0.00000 0.00000 0.9227 0.0773
0 15.00000 -8.52266 11.10695 -1.00000 0.00000 0.00000 0.9334 0.0868
transfer_grey
0 15.00000 -9.47523 9.47523 -1.00000 0.00000 0.00000 0.9260 0.0740
0 15.00000 -8.52266 11.10695 -1.00000 0.00000 0.00000 0.9334 0.0868
0 15.00000 -8.15740 10.63093 -1.00000 0.00000 0.00000 0.9363 0.0831
transfer_grey
0 15.00000 -10.63093 8.15740 -1.00000 0.00000 0.00000 0.9169 0.0637
0 15.00000 -11.10695 8.52266 -1.00000 0.00000 0.00000 0.9132 0.0666
0 15.00000 -9.89949 9.89949 -1.00000 0.00000 0.00000 0.9227 0.0773
transfer_grey
0 15.00000 -10.63093 8.15740 -1.00000 0.00000 0.00000 0.9169 0.0637
0 15.00000 -9.89949 9.89949 -1.00000 0.00000 0.00000 0.9227 0.0773
0 15.00000 -9.47523 9.47523 -1.00000 0.00000 0.00000 0.9260 0.0740
transfer_grey
0 15.00000 -11.60474 6.70000 -1.00000 0.00000 0.00000 0.9093 0.0523
0 15.00000 -12.12436 7.00000 -1.00000 0.00000 0.00000 0.9053 0.0547
0 15.00000 -11.10695 8.52266 -1.00000 0.00000 0.00000 0.9132 0.0666
transfer_grey
0 15.00000 -11.60474 6.70000 -1.00000 0.00000 0.00000 0.9093 0.0523
0 15.00000 -11.10695 8.52266 -1.00000 0.00000 0.00000 0.9132 0.0666
0 15.00000 -10.63093 8.15740 -1.00000 0.00000 0.00000 0.9169 0.0637
transfer_grey
0 15.00000 -12.37999 5.12796 -1.00000 0.00000 0.00000 0.9033 0.0401
0 15.00000 -12.93431 5.35757 -1.00000 0.00000 0.00000 0.8990 0.0419
0 15.00000 -12.12436 7.00000 -1.00000 0.00000 0.00000 0.9053 0.0547
transfer_grey
0 15.00000 -12.37999 5.12796 -1.00000 0.00000 0.00000 0.9033 0.0401
0 15.00000 -12.12436 7.00000 -1.00000 0.00000 0.00000 0.9053 0.0547
0 15.00000 -11.60474 6.70000 -1.00000 0.00000 0.00000 0.9093 0.0523
transfer_grey
0 15.00000 -12.94341 3.46818 -1.00000 0.00000 0.00000 0.8989 0.0271
0 15.00000 -13.52296 3.62347 -1.00000 0.00000 0.00000 0.8944 0.0283
0 15.00000 -12.93431 5.35757 -1.00000 0.00000 0.00000 0.8990 0.0419
transfer_grey
0 15.00000 -12.94341 3.46818 -1.00000 0.00000 0.00000 0.8989 0.0271
0 15.00000 -12.93431 5.35757 -1.00000 0.00000 0.00000 0.8990 0.0419
0 15.00000 -12.37999 5.12796 -1.00000 0.00000 0.00000 0.9033 0.0401
transfer_grey
0 15.00000 -13.28536 1.74905 -1.00000 0.00000 0.00000 0.8962 0.0137
0 15.00000 -13.88023 1.82737 -1.00000 0.00000 0.00000 0.8916 0.0143
0 15.00000 -13.52296 3.62347 -1.00000 0.00000 0.00000 0.8944 0.0283
transfer_grey
0 15.00000 -13.28536 1.74905 -1.00000 0.00000 0.00000 0.8962 0.0137
0 15.00000 -13.52296 3.62347 -1.00000 0.00000 0.00000 0.8944 0.0283
0 15.00000 -12.94341 3.46818 -1.00000 0.00000 0.00000 0.8989 0.0271
transfer_grey
0 15.00000 -13.40000 0.00000 -1.00000 0.00000 0.00000 0.8953 0.0000
0 15.00000 -14.00000 0.00000 -1.00000 0.00000 0.00000 0.8906 0.0000
0 15.00000 -13.88023 1.82737 -1.00000 0.00000 0.00000 0.8916 0.0143
transfer_grey
0 15.00000 -13.40000 0.00000 -1.00000 0.00000 0.00000 0.8953 0.0000
0 15.00000 -13.88023 1.82737 -1.00000 0.00000 0.00000 0.8916 0.0143
0 15.00000 -13.28536 1.74905 -1.00000 0.00000 0.00000 0.8962 0.0137
transfer_grey
0 15.00000 -13.28536 -1.74905 -1.00000 -0.00000 0.00000 0.8962 0.9863
0 15.00000 -13.88023 -1.82737 -1.00000 -0.00000 0.00000 0.8916 0.9857
0 15.00000 -14.00000 0.00000 -1.00000 -0.00000 0.00000 0.8906 0.0000
transfer_grey
0 15.00000 -13.28536 -1.74905 -1.00000 -0.00000 0.00000 0.8962 0.9863
0 15.00000 -14.00000 0.00000 -1.00000 -0.00000 0.00000 0.8906 0.0000
0 15.00000 -13.40000 0.00000 -1.00000 -0.00000 0.00000 0.8953 0.0000
transfer_grey
0 15.00000 -12.94341 -3.46818 -1.00000 -0.00000 0.00000 0.8989 0.9729
0 15.00000 -13.52296 -3.62347 -1.00000 -0.00000 0.00000 0.8944 0.9717
0 15.00000 -13.88023 -1.82737 -1.00000 -0.00000 0.00000 0.8916 0.9857
transfer_grey
0 15.00000 -12.94341 -3.46818 -1.00000 -0.00000 0.00000 0.8989 0.9729
0 15.00000 -13.88023 -1.82737 -1.00000 -0.00000 0.00000 0.8916 0.9857
0 15.00000 -13.28536 -1.74905 -1.00000 -0.00000 0.00000 0.8962 0.9863
transfer_grey
0 15.00000 -12.37999 -5.12796 -1.00000 -0.00000 0.00000 0.9033 0.9599
0 15.00000 -12.93431 -5.35757 -1.00000 -0.00000 0.00000 0.8990 0.9581
0 15.00000 -13.52296 -3.62347 -1.00000 -0.00000 0.00000 0.8944 0.9717
transfer_grey
0 15.00000 -12.37999 -5.12796 -1.00000 -0.00000 0.00000 0.9033 0.9599
0 15.00000 -13.52296 -3.62347 -1.00000 -0.00000 0.00000 0.8944 0.9717
0 15.00000 -12.94341 -3.46818 -1.00000 -0.00000 0.00000 0.8989 0.9729
transfer_grey
0 15.00000 -11.60474 -6.70000 -1.00000 -0.00000 0.00000 0.9093 0.9477
0 15.00000 -12.12436 -7.00000 -1.00000 -0.00000 0.00000 0.9053 0.9453
0 15.00000 -12.93431 -5.35757 -1.00000 -0.00000 0.00000 0.8990 0.9581
transfer_grey
0 15.00000 -11.60474 -6.70000 -1.00000 -0.00000 0.00000 0.9093 0.9477
0 15.00000 -12.93431 -5.35757 -1.00000 -0.00000 0.00000 0.8990 0.9581
0 15.00000 -12.37999 -5.12796 -1.00000 -0.00000 0.00000 0.9033 0.9599
transfer_grey
0 15.00000 -10.63093 -8.15740 -1.00000 -0.00000 0.00000 0.9169 0.9363
0 15.00000 -11.10695 -8.52266 -1.00000 -0.00000 0.00000 0.9132 0.9334
0 15.00000 -12.12436 -7.00000 -1.00000 -0.00000 0.00000 0.9053 0.9453
transfer_grey
0 15.00000 -10.63093 -8.15740 -1.00000 -0.00000 0.00000 0.9169 0.9363
0 15.00000 -12.12436 -7.00000 -1.00000 -0.00000 0.00000 0.9053 0.9453
0 15.00000 -11.60474 -6.70000 -1.00000 -0.00000 0.00000 0.9093 0.9477
transfer_grey
0 15.00000 -9.47523 -9.47523 -1.00000 -0.00000 0.00000 0.9260 0.9260
0 15.00000 -9.89949 -9.89949 -1.00000 -0.00000 0.00000 0.9227 0.9227
0 15.00000 -11.10695 -8.52266 -1.00000 -0.00000 0.00000 0.9132 0.9334
transfer_grey
0 15.00000 -9.47523 -9.47523 -1.00000 -0.00000 0.00000 0.9260 0.9260
0 15.00000 -11.10695 -8.52266 -1.00000 -0.00000 0.00000 0.9132 0.9334
0 15.00000 -10.63093 -8.15740 -1.00000 -0.00000 0.00000 0.9169 0.9363
transfer_grey
0 15.00000 -8.15740 -10.63093 -1.00000 -0.00000 0.00000 0.9363 0.9169
0 15.00000 -8.52266 -11.10695 -1.00000 -0.00000 0.00000 0.9334 0.9132
0 15.00000 -9.89949 -9.89949 -1.00000 -0.00000 0.00000 0.9227 0.9227
transfer_grey
0 15.00000 -8.15740 -10.63093 -1.00000 -0.00000 0.00000 0.9363 0.9169
0 15.00000 -9.89949 -9.89949 -1.00000 -0.00000 0.00000 0.9227 0.9227
0 15.00000 -9.47523 -9.47523 -1.00000 -0.00000 0.00000 0.9260 0.9260
transfer_grey
0 15.00000 -6.70000 -11.60474 -1.00000 -0.00000 0.00000 0.9477 0.9093
0 15.00000 -7.00000 -12.12436 -1.00000 -0.00000 0.00000 0.9453 0.9053
0 15.00000 -8.52266 -11.10695 -1.00000 -0.00000 0.00000 0.9334 0.9132
transfer_grey
0 15.00000 -6.70000 -11.60474 -1.00000 -0.00000 0.00000 0.9477 0.9093
0 15.00000 -8.52266 -11.10695 -1.00000 -0.00000 0.00000 0.9334 0.9132
0 15.00000 -8.15740 -10.63093 -1.00000 -0.00000 0.00000 0.9363 0.9169
transfer_grey
0 15.00000 -5.12796 -12.37999 -1.00000 -0.00000 0.00000 0.9599 0.9033
0 15.00000 -5.35757 -12.93431 -1.00000 -0.00000 0.00000 0.9581 0.8990
0 15.00000 -7.00000 -12.12436 -1.00000 -0.00000 0.00000 0.9453 0.9053
transfer_grey
0 15.00000 -5.12796 -12.37999 -1.00000 -0.00000 0.00000 0.9599 0.9033
0 15.00000 -7.00000 -12.12436 -1.00000 -0.00000 0.00000 0.9453 0.9053
0 15.00000 -6.70000 -11.60474 -1.00000 -0.00000 0.00000 0.9477 0.9093
transfer_grey
0 15.00000 -3.46818 -12.94341 -1.00000 -0.00000 0.00000 0.9729 0.8989
0 15.00000 -3.62347 -13.52296 -1.00000 -0.00000 0.00000 0.9717 0.8944
0 15.00000 -5.35757 -12.93431 -1.00000 -0.00000 0.00000 0.9581 0.8990
transfer_grey
0 15.00000 -3.46818 -12.94341 -1.00000 -0.00000 0.00000 0.9729 0.8989
0 15.00000 -5.35757 -12.93431 -1.00000 -0.00000 0.00000 0.9581 0.8990
0 15.00000 -5.12796 -12.37999 -1.00000 -0.00000 0.00000 0.9599 0.9033
transfer_grey
0 15.00000 -1.74905 -13.28536 -1.00000 0.00000 0.00000 0.9863 0.8962
0 15.00000 -1.82737 -13.88023 -1.00000 0.00000 0.00000 0.9857 0.8916
0 15.00000 -3.62347 -13.52296 -1.00000 0.00000 0.00000 0.9717 0.8944
transfer_grey
0 15.00000 -1.74905 -13.28536 -1.00000 0.00000 0.00000 0.9863 0.8962
0 15.00000 -3.62347 -13.52296 -1.00000 0.00000 0.00000 0.9717 0.8944
0 15.00000 -3.46818 -12.94341 -1.00000 0.00000 0.00000 0.9729 0.8989
transfer_grey
0 15.00000 -0.00000 -13.40000 -1.00000 0.00000 0.00000 1.0000 0.8953
0 15.00000 -0.00000 -14.00000 -1.00000 0.00000 0.00000 1.0000 0.8906
0 15.00000 -1.82737 -13.88023 -1.00000 0.00000 0.00000 0.9857 0.8916
transfer_grey
0 15.00000 -0.00000 -13.40000 -1.00000 0.00000 0.00000 1.0000 0.8953
0 15.00000 -1.82737 -13.88023 -1.00000 0.00000 0.00000 0.9857 0.8916
0 15.00000 -1.74905 -13.28536 -1.00000 0.00000 0.00000 0.9863 0.8962
transfer_grey
0 15.00000 1.74905 -13.28536 -1.00000 0.00000 -0.00000 0.0137 0.8962
0 15.00000 1.82737 -13.88023 -1.00000 0.00000 -0.00000 0.0143 0.8916
0 15.00000 -0.00000 -14.00000 -1.00000 0.00000 -0.00000 1.0000 0.8906
transfer_grey
0 15.00000 1.74905 -13.28536 -1.00000 0.00000 -0.00000 0.0137 0.8962
0 15.00000 -0.00000 -14.00000 -1.00000 0.00000 -0.00000 1.0000 0.8906
0 15.00000 -0.00000 -13.40000 -1.00000 0.00000 -0.00000 1.0000 0.8953
transfer_grey
0 15.00000 3.46818 -12.94341 -1.00000 0.00000 -0.00000 0.0271 0.8989
0 15.00000 3.62347 -13.52296 -1.00000 0.00000 -0.00000 0.0283 0.8944
0 15.00000 1.82737 -13.88023 -1.00000 0.00000 -0.00000 0.0143 0.8916
transfer_grey
0 15.00000 3.46818 -12.94341 -1.00000 0.00000 -0.00000 0.0271 0.8989
0 15.00000 1.82737 -13.88023 -1.00000 0.00000 -0.00000 0.0143 0.8916
0 15.00000 1.74905 -13.28536 -1.00000 0.00000 -0.00000 0.0137 0.8962
transfer_grey
0 15.00000 5.12796 -12.37999 -1.00000 0.00000 -0.00000 0.0401 0.9033
0 15.00000 5.35757 -12.93431 -1.00000 0.00000 -0.00000 0.0419 0.8990
0 15.00000 3.62347 -13.52296 -1.00000 0.00000 -0.00000 0.0283 0.8944
transfer_grey
0 15.00000 5.12796 -12.37999 -1.00000 0.00000 -0.00000 0.0401 0.9033
0 15.00000 3.62347 -13.52296 -1.00000 0.00000 -0.00000 0.0283 0.8944
0 15.00000 3.46818 -12.94341 -1.00000 0.00000 -0.00000 0.0271 0.8989
transfer_grey
0 15.00000 6.70000 -11.60474 -1.00000 0.00000 -0.00000 0.0523 0.9093
0 15.00000 7.00000 -12.12436 -1.00000 0.00000 -0.00000 0.0547 0.9053
0 15.00000 5.35757 -12.93431 -1.00000 0.00000 -0.00000 0.0419 0.8990
transfer_grey
0 15.00000 6.70000 -11.60474 -1.00000 0.00000 -0.00000 0.0523 0.9093
0 15.00000 5.35757 -12.93431 -1.00000 0.00000 -0.00000 0.0419 0.8990
0 15.00000 5.12796 -12.37999 -1.00000 0.00000 -0.00000 0.0401 0.9033
transfer_grey
0 15.00000 8.15740 -10.63093 -1.00000 0.00000 -0.00000 0.0637 0.9169
0 15.00000 8.52266 -11.10695 -1.00000 0.00000 -0.00000 0.0666 0.9132
0 15.00000 7.00000 -12.12436 -1.00000 0.00000 -0.00000 0.0547 0.9053
transfer_grey
0 15.00000 8.15740 -10.63093 -1.00000 0.00000 -0.00000 0.0637 0.9169
0 15.00000 7.00000 -12.12436 -1.00000 0.00000 -0.00000 0.0547 0.9053
0 15.00000 6.70000 -11.60474 -1.00000 0.00000 -0.00000 0.0523 0.9093
transfer_grey
0 15.00000 9.47523 -9.47523 -1.00000 0.00000 -0.00000 0.0740 0.9260
0 15.00000 9.89949 -9.89949 -1.00000 0.00000 -0.00000 0.0773 0.9227
0 15.00000 8.52266 -11.10695 -1.00000 0.00000 -0.00000 0.0666 0.9132
transfer_grey
0 15.00000 9.47523 -9.47523 -1.00000 0.00000 -0.00000 0.0740 0.9260
0 15.00000 8.52266 -11.10695 -1.00000 0.00000 -0.00000 0.0666 0.9132
0 15.00000 8.15740 -10.63093 -1.00000 0.00000 -0.00000 0.0637 0.9169
transfer_grey
0 15.00000 10.63093 -8.15740 -1.00000 0.00000 -0.00000 0.0831 0.9363
0 15.00000 11.10695 -8.52266 -1.00000 0.00000 -0.00000 0.0868 0.9334
0 15.00000 9.89949 -9.89949 -1.00000 0.00000 -0.00000 0.0773 0.9227
transfer_grey
0 15.00000 10.63093 -8.15740 -1.00000 0.00000 -0.00000 0.0831 0.9363
0 15.00000 9.89949 -9.89949 -1.00000 0.00000 -0.00000 0.0773 0.9227
0 15.00000 9.47523 -9.47523 -1.00000 0.00000 -0.00000 0.0740 0.9260
transfer_grey
0 15.00000 11.60474 -6.70000 -1.00000 0.00000 -0.00000 0.0907 0.9477
0 15.00000 12.12436 -7.00000 -1.00000 0.00000 -0.00000 0.0947 0.9453
0 15.00000 11.10695 -8.52266 -1.00000 0.00000 -0.00000 0.0868 0.9334
transfer_grey
0 15.00000 11.60474 -6.70000 -1.00000 0.00000 -0.00000 0.0907 0.9477
0 15.00000 11.10695 -8.52266 -1.00000 0.00000 -0.00000 0.0868 0.9334
0 15.00000 10.63093 -8.15740 -1.00000 0.00000 -0.00000 0.0831 0.9363
transfer_grey
0 15.00000 12.37999 -5.12796 -1.00000 0.00000 -0.00000 0.0967 0.9599
0 15.00000 12.93431 -5.35757 -1.00000 0.00000 -0.00000 0.1010 0.9581
0 15.00000 12.12436 -7.00000 -1.00000 0.00000 -0.00000 0.0947 0.9453
transfer_grey
0 15.00000 12.37999 -5.12796 -1.00000 0.00000 -0.00000 0.0967 0.9599
0 15.00000 12.12436 -7.00000 -1.00000 0.00000 -0.00000 0.0947 0.9453
0 15.00000 11.60474 -6.70000 -1.00000 0.00000 -0.00000 0.0907 0.9477
transfer_grey
0 15.00000 12.94341 -3.46818 -1.00000 0.00000 -0.00000 0.1011 0.9729
0 15.00000 13.52296 -3.62347 -1.00000 0.00000 -0.00000 0.1056 0.9717
0 15.00000 12.93431 -5.35757 -1.00000 0.00000 -0.00000 0.1010 0.9581
transfer_grey
0 15.00000 12.94341 -3.46818 -1.00000 0.00000 -0.00000 0.1011 0.9729
0 15.00000 12.93431 -5.35757 -1.00000 0.00000 -0.00000 0.1010 0.9581
0 15.00000 12.37999 -5.12796 -1.00000 0.00000 -0.00000 0.0967 0.9599
transfer_grey
0 15.00000 13.28536 -1.74905 -1.00000 0.00000 0.00000 0.1038 0.9863
0 15.00000 13.88023 -1.82737 -1.00000 0.00000 0.00000 0.1084 0.9857
0 15.00000 13.52296 -3.62347 -1.00000 0.00000 0.00000 0.1056 0.9717
transfer_grey
0 15.00000 13.28536 -1.74905 -1.00000 0.00000 0.00000 0.1038 0.9863
0 15.00000 13.52296 -3.62347 -1.00000 0.00000 0.00000 0.1056 0.9717
0 15.00000 12.94341 -3.46818 -1.00000 0.00000 0.00000 0.1011 0.9729
transfer_grey
0 15.00000 13.40000 -0.00000 -1.00000 0.00000 0.00000 0.1047 1.0000
0 15.00000 14.00000 -0.00000 -1.00000 0.00000 0.00000 0.1094 1.0000
0 15.00000 13.88023 -1.82737 -1.00000 0.00000 0.00000 0.1084 0.9857
transfer_grey
0 15.00000 13.40000 -0.00000 -1.00000 0.00000 0.00000 0.1047 1.0000
0 15.00000 13.88023 -1.82737 -1.00000 0.00000 0.00000 0.1084 0.9857
0 15.00000 13.28536 -1.74905 -1.00000 0.00000 0.00000 0.1038 0.9863
transfer_grey
0 15.00000 13.88023 1.82737 -0.00000 0.99786 0.06540 0.1084 0.0143
0 16.10000 13.88023 1.82737 -0.00000 0.99786 0.06540 0.1084 0.0143
0 16.10000 14.00000 0.00000 -0.00000 0.99786 0.06540 0.1094 0.0000
transfer_grey
0 15.00000 13.88023 1.82737 -0.00000 0.99786 0.06540 0.1084 0.0143
0 16.10000 14.00000 0.00000 -0.00000 0.99786 0.06540 0.1094 0.0000
0 15.00000 14.00000 0.00000 -0.00000 0.99786 0.06540 0.1094 0.0000
transfer_grey
0 15.00000 13.52296 3.62347 -0.00000 0.98079 0.19509 0.1056 0.0283
0 16.10000 13.52296 3.62347 -0.00000 0.98079 0.19509 0.1056 0.0283
0 16.10000 13.88023 1.82737 -0.00000 0.98079 0.19509 0.1084 0.0143
transfer_grey
0 15.00000 13.52296 3.62347 -0.00000 0.98079 0.19509 0.1056 0.0283
0 16.10000 13.88023 1.82737 -0.00000 0.98079 0.19509 0.1084 0.0143
0 15.00000 13.88023 1.82737 -0.00000 0.98079 0.19509 0.1084 0.0143
transfer_grey
0 15.00000 12.93431 5.35757 -0.00000 0.94693 0.32144 0.1010 0.0419
0 16.10000 12.93431 5.35757 -0.00000 0.94693 0.32144 0.1010 0.0419
0 16.10000 13.52296 3.62347 -0.00000 0.94693 0.32144 0.1056 0.0283
transfer_grey
0 15.00000 12.93431 5.35757 -0.00000 0.94693 0.32144 0.1010 0.0419
0 16.10000 13.52296 3.62347 -0.00000 0.94693 0.32144 0.1056 0.0283
0 15.00000 13.52296 3.62347 -0.00000 0.94693 0.32144 0.1056 0.0283
transfer_grey
0 15.00000 12.12436 7.00000 -0.00000 0.89687 0.44229 0.0947 0.0547
0 16.10000 12.12436 7.00000 -0.00000 0.89687 0.44229 0.0947 0.0547
0 16.10000 12.93431 5.35757 -0.00000 0.89687 0.44229 0.1010 0.0419
transfer_grey
0 15.00000 12.12436 7.00000 -0.00000 0.89687 0.44229 0.0947 0.0547
0 16.10000 12.93431 5.35757 -0.00000 0.89687 0.44229 0.1010 0.0419
0 15.00000 12.93431 5.35757 -0.00000 0.89687 0.44229 0.1010 0.0419
transfer_grey
0 15.00000 11.10695 8.52266 -0.00000 0.83147 0.55557 0.0868 0.0666
0 16.10000 11.10695 8.52266 -0.00000 0.83147 0.55557 0.0868 0.0666
0 16.10000 12.12436 7.00000 -0.00000 0.83147 0.55557 0.0947 0.0547
transfer_grey
0 15.00000 11.10695 8.52266 -0.00000 0.83147 0.55557 0.0868 0.0666
0 16.10000 12.12436 7.00000 -0.00000 0.83147 0.55557 0.0947 0.0547
0 15.00000 12.12436 7.00000 -0.00000 0.83147 0.55557 0.0947 0.0547
transfer_grey
0 15.00000 9.89949 9.89949 -0.00000 0.75184 0.65935 0.0773 0.0773
0 16.10000 9.89949 9.89949 -0.00000 0.75184 0.65935 0.0773 0.0773
0 16.10000 11.10695 8.52266 -0.00000 0.75184 0.65935 0.0868 0.0666
transfer_grey
0 15.00000 9.89949 9.89949 -0.00000 0.75184 0.65935 0.0773 0.0773
0 16.10000 11.10695 8.52266 -0.00000 0.75184 0.65935 0.0868 0.0666
0 15.00000 11.10695 8.52266 -0.00000 0.75184 0.65935 0.0868 0.0666
transfer_grey
0 15.00000 8.52266 11.10695 -0.00000 0.65935 0.75184 0.0666 0.0868
0 16.10000 8.52266 11.10695 -0.00000 0.65935 0.75184 0.0666 0.0868
0 16.10000 9.89949 9.89949 -0.00000 0.65935 0.75184 0.0773 0.0773
transfer_grey
0 15.00000 8.52266 11.10695 -0.00000 0.65935 0.75184 0.0666 0.0868
0 16.10000 9.89949 9.89949 -0.00000 0.65935 0.75184 0.0773 0.0773
0 15.00000 9.89949 9.89949 -0.00000 0.65935 0.75184 0.0773 0.0773
transfer_grey
0 15.00000 7.00000 12.12436 -0.00000 0.55557 0.83147 0.0547 0.0947
0 16.10000 7.00000 12.12436 -0.00000 0.55557 0.83147 0.0547 0.0947
0 16.10000 8.52266 11.10695 -0.00000 0.55557 0.83147 0.0666 0.0868
transfer_grey
0 15.00000 7.00000 12.12436 -0.00000 0.55557 0.83147 0.0547 0.0947
0 16.10000 8.52266 11.10695 -0.00000 0.55557 0.83147 0.0666 0.0868
0 15.00000 8.52266 11.10695 -0.00000 0.55557 0.83147 0.0666 0.0868
transfer_grey
0 15.00000 5.35757 12.93431 -0.00000 0.44229 0.89687 0.0419 0.1010
0 16.10000 5.35757 12.93431 -0.00000 0.44229 0.89687 0.0419 0.1010
0 16.10000 7.00000 12.12436 -0.00000 0.44229 0.89687 0.0547 0.0947
transfer_grey
0 15.00000 5.35757 12.93431 -0.00000 0.44229 0.89687 0.0419 0.1010
0 16.10000 7.00000 12.12436 -0.00000 0.44229 0.89687 0.0547 0.0947
0 15.00000 7.00000 12.12436 -0.00000 0.44229 0.89687 0.0547 0.0947
transfer_grey
0 15.00000 3.62347 13.52296 -0.00000 0.32144 0.94693 0.0283 0.1056
0 16.10000 3.62347 13.52296 -0.00000 0.32144 0.94693 0.0283 0.1056
0 16.10000 5.35757 12.93431 -0.00000 0.32144 0.94693 0.0419 0.1010
transfer_grey
0 15.00000 3.62347 13.52296 -0.00000 0.32144 0.94693 0.0283 0.1056
0 16.10000 5.35757 12.93431 -0.00000 0.32144 0.94693 0.0419 0.1010
0 15.00000 5.35757 12.93431 -0.00000 0.32144 0.94693 0.0419 0.1010
transfer_grey
0 15.00000 1.82737 13.88023 -0.00000 0.19509 0.98079 0.0143 0.1084
0 16.10000 1.82737 13.88023 -0.00000 0.19509 0.98079 0.0143 0.1084
0 16.10000 3.62347 13.52296 -0.00000 0.19509 0.98079 0.0283 0.1056
transfer_grey
0 15.00000 1.82737 13.88023 -0.00000 0.19509 0.98079 0.0143 0.1084
0 16.10000 3.62347 13.52296 -0.00000 0.19509 0.98079 0.0283 0.1056
0 15.00000 3.62347 13.52296 -0.00000 0.19509 0.98079 0.0283 0.1056
transfer_grey
0 15.00000 0.00000 14.00000 -0.00000 0.06540 0.99786 0.0000 0.1094
0 16.10000 0.00000 14.00000 -0.00000 0.06540 0.99786 0.0000 0.1094
0 16.10000 1.82737 13.88023 -0.00000 0.06540 0.99786 0.0143 0.1084
transfer_grey
0 15.00000 0.00000 14.00000 -0.00000 0.06540 0.99786 0.0000 0.1094
0 16.10000 1.82737 13.88023 -0.00000 0.06540 0.99786 0.0143 0.1084
0 15.00000 1.82737 13.88023 -0.00000 0.06540 0.99786 0.0143 0.1084
transfer_grey
0 15.00000 -1.82737 13.88023 0.00000 -0.06540 0.99786 0.9857 0.1084
0 16.10000 -1.82737 13.88023 0.00000 -0.06540 0.99786 0.9857 0.1084
0 16.10000 0.00000 14.00000 0.00000 -0.06540 0.99786 0.0000 0.1094
transfer_grey
0 15.00000 -1.82737 13.88023 0.00000 -0.06540 0.99786 0.9857 0.1084
0 16.10000 0.00000 14.00000 0.00000 -0.06540 0.99786 0.0000 0.1094
0 15.00000 0.00000 14.00000 0.00000 -0.06540 0.99786 0.0000 0.1094
transfer_grey
0 15.00000 -3.62347 13.52296 0.00000 -0.19509 0.98079 0.9717 0.1056
0 16.10000 -3.62347 13.52296 0.00000 -0.19509 0.98079 0.9717 0.1056
0 16.10000 -1.82737 13.88023 0.00000 -0.19509 0.98079 0.9857 0.1084
transfer_grey
0 15.00000 -3.62347 13.52296 0.00000 -0.19509 0.98079 0.9717 0.1056
0 16.10000 -1.82737 13.88023 0.00000 -0.19509 0.98079 0.9857 0.1084
0 15.00000 -1.82737 13.88023 0.00000 -0.19509 0.98079 0.9857 0.1084
transfer_grey
0 15.00000 -5.35757 12.93431 0.00000 -0.32144 0.94693 0.9581 0.1010
0 16.10000 -5.35757 12.93431 0.00000 -0.32144 0.94693 0.9581 0.1010
0 16.10000 -3.62347 13.52296 0.00000 -0.32144 0.94693 0.9717 0.1056
transfer_grey
0 15.00000 -5.35757 12.93431 0.00000 -0.32144 0.94693 0.9581 0.1010
0 16.10000 -3.62347 13.52296 0.00000 -0.32144 0.94693 0.9717 0.1056
0 15.00000 -3.62347 13.52296 0.00000 -0.32144 0.94693 0.9717 0.1056
transfer_grey
0 15.00000 -7.00000 12.12436 0.00000 -0.44229 0.89687 0.9453 0.0947
0 16.10000 -7.00000 12.12436 0.00000 -0.44229 0.89687 0.9453 0.0947
0 16.10000 -5.35757 12.93431 0.00000 -0.44229 0.89687 0.9581 0.1010
transfer_grey
0 15.00000 -7.00000 12.12436 0.00000 -0.44229 0.89687 0.9453 0.0947
0 16.10000 -5.35757 12.93431 0.00000 -0.44229 0.89687 0.9581 0.1010
0 15.00000 -5.35757 12.93431 0.00000 -0.44229 0.89687 0.9581 0.1010
transfer_grey
0 15.00000 -8.52266 11.10695 0.00000 -0.55557 0.83147 0.9334 0.0868
0 16.10000 -8.52266 11.10695 0.00000 -0.55557 0.83147 0.9334 0.0868
0 16.10000 -7.00000 12.12436 0.00000 -0.55557 0.83147 0.9453 0.0947
transfer_grey
0 15.00000 -8.52266 11.10695 0.00000 -0.55557 0.83147 0.9334 0.0868
0 16.10000 -7.00000 12.12436 0.00000 -0.55557 0.83147 0.9453 0.0947
0 15.00000 -7.00000 12.12436 0.00000 -0.55557 0.83147 0.9453 0.0947
transfer_grey
0 15.00000 -9.89949 9.89949 0.00000 -0.65935 0.75184 0.9227 0.0773
0 16.10000 -9.89949 9.89949 0.00000 -0.65935 0.75184 0.9227 0.0773
0 16.10000 -8.52266 11.10695 0.00000 -0.65935 0.75184 0.9334 0.0868
transfer_grey
0 15.00000 -9.89949 9.89949 0.00000 -0.65935 0.75184 0.9227 0.0773
0 16.10000 -8.52266 11.10695 0.00000 -0.65935 0.75184 0.9334 0.0868
0 15.00000 -8.52266 11.10695 0.00000 -0.65935 0.75184 0.9334 0.0868
transfer_grey
0 15.00000 -11.10695 8.52266 0.00000 -0.75184 0.65935 0.9132 0.0666
0 16.10000 -11.10695 8.52266 0.00000 -0.75184 0.65935 0.9132 0.0666
0 16.10000 -9.89949 9.89949 0.00000 -0.75184 0.65935 0.9227 0.0773
transfer_grey
0 15.00000 -11.10695 8.52266 0.00000 -0.75184 0.65935 0.9132 0.0666
0 16.10000 -9.89949 9.89949 0.00000 -0.75184 0.65935 0.9227 0.0773
0 15.00000 -9.89949 9.89949 0.00000 -0.75184 0.65935 0.9227 0.0773
transfer_grey
0 15.00000 -12.12436 7.00000 0.00000 -0.83147 0.55557 0.9053 0.0547
0 16.10000 -12.12436 7.00000 0.00000 -0.83147 0.55557 0.9053 0.0547
0 16.10000 -11.10695 8.52266 0.00000 -0.83147 0.55557 0.9132 0.0666
transfer_grey
0 15.00000 -12.12436 7.00000 0.00000 -0.83147 0.55557 0.9053 0.0547
0 16.10000 -11.10695 8.52266 0.00000 -0.83147 0.55557 0.9132 0.0666
0 15.00000 -11.10695 8.52266 0.00000 -0.83147 0.55557 0.9132 0.0666
transfer_grey
0 15.00000 -12.93431 5.35757 0.00000 -0.89687 0.44229 0.8990 0.0419
0 16.10000 -12.93431 5.35757 0.00000 -0.89687 0.44229 0.8990 0.0419
0 16.10000 -12.12436 7.00000 0.00000 -0.89687 0.44229 0.9053 0.0547
transfer_grey
0 15.00000 -12.93431 5.35757 0.00000 -0.89687 0.44229 0.8990 0.0419
0 16.10000 -12.12436 7.00000 0.00000 -0.89687 0.44229 0.9053 0.0547
0 15.00000 -12.12436 7.00000 0.00000 -0.89687 0.44229 0.9053 0.0547
transfer_grey
0 15.00000 -13.52296 3.62347 0.00000 -0.94693 0.32144 0.8944 0.0283
0 16.10000 -13.52296 3.62347 0.00000 -0.94693 0.32144 0.8944 0.0283
0 16.10000 -12.93431 5.35757 0.00000 -0.94693 0.32144 0.8990 0.0419
transfer_grey
0 15.00000 -13.52296 3.62347 0.00000 -0.94693 0.32144 0.8944 0.0283
0 16.10000 -12.93431 5.35757 0.00000 -0.94693 0.32144 0.8990 0.0419
0 15.00000 -12.93431 5.35757 0.00000 -0.94693 0.32144 0.8990 0.0419
transfer_grey
0 15.00000 -13.88023 1.82737 0.00000 -0.98079 0.19509 0.8916 0.0143
0 16.10000 -13.88023 1.82737 0.00000 -0.98079 0.19509 0.8916 0.0143
0 16.10000 -13.52296 3.62347 0.00000 -0.98079 0.19509 0.8944 0.0283
transfer_grey
0 15.00000 -13.88023 1.82737 0.00000 -0.98079 0.19509 0.8916 0.0143
0 16.10000 -13.52296 3.62347 0.00000 -0.98079 0.19509 0.8944 0.0283
0 15.00000 -13.52296 3.62347 0.00000 -0.98079 0.19509 0.8944 0.0283
transfer_grey
0 15.00000 -14.00000 0.00000 0.00000 -0.99786 0.06540 0.8906 0.0000
0 16.10000 -14.00000 0.00000 0.00000 -0.99786 0.06540 0.8906 0.0000
0 16.10000 -13.88023 1.82737 0.00000 -0.99786 0.06540 0.8916 0.0143
transfer_grey
0 15.00000 -14.00000 0.00000 0.00000 -0.99786 0.06540 0.8906 0.0000
0 16.10000 -13.88023 1.82737 0.00000 -0.99786 0.06540 0.8916 0.0143
0 15.00000 -13.88023 1.82737 0.00000 -0.99786 0.06540 0.8916 0.0143
transfer_grey
0 15.00000 -13.88023 -1.82737 0.00000 -0.99786 -0.06540 0.8916 0.9857
0 16.10000 -13.88023 -1.82737 0.00000 -0.99786 -0.06540 0.8916 0.9857
0 16.10000 -14.00000 0.00000 0.00000 -0.99786 -0.06540 0.8906 0.0000
transfer_grey
0 15.00000 -13.88023 -1.82737 0.00000 -0.99786 -0.06540 0.8916 0.9857
0 16.10000 -14.00000 0.00000 0.00000 -0.99786 -0.06540 0.8906 0.0000
0 15.00000 -14.00000 0.00000 0.00000 -0.99786 -0.06540 0.8906 0.0000
transfer_grey
0 15.00000 -13.52296 -3.62347 0.00000 -0.98079 -0.19509 0.8944 0.9717
0 16.10000 -13.52296 -3.62347 0.00000 -0.98079 -0.19509 0.8944 0.9717
0 16.10000 -13.88023 -1.82737 0.00000 -0.98079 -0.19509 0.8916 0.9857
transfer_grey
0 15.00000 -13.52296 -3.62347 0.00000 -0.98079 -0.19509 0.8944 0.9717
0 16.10000 -13.88023 -1.82737 0.00000 -0.98079 -0.19509 0.8916 0.9857
0 15.00000 -13.88023 -1.82737 0.00000 -0.98079 -0.19509 0.8916 0.9857
transfer_grey
0 15.00000 -12.93431 -5.35757 0.00000 -0.94693 -0.32144 0.8990 0.9581
0 16.10000 -12.93431 -5.35757 0.00000 -0.94693 -0.32144 0.8990 0.9581
0 16.10000 -13.52296 -3.62347 0.00000 -0.94693 -0.32144 0.8944 0.9717
transfer_grey
0 15.00000 -12.93431 -5.35757 0.00000 -0.94693 -0.32144 0.8990 0.9581
0 16.10000 -13.52296 -3.62347 0.00000 -0.94693 -0.32144 0.8944 0.9717
0 15.00000 -13.52296 -3.62347 0.00000 -0.94693 -0.32144 0.8944 0.9717
transfer_grey
0 15.00000 -12.12436 -7.00000 0.00000 -0.89687 -0.44229 0.9053 0.9453
0 16.10000 -12.12436 -7.00000 0.00000 -0.89687 -0.44229 0.9053 0.9453
0 16.10000 -12.93431 -5.35757 0.00000 -0.89687 -0.44229 0.8990 0.9581
transfer_grey
0 15.00000 -12.12436 -7.00000 0.00000 -0.89687 -0.44229 0.9053 0.9453
0 16.10000 -12.93431 -5.35757 0.00000 -0.89687 -0.44229 0.8990 0.9581
0 15.00000 -12.93431 -5.35757 0.00000 -0.89687 -0.44229 0.8990 0.9581
transfer_grey
0 15.00000 -11.10695 -8.52266 0.00000 -0.83147 -0.55557 0.9132 0.9334
0 16.10000 -11.10695 -8.52266 0.00000 -0.83147 -0.55557 0.9132 0.9334
0 16.10000 -12.12436 -7.00000 0.00000 -0.83147 -0.55557 0.9053 0.9453
transfer_grey
0 15.00000 -11.10695 -8.52266 0.00000 -0.83147 -0.55557 0.9132 0.9334
0 16.10000 -12.12436 -7.00000 0.00000 -0.83147 -0.55557 0.9053 0.9453
0 15.00000 -12.12436 -7.00000 0.00000 -0.83147 -0.55557 0.9053 0.9453
transfer_grey
0 15.00000 -9.89949 -9.89949 0.00000 -0.75184 -0.65935 0.9227 0.9227
0 16.10000 -9.89949 -9.89949 0.00000 -0.75184 -0.65935 0.9227 0.9227
0 16.10000 -11.10695 -8.52266 0.00000 -0.75184 -0.65935 0.9132 0.9334
transfer_grey
0 15.00000 -9.89949 -9.89949 0.00000 -0.75184 -0.65935 0.9227 0.9227
0 16.10000 -11.10695 -8.52266 0.00000 -0.75184 -0.65935 0.9132 0.9334
0 15.00000 -11.10695 -8.52266 0.00000 -0.75184 -0.65935 0.9132 0.9334
transfer_grey
0 15.00000 -8.52266 -11.10695 0.00000 -0.65935 -0.75184 0.9334 0.9132
0 16.10000 -8.52266 -11.10695 0.00000 -0.65935 -0.75184 0.9334 0.9132
0 16.10000 -9.89949 -9.89949 0.00000 -0.65935 -0.75184 0.9227 0.9227
transfer_grey
0 15.00000 -8.52266 -11.10695 0.00000 -0.65935 -0.75184 0.9334 0.9132
0 16.10000 -9.89949 -9.89949 0.00000 -0.65935 -0.75184 0.9227 0.9227
0 15.00000 -9.89949 -9.89949 0.00000 -0.65935 -0.75184 0.9227 0.9227
transfer_grey
0 15.00000 -7.00000 -12.12436 0.00000 -0.55557 -0.83147 0.9453 0.9053
0 16.10000 -7.00000 -12.12436 0.00000 -0.55557 -0.83147 0.9453 0.9053
0 16.10000 -8.52266 -11.10695 0.00000 -0.55557 -0.83147 0.9334 0.9132
transfer_grey
0 15.00000 -7.00000 -12.12436 0.00000 -0.55557 -0.83147 0.9453 0.9053
0 16.10000 -8.52266 -11.10695 0.00000 -0.55557 -0.83147 0.9334 0.9132
0 15.00000 -8.52266 -11.10695 0.00000 -0.55557 -0.83147 0.9334 0.9132
transfer_grey
0 15.00000 -5.35757 -12.93431 0.00000 -0.44229 -0.89687 0.9581 0.8990
0 16.10000 -5.35757 -12.93431 0.00000 -0.44229 -0.89687 0.9581 0.8990
0 16.10000 -7.00000 -12.12436 0.00000 -0.44229 -0.89687 0.9453 0.9053
transfer_grey
0 15.00000 -5.35757 -12.93431 0.00000 -0.44229 -0.89687 0.9581 0.8990
0 16.10000 -7.00000 -12.12436 0.00000 -0.44229 -0.89687 0.9453 0.9053
0 15.00000 -7.00000 -12.12436 0.00000 -0.44229 -0.89687 0.9453 0.9053
transfer_grey
0 15.00000 -3.62347 -13.52296 0.00000 -0.32144 -0.94693 0.9717 0.8944
0 16.10000 -3.62347 -13.52296 0.00000 -0.32144 -0.94693 0.9717 0.8944
0 16.10000 -5.35757 -12.93431 0.00000 -0.32144 -0.94693 0.9581 0.8990
transfer_grey
0 15.00000 -3.62347 -13.52296 0.00000 -0.32144 -0.94693 0.9717 0.8944
0 16.10000 -5.35757 -12.93431 0.00000 -0.32144 -0.94693 0.9581 0.8990
0 15.00000 -5.35757 -12.93431 0.00000 -0.32144 -0.94693 0.9581 0.8990
transfer_grey
0 15.00000 -1.82737 -13.88023 0.00000 -0.19509 -0.98079 0.9857 0.8916
0 16.10000 -1.82737 -13.88023 0.00000 -0.19509 -0.98079 0.9857 0.8916
0 16.10000 -3.62347 -13.52296 0.00000 -0.19509 -0.98079 0.9717 0.8944
transfer_grey
0 15.00000 -1.82737 -13.88023 0.00000 -0.19509 -0.98079 0.9857 0.8916
0 16.10000 -3.62347 -13.52296 0.00000 -0.19509 -0.98079 0.9717 0.8944
0 15.00000 -3.62347 -13.52296 0.00000 -0.19509 -0.98079 0.9717 0.8944
transfer_grey
0 15.00000 -0.00000 -14.00000 0.00000 -0.06540 -0.99786 1.0000 0.8906
0 16.10000 -0.00000 -14.00000 0.00000 -0.06540 -0.99786 1.0000 0.8906
0 16.10000 -1.82737 -13.88023 0.00000 -0.06540 -0.99786 0.9857 0.8916
transfer_grey
0 15.00000 -0.00000 -14.00000 0.00000 -0.06540 -0.99786 1.0000 0.8906
0 16.10000 -1.82737 -13.88023 0.00000 -0.06540 -0.99786 0.9857 0.8916
0 15.00000 -1.82737 -13.88023 0.00000 -0.06540 -0.99786 0.9857 0.8916
transfer_grey
0 15.00000 1.82737 -13.88023 0.00000 0.06540 -0.99786 0.0143 0.8916
0 16.10000 1.82737 -13.88023 0.00000 0.06540 -0.99786 0.0143 0.8916
0 16.10000 -0.00000 -14.00000 0.00000 0.06540 -0.99786 1.0000 0.8906
transfer_grey
0 15.00000 1.82737 -13.88023 0.00000 0.06540 -0.99786 0.0143 0.8916
0 16.10000 -0.00000 -14.00000 0.00000 0.06540 -0.99786 1.0000 0.8906
0 15.00000 -0.00000 -14.00000 0.00000 0.06540 -0.99786 1.0000 0.8906
transfer_grey
0 15.00000 3.62347 -13.52296 0.00000 0.19509 -0.98079 0.0283 0.8944
0 16.10000 3.62347 -13.52296 0.00000 0.19509 -0.98079 0.0283 0.8944
0 16.10000 1.82737 -13.88023 0.00000 0.19509 -0.98079 0.0143 0.8916
transfer_grey
0 15.00000 3.62347 -13.52296 0.00000 0.19509 -0.98079 0.0283 0.8944
0 16.10000 1.82737 -13.88023 0.00000 0.19509 -0.98079 0.0143 0.8916
0 15.00000 1.82737 -13.88023 0.00000 0.19509 -0.98079 0.0143 0.8916
transfer_grey
0 15.00000 5.35757 -12.93431 0.00000 0.32144 -0.94693 0.0419 0.8990
0 16.10000 5.35757 -12.93431 0.00000 0.32144 -0.94693 0.0419 0.8990
0 16.10000 3.62347 -13.52296 0.00000 0.32144 -0.94693 0.0283 0.8944
transfer_grey
0 15.00000 5.35757 -12.93431 0.00000 0.32144 -0.94693 0.0419 0.8990
0 16.10000 3.62347 -13.52296 0.00000 0.32144 -0.94693 0.0283 0.8944
0 15.00000 3.62347 -13.52296 0.00000 0.32144 -0.94693 0.0283 0.8944
transfer_grey
0 15.00000 7.00000 -12.12436 0.00000 0.44229 -0.89687 0.0547 0.9053
0 16.10000 7.00000 -12.12436 0.00000 0.44229 -0.89687 0.0547 0.9053
0 16.10000 5.35757 -12.93431 0.00000 0.44229 -0.89687 0.0419 0.8990
transfer_grey
0 15.00000 7.00000 -12.12436 0.00000 0.44229 -0.89687 0.0547 0.9053
0 16.10000 5.35757 -12.93431 0.00000 0.44229 -0.89687 0.0419 0.8990
0 15.00000 5.35757 -12.93431 0.00000 0.44229 -0.89687 0.0419 0.8990
transfer_grey
0 15.00000 8.52266 -11.10695 0.00000 0.55557 -0.83147 0.0666 0.9132
0 16.10000 8.52266 -11.10695 0.00000 0.55557 -0.83147 0.0666 0.9132
0 16.10000 7.00000 -12.12436 0.00000 0.55557 -0.83147 0.0547 0.9053
transfer_grey
0 15.00000 8.52266 -11.10695 0.00000 0.55557 -0.83147 0.0666 0.9132
0 16.10000 7.00000 -12.12436 0.00000 0.55557 -0.83147 0.0547 0.9053
0 15.00000 7.00000 -12.12436 0.00000 0.55557 -0.83147 0.0547 0.9053
transfer_grey
0 15.00000 9.89949 -9.89949 0.00000 0.65935 -0.75184 0.0773 0.9227
0 16.10000 9.89949 -9.89949 0.00000 0.65935 -0.75184 0.0773 0.9227
0 16.10000 8.52266 -11.10695 0.00000 0.65935 -0.75184 0.0666 0.9132
transfer_grey
0 15.00000 9.89949 -9.89949 0.00000 0.65935 -0.75184 0.0773 0.9227
0 16.10000 8.52266 -11.10695 0.00000 0.65935 -0.75184 0.0666 0.9132
0 15.00000 8.52266 -11.10695 0.00000 0.65935 -0.75184 0.0666 0.9132
transfer_grey
0 15.00000 11.10695 -8.52266 0.00000 0.75184 -0.65935 0.0868 0.9334
0 16.10000 11.10695 -8.52266 0.00000 0.75184 -0.65935 0.0868 0.9334
0 16.10000 9.89949 -9.89949 0.00000 0.75184 -0.65935 0.0773 0.9227
transfer_grey
0 15.00000 11.10695 -8.52266 0.00000 0.75184 -0.65935 0.0868 0.9334
0 16.10000 9.89949 -9.89949 0.00000 0.75184 -0.65935 0.0773 0.9227
0 15.00000 9.89949 -9.89949 0.00000 0.75184 -0.65935 0.0773 0.9227
transfer_grey
0 15.00000 12.12436 -7.00000 0.00000 0.83147 -0.55557 0.0947 0.9453
0 16.10000 12.12436 -7.00000 0.00000 0.83147 -0.55557 0.0947 0.9453
0 16.10000 11.10695 -8.52266 0.00000 0.83147 -0.55557 0.0868 0.9334
transfer_grey
0 15.00000 12.12436 -7.00000 0.00000 0.83147 -0.55557 0.0947 0.9453
0 16.10000 11.10695 -8.52266 0.00000 0.83147 -0.55557 0.0868 0.9334
0 15.00000 11.10695 -8.52266 0.00000 0.83147 -0.55557 0.0868 0.9334
transfer_grey
0 15.00000 12.93431 -5.35757 0.00000 0.89687 -0.44229 0.1010 0.9581
0 16.10000 12.93431 -5.35757 0.00000 0.89687 -0.44229 0.1010 0.9581
0 16.10000 12.12436 -7.00000 0.00000 0.89687 -0.44229 0.0947 0.9453
transfer_grey
0 15.00000 12.93431 -5.35757 0.00000 0.89687 -0.44229 0.1010 0.9581
0 16.10000 12.12436 -7.00000 0.00000 0.89687 -0.44229 0.0947 0.9453
0 15.00000 12.12436 -7.00000 0.00000 0.89687 -0.44229 0.0947 0.9453
transfer_grey
0 15.00000 13.52296 -3.62347 0.00000 0.94693 -0.32144 0.1056 0.9717
0 16.10000 13.52296 -3.62347 0.00000 0.94693 -0.32144 0.1056 0.9717
0 16.10000 12.93431 -5.35757 0.00000 0.94693 -0.32144 0.1010 0.9581
transfer_grey
0 15.00000 13.52296 -3.62347 0.00000 0.94693 -0.32144 0.1056 0.9717
0 16.10000 12.93431 -5.35757 0.00000 0.94693 -0.32144 0.1010 0.9581
0 15.00000 12.93431 -5.35757 0.00000 0.94693 -0.32144 0.1010 0.9581
transfer_grey
0 15.00000 13.88023 -1.82737 0.00000 0.98079 -0.19509 0.1084 0.9857
0 16.10000 13.88023 -1.82737 0.00000 0.98079 -0.19509 0.1084 0.9857
0 16.10000 13.52296 -3.62347 0.00000 0.98079 -0.19509 0.1056 0.9717
transfer_grey
0 15.00000 13.88023 -1.82737 0.00000 0.98079 -0.19509 0.1084 0.9857
0 16.10000 13.52296 -3.62347 0.00000 0.98079 -0.19509 0.1056 0.9717
0 15.00000 13.52296 -3.62347 0.00000 0.98079 -0.19509 0.1056 0.9717
transfer_grey
0 15.00000 14.00000 -0.00000 0.00000 0.99786 -0.06540 0.1094 1.0000
0 16.10000 14.00000 -0.00000 0.00000 0.99786 -0.06540 0.1094 1.0000
0 16.10000 13.88023 -1.82737 0.00000 0.99786 -0.06540 0.1084 0.9857
transfer_grey
0 15.00000 14.00000 -0.00000 0.00000 0.99786 -0.06540 0.1094 1.0000
0 16.10000 13.88023 -1.82737 0.00000 0.99786 -0.06540 0.1084 0.9857
0 15.00000 13.88023 -1.82737 0.00000 0.99786 -0.06540 0.1084 0.9857
transfer_grey
0 16.10000 13.88023 1.82737 1.00000 0.00000 0.00000 0.1084 0.0143
0 16.10000 13.28536 1.74905 1.00000 0.00000 0.00000 0.1038 0.0137
0 16.10000 13.40000 0.00000 1.00000 0.00000 0.00000 0.1047 0.0000
transfer_grey
0 16.10000 13.88023 1.82737 1.00000 0.00000 0.00000 0.1084 0.0143
0 16.10000 13.40000 0.00000 1.00000 0.00000 0.00000 0.1047 0.0000
0 16.10000 14.00000 0.00000 1.00000 0.00000 0.00000 0.1094 0.0000
transfer_grey
0 16.10000 13.52296 3.62347 1.00000 0.00000 0.00000 0.1056 0.0283
0 16.10000 12.94341 3.46818 1.00000 0.00000 0.00000 0.1011 0.0271
0 16.10000 13.28536 1.74905 1.00000 0.00000 0.00000 0.1038 0.0137
transfer_grey
0 16.10000 13.52296 3.62347 1.00000 0.00000 0.00000 0.1056 0.0283
0 16.10000 13.28536 1.74905 1.00000 0.00000 0.00000 0.1038 0.0137
0 16.10000 13.88023 1.82737 1.00000 0.00000 0.00000 0.1084 0.0143
transfer_grey
0 16.10000 12.93431 5.35757 1.00000 0.00000 0.00000 0.1010 0.0419
0 16.10000 12.37999 5.12796 1.00000 0.00000 0.00000 0.0967 0.0401
0 16.10000 12.94341 3.46818 1.00000 0.00000 0.00000 0.1011 0.0271
transfer_grey
0 16.10000 12.93431 5.35757 1.00000 0.00000 0.00000 0.1010 0.0419
0 16.10000 12.94341 3.46818 1.00000 0.00000 0.00000 0.1011 0.0271
0 16.10000 13.52296 3.62347 1.00000 0.00000 0.00000 0.1056 0.0283
transfer_grey
0 16.10000 12.12436 7.00000 1.00000 0.00000 0.00000 0.0947 0.0547
0 16.10000 11.60474 6.70000 1.00000 0.00000 0.00000 0.0907 0.0523
0 16.10000 12.37999 5.12796 1.00000 0.00000 0.00000 0.0967 0.0401
transfer_grey
0 16.10000 12.12436 7.00000 1.00000 0.00000 0.00000 0.0947 0.0547
0 16.10000 12.37999 5.12796 1.00000 0.00000 0.00000 0.0967 0.0401
0 16.10000 12.93431 5.35757 1.00000 0.00000 0.00000 0.1010 0.0419
transfer_grey
0 16.10000 11.10695 8.52266 1.00000 0.00000 0.00000 0.0868 0.0666
0 16.10000 10.63093 8.15740 1.00000 0.00000 0.00000 0.0831 0.0637
0 16.10000 11.60474 6.70000 1.00000 0.00000 0.00000 0.0907 0.0523
transfer_grey
0 16.10000 11.10695 8.52266 1.00000 0.00000 0.00000 0.0868 0.0666
0 16.10000 11.60474 6.70000 1.00000 0.00000 0.00000 0.0907 0.0523
0 16.10000 12.12436 7.00000 1.00000 0.00000 0.00000 0.0947 0.0547
transfer_grey
0 16.10000 9.89949 9.89949 1.00000 0.00000 0.00000 0.0773 0.0773
0 16.10000 9.47523 9.47523 1.00000 0.00000 0.00000 0.0740 0.0740
0 16.10000 10.63093 8.15740 1.00000 0.00000 0.00000 0.0831 0.0637
transfer_grey
0 16.10000 9.89949 9.89949 1.00000 0.00000 0.00000 0.0773 0.0773
0 16.10000 10.63093 8.15740 1.00000 0.00000 0.00000 0.0831 0.0637
0 16.10000 11.10695 8.52266 1.00000 0.00000 0.00000 0.0868 0.0666
transfer_grey
0 16.10000 8.52266 11.10695 1.00000 0.00000 0.00000 0.0666 0.0868
0 16.10000 8.15740 10.63093 1.00000 0.00000 0.00000 0.0637 0.0831
0 16.10000 9.47523 9.47523 1.00000 0.00000 0.00000 0.0740 0.0740
transfer_grey
0 16.10000 8.52266 11.10695 1.00000 0.00000 0.00000 0.0666 0.0868
0 16.10000 9.47523 9.47523 1.00000 0.00000 0.00000 0.0740 0.0740
0 16.10000 9.89949 9.89949 1.00000 0.00000 0.00000 0.0773 0.0773
transfer_grey
0 16.10000 7.00000 12.12436 1.00000 0.00000 0.00000 0.0547 0.0947
0 16.10000 6.70000 11.60474 1.00000 0.00000 0.00000 0.0523 0.0907
0 16.10000 8.15740 10.63093 1.00000 0.00000 0.00000 0.0637 0.0831
transfer_grey
0 16.10000 7.00000 12.12436 1.00000 0.00000 0.00000 0.0547 0.0947
0 16.10000 8.15740 10.63093 1.00000 0.00000 0.00000 0.0637 0.0831
0 16.10000 8.52266 11.10695 1.00000 0.00000 0.00000 0.0666 0.0868
transfer_grey
0 16.10000 5.35757 12.93431 1.00000 0.00000 0.00000 0.0419 0.1010
0 16.10000 5.12796 12.37999 1.00000 0.00000 0.00000 0.0401 0.0967
0 16.10000 6.70000 11.60474 1.00000 0.00000 0.00000 0.0523 0.0907
transfer_grey
0 16.10000 5.35757 12.93431 1.00000 0.00000 0.00000 0.0419 0.1010
0 16.10000 6.70000 11.60474 1.00000 0.00000 0.00000 0.0523 0.0907
0 16.10000 7.00000 12.12436 1.00000 0.00000 0.00000 0.0547 0.0947
transfer_grey
0 16.10000 3.62347 13.52296 1.00000 0.00000 0.00000 0.0283 0.1056
0 16.10000 3.46818 12.94341 1.00000 0.00000 0.00000 0.0271 0.1011
0 16.10000 5.12796 12.37999 1.00000 0.00000 0.00000 0.0401 0.0967
transfer_grey
0 16.10000 3.62347 13.52296 1.00000 0.00000 0.00000 0.0283 0.1056
0 16.10000 5.12796 12.37999 1.00000 0.00000 0.00000 0.0401 0.0967
0 16.10000 5.35757 12.93431 1.00000 0.00000 0.00000 0.0419 0.1010
transfer_grey
0 16.10000 1.82737 13.88023 1.00000 0.00000 0.00000 0.0143 0.1084
0 16.10000 1.74905 13.28536 1.00000 0.00000 0.00000 0.0137 0.1038
0 16.10000 3.46818 12.94341 1.00000 0.00000 0.00000 0.0271 0.1011
transfer_grey
0 16.10000 1.82737 13.88023 1.00000 0.00000 0.00000 0.0143 0.1084
0 16.10000 3.46818 12.94341 1.00000 0.00000 0.00000 0.0271 0.1011
0 16.10000 3.62347 13.52296 1.00000 0.00000 0.00000 0.0283 0.1056
transfer_grey
0 16.10000 0.00000 14.00000 1.00000 0.00000 0.00000 0.0000 0.1094
0 16.10000 0.00000 13.40000 1.00000 0.00000 0.00000 0.0000 0.1047
0 16.10000 1.74905 13.28536 1.00000 0.00000 0.00000 0.0137 0.1038
transfer_grey
0 16.10000 0.00000 14.00000 1.00000 0.00000 0.00000 0.0000 0.1094
0 16.10000 1.74905 13.28536 1.00000 0.00000 0.00000 0.0137 0.1038
0 16.10000 1.82737 13.88023 1.00000 0.00000 0.00000 0.0143 0.1084
transfer_grey
0 16.10000 -1.82737 13.88023 1.00000 0.00000 0.00000 0.9857 0.1084
0 16.10000 -1.74905 13.28536 1.00000 0.00000 0.00000 0.9863 0.1038
0 16.10000 0.00000 13.40000 1.00000 0.00000 0.00000 0.0000 0.1047
transfer_grey
0 16.10000 -1.82737 13.88023 1.00000 0.00000 0.00000 0.9857 0.1084
0 16.10000 0.00000 13.40000 1.00000 0.00000 0.00000 0.0000 0.1047
0 16.10000 0.00000 14.00000 1.00000 0.00000 0.00000 0.0000 0.1094
transfer_grey
0 16.10000 -3.62347 13.52296 1.00000 0.00000 0.00000 0.9717 0.1056
0 16.10000 -3.46818 12.94341 1.00000 0.00000 0.00000 0.9729 0.1011
0 16.10000 -1.74905 13.28536 1.00000 0.00000 0.00000 0.9863 0.1038
transfer_grey
0 16.10000 -3.62347 13.52296 1.00000 0.00000 0.00000 0.9717 0.1056
0 16.10000 -1.74905 13.28536 1.00000 0.00000 0.00000 0.9863 0.1038
0 16.10000 -1.82737 13.88023 1.00000 0.00000 0.00000 0.9857 0.1084
transfer_grey
0 16.10000 -5.35757 12.93431 1.00000 -0.00000 0.00000 0.9581 0.1010
0 16.10000 -5.12796 12.37999 1.00000 -0.00000 0.00000 0.9599 0.0967
0 16.10000 -3.46818 12.94341 1.00000 -0.00000 0.00000 0.9729 0.1011
transfer_grey
0 16.10000 -5.35757 12.93431 1.00000 -0.00000 0.00000 0.9581 0.1010
0 16.10000 -3.46818 12.94341 1.00000 -0.00000 0.00000 0.9729 0.1011
0 16.10000 -3.62347 13.52296 1.00000 -0.00000 0.00000 0.9717 0.1056
transfer_grey
0 16.10000 -7.00000 12.12436 1.00000 -0.00000 0.00000 0.9453 0.0947
0 16.10000 -6.70000 11.60474 1.00000 -0.00000 0.00000 0.9477 0.0907
0 16.10000 -5.12796 12.37999 1.00000 -0.00000 0.00000 0.9599 0.0967
transfer_grey
0 16.10000 -7.00000 12.12436 1.00000 -0.00000 0.00000 0.9453 0.0947
0 16.10000 -5.12796 12.37999 1.00000 -0.00000 0.00000 0.9599 0.0967
0 16.10000 -5.35757 12.93431 1.00000 -0.00000 0.00000 0.9581 0.1010
transfer_grey
0 16.10000 -8.52266 11.10695 1.00000 -0.00000 0.00000 0.9334 0.0868
0 16.10000 -8.15740 10.63093 1.00000 -0.00000 0.00000 0.9363 0.0831
0 16.10000 -6.70000 11.60474 1.00000 -0.00000 0.00000 0.9477 0.0907
transfer_grey
0 16.10000 -8.52266 11.10695 1.00000 -0.00000 0.00000 0.9334 0.0868
0 16.10000 -6.70000 11.60474 1.00000 -0.00000 0.00000 0.9477 0.0907
0 16.10000 -7.00000 12.12436 1.00000 -0.00000 0.00000 0.9453 0.0947
transfer_grey
0 16.10000 -9.89949 9.89949 1.00000 -0.00000 0.00000 0.9227 0.0773
0 16.10000 -9.47523 9.47523 1.00000 -0.00000 0.00000 0.9260 0.0740
0 16.10000 -8.15740 10.63093 1.00000 -0.00000 0.00000 0.9363 0.0831
transfer_grey
0 16.10000 -9.89949 9.89949 1.00000 -0.00000 0.00000 0.9227 0.0773
0 16.10000 -8.15740 10.63093 1.00000 -0.00000 0.00000 0.9363 0.0831
0 16.10000 -8.52266 11.10695 1.00000 -0.00000 0.00000 0.9334 0.0868
transfer_grey
0 16.10000 -11.10695 8.52266 1.00000 -0.00000 0.00000 0.9132 0.0666
0 16.10000 -10.63093 8.15740 1.00000 -0.00000 0.00000 0.9169 0.0637
0 16.10000 -9.47523 9.47523 1.00000 -0.00000 0.00000 0.9260 0.0740
transfer_grey
0 16.10000 -11.10695 8.52266 1.00000 -0.00000 0.00000 0.9132 0.0666
0 16.10000 -9.47523 9.47523 1.00000 -0.00000 0.00000 0.9260 0.0740
0 16.10000 -9.89949 9.89949 1.00000 -0.00000 0.00000 0.9227 0.0773
transfer_grey
0 16.10000 -12.12436 7.00000 1.00000 -0.00000 0.00000 0.9053 0.0547
0 16.10000 -11.60474 6.70000 1.00000 -0.00000 0.00000 0.9093 0.0523
0 16.10000 -10.63093 8.15740 1.00000 -0.00000 0.00000 0.9169 0.0637
transfer_grey
0 16.10000 -12.12436 7.00000 1.00000 -0.00000 0.00000 0.9053 0.0547
0 16.10000 -10.63093 8.15740 1.00000 -0.00000 0.00000 0.9169 0.0637
0 16.10000 -11.10695 8.52266 1.00000 -0.00000 0.00000 0.9132 0.0666
transfer_grey
0 16.10000 -12.93431 5.35757 1.00000 -0.00000 0.00000 0.8990 0.0419
0 16.10000 -12.37999 5.12796 1.00000 -0.00000 0.00000 0.9033 0.0401
0 16.10000 -11.60474 6.70000 1.00000 -0.00000 0.00000 0.9093 0.0523
transfer_grey
0 16.10000 -12.93431 5.35757 1.00000 -0.00000 0.00000 0.8990 0.0419
0 16.10000 -11.60474 6.70000 1.00000 -0.00000 0.00000 0.9093 0.0523
0 16.10000 -12.12436 7.00000 1.00000 -0.00000 0.00000 0.9053 0.0547
transfer_grey
0 16.10000 -13.52296 3.62347 1.00000 -0.00000 0.00000 0.8944 0.0283
0 16.10000 -12.94341 3.46818 1.00000 -0.00000 0.00000 0.8989 0.0271
0 16.10000 -12.37999 5.12796 1.00000 -0.00000 0.00000 0.9033 0.0401
transfer_grey
0 16.10000 -13.52296 3.62347 1.00000 -0.00000 0.00000 0.8944 0.0283
0 16.10000 -12.37999 5.12796 1.00000 -0.00000 0.00000 0.9033 0.0401
0 16.10000 -12.93431 5.35757 1.00000 -0.00000 0.00000 0.8990 0.0419
transfer_grey
0 16.10000 -13.88023 1.82737 1.00000 -0.00000 0.00000 0.8916 0.0143
0 16.10000 -13.28536 1.74905 1.00000 -0.00000 0.00000 0.8962 0.0137
0 16.10000 -12.94341 3.46818 1.00000 -0.00000 0.00000 0.8989 0.0271
transfer_grey
0 16.10000 -13.88023 1.82737 1.00000 -0.00000 0.00000 0.8916 0.0143
0 16.10000 -12.94341 3.46818 1.00000 -0.00000 0.00000 0.8989 0.0271
0 16.10000 -13.52296 3.62347 1.00000 -0.00000 0.00000 0.8944 0.0283
transfer_grey
0 16.10000 -14.00000 0.00000 1.00000 -0.00000 0.00000 0.8906 0.0000
0 16.10000 -13.40000 0.00000 1.00000 -0.00000 0.00000 0.8953 0.0000
0 16.10000 -13.28536 1.74905 1.00000 -0.00000 0.00000 0.8962 0.0137
transfer_grey
0 16.10000 -14.00000 0.00000 1.00000 -0.00000 0.00000 0.8906 0.0000
0 16.10000 -13.28536 1.74905 1.00000 -0.00000 0.00000 0.8962 0.0137
0 16.10000 -13.88023 1.82737 1.00000 -0.00000 0.00000 0.8916 0.0143
transfer_grey
0 16.10000 -13.88023 -1.82737 1.00000 0.00000 0.00000 0.8916 0.9857
0 16.10000 -13.28536 -1.74905 1.00000 0.00000 0.00000 0.8962 0.9863
0 16.10000 -13.40000 0.00000 1.00000 0.00000 0.00000 0.8953 0.0000
transfer_grey
0 16.10000 -13.88023 -1.82737 1.00000 0.00000 0.00000 0.8916 0.9857
0 16.10000 -13.40000 0.00000 1.00000 0.00000 0.00000 0.8953 0.0000
0 16.10000 -14.00000 0.00000 1.00000 0.00000 0.00000 0.8906 0.0000
transfer_grey
0 16.10000 -13.52296 -3.62347 1.00000 0.00000 0.00000 0.8944 0.9717
0 16.10000 -12.94341 -3.46818 1.00000 0.00000 0.00000 0.8989 0.9729
0 16.10000 -13.28536 -1.74905 1.00000 0.00000 0.00000 0.8962 0.9863
transfer_grey
0 16.10000 -13.52296 -3.62347 1.00000 0.00000 0.00000 0.8944 0.9717
0 16.10000 -13.28536 -1.74905 1.00000 0.00000 0.00000 0.8962 0.9863
0 16.10000 -13.88023 -1.82737 1.00000 0.00000 0.00000 0.8916 0.9857
transfer_grey
0 16.10000 -12.93431 -5.35757 1.00000 0.00000 -0.00000 0.8990 0.9581
0 16.10000 -12.37999 -5.12796 1.00000 0.00000 -0.00000 0.9033 0.9599
0 16.10000 -12.94341 -3.46818 1.00000 0.00000 -0.00000 0.8989 0.9729
transfer_grey
0 16.10000 -12.93431 -5.35757 1.00000 0.00000 -0.00000 0.8990 0.9581
0 16.10000 -12.94341 -3.46818 1.00000 0.00000 -0.00000 0.8989 0.9729
0 16.10000 -13.52296 -3.62347 1.00000 0.00000 -0.00000 0.8944 0.9717
transfer_grey
0 16.10000 -12.12436 -7.00000 1.00000 0.00000 -0.00000 0.9053 0.9453
0 16.10000 -11.60474 -6.70000 1.00000 0.00000 -0.00000 0.9093 0.9477
0 16.10000 -12.37999 -5.12796 1.00000 0.00000 -0.00000 0.9033 0.9599
transfer_grey
0 16.10000 -12.12436 -7.00000 1.00000 0.00000 -0.00000 0.9053 0.9453
0 16.10000 -12.37999 -5.12796 1.00000 0.00000 -0.00000 0.9033 0.9599
0 16.10000 -12.93431 -5.35757 1.00000 0.00000 -0.00000 0.8990 0.9581
transfer_grey
0 16.10000 -11.10695 -8.52266 1.00000 0.00000 -0.00000 0.9132 0.9334
0 16.10000 -10.63093 -8.15740 1.00000 0.00000 -0.00000 0.9169 0.9363
0 16.10000 -11.60474 -6.70000 1.00000 0.00000 -0.00000 0.9093 0.9477
transfer_grey
0 16.10000 -11.10695 -8.52266 1.00000 0.00000 -0.00000 0.9132 0.9334
0 16.10000 -11.60474 -6.70000 1.00000 0.00000 -0.00000 0.9093 0.9477
0 16.10000 -12.12436 -7.00000 1.00000 0.00000 -0.00000 0.9053 0.9453
transfer_grey
0 16.10000 -9.89949 -9.89949 1.00000 0.00000 -0.00000 0.9227 0.9227
0 16.10000 -9.47523 -9.47523 1.00000 0.00000 -0.00000 0.9260 0.9260
0 16.10000 -10.63093 -8.15740 1.00000 0.00000 -0.00000 0.9169 0.9363
transfer_grey
0 16.10000 -9.89949 -9.89949 1.00000 0.00000 -0.00000 0.9227 0.9227
0 16.10000 -10.63093 -8.15740 1.00000 0.00000 -0.00000 0.9169 0.9363
0 16.10000 -11.10695 -8.52266 1.00000 0.00000 -0.00000 0.9132 0.9334
transfer_grey
0 16.10000 -8.52266 -11.10695 1.00000 0.00000 -0.00000 0.9334 0.9132
0 16.10000 -8.15740 -10.63093 1.00000 0.00000 -0.00000 0.9363 0.9169
0 16.10000 -9.47523 -9.47523 1.00000 0.00000 -0.00000 0.9260 0.9260
transfer_grey
0 16.10000 -8.52266 -11.10695 1.00000 0.00000 -0.00000 0.9334 0.9132
0 16.10000 -9.47523 -9.47523 1.00000 0.00000 -0.00000 0.9260 0.9260
0 16.10000 -9.89949 -9.89949 1.00000 0.00000 -0.00000 0.9227 0.9227
transfer_grey
0 16.10000 -7.00000 -12.12436 1.00000 0.00000 -0.00000 0.9453 0.9053
0 16.10000 -6.70000 -11.60474 1.00000 0.00000 -0.00000 0.9477 0.9093
0 16.10000 -8.15740 -10.63093 1.00000 0.00000 -0.00000 0.9363 0.9169
transfer_grey
0 16.10000 -7.00000 -12.12436 1.00000 0.00000 -0.00000 0.9453 0.9053
0 16.10000 -8.15740 -10.63093 1.00000 0.00000 -0.00000 0.9363 0.9169
0 16.10000 -8.52266 -11.10695 1.00000 0.00000 -0.00000 0.9334 0.9132
transfer_grey
0 16.10000 -5.35757 -12.93431 1.00000 0.00000 -0.00000 0.9581 0.8990
0 16.10000 -5.12796 -12.37999 1.00000 0.00000 -0.00000 0.9599 0.9033
0 16.10000 -6.70000 -11.60474 1.00000 0.00000 -0.00000 0.9477 0.9093
transfer_grey
0 16.10000 -5.35757 -12.93431 1.00000 0.00000 -0.00000 0.9581 0.8990
0 16.10000 -6.70000 -11.60474 1.00000 0.00000 -0.00000 0.9477 0.9093
0 16.10000 -7.00000 -12.12436 1.00000 0.00000 -0.00000 0.9453 0.9053
transfer_grey
0 16.10000 -3.62347 -13.52296 1.00000 0.00000 -0.00000 0.9717 0.8944
0 16.10000 -3.46818 -12.94341 1.00000 0.00000 -0.00000 0.9729 0.8989
0 16.10000 -5.12796 -12.37999 1.00000 0.00000 -0.00000 0.9599 0.9033
transfer_grey
0 16.10000 -3.62347 -13.52296 1.00000 0.00000 -0.00000 0.9717 0.8944
0 16.10000 -5.12796 -12.37999 1.00000 0.00000 -0.00000 0.9599 0.9033
0 16.10000 -5.35757 -12.93431 1.00000 0.00000 -0.00000 0.9581 0.8990
transfer_grey
0 16.10000 -1.82737 -13.88023 1.00000 0.00000 -0.00000 0.9857 0.8916
0 16.10000 -1.74905 -13.28536 1.00000 0.00000 -0.00000 0.9863 0.8962
0 16.10000 -3.46818 -12.94341 1.00000 0.00000 -0.00000 0.9729 0.8989
transfer_grey
0 16.10000 -1.82737 -13.88023 1.00000 0.00000 -0.00000 0.9857 0.8916
0 16.10000 -3.46818 -12.94341 1.00000 0.00000 -0.00000 0.9729 0.8989
0 16.10000 -3.62347 -13.52296 1.00000 0.00000 -0.00000 0.9717 0.8944
transfer_grey
0 16.10000 -0.00000 -14.00000 1.00000 0.00000 -0.00000 1.0000 0.8906
0 16.10000 -0.00000 -13.40000 1.00000 0.00000 -0.00000 1.0000 0.8953
0 16.10000 -1.74905 -13.28536 1.00000 0.00000 -0.00000 0.9863 0.8962
transfer_grey
0 16.10000 -0.00000 -14.00000 1.00000 0.00000 -0.00000 1.0000 0.8906
0 16.10000 -1.74905 -13.28536 1.00000 0.00000 -0.00000 0.9863 0.8962
0 16.10000 -1.82737 -13.88023 1.00000 0.00000 -0.00000 0.9857 0.8916
transfer_grey
0 16.10000 1.82737 -13.88023 1.00000 0.00000 0.00000 0.0143 0.8916
0 16.10000 1.74905 -13.28536 1.00000 0.00000 0.00000 0.0137 0.8962
0 16.10000 -0.00000 -13.40000 1.00000 0.00000 0.00000 1.0000 0.8953
transfer_grey
0 16.10000 1.82737 -13.88023 1.00000 0.00000 0.00000 0.0143 0.8916
0 16.10000 -0.00000 -13.40000 1.00000 0.00000 0.00000 1.0000 0.8953
0 16.10000 -0.00000 -14.00000 1.00000 0.00000 0.00000 1.0000 0.8906
transfer_grey
0 16.10000 3.62347 -13.52296 1.00000 0.00000 0.00000 0.0283 0.8944
0 16.10000 3.46818 -12.94341 1.00000 0.00000 0.00000 0.0271 0.8989
0 16.10000 1.74905 -13.28536 1.00000 0.00000 0.00000 0.0137 0.8962
transfer_grey
0 16.10000 3.62347 -13.52296 1.00000 0.00000 0.00000 0.0283 0.8944
0 16.10000 1.74905 -13.28536 1.00000 0.00000 0.00000 0.0137 0.8962
0 16.10000 1.82737 -13.88023 1.00000 0.00000 0.00000 0.0143 0.8916
transfer_grey
0 16.10000 5.35757 -12.93431 1.00000 0.00000 0.00000 0.0419 0.8990
0 16.10000 5.12796 -12.37999 1.00000 0.00000 0.00000 0.0401 0.9033
0 16.10000 3.46818 -12.94341 1.00000 0.00000 0.00000 0.0271 0.8989
transfer_grey
0 16.10000 5.35757 -12.93431 1.00000 0.00000 0.00000 0.0419 0.8990
0 16.10000 3.46818 -12.94341 1.00000 0.00000 0.00000 0.0271 0.8989
0 16.10000 3.62347 -13.52296 1.00000 0.00000 0.00000 0.0283 0.8944
transfer_grey
0 16.10000 7.00000 -12.12436 1.00000 0.00000 0.00000 0.0547 0.9053
0 16.10000 6.70000 -11.60474 1.00000 0.00000 0.00000 0.0523 0.9093
0 16.10000 5.12796 -12.37999 1.00000 0.00000 0.00000 0.0401 0.9033
transfer_grey
0 16.10000 7.00000 -12.12436 1.00000 0.00000 0.00000 0.0547 0.9053
0 16.10000 5.12796 -12.37999 1.00000 0.00000 0.00000 0.0401 0.9033
0 16.10000 5.35757 -12.93431 1.00000 0.00000 0.00000 0.0419 0.8990
transfer_grey
0 16.10000 8.52266 -11.10695 1.00000 0.00000 0.00000 0.0666 0.9132
0 16.10000 8.15740 -10.63093 1.00000 0.00000 0.00000 0.0637 0.9169
0 16.10000 6.70000 -11.60474 1.00000 0.00000 0.00000 0.0523 0.9093
transfer_grey
0 16.10000 8.52266 -11.10695 1.00000 0.00000 0.00000 0.0666 0.9132
0 16.10000 6.70000 -11.60474 1.00000 0.00000 0.00000 0.0523 0.9093
0 16.10000 7.00000 -12.12436 1.00000 0.00000 0.00000 0.0547 0.9053
transfer_grey
0 16.10000 9.89949 -9.89949 1.00000 0.00000 0.00000 0.0773 0.9227
0 16.10000 9.47523 -9.47523 1.00000 0.00000 0.00000 0.0740 0.9260
0 16.10000 8.15740 -10.63093 1.00000 0.00000 0.00000 0.0637 0.9169
transfer_grey
0 16.10000 9.89949 -9.89949 1.00000 0.00000 0.00000 0.0773 0.9227
0 16.10000 8.15740 -10.63093 1.00000 0.00000 0.00000 0.0637 0.9169
0 16.10000 8.52266 -11.10695 1.00000 0.00000 0.00000 0.0666 0.9132
transfer_grey
0 16.10000 11.10695 -8.52266 1.00000 0.00000 0.00000 0.0868 0.9334
0 16.10000 10.63093 -8.15740 1.00000 0.00000 0.00000 0.0831 0.9363
0 16.10000 9.47523 -9.47523 1.00000 0.00000 0.00000 0.0740 0.9260
transfer_grey
0 16.10000 11.10695 -8.52266 1.00000 0.00000 0.00000 0.0868 0.9334
0 16.10000 9.47523 -9.47523 1.00000 0.00000 0.00000 0.0740 0.9260
0 16.10000 9.89949 -9.89949 1.00000 0.00000 0.00000 0.0773 0.9227
transfer_grey
0 16.10000 12.12436 -7.00000 1.00000 0.00000 0.00000 0.0947 0.9453
0 16.10000 11.60474 -6.70000 1.00000 0.00000 0.00000 0.0907 0.9477
0 16.10000 10.63093 -8.15740 1.00000 0.00000 0.00000 0.0831 0.9363
transfer_grey
0 16.10000 12.12436 -7.00000 1.00000 0.00000 0.00000 0.0947 0.9453
0 16.10000 10.63093 -8.15740 1.00000 0.00000 0.00000 0.0831 0.9363
0 16.10000 11.10695 -8.52266 1.00000 0.00000 0.00000 0.0868 0.9334
transfer_grey
0 16.10000 12.93431 -5.35757 1.00000 0.00000 0.00000 0.1010 0.9581
0 16.10000 12.37999 -5.12796 1.00000 0.00000 0.00000 0.0967 0.9599
0 16.10000 11.60474 -6.70000 1.00000 0.00000 0.00000 0.0907 0.9477
transfer_grey
0 16.10000 12.93431 -5.35757 1.00000 0.00000 0.00000 0.1010 0.9581
0 16.10000 11.60474 -6.70000 1.00000 0.00000 0.00000 0.0907 0.9477
0 16.10000 12.12436 -7.00000 1.00000 0.00000 0.00000 0.0947 0.9453
transfer_grey
0 16.10000 13.52296 -3.62347 1.00000 0.00000 0.00000 0.1056 0.9717
0 16.10000 12.94341 -3.46818 1.00000 0.00000 0.00000 0.1011 0.9729
0 16.10000 12.37999 -5.12796 1.00000 0.00000 0.00000 0.0967 0.9599
transfer_grey
0 16.10000 13.52296 -3.62347 1.00000 0.00000 0.00000 0.1056 0.9717
0 16.10000 12.37999 -5.12796 1.00000 0.00000 0.00000 0.0967 0.9599
0 16.10000 12.93431 -5.35757 1.00000 0.00000 0.00000 0.1010 0.9581
transfer_grey
0 16.10000 13.88023 -1.82737 1.00000 0.00000 0.00000 0.1084 0.9857
0 16.10000 13.28536 -1.74905 1.00000 0.00000 0.00000 0.1038 0.9863
0 16.10000 12.94341 -3.46818 1.00000 0.00000 0.00000 0.1011 0.9729
transfer_grey
0 16.10000 13.88023 -1.82737 1.00000 0.00000 0.00000 0.1084 0.9857
0 16.10000 12.94341 -3.46818 1.00000 0.00000 0.00000 0.1011 0.9729
0 16.10000 13.52296 -3.62347 1.00000 0.00000 0.00000 0.1056 0.9717
transfer_grey
0 16.10000 14.00000 -0.00000 1.00000 0.00000 0.00000 0.1094 1.0000
0 16.10000 13.40000 -0.00000 1.00000 0.00000 0.00000 0.1047 1.0000
0 16.10000 13.28536 -1.74905 1.00000 0.00000 0.00000 0.1038 0.9863
transfer_grey
0 16.10000 14.00000 -0.00000 1.00000 0.00000 0.00000 0.1094 1.0000
0 16.10000 13.28536 -1.74905 1.00000 0.00000 0.00000 0.1038 0.9863
0 16.10000 13.88023 -1.82737 1.00000 0.00000 0.00000 0.1084 0.9857
transfer_grey
0 31.00000 13.28536 1.74905 -1.00000 0.00000 0.00000 0.1038 0.0137
0 31.00000 13.88023 1.82737 -1.00000 0.00000 0.00000 0.1084 0.0143
0 31.00000 14.00000 0.00000 -1.00000 0.00000 0.00000 0.1094 0.0000
transfer_grey
0 31.00000 13.28536 1.74905 -1.00000 0.00000 0.00000 0.1038 0.0137
0 31.00000 14.00000 0.00000 -1.00000 0.00000 0.00000 0.1094 0.0000
0 31.00000 13.40000 0.00000 -1.00000 0.00000 0.00000 0.1047 0.0000
transfer_grey
0 31.00000 12.94341 3.46818 -1.00000 0.00000 0.00000 0.1011 0.0271
0 31.00000 13.52296 3.62347 -1.00000 0.00000 0.00000 0.1056 0.0283
0 31.00000 13.88023 1.82737 -1.00000 0.00000 0.00000 0.1084 0.0143
transfer_grey
0 31.00000 12.94341 3.46818 -1.00000 0.00000 0.00000 0.1011 0.0271
0 31.00000 13.88023 1.82737 -1.00000 0.00000 0.00000 0.1084 0.0143
0 31.00000 13.28536 1.74905 -1.00000 0.00000 0.00000 0.1038 0.0137
transfer_grey
0 31.00000 12.37999 5.12796 -1.00000 0.00000 0.00000 0.0967 0.0401
0 31.00000 12.93431 5.35757 -1.00000 0.00000 0.00000 0.1010 0.0419
0 31.00000 13.52296 3.62347 -1.00000 0.00000 0.00000 0.1056 0.0283
transfer_grey
0 31.00000 12.37999 5.12796 -1.00000 0.00000 0.00000 0.0967 0.0401
0 31.00000 13.52296 3.62347 -1.00000 0.00000 0.00000 0.1056 0.0283
0 31.00000 12.94341 3.46818 -1.00000 0.00000 0.00000 0.1011 0.0271
transfer_grey
0 31.00000 11.60474 6.70000 -1.00000 0.00000 0.00000 0.0907 0.0523
0 31.00000 12.12436 7.00000 -1.00000 0.00000 0.00000 0.0947 0.0547
0 31.00000 12.93431 5.35757 -1.00000 0.00000 0.00000 0.1010 0.0419
transfer_grey
0 31.00000 11.60474 6.70000 -1.00000 0.00000 0.00000 0.0907 0.0523
0 31.00000 12.93431 5.35757 -1.00000 0.00000 0.00000 0.1010 0.0419
0 31.00000 12.37999 5.12796 -1.00000 0.00000 0.00000 0.0967 0.0401
transfer_grey
0 31.00000 10.63093 8.15740 -1.00000 0.00000 0.00000 0.0831 0.0637
0 31.00000 11.10695 8.52266 -1.00000 0.00000 0.00000 0.0868 0.0666
0 31.00000 12.12436 7.00000 -1.00000 0.00000 0.00000 0.0947 0.0547
transfer_grey
0 31.00000 10.63093 8.15740 -1.00000 0.00000 0.00000 0.0831 0.0637
0 31.00000 12.12436 7.00000 -1.00000 0.00000 0.00000 0.0947 0.0547
0 31.00000 11.60474 6.70000 -1.00000 0.00000 0.00000 0.0907 0.0523
transfer_grey
0 31.00000 9.47523 9.47523 -1.00000 0.00000 0.00000 0.0740 0.0740
0 31.00000 9.89949 9.89949 -1.00000 0.00000 0.00000 0.0773 0.0773
0 31.00000 11.10695 8.52266 -1.00000 0.00000 0.00000 0.0868 0.0666
transfer_grey
0 31.00000 9.47523 9.47523 -1.00000 0.00000 0.00000 0.0740 0.0740
0 31.00000 11.10695 8.52266 -1.00000 0.00000 0.00000 0.0868 0.0666
0 31.00000 10.63093 8.15740 -1.00000 0.00000 0.00000 0.0831 0.0637
transfer_grey
0 31.00000 8.15740 10.63093 -1.00000 0.00000 0.00000 0.0637 0.0831
0 31.00000 8.52266 11.10695 -1.00000 0.00000 0.00000 0.0666 0.0868
0 31.00000 9.89949 9.89949 -1.00000 0.00000 0.00000 0.0773 0.0773
transfer_grey
0 31.00000 8.15740 10.63093 -1.00000 0.00000 0.00000 0.0637 0.0831
0 31.00000 9.89949 9.89949 -1.00000 0.00000 0.00000 0.0773 0.0773
0 31.00000 9.47523 9.47523 -1.00000 0.00000 0.00000 0.0740 0.0740
transfer_grey
0 31.00000 6.70000 11.60474 -1.00000 0.00000 0.00000 0.0523 0.0907
0 31.00000 7.00000 12.12436 -1.00000 0.00000 0.00000 0.0547 0.0947
0 31.00000 8.52266 11.10695 -1.00000 0.00000 0.00000 0.0666 0.0868
transfer_grey
0 31.00000 6.70000 11.60474 -1.00000 0.00000 0.00000 0.0523 0.0907
0 31.00000 8.52266 11.10695 -1.00000 0.00000 0.00000 0.0666 0.0868
0 31.00000 8.15740 10.63093 -1.00000 0.00000 0.00000 0.0637 0.0831
transfer_grey
0 31.00000 5.12796 12.37999 -1.00000 0.00000 0.00000 0.0401 0.0967
0 31.00000 5.35757 12.93431 -1.00000 0.00000 0.00000 0.0419 0.1010
0 31.00000 7.00000 12.12436 -1.00000 0.00000 0.00000 0.0547 0.0947
transfer_grey
0 31.00000 5.12796 12.37999 -1.00000 0.00000 0.00000 0.0401 0.0967
0 31.00000 7.00000 12.12436 -1.00000 0.00000 0.00000 0.0547 0.0947
0 31.00000 6.70000 11.60474 -1.00000 0.00000 0.00000 0.0523 0.0907
transfer_grey
0 31.00000 3.46818 12.94341 -1.00000 0.00000 0.00000 0.0271 0.1011
0 31.00000 3.62347 13.52296 -1.00000 0.00000 0.00000 0.0283 0.1056
0 31.00000 5.35757 12.93431 -1.00000 0.00000 0.00000 0.0419 0.1010
transfer_grey
0 31.00000 3.46818 12.94341 -1.00000 0.00000 0.00000 0.0271 0.1011
0 31.00000 5.35757 12.93431 -1.00000 0.00000 0.00000 0.0419 0.1010
0 31.00000 5.12796 12.37999 -1.00000 0.00000 0.00000 0.0401 0.0967
transfer_grey
0 31.00000 1.74905 13.28536 -1.00000 0.00000 0.00000 0.0137 0.1038
0 31.00000 1.82737 13.88023 -1.00000 0.00000 0.00000 0.0143 0.1084
0 31.00000 3.62347 13.52296 -1.00000 0.00000 0.00000 0.0283 0.1056
transfer_grey
0 31.00000 1.74905 13.28536 -1.00000 0.00000 0.00000 0.0137 0.1038
0 31.00000 3.62347 13.52296 -1.00000 0.00000 0.00000 0.0283 0.1056
0 31.00000 3.46818 12.94341 -1.00000 0.00000 0.00000 0.0271 0.1011
transfer_grey
0 31.00000 0.00000 13.40000 -1.00000 0.00000 0.00000 0.0000 0.1047
0 31.00000 0.00000 14.00000 -1.00000 0.00000 0.00000 0.0000 0.1094
0 31.00000 1.82737 13.88023 -1.00000 0.00000 0.00000 0.0143 0.1084
transfer_grey
0 31.00000 0.00000 13.40000 -1.00000 0.00000 0.00000 0.0000 0.1047
0 31.00000 1.82737 13.88023 -1.00000 0.00000 0.00000 0.0143 0.1084
0 31.00000 1.74905 13.28536 -1.00000 0.00000 0.00000 0.0137 0.1038
transfer_grey
0 31.00000 -1.74905 13.28536 -1.00000 0.00000 0.00000 0.9863 0.1038
0 31.00000 -1.82737 13.88023 -1.00000 0.00000 0.00000 0.9857 0.1084
0 31.00000 0.00000 14.00000 -1.00000 0.00000 0.00000 0.0000 0.1094
transfer_grey
0 31.00000 -1.74905 13.28536 -1.00000 0.00000 0.00000 0.9863 0.1038
0 31.00000 0.00000 14.00000 -1.00000 0.00000 0.00000 0.0000 0.1094
0 31.00000 0.00000 13.40000 -1.00000 0.00000 0.00000 0.0000 0.1047
transfer_grey
0 31.00000 -3.46818 12.94341 -1.00000 0.00000 0.00000 0.9729 0.1011
0 31.00000 -3.62347 13.52296 -1.00000 0.00000 0.00000 0.9717 0.1056
0 31.00000 -1.82737 13.88023 -1.00000 0.00000 0.00000 0.9857 0.1084
transfer_grey
0 31.00000 -3.46818 12.94341 -1.00000 0.00000 0.00000 0.9729 0.1011
0 31.00000 -1.82737 13.88023 -1.00000 0.00000 0.00000 0.9857 0.1084
0 31.00000 -1.74905 13.28536 -1.00000 0.00000 0.00000 0.9863 0.1038
transfer_grey
0 31.00000 -5.12796 12.37999 -1.00000 0.00000 0.00000 0.9599 0.0967
0 31.00000 -5.35757 12.93431 -1.00000 0.00000 0.00000 0.9581 0.1010
0 31.00000 -3.62347 13.52296 -1.00000 0.00000 0.00000 0.9717 0.1056
transfer_grey
0 31.00000 -5.12796 12.37999 -1.00000 0.00000 0.00000 0.9599 0.0967
0 31.00000 -3.62347 13.52296 -1.00000 0.00000 0.00000 0.9717 0.1056
0 31.00000 -3.46818 12.94341 -1.00000 0.00000 0.00000 0.9729 0.1011
transfer_grey
0 31.00000 -6.70000 11.60474 -1.00000 0.00000 0.00000 0.9477 0.0907
0 31.00000 -7.00000 12.12436 -1.00000 0.00000 0.00000 0.9453 0.0947
0 31.00000 -5.35757 12.93431 -1.00000 0.00000 0.00000 0.9581 0.1010
transfer_grey
0 31.00000 -6.70000 11.60474 -1.00000 0.00000 0.00000 0.9477 0.0907
0 31.00000 -5.35757 12.93431 -1.00000 0.00000 0.00000 0.9581 0.1010
0 31.00000 -5.12796 12.37999 -1.00000 0.00000 0.00000 0.9599 0.0967
transfer_grey
0 31.00000 -8.15740 10.63093 -1.00000 0.00000 0.00000 0.9363 0.0831
0 31.00000 -8.52266 11.10695 -1.00000 0.00000 0.00000 0.9334 0.0868
0 31.00000 -7.00000 12.12436 -1.00000 0.00000 0.00000 0.9453 0.0947
transfer_grey
0 31.00000 -8.15740 10.63093 -1.00000 0.00000 0.00000 0.9363 0.0831
0 31.00000 -7.00000 12.12436 -1.00000 0.00000 0.00000 0.9453 0.0947
0 31.00000 -6.70000 11.60474 -1.00000 0.00000 0.00000 0.9477 0.0907
transfer_grey
0 31.00000 -9.47523 9.47523 -1.00000 0.00000 0.00000 0.9260 0.0740
0 31.00000 -9.89949 9.89949 -1.00000 0.00000 0.00000 0.9227 0.0773
0 31.00000 -8.52266 11.10695 -1.00000 0.00000 0.00000 0.9334 0.0868
transfer_grey
0 31.00000 -9.47523 9.47523 -1.00000 0.00000 0.00000 0.9260 0.0740
0 31.00000 -8.52266 11.10695 -1.00000 0.00000 0.00000 0.9334 0.0868
0 31.00000 -8.15740 10.63093 -1.00000 0.00000 0.00000 0.9363 0.0831
transfer_grey
0 31.00000 -10.63093 8.15740 -1.00000 0.00000 0.00000 0.9169 0.0637
0 31.00000 -11.10695 8.52266 -1.00000 0.00000 0.00000 0.9132 0.0666
0 31.00000 -9.89949 9.89949 -1.00000 0.00000 0.00000 0.9227 0.0773
transfer_grey
0 31.00000 -10.63093 8.15740 -1.00000 0.00000 0.00000 0.9169 0.0637
0 31.00000 -9.89949 9.89949 -1.00000 0.00000 0.00000 0.9227 0.0773
0 31.00000 -9.47523 9.47523 -1.00000 0.00000 0.00000 0.9260 0.0740
transfer_grey
0 31.00000 -11.60474 6.70000 -1.00000 0.00000 0.00000 0.9093 0.0523
0 31.00000 -12.12436 7.00000 -1.00000 0.00000 0.00000 0.9053 0.0547
0 31.00000 -11.10695 8.52266 -1.00000 0.00000 0.00000 0.9132 0.0666
transfer_grey
0 31.00000 -11.60474 6.70000 -1.00000 0.00000 0.00000 0.9093 0.0523
0 31.00000 -11.10695 8.52266 -1.00000 0.00000 0.00000 0.9132 0.0666
0 31.00000 -10.63093 8.15740 -1.00000 0.00000 0.00000 0.9169 0.0637
transfer_grey
0 31.00000 -12.37999 5.12796 -1.00000 0.00000 0.00000 0.9033 0.0401
0 31.00000 -12.93431 5.35757 -1.00000 0.00000 0.00000 0.8990 0.0419
0 31.00000 -12.12436 7.00000 -1.00000 0.00000 0.00000 0.9053 0.0547
transfer_grey
0 31.00000 -12.37999 5.12796 -1.00000 0.00000 0.00000 0.9033 0.0401
0 31.00000 -12.12436 7.00000 -1.00000 0.00000 0.00000 0.9053 0.0547
0 31.00000 -11.60474 6.70000 -1.00000 0.00000 0.00000 0.9093 0.0523
transfer_grey
0 31.00000 -12.94341 3.46818 -1.00000 0.00000 0.00000 0.8989 0.0271
0 31.00000 -13.52296 3.62347 -1.00000 0.00000 0.00000 0.8944 0.0283
0 31.00000 -12.93431 5.35757 -1.00000 0.00000 0.00000 0.8990 0.0419
transfer_grey
0 31.00000 -12.94341 3.46818 -1.00000 0.00000 0.00000 0.8989 0.0271
0 31.00000 -12.93431 5.35757 -1.00000 0.00000 0.00000 0.8990 0.0419
0 31.00000 -12.37999 5.12796 -1.00000 0.00000 0.00000 0.9033 0.0401
transfer_grey
0 31.00000 -13.28536 1.74905 -1.00000 0.00000 0.00000 0.8962 0.0137
0 31.00000 -13.88023 1.82737 -1.00000 0.00000 0.00000 0.8916 0.0143
0 31.00000 -13.52296 3.62347 -1.00000 0.00000 0.00000 0.8944 0.0283
transfer_grey
0 31.00000 -13.28536 1.74905 -1.00000 0.00000 0.00000 0.8962 0.0137
0 31.00000 -13.52296 3.62347 -1.00000 0.00000 0.00000 0.8944 0.0283
0 31.00000 -12.94341 3.46818 -1.00000 0.00000 0.00000 0.8989 0.0271
transfer_grey
0 31.00000 -13.40000 0.00000 -1.00000 0.00000 0.00000 0.8953 0.0000
0 31.00000 -14.00000 0.00000 -1.00000 0.00000 0.00000 0.8906 0.0000
0 31.00000 -13.88023 1.82737 -1.00000 0.00000 0.00000 0.8916 0.0143
transfer_grey
0 31.00000 -13.40000 0.00000 -1.00000 0.00000 0.00000 0.8953 0.0000
0 31.00000 -13.88023 1.82737 -1.00000 0.00000 0.00000 0.8916 0.0143
0 31.00000 -13.28536 1.74905 -1.00000 0.00000 0.00000 0.8962 0.0137
transfer_grey
0 31.00000 -13.28536 -1.74905 -1.00000 -0.00000 0.00000 0.8962 0.9863
0 31.00000 -13.88023 -1.82737 -1.00000 -0.00000 0.00000 0.8916 0.9857
0 31.00000 -14.00000 0.00000 -1.00000 -0.00000 0.00000 0.8906 0.0000
transfer_grey
0 31.00000 -13.28536 -1.74905 -1.00000 -0.00000 0.00000 0.8962 0.9863
0 31.00000 -14.00000 0.00000 -1.00000 -0.00000 0.00000 0.8906 0.0000
0 31.00000 -13.40000 0.00000 -1.00000 -0.00000 0.00000 0.8953 0.0000
transfer_grey
0 31.00000 -12.94341 -3.46818 -1.00000 -0.00000 0.00000 0.8989 0.9729
0 31.00000 -13.52296 -3.62347 -1.00000 -0.00000 0.00000 0.8944 0.9717
0 31.00000 -13.88023 -1.82737 -1.00000 -0.00000 0.00000 0.8916 0.9857
transfer_grey
0 31.00000 -12.94341 -3.46818 -1.00000 -0.00000 0.00000 0.8989 0.9729
0 31.00000 -13.88023 -1.82737 -1.00000 -0.00000 0.00000 0.8916 0.9857
0 31.00000 -13.28536 -1.74905 -1.00000 -0.00000 0.00000 0.8962 0.9863
transfer_grey
0 31.00000 -12.37999 -5.12796 -1.00000 -0.00000 0.00000 0.9033 0.9599
0 31.00000 -12.93431 -5.35757 -1.00000 -0.00000 0.00000 0.8990 0.9581
0 31.00000 -13.52296 -3.62347 -1.00000 -0.00000 0.00000 0.8944 0.9717
transfer_grey
0 31.00000 -12.37999 -5.12796 -1.00000 -0.00000 0.00000 0.9033 0.9599
0 31.00000 -13.52296 -3.62347 -1.00000 -0.00000 0.00000 0.8944 0.9717
0 31.00000 -12.94341 -3.46818 -1.00000 -0.00000 0.00000 0.8989 0.9729
transfer_grey
0 31.00000 -11.60474 -6.70000 -1.00000 -0.00000 0.00000 0.9093 0.9477
0 31.00000 -12.12436 -7.00000 -1.00000 -0.00000 0.00000 0.9053 0.9453
0 31.00000 -12.93431 -5.35757 -1.00000 -0.00000 0.00000 0.8990 0.9581
transfer_grey
0 31.00000 -11.60474 -6.70000 -1.00000 -0.00000 0.00000 0.9093 0.9477
0 31.00000 -12.93431 -5.35757 -1.00000 -0.00000 0.00000 0.8990 0.9581
0 31.00000 -12.37999 -5.12796 -1.00000 -0.00000 0.00000 0.9033 0.9599
transfer_grey
0 31.00000 -10.63093 -8.15740 -1.00000 -0.00000 0.00000 0.9169 0.9363
0 31.00000 -11.10695 -8.52266 -1.00000 -0.00000 0.00000 0.9132 0.9334
0 31.00000 -12.12436 -7.00000 -1.00000 -0.00000 0.00000 0.9053 0.9453
transfer_grey
0 31.00000 -10.63093 -8.15740 -1.00000 -0.00000 0.00000 0.9169 0.9363
0 31.00000 -12.12436 -7.00000 -1.00000 -0.00000 0.00000 0.9053 0.9453
0 31.00000 -11.60474 -6.70000 -1.00000 -0.00000 0.00000 0.9093 0.9477
transfer_grey
0 31.00000 -9.47523 -9.47523 -1.00000 -0.00000 0.00000 0.9260 0.9260
0 31.00000 -9.89949 -9.89949 -1.00000 -0.00000 0.00000 0.9227 0.9227
0 31.00000 -11.10695 -8.52266 -1.00000 -0.00000 0.00000 0.9132 0.9334
transfer_grey
0 31.00000 -9.47523 -9.47523 -1.00000 -0.00000 0.00000 0.9260 0.9260
0 31.00000 -11.10695 -8.52266 -1.00000 -0.00000 0.00000 0.9132 0.9334
0 31.00000 -10.63093 -8.15740 -1.00000 -0.00000 0.00000 0.9169 0.9363
transfer_grey
0 31.00000 -8.15740 -10.63093 -1.00000 -0.00000 0.00000 0.9363 0.9169
0 31.00000 -8.52266 -11.10695 -1.00000 -0.00000 0.00000 0.9334 0.9132
0 31.00000 -9.89949 -9.89949 -1.00000 -0.00000 0.00000 0.9227 0.9227
transfer_grey
0 31.00000 -8.15740 -10.63093 -1.00000 -0.00000 0.00000 0.9363 0.9169
0 31.00000 -9.89949 -9.89949 -1.00000 -0.00000 0.00000 0.9227 0.9227
0 31.00000 -9.47523 -9.47523 -1.00000 -0.00000 0.00000 0.9260 0.9260
transfer_grey
0 31.00000 -6.70000 -11.60474 -1.00000 -0.00000 0.00000 0.9477 0.9093
0 31.00000 -7.00000 -12.12436 -1.00000 -0.00000 0.00000 0.9453 0.9053
0 31.00000 -8.52266 -11.10695 -1.00000 -0.00000 0.00000 0.9334 0.9132
transfer_grey
0 31.00000 -6.70000 -11.60474 -1.00000 -0.00000 0.00000 0.9477 0.9093
0 31.00000 -8.52266 -11.10695 -1.00000 -0.00000 0.00000 0.9334 0.9132
0 31.00000 -8.15740 -10.63093 -1.00000 -0.00000 0.00000 0.9363 0.9169
transfer_grey
0 31.00000 -5.12796 -12.37999 -1.00000 -0.00000 0.00000 0.9599 0.9033
0 31.00000 -5.35757 -12.93431 -1.00000 -0.00000 0.00000 0.9581 0.8990
0 31.00000 -7.00000 -12.12436 -1.00000 -0.00000 0.00000 0.9453 0.9053
transfer_grey
0 31.00000 -5.12796 -12.37999 -1.00000 -0.00000 0.00000 0.9599 0.9033
0 31.00000 -7.00000 -12.12436 -1.00000 -0.00000 0.00000 0.9453 0.9053
0 31.00000 -6.70000 -11.60474 -1.00000 -0.00000 0.00000 0.9477 0.9093
transfer_grey
0 31.00000 -3.46818 -12.94341 -1.00000 -0.00000 0.00000 0.9729 0.8989
0 31.00000 -3.62347 -13.52296 -1.00000 -0.00000 0.00000 0.9717 0.8944
0 31.00000 -5.35757 -12.93431 -1.00000 -0.00000 0.00000 0.9581 0.8990
transfer_grey
0 31.00000 -3.46818 -12.94341 -1.00000 -0.00000 0.00000 0.9729 0.8989
0 31.00000 -5.35757 -12.93431 -1.00000 -0.00000 0.00000 0.9581 0.8990
0 31.00000 -5.12796 -12.37999 -1.00000 -0.00000 0.00000 0.9599 0.9033
transfer_grey
0 31.00000 -1.74905 -13.28536 -1.00000 0.00000 0.00000 0.9863 0.8962
0 31.00000 -1.82737 -13.88023 -1.00000 0.00000 0.00000 0.9857 0.8916
0 31.00000 -3.62347 -13.52296 -1.00000 0.00000 0.00000 0.9717 0.8944
transfer_grey
0 31.00000 -1.74905 -13.28536 -1.00000 0.00000 0.00000 0.9863 0.8962
0 31.00000 -3.62347 -13.52296 -1.00000 0.00000 0.00000 0.9717 0.8944
0 31.00000 -3.46818 -12.94341 -1.00000 0.00000 0.00000 0.9729 0.8989
transfer_grey
0 31.00000 -0.00000 -13.40000 -1.00000 0.00000 0.00000 1.0000 0.8953
0 31.00000 -0.00000 -14.00000 -1.00000 0.00000 0.00000 1.0000 0.8906
0 31.00000 -1.82737 -13.88023 -1.00000 0.00000 0.00000 0.9857 0.8916
transfer_grey
0 31.00000 -0.00000 -13.40000 -1.00000 0.00000 0.00000 1.0000 0.8953
0 31.00000 -1.82737 -13.88023 -1.00000 0.00000 0.00000 0.9857 0.8916
0 31.00000 -1.74905 -13.28536 -1.00000 0.00000 0.00000 0.9863 0.8962
transfer_grey
0 31.00000 1.74905 -13.28536 -1.00000 0.00000 -0.00000 0.0137 0.8962
0 31.00000 1.82737 -13.88023 -1.00000 0.00000 -0.00000 0.0143 0.8916
0 31.00000 -0.00000 -14.00000 -1.00000 0.00000 -0.00000 1.0000 0.8906
transfer_grey
0 31.00000 1.74905 -13.28536 -1.00000 0.00000 -0.00000 0.0137 0.8962
0 31.00000 -0.00000 -14.00000 -1.00000 0.00000 -0.00000 1.0000 0.8906
0 31.00000 -0.00000 -13.40000 -1.00000 0.00000 -0.00000 1.0000 0.8953
transfer_grey
0 31.00000 3.46818 -12.94341 -1.00000 0.00000 -0.00000 0.0271 0.8989
0 31.00000 3.62347 -13.52296 -1.00000 0.00000 -0.00000 0.0283 0.8944
0 31.00000 1.82737 -13.88023 -1.00000 0.00000 -0.00000 0.0143 0.8916
transfer_grey
0 31.00000 3.46818 -12.94341 -1.00000 0.00000 -0.00000 0.0271 0.8989
0 31.00000 1.82737 -13.88023 -1.00000 0.00000 -0.00000 0.0143 0.8916
0 31.00000 1.74905 -13.28536 -1.00000 0.00000 -0.00000 0.0137 0.8962
transfer_grey
0 31.00000 5.12796 -12.37999 -1.00000 0.00000 -0.00000 0.0401 0.9033
0 31.00000 5.35757 -12.93431 -1.00000 0.00000 -0.00000 0.0419 0.8990
0 31.00000 3.62347 -13.52296 -1.00000 0.00000 -0.00000 0.0283 0.8944
transfer_grey
0 31.00000 5.12796 -12.37999 -1.00000 0.00000 -0.00000 0.0401 0.9033
0 31.00000 3.62347 -13.52296 -1.00000 0.00000 -0.00000 0.0283 0.8944
0 31.00000 3.46818 -12.94341 -1.00000 0.00000 -0.00000 0.0271 0.8989
transfer_grey
0 31.00000 6.70000 -11.60474 -1.00000 0.00000 -0.00000 0.0523 0.9093
0 31.00000 7.00000 -12.12436 -1.00000 0.00000 -0.00000 0.0547 0.9053
0 31.00000 5.35757 -12.93431 -1.00000 0.00000 -0.00000 0.0419 0.8990
transfer_grey
0 31.00000 6.70000 -11.60474 -1.00000 0.00000 -0.00000 0.0523 0.9093
0 31.00000 5.35757 -12.93431 -1.00000 0.00000 -0.00000 0.0419 0.8990
0 31.00000 5.12796 -12.37999 -1.00000 0.00000 -0.00000 0.0401 0.9033
transfer_grey
0 31.00000 8.15740 -10.63093 -1.00000 0.00000 -0.00000 0.0637 0.9169
0 31.00000 8.52266 -11.10695 -1.00000 0.00000 -0.00000 0.0666 0.9132
0 31.00000 7.00000 -12.12436 -1.00000 0.00000 -0.00000 0.0547 0.9053
transfer_grey
0 31.00000 8.15740 -10.63093 -1.00000 0.00000 -0.00000 0.0637 0.9169
0 31.00000 7.00000 -12.12436 -1.00000 0.00000 -0.00000 0.0547 0.9053
0 31.00000 6.70000 -11.60474 -1.00000 0.00000 -0.00000 0.0523 0.9093
transfer_grey
0 31.00000 9.47523 -9.47523 -1.00000 0.00000 -0.00000 0.0740 0.9260
0 31.00000 9.89949 -9.89949 -1.00000 0.00000 -0.00000 0.0773 0.9227
0 31.00000 8.52266 -11.10695 -1.00000 0.00000 -0.00000 0.0666 0.9132
transfer_grey
0 31.00000 9.47523 -9.47523 -1.00000 0.00000 -0.00000 0.0740 0.9260
0 31.00000 8.52266 -11.10695 -1.00000 0.00000 -0.00000 0.0666 0.9132
0 31.00000 8.15740 -10.63093 -1.00000 0.00000 -0.00000 0.0637 0.9169
transfer_grey
0 31.00000 10.63093 -8.15740 -1.00000 0.00000 -0.00000 0.0831 0.9363
0 31.00000 11.10695 -8.52266 -1.00000 0.00000 -0.00000 0.0868 0.9334
0 31.00000 9.89949 -9.89949 -1.00000 0.00000 -0.00000 0.0773 0.9227
transfer_grey
0 31.00000 10.63093 -8.15740 -1.00000 0.00000 -0.00000 0.0831 0.9363
0 31.00000 9.89949 -9.89949 -1.00000 0.00000 -0.00000 0.0773 0.9227
0 31.00000 9.47523 -9.47523 -1.00000 0.00000 -0.00000 0.0740 0.9260
transfer_grey
0 31.00000 11.60474 -6.70000 -1.00000 0.00000 -0.00000 0.0907 0.9477
0 31.00000 12.12436 -7.00000 -1.00000 0.00000 -0.00000 0.0947 0.9453
0 31.00000 11.10695 -8.52266 -1.00000 0.00000 -0.00000 0.0868 0.9334
transfer_grey
0 31.00000 11.60474 -6.70000 -1.00000 0.00000 -0.00000 0.0907 0.9477
0 31.00000 11.10695 -8.52266 -1.00000 0.00000 -0.00000 0.0868 0.9334
0 31.00000 10.63093 -8.15740 -1.00000 0.00000 -0.00000 0.0831 0.9363
transfer_grey
0 31.00000 12.37999 -5.12796 -1.00000 0.00000 -0.00000 0.0967 0.9599
0 31.00000 12.93431 -5.35757 -1.00000 0.00000 -0.00000 0.1010 0.9581
0 31.00000 12.12436 -7.00000 -1.00000 0.00000 -0.00000 0.0947 0.9453
transfer_grey
0 31.00000 12.37999 -5.12796 -1.00000 0.00000 -0.00000 0.0967 0.9599
0 31.00000 12.12436 -7.00000 -1.00000 0.00000 -0.00000 0.0947 0.9453
0 31.00000 11.60474 -6.70000 -1.00000 0.00000 -0.00000 0.0907 0.9477
transfer_grey
0 31.00000 12.94341 -3.46818 -1.00000 0.00000 -0.00000 0.1011 0.9729
0 31.00000 13.52296 -3.62347 -1.00000 0.00000 -0.00000 0.1056 0.9717
0 31.00000 12.93431 -5.35757 -1.00000 0.00000 -0.00000 0.1010 0.9581
transfer_grey
0 31.00000 12.94341 -3.46818 -1.00000 0.00000 -0.00000 0.1011 0.9729
0 31.00000 12.93431 -5.35757 -1.00000 0.00000 -0.00000 0.1010 0.9581
0 31.00000 12.37999 -5.12796 -1.00000 0.00000 -0.00000 0.0967 0.9599
transfer_grey
0 31.00000 13.28536 -1.74905 -1.00000 0.00000 0.00000 0.1038 0.9863
0 31.00000 13.88023 -1.82737 -1.00000 0.00000 0.00000 0.1084 0.9857
0 31.00000 13.52296 -3.62347 -1.00000 0.00000 0.00000 0.1056 0.9717
transfer_grey
0 31.00000 13.28536 -1.74905 -1.00000 0.00000 0.00000 0.1038 0.9863
0 31.00000 13.52296 -3.62347 -1.00000 0.00000 0.00000 0.1056 0.9717
0 31.00000 12.94341 -3.46818 -1.00000 0.00000 0.00000 0.1011 0.9729
transfer_grey
0 31.00000 13.40000 -0.00000 -1.00000 0.00000 0.00000 0.1047 1.0000
0 31.00000 14.00000 -0.00000 -1.00000 0.00000 0.00000 0.1094 1.0000
0 31.00000 13.88023 -1.82737 -1.00000 0.00000 0.00000 0.1084 0.9857
transfer_grey
0 31.00000 13.40000 -0.00000 -1.00000 0.00000 0.00000 0.1047 1.0000
0 31.00000 13.88023 -1.82737 -1.00000 0.00000 0.00000 0.1084 0.9857
0 31.00000 13.28536 -1.74905 -1.00000 0.00000 0.00000 0.1038 0.9863
transfer_grey
0 31.00000 13.88023 1.82737 -0.00000 0.99786 0.06540 0.1084 0.0143
0 32.10000 13.88023 1.82737 -0.00000 0.99786 0.06540 0.1084 0.0143
0 32.10000 14.00000 0.00000 -0.00000 0.99786 0.06540 0.1094 0.0000
transfer_grey
0 31.00000 13.88023 1.82737 -0.00000 0.99786 0.06540 0.1084 0.0143
0 32.10000 14.00000 0.00000 -0.00000 0.99786 0.06540 0.1094 0.0000
0 31.00000 14.00000 0.00000 -0.00000 0.99786 0.06540 0.1094 0.0000
transfer_grey
0 31.00000 13.52296 3.62347 -0.00000 0.98079 0.19509 0.1056 0.0283
0 32.10000 13.52296 3.62347 -0.00000 0.98079 0.19509 0.1056 0.0283
0 32.10000 13.88023 1.82737 -0.00000 0.98079 0.19509 0.1084 0.0143
transfer_grey
0 31.00000 13.52296 3.62347 -0.00000 0.98079 0.19509 0.1056 0.0283
0 32.10000 13.88023 1.82737 -0.00000 0.98079 0.19509 0.1084 0.0143
0 31.00000 13.88023 1.82737 -0.00000 0.98079 0.19509 0.1084 0.0143
transfer_grey
0 31.00000 12.93431 5.35757 -0.00000 0.94693 0.32144 0.1010 0.0419
0 32.10000 12.93431 5.35757 -0.00000 0.94693 0.32144 0.1010 0.0419
0 32.10000 13.52296 3.62347 -0.00000 0.94693 0.32144 0.1056 0.0283
transfer_grey
0 31.00000 12.93431 5.35757 -0.00000 0.94693 0.32144 0.1010 0.0419
0 32.10000 13.52296 3.62347 -0.00000 0.94693 0.32144 0.1056 0.0283
0 31.00000 13.52296 3.62347 -0.00000 0.94693 0.32144 0.1056 0.0283
transfer_grey
0 31.00000 12.12436 7.00000 -0.00000 0.89687 0.44229 0.0947 0.0547
0 32.10000 12.12436 7.00000 -0.00000 0.89687 0.44229 0.0947 0.0547
0 32.10000 12.93431 5.35757 -0.00000 0.89687 0.44229 0.1010 0.0419
transfer_grey
0 31.00000 12.12436 7.00000 -0.00000 0.89687 0.44229 0.0947 0.0547
0 32.10000 12.93431 5.35757 -0.00000 0.89687 0.44229 0.1010 0.0419
0 31.00000 12.93431 5.35757 -0.00000 0.89687 0.44229 0.1010 0.0419
transfer_grey
0 31.00000 11.10695 8.52266 -0.00000 0.83147 0.55557 0.0868 0.0666
0 32.10000 11.10695 8.52266 -0.00000 0.83147 0.55557 0.0868 0.0666
0 32.10000 12.12436 7.00000 -0.00000 0.83147 0.55557 0.0947 0.0547
transfer_grey
0 31.00000 11.10695 8.52266 -0.00000 0.83147 0.55557 0.0868 0.0666
0 32.10000 12.12436 7.00000 -0.00000 0.83147 0.55557 0.0947 0.0547
0 31.00000 12.12436 7.00000 -0.00000 0.83147 0.55557 0.0947 0.0547
transfer_grey
0 31.00000 9.89949 9.89949 -0.00000 0.75184 0.65935 0.0773 0.0773
0 32.10000 9.89949 9.89949 -0.00000 0.75184 0.65935 0.0773 0.0773
0 32.10000 11.10695 8.52266 -0.00000 0.75184 0.65935 0.0868 0.0666
transfer_grey
0 31.00000 9.89949 9.89949 -0.00000 0.75184 0.65935 0.0773 0.0773
0 32.10000 11.10695 8.52266 -0.00000 0.75184 0.65935 0.0868 0.0666
0 31.00000 11.10695 8.52266 -0.00000 0.75184 0.65935 0.0868 0.0666
transfer_grey
0 31.00000 8.52266 11.10695 -0.00000 0.65935 0.75184 0.0666 0.0868
0 32.10000 8.52266 11.10695 -0.00000 0.65935 0.75184 0.0666 0.0868
0 32.10000 9.89949 9.89949 -0.00000 0.65935 0.75184 0.0773 0.0773
transfer_grey
0 31.00000 8.52266 11.10695 -0.00000 0.65935 0.75184 0.0666 0.0868
0 32.10000 9.89949 9.89949 -0.00000 0.65935 0.75184 0.0773 0.0773
0 31.00000 9.89949 9.89949 -0.00000 0.65935 0.75184 0.0773 0.0773
transfer_grey
0 31.00000 7.00000 12.12436 -0.00000 0.55557 0.83147 0.0547 0.0947
0 32.10000 7.00000 12.12436 -0.00000 0.55557 0.83147 0.0547 0.0947
0 32.10000 8.52266 11.10695 -0.00000 0.55557 0.83147 0.0666 0.0868
transfer_grey
0 31.00000 7.00000 12.12436 -0.00000 0.55557 0.83147 0.0547 0.0947
0 32.10000 8.52266 11.10695 -0.00000 0.55557 0.83147 0.0666 0.0868
0 31.00000 8.52266 11.10695 -0.00000 0.55557 0.83147 0.0666 0.0868
transfer_grey
0 31.00000 5.35757 12.93431 -0.00000 0.44229 0.89687 0.0419 0.1010
0 32.10000 5.35757 12.93431 -0.00000 0.44229 0.89687 0.0419 0.1010
0 32.10000 7.00000 12.12436 -0.00000 0.44229 0.89687 0.0547 0.0947
transfer_grey
0 31.00000 5.35757 12.93431 -0.00000 0.44229 0.89687 0.0419 0.1010
0 32.10000 7.00000 12.12436 -0.00000 0.44229 0.89687 0.0547 0.0947
0 31.00000 7.00000 12.12436 -0.00000 0.44229 0.89687 0.0547 0.0947
transfer_grey
0 31.00000 3.62347 13.52296 -0.00000 0.32144 0.94693 0.0283 0.1056
0 32.10000 3.62347 13.52296 -0.00000 0.32144 0.94693 0.0283 0.1056
0 32.10000 5.35757 12.93431 -0.00000 0.32144 0.94693 0.0419 0.1010
transfer_grey
0 31.00000 3.62347 13.52296 -0.00000 0.32144 0.94693 0.0283 0.1056
0 32.10000 5.35757 12.93431 -0.00000 0.32144 0.94693 0.0419 0.1010
0 31.00000 5.35757 12.93431 -0.00000 0.32144 0.94693 0.0419 0.1010
transfer_grey
0 31.00000 1.82737 13.88023 -0.00000 0.19509 0.98079 0.0143 0.1084
0 32.10000 1.82737 13.88023 -0.00000 0.19509 0.98079 0.0143 0.1084
0 32.10000 3.62347 13.52296 -0.00000 0.19509 0.98079 0.0283 0.1056
transfer_grey
0 31.00000 1.82737 13.88023 -0.00000 0.19509 0.98079 0.0143 0.1084
0 32.10000 3.62347 13.52296 -0.00000 0.19509 0.98079 0.0283 0.1056
0 31.00000 3.62347 13.52296 -0.00000 0.19509 0.98079 0.0283 0.1056
transfer_grey
0 31.00000 0.00000 14.00000 -0.00000 0.06540 0.99786 0.0000 0.1094
0 32.10000 0.00000 14.00000 -0.00000 0.06540 0.99786 0.0000 0.1094
0 32.10000 1.82737 13.88023 -0.00000 0.06540 0.99786 0.0143 0.1084
transfer_grey
0 31.00000 0.00000 14.00000 -0.00000 0.06540 0.99786 0.0000 0.1094
0 32.10000 1.82737 13.88023 -0.00000 0.06540 0.99786 0.0143 0.1084
0 31.00000 1.82737 13.88023 -0.00000 0.06540 0.99786 0.0143 0.1084
transfer_grey
0 31.00000 -1.82737 13.88023 0.00000 -0.06540 0.99786 0.9857 0.1084
0 32.10000 -1.82737 13.88023 0.00000 -0.06540 0.99786 0.9857 0.1084
0 32.10000 0.00000 14.00000 0.00000 -0.06540 0.99786 0.0000 0.1094
transfer_grey
0 31.00000 -1.82737 13.88023 0.00000 -0.06540 0.99786 0.9857 0.1084
0 32.10000 0.00000 14.00000 0.00000 -0.06540 0.99786 0.0000 0.1094
0 31.00000 0.00000 14.00000 0.00000 -0.06540 0.99786 0.0000 0.1094
transfer_grey
0 31.00000 -3.62347 13.52296 0.00000 -0.19509 0.98079 0.9717 0.1056
0 32.10000 -3.62347 13.52296 0.00000 -0.19509 0.98079 0.9717 0.1056
0 32.10000 -1.82737 13.88023 0.00000 -0.19509 0.98079 0.9857 0.1084
transfer_grey
0 31.00000 -3.62347 13.52296 0.00000 -0.19509 0.98079 0.9717 0.1056
0 32.10000 -1.82737 13.88023 0.00000 -0.19509 0.98079 0.9857 0.1084
0 31.00000 -1.82737 13.88023 0.00000 -0.19509 0.98079 0.9857 0.1084
transfer_grey
0 31.00000 -5.35757 12.93431 0.00000 -0.32144 0.94693 0.9581 0.1010
0 32.10000 -5.35757 12.93431 0.00000 -0.32144 0.94693 0.9581 0.1010
0 32.10000 -3.62347 13.52296 0.00000 -0.32144 0.94693 0.9717 0.1056
transfer_grey
0 31.00000 -5.35757 12.93431 0.00000 -0.32144 0.94693 0.9581 0.1010
0 32.10000 -3.62347 13.52296 0.00000 -0.32144 0.94693 0.9717 0.1056
0 31.00000 -3.62347 13.52296 0.00000 -0.32144 0.94693 0.9717 0.1056
transfer_grey
0 31.00000 -7.00000 12.12436 0.00000 -0.44229 0.89687 0.9453 0.0947
0 32.10000 -7.00000 12.12436 0.00000 -0.44229 0.89687 0.9453 0.0947
0 32.10000 -5.35757 12.93431 0.00000 -0.44229 0.89687 0.9581 0.1010
transfer_grey
0 31.00000 -7.00000 12.12436 0.00000 -0.44229 0.89687 0.9453 0.0947
0 32.10000 -5.35757 12.93431 0.00000 -0.44229 0.89687 0.9581 0.1010
0 31.00000 -5.35757 12.93431 0.00000 -0.44229 0.89687 0.9581 0.1010
transfer_grey
0 31.00000 -8.52266 11.10695 0.00000 -0.55557 0.83147 0.9334 0.0868
0 32.10000 -8.52266 11.10695 0.00000 -0.55557 0.83147 0.9334 0.0868
0 32.10000 -7.00000 12.12436 0.00000 -0.55557 0.83147 0.9453 0.0947
transfer_grey
0 31.00000 -8.52266 11.10695 0.00000 -0.55557 0.83147 0.9334 0.0868
0 32.10000 -7.00000 12.12436 0.00000 -0.55557 0.83147 0.9453 0.0947
0 31.00000 -7.00000 12.12436 0.00000 -0.55557 0.83147 0.9453 0.0947
transfer_grey
0 31.00000 -9.89949 9.89949 0.00000 -0.65935 0.75184 0.9227 0.0773
0 32.10000 -9.89949 9.89949 0.00000 -0.65935 0.75184 0.9227 0.0773
0 32.10000 -8.52266 11.10695 0.00000 -0.65935 0.75184 0.9334 0.0868
transfer_grey
0 31.00000 -9.89949 9.89949 0.00000 -0.65935 0.75184 0.9227 0.0773
0 32.10000 -8.52266 11.10695 0.00000 -0.65935 0.75184 0.9334 0.0868
0 31.00000 -8.52266 11.10695 0.00000 -0.65935 0.75184 0.9334 0.0868
transfer_grey
0 31.00000 -11.10695 8.52266 0.00000 -0.75184 0.65935 0.9132 0.0666
0 32.10000 -11.10695 8.52266 0.00000 -0.75184 0.65935 0.9132 0.0666
0 32.10000 -9.89949 9.89949 0.00000 -0.75184 0.65935 0.9227 0.0773
transfer_grey
0 31.00000 -11.10695 8.52266 0.00000 -0.75184 0.65935 0.9132 0.0666
0 32.10000 -9.89949 9.89949 0.00000 -0.75184 0.65935 0.9227 0.0773
0 31.00000 -9.89949 9.89949 0.00000 -0.75184 0.65935 0.9227 0.0773
transfer_grey
0 31.00000 -12.12436 7.00000 0.00000 -0.83147 0.55557 0.9053 0.0547
0 32.10000 -12.12436 7.00000 0.00000 -0.83147 0.55557 0.9053 0.0547
0 32.10000 -11.10695 8.52266 0.00000 -0.83147 0.55557 0.9132 0.0666
transfer_grey
0 31.00000 -12.12436 7.00000 0.00000 -0.83147 0.55557 0.9053 0.0547
0 32.10000 -11.10695 8.52266 0.00000 -0.83147 0.55557 0.9132 0.0666
0 31.00000 -11.10695 8.52266 0.00000 -0.83147 0.55557 0.9132 0.0666
transfer_grey
0 31.00000 -12.93431 5.35757 0.00000 -0.89687 0.44229 0.8990 0.0419
0 32.10000 -12.93431 5.35757 0.00000 -0.89687 0.44229 0.8990 0.0419
0 32.10000 -12.12436 7.00000 0.00000 -0.89687 0.44229 0.9053 0.0547
transfer_grey
0 31.00000 -12.93431 5.35757 0.00000 -0.89687 0.44229 0.8990 0.0419
0 32.10000 -12.12436 7.00000 0.00000 -0.89687 0.44229 0.9053 0.0547
0 31.00000 -12.12436 7.00000 0.00000 -0.89687 0.44229 0.9053 0.0547
transfer_grey
0 31.00000 -13.52296 3.62347 0.00000 -0.94693 0.32144 0.8944 0.0283
0 32.10000 -13.52296 3.62347 0.00000 -0.94693 0.32144 0.8944 0.0283
0 32.10000 -12.93431 5.35757 0.00000 -0.94693 0.32144 0.8990 0.0419
transfer_grey
0 31.00000 -13.52296 3.62347 0.00000 -0.94693 0.32144 0.8944 0.0283
0 32.10000 -12.93431 5.35757 0.00000 -0.94693 0.32144 0.8990 0.0419
0 31.00000 -12.93431 5.35757 0.00000 -0.94693 0.32144 0.8990 0.0419
transfer_grey
0 31.00000 -13.88023 1.82737 0.00000 -0.98079 0.19509 0.8916 0.0143
0 32.10000 -13.88023 1.82737 0.00000 -0.98079 0.19509 0.8916 0.0143
0 32.10000 -13.52296 3.62347 0.00000 -0.98079 0.19509 0.8944 0.0283
transfer_grey
0 31.00000 -13.88023 1.82737 0.00000 -0.98079 0.19509 0.8916 0.0143
0 32.10000 -13.52296 3.62347 0.00000 -0.98079 0.19509 0.8944 0.0283
0 31.00000 -13.52296 3.62347 0.00000 -0.98079 0.19509 0.8944 0.0283
transfer_grey
0 31.00000 -14.00000 0.00000 0.00000 -0.99786 0.06540 0.8906 0.0000
0 32.10000 -14.00000 0.00000 0.00000 -0.99786 0.06540 0.8906 0.0000
0 32.10000 -13.88023 1.82737 0.00000 -0.99786 0.06540 0.8916 0.0143
transfer_grey
0 31.00000 -14.00000 0.00000 0.00000 -0.99786 0.06540 0.8906 0.0000
0 32.10000 -13.88023 1.82737 0.00000 -0.99786 0.06540 0.8916 0.0143
0 31.00000 -13.88023 1.82737 0.00000 -0.99786 0.06540 0.8916 0.0143
transfer_grey
0 31.00000 -13.88023 -1.82737 0.00000 -0.99786 -0.06540 0.8916 0.9857
0 32.10000 -13.88023 -1.82737 0.00000 -0.99786 -0.06540 0.8916 0.9857
0 32.10000 -14.00000 0.00000 0.00000 -0.99786 -0.06540 0.8906 0.0000
transfer_grey
0 31.00000 -13.88023 -1.82737 0.00000 -0.99786 -0.06540 0.8916 0.9857
0 32.10000 -14.00000 0.00000 0.00000 -0.99786 -0.06540 0.8906 0.0000
0 31.00000 -14.00000 0.00000 0.00000 -0.99786 -0.06540 0.8906 0.0000
transfer_grey
0 31.00000 -13.52296 -3.62347 0.00000 -0.98079 -0.19509 0.8944 0.9717
0 32.10000 -13.52296 -3.62347 0.00000 -0.98079 -0.19509 0.8944 0.9717
0 32.10000 -13.88023 -1.82737 0.00000 -0.98079 -0.19509 0.8916 0.9857
transfer_grey
0 31.00000 -13.52296 -3.62347 0.00000 -0.98079 -0.19509 0.8944 0.9717
0 32.10000 -13.88023 -1.82737 0.00000 -0.98079 -0.19509 0.8916 0.9857
0 31.00000 -13.88023 -1.82737 0.00000 -0.98079 -0.19509 0.8916 0.9857
transfer_grey
0 31.00000 -12.93431 -5.35757 0.00000 -0.94693 -0.32144 0.8990 0.9581
0 32.10000 -12.93431 -5.35757 0.00000 -0.94693 -0.32144 0.8990 0.9581
0 32.10000 -13.52296 -3.62347 0.00000 -0.94693 -0.32144 0.8944 0.9717
transfer_grey
0 31.00000 -12.93431 -5.35757 0.00000 -0.94693 -0.32144 0.8990 0.9581
0 32.10000 -13.52296 -3.62347 0.00000 -0.94693 -0.32144 0.8944 0.9717
0 31.00000 -13.52296 -3.62347 0.00000 -0.94693 -0.32144 0.8944 0.9717
transfer_grey
0 31.00000 -12.12436 -7.00000 0.00000 -0.89687 -0.44229 0.9053 0.9453
0 32.10000 -12.12436 -7.00000 0.00000 -0.89687 -0.44229 0.9053 0.9453
0 32.10000 -12.93431 -5.35757 0.00000 -0.89687 -0.44229 0.8990 0.9581
transfer_grey
0 31.00000 -12.12436 -7.00000 0.00000 -0.89687 -0.44229 0.9053 0.9453
0 32.10000 -12.93431 -5.35757 0.00000 -0.89687 -0.44229 0.8990 0.9581
0 31.00000 -12.93431 -5.35757 0.00000 -0.89687 -0.44229 0.8990 0.9581
transfer_grey
0 31.00000 -11.10695 -8.52266 0.00000 -0.83147 -0.55557 0.9132 0.9334
0 32.10000 -11.10695 -8.52266 0.00000 -0.83147 -0.55557 0.9132 0.9334
0 32.10000 -12.12436 -7.00000 0.00000 -0.83147 -0.55557 0.9053 0.9453
transfer_grey
0 31.00000 -11.10695 -8.52266 0.00000 -0.83147 -0.55557 0.9132 0.9334
0 32.10000 -12.12436 -7.00000 0.00000 -0.83147 -0.55557 0.9053 0.9453
0 31.00000 -12.12436 -7.00000 0.00000 -0.83147 -0.55557 0.9053 0.9453
transfer_grey
0 31.00000 -9.89949 -9.89949 0.00000 -0.75184 -0.65935 0.9227 0.9227
0 32.10000 -9.89949 -9.89949 0.00000 -0.75184 -0.65935 0.9227 0.9227
0 32.10000 -11.10695 -8.52266 0.00000 -0.75184 -0.65935 0.9132 0.9334
transfer_grey
0 31.00000 -9.89949 -9.89949 0.00000 -0.75184 -0.65935 0.9227 0.9227
0 32.10000 -11.10695 -8.52266 0.00000 -0.75184 -0.65935 0.9132 0.9334
0 31.00000 -11.10695 -8.52266 0.00000 -0.75184 -0.65935 0.9132 0.9334
transfer_grey
0 31.00000 -8.52266 -11.10695 0.00000 -0.65935 -0.75184 0.9334 0.9132
0 32.10000 -8.52266 -11.10695 0.00000 -0.65935 -0.75184 0.9334 0.9132
0 32.10000 -9.89949 -9.89949 0.00000 -0.65935 -0.75184 0.9227 0.9227
transfer_grey
0 31.00000 -8.52266 -11.10695 0.00000 -0.65935 -0.75184 0.9334 0.9132
0 32.10000 -9.89949 -9.89949 0.00000 -0.65935 -0.75184 0.9227 0.9227
0 31.00000 -9.89949 -9.89949 0.00000 -0.65935 -0.75184 0.9227 0.9227
transfer_grey
0 31.00000 -7.00000 -12.12436 0.00000 -0.55557 -0.83147 0.9453 0.9053
0 32.10000 -7.00000 -12.12436 0.00000 -0.55557 -0.83147 0.9453 0.9053
0 32.10000 -8.52266 -11.10695 0.00000 -0.55557 -0.83147 0.9334 0.9132
transfer_grey
0 31.00000 -7.00000 -12.12436 0.00000 -0.55557 -0.83147 0.9453 0.9053
0 32.10000 -8.52266 -11.10695 0.00000 -0.55557 -0.83147 0.9334 0.9132
0 31.00000 -8.52266 -11.10695 0.00000 -0.55557 -0.83147 0.9334 0.9132
transfer_grey
0 31.00000 -5.35757 -12.93431 0.00000 -0.44229 -0.89687 0.9581 0.8990
0 32.10000 -5.35757 -12.93431 0.00000 -0.44229 -0.89687 0.9581 0.8990
0 32.10000 -7.00000 -12.12436 0.00000 -0.44229 -0.89687 0.9453 0.9053
transfer_grey
0 31.00000 -5.35757 -12.93431 0.00000 -0.44229 -0.89687 0.9581 0.8990
0 32.10000 -7.00000 -12.12436 0.00000 -0.44229 -0.89687 0.9453 0.9053
0 31.00000 -7.00000 -12.12436 0.00000 -0.44229 -0.89687 0.9453 0.9053
transfer_grey
0 31.00000 -3.62347 -13.52296 0.00000 -0.32144 -0.94693 0.9717 0.8944
0 32.10000 -3.62347 -13.52296 0.00000 -0.32144 -0.94693 0.9717 0.8944
0 32.10000 -5.35757 -12.93431 0.00000 -0.32144 -0.94693 0.9581 0.8990
transfer_grey
0 31.00000 -3.62347 -13.52296 0.00000 -0.32144 -0.94693 0.9717 0.8944
0 32.10000 -5.35757 -12.93431 0.00000 -0.32144 -0.94693 0.9581 0.8990
0 31.00000 -5.35757 -12.93431 0.00000 -0.32144 -0.94693 0.9581 0.8990
transfer_grey
0 31.00000 -1.82737 -13.88023 0.00000 -0.19509 -0.98079 0.9857 0.8916
0 32.10000 -1.82737 -13.88023 0.00000 -0.19509 -0.98079 0.9857 0.8916
0 32.10000 -3.62347 -13.52296 0.00000 -0.19509 -0.98079 0.9717 0.8944
transfer_grey
0 31.00000 -1.82737 -13.88023 0.00000 -0.19509 -0.98079 0.9857 0.8916
0 32.10000 -3.62347 -13.52296 0.00000 -0.19509 -0.98079 0.9717 0.8944
0 31.00000 -3.62347 -13.52296 0.00000 -0.19509 -0.98079 0.9717 0.8944
transfer_grey
0 31.00000 -0.00000 -14.00000 0.00000 -0.06540 -0.99786 1.0000 0.8906
0 32.10000 -0.00000 -14.00000 0.00000 -0.06540 -0.99786 1.0000 0.8906
0 32.10000 -1.82737 -13.88023 0.00000 -0.06540 -0.99786 0.9857 0.8916
transfer_grey
0 31.00000 -0.00000 -14.00000 0.00000 -0.06540 -0.99786 1.0000 0.8906
0 32.10000 -1.82737 -13.88023 0.00000 -0.06540 -0.99786 0.9857 0.8916
0 31.00000 -1.82737 -13.88023 0.00000 -0.06540 -0.99786 0.9857 0.8916
transfer_grey
0 31.00000 1.82737 -13.88023 0.00000 0.06540 -0.99786 0.0143 0.8916
0 32.10000 1.82737 -13.88023 0.00000 0.06540 -0.99786 0.0143 0.8916
0 32.10000 -0.00000 -14.00000 0.00000 0.06540 -0.99786 1.0000 0.8906
transfer_grey
0 31.00000 1.82737 -13.88023 0.00000 0.06540 -0.99786 0.0143 0.8916
0 32.10000 -0.00000 -14.00000 0.00000 0.06540 -0.99786 1.0000 0.8906
0 31.00000 -0.00000 -14.00000 0.00000 0.06540 -0.99786 1.0000 0.8906
transfer_grey
0 31.00000 3.62347 -13.52296 0.00000 0.19509 -0.98079 0.0283 0.8944
0 32.10000 3.62347 -13.52296 0.00000 0.19509 -0.98079 0.0283 0.8944
0 32.10000 1.82737 -13.88023 0.00000 0.19509 -0.98079 0.0143 0.8916
transfer_grey
0 31.00000 3.62347 -13.52296 0.00000 0.19509 -0.98079 0.0283 0.8944
0 32.10000 1.82737 -13.88023 0.00000 0.19509 -0.98079 0.0143 0.8916
0 31.00000 1.82737 -13.88023 0.00000 0.19509 -0.98079 0.0143 0.8916
transfer_grey
0 31.00000 5.35757 -12.93431 0.00000 0.32144 -0.94693 0.0419 0.8990
0 32.10000 5.35757 -12.93431 0.00000 0.32144 -0.94693 0.0419 0.8990
0 32.10000 3.62347 -13.52296 0.00000 0.32144 -0.94693 0.0283 0.8944
transfer_grey
0 31.00000 5.35757 -12.93431 0.00000 0.32144 -0.94693 0.0419 0.8990
0 32.10000 3.62347 -13.52296 0.00000 0.32144 -0.94693 0.0283 0.8944
0 31.00000 3.62347 -13.52296 0.00000 0.32144 -0.94693 0.0283 0.8944
transfer_grey
0 31.00000 7.00000 -12.12436 0.00000 0.44229 -0.89687 0.0547 0.9053
0 32.10000 7.00000 -12.12436 0.00000 0.44229 -0.89687 0.0547 0.9053
0 32.10000 5.35757 -12.93431 0.00000 0.44229 -0.89687 0.0419 0.8990
transfer_grey
0 31.00000 7.00000 -12.12436 0.00000 0.44229 -0.89687 0.0547 0.9053
0 32.10000 5.35757 -12.93431 0.00000 0.44229 -0.89687 0.0419 0.8990
0 31.00000 5.35757 -12.93431 0.00000 0.44229 -0.89687 0.0419 0.8990
transfer_grey
0 31.00000 8.52266 -11.10695 0.00000 0.55557 -0.83147 0.0666 0.9132
0 32.10000 8.52266 -11.10695 0.00000 0.55557 -0.83147 0.0666 0.9132
0 32.10000 7.00000 -12.12436 0.00000 0.55557 -0.83147 0.0547 0.9053
transfer_grey
0 31.00000 8.52266 -11.10695 0.00000 0.55557 -0.83147 0.0666 0.9132
0 32.10000 7.00000 -12.12436 0.00000 0.55557 -0.83147 0.0547 0.9053
0 31.00000 7.00000 -12.12436 0.00000 0.55557 -0.83147 0.0547 0.9053
transfer_grey
0 31.00000 9.89949 -9.89949 0.00000 0.65935 -0.75184 0.0773 0.9227
0 32.10000 9.89949 -9.89949 0.00000 0.65935 -0.75184 0.0773 0.9227
0 32.10000 8.52266 -11.10695 0.00000 0.65935 -0.75184 0.0666 0.9132
transfer_grey
0 31.00000 9.89949 -9.89949 0.00000 0.65935 -0.75184 0.0773 0.9227
0 32.10000 8.52266 -11.10695 0.00000 0.65935 -0.75184 0.0666 0.9132
0 31.00000 8.52266 -11.10695 0.00000 0.65935 -0.75184 0.0666 0.9132
transfer_grey
0 31.00000 11.10695 -8.52266 0.00000 0.75184 -0.65935 0.0868 0.9334
0 32.10000 11.10695 -8.52266 0.00000 0.75184 -0.65935 0.0868 0.9334
0 32.10000 9.89949 -9.89949 0.00000 0.75184 -0.65935 0.0773 0.9227
transfer_grey
0 31.00000 11.10695 -8.52266 0.00000 0.75184 -0.65935 0.0868 0.9334
0 32.10000 9.89949 -9.89949 0.00000 0.75184 -0.65935 0.0773 0.9227
0 31.00000 9.89949 -9.89949 0.00000 0.75184 -0.65935 0.0773 0.9227
transfer_grey
0 31.00000 12.12436 -7.00000 0.00000 0.83147 -0.55557 0.0947 0.9453
0 32.10000 12.12436 -7.00000 0.00000 0.83147 -0.55557 0.0947 0.9453
0 32.10000 11.10695 -8.52266 0.00000 0.83147 -0.55557 0.0868 0.9334
transfer_grey
0 31.00000 12.12436 -7.00000 0.00000 0.83147 -0.55557 0.0947 0.9453
0 32.10000 11.10695 -8.52266 0.00000 0.83147 -0.55557 0.0868 0.9334
0 31.00000 11.10695 -8.52266 0.00000 0.83147 -0.55557 0.0868 0.9334
transfer_grey
0 31.00000 12.93431 -5.35757 0.00000 0.89687 -0.44229 0.1010 0.9581
0 32.10000 12.93431 -5.35757 0.00000 0.89687 -0.44229 0.1010 0.9581
0 32.10000 12.12436 -7.00000 0.00000 0.89687 -0.44229 0.0947 0.9453
transfer_grey
0 31.00000 12.93431 -5.35757 0.00000 0.89687 -0.44229 0.1010 0.9581
0 32.10000 12.12436 -7.00000 0.00000 0.89687 -0.44229 0.0947 0.9453
0 31.00000 12.12436 -7.00000 0.00000 0.89687 -0.44229 0.0947 0.9453
transfer_grey
0 31.00000 13.52296 -3.62347 0.00000 0.94693 -0.32144 0.1056 0.9717
0 32.10000 13.52296 -3.62347 0.00000 0.94693 -0.32144 0.1056 0.9717
0 32.10000 12.93431 -5.35757 0.00000 0.94693 -0.32144 0.1010 0.9581
transfer_grey
0 31.00000 13.52296 -3.62347 0.00000 0.94693 -0.32144 0.1056 0.9717
0 32.10000 12.93431 -5.35757 0.00000 0.94693 -0.32144 0.1010 0.9581
0 31.00000 12.93431 -5.35757 0.00000 0.94693 -0.32144 0.1010 0.9581
transfer_grey
0 31.00000 13.88023 -1.82737 0.00000 0.98079 -0.19509 0.1084 0.9857
0 32.10000 13.88023 -1.82737 0.00000 0.98079 -0.19509 0.1084 0.9857
0 32.10000 13.52296 -3.62347 0.00000 0.98079 -0.19509 0.1056 0.9717
transfer_grey
0 31.00000 13.88023 -1.82737 0.00000 0.98079 -0.19509 0.1084 0.9857
0 32.10000 13.52296 -3.62347 0.00000 0.98079 -0.19509 0.1056 0.9717
0 31.00000 13.52296 -3.62347 0.00000 0.98079 -0.19509 0.1056 0.9717
transfer_grey
0 31.00000 14.00000 -0.00000 0.00000 0.99786 -0.06540 0.1094 1.0000
0 32.10000 14.00000 -0.00000 0.00000 0.99786 -0.06540 0.1094 1.0000
0 32.10000 13.88023 -1.82737 0.00000 0.99786 -0.06540 0.1084 0.9857
transfer_grey
0 31.00000 14.00000 -0.00000 0.00000 0.99786 -0.06540 0.1094 1.0000
0 32.10000 13.88023 -1.82737 0.00000 0.99786 -0.06540 0.1084 0.9857
0 31.00000 13.88023 -1.82737 0.00000 0.99786 -0.06540 0.1084 0.9857
transfer_grey
0 32.10000 13.88023 1.82737 1.00000 0.00000 0.00000 0.1084 0.0143
0 32.10000 13.28536 1.74905 1.00000 0.00000 0.00000 0.1038 0.0137
0 32.10000 13.40000 0.00000 1.00000 0.00000 0.00000 0.1047 0.0000
transfer_grey
0 32.10000 13.88023 1.82737 1.00000 0.00000 0.00000 0.1084 0.0143
0 32.10000 13.40000 0.00000 1.00000 0.00000 0.00000 0.1047 0.0000
0 32.10000 14.00000 0.00000 1.00000 0.00000 0.00000 0.1094 0.0000
transfer_grey
0 32.10000 13.52296 3.62347 1.00000 0.00000 0.00000 0.1056 0.0283
0 32.10000 12.94341 3.46818 1.00000 0.00000 0.00000 0.1011 0.0271
0 32.10000 13.28536 1.74905 1.00000 0.00000 0.00000 0.1038 0.0137
transfer_grey
0 32.10000 13.52296 3.62347 1.00000 0.00000 0.00000 0.1056 0.0283
0 32.10000 13.28536 1.74905 1.00000 0.00000 0.00000 0.1038 0.0137
0 32.10000 13.88023 1.82737 1.00000 0.00000 0.00000 0.1084 0.0143
transfer_grey
0 32.10000 12.93431 5.35757 1.00000 0.00000 0.00000 0.1010 0.0419
0 32.10000 12.37999 5.12796 1.00000 0.00000 0.00000 0.0967 0.0401
0 32.10000 12.94341 3.46818 1.00000 0.00000 0.00000 0.1011 0.0271
transfer_grey
0 32.10000 12.93431 5.35757 1.00000 0.00000 0.00000 0.1010 0.0419
0 32.10000 12.94341 3.46818 1.00000 0.00000 0.00000 0.1011 0.0271
0 32.10000 13.52296 3.62347 1.00000 0.00000 0.00000 0.1056 0.0283
transfer_grey
0 32.10000 12.12436 7.00000 1.00000 0.00000 0.00000 0.0947 0.0547
0 32.10000 11.60474 6.70000 1.00000 0.00000 0.00000 0.0907 0.0523
0 32.10000 12.37999 5.12796 1.00000 0.00000 0.00000 0.0967 0.0401
transfer_grey
0 32.10000 12.12436 7.00000 1.00000 0.00000 0.00000 0.0947 0.0547
0 32.10000 12.37999 5.12796 1.00000 0.00000 0.00000 0.0967 0.0401
0 32.10000 12.93431 5.35757 1.00000 0.00000 0.00000 0.1010 0.0419
transfer_grey
0 32.10000 11.10695 8.52266 1.00000 0.00000 0.00000 0.0868 0.0666
0 32.10000 10.63093 8.15740 1.00000 0.00000 0.00000 0.0831 0.0637
0 32.10000 11.60474 6.70000 1.00000 0.00000 0.00000 0.0907 0.0523
transfer_grey
0 32.10000 11.10695 8.52266 1.00000 0.00000 0.00000 0.0868 0.0666
0 32.10000 11.60474 6.70000 1.00000 0.00000 0.00000 0.0907 0.0523
0 32.10000 12.12436 7.00000 1.00000 0.00000 0.00000 0.0947 0.0547
transfer_grey
0 32.10000 9.89949 9.89949 1.00000 0.00000 0.00000 0.0773 0.0773
0 32.10000 9.47523 9.47523 1.00000 0.00000 0.00000 0.0740 0.0740
0 32.10000 10.63093 8.15740 1.00000 0.00000 0.00000 0.0831 0.0637
transfer_grey
0 32.10000 9.89949 9.89949 1.00000 0.00000 0.00000 0.0773 0.0773
0 32.10000 10.63093 8.15740 1.00000 0.00000 0.00000 0.0831 0.0637
0 32.10000 11.10695 8.52266 1.00000 0.00000 0.00000 0.0868 0.0666
transfer_grey
0 32.10000 8.52266 11.10695 1.00000 0.00000 0.00000 0.0666 0.0868
0 32.10000 8.15740 10.63093 1.00000 0.00000 0.00000 0.0637 0.0831
0 32.10000 9.47523 9.47523 1.00000 0.00000 0.00000 0.0740 0.0740
transfer_grey
0 32.10000 8.52266 11.10695 1.00000 0.00000 0.00000 0.0666 0.0868
0 32.10000 9.47523 9.47523 1.00000 0.00000 0.00000 0.0740 0.0740
0 32.10000 9.89949 9.89949 1.00000 0.00000 0.00000 0.0773 0.0773
transfer_grey
0 32.10000 7.00000 12.12436 1.00000 0.00000 0.00000 0.0547 0.0947
0 32.10000 6.70000 11.60474 1.00000 0.00000 0.00000 0.0523 0.0907
0 32.10000 8.15740 10.63093 1.00000 0.00000 0.00000 0.0637 0.0831
transfer_grey
0 32.10000 7.00000 12.12436 1.00000 0.00000 0.00000 0.0547 0.0947
0 32.10000 8.15740 10.63093 1.00000 0.00000 0.00000 0.0637 0.0831
0 32.10000 8.52266 11.10695 1.00000 0.00000 0.00000 0.0666 0.0868
transfer_grey
0 32.10000 5.35757 12.93431 1.00000 0.00000 0.00000 0.0419 0.1010
0 32.10000 5.12796 12.37999 1.00000 0.00000 0.00000 0.0401 0.0967
0 32.10000 6.70000 11.60474 1.00000 0.00000 0.00000 0.0523 0.0907
transfer_grey
0 32.10000 5.35757 12.93431 1.00000 0.00000 0.00000 0.0419 0.1010
0 32.10000 6.70000 11.60474 1.00000 0.00000 0.00000 0.0523 0.0907
0 32.10000 7.00000 12.12436 1.00000 0.00000 0.00000 0.0547 0.0947
transfer_grey
0 32.10000 3.62347 13.52296 1.00000 0.00000 0.00000 0.0283 0.1056
0 32.10000 3.46818 12.94341 1.00000 0.00000 0.00000 0.0271 0.1011
0 32.10000 5.12796 12.37999 1.00000 0.00000 0.00000 0.0401 0.0967
transfer_grey
0 32.10000 3.62347 13.52296 1.00000 0.00000 0.00000 0.0283 0.1056
0 32.10000 5.12796 12.37999 1.00000 0.00000 0.00000 0.0401 0.0967
0 32.10000 5.35757 12.93431 1.00000 0.00000 0.00000 0.0419 0.1010
transfer_grey
0 32.10000 1.82737 13.88023 1.00000 0.00000 0.00000 0.0143 0.1084
0 32.10000 1.74905 13.28536 1.00000 0.00000 0.00000 0.0137 0.1038
0 32.10000 3.46818 12.94341 1.00000 0.00000 0.00000 0.0271 0.1011
transfer_grey
0 32.10000 1.82737 13.88023 1.00000 0.00000 0.00000 0.0143 0.1084
0 32.10000 3.46818 12.94341 1.00000 0.00000 0.00000 0.0271 0.1011
0 32.10000 3.62347 13.52296 1.00000 0.00000 0.00000 0.0283 0.1056
transfer_grey
0 32.10000 0.00000 14.00000 1.00000 0.00000 0.00000 0.0000 0.1094
0 32.10000 0.00000 13.40000 1.00000 0.00000 0.00000 0.0000 0.1047
0 32.10000 1.74905 13.28536 1.00000 0.00000 0.00000 0.0137 0.1038
transfer_grey
0 32.10000 0.00000 14.00000 1.00000 0.00000 0.00000 0.0000 0.1094
0 32.10000 1.74905 13.28536 1.00000 0.00000 0.00000 0.0137 0.1038
0 32.10000 1.82737 13.88023 1.00000 0.00000 0.00000 0.0143 0.1084
transfer_grey
0 32.10000 -1.82737 13.88023 1.00000 0.00000 0.00000 0.9857 0.1084
0 32.10000 -1.74905 13.28536 1.00000 0.00000 0.00000 0.9863 0.1038
0 32.10000 0.00000 13.40000 1.00000 0.00000 0.00000 0.0000 0.1047
transfer_grey
0 32.10000 -1.82737 13.88023 1.00000 0.00000 0.00000 0.9857 0.1084
0 32.10000 0.00000 13.40000 1.00000 0.00000 0.00000 0.0000 0.1047
0 32.10000 0.00000 14.00000 1.00000 0.00000 0.00000 0.0000 0.1094
transfer_grey
0 32.10000 -3.62347 13.52296 1.00000 0.00000 0.00000 0.9717 0.1056
0 32.10000 -3.46818 12.94341 1.00000 0.00000 0.00000 0.9729 0.1011
0 32.10000 -1.74905 13.28536 1.00000 0.00000 0.00000 0.9863 0.1038
transfer_grey
0 32.10000 -3.62347 13.52296 1.00000 0.00000 0.00000 0.9717 0.1056
0 32.10000 -1.74905 13.28536 1.00000 0.00000 0.00000 0.9863 0.1038
0 32.10000 -1.82737 13.88023 1.00000 0.00000 0.00000 0.9857 0.1084
transfer_grey
0 32.10000 -5.35757 12.93431 1.00000 -0.00000 0.00000 0.9581 0.1010
0 32.10000 -5.12796 12.37999 1.00000 -0.00000 0.00000 0.9599 0.0967
0 32.10000 -3.46818 12.94341 1.00000 -0.00000 0.00000 0.9729 0.1011
transfer_grey
0 32.10000 -5.35757 12.93431 1.00000 -0.00000 0.00000 0.9581 0.1010
0 32.10000 -3.46818 12.94341 1.00000 -0.00000 0.00000 0.9729 0.1011
0 32.10000 -3.62347 13.52296 1.00000 -0.00000 0.00000 0.9717 0.1056
transfer_grey
0 32.10000 -7.00000 12.12436 1.00000 -0.00000 0.00000 0.9453 0.0947
0 32.10000 -6.70000 11.60474 1.00000 -0.00000 0.00000 0.9477 0.0907
0 32.10000 -5.12796 12.37999 1.00000 -0.00000 0.00000 0.9599 0.0967
transfer_grey
0 32.10000 -7.00000 12.12436 1.00000 -0.00000 0.00000 0.9453 0.0947
0 32.10000 -5.12796 12.37999 1.00000 -0.00000 0.00000 0.9599 0.0967
0 32.10000 -5.35757 12.93431 1.00000 -0.00000 0.00000 0.9581 0.1010
transfer_grey
0 32.10000 -8.52266 11.10695 1.00000 -0.00000 0.00000 0.9334 0.0868
0 32.10000 -8.15740 10.63093 1.00000 -0.00000 0.00000 0.9363 0.0831
0 32.10000 -6.70000 11.60474 1.00000 -0.00000 0.00000 0.9477 0.0907
transfer_grey
0 32.10000 -8.52266 11.10695 1.00000 -0.00000 0.00000 0.9334 0.0868
0 32.10000 -6.70000 11.60474 1.00000 -0.00000 0.00000 0.9477 0.0907
0 32.10000 -7.00000 12.12436 1.00000 -0.00000 0.00000 0.9453 0.0947
transfer_grey
0 32.10000 -9.89949 9.89949 1.00000 -0.00000 0.00000 0.9227 0.0773
0 32.10000 -9.47523 9.47523 1.00000 -0.00000 0.00000 0.9260 0.0740
0 32.10000 -8.15740 10.63093 1.00000 -0.00000 0.00000 0.9363 0.0831
transfer_grey
0 32.10000 -9.89949 9.89949 1.00000 -0.00000 0.00000 0.9227 0.0773
0 32.10000 -8.15740 10.63093 1.00000 -0.00000 0.00000 0.9363 0.0831
0 32.10000 -8.52266 11.10695 1.00000 -0.00000 0.00000 0.9334 0.0868
transfer_grey
0 32.10000 -11.10695 8.52266 1.00000 -0.00000 0.00000 0.9132 0.0666
0 32.10000 -10.63093 8.15740 1.00000 -0.00000 0.00000 0.9169 0.0637
0 32.10000 -9.47523 9.47523 1.00000 -0.00000 0.00000 0.9260 0.0740
transfer_grey
0 32.10000 -11.10695 8.52266 1.00000 -0.00000 0.00000 0.9132 0.0666
0 32.10000 -9.47523 9.47523 1.00000 -0.00000 0.00000 0.9260 0.0740
0 32.10000 -9.89949 9.89949 1.00000 -0.00000 0.00000 0.9227 0.0773
transfer_grey
0 32.10000 -12.12436 7.00000 1.00000 -0.00000 0.00000 0.9053 0.0547
0 32.10000 -11.60474 6.70000 1.00000 -0.00000 0.00000 0.9093 0.0523
0 32.10000 -10.63093 8.15740 1.00000 -0.00000 0.00000 0.9169 0.0637
transfer_grey
0 32.10000 -12.12436 7.00000 1.00000 -0.00000 0.00000 0.9053 0.0547
0 32.10000 -10.63093 8.15740 1.00000 -0.00000 0.00000 0.9169 0.0637
0 32.10000 -11.10695 8.52266 1.00000 -0.00000 0.00000 0.9132 0.0666
transfer_grey
0 32.10000 -12.93431 5.35757 1.00000 -0.00000 0.00000 0.8990 0.0419
0 32.10000 -12.37999 5.12796 1.00000 -0.00000 0.00000 0.9033 0.0401
0 32.10000 -11.60474 6.70000 1.00000 -0.00000 0.00000 0.9093 0.0523
transfer_grey
0 32.10000 -12.93431 5.35757 1.00000 -0.00000 0.00000 0.8990 0.0419
0 32.10000 -11.60474 6.70000 1.00000 -0.00000 0.00000 0.9093 0.0523
0 32.10000 -12.12436 7.00000 1.00000 -0.00000 0.00000 0.9053 0.0547
transfer_grey
0 32.10000 -13.52296 3.62347 1.00000 -0.00000 0.00000 0.8944 0.0283
0 32.10000 -12.94341 3.46818 1.00000 -0.00000 0.00000 0.8989 0.0271
0 32.10000 -12.37999 5.12796 1.00000 -0.00000 0.00000 0.9033 0.0401
transfer_grey
0 32.10000 -13.52296 3.62347 1.00000 -0.00000 0.00000 0.8944 0.0283
0 32.10000 -12.37999 5.12796 1.00000 -0.00000 0.00000 0.9033 0.0401
0 32.10000 -12.93431 5.35757 1.00000 -0.00000 0.00000 0.8990 0.0419
transfer_grey
0 32.10000 -13.88023 1.82737 1.00000 -0.00000 0.00000 0.8916 0.0143
0 32.10000 -13.28536 1.74905 1.00000 -0.00000 0.00000 0.8962 0.0137
0 32.10000 -12.94341 3.46818 1.00000 -0.00000 0.00000 0.8989 0.0271
transfer_grey
0 32.10000 -13.88023 1.82737 1.00000 -0.00000 0.00000 0.8916 0.0143
0 32.10000 -12.94341 3.46818 1.00000 -0.00000 0.00000 0.8989 0.0271
0 32.10000 -13.52296 3.62347 1.00000 -0.00000 0.00000 0.8944 0.0283
transfer_grey
0 32.10000 -14.00000 0.00000 1.00000 -0.00000 0.00000 0.8906 0.0000
0 32.10000 -13.40000 0.00000 1.00000 -0.00000 0.00000 0.8953 0.0000
0 32.10000 -13.28536 1.74905 1.00000 -0.00000 0.00000 0.8962 0.0137
transfer_grey
0 32.10000 -14.00000 0.00000 1.00000 -0.00000 0.00000 0.8906 0.0000
0 32.10000 -13.28536 1.74905 1.00000 -0.00000 0.00000 0.8962 0.0137
0 32.10000 -13.88023 1.82737 1.00000 -0.00000 0.00000 0.8916 0.0143
transfer_grey
0 32.10000 -13.88023 -1.82737 1.00000 0.00000 0.00000 0.8916 0.9857
0 32.10000 -13.28536 -1.74905 1.00000 0.00000 0.00000 0.8962 0.9863
0 32.10000 -13.40000 0.00000 1.00000 0.00000 0.00000 0.8953 0.0000
transfer_grey
0 32.10000 -13.88023 -1.82737 1.00000 0.00000 0.00000 0.8916 0.9857
0 32.10000 -13.40000 0.00000 1.00000 0.00000 0.00000 0.8953 0.0000
0 32.10000 -14.00000 0.00000 1.00000 0.00000 0.00000 0.8906 0.0000
transfer_grey
0 32.10000 -13.52296 -3.62347 1.00000 0.00000 0.00000 0.8944 0.9717
0 32.10000 -12.94341 -3.46818 1.00000 0.00000 0.00000 0.8989 0.9729
0 32.10000 -13.28536 -1.74905 1.00000 0.00000 0.00000 0.8962 0.9863
transfer_grey
0 32.10000 -13.52296 -3.62347 1.00000 0.00000 0.00000 0.8944 0.9717
0 32.10000 -13.28536 -1.74905 1.00000 0.00000 0.00000 0.8962 0.9863
0 32.10000 -13.88023 -1.82737 1.00000 0.00000 0.00000 0.8916 0.9857
transfer_grey
0 32.10000 -12.93431 -5.35757 1.00000 0.00000 -0.00000 0.8990 0.9581
0 32.10000 -12.37999 -5.12796 1.00000 0.00000 -0.00000 0.9033 0.9599
0 32.10000 -12.94341 -3.46818 1.00000 0.00000 -0.00000 0.8989 0.9729
transfer_grey
0 32.10000 -12.93431 -5.35757 1.00000 0.00000 -0.00000 0.8990 0.9581
0 32.10000 -12.94341 -3.46818 1.00000 0.00000 -0.00000 0.8989 0.9729
0 32.10000 -13.52296 -3.62347 1.00000 0.00000 -0.00000 0.8944 0.9717
transfer_grey
0 32.10000 -12.12436 -7.00000 1.00000 0.00000 -0.00000 0.9053 0.9453
0 32.10000 -11.60474 -6.70000 1.00000 0.00000 -0.00000 0.9093 0.9477
0 32.10000 -12.37999 -5.12796 1.00000 0.00000 -0.00000 0.9033 0.9599
transfer_grey
0 32.10000 -12.12436 -7.00000 1.00000 0.00000 -0.00000 0.9053 0.9453
0 32.10000 -12.37999 -5.12796 1.00000 0.00000 -0.00000 0.9033 0.9599
0 32.10000 -12.93431 -5.35757 1.00000 0.00000 -0.00000 0.8990 0.9581
transfer_grey
0 32.10000 -11.10695 -8.52266 1.00000 0.00000 -0.00000 0.9132 0.9334
0 32.10000 -10.63093 -8.15740 1.00000 0.00000 -0.00000 0.9169 0.9363
0 32.10000 -11.60474 -6.70000 1.00000 0.00000 -0.00000 0.9093 0.9477
transfer_grey
0 32.10000 -11.10695 -8.52266 1.00000 0.00000 -0.00000 0.9132 0.9334
0 32.10000 -11.60474 -6.70000 1.00000 0.00000 -0.00000 0.9093 0.9477
0 32.10000 -12.12436 -7.00000 1.00000 0.00000 -0.00000 0.9053 0.9453
transfer_grey
0 32.10000 -9.89949 -9.89949 1.00000 0.00000 -0.00000 0.9227 0.9227
0 32.10000 -9.47523 -9.47523 1.00000 0.00000 -0.00000 0.9260 0.9260
0 32.10000 -10.63093 -8.15740 1.00000 0.00000 -0.00000 0.9169 0.9363
transfer_grey
0 32.10000 -9.89949 -9.89949 1.00000 0.00000 -0.00000 0.9227 0.9227
0 32.10000 -10.63093 -8.15740 1.00000 0.00000 -0.00000 0.9169 0.9363
0 32.10000 -11.10695 -8.52266 1.00000 0.00000 -0.00000 0.9132 0.9334
transfer_grey
0 32.10000 -8.52266 -11.10695 1.00000 0.00000 -0.00000 0.9334 0.9132
0 32.10000 -8.15740 -10.63093 1.00000 0.00000 -0.00000 0.9363 0.9169
0 32.10000 -9.47523 -9.47523 1.00000 0.00000 -0.00000 0.9260 0.9260
transfer_grey
0 32.10000 -8.52266 -11.10695 1.00000 0.00000 -0.00000 0.9334 0.9132
0 32.10000 -9.47523 -9.47523 1.00000 0.00000 -0.00000 0.9260 0.9260
0 32.10000 -9.89949 -9.89949 1.00000 0.00000 -0.00000 0.9227 0.9227
transfer_grey
0 32.10000 -7.00000 -12.12436 1.00000 0.00000 -0.00000 0.9453 0.9053
0 32.10000 -6.70000 -11.60474 1.00000 0.00000 -0.00000 0.9477 0.9093
0 32.10000 -8.15740 -10.63093 1.00000 0.00000 -0.00000 0.9363 0.9169
transfer_grey
0 32.10000 -7.00000 -12.12436 1.00000 0.00000 -0.00000 0.9453 0.9053
0 32.10000 -8.15740 -10.63093 1.00000 0.00000 -0.00000 0.9363 0.9169
0 32.10000 -8.52266 -11.10695 1.00000 0.00000 -0.00000 0.9334 0.9132
transfer_grey
0 32.10000 -5.35757 -12.93431 1.00000 0.00000 -0.00000 0.9581 0.8990
0 32.10000 -5.12796 -12.37999 1.00000 0.00000 -0.00000 0.9599 0.9033
0 32.10000 -6.70000 -11.60474 1.00000 0.00000 -0.00000 0.9477 0.9093
transfer_grey
0 32.10000 -5.35757 -12.93431 1.00000 0.00000 -0.00000 0.9581 0.8990
0 32.10000 -6.70000 -11.60474 1.00000 0.00000 -0.00000 0.9477 0.9093
0 32.10000 -7.00000 -12.12436 1.00000 0.00000 -0.00000 0.9453 0.9053
transfer_grey
0 32.10000 -3.62347 -13.52296 1.00000 0.00000 -0.00000 0.9717 0.8944
0 32.10000 -3.46818 -12.94341 1.00000 0.00000 -0.00000 0.9729 0.8989
0 32.10000 -5.12796 -12.37999 1.00000 0.00000 -0.00000 0.9599 0.9033
transfer_grey
0 32.10000 -3.62347 -13.52296 1.00000 0.00000 -0.00000 0.9717 0.8944
0 32.10000 -5.12796 -12.37999 1.00000 0.00000 -0.00000 0.9599 0.9033
0 32.10000 -5.35757 -12.93431 1.00000 0.00000 -0.00000 0.9581 0.8990
transfer_grey
0 32.10000 -1.82737 -13.88023 1.00000 0.00000 -0.00000 0.9857 0.8916
0 32.10000 -1.74905 -13.28536 1.00000 0.00000 -0.00000 0.9863 0.8962
0 32.10000 -3.46818 -12.94341 1.00000 0.00000 -0.00000 0.9729 0.8989
transfer_grey
0 32.10000 -1.82737 -13.88023 1.00000 0.00000 -0.00000 0.9857 0.8916
0 32.10000 -3.46818 -12.94341 1.00000 0.00000 -0.00000 0.9729 0.8989
0 32.10000 -3.62347 -13.52296 1.00000 0.00000 -0.00000 0.9717 0.8944
transfer_grey
0 32.10000 -0.00000 -14.00000 1.00000 0.00000 -0.00000 1.0000 0.8906
0 32.10000 -0.00000 -13.40000 1.00000 0.00000 -0.00000 1.0000 0.8953
0 32.10000 -1.74905 -13.28536 1.00000 0.00000 -0.00000 0.9863 0.8962
transfer_grey
0 32.10000 -0.00000 -14.00000 1.00000 0.00000 -0.00000 1.0000 0.8906
0 32.10000 -1.74905 -13.28536 1.00000 0.00000 -0.00000 0.9863 0.8962
0 32.10000 -1.82737 -13.88023 1.00000 0.00000 -0.00000 0.9857 0.8916
transfer_grey
0 32.10000 1.82737 -13.88023 1.00000 0.00000 0.00000 0.0143 0.8916
0 32.10000 1.74905 -13.28536 1.00000 0.00000 0.00000 0.0137 0.8962
0 32.10000 -0.00000 -13.40000 1.00000 0.00000 0.00000 1.0000 0.8953
transfer_grey
0 32.10000 1.82737 -13.88023 1.00000 0.00000 0.00000 0.0143 0.8916
0 32.10000 -0.00000 -13.40000 1.00000 0.00000 0.00000 1.0000 0.8953
0 32.10000 -0.00000 -14.00000 1.00000 0.00000 0.00000 1.0000 0.8906
transfer_grey
0 32.10000 3.62347 -13.52296 1.00000 0.00000 0.00000 0.0283 0.8944
0 32.10000 3.46818 -12.94341 1.00000 0.00000 0.00000 0.0271 0.8989
0 32.10000 1.74905 -13.28536 1.00000 0.00000 0.00000 0.0137 0.8962
transfer_grey
0 32.10000 3.62347 -13.52296 1.00000 0.00000 0.00000 0.0283 0.8944
0 32.10000 1.74905 -13.28536 1.00000 0.00000 0.00000 0.0137 0.8962
0 32.10000 1.82737 -13.88023 1.00000 0.00000 0.00000 0.0143 0.8916
transfer_grey
0 32.10000 5.35757 -12.93431 1.00000 0.00000 0.00000 0.0419 0.8990
0 32.10000 5.12796 -12.37999 1.00000 0.00000 0.00000 0.0401 0.9033
0 32.10000 3.46818 -12.94341 1.00000 0.00000 0.00000 0.0271 0.8989
transfer_grey
0 32.10000 5.35757 -12.93431 1.00000 0.00000 0.00000 0.0419 0.8990
0 32.10000 3.46818 -12.94341 1.00000 0.00000 0.00000 0.0271 0.8989
0 32.10000 3.62347 -13.52296 1.00000 0.00000 0.00000 0.0283 0.8944
transfer_grey
0 32.10000 7.00000 -12.12436 1.00000 0.00000 0.00000 0.0547 0.9053
0 32.10000 6.70000 -11.60474 1.00000 0.00000 0.00000 0.0523 0.9093
0 32.10000 5.12796 -12.37999 1.00000 0.00000 0.00000 0.0401 0.9033
transfer_grey
0 32.10000 7.00000 -12.12436 1.00000 0.00000 0.00000 0.0547 0.9053
0 32.10000 5.12796 -12.37999 1.00000 0.00000 0.00000 0.0401 0.9033
0 32.10000 5.35757 -12.93431 1.00000 0.00000 0.00000 0.0419 0.8990
transfer_grey
0 32.10000 8.52266 -11.10695 1.00000 0.00000 0.00000 0.0666 0.9132
0 32.10000 8.15740 -10.63093 1.00000 0.00000 0.00000 0.0637 0.9169
0 32.10000 6.70000 -11.60474 1.00000 0.00000 0.00000 0.0523 0.9093
transfer_grey
0 32.10000 8.52266 -11.10695 1.00000 0.00000 0.00000 0.0666 0.9132
0 32.10000 6.70000 -11.60474 1.00000 0.00000 0.00000 0.0523 0.9093
0 32.10000 7.00000 -12.12436 1.00000 0.00000 0.00000 0.0547 0.9053
transfer_grey
0 32.10000 9.89949 -9.89949 1.00000 0.00000 0.00000 0.0773 0.9227
0 32.10000 9.47523 -9.47523 1.00000 0.00000 0.00000 0.0740 0.9260
0 32.10000 8.15740 -10.63093 1.00000 0.00000 0.00000 0.0637 0.9169
transfer_grey
0 32.10000 9.89949 -9.89949 1.00000 0.00000 0.00000 0.0773 0.9227
0 32.10000 8.15740 -10.63093 1.00000 0.00000 0.00000 0.0637 0.9169
0 32.10000 8.52266 -11.10695 1.00000 0.00000 0.00000 0.0666 0.9132
transfer_grey
0 32.10000 11.10695 -8.52266 1.00000 0.00000 0.00000 0.0868 0.9334
0 32.10000 10.63093 -8.15740 1.00000 0.00000 0.00000 0.0831 0.9363
0 32.10000 9.47523 -9.47523 1.00000 0.00000 0.00000 0.0740 0.9260
transfer_grey
0 32.10000 11.10695 -8.52266 1.00000 0.00000 0.00000 0.0868 0.9334
0 32.10000 9.47523 -9.47523 1.00000 0.00000 0.00000 0.0740 0.9260
0 32.10000 9.89949 -9.89949 1.00000 0.00000 0.00000 0.0773 0.9227
transfer_grey
0 32.10000 12.12436 -7.00000 1.00000 0.00000 0.00000 0.0947 0.9453
0 32.10000 11.60474 -6.70000 1.00000 0.00000 0.00000 0.0907 0.9477
0 32.10000 10.63093 -8.15740 1.00000 0.00000 0.00000 0.0831 0.9363
transfer_grey
0 32.10000 12.12436 -7.00000 1.00000 0.00000 0.00000 0.0947 0.9453
0 32.10000 10.63093 -8.15740 1.00000 0.00000 0.00000 0.0831 0.9363
0 32.10000 11.10695 -8.52266 1.00000 0.00000 0.00000 0.0868 0.9334
transfer_grey
0 32.10000 12.93431 -5.35757 1.00000 0.00000 0.00000 0.1010 0.9581
0 32.10000 12.37999 -5.12796 1.00000 0.00000 0.00000 0.0967 0.9599
0 32.10000 11.60474 -6.70000 1.00000 0.00000 0.00000 0.0907 0.9477
transfer_grey
0 32.10000 12.93431 -5.35757 1.00000 0.00000 0.00000 0.1010 0.9581
0 32.10000 11.60474 -6.70000 1.00000 0.00000 0.00000 0.0907 0.9477
0 32.10000 12.12436 -7.00000 1.00000 0.00000 0.00000 0.0947 0.9453
transfer_grey
0 32.10000 13.52296 -3.62347 1.00000 0.00000 0.00000 0.1056 0.9717
0 32.10000 12.94341 -3.46818 1.00000 0.00000 0.00000 0.1011 0.9729
0 32.10000 12.37999 -5.12796 1.00000 0.00000 0.00000 0.0967 0.9599
transfer_grey
0 32.10000 13.52296 -3.62347 1.00000 0.00000 0.00000 0.1056 0.9717
0 32.10000 12.37999 -5.12796 1.00000 0.00000 0.00000 0.0967 0.9599
0 32.10000 12.93431 -5.35757 1.00000 0.00000 0.00000 0.1010 0.9581
transfer_grey
0 32.10000 13.88023 -1.82737 1.00000 0.00000 0.00000 0.1084 0.9857
0 32.10000 13.28536 -1.74905 1.00000 0.00000 0.00000 0.1038 0.9863
0 32.10000 12.94341 -3.46818 1.00000 0.00000 0.00000 0.1011 0.9729
transfer_grey
0 32.10000 13.88023 -1.82737 1.00000 0.00000 0.00000 0.1084 0.9857
0 32.10000 12.94341 -3.46818 1.00000 0.00000 0.00000 0.1011 0.9729
0 32.10000 13.52296 -3.62347 1.00000 0.00000 0.00000 0.1056 0.9717
transfer_grey
0 32.10000 14.00000 -0.00000 1.00000 0.00000 0.00000 0.1094 1.0000
0 32.10000 13.40000 -0.00000 1.00000 0.00000 0.00000 0.1047 1.0000
0 32.10000 13.28536 -1.74905 1.00000 0.00000 0.00000 0.1038 0.9863
transfer_grey
0 32.10000 14.00000 -0.00000 1.00000 0.00000 0.00000 0.1094 1.0000
0 32.10000 13.28536 -1.74905 1.00000 0.00000 0.00000 0.1038 0.9863
0 32.10000 13.88023 -1.82737 1.00000 0.00000 0.00000 0.1084 0.9857
transfer_grey
0 36.00000 10.80675 1.42274 -1.00000 0.00000 0.00000 0.0844 0.0111
0 36.00000 11.40162 1.50105 -1.00000 0.00000 0.00000 0.0891 0.0117
0 36.00000 11.50000 0.00000 -1.00000 0.00000 0.00000 0.0898 0.0000
transfer_grey
0 36.00000 10.80675 1.42274 -1.00000 0.00000 0.00000 0.0844 0.0111
0 36.00000 11.50000 0.00000 -1.00000 0.00000 0.00000 0.0898 0.0000
0 36.00000 10.90000 0.00000 -1.00000 0.00000 0.00000 0.0852 0.0000
transfer_grey
0 36.00000 10.52859 2.82113 -1.00000 0.00000 0.00000 0.0823 0.0220
0 36.00000 11.10815 2.97642 -1.00000 0.00000 0.00000 0.0868 0.0233
0 36.00000 11.40162 1.50105 -1.00000 0.00000 0.00000 0.0891 0.0117
transfer_grey
0 36.00000 10.52859 2.82113 -1.00000 0.00000 0.00000 0.0823 0.0220
0 36.00000 11.40162 1.50105 -1.00000 0.00000 0.00000 0.0891 0.0117
0 36.00000 10.80675 1.42274 -1.00000 0.00000 0.00000 0.0844 0.0111
transfer_grey
0 36.00000 10.07029 4.17125 -1.00000 0.00000 0.00000 0.0787 0.0326
0 36.00000 10.62461 4.40086 -1.00000 0.00000 0.00000 0.0830 0.0344
0 36.00000 11.10815 2.97642 -1.00000 0.00000 0.00000 0.0868 0.0233
transfer_grey
0 36.00000 10.07029 4.17125 -1.00000 0.00000 0.00000 0.0787 0.0326
0 36.00000 11.10815 2.97642 -1.00000 0.00000 0.00000 0.0868 0.0233
0 36.00000 10.52859 2.82113 -1.00000 0.00000 0.00000 0.0823 0.0220
transfer_grey
0 36.00000 9.43968 5.45000 -1.00000 0.00000 0.00000 0.0737 0.0426
0 36.00000 9.95929 5.75000 -1.00000 0.00000 0.00000 0.0778 0.0449
0 36.00000 10.62461 4.40086 -1.00000 0.00000 0.00000 0.0830 0.0344
transfer_grey
0 36.00000 9.43968 5.45000 -1.00000 0.00000 0.00000 0.0737 0.0426
0 36.00000 10.62461 4.40086 -1.00000 0.00000 0.00000 0.0830 0.0344
0 36.00000 10.07029 4.17125 -1.00000 0.00000 0.00000 0.0787 0.0326
transfer_grey
0 36.00000 8.64755 6.63550 -1.00000 0.00000 0.00000 0.0676 0.0518
0 36.00000 9.12356 7.00076 -1.00000 0.00000 0.00000 0.0713 0.0547
0 36.00000 9.95929 5.75000 -1.00000 0.00000 0.00000 0.0778 0.0449
transfer_grey
0 36.00000 8.64755 6.63550 -1.00000 0.00000 0.00000 0.0676 0.0518
0 36.00000 9.95929 5.75000 -1.00000 0.00000 0.00000 0.0778 0.0449
0 36.00000 9.43968 5.45000 -1.00000 0.00000 0.00000 0.0737 0.0426
transfer_grey
0 36.00000 7.70746 7.70746 -1.00000 0.00000 0.00000 0.0602 0.0602
0 36.00000 8.13173 8.13173 -1.00000 0.00000 0.00000 0.0635 0.0635
0 36.00000 9.12356 7.00076 -1.00000 0.00000 0.00000 0.0713 0.0547
transfer_grey
0 36.00000 7.70746 7.70746 -1.00000 0.00000 0.00000 0.0602 0.0602
0 36.00000 9.12356 7.00076 -1.00000 0.00000 0.00000 0.0713 0.0547
0 36.00000 8.64755 6.63550 -1.00000 0.00000 0.00000 0.0676 0.0518
transfer_grey
0 36.00000 6.63550 8.64755 -1.00000 0.00000 0.00000 0.0518 0.0676
0 36.00000 7.00076 9.12356 -1.00000 0.00000 0.00000 0.0547 0.0713
0 36.00000 8.13173 8.13173 -1.00000 0.00000 0.00000 0.0635 0.0635
transfer_grey
0 36.00000 6.63550 8.64755 -1.00000 0.00000 0.00000 0.0518 0.0676
0 36.00000 8.13173 8.13173 -1.00000 0.00000 0.00000 0.0635 0.0635
0 36.00000 7.70746 7.70746 -1.00000 0.00000 0.00000 0.0602 0.0602
transfer_grey
0 36.00000 5.45000 9.43968 -1.00000 0.00000 0.00000 0.0426 0.0737
0 36.00000 5.75000 9.95929 -1.00000 0.00000 0.00000 0.0449 0.0778
0 36.00000 7.00076 9.12356 -1.00000 0.00000 0.00000 0.0547 0.0713
transfer_grey
0 36.00000 5.45000 9.43968 -1.00000 0.00000 0.00000 0.0426 0.0737
0 36.00000 7.00076 9.12356 -1.00000 0.00000 0.00000 0.0547 0.0713
0 36.00000 6.63550 8.64755 -1.00000 0.00000 0.00000 0.0518 0.0676
transfer_grey
0 36.00000 4.17125 10.07029 -1.00000 0.00000 0.00000 0.0326 0.0787
0 36.00000 4.40086 10.62461 -1.00000 0.00000 0.00000 0.0344 0.0830
0 36.00000 5.75000 9.95929 -1.00000 0.00000 0.00000 0.0449 0.0778
transfer_grey
0 36.00000 4.17125 10.07029 -1.00000 0.00000 0.00000 0.0326 0.0787
0 36.00000 5.75000 9.95929 -1.00000 0.00000 0.00000 0.0449 0.0778
0 36.00000 5.45000 9.43968 -1.00000 0.00000 0.00000 0.0426 0.0737
transfer_grey
0 36.00000 2.82113 10.52859 -1.00000 0.00000 0.00000 0.0220 0.0823
0 36.00000 2.97642 11.10815 -1.00000 0.00000 0.00000 0.0233 0.0868
0 36.00000 4.40086 10.62461 -1.00000 0.00000 0.00000 0.0344 0.0830
transfer_grey
0 36.00000 2.82113 10.52859 -1.00000 0.00000 0.00000 0.0220 0.0823
0 36.00000 4.40086 10.62461 -1.00000 0.00000 0.00000 0.0344 0.0830
0 36.00000 4.17125 10.07029 -1.00000 0.00000 0.00000 0.0326 0.0787
transfer_grey
0 36.00000 1.42274 10.80675 -1.00000 0.00000 0.00000 0.0111 0.0844
0 36.00000 1.50105 11.40162 -1.00000 0.00000 0.00000 0.0117 0.0891
0 36.00000 2.97642 11.10815 -1.00000 0.00000 0.00000 0.0233 0.0868
transfer_grey
0 36.00000 1.42274 10.80675 -1.00000 0.00000 0.00000 0.0111 0.0844
0 36.00000 2.97642 11.10815 -1.00000 0.00000 0.00000 0.0233 0.0868
0 36.00000 2.82113 10.52859 -1.00000 0.00000 0.00000 0.0220 0.0823
transfer_grey
0 36.00000 0.00000 10.90000 -1.00000 0.00000 0.00000 0.0000 0.0852
0 36.00000 0.00000 11.50000 -1.00000 0.00000 0.00000 0.0000 0.0898
0 36.00000 1.50105 11.40162 -1.00000 0.00000 0.00000 0.0117 0.0891
transfer_grey
0 36.00000 0.00000 10.90000 -1.00000 0.00000 0.00000 0.0000 0.0852
0 36.00000 1.50105 11.40162 -1.00000 0.00000 0.00000 0.0117 0.0891
0 36.00000 1.42274 10.80675 -1.00000 0.00000 0.00000 0.0111 0.0844
transfer_grey
0 36.00000 -1.42274 10.80675 -1.00000 0.00000 0.00000 0.9889 0.0844
0 36.00000 -1.50105 11.40162 -1.00000 0.00000 0.00000 0.9883 0.0891
0 36.00000 0.00000 11.50000 -1.00000 0.00000 0.00000 0.0000 0.0898
transfer_grey
0 36.00000 -1.42274 10.80675 -1.00000 0.00000 0.00000 0.9889 0.0844
0 36.00000 0.00000 11.50000 -1.00000 0.00000 0.00000 0.0000 0.0898
0 36.00000 0.00000 10.90000 -1.00000 0.00000 0.00000 0.0000 0.0852
transfer_grey
0 36.00000 -2.82113 10.52859 -1.00000 0.00000 0.00000 0.9780 0.0823
0 36.00000 -2.97642 11.10815 -1.00000 0.00000 0.00000 0.9767 0.0868
0 36.00000 -1.50105 11.40162 -1.00000 0.00000 0.00000 0.9883 0.0891
transfer_grey
0 36.00000 -2.82113 10.52859 -1.00000 0.00000 0.00000 0.9780 0.0823
0 36.00000 -1.50105 11.40162 -1.00000 0.00000 0.00000 0.9883 0.0891
0 36.00000 -1.42274 10.80675 -1.00000 0.00000 0.00000 0.9889 0.0844
transfer_grey
0 36.00000 -4.17125 10.07029 -1.00000 0.00000 0.00000 0.9674 0.0787
0 36.00000 -4.40086 10.62461 -1.00000 0.00000 0.00000 0.9656 0.0830
0 36.00000 -2.97642 11.10815 -1.00000 0.00000 0.00000 0.9767 0.0868
transfer_grey
0 36.00000 -4.17125 10.07029 -1.00000 0.00000 0.00000 0.9674 0.0787
0 36.00000 -2.97642 11.10815 -1.00000 0.00000 0.00000 0.9767 0.0868
0 36.00000 -2.82113 10.52859 -1.00000 0.00000 0.00000 0.9780 0.0823
transfer_grey
0 36.00000 -5.45000 9.43968 -1.00000 0.00000 0.00000 0.9574 0.0737
0 36.00000 -5.75000 9.95929 -1.00000 0.00000 0.00000 0.9551 0.0778
0 36.00000 -4.40086 10.62461 -1.00000 0.00000 0.00000 0.9656 0.0830
transfer_grey
0 36.00000 -5.45000 9.43968 -1.00000 0.00000 0.00000 0.9574 0.0737
0 36.00000 -4.40086 10.62461 -1.00000 0.00000 0.00000 0.9656 0.0830
0 36.00000 -4.17125 10.07029 -1.00000 0.00000 0.00000 0.9674 0.0787
transfer_grey
0 36.00000 -6.63550 8.64755 -1.00000 0.00000 0.00000 0.9482 0.0676
0 36.00000 -7.00076 9.12356 -1.00000 0.00000 0.00000 0.9453 0.0713
0 36.00000 -5.75000 9.95929 -1.00000 0.00000 0.00000 0.9551 0.0778
transfer_grey
0 36.00000 -6.63550 8.64755 -1.00000 0.00000 0.00000 0.9482 0.0676
0 36.00000 -5.75000 9.95929 -1.00000 0.00000 0.00000 0.9551 0.0778
0 36.00000 -5.45000 9.43968 -1.00000 0.00000 0.00000 0.9574 0.0737
transfer_grey
0 36.00000 -7.70746 7.70746 -1.00000 0.00000 0.00000 0.9398 0.0602
0 36.00000 -8.13173 8.13173 -1.00000 0.00000 0.00000 0.9365 0.0635
0 36.00000 -7.00076 9.12356 -1.00000 0.00000 0.00000 0.9453 0.0713
transfer_grey
0 36.00000 -7.70746 7.70746 -1.00000 0.00000 0.00000 0.9398 0.0602
0 36.00000 -7.00076 9.12356 -1.00000 0.00000 0.00000 0.9453 0.0713
0 36.00000 -6.63550 8.64755 -1.00000 0.00000 0.00000 0.9482 0.0676
transfer_grey
0 36.00000 -8.64755 6.63550 -1.00000 0.00000 0.00000 0.9324 0.0518
0 36.00000 -9.12356 7.00076 -1.00000 0.00000 0.00000 0.9287 0.0547
0 36.00000 -8.13173 8.13173 -1.00000 0.00000 0.00000 0.9365 0.0635
transfer_grey
0 36.00000 -8.64755 6.63550 -1.00000 0.00000 0.00000 0.9324 0.0518
0 36.00000 -8.13173 8.13173 -1.00000 0.00000 0.00000 0.9365 0.0635
0 36.00000 -7.70746 7.70746 -1.00000 0.00000 0.00000 0.9398 0.0602
transfer_grey
0 36.00000 -9.43968 5.45000 -1.00000 0.00000 0.00000 0.9263 0.0426
0 36.00000 -9.95929 5.75000 -1.00000 0.00000 0.00000 0.9222 0.0449
0 36.00000 -9.12356 7.00076 -1.00000 0.00000 0.00000 0.9287 0.0547
transfer_grey
0 36.00000 -9.43968 5.45000 -1.00000 0.00000 0.00000 0.9263 0.0426
0 36.00000 -9.12356 7.00076 -1.00000 0.00000 0.00000 0.9287 0.0547
0 36.00000 -8.64755 6.63550 -1.00000 0.00000 0.00000 0.9324 0.0518
transfer_grey
0 36.00000 -10.07029 4.17125 -1.00000 0.00000 0.00000 0.9213 0.0326
0 36.00000 -10.62461 4.40086 -1.00000 0.00000 0.00000 0.9170 0.0344
0 36.00000 -9.95929 5.75000 -1.00000 0.00000 0.00000 0.9222 0.0449
transfer_grey
0 36.00000 -10.07029 4.17125 -1.00000 0.00000 0.00000 0.9213 0.0326
0 36.00000 -9.95929 5.75000 -1.00000 0.00000 0.00000 0.9222 0.0449
0 36.00000 -9.43968 5.45000 -1.00000 0.00000 0.00000 0.9263 0.0426
transfer_grey
0 36.00000 -10.52859 2.82113 -1.00000 0.00000 0.00000 0.9177 0.0220
0 36.00000 -11.10815 2.97642 -1.00000 0.00000 0.00000 0.9132 0.0233
0 36.00000 -10.62461 4.40086 -1.00000 0.00000 0.00000 0.9170 0.0344
transfer_grey
0 36.00000 -10.52859 2.82113 -1.00000 0.00000 0.00000 0.9177 0.0220
0 36.00000 -10.62461 4.40086 -1.00000 0.00000 0.00000 0.9170 0.0344
0 36.00000 -10.07029 4.17125 -1.00000 0.00000 0.00000 0.9213 0.0326
transfer_grey
0 36.00000 -10.80675 1.42274 -1.00000 0.00000 0.00000 0.9156 0.0111
0 36.00000 -11.40162 1.50105 -1.00000 0.00000 0.00000 0.9109 0.0117
0 36.00000 -11.10815 2.97642 -1.00000 0.00000 0.00000 0.9132 0.0233
transfer_grey
0 36.00000 -10.80675 1.42274 -1.00000 0.00000 0.00000 0.9156 0.0111
0 36.00000 -11.10815 2.97642 -1.00000 0.00000 0.00000 0.9132 0.0233
0 36.00000 -10.52859 2.82113 -1.00000 0.00000 0.00000 0.9177 0.0220
transfer_grey
0 36.00000 -10.90000 0.00000 -1.00000 0.00000 0.00000 0.9148 0.0000
0 36.00000 -11.50000 0.00000 -1.00000 0.00000 0.00000 0.9102 0.0000
0 36.00000 -11.40162 1.50105 -1.00000 0.00000 0.00000 0.9109 0.0117
transfer_grey
0 36.00000 -10.90000 0.00000 -1.00000 0.00000 0.00000 0.9148 0.0000
0 36.00000 -11.40162 1.50105 -1.00000 0.00000 0.00000 0.9109 0.0117
0 36.00000 -10.80675 1.42274 -1.00000 0.00000 0.00000 0.9156 0.0111
transfer_grey
0 36.00000 -10.80675 -1.42274 -1.00000 -0.00000 0.00000 0.9156 0.9889
0 36.00000 -11.40162 -1.50105 -1.00000 -0.00000 0.00000 0.9109 0.9883
0 36.00000 -11.50000 0.00000 -1.00000 -0.00000 0.00000 0.9102 0.0000
transfer_grey
0 36.00000 -10.80675 -1.42274 -1.00000 -0.00000 0.00000 0.9156 0.9889
0 36.00000 -11.50000 0.00000 -1.00000 -0.00000 0.00000 0.9102 0.0000
0 36.00000 -10.90000 0.00000 -1.00000 -0.00000 0.00000 0.9148 0.0000
transfer_grey
0 36.00000 -10.52859 -2.82113 -1.00000 -0.00000 0.00000 0.9177 0.9780
0 36.00000 -11.10815 -2.97642 -1.00000 -0.00000 0.00000 0.9132 0.9767
0 36.00000 -11.40162 -1.50105 -1.00000 -0.00000 0.00000 0.9109 0.9883
transfer_grey
0 36.00000 -10.52859 -2.82113 -1.00000 -0.00000 0.00000 0.9177 0.9780
0 36.00000 -11.40162 -1.50105 -1.00000 -0.00000 0.00000 0.9109 0.9883
0 36.00000 -10.80675 -1.42274 -1.00000 -0.00000 0.00000 0.9156 0.9889
transfer_grey
0 36.00000 -10.07029 -4.17125 -1.00000 -0.00000 0.00000 0.9213 0.9674
0 36.00000 -10.62461 -4.40086 -1.00000 -0.00000 0.00000 0.9170 0.9656
0 36.00000 -11.10815 -2.97642 -1.00000 -0.00000 0.00000 0.9132 0.9767
transfer_grey
0 36.00000 -10.07029 -4.17125 -1.00000 -0.00000 0.00000 0.9213 0.9674
0 36.00000 -11.10815 -2.97642 -1.00000 -0.00000 0.00000 0.9132 0.9767
0 36.00000 -10.52859 -2.82113 -1.00000 -0.00000 0.00000 0.9177 0.9780
transfer_grey
0 36.00000 -9.43968 -5.45000 -1.00000 -0.00000 0.00000 0.9263 0.9574
0 36.00000 -9.95929 -5.75000 -1.00000 -0.00000 0.00000 0.9222 0.9551
0 36.00000 -10.62461 -4.40086 -1.00000 -0.00000 0.00000 0.9170 0.9656
transfer_grey
0 36.00000 -9.43968 -5.45000 -1.00000 -0.00000 0.00000 0.9263 0.9574
0 36.00000 -10.62461 -4.40086 -1.00000 -0.00000 0.00000 0.9170 0.9656
0 36.00000 -10.07029 -4.17125 -1.00000 -0.00000 0.00000 0.9213 0.9674
transfer_grey
0 36.00000 -8.64755 -6.63550 -1.00000 -0.00000 0.00000 0.9324 0.9482
0 36.00000 -9.12356 -7.00076 -1.00000 -0.00000 0.00000 0.9287 0.9453
0 36.00000 -9.95929 -5.75000 -1.00000 -0.00000 0.00000 0.9222 0.9551
transfer_grey
0 36.00000 -8.64755 -6.63550 -1.00000 -0.00000 0.00000 0.9324 0.9482
0 36.00000 -9.95929 -5.75000 -1.00000 -0.00000 0.00000 0.9222 0.9551
0 36.00000 -9.43968 -5.45000 -1.00000 -0.00000 0.00000 0.9263 0.9574
transfer_grey
0 36.00000 -7.70746 -7.70746 -1.00000 -0.00000 0.00000 0.9398 0.9398
0 36.00000 -8.13173 -8.13173 -1.00000 -0.00000 0.00000 0.9365 0.9365
0 36.00000 -9.12356 -7.00076 -1.00000 -0.00000 0.00000 0.9287 0.9453
transfer_grey
0 36.00000 -7.70746 -7.70746 -1.00000 -0.00000 0.00000 0.9398 0.9398
0 36.00000 -9.12356 -7.00076 -1.00000 -0.00000 0.00000 0.9287 0.9453
0 36.00000 -8.64755 -6.63550 -1.00000 -0.00000 0.00000 0.9324 0.9482
transfer_grey
0 36.00000 -6.63550 -8.64755 -1.00000 -0.00000 0.00000 0.9482 0.9324
0 36.00000 -7.00076 -9.12356 -1.00000 -0.00000 0.00000 0.9453 0.9287
0 36.00000 -8.13173 -8.13173 -1.00000 -0.00000 0.00000 0.9365 0.9365
transfer_grey
0 36.00000 -6.63550 -8.64755 -1.00000 -0.00000 0.00000 0.9482 0.9324
0 36.00000 -8.13173 -8.13173 -1.00000 -0.00000 0.00000 0.9365 0.9365
0 36.00000 -7.70746 -7.70746 -1.00000 -0.00000 0.00000 0.9398 0.9398
transfer_grey
0 36.00000 -5.45000 -9.43968 -1.00000 -0.00000 0.00000 0.9574 0.9263
0 36.00000 -5.75000 -9.95929 -1.00000 -0.00000 0.00000 0.9551 0.9222
0 36.00000 -7.00076 -9.12356 -1.00000 -0.00000 0.00000 0.9453 0.9287
transfer_grey
0 36.00000 -5.45000 -9.43968 -1.00000 -0.00000 0.00000 0.9574 0.9263
0 36.00000 -7.00076 -9.12356 -1.00000 -0.00000 0.00000 0.9453 0.9287
0 36.00000 -6.63550 -8.64755 -1.00000 -0.00000 0.00000 0.9482 0.9324
transfer_grey
0 36.00000 -4.17125 -10.07029 -1.00000 -0.00000 0.00000 0.9674 0.9213
0 36.00000 -4.40086 -10.62461 -1.00000 -0.00000 0.00000 0.9656 0.9170
0 36.00000 -5.75000 -9.95929 -1.00000 -0.00000 0.00000 0.9551 0.9222
transfer_grey
0 36.00000 -4.17125 -10.07029 -1.00000 -0.00000 0.00000 0.9674 0.9213
0 36.00000 -5.75000 -9.95929 -1.00000 -0.00000 0.00000 0.9551 0.9222
0 36.00000 -5.45000 -9.43968 -1.00000 -0.00000 0.00000 0.9574 0.9263
transfer_grey
0 36.00000 -2.82113 -10.52859 -1.00000 0.00000 0.00000 0.9780 0.9177
0 36.00000 -2.97642 -11.10815 -1.00000 0.00000 0.00000 0.9767 0.9132
0 36.00000 -4.40086 -10.62461 -1.00000 0.00000 0.00000 0.9656 0.9170
transfer_grey
0 36.00000 -2.82113 -10.52859 -1.00000 0.00000 0.00000 0.9780 0.9177
0 36.00000 -4.40086 -10.62461 -1.00000 0.00000 0.00000 0.9656 0.9170
0 36.00000 -4.17125 -10.07029 -1.00000 0.00000 0.00000 0.9674 0.9213
transfer_grey
0 36.00000 -1.42274 -10.80675 -1.00000 0.00000 0.00000 0.9889 0.9156
0 36.00000 -1.50105 -11.40162 -1.00000 0.00000 0.00000 0.9883 0.9109
0 36.00000 -2.97642 -11.10815 -1.00000 0.00000 0.00000 0.9767 0.9132
transfer_grey
0 36.00000 -1.42274 -10.80675 -1.00000 0.00000 0.00000 0.9889 0.9156
0 36.00000 -2.97642 -11.10815 -1.00000 0.00000 0.00000 0.9767 0.9132
0 36.00000 -2.82113 -10.52859 -1.00000 0.00000 0.00000 0.9780 0.9177
transfer_grey
0 36.00000 -0.00000 -10.90000 -1.00000 0.00000 0.00000 1.0000 0.9148
0 36.00000 -0.00000 -11.50000 -1.00000 0.00000 0.00000 1.0000 0.9102
0 36.00000 -1.50105 -11.40162 -1.00000 0.00000 0.00000 0.9883 0.9109
transfer_grey
0 36.00000 -0.00000 -10.90000 -1.00000 0.00000 0.00000 1.0000 0.9148
0 36.00000 -1.50105 -11.40162 -1.00000 0.00000 0.00000 0.9883 0.9109
0 36.00000 -1.42274 -10.80675 -1.00000 0.00000 0.00000 0.9889 0.9156
transfer_grey
0 36.00000 1.42274 -10.80675 -1.00000 0.00000 -0.00000 0.0111 0.9156
0 36.00000 1.50105 -11.40162 -1.00000 0.00000 -0.00000 0.0117 0.9109
0 36.00000 -0.00000 -11.50000 -1.00000 0.00000 -0.00000 1.0000 0.9102
transfer_grey
0 36.00000 1.42274 -10.80675 -1.00000 0.00000 -0.00000 0.0111 0.9156
0 36.00000 -0.00000 -11.50000 -1.00000 0.00000 -0.00000 1.0000 0.9102
0 36.00000 -0.00000 -10.90000 -1.00000 0.00000 -0.00000 1.0000 0.9148
transfer_grey
0 36.00000 2.82113 -10.52859 -1.00000 0.00000 -0.00000 0.0220 0.9177
0 36.00000 2.97642 -11.10815 -1.00000 0.00000 -0.00000 0.0233 0.9132
0 36.00000 1.50105 -11.40162 -1.00000 0.00000 -0.00000 0.0117 0.9109
transfer_grey
0 36.00000 2.82113 -10.52859 -1.00000 0.00000 -0.00000 0.0220 0.9177
0 36.00000 1.50105 -11.40162 -1.00000 0.00000 -0.00000 0.0117 0.9109
0 36.00000 1.42274 -10.80675 -1.00000 0.00000 -0.00000 0.0111 0.9156
transfer_grey
0 36.00000 4.17125 -10.07029 -1.00000 0.00000 -0.00000 0.0326 0.9213
0 36.00000 4.40086 -10.62461 -1.00000 0.00000 -0.00000 0.0344 0.9170
0 36.00000 2.97642 -11.10815 -1.00000 0.00000 -0.00000 0.0233 0.9132
transfer_grey
0 36.00000 4.17125 -10.07029 -1.00000 0.00000 -0.00000 0.0326 0.9213
0 36.00000 2.97642 -11.10815 -1.00000 0.00000 -0.00000 0.0233 0.9132
0 36.00000 2.82113 -10.52859 -1.00000 0.00000 -0.00000 0.0220 0.9177
transfer_grey
0 36.00000 5.45000 -9.43968 -1.00000 0.00000 -0.00000 0.0426 0.9263
0 36.00000 5.75000 -9.95929 -1.00000 0.00000 -0.00000 0.0449 0.9222
0 36.00000 4.40086 -10.62461 -1.00000 0.00000 -0.00000 0.0344 0.9170
transfer_grey
0 36.00000 5.45000 -9.43968 -1.00000 0.00000 -0.00000 0.0426 0.9263
0 36.00000 4.40086 -10.62461 -1.00000 0.00000 -0.00000 0.0344 0.9170
0 36.00000 4.17125 -10.07029 -1.00000 0.00000 -0.00000 0.0326 0.9213
transfer_grey
0 36.00000 6.63550 -8.64755 -1.00000 0.00000 -0.00000 0.0518 0.9324
0 36.00000 7.00076 -9.12356 -1.00000 0.00000 -0.00000 0.0547 0.9287
0 36.00000 5.75000 -9.95929 -1.00000 0.00000 -0.00000 0.0449 0.9222
transfer_grey
0 36.00000 6.63550 -8.64755 -1.00000 0.00000 -0.00000 0.0518 0.9324
0 36.00000 5.75000 -9.95929 -1.00000 0.00000 -0.00000 0.0449 0.9222
0 36.00000 5.45000 -9.43968 -1.00000 0.00000 -0.00000 0.0426 0.9263
transfer_grey
0 36.00000 7.70746 -7.70746 -1.00000 0.00000 -0.00000 0.0602 0.9398
0 36.00000 8.13173 -8.13173 -1.00000 0.00000 -0.00000 0.0635 0.9365
0 36.00000 7.00076 -9.12356 -1.00000 0.00000 -0.00000 0.0547 0.9287
transfer_grey
0 36.00000 7.70746 -7.70746 -1.00000 0.00000 -0.00000 0.0602 0.9398
0 36.00000 7.00076 -9.12356 -1.00000 0.00000 -0.00000 0.0547 0.9287
0 36.00000 6.63550 -8.64755 -1.00000 0.00000 -0.00000 0.0518 0.9324
transfer_grey
0 36.00000 8.64755 -6.63550 -1.00000 0.00000 -0.00000 0.0676 0.9482
0 36.00000 9.12356 -7.00076 -1.00000 0.00000 -0.00000 0.0713 0.9453
0 36.00000 8.13173 -8.13173 -1.00000 0.00000 -0.00000 0.0635 0.9365
transfer_grey
0 36.00000 8.64755 -6.63550 -1.00000 0.00000 -0.00000 0.0676 0.9482
0 36.00000 8.13173 -8.13173 -1.00000 0.00000 -0.00000 0.0635 0.9365
0 36.00000 7.70746 -7.70746 -1.00000 0.00000 -0.00000 0.0602 0.9398
transfer_grey
0 36.00000 9.43968 -5.45000 -1.00000 0.00000 -0.00000 0.0737 0.9574
0 36.00000 9.95929 -5.75000 -1.00000 0.00000 -0.00000 0.0778 0.9551
0 36.00000 9.12356 -7.00076 -1.00000 0.00000 -0.00000 0.0713 0.9453
transfer_grey
0 36.00000 9.43968 -5.45000 -1.00000 0.00000 -0.00000 0.0737 0.9574
0 36.00000 9.12356 -7.00076 -1.00000 0.00000 -0.00000 0.0713 0.9453
0 36.00000 8.64755 -6.63550 -1.00000 0.00000 -0.00000 0.0676 0.9482
transfer_grey
0 36.00000 10.07029 -4.17125 -1.00000 0.00000 -0.00000 0.0787 0.9674
0 36.00000 10.62461 -4.40086 -1.00000 0.00000 -0.00000 0.0830 0.9656
0 36.00000 9.95929 -5.75000 -1.00000 0.00000 -0.00000 0.0778 0.9551
transfer_grey
0 36.00000 10.07029 -4.17125 -1.00000 0.00000 -0.00000 0.0787 0.9674
0 36.00000 9.95929 -5.75000 -1.00000 0.00000 -0.00000 0.0778 0.9551
0 36.00000 9.43968 -5.45000 -1.00000 0.00000 -0.00000 0.0737 0.9574
transfer_grey
0 36.00000 10.52859 -2.82113 -1.00000 0.00000 0.00000 0.0823 0.9780
0 36.00000 11.10815 -2.97642 -1.00000 0.00000 0.00000 0.0868 0.9767
0 36.00000 10.62461 -4.40086 -1.00000 0.00000 0.00000 0.0830 0.9656
transfer_grey
0 36.00000 10.52859 -2.82113 -1.00000 0.00000 0.00000 0.0823 0.9780
0 36.00000 10.62461 -4.40086 -1.00000 0.00000 0.00000 0.0830 0.9656
0 36.00000 10.07029 -4.17125 -1.00000 0.00000 0.00000 0.0787 0.9674
transfer_grey
0 36.00000 10.80675 -1.42274 -1.00000 0.00000 0.00000 0.0844 0.9889
0 36.00000 11.40162 -1.50105 -1.00000 0.00000 0.00000 0.0891 0.9883
0 36.00000 11.10815 -2.97642 -1.00000 0.00000 0.00000 0.0868 0.9767
transfer_grey
0 36.00000 10.80675 -1.42274 -1.00000 0.00000 0.00000 0.0844 0.9889
0 36.00000 11.10815 -2.97642 -1.00000 0.00000 0.00000 0.0868 0.9767
0 36.00000 10.52859 -2.82113 -1.00000 0.00000 0.00000 0.0823 0.9780
transfer_grey
0 36.00000 10.90000 -0.00000 -1.00000 0.00000 0.00000 0.0852 1.0000
0 36.00000 11.50000 -0.00000 -1.00000 0.00000 0.00000 0.0898 1.0000
0 36.00000 11.40162 -1.50105 -1.00000 0.00000 0.00000 0.0891 0.9883
transfer_grey
0 36.00000 10.90000 -0.00000 -1.00000 0.00000 0.00000 0.0852 1.0000
0 36.00000 11.40162 -1.50105 -1.00000 0.00000 0.00000 0.0891 0.9883
0 36.00000 10.80675 -1.42274 -1.00000 0.00000 0.00000 0.0844 0.9889
transfer_grey
0 36.00000 11.40162 1.50105 -0.00000 0.99786 0.06540 0.0891 0.0117
0 37.10000 11.40162 1.50105 -0.00000 0.99786 0.06540 0.0891 0.0117
0 37.10000 11.50000 0.00000 -0.00000 0.99786 0.06540 0.0898 0.0000
transfer_grey
0 36.00000 11.40162 1.50105 -0.00000 0.99786 0.06540 0.0891 0.0117
0 37.10000 11.50000 0.00000 -0.00000 0.99786 0.06540 0.0898 0.0000
0 36.00000 11.50000 0.00000 -0.00000 0.99786 0.06540 0.0898 0.0000
transfer_grey
0 36.00000 11.10815 2.97642 -0.00000 0.98079 0.19509 0.0868 0.0233
0 37.10000 11.10815 2.97642 -0.00000 0.98079 0.19509 0.0868 0.0233
0 37.10000 11.40162 1.50105 -0.00000 0.98079 0.19509 0.0891 0.0117
transfer_grey
0 36.00000 11.10815 2.97642 -0.00000 0.98079 0.19509 0.0868 0.0233
0 37.10000 11.40162 1.50105 -0.00000 0.98079 0.19509 0.0891 0.0117
0 36.00000 11.40162 1.50105 -0.00000 0.98079 0.19509 0.0891 0.0117
transfer_grey
0 36.00000 10.62461 4.40086 -0.00000 0.94693 0.32144 0.0830 0.0344
0 37.10000 10.62461 4.40086 -0.00000 0.94693 0.32144 0.0830 0.0344
0 37.10000 11.10815 2.97642 -0.00000 0.94693 0.32144 0.0868 0.0233
transfer_grey
0 36.00000 10.62461 4.40086 -0.00000 0.94693 0.32144 0.0830 0.0344
0 37.10000 11.10815 2.97642 -0.00000 0.94693 0.32144 0.0868 0.0233
0 36.00000 11.10815 2.97642 -0.00000 0.94693 0.32144 0.0868 0.0233
transfer_grey
0 36.00000 9.95929 5.75000 -0.00000 0.89687 0.44229 0.0778 0.0449
0 37.10000 9.95929 5.75000 -0.00000 0.89687 0.44229 0.0778 0.0449
0 37.10000 10.62461 4.40086 -0.00000 0.89687 0.44229 0.0830 0.0344
transfer_grey
0 36.00000 9.95929 5.75000 -0.00000 0.89687 0.44229 0.0778 0.0449
0 37.10000 10.62461 4.40086 -0.00000 0.89687 0.44229 0.0830 0.0344
0 36.00000 10.62461 4.40086 -0.00000 0.89687 0.44229 0.0830 0.0344
transfer_grey
0 36.00000 9.12356 7.00076 -0.00000 0.83147 0.55557 0.0713 0.0547
0 37.10000 9.12356 7.00076 -0.00000 0.83147 0.55557 0.0713 0.0547
0 37.10000 9.95929 5.75000 -0.00000 0.83147 0.55557 0.0778 0.0449
transfer_grey
0 36.00000 9.12356 7.00076 -0.00000 0.83147 0.55557 0.0713 0.0547
0 37.10000 9.95929 5.75000 -0.00000 0.83147 0.55557 0.0778 0.0449
0 36.00000 9.95929 5.75000 -0.00000 0.83147 0.55557 0.0778 0.0449
transfer_grey
0 36.00000 8.13173 8.13173 -0.00000 0.75184 0.65935 0.0635 0.0635
0 37.10000 8.13173 8.13173 -0.00000 0.75184 0.65935 0.0635 0.0635
0 37.10000 9.12356 7.00076 -0.00000 0.75184 0.65935 0.0713 0.0547
transfer_grey
0 36.00000 8.13173 8.13173 -0.00000 0.75184 0.65935 0.0635 0.0635
0 37.10000 9.12356 7.00076 -0.00000 0.75184 0.65935 0.0713 0.0547
0 36.00000 9.12356 7.00076 -0.00000 0.75184 0.65935 0.0713 0.0547
transfer_grey
0 36.00000 7.00076 9.12356 -0.00000 0.65935 0.75184 0.0547 0.0713
0 37.10000 7.00076 9.12356 -0.00000 0.65935 0.75184 0.0547 0.0713
0 37.10000 8.13173 8.13173 -0.00000 0.65935 0.75184 0.0635 0.0635
transfer_grey
0 36.00000 7.00076 9.12356 -0.00000 0.65935 0.75184 0.0547 0.0713
0 37.10000 8.13173 8.13173 -0.00000 0.65935 0.75184 0.0635 0.0635
0 36.00000 8.13173 8.13173 -0.00000 0.65935 0.75184 0.0635 0.0635
transfer_grey
0 36.00000 5.75000 9.95929 -0.00000 0.55557 0.83147 0.0449 0.0778
0 37.10000 5.75000 9.95929 -0.00000 0.55557 0.83147 0.0449 0.0778
0 37.10000 7.00076 9.12356 -0.00000 0.55557 0.83147 0.0547 0.0713
transfer_grey
0 36.00000 5.75000 9.95929 -0.00000 0.55557 0.83147 0.0449 0.0778
0 37.10000 7.00076 9.12356 -0.00000 0.55557 0.83147 0.0547 0.0713
0 36.00000 7.00076 9.12356 -0.00000 0.55557 0.83147 0.0547 0.0713
transfer_grey
0 36.00000 4.40086 10.62461 -0.00000 0.44229 0.89687 0.0344 0.0830
0 37.10000 4.40086 10.62461 -0.00000 0.44229 0.89687 0.0344 0.0830
0 37.10000 5.75000 9.95929 -0.00000 0.44229 0.89687 0.0449 0.0778
transfer_grey
0 36.00000 4.40086 10.62461 -0.00000 0.44229 0.89687 0.0344 0.0830
0 37.10000 5.75000 9.95929 -0.00000 0.44229 0.89687 0.0449 0.0778
0 36.00000 5.75000 9.95929 -0.00000 0.44229 0.89687 0.0449 0.0778
transfer_grey
0 36.00000 2.97642 11.10815 -0.00000 0.32144 0.94693 0.0233 0.0868
0 37.10000 2.97642 11.10815 -0.00000 0.32144 0.94693 0.0233 0.0868
0 37.10000 4.40086 10.62461 -0.00000 0.32144 0.94693 0.0344 0.0830
transfer_grey
0 36.00000 2.97642 11.10815 -0.00000 0.32144 0.94693 0.0233 0.0868
0 37.10000 4.40086 10.62461 -0.00000 0.32144 0.94693 0.0344 0.0830
0 36.00000 4.40086 10.62461 -0.00000 0.32144 0.94693 0.0344 0.0830
transfer_grey
0 36.00000 1.50105 11.40162 -0.00000 0.19509 0.98079 0.0117 0.0891
0 37.10000 1.50105 11.40162 -0.00000 0.19509 0.98079 0.0117 0.0891
0 37.10000 2.97642 11.10815 -0.00000 0.19509 0.98079 0.0233 0.0868
transfer_grey
0 36.00000 1.50105 11.40162 -0.00000 0.19509 0.98079 0.0117 0.0891
0 37.10000 2.97642 11.10815 -0.00000 0.19509 0.98079 0.0233 0.0868
0 36.00000 2.97642 11.10815 -0.00000 0.19509 0.98079 0.0233 0.0868
transfer_grey
0 36.00000 0.00000 11.50000 -0.00000 0.06540 0.99786 0.0000 0.0898
0 37.10000 0.00000 11.50000 -0.00000 0.06540 0.99786 0.0000 0.0898
0 37.10000 1.50105 11.40162 -0.00000 0.06540 0.99786 0.0117 0.0891
transfer_grey
0 36.00000 0.00000 11.50000 -0.00000 0.06540 0.99786 0.0000 0.0898
0 37.10000 1.50105 11.40162 -0.00000 0.06540 0.99786 0.0117 0.0891
0 36.00000 1.50105 11.40162 -0.00000 0.06540 0.99786 0.0117 0.0891
transfer_grey
0 36.00000 -1.50105 11.40162 0.00000 -0.06540 0.99786 0.9883 0.0891
0 37.10000 -1.50105 11.40162 0.00000 -0.06540 0.99786 0.9883 0.0891
0 37.10000 0.00000 11.50000 0.00000 -0.06540 0.99786 0.0000 0.0898
transfer_grey
0 36.00000 -1.50105 11.40162 0.00000 -0.06540 0.99786 0.9883 0.0891
0 37.10000 0.00000 11.50000 0.00000 -0.06540 0.99786 0.0000 0.0898
0 36.00000 0.00000 11.50000 0.00000 -0.06540 0.99786 0.0000 0.0898
transfer_grey
0 36.00000 -2.97642 11.10815 0.00000 -0.19509 0.98079 0.9767 0.0868
0 37.10000 -2.97642 11.10815 0.00000 -0.19509 0.98079 0.9767 0.0868
0 37.10000 -1.50105 11.40162 0.00000 -0.19509 0.98079 0.9883 0.0891
transfer_grey
0 36.00000 -2.97642 11.10815 0.00000 -0.19509 0.98079 0.9767 0.0868
0 37.10000 -1.50105 11.40162 0.00000 -0.19509 0.98079 0.9883 0.0891
0 36.00000 -1.50105 11.40162 0.00000 -0.19509 0.98079 0.9883 0.0891
transfer_grey
0 36.00000 -4.40086 10.62461 0.00000 -0.32144 0.94693 0.9656 0.0830
0 37.10000 -4.40086 10.62461 0.00000 -0.32144 0.94693 0.9656 0.0830
0 37.10000 -2.97642 11.10815 0.00000 -0.32144 0.94693 0.9767 0.0868
transfer_grey
0 36.00000 -4.40086 10.62461 0.00000 -0.32144 0.94693 0.9656 0.0830
0 37.10000 -2.97642 11.10815 0.00000 -0.32144 0.94693 0.9767 0.0868
0 36.00000 -2.97642 11.10815 0.00000 -0.32144 0.94693 0.9767 0.0868
transfer_grey
0 36.00000 -5.75000 9.95929 0.00000 -0.44229 0.89687 0.9551 0.0778
0 37.10000 -5.75000 9.95929 0.00000 -0.44229 0.89687 0.9551 0.0778
0 37.10000 -4.40086 10.62461 0.00000 -0.44229 0.89687 0.9656 0.0830
transfer_grey
0 36.00000 -5.75000 9.95929 0.00000 -0.44229 0.89687 0.9551 0.0778
0 37.10000 -4.40086 10.62461 0.00000 -0.44229 0.89687 0.9656 0.0830
0 36.00000 -4.40086 10.62461 0.00000 -0.44229 0.89687 0.9656 0.0830
transfer_grey
0 36.00000 -7.00076 9.12356 0.00000 -0.55557 0.83147 0.9453 0.0713
0 37.10000 -7.00076 9.12356 0.00000 -0.55557 0.83147 0.9453 0.0713
0 37.10000 -5.75000 9.95929 0.00000 -0.55557 0.83147 0.9551 0.0778
transfer_grey
0 36.00000 -7.00076 9.12356 0.00000 -0.55557 0.83147 0.9453 0.0713
0 37.10000 -5.75000 9.95929 0.00000 -0.55557 0.83147 0.9551 0.0778
0 36.00000 -5.75000 9.95929 0.00000 -0.55557 0.83147 0.9551 0.0778
transfer_grey
0 36.00000 -8.13173 8.13173 0.00000 -0.65935 0.75184 0.9365 0.0635
0 37.10000 -8.13173 8.13173 0.00000 -0.65935 0.75184 0.9365 0.0635
0 37.10000 -7.00076 9.12356 0.00000 -0.65935 0.75184 0.9453 0.0713
transfer_grey
0 36.00000 -8.13173 8.13173 0.00000 -0.65935 0.75184 0.9365 0.0635
0 37.10000 -7.00076 9.12356 0.00000 -0.65935 0.75184 0.9453 0.0713
0 36.00000 -7.00076 9.12356 0.00000 -0.65935 0.75184 0.9453 0.0713
transfer_grey
0 36.00000 -9.12356 7.00076 0.00000 -0.75184 0.65935 0.9287 0.0547
0 37.10000 -9.12356 7.00076 0.00000 -0.75184 0.65935 0.9287 0.0547
0 37.10000 -8.13173 8.13173 0.00000 -0.75184 0.65935 0.9365 0.0635
transfer_grey
0 36.00000 -9.12356 7.00076 0.00000 -0.75184 0.65935 0.9287 0.0547
0 37.10000 -8.13173 8.13173 0.00000 -0.75184 0.65935 0.9365 0.0635
0 36.00000 -8.13173 8.13173 0.00000 -0.75184 0.65935 0.9365 0.0635
transfer_grey
0 36.00000 -9.95929 5.75000 0.00000 -0.83147 0.55557 0.9222 0.0449
0 37.10000 -9.95929 5.75000 0.00000 -0.83147 0.55557 0.9222 0.0449
0 37.10000 -9.12356 7.00076 0.00000 -0.83147 0.55557 0.9287 0.0547
transfer_grey
0 36.00000 -9.95929 5.75000 0.00000 -0.83147 0.55557 0.9222 0.0449
0 37.10000 -9.12356 7.00076 0.00000 -0.83147 0.55557 0.9287 0.0547
0 36.00000 -9.12356 7.00076 0.00000 -0.83147 0.55557 0.9287 0.0547
transfer_grey
0 36.00000 -10.62461 4.40086 0.00000 -0.89687 0.44229 0.9170 0.0344
0 37.10000 -10.62461 4.40086 0.00000 -0.89687 0.44229 0.9170 0.0344
0 37.10000 -9.95929 5.75000 0.00000 -0.89687 0.44229 0.9222 0.0449
transfer_grey
0 36.00000 -10.62461 4.40086 0.00000 -0.89687 0.44229 0.9170 0.0344
0 37.10000 -9.95929 5.75000 0.00000 -0.89687 0.44229 0.9222 0.0449
0 36.00000 -9.95929 5.75000 0.00000 -0.89687 0.44229 0.9222 0.0449
transfer_grey
0 36.00000 -11.10815 2.97642 0.00000 -0.94693 0.32144 0.9132 0.0233
0 37.10000 -11.10815 2.97642 0.00000 -0.94693 0.32144 0.9132 0.0233
0 37.10000 -10.62461 4.40086 0.00000 -0.94693 0.32144 0.9170 0.0344
transfer_grey
0 36.00000 -11.10815 2.97642 0.00000 -0.94693 0.32144 0.9132 0.0233
0 37.10000 -10.62461 4.40086 0.00000 -0.94693 0.32144 0.9170 0.0344
0 36.00000 -10.62461 4.40086 0.00000 -0.94693 0.32144 0.9170 0.0344
transfer_grey
0 36.00000 -11.40162 1.50105 0.00000 -0.98079 0.19509 0.9109 0.0117
0 37.10000 -11.40162 1.50105 0.00000 -0.98079 0.19509 0.9109 0.0117
0 37.10000 -11.10815 2.97642 0.00000 -0.98079 0.19509 0.9132 0.0233
transfer_grey
0 36.00000 -11.40162 1.50105 0.00000 -0.98079 0.19509 0.9109 0.0117
0 37.10000 -11.10815 2.97642 0.00000 -0.98079 0.19509 0.9132 0.0233
0 36.00000 -11.10815 2.97642 0.00000 -0.98079 0.19509 0.9132 0.0233
transfer_grey
0 36.00000 -11.50000 0.00000 0.00000 -0.99786 0.06540 0.9102 0.0000
0 37.10000 -11.50000 0.00000 0.00000 -0.99786 0.06540 0.9102 0.0000
0 37.10000 -11.40162 1.50105 0.00000 -0.99786 0.06540 0.9109 0.0117
transfer_grey
0 36.00000 -11.50000 0.00000 0.00000 -0.99786 0.06540 0.9102 0.0000
0 37.10000 -11.40162 1.50105 0.00000 -0.99786 0.06540 0.9109 0.0117
0 36.00000 -11.40162 1.50105 0.00000 -0.99786 0.06540 0.9109 0.0117
transfer_grey
0 36.00000 -11.40162 -1.50105 0.00000 -0.99786 -0.06540 0.9109 0.9883
0 37.10000 -11.40162 -1.50105 0.00000 -0.99786 -0.06540 0.9109 0.9883
0 37.10000 -11.50000 0.00000 0.00000 -0.99786 -0.06540 0.9102 0.0000
transfer_grey
0 36.00000 -11.40162 -1.50105 0.00000 -0.99786 -0.06540 0.9109 0.9883
0 37.10000 -11.50000 0.00000 0.00000 -0.99786 -0.06540 0.9102 0.0000
0 36.00000 -11.50000 0.00000 0.00000 -0.99786 -0.06540 0.9102 0.0000
transfer_grey
0 36.00000 -11.10815 -2.97642 0.00000 -0.98079 -0.19509 0.9132 0.9767
0 37.10000 -11.10815 -2.97642 0.00000 -0.98079 -0.19509 0.9132 0.9767
0 37.10000 -11.40162 -1.50105 0.00000 -0.98079 -0.19509 0.9109 0.9883
transfer_grey
0 36.00000 -11.10815 -2.97642 0.00000 -0.98079 -0.19509 0.9132 0.9767
0 37.10000 -11.40162 -1.50105 0.00000 -0.98079 -0.19509 0.9109 0.9883
0 36.00000 -11.40162 -1.50105 0.00000 -0.98079 -0.19509 0.9109 0.9883
transfer_grey
0 36.00000 -10.62461 -4.40086 0.00000 -0.94693 -0.32144 0.9170 0.9656
0 37.10000 -10.62461 -4.40086 0.00000 -0.94693 -0.32144 0.9170 0.9656
0 37.10000 -11.10815 -2.97642 0.00000 -0.94693 -0.32144 0.9132 0.9767
transfer_grey
0 36.00000 -10.62461 -4.40086 0.00000 -0.94693 -0.32144 0.9170 0.9656
0 37.10000 -11.10815 -2.97642 0.00000 -0.94693 -0.32144 0.9132 0.9767
0 36.00000 -11.10815 -2.97642 0.00000 -0.94693 -0.32144 0.9132 0.9767
transfer_grey
0 36.00000 -9.95929 -5.75000 0.00000 -0.89687 -0.44229 0.9222 0.9551
0 37.10000 -9.95929 -5.75000 0.00000 -0.89687 -0.44229 0.9222 0.9551
0 37.10000 -10.62461 -4.40086 0.00000 -0.89687 -0.44229 0.9170 0.9656
transfer_grey
0 36.00000 -9.95929 -5.75000 0.00000 -0.89687 -0.44229 0.9222 0.9551
0 37.10000 -10.62461 -4.40086 0.00000 -0.89687 -0.44229 0.9170 0.9656
0 36.00000 -10.62461 -4.40086 0.00000 -0.89687 -0.44229 0.9170 0.9656
transfer_grey
0 36.00000 -9.12356 -7.00076 0.00000 -0.83147 -0.55557 0.9287 0.9453
0 37.10000 -9.12356 -7.00076 0.00000 -0.83147 -0.55557 0.9287 0.9453
0 37.10000 -9.95929 -5.75000 0.00000 -0.83147 -0.55557 0.9222 0.9551
transfer_grey
0 36.00000 -9.12356 -7.00076 0.00000 -0.83147 -0.55557 0.9287 0.9453
0 37.10000 -9.95929 -5.75000 0.00000 -0.83147 -0.55557 0.9222 0.9551
0 36.00000 -9.95929 -5.75000 0.00000 -0.83147 -0.55557 0.9222 0.9551
transfer_grey
0 36.00000 -8.13173 -8.13173 0.00000 -0.75184 -0.65935 0.9365 0.9365
0 37.10000 -8.13173 -8.13173 0.00000 -0.75184 -0.65935 0.9365 0.9365
0 37.10000 -9.12356 -7.00076 0.00000 -0.75184 -0.65935 0.9287 0.9453
transfer_grey
0 36.00000 -8.13173 -8.13173 0.00000 -0.75184 -0.65935 0.9365 0.9365
0 37.10000 -9.12356 -7.00076 0.00000 -0.75184 -0.65935 0.9287 0.9453
0 36.00000 -9.12356 -7.00076 0.00000 -0.75184 -0.65935 0.9287 0.9453
transfer_grey
0 36.00000 -7.00076 -9.12356 0.00000 -0.65935 -0.75184 0.9453 0.9287
0 37.10000 -7.00076 -9.12356 0.00000 -0.65935 -0.75184 0.9453 0.9287
0 37.10000 -8.13173 -8.13173 0.00000 -0.65935 -0.75184 0.9365 0.9365
transfer_grey
0 36.00000 -7.00076 -9.12356 0.00000 -0.65935 -0.75184 0.9453 0.9287
0 37.10000 -8.13173 -8.13173 0.00000 -0.65935 -0.75184 0.9365 0.9365
0 36.00000 -8.13173 -8.13173 0.00000 -0.65935 -0.75184 0.9365 0.9365
transfer_grey
0 36.00000 -5.75000 -9.95929 0.00000 -0.55557 -0.83147 0.9551 0.9222
0 37.10000 -5.75000 -9.95929 0.00000 -0.55557 -0.83147 0.9551 0.9222
0 37.10000 -7.00076 -9.12356 0.00000 -0.55557 -0.83147 0.9453 0.9287
transfer_grey
0 36.00000 -5.75000 -9.95929 0.00000 -0.55557 -0.83147 0.9551 0.9222
0 37.10000 -7.00076 -9.12356 0.00000 -0.55557 -0.83147 0.9453 0.9287
0 36.00000 -7.00076 -9.12356 0.00000 -0.55557 -0.83147 0.9453 0.9287
transfer_grey
0 36.00000 -4.40086 -10.62461 0.00000 -0.44229 -0.89687 0.9656 0.9170
0 37.10000 -4.40086 -10.62461 0.00000 -0.44229 -0.89687 0.9656 0.9170
0 37.10000 -5.75000 -9.95929 0.00000 -0.44229 -0.89687 0.9551 0.9222
transfer_grey
0 36.00000 -4.40086 -10.62461 0.00000 -0.44229 -0.89687 0.9656 0.9170
0 37.10000 -5.75000 -9.95929 0.00000 -0.44229 -0.89687 0.9551 0.9222
0 36.00000 -5.75000 -9.95929 0.00000 -0.44229 -0.89687 0.9551 0.9222
transfer_grey
0 36.00000 -2.97642 -11.10815 0.00000 -0.32144 -0.94693 0.9767 0.9132
0 37.10000 -2.97642 -11.10815 0.00000 -0.32144 -0.94693 0.9767 0.9132
0 37.10000 -4.40086 -10.62461 0.00000 -0.32144 -0.94693 0.9656 0.9170
transfer_grey
0 36.00000 -2.97642 -11.10815 0.00000 -0.32144 -0.94693 0.9767 0.9132
0 37.10000 -4.40086 -10.62461 0.00000 -0.32144 -0.94693 0.9656 0.9170
0 36.00000 -4.40086 -10.62461 0.00000 -0.32144 -0.94693 0.9656 0.9170
transfer_grey
0 36.00000 -1.50105 -11.40162 0.00000 -0.19509 -0.98079 0.9883 0.9109
0 37.10000 -1.50105 -11.40162 0.00000 -0.19509 -0.98079 0.9883 0.9109
0 37.10000 -2.97642 -11.10815 0.00000 -0.19509 -0.98079 0.9767 0.9132
transfer_grey
0 36.00000 -1.50105 -11.40162 0.00000 -0.19509 -0.98079 0.9883 0.9109
0 37.10000 -2.97642 -11.10815 0.00000 -0.19509 -0.98079 0.9767 0.9132
0 36.00000 -2.97642 -11.10815 0.00000 -0.19509 -0.98079 0.9767 0.9132
transfer_grey
0 36.00000 -0.00000 -11.50000 0.00000 -0.06540 -0.99786 1.0000 0.9102
0 37.10000 -0.00000 -11.50000 0.00000 -0.06540 -0.99786 1.0000 0.9102
0 37.10000 -1.50105 -11.40162 0.00000 -0.06540 -0.99786 0.9883 0.9109
transfer_grey
0 36.00000 -0.00000 -11.50000 0.00000 -0.06540 -0.99786 1.0000 0.9102
0 37.10000 -1.50105 -11.40162 0.00000 -0.06540 -0.99786 0.9883 0.9109
0 36.00000 -1.50105 -11.40162 0.00000 -0.06540 -0.99786 0.9883 0.9109
transfer_grey
0 36.00000 1.50105 -11.40162 0.00000 0.06540 -0.99786 0.0117 0.9109
0 37.10000 1.50105 -11.40162 0.00000 0.06540 -0.99786 0.0117 0.9109
0 37.10000 -0.00000 -11.50000 0.00000 0.06540 -0.99786 1.0000 0.9102
transfer_grey
0 36.00000 1.50105 -11.40162 0.00000 0.06540 -0.99786 0.0117 0.9109
0 37.10000 -0.00000 -11.50000 0.00000 0.06540 -0.99786 1.0000 0.9102
0 36.00000 -0.00000 -11.50000 0.00000 0.06540 -0.99786 1.0000 0.9102
transfer_grey
0 36.00000 2.97642 -11.10815 0.00000 0.19509 -0.98079 0.0233 0.9132
0 37.10000 2.97642 -11.10815 0.00000 0.19509 -0.98079 0.0233 0.9132
0 37.10000 1.50105 -11.40162 0.00000 0.19509 -0.98079 0.0117 0.9109
transfer_grey
0 36.00000 2.97642 -11.10815 0.00000 0.19509 -0.98079 0.0233 0.9132
0 37.10000 1.50105 -11.40162 0.00000 0.19509 -0.98079 0.0117 0.9109
0 36.00000 1.50105 -11.40162 0.00000 0.19509 -0.98079 0.0117 0.9109
transfer_grey
0 36.00000 4.40086 -10.62461 0.00000 0.32144 -0.94693 0.0344 0.9170
0 37.10000 4.40086 -10.62461 0.00000 0.32144 -0.94693 0.0344 0.9170
0 37.10000 2.97642 -11.10815 0.00000 0.32144 -0.94693 0.0233 0.9132
transfer_grey
0 36.00000 4.40086 -10.62461 0.00000 0.32144 -0.94693 0.0344 0.9170
0 37.10000 2.97642 -11.10815 0.00000 0.32144 -0.94693 0.0233 0.9132
0 36.00000 2.97642 -11.10815 0.00000 0.32144 -0.94693 0.0233 0.9132
transfer_grey
0 36.00000 5.75000 -9.95929 0.00000 0.44229 -0.89687 0.0449 0.9222
0 37.10000 5.75000 -9.95929 0.00000 0.44229 -0.89687 0.0449 0.9222
0 37.10000 4.40086 -10.62461 0.00000 0.44229 -0.89687 0.0344 0.9170
transfer_grey
0 36.00000 5.75000 -9.95929 0.00000 0.44229 -0.89687 0.0449 0.9222
0 37.10000 4.40086 -10.62461 0.00000 0.44229 -0.89687 0.0344 0.9170
0 36.00000 4.40086 -10.62461 0.00000 0.44229 -0.89687 0.0344 0.9170
transfer_grey
0 36.00000 7.00076 -9.12356 0.00000 0.55557 -0.83147 0.0547 0.9287
0 37.10000 7.00076 -9.12356 0.00000 0.55557 -0.83147 0.0547 0.9287
0 37.10000 5.75000 -9.95929 0.00000 0.55557 -0.83147 0.0449 0.9222
transfer_grey
0 36.00000 7.00076 -9.12356 0.00000 0.55557 -0.83147 0.0547 0.9287
0 37.10000 5.75000 -9.95929 0.00000 0.55557 -0.83147 0.0449 0.9222
0 36.00000 5.75000 -9.95929 0.00000 0.55557 -0.83147 0.0449 0.9222
transfer_grey
0 36.00000 8.13173 -8.13173 0.00000 0.65935 -0.75184 0.0635 0.9365
0 37.10000 8.13173 -8.13173 0.00000 0.65935 -0.75184 0.0635 0.9365
0 37.10000 7.00076 -9.12356 0.00000 0.65935 -0.75184 0.0547 0.9287
transfer_grey
0 36.00000 8.13173 -8.13173 0.00000 0.65935 -0.75184 0.0635 0.9365
0 37.10000 7.00076 -9.12356 0.00000 0.65935 -0.75184 0.0547 0.9287
0 36.00000 7.00076 -9.12356 0.00000 0.65935 -0.75184 0.0547 0.9287
transfer_grey
0 36.00000 9.12356 -7.00076 0.00000 0.75184 -0.65935 0.0713 0.9453
0 37.10000 9.12356 -7.00076 0.00000 0.75184 -0.65935 0.0713 0.9453
0 37.10000 8.13173 -8.13173 0.00000 0.75184 -0.65935 0.0635 0.9365
transfer_grey
0 36.00000 9.12356 -7.00076 0.00000 0.75184 -0.65935 0.0713 0.9453
0 37.10000 8.13173 -8.13173 0.00000 0.75184 -0.65935 0.0635 0.9365
0 36.00000 8.13173 -8.13173 0.00000 0.75184 -0.65935 0.0635 0.9365
transfer_grey
0 36.00000 9.95929 -5.75000 0.00000 0.83147 -0.55557 0.0778 0.9551
0 37.10000 9.95929 -5.75000 0.00000 0.83147 -0.55557 0.0778 0.9551
0 37.10000 9.12356 -7.00076 0.00000 0.83147 -0.55557 0.0713 0.9453
transfer_grey
0 36.00000 9.95929 -5.75000 0.00000 0.83147 -0.55557 0.0778 0.9551
0 37.10000 9.12356 -7.00076 0.00000 0.83147 -0.55557 0.0713 0.9453
0 36.00000 9.12356 -7.00076 0.00000 0.83147 -0.55557 0.0713 0.9453
transfer_grey
0 36.00000 10.62461 -4.40086 0.00000 0.89687 -0.44229 0.0830 0.9656
0 37.10000 10.62461 -4.40086 0.00000 0.89687 -0.44229 0.0830 0.9656
0 37.10000 9.95929 -5.75000 0.00000 0.89687 -0.44229 0.0778 0.9551
transfer_grey
0 36.00000 10.62461 -4.40086 0.00000 0.89687 -0.44229 0.0830 0.9656
0 37.10000 9.95929 -5.75000 0.00000 0.89687 -0.44229 0.0778 0.9551
0 36.00000 9.95929 -5.75000 0.00000 0.89687 -0.44229 0.0778 0.9551
transfer_grey
0 36.00000 11.10815 -2.97642 0.00000 0.94693 -0.32144 0.0868 0.9767
0 37.10000 11.10815 -2.97642 0.00000 0.94693 -0.32144 0.0868 0.9767
0 37.10000 10.62461 -4.40086 0.00000 0.94693 -0.32144 0.0830 0.9656
transfer_grey
0 36.00000 11.10815 -2.97642 0.00000 0.94693 -0.32144 0.0868 0.9767
0 37.10000 10.62461 -4.40086 0.00000 0.94693 -0.32144 0.0830 0.9656
0 36.00000 10.62461 -4.40086 0.00000 0.94693 -0.32144 0.0830 0.9656
transfer_grey
0 36.00000 11.40162 -1.50105 0.00000 0.98079 -0.19509 0.0891 0.9883
0 37.10000 11.40162 -1.50105 0.00000 0.98079 -0.19509 0.0891 0.9883
0 37.10000 11.10815 -2.97642 0.00000 0.98079 -0.19509 0.0868 0.9767
transfer_grey
0 36.00000 11.40162 -1.50105 0.00000 0.98079 -0.19509 0.0891 0.9883
0 37.10000 11.10815 -2.97642 0.00000 0.98079 -0.19509 0.0868 0.9767
0 36.00000 11.10815 -2.97642 0.00000 0.98079 -0.19509 0.0868 0.9767
transfer_grey
0 36.00000 11.50000 -0.00000 0.00000 0.99786 -0.06540 0.0898 1.0000
0 37.10000 11.50000 -0.00000 0.00000 0.99786 -0.06540 0.0898 1.0000
0 37.10000 11.40162 -1.50105 0.00000 0.99786 -0.06540 0.0891 0.9883
transfer_grey
0 36.00000 11.50000 -0.00000 0.00000 0.99786 -0.06540 0.0898 1.0000
0 37.10000 11.40162 -1.50105 0.00000 0.99786 -0.06540 0.0891 0.9883
0 36.00000 11.40162 -1.50105 0.00000 0.99786 -0.06540 0.0891 0.9883
transfer_grey
0 37.10000 11.40162 1.50105 1.00000 0.00000 0.00000 0.0891 0.0117
0 37.10000 10.80675 1.42274 1.00000 0.00000 0.00000 0.0844 0.0111
0 37.10000 10.90000 0.00000 1.00000 0.00000 0.00000 0.0852 0.0000
transfer_grey
0 37.10000 11.40162 1.50105 1.00000 0.00000 0.00000 0.0891 0.0117
0 37.10000 10.90000 0.00000 1.00000 0.00000 0.00000 0.0852 0.0000
0 37.10000 11.50000 0.00000 1.00000 0.00000 0.00000 0.0898 0.0000
transfer_grey
0 37.10000 11.10815 2.97642 1.00000 0.00000 0.00000 0.0868 0.0233
0 37.10000 10.52859 2.82113 1.00000 0.00000 0.00000 0.0823 0.0220
0 37.10000 10.80675 1.42274 1.00000 0.00000 0.00000 0.0844 0.0111
transfer_grey
0 37.10000 11.10815 2.97642 1.00000 0.00000 0.00000 0.0868 0.0233
0 37.10000 10.80675 1.42274 1.00000 0.00000 0.00000 0.0844 0.0111
0 37.10000 11.40162 1.50105 1.00000 0.00000 0.00000 0.0891 0.0117
transfer_grey
0 37.10000 10.62461 4.40086 1.00000 0.00000 0.00000 0.0830 0.0344
0 37.10000 10.07029 4.17125 1.00000 0.00000 0.00000 0.0787 0.0326
0 37.10000 10.52859 2.82113 1.00000 0.00000 0.00000 0.0823 0.0220
transfer_grey
0 37.10000 10.62461 4.40086 1.00000 0.00000 0.00000 0.0830 0.0344
0 37.10000 10.52859 2.82113 1.00000 0.00000 0.00000 0.0823 0.0220
0 37.10000 11.10815 2.97642 1.00000 0.00000 0.00000 0.0868 0.0233
transfer_grey
0 37.10000 9.95929 5.75000 1.00000 0.00000 0.00000 0.0778 0.0449
0 37.10000 9.43968 5.45000 1.00000 0.00000 0.00000 0.0737 0.0426
0 37.10000 10.07029 4.17125 1.00000 0.00000 0.00000 0.0787 0.0326
transfer_grey
0 37.10000 9.95929 5.75000 1.00000 0.00000 0.00000 0.0778 0.0449
0 37.10000 10.07029 4.17125 1.00000 0.00000 0.00000 0.0787 0.0326
0 37.10000 10.62461 4.40086 1.00000 0.00000 0.00000 0.0830 0.0344
transfer_grey
0 37.10000 9.12356 7.00076 1.00000 0.00000 0.00000 0.0713 0.0547
0 37.10000 8.64755 6.63550 1.00000 0.00000 0.00000 0.0676 0.0518
0 37.10000 9.43968 5.45000 1.00000 0.00000 0.00000 0.0737 0.0426
transfer_grey
0 37.10000 9.12356 7.00076 1.00000 0.00000 0.00000 0.0713 0.0547
0 37.10000 9.43968 5.45000 1.00000 0.00000 0.00000 0.0737 0.0426
0 37.10000 9.95929 5.75000 1.00000 0.00000 0.00000 0.0778 0.0449
transfer_grey
0 37.10000 8.13173 8.13173 1.00000 0.00000 0.00000 0.0635 0.0635
0 37.10000 7.70746 7.70746 1.00000 0.00000 0.00000 0.0602 0.0602
0 37.10000 8.64755 6.63550 1.00000 0.00000 0.00000 0.0676 0.0518
transfer_grey
0 37.10000 8.13173 8.13173 1.00000 0.00000 0.00000 0.0635 0.0635
0 37.10000 8.64755 6.63550 1.00000 0.00000 0.00000 0.0676 0.0518
0 37.10000 9.12356 7.00076 1.00000 0.00000 0.00000 0.0713 0.0547
transfer_grey
0 37.10000 7.00076 9.12356 1.00000 0.00000 0.00000 0.0547 0.0713
0 37.10000 6.63550 8.64755 1.00000 0.00000 0.00000 0.0518 0.0676
0 37.10000 7.70746 7.70746 1.00000 0.00000 0.00000 0.0602 0.0602
transfer_grey
0 37.10000 7.00076 9.12356 1.00000 0.00000 0.00000 0.0547 0.0713
0 37.10000 7.70746 7.70746 1.00000 0.00000 0.00000 0.0602 0.0602
0 37.10000 8.13173 8.13173 1.00000 0.00000 0.00000 0.0635 0.0635
transfer_grey
0 37.10000 5.75000 9.95929 1.00000 0.00000 0.00000 0.0449 0.0778
0 37.10000 5.45000 9.43968 1.00000 0.00000 0.00000 0.0426 0.0737
0 37.10000 6.63550 8.64755 1.00000 0.00000 0.00000 0.0518 0.0676
transfer_grey
0 37.10000 5.75000 9.95929 1.00000 0.00000 0.00000 0.0449 0.0778
0 37.10000 6.63550 8.64755 1.00000 0.00000 0.00000 0.0518 0.0676
0 37.10000 7.00076 9.12356 1.00000 0.00000 0.00000 0.0547 0.0713
transfer_grey
0 37.10000 4.40086 10.62461 1.00000 0.00000 0.00000 0.0344 0.0830
0 37.10000 4.17125 10.07029 1.00000 0.00000 0.00000 0.0326 0.0787
0 37.10000 5.45000 9.43968 1.00000 0.00000 0.00000 0.0426 0.0737
transfer_grey
0 37.10000 4.40086 10.62461 1.00000 0.00000 0.00000 0.0344 0.0830
0 37.10000 5.45000 9.43968 1.00000 0.00000 0.00000 0.0426 0.0737
0 37.10000 5.75000 9.95929 1.00000 0.00000 0.00000 0.0449 0.0778
transfer_grey
0 37.10000 2.97642 11.10815 1.00000 0.00000 0.00000 0.0233 0.0868
0 37.10000 2.82113 10.52859 1.00000 0.00000 0.00000 0.0220 0.0823
0 37.10000 4.17125 10.07029 1.00000 0.00000 0.00000 0.0326 0.0787
transfer_grey
0 37.10000 2.97642 11.10815 1.00000 0.00000 0.00000 0.0233 0.0868
0 37.10000 4.17125 10.07029 1.00000 0.00000 0.00000 0.0326 0.0787
0 37.10000 4.40086 10.62461 1.00000 0.00000 0.00000 0.0344 0.0830
transfer_grey
0 37.10000 1.50105 11.40162 1.00000 0.00000 0.00000 0.0117 0.0891
0 37.10000 1.42274 10.80675 1.00000 0.00000 0.00000 0.0111 0.0844
0 37.10000 2.82113 10.52859 1.00000 0.00000 0.00000 0.0220 0.0823
transfer_grey
0 37.10000 1.50105 11.40162 1.00000 0.00000 0.00000 0.0117 0.0891
0 37.10000 2.82113 10.52859 1.00000 0.00000 0.00000 0.0220 0.0823
0 37.10000 2.97642 11.10815 1.00000 0.00000 0.00000 0.0233 0.0868
transfer_grey
0 37.10000 0.00000 11.50000 1.00000 0.00000 0.00000 0.0000 0.0898
0 37.10000 0.00000 10.90000 1.00000 0.00000 0.00000 0.0000 0.0852
0 37.10000 1.42274 10.80675 1.00000 0.00000 0.00000 0.0111 0.0844
transfer_grey
0 37.10000 0.00000 11.50000 1.00000 0.00000 0.00000 0.0000 0.0898
0 37.10000 1.42274 10.80675 1.00000 0.00000 0.00000 0.0111 0.0844
0 37.10000 1.50105 11.40162 1.00000 0.00000 0.00000 0.0117 0.0891
transfer_grey
0 37.10000 -1.50105 11.40162 1.00000 0.00000 0.00000 0.9883 0.0891
0 37.10000 -1.42274 10.80675 1.00000 0.00000 0.00000 0.9889 0.0844
0 37.10000 0.00000 10.90000 1.00000 0.00000 0.00000 0.0000 0.0852
transfer_grey
0 37.10000 -1.50105 11.40162 1.00000 0.00000 0.00000 0.9883 0.0891
0 37.10000 0.00000 10.90000 1.00000 0.00000 0.00000 0.0000 0.0852
0 37.10000 0.00000 11.50000 1.00000 0.00000 0.00000 0.0000 0.0898
transfer_grey
0 37.10000 -2.97642 11.10815 1.00000 0.00000 0.00000 0.9767 0.0868
0 37.10000 -2.82113 10.52859 1.00000 0.00000 0.00000 0.9780 0.0823
0 37.10000 -1.42274 10.80675 1.00000 0.00000 0.00000 0.9889 0.0844
transfer_grey
0 37.10000 -2.97642 11.10815 1.00000 0.00000 0.00000 0.9767 0.0868
0 37.10000 -1.42274 10.80675 1.00000 0.00000 0.00000 0.9889 0.0844
0 37.10000 -1.50105 11.40162 1.00000 0.00000 0.00000 0.9883 0.0891
transfer_grey
0 37.10000 -4.40086 10.62461 1.00000 0.00000 0.00000 0.9656 0.0830
0 37.10000 -4.17125 10.07029 1.00000 0.00000 0.00000 0.9674 0.0787
0 37.10000 -2.82113 10.52859 1.00000 0.00000 0.00000 0.9780 0.0823
transfer_grey
0 37.10000 -4.40086 10.62461 1.00000 0.00000 0.00000 0.9656 0.0830
0 37.10000 -2.82113 10.52859 1.00000 0.00000 0.00000 0.9780 0.0823
0 37.10000 -2.97642 11.10815 1.00000 0.00000 0.00000 0.9767 0.0868
transfer_grey
0 37.10000 -5.75000 9.95929 1.00000 -0.00000 0.00000 0.9551 0.0778
0 37.10000 -5.45000 9.43968 1.00000 -0.00000 0.00000 0.9574 0.0737
0 37.10000 -4.17125 10.07029 1.00000 -0.00000 0.00000 0.9674 0.0787
transfer_grey
0 37.10000 -5.75000 9.95929 1.00000 -0.00000 0.00000 0.9551 0.0778
0 37.10000 -4.17125 10.07029 1.00000 -0.00000 0.00000 0.9674 0.0787
0 37.10000 -4.40086 10.62461 1.00000 -0.00000 0.00000 0.9656 0.0830
transfer_grey
0 37.10000 -7.00076 9.12356 1.00000 -0.00000 0.00000 0.9453 0.0713
0 37.10000 -6.63550 8.64755 1.00000 -0.00000 0.00000 0.9482 0.0676
0 37.10000 -5.45000 9.43968 1.00000 -0.00000 0.00000 0.9574 0.0737
transfer_grey
0 37.10000 -7.00076 9.12356 1.00000 -0.00000 0.00000 0.9453 0.0713
0 37.10000 -5.45000 9.43968 1.00000 -0.00000 0.00000 0.9574 0.0737
0 37.10000 -5.75000 9.95929 1.00000 -0.00000 0.00000 0.9551 0.0778
transfer_grey
0 37.10000 -8.13173 8.13173 1.00000 -0.00000 0.00000 0.9365 0.0635
0 37.10000 -7.70746 7.70746 1.00000 -0.00000 0.00000 0.9398 0.0602
0 37.10000 -6.63550 8.64755 1.00000 -0.00000 0.00000 0.9482 0.0676
transfer_grey
0 37.10000 -8.13173 8.13173 1.00000 -0.00000 0.00000 0.9365 0.0635
0 37.10000 -6.63550 8.64755 1.00000 -0.00000 0.00000 0.9482 0.0676
0 37.10000 -7.00076 9.12356 1.00000 -0.00000 0.00000 0.9453 0.0713
transfer_grey
0 37.10000 -9.12356 7.00076 1.00000 -0.00000 0.00000 0.9287 0.0547
0 37.10000 -8.64755 6.63550 1.00000 -0.00000 0.00000 0.9324 0.0518
0 37.10000 -7.70746 7.70746 1.00000 -0.00000 0.00000 0.9398 0.0602
transfer_grey
0 37.10000 -9.12356 7.00076 1.00000 -0.00000 0.00000 0.9287 0.0547
0 37.10000 -7.70746 7.70746 1.00000 -0.00000 0.00000 0.9398 0.0602
0 37.10000 -8.13173 8.13173 1.00000 -0.00000 0.00000 0.9365 0.0635
transfer_grey
0 37.10000 -9.95929 5.75000 1.00000 -0.00000 0.00000 0.9222 0.0449
0 37.10000 -9.43968 5.45000 1.00000 -0.00000 0.00000 0.9263 0.0426
0 37.10000 -8.64755 6.63550 1.00000 -0.00000 0.00000 0.9324 0.0518
transfer_grey
0 37.10000 -9.95929 5.75000 1.00000 -0.00000 0.00000 0.9222 0.0449
0 37.10000 -8.64755 6.63550 1.00000 -0.00000 0.00000 0.9324 0.0518
0 37.10000 -9.12356 7.00076 1.00000 -0.00000 0.00000 0.9287 0.0547
transfer_grey
0 37.10000 -10.62461 4.40086 1.00000 -0.00000 0.00000 0.9170 0.0344
0 37.10000 -10.07029 4.17125 1.00000 -0.00000 0.00000 0.9213 0.0326
0 37.10000 -9.43968 5.45000 1.00000 -0.00000 0.00000 0.9263 0.0426
transfer_grey
0 37.10000 -10.62461 4.40086 1.00000 -0.00000 0.00000 0.9170 0.0344
0 37.10000 -9.43968 5.45000 1.00000 -0.00000 0.00000 0.9263 0.0426
0 37.10000 -9.95929 5.75000 1.00000 -0.00000 0.00000 0.9222 0.0449
transfer_grey
0 37.10000 -11.10815 2.97642 1.00000 -0.00000 0.00000 0.9132 0.0233
0 37.10000 -10.52859 2.82113 1.00000 -0.00000 0.00000 0.9177 0.0220
0 37.10000 -10.07029 4.17125 1.00000 -0.00000 0.00000 0.9213 0.0326
transfer_grey
0 37.10000 -11.10815 2.97642 1.00000 -0.00000 0.00000 0.9132 0.0233
0 37.10000 -10.07029 4.17125 1.00000 -0.00000 0.00000 0.9213 0.0326
0 37.10000 -10.62461 4.40086 1.00000 -0.00000 0.00000 0.9170 0.0344
transfer_grey
0 37.10000 -11.40162 1.50105 1.00000 -0.00000 0.00000 0.9109 0.0117
0 37.10000 -10.80675 1.42274 1.00000 -0.00000 0.00000 0.9156 0.0111
0 37.10000 -10.52859 2.82113 1.00000 -0.00000 0.00000 0.9177 0.0220
transfer_grey
0 37.10000 -11.40162 1.50105 1.00000 -0.00000 0.00000 0.9109 0.0117
0 37.10000 -10.52859 2.82113 1.00000 -0.00000 0.00000 0.9177 0.0220
0 37.10000 -11.10815 2.97642 1.00000 -0.00000 0.00000 0.9132 0.0233
transfer_grey
0 37.10000 -11.50000 0.00000 1.00000 -0.00000 0.00000 0.9102 0.0000
0 37.10000 -10.90000 0.00000 1.00000 -0.00000 0.00000 0.9148 0.0000
0 37.10000 -10.80675 1.42274 1.00000 -0.00000 0.00000 0.9156 0.0111
transfer_grey
0 37.10000 -11.50000 0.00000 1.00000 -0.00000 0.00000 0.9102 0.0000
0 37.10000 -10.80675 1.42274 1.00000 -0.00000 0.00000 0.9156 0.0111
0 37.10000 -11.40162 1.50105 1.00000 -0.00000 0.00000 0.9109 0.0117
transfer_grey
0 37.10000 -11.40162 -1.50105 1.00000 0.00000 0.00000 0.9109 0.9883
0 37.10000 -10.80675 -1.42274 1.00000 0.00000 0.00000 0.9156 0.9889
0 37.10000 -10.90000 0.00000 1.00000 0.00000 0.00000 0.9148 0.0000
transfer_grey
0 37.10000 -11.40162 -1.50105 1.00000 0.00000 0.00000 0.9109 0.9883
0 37.10000 -10.90000 0.00000 1.00000 0.00000 0.00000 0.9148 0.0000
0 37.10000 -11.50000 0.00000 1.00000 0.00000 0.00000 0.9102 0.0000
transfer_grey
0 37.10000 -11.10815 -2.97642 1.00000 0.00000 0.00000 0.9132 0.9767
0 37.10000 -10.52859 -2.82113 1.00000 0.00000 0.00000 0.9177 0.9780
0 37.10000 -10.80675 -1.42274 1.00000 0.00000 0.00000 0.9156 0.9889
transfer_grey
0 37.10000 -11.10815 -2.97642 1.00000 0.00000 0.00000 0.9132 0.9767
0 37.10000 -10.80675 -1.42274 1.00000 0.00000 0.00000 0.9156 0.9889
0 37.10000 -11.40162 -1.50105 1.00000 0.00000 0.00000 0.9109 0.9883
transfer_grey
0 37.10000 -10.62461 -4.40086 1.00000 0.00000 0.00000 0.9170 0.9656
0 37.10000 -10.07029 -4.17125 1.00000 0.00000 0.00000 0.9213 0.9674
0 37.10000 -10.52859 -2.82113 1.00000 0.00000 0.00000 0.9177 0.9780
transfer_grey
0 37.10000 -10.62461 -4.40086 1.00000 0.00000 0.00000 0.9170 0.9656
0 37.10000 -10.52859 -2.82113 1.00000 0.00000 0.00000 0.9177 0.9780
0 37.10000 -11.10815 -2.97642 1.00000 0.00000 0.00000 0.9132 0.9767
transfer_grey
0 37.10000 -9.95929 -5.75000 1.00000 0.00000 -0.00000 0.9222 0.9551
0 37.10000 -9.43968 -5.45000 1.00000 0.00000 -0.00000 0.9263 0.9574
0 37.10000 -10.07029 -4.17125 1.00000 0.00000 -0.00000 0.9213 0.9674
transfer_grey
0 37.10000 -9.95929 -5.75000 1.00000 0.00000 -0.00000 0.9222 0.9551
0 37.10000 -10.07029 -4.17125 1.00000 0.00000 -0.00000 0.9213 0.9674
0 37.10000 -10.62461 -4.40086 1.00000 0.00000 -0.00000 0.9170 0.9656
transfer_grey
0 37.10000 -9.12356 -7.00076 1.00000 0.00000 -0.00000 0.9287 0.9453
0 37.10000 -8.64755 -6.63550 1.00000 0.00000 -0.00000 0.9324 0.9482
0 37.10000 -9.43968 -5.45000 1.00000 0.00000 -0.00000 0.9263 0.9574
transfer_grey
0 37.10000 -9.12356 -7.00076 1.00000 0.00000 -0.00000 0.9287 0.9453
0 37.10000 -9.43968 -5.45000 1.00000 0.00000 -0.00000 0.9263 0.9574
0 37.10000 -9.95929 -5.75000 1.00000 0.00000 -0.00000 0.9222 0.9551
transfer_grey
0 37.10000 -8.13173 -8.13173 1.00000 0.00000 -0.00000 0.9365 0.9365
0 37.10000 -7.70746 -7.70746 1.00000 0.00000 -0.00000 0.9398 0.9398
0 37.10000 -8.64755 -6.63550 1.00000 0.00000 -0.00000 0.9324 0.9482
transfer_grey
0 37.10000 -8.13173 -8.13173 1.00000 0.00000 -0.00000 0.9365 0.9365
0 37.10000 -8.64755 -6.63550 1.00000 0.00000 -0.00000 0.9324 0.9482
0 37.10000 -9.12356 -7.00076 1.00000 0.00000 -0.00000 0.9287 0.9453
transfer_grey
0 37.10000 -7.00076 -9.12356 1.00000 0.00000 -0.00000 0.9453 0.9287
0 37.10000 -6.63550 -8.64755 1.00000 0.00000 -0.00000 0.9482 0.9324
0 37.10000 -7.70746 -7.70746 1.00000 0.00000 -0.00000 0.9398 0.9398
transfer_grey
0 37.10000 -7.00076 -9.12356 1.00000 0.00000 -0.00000 0.9453 0.9287
0 37.10000 -7.70746 -7.70746 1.00000 0.00000 -0.00000 0.9398 0.9398
0 37.10000 -8.13173 -8.13173 1.00000 0.00000 -0.00000 0.9365 0.9365
transfer_grey
0 37.10000 -5.75000 -9.95929 1.00000 0.00000 -0.00000 0.9551 0.9222
0 37.10000 -5.45000 -9.43968 1.00000 0.00000 -0.00000 0.9574 0.9263
0 37.10000 -6.63550 -8.64755 1.00000 0.00000 -0.00000 0.9482 0.9324
transfer_grey
0 37.10000 -5.75000 -9.95929 1.00000 0.00000 -0.00000 0.9551 0.9222
0 37.10000 -6.63550 -8.64755 1.00000 0.00000 -0.00000 0.9482 0.9324
0 37.10000 -7.00076 -9.12356 1.00000 0.00000 -0.00000 0.9453 0.9287
transfer_grey
0 37.10000 -4.40086 -10.62461 1.00000 0.00000 -0.00000 0.9656 0.9170
0 37.10000 -4.17125 -10.07029 1.00000 0.00000 -0.00000 0.9674 0.9213
0 37.10000 -5.45000 -9.43968 1.00000 0.00000 -0.00000 0.9574 0.9263
transfer_grey
0 37.10000 -4.40086 -10.62461 1.00000 0.00000 -0.00000 0.9656 0.9170
0 37.10000 -5.45000 -9.43968 1.00000 0.00000 -0.00000 0.9574 0.9263
0 37.10000 -5.75000 -9.95929 1.00000 0.00000 -0.00000 0.9551 0.9222
transfer_grey
0 37.10000 -2.97642 -11.10815 1.00000 0.00000 -0.00000 0.9767 0.9132
0 37.10000 -2.82113 -10.52859 1.00000 0.00000 -0.00000 0.9780 0.9177
0 37.10000 -4.17125 -10.07029 1.00000 0.00000 -0.00000 0.9674 0.9213
transfer_grey
0 37.10000 -2.97642 -11.10815 1.00000 0.00000 -0.00000 0.9767 0.9132
0 37.10000 -4.17125 -10.07029 1.00000 0.00000 -0.00000 0.9674 0.9213
0 37.10000 -4.40086 -10.62461 1.00000 0.00000 -0.00000 0.9656 0.9170
transfer_grey
0 37.10000 -1.50105 -11.40162 1.00000 0.00000 -0.00000 0.9883 0.9109
0 37.10000 -1.42274 -10.80675 1.00000 0.00000 -0.00000 0.9889 0.9156
0 37.10000 -2.82113 -10.52859 1.00000 0.00000 -0.00000 0.9780 0.9177
transfer_grey
0 37.10000 -1.50105 -11.40162 1.00000 0.00000 -0.00000 0.9883 0.9109
0 37.10000 -2.82113 -10.52859 1.00000 0.00000 -0.00000 0.9780 0.9177
0 37.10000 -2.97642 -11.10815 1.00000 0.00000 -0.00000 0.9767 0.9132
transfer_grey
0 37.10000 -0.00000 -11.50000 1.00000 0.00000 -0.00000 1.0000 0.9102
0 37.10000 -0.00000 -10.90000 1.00000 0.00000 -0.00000 1.0000 0.9148
0 37.10000 -1.42274 -10.80675 1.00000 0.00000 -0.00000 0.9889 0.9156
transfer_grey
0 37.10000 -0.00000 -11.50000 1.00000 0.00000 -0.00000 1.0000 0.9102
0 37.10000 -1.42274 -10.80675 1.00000 0.00000 -0.00000 0.9889 0.9156
0 37.10000 -1.50105 -11.40162 1.00000 0.00000 -0.00000 0.9883 0.9109
transfer_grey
0 37.10000 1.50105 -11.40162 1.00000 0.00000 0.00000 0.0117 0.9109
0 37.10000 1.42274 -10.80675 1.00000 0.00000 0.00000 0.0111 0.9156
0 37.10000 -0.00000 -10.90000 1.00000 0.00000 0.00000 1.0000 0.9148
transfer_grey
0 37.10000 1.50105 -11.40162 1.00000 0.00000 0.00000 0.0117 0.9109
0 37.10000 -0.00000 -10.90000 1.00000 0.00000 0.00000 1.0000 0.9148
0 37.10000 -0.00000 -11.50000 1.00000 0.00000 0.00000 1.0000 0.9102
transfer_grey
0 37.10000 2.97642 -11.10815 1.00000 0.00000 0.00000 0.0233 0.9132
0 37.10000 2.82113 -10.52859 1.00000 0.00000 0.00000 0.0220 0.9177
0 37.10000 1.42274 -10.80675 1.00000 0.00000 0.00000 0.0111 0.9156
transfer_grey
0 37.10000 2.97642 -11.10815 1.00000 0.00000 0.00000 0.0233 0.9132
0 37.10000 1.42274 -10.80675 1.00000 0.00000 0.00000 0.0111 0.9156
0 37.10000 1.50105 -11.40162 1.00000 0.00000 0.00000 0.0117 0.9109
transfer_grey
0 37.10000 4.40086 -10.62461 1.00000 0.00000 0.00000 0.0344 0.9170
0 37.10000 4.17125 -10.07029 1.00000 0.00000 0.00000 0.0326 0.9213
0 37.10000 2.82113 -10.52859 1.00000 0.00000 0.00000 0.0220 0.9177
transfer_grey
0 37.10000 4.40086 -10.62461 1.00000 0.00000 0.00000 0.0344 0.9170
0 37.10000 2.82113 -10.52859 1.00000 0.00000 0.00000 0.0220 0.9177
0 37.10000 2.97642 -11.10815 1.00000 0.00000 0.00000 0.0233 0.9132
transfer_grey
0 37.10000 5.75000 -9.95929 1.00000 0.00000 0.00000 0.0449 0.9222
0 37.10000 5.45000 -9.43968 1.00000 0.00000 0.00000 0.0426 0.9263
0 37.10000 4.17125 -10.07029 1.00000 0.00000 0.00000 0.0326 0.9213
transfer_grey
0 37.10000 5.75000 -9.95929 1.00000 0.00000 0.00000 0.0449 0.9222
0 37.10000 4.17125 -10.07029 1.00000 0.00000 0.00000 0.0326 0.9213
0 37.10000 4.40086 -10.62461 1.00000 0.00000 0.00000 0.0344 0.9170
transfer_grey
0 37.10000 7.00076 -9.12356 1.00000 0.00000 0.00000 0.0547 0.9287
0 37.10000 6.63550 -8.64755 1.00000 0.00000 0.00000 0.0518 0.9324
0 37.10000 5.45000 -9.43968 1.00000 0.00000 0.00000 0.0426 0.9263
transfer_grey
0 37.10000 7.00076 -9.12356 1.00000 0.00000 0.00000 0.0547 0.9287
0 37.10000 5.45000 -9.43968 1.00000 0.00000 0.00000 0.0426 0.9263
0 37.10000 5.75000 -9.95929 1.00000 0.00000 0.00000 0.0449 0.9222
transfer_grey
0 37.10000 8.13173 -8.13173 1.00000 0.00000 0.00000 0.0635 0.9365
0 37.10000 7.70746 -7.70746 1.00000 0.00000 0.00000 0.0602 0.9398
0 37.10000 6.63550 -8.64755 1.00000 0.00000 0.00000 0.0518 0.9324
transfer_grey
0 37.10000 8.13173 -8.13173 1.00000 0.00000 0.00000 0.0635 0.9365
0 37.10000 6.63550 -8.64755 1.00000 0.00000 0.00000 0.0518 0.9324
0 37.10000 7.00076 -9.12356 1.00000 0.00000 0.00000 0.0547 0.9287
transfer_grey
0 37.10000 9.12356 -7.00076 1.00000 0.00000 0.00000 0.0713 0.9453
0 37.10000 8.64755 -6.63550 1.00000 0.00000 0.00000 0.0676 0.9482
0 37.10000 7.70746 -7.70746 1.00000 0.00000 0.00000 0.0602 0.9398
transfer_grey
0 37.10000 9.12356 -7.00076 1.00000 0.00000 0.00000 0.0713 0.9453
0 37.10000 7.70746 -7.70746 1.00000 0.00000 0.00000 0.0602 0.9398
0 37.10000 8.13173 -8.13173 1.00000 0.00000 0.00000 0.0635 0.9365
transfer_grey
0 37.10000 9.95929 -5.75000 1.00000 0.00000 0.00000 0.0778 0.9551
0 37.10000 9.43968 -5.45000 1.00000 0.00000 0.00000 0.0737 0.9574
0 37.10000 8.64755 -6.63550 1.00000 0.00000 0.00000 0.0676 0.9482
transfer_grey
0 37.10000 9.95929 -5.75000 1.00000 0.00000 0.00000 0.0778 0.9551
0 37.10000 8.64755 -6.63550 1.00000 0.00000 0.00000 0.0676 0.9482
0 37.10000 9.12356 -7.00076 1.00000 0.00000 0.00000 0.0713 0.9453
transfer_grey
0 37.10000 10.62461 -4.40086 1.00000 0.00000 0.00000 0.0830 0.9656
0 37.10000 10.07029 -4.17125 1.00000 0.00000 0.00000 0.0787 0.9674
0 37.10000 9.43968 -5.45000 1.00000 0.00000 0.00000 0.0737 0.9574
transfer_grey
0 37.10000 10.62461 -4.40086 1.00000 0.00000 0.00000 0.0830 0.9656
0 37.10000 9.43968 -5.45000 1.00000 0.00000 0.00000 0.0737 0.9574
0 37.10000 9.95929 -5.75000 1.00000 0.00000 0.00000 0.0778 0.9551
transfer_grey
0 37.10000 11.10815 -2.97642 1.00000 0.00000 0.00000 0.0868 0.9767
0 37.10000 10.52859 -2.82113 1.00000 0.00000 0.00000 0.0823 0.9780
0 37.10000 10.07029 -4.17125 1.00000 0.00000 0.00000 0.0787 0.9674
transfer_grey
0 37.10000 11.10815 -2.97642 1.00000 0.00000 0.00000 0.0868 0.9767
0 37.10000 10.07029 -4.17125 1.00000 0.00000 0.00000 0.0787 0.9674
0 37.10000 10.62461 -4.40086 1.00000 0.00000 0.00000 0.0830 0.9656
transfer_grey
0 37.10000 11.40162 -1.50105 1.00000 0.00000 0.00000 0.0891 0.9883
0 37.10000 10.80675 -1.42274 1.00000 0.00000 0.00000 0.0844 0.9889
0 37.10000 10.52859 -2.82113 1.00000 0.00000 0.00000 0.0823 0.9780
transfer_grey
0 37.10000 11.40162 -1.50105 1.00000 0.00000 0.00000 0.0891 0.9883
0 37.10000 10.52859 -2.82113 1.00000 0.00000 0.00000 0.0823 0.9780
0 37.10000 11.10815 -2.97642 1.00000 0.00000 0.00000 0.0868 0.9767
transfer_grey
0 37.10000 11.50000 -0.00000 1.00000 0.00000 0.00000 0.0898 1.0000
0 37.10000 10.90000 -0.00000 1.00000 0.00000 0.00000 0.0852 1.0000
0 37.10000 10.80675 -1.42274 1.00000 0.00000 0.00000 0.0844 0.9889
transfer_grey
0 37.10000 11.50000 -0.00000 1.00000 0.00000 0.00000 0.0898 1.0000
0 37.10000 10.80675 -1.42274 1.00000 0.00000 0.00000 0.0844 0.9889
0 37.10000 11.40162 -1.50105 1.00000 0.00000 0.00000 0.0891 0.9883
transfer_black
0 -0.50000 0.00000 0.00000 -1.00000 0.00000 0.00000 0.0000 0.0000
0 -0.50000 6.14696 0.80926 -1.00000 0.00000 0.00000 0.0480 0.0063
0 -0.50000 6.20000 0.00000 -1.00000 0.00000 0.00000 0.0484 0.0000
transfer_black
0 -0.50000 0.00000 0.00000 -1.00000 0.00000 0.00000 0.0000 0.0000
0 -0.50000 5.98874 1.60468 -1.00000 0.00000 0.00000 0.0468 0.0125
0 -0.50000 6.14696 0.80926 -1.00000 0.00000 0.00000 0.0480 0.0063
transfer_black
0 -0.50000 0.00000 0.00000 -1.00000 0.00000 0.00000 0.0000 0.0000
0 -0.50000 5.72805 2.37264 -1.00000 0.00000 0.00000 0.0448 0.0185
0 -0.50000 5.98874 1.60468 -1.00000 0.00000 0.00000 0.0468 0.0125
transfer_black
0 -0.50000 0.00000 0.00000 -1.00000 0.00000 0.00000 0.0000 0.0000
0 -0.50000 5.36936 3.10000 -1.00000 0.00000 0.00000 0.0419 0.0242
0 -0.50000 5.72805 2.37264 -1.00000 0.00000 0.00000 0.0448 0.0185
transfer_black
0 -0.50000 0.00000 0.00000 -1.00000 0.00000 0.00000 0.0000 0.0000
0 -0.50000 4.91879 3.77432 -1.00000 0.00000 0.00000 0.0384 0.0295
0 -0.50000 5.36936 3.10000 -1.00000 0.00000 0.00000 0.0419 0.0242
transfer_black
0 -0.50000 0.00000 0.00000 -1.00000 0.00000 0.00000 0.0000 0.0000
0 -0.50000 4.38406 4.38406 -1.00000 0.00000 0.00000 0.0343 0.0343
0 -0.50000 4.91879 3.77432 -1.00000 0.00000 0.00000 0.0384 0.0295
transfer_black
0 -0.50000 0.00000 0.00000 -1.00000 0.00000 0.00000 0.0000 0.0000
0 -0.50000 3.77432 4.91879 -1.00000 0.00000 0.00000 0.0295 0.0384
0 -0.50000 4.38406 4.38406 -1.00000 0.00000 0.00000 0.0343 0.0343
transfer_black
0 -0.50000 0.00000 0.00000 -1.00000 0.00000 0.00000 0.0000 0.0000
0 -0.50000 3.10000 5.36936 -1.00000 0.00000 0.00000 0.0242 0.0419
0 -0.50000 3.77432 4.91879 -1.00000 0.00000 0.00000 0.0295 0.0384
transfer_black
0 -0.50000 0.00000 0.00000 -1.00000 0.00000 0.00000 0.0000 0.0000
0 -0.50000 2.37264 5.72805 -1.00000 0.00000 0.00000 0.0185 0.0448
0 -0.50000 3.10000 5.36936 -1.00000 0.00000 0.00000 0.0242 0.0419
transfer_black
0 -0.50000 0.00000 0.00000 -1.00000 0.00000 0.00000 0.0000 0.0000
0 -0.50000 1.60468 5.98874 -1.00000 0.00000 0.00000 0.0125 0.0468
0 -0.50000 2.37264 5.72805 -1.00000 0.00000 0.00000 0.0185 0.0448
transfer_black
0 -0.50000 0.00000 0.00000 -1.00000 0.00000 0.00000 0.0000 0.0000
0 -0.50000 0.80926 6.14696 -1.00000 0.00000 0.00000 0.0063 0.0480
0 -0.50000 1.60468 5.98874 -1.00000 0.00000 0.00000 0.0125 0.0468
transfer_black
0 -0.50000 0.00000 0.00000 -1.00000 0.00000 0.00000 0.0000 0.0000
0 -0.50000 0.00000 6.20000 -1.00000 0.00000 0.00000 0.0000 0.0484
0 -0.50000 0.80926 6.14696 -1.00000 0.00000 0.00000 0.0063 0.0480
transfer_black
0 -0.50000 0.00000 0.00000 -1.00000 0.00000 0.00000 0.0000 0.0000
0 -0.50000 -0.80926 6.14696 -1.00000 0.00000 0.00000 0.9937 0.0480
0 -0.50000 0.00000 6.20000 -1.00000 0.00000 0.00000 0.0000 0.0484
transfer_black
0 -0.50000 0.00000 0.00000 -1.00000 0.00000 0.00000 0.0000 0.0000
0 -0.50000 -1.60468 5.98874 -1.00000 0.00000 0.00000 0.9875 0.0468
0 -0.50000 -0.80926 6.14696 -1.00000 0.00000 0.00000 0.9937 0.0480
transfer_black
0 -0.50000 0.00000 0.00000 -1.00000 0.00000 0.00000 0.0000 0.0000
0 -0.50000 -2.37264 5.72805 -1.00000 0.00000 0.00000 0.9815 0.0448
0 -0.50000 -1.60468 5.98874 -1.00000 0.00000 0.00000 0.9875 0.0468
transfer_black
0 -0.50000 0.00000 0.00000 -1.00000 0.00000 0.00000 0.0000 0.0000
0 -0.50000 -3.10000 5.36936 -1.00000 0.00000 0.00000 0.9758 0.0419
0 -0.50000 -2.37264 5.72805 -1.00000 0.00000 0.00000 0.9815 0.0448
transfer_black
0 -0.50000 0.00000 0.00000 -1.00000 0.00000 0.00000 0.0000 0.0000
0 -0.50000 -3.77432 4.91879 -1.00000 0.00000 0.00000 0.9705 0.0384
0 -0.50000 -3.10000 5.36936 -1.00000 0.00000 0.00000 0.9758 0.0419
transfer_black
0 -0.50000 0.00000 0.00000 -1.00000 0.00000 0.00000 0.0000 0.0000
0 -0.50000 -4.38406 4.38406 -1.00000 0.00000 0.00000 0.9657 0.0343
0 -0.50000 -3.77432 4.91879 -1.00000 0.00000 0.00000 0.9705 0.0384
transfer_black
0 -0.50000 0.00000 0.00000 -1.00000 0.00000 0.00000 0.0000 0.0000
0 -0.50000 -4.91879 3.77432 -1.00000 0.00000 0.00000 0.9616 0.0295
0 -0.50000 -4.38406 4.38406 -1.00000 0.00000 0.00000 0.9657 0.0343
transfer_black
0 -0.50000 0.00000 0.00000 -1.00000 0.00000 0.00000 0.0000 0.0000
0 -0.50000 -5.36936 3.10000 -1.00000 0.00000 0.00000 0.9581 0.0242
0 -0.50000 -4.91879 3.77432 -1.00000 0.00000 0.00000 0.9616 0.0295
transfer_black
0 -0.50000 0.00000 0.00000 -1.00000 0.00000 0.00000 0.0000 0.0000
0 -0.50000 -5.72805 2.37264 -1.00000 0.00000 0.00000 0.9552 0.0185
0 -0.50000 -5.36936 3.10000 -1.00000 0.00000 0.00000 0.9581 0.0242
transfer_black
0 -0.50000 0.00000 0.00000 -1.00000 0.00000 0.00000 0.0000 0.0000
0 -0.50000 -5.98874 1.60468 -1.00000 0.00000 0.00000 0.9532 0.0125
0 -0.50000 -5.72805 2.37264 -1.00000 0.00000 0.00000 0.9552 0.0185
transfer_black
0 -0.50000 0.00000 0.00000 -1.00000 0.00000 0.00000 0.0000 0.0000
0 -0.50000 -6.14696 0.80926 -1.00000 0.00000 0.00000 0.9520 0.0063
0 -0.50000 -5.98874 1.60468 -1.00000 0.00000 0.00000 0.9532 0.0125
transfer_black
0 -0.50000 0.00000 0.00000 -1.00000 0.00000 0.00000 0.0000 0.0000
0 -0.50000 -6.20000 0.00000 -1.00000 0.00000 0.00000 0.9516 0.0000
0 -0.50000 -6.14696 0.80926 -1.00000 0.00000 0.00000 0.9520 0.0063
transfer_black
0 -0.50000 0.00000 0.00000 -1.00000 -0.00000 0.00000 0.0000 0.0000
0 -0.50000 -6.14696 -0.80926 -1.00000 -0.00000 0.00000 0.9520 0.9937
0 -0.50000 -6.20000 0.00000 -1.00000 -0.00000 0.00000 0.9516 0.0000
transfer_black
0 -0.50000 0.00000 0.00000 -1.00000 0.00000 0.00000 0.0000 0.0000
0 -0.50000 -5.98874 -1.60468 -1.00000 0.00000 0.00000 0.9532 0.9875
0 -0.50000 -6.14696 -0.80926 -1.00000 0.00000 0.00000 0.9520 0.9937
transfer_black
0 -0.50000 0.00000 0.00000 -1.00000 0.00000 0.00000 0.0000 0.0000
0 -0.50000 -5.72805 -2.37264 -1.00000 0.00000 0.00000 0.9552 0.9815
0 -0.50000 -5.98874 -1.60468 -1.00000 0.00000 0.00000 0.9532 0.9875
transfer_black
0 -0.50000 0.00000 0.00000 -1.00000 0.00000 0.00000 0.0000 0.0000
0 -0.50000 -5.36936 -3.10000 -1.00000 0.00000 0.00000 0.9581 0.9758
0 -0.50000 -5.72805 -2.37264 -1.00000 0.00000 0.00000 0.9552 0.9815
transfer_black
0 -0.50000 0.00000 0.00000 -1.00000 0.00000 0.00000 0.0000 0.0000
0 -0.50000 -4.91879 -3.77432 -1.00000 0.00000 0.00000 0.9616 0.9705
0 -0.50000 -5.36936 -3.10000 -1.00000 0.00000 0.00000 0.9581 0.9758
transfer_black
0 -0.50000 0.00000 0.00000 -1.00000 0.00000 0.00000 0.0000 0.0000
0 -0.50000 -4.38406 -4.38406 -1.00000 0.00000 0.00000 0.9657 0.9657
0 -0.50000 -4.91879 -3.77432 -1.00000 0.00000 0.00000 0.9616 0.9705
transfer_black
0 -0.50000 0.00000 0.00000 -1.00000 0.00000 0.00000 0.0000 0.0000
0 -0.50000 -3.77432 -4.91879 -1.00000 0.00000 0.00000 0.9705 0.9616
0 -0.50000 -4.38406 -4.38406 -1.00000 0.00000 0.00000 0.9657 0.9657
transfer_black
0 -0.50000 0.00000 0.00000 -1.00000 0.00000 0.00000 0.0000 0.0000
0 -0.50000 -3.10000 -5.36936 -1.00000 0.00000 0.00000 0.9758 0.9581
0 -0.50000 -3.77432 -4.91879 -1.00000 0.00000 0.00000 0.9705 0.9616
transfer_black
0 -0.50000 0.00000 0.00000 -1.00000 0.00000 0.00000 0.0000 0.0000
0 -0.50000 -2.37264 -5.72805 -1.00000 0.00000 0.00000 0.9815 0.9552
0 -0.50000 -3.10000 -5.36936 -1.00000 0.00000 0.00000 0.9758 0.9581
transfer_black
0 -0.50000 0.00000 0.00000 -1.00000 0.00000 0.00000 0.0000 0.0000
0 -0.50000 -1.60468 -5.98874 -1.00000 0.00000 0.00000 0.9875 0.9532
0 -0.50000 -2.37264 -5.72805 -1.00000 0.00000 0.00000 0.9815 0.9552
transfer_black
0 -0.50000 0.00000 0.00000 -1.00000 0.00000 0.00000 0.0000 0.0000
0 -0.50000 -0.80926 -6.14696 -1.00000 0.00000 0.00000 0.9937 0.9520
0 -0.50000 -1.60468 -5.98874 -1.00000 0.00000 0.00000 0.9875 0.9532
transfer_black
0 -0.50000 0.00000 0.00000 -1.00000 0.00000 0.00000 0.0000 0.0000
0 -0.50000 -0.00000 -6.20000 -1.00000 0.00000 0.00000 1.0000 0.9516
0 -0.50000 -0.80926 -6.14696 -1.00000 0.00000 0.00000 0.9937 0.9520
transfer_black
0 -0.50000 0.00000 0.00000 -1.00000 0.00000 -0.00000 0.0000 0.0000
0 -0.50000 0.80926 -6.14696 -1.00000 0.00000 -0.00000 0.0063 0.9520
0 -0.50000 -0.00000 -6.20000 -1.00000 0.00000 -0.00000 1.0000 0.9516
transfer_black
0 -0.50000 0.00000 0.00000 -1.00000 0.00000 0.00000 0.0000 0.0000
0 -0.50000 1.60468 -5.98874 -1.00000 0.00000 0.00000 0.0125 0.9532
0 -0.50000 0.80926 -6.14696 -1.00000 0.00000 0.00000 0.0063 0.9520
transfer_black
0 -0.50000 0.00000 0.00000 -1.00000 0.00000 0.00000 0.0000 0.0000
0 -0.50000 2.37264 -5.72805 -1.00000 0.00000 0.00000 0.0185 0.9552
0 -0.50000 1.60468 -5.98874 -1.00000 0.00000 0.00000 0.0125 0.9532
transfer_black
0 -0.50000 0.00000 0.00000 -1.00000 0.00000 0.00000 0.0000 0.0000
0 -0.50000 3.10000 -5.36936 -1.00000 0.00000 0.00000 0.0242 0.9581
0 -0.50000 2.37264 -5.72805 -1.00000 0.00000 0.00000 0.0185 0.9552
transfer_black
0 -0.50000 0.00000 0.00000 -1.00000 0.00000 0.00000 0.0000 0.0000
0 -0.50000 3.77432 -4.91879 -1.00000 0.00000 0.00000 0.0295 0.9616
0 -0.50000 3.10000 -5.36936 -1.00000 0.00000 0.00000 0.0242 0.9581
transfer_black
0 -0.50000 0.00000 0.00000 -1.00000 0.00000 0.00000 0.0000 0.0000
0 -0.50000 4.38406 -4.38406 -1.00000 0.00000 0.00000 0.0343 0.9657
0 -0.50000 3.77432 -4.91879 -1.00000 0.00000 0.00000 0.0295 0.9616
transfer_black
0 -0.50000 0.00000 0.00000 -1.00000 0.00000 0.00000 0.0000 0.0000
0 -0.50000 4.91879 -3.77432 -1.00000 0.00000 0.00000 0.0384 0.9705
0 -0.50000 4.38406 -4.38406 -1.00000 0.00000 0.00000 0.0343 0.9657
transfer_black
0 -0.50000 0.00000 0.00000 -1.00000 0.00000 0.00000 0.0000 0.0000
0 -0.50000 5.36936 -3.10000 -1.00000 0.00000 0.00000 0.0419 0.9758
0 -0.50000 4.91879 -3.77432 -1.00000 0.00000 0.00000 0.0384 0.9705
transfer_black
0 -0.50000 0.00000 0.00000 -1.00000 0.00000 0.00000 0.0000 0.0000
0 -0.50000 5.72805 -2.37264 -1.00000 0.00000 0.00000 0.0448 0.9815
0 -0.50000 5.36936 -3.10000 -1.00000 0.00000 0.00000 0.0419 0.9758
transfer_black
0 -0.50000 0.00000 0.00000 -1.00000 0.00000 0.00000 0.0000 0.0000
0 -0.50000 5.98874 -1.60468 -1.00000 0.00000 0.00000 0.0468 0.9875
0 -0.50000 5.72805 -2.37264 -1.00000 0.00000 0.00000 0.0448 0.9815
transfer_black
0 -0.50000 0.00000 0.00000 -1.00000 0.00000 0.00000 0.0000 0.0000
0 -0.50000 6.14696 -0.80926 -1.00000 0.00000 0.00000 0.0480 0.9937
0 -0.50000 5.98874 -1.60468 -1.00000 0.00000 0.00000 0.0468 0.9875
transfer_black
0 -0.50000 0.00000 0.00000 -1.00000 0.00000 0.00000 0.0000 0.0000
0 -0.50000 6.20000 -0.00000 -1.00000 0.00000 0.00000 0.0484 1.0000
0 -0.50000 6.14696 -0.80926 -1.00000 0.00000 0.00000 0.0480 0.9937
transfer_black
0 -0.50000 6.14696 0.80926 -0.89404 0.44702 0.02930 0.0480 0.0063
0 -0.20000 6.74183 0.88758 -0.89404 0.44702 0.02930 0.0527 0.0069
0 -0.20000 6.80000 0.00000 -0.89404 0.44702 0.02930 0.0531 0.0000
transfer_black
0 -0.50000 6.14696 0.80926 -0.89404 0.44702 0.02930 0.0480 0.0063
0 -0.20000 6.80000 0.00000 -0.89404 0.44702 0.02930 0.0531 0.0000
0 -0.50000 6.20000 0.00000 -0.89404 0.44702 0.02930 0.0484 0.0000
transfer_black
0 -0.50000 5.98874 1.60468 -0.89404 0.43937 0.08740 0.0468 0.0125
0 -0.20000 6.56830 1.75997 -0.89404 0.43937 0.08740 0.0513 0.0137
0 -0.20000 6.74183 0.88758 -0.89404 0.43937 0.08740 0.0527 0.0069
transfer_black
0 -0.50000 5.98874 1.60468 -0.89404 0.43937 0.08740 0.0468 0.0125
0 -0.20000 6.74183 0.88758 -0.89404 0.43937 0.08740 0.0527 0.0069
0 -0.50000 6.14696 0.80926 -0.89404 0.43937 0.08740 0.0480 0.0063
transfer_black
0 -0.50000 5.72805 2.37264 -0.89404 0.42421 0.14400 0.0448 0.0185
0 -0.20000 6.28238 2.60225 -0.89404 0.42421 0.14400 0.0491 0.0203
0 -0.20000 6.56830 1.75997 -0.89404 0.42421 0.14400 0.0513 0.0137
transfer_black
0 -0.50000 5.72805 2.37264 -0.89404 0.42421 0.14400 0.0448 0.0185
0 -0.20000 6.56830 1.75997 -0.89404 0.42421 0.14400 0.0513 0.0137
0 -0.50000 5.98874 1.60468 -0.89404 0.42421 0.14400 0.0468 0.0125
transfer_black
0 -0.50000 5.36936 3.10000 -0.89404 0.40178 0.19814 0.0419 0.0242
0 -0.20000 5.88897 3.40000 -0.89404 0.40178 0.19814 0.0460 0.0266
0 -0.20000 6.28238 2.60225 -0.89404 0.40178 0.19814 0.0491 0.0203
transfer_black
0 -0.50000 5.36936 3.10000 -0.89404 0.40178 0.19814 0.0419 0.0242
0 -0.20000 6.28238 2.60225 -0.89404 0.40178 0.19814 0.0491 0.0203
0 -0.50000 5.72805 2.37264 -0.89404 0.40178 0.19814 0.0448 0.0185
transfer_black
0 -0.50000 4.91879 3.77432 -0.89404 0.37248 0.24888 0.0384 0.0295
0 -0.20000 5.39480 4.13958 -0.89404 0.37248 0.24888 0.0421 0.0323
0 -0.20000 5.88897 3.40000 -0.89404 0.37248 0.24888 0.0460 0.0266
transfer_black
0 -0.50000 4.91879 3.77432 -0.89404 0.37248 0.24888 0.0384 0.0295
0 -0.20000 5.88897 3.40000 -0.89404 0.37248 0.24888 0.0460 0.0266
0 -0.50000 5.36936 3.10000 -0.89404 0.37248 0.24888 0.0419 0.0242
transfer_black
0 -0.50000 4.38406 4.38406 -0.89404 0.33681 0.29537 0.0343 0.0343
0 -0.20000 4.80833 4.80833 -0.89404 0.33681 0.29537 0.0376 0.0376
0 -0.20000 5.39480 4.13958 -0.89404 0.33681 0.29537 0.0421 0.0323
transfer_black
0 -0.50000 4.38406 4.38406 -0.89404 0.33681 0.29537 0.0343 0.0343
0 -0.20000 5.39480 4.13958 -0.89404 0.33681 0.29537 0.0421 0.0323
0 -0.50000 4.91879 3.77432 -0.89404 0.33681 0.29537 0.0384 0.0295
transfer_black
0 -0.50000 3.77432 4.91879 -0.89404 0.29537 0.33681 0.0295 0.0384
0 -0.20000 4.13958 5.39480 -0.89404 0.29537 0.33681 0.0323 0.0421
0 -0.20000 4.80833 4.80833 -0.89404 0.29537 0.33681 0.0376 0.0376
transfer_black
0 -0.50000 3.77432 4.91879 -0.89404 0.29537 0.33681 0.0295 0.0384
0 -0.20000 4.80833 4.80833 -0.89404 0.29537 0.33681 0.0376 0.0376
0 -0.50000 4.38406 4.38406 -0.89404 0.29537 0.33681 0.0343 0.0343
transfer_black
0 -0.50000 3.10000 5.36936 -0.89404 0.24888 0.37248 0.0242 0.0419
0 -0.20000 3.40000 5.88897 -0.89404 0.24888 0.37248 0.0266 0.0460
0 -0.20000 4.13958 5.39480 -0.89404 0.24888 0.37248 0.0323 0.0421
transfer_black
0 -0.50000 3.10000 5.36936 -0.89404 0.24888 0.37248 0.0242 0.0419
0 -0.20000 4.13958 5.39480 -0.89404 0.24888 0.37248 0.0323 0.0421
0 -0.50000 3.77432 4.91879 -0.89404 0.24888 0.37248 0.0295 0.0384
transfer_black
0 -0.50000 2.37264 5.72805 -0.89404 0.19814 0.40178 0.0185 0.0448
0 -0.20000 2.60225 6.28238 -0.89404 0.19814 0.40178 0.0203 0.0491
0 -0.20000 3.40000 5.88897 -0.89404 0.19814 0.40178 0.0266 0.0460
transfer_black
0 -0.50000 2.37264 5.72805 -0.89404 0.19814 0.40178 0.0185 0.0448
0 -0.20000 3.40000 5.88897 -0.89404 0.19814 0.40178 0.0266 0.0460
0 -0.50000 3.10000 5.36936 -0.89404 0.19814 0.40178 0.0242 0.0419
transfer_black
0 -0.50000 1.60468 5.98874 -0.89404 0.14400 0.42421 0.0125 0.0468
0 -0.20000 1.75997 6.56830 -0.89404 0.14400 0.42421 0.0137 0.0513
0 -0.20000 2.60225 6.28238 -0.89404 0.14400 0.42421 0.0203 0.0491
transfer_black
0 -0.50000 1.60468 5.98874 -0.89404 0.14400 0.42421 0.0125 0.0468
0 -0.20000 2.60225 6.28238 -0.89404 0.14400 0.42421 0.0203 0.0491
0 -0.50000 2.37264 5.72805 -0.89404 0.14400 0.42421 0.0185 0.0448
transfer_black
0 -0.50000 0.80926 6.14696 -0.89404 0.08740 0.43937 0.0063 0.0480
0 -0.20000 0.88758 6.74183 -0.89404 0.08740 0.43937 0.0069 0.0527
0 -0.20000 1.75997 6.56830 -0.89404 0.08740 0.43937 0.0137 0.0513
transfer_black
0 -0.50000 0.80926 6.14696 -0.89404 0.08740 0.43937 0.0063 0.0480
0 -0.20000 1.75997 6.56830 -0.89404 0.08740 0.43937 0.0137 0.0513
0 -0.50000 1.60468 5.98874 -0.89404 0.08740 0.43937 0.0125 0.0468
transfer_black
0 -0.50000 0.00000 6.20000 -0.89404 0.02930 0.44702 0.0000 0.0484
0 -0.20000 0.00000 6.80000 -0.89404 0.02930 0.44702 0.0000 0.0531
0 -0.20000 0.88758 6.74183 -0.89404 0.02930 0.44702 0.0069 0.0527
transfer_black
0 -0.50000 0.00000 6.20000 -0.89404 0.02930 0.44702 0.0000 0.0484
0 -0.20000 0.88758 6.74183 -0.89404 0.02930 0.44702 0.0069 0.0527
0 -0.50000 0.80926 6.14696 -0.89404 0.02930 0.44702 0.0063 0.0480
transfer_black
0 -0.50000 -0.80926 6.14696 -0.89404 -0.02930 0.44702 0.9937 0.0480
0 -0.20000 -0.88758 6.74183 -0.89404 -0.02930 0.44702 0.9931 0.0527
0 -0.20000 0.00000 6.80000 -0.89404 -0.02930 0.44702 0.0000 0.0531
transfer_black
0 -0.50000 -0.80926 6.14696 -0.89404 -0.02930 0.44702 0.9937 0.0480
0 -0.20000 0.00000 6.80000 -0.89404 -0.02930 0.44702 0.0000 0.0531
0 -0.50000 0.00000 6.20000 -0.89404 -0.02930 0.44702 0.0000 0.0484
transfer_black
0 -0.50000 -1.60468 5.98874 -0.89404 -0.08740 0.43937 0.9875 0.0468
0 -0.20000 -1.75997 6.56830 -0.89404 -0.08740 0.43937 0.9863 0.0513
0 -0.20000 -0.88758 6.74183 -0.89404 -0.08740 0.43937 0.9931 0.0527
transfer_black
0 -0.50000 -1.60468 5.98874 -0.89404 -0.08740 0.43937 0.9875 0.0468
0 -0.20000 -0.88758 6.74183 -0.89404 -0.08740 0.43937 0.9931 0.0527
0 -0.50000 -0.80926 6.14696 -0.89404 -0.08740 0.43937 0.9937 0.0480
transfer_black
0 -0.50000 -2.37264 5.72805 -0.89404 -0.14400 0.42421 0.9815 0.0448
0 -0.20000 -2.60225 6.28238 -0.89404 -0.14400 0.42421 0.9797 0.0491
0 -0.20000 -1.75997 6.56830 -0.89404 -0.14400 0.42421 0.9863 0.0513
transfer_black
0 -0.50000 -2.37264 5.72805 -0.89404 -0.14400 0.42421 0.9815 0.0448
0 -0.20000 -1.75997 6.56830 -0.89404 -0.14400 0.42421 0.9863 0.0513
0 -0.50000 -1.60468 5.98874 -0.89404 -0.14400 0.42421 0.9875 0.0468
transfer_black
0 -0.50000 -3.10000 5.36936 -0.89404 -0.19814 0.40178 0.9758 0.0419
0 -0.20000 -3.40000 5.88897 -0.89404 -0.19814 0.40178 0.9734 0.0460
0 -0.20000 -2.60225 6.28238 -0.89404 -0.19814 0.40178 0.9797 0.0491
transfer_black
0 -0.50000 -3.10000 5.36936 -0.89404 -0.19814 0.40178 0.9758 0.0419
0 -0.20000 -2.60225 6.28238 -0.89404 -0.19814 0.40178 0.9797 0.0491
0 -0.50000 -2.37264 5.72805 -0.89404 -0.19814 0.40178 0.9815 0.0448
transfer_black
0 -0.50000 -3.77432 4.91879 -0.89404 -0.24888 0.37248 0.9705 0.0384
0 -0.20000 -4.13958 5.39480 -0.89404 -0.24888 0.37248 0.9677 0.0421
0 -0.20000 -3.40000 5.88897 -0.89404 -0.24888 0.37248 0.9734 0.0460
transfer_black
0 -0.50000 -3.77432 4.91879 -0.89404 -0.24888 0.37248 0.9705 0.0384
0 -0.20000 -3.40000 5.88897 -0.89404 -0.24888 0.37248 0.9734 0.0460
0 -0.50000 -3.10000 5.36936 -0.89404 -0.24888 0.37248 0.9758 0.0419
transfer_black
0 -0.50000 -4.38406 4.38406 -0.89404 -0.29537 0.33681 0.9657 0.0343
0 -0.20000 -4.80833 4.80833 -0.89404 -0.29537 0.33681 0.9624 0.0376
0 -0.20000 -4.13958 5.39480 -0.89404 -0.29537 0.33681 0.9677 0.0421
transfer_black
0 -0.50000 -4.38406 4.38406 -0.89404 -0.29537 0.33681 0.9657 0.0343
0 -0.20000 -4.13958 5.39480 -0.89404 -0.29537 0.33681 0.9677 0.0421
0 -0.50000 -3.77432 4.91879 -0.89404 -0.29537 0.33681 0.9705 0.0384
transfer_black
0 -0.50000 -4.91879 3.77432 -0.89404 -0.33681 0.29537 0.9616 0.0295
0 -0.20000 -5.39480 4.13958 -0.89404 -0.33681 0.29537 0.9579 0.0323
0 -0.20000 -4.80833 4.80833 -0.89404 -0.33681 0.29537 0.9624 0.0376
transfer_black
0 -0.50000 -4.91879 3.77432 -0.89404 -0.33681 0.29537 0.9616 0.0295
0 -0.20000 -4.80833 4.80833 -0.89404 -0.33681 0.29537 0.9624 0.0376
0 -0.50000 -4.38406 4.38406 -0.89404 -0.33681 0.29537 0.9657 0.0343
transfer_black
0 -0.50000 -5.36936 3.10000 -0.89404 -0.37248 0.24888 0.9581 0.0242
0 -0.20000 -5.88897 3.40000 -0.89404 -0.37248 0.24888 0.9540 0.0266
0 -0.20000 -5.39480 4.13958 -0.89404 -0.37248 0.24888 0.9579 0.0323
transfer_black
0 -0.50000 -5.36936 3.10000 -0.89404 -0.37248 0.24888 0.9581 0.0242
0 -0.20000 -5.39480 4.13958 -0.89404 -0.37248 0.24888 0.9579 0.0323
0 -0.50000 -4.91879 3.77432 -0.89404 -0.37248 0.24888 0.9616 0.0295
transfer_black
0 -0.50000 -5.72805 2.37264 -0.89404 -0.40178 0.19814 0.9552 0.0185
0 -0.20000 -6.28238 2.60225 -0.89404 -0.40178 0.19814 0.9509 0.0203
0 -0.20000 -5.88897 3.40000 -0.89404 -0.40178 0.19814 0.9540 0.0266
transfer_black
0 -0.50000 -5.72805 2.37264 -0.89404 -0.40178 0.19814 0.9552 0.0185
0 -0.20000 -5.88897 3.40000 -0.89404 -0.40178 0.19814 0.9540 0.0266
0 -0.50000 -5.36936 3.10000 -0.89404 -0.40178 0.19814 0.9581 0.0242
transfer_black
0 -0.50000 -5.98874 1.60468 -0.89404 -0.42421 0.14400 0.9532 0.0125
0 -0.20000 -6.56830 1.75997 -0.89404 -0.42421 0.14400 0.9487 0.0137
0 -0.20000 -6.28238 2.60225 -0.89404 -0.42421 0.14400 0.9509 0.0203
transfer_black
0 -0.50000 -5.98874 1.60468 -0.89404 -0.42421 0.14400 0.9532 0.0125
0 -0.20000 -6.28238 2.60225 -0.89404 -0.42421 0.14400 0.9509 0.0203
0 -0.50000 -5.72805 2.37264 -0.89404 -0.42421 0.14400 0.9552 0.0185
transfer_black
0 -0.50000 -6.14696 0.80926 -0.89404 -0.43937 0.08740 0.9520 0.0063
0 -0.20000 -6.74183 0.88758 -0.89404 -0.43937 0.08740 0.9473 0.0069
0 -0.20000 -6.56830 1.75997 -0.89404 -0.43937 0.08740 0.9487 0.0137
transfer_black
0 -0.50000 -6.14696 0.80926 -0.89404 -0.43937 0.08740 0.9520 0.0063
0 -0.20000 -6.56830 1.75997 -0.89404 -0.43937 0.08740 0.9487 0.0137
0 -0.50000 -5.98874 1.60468 -0.89404 -0.43937 0.08740 0.9532 0.0125
transfer_black
0 -0.50000 -6.20000 0.00000 -0.89404 -0.44702 0.02930 0.9516 0.0000
0 -0.20000 -6.80000 0.00000 -0.89404 -0.44702 0.02930 0.9469 0.0000
0 -0.20000 -6.74183 0.88758 -0.89404 -0.44702 0.02930 0.9473 0.0069
transfer_black
0 -0.50000 -6.20000 0.00000 -0.89404 -0.44702 0.02930 0.9516 0.0000
0 -0.20000 -6.74183 0.88758 -0.89404 -0.44702 0.02930 0.9473 0.0069
0 -0.50000 -6.14696 0.80926 -0.89404 -0.44702 0.02930 0.9520 0.0063
transfer_black
0 -0.50000 -6.14696 -0.80926 -0.89404 -0.44702 -0.02930 0.9520 0.9937
0 -0.20000 -6.74183 -0.88758 -0.89404 -0.44702 -0.02930 0.9473 0.9931
0 -0.20000 -6.80000 0.00000 -0.89404 -0.44702 -0.02930 0.9469 0.0000
transfer_black
0 -0.50000 -6.14696 -0.80926 -0.89404 -0.44702 -0.02930 0.9520 0.9937
0 -0.20000 -6.80000 0.00000 -0.89404 -0.44702 -0.02930 0.9469 0.0000
0 -0.50000 -6.20000 0.00000 -0.89404 -0.44702 -0.02930 0.9516 0.0000
transfer_black
0 -0.50000 -5.98874 -1.60468 -0.89404 -0.43937 -0.08740 0.9532 0.9875
0 -0.20000 -6.56830 -1.75997 -0.89404 -0.43937 -0.08740 0.9487 0.9863
0 -0.20000 -6.74183 -0.88758 -0.89404 -0.43937 -0.08740 0.9473 0.9931
transfer_black
0 -0.50000 -5.98874 -1.60468 -0.89404 -0.43937 -0.08740 0.9532 0.9875
0 -0.20000 -6.74183 -0.88758 -0.89404 -0.43937 -0.08740 0.9473 0.9931
0 -0.50000 -6.14696 -0.80926 -0.89404 -0.43937 -0.08740 0.9520 0.9937
transfer_black
0 -0.50000 -5.72805 -2.37264 -0.89404 -0.42421 -0.14400 0.9552 0.9815
0 -0.20000 -6.28238 -2.60225 -0.89404 -0.42421 -0.14400 0.9509 0.9797
0 -0.20000 -6.56830 -1.75997 -0.89404 -0.42421 -0.14400 0.9487 0.9863
transfer_black
0 -0.50000 -5.72805 -2.37264 -0.89404 -0.42421 -0.14400 0.9552 0.9815
0 -0.20000 -6.56830 -1.75997 -0.89404 -0.42421 -0.14400 0.9487 0.9863
0 -0.50000 -5.98874 -1.60468 -0.89404 -0.42421 -0.14400 0.9532 0.9875
transfer_black
0 -0.50000 -5.36936 -3.10000 -0.89404 -0.40178 -0.19814 0.9581 0.9758
0 -0.20000 -5.88897 -3.40000 -0.89404 -0.40178 -0.19814 0.9540 0.9734
0 -0.20000 -6.28238 -2.60225 -0.89404 -0.40178 -0.19814 0.9509 0.9797
transfer_black
0 -0.50000 -5.36936 -3.10000 -0.89404 -0.40178 -0.19814 0.9581 0.9758
0 -0.20000 -6.28238 -2.60225 -0.89404 -0.40178 -0.19814 0.9509 0.9797
0 -0.50000 -5.72805 -2.37264 -0.89404 -0.40178 -0.19814 0.9552 0.9815
transfer_black
0 -0.50000 -4.91879 -3.77432 -0.89404 -0.37248 -0.24888 0.9616 0.9705
0 -0.20000 -5.39480 -4.13958 -0.89404 -0.37248 -0.24888 0.9579 0.9677
0 -0.20000 -5.88897 -3.40000 -0.89404 -0.37248 -0.24888 0.9540 0.9734
transfer_black
0 -0.50000 -4.91879 -3.77432 -0.89404 -0.37248 -0.24888 0.9616 0.9705
0 -0.20000 -5.88897 -3.40000 -0.89404 -0.37248 -0.24888 0.9540 0.9734
0 -0.50000 -5.36936 -3.10000 -0.89404 -0.37248 -0.24888 0.9581 0.9758
transfer_black
0 -0.50000 -4.38406 -4.38406 -0.89404 -0.33681 -0.29537 0.9657 0.9657
0 -0.20000 -4.80833 -4.80833 -0.89404 -0.33681 -0.29537 0.9624 0.9624
0 -0.20000 -5.39480 -4.13958 -0.89404 -0.33681 -0.29537 0.9579 0.9677
transfer_black
0 -0.50000 -4.38406 -4.38406 -0.89404 -0.33681 -0.29537 0.9657 0.9657
0 -0.20000 -5.39480 -4.13958 -0.89404 -0.33681 -0.29537 0.9579 0.9677
0 -0.50000 -4.91879 -3.77432 -0.89404 -0.33681 -0.29537 0.9616 0.9705
transfer_black
0 -0.50000 -3.77432 -4.91879 -0.89404 -0.29537 -0.33681 0.9705 0.9616
0 -0.20000 -4.13958 -5.39480 -0.89404 -0.29537 -0.33681 0.9677 0.9579
0 -0.20000 -4.80833 -4.80833 -0.89404 -0.29537 -0.33681 0.9624 0.9624
transfer_black
0 -0.50000 -3.77432 -4.91879 -0.89404 -0.29537 -0.33681 0.9705 0.9616
0 -0.20000 -4.80833 -4.80833 -0.89404 -0.29537 -0.33681 0.9624 0.9624
0 -0.50000 -4.38406 -4.38406 -0.89404 -0.29537 -0.33681 0.9657 0.9657
transfer_black
0 -0.50000 -3.10000 -5.36936 -0.89404 -0.24888 -0.37248 0.9758 0.9581
0 -0.20000 -3.40000 -5.88897 -0.89404 -0.24888 -0.37248 0.9734 0.9540
0 -0.20000 -4.13958 -5.39480 -0.89404 -0.24888 -0.37248 0.9677 0.9579
transfer_black
0 -0.50000 -3.10000 -5.36936 -0.89404 -0.24888 -0.37248 0.9758 0.9581
0 -0.20000 -4.13958 -5.39480 -0.89404 -0.24888 -0.37248 0.9677 0.9579
0 -0.50000 -3.77432 -4.91879 -0.89404 -0.24888 -0.37248 0.9705 0.9616
transfer_black
0 -0.50000 -2.37264 -5.72805 -0.89404 -0.19814 -0.40178 0.9815 0.9552
0 -0.20000 -2.60225 -6.28238 -0.89404 -0.19814 -0.40178 0.9797 0.9509
0 -0.20000 -3.40000 -5.88897 -0.89404 -0.19814 -0.40178 0.9734 0.9540
transfer_black
0 -0.50000 -2.37264 -5.72805 -0.89404 -0.19814 -0.40178 0.9815 0.9552
0 -0.20000 -3.40000 -5.88897 -0.89404 -0.19814 -0.40178 0.9734 0.9540
0 -0.50000 -3.10000 -5.36936 -0.89404 -0.19814 -0.40178 0.9758 0.9581
transfer_black
0 -0.50000 -1.60468 -5.98874 -0.89404 -0.14400 -0.42421 0.9875 0.9532
0 -0.20000 -1.75997 -6.56830 -0.89404 -0.14400 -0.42421 0.9863 0.9487
0 -0.20000 -2.60225 -6.28238 -0.89404 -0.14400 -0.42421 0.9797 0.9509
transfer_black
0 -0.50000 -1.60468 -5.98874 -0.89404 -0.14400 -0.42421 0.9875 0.9532
0 -0.20000 -2.60225 -6.28238 -0.89404 -0.14400 -0.42421 0.9797 0.9509
0 -0.50000 -2.37264 -5.72805 -0.89404 -0.14400 -0.42421 0.9815 0.9552
transfer_black
0 -0.50000 -0.80926 -6.14696 -0.89404 -0.08740 -0.43937 0.9937 0.9520
0 -0.20000 -0.88758 -6.74183 -0.89404 -0.08740 -0.43937 0.9931 0.9473
0 -0.20000 -1.75997 -6.56830 -0.89404 -0.08740 -0.43937 0.9863 0.9487
transfer_black
0 -0.50000 -0.80926 -6.14696 -0.89404 -0.08740 -0.43937 0.9937 0.9520
0 -0.20000 -1.75997 -6.56830 -0.89404 -0.08740 -0.43937 0.9863 0.9487
0 -0.50000 -1.60468 -5.98874 -0.89404 -0.08740 -0.43937 0.9875 0.9532
transfer_black
0 -0.50000 -0.00000 -6.20000 -0.89404 -0.02930 -0.44702 1.0000 0.9516
0 -0.20000 -0.00000 -6.80000 -0.89404 -0.02930 -0.44702 1.0000 0.9469
0 -0.20000 -0.88758 -6.74183 -0.89404 -0.02930 -0.44702 0.9931 0.9473
transfer_black
0 -0.50000 -0.00000 -6.20000 -0.89404 -0.02930 -0.44702 1.0000 0.9516
0 -0.20000 -0.88758 -6.74183 -0.89404 -0.02930 -0.44702 0.9931 0.9473
0 -0.50000 -0.80926 -6.14696 -0.89404 -0.02930 -0.44702 0.9937 0.9520
transfer_black
0 -0.50000 0.80926 -6.14696 -0.89404 0.02930 -0.44702 0.0063 0.9520
0 -0.20000 0.88758 -6.74183 -0.89404 0.02930 -0.44702 0.0069 0.9473
0 -0.20000 -0.00000 -6.80000 -0.89404 0.02930 -0.44702 1.0000 0.9469
transfer_black
0 -0.50000 0.80926 -6.14696 -0.89404 0.02930 -0.44702 0.0063 0.9520
0 -0.20000 -0.00000 -6.80000 -0.89404 0.02930 -0.44702 1.0000 0.9469
0 -0.50000 -0.00000 -6.20000 -0.89404 0.02930 -0.44702 1.0000 0.9516
transfer_black
0 -0.50000 1.60468 -5.98874 -0.89404 0.08740 -0.43937 0.0125 0.9532
0 -0.20000 1.75997 -6.56830 -0.89404 0.08740 -0.43937 0.0137 0.9487
0 -0.20000 0.88758 -6.74183 -0.89404 0.08740 -0.43937 0.0069 0.9473
transfer_black
0 -0.50000 1.60468 -5.98874 -0.89404 0.08740 -0.43937 0.0125 0.9532
0 -0.20000 0.88758 -6.74183 -0.89404 0.08740 -0.43937 0.0069 0.9473
0 -0.50000 0.80926 -6.14696 -0.89404 0.08740 -0.43937 0.0063 0.9520
transfer_black
0 -0.50000 2.37264 -5.72805 -0.89404 0.14400 -0.42421 0.0185 0.9552
0 -0.20000 2.60225 -6.28238 -0.89404 0.14400 -0.42421 0.0203 0.9509
0 -0.20000 1.75997 -6.56830 -0.89404 0.14400 -0.42421 0.0137 0.9487
transfer_black
0 -0.50000 2.37264 -5.72805 -0.89404 0.14400 -0.42421 0.0185 0.9552
0 -0.20000 1.75997 -6.56830 -0.89404 0.14400 -0.42421 0.0137 0.9487
0 -0.50000 1.60468 -5.98874 -0.89404 0.14400 -0.42421 0.0125 0.9532
transfer_black
0 -0.50000 3.10000 -5.36936 -0.89404 0.19814 -0.40178 0.0242 0.9581
0 -0.20000 3.40000 -5.88897 -0.89404 0.19814 -0.40178 0.0266 0.9540
0 -0.20000 2.60225 -6.28238 -0.89404 0.19814 -0.40178 0.0203 0.9509
transfer_black
0 -0.50000 3.10000 -5.36936 -0.89404 0.19814 -0.40178 0.0242 0.9581
0 -0.20000 2.60225 -6.28238 -0.89404 0.19814 -0.40178 0.0203 0.9509
0 -0.50000 2.37264 -5.72805 -0.89404 0.19814 -0.40178 0.0185 0.9552
transfer_black
0 -0.50000 3.77432 -4.91879 -0.89404 0.24888 -0.37248 0.0295 0.9616
0 -0.20000 4.13958 -5.39480 -0.89404 0.24888 -0.37248 0.0323 0.9579
0 -0.20000 3.40000 -5.88897 -0.89404 0.24888 -0.37248 0.0266 0.9540
transfer_black
0 -0.50000 3.77432 -4.91879 -0.89404 0.24888 -0.37248 0.0295 0.9616
0 -0.20000 3.40000 -5.88897 -0.89404 0.24888 -0.37248 0.0266 0.9540
0 -0.50000 3.10000 -5.36936 -0.89404 0.24888 -0.37248 0.0242 0.9581
transfer_black
0 -0.50000 4.38406 -4.38406 -0.89404 0.29537 -0.33681 0.0343 0.9657
0 -0.20000 4.80833 -4.80833 -0.89404 0.29537 -0.33681 0.0376 0.9624
0 -0.20000 4.13958 -5.39480 -0.89404 0.29537 -0.33681 0.0323 0.9579
transfer_black
0 -0.50000 4.38406 -4.38406 -0.89404 0.29537 -0.33681 0.0343 0.9657
0 -0.20000 4.13958 -5.39480 -0.89404 0.29537 -0.33681 0.0323 0.9579
0 -0.50000 3.77432 -4.91879 -0.89404 0.29537 -0.33681 0.0295 0.9616
transfer_black
0 -0.50000 4.91879 -3.77432 -0.89404 0.33681 -0.29537 0.0384 0.9705
0 -0.20000 5.39480 -4.13958 -0.89404 0.33681 -0.29537 0.0421 0.9677
0 -0.20000 4.80833 -4.80833 -0.89404 0.33681 -0.29537 0.0376 0.9624
transfer_black
0 -0.50000 4.91879 -3.77432 -0.89404 0.33681 -0.29537 0.0384 0.9705
0 -0.20000 4.80833 -4.80833 -0.89404 0.33681 -0.29537 0.0376 0.9624
0 -0.50000 4.38406 -4.38406 -0.89404 0.33681 -0.29537 0.0343 0.9657
transfer_black
0 -0.50000 5.36936 -3.10000 -0.89404 0.37248 -0.24888 0.0419 0.9758
0 -0.20000 5.88897 -3.40000 -0.89404 0.37248 -0.24888 0.0460 0.9734
0 -0.20000 5.39480 -4.13958 -0.89404 0.37248 -0.24888 0.0421 0.9677
transfer_black
0 -0.50000 5.36936 -3.10000 -0.89404 0.37248 -0.24888 0.0419 0.9758
0 -0.20000 5.39480 -4.13958 -0.89404 0.37248 -0.24888 0.0421 0.9677
0 -0.50000 4.91879 -3.77432 -0.89404 0.37248 -0.24888 0.0384 0.9705
transfer_black
0 -0.50000 5.72805 -2.37264 -0.89404 0.40178 -0.19814 0.0448 0.9815
0 -0.20000 6.28238 -2.60225 -0.89404 0.40178 -0.19814 0.0491 0.9797
0 -0.20000 5.88897 -3.40000 -0.89404 0.40178 -0.19814 0.0460 0.9734
transfer_black
0 -0.50000 5.72805 -2.37264 -0.89404 0.40178 -0.19814 0.0448 0.9815
0 -0.20000 5.88897 -3.40000 -0.89404 0.40178 -0.19814 0.0460 0.9734
0 -0.50000 5.36936 -3.10000 -0.89404 0.40178 -0.19814 0.0419 0.9758
transfer_black
0 -0.50000 5.98874 -1.60468 -0.89404 0.42421 -0.14400 0.0468 0.9875
0 -0.20000 6.56830 -1.75997 -0.89404 0.42421 -0.14400 0.0513 0.9863
0 -0.20000 6.28238 -2.60225 -0.89404 0.42421 -0.14400 0.0491 0.9797
transfer_black
0 -0.50000 5.98874 -1.60468 -0.89404 0.42421 -0.14400 0.0468 0.9875
0 -0.20000 6.28238 -2.60225 -0.89404 0.42421 -0.14400 0.0491 0.9797
0 -0.50000 5.72805 -2.37264 -0.89404 0.42421 -0.14400 0.0448 0.9815
transfer_black
0 -0.50000 6.14696 -0.80926 -0.89404 0.43937 -0.08740 0.0480 0.9937
0 -0.20000 6.74183 -0.88758 -0.89404 0.43937 -0.08740 0.0527 0.9931
0 -0.20000 6.56830 -1.75997 -0.89404 0.43937 -0.08740 0.0513 0.9863
transfer_black
0 -0.50000 6.14696 -0.80926 -0.89404 0.43937 -0.08740 0.0480 0.9937
0 -0.20000 6.56830 -1.75997 -0.89404 0.43937 -0.08740 0.0513 0.9863
0 -0.50000 5.98874 -1.60468 -0.89404 0.43937 -0.08740 0.0468 0.9875
transfer_black
0 -0.50000 6.20000 -0.00000 -0.89404 0.44702 -0.02930 0.0484 1.0000
0 -0.20000 6.80000 -0.00000 -0.89404 0.44702 -0.02930 0.0531 1.0000
0 -0.20000 6.74183 -0.88758 -0.89404 0.44702 -0.02930 0.0527 0.9931
transfer_black
0 -0.50000 6.20000 -0.00000 -0.89404 0.44702 -0.02930 0.0484 1.0000
0 -0.20000 6.74183 -0.88758 -0.89404 0.44702 -0.02930 0.0527 0.9931
0 -0.50000 6.14696 -0.80926 -0.89404 0.44702 -0.02930 0.0480 0.9937
transfer_lens
0 -0.65000 0.00000 0.00000 -1.00000 0.00000 0.00000 0.0000 0.0000
0 -0.65000 4.56065 0.60042 -1.00000 0.00000 0.00000 0.0356 0.0047
0 -0.65000 4.60000 0.00000 -1.00000 0.00000 0.00000 0.0359 0.0000
transfer_lens
0 -0.65000 0.00000 0.00000 -1.00000 0.00000 0.00000 0.0000 0.0000
0 -0.65000 4.44326 1.19057 -1.00000 0.00000 0.00000 0.0347 0.0093
0 -0.65000 4.56065 0.60042 -1.00000 0.00000 0.00000 0.0356 0.0047
transfer_lens
0 -0.65000 0.00000 0.00000 -1.00000 0.00000 0.00000 0.0000 0.0000
0 -0.65000 4.24985 1.76034 -1.00000 0.00000 0.00000 0.0332 0.0138
0 -0.65000 4.44326 1.19057 -1.00000 0.00000 0.00000 0.0347 0.0093
transfer_lens
0 -0.65000 0.00000 0.00000 -1.00000 0.00000 0.00000 0.0000 0.0000
0 -0.65000 3.98372 2.30000 -1.00000 0.00000 0.00000 0.0311 0.0180
0 -0.65000 4.24985 1.76034 -1.00000 0.00000 0.00000 0.0332 0.0138
transfer_lens
0 -0.65000 0.00000 0.00000 -1.00000 0.00000 0.00000 0.0000 0.0000
0 -0.65000 3.64943 2.80030 -1.00000 0.00000 0.00000 0.0285 0.0219
0 -0.65000 3.98372 2.30000 -1.00000 0.00000 0.00000 0.0311 0.0180
transfer_lens
0 -0.65000 0.00000 0.00000 -1.00000 0.00000 0.00000 0.0000 0.0000
0 -0.65000 3.25269 3.25269 -1.00000 0.00000 0.00000 0.0254 0.0254
0 -0.65000 3.64943 2.80030 -1.00000 0.00000 0.00000 0.0285 0.0219
transfer_lens
0 -0.65000 0.00000 0.00000 -1.00000 0.00000 0.00000 0.0000 0.0000
0 -0.65000 2.80030 3.64943 -1.00000 0.00000 0.00000 0.0219 0.0285
0 -0.65000 3.25269 3.25269 -1.00000 0.00000 0.00000 0.0254 0.0254
transfer_lens
0 -0.65000 0.00000 0.00000 -1.00000 0.00000 0.00000 0.0000 0.0000
0 -0.65000 2.30000 3.98372 -1.00000 0.00000 0.00000 0.0180 0.0311
0 -0.65000 2.80030 3.64943 -1.00000 0.00000 0.00000 0.0219 0.0285
transfer_lens
0 -0.65000 0.00000 0.00000 -1.00000 0.00000 0.00000 0.0000 0.0000
0 -0.65000 1.76034 4.24985 -1.00000 0.00000 0.00000 0.0138 0.0332
0 -0.65000 2.30000 3.98372 -1.00000 0.00000 0.00000 0.0180 0.0311
transfer_lens
0 -0.65000 0.00000 0.00000 -1.00000 0.00000 0.00000 0.0000 0.0000
0 -0.65000 1.19057 4.44326 -1.00000 0.00000 0.00000 0.0093 0.0347
0 -0.65000 1.76034 4.24985 -1.00000 0.00000 0.00000 0.0138 0.0332
transfer_lens
0 -0.65000 0.00000 0.00000 -1.00000 0.00000 0.00000 0.0000 0.0000
0 -0.65000 0.60042 4.56065 -1.00000 0.00000 0.00000 0.0047 0.0356
0 -0.65000 1.19057 4.44326 -1.00000 0.00000 0.00000 0.0093 0.0347
transfer_lens
0 -0.65000 0.00000 0.00000 -1.00000 0.00000 0.00000 0.0000 0.0000
0 -0.65000 0.00000 4.60000 -1.00000 0.00000 0.00000 0.0000 0.0359
0 -0.65000 0.60042 4.56065 -1.00000 0.00000 0.00000 0.0047 0.0356
transfer_lens
0 -0.65000 0.00000 0.00000 -1.00000 0.00000 0.00000 0.0000 0.0000
0 -0.65000 -0.60042 4.56065 -1.00000 0.00000 0.00000 0.9953 0.0356
0 -0.65000 0.00000 4.60000 -1.00000 0.00000 0.00000 0.0000 0.0359
transfer_lens
0 -0.65000 0.00000 0.00000 -1.00000 0.00000 0.00000 0.0000 0.0000
0 -0.65000 -1.19057 4.44326 -1.00000 0.00000 0.00000 0.9907 0.0347
0 -0.65000 -0.60042 4.56065 -1.00000 0.00000 0.00000 0.9953 0.0356
transfer_lens
0 -0.65000 0.00000 0.00000 -1.00000 0.00000 0.00000 0.0000 0.0000
0 -0.65000 -1.76034 4.24985 -1.00000 0.00000 0.00000 0.9862 0.0332
0 -0.65000 -1.19057 4.44326 -1.00000 0.00000 0.00000 0.9907 0.0347
transfer_lens
0 -0.65000 0.00000 0.00000 -1.00000 0.00000 0.00000 0.0000 0.0000
0 -0.65000 -2.30000 3.98372 -1.00000 0.00000 0.00000 0.9820 0.0311
0 -0.65000 -1.76034 4.24985 -1.00000 0.00000 0.00000 0.9862 0.0332
transfer_lens
0 -0.65000 0.00000 0.00000 -1.00000 0.00000 0.00000 0.0000 0.0000
0 -0.65000 -2.80030 3.64943 -1.00000 0.00000 0.00000 0.9781 0.0285
0 -0.65000 -2.30000 3.98372 -1.00000 0.00000 0.00000 0.9820 0.0311
transfer_lens
0 -0.65000 0.00000 0.00000 -1.00000 0.00000 0.00000 0.0000 0.0000
0 -0.65000 -3.25269 3.25269 -1.00000 0.00000 0.00000 0.9746 0.0254
0 -0.65000 -2.80030 3.64943 -1.00000 0.00000 0.00000 0.9781 0.0285
transfer_lens
0 -0.65000 0.00000 0.00000 -1.00000 0.00000 0.00000 0.0000 0.0000
0 -0.65000 -3.64943 2.80030 -1.00000 0.00000 0.00000 0.9715 0.0219
0 -0.65000 -3.25269 3.25269 -1.00000 0.00000 0.00000 0.9746 0.0254
transfer_lens
0 -0.65000 0.00000 0.00000 -1.00000 0.00000 0.00000 0.0000 0.0000
0 -0.65000 -3.98372 2.30000 -1.00000 0.00000 0.00000 0.9689 0.0180
0 -0.65000 -3.64943 2.80030 -1.00000 0.00000 0.00000 0.9715 0.0219
transfer_lens
0 -0.65000 0.00000 0.00000 -1.00000 0.00000 0.00000 0.0000 0.0000
0 -0.65000 -4.24985 1.76034 -1.00000 0.00000 0.00000 0.9668 0.0138
0 -0.65000 -3.98372 2.30000 -1.00000 0.00000 0.00000 0.9689 0.0180
transfer_lens
0 -0.65000 0.00000 0.00000 -1.00000 0.00000 0.00000 0.0000 0.0000
0 -0.65000 -4.44326 1.19057 -1.00000 0.00000 0.00000 0.9653 0.0093
0 -0.65000 -4.24985 1.76034 -1.00000 0.00000 0.00000 0.9668 0.0138
transfer_lens
0 -0.65000 0.00000 0.00000 -1.00000 0.00000 0.00000 0.0000 0.0000
0 -0.65000 -4.56065 0.60042 -1.00000 0.00000 0.00000 0.9644 0.0047
0 -0.65000 -4.44326 1.19057 -1.00000 0.00000 0.00000 0.9653 0.0093
transfer_lens
0 -0.65000 0.00000 0.00000 -1.00000 0.00000 0.00000 0.0000 0.0000
0 -0.65000 -4.60000 0.00000 -1.00000 0.00000 0.00000 0.9641 0.0000
0 -0.65000 -4.56065 0.60042 -1.00000 0.00000 0.00000 0.9644 0.0047
transfer_lens
0 -0.65000 0.00000 0.00000 -1.00000 -0.00000 0.00000 0.0000 0.0000
0 -0.65000 -4.56065 -0.60042 -1.00000 -0.00000 0.00000 0.9644 0.9953
0 -0.65000 -4.60000 0.00000 -1.00000 -0.00000 0.00000 0.9641 0.0000
transfer_lens
0 -0.65000 0.00000 0.00000 -1.00000 0.00000 0.00000 0.0000 0.0000
0 -0.65000 -4.44326 -1.19057 -1.00000 0.00000 0.00000 0.9653 0.9907
0 -0.65000 -4.56065 -0.60042 -1.00000 0.00000 0.00000 0.9644 0.9953
transfer_lens
0 -0.65000 0.00000 0.00000 -1.00000 0.00000 0.00000 0.0000 0.0000
0 -0.65000 -4.24985 -1.76034 -1.00000 0.00000 0.00000 0.9668 0.9862
0 -0.65000 -4.44326 -1.19057 -1.00000 0.00000 0.00000 0.9653 0.9907
transfer_lens
0 -0.65000 0.00000 0.00000 -1.00000 0.00000 0.00000 0.0000 0.0000
0 -0.65000 -3.98372 -2.30000 -1.00000 0.00000 0.00000 0.9689 0.9820
0 -0.65000 -4.24985 -1.76034 -1.00000 0.00000 0.00000 0.9668 0.9862
transfer_lens
0 -0.65000 0.00000 0.00000 -1.00000 0.00000 0.00000 0.0000 0.0000
0 -0.65000 -3.64943 -2.80030 -1.00000 0.00000 0.00000 0.9715 0.9781
0 -0.65000 -3.98372 -2.30000 -1.00000 0.00000 0.00000 0.9689 0.9820
transfer_lens
0 -0.65000 0.00000 0.00000 -1.00000 0.00000 0.00000 0.0000 0.0000
0 -0.65000 -3.25269 -3.25269 -1.00000 0.00000 0.00000 0.9746 0.9746
0 -0.65000 -3.64943 -2.80030 -1.00000 0.00000 0.00000 0.9715 0.9781
transfer_lens
0 -0.65000 0.00000 0.00000 -1.00000 0.00000 0.00000 0.0000 0.0000
0 -0.65000 -2.80030 -3.64943 -1.00000 0.00000 0.00000 0.9781 0.9715
0 -0.65000 -3.25269 -3.25269 -1.00000 0.00000 0.00000 0.9746 0.9746
transfer_lens
0 -0.65000 0.00000 0.00000 -1.00000 0.00000 0.00000 0.0000 0.0000
0 -0.65000 -2.30000 -3.98372 -1.00000 0.00000 0.00000 0.9820 0.9689
0 -0.65000 -2.80030 -3.64943 -1.00000 0.00000 0.00000 0.9781 0.9715
transfer_lens
0 -0.65000 0.00000 0.00000 -1.00000 0.00000 0.00000 0.0000 0.0000
0 -0.65000 -1.76034 -4.24985 -1.00000 0.00000 0.00000 0.9862 0.9668
0 -0.65000 -2.30000 -3.98372 -1.00000 0.00000 0.00000 0.9820 0.9689
transfer_lens
0 -0.65000 0.00000 0.00000 -1.00000 0.00000 0.00000 0.0000 0.0000
0 -0.65000 -1.19057 -4.44326 -1.00000 0.00000 0.00000 0.9907 0.9653
0 -0.65000 -1.76034 -4.24985 -1.00000 0.00000 0.00000 0.9862 0.9668
transfer_lens
0 -0.65000 0.00000 0.00000 -1.00000 0.00000 0.00000 0.0000 0.0000
0 -0.65000 -0.60042 -4.56065 -1.00000 0.00000 0.00000 0.9953 0.9644
0 -0.65000 -1.19057 -4.44326 -1.00000 0.00000 0.00000 0.9907 0.9653
transfer_lens
0 -0.65000 0.00000 0.00000 -1.00000 0.00000 0.00000 0.0000 0.0000
0 -0.65000 -0.00000 -4.60000 -1.00000 0.00000 0.00000 1.0000 0.9641
0 -0.65000 -0.60042 -4.56065 -1.00000 0.00000 0.00000 0.9953 0.9644
transfer_lens
0 -0.65000 0.00000 0.00000 -1.00000 0.00000 -0.00000 0.0000 0.0000
0 -0.65000 0.60042 -4.56065 -1.00000 0.00000 -0.00000 0.0047 0.9644
0 -0.65000 -0.00000 -4.60000 -1.00000 0.00000 -0.00000 1.0000 0.9641
transfer_lens
0 -0.65000 0.00000 0.00000 -1.00000 0.00000 0.00000 0.0000 0.0000
0 -0.65000 1.19057 -4.44326 -1.00000 0.00000 0.00000 0.0093 0.9653
0 -0.65000 0.60042 -4.56065 -1.00000 0.00000 0.00000 0.0047 0.9644
transfer_lens
0 -0.65000 0.00000 0.00000 -1.00000 0.00000 0.00000 0.0000 0.0000
0 -0.65000 1.76034 -4.24985 -1.00000 0.00000 0.00000 0.0138 0.9668
0 -0.65000 1.19057 -4.44326 -1.00000 0.00000 0.00000 0.0093 0.9653
transfer_lens
0 -0.65000 0.00000 0.00000 -1.00000 0.00000 0.00000 0.0000 0.0000
0 -0.65000 2.30000 -3.98372 -1.00000 0.00000 0.00000 0.0180 0.9689
0 -0.65000 1.76034 -4.24985 -1.00000 0.00000 0.00000 0.0138 0.9668
transfer_lens
0 -0.65000 0.00000 0.00000 -1.00000 0.00000 0.00000 0.0000 0.0000
0 -0.65000 2.80030 -3.64943 -1.00000 0.00000 0.00000 0.0219 0.9715
0 -0.65000 2.30000 -3.98372 -1.00000 0.00000 0.00000 0.0180 0.9689
transfer_lens
0 -0.65000 0.00000 0.00000 -1.00000 0.00000 0.00000 0.0000 0.0000
0 -0.65000 3.25269 -3.25269 -1.00000 0.00000 0.00000 0.0254 0.9746
0 -0.65000 2.80030 -3.64943 -1.00000 0.00000 0.00000 0.0219 0.9715
transfer_lens
0 -0.65000 0.00000 0.00000 -1.00000 0.00000 0.00000 0.0000 0.0000
0 -0.65000 3.64943 -2.80030 -1.00000 0.00000 0.00000 0.0285 0.9781
0 -0.65000 3.25269 -3.25269 -1.00000 0.00000 0.00000 0.0254 0.9746
transfer_lens
0 -0.65000 0.00000 0.00000 -1.00000 0.00000 0.00000 0.0000 0.0000
0 -0.65000 3.98372 -2.30000 -1.00000 0.00000 0.00000 0.0311 0.9820
0 -0.65000 3.64943 -2.80030 -1.00000 0.00000 0.00000 0.0285 0.9781
transfer_lens
0 -0.65000 0.00000 0.00000 -1.00000 0.00000 0.00000 0.0000 0.0000
0 -0.65000 4.24985 -1.76034 -1.00000 0.00000 0.00000 0.0332 0.9862
0 -0.65000 3.98372 -2.30000 -1.00000 0.00000 0.00000 0.0311 0.9820
transfer_lens
0 -0.65000 0.00000 0.00000 -1.00000 0.00000 0.00000 0.0000 0.0000
0 -0.65000 4.44326 -1.19057 -1.00000 0.00000 0.00000 0.0347 0.9907
0 -0.65000 4.24985 -1.76034 -1.00000 0.00000 0.00000 0.0332 0.9862
transfer_lens
0 -0.65000 0.00000 0.00000 -1.00000 0.00000 0.00000 0.0000 0.0000
0 -0.65000 4.56065 -0.60042 -1.00000 0.00000 0.00000 0.0356 0.9953
0 -0.65000 4.44326 -1.19057 -1.00000 0.00000 0.00000 0.0347 0.9907
transfer_lens
0 -0.65000 0.00000 0.00000 -1.00000 0.00000 0.00000 0.0000 0.0000
0 -0.65000 4.60000 -0.00000 -1.00000 0.00000 0.00000 0.0359 1.0000
0 -0.65000 4.56065 -0.60042 -1.00000 0.00000 0.00000 0.0356 0.9953
transfer_lens
0 -0.65000 4.56065 0.60042 -0.00000 0.99786 0.06540 0.0356 0.0047
0 -0.45000 4.56065 0.60042 -0.00000 0.99786 0.06540 0.0356 0.0047
0 -0.45000 4.60000 0.00000 -0.00000 0.99786 0.06540 0.0359 0.0000
transfer_lens
0 -0.65000 4.56065 0.60042 -0.00000 0.99786 0.06540 0.0356 0.0047
0 -0.45000 4.60000 0.00000 -0.00000 0.99786 0.06540 0.0359 0.0000
0 -0.65000 4.60000 0.00000 -0.00000 0.99786 0.06540 0.0359 0.0000
transfer_lens
0 -0.65000 4.44326 1.19057 -0.00000 0.98079 0.19509 0.0347 0.0093
0 -0.45000 4.44326 1.19057 -0.00000 0.98079 0.19509 0.0347 0.0093
0 -0.45000 4.56065 0.60042 -0.00000 0.98079 0.19509 0.0356 0.0047
transfer_lens
0 -0.65000 4.44326 1.19057 -0.00000 0.98079 0.19509 0.0347 0.0093
0 -0.45000 4.56065 0.60042 -0.00000 0.98079 0.19509 0.0356 0.0047
0 -0.65000 4.56065 0.60042 -0.00000 0.98079 0.19509 0.0356 0.0047
transfer_lens
0 -0.65000 4.24985 1.76034 -0.00000 0.94693 0.32144 0.0332 0.0138
0 -0.45000 4.24985 1.76034 -0.00000 0.94693 0.32144 0.0332 0.0138
0 -0.45000 4.44326 1.19057 -0.00000 0.94693 0.32144 0.0347 0.0093
transfer_lens
0 -0.65000 4.24985 1.76034 -0.00000 0.94693 0.32144 0.0332 0.0138
0 -0.45000 4.44326 1.19057 -0.00000 0.94693 0.32144 0.0347 0.0093
0 -0.65000 4.44326 1.19057 -0.00000 0.94693 0.32144 0.0347 0.0093
transfer_lens
0 -0.65000 3.98372 2.30000 -0.00000 0.89687 0.44229 0.0311 0.0180
0 -0.45000 3.98372 2.30000 -0.00000 0.89687 0.44229 0.0311 0.0180
0 -0.45000 4.24985 1.76034 -0.00000 0.89687 0.44229 0.0332 0.0138
transfer_lens
0 -0.65000 3.98372 2.30000 -0.00000 0.89687 0.44229 0.0311 0.0180
0 -0.45000 4.24985 1.76034 -0.00000 0.89687 0.44229 0.0332 0.0138
0 -0.65000 4.24985 1.76034 -0.00000 0.89687 0.44229 0.0332 0.0138
transfer_lens
0 -0.65000 3.64943 2.80030 -0.00000 0.83147 0.55557 0.0285 0.0219
0 -0.45000 3.64943 2.80030 -0.00000 0.83147 0.55557 0.0285 0.0219
0 -0.45000 3.98372 2.30000 -0.00000 0.83147 0.55557 0.0311 0.0180
transfer_lens
0 -0.65000 3.64943 2.80030 -0.00000 0.83147 0.55557 0.0285 0.0219
0 -0.45000 3.98372 2.30000 -0.00000 0.83147 0.55557 0.0311 0.0180
0 -0.65000 3.98372 2.30000 -0.00000 0.83147 0.55557 0.0311 0.0180
transfer_lens
0 -0.65000 3.25269 3.25269 -0.00000 0.75184 0.65935 0.0254 0.0254
0 -0.45000 3.25269 3.25269 -0.00000 0.75184 0.65935 0.0254 0.0254
0 -0.45000 3.64943 2.80030 -0.00000 0.75184 0.65935 0.0285 0.0219
transfer_lens
0 -0.65000 3.25269 3.25269 -0.00000 0.75184 0.65935 0.0254 0.0254
0 -0.45000 3.64943 2.80030 -0.00000 0.75184 0.65935 0.0285 0.0219
0 -0.65000 3.64943 2.80030 -0.00000 0.75184 0.65935 0.0285 0.0219
transfer_lens
0 -0.65000 2.80030 3.64943 -0.00000 0.65935 0.75184 0.0219 0.0285
0 -0.45000 2.80030 3.64943 -0.00000 0.65935 0.75184 0.0219 0.0285
0 -0.45000 3.25269 3.25269 -0.00000 0.65935 0.75184 0.0254 0.0254
transfer_lens
0 -0.65000 2.80030 3.64943 -0.00000 0.65935 0.75184 0.0219 0.0285
0 -0.45000 3.25269 3.25269 -0.00000 0.65935 0.75184 0.0254 0.0254
0 -0.65000 3.25269 3.25269 -0.00000 0.65935 0.75184 0.0254 0.0254
transfer_lens
0 -0.65000 2.30000 3.98372 -0.00000 0.55557 0.83147 0.0180 0.0311
0 -0.45000 2.30000 3.98372 -0.00000 0.55557 0.83147 0.0180 0.0311
0 -0.45000 2.80030 3.64943 -0.00000 0.55557 0.83147 0.0219 0.0285
transfer_lens
0 -0.65000 2.30000 3.98372 -0.00000 0.55557 0.83147 0.0180 0.0311
0 -0.45000 2.80030 3.64943 -0.00000 0.55557 0.83147 0.0219 0.0285
0 -0.65000 2.80030 3.64943 -0.00000 0.55557 0.83147 0.0219 0.0285
transfer_lens
0 -0.65000 1.76034 4.24985 -0.00000 0.44229 0.89687 0.0138 0.0332
0 -0.45000 1.76034 4.24985 -0.00000 0.44229 0.89687 0.0138 0.0332
0 -0.45000 2.30000 3.98372 -0.00000 0.44229 0.89687 0.0180 0.0311
transfer_lens
0 -0.65000 1.76034 4.24985 -0.00000 0.44229 0.89687 0.0138 0.0332
0 -0.45000 2.30000 3.98372 -0.00000 0.44229 0.89687 0.0180 0.0311
0 -0.65000 2.30000 3.98372 -0.00000 0.44229 0.89687 0.0180 0.0311
transfer_lens
0 -0.65000 1.19057 4.44326 -0.00000 0.32144 0.94693 0.0093 0.0347
0 -0.45000 1.19057 4.44326 -0.00000 0.32144 0.94693 0.0093 0.0347
0 -0.45000 1.76034 4.24985 -0.00000 0.32144 0.94693 0.0138 0.0332
transfer_lens
0 -0.65000 1.19057 4.44326 -0.00000 0.32144 0.94693 0.0093 0.0347
0 -0.45000 1.76034 4.24985 -0.00000 0.32144 0.94693 0.0138 0.0332
0 -0.65000 1.76034 4.24985 -0.00000 0.32144 0.94693 0.0138 0.0332
transfer_lens
0 -0.65000 0.60042 4.56065 -0.00000 0.19509 0.98079 0.0047 0.0356
0 -0.45000 0.60042 4.56065 -0.00000 0.19509 0.98079 0.0047 0.0356
0 -0.45000 1.19057 4.44326 -0.00000 0.19509 0.98079 0.0093 0.0347
transfer_lens
0 -0.65000 0.60042 4.56065 -0.00000 0.19509 0.98079 0.0047 0.0356
0 -0.45000 1.19057 4.44326 -0.00000 0.19509 0.98079 0.0093 0.0347
0 -0.65000 1.19057 4.44326 -0.00000 0.19509 0.98079 0.0093 0.0347
transfer_lens
0 -0.65000 0.00000 4.60000 -0.00000 0.06540 0.99786 0.0000 0.0359
0 -0.45000 0.00000 4.60000 -0.00000 0.06540 0.99786 0.0000 0.0359
0 -0.45000 0.60042 4.56065 -0.00000 0.06540 0.99786 0.0047 0.0356
transfer_lens
0 -0.65000 0.00000 4.60000 -0.00000 0.06540 0.99786 0.0000 0.0359
0 -0.45000 0.60042 4.56065 -0.00000 0.06540 0.99786 0.0047 0.0356
0 -0.65000 0.60042 4.56065 -0.00000 0.06540 0.99786 0.0047 0.0356
transfer_lens
0 -0.65000 -0.60042 4.56065 0.00000 -0.06540 0.99786 0.9953 0.0356
0 -0.45000 -0.60042 4.56065 0.00000 -0.06540 0.99786 0.9953 0.0356
0 -0.45000 0.00000 4.60000 0.00000 -0.06540 0.99786 0.0000 0.0359
transfer_lens
0 -0.65000 -0.60042 4.56065 0.00000 -0.06540 0.99786 0.9953 0.0356
0 -0.45000 0.00000 4.60000 0.00000 -0.06540 0.99786 0.0000 0.0359
0 -0.65000 0.00000 4.60000 0.00000 -0.06540 0.99786 0.0000 0.0359
transfer_lens
0 -0.65000 -1.19057 4.44326 0.00000 -0.19509 0.98079 0.9907 0.0347
0 -0.45000 -1.19057 4.44326 0.00000 -0.19509 0.98079 0.9907 0.0347
0 -0.45000 -0.60042 4.56065 0.00000 -0.19509 0.98079 0.9953 0.0356
transfer_lens
0 -0.65000 -1.19057 4.44326 0.00000 -0.19509 0.98079 0.9907 0.0347
0 -0.45000 -0.60042 4.56065 0.00000 -0.19509 0.98079 0.9953 0.0356
0 -0.65000 -0.60042 4.56065 0.00000 -0.19509 0.98079 0.9953 0.0356
transfer_lens
0 -0.65000 -1.76034 4.24985 0.00000 -0.32144 0.94693 0.9862 0.0332
0 -0.45000 -1.76034 4.24985 0.00000 -0.32144 0.94693 0.9862 0.0332
0 -0.45000 -1.19057 4.44326 0.00000 -0.32144 0.94693 0.9907 0.0347
transfer_lens
0 -0.65000 -1.76034 4.24985 0.00000 -0.32144 0.94693 0.9862 0.0332
0 -0.45000 -1.19057 4.44326 0.00000 -0.32144 0.94693 0.9907 0.0347
0 -0.65000 -1.19057 4.44326 0.00000 -0.32144 0.94693 0.9907 0.0347
transfer_lens
0 -0.65000 -2.30000 3.98372 0.00000 -0.44229 0.89687 0.9820 0.0311
0 -0.45000 -2.30000 3.98372 0.00000 -0.44229 0.89687 0.9820 0.0311
0 -0.45000 -1.76034 4.24985 0.00000 -0.44229 0.89687 0.9862 0.0332
transfer_lens
0 -0.65000 -2.30000 3.98372 0.00000 -0.44229 0.89687 0.9820 0.0311
0 -0.45000 -1.76034 4.24985 0.00000 -0.44229 0.89687 0.9862 0.0332
0 -0.65000 -1.76034 4.24985 0.00000 -0.44229 0.89687 0.9862 0.0332
transfer_lens
0 -0.65000 -2.80030 3.64943 0.00000 -0.55557 0.83147 0.9781 0.0285
0 -0.45000 -2.80030 3.64943 0.00000 -0.55557 0.83147 0.9781 0.0285
0 -0.45000 -2.30000 3.98372 0.00000 -0.55557 0.83147 0.9820 0.0311
transfer_lens
0 -0.65000 -2.80030 3.64943 0.00000 -0.55557 0.83147 0.9781 0.0285
0 -0.45000 -2.30000 3.98372 0.00000 -0.55557 0.83147 0.9820 0.0311
0 -0.65000 -2.30000 3.98372 0.00000 -0.55557 0.83147 0.9820 0.0311
transfer_lens
0 -0.65000 -3.25269 3.25269 0.00000 -0.65935 0.75184 0.9746 0.0254
0 -0.45000 -3.25269 3.25269 0.00000 -0.65935 0.75184 0.9746 0.0254
0 -0.45000 -2.80030 3.64943 0.00000 -0.65935 0.75184 0.9781 0.0285
transfer_lens
0 -0.65000 -3.25269 3.25269 0.00000 -0.65935 0.75184 0.9746 0.0254
0 -0.45000 -2.80030 3.64943 0.00000 -0.65935 0.75184 0.9781 0.0285
0 -0.65000 -2.80030 3.64943 0.00000 -0.65935 0.75184 0.9781 0.0285
transfer_lens
0 -0.65000 -3.64943 2.80030 0.00000 -0.75184 0.65935 0.9715 0.0219
0 -0.45000 -3.64943 2.80030 0.00000 -0.75184 0.65935 0.9715 0.0219
0 -0.45000 -3.25269 3.25269 0.00000 -0.75184 0.65935 0.9746 0.0254
transfer_lens
0 -0.65000 -3.64943 2.80030 0.00000 -0.75184 0.65935 0.9715 0.0219
0 -0.45000 -3.25269 3.25269 0.00000 -0.75184 0.65935 0.9746 0.0254
0 -0.65000 -3.25269 3.25269 0.00000 -0.75184 0.65935 0.9746 0.0254
transfer_lens
0 -0.65000 -3.98372 2.30000 0.00000 -0.83147 0.55557 0.9689 0.0180
0 -0.45000 -3.98372 2.30000 0.00000 -0.83147 0.55557 0.9689 0.0180
0 -0.45000 -3.64943 2.80030 0.00000 -0.83147 0.55557 0.9715 0.0219
transfer_lens
0 -0.65000 -3.98372 2.30000 0.00000 -0.83147 0.55557 0.9689 0.0180
0 -0.45000 -3.64943 2.80030 0.00000 -0.83147 0.55557 0.9715 0.0219
0 -0.65000 -3.64943 2.80030 0.00000 -0.83147 0.55557 0.9715 0.0219
transfer_lens
0 -0.65000 -4.24985 1.76034 0.00000 -0.89687 0.44229 0.9668 0.0138
0 -0.45000 -4.24985 1.76034 0.00000 -0.89687 0.44229 0.9668 0.0138
0 -0.45000 -3.98372 2.30000 0.00000 -0.89687 0.44229 0.9689 0.0180
transfer_lens
0 -0.65000 -4.24985 1.76034 0.00000 -0.89687 0.44229 0.9668 0.0138
0 -0.45000 -3.98372 2.30000 0.00000 -0.89687 0.44229 0.9689 0.0180
0 -0.65000 -3.98372 2.30000 0.00000 -0.89687 0.44229 0.9689 0.0180
transfer_lens
0 -0.65000 -4.44326 1.19057 0.00000 -0.94693 0.32144 0.9653 0.0093
0 -0.45000 -4.44326 1.19057 0.00000 -0.94693 0.32144 0.9653 0.0093
0 -0.45000 -4.24985 1.76034 0.00000 -0.94693 0.32144 0.9668 0.0138
transfer_lens
0 -0.65000 -4.44326 1.19057 0.00000 -0.94693 0.32144 0.9653 0.0093
0 -0.45000 -4.24985 1.76034 0.00000 -0.94693 0.32144 0.9668 0.0138
0 -0.65000 -4.24985 1.76034 0.00000 -0.94693 0.32144 0.9668 0.0138
transfer_lens
0 -0.65000 -4.56065 0.60042 0.00000 -0.98079 0.19509 0.9644 0.0047
0 -0.45000 -4.56065 0.60042 0.00000 -0.98079 0.19509 0.9644 0.0047
0 -0.45000 -4.44326 1.19057 0.00000 -0.98079 0.19509 0.9653 0.0093
transfer_lens
0 -0.65000 -4.56065 0.60042 0.00000 -0.98079 0.19509 0.9644 0.0047
0 -0.45000 -4.44326 1.19057 0.00000 -0.98079 0.19509 0.9653 0.0093
0 -0.65000 -4.44326 1.19057 0.00000 -0.98079 0.19509 0.9653 0.0093
transfer_lens
0 -0.65000 -4.60000 0.00000 0.00000 -0.99786 0.06540 0.9641 0.0000
0 -0.45000 -4.60000 0.00000 0.00000 -0.99786 0.06540 0.9641 0.0000
0 -0.45000 -4.56065 0.60042 0.00000 -0.99786 0.06540 0.9644 0.0047
transfer_lens
0 -0.65000 -4.60000 0.00000 0.00000 -0.99786 0.06540 0.9641 0.0000
0 -0.45000 -4.56065 0.60042 0.00000 -0.99786 0.06540 0.9644 0.0047
0 -0.65000 -4.56065 0.60042 0.00000 -0.99786 0.06540 0.9644 0.0047
transfer_lens
0 -0.65000 -4.56065 -0.60042 0.00000 -0.99786 -0.06540 0.9644 0.9953
0 -0.45000 -4.56065 -0.60042 0.00000 -0.99786 -0.06540 0.9644 0.9953
0 -0.45000 -4.60000 0.00000 0.00000 -0.99786 -0.06540 0.9641 0.0000
transfer_lens
0 -0.65000 -4.56065 -0.60042 0.00000 -0.99786 -0.06540 0.9644 0.9953
0 -0.45000 -4.60000 0.00000 0.00000 -0.99786 -0.06540 0.9641 0.0000
0 -0.65000 -4.60000 0.00000 0.00000 -0.99786 -0.06540 0.9641 0.0000
transfer_lens
0 -0.65000 -4.44326 -1.19057 0.00000 -0.98079 -0.19509 0.9653 0.9907
0 -0.45000 -4.44326 -1.19057 0.00000 -0.98079 -0.19509 0.9653 0.9907
0 -0.45000 -4.56065 -0.60042 0.00000 -0.98079 -0.19509 0.9644 0.9953
transfer_lens
0 -0.65000 -4.44326 -1.19057 0.00000 -0.98079 -0.19509 0.9653 0.9907
0 -0.45000 -4.56065 -0.60042 0.00000 -0.98079 -0.19509 0.9644 0.9953
0 -0.65000 -4.56065 -0.60042 0.00000 -0.98079 -0.19509 0.9644 0.9953
transfer_lens
0 -0.65000 -4.24985 -1.76034 0.00000 -0.94693 -0.32144 0.9668 0.9862
0 -0.45000 -4.24985 -1.76034 0.00000 -0.94693 -0.32144 0.9668 0.9862
0 -0.45000 -4.44326 -1.19057 0.00000 -0.94693 -0.32144 0.9653 0.9907
transfer_lens
0 -0.65000 -4.24985 -1.76034 0.00000 -0.94693 -0.32144 0.9668 0.9862
0 -0.45000 -4.44326 -1.19057 0.00000 -0.94693 -0.32144 0.9653 0.9907
0 -0.65000 -4.44326 -1.19057 0.00000 -0.94693 -0.32144 0.9653 0.9907
transfer_lens
0 -0.65000 -3.98372 -2.30000 0.00000 -0.89687 -0.44229 0.9689 0.9820
0 -0.45000 -3.98372 -2.30000 0.00000 -0.89687 -0.44229 0.9689 0.9820
0 -0.45000 -4.24985 -1.76034 0.00000 -0.89687 -0.44229 0.9668 0.9862
transfer_lens
0 -0.65000 -3.98372 -2.30000 0.00000 -0.89687 -0.44229 0.9689 0.9820
0 -0.45000 -4.24985 -1.76034 0.00000 -0.89687 -0.44229 0.9668 0.9862
0 -0.65000 -4.24985 -1.76034 0.00000 -0.89687 -0.44229 0.9668 0.9862
transfer_lens
0 -0.65000 -3.64943 -2.80030 0.00000 -0.83147 -0.55557 0.9715 0.9781
0 -0.45000 -3.64943 -2.80030 0.00000 -0.83147 -0.55557 0.9715 0.9781
0 -0.45000 -3.98372 -2.30000 0.00000 -0.83147 -0.55557 0.9689 0.9820
transfer_lens
0 -0.65000 -3.64943 -2.80030 0.00000 -0.83147 -0.55557 0.9715 0.9781
0 -0.45000 -3.98372 -2.30000 0.00000 -0.83147 -0.55557 0.9689 0.9820
0 -0.65000 -3.98372 -2.30000 0.00000 -0.83147 -0.55557 0.9689 0.9820
transfer_lens
0 -0.65000 -3.25269 -3.25269 0.00000 -0.75184 -0.65935 0.9746 0.9746
0 -0.45000 -3.25269 -3.25269 0.00000 -0.75184 -0.65935 0.9746 0.9746
0 -0.45000 -3.64943 -2.80030 0.00000 -0.75184 -0.65935 0.9715 0.9781
transfer_lens
0 -0.65000 -3.25269 -3.25269 0.00000 -0.75184 -0.65935 0.9746 0.9746
0 -0.45000 -3.64943 -2.80030 0.00000 -0.75184 -0.65935 0.9715 0.9781
0 -0.65000 -3.64943 -2.80030 0.00000 -0.75184 -0.65935 0.9715 0.9781
transfer_lens
0 -0.65000 -2.80030 -3.64943 0.00000 -0.65935 -0.75184 0.9781 0.9715
0 -0.45000 -2.80030 -3.64943 0.00000 -0.65935 -0.75184 0.9781 0.9715
0 -0.45000 -3.25269 -3.25269 0.00000 -0.65935 -0.75184 0.9746 0.9746
transfer_lens
0 -0.65000 -2.80030 -3.64943 0.00000 -0.65935 -0.75184 0.9781 0.9715
0 -0.45000 -3.25269 -3.25269 0.00000 -0.65935 -0.75184 0.9746 0.9746
0 -0.65000 -3.25269 -3.25269 0.00000 -0.65935 -0.75184 0.9746 0.9746
transfer_lens
0 -0.65000 -2.30000 -3.98372 0.00000 -0.55557 -0.83147 0.9820 0.9689
0 -0.45000 -2.30000 -3.98372 0.00000 -0.55557 -0.83147 0.9820 0.9689
0 -0.45000 -2.80030 -3.64943 0.00000 -0.55557 -0.83147 0.9781 0.9715
transfer_lens
0 -0.65000 -2.30000 -3.98372 0.00000 -0.55557 -0.83147 0.9820 0.9689
0 -0.45000 -2.80030 -3.64943 0.00000 -0.55557 -0.83147 0.9781 0.9715
0 -0.65000 -2.80030 -3.64943 0.00000 -0.55557 -0.83147 0.9781 0.9715
transfer_lens
0 -0.65000 -1.76034 -4.24985 0.00000 -0.44229 -0.89687 0.9862 0.9668
0 -0.45000 -1.76034 -4.24985 0.00000 -0.44229 -0.89687 0.9862 0.9668
0 -0.45000 -2.30000 -3.98372 0.00000 -0.44229 -0.89687 0.9820 0.9689
transfer_lens
0 -0.65000 -1.76034 -4.24985 0.00000 -0.44229 -0.89687 0.9862 0.9668
0 -0.45000 -2.30000 -3.98372 0.00000 -0.44229 -0.89687 0.9820 0.9689
0 -0.65000 -2.30000 -3.98372 0.00000 -0.44229 -0.89687 0.9820 0.9689
transfer_lens
0 -0.65000 -1.19057 -4.44326 0.00000 -0.32144 -0.94693 0.9907 0.9653
0 -0.45000 -1.19057 -4.44326 0.00000 -0.32144 -0.94693 0.9907 0.9653
0 -0.45000 -1.76034 -4.24985 0.00000 -0.32144 -0.94693 0.9862 0.9668
transfer_lens
0 -0.65000 -1.19057 -4.44326 0.00000 -0.32144 -0.94693 0.9907 0.9653
0 -0.45000 -1.76034 -4.24985 0.00000 -0.32144 -0.94693 0.9862 0.9668
0 -0.65000 -1.76034 -4.24985 0.00000 -0.32144 -0.94693 0.9862 0.9668
transfer_lens
0 -0.65000 -0.60042 -4.56065 0.00000 -0.19509 -0.98079 0.9953 0.9644
0 -0.45000 -0.60042 -4.56065 0.00000 -0.19509 -0.98079 0.9953 0.9644
0 -0.45000 -1.19057 -4.44326 0.00000 -0.19509 -0.98079 0.9907 0.9653
transfer_lens
0 -0.65000 -0.60042 -4.56065 0.00000 -0.19509 -0.98079 0.9953 0.9644
0 -0.45000 -1.19057 -4.44326 0.00000 -0.19509 -0.98079 0.9907 0.9653
0 -0.65000 -1.19057 -4.44326 0.00000 -0.19509 -0.98079 0.9907 0.9653
transfer_lens
0 -0.65000 -0.00000 -4.60000 0.00000 -0.06540 -0.99786 1.0000 0.9641
0 -0.45000 -0.00000 -4.60000 0.00000 -0.06540 -0.99786 1.0000 0.9641
0 -0.45000 -0.60042 -4.56065 0.00000 -0.06540 -0.99786 0.9953 0.9644
transfer_lens
0 -0.65000 -0.00000 -4.60000 0.00000 -0.06540 -0.99786 1.0000 0.9641
0 -0.45000 -0.60042 -4.56065 0.00000 -0.06540 -0.99786 0.9953 0.9644
0 -0.65000 -0.60042 -4.56065 0.00000 -0.06540 -0.99786 0.9953 0.9644
transfer_lens
0 -0.65000 0.60042 -4.56065 0.00000 0.06540 -0.99786 0.0047 0.9644
0 -0.45000 0.60042 -4.56065 0.00000 0.06540 -0.99786 0.0047 0.9644
0 -0.45000 -0.00000 -4.60000 0.00000 0.06540 -0.99786 1.0000 0.9641
transfer_lens
0 -0.65000 0.60042 -4.56065 0.00000 0.06540 -0.99786 0.0047 0.9644
0 -0.45000 -0.00000 -4.60000 0.00000 0.06540 -0.99786 1.0000 0.9641
0 -0.65000 -0.00000 -4.60000 0.00000 0.06540 -0.99786 1.0000 0.9641
transfer_lens
0 -0.65000 1.19057 -4.44326 0.00000 0.19509 -0.98079 0.0093 0.9653
0 -0.45000 1.19057 -4.44326 0.00000 0.19509 -0.98079 0.0093 0.9653
0 -0.45000 0.60042 -4.56065 0.00000 0.19509 -0.98079 0.0047 0.9644
transfer_lens
0 -0.65000 1.19057 -4.44326 0.00000 0.19509 -0.98079 0.0093 0.9653
0 -0.45000 0.60042 -4.56065 0.00000 0.19509 -0.98079 0.0047 0.9644
0 -0.65000 0.60042 -4.56065 0.00000 0.19509 -0.98079 0.0047 0.9644
transfer_lens
0 -0.65000 1.76034 -4.24985 0.00000 0.32144 -0.94693 0.0138 0.9668
0 -0.45000 1.76034 -4.24985 0.00000 0.32144 -0.94693 0.0138 0.9668
0 -0.45000 1.19057 -4.44326 0.00000 0.32144 -0.94693 0.0093 0.9653
transfer_lens
0 -0.65000 1.76034 -4.24985 0.00000 0.32144 -0.94693 0.0138 0.9668
0 -0.45000 1.19057 -4.44326 0.00000 0.32144 -0.94693 0.0093 0.9653
0 -0.65000 1.19057 -4.44326 0.00000 0.32144 -0.94693 0.0093 0.9653
transfer_lens
0 -0.65000 2.30000 -3.98372 0.00000 0.44229 -0.89687 0.0180 0.9689
0 -0.45000 2.30000 -3.98372 0.00000 0.44229 -0.89687 0.0180 0.9689
0 -0.45000 1.76034 -4.24985 0.00000 0.44229 -0.89687 0.0138 0.9668
transfer_lens
0 -0.65000 2.30000 -3.98372 0.00000 0.44229 -0.89687 0.0180 0.9689
0 -0.45000 1.76034 -4.24985 0.00000 0.44229 -0.89687 0.0138 0.9668
0 -0.65000 1.76034 -4.24985 0.00000 0.44229 -0.89687 0.0138 0.9668
transfer_lens
0 -0.65000 2.80030 -3.64943 0.00000 0.55557 -0.83147 0.0219 0.9715
0 -0.45000 2.80030 -3.64943 0.00000 0.55557 -0.83147 0.0219 0.9715
0 -0.45000 2.30000 -3.98372 0.00000 0.55557 -0.83147 0.0180 0.9689
transfer_lens
0 -0.65000 2.80030 -3.64943 0.00000 0.55557 -0.83147 0.0219 0.9715
0 -0.45000 2.30000 -3.98372 0.00000 0.55557 -0.83147 0.0180 0.9689
0 -0.65000 2.30000 -3.98372 0.00000 0.55557 -0.83147 0.0180 0.9689
transfer_lens
0 -0.65000 3.25269 -3.25269 0.00000 0.65935 -0.75184 0.0254 0.9746
0 -0.45000 3.25269 -3.25269 0.00000 0.65935 -0.75184 0.0254 0.9746
0 -0.45000 2.80030 -3.64943 0.00000 0.65935 -0.75184 0.0219 0.9715
transfer_lens
0 -0.65000 3.25269 -3.25269 0.00000 0.65935 -0.75184 0.0254 0.9746
0 -0.45000 2.80030 -3.64943 0.00000 0.65935 -0.75184 0.0219 0.9715
0 -0.65000 2.80030 -3.64943 0.00000 0.65935 -0.75184 0.0219 0.9715
transfer_lens
0 -0.65000 3.64943 -2.80030 0.00000 0.75184 -0.65935 0.0285 0.9781
0 -0.45000 3.64943 -2.80030 0.00000 0.75184 -0.65935 0.0285 0.9781
0 -0.45000 3.25269 -3.25269 0.00000 0.75184 -0.65935 0.0254 0.9746
transfer_lens
0 -0.65000 3.64943 -2.80030 0.00000 0.75184 -0.65935 0.0285 0.9781
0 -0.45000 3.25269 -3.25269 0.00000 0.75184 -0.65935 0.0254 0.9746
0 -0.65000 3.25269 -3.25269 0.00000 0.75184 -0.65935 0.0254 0.9746
transfer_lens
0 -0.65000 3.98372 -2.30000 0.00000 0.83147 -0.55557 0.0311 0.9820
0 -0.45000 3.98372 -2.30000 0.00000 0.83147 -0.55557 0.0311 0.9820
0 -0.45000 3.64943 -2.80030 0.00000 0.83147 -0.55557 0.0285 0.9781
transfer_lens
0 -0.65000 3.98372 -2.30000 0.00000 0.83147 -0.55557 0.0311 0.9820
0 -0.45000 3.64943 -2.80030 0.00000 0.83147 -0.55557 0.0285 0.9781
0 -0.65000 3.64943 -2.80030 0.00000 0.83147 -0.55557 0.0285 0.9781
transfer_lens
0 -0.65000 4.24985 -1.76034 0.00000 0.89687 -0.44229 0.0332 0.9862
0 -0.45000 4.24985 -1.76034 0.00000 0.89687 -0.44229 0.0332 0.9862
0 -0.45000 3.98372 -2.30000 0.00000 0.89687 -0.44229 0.0311 0.9820
transfer_lens
0 -0.65000 4.24985 -1.76034 0.00000 0.89687 -0.44229 0.0332 0.9862
0 -0.45000 3.98372 -2.30000 0.00000 0.89687 -0.44229 0.0311 0.9820
0 -0.65000 3.98372 -2.30000 0.00000 0.89687 -0.44229 0.0311 0.9820
transfer_lens
0 -0.65000 4.44326 -1.19057 0.00000 0.94693 -0.32144 0.0347 0.9907
0 -0.45000 4.44326 -1.19057 0.00000 0.94693 -0.32144 0.0347 0.9907
0 -0.45000 4.24985 -1.76034 0.00000 0.94693 -0.32144 0.0332 0.9862
transfer_lens
0 -0.65000 4.44326 -1.19057 0.00000 0.94693 -0.32144 0.0347 0.9907
0 -0.45000 4.24985 -1.76034 0.00000 0.94693 -0.32144 0.0332 0.9862
0 -0.65000 4.24985 -1.76034 0.00000 0.94693 -0.32144 0.0332 0.9862
transfer_lens
0 -0.65000 4.56065 -0.60042 0.00000 0.98079 -0.19509 0.0356 0.9953
0 -0.45000 4.56065 -0.60042 0.00000 0.98079 -0.19509 0.0356 0.9953
0 -0.45000 4.44326 -1.19057 0.00000 0.98079 -0.19509 0.0347 0.9907
transfer_lens
0 -0.65000 4.56065 -0.60042 0.00000 0.98079 -0.19509 0.0356 0.9953
0 -0.45000 4.44326 -1.19057 0.00000 0.98079 -0.19509 0.0347 0.9907
0 -0.65000 4.44326 -1.19057 0.00000 0.98079 -0.19509 0.0347 0.9907
transfer_lens
0 -0.65000 4.60000 -0.00000 0.00000 0.99786 -0.06540 0.0359 1.0000
0 -0.45000 4.60000 -0.00000 0.00000 0.99786 -0.06540 0.0359 1.0000
0 -0.45000 4.56065 -0.60042 0.00000 0.99786 -0.06540 0.0356 0.9953
transfer_lens
0 -0.65000 4.60000 -0.00000 0.00000 0.99786 -0.06540 0.0359 1.0000
0 -0.45000 4.56065 -0.60042 0.00000 0.99786 -0.06540 0.0356 0.9953
0 -0.65000 4.56065 -0.60042 0.00000 0.99786 -0.06540 0.0356 0.9953
transfer_grey
0 4.00000 13.00000 0.70000 -1.00000 0.00000 0.00000 0.1016 0.0055
0 4.00000 15.00000 0.70000 -1.00000 0.00000 0.00000 0.1172 0.0055
0 4.00000 15.00000 -0.70000 -1.00000 0.00000 0.00000 0.1172 0.9945
transfer_grey
0 4.00000 13.00000 0.70000 -1.00000 0.00000 0.00000 0.1016 0.0055
0 4.00000 15.00000 -0.70000 -1.00000 0.00000 0.00000 0.1172 0.9945
0 4.00000 13.00000 -0.70000 -1.00000 0.00000 0.00000 0.1016 0.9945
transfer_grey
0 26.00000 13.00000 -0.70000 1.00000 0.00000 0.00000 0.1016 0.9945
0 26.00000 15.00000 -0.70000 1.00000 0.00000 0.00000 0.1172 0.9945
0 26.00000 15.00000 0.70000 1.00000 0.00000 0.00000 0.1172 0.0055
transfer_grey
0 26.00000 13.00000 -0.70000 1.00000 0.00000 0.00000 0.1016 0.9945
0 26.00000 15.00000 0.70000 1.00000 0.00000 0.00000 0.1172 0.0055
0 26.00000 13.00000 0.70000 1.00000 0.00000 0.00000 0.1016 0.0055
transfer_grey
0 4.00000 13.00000 -0.70000 0.00000 -1.00000 0.00000 0.1016 0.9945
0 26.00000 13.00000 -0.70000 0.00000 -1.00000 0.00000 0.1016 0.9945
0 26.00000 13.00000 0.70000 0.00000 -1.00000 0.00000 0.1016 0.0055
transfer_grey
0 4.00000 13.00000 -0.70000 0.00000 -1.00000 0.00000 0.1016 0.9945
0 26.00000 13.00000 0.70000 0.00000 -1.00000 0.00000 0.1016 0.0055
0 4.00000 13.00000 0.70000 0.00000 -1.00000 0.00000 0.1016 0.0055
transfer_grey
0 4.00000 15.00000 0.70000 -0.00000 1.00000 0.00000 0.1172 0.0055
0 26.00000 15.00000 0.70000 -0.00000 1.00000 0.00000 0.1172 0.0055
0 26.00000 15.00000 -0.70000 -0.00000 1.00000 0.00000 0.1172 0.9945
transfer_grey
0 4.00000 15.00000 0.70000 -0.00000 1.00000 0.00000 0.1172 0.0055
0 26.00000 15.00000 -0.70000 -0.00000 1.00000 0.00000 0.1172 0.9945
0 4.00000 15.00000 -0.70000 -0.00000 1.00000 0.00000 0.1172 0.9945
transfer_grey
0 4.00000 15.00000 -0.70000 0.00000 0.00000 -1.00000 0.1172 0.9945
0 26.00000 15.00000 -0.70000 0.00000 0.00000 -1.00000 0.1172 0.9945
0 26.00000 13.00000 -0.70000 0.00000 0.00000 -1.00000 0.1016 0.9945
transfer_grey
0 4.00000 15.00000 -0.70000 0.00000 0.00000 -1.00000 0.1172 0.9945
0 26.00000 13.00000 -0.70000 0.00000 0.00000 -1.00000 0.1016 0.9945
0 4.00000 13.00000 -0.70000 0.00000 0.00000 -1.00000 0.1016 0.9945
transfer_grey
0 4.00000 13.00000 0.70000 0.00000 0.00000 1.00000 0.1016 0.0055
0 26.00000 13.00000 0.70000 0.00000 0.00000 1.00000 0.1016 0.0055
0 26.00000 15.00000 0.70000 0.00000 0.00000 1.00000 0.1172 0.0055
transfer_grey
0 4.00000 13.00000 0.70000 0.00000 0.00000 1.00000 0.1016 0.0055
0 26.00000 15.00000 0.70000 0.00000 0.00000 1.00000 0.1172 0.0055
0 4.00000 15.00000 0.70000 0.00000 0.00000 1.00000 0.1172 0.0055
transfer_white
0 -4.00000 24.00000 1.10000 -1.00000 0.00000 0.00000 0.1875 0.0086
0 -4.00000 26.00000 1.10000 -1.00000 0.00000 0.00000 0.2031 0.0086
0 -4.00000 26.00000 -1.10000 -1.00000 0.00000 0.00000 0.2031 0.9914
transfer_white
0 -4.00000 24.00000 1.10000 -1.00000 0.00000 0.00000 0.1875 0.0086
0 -4.00000 26.00000 -1.10000 -1.00000 0.00000 0.00000 0.2031 0.9914
0 -4.00000 24.00000 -1.10000 -1.00000 0.00000 0.00000 0.1875 0.9914
transfer_white
0 8.00000 24.00000 -1.10000 1.00000 0.00000 0.00000 0.1875 0.9914
0 8.00000 26.00000 -1.10000 1.00000 0.00000 0.00000 0.2031 0.9914
0 8.00000 26.00000 1.10000 1.00000 0.00000 0.00000 0.2031 0.0086
transfer_white
0 8.00000 24.00000 -1.10000 1.00000 0.00000 0.00000 0.1875 0.9914
0 8.00000 26.00000 1.10000 1.00000 0.00000 0.00000 0.2031 0.0086
0 8.00000 24.00000 1.10000 1.00000 0.00000 0.00000 0.1875 0.0086
transfer_white
0 -4.00000 24.00000 -1.10000 0.00000 -1.00000 0.00000 0.1875 0.9914
0 8.00000 24.00000 -1.10000 0.00000 -1.00000 0.00000 0.1875 0.9914
0 8.00000 24.00000 1.10000 0.00000 -1.00000 0.00000 0.1875 0.0086
transfer_white
0 -4.00000 24.00000 -1.10000 0.00000 -1.00000 0.00000 0.1875 0.9914
0 8.00000 24.00000 1.10000 0.00000 -1.00000 0.00000 0.1875 0.0086
0 -4.00000 24.00000 1.10000 0.00000 -1.00000 0.00000 0.1875 0.0086
transfer_white
0 -4.00000 26.00000 1.10000 -0.00000 1.00000 0.00000 0.2031 0.0086
0 8.00000 26.00000 1.10000 -0.00000 1.00000 0.00000 0.2031 0.0086
0 8.00000 26.00000 -1.10000 -0.00000 1.00000 0.00000 0.2031 0.9914
transfer_white
0 -4.00000 26.00000 1.10000 -0.00000 1.00000 0.00000 0.2031 0.0086
0 8.00000 26.00000 -1.10000 -0.00000 1.00000 0.00000 0.2031 0.9914
0 -4.00000 26.00000 -1.10000 -0.00000 1.00000 0.00000 0.2031 0.9914
transfer_white
0 -4.00000 26.00000 -1.10000 0.00000 0.00000 -1.00000 0.2031 0.9914
0 8.00000 26.00000 -1.10000 0.00000 0.00000 -1.00000 0.2031 0.9914
0 8.00000 24.00000 -1.10000 0.00000 0.00000 -1.00000 0.1875 0.9914
transfer_white
0 -4.00000 26.00000 -1.10000 0.00000 0.00000 -1.00000 0.2031 0.9914
0 8.00000 24.00000 -1.10000 0.00000 0.00000 -1.00000 0.1875 0.9914
0 -4.00000 24.00000 -1.10000 0.00000 0.00000 -1.00000 0.1875 0.9914
transfer_white
0 -4.00000 24.00000 1.10000 0.00000 0.00000 1.00000 0.1875 0.0086
0 8.00000 24.00000 1.10000 0.00000 0.00000 1.00000 0.1875 0.0086
0 8.00000 26.00000 1.10000 0.00000 0.00000 1.00000 0.2031 0.0086
transfer_white
0 -4.00000 24.00000 1.10000 0.00000 0.00000 1.00000 0.1875 0.0086
0 8.00000 26.00000 1.10000 0.00000 0.00000 1.00000 0.2031 0.0086
0 -4.00000 26.00000 1.10000 0.00000 0.00000 1.00000 0.2031 0.0086
transfer_grey
0 4.00000 14.00000 0.60000 -1.00000 0.00000 0.00000 0.1094 0.0047
0 4.00000 25.00000 0.60000 -1.00000 0.00000 0.00000 0.1953 0.0047
0 4.00000 25.00000 -0.60000 -1.00000 0.00000 0.00000 0.1953 0.9953
transfer_grey
0 4.00000 14.00000 0.60000 -1.00000 0.00000 0.00000 0.1094 0.0047
0 4.00000 25.00000 -0.60000 -1.00000 0.00000 0.00000 0.1953 0.9953
0 4.00000 14.00000 -0.60000 -1.00000 0.00000 0.00000 0.1094 0.9953
transfer_grey
0 6.00000 14.00000 -0.60000 1.00000 0.00000 0.00000 0.1094 0.9953
0 6.00000 25.00000 -0.60000 1.00000 0.00000 0.00000 0.1953 0.9953
0 6.00000 25.00000 0.60000 1.00000 0.00000 0.00000 0.1953 0.0047
transfer_grey
0 6.00000 14.00000 -0.60000 1.00000 0.00000 0.00000 0.1094 0.9953
0 6.00000 25.00000 0.60000 1.00000 0.00000 0.00000 0.1953 0.0047
0 6.00000 14.00000 0.60000 1.00000 0.00000 0.00000 0.1094 0.0047
transfer_grey
0 4.00000 14.00000 -0.60000 0.00000 -1.00000 0.00000 0.1094 0.9953
0 6.00000 14.00000 -0.60000 0.00000 -1.00000 0.00000 0.1094 0.9953
0 6.00000 14.00000 0.60000 0.00000 -1.00000 0.00000 0.1094 0.0047
transfer_grey
0 4.00000 14.00000 -0.60000 0.00000 -1.00000 0.00000 0.1094 0.9953
0 6.00000 14.00000 0.60000 0.00000 -1.00000 0.00000 0.1094 0.0047
0 4.00000 14.00000 0.60000 0.00000 -1.00000 0.00000 0.1094 0.0047
transfer_grey
0 4.00000 25.00000 0.60000 -0.00000 1.00000 0.00000 0.1953 0.0047
0 6.00000 25.00000 0.60000 -0.00000 1.00000 0.00000 0.1953 0.0047
0 6.00000 25.00000 -0.60000 -0.00000 1.00000 0.00000 0.1953 0.9953
transfer_grey
0 4.00000 25.00000 0.60000 -0.00000 1.00000 0.00000 0.1953 0.0047
0 6.00000 25.00000 -0.60000 -0.00000 1.00000 0.00000 0.1953 0.9953
0 4.00000 25.00000 -0.60000 -0.00000 1.00000 0.00000 0.1953 0.9953
transfer_grey
0 4.00000 25.00000 -0.60000 0.00000 0.00000 -1.00000 0.1953 0.9953
0 6.00000 25.00000 -0.60000 0.00000 0.00000 -1.00000 0.1953 0.9953
0 6.00000 14.00000 -0.60000 0.00000 0.00000 -1.00000 0.1094 0.9953
transfer_grey
0 4.00000 25.00000 -0.60000 0.00000 0.00000 -1.00000 0.1953 0.9953
0 6.00000 14.00000 -0.60000 0.00000 0.00000 -1.00000 0.1094 0.9953
0 4.00000 14.00000 -0.60000 0.00000 0.00000 -1.00000 0.1094 0.9953
transfer_grey
0 4.00000 14.00000 0.60000 0.00000 0.00000 1.00000 0.1094 0.0047
0 6.00000 14.00000 0.60000 0.00000 0.00000 1.00000 0.1094 0.0047
0 6.00000 25.00000 0.60000 0.00000 0.00000 1.00000 0.1953 0.0047
transfer_grey
0 4.00000 14.00000 0.60000 0.00000 0.00000 1.00000 0.1094 0.0047
0 6.00000 25.00000 0.60000 0.00000 0.00000 1.00000 0.1953 0.0047
0 4.00000 25.00000 0.60000 0.00000 0.00000 1.00000 0.1953 0.0047
transfer_white
0 -5.00000 21.00000 2.00000 -1.00000 0.00000 0.00000 0.1641 0.0156
0 -5.00000 27.00000 2.00000 -1.00000 0.00000 0.00000 0.2109 0.0156
0 -5.00000 27.00000 -2.00000 -1.00000 0.00000 0.00000 0.2109 0.9844
transfer_white
0 -5.00000 21.00000 2.00000 -1.00000 0.00000 0.00000 0.1641 0.0156
0 -5.00000 27.00000 -2.00000 -1.00000 0.00000 0.00000 0.2109 0.9844
0 -5.00000 21.00000 -2.00000 -1.00000 0.00000 0.00000 0.1641 0.9844
transfer_white
0 -2.00000 21.00000 -2.00000 1.00000 0.00000 0.00000 0.1641 0.9844
0 -2.00000 27.00000 -2.00000 1.00000 0.00000 0.00000 0.2109 0.9844
0 -2.00000 27.00000 2.00000 1.00000 0.00000 0.00000 0.2109 0.0156
transfer_white
0 -2.00000 21.00000 -2.00000 1.00000 0.00000 0.00000 0.1641 0.9844
0 -2.00000 27.00000 2.00000 1.00000 0.00000 0.00000 0.2109 0.0156
0 -2.00000 21.00000 2.00000 1.00000 0.00000 0.00000 0.1641 0.0156
transfer_white
0 -5.00000 21.00000 -2.00000 0.00000 -1.00000 0.00000 0.1641 0.9844
0 -2.00000 21.00000 -2.00000 0.00000 -1.00000 0.00000 0.1641 0.9844
0 -2.00000 21.00000 2.00000 0.00000 -1.00000 0.00000 0.1641 0.0156
transfer_white
0 -5.00000 21.00000 -2.00000 0.00000 -1.00000 0.00000 0.1641 0.9844
0 -2.00000 21.00000 2.00000 0.00000 -1.00000 0.00000 0.1641 0.0156
0 -5.00000 21.00000 2.00000 0.00000 -1.00000 0.00000 0.1641 0.0156
transfer_white
0 -5.00000 27.00000 2.00000 -0.00000 1.00000 0.00000 0.2109 0.0156
0 -2.00000 27.00000 2.00000 -0.00000 1.00000 0.00000 0.2109 0.0156
0 -2.00000 27.00000 -2.00000 -0.00000 1.00000 0.00000 0.2109 0.9844
transfer_white
0 -5.00000 27.00000 2.00000 -0.00000 1.00000 0.00000 0.2109 0.0156
0 -2.00000 27.00000 -2.00000 -0.00000 1.00000 0.00000 0.2109 0.9844
0 -5.00000 27.00000 -2.00000 -0.00000 1.00000 0.00000 0.2109 0.9844
transfer_white
0 -5.00000 27.00000 -2.00000 0.00000 0.00000 -1.00000 0.2109 0.9844
0 -2.00000 27.00000 -2.00000 0.00000 0.00000 -1.00000 0.2109 0.9844
0 -2.00000 21.00000 -2.00000 0.00000 0.00000 -1.00000 0.1641 0.9844
transfer_white
0 -5.00000 27.00000 -2.00000 0.00000 0.00000 -1.00000 0.2109 0.9844
0 -2.00000 21.00000 -2.00000 0.00000 0.00000 -1.00000 0.1641 0.9844
0 -5.00000 21.00000 -2.00000 0.00000 0.00000 -1.00000 0.1641 0.9844
transfer_white
0 -5.00000 21.00000 2.00000 0.00000 0.00000 1.00000 0.1641 0.0156
0 -2.00000 21.00000 2.00000 0.00000 0.00000 1.00000 0.1641 0.0156
0 -2.00000 27.00000 2.00000 0.00000 0.00000 1.00000 0.2109 0.0156
transfer_white
0 -5.00000 21.00000 2.00000 0.00000 0.00000 1.00000 0.1641 0.0156
0 -2.00000 27.00000 2.00000 0.00000 0.00000 1.00000 0.2109 0.0156
0 -5.00000 27.00000 2.00000 0.00000 0.00000 1.00000 0.2109 0.0156
transfer_grey
0 4.00000 -7.10622 10.90833 -1.00000 0.00000 0.00000 0.9445 0.0852
0 4.00000 -8.10622 12.64038 -1.00000 0.00000 0.00000 0.9367 0.0988
0 4.00000 -6.89378 13.34038 -1.00000 0.00000 0.00000 0.9461 0.1042
transfer_grey
0 4.00000 -7.10622 10.90833 -1.00000 0.00000 0.00000 0.9445 0.0852
0 4.00000 -6.89378 13.34038 -1.00000 0.00000 0.00000 0.9461 0.1042
0 4.00000 -5.89378 11.60833 -1.00000 0.00000 0.00000 0.9540 0.0907
transfer_grey
0 26.00000 -5.89378 11.60833 1.00000 0.00000 0.00000 0.9540 0.0907
0 26.00000 -6.89378 13.34038 1.00000 0.00000 0.00000 0.9461 0.1042
0 26.00000 -8.10622 12.64038 1.00000 0.00000 0.00000 0.9367 0.0988
transfer_grey
0 26.00000 -5.89378 11.60833 1.00000 0.00000 0.00000 0.9540 0.0907
0 26.00000 -8.10622 12.64038 1.00000 0.00000 0.00000 0.9367 0.0988
0 26.00000 -7.10622 10.90833 1.00000 0.00000 0.00000 0.9445 0.0852
transfer_grey
0 4.00000 -5.89378 11.60833 0.00000 0.50000 -0.86603 0.9540 0.0907
0 26.00000 -5.89378 11.60833 0.00000 0.50000 -0.86603 0.9540 0.0907
0 26.00000 -7.10622 10.90833 0.00000 0.50000 -0.86603 0.9445 0.0852
transfer_grey
0 4.00000 -5.89378 11.60833 0.00000 0.50000 -0.86603 0.9540 0.0907
0 26.00000 -7.10622 10.90833 0.00000 0.50000 -0.86603 0.9445 0.0852
0 4.00000 -7.10622 10.90833 0.00000 0.50000 -0.86603 0.9445 0.0852
transfer_grey
0 4.00000 -8.10622 12.64038 0.00000 -0.50000 0.86603 0.9367 0.0988
0 26.00000 -8.10622 12.64038 0.00000 -0.50000 0.86603 0.9367 0.0988
0 26.00000 -6.89378 13.34038 0.00000 -0.50000 0.86603 0.9461 0.1042
transfer_grey
0 4.00000 -8.10622 12.64038 0.00000 -0.50000 0.86603 0.9367 0.0988
0 26.00000 -6.89378 13.34038 0.00000 -0.50000 0.86603 0.9461 0.1042
0 4.00000 -6.89378 13.34038 0.00000 -0.50000 0.86603 0.9461 0.1042
transfer_grey
0 4.00000 -6.89378 13.34038 -0.00000 0.86603 0.50000 0.9461 0.1042
0 26.00000 -6.89378 13.34038 -0.00000 0.86603 0.50000 0.9461 0.1042
0 26.00000 -5.89378 11.60833 -0.00000 0.86603 0.50000 0.9540 0.0907
transfer_grey
0 4.00000 -6.89378 13.34038 -0.00000 0.86603 0.50000 0.9461 0.1042
0 26.00000 -5.89378 11.60833 -0.00000 0.86603 0.50000 0.9540 0.0907
0 4.00000 -5.89378 11.60833 -0.00000 0.86603 0.50000 0.9540 0.0907
transfer_grey
0 4.00000 -7.10622 10.90833 0.00000 -0.86603 -0.50000 0.9445 0.0852
0 26.00000 -7.10622 10.90833 0.00000 -0.86603 -0.50000 0.9445 0.0852
0 26.00000 -8.10622 12.64038 0.00000 -0.86603 -0.50000 0.9367 0.0988
transfer_grey
0 4.00000 -7.10622 10.90833 0.00000 -0.86603 -0.50000 0.9445 0.0852
0 26.00000 -8.10622 12.64038 0.00000 -0.86603 -0.50000 0.9367 0.0988
0 4.00000 -8.10622 12.64038 0.00000 -0.86603 -0.50000 0.9367 0.0988
transfer_white
0 -4.00000 -12.95263 20.23461 -1.00000 0.00000 0.00000 0.8988 0.1581
0 -4.00000 -13.95263 21.96666 -1.00000 0.00000 0.00000 0.8910 0.1716
0 -4.00000 -12.04737 23.06666 -1.00000 0.00000 0.00000 0.9059 0.1802
transfer_white
0 -4.00000 -12.95263 20.23461 -1.00000 0.00000 0.00000 0.8988 0.1581
0 -4.00000 -12.04737 23.06666 -1.00000 0.00000 0.00000 0.9059 0.1802
0 -4.00000 -11.04737 21.33461 -1.00000 0.00000 0.00000 0.9137 0.1667
transfer_white
0 8.00000 -11.04737 21.33461 1.00000 0.00000 0.00000 0.9137 0.1667
0 8.00000 -12.04737 23.06666 1.00000 0.00000 0.00000 0.9059 0.1802
0 8.00000 -13.95263 21.96666 1.00000 0.00000 0.00000 0.8910 0.1716
transfer_white
0 8.00000 -11.04737 21.33461 1.00000 0.00000 0.00000 0.9137 0.1667
0 8.00000 -13.95263 21.96666 1.00000 0.00000 0.00000 0.8910 0.1716
0 8.00000 -12.95263 20.23461 1.00000 0.00000 0.00000 0.8988 0.1581
transfer_white
0 -4.00000 -11.04737 21.33461 0.00000 0.50000 -0.86603 0.9137 0.1667
0 8.00000 -11.04737 21.33461 0.00000 0.50000 -0.86603 0.9137 0.1667
0 8.00000 -12.95263 20.23461 0.00000 0.50000 -0.86603 0.8988 0.1581
transfer_white
0 -4.00000 -11.04737 21.33461 0.00000 0.50000 -0.86603 0.9137 0.1667
0 8.00000 -12.95263 20.23461 0.00000 0.50000 -0.86603 0.8988 0.1581
0 -4.00000 -12.95263 20.23461 0.00000 0.50000 -0.86603 0.8988 0.1581
transfer_white
0 -4.00000 -13.95263 21.96666 0.00000 -0.50000 0.86603 0.8910 0.1716
0 8.00000 -13.95263 21.96666 0.00000 -0.50000 0.86603 0.8910 0.1716
0 8.00000 -12.04737 23.06666 0.00000 -0.50000 0.86603 0.9059 0.1802
transfer_white
0 -4.00000 -13.95263 21.96666 0.00000 -0.50000 0.86603 0.8910 0.1716
0 8.00000 -12.04737 23.06666 0.00000 -0.50000 0.86603 0.9059 0.1802
0 -4.00000 -12.04737 23.06666 0.00000 -0.50000 0.86603 0.9059 0.1802
transfer_white
0 -4.00000 -12.04737 23.06666 -0.00000 0.86603 0.50000 0.9059 0.1802
0 8.00000 -12.04737 23.06666 -0.00000 0.86603 0.50000 0.9059 0.1802
0 8.00000 -11.04737 21.33461 -0.00000 0.86603 0.50000 0.9137 0.1667
transfer_white
0 -4.00000 -12.04737 23.06666 -0.00000 0.86603 0.50000 0.9059 0.1802
0 8.00000 -11.04737 21.33461 -0.00000 0.86603 0.50000 0.9137 0.1667
0 -4.00000 -11.04737 21.33461 -0.00000 0.86603 0.50000 0.9137 0.1667
transfer_white
0 -4.00000 -12.95263 20.23461 0.00000 -0.86603 -0.50000 0.8988 0.1581
0 8.00000 -12.95263 20.23461 0.00000 -0.86603 -0.50000 0.8988 0.1581
0 8.00000 -13.95263 21.96666 0.00000 -0.86603 -0.50000 0.8910 0.1716
transfer_white
0 -4.00000 -12.95263 20.23461 0.00000 -0.86603 -0.50000 0.8988 0.1581
0 8.00000 -13.95263 21.96666 0.00000 -0.86603 -0.50000 0.8910 0.1716
0 -4.00000 -13.95263 21.96666 0.00000 -0.86603 -0.50000 0.8910 0.1716
transfer_grey
0 4.00000 -7.51962 11.82436 -1.00000 0.00000 0.00000 0.9413 0.0924
0 4.00000 -13.01962 21.35064 -1.00000 0.00000 0.00000 0.8983 0.1668
0 4.00000 -11.98038 21.95064 -1.00000 0.00000 0.00000 0.9064 0.1715
transfer_grey
0 4.00000 -7.51962 11.82436 -1.00000 0.00000 0.00000 0.9413 0.0924
0 4.00000 -11.98038 21.95064 -1.00000 0.00000 0.00000 0.9064 0.1715
0 4.00000 -6.48038 12.42436 -1.00000 0.00000 0.00000 0.9494 0.0971
transfer_grey
0 6.00000 -6.48038 12.42436 1.00000 0.00000 0.00000 0.9494 0.0971
0 6.00000 -11.98038 21.95064 1.00000 0.00000 0.00000 0.9064 0.1715
0 6.00000 -13.01962 21.35064 1.00000 0.00000 0.00000 0.8983 0.1668
transfer_grey
0 6.00000 -6.48038 12.42436 1.00000 0.00000 0.00000 0.9494 0.0971
0 6.00000 -13.01962 21.35064 1.00000 0.00000 0.00000 0.8983 0.1668
0 6.00000 -7.51962 11.82436 1.00000 0.00000 0.00000 0.9413 0.0924
transfer_grey
0 4.00000 -6.48038 12.42436 0.00000 0.50000 -0.86603 0.9494 0.0971
0 6.00000 -6.48038 12.42436 0.00000 0.50000 -0.86603 0.9494 0.0971
0 6.00000 -7.51962 11.82436 0.00000 0.50000 -0.86603 0.9413 0.0924
transfer_grey
0 4.00000 -6.48038 12.42436 0.00000 0.50000 -0.86603 0.9494 0.0971
0 6.00000 -7.51962 11.82436 0.00000 0.50000 -0.86603 0.9413 0.0924
0 4.00000 -7.51962 11.82436 0.00000 0.50000 -0.86603 0.9413 0.0924
transfer_grey
0 4.00000 -13.01962 21.35064 0.00000 -0.50000 0.86603 0.8983 0.1668
0 6.00000 -13.01962 21.35064 0.00000 -0.50000 0.86603 0.8983 0.1668
0 6.00000 -11.98038 21.95064 0.00000 -0.50000 0.86603 0.9064 0.1715
transfer_grey
0 4.00000 -13.01962 21.35064 0.00000 -0.50000 0.86603 0.8983 0.1668
0 6.00000 -11.98038 21.95064 0.00000 -0.50000 0.86603 0.9064 0.1715
0 4.00000 -11.98038 21.95064 0.00000 -0.50000 0.86603 0.9064 0.1715
transfer_grey
0 4.00000 -11.98038 21.95064 -0.00000 0.86603 0.50000 0.9064 0.1715
0 6.00000 -11.98038 21.95064 -0.00000 0.86603 0.50000 0.9064 0.1715
0 6.00000 -6.48038 12.42436 -0.00000 0.86603 0.50000 0.9494 0.0971
transfer_grey
0 4.00000 -11.98038 21.95064 -0.00000 0.86603 0.50000 0.9064 0.1715
0 6.00000 -6.48038 12.42436 -0.00000 0.86603 0.50000 0.9494 0.0971
0 4.00000 -6.48038 12.42436 -0.00000 0.86603 0.50000 0.9494 0.0971
transfer_grey
0 4.00000 -7.51962 11.82436 0.00000 -0.86603 -0.50000 0.9413 0.0924
0 6.00000 -7.51962 11.82436 0.00000 -0.86603 -0.50000 0.9413 0.0924
0 6.00000 -13.01962 21.35064 0.00000 -0.86603 -0.50000 0.8983 0.1668
transfer_grey
0 4.00000 -7.51962 11.82436 0.00000 -0.86603 -0.50000 0.9413 0.0924
0 6.00000 -13.01962 21.35064 0.00000 -0.86603 -0.50000 0.8983 0.1668
0 4.00000 -13.01962 21.35064 0.00000 -0.86603 -0.50000 0.8983 0.1668
transfer_white
0 -5.00000 -12.23205 17.18653 -1.00000 0.00000 0.00000 0.9044 0.1343
0 -5.00000 -15.23205 22.38269 -1.00000 0.00000 0.00000 0.8810 0.1749
0 -5.00000 -11.76795 24.38269 -1.00000 0.00000 0.00000 0.9081 0.1905
transfer_white
0 -5.00000 -12.23205 17.18653 -1.00000 0.00000 0.00000 0.9044 0.1343
0 -5.00000 -11.76795 24.38269 -1.00000 0.00000 0.00000 0.9081 0.1905
0 -5.00000 -8.76795 19.18653 -1.00000 0.00000 0.00000 0.9315 0.1499
transfer_white
0 -2.00000 -8.76795 19.18653 1.00000 0.00000 0.00000 0.9315 0.1499
0 -2.00000 -11.76795 24.38269 1.00000 0.00000 0.00000 0.9081 0.1905
0 -2.00000 -15.23205 22.38269 1.00000 0.00000 0.00000 0.8810 0.1749
transfer_white
0 -2.00000 -8.76795 19.18653 1.00000 0.00000 0.00000 0.9315 0.1499
0 -2.00000 -15.23205 22.38269 1.00000 0.00000 0.00000 0.8810 0.1749
0 -2.00000 -12.23205 17.18653 1.00000 0.00000 0.00000 0.9044 0.1343
transfer_white
0 -5.00000 -8.76795 19.18653 0.00000 0.50000 -0.86603 0.9315 0.1499
0 -2.00000 -8.76795 19.18653 0.00000 0.50000 -0.86603 0.9315 0.1499
0 -2.00000 -12.23205 17.18653 0.00000 0.50000 -0.86603 0.9044 0.1343
transfer_white
0 -5.00000 -8.76795 19.18653 0.00000 0.50000 -0.86603 0.9315 0.1499
0 -2.00000 -12.23205 17.18653 0.00000 0.50000 -0.86603 0.9044 0.1343
0 -5.00000 -12.23205 17.18653 0.00000 0.50000 -0.86603 0.9044 0.1343
transfer_white
0 -5.00000 -15.23205 22.38269 0.00000 -0.50000 0.86603 0.8810 0.1749
0 -2.00000 -15.23205 22.38269 0.00000 -0.50000 0.86603 0.8810 0.1749
0 -2.00000 -11.76795 24.38269 0.00000 -0.50000 0.86603 0.9081 0.1905
transfer_white
0 -5.00000 -15.23205 22.38269 0.00000 -0.50000 0.86603 0.8810 0.1749
0 -2.00000 -11.76795 24.38269 0.00000 -0.50000 0.86603 0.9081 0.1905
0 -5.00000 -11.76795 24.38269 0.00000 -0.50000 0.86603 0.9081 0.1905
transfer_white
0 -5.00000 -11.76795 24.38269 -0.00000 0.86603 0.50000 0.9081 0.1905
0 -2.00000 -11.76795 24.38269 -0.00000 0.86603 0.50000 0.9081 0.1905
0 -2.00000 -8.76795 19.18653 -0.00000 0.86603 0.50000 0.9315 0.1499
transfer_white
0 -5.00000 -11.76795 24.38269 -0.00000 0.86603 0.50000 0.9081 0.1905
0 -2.00000 -8.76795 19.18653 -0.00000 0.86603 0.50000 0.9315 0.1499
0 -5.00000 -8.76795 19.18653 -0.00000 0.86603 0.50000 0.9315 0.1499
transfer_white
0 -5.00000 -12.23205 17.18653 0.00000 -0.86603 -0.50000 0.9044 0.1343
0 -2.00000 -12.23205 17.18653 0.00000 -0.86603 -0.50000 0.9044 0.1343
0 -2.00000 -15.23205 22.38269 0.00000 -0.86603 -0.50000 0.8810 0.1749
transfer_white
0 -5.00000 -12.23205 17.18653 0.00000 -0.86603 -0.50000 0.9044 0.1343
0 -2.00000 -15.23205 22.38269 0.00000 -0.86603 -0.50000 0.8810 0.1749
0 -5.00000 -15.23205 22.38269 0.00000 -0.86603 -0.50000 0.8810 0.1749
transfer_grey
0 4.00000 -5.89378 -11.60833 -1.00000 0.00000 0.00000 0.9540 0.9093
0 4.00000 -6.89378 -13.34038 -1.00000 0.00000 0.00000 0.9461 0.8958
0 4.00000 -8.10622 -12.64038 -1.00000 0.00000 0.00000 0.9367 0.9012
transfer_grey
0 4.00000 -5.89378 -11.60833 -1.00000 0.00000 0.00000 0.9540 0.9093
0 4.00000 -8.10622 -12.64038 -1.00000 0.00000 0.00000 0.9367 0.9012
0 4.00000 -7.10622 -10.90833 -1.00000 0.00000 0.00000 0.9445 0.9148
transfer_grey
0 26.00000 -7.10622 -10.90833 1.00000 0.00000 0.00000 0.9445 0.9148
0 26.00000 -8.10622 -12.64038 1.00000 0.00000 0.00000 0.9367 0.9012
0 26.00000 -6.89378 -13.34038 1.00000 0.00000 0.00000 0.9461 0.8958
transfer_grey
0 26.00000 -7.10622 -10.90833 1.00000 0.00000 0.00000 0.9445 0.9148
0 26.00000 -6.89378 -13.34038 1.00000 0.00000 0.00000 0.9461 0.8958
0 26.00000 -5.89378 -11.60833 1.00000 0.00000 0.00000 0.9540 0.9093
transfer_grey
0 4.00000 -7.10622 -10.90833 -0.00000 0.50000 0.86603 0.9445 0.9148
0 26.00000 -7.10622 -10.90833 -0.00000 0.50000 0.86603 0.9445 0.9148
0 26.00000 -5.89378 -11.60833 -0.00000 0.50000 0.86603 0.9540 0.9093
transfer_grey
0 4.00000 -7.10622 -10.90833 -0.00000 0.50000 0.86603 0.9445 0.9148
0 26.00000 -5.89378 -11.60833 -0.00000 0.50000 0.86603 0.9540 0.9093
0 4.00000 -5.89378 -11.60833 -0.00000 0.50000 0.86603 0.9540 0.9093
transfer_grey
0 4.00000 -6.89378 -13.34038 0.00000 -0.50000 -0.86603 0.9461 0.8958
0 26.00000 -6.89378 -13.34038 0.00000 -0.50000 -0.86603 0.9461 0.8958
0 26.00000 -8.10622 -12.64038 0.00000 -0.50000 -0.86603 0.9367 0.9012
transfer_grey
0 4.00000 -6.89378 -13.34038 0.00000 -0.50000 -0.86603 0.9461 0.8958
0 26.00000 -8.10622 -12.64038 0.00000 -0.50000 -0.86603 0.9367 0.9012
0 4.00000 -8.10622 -12.64038 0.00000 -0.50000 -0.86603 0.9367 0.9012
transfer_grey
0 4.00000 -8.10622 -12.64038 0.00000 -0.86603 0.50000 0.9367 0.9012
0 26.00000 -8.10622 -12.64038 0.00000 -0.86603 0.50000 0.9367 0.9012
0 26.00000 -7.10622 -10.90833 0.00000 -0.86603 0.50000 0.9445 0.9148
transfer_grey
0 4.00000 -8.10622 -12.64038 0.00000 -0.86603 0.50000 0.9367 0.9012
0 26.00000 -7.10622 -10.90833 0.00000 -0.86603 0.50000 0.9445 0.9148
0 4.00000 -7.10622 -10.90833 0.00000 -0.86603 0.50000 0.9445 0.9148
transfer_grey
0 4.00000 -5.89378 -11.60833 0.00000 0.86603 -0.50000 0.9540 0.9093
0 26.00000 -5.89378 -11.60833 0.00000 0.86603 -0.50000 0.9540 0.9093
0 26.00000 -6.89378 -13.34038 0.00000 0.86603 -0.50000 0.9461 0.8958
transfer_grey
0 4.00000 -5.89378 -11.60833 0.00000 0.86603 -0.50000 0.9540 0.9093
0 26.00000 -6.89378 -13.34038 0.00000 0.86603 -0.50000 0.9461 0.8958
0 4.00000 -6.89378 -13.34038 0.00000 0.86603 -0.50000 0.9461 0.8958
transfer_white
0 -4.00000 -11.04737 -21.33461 -1.00000 0.00000 0.00000 0.9137 0.8333
0 -4.00000 -12.04737 -23.06666 -1.00000 0.00000 0.00000 0.9059 0.8198
0 -4.00000 -13.95263 -21.96666 -1.00000 0.00000 0.00000 0.8910 0.8284
transfer_white
0 -4.00000 -11.04737 -21.33461 -1.00000 0.00000 0.00000 0.9137 0.8333
0 -4.00000 -13.95263 -21.96666 -1.00000 0.00000 0.00000 0.8910 0.8284
0 -4.00000 -12.95263 -20.23461 -1.00000 0.00000 0.00000 0.8988 0.8419
transfer_white
0 8.00000 -12.95263 -20.23461 1.00000 0.00000 0.00000 0.8988 0.8419
0 8.00000 -13.95263 -21.96666 1.00000 0.00000 0.00000 0.8910 0.8284
0 8.00000 -12.04737 -23.06666 1.00000 0.00000 0.00000 0.9059 0.8198
transfer_white
0 8.00000 -12.95263 -20.23461 1.00000 0.00000 0.00000 0.8988 0.8419
0 8.00000 -12.04737 -23.06666 1.00000 0.00000 0.00000 0.9059 0.8198
0 8.00000 -11.04737 -21.33461 1.00000 0.00000 0.00000 0.9137 0.8333
transfer_white
0 -4.00000 -12.95263 -20.23461 -0.00000 0.50000 0.86603 0.8988 0.8419
0 8.00000 -12.95263 -20.23461 -0.00000 0.50000 0.86603 0.8988 0.8419
0 8.00000 -11.04737 -21.33461 -0.00000 0.50000 0.86603 0.9137 0.8333
transfer_white
0 -4.00000 -12.95263 -20.23461 -0.00000 0.50000 0.86603 0.8988 0.8419
0 8.00000 -11.04737 -21.33461 -0.00000 0.50000 0.86603 0.9137 0.8333
0 -4.00000 -11.04737 -21.33461 -0.00000 0.50000 0.86603 0.9137 0.8333
transfer_white
0 -4.00000 -12.04737 -23.06666 0.00000 -0.50000 -0.86603 0.9059 0.8198
0 8.00000 -12.04737 -23.06666 0.00000 -0.50000 -0.86603 0.9059 0.8198
0 8.00000 -13.95263 -21.96666 0.00000 -0.50000 -0.86603 0.8910 0.8284
transfer_white
0 -4.00000 -12.04737 -23.06666 0.00000 -0.50000 -0.86603 0.9059 0.8198
0 8.00000 -13.95263 -21.96666 0.00000 -0.50000 -0.86603 0.8910 0.8284
0 -4.00000 -13.95263 -21.96666 0.00000 -0.50000 -0.86603 0.8910 0.8284
transfer_white
0 -4.00000 -13.95263 -21.96666 0.00000 -0.86603 0.50000 0.8910 0.8284
0 8.00000 -13.95263 -21.96666 0.00000 -0.86603 0.50000 0.8910 0.8284
0 8.00000 -12.95263 -20.23461 0.00000 -0.86603 0.50000 0.8988 0.8419
transfer_white
0 -4.00000 -13.95263 -21.96666 0.00000 -0.86603 0.50000 0.8910 0.8284
0 8.00000 -12.95263 -20.23461 0.00000 -0.86603 0.50000 0.8988 0.8419
0 -4.00000 -12.95263 -20.23461 0.00000 -0.86603 0.50000 0.8988 0.8419
transfer_white
0 -4.00000 -11.04737 -21.33461 0.00000 0.86603 -0.50000 0.9137 0.8333
0 8.00000 -11.04737 -21.33461 0.00000 0.86603 -0.50000 0.9137 0.8333
0 8.00000 -12.04737 -23.06666 0.00000 0.86603 -0.50000 0.9059 0.8198
transfer_white
0 -4.00000 -11.04737 -21.33461 0.00000 0.86603 -0.50000 0.9137 0.8333
0 8.00000 -12.04737 -23.06666 0.00000 0.86603 -0.50000 0.9059 0.8198
0 -4.00000 -12.04737 -23.06666 0.00000 0.86603 -0.50000 0.9059 0.8198
transfer_grey
0 4.00000 -6.48038 -12.42436 -1.00000 0.00000 0.00000 0.9494 0.9029
0 4.00000 -11.98038 -21.95064 -1.00000 0.00000 0.00000 0.9064 0.8285
0 4.00000 -13.01962 -21.35064 -1.00000 0.00000 0.00000 0.8983 0.8332
transfer_grey
0 4.00000 -6.48038 -12.42436 -1.00000 0.00000 0.00000 0.9494 0.9029
0 4.00000 -13.01962 -21.35064 -1.00000 0.00000 0.00000 0.8983 0.8332
0 4.00000 -7.51962 -11.82436 -1.00000 0.00000 0.00000 0.9413 0.9076
transfer_grey
0 6.00000 -7.51962 -11.82436 1.00000 0.00000 0.00000 0.9413 0.9076
0 6.00000 -13.01962 -21.35064 1.00000 0.00000 0.00000 0.8983 0.8332
0 6.00000 -11.98038 -21.95064 1.00000 0.00000 0.00000 0.9064 0.8285
transfer_grey
0 6.00000 -7.51962 -11.82436 1.00000 0.00000 0.00000 0.9413 0.9076
0 6.00000 -11.98038 -21.95064 1.00000 0.00000 0.00000 0.9064 0.8285
0 6.00000 -6.48038 -12.42436 1.00000 0.00000 0.00000 0.9494 0.9029
transfer_grey
0 4.00000 -7.51962 -11.82436 -0.00000 0.50000 0.86603 0.9413 0.9076
0 6.00000 -7.51962 -11.82436 -0.00000 0.50000 0.86603 0.9413 0.9076
0 6.00000 -6.48038 -12.42436 -0.00000 0.50000 0.86603 0.9494 0.9029
transfer_grey
0 4.00000 -7.51962 -11.82436 -0.00000 0.50000 0.86603 0.9413 0.9076
0 6.00000 -6.48038 -12.42436 -0.00000 0.50000 0.86603 0.9494 0.9029
0 4.00000 -6.48038 -12.42436 -0.00000 0.50000 0.86603 0.9494 0.9029
transfer_grey
0 4.00000 -11.98038 -21.95064 0.00000 -0.50000 -0.86603 0.9064 0.8285
0 6.00000 -11.98038 -21.95064 0.00000 -0.50000 -0.86603 0.9064 0.8285
0 6.00000 -13.01962 -21.35064 0.00000 -0.50000 -0.86603 0.8983 0.8332
transfer_grey
0 4.00000 -11.98038 -21.95064 0.00000 -0.50000 -0.86603 0.9064 0.8285
0 6.00000 -13.01962 -21.35064 0.00000 -0.50000 -0.86603 0.8983 0.8332
0 4.00000 -13.01962 -21.35064 0.00000 -0.50000 -0.86603 0.8983 0.8332
transfer_grey
0 4.00000 -13.01962 -21.35064 0.00000 -0.86603 0.50000 0.8983 0.8332
0 6.00000 -13.01962 -21.35064 0.00000 -0.86603 0.50000 0.8983 0.8332
0 6.00000 -7.51962 -11.82436 0.00000 -0.86603 0.50000 0.9413 0.9076
transfer_grey
0 4.00000 -13.01962 -21.35064 0.00000 -0.86603 0.50000 0.8983 0.8332
0 6.00000 -7.51962 -11.82436 0.00000 -0.86603 0.50000 0.9413 0.9076
0 4.00000 -7.51962 -11.82436 0.00000 -0.86603 0.50000 0.9413 0.9076
transfer_grey
0 4.00000 -6.48038 -12.42436 0.00000 0.86603 -0.50000 0.9494 0.9029
0 6.00000 -6.48038 -12.42436 0.00000 0.86603 -0.50000 0.9494 0.9029
0 6.00000 -11.98038 -21.95064 0.00000 0.86603 -0.50000 0.9064 0.8285
transfer_grey
0 4.00000 -6.48038 -12.42436 0.00000 0.86603 -0.50000 0.9494 0.9029
0 6.00000 -11.98038 -21.95064 0.00000 0.86603 -0.50000 0.9064 0.8285
0 4.00000 -11.98038 -21.95064 0.00000 0.86603 -0.50000 0.9064 0.8285
transfer_white
0 -5.00000 -8.76795 -19.18653 -1.00000 0.00000 0.00000 0.9315 0.8501
0 -5.00000 -11.76795 -24.38269 -1.00000 0.00000 0.00000 0.9081 0.8095
0 -5.00000 -15.23205 -22.38269 -1.00000 0.00000 0.00000 0.8810 0.8251
transfer_white
0 -5.00000 -8.76795 -19.18653 -1.00000 0.00000 0.00000 0.9315 0.8501
0 -5.00000 -15.23205 -22.38269 -1.00000 0.00000 0.00000 0.8810 0.8251
0 -5.00000 -12.23205 -17.18653 -1.00000 0.00000 0.00000 0.9044 0.8657
transfer_white
0 -2.00000 -12.23205 -17.18653 1.00000 0.00000 0.00000 0.9044 0.8657
0 -2.00000 -15.23205 -22.38269 1.00000 0.00000 0.00000 0.8810 0.8251
0 -2.00000 -11.76795 -24.38269 1.00000 0.00000 0.00000 0.9081 0.8095
transfer_white
0 -2.00000 -12.23205 -17.18653 1.00000 0.00000 0.00000 0.9044 0.8657
0 -2.00000 -11.76795 -24.38269 1.00000 0.00000 0.00000 0.9081 0.8095
0 -2.00000 -8.76795 -19.18653 1.00000 0.00000 0.00000 0.9315 0.8501
transfer_white
0 -5.00000 -12.23205 -17.18653 -0.00000 0.50000 0.86603 0.9044 0.8657
0 -2.00000 -12.23205 -17.18653 -0.00000 0.50000 0.86603 0.9044 0.8657
0 -2.00000 -8.76795 -19.18653 -0.00000 0.50000 0.86603 0.9315 0.8501
transfer_white
0 -5.00000 -12.23205 -17.18653 -0.00000 0.50000 0.86603 0.9044 0.8657
0 -2.00000 -8.76795 -19.18653 -0.00000 0.50000 0.86603 0.9315 0.8501
0 -5.00000 -8.76795 -19.18653 -0.00000 0.50000 0.86603 0.9315 0.8501
transfer_white
0 -5.00000 -11.76795 -24.38269 0.00000 -0.50000 -0.86603 0.9081 0.8095
0 -2.00000 -11.76795 -24.38269 0.00000 -0.50000 -0.86603 0.9081 0.8095
0 -2.00000 -15.23205 -22.38269 0.00000 -0.50000 -0.86603 0.8810 0.8251
transfer_white
0 -5.00000 -11.76795 -24.38269 0.00000 -0.50000 -0.86603 0.9081 0.8095
0 -2.00000 -15.23205 -22.38269 0.00000 -0.50000 -0.86603 0.8810 0.8251
0 -5.00000 -15.23205 -22.38269 0.00000 -0.50000 -0.86603 0.8810 0.8251
transfer_white
0 -5.00000 -15.23205 -22.38269 0.00000 -0.86603 0.50000 0.8810 0.8251
0 -2.00000 -15.23205 -22.38269 0.00000 -0.86603 0.50000 0.8810 0.8251
0 -2.00000 -12.23205 -17.18653 0.00000 -0.86603 0.50000 0.9044 0.8657
transfer_white
0 -5.00000 -15.23205 -22.38269 0.00000 -0.86603 0.50000 0.8810 0.8251
0 -2.00000 -12.23205 -17.18653 0.00000 -0.86603 0.50000 0.9044 0.8657
0 -5.00000 -12.23205 -17.18653 0.00000 -0.86603 0.50000 0.9044 0.8657
transfer_white
0 -5.00000 -8.76795 -19.18653 0.00000 0.86603 -0.50000 0.9315 0.8501
0 -2.00000 -8.76795 -19.18653 0.00000 0.86603 -0.50000 0.9315 0.8501
0 -2.00000 -11.76795 -24.38269 0.00000 0.86603 -0.50000 0.9081 0.8095
transfer_white
0 -5.00000 -8.76795 -19.18653 0.00000 0.86603 -0.50000 0.9315 0.8501
0 -2.00000 -11.76795 -24.38269 0.00000 0.86603 -0.50000 0.9081 0.8095
0 -5.00000 -11.76795 -24.38269 0.00000 0.86603 -0.50000 0.9081 0.8095
transfer_white
0 19.00000 -17.80000 6.00000 -1.00000 0.00000 0.00000 0.8609 0.0469
0 19.00000 -14.20000 6.00000 -1.00000 0.00000 0.00000 0.8891 0.0469
0 19.00000 -14.20000 -6.00000 -1.00000 0.00000 0.00000 0.8891 0.9531
transfer_white
0 19.00000 -17.80000 6.00000 -1.00000 0.00000 0.00000 0.8609 0.0469
0 19.00000 -14.20000 -6.00000 -1.00000 0.00000 0.00000 0.8891 0.9531
0 19.00000 -17.80000 -6.00000 -1.00000 0.00000 0.00000 0.8609 0.9531
transfer_white
0 43.00000 -17.80000 -6.00000 1.00000 0.00000 0.00000 0.8609 0.9531
0 43.00000 -14.20000 -6.00000 1.00000 0.00000 0.00000 0.8891 0.9531
0 43.00000 -14.20000 6.00000 1.00000 0.00000 0.00000 0.8891 0.0469
transfer_white
0 43.00000 -17.80000 -6.00000 1.00000 0.00000 0.00000 0.8609 0.9531
0 43.00000 -14.20000 6.00000 1.00000 0.00000 0.00000 0.8891 0.0469
0 43.00000 -17.80000 6.00000 1.00000 0.00000 0.00000 0.8609 0.0469
transfer_white
0 19.00000 -17.80000 -6.00000 0.00000 -1.00000 0.00000 0.8609 0.9531
0 43.00000 -17.80000 -6.00000 0.00000 -1.00000 0.00000 0.8609 0.9531
0 43.00000 -17.80000 6.00000 0.00000 -1.00000 0.00000 0.8609 0.0469
transfer_white
0 19.00000 -17.80000 -6.00000 0.00000 -1.00000 0.00000 0.8609 0.9531
0 43.00000 -17.80000 6.00000 0.00000 -1.00000 0.00000 0.8609 0.0469
0 19.00000 -17.80000 6.00000 0.00000 -1.00000 0.00000 0.8609 0.0469
transfer_white
0 19.00000 -14.20000 6.00000 -0.00000 1.00000 0.00000 0.8891 0.0469
0 43.00000 -14.20000 6.00000 -0.00000 1.00000 0.00000 0.8891 0.0469
0 43.00000 -14.20000 -6.00000 -0.00000 1.00000 0.00000 0.8891 0.9531
transfer_white
0 19.00000 -14.20000 6.00000 -0.00000 1.00000 0.00000 0.8891 0.0469
0 43.00000 -14.20000 -6.00000 -0.00000 1.00000 0.00000 0.8891 0.9531
0 19.00000 -14.20000 -6.00000 -0.00000 1.00000 0.00000 0.8891 0.9531
transfer_white
0 19.00000 -14.20000 -6.00000 0.00000 0.00000 -1.00000 0.8891 0.9531
0 43.00000 -14.20000 -6.00000 0.00000 0.00000 -1.00000 0.8891 0.9531
0 43.00000 -17.80000 -6.00000 0.00000 0.00000 -1.00000 0.8609 0.9531
transfer_white
0 19.00000 -14.20000 -6.00000 0.00000 0.00000 -1.00000 0.8891 0.9531
0 43.00000 -17.80000 -6.00000 0.00000 0.00000 -1.00000 0.8609 0.9531
0 19.00000 -17.80000 -6.00000 0.00000 0.00000 -1.00000 0.8609 0.9531
transfer_white
0 19.00000 -17.80000 6.00000 0.00000 0.00000 1.00000 0.8609 0.0469
0 43.00000 -17.80000 6.00000 0.00000 0.00000 1.00000 0.8609 0.0469
0 43.00000 -14.20000 6.00000 0.00000 0.00000 1.00000 0.8891 0.0469
transfer_white
0 19.00000 -17.80000 6.00000 0.00000 0.00000 1.00000 0.8609 0.0469
0 43.00000 -14.20000 6.00000 0.00000 0.00000 1.00000 0.8891 0.0469
0 19.00000 -14.20000 6.00000 0.00000 0.00000 1.00000 0.8891 0.0469
transfer_white
0 19.00000 14.20000 6.00000 -1.00000 0.00000 0.00000 0.1109 0.0469
0 19.00000 17.80000 6.00000 -1.00000 0.00000 0.00000 0.1391 0.0469
0 19.00000 17.80000 -6.00000 -1.00000 0.00000 0.00000 0.1391 0.9531
transfer_white
0 19.00000 14.20000 6.00000 -1.00000 0.00000 0.00000 0.1109 0.0469
0 19.00000 17.80000 -6.00000 -1.00000 0.00000 0.00000 0.1391 0.9531
0 19.00000 14.20000 -6.00000 -1.00000 0.00000 0.00000 0.1109 0.9531
transfer_white
0 43.00000 14.20000 -6.00000 1.00000 0.00000 0.00000 0.1109 0.9531
0 43.00000 17.80000 -6.00000 1.00000 0.00000 0.00000 0.1391 0.9531
0 43.00000 17.80000 6.00000 1.00000 0.00000 0.00000 0.1391 0.0469
transfer_white
0 43.00000 14.20000 -6.00000 1.00000 0.00000 0.00000 0.1109 0.9531
0 43.00000 17.80000 6.00000 1.00000 0.00000 0.00000 0.1391 0.0469
0 43.00000 14.20000 6.00000 1.00000 0.00000 0.00000 0.1109 0.0469
transfer_white
0 19.00000 14.20000 -6.00000 0.00000 -1.00000 0.00000 0.1109 0.9531
0 43.00000 14.20000 -6.00000 0.00000 -1.00000 0.00000 0.1109 0.9531
0 43.00000 14.20000 6.00000 0.00000 -1.00000 0.00000 0.1109 0.0469
transfer_white
0 19.00000 14.20000 -6.00000 0.00000 -1.00000 0.00000 0.1109 0.9531
0 43.00000 14.20000 6.00000 0.00000 -1.00000 0.00000 0.1109 0.0469
0 19.00000 14.20000 6.00000 0.00000 -1.00000 0.00000 0.1109 0.0469
transfer_white
0 19.00000 17.80000 6.00000 -0.00000 1.00000 0.00000 0.1391 0.0469
0 43.00000 17.80000 6.00000 -0.00000 1.00000 0.00000 0.1391 0.0469
0 43.00000 17.80000 -6.00000 -0.00000 1.00000 0.00000 0.1391 0.9531
transfer_white
0 19.00000 17.80000 6.00000 -0.00000 1.00000 0.00000 0.1391 0.0469
0 43.00000 17.80000 -6.00000 -0.00000 1.00000 0.00000 0.1391 0.9531
0 19.00000 17.80000 -6.00000 -0.00000 1.00000 0.00000 0.1391 0.9531
transfer_white
0 19.00000 17.80000 -6.00000 0.00000 0.00000 -1.00000 0.1391 0.9531
0 43.00000 17.80000 -6.00000 0.00000 0.00000 -1.00000 0.1391 0.9531
0 43.00000 14.20000 -6.00000 0.00000 0.00000 -1.00000 0.1109 0.9531
transfer_white
0 19.00000 17.80000 -6.00000 0.00000 0.00000 -1.00000 0.1391 0.9531
0 43.00000 14.20000 -6.00000 0.00000 0.00000 -1.00000 0.1109 0.9531
0 19.00000 14.20000 -6.00000 0.00000 0.00000 -1.00000 0.1109 0.9531
transfer_white
0 19.00000 14.20000 6.00000 0.00000 0.00000 1.00000 0.1109 0.0469
0 43.00000 14.20000 6.00000 0.00000 0.00000 1.00000 0.1109 0.0469
0 43.00000 17.80000 6.00000 0.00000 0.00000 1.00000 0.1391 0.0469
transfer_white
0 19.00000 14.20000 6.00000 0.00000 0.00000 1.00000 0.1109 0.0469
0 43.00000 17.80000 6.00000 0.00000 0.00000 1.00000 0.1391 0.0469
0 19.00000 17.80000 6.00000 0.00000 0.00000 1.00000 0.1391 0.0469
transfer_grey
0 39.00000 -17.00000 3.00000 -1.00000 0.00000 0.00000 0.8672 0.0234
0 39.00000 17.00000 3.00000 -1.00000 0.00000 0.00000 0.1328 0.0234
0 39.00000 17.00000 -3.00000 -1.00000 0.00000 0.00000 0.1328 0.9766
transfer_grey
0 39.00000 -17.00000 3.00000 -1.00000 0.00000 0.00000 0.8672 0.0234
0 39.00000 17.00000 -3.00000 -1.00000 0.00000 0.00000 0.1328 0.9766
0 39.00000 -17.00000 -3.00000 -1.00000 0.00000 0.00000 0.8672 0.9766
transfer_grey
0 44.00000 -17.00000 -3.00000 1.00000 0.00000 0.00000 0.8672 0.9766
0 44.00000 17.00000 -3.00000 1.00000 0.00000 0.00000 0.1328 0.9766
0 44.00000 17.00000 3.00000 1.00000 0.00000 0.00000 0.1328 0.0234
transfer_grey
0 44.00000 -17.00000 -3.00000 1.00000 0.00000 0.00000 0.8672 0.9766
0 44.00000 17.00000 3.00000 1.00000 0.00000 0.00000 0.1328 0.0234
0 44.00000 -17.00000 3.00000 1.00000 0.00000 0.00000 0.8672 0.0234
transfer_grey
0 39.00000 -17.00000 -3.00000 0.00000 -1.00000 0.00000 0.8672 0.9766
0 44.00000 -17.00000 -3.00000 0.00000 -1.00000 0.00000 0.8672 0.9766
0 44.00000 -17.00000 3.00000 0.00000 -1.00000 0.00000 0.8672 0.0234
transfer_grey
0 39.00000 -17.00000 -3.00000 0.00000 -1.00000 0.00000 0.8672 0.9766
0 44.00000 -17.00000 3.00000 0.00000 -1.00000 0.00000 0.8672 0.0234
0 39.00000 -17.00000 3.00000 0.00000 -1.00000 0.00000 0.8672 0.0234
transfer_grey
0 39.00000 17.00000 3.00000 0.00000 1.00000 0.00000 0.1328 0.0234
0 44.00000 17.00000 3.00000 0.00000 1.00000 0.00000 0.1328 0.0234
0 44.00000 17.00000 -3.00000 0.00000 1.00000 0.00000 0.1328 0.9766
transfer_grey
0 39.00000 17.00000 3.00000 0.00000 1.00000 0.00000 0.1328 0.0234
0 44.00000 17.00000 -3.00000 0.00000 1.00000 0.00000 0.1328 0.9766
0 39.00000 17.00000 -3.00000 0.00000 1.00000 0.00000 0.1328 0.9766
transfer_grey
0 39.00000 17.00000 -3.00000 0.00000 0.00000 -1.00000 0.1328 0.9766
0 44.00000 17.00000 -3.00000 0.00000 0.00000 -1.00000 0.1328 0.9766
0 44.00000 -17.00000 -3.00000 0.00000 0.00000 -1.00000 0.8672 0.9766
transfer_grey
0 39.00000 17.00000 -3.00000 0.00000 0.00000 -1.00000 0.1328 0.9766
0 44.00000 -17.00000 -3.00000 0.00000 0.00000 -1.00000 0.8672 0.9766
0 39.00000 -17.00000 -3.00000 0.00000 0.00000 -1.00000 0.8672 0.9766
transfer_grey
0 39.00000 -17.00000 3.00000 0.00000 0.00000 1.00000 0.8672 0.0234
0 44.00000 -17.00000 3.00000 0.00000 0.00000 1.00000 0.8672 0.0234
0 44.00000 17.00000 3.00000 0.00000 0.00000 1.00000 0.1328 0.0234
transfer_grey
0 39.00000 -17.00000 3.00000 0.00000 0.00000 1.00000 0.8672 0.0234
0 44.00000 17.00000 3.00000 0.00000 0.00000 1.00000 0.1328 0.0234
0 39.00000 17.00000 3.00000 0.00000 0.00000 1.00000 0.1328 0.0234
end
