version 1
nodes
0 "root" -1
end
skeleton
time 0
0 0 0 0 0 0 0
end
triangles
collar_gray
0 -7.000000 61.819253 16.564419 -1.000000 0.000000 0.000000 0.965926 0.258819
0 -7.000000 54.091846 14.493867 -1.000000 0.000000 0.000000 0.845185 0.226467
0 -7.000000 39.597980 39.597980 -1.000000 0.000000 0.000000 0.618718 0.618718
collar_gray
0 -7.000000 61.819253 16.564419 -1.000000 0.000000 0.000000 0.965926 0.258819
0 -7.000000 39.597980 39.597980 -1.000000 0.000000 0.000000 0.618718 0.618718
0 -7.000000 45.254834 45.254834 -1.000000 0.000000 0.000000 0.707107 0.707107
collar_gray
0 -7.000000 45.254834 45.254834 -1.000000 0.000000 0.000000 0.707107 0.707107
0 -7.000000 39.597980 39.597980 -1.000000 0.000000 0.000000 0.618718 0.618718
0 -7.000000 14.493867 54.091846 -1.000000 0.000000 0.000000 0.226467 0.845185
collar_gray
0 -7.000000 45.254834 45.254834 -1.000000 0.000000 0.000000 0.707107 0.707107
0 -7.000000 14.493867 54.091846 -1.000000 0.000000 0.000000 0.226467 0.845185
0 -7.000000 16.564419 61.819253 -1.000000 0.000000 0.000000 0.258819 0.965926
collar_gray
0 -7.000000 16.564419 61.819253 -1.000000 0.000000 0.000000 0.258819 0.965926
0 -7.000000 14.493867 54.091846 -1.000000 0.000000 0.000000 0.226467 0.845185
0 -7.000000 -14.493867 54.091846 -1.000000 0.000000 0.000000 -0.226467 0.845185
collar_gray
0 -7.000000 16.564419 61.819253 -1.000000 0.000000 0.000000 0.258819 0.965926
0 -7.000000 -14.493867 54.091846 -1.000000 0.000000 0.000000 -0.226467 0.845185
0 -7.000000 -16.564419 61.819253 -1.000000 0.000000 0.000000 -0.258819 0.965926
collar_gray
0 -7.000000 -16.564419 61.819253 -1.000000 0.000000 0.000000 -0.258819 0.965926
0 -7.000000 -14.493867 54.091846 -1.000000 0.000000 0.000000 -0.226467 0.845185
0 -7.000000 -39.597980 39.597980 -1.000000 0.000000 0.000000 -0.618718 0.618718
collar_gray
0 -7.000000 -16.564419 61.819253 -1.000000 0.000000 0.000000 -0.258819 0.965926
0 -7.000000 -39.597980 39.597980 -1.000000 0.000000 0.000000 -0.618718 0.618718
0 -7.000000 -45.254834 45.254834 -1.000000 0.000000 0.000000 -0.707107 0.707107
collar_gray
0 -7.000000 -45.254834 45.254834 -1.000000 0.000000 0.000000 -0.707107 0.707107
0 -7.000000 -39.597980 39.597980 -1.000000 0.000000 0.000000 -0.618718 0.618718
0 -7.000000 -54.091846 14.493867 -1.000000 0.000000 0.000000 -0.845185 0.226467
collar_gray
0 -7.000000 -45.254834 45.254834 -1.000000 0.000000 0.000000 -0.707107 0.707107
0 -7.000000 -54.091846 14.493867 -1.000000 0.000000 0.000000 -0.845185 0.226467
0 -7.000000 -61.819253 16.564419 -1.000000 0.000000 0.000000 -0.965926 0.258819
collar_gray
0 -7.000000 -61.819253 16.564419 -1.000000 0.000000 0.000000 -0.965926 0.258819
0 -7.000000 -54.091846 14.493867 -1.000000 0.000000 0.000000 -0.845185 0.226467
0 -7.000000 -54.091846 -14.493867 -1.000000 0.000000 0.000000 -0.845185 -0.226467
collar_gray
0 -7.000000 -61.819253 16.564419 -1.000000 0.000000 0.000000 -0.965926 0.258819
0 -7.000000 -54.091846 -14.493867 -1.000000 0.000000 0.000000 -0.845185 -0.226467
0 -7.000000 -61.819253 -16.564419 -1.000000 0.000000 0.000000 -0.965926 -0.258819
collar_gray
0 -7.000000 -61.819253 -16.564419 -1.000000 0.000000 0.000000 -0.965926 -0.258819
0 -7.000000 -54.091846 -14.493867 -1.000000 0.000000 0.000000 -0.845185 -0.226467
0 -7.000000 -39.597980 -39.597980 -1.000000 0.000000 0.000000 -0.618718 -0.618718
collar_gray
0 -7.000000 -61.819253 -16.564419 -1.000000 0.000000 0.000000 -0.965926 -0.258819
0 -7.000000 -39.597980 -39.597980 -1.000000 0.000000 0.000000 -0.618718 -0.618718
0 -7.000000 -45.254834 -45.254834 -1.000000 0.000000 0.000000 -0.707107 -0.707107
collar_gray
0 -7.000000 -45.254834 -45.254834 -1.000000 0.000000 0.000000 -0.707107 -0.707107
0 -7.000000 -39.597980 -39.597980 -1.000000 0.000000 0.000000 -0.618718 -0.618718
0 -7.000000 -14.493867 -54.091846 -1.000000 0.000000 0.000000 -0.226467 -0.845185
collar_gray
0 -7.000000 -45.254834 -45.254834 -1.000000 0.000000 0.000000 -0.707107 -0.707107
0 -7.000000 -14.493867 -54.091846 -1.000000 0.000000 0.000000 -0.226467 -0.845185
0 -7.000000 -16.564419 -61.819253 -1.000000 0.000000 0.000000 -0.258819 -0.965926
collar_gray
0 -7.000000 -16.564419 -61.819253 -1.000000 0.000000 0.000000 -0.258819 -0.965926
0 -7.000000 -14.493867 -54.091846 -1.000000 0.000000 0.000000 -0.226467 -0.845185
0 -7.000000 14.493867 -54.091846 -1.000000 0.000000 0.000000 0.226467 -0.845185
collar_gray
0 -7.000000 -16.564419 -61.819253 -1.000000 0.000000 0.000000 -0.258819 -0.965926
0 -7.000000 14.493867 -54.091846 -1.000000 0.000000 0.000000 0.226467 -0.845185
0 -7.000000 16.564419 -61.819253 -1.000000 0.000000 0.000000 0.258819 -0.965926
collar_gray
0 -7.000000 16.564419 -61.819253 -1.000000 0.000000 0.000000 0.258819 -0.965926
0 -7.000000 14.493867 -54.091846 -1.000000 0.000000 0.000000 0.226467 -0.845185
0 -7.000000 39.597980 -39.597980 -1.000000 0.000000 0.000000 0.618718 -0.618718
collar_gray
0 -7.000000 16.564419 -61.819253 -1.000000 0.000000 0.000000 0.258819 -0.965926
0 -7.000000 39.597980 -39.597980 -1.000000 0.000000 0.000000 0.618718 -0.618718
0 -7.000000 45.254834 -45.254834 -1.000000 0.000000 0.000000 0.707107 -0.707107
collar_gray
0 -7.000000 45.254834 -45.254834 -1.000000 0.000000 0.000000 0.707107 -0.707107
0 -7.000000 39.597980 -39.597980 -1.000000 0.000000 0.000000 0.618718 -0.618718
0 -7.000000 54.091846 -14.493867 -1.000000 0.000000 0.000000 0.845185 -0.226467
collar_gray
0 -7.000000 45.254834 -45.254834 -1.000000 0.000000 0.000000 0.707107 -0.707107
0 -7.000000 54.091846 -14.493867 -1.000000 0.000000 0.000000 0.845185 -0.226467
0 -7.000000 61.819253 -16.564419 -1.000000 0.000000 0.000000 0.965926 -0.258819
collar_gray
0 -7.000000 61.819253 -16.564419 -1.000000 0.000000 0.000000 0.965926 -0.258819
0 -7.000000 54.091846 -14.493867 -1.000000 0.000000 0.000000 0.845185 -0.226467
0 -7.000000 54.091846 14.493867 -1.000000 0.000000 0.000000 0.845185 0.226467
collar_gray
0 -7.000000 61.819253 -16.564419 -1.000000 0.000000 0.000000 0.965926 -0.258819
0 -7.000000 54.091846 14.493867 -1.000000 0.000000 0.000000 0.845185 0.226467
0 -7.000000 61.819253 16.564419 -1.000000 0.000000 0.000000 0.965926 0.258819
collar_bevel
0 -7.000000 54.091846 14.493867 -0.234734 0.841828 0.486030 -0.109375 0.226467
0 -9.000000 53.608883 14.364457 -0.234734 0.841828 0.486030 -0.140625 0.224445
0 -9.000000 39.244426 39.244426 -0.234734 0.841828 0.486030 -0.140625 0.613194
collar_bevel
0 -7.000000 54.091846 14.493867 -0.234734 0.841828 0.486030 -0.109375 0.226467
0 -9.000000 39.244426 39.244426 -0.234734 0.841828 0.486030 -0.140625 0.613194
0 -7.000000 39.597980 39.597980 -0.234734 0.841828 0.486030 -0.109375 0.618718
collar_bevel
0 -7.000000 39.597980 39.597980 -0.234734 0.486030 0.841828 -0.109375 0.618718
0 -9.000000 39.244426 39.244426 -0.234734 0.486030 0.841828 -0.140625 0.613194
0 -9.000000 14.364457 53.608883 -0.234734 0.486030 0.841828 -0.140625 0.224445
collar_bevel
0 -7.000000 39.597980 39.597980 -0.234734 0.486030 0.841828 -0.109375 0.618718
0 -9.000000 14.364457 53.608883 -0.234734 0.486030 0.841828 -0.140625 0.224445
0 -7.000000 14.493867 54.091846 -0.234734 0.486030 0.841828 -0.109375 0.226467
collar_bevel
0 -7.000000 14.493867 54.091846 -0.234734 0.000000 0.972060 -0.109375 0.226467
0 -9.000000 14.364457 53.608883 -0.234734 0.000000 0.972060 -0.140625 0.224445
0 -9.000000 -14.364457 53.608883 -0.234734 0.000000 0.972060 -0.140625 -0.224445
collar_bevel
0 -7.000000 14.493867 54.091846 -0.234734 0.000000 0.972060 -0.109375 0.226467
0 -9.000000 -14.364457 53.608883 -0.234734 0.000000 0.972060 -0.140625 -0.224445
0 -7.000000 -14.493867 54.091846 -0.234734 0.000000 0.972060 -0.109375 -0.226467
collar_bevel
0 -7.000000 -14.493867 54.091846 -0.234734 -0.486030 0.841828 -0.109375 -0.226467
0 -9.000000 -14.364457 53.608883 -0.234734 -0.486030 0.841828 -0.140625 -0.224445
0 -9.000000 -39.244426 39.244426 -0.234734 -0.486030 0.841828 -0.140625 -0.613194
collar_bevel
0 -7.000000 -14.493867 54.091846 -0.234734 -0.486030 0.841828 -0.109375 -0.226467
0 -9.000000 -39.244426 39.244426 -0.234734 -0.486030 0.841828 -0.140625 -0.613194
0 -7.000000 -39.597980 39.597980 -0.234734 -0.486030 0.841828 -0.109375 -0.618718
collar_bevel
0 -7.000000 -39.597980 39.597980 -0.234734 -0.841828 0.486030 -0.109375 0.618718
0 -9.000000 -39.244426 39.244426 -0.234734 -0.841828 0.486030 -0.140625 0.613194
0 -9.000000 -53.608883 14.364457 -0.234734 -0.841828 0.486030 -0.140625 0.224445
collar_bevel
0 -7.000000 -39.597980 39.597980 -0.234734 -0.841828 0.486030 -0.109375 0.618718
0 -9.000000 -53.608883 14.364457 -0.234734 -0.841828 0.486030 -0.140625 0.224445
0 -7.000000 -54.091846 14.493867 -0.234734 -0.841828 0.486030 -0.109375 0.226467
collar_bevel
0 -7.000000 -54.091846 14.493867 -0.234734 -0.972060 0.000000 -0.109375 0.226467
0 -9.000000 -53.608883 14.364457 -0.234734 -0.972060 0.000000 -0.140625 0.224445
0 -9.000000 -53.608883 -14.364457 -0.234734 -0.972060 0.000000 -0.140625 -0.224445
collar_bevel
0 -7.000000 -54.091846 14.493867 -0.234734 -0.972060 0.000000 -0.109375 0.226467
0 -9.000000 -53.608883 -14.364457 -0.234734 -0.972060 0.000000 -0.140625 -0.224445
0 -7.000000 -54.091846 -14.493867 -0.234734 -0.972060 0.000000 -0.109375 -0.226467
collar_bevel
0 -7.000000 -54.091846 -14.493867 -0.234734 -0.841828 -0.486030 -0.109375 -0.226467
0 -9.000000 -53.608883 -14.364457 -0.234734 -0.841828 -0.486030 -0.140625 -0.224445
0 -9.000000 -39.244426 -39.244426 -0.234734 -0.841828 -0.486030 -0.140625 -0.613194
collar_bevel
0 -7.000000 -54.091846 -14.493867 -0.234734 -0.841828 -0.486030 -0.109375 -0.226467
0 -9.000000 -39.244426 -39.244426 -0.234734 -0.841828 -0.486030 -0.140625 -0.613194
0 -7.000000 -39.597980 -39.597980 -0.234734 -0.841828 -0.486030 -0.109375 -0.618718
collar_bevel
0 -7.000000 -39.597980 -39.597980 -0.234734 -0.486030 -0.841828 -0.109375 -0.618718
0 -9.000000 -39.244426 -39.244426 -0.234734 -0.486030 -0.841828 -0.140625 -0.613194
0 -9.000000 -14.364457 -53.608883 -0.234734 -0.486030 -0.841828 -0.140625 -0.224445
collar_bevel
0 -7.000000 -39.597980 -39.597980 -0.234734 -0.486030 -0.841828 -0.109375 -0.618718
0 -9.000000 -14.364457 -53.608883 -0.234734 -0.486030 -0.841828 -0.140625 -0.224445
0 -7.000000 -14.493867 -54.091846 -0.234734 -0.486030 -0.841828 -0.109375 -0.226467
collar_bevel
0 -7.000000 -14.493867 -54.091846 -0.234734 -0.000000 -0.972060 -0.109375 -0.226467
0 -9.000000 -14.364457 -53.608883 -0.234734 -0.000000 -0.972060 -0.140625 -0.224445
0 -9.000000 14.364457 -53.608883 -0.234734 -0.000000 -0.972060 -0.140625 0.224445
collar_bevel
0 -7.000000 -14.493867 -54.091846 -0.234734 -0.000000 -0.972060 -0.109375 -0.226467
0 -9.000000 14.364457 -53.608883 -0.234734 -0.000000 -0.972060 -0.140625 0.224445
0 -7.000000 14.493867 -54.091846 -0.234734 -0.000000 -0.972060 -0.109375 0.226467
collar_bevel
0 -7.000000 14.493867 -54.091846 -0.234734 0.486030 -0.841828 -0.109375 0.226467
0 -9.000000 14.364457 -53.608883 -0.234734 0.486030 -0.841828 -0.140625 0.224445
0 -9.000000 39.244426 -39.244426 -0.234734 0.486030 -0.841828 -0.140625 0.613194
collar_bevel
0 -7.000000 14.493867 -54.091846 -0.234734 0.486030 -0.841828 -0.109375 0.226467
0 -9.000000 39.244426 -39.244426 -0.234734 0.486030 -0.841828 -0.140625 0.613194
0 -7.000000 39.597980 -39.597980 -0.234734 0.486030 -0.841828 -0.109375 0.618718
collar_bevel
0 -7.000000 39.597980 -39.597980 -0.234734 0.841828 -0.486030 -0.109375 -0.618718
0 -9.000000 39.244426 -39.244426 -0.234734 0.841828 -0.486030 -0.140625 -0.613194
0 -9.000000 53.608883 -14.364457 -0.234734 0.841828 -0.486030 -0.140625 -0.224445
collar_bevel
0 -7.000000 39.597980 -39.597980 -0.234734 0.841828 -0.486030 -0.109375 -0.618718
0 -9.000000 53.608883 -14.364457 -0.234734 0.841828 -0.486030 -0.140625 -0.224445
0 -7.000000 54.091846 -14.493867 -0.234734 0.841828 -0.486030 -0.109375 -0.226467
collar_bevel
0 -7.000000 54.091846 -14.493867 -0.234734 0.972060 -0.000000 -0.109375 -0.226467
0 -9.000000 53.608883 -14.364457 -0.234734 0.972060 -0.000000 -0.140625 -0.224445
0 -9.000000 53.608883 14.364457 -0.234734 0.972060 -0.000000 -0.140625 0.224445
collar_bevel
0 -7.000000 54.091846 -14.493867 -0.234734 0.972060 -0.000000 -0.109375 -0.226467
0 -9.000000 53.608883 14.364457 -0.234734 0.972060 -0.000000 -0.140625 0.224445
0 -7.000000 54.091846 14.493867 -0.234734 0.972060 -0.000000 -0.109375 0.226467
collar_bevel
0 -9.000000 53.608883 14.364457 -1.000000 0.000000 0.000000 0.837639 0.224445
0 -9.000000 51.966809 13.924465 -1.000000 0.000000 0.000000 0.811981 0.217570
0 -9.000000 38.042345 38.042345 -1.000000 0.000000 0.000000 0.594412 0.594412
collar_bevel
0 -9.000000 53.608883 14.364457 -1.000000 0.000000 0.000000 0.837639 0.224445
0 -9.000000 38.042345 38.042345 -1.000000 0.000000 0.000000 0.594412 0.594412
0 -9.000000 39.244426 39.244426 -1.000000 0.000000 0.000000 0.613194 0.613194
collar_bevel
0 -9.000000 39.244426 39.244426 -1.000000 0.000000 0.000000 0.613194 0.613194
0 -9.000000 38.042345 38.042345 -1.000000 0.000000 0.000000 0.594412 0.594412
0 -9.000000 13.924465 51.966809 -1.000000 0.000000 0.000000 0.217570 0.811981
collar_bevel
0 -9.000000 39.244426 39.244426 -1.000000 0.000000 0.000000 0.613194 0.613194
0 -9.000000 13.924465 51.966809 -1.000000 0.000000 0.000000 0.217570 0.811981
0 -9.000000 14.364457 53.608883 -1.000000 0.000000 0.000000 0.224445 0.837639
collar_bevel
0 -9.000000 14.364457 53.608883 -1.000000 0.000000 0.000000 0.224445 0.837639
0 -9.000000 13.924465 51.966809 -1.000000 0.000000 0.000000 0.217570 0.811981
0 -9.000000 -13.924465 51.966809 -1.000000 0.000000 0.000000 -0.217570 0.811981
collar_bevel
0 -9.000000 14.364457 53.608883 -1.000000 0.000000 0.000000 0.224445 0.837639
0 -9.000000 -13.924465 51.966809 -1.000000 0.000000 0.000000 -0.217570 0.811981
0 -9.000000 -14.364457 53.608883 -1.000000 0.000000 0.000000 -0.224445 0.837639
collar_bevel
0 -9.000000 -14.364457 53.608883 -1.000000 0.000000 0.000000 -0.224445 0.837639
0 -9.000000 -13.924465 51.966809 -1.000000 0.000000 0.000000 -0.217570 0.811981
0 -9.000000 -38.042345 38.042345 -1.000000 0.000000 0.000000 -0.594412 0.594412
collar_bevel
0 -9.000000 -14.364457 53.608883 -1.000000 0.000000 0.000000 -0.224445 0.837639
0 -9.000000 -38.042345 38.042345 -1.000000 0.000000 0.000000 -0.594412 0.594412
0 -9.000000 -39.244426 39.244426 -1.000000 0.000000 0.000000 -0.613194 0.613194
collar_bevel
0 -9.000000 -39.244426 39.244426 -1.000000 0.000000 0.000000 -0.613194 0.613194
0 -9.000000 -38.042345 38.042345 -1.000000 0.000000 0.000000 -0.594412 0.594412
0 -9.000000 -51.966809 13.924465 -1.000000 0.000000 0.000000 -0.811981 0.217570
collar_bevel
0 -9.000000 -39.244426 39.244426 -1.000000 0.000000 0.000000 -0.613194 0.613194
0 -9.000000 -51.966809 13.924465 -1.000000 0.000000 0.000000 -0.811981 0.217570
0 -9.000000 -53.608883 14.364457 -1.000000 0.000000 0.000000 -0.837639 0.224445
collar_bevel
0 -9.000000 -53.608883 14.364457 -1.000000 0.000000 0.000000 -0.837639 0.224445
0 -9.000000 -51.966809 13.924465 -1.000000 0.000000 0.000000 -0.811981 0.217570
0 -9.000000 -51.966809 -13.924465 -1.000000 0.000000 0.000000 -0.811981 -0.217570
collar_bevel
0 -9.000000 -53.608883 14.364457 -1.000000 0.000000 0.000000 -0.837639 0.224445
0 -9.000000 -51.966809 -13.924465 -1.000000 0.000000 0.000000 -0.811981 -0.217570
0 -9.000000 -53.608883 -14.364457 -1.000000 0.000000 0.000000 -0.837639 -0.224445
collar_bevel
0 -9.000000 -53.608883 -14.364457 -1.000000 0.000000 0.000000 -0.837639 -0.224445
0 -9.000000 -51.966809 -13.924465 -1.000000 0.000000 0.000000 -0.811981 -0.217570
0 -9.000000 -38.042345 -38.042345 -1.000000 0.000000 0.000000 -0.594412 -0.594412
collar_bevel
0 -9.000000 -53.608883 -14.364457 -1.000000 0.000000 0.000000 -0.837639 -0.224445
0 -9.000000 -38.042345 -38.042345 -1.000000 0.000000 0.000000 -0.594412 -0.594412
0 -9.000000 -39.244426 -39.244426 -1.000000 0.000000 0.000000 -0.613194 -0.613194
collar_bevel
0 -9.000000 -39.244426 -39.244426 -1.000000 0.000000 0.000000 -0.613194 -0.613194
0 -9.000000 -38.042345 -38.042345 -1.000000 0.000000 0.000000 -0.594412 -0.594412
0 -9.000000 -13.924465 -51.966809 -1.000000 0.000000 0.000000 -0.217570 -0.811981
collar_bevel
0 -9.000000 -39.244426 -39.244426 -1.000000 0.000000 0.000000 -0.613194 -0.613194
0 -9.000000 -13.924465 -51.966809 -1.000000 0.000000 0.000000 -0.217570 -0.811981
0 -9.000000 -14.364457 -53.608883 -1.000000 0.000000 0.000000 -0.224445 -0.837639
collar_bevel
0 -9.000000 -14.364457 -53.608883 -1.000000 0.000000 0.000000 -0.224445 -0.837639
0 -9.000000 -13.924465 -51.966809 -1.000000 0.000000 0.000000 -0.217570 -0.811981
0 -9.000000 13.924465 -51.966809 -1.000000 0.000000 0.000000 0.217570 -0.811981
collar_bevel
0 -9.000000 -14.364457 -53.608883 -1.000000 0.000000 0.000000 -0.224445 -0.837639
0 -9.000000 13.924465 -51.966809 -1.000000 0.000000 0.000000 0.217570 -0.811981
0 -9.000000 14.364457 -53.608883 -1.000000 0.000000 0.000000 0.224445 -0.837639
collar_bevel
0 -9.000000 14.364457 -53.608883 -1.000000 0.000000 0.000000 0.224445 -0.837639
0 -9.000000 13.924465 -51.966809 -1.000000 0.000000 0.000000 0.217570 -0.811981
0 -9.000000 38.042345 -38.042345 -1.000000 0.000000 0.000000 0.594412 -0.594412
collar_bevel
0 -9.000000 14.364457 -53.608883 -1.000000 0.000000 0.000000 0.224445 -0.837639
0 -9.000000 38.042345 -38.042345 -1.000000 0.000000 0.000000 0.594412 -0.594412
0 -9.000000 39.244426 -39.244426 -1.000000 0.000000 0.000000 0.613194 -0.613194
collar_bevel
0 -9.000000 39.244426 -39.244426 -1.000000 0.000000 0.000000 0.613194 -0.613194
0 -9.000000 38.042345 -38.042345 -1.000000 0.000000 0.000000 0.594412 -0.594412
0 -9.000000 51.966809 -13.924465 -1.000000 0.000000 0.000000 0.811981 -0.217570
collar_bevel
0 -9.000000 39.244426 -39.244426 -1.000000 0.000000 0.000000 0.613194 -0.613194
0 -9.000000 51.966809 -13.924465 -1.000000 0.000000 0.000000 0.811981 -0.217570
0 -9.000000 53.608883 -14.364457 -1.000000 0.000000 0.000000 0.837639 -0.224445
collar_bevel
0 -9.000000 53.608883 -14.364457 -1.000000 0.000000 0.000000 0.837639 -0.224445
0 -9.000000 51.966809 -13.924465 -1.000000 0.000000 0.000000 0.811981 -0.217570
0 -9.000000 51.966809 13.924465 -1.000000 0.000000 0.000000 0.811981 0.217570
collar_bevel
0 -9.000000 53.608883 -14.364457 -1.000000 0.000000 0.000000 0.837639 -0.224445
0 -9.000000 51.966809 13.924465 -1.000000 0.000000 0.000000 0.811981 0.217570
0 -9.000000 53.608883 14.364457 -1.000000 0.000000 0.000000 0.837639 0.224445
collar_bevel
0 -9.000000 51.966809 13.924465 -0.541408 0.728120 0.420380 -0.140625 0.217570
0 -10.200000 51.194069 13.717409 -0.541408 0.728120 0.420380 -0.159375 0.214335
0 -10.200000 37.476659 37.476659 -0.541408 0.728120 0.420380 -0.159375 0.585573
collar_bevel
0 -9.000000 51.966809 13.924465 -0.541408 0.728120 0.420380 -0.140625 0.217570
0 -10.200000 37.476659 37.476659 -0.541408 0.728120 0.420380 -0.159375 0.585573
0 -9.000000 38.042345 38.042345 -0.541408 0.728120 0.420380 -0.140625 0.594412
collar_bevel
0 -9.000000 38.042345 38.042345 -0.541408 0.420380 0.728120 -0.140625 0.594412
0 -10.200000 37.476659 37.476659 -0.541408 0.420380 0.728120 -0.159375 0.585573
0 -10.200000 13.717409 51.194069 -0.541408 0.420380 0.728120 -0.159375 0.214335
collar_bevel
0 -9.000000 38.042345 38.042345 -0.541408 0.420380 0.728120 -0.140625 0.594412
0 -10.200000 13.717409 51.194069 -0.541408 0.420380 0.728120 -0.159375 0.214335
0 -9.000000 13.924465 51.966809 -0.541408 0.420380 0.728120 -0.140625 0.217570
collar_bevel
0 -9.000000 13.924465 51.966809 -0.541408 0.000000 0.840760 -0.140625 0.217570
0 -10.200000 13.717409 51.194069 -0.541408 0.000000 0.840760 -0.159375 0.214335
0 -10.200000 -13.717409 51.194069 -0.541408 0.000000 0.840760 -0.159375 -0.214335
collar_bevel
0 -9.000000 13.924465 51.966809 -0.541408 0.000000 0.840760 -0.140625 0.217570
0 -10.200000 -13.717409 51.194069 -0.541408 0.000000 0.840760 -0.159375 -0.214335
0 -9.000000 -13.924465 51.966809 -0.541408 0.000000 0.840760 -0.140625 -0.217570
collar_bevel
0 -9.000000 -13.924465 51.966809 -0.541408 -0.420380 0.728120 -0.140625 -0.217570
0 -10.200000 -13.717409 51.194069 -0.541408 -0.420380 0.728120 -0.159375 -0.214335
0 -10.200000 -37.476659 37.476659 -0.541408 -0.420380 0.728120 -0.159375 -0.585573
collar_bevel
0 -9.000000 -13.924465 51.966809 -0.541408 -0.420380 0.728120 -0.140625 -0.217570
0 -10.200000 -37.476659 37.476659 -0.541408 -0.420380 0.728120 -0.159375 -0.585573
0 -9.000000 -38.042345 38.042345 -0.541408 -0.420380 0.728120 -0.140625 -0.594412
collar_bevel
0 -9.000000 -38.042345 38.042345 -0.541408 -0.728120 0.420380 -0.140625 0.594412
0 -10.200000 -37.476659 37.476659 -0.541408 -0.728120 0.420380 -0.159375 0.585573
0 -10.200000 -51.194069 13.717409 -0.541408 -0.728120 0.420380 -0.159375 0.214335
collar_bevel
0 -9.000000 -38.042345 38.042345 -0.541408 -0.728120 0.420380 -0.140625 0.594412
0 -10.200000 -51.194069 13.717409 -0.541408 -0.728120 0.420380 -0.159375 0.214335
0 -9.000000 -51.966809 13.924465 -0.541408 -0.728120 0.420380 -0.140625 0.217570
collar_bevel
0 -9.000000 -51.966809 13.924465 -0.541408 -0.840760 0.000000 -0.140625 0.217570
0 -10.200000 -51.194069 13.717409 -0.541408 -0.840760 0.000000 -0.159375 0.214335
0 -10.200000 -51.194069 -13.717409 -0.541408 -0.840760 0.000000 -0.159375 -0.214335
collar_bevel
0 -9.000000 -51.966809 13.924465 -0.541408 -0.840760 0.000000 -0.140625 0.217570
0 -10.200000 -51.194069 -13.717409 -0.541408 -0.840760 0.000000 -0.159375 -0.214335
0 -9.000000 -51.966809 -13.924465 -0.541408 -0.840760 0.000000 -0.140625 -0.217570
collar_bevel
0 -9.000000 -51.966809 -13.924465 -0.541408 -0.728120 -0.420380 -0.140625 -0.217570
0 -10.200000 -51.194069 -13.717409 -0.541408 -0.728120 -0.420380 -0.159375 -0.214335
0 -10.200000 -37.476659 -37.476659 -0.541408 -0.728120 -0.420380 -0.159375 -0.585573
collar_bevel
0 -9.000000 -51.966809 -13.924465 -0.541408 -0.728120 -0.420380 -0.140625 -0.217570
0 -10.200000 -37.476659 -37.476659 -0.541408 -0.728120 -0.420380 -0.159375 -0.585573
0 -9.000000 -38.042345 -38.042345 -0.541408 -0.728120 -0.420380 -0.140625 -0.594412
collar_bevel
0 -9.000000 -38.042345 -38.042345 -0.541408 -0.420380 -0.728120 -0.140625 -0.594412
0 -10.200000 -37.476659 -37.476659 -0.541408 -0.420380 -0.728120 -0.159375 -0.585573
0 -10.200000 -13.717409 -51.194069 -0.541408 -0.420380 -0.728120 -0.159375 -0.214335
collar_bevel
0 -9.000000 -38.042345 -38.042345 -0.541408 -0.420380 -0.728120 -0.140625 -0.594412
0 -10.200000 -13.717409 -51.194069 -0.541408 -0.420380 -0.728120 -0.159375 -0.214335
0 -9.000000 -13.924465 -51.966809 -0.541408 -0.420380 -0.728120 -0.140625 -0.217570
collar_bevel
0 -9.000000 -13.924465 -51.966809 -0.541408 -0.000000 -0.840760 -0.140625 -0.217570
0 -10.200000 -13.717409 -51.194069 -0.541408 -0.000000 -0.840760 -0.159375 -0.214335
0 -10.200000 13.717409 -51.194069 -0.541408 -0.000000 -0.840760 -0.159375 0.214335
collar_bevel
0 -9.000000 -13.924465 -51.966809 -0.541408 -0.000000 -0.840760 -0.140625 -0.217570
0 -10.200000 13.717409 -51.194069 -0.541408 -0.000000 -0.840760 -0.159375 0.214335
0 -9.000000 13.924465 -51.966809 -0.541408 -0.000000 -0.840760 -0.140625 0.217570
collar_bevel
0 -9.000000 13.924465 -51.966809 -0.541408 0.420380 -0.728120 -0.140625 0.217570
0 -10.200000 13.717409 -51.194069 -0.541408 0.420380 -0.728120 -0.159375 0.214335
0 -10.200000 37.476659 -37.476659 -0.541408 0.420380 -0.728120 -0.159375 0.585573
collar_bevel
0 -9.000000 13.924465 -51.966809 -0.541408 0.420380 -0.728120 -0.140625 0.217570
0 -10.200000 37.476659 -37.476659 -0.541408 0.420380 -0.728120 -0.159375 0.585573
0 -9.000000 38.042345 -38.042345 -0.541408 0.420380 -0.728120 -0.140625 0.594412
collar_bevel
0 -9.000000 38.042345 -38.042345 -0.541408 0.728120 -0.420380 -0.140625 -0.594412
0 -10.200000 37.476659 -37.476659 -0.541408 0.728120 -0.420380 -0.159375 -0.585573
0 -10.200000 51.194069 -13.717409 -0.541408 0.728120 -0.420380 -0.159375 -0.214335
collar_bevel
0 -9.000000 38.042345 -38.042345 -0.541408 0.728120 -0.420380 -0.140625 -0.594412
0 -10.200000 51.194069 -13.717409 -0.541408 0.728120 -0.420380 -0.159375 -0.214335
0 -9.000000 51.966809 -13.924465 -0.541408 0.728120 -0.420380 -0.140625 -0.217570
collar_bevel
0 -9.000000 51.966809 -13.924465 -0.541408 0.840760 -0.000000 -0.140625 -0.217570
0 -10.200000 51.194069 -13.717409 -0.541408 0.840760 -0.000000 -0.159375 -0.214335
0 -10.200000 51.194069 13.717409 -0.541408 0.840760 -0.000000 -0.159375 0.214335
collar_bevel
0 -9.000000 51.966809 -13.924465 -0.541408 0.840760 -0.000000 -0.140625 -0.217570
0 -10.200000 51.194069 13.717409 -0.541408 0.840760 -0.000000 -0.159375 0.214335
0 -9.000000 51.966809 13.924465 -0.541408 0.840760 -0.000000 -0.140625 0.217570
collar_dark
0 -10.200000 51.194069 13.717409 -1.000000 0.000000 0.000000 0.799907 0.214335
0 -10.200000 50.034958 13.406827 -1.000000 0.000000 0.000000 0.781796 0.209482
0 -10.200000 36.628131 36.628131 -1.000000 0.000000 0.000000 0.572315 0.572315
collar_dark
0 -10.200000 51.194069 13.717409 -1.000000 0.000000 0.000000 0.799907 0.214335
0 -10.200000 36.628131 36.628131 -1.000000 0.000000 0.000000 0.572315 0.572315
0 -10.200000 37.476659 37.476659 -1.000000 0.000000 0.000000 0.585573 0.585573
collar_dark
0 -10.200000 37.476659 37.476659 -1.000000 0.000000 0.000000 0.585573 0.585573
0 -10.200000 36.628131 36.628131 -1.000000 0.000000 0.000000 0.572315 0.572315
0 -10.200000 13.406827 50.034958 -1.000000 0.000000 0.000000 0.209482 0.781796
collar_dark
0 -10.200000 37.476659 37.476659 -1.000000 0.000000 0.000000 0.585573 0.585573
0 -10.200000 13.406827 50.034958 -1.000000 0.000000 0.000000 0.209482 0.781796
0 -10.200000 13.717409 51.194069 -1.000000 0.000000 0.000000 0.214335 0.799907
collar_dark
0 -10.200000 13.717409 51.194069 -1.000000 0.000000 0.000000 0.214335 0.799907
0 -10.200000 13.406827 50.034958 -1.000000 0.000000 0.000000 0.209482 0.781796
0 -10.200000 -13.406827 50.034958 -1.000000 0.000000 0.000000 -0.209482 0.781796
collar_dark
0 -10.200000 13.717409 51.194069 -1.000000 0.000000 0.000000 0.214335 0.799907
0 -10.200000 -13.406827 50.034958 -1.000000 0.000000 0.000000 -0.209482 0.781796
0 -10.200000 -13.717409 51.194069 -1.000000 0.000000 0.000000 -0.214335 0.799907
collar_dark
0 -10.200000 -13.717409 51.194069 -1.000000 0.000000 0.000000 -0.214335 0.799907
0 -10.200000 -13.406827 50.034958 -1.000000 0.000000 0.000000 -0.209482 0.781796
0 -10.200000 -36.628131 36.628131 -1.000000 0.000000 0.000000 -0.572315 0.572315
collar_dark
0 -10.200000 -13.717409 51.194069 -1.000000 0.000000 0.000000 -0.214335 0.799907
0 -10.200000 -36.628131 36.628131 -1.000000 0.000000 0.000000 -0.572315 0.572315
0 -10.200000 -37.476659 37.476659 -1.000000 0.000000 0.000000 -0.585573 0.585573
collar_dark
0 -10.200000 -37.476659 37.476659 -1.000000 0.000000 0.000000 -0.585573 0.585573
0 -10.200000 -36.628131 36.628131 -1.000000 0.000000 0.000000 -0.572315 0.572315
0 -10.200000 -50.034958 13.406827 -1.000000 0.000000 0.000000 -0.781796 0.209482
collar_dark
0 -10.200000 -37.476659 37.476659 -1.000000 0.000000 0.000000 -0.585573 0.585573
0 -10.200000 -50.034958 13.406827 -1.000000 0.000000 0.000000 -0.781796 0.209482
0 -10.200000 -51.194069 13.717409 -1.000000 0.000000 0.000000 -0.799907 0.214335
collar_dark
0 -10.200000 -51.194069 13.717409 -1.000000 0.000000 0.000000 -0.799907 0.214335
0 -10.200000 -50.034958 13.406827 -1.000000 0.000000 0.000000 -0.781796 0.209482
0 -10.200000 -50.034958 -13.406827 -1.000000 0.000000 0.000000 -0.781796 -0.209482
collar_dark
0 -10.200000 -51.194069 13.717409 -1.000000 0.000000 0.000000 -0.799907 0.214335
0 -10.200000 -50.034958 -13.406827 -1.000000 0.000000 0.000000 -0.781796 -0.209482
0 -10.200000 -51.194069 -13.717409 -1.000000 0.000000 0.000000 -0.799907 -0.214335
collar_dark
0 -10.200000 -51.194069 -13.717409 -1.000000 0.000000 0.000000 -0.799907 -0.214335
0 -10.200000 -50.034958 -13.406827 -1.000000 0.000000 0.000000 -0.781796 -0.209482
0 -10.200000 -36.628131 -36.628131 -1.000000 0.000000 0.000000 -0.572315 -0.572315
collar_dark
0 -10.200000 -51.194069 -13.717409 -1.000000 0.000000 0.000000 -0.799907 -0.214335
0 -10.200000 -36.628131 -36.628131 -1.000000 0.000000 0.000000 -0.572315 -0.572315
0 -10.200000 -37.476659 -37.476659 -1.000000 0.000000 0.000000 -0.585573 -0.585573
collar_dark
0 -10.200000 -37.476659 -37.476659 -1.000000 0.000000 0.000000 -0.585573 -0.585573
0 -10.200000 -36.628131 -36.628131 -1.000000 0.000000 0.000000 -0.572315 -0.572315
0 -10.200000 -13.406827 -50.034958 -1.000000 0.000000 0.000000 -0.209482 -0.781796
collar_dark
0 -10.200000 -37.476659 -37.476659 -1.000000 0.000000 0.000000 -0.585573 -0.585573
0 -10.200000 -13.406827 -50.034958 -1.000000 0.000000 0.000000 -0.209482 -0.781796
0 -10.200000 -13.717409 -51.194069 -1.000000 0.000000 0.000000 -0.214335 -0.799907
collar_dark
0 -10.200000 -13.717409 -51.194069 -1.000000 0.000000 0.000000 -0.214335 -0.799907
0 -10.200000 -13.406827 -50.034958 -1.000000 0.000000 0.000000 -0.209482 -0.781796
0 -10.200000 13.406827 -50.034958 -1.000000 0.000000 0.000000 0.209482 -0.781796
collar_dark
0 -10.200000 -13.717409 -51.194069 -1.000000 0.000000 0.000000 -0.214335 -0.799907
0 -10.200000 13.406827 -50.034958 -1.000000 0.000000 0.000000 0.209482 -0.781796
0 -10.200000 13.717409 -51.194069 -1.000000 0.000000 0.000000 0.214335 -0.799907
collar_dark
0 -10.200000 13.717409 -51.194069 -1.000000 0.000000 0.000000 0.214335 -0.799907
0 -10.200000 13.406827 -50.034958 -1.000000 0.000000 0.000000 0.209482 -0.781796
0 -10.200000 36.628131 -36.628131 -1.000000 0.000000 0.000000 0.572315 -0.572315
collar_dark
0 -10.200000 13.717409 -51.194069 -1.000000 0.000000 0.000000 0.214335 -0.799907
0 -10.200000 36.628131 -36.628131 -1.000000 0.000000 0.000000 0.572315 -0.572315
0 -10.200000 37.476659 -37.476659 -1.000000 0.000000 0.000000 0.585573 -0.585573
collar_dark
0 -10.200000 37.476659 -37.476659 -1.000000 0.000000 0.000000 0.585573 -0.585573
0 -10.200000 36.628131 -36.628131 -1.000000 0.000000 0.000000 0.572315 -0.572315
0 -10.200000 50.034958 -13.406827 -1.000000 0.000000 0.000000 0.781796 -0.209482
collar_dark
0 -10.200000 37.476659 -37.476659 -1.000000 0.000000 0.000000 0.585573 -0.585573
0 -10.200000 50.034958 -13.406827 -1.000000 0.000000 0.000000 0.781796 -0.209482
0 -10.200000 51.194069 -13.717409 -1.000000 0.000000 0.000000 0.799907 -0.214335
collar_dark
0 -10.200000 51.194069 -13.717409 -1.000000 0.000000 0.000000 0.799907 -0.214335
0 -10.200000 50.034958 -13.406827 -1.000000 0.000000 0.000000 0.781796 -0.209482
0 -10.200000 50.034958 13.406827 -1.000000 0.000000 0.000000 0.781796 0.209482
collar_dark
0 -10.200000 51.194069 -13.717409 -1.000000 0.000000 0.000000 0.799907 -0.214335
0 -10.200000 50.034958 13.406827 -1.000000 0.000000 0.000000 0.781796 0.209482
0 -10.200000 51.194069 13.717409 -1.000000 0.000000 0.000000 0.799907 0.214335
collar_bevel
0 -10.200000 50.034958 13.406827 -0.553204 -0.721439 -0.416523 -0.159375 0.209482
0 -8.600000 48.972439 13.122126 -0.553204 -0.721439 -0.416523 -0.134375 0.205033
0 -8.600000 35.850314 35.850314 -0.553204 -0.721439 -0.416523 -0.134375 0.560161
collar_bevel
0 -10.200000 50.034958 13.406827 -0.553204 -0.721439 -0.416523 -0.159375 0.209482
0 -8.600000 35.850314 35.850314 -0.553204 -0.721439 -0.416523 -0.134375 0.560161
0 -10.200000 36.628131 36.628131 -0.553204 -0.721439 -0.416523 -0.159375 0.572315
collar_bevel
0 -10.200000 36.628131 36.628131 -0.553204 -0.416523 -0.721439 -0.159375 0.572315
0 -8.600000 35.850314 35.850314 -0.553204 -0.416523 -0.721439 -0.134375 0.560161
0 -8.600000 13.122126 48.972439 -0.553204 -0.416523 -0.721439 -0.134375 0.205033
collar_bevel
0 -10.200000 36.628131 36.628131 -0.553204 -0.416523 -0.721439 -0.159375 0.572315
0 -8.600000 13.122126 48.972439 -0.553204 -0.416523 -0.721439 -0.134375 0.205033
0 -10.200000 13.406827 50.034958 -0.553204 -0.416523 -0.721439 -0.159375 0.209482
collar_bevel
0 -10.200000 13.406827 50.034958 -0.553204 0.000000 -0.833046 -0.159375 0.209482
0 -8.600000 13.122126 48.972439 -0.553204 0.000000 -0.833046 -0.134375 0.205033
0 -8.600000 -13.122126 48.972439 -0.553204 0.000000 -0.833046 -0.134375 -0.205033
collar_bevel
0 -10.200000 13.406827 50.034958 -0.553204 0.000000 -0.833046 -0.159375 0.209482
0 -8.600000 -13.122126 48.972439 -0.553204 0.000000 -0.833046 -0.134375 -0.205033
0 -10.200000 -13.406827 50.034958 -0.553204 0.000000 -0.833046 -0.159375 -0.209482
collar_bevel
0 -10.200000 -13.406827 50.034958 -0.553204 0.416523 -0.721439 -0.159375 -0.209482
0 -8.600000 -13.122126 48.972439 -0.553204 0.416523 -0.721439 -0.134375 -0.205033
0 -8.600000 -35.850314 35.850314 -0.553204 0.416523 -0.721439 -0.134375 -0.560161
collar_bevel
0 -10.200000 -13.406827 50.034958 -0.553204 0.416523 -0.721439 -0.159375 -0.209482
0 -8.600000 -35.850314 35.850314 -0.553204 0.416523 -0.721439 -0.134375 -0.560161
0 -10.200000 -36.628131 36.628131 -0.553204 0.416523 -0.721439 -0.159375 -0.572315
collar_bevel
0 -10.200000 -36.628131 36.628131 -0.553204 0.721439 -0.416523 -0.159375 0.572315
0 -8.600000 -35.850314 35.850314 -0.553204 0.721439 -0.416523 -0.134375 0.560161
0 -8.600000 -48.972439 13.122126 -0.553204 0.721439 -0.416523 -0.134375 0.205033
collar_bevel
0 -10.200000 -36.628131 36.628131 -0.553204 0.721439 -0.416523 -0.159375 0.572315
0 -8.600000 -48.972439 13.122126 -0.553204 0.721439 -0.416523 -0.134375 0.205033
0 -10.200000 -50.034958 13.406827 -0.553204 0.721439 -0.416523 -0.159375 0.209482
collar_bevel
0 -10.200000 -50.034958 13.406827 -0.553204 0.833046 -0.000000 -0.159375 0.209482
0 -8.600000 -48.972439 13.122126 -0.553204 0.833046 -0.000000 -0.134375 0.205033
0 -8.600000 -48.972439 -13.122126 -0.553204 0.833046 -0.000000 -0.134375 -0.205033
collar_bevel
0 -10.200000 -50.034958 13.406827 -0.553204 0.833046 -0.000000 -0.159375 0.209482
0 -8.600000 -48.972439 -13.122126 -0.553204 0.833046 -0.000000 -0.134375 -0.205033
0 -10.200000 -50.034958 -13.406827 -0.553204 0.833046 -0.000000 -0.159375 -0.209482
collar_bevel
0 -10.200000 -50.034958 -13.406827 -0.553204 0.721439 0.416523 -0.159375 -0.209482
0 -8.600000 -48.972439 -13.122126 -0.553204 0.721439 0.416523 -0.134375 -0.205033
0 -8.600000 -35.850314 -35.850314 -0.553204 0.721439 0.416523 -0.134375 -0.560161
collar_bevel
0 -10.200000 -50.034958 -13.406827 -0.553204 0.721439 0.416523 -0.159375 -0.209482
0 -8.600000 -35.850314 -35.850314 -0.553204 0.721439 0.416523 -0.134375 -0.560161
0 -10.200000 -36.628131 -36.628131 -0.553204 0.721439 0.416523 -0.159375 -0.572315
collar_bevel
0 -10.200000 -36.628131 -36.628131 -0.553204 0.416523 0.721439 -0.159375 -0.572315
0 -8.600000 -35.850314 -35.850314 -0.553204 0.416523 0.721439 -0.134375 -0.560161
0 -8.600000 -13.122126 -48.972439 -0.553204 0.416523 0.721439 -0.134375 -0.205033
collar_bevel
0 -10.200000 -36.628131 -36.628131 -0.553204 0.416523 0.721439 -0.159375 -0.572315
0 -8.600000 -13.122126 -48.972439 -0.553204 0.416523 0.721439 -0.134375 -0.205033
0 -10.200000 -13.406827 -50.034958 -0.553204 0.416523 0.721439 -0.159375 -0.209482
collar_bevel
0 -10.200000 -13.406827 -50.034958 -0.553204 0.000000 0.833046 -0.159375 -0.209482
0 -8.600000 -13.122126 -48.972439 -0.553204 0.000000 0.833046 -0.134375 -0.205033
0 -8.600000 13.122126 -48.972439 -0.553204 0.000000 0.833046 -0.134375 0.205033
collar_bevel
0 -10.200000 -13.406827 -50.034958 -0.553204 0.000000 0.833046 -0.159375 -0.209482
0 -8.600000 13.122126 -48.972439 -0.553204 0.000000 0.833046 -0.134375 0.205033
0 -10.200000 13.406827 -50.034958 -0.553204 0.000000 0.833046 -0.159375 0.209482
collar_bevel
0 -10.200000 13.406827 -50.034958 -0.553204 -0.416523 0.721439 -0.159375 0.209482
0 -8.600000 13.122126 -48.972439 -0.553204 -0.416523 0.721439 -0.134375 0.205033
0 -8.600000 35.850314 -35.850314 -0.553204 -0.416523 0.721439 -0.134375 0.560161
collar_bevel
0 -10.200000 13.406827 -50.034958 -0.553204 -0.416523 0.721439 -0.159375 0.209482
0 -8.600000 35.850314 -35.850314 -0.553204 -0.416523 0.721439 -0.134375 0.560161
0 -10.200000 36.628131 -36.628131 -0.553204 -0.416523 0.721439 -0.159375 0.572315
collar_bevel
0 -10.200000 36.628131 -36.628131 -0.553204 -0.721439 0.416523 -0.159375 -0.572315
0 -8.600000 35.850314 -35.850314 -0.553204 -0.721439 0.416523 -0.134375 -0.560161
0 -8.600000 48.972439 -13.122126 -0.553204 -0.721439 0.416523 -0.134375 -0.205033
collar_bevel
0 -10.200000 36.628131 -36.628131 -0.553204 -0.721439 0.416523 -0.159375 -0.572315
0 -8.600000 48.972439 -13.122126 -0.553204 -0.721439 0.416523 -0.134375 -0.205033
0 -10.200000 50.034958 -13.406827 -0.553204 -0.721439 0.416523 -0.159375 -0.209482
collar_bevel
0 -10.200000 50.034958 -13.406827 -0.553204 -0.833046 0.000000 -0.159375 -0.209482
0 -8.600000 48.972439 -13.122126 -0.553204 -0.833046 0.000000 -0.134375 -0.205033
0 -8.600000 48.972439 13.122126 -0.553204 -0.833046 0.000000 -0.134375 0.205033
collar_bevel
0 -10.200000 50.034958 -13.406827 -0.553204 -0.833046 0.000000 -0.159375 -0.209482
0 -8.600000 48.972439 13.122126 -0.553204 -0.833046 0.000000 -0.134375 0.205033
0 -10.200000 50.034958 13.406827 -0.553204 -0.833046 0.000000 -0.159375 0.209482
collar_dark
0 -8.600000 48.972439 13.122126 -1.000000 0.000000 0.000000 0.765194 0.205033
0 -8.600000 48.296291 12.940952 -1.000000 0.000000 0.000000 0.754630 0.202202
0 -8.600000 35.355339 35.355339 -1.000000 0.000000 0.000000 0.552427 0.552427
collar_dark
0 -8.600000 48.972439 13.122126 -1.000000 0.000000 0.000000 0.765194 0.205033
0 -8.600000 35.355339 35.355339 -1.000000 0.000000 0.000000 0.552427 0.552427
0 -8.600000 35.850314 35.850314 -1.000000 0.000000 0.000000 0.560161 0.560161
collar_dark
0 -8.600000 35.850314 35.850314 -1.000000 0.000000 0.000000 0.560161 0.560161
0 -8.600000 35.355339 35.355339 -1.000000 0.000000 0.000000 0.552427 0.552427
0 -8.600000 12.940952 48.296291 -1.000000 0.000000 0.000000 0.202202 0.754630
collar_dark
0 -8.600000 35.850314 35.850314 -1.000000 0.000000 0.000000 0.560161 0.560161
0 -8.600000 12.940952 48.296291 -1.000000 0.000000 0.000000 0.202202 0.754630
0 -8.600000 13.122126 48.972439 -1.000000 0.000000 0.000000 0.205033 0.765194
collar_dark
0 -8.600000 13.122126 48.972439 -1.000000 0.000000 0.000000 0.205033 0.765194
0 -8.600000 12.940952 48.296291 -1.000000 0.000000 0.000000 0.202202 0.754630
0 -8.600000 -12.940952 48.296291 -1.000000 0.000000 0.000000 -0.202202 0.754630
collar_dark
0 -8.600000 13.122126 48.972439 -1.000000 0.000000 0.000000 0.205033 0.765194
0 -8.600000 -12.940952 48.296291 -1.000000 0.000000 0.000000 -0.202202 0.754630
0 -8.600000 -13.122126 48.972439 -1.000000 0.000000 0.000000 -0.205033 0.765194
collar_dark
0 -8.600000 -13.122126 48.972439 -1.000000 0.000000 0.000000 -0.205033 0.765194
0 -8.600000 -12.940952 48.296291 -1.000000 0.000000 0.000000 -0.202202 0.754630
0 -8.600000 -35.355339 35.355339 -1.000000 0.000000 0.000000 -0.552427 0.552427
collar_dark
0 -8.600000 -13.122126 48.972439 -1.000000 0.000000 0.000000 -0.205033 0.765194
0 -8.600000 -35.355339 35.355339 -1.000000 0.000000 0.000000 -0.552427 0.552427
0 -8.600000 -35.850314 35.850314 -1.000000 0.000000 0.000000 -0.560161 0.560161
collar_dark
0 -8.600000 -35.850314 35.850314 -1.000000 0.000000 0.000000 -0.560161 0.560161
0 -8.600000 -35.355339 35.355339 -1.000000 0.000000 0.000000 -0.552427 0.552427
0 -8.600000 -48.296291 12.940952 -1.000000 0.000000 0.000000 -0.754630 0.202202
collar_dark
0 -8.600000 -35.850314 35.850314 -1.000000 0.000000 0.000000 -0.560161 0.560161
0 -8.600000 -48.296291 12.940952 -1.000000 0.000000 0.000000 -0.754630 0.202202
0 -8.600000 -48.972439 13.122126 -1.000000 0.000000 0.000000 -0.765194 0.205033
collar_dark
0 -8.600000 -48.972439 13.122126 -1.000000 0.000000 0.000000 -0.765194 0.205033
0 -8.600000 -48.296291 12.940952 -1.000000 0.000000 0.000000 -0.754630 0.202202
0 -8.600000 -48.296291 -12.940952 -1.000000 0.000000 0.000000 -0.754630 -0.202202
collar_dark
0 -8.600000 -48.972439 13.122126 -1.000000 0.000000 0.000000 -0.765194 0.205033
0 -8.600000 -48.296291 -12.940952 -1.000000 0.000000 0.000000 -0.754630 -0.202202
0 -8.600000 -48.972439 -13.122126 -1.000000 0.000000 0.000000 -0.765194 -0.205033
collar_dark
0 -8.600000 -48.972439 -13.122126 -1.000000 0.000000 0.000000 -0.765194 -0.205033
0 -8.600000 -48.296291 -12.940952 -1.000000 0.000000 0.000000 -0.754630 -0.202202
0 -8.600000 -35.355339 -35.355339 -1.000000 0.000000 0.000000 -0.552427 -0.552427
collar_dark
0 -8.600000 -48.972439 -13.122126 -1.000000 0.000000 0.000000 -0.765194 -0.205033
0 -8.600000 -35.355339 -35.355339 -1.000000 0.000000 0.000000 -0.552427 -0.552427
0 -8.600000 -35.850314 -35.850314 -1.000000 0.000000 0.000000 -0.560161 -0.560161
collar_dark
0 -8.600000 -35.850314 -35.850314 -1.000000 0.000000 0.000000 -0.560161 -0.560161
0 -8.600000 -35.355339 -35.355339 -1.000000 0.000000 0.000000 -0.552427 -0.552427
0 -8.600000 -12.940952 -48.296291 -1.000000 0.000000 0.000000 -0.202202 -0.754630
collar_dark
0 -8.600000 -35.850314 -35.850314 -1.000000 0.000000 0.000000 -0.560161 -0.560161
0 -8.600000 -12.940952 -48.296291 -1.000000 0.000000 0.000000 -0.202202 -0.754630
0 -8.600000 -13.122126 -48.972439 -1.000000 0.000000 0.000000 -0.205033 -0.765194
collar_dark
0 -8.600000 -13.122126 -48.972439 -1.000000 0.000000 0.000000 -0.205033 -0.765194
0 -8.600000 -12.940952 -48.296291 -1.000000 0.000000 0.000000 -0.202202 -0.754630
0 -8.600000 12.940952 -48.296291 -1.000000 0.000000 0.000000 0.202202 -0.754630
collar_dark
0 -8.600000 -13.122126 -48.972439 -1.000000 0.000000 0.000000 -0.205033 -0.765194
0 -8.600000 12.940952 -48.296291 -1.000000 0.000000 0.000000 0.202202 -0.754630
0 -8.600000 13.122126 -48.972439 -1.000000 0.000000 0.000000 0.205033 -0.765194
collar_dark
0 -8.600000 13.122126 -48.972439 -1.000000 0.000000 0.000000 0.205033 -0.765194
0 -8.600000 12.940952 -48.296291 -1.000000 0.000000 0.000000 0.202202 -0.754630
0 -8.600000 35.355339 -35.355339 -1.000000 0.000000 0.000000 0.552427 -0.552427
collar_dark
0 -8.600000 13.122126 -48.972439 -1.000000 0.000000 0.000000 0.205033 -0.765194
0 -8.600000 35.355339 -35.355339 -1.000000 0.000000 0.000000 0.552427 -0.552427
0 -8.600000 35.850314 -35.850314 -1.000000 0.000000 0.000000 0.560161 -0.560161
collar_dark
0 -8.600000 35.850314 -35.850314 -1.000000 0.000000 0.000000 0.560161 -0.560161
0 -8.600000 35.355339 -35.355339 -1.000000 0.000000 0.000000 0.552427 -0.552427
0 -8.600000 48.296291 -12.940952 -1.000000 0.000000 0.000000 0.754630 -0.202202
collar_dark
0 -8.600000 35.850314 -35.850314 -1.000000 0.000000 0.000000 0.560161 -0.560161
0 -8.600000 48.296291 -12.940952 -1.000000 0.000000 0.000000 0.754630 -0.202202
0 -8.600000 48.972439 -13.122126 -1.000000 0.000000 0.000000 0.765194 -0.205033
collar_dark
0 -8.600000 48.972439 -13.122126 -1.000000 0.000000 0.000000 0.765194 -0.205033
0 -8.600000 48.296291 -12.940952 -1.000000 0.000000 0.000000 0.754630 -0.202202
0 -8.600000 48.296291 12.940952 -1.000000 0.000000 0.000000 0.754630 0.202202
collar_dark
0 -8.600000 48.972439 -13.122126 -1.000000 0.000000 0.000000 0.765194 -0.205033
0 -8.600000 48.296291 12.940952 -1.000000 0.000000 0.000000 0.754630 0.202202
0 -8.600000 48.972439 13.122126 -1.000000 0.000000 0.000000 0.765194 0.205033
collar_dark
0 -8.600000 48.296291 12.940952 0.000000 -0.866025 -0.500000 -0.134375 0.202202
0 8.600000 48.296291 12.940952 0.000000 -0.866025 -0.500000 0.134375 0.202202
0 8.600000 35.355339 35.355339 0.000000 -0.866025 -0.500000 0.134375 0.552427
collar_dark
0 -8.600000 48.296291 12.940952 0.000000 -0.866025 -0.500000 -0.134375 0.202202
0 8.600000 35.355339 35.355339 0.000000 -0.866025 -0.500000 0.134375 0.552427
0 -8.600000 35.355339 35.355339 0.000000 -0.866025 -0.500000 -0.134375 0.552427
collar_dark
0 -8.600000 35.355339 35.355339 0.000000 -0.500000 -0.866025 -0.134375 0.552427
0 8.600000 35.355339 35.355339 0.000000 -0.500000 -0.866025 0.134375 0.552427
0 8.600000 12.940952 48.296291 0.000000 -0.500000 -0.866025 0.134375 0.202202
collar_dark
0 -8.600000 35.355339 35.355339 0.000000 -0.500000 -0.866025 -0.134375 0.552427
0 8.600000 12.940952 48.296291 0.000000 -0.500000 -0.866025 0.134375 0.202202
0 -8.600000 12.940952 48.296291 0.000000 -0.500000 -0.866025 -0.134375 0.202202
collar_dark
0 -8.600000 12.940952 48.296291 0.000000 0.000000 -1.000000 -0.134375 0.202202
0 8.600000 12.940952 48.296291 0.000000 0.000000 -1.000000 0.134375 0.202202
0 8.600000 -12.940952 48.296291 0.000000 0.000000 -1.000000 0.134375 -0.202202
collar_dark
0 -8.600000 12.940952 48.296291 0.000000 0.000000 -1.000000 -0.134375 0.202202
0 8.600000 -12.940952 48.296291 0.000000 0.000000 -1.000000 0.134375 -0.202202
0 -8.600000 -12.940952 48.296291 0.000000 0.000000 -1.000000 -0.134375 -0.202202
collar_dark
0 -8.600000 -12.940952 48.296291 0.000000 0.500000 -0.866025 -0.134375 -0.202202
0 8.600000 -12.940952 48.296291 0.000000 0.500000 -0.866025 0.134375 -0.202202
0 8.600000 -35.355339 35.355339 0.000000 0.500000 -0.866025 0.134375 -0.552427
collar_dark
0 -8.600000 -12.940952 48.296291 0.000000 0.500000 -0.866025 -0.134375 -0.202202
0 8.600000 -35.355339 35.355339 0.000000 0.500000 -0.866025 0.134375 -0.552427
0 -8.600000 -35.355339 35.355339 0.000000 0.500000 -0.866025 -0.134375 -0.552427
collar_dark
0 -8.600000 -35.355339 35.355339 0.000000 0.866025 -0.500000 -0.134375 0.552427
0 8.600000 -35.355339 35.355339 0.000000 0.866025 -0.500000 0.134375 0.552427
0 8.600000 -48.296291 12.940952 0.000000 0.866025 -0.500000 0.134375 0.202202
collar_dark
0 -8.600000 -35.355339 35.355339 0.000000 0.866025 -0.500000 -0.134375 0.552427
0 8.600000 -48.296291 12.940952 0.000000 0.866025 -0.500000 0.134375 0.202202
0 -8.600000 -48.296291 12.940952 0.000000 0.866025 -0.500000 -0.134375 0.202202
collar_dark
0 -8.600000 -48.296291 12.940952 0.000000 1.000000 0.000000 -0.134375 0.202202
0 8.600000 -48.296291 12.940952 0.000000 1.000000 0.000000 0.134375 0.202202
0 8.600000 -48.296291 -12.940952 0.000000 1.000000 0.000000 0.134375 -0.202202
collar_dark
0 -8.600000 -48.296291 12.940952 0.000000 1.000000 0.000000 -0.134375 0.202202
0 8.600000 -48.296291 -12.940952 0.000000 1.000000 0.000000 0.134375 -0.202202
0 -8.600000 -48.296291 -12.940952 0.000000 1.000000 0.000000 -0.134375 -0.202202
collar_dark
0 -8.600000 -48.296291 -12.940952 0.000000 0.866025 0.500000 -0.134375 -0.202202
0 8.600000 -48.296291 -12.940952 0.000000 0.866025 0.500000 0.134375 -0.202202
0 8.600000 -35.355339 -35.355339 0.000000 0.866025 0.500000 0.134375 -0.552427
collar_dark
0 -8.600000 -48.296291 -12.940952 0.000000 0.866025 0.500000 -0.134375 -0.202202
0 8.600000 -35.355339 -35.355339 0.000000 0.866025 0.500000 0.134375 -0.552427
0 -8.600000 -35.355339 -35.355339 0.000000 0.866025 0.500000 -0.134375 -0.552427
collar_dark
0 -8.600000 -35.355339 -35.355339 0.000000 0.500000 0.866025 -0.134375 -0.552427
0 8.600000 -35.355339 -35.355339 0.000000 0.500000 0.866025 0.134375 -0.552427
0 8.600000 -12.940952 -48.296291 0.000000 0.500000 0.866025 0.134375 -0.202202
collar_dark
0 -8.600000 -35.355339 -35.355339 0.000000 0.500000 0.866025 -0.134375 -0.552427
0 8.600000 -12.940952 -48.296291 0.000000 0.500000 0.866025 0.134375 -0.202202
0 -8.600000 -12.940952 -48.296291 0.000000 0.500000 0.866025 -0.134375 -0.202202
collar_dark
0 -8.600000 -12.940952 -48.296291 0.000000 0.000000 1.000000 -0.134375 -0.202202
0 8.600000 -12.940952 -48.296291 0.000000 0.000000 1.000000 0.134375 -0.202202
0 8.600000 12.940952 -48.296291 0.000000 0.000000 1.000000 0.134375 0.202202
collar_dark
0 -8.600000 -12.940952 -48.296291 0.000000 0.000000 1.000000 -0.134375 -0.202202
0 8.600000 12.940952 -48.296291 0.000000 0.000000 1.000000 0.134375 0.202202
0 -8.600000 12.940952 -48.296291 0.000000 0.000000 1.000000 -0.134375 0.202202
collar_dark
0 -8.600000 12.940952 -48.296291 0.000000 -0.500000 0.866025 -0.134375 0.202202
0 8.600000 12.940952 -48.296291 0.000000 -0.500000 0.866025 0.134375 0.202202
0 8.600000 35.355339 -35.355339 0.000000 -0.500000 0.866025 0.134375 0.552427
collar_dark
0 -8.600000 12.940952 -48.296291 0.000000 -0.500000 0.866025 -0.134375 0.202202
0 8.600000 35.355339 -35.355339 0.000000 -0.500000 0.866025 0.134375 0.552427
0 -8.600000 35.355339 -35.355339 0.000000 -0.500000 0.866025 -0.134375 0.552427
collar_dark
0 -8.600000 35.355339 -35.355339 0.000000 -0.866025 0.500000 -0.134375 -0.552427
0 8.600000 35.355339 -35.355339 0.000000 -0.866025 0.500000 0.134375 -0.552427
0 8.600000 48.296291 -12.940952 0.000000 -0.866025 0.500000 0.134375 -0.202202
collar_dark
0 -8.600000 35.355339 -35.355339 0.000000 -0.866025 0.500000 -0.134375 -0.552427
0 8.600000 48.296291 -12.940952 0.000000 -0.866025 0.500000 0.134375 -0.202202
0 -8.600000 48.296291 -12.940952 0.000000 -0.866025 0.500000 -0.134375 -0.202202
collar_dark
0 -8.600000 48.296291 -12.940952 0.000000 -1.000000 0.000000 -0.134375 -0.202202
0 8.600000 48.296291 -12.940952 0.000000 -1.000000 0.000000 0.134375 -0.202202
0 8.600000 48.296291 12.940952 0.000000 -1.000000 0.000000 0.134375 0.202202
collar_dark
0 -8.600000 48.296291 -12.940952 0.000000 -1.000000 0.000000 -0.134375 -0.202202
0 8.600000 48.296291 12.940952 0.000000 -1.000000 0.000000 0.134375 0.202202
0 -8.600000 48.296291 12.940952 0.000000 -1.000000 0.000000 -0.134375 0.202202
collar_bevel
0 8.600000 48.296291 12.940952 1.000000 0.000000 0.000000 0.754630 0.202202
0 8.600000 48.972439 13.122126 1.000000 0.000000 0.000000 0.765194 0.205033
0 8.600000 35.850314 35.850314 1.000000 0.000000 0.000000 0.560161 0.560161
collar_bevel
0 8.600000 48.296291 12.940952 1.000000 0.000000 0.000000 0.754630 0.202202
0 8.600000 35.850314 35.850314 1.000000 0.000000 0.000000 0.560161 0.560161
0 8.600000 35.355339 35.355339 1.000000 0.000000 0.000000 0.552427 0.552427
collar_bevel
0 8.600000 35.355339 35.355339 1.000000 0.000000 0.000000 0.552427 0.552427
0 8.600000 35.850314 35.850314 1.000000 0.000000 0.000000 0.560161 0.560161
0 8.600000 13.122126 48.972439 1.000000 0.000000 0.000000 0.205033 0.765194
collar_bevel
0 8.600000 35.355339 35.355339 1.000000 0.000000 0.000000 0.552427 0.552427
0 8.600000 13.122126 48.972439 1.000000 0.000000 0.000000 0.205033 0.765194
0 8.600000 12.940952 48.296291 1.000000 0.000000 0.000000 0.202202 0.754630
collar_bevel
0 8.600000 12.940952 48.296291 1.000000 0.000000 0.000000 0.202202 0.754630
0 8.600000 13.122126 48.972439 1.000000 0.000000 0.000000 0.205033 0.765194
0 8.600000 -13.122126 48.972439 1.000000 0.000000 0.000000 -0.205033 0.765194
collar_bevel
0 8.600000 12.940952 48.296291 1.000000 0.000000 0.000000 0.202202 0.754630
0 8.600000 -13.122126 48.972439 1.000000 0.000000 0.000000 -0.205033 0.765194
0 8.600000 -12.940952 48.296291 1.000000 0.000000 0.000000 -0.202202 0.754630
collar_bevel
0 8.600000 -12.940952 48.296291 1.000000 0.000000 0.000000 -0.202202 0.754630
0 8.600000 -13.122126 48.972439 1.000000 0.000000 0.000000 -0.205033 0.765194
0 8.600000 -35.850314 35.850314 1.000000 0.000000 0.000000 -0.560161 0.560161
collar_bevel
0 8.600000 -12.940952 48.296291 1.000000 0.000000 0.000000 -0.202202 0.754630
0 8.600000 -35.850314 35.850314 1.000000 0.000000 0.000000 -0.560161 0.560161
0 8.600000 -35.355339 35.355339 1.000000 0.000000 0.000000 -0.552427 0.552427
collar_bevel
0 8.600000 -35.355339 35.355339 1.000000 0.000000 0.000000 -0.552427 0.552427
0 8.600000 -35.850314 35.850314 1.000000 0.000000 0.000000 -0.560161 0.560161
0 8.600000 -48.972439 13.122126 1.000000 0.000000 0.000000 -0.765194 0.205033
collar_bevel
0 8.600000 -35.355339 35.355339 1.000000 0.000000 0.000000 -0.552427 0.552427
0 8.600000 -48.972439 13.122126 1.000000 0.000000 0.000000 -0.765194 0.205033
0 8.600000 -48.296291 12.940952 1.000000 0.000000 0.000000 -0.754630 0.202202
collar_bevel
0 8.600000 -48.296291 12.940952 1.000000 0.000000 0.000000 -0.754630 0.202202
0 8.600000 -48.972439 13.122126 1.000000 0.000000 0.000000 -0.765194 0.205033
0 8.600000 -48.972439 -13.122126 1.000000 0.000000 0.000000 -0.765194 -0.205033
collar_bevel
0 8.600000 -48.296291 12.940952 1.000000 0.000000 0.000000 -0.754630 0.202202
0 8.600000 -48.972439 -13.122126 1.000000 0.000000 0.000000 -0.765194 -0.205033
0 8.600000 -48.296291 -12.940952 1.000000 0.000000 0.000000 -0.754630 -0.202202
collar_bevel
0 8.600000 -48.296291 -12.940952 1.000000 0.000000 0.000000 -0.754630 -0.202202
0 8.600000 -48.972439 -13.122126 1.000000 0.000000 0.000000 -0.765194 -0.205033
0 8.600000 -35.850314 -35.850314 1.000000 0.000000 0.000000 -0.560161 -0.560161
collar_bevel
0 8.600000 -48.296291 -12.940952 1.000000 0.000000 0.000000 -0.754630 -0.202202
0 8.600000 -35.850314 -35.850314 1.000000 0.000000 0.000000 -0.560161 -0.560161
0 8.600000 -35.355339 -35.355339 1.000000 0.000000 0.000000 -0.552427 -0.552427
collar_bevel
0 8.600000 -35.355339 -35.355339 1.000000 0.000000 0.000000 -0.552427 -0.552427
0 8.600000 -35.850314 -35.850314 1.000000 0.000000 0.000000 -0.560161 -0.560161
0 8.600000 -13.122126 -48.972439 1.000000 0.000000 0.000000 -0.205033 -0.765194
collar_bevel
0 8.600000 -35.355339 -35.355339 1.000000 0.000000 0.000000 -0.552427 -0.552427
0 8.600000 -13.122126 -48.972439 1.000000 0.000000 0.000000 -0.205033 -0.765194
0 8.600000 -12.940952 -48.296291 1.000000 0.000000 0.000000 -0.202202 -0.754630
collar_bevel
0 8.600000 -12.940952 -48.296291 1.000000 0.000000 0.000000 -0.202202 -0.754630
0 8.600000 -13.122126 -48.972439 1.000000 0.000000 0.000000 -0.205033 -0.765194
0 8.600000 13.122126 -48.972439 1.000000 0.000000 0.000000 0.205033 -0.765194
collar_bevel
0 8.600000 -12.940952 -48.296291 1.000000 0.000000 0.000000 -0.202202 -0.754630
0 8.600000 13.122126 -48.972439 1.000000 0.000000 0.000000 0.205033 -0.765194
0 8.600000 12.940952 -48.296291 1.000000 0.000000 0.000000 0.202202 -0.754630
collar_bevel
0 8.600000 12.940952 -48.296291 1.000000 0.000000 0.000000 0.202202 -0.754630
0 8.600000 13.122126 -48.972439 1.000000 0.000000 0.000000 0.205033 -0.765194
0 8.600000 35.850314 -35.850314 1.000000 0.000000 0.000000 0.560161 -0.560161
collar_bevel
0 8.600000 12.940952 -48.296291 1.000000 0.000000 0.000000 0.202202 -0.754630
0 8.600000 35.850314 -35.850314 1.000000 0.000000 0.000000 0.560161 -0.560161
0 8.600000 35.355339 -35.355339 1.000000 0.000000 0.000000 0.552427 -0.552427
collar_bevel
0 8.600000 35.355339 -35.355339 1.000000 0.000000 0.000000 0.552427 -0.552427
0 8.600000 35.850314 -35.850314 1.000000 0.000000 0.000000 0.560161 -0.560161
0 8.600000 48.972439 -13.122126 1.000000 0.000000 0.000000 0.765194 -0.205033
collar_bevel
0 8.600000 35.355339 -35.355339 1.000000 0.000000 0.000000 0.552427 -0.552427
0 8.600000 48.972439 -13.122126 1.000000 0.000000 0.000000 0.765194 -0.205033
0 8.600000 48.296291 -12.940952 1.000000 0.000000 0.000000 0.754630 -0.202202
collar_bevel
0 8.600000 48.296291 -12.940952 1.000000 0.000000 0.000000 0.754630 -0.202202
0 8.600000 48.972439 -13.122126 1.000000 0.000000 0.000000 0.765194 -0.205033
0 8.600000 48.972439 13.122126 1.000000 0.000000 0.000000 0.765194 0.205033
collar_bevel
0 8.600000 48.296291 -12.940952 1.000000 0.000000 0.000000 0.754630 -0.202202
0 8.600000 48.972439 13.122126 1.000000 0.000000 0.000000 0.765194 0.205033
0 8.600000 48.296291 12.940952 1.000000 0.000000 0.000000 0.754630 0.202202
collar_dark
0 8.600000 48.972439 13.122126 0.553204 -0.721439 -0.416523 0.134375 0.205033
0 10.200000 50.034958 13.406827 0.553204 -0.721439 -0.416523 0.159375 0.209482
0 10.200000 36.628131 36.628131 0.553204 -0.721439 -0.416523 0.159375 0.572315
collar_dark
0 8.600000 48.972439 13.122126 0.553204 -0.721439 -0.416523 0.134375 0.205033
0 10.200000 36.628131 36.628131 0.553204 -0.721439 -0.416523 0.159375 0.572315
0 8.600000 35.850314 35.850314 0.553204 -0.721439 -0.416523 0.134375 0.560161
collar_dark
0 8.600000 35.850314 35.850314 0.553204 -0.416523 -0.721439 0.134375 0.560161
0 10.200000 36.628131 36.628131 0.553204 -0.416523 -0.721439 0.159375 0.572315
0 10.200000 13.406827 50.034958 0.553204 -0.416523 -0.721439 0.159375 0.209482
collar_dark
0 8.600000 35.850314 35.850314 0.553204 -0.416523 -0.721439 0.134375 0.560161
0 10.200000 13.406827 50.034958 0.553204 -0.416523 -0.721439 0.159375 0.209482
0 8.600000 13.122126 48.972439 0.553204 -0.416523 -0.721439 0.134375 0.205033
collar_dark
0 8.600000 13.122126 48.972439 0.553204 0.000000 -0.833046 0.134375 0.205033
0 10.200000 13.406827 50.034958 0.553204 0.000000 -0.833046 0.159375 0.209482
0 10.200000 -13.406827 50.034958 0.553204 0.000000 -0.833046 0.159375 -0.209482
collar_dark
0 8.600000 13.122126 48.972439 0.553204 0.000000 -0.833046 0.134375 0.205033
0 10.200000 -13.406827 50.034958 0.553204 0.000000 -0.833046 0.159375 -0.209482
0 8.600000 -13.122126 48.972439 0.553204 0.000000 -0.833046 0.134375 -0.205033
collar_dark
0 8.600000 -13.122126 48.972439 0.553204 0.416523 -0.721439 0.134375 -0.205033
0 10.200000 -13.406827 50.034958 0.553204 0.416523 -0.721439 0.159375 -0.209482
0 10.200000 -36.628131 36.628131 0.553204 0.416523 -0.721439 0.159375 -0.572315
collar_dark
0 8.600000 -13.122126 48.972439 0.553204 0.416523 -0.721439 0.134375 -0.205033
0 10.200000 -36.628131 36.628131 0.553204 0.416523 -0.721439 0.159375 -0.572315
0 8.600000 -35.850314 35.850314 0.553204 0.416523 -0.721439 0.134375 -0.560161
collar_dark
0 8.600000 -35.850314 35.850314 0.553204 0.721439 -0.416523 0.134375 0.560161
0 10.200000 -36.628131 36.628131 0.553204 0.721439 -0.416523 0.159375 0.572315
0 10.200000 -50.034958 13.406827 0.553204 0.721439 -0.416523 0.159375 0.209482
collar_dark
0 8.600000 -35.850314 35.850314 0.553204 0.721439 -0.416523 0.134375 0.560161
0 10.200000 -50.034958 13.406827 0.553204 0.721439 -0.416523 0.159375 0.209482
0 8.600000 -48.972439 13.122126 0.553204 0.721439 -0.416523 0.134375 0.205033
collar_dark
0 8.600000 -48.972439 13.122126 0.553204 0.833046 -0.000000 0.134375 0.205033
0 10.200000 -50.034958 13.406827 0.553204 0.833046 -0.000000 0.159375 0.209482
0 10.200000 -50.034958 -13.406827 0.553204 0.833046 -0.000000 0.159375 -0.209482
collar_dark
0 8.600000 -48.972439 13.122126 0.553204 0.833046 -0.000000 0.134375 0.205033
0 10.200000 -50.034958 -13.406827 0.553204 0.833046 -0.000000 0.159375 -0.209482
0 8.600000 -48.972439 -13.122126 0.553204 0.833046 -0.000000 0.134375 -0.205033
collar_dark
0 8.600000 -48.972439 -13.122126 0.553204 0.721439 0.416523 0.134375 -0.205033
0 10.200000 -50.034958 -13.406827 0.553204 0.721439 0.416523 0.159375 -0.209482
0 10.200000 -36.628131 -36.628131 0.553204 0.721439 0.416523 0.159375 -0.572315
collar_dark
0 8.600000 -48.972439 -13.122126 0.553204 0.721439 0.416523 0.134375 -0.205033
0 10.200000 -36.628131 -36.628131 0.553204 0.721439 0.416523 0.159375 -0.572315
0 8.600000 -35.850314 -35.850314 0.553204 0.721439 0.416523 0.134375 -0.560161
collar_dark
0 8.600000 -35.850314 -35.850314 0.553204 0.416523 0.721439 0.134375 -0.560161
0 10.200000 -36.628131 -36.628131 0.553204 0.416523 0.721439 0.159375 -0.572315
0 10.200000 -13.406827 -50.034958 0.553204 0.416523 0.721439 0.159375 -0.209482
collar_dark
0 8.600000 -35.850314 -35.850314 0.553204 0.416523 0.721439 0.134375 -0.560161
0 10.200000 -13.406827 -50.034958 0.553204 0.416523 0.721439 0.159375 -0.209482
0 8.600000 -13.122126 -48.972439 0.553204 0.416523 0.721439 0.134375 -0.205033
collar_dark
0 8.600000 -13.122126 -48.972439 0.553204 0.000000 0.833046 0.134375 -0.205033
0 10.200000 -13.406827 -50.034958 0.553204 0.000000 0.833046 0.159375 -0.209482
0 10.200000 13.406827 -50.034958 0.553204 0.000000 0.833046 0.159375 0.209482
collar_dark
0 8.600000 -13.122126 -48.972439 0.553204 0.000000 0.833046 0.134375 -0.205033
0 10.200000 13.406827 -50.034958 0.553204 0.000000 0.833046 0.159375 0.209482
0 8.600000 13.122126 -48.972439 0.553204 0.000000 0.833046 0.134375 0.205033
collar_dark
0 8.600000 13.122126 -48.972439 0.553204 -0.416523 0.721439 0.134375 0.205033
0 10.200000 13.406827 -50.034958 0.553204 -0.416523 0.721439 0.159375 0.209482
0 10.200000 36.628131 -36.628131 0.553204 -0.416523 0.721439 0.159375 0.572315
collar_dark
0 8.600000 13.122126 -48.972439 0.553204 -0.416523 0.721439 0.134375 0.205033
0 10.200000 36.628131 -36.628131 0.553204 -0.416523 0.721439 0.159375 0.572315
0 8.600000 35.850314 -35.850314 0.553204 -0.416523 0.721439 0.134375 0.560161
collar_dark
0 8.600000 35.850314 -35.850314 0.553204 -0.721439 0.416523 0.134375 -0.560161
0 10.200000 36.628131 -36.628131 0.553204 -0.721439 0.416523 0.159375 -0.572315
0 10.200000 50.034958 -13.406827 0.553204 -0.721439 0.416523 0.159375 -0.209482
collar_dark
0 8.600000 35.850314 -35.850314 0.553204 -0.721439 0.416523 0.134375 -0.560161
0 10.200000 50.034958 -13.406827 0.553204 -0.721439 0.416523 0.159375 -0.209482
0 8.600000 48.972439 -13.122126 0.553204 -0.721439 0.416523 0.134375 -0.205033
collar_dark
0 8.600000 48.972439 -13.122126 0.553204 -0.833046 0.000000 0.134375 -0.205033
0 10.200000 50.034958 -13.406827 0.553204 -0.833046 0.000000 0.159375 -0.209482
0 10.200000 50.034958 13.406827 0.553204 -0.833046 0.000000 0.159375 0.209482
collar_dark
0 8.600000 48.972439 -13.122126 0.553204 -0.833046 0.000000 0.134375 -0.205033
0 10.200000 50.034958 13.406827 0.553204 -0.833046 0.000000 0.159375 0.209482
0 8.600000 48.972439 13.122126 0.553204 -0.833046 0.000000 0.134375 0.205033
collar_bevel
0 10.200000 50.034958 13.406827 1.000000 0.000000 0.000000 0.781796 0.209482
0 10.200000 51.194069 13.717409 1.000000 0.000000 0.000000 0.799907 0.214335
0 10.200000 37.476659 37.476659 1.000000 0.000000 0.000000 0.585573 0.585573
collar_bevel
0 10.200000 50.034958 13.406827 1.000000 0.000000 0.000000 0.781796 0.209482
0 10.200000 37.476659 37.476659 1.000000 0.000000 0.000000 0.585573 0.585573
0 10.200000 36.628131 36.628131 1.000000 0.000000 0.000000 0.572315 0.572315
collar_bevel
0 10.200000 36.628131 36.628131 1.000000 0.000000 0.000000 0.572315 0.572315
0 10.200000 37.476659 37.476659 1.000000 0.000000 0.000000 0.585573 0.585573
0 10.200000 13.717409 51.194069 1.000000 0.000000 0.000000 0.214335 0.799907
collar_bevel
0 10.200000 36.628131 36.628131 1.000000 0.000000 0.000000 0.572315 0.572315
0 10.200000 13.717409 51.194069 1.000000 0.000000 0.000000 0.214335 0.799907
0 10.200000 13.406827 50.034958 1.000000 0.000000 0.000000 0.209482 0.781796
collar_bevel
0 10.200000 13.406827 50.034958 1.000000 0.000000 0.000000 0.209482 0.781796
0 10.200000 13.717409 51.194069 1.000000 0.000000 0.000000 0.214335 0.799907
0 10.200000 -13.717409 51.194069 1.000000 0.000000 0.000000 -0.214335 0.799907
collar_bevel
0 10.200000 13.406827 50.034958 1.000000 0.000000 0.000000 0.209482 0.781796
0 10.200000 -13.717409 51.194069 1.000000 0.000000 0.000000 -0.214335 0.799907
0 10.200000 -13.406827 50.034958 1.000000 0.000000 0.000000 -0.209482 0.781796
collar_bevel
0 10.200000 -13.406827 50.034958 1.000000 0.000000 0.000000 -0.209482 0.781796
0 10.200000 -13.717409 51.194069 1.000000 0.000000 0.000000 -0.214335 0.799907
0 10.200000 -37.476659 37.476659 1.000000 0.000000 0.000000 -0.585573 0.585573
collar_bevel
0 10.200000 -13.406827 50.034958 1.000000 0.000000 0.000000 -0.209482 0.781796
0 10.200000 -37.476659 37.476659 1.000000 0.000000 0.000000 -0.585573 0.585573
0 10.200000 -36.628131 36.628131 1.000000 0.000000 0.000000 -0.572315 0.572315
collar_bevel
0 10.200000 -36.628131 36.628131 1.000000 0.000000 0.000000 -0.572315 0.572315
0 10.200000 -37.476659 37.476659 1.000000 0.000000 0.000000 -0.585573 0.585573
0 10.200000 -51.194069 13.717409 1.000000 0.000000 0.000000 -0.799907 0.214335
collar_bevel
0 10.200000 -36.628131 36.628131 1.000000 0.000000 0.000000 -0.572315 0.572315
0 10.200000 -51.194069 13.717409 1.000000 0.000000 0.000000 -0.799907 0.214335
0 10.200000 -50.034958 13.406827 1.000000 0.000000 0.000000 -0.781796 0.209482
collar_bevel
0 10.200000 -50.034958 13.406827 1.000000 0.000000 0.000000 -0.781796 0.209482
0 10.200000 -51.194069 13.717409 1.000000 0.000000 0.000000 -0.799907 0.214335
0 10.200000 -51.194069 -13.717409 1.000000 0.000000 0.000000 -0.799907 -0.214335
collar_bevel
0 10.200000 -50.034958 13.406827 1.000000 0.000000 0.000000 -0.781796 0.209482
0 10.200000 -51.194069 -13.717409 1.000000 0.000000 0.000000 -0.799907 -0.214335
0 10.200000 -50.034958 -13.406827 1.000000 0.000000 0.000000 -0.781796 -0.209482
collar_bevel
0 10.200000 -50.034958 -13.406827 1.000000 0.000000 0.000000 -0.781796 -0.209482
0 10.200000 -51.194069 -13.717409 1.000000 0.000000 0.000000 -0.799907 -0.214335
0 10.200000 -37.476659 -37.476659 1.000000 0.000000 0.000000 -0.585573 -0.585573
collar_bevel
0 10.200000 -50.034958 -13.406827 1.000000 0.000000 0.000000 -0.781796 -0.209482
0 10.200000 -37.476659 -37.476659 1.000000 0.000000 0.000000 -0.585573 -0.585573
0 10.200000 -36.628131 -36.628131 1.000000 0.000000 0.000000 -0.572315 -0.572315
collar_bevel
0 10.200000 -36.628131 -36.628131 1.000000 0.000000 0.000000 -0.572315 -0.572315
0 10.200000 -37.476659 -37.476659 1.000000 0.000000 0.000000 -0.585573 -0.585573
0 10.200000 -13.717409 -51.194069 1.000000 0.000000 0.000000 -0.214335 -0.799907
collar_bevel
0 10.200000 -36.628131 -36.628131 1.000000 0.000000 0.000000 -0.572315 -0.572315
0 10.200000 -13.717409 -51.194069 1.000000 0.000000 0.000000 -0.214335 -0.799907
0 10.200000 -13.406827 -50.034958 1.000000 0.000000 0.000000 -0.209482 -0.781796
collar_bevel
0 10.200000 -13.406827 -50.034958 1.000000 0.000000 0.000000 -0.209482 -0.781796
0 10.200000 -13.717409 -51.194069 1.000000 0.000000 0.000000 -0.214335 -0.799907
0 10.200000 13.717409 -51.194069 1.000000 0.000000 0.000000 0.214335 -0.799907
collar_bevel
0 10.200000 -13.406827 -50.034958 1.000000 0.000000 0.000000 -0.209482 -0.781796
0 10.200000 13.717409 -51.194069 1.000000 0.000000 0.000000 0.214335 -0.799907
0 10.200000 13.406827 -50.034958 1.000000 0.000000 0.000000 0.209482 -0.781796
collar_bevel
0 10.200000 13.406827 -50.034958 1.000000 0.000000 0.000000 0.209482 -0.781796
0 10.200000 13.717409 -51.194069 1.000000 0.000000 0.000000 0.214335 -0.799907
0 10.200000 37.476659 -37.476659 1.000000 0.000000 0.000000 0.585573 -0.585573
collar_bevel
0 10.200000 13.406827 -50.034958 1.000000 0.000000 0.000000 0.209482 -0.781796
0 10.200000 37.476659 -37.476659 1.000000 0.000000 0.000000 0.585573 -0.585573
0 10.200000 36.628131 -36.628131 1.000000 0.000000 0.000000 0.572315 -0.572315
collar_bevel
0 10.200000 36.628131 -36.628131 1.000000 0.000000 0.000000 0.572315 -0.572315
0 10.200000 37.476659 -37.476659 1.000000 0.000000 0.000000 0.585573 -0.585573
0 10.200000 51.194069 -13.717409 1.000000 0.000000 0.000000 0.799907 -0.214335
collar_bevel
0 10.200000 36.628131 -36.628131 1.000000 0.000000 0.000000 0.572315 -0.572315
0 10.200000 51.194069 -13.717409 1.000000 0.000000 0.000000 0.799907 -0.214335
0 10.200000 50.034958 -13.406827 1.000000 0.000000 0.000000 0.781796 -0.209482
collar_bevel
0 10.200000 50.034958 -13.406827 1.000000 0.000000 0.000000 0.781796 -0.209482
0 10.200000 51.194069 -13.717409 1.000000 0.000000 0.000000 0.799907 -0.214335
0 10.200000 51.194069 13.717409 1.000000 0.000000 0.000000 0.799907 0.214335
collar_bevel
0 10.200000 50.034958 -13.406827 1.000000 0.000000 0.000000 0.781796 -0.209482
0 10.200000 51.194069 13.717409 1.000000 0.000000 0.000000 0.799907 0.214335
0 10.200000 50.034958 13.406827 1.000000 0.000000 0.000000 0.781796 0.209482
collar_bevel
0 10.200000 51.194069 13.717409 0.541408 0.728120 0.420380 0.159375 0.214335
0 9.000000 51.966809 13.924465 0.541408 0.728120 0.420380 0.140625 0.217570
0 9.000000 38.042345 38.042345 0.541408 0.728120 0.420380 0.140625 0.594412
collar_bevel
0 10.200000 51.194069 13.717409 0.541408 0.728120 0.420380 0.159375 0.214335
0 9.000000 38.042345 38.042345 0.541408 0.728120 0.420380 0.140625 0.594412
0 10.200000 37.476659 37.476659 0.541408 0.728120 0.420380 0.159375 0.585573
collar_bevel
0 10.200000 37.476659 37.476659 0.541408 0.420380 0.728120 0.159375 0.585573
0 9.000000 38.042345 38.042345 0.541408 0.420380 0.728120 0.140625 0.594412
0 9.000000 13.924465 51.966809 0.541408 0.420380 0.728120 0.140625 0.217570
collar_bevel
0 10.200000 37.476659 37.476659 0.541408 0.420380 0.728120 0.159375 0.585573
0 9.000000 13.924465 51.966809 0.541408 0.420380 0.728120 0.140625 0.217570
0 10.200000 13.717409 51.194069 0.541408 0.420380 0.728120 0.159375 0.214335
collar_bevel
0 10.200000 13.717409 51.194069 0.541408 0.000000 0.840760 0.159375 0.214335
0 9.000000 13.924465 51.966809 0.541408 0.000000 0.840760 0.140625 0.217570
0 9.000000 -13.924465 51.966809 0.541408 0.000000 0.840760 0.140625 -0.217570
collar_bevel
0 10.200000 13.717409 51.194069 0.541408 0.000000 0.840760 0.159375 0.214335
0 9.000000 -13.924465 51.966809 0.541408 0.000000 0.840760 0.140625 -0.217570
0 10.200000 -13.717409 51.194069 0.541408 0.000000 0.840760 0.159375 -0.214335
collar_bevel
0 10.200000 -13.717409 51.194069 0.541408 -0.420380 0.728120 0.159375 -0.214335
0 9.000000 -13.924465 51.966809 0.541408 -0.420380 0.728120 0.140625 -0.217570
0 9.000000 -38.042345 38.042345 0.541408 -0.420380 0.728120 0.140625 -0.594412
collar_bevel
0 10.200000 -13.717409 51.194069 0.541408 -0.420380 0.728120 0.159375 -0.214335
0 9.000000 -38.042345 38.042345 0.541408 -0.420380 0.728120 0.140625 -0.594412
0 10.200000 -37.476659 37.476659 0.541408 -0.420380 0.728120 0.159375 -0.585573
collar_bevel
0 10.200000 -37.476659 37.476659 0.541408 -0.728120 0.420380 0.159375 0.585573
0 9.000000 -38.042345 38.042345 0.541408 -0.728120 0.420380 0.140625 0.594412
0 9.000000 -51.966809 13.924465 0.541408 -0.728120 0.420380 0.140625 0.217570
collar_bevel
0 10.200000 -37.476659 37.476659 0.541408 -0.728120 0.420380 0.159375 0.585573
0 9.000000 -51.966809 13.924465 0.541408 -0.728120 0.420380 0.140625 0.217570
0 10.200000 -51.194069 13.717409 0.541408 -0.728120 0.420380 0.159375 0.214335
collar_bevel
0 10.200000 -51.194069 13.717409 0.541408 -0.840760 0.000000 0.159375 0.214335
0 9.000000 -51.966809 13.924465 0.541408 -0.840760 0.000000 0.140625 0.217570
0 9.000000 -51.966809 -13.924465 0.541408 -0.840760 0.000000 0.140625 -0.217570
collar_bevel
0 10.200000 -51.194069 13.717409 0.541408 -0.840760 0.000000 0.159375 0.214335
0 9.000000 -51.966809 -13.924465 0.541408 -0.840760 0.000000 0.140625 -0.217570
0 10.200000 -51.194069 -13.717409 0.541408 -0.840760 0.000000 0.159375 -0.214335
collar_bevel
0 10.200000 -51.194069 -13.717409 0.541408 -0.728120 -0.420380 0.159375 -0.214335
0 9.000000 -51.966809 -13.924465 0.541408 -0.728120 -0.420380 0.140625 -0.217570
0 9.000000 -38.042345 -38.042345 0.541408 -0.728120 -0.420380 0.140625 -0.594412
collar_bevel
0 10.200000 -51.194069 -13.717409 0.541408 -0.728120 -0.420380 0.159375 -0.214335
0 9.000000 -38.042345 -38.042345 0.541408 -0.728120 -0.420380 0.140625 -0.594412
0 10.200000 -37.476659 -37.476659 0.541408 -0.728120 -0.420380 0.159375 -0.585573
collar_bevel
0 10.200000 -37.476659 -37.476659 0.541408 -0.420380 -0.728120 0.159375 -0.585573
0 9.000000 -38.042345 -38.042345 0.541408 -0.420380 -0.728120 0.140625 -0.594412
0 9.000000 -13.924465 -51.966809 0.541408 -0.420380 -0.728120 0.140625 -0.217570
collar_bevel
0 10.200000 -37.476659 -37.476659 0.541408 -0.420380 -0.728120 0.159375 -0.585573
0 9.000000 -13.924465 -51.966809 0.541408 -0.420380 -0.728120 0.140625 -0.217570
0 10.200000 -13.717409 -51.194069 0.541408 -0.420380 -0.728120 0.159375 -0.214335
collar_bevel
0 10.200000 -13.717409 -51.194069 0.541408 -0.000000 -0.840760 0.159375 -0.214335
0 9.000000 -13.924465 -51.966809 0.541408 -0.000000 -0.840760 0.140625 -0.217570
0 9.000000 13.924465 -51.966809 0.541408 -0.000000 -0.840760 0.140625 0.217570
collar_bevel
0 10.200000 -13.717409 -51.194069 0.541408 -0.000000 -0.840760 0.159375 -0.214335
0 9.000000 13.924465 -51.966809 0.541408 -0.000000 -0.840760 0.140625 0.217570
0 10.200000 13.717409 -51.194069 0.541408 -0.000000 -0.840760 0.159375 0.214335
collar_bevel
0 10.200000 13.717409 -51.194069 0.541408 0.420380 -0.728120 0.159375 0.214335
0 9.000000 13.924465 -51.966809 0.541408 0.420380 -0.728120 0.140625 0.217570
0 9.000000 38.042345 -38.042345 0.541408 0.420380 -0.728120 0.140625 0.594412
collar_bevel
0 10.200000 13.717409 -51.194069 0.541408 0.420380 -0.728120 0.159375 0.214335
0 9.000000 38.042345 -38.042345 0.541408 0.420380 -0.728120 0.140625 0.594412
0 10.200000 37.476659 -37.476659 0.541408 0.420380 -0.728120 0.159375 0.585573
collar_bevel
0 10.200000 37.476659 -37.476659 0.541408 0.728120 -0.420380 0.159375 -0.585573
0 9.000000 38.042345 -38.042345 0.541408 0.728120 -0.420380 0.140625 -0.594412
0 9.000000 51.966809 -13.924465 0.541408 0.728120 -0.420380 0.140625 -0.217570
collar_bevel
0 10.200000 37.476659 -37.476659 0.541408 0.728120 -0.420380 0.159375 -0.585573
0 9.000000 51.966809 -13.924465 0.541408 0.728120 -0.420380 0.140625 -0.217570
0 10.200000 51.194069 -13.717409 0.541408 0.728120 -0.420380 0.159375 -0.214335
collar_bevel
0 10.200000 51.194069 -13.717409 0.541408 0.840760 -0.000000 0.159375 -0.214335
0 9.000000 51.966809 -13.924465 0.541408 0.840760 -0.000000 0.140625 -0.217570
0 9.000000 51.966809 13.924465 0.541408 0.840760 -0.000000 0.140625 0.217570
collar_bevel
0 10.200000 51.194069 -13.717409 0.541408 0.840760 -0.000000 0.159375 -0.214335
0 9.000000 51.966809 13.924465 0.541408 0.840760 -0.000000 0.140625 0.217570
0 10.200000 51.194069 13.717409 0.541408 0.840760 -0.000000 0.159375 0.214335
collar_bevel
0 9.000000 51.966809 13.924465 1.000000 0.000000 0.000000 0.811981 0.217570
0 9.000000 53.608883 14.364457 1.000000 0.000000 0.000000 0.837639 0.224445
0 9.000000 39.244426 39.244426 1.000000 0.000000 0.000000 0.613194 0.613194
collar_bevel
0 9.000000 51.966809 13.924465 1.000000 0.000000 0.000000 0.811981 0.217570
0 9.000000 39.244426 39.244426 1.000000 0.000000 0.000000 0.613194 0.613194
0 9.000000 38.042345 38.042345 1.000000 0.000000 0.000000 0.594412 0.594412
collar_bevel
0 9.000000 38.042345 38.042345 1.000000 0.000000 0.000000 0.594412 0.594412
0 9.000000 39.244426 39.244426 1.000000 0.000000 0.000000 0.613194 0.613194
0 9.000000 14.364457 53.608883 1.000000 0.000000 0.000000 0.224445 0.837639
collar_bevel
0 9.000000 38.042345 38.042345 1.000000 0.000000 0.000000 0.594412 0.594412
0 9.000000 14.364457 53.608883 1.000000 0.000000 0.000000 0.224445 0.837639
0 9.000000 13.924465 51.966809 1.000000 0.000000 0.000000 0.217570 0.811981
collar_bevel
0 9.000000 13.924465 51.966809 1.000000 0.000000 0.000000 0.217570 0.811981
0 9.000000 14.364457 53.608883 1.000000 0.000000 0.000000 0.224445 0.837639
0 9.000000 -14.364457 53.608883 1.000000 0.000000 0.000000 -0.224445 0.837639
collar_bevel
0 9.000000 13.924465 51.966809 1.000000 0.000000 0.000000 0.217570 0.811981
0 9.000000 -14.364457 53.608883 1.000000 0.000000 0.000000 -0.224445 0.837639
0 9.000000 -13.924465 51.966809 1.000000 0.000000 0.000000 -0.217570 0.811981
collar_bevel
0 9.000000 -13.924465 51.966809 1.000000 0.000000 0.000000 -0.217570 0.811981
0 9.000000 -14.364457 53.608883 1.000000 0.000000 0.000000 -0.224445 0.837639
0 9.000000 -39.244426 39.244426 1.000000 0.000000 0.000000 -0.613194 0.613194
collar_bevel
0 9.000000 -13.924465 51.966809 1.000000 0.000000 0.000000 -0.217570 0.811981
0 9.000000 -39.244426 39.244426 1.000000 0.000000 0.000000 -0.613194 0.613194
0 9.000000 -38.042345 38.042345 1.000000 0.000000 0.000000 -0.594412 0.594412
collar_bevel
0 9.000000 -38.042345 38.042345 1.000000 0.000000 0.000000 -0.594412 0.594412
0 9.000000 -39.244426 39.244426 1.000000 0.000000 0.000000 -0.613194 0.613194
0 9.000000 -53.608883 14.364457 1.000000 0.000000 0.000000 -0.837639 0.224445
collar_bevel
0 9.000000 -38.042345 38.042345 1.000000 0.000000 0.000000 -0.594412 0.594412
0 9.000000 -53.608883 14.364457 1.000000 0.000000 0.000000 -0.837639 0.224445
0 9.000000 -51.966809 13.924465 1.000000 0.000000 0.000000 -0.811981 0.217570
collar_bevel
0 9.000000 -51.966809 13.924465 1.000000 0.000000 0.000000 -0.811981 0.217570
0 9.000000 -53.608883 14.364457 1.000000 0.000000 0.000000 -0.837639 0.224445
0 9.000000 -53.608883 -14.364457 1.000000 0.000000 0.000000 -0.837639 -0.224445
collar_bevel
0 9.000000 -51.966809 13.924465 1.000000 0.000000 0.000000 -0.811981 0.217570
0 9.000000 -53.608883 -14.364457 1.000000 0.000000 0.000000 -0.837639 -0.224445
0 9.000000 -51.966809 -13.924465 1.000000 0.000000 0.000000 -0.811981 -0.217570
collar_bevel
0 9.000000 -51.966809 -13.924465 1.000000 0.000000 0.000000 -0.811981 -0.217570
0 9.000000 -53.608883 -14.364457 1.000000 0.000000 0.000000 -0.837639 -0.224445
0 9.000000 -39.244426 -39.244426 1.000000 0.000000 0.000000 -0.613194 -0.613194
collar_bevel
0 9.000000 -51.966809 -13.924465 1.000000 0.000000 0.000000 -0.811981 -0.217570
0 9.000000 -39.244426 -39.244426 1.000000 0.000000 0.000000 -0.613194 -0.613194
0 9.000000 -38.042345 -38.042345 1.000000 0.000000 0.000000 -0.594412 -0.594412
collar_bevel
0 9.000000 -38.042345 -38.042345 1.000000 0.000000 0.000000 -0.594412 -0.594412
0 9.000000 -39.244426 -39.244426 1.000000 0.000000 0.000000 -0.613194 -0.613194
0 9.000000 -14.364457 -53.608883 1.000000 0.000000 0.000000 -0.224445 -0.837639
collar_bevel
0 9.000000 -38.042345 -38.042345 1.000000 0.000000 0.000000 -0.594412 -0.594412
0 9.000000 -14.364457 -53.608883 1.000000 0.000000 0.000000 -0.224445 -0.837639
0 9.000000 -13.924465 -51.966809 1.000000 0.000000 0.000000 -0.217570 -0.811981
collar_bevel
0 9.000000 -13.924465 -51.966809 1.000000 0.000000 0.000000 -0.217570 -0.811981
0 9.000000 -14.364457 -53.608883 1.000000 0.000000 0.000000 -0.224445 -0.837639
0 9.000000 14.364457 -53.608883 1.000000 0.000000 0.000000 0.224445 -0.837639
collar_bevel
0 9.000000 -13.924465 -51.966809 1.000000 0.000000 0.000000 -0.217570 -0.811981
0 9.000000 14.364457 -53.608883 1.000000 0.000000 0.000000 0.224445 -0.837639
0 9.000000 13.924465 -51.966809 1.000000 0.000000 0.000000 0.217570 -0.811981
collar_bevel
0 9.000000 13.924465 -51.966809 1.000000 0.000000 0.000000 0.217570 -0.811981
0 9.000000 14.364457 -53.608883 1.000000 0.000000 0.000000 0.224445 -0.837639
0 9.000000 39.244426 -39.244426 1.000000 0.000000 0.000000 0.613194 -0.613194
collar_bevel
0 9.000000 13.924465 -51.966809 1.000000 0.000000 0.000000 0.217570 -0.811981
0 9.000000 39.244426 -39.244426 1.000000 0.000000 0.000000 0.613194 -0.613194
0 9.000000 38.042345 -38.042345 1.000000 0.000000 0.000000 0.594412 -0.594412
collar_bevel
0 9.000000 38.042345 -38.042345 1.000000 0.000000 0.000000 0.594412 -0.594412
0 9.000000 39.244426 -39.244426 1.000000 0.000000 0.000000 0.613194 -0.613194
0 9.000000 53.608883 -14.364457 1.000000 0.000000 0.000000 0.837639 -0.224445
collar_bevel
0 9.000000 38.042345 -38.042345 1.000000 0.000000 0.000000 0.594412 -0.594412
0 9.000000 53.608883 -14.364457 1.000000 0.000000 0.000000 0.837639 -0.224445
0 9.000000 51.966809 -13.924465 1.000000 0.000000 0.000000 0.811981 -0.217570
collar_bevel
0 9.000000 51.966809 -13.924465 1.000000 0.000000 0.000000 0.811981 -0.217570
0 9.000000 53.608883 -14.364457 1.000000 0.000000 0.000000 0.837639 -0.224445
0 9.000000 53.608883 14.364457 1.000000 0.000000 0.000000 0.837639 0.224445
collar_bevel
0 9.000000 51.966809 -13.924465 1.000000 0.000000 0.000000 0.811981 -0.217570
0 9.000000 53.608883 14.364457 1.000000 0.000000 0.000000 0.837639 0.224445
0 9.000000 51.966809 13.924465 1.000000 0.000000 0.000000 0.811981 0.217570
collar_bevel
0 9.000000 53.608883 14.364457 0.234734 0.841828 0.486030 0.140625 0.224445
0 7.000000 54.091846 14.493867 0.234734 0.841828 0.486030 0.109375 0.226467
0 7.000000 39.597980 39.597980 0.234734 0.841828 0.486030 0.109375 0.618718
collar_bevel
0 9.000000 53.608883 14.364457 0.234734 0.841828 0.486030 0.140625 0.224445
0 7.000000 39.597980 39.597980 0.234734 0.841828 0.486030 0.109375 0.618718
0 9.000000 39.244426 39.244426 0.234734 0.841828 0.486030 0.140625 0.613194
collar_bevel
0 9.000000 39.244426 39.244426 0.234734 0.486030 0.841828 0.140625 0.613194
0 7.000000 39.597980 39.597980 0.234734 0.486030 0.841828 0.109375 0.618718
0 7.000000 14.493867 54.091846 0.234734 0.486030 0.841828 0.109375 0.226467
collar_bevel
0 9.000000 39.244426 39.244426 0.234734 0.486030 0.841828 0.140625 0.613194
0 7.000000 14.493867 54.091846 0.234734 0.486030 0.841828 0.109375 0.226467
0 9.000000 14.364457 53.608883 0.234734 0.486030 0.841828 0.140625 0.224445
collar_bevel
0 9.000000 14.364457 53.608883 0.234734 0.000000 0.972060 0.140625 0.224445
0 7.000000 14.493867 54.091846 0.234734 0.000000 0.972060 0.109375 0.226467
0 7.000000 -14.493867 54.091846 0.234734 0.000000 0.972060 0.109375 -0.226467
collar_bevel
0 9.000000 14.364457 53.608883 0.234734 0.000000 0.972060 0.140625 0.224445
0 7.000000 -14.493867 54.091846 0.234734 0.000000 0.972060 0.109375 -0.226467
0 9.000000 -14.364457 53.608883 0.234734 0.000000 0.972060 0.140625 -0.224445
collar_bevel
0 9.000000 -14.364457 53.608883 0.234734 -0.486030 0.841828 0.140625 -0.224445
0 7.000000 -14.493867 54.091846 0.234734 -0.486030 0.841828 0.109375 -0.226467
0 7.000000 -39.597980 39.597980 0.234734 -0.486030 0.841828 0.109375 -0.618718
collar_bevel
0 9.000000 -14.364457 53.608883 0.234734 -0.486030 0.841828 0.140625 -0.224445
0 7.000000 -39.597980 39.597980 0.234734 -0.486030 0.841828 0.109375 -0.618718
0 9.000000 -39.244426 39.244426 0.234734 -0.486030 0.841828 0.140625 -0.613194
collar_bevel
0 9.000000 -39.244426 39.244426 0.234734 -0.841828 0.486030 0.140625 0.613194
0 7.000000 -39.597980 39.597980 0.234734 -0.841828 0.486030 0.109375 0.618718
0 7.000000 -54.091846 14.493867 0.234734 -0.841828 0.486030 0.109375 0.226467
collar_bevel
0 9.000000 -39.244426 39.244426 0.234734 -0.841828 0.486030 0.140625 0.613194
0 7.000000 -54.091846 14.493867 0.234734 -0.841828 0.486030 0.109375 0.226467
0 9.000000 -53.608883 14.364457 0.234734 -0.841828 0.486030 0.140625 0.224445
collar_bevel
0 9.000000 -53.608883 14.364457 0.234734 -0.972060 0.000000 0.140625 0.224445
0 7.000000 -54.091846 14.493867 0.234734 -0.972060 0.000000 0.109375 0.226467
0 7.000000 -54.091846 -14.493867 0.234734 -0.972060 0.000000 0.109375 -0.226467
collar_bevel
0 9.000000 -53.608883 14.364457 0.234734 -0.972060 0.000000 0.140625 0.224445
0 7.000000 -54.091846 -14.493867 0.234734 -0.972060 0.000000 0.109375 -0.226467
0 9.000000 -53.608883 -14.364457 0.234734 -0.972060 0.000000 0.140625 -0.224445
collar_bevel
0 9.000000 -53.608883 -14.364457 0.234734 -0.841828 -0.486030 0.140625 -0.224445
0 7.000000 -54.091846 -14.493867 0.234734 -0.841828 -0.486030 0.109375 -0.226467
0 7.000000 -39.597980 -39.597980 0.234734 -0.841828 -0.486030 0.109375 -0.618718
collar_bevel
0 9.000000 -53.608883 -14.364457 0.234734 -0.841828 -0.486030 0.140625 -0.224445
0 7.000000 -39.597980 -39.597980 0.234734 -0.841828 -0.486030 0.109375 -0.618718
0 9.000000 -39.244426 -39.244426 0.234734 -0.841828 -0.486030 0.140625 -0.613194
collar_bevel
0 9.000000 -39.244426 -39.244426 0.234734 -0.486030 -0.841828 0.140625 -0.613194
0 7.000000 -39.597980 -39.597980 0.234734 -0.486030 -0.841828 0.109375 -0.618718
0 7.000000 -14.493867 -54.091846 0.234734 -0.486030 -0.841828 0.109375 -0.226467
collar_bevel
0 9.000000 -39.244426 -39.244426 0.234734 -0.486030 -0.841828 0.140625 -0.613194
0 7.000000 -14.493867 -54.091846 0.234734 -0.486030 -0.841828 0.109375 -0.226467
0 9.000000 -14.364457 -53.608883 0.234734 -0.486030 -0.841828 0.140625 -0.224445
collar_bevel
0 9.000000 -14.364457 -53.608883 0.234734 -0.000000 -0.972060 0.140625 -0.224445
0 7.000000 -14.493867 -54.091846 0.234734 -0.000000 -0.972060 0.109375 -0.226467
0 7.000000 14.493867 -54.091846 0.234734 -0.000000 -0.972060 0.109375 0.226467
collar_bevel
0 9.000000 -14.364457 -53.608883 0.234734 -0.000000 -0.972060 0.140625 -0.224445
0 7.000000 14.493867 -54.091846 0.234734 -0.000000 -0.972060 0.109375 0.226467
0 9.000000 14.364457 -53.608883 0.234734 -0.000000 -0.972060 0.140625 0.224445
collar_bevel
0 9.000000 14.364457 -53.608883 0.234734 0.486030 -0.841828 0.140625 0.224445
0 7.000000 14.493867 -54.091846 0.234734 0.486030 -0.841828 0.109375 0.226467
0 7.000000 39.597980 -39.597980 0.234734 0.486030 -0.841828 0.109375 0.618718
collar_bevel
0 9.000000 14.364457 -53.608883 0.234734 0.486030 -0.841828 0.140625 0.224445
0 7.000000 39.597980 -39.597980 0.234734 0.486030 -0.841828 0.109375 0.618718
0 9.000000 39.244426 -39.244426 0.234734 0.486030 -0.841828 0.140625 0.613194
collar_bevel
0 9.000000 39.244426 -39.244426 0.234734 0.841828 -0.486030 0.140625 -0.613194
0 7.000000 39.597980 -39.597980 0.234734 0.841828 -0.486030 0.109375 -0.618718
0 7.000000 54.091846 -14.493867 0.234734 0.841828 -0.486030 0.109375 -0.226467
collar_bevel
0 9.000000 39.244426 -39.244426 0.234734 0.841828 -0.486030 0.140625 -0.613194
0 7.000000 54.091846 -14.493867 0.234734 0.841828 -0.486030 0.109375 -0.226467
0 9.000000 53.608883 -14.364457 0.234734 0.841828 -0.486030 0.140625 -0.224445
collar_bevel
0 9.000000 53.608883 -14.364457 0.234734 0.972060 -0.000000 0.140625 -0.224445
0 7.000000 54.091846 -14.493867 0.234734 0.972060 -0.000000 0.109375 -0.226467
0 7.000000 54.091846 14.493867 0.234734 0.972060 -0.000000 0.109375 0.226467
collar_bevel
0 9.000000 53.608883 -14.364457 0.234734 0.972060 -0.000000 0.140625 -0.224445
0 7.000000 54.091846 14.493867 0.234734 0.972060 -0.000000 0.109375 0.226467
0 9.000000 53.608883 14.364457 0.234734 0.972060 -0.000000 0.140625 0.224445
collar_gray
0 7.000000 54.091846 14.493867 1.000000 0.000000 0.000000 0.845185 0.226467
0 7.000000 61.819253 16.564419 1.000000 0.000000 0.000000 0.965926 0.258819
0 7.000000 45.254834 45.254834 1.000000 0.000000 0.000000 0.707107 0.707107
collar_gray
0 7.000000 54.091846 14.493867 1.000000 0.000000 0.000000 0.845185 0.226467
0 7.000000 45.254834 45.254834 1.000000 0.000000 0.000000 0.707107 0.707107
0 7.000000 39.597980 39.597980 1.000000 0.000000 0.000000 0.618718 0.618718
collar_gray
0 7.000000 39.597980 39.597980 1.000000 0.000000 0.000000 0.618718 0.618718
0 7.000000 45.254834 45.254834 1.000000 0.000000 0.000000 0.707107 0.707107
0 7.000000 16.564419 61.819253 1.000000 0.000000 0.000000 0.258819 0.965926
collar_gray
0 7.000000 39.597980 39.597980 1.000000 0.000000 0.000000 0.618718 0.618718
0 7.000000 16.564419 61.819253 1.000000 0.000000 0.000000 0.258819 0.965926
0 7.000000 14.493867 54.091846 1.000000 0.000000 0.000000 0.226467 0.845185
collar_gray
0 7.000000 14.493867 54.091846 1.000000 0.000000 0.000000 0.226467 0.845185
0 7.000000 16.564419 61.819253 1.000000 0.000000 0.000000 0.258819 0.965926
0 7.000000 -16.564419 61.819253 1.000000 0.000000 0.000000 -0.258819 0.965926
collar_gray
0 7.000000 14.493867 54.091846 1.000000 0.000000 0.000000 0.226467 0.845185
0 7.000000 -16.564419 61.819253 1.000000 0.000000 0.000000 -0.258819 0.965926
0 7.000000 -14.493867 54.091846 1.000000 0.000000 0.000000 -0.226467 0.845185
collar_gray
0 7.000000 -14.493867 54.091846 1.000000 0.000000 0.000000 -0.226467 0.845185
0 7.000000 -16.564419 61.819253 1.000000 0.000000 0.000000 -0.258819 0.965926
0 7.000000 -45.254834 45.254834 1.000000 0.000000 0.000000 -0.707107 0.707107
collar_gray
0 7.000000 -14.493867 54.091846 1.000000 0.000000 0.000000 -0.226467 0.845185
0 7.000000 -45.254834 45.254834 1.000000 0.000000 0.000000 -0.707107 0.707107
0 7.000000 -39.597980 39.597980 1.000000 0.000000 0.000000 -0.618718 0.618718
collar_gray
0 7.000000 -39.597980 39.597980 1.000000 0.000000 0.000000 -0.618718 0.618718
0 7.000000 -45.254834 45.254834 1.000000 0.000000 0.000000 -0.707107 0.707107
0 7.000000 -61.819253 16.564419 1.000000 0.000000 0.000000 -0.965926 0.258819
collar_gray
0 7.000000 -39.597980 39.597980 1.000000 0.000000 0.000000 -0.618718 0.618718
0 7.000000 -61.819253 16.564419 1.000000 0.000000 0.000000 -0.965926 0.258819
0 7.000000 -54.091846 14.493867 1.000000 0.000000 0.000000 -0.845185 0.226467
collar_gray
0 7.000000 -54.091846 14.493867 1.000000 0.000000 0.000000 -0.845185 0.226467
0 7.000000 -61.819253 16.564419 1.000000 0.000000 0.000000 -0.965926 0.258819
0 7.000000 -61.819253 -16.564419 1.000000 0.000000 0.000000 -0.965926 -0.258819
collar_gray
0 7.000000 -54.091846 14.493867 1.000000 0.000000 0.000000 -0.845185 0.226467
0 7.000000 -61.819253 -16.564419 1.000000 0.000000 0.000000 -0.965926 -0.258819
0 7.000000 -54.091846 -14.493867 1.000000 0.000000 0.000000 -0.845185 -0.226467
collar_gray
0 7.000000 -54.091846 -14.493867 1.000000 0.000000 0.000000 -0.845185 -0.226467
0 7.000000 -61.819253 -16.564419 1.000000 0.000000 0.000000 -0.965926 -0.258819
0 7.000000 -45.254834 -45.254834 1.000000 0.000000 0.000000 -0.707107 -0.707107
collar_gray
0 7.000000 -54.091846 -14.493867 1.000000 0.000000 0.000000 -0.845185 -0.226467
0 7.000000 -45.254834 -45.254834 1.000000 0.000000 0.000000 -0.707107 -0.707107
0 7.000000 -39.597980 -39.597980 1.000000 0.000000 0.000000 -0.618718 -0.618718
collar_gray
0 7.000000 -39.597980 -39.597980 1.000000 0.000000 0.000000 -0.618718 -0.618718
0 7.000000 -45.254834 -45.254834 1.000000 0.000000 0.000000 -0.707107 -0.707107
0 7.000000 -16.564419 -61.819253 1.000000 0.000000 0.000000 -0.258819 -0.965926
collar_gray
0 7.000000 -39.597980 -39.597980 1.000000 0.000000 0.000000 -0.618718 -0.618718
0 7.000000 -16.564419 -61.819253 1.000000 0.000000 0.000000 -0.258819 -0.965926
0 7.000000 -14.493867 -54.091846 1.000000 0.000000 0.000000 -0.226467 -0.845185
collar_gray
0 7.000000 -14.493867 -54.091846 1.000000 0.000000 0.000000 -0.226467 -0.845185
0 7.000000 -16.564419 -61.819253 1.000000 0.000000 0.000000 -0.258819 -0.965926
0 7.000000 16.564419 -61.819253 1.000000 0.000000 0.000000 0.258819 -0.965926
collar_gray
0 7.000000 -14.493867 -54.091846 1.000000 0.000000 0.000000 -0.226467 -0.845185
0 7.000000 16.564419 -61.819253 1.000000 0.000000 0.000000 0.258819 -0.965926
0 7.000000 14.493867 -54.091846 1.000000 0.000000 0.000000 0.226467 -0.845185
collar_gray
0 7.000000 14.493867 -54.091846 1.000000 0.000000 0.000000 0.226467 -0.845185
0 7.000000 16.564419 -61.819253 1.000000 0.000000 0.000000 0.258819 -0.965926
0 7.000000 45.254834 -45.254834 1.000000 0.000000 0.000000 0.707107 -0.707107
collar_gray
0 7.000000 14.493867 -54.091846 1.000000 0.000000 0.000000 0.226467 -0.845185
0 7.000000 45.254834 -45.254834 1.000000 0.000000 0.000000 0.707107 -0.707107
0 7.000000 39.597980 -39.597980 1.000000 0.000000 0.000000 0.618718 -0.618718
collar_gray
0 7.000000 39.597980 -39.597980 1.000000 0.000000 0.000000 0.618718 -0.618718
0 7.000000 45.254834 -45.254834 1.000000 0.000000 0.000000 0.707107 -0.707107
0 7.000000 61.819253 -16.564419 1.000000 0.000000 0.000000 0.965926 -0.258819
collar_gray
0 7.000000 39.597980 -39.597980 1.000000 0.000000 0.000000 0.618718 -0.618718
0 7.000000 61.819253 -16.564419 1.000000 0.000000 0.000000 0.965926 -0.258819
0 7.000000 54.091846 -14.493867 1.000000 0.000000 0.000000 0.845185 -0.226467
collar_gray
0 7.000000 54.091846 -14.493867 1.000000 0.000000 0.000000 0.845185 -0.226467
0 7.000000 61.819253 -16.564419 1.000000 0.000000 0.000000 0.965926 -0.258819
0 7.000000 61.819253 16.564419 1.000000 0.000000 0.000000 0.965926 0.258819
collar_gray
0 7.000000 54.091846 -14.493867 1.000000 0.000000 0.000000 0.845185 -0.226467
0 7.000000 61.819253 16.564419 1.000000 0.000000 0.000000 0.965926 0.258819
0 7.000000 54.091846 14.493867 1.000000 0.000000 0.000000 0.845185 0.226467
collar_dark
0 7.000000 61.819253 16.564419 0.000000 0.866025 0.500000 0.109375 0.258819
0 -7.000000 61.819253 16.564419 0.000000 0.866025 0.500000 -0.109375 0.258819
0 -7.000000 45.254834 45.254834 0.000000 0.866025 0.500000 -0.109375 0.707107
collar_dark
0 7.000000 61.819253 16.564419 0.000000 0.866025 0.500000 0.109375 0.258819
0 -7.000000 45.254834 45.254834 0.000000 0.866025 0.500000 -0.109375 0.707107
0 7.000000 45.254834 45.254834 0.000000 0.866025 0.500000 0.109375 0.707107
collar_dark
0 7.000000 45.254834 45.254834 0.000000 0.500000 0.866025 0.109375 0.707107
0 -7.000000 45.254834 45.254834 0.000000 0.500000 0.866025 -0.109375 0.707107
0 -7.000000 16.564419 61.819253 0.000000 0.500000 0.866025 -0.109375 0.258819
collar_dark
0 7.000000 45.254834 45.254834 0.000000 0.500000 0.866025 0.109375 0.707107
0 -7.000000 16.564419 61.819253 0.000000 0.500000 0.866025 -0.109375 0.258819
0 7.000000 16.564419 61.819253 0.000000 0.500000 0.866025 0.109375 0.258819
collar_dark
0 7.000000 16.564419 61.819253 0.000000 0.000000 1.000000 0.109375 0.258819
0 -7.000000 16.564419 61.819253 0.000000 0.000000 1.000000 -0.109375 0.258819
0 -7.000000 -16.564419 61.819253 0.000000 0.000000 1.000000 -0.109375 -0.258819
collar_dark
0 7.000000 16.564419 61.819253 0.000000 0.000000 1.000000 0.109375 0.258819
0 -7.000000 -16.564419 61.819253 0.000000 0.000000 1.000000 -0.109375 -0.258819
0 7.000000 -16.564419 61.819253 0.000000 0.000000 1.000000 0.109375 -0.258819
collar_dark
0 7.000000 -16.564419 61.819253 0.000000 -0.500000 0.866025 0.109375 -0.258819
0 -7.000000 -16.564419 61.819253 0.000000 -0.500000 0.866025 -0.109375 -0.258819
0 -7.000000 -45.254834 45.254834 0.000000 -0.500000 0.866025 -0.109375 -0.707107
collar_dark
0 7.000000 -16.564419 61.819253 0.000000 -0.500000 0.866025 0.109375 -0.258819
0 -7.000000 -45.254834 45.254834 0.000000 -0.500000 0.866025 -0.109375 -0.707107
0 7.000000 -45.254834 45.254834 0.000000 -0.500000 0.866025 0.109375 -0.707107
collar_dark
0 7.000000 -45.254834 45.254834 0.000000 -0.866025 0.500000 0.109375 0.707107
0 -7.000000 -45.254834 45.254834 0.000000 -0.866025 0.500000 -0.109375 0.707107
0 -7.000000 -61.819253 16.564419 0.000000 -0.866025 0.500000 -0.109375 0.258819
collar_dark
0 7.000000 -45.254834 45.254834 0.000000 -0.866025 0.500000 0.109375 0.707107
0 -7.000000 -61.819253 16.564419 0.000000 -0.866025 0.500000 -0.109375 0.258819
0 7.000000 -61.819253 16.564419 0.000000 -0.866025 0.500000 0.109375 0.258819
collar_dark
0 7.000000 -61.819253 16.564419 0.000000 -1.000000 0.000000 0.109375 0.258819
0 -7.000000 -61.819253 16.564419 0.000000 -1.000000 0.000000 -0.109375 0.258819
0 -7.000000 -61.819253 -16.564419 0.000000 -1.000000 0.000000 -0.109375 -0.258819
collar_dark
0 7.000000 -61.819253 16.564419 0.000000 -1.000000 0.000000 0.109375 0.258819
0 -7.000000 -61.819253 -16.564419 0.000000 -1.000000 0.000000 -0.109375 -0.258819
0 7.000000 -61.819253 -16.564419 0.000000 -1.000000 0.000000 0.109375 -0.258819
collar_dark
0 7.000000 -61.819253 -16.564419 0.000000 -0.866025 -0.500000 0.109375 -0.258819
0 -7.000000 -61.819253 -16.564419 0.000000 -0.866025 -0.500000 -0.109375 -0.258819
0 -7.000000 -45.254834 -45.254834 0.000000 -0.866025 -0.500000 -0.109375 -0.707107
collar_dark
0 7.000000 -61.819253 -16.564419 0.000000 -0.866025 -0.500000 0.109375 -0.258819
0 -7.000000 -45.254834 -45.254834 0.000000 -0.866025 -0.500000 -0.109375 -0.707107
0 7.000000 -45.254834 -45.254834 0.000000 -0.866025 -0.500000 0.109375 -0.707107
collar_dark
0 7.000000 -45.254834 -45.254834 0.000000 -0.500000 -0.866025 0.109375 -0.707107
0 -7.000000 -45.254834 -45.254834 0.000000 -0.500000 -0.866025 -0.109375 -0.707107
0 -7.000000 -16.564419 -61.819253 0.000000 -0.500000 -0.866025 -0.109375 -0.258819
collar_dark
0 7.000000 -45.254834 -45.254834 0.000000 -0.500000 -0.866025 0.109375 -0.707107
0 -7.000000 -16.564419 -61.819253 0.000000 -0.500000 -0.866025 -0.109375 -0.258819
0 7.000000 -16.564419 -61.819253 0.000000 -0.500000 -0.866025 0.109375 -0.258819
collar_dark
0 7.000000 -16.564419 -61.819253 0.000000 -0.000000 -1.000000 0.109375 -0.258819
0 -7.000000 -16.564419 -61.819253 0.000000 -0.000000 -1.000000 -0.109375 -0.258819
0 -7.000000 16.564419 -61.819253 0.000000 -0.000000 -1.000000 -0.109375 0.258819
collar_dark
0 7.000000 -16.564419 -61.819253 0.000000 -0.000000 -1.000000 0.109375 -0.258819
0 -7.000000 16.564419 -61.819253 0.000000 -0.000000 -1.000000 -0.109375 0.258819
0 7.000000 16.564419 -61.819253 0.000000 -0.000000 -1.000000 0.109375 0.258819
collar_dark
0 7.000000 16.564419 -61.819253 0.000000 0.500000 -0.866025 0.109375 0.258819
0 -7.000000 16.564419 -61.819253 0.000000 0.500000 -0.866025 -0.109375 0.258819
0 -7.000000 45.254834 -45.254834 0.000000 0.500000 -0.866025 -0.109375 0.707107
collar_dark
0 7.000000 16.564419 -61.819253 0.000000 0.500000 -0.866025 0.109375 0.258819
0 -7.000000 45.254834 -45.254834 0.000000 0.500000 -0.866025 -0.109375 0.707107
0 7.000000 45.254834 -45.254834 0.000000 0.500000 -0.866025 0.109375 0.707107
collar_dark
0 7.000000 45.254834 -45.254834 0.000000 0.866025 -0.500000 0.109375 -0.707107
0 -7.000000 45.254834 -45.254834 0.000000 0.866025 -0.500000 -0.109375 -0.707107
0 -7.000000 61.819253 -16.564419 0.000000 0.866025 -0.500000 -0.109375 -0.258819
collar_dark
0 7.000000 45.254834 -45.254834 0.000000 0.866025 -0.500000 0.109375 -0.707107
0 -7.000000 61.819253 -16.564419 0.000000 0.866025 -0.500000 -0.109375 -0.258819
0 7.000000 61.819253 -16.564419 0.000000 0.866025 -0.500000 0.109375 -0.258819
collar_dark
0 7.000000 61.819253 -16.564419 0.000000 1.000000 -0.000000 0.109375 -0.258819
0 -7.000000 61.819253 -16.564419 0.000000 1.000000 -0.000000 -0.109375 -0.258819
0 -7.000000 61.819253 16.564419 0.000000 1.000000 -0.000000 -0.109375 0.258819
collar_dark
0 7.000000 61.819253 -16.564419 0.000000 1.000000 -0.000000 0.109375 -0.258819
0 -7.000000 61.819253 16.564419 0.000000 1.000000 -0.000000 -0.109375 0.258819
0 7.000000 61.819253 16.564419 0.000000 1.000000 -0.000000 0.109375 0.258819
collar_dark
0 -64.000000 -37.800000 -37.800000 -1.000000 0.000000 0.000000 -0.590625 -0.590625
0 -64.000000 -37.800000 -34.200000 -1.000000 0.000000 0.000000 -0.590625 -0.534375
0 -64.000000 -34.200000 -34.200000 -1.000000 0.000000 0.000000 -0.534375 -0.534375
collar_dark
0 -64.000000 -37.800000 -37.800000 -1.000000 0.000000 0.000000 -0.590625 -0.590625
0 -64.000000 -34.200000 -34.200000 -1.000000 0.000000 0.000000 -0.534375 -0.534375
0 -64.000000 -34.200000 -37.800000 -1.000000 0.000000 0.000000 -0.534375 -0.590625
collar_dark
0 64.000000 -37.800000 -37.800000 1.000000 0.000000 0.000000 -0.590625 -0.590625
0 64.000000 -34.200000 -37.800000 1.000000 0.000000 0.000000 -0.534375 -0.590625
0 64.000000 -34.200000 -34.200000 1.000000 0.000000 0.000000 -0.534375 -0.534375
collar_dark
0 64.000000 -37.800000 -37.800000 1.000000 0.000000 0.000000 -0.590625 -0.590625
0 64.000000 -34.200000 -34.200000 1.000000 0.000000 0.000000 -0.534375 -0.534375
0 64.000000 -37.800000 -34.200000 1.000000 0.000000 0.000000 -0.590625 -0.534375
collar_dark
0 -64.000000 -37.800000 -37.800000 0.000000 -1.000000 0.000000 -1.000000 -0.590625
0 64.000000 -37.800000 -37.800000 0.000000 -1.000000 0.000000 1.000000 -0.590625
0 64.000000 -37.800000 -34.200000 0.000000 -1.000000 0.000000 1.000000 -0.534375
collar_dark
0 -64.000000 -37.800000 -37.800000 0.000000 -1.000000 0.000000 -1.000000 -0.590625
0 64.000000 -37.800000 -34.200000 0.000000 -1.000000 0.000000 1.000000 -0.534375
0 -64.000000 -37.800000 -34.200000 0.000000 -1.000000 0.000000 -1.000000 -0.534375
collar_dark
0 -64.000000 -34.200000 -37.800000 0.000000 1.000000 0.000000 -1.000000 -0.590625
0 -64.000000 -34.200000 -34.200000 0.000000 1.000000 0.000000 -1.000000 -0.534375
0 64.000000 -34.200000 -34.200000 0.000000 1.000000 0.000000 1.000000 -0.534375
collar_dark
0 -64.000000 -34.200000 -37.800000 0.000000 1.000000 0.000000 -1.000000 -0.590625
0 64.000000 -34.200000 -34.200000 0.000000 1.000000 0.000000 1.000000 -0.534375
0 64.000000 -34.200000 -37.800000 0.000000 1.000000 0.000000 1.000000 -0.590625
collar_dark
0 -64.000000 -37.800000 -37.800000 0.000000 0.000000 -1.000000 -1.000000 -0.590625
0 -64.000000 -34.200000 -37.800000 0.000000 0.000000 -1.000000 -1.000000 -0.534375
0 64.000000 -34.200000 -37.800000 0.000000 0.000000 -1.000000 1.000000 -0.534375
collar_dark
0 -64.000000 -37.800000 -37.800000 0.000000 0.000000 -1.000000 -1.000000 -0.590625
0 64.000000 -34.200000 -37.800000 0.000000 0.000000 -1.000000 1.000000 -0.534375
0 64.000000 -37.800000 -37.800000 0.000000 0.000000 -1.000000 1.000000 -0.590625
collar_dark
0 -64.000000 -37.800000 -34.200000 0.000000 0.000000 1.000000 -1.000000 -0.590625
0 64.000000 -37.800000 -34.200000 0.000000 0.000000 1.000000 1.000000 -0.590625
0 64.000000 -34.200000 -34.200000 0.000000 0.000000 1.000000 1.000000 -0.534375
collar_dark
0 -64.000000 -37.800000 -34.200000 0.000000 0.000000 1.000000 -1.000000 -0.590625
0 64.000000 -34.200000 -34.200000 0.000000 0.000000 1.000000 1.000000 -0.534375
0 -64.000000 -34.200000 -34.200000 0.000000 0.000000 1.000000 -1.000000 -0.534375
collar_dark
0 -64.000000 -37.800000 34.200000 -1.000000 0.000000 0.000000 -0.590625 0.534375
0 -64.000000 -37.800000 37.800000 -1.000000 0.000000 0.000000 -0.590625 0.590625
0 -64.000000 -34.200000 37.800000 -1.000000 0.000000 0.000000 -0.534375 0.590625
collar_dark
0 -64.000000 -37.800000 34.200000 -1.000000 0.000000 0.000000 -0.590625 0.534375
0 -64.000000 -34.200000 37.800000 -1.000000 0.000000 0.000000 -0.534375 0.590625
0 -64.000000 -34.200000 34.200000 -1.000000 0.000000 0.000000 -0.534375 0.534375
collar_dark
0 64.000000 -37.800000 34.200000 1.000000 0.000000 0.000000 -0.590625 0.534375
0 64.000000 -34.200000 34.200000 1.000000 0.000000 0.000000 -0.534375 0.534375
0 64.000000 -34.200000 37.800000 1.000000 0.000000 0.000000 -0.534375 0.590625
collar_dark
0 64.000000 -37.800000 34.200000 1.000000 0.000000 0.000000 -0.590625 0.534375
0 64.000000 -34.200000 37.800000 1.000000 0.000000 0.000000 -0.534375 0.590625
0 64.000000 -37.800000 37.800000 1.000000 0.000000 0.000000 -0.590625 0.590625
collar_dark
0 -64.000000 -37.800000 34.200000 0.000000 -1.000000 0.000000 -1.000000 0.534375
0 64.000000 -37.800000 34.200000 0.000000 -1.000000 0.000000 1.000000 0.534375
0 64.000000 -37.800000 37.800000 0.000000 -1.000000 0.000000 1.000000 0.590625
collar_dark
0 -64.000000 -37.800000 34.200000 0.000000 -1.000000 0.000000 -1.000000 0.534375
0 64.000000 -37.800000 37.800000 0.000000 -1.000000 0.000000 1.000000 0.590625
0 -64.000000 -37.800000 37.800000 0.000000 -1.000000 0.000000 -1.000000 0.590625
collar_dark
0 -64.000000 -34.200000 34.200000 0.000000 1.000000 0.000000 -1.000000 0.534375
0 -64.000000 -34.200000 37.800000 0.000000 1.000000 0.000000 -1.000000 0.590625
0 64.000000 -34.200000 37.800000 0.000000 1.000000 0.000000 1.000000 0.590625
collar_dark
0 -64.000000 -34.200000 34.200000 0.000000 1.000000 0.000000 -1.000000 0.534375
0 64.000000 -34.200000 37.800000 0.000000 1.000000 0.000000 1.000000 0.590625
0 64.000000 -34.200000 34.200000 0.000000 1.000000 0.000000 1.000000 0.534375
collar_dark
0 -64.000000 -37.800000 34.200000 0.000000 0.000000 -1.000000 -1.000000 -0.590625
0 -64.000000 -34.200000 34.200000 0.000000 0.000000 -1.000000 -1.000000 -0.534375
0 64.000000 -34.200000 34.200000 0.000000 0.000000 -1.000000 1.000000 -0.534375
collar_dark
0 -64.000000 -37.800000 34.200000 0.000000 0.000000 -1.000000 -1.000000 -0.590625
0 64.000000 -34.200000 34.200000 0.000000 0.000000 -1.000000 1.000000 -0.534375
0 64.000000 -37.800000 34.200000 0.000000 0.000000 -1.000000 1.000000 -0.590625
collar_dark
0 -64.000000 -37.800000 37.800000 0.000000 0.000000 1.000000 -1.000000 -0.590625
0 64.000000 -37.800000 37.800000 0.000000 0.000000 1.000000 1.000000 -0.590625
0 64.000000 -34.200000 37.800000 0.000000 0.000000 1.000000 1.000000 -0.534375
collar_dark
0 -64.000000 -37.800000 37.800000 0.000000 0.000000 1.000000 -1.000000 -0.590625
0 64.000000 -34.200000 37.800000 0.000000 0.000000 1.000000 1.000000 -0.534375
0 -64.000000 -34.200000 37.800000 0.000000 0.000000 1.000000 -1.000000 -0.534375
collar_dark
0 -64.000000 34.200000 -37.800000 -1.000000 0.000000 0.000000 0.534375 -0.590625
0 -64.000000 34.200000 -34.200000 -1.000000 0.000000 0.000000 0.534375 -0.534375
0 -64.000000 37.800000 -34.200000 -1.000000 0.000000 0.000000 0.590625 -0.534375
collar_dark
0 -64.000000 34.200000 -37.800000 -1.000000 0.000000 0.000000 0.534375 -0.590625
0 -64.000000 37.800000 -34.200000 -1.000000 0.000000 0.000000 0.590625 -0.534375
0 -64.000000 37.800000 -37.800000 -1.000000 0.000000 0.000000 0.590625 -0.590625
collar_dark
0 64.000000 34.200000 -37.800000 1.000000 0.000000 0.000000 0.534375 -0.590625
0 64.000000 37.800000 -37.800000 1.000000 0.000000 0.000000 0.590625 -0.590625
0 64.000000 37.800000 -34.200000 1.000000 0.000000 0.000000 0.590625 -0.534375
collar_dark
0 64.000000 34.200000 -37.800000 1.000000 0.000000 0.000000 0.534375 -0.590625
0 64.000000 37.800000 -34.200000 1.000000 0.000000 0.000000 0.590625 -0.534375
0 64.000000 34.200000 -34.200000 1.000000 0.000000 0.000000 0.534375 -0.534375
collar_dark
0 -64.000000 34.200000 -37.800000 0.000000 -1.000000 0.000000 -1.000000 -0.590625
0 64.000000 34.200000 -37.800000 0.000000 -1.000000 0.000000 1.000000 -0.590625
0 64.000000 34.200000 -34.200000 0.000000 -1.000000 0.000000 1.000000 -0.534375
collar_dark
0 -64.000000 34.200000 -37.800000 0.000000 -1.000000 0.000000 -1.000000 -0.590625
0 64.000000 34.200000 -34.200000 0.000000 -1.000000 0.000000 1.000000 -0.534375
0 -64.000000 34.200000 -34.200000 0.000000 -1.000000 0.000000 -1.000000 -0.534375
collar_dark
0 -64.000000 37.800000 -37.800000 0.000000 1.000000 0.000000 -1.000000 -0.590625
0 -64.000000 37.800000 -34.200000 0.000000 1.000000 0.000000 -1.000000 -0.534375
0 64.000000 37.800000 -34.200000 0.000000 1.000000 0.000000 1.000000 -0.534375
collar_dark
0 -64.000000 37.800000 -37.800000 0.000000 1.000000 0.000000 -1.000000 -0.590625
0 64.000000 37.800000 -34.200000 0.000000 1.000000 0.000000 1.000000 -0.534375
0 64.000000 37.800000 -37.800000 0.000000 1.000000 0.000000 1.000000 -0.590625
collar_dark
0 -64.000000 34.200000 -37.800000 0.000000 0.000000 -1.000000 -1.000000 0.534375
0 -64.000000 37.800000 -37.800000 0.000000 0.000000 -1.000000 -1.000000 0.590625
0 64.000000 37.800000 -37.800000 0.000000 0.000000 -1.000000 1.000000 0.590625
collar_dark
0 -64.000000 34.200000 -37.800000 0.000000 0.000000 -1.000000 -1.000000 0.534375
0 64.000000 37.800000 -37.800000 0.000000 0.000000 -1.000000 1.000000 0.590625
0 64.000000 34.200000 -37.800000 0.000000 0.000000 -1.000000 1.000000 0.534375
collar_dark
0 -64.000000 34.200000 -34.200000 0.000000 0.000000 1.000000 -1.000000 0.534375
0 64.000000 34.200000 -34.200000 0.000000 0.000000 1.000000 1.000000 0.534375
0 64.000000 37.800000 -34.200000 0.000000 0.000000 1.000000 1.000000 0.590625
collar_dark
0 -64.000000 34.200000 -34.200000 0.000000 0.000000 1.000000 -1.000000 0.534375
0 64.000000 37.800000 -34.200000 0.000000 0.000000 1.000000 1.000000 0.590625
0 -64.000000 37.800000 -34.200000 0.000000 0.000000 1.000000 -1.000000 0.590625
collar_dark
0 -64.000000 34.200000 34.200000 -1.000000 0.000000 0.000000 0.534375 0.534375
0 -64.000000 34.200000 37.800000 -1.000000 0.000000 0.000000 0.534375 0.590625
0 -64.000000 37.800000 37.800000 -1.000000 0.000000 0.000000 0.590625 0.590625
collar_dark
0 -64.000000 34.200000 34.200000 -1.000000 0.000000 0.000000 0.534375 0.534375
0 -64.000000 37.800000 37.800000 -1.000000 0.000000 0.000000 0.590625 0.590625
0 -64.000000 37.800000 34.200000 -1.000000 0.000000 0.000000 0.590625 0.534375
collar_dark
0 64.000000 34.200000 34.200000 1.000000 0.000000 0.000000 0.534375 0.534375
0 64.000000 37.800000 34.200000 1.000000 0.000000 0.000000 0.590625 0.534375
0 64.000000 37.800000 37.800000 1.000000 0.000000 0.000000 0.590625 0.590625
collar_dark
0 64.000000 34.200000 34.200000 1.000000 0.000000 0.000000 0.534375 0.534375
0 64.000000 37.800000 37.800000 1.000000 0.000000 0.000000 0.590625 0.590625
0 64.000000 34.200000 37.800000 1.000000 0.000000 0.000000 0.534375 0.590625
collar_dark
0 -64.000000 34.200000 34.200000 0.000000 -1.000000 0.000000 -1.000000 0.534375
0 64.000000 34.200000 34.200000 0.000000 -1.000000 0.000000 1.000000 0.534375
0 64.000000 34.200000 37.800000 0.000000 -1.000000 0.000000 1.000000 0.590625
collar_dark
0 -64.000000 34.200000 34.200000 0.000000 -1.000000 0.000000 -1.000000 0.534375
0 64.000000 34.200000 37.800000 0.000000 -1.000000 0.000000 1.000000 0.590625
0 -64.000000 34.200000 37.800000 0.000000 -1.000000 0.000000 -1.000000 0.590625
collar_dark
0 -64.000000 37.800000 34.200000 0.000000 1.000000 0.000000 -1.000000 0.534375
0 -64.000000 37.800000 37.800000 0.000000 1.000000 0.000000 -1.000000 0.590625
0 64.000000 37.800000 37.800000 0.000000 1.000000 0.000000 1.000000 0.590625
collar_dark
0 -64.000000 37.800000 34.200000 0.000000 1.000000 0.000000 -1.000000 0.534375
0 64.000000 37.800000 37.800000 0.000000 1.000000 0.000000 1.000000 0.590625
0 64.000000 37.800000 34.200000 0.000000 1.000000 0.000000 1.000000 0.534375
collar_dark
0 -64.000000 34.200000 34.200000 0.000000 0.000000 -1.000000 -1.000000 0.534375
0 -64.000000 37.800000 34.200000 0.000000 0.000000 -1.000000 -1.000000 0.590625
0 64.000000 37.800000 34.200000 0.000000 0.000000 -1.000000 1.000000 0.590625
collar_dark
0 -64.000000 34.200000 34.200000 0.000000 0.000000 -1.000000 -1.000000 0.534375
0 64.000000 37.800000 34.200000 0.000000 0.000000 -1.000000 1.000000 0.590625
0 64.000000 34.200000 34.200000 0.000000 0.000000 -1.000000 1.000000 0.534375
collar_dark
0 -64.000000 34.200000 37.800000 0.000000 0.000000 1.000000 -1.000000 0.534375
0 64.000000 34.200000 37.800000 0.000000 0.000000 1.000000 1.000000 0.534375
0 64.000000 37.800000 37.800000 0.000000 0.000000 1.000000 1.000000 0.590625
collar_dark
0 -64.000000 34.200000 37.800000 0.000000 0.000000 1.000000 -1.000000 0.534375
0 64.000000 37.800000 37.800000 0.000000 0.000000 1.000000 1.000000 0.590625
0 -64.000000 37.800000 37.800000 0.000000 0.000000 1.000000 -1.000000 0.590625
end