version 1
nodes
0 "root" -1
end
skeleton
time 0
0 0 0 0 0 0 0
end
triangles
collar_orange
0 -135.000000 61.819253 16.564419 -1.000000 0.000000 0.000000 0.965926 0.258819
0 -135.000000 54.091846 14.493867 -1.000000 0.000000 0.000000 0.845185 0.226467
0 -135.000000 39.597980 39.597980 -1.000000 0.000000 0.000000 0.618718 0.618718
collar_orange
0 -135.000000 61.819253 16.564419 -1.000000 0.000000 0.000000 0.965926 0.258819
0 -135.000000 39.597980 39.597980 -1.000000 0.000000 0.000000 0.618718 0.618718
0 -135.000000 45.254834 45.254834 -1.000000 0.000000 0.000000 0.707107 0.707107
collar_orange
0 -135.000000 45.254834 45.254834 -1.000000 0.000000 0.000000 0.707107 0.707107
0 -135.000000 39.597980 39.597980 -1.000000 0.000000 0.000000 0.618718 0.618718
0 -135.000000 14.493867 54.091846 -1.000000 0.000000 0.000000 0.226467 0.845185
collar_orange
0 -135.000000 45.254834 45.254834 -1.000000 0.000000 0.000000 0.707107 0.707107
0 -135.000000 14.493867 54.091846 -1.000000 0.000000 0.000000 0.226467 0.845185
0 -135.000000 16.564419 61.819253 -1.000000 0.000000 0.000000 0.258819 0.965926
collar_orange
0 -135.000000 16.564419 61.819253 -1.000000 0.000000 0.000000 0.258819 0.965926
0 -135.000000 14.493867 54.091846 -1.000000 0.000000 0.000000 0.226467 0.845185
0 -135.000000 -14.493867 54.091846 -1.000000 0.000000 0.000000 -0.226467 0.845185
collar_orange
0 -135.000000 16.564419 61.819253 -1.000000 0.000000 0.000000 0.258819 0.965926
0 -135.000000 -14.493867 54.091846 -1.000000 0.000000 0.000000 -0.226467 0.845185
0 -135.000000 -16.564419 61.819253 -1.000000 0.000000 0.000000 -0.258819 0.965926
collar_orange
0 -135.000000 -16.564419 61.819253 -1.000000 0.000000 0.000000 -0.258819 0.965926
0 -135.000000 -14.493867 54.091846 -1.000000 0.000000 0.000000 -0.226467 0.845185
0 -135.000000 -39.597980 39.597980 -1.000000 0.000000 0.000000 -0.618718 0.618718
collar_orange
0 -135.000000 -16.564419 61.819253 -1.000000 0.000000 0.000000 -0.258819 0.965926
0 -135.000000 -39.597980 39.597980 -1.000000 0.000000 0.000000 -0.618718 0.618718
0 -135.000000 -45.254834 45.254834 -1.000000 0.000000 0.000000 -0.707107 0.707107
collar_orange
0 -135.000000 -45.254834 45.254834 -1.000000 0.000000 0.000000 -0.707107 0.707107
0 -135.000000 -39.597980 39.597980 -1.000000 0.000000 0.000000 -0.618718 0.618718
0 -135.000000 -54.091846 14.493867 -1.000000 0.000000 0.000000 -0.845185 0.226467
collar_orange
0 -135.000000 -45.254834 45.254834 -1.000000 0.000000 0.000000 -0.707107 0.707107
0 -135.000000 -54.091846 14.493867 -1.000000 0.000000 0.000000 -0.845185 0.226467
0 -135.000000 -61.819253 16.564419 -1.000000 0.000000 0.000000 -0.965926 0.258819
collar_orange
0 -135.000000 -61.819253 16.564419 -1.000000 0.000000 0.000000 -0.965926 0.258819
0 -135.000000 -54.091846 14.493867 -1.000000 0.000000 0.000000 -0.845185 0.226467
0 -135.000000 -54.091846 -14.493867 -1.000000 0.000000 0.000000 -0.845185 -0.226467
collar_orange
0 -135.000000 -61.819253 16.564419 -1.000000 0.000000 0.000000 -0.965926 0.258819
0 -135.000000 -54.091846 -14.493867 -1.000000 0.000000 0.000000 -0.845185 -0.226467
0 -135.000000 -61.819253 -16.564419 -1.000000 0.000000 0.000000 -0.965926 -0.258819
collar_orange
0 -135.000000 -61.819253 -16.564419 -1.000000 0.000000 0.000000 -0.965926 -0.258819
0 -135.000000 -54.091846 -14.493867 -1.000000 0.000000 0.000000 -0.845185 -0.226467
0 -135.000000 -39.597980 -39.597980 -1.000000 0.000000 0.000000 -0.618718 -0.618718
collar_orange
0 -135.000000 -61.819253 -16.564419 -1.000000 0.000000 0.000000 -0.965926 -0.258819
0 -135.000000 -39.597980 -39.597980 -1.000000 0.000000 0.000000 -0.618718 -0.618718
0 -135.000000 -45.254834 -45.254834 -1.000000 0.000000 0.000000 -0.707107 -0.707107
collar_orange
0 -135.000000 -45.254834 -45.254834 -1.000000 0.000000 0.000000 -0.707107 -0.707107
0 -135.000000 -39.597980 -39.597980 -1.000000 0.000000 0.000000 -0.618718 -0.618718
0 -135.000000 -14.493867 -54.091846 -1.000000 0.000000 0.000000 -0.226467 -0.845185
collar_orange
0 -135.000000 -45.254834 -45.254834 -1.000000 0.000000 0.000000 -0.707107 -0.707107
0 -135.000000 -14.493867 -54.091846 -1.000000 0.000000 0.000000 -0.226467 -0.845185
0 -135.000000 -16.564419 -61.819253 -1.000000 0.000000 0.000000 -0.258819 -0.965926
collar_orange
0 -135.000000 -16.564419 -61.819253 -1.000000 0.000000 0.000000 -0.258819 -0.965926
0 -135.000000 -14.493867 -54.091846 -1.000000 0.000000 0.000000 -0.226467 -0.845185
0 -135.000000 14.493867 -54.091846 -1.000000 0.000000 0.000000 0.226467 -0.845185
collar_orange
0 -135.000000 -16.564419 -61.819253 -1.000000 0.000000 0.000000 -0.258819 -0.965926
0 -135.000000 14.493867 -54.091846 -1.000000 0.000000 0.000000 0.226467 -0.845185
0 -135.000000 16.564419 -61.819253 -1.000000 0.000000 0.000000 0.258819 -0.965926
collar_orange
0 -135.000000 16.564419 -61.819253 -1.000000 0.000000 0.000000 0.258819 -0.965926
0 -135.000000 14.493867 -54.091846 -1.000000 0.000000 0.000000 0.226467 -0.845185
0 -135.000000 39.597980 -39.597980 -1.000000 0.000000 0.000000 0.618718 -0.618718
collar_orange
0 -135.000000 16.564419 -61.819253 -1.000000 0.000000 0.000000 0.258819 -0.965926
0 -135.000000 39.597980 -39.597980 -1.000000 0.000000 0.000000 0.618718 -0.618718
0 -135.000000 45.254834 -45.254834 -1.000000 0.000000 0.000000 0.707107 -0.707107
collar_orange
0 -135.000000 45.254834 -45.254834 -1.000000 0.000000 0.000000 0.707107 -0.707107
0 -135.000000 39.597980 -39.597980 -1.000000 0.000000 0.000000 0.618718 -0.618718
0 -135.000000 54.091846 -14.493867 -1.000000 0.000000 0.000000 0.845185 -0.226467
collar_orange
0 -135.000000 45.254834 -45.254834 -1.000000 0.000000 0.000000 0.707107 -0.707107
0 -135.000000 54.091846 -14.493867 -1.000000 0.000000 0.000000 0.845185 -0.226467
0 -135.000000 61.819253 -16.564419 -1.000000 0.000000 0.000000 0.965926 -0.258819
collar_orange
0 -135.000000 61.819253 -16.564419 -1.000000 0.000000 0.000000 0.965926 -0.258819
0 -135.000000 54.091846 -14.493867 -1.000000 0.000000 0.000000 0.845185 -0.226467
0 -135.000000 54.091846 14.493867 -1.000000 0.000000 0.000000 0.845185 0.226467
collar_orange
0 -135.000000 61.819253 -16.564419 -1.000000 0.000000 0.000000 0.965926 -0.258819
0 -135.000000 54.091846 14.493867 -1.000000 0.000000 0.000000 0.845185 0.226467
0 -135.000000 61.819253 16.564419 -1.000000 0.000000 0.000000 0.965926 0.258819
collar_bevel
0 -135.000000 54.091846 14.493867 -0.234734 0.841828 0.486030 -2.109375 0.226467
0 -137.000000 53.608883 14.364457 -0.234734 0.841828 0.486030 -2.140625 0.224445
0 -137.000000 39.244426 39.244426 -0.234734 0.841828 0.486030 -2.140625 0.613194
collar_bevel
0 -135.000000 54.091846 14.493867 -0.234734 0.841828 0.486030 -2.109375 0.226467
0 -137.000000 39.244426 39.244426 -0.234734 0.841828 0.486030 -2.140625 0.613194
0 -135.000000 39.597980 39.597980 -0.234734 0.841828 0.486030 -2.109375 0.618718
collar_bevel
0 -135.000000 39.597980 39.597980 -0.234734 0.486030 0.841828 -2.109375 0.618718
0 -137.000000 39.244426 39.244426 -0.234734 0.486030 0.841828 -2.140625 0.613194
0 -137.000000 14.364457 53.608883 -0.234734 0.486030 0.841828 -2.140625 0.224445
collar_bevel
0 -135.000000 39.597980 39.597980 -0.234734 0.486030 0.841828 -2.109375 0.618718
0 -137.000000 14.364457 53.608883 -0.234734 0.486030 0.841828 -2.140625 0.224445
0 -135.000000 14.493867 54.091846 -0.234734 0.486030 0.841828 -2.109375 0.226467
collar_bevel
0 -135.000000 14.493867 54.091846 -0.234734 0.000000 0.972060 -2.109375 0.226467
0 -137.000000 14.364457 53.608883 -0.234734 0.000000 0.972060 -2.140625 0.224445
0 -137.000000 -14.364457 53.608883 -0.234734 0.000000 0.972060 -2.140625 -0.224445
collar_bevel
0 -135.000000 14.493867 54.091846 -0.234734 0.000000 0.972060 -2.109375 0.226467
0 -137.000000 -14.364457 53.608883 -0.234734 0.000000 0.972060 -2.140625 -0.224445
0 -135.000000 -14.493867 54.091846 -0.234734 0.000000 0.972060 -2.109375 -0.226467
collar_bevel
0 -135.000000 -14.493867 54.091846 -0.234734 -0.486030 0.841828 -2.109375 -0.226467
0 -137.000000 -14.364457 53.608883 -0.234734 -0.486030 0.841828 -2.140625 -0.224445
0 -137.000000 -39.244426 39.244426 -0.234734 -0.486030 0.841828 -2.140625 -0.613194
collar_bevel
0 -135.000000 -14.493867 54.091846 -0.234734 -0.486030 0.841828 -2.109375 -0.226467
0 -137.000000 -39.244426 39.244426 -0.234734 -0.486030 0.841828 -2.140625 -0.613194
0 -135.000000 -39.597980 39.597980 -0.234734 -0.486030 0.841828 -2.109375 -0.618718
collar_bevel
0 -135.000000 -39.597980 39.597980 -0.234734 -0.841828 0.486030 -2.109375 0.618718
0 -137.000000 -39.244426 39.244426 -0.234734 -0.841828 0.486030 -2.140625 0.613194
0 -137.000000 -53.608883 14.364457 -0.234734 -0.841828 0.486030 -2.140625 0.224445
collar_bevel
0 -135.000000 -39.597980 39.597980 -0.234734 -0.841828 0.486030 -2.109375 0.618718
0 -137.000000 -53.608883 14.364457 -0.234734 -0.841828 0.486030 -2.140625 0.224445
0 -135.000000 -54.091846 14.493867 -0.234734 -0.841828 0.486030 -2.109375 0.226467
collar_bevel
0 -135.000000 -54.091846 14.493867 -0.234734 -0.972060 0.000000 -2.109375 0.226467
0 -137.000000 -53.608883 14.364457 -0.234734 -0.972060 0.000000 -2.140625 0.224445
0 -137.000000 -53.608883 -14.364457 -0.234734 -0.972060 0.000000 -2.140625 -0.224445
collar_bevel
0 -135.000000 -54.091846 14.493867 -0.234734 -0.972060 0.000000 -2.109375 0.226467
0 -137.000000 -53.608883 -14.364457 -0.234734 -0.972060 0.000000 -2.140625 -0.224445
0 -135.000000 -54.091846 -14.493867 -0.234734 -0.972060 0.000000 -2.109375 -0.226467
collar_bevel
0 -135.000000 -54.091846 -14.493867 -0.234734 -0.841828 -0.486030 -2.109375 -0.226467
0 -137.000000 -53.608883 -14.364457 -0.234734 -0.841828 -0.486030 -2.140625 -0.224445
0 -137.000000 -39.244426 -39.244426 -0.234734 -0.841828 -0.486030 -2.140625 -0.613194
collar_bevel
0 -135.000000 -54.091846 -14.493867 -0.234734 -0.841828 -0.486030 -2.109375 -0.226467
0 -137.000000 -39.244426 -39.244426 -0.234734 -0.841828 -0.486030 -2.140625 -0.613194
0 -135.000000 -39.597980 -39.597980 -0.234734 -0.841828 -0.486030 -2.109375 -0.618718
collar_bevel
0 -135.000000 -39.597980 -39.597980 -0.234734 -0.486030 -0.841828 -2.109375 -0.618718
0 -137.000000 -39.244426 -39.244426 -0.234734 -0.486030 -0.841828 -2.140625 -0.613194
0 -137.000000 -14.364457 -53.608883 -0.234734 -0.486030 -0.841828 -2.140625 -0.224445
collar_bevel
0 -135.000000 -39.597980 -39.597980 -0.234734 -0.486030 -0.841828 -2.109375 -0.618718
0 -137.000000 -14.364457 -53.608883 -0.234734 -0.486030 -0.841828 -2.140625 -0.224445
0 -135.000000 -14.493867 -54.091846 -0.234734 -0.486030 -0.841828 -2.109375 -0.226467
collar_bevel
0 -135.000000 -14.493867 -54.091846 -0.234734 -0.000000 -0.972060 -2.109375 -0.226467
0 -137.000000 -14.364457 -53.608883 -0.234734 -0.000000 -0.972060 -2.140625 -0.224445
0 -137.000000 14.364457 -53.608883 -0.234734 -0.000000 -0.972060 -2.140625 0.224445
collar_bevel
0 -135.000000 -14.493867 -54.091846 -0.234734 -0.000000 -0.972060 -2.109375 -0.226467
0 -137.000000 14.364457 -53.608883 -0.234734 -0.000000 -0.972060 -2.140625 0.224445
0 -135.000000 14.493867 -54.091846 -0.234734 -0.000000 -0.972060 -2.109375 0.226467
collar_bevel
0 -135.000000 14.493867 -54.091846 -0.234734 0.486030 -0.841828 -2.109375 0.226467
0 -137.000000 14.364457 -53.608883 -0.234734 0.486030 -0.841828 -2.140625 0.224445
0 -137.000000 39.244426 -39.244426 -0.234734 0.486030 -0.841828 -2.140625 0.613194
collar_bevel
0 -135.000000 14.493867 -54.091846 -0.234734 0.486030 -0.841828 -2.109375 0.226467
0 -137.000000 39.244426 -39.244426 -0.234734 0.486030 -0.841828 -2.140625 0.613194
0 -135.000000 39.597980 -39.597980 -0.234734 0.486030 -0.841828 -2.109375 0.618718
collar_bevel
0 -135.000000 39.597980 -39.597980 -0.234734 0.841828 -0.486030 -2.109375 -0.618718
0 -137.000000 39.244426 -39.244426 -0.234734 0.841828 -0.486030 -2.140625 -0.613194
0 -137.000000 53.608883 -14.364457 -0.234734 0.841828 -0.486030 -2.140625 -0.224445
collar_bevel
0 -135.000000 39.597980 -39.597980 -0.234734 0.841828 -0.486030 -2.109375 -0.618718
0 -137.000000 53.608883 -14.364457 -0.234734 0.841828 -0.486030 -2.140625 -0.224445
0 -135.000000 54.091846 -14.493867 -0.234734 0.841828 -0.486030 -2.109375 -0.226467
collar_bevel
0 -135.000000 54.091846 -14.493867 -0.234734 0.972060 -0.000000 -2.109375 -0.226467
0 -137.000000 53.608883 -14.364457 -0.234734 0.972060 -0.000000 -2.140625 -0.224445
0 -137.000000 53.608883 14.364457 -0.234734 0.972060 -0.000000 -2.140625 0.224445
collar_bevel
0 -135.000000 54.091846 -14.493867 -0.234734 0.972060 -0.000000 -2.109375 -0.226467
0 -137.000000 53.608883 14.364457 -0.234734 0.972060 -0.000000 -2.140625 0.224445
0 -135.000000 54.091846 14.493867 -0.234734 0.972060 -0.000000 -2.109375 0.226467
collar_bevel
0 -137.000000 53.608883 14.364457 -1.000000 0.000000 0.000000 0.837639 0.224445
0 -137.000000 51.966809 13.924465 -1.000000 0.000000 0.000000 0.811981 0.217570
0 -137.000000 38.042345 38.042345 -1.000000 0.000000 0.000000 0.594412 0.594412
collar_bevel
0 -137.000000 53.608883 14.364457 -1.000000 0.000000 0.000000 0.837639 0.224445
0 -137.000000 38.042345 38.042345 -1.000000 0.000000 0.000000 0.594412 0.594412
0 -137.000000 39.244426 39.244426 -1.000000 0.000000 0.000000 0.613194 0.613194
collar_bevel
0 -137.000000 39.244426 39.244426 -1.000000 0.000000 0.000000 0.613194 0.613194
0 -137.000000 38.042345 38.042345 -1.000000 0.000000 0.000000 0.594412 0.594412
0 -137.000000 13.924465 51.966809 -1.000000 0.000000 0.000000 0.217570 0.811981
collar_bevel
0 -137.000000 39.244426 39.244426 -1.000000 0.000000 0.000000 0.613194 0.613194
0 -137.000000 13.924465 51.966809 -1.000000 0.000000 0.000000 0.217570 0.811981
0 -137.000000 14.364457 53.608883 -1.000000 0.000000 0.000000 0.224445 0.837639
collar_bevel
0 -137.000000 14.364457 53.608883 -1.000000 0.000000 0.000000 0.224445 0.837639
0 -137.000000 13.924465 51.966809 -1.000000 0.000000 0.000000 0.217570 0.811981
0 -137.000000 -13.924465 51.966809 -1.000000 0.000000 0.000000 -0.217570 0.811981
collar_bevel
0 -137.000000 14.364457 53.608883 -1.000000 0.000000 0.000000 0.224445 0.837639
0 -137.000000 -13.924465 51.966809 -1.000000 0.000000 0.000000 -0.217570 0.811981
0 -137.000000 -14.364457 53.608883 -1.000000 0.000000 0.000000 -0.224445 0.837639
collar_bevel
0 -137.000000 -14.364457 53.608883 -1.000000 0.000000 0.000000 -0.224445 0.837639
0 -137.000000 -13.924465 51.966809 -1.000000 0.000000 0.000000 -0.217570 0.811981
0 -137.000000 -38.042345 38.042345 -1.000000 0.000000 0.000000 -0.594412 0.594412
collar_bevel
0 -137.000000 -14.364457 53.608883 -1.000000 0.000000 0.000000 -0.224445 0.837639
0 -137.000000 -38.042345 38.042345 -1.000000 0.000000 0.000000 -0.594412 0.594412
0 -137.000000 -39.244426 39.244426 -1.000000 0.000000 0.000000 -0.613194 0.613194
collar_bevel
0 -137.000000 -39.244426 39.244426 -1.000000 0.000000 0.000000 -0.613194 0.613194
0 -137.000000 -38.042345 38.042345 -1.000000 0.000000 0.000000 -0.594412 0.594412
0 -137.000000 -51.966809 13.924465 -1.000000 0.000000 0.000000 -0.811981 0.217570
collar_bevel
0 -137.000000 -39.244426 39.244426 -1.000000 0.000000 0.000000 -0.613194 0.613194
0 -137.000000 -51.966809 13.924465 -1.000000 0.000000 0.000000 -0.811981 0.217570
0 -137.000000 -53.608883 14.364457 -1.000000 0.000000 0.000000 -0.837639 0.224445
collar_bevel
0 -137.000000 -53.608883 14.364457 -1.000000 0.000000 0.000000 -0.837639 0.224445
0 -137.000000 -51.966809 13.924465 -1.000000 0.000000 0.000000 -0.811981 0.217570
0 -137.000000 -51.966809 -13.924465 -1.000000 0.000000 0.000000 -0.811981 -0.217570
collar_bevel
0 -137.000000 -53.608883 14.364457 -1.000000 0.000000 0.000000 -0.837639 0.224445
0 -137.000000 -51.966809 -13.924465 -1.000000 0.000000 0.000000 -0.811981 -0.217570
0 -137.000000 -53.608883 -14.364457 -1.000000 0.000000 0.000000 -0.837639 -0.224445
collar_bevel
0 -137.000000 -53.608883 -14.364457 -1.000000 0.000000 0.000000 -0.837639 -0.224445
0 -137.000000 -51.966809 -13.924465 -1.000000 0.000000 0.000000 -0.811981 -0.217570
0 -137.000000 -38.042345 -38.042345 -1.000000 0.000000 0.000000 -0.594412 -0.594412
collar_bevel
0 -137.000000 -53.608883 -14.364457 -1.000000 0.000000 0.000000 -0.837639 -0.224445
0 -137.000000 -38.042345 -38.042345 -1.000000 0.000000 0.000000 -0.594412 -0.594412
0 -137.000000 -39.244426 -39.244426 -1.000000 0.000000 0.000000 -0.613194 -0.613194
collar_bevel
0 -137.000000 -39.244426 -39.244426 -1.000000 0.000000 0.000000 -0.613194 -0.613194
0 -137.000000 -38.042345 -38.042345 -1.000000 0.000000 0.000000 -0.594412 -0.594412
0 -137.000000 -13.924465 -51.966809 -1.000000 0.000000 0.000000 -0.217570 -0.811981
collar_bevel
0 -137.000000 -39.244426 -39.244426 -1.000000 0.000000 0.000000 -0.613194 -0.613194
0 -137.000000 -13.924465 -51.966809 -1.000000 0.000000 0.000000 -0.217570 -0.811981
0 -137.000000 -14.364457 -53.608883 -1.000000 0.000000 0.000000 -0.224445 -0.837639
collar_bevel
0 -137.000000 -14.364457 -53.608883 -1.000000 0.000000 0.000000 -0.224445 -0.837639
0 -137.000000 -13.924465 -51.966809 -1.000000 0.000000 0.000000 -0.217570 -0.811981
0 -137.000000 13.924465 -51.966809 -1.000000 0.000000 0.000000 0.217570 -0.811981
collar_bevel
0 -137.000000 -14.364457 -53.608883 -1.000000 0.000000 0.000000 -0.224445 -0.837639
0 -137.000000 13.924465 -51.966809 -1.000000 0.000000 0.000000 0.217570 -0.811981
0 -137.000000 14.364457 -53.608883 -1.000000 0.000000 0.000000 0.224445 -0.837639
collar_bevel
0 -137.000000 14.364457 -53.608883 -1.000000 0.000000 0.000000 0.224445 -0.837639
0 -137.000000 13.924465 -51.966809 -1.000000 0.000000 0.000000 0.217570 -0.811981
0 -137.000000 38.042345 -38.042345 -1.000000 0.000000 0.000000 0.594412 -0.594412
collar_bevel
0 -137.000000 14.364457 -53.608883 -1.000000 0.000000 0.000000 0.224445 -0.837639
0 -137.000000 38.042345 -38.042345 -1.000000 0.000000 0.000000 0.594412 -0.594412
0 -137.000000 39.244426 -39.244426 -1.000000 0.000000 0.000000 0.613194 -0.613194
collar_bevel
0 -137.000000 39.244426 -39.244426 -1.000000 0.000000 0.000000 0.613194 -0.613194
0 -137.000000 38.042345 -38.042345 -1.000000 0.000000 0.000000 0.594412 -0.594412
0 -137.000000 51.966809 -13.924465 -1.000000 0.000000 0.000000 0.811981 -0.217570
collar_bevel
0 -137.000000 39.244426 -39.244426 -1.000000 0.000000 0.000000 0.613194 -0.613194
0 -137.000000 51.966809 -13.924465 -1.000000 0.000000 0.000000 0.811981 -0.217570
0 -137.000000 53.608883 -14.364457 -1.000000 0.000000 0.000000 0.837639 -0.224445
collar_bevel
0 -137.000000 53.608883 -14.364457 -1.000000 0.000000 0.000000 0.837639 -0.224445
0 -137.000000 51.966809 -13.924465 -1.000000 0.000000 0.000000 0.811981 -0.217570
0 -137.000000 51.966809 13.924465 -1.000000 0.000000 0.000000 0.811981 0.217570
collar_bevel
0 -137.000000 53.608883 -14.364457 -1.000000 0.000000 0.000000 0.837639 -0.224445
0 -137.000000 51.966809 13.924465 -1.000000 0.000000 0.000000 0.811981 0.217570
0 -137.000000 53.608883 14.364457 -1.000000 0.000000 0.000000 0.837639 0.224445
collar_bevel
0 -137.000000 51.966809 13.924465 -0.541408 0.728120 0.420380 -2.140625 0.217570
0 -138.200000 51.194069 13.717409 -0.541408 0.728120 0.420380 -2.159375 0.214335
0 -138.200000 37.476659 37.476659 -0.541408 0.728120 0.420380 -2.159375 0.585573
collar_bevel
0 -137.000000 51.966809 13.924465 -0.541408 0.728120 0.420380 -2.140625 0.217570
0 -138.200000 37.476659 37.476659 -0.541408 0.728120 0.420380 -2.159375 0.585573
0 -137.000000 38.042345 38.042345 -0.541408 0.728120 0.420380 -2.140625 0.594412
collar_bevel
0 -137.000000 38.042345 38.042345 -0.541408 0.420380 0.728120 -2.140625 0.594412
0 -138.200000 37.476659 37.476659 -0.541408 0.420380 0.728120 -2.159375 0.585573
0 -138.200000 13.717409 51.194069 -0.541408 0.420380 0.728120 -2.159375 0.214335
collar_bevel
0 -137.000000 38.042345 38.042345 -0.541408 0.420380 0.728120 -2.140625 0.594412
0 -138.200000 13.717409 51.194069 -0.541408 0.420380 0.728120 -2.159375 0.214335
0 -137.000000 13.924465 51.966809 -0.541408 0.420380 0.728120 -2.140625 0.217570
collar_bevel
0 -137.000000 13.924465 51.966809 -0.541408 0.000000 0.840760 -2.140625 0.217570
0 -138.200000 13.717409 51.194069 -0.541408 0.000000 0.840760 -2.159375 0.214335
0 -138.200000 -13.717409 51.194069 -0.541408 0.000000 0.840760 -2.159375 -0.214335
collar_bevel
0 -137.000000 13.924465 51.966809 -0.541408 0.000000 0.840760 -2.140625 0.217570
0 -138.200000 -13.717409 51.194069 -0.541408 0.000000 0.840760 -2.159375 -0.214335
0 -137.000000 -13.924465 51.966809 -0.541408 0.000000 0.840760 -2.140625 -0.217570
collar_bevel
0 -137.000000 -13.924465 51.966809 -0.541408 -0.420380 0.728120 -2.140625 -0.217570
0 -138.200000 -13.717409 51.194069 -0.541408 -0.420380 0.728120 -2.159375 -0.214335
0 -138.200000 -37.476659 37.476659 -0.541408 -0.420380 0.728120 -2.159375 -0.585573
collar_bevel
0 -137.000000 -13.924465 51.966809 -0.541408 -0.420380 0.728120 -2.140625 -0.217570
0 -138.200000 -37.476659 37.476659 -0.541408 -0.420380 0.728120 -2.159375 -0.585573
0 -137.000000 -38.042345 38.042345 -0.541408 -0.420380 0.728120 -2.140625 -0.594412
collar_bevel
0 -137.000000 -38.042345 38.042345 -0.541408 -0.728120 0.420380 -2.140625 0.594412
0 -138.200000 -37.476659 37.476659 -0.541408 -0.728120 0.420380 -2.159375 0.585573
0 -138.200000 -51.194069 13.717409 -0.541408 -0.728120 0.420380 -2.159375 0.214335
collar_bevel
0 -137.000000 -38.042345 38.042345 -0.541408 -0.728120 0.420380 -2.140625 0.594412
0 -138.200000 -51.194069 13.717409 -0.541408 -0.728120 0.420380 -2.159375 0.214335
0 -137.000000 -51.966809 13.924465 -0.541408 -0.728120 0.420380 -2.140625 0.217570
collar_bevel
0 -137.000000 -51.966809 13.924465 -0.541408 -0.840760 0.000000 -2.140625 0.217570
0 -138.200000 -51.194069 13.717409 -0.541408 -0.840760 0.000000 -2.159375 0.214335
0 -138.200000 -51.194069 -13.717409 -0.541408 -0.840760 0.000000 -2.159375 -0.214335
collar_bevel
0 -137.000000 -51.966809 13.924465 -0.541408 -0.840760 0.000000 -2.140625 0.217570
0 -138.200000 -51.194069 -13.717409 -0.541408 -0.840760 0.000000 -2.159375 -0.214335
0 -137.000000 -51.966809 -13.924465 -0.541408 -0.840760 0.000000 -2.140625 -0.217570
collar_bevel
0 -137.000000 -51.966809 -13.924465 -0.541408 -0.728120 -0.420380 -2.140625 -0.217570
0 -138.200000 -51.194069 -13.717409 -0.541408 -0.728120 -0.420380 -2.159375 -0.214335
0 -138.200000 -37.476659 -37.476659 -0.541408 -0.728120 -0.420380 -2.159375 -0.585573
collar_bevel
0 -137.000000 -51.966809 -13.924465 -0.541408 -0.728120 -0.420380 -2.140625 -0.217570
0 -138.200000 -37.476659 -37.476659 -0.541408 -0.728120 -0.420380 -2.159375 -0.585573
0 -137.000000 -38.042345 -38.042345 -0.541408 -0.728120 -0.420380 -2.140625 -0.594412
collar_bevel
0 -137.000000 -38.042345 -38.042345 -0.541408 -0.420380 -0.728120 -2.140625 -0.594412
0 -138.200000 -37.476659 -37.476659 -0.541408 -0.420380 -0.728120 -2.159375 -0.585573
0 -138.200000 -13.717409 -51.194069 -0.541408 -0.420380 -0.728120 -2.159375 -0.214335
collar_bevel
0 -137.000000 -38.042345 -38.042345 -0.541408 -0.420380 -0.728120 -2.140625 -0.594412
0 -138.200000 -13.717409 -51.194069 -0.541408 -0.420380 -0.728120 -2.159375 -0.214335
0 -137.000000 -13.924465 -51.966809 -0.541408 -0.420380 -0.728120 -2.140625 -0.217570
collar_bevel
0 -137.000000 -13.924465 -51.966809 -0.541408 -0.000000 -0.840760 -2.140625 -0.217570
0 -138.200000 -13.717409 -51.194069 -0.541408 -0.000000 -0.840760 -2.159375 -0.214335
0 -138.200000 13.717409 -51.194069 -0.541408 -0.000000 -0.840760 -2.159375 0.214335
collar_bevel
0 -137.000000 -13.924465 -51.966809 -0.541408 -0.000000 -0.840760 -2.140625 -0.217570
0 -138.200000 13.717409 -51.194069 -0.541408 -0.000000 -0.840760 -2.159375 0.214335
0 -137.000000 13.924465 -51.966809 -0.541408 -0.000000 -0.840760 -2.140625 0.217570
collar_bevel
0 -137.000000 13.924465 -51.966809 -0.541408 0.420380 -0.728120 -2.140625 0.217570
0 -138.200000 13.717409 -51.194069 -0.541408 0.420380 -0.728120 -2.159375 0.214335
0 -138.200000 37.476659 -37.476659 -0.541408 0.420380 -0.728120 -2.159375 0.585573
collar_bevel
0 -137.000000 13.924465 -51.966809 -0.541408 0.420380 -0.728120 -2.140625 0.217570
0 -138.200000 37.476659 -37.476659 -0.541408 0.420380 -0.728120 -2.159375 0.585573
0 -137.000000 38.042345 -38.042345 -0.541408 0.420380 -0.728120 -2.140625 0.594412
collar_bevel
0 -137.000000 38.042345 -38.042345 -0.541408 0.728120 -0.420380 -2.140625 -0.594412
0 -138.200000 37.476659 -37.476659 -0.541408 0.728120 -0.420380 -2.159375 -0.585573
0 -138.200000 51.194069 -13.717409 -0.541408 0.728120 -0.420380 -2.159375 -0.214335
collar_bevel
0 -137.000000 38.042345 -38.042345 -0.541408 0.728120 -0.420380 -2.140625 -0.594412
0 -138.200000 51.194069 -13.717409 -0.541408 0.728120 -0.420380 -2.159375 -0.214335
0 -137.000000 51.966809 -13.924465 -0.541408 0.728120 -0.420380 -2.140625 -0.217570
collar_bevel
0 -137.000000 51.966809 -13.924465 -0.541408 0.840760 -0.000000 -2.140625 -0.217570
0 -138.200000 51.194069 -13.717409 -0.541408 0.840760 -0.000000 -2.159375 -0.214335
0 -138.200000 51.194069 13.717409 -0.541408 0.840760 -0.000000 -2.159375 0.214335
collar_bevel
0 -137.000000 51.966809 -13.924465 -0.541408 0.840760 -0.000000 -2.140625 -0.217570
0 -138.200000 51.194069 13.717409 -0.541408 0.840760 -0.000000 -2.159375 0.214335
0 -137.000000 51.966809 13.924465 -0.541408 0.840760 -0.000000 -2.140625 0.217570
collar_dark
0 -138.200000 51.194069 13.717409 -1.000000 0.000000 0.000000 0.799907 0.214335
0 -138.200000 50.034958 13.406827 -1.000000 0.000000 0.000000 0.781796 0.209482
0 -138.200000 36.628131 36.628131 -1.000000 0.000000 0.000000 0.572315 0.572315
collar_dark
0 -138.200000 51.194069 13.717409 -1.000000 0.000000 0.000000 0.799907 0.214335
0 -138.200000 36.628131 36.628131 -1.000000 0.000000 0.000000 0.572315 0.572315
0 -138.200000 37.476659 37.476659 -1.000000 0.000000 0.000000 0.585573 0.585573
collar_dark
0 -138.200000 37.476659 37.476659 -1.000000 0.000000 0.000000 0.585573 0.585573
0 -138.200000 36.628131 36.628131 -1.000000 0.000000 0.000000 0.572315 0.572315
0 -138.200000 13.406827 50.034958 -1.000000 0.000000 0.000000 0.209482 0.781796
collar_dark
0 -138.200000 37.476659 37.476659 -1.000000 0.000000 0.000000 0.585573 0.585573
0 -138.200000 13.406827 50.034958 -1.000000 0.000000 0.000000 0.209482 0.781796
0 -138.200000 13.717409 51.194069 -1.000000 0.000000 0.000000 0.214335 0.799907
collar_dark
0 -138.200000 13.717409 51.194069 -1.000000 0.000000 0.000000 0.214335 0.799907
0 -138.200000 13.406827 50.034958 -1.000000 0.000000 0.000000 0.209482 0.781796
0 -138.200000 -13.406827 50.034958 -1.000000 0.000000 0.000000 -0.209482 0.781796
collar_dark
0 -138.200000 13.717409 51.194069 -1.000000 0.000000 0.000000 0.214335 0.799907
0 -138.200000 -13.406827 50.034958 -1.000000 0.000000 0.000000 -0.209482 0.781796
0 -138.200000 -13.717409 51.194069 -1.000000 0.000000 0.000000 -0.214335 0.799907
collar_dark
0 -138.200000 -13.717409 51.194069 -1.000000 0.000000 0.000000 -0.214335 0.799907
0 -138.200000 -13.406827 50.034958 -1.000000 0.000000 0.000000 -0.209482 0.781796
0 -138.200000 -36.628131 36.628131 -1.000000 0.000000 0.000000 -0.572315 0.572315
collar_dark
0 -138.200000 -13.717409 51.194069 -1.000000 0.000000 0.000000 -0.214335 0.799907
0 -138.200000 -36.628131 36.628131 -1.000000 0.000000 0.000000 -0.572315 0.572315
0 -138.200000 -37.476659 37.476659 -1.000000 0.000000 0.000000 -0.585573 0.585573
collar_dark
0 -138.200000 -37.476659 37.476659 -1.000000 0.000000 0.000000 -0.585573 0.585573
0 -138.200000 -36.628131 36.628131 -1.000000 0.000000 0.000000 -0.572315 0.572315
0 -138.200000 -50.034958 13.406827 -1.000000 0.000000 0.000000 -0.781796 0.209482
collar_dark
0 -138.200000 -37.476659 37.476659 -1.000000 0.000000 0.000000 -0.585573 0.585573
0 -138.200000 -50.034958 13.406827 -1.000000 0.000000 0.000000 -0.781796 0.209482
0 -138.200000 -51.194069 13.717409 -1.000000 0.000000 0.000000 -0.799907 0.214335
collar_dark
0 -138.200000 -51.194069 13.717409 -1.000000 0.000000 0.000000 -0.799907 0.214335
0 -138.200000 -50.034958 13.406827 -1.000000 0.000000 0.000000 -0.781796 0.209482
0 -138.200000 -50.034958 -13.406827 -1.000000 0.000000 0.000000 -0.781796 -0.209482
collar_dark
0 -138.200000 -51.194069 13.717409 -1.000000 0.000000 0.000000 -0.799907 0.214335
0 -138.200000 -50.034958 -13.406827 -1.000000 0.000000 0.000000 -0.781796 -0.209482
0 -138.200000 -51.194069 -13.717409 -1.000000 0.000000 0.000000 -0.799907 -0.214335
collar_dark
0 -138.200000 -51.194069 -13.717409 -1.000000 0.000000 0.000000 -0.799907 -0.214335
0 -138.200000 -50.034958 -13.406827 -1.000000 0.000000 0.000000 -0.781796 -0.209482
0 -138.200000 -36.628131 -36.628131 -1.000000 0.000000 0.000000 -0.572315 -0.572315
collar_dark
0 -138.200000 -51.194069 -13.717409 -1.000000 0.000000 0.000000 -0.799907 -0.214335
0 -138.200000 -36.628131 -36.628131 -1.000000 0.000000 0.000000 -0.572315 -0.572315
0 -138.200000 -37.476659 -37.476659 -1.000000 0.000000 0.000000 -0.585573 -0.585573
collar_dark
0 -138.200000 -37.476659 -37.476659 -1.000000 0.000000 0.000000 -0.585573 -0.585573
0 -138.200000 -36.628131 -36.628131 -1.000000 0.000000 0.000000 -0.572315 -0.572315
0 -138.200000 -13.406827 -50.034958 -1.000000 0.000000 0.000000 -0.209482 -0.781796
collar_dark
0 -138.200000 -37.476659 -37.476659 -1.000000 0.000000 0.000000 -0.585573 -0.585573
0 -138.200000 -13.406827 -50.034958 -1.000000 0.000000 0.000000 -0.209482 -0.781796
0 -138.200000 -13.717409 -51.194069 -1.000000 0.000000 0.000000 -0.214335 -0.799907
collar_dark
0 -138.200000 -13.717409 -51.194069 -1.000000 0.000000 0.000000 -0.214335 -0.799907
0 -138.200000 -13.406827 -50.034958 -1.000000 0.000000 0.000000 -0.209482 -0.781796
0 -138.200000 13.406827 -50.034958 -1.000000 0.000000 0.000000 0.209482 -0.781796
collar_dark
0 -138.200000 -13.717409 -51.194069 -1.000000 0.000000 0.000000 -0.214335 -0.799907
0 -138.200000 13.406827 -50.034958 -1.000000 0.000000 0.000000 0.209482 -0.781796
0 -138.200000 13.717409 -51.194069 -1.000000 0.000000 0.000000 0.214335 -0.799907
collar_dark
0 -138.200000 13.717409 -51.194069 -1.000000 0.000000 0.000000 0.214335 -0.799907
0 -138.200000 13.406827 -50.034958 -1.000000 0.000000 0.000000 0.209482 -0.781796
0 -138.200000 36.628131 -36.628131 -1.000000 0.000000 0.000000 0.572315 -0.572315
collar_dark
0 -138.200000 13.717409 -51.194069 -1.000000 0.000000 0.000000 0.214335 -0.799907
0 -138.200000 36.628131 -36.628131 -1.000000 0.000000 0.000000 0.572315 -0.572315
0 -138.200000 37.476659 -37.476659 -1.000000 0.000000 0.000000 0.585573 -0.585573
collar_dark
0 -138.200000 37.476659 -37.476659 -1.000000 0.000000 0.000000 0.585573 -0.585573
0 -138.200000 36.628131 -36.628131 -1.000000 0.000000 0.000000 0.572315 -0.572315
0 -138.200000 50.034958 -13.406827 -1.000000 0.000000 0.000000 0.781796 -0.209482
collar_dark
0 -138.200000 37.476659 -37.476659 -1.000000 0.000000 0.000000 0.585573 -0.585573
0 -138.200000 50.034958 -13.406827 -1.000000 0.000000 0.000000 0.781796 -0.209482
0 -138.200000 51.194069 -13.717409 -1.000000 0.000000 0.000000 0.799907 -0.214335
collar_dark
0 -138.200000 51.194069 -13.717409 -1.000000 0.000000 0.000000 0.799907 -0.214335
0 -138.200000 50.034958 -13.406827 -1.000000 0.000000 0.000000 0.781796 -0.209482
0 -138.200000 50.034958 13.406827 -1.000000 0.000000 0.000000 0.781796 0.209482
collar_dark
0 -138.200000 51.194069 -13.717409 -1.000000 0.000000 0.000000 0.799907 -0.214335
0 -138.200000 50.034958 13.406827 -1.000000 0.000000 0.000000 0.781796 0.209482
0 -138.200000 51.194069 13.717409 -1.000000 0.000000 0.000000 0.799907 0.214335
collar_bevel
0 -138.200000 50.034958 13.406827 -0.553204 -0.721439 -0.416523 -2.159375 0.209482
0 -136.600000 48.972439 13.122126 -0.553204 -0.721439 -0.416523 -2.134375 0.205033
0 -136.600000 35.850314 35.850314 -0.553204 -0.721439 -0.416523 -2.134375 0.560161
collar_bevel
0 -138.200000 50.034958 13.406827 -0.553204 -0.721439 -0.416523 -2.159375 0.209482
0 -136.600000 35.850314 35.850314 -0.553204 -0.721439 -0.416523 -2.134375 0.560161
0 -138.200000 36.628131 36.628131 -0.553204 -0.721439 -0.416523 -2.159375 0.572315
collar_bevel
0 -138.200000 36.628131 36.628131 -0.553204 -0.416523 -0.721439 -2.159375 0.572315
0 -136.600000 35.850314 35.850314 -0.553204 -0.416523 -0.721439 -2.134375 0.560161
0 -136.600000 13.122126 48.972439 -0.553204 -0.416523 -0.721439 -2.134375 0.205033
collar_bevel
0 -138.200000 36.628131 36.628131 -0.553204 -0.416523 -0.721439 -2.159375 0.572315
0 -136.600000 13.122126 48.972439 -0.553204 -0.416523 -0.721439 -2.134375 0.205033
0 -138.200000 13.406827 50.034958 -0.553204 -0.416523 -0.721439 -2.159375 0.209482
collar_bevel
0 -138.200000 13.406827 50.034958 -0.553204 0.000000 -0.833046 -2.159375 0.209482
0 -136.600000 13.122126 48.972439 -0.553204 0.000000 -0.833046 -2.134375 0.205033
0 -136.600000 -13.122126 48.972439 -0.553204 0.000000 -0.833046 -2.134375 -0.205033
collar_bevel
0 -138.200000 13.406827 50.034958 -0.553204 0.000000 -0.833046 -2.159375 0.209482
0 -136.600000 -13.122126 48.972439 -0.553204 0.000000 -0.833046 -2.134375 -0.205033
0 -138.200000 -13.406827 50.034958 -0.553204 0.000000 -0.833046 -2.159375 -0.209482
collar_bevel
0 -138.200000 -13.406827 50.034958 -0.553204 0.416523 -0.721439 -2.159375 -0.209482
0 -136.600000 -13.122126 48.972439 -0.553204 0.416523 -0.721439 -2.134375 -0.205033
0 -136.600000 -35.850314 35.850314 -0.553204 0.416523 -0.721439 -2.134375 -0.560161
collar_bevel
0 -138.200000 -13.406827 50.034958 -0.553204 0.416523 -0.721439 -2.159375 -0.209482
0 -136.600000 -35.850314 35.850314 -0.553204 0.416523 -0.721439 -2.134375 -0.560161
0 -138.200000 -36.628131 36.628131 -0.553204 0.416523 -0.721439 -2.159375 -0.572315
collar_bevel
0 -138.200000 -36.628131 36.628131 -0.553204 0.721439 -0.416523 -2.159375 0.572315
0 -136.600000 -35.850314 35.850314 -0.553204 0.721439 -0.416523 -2.134375 0.560161
0 -136.600000 -48.972439 13.122126 -0.553204 0.721439 -0.416523 -2.134375 0.205033
collar_bevel
0 -138.200000 -36.628131 36.628131 -0.553204 0.721439 -0.416523 -2.159375 0.572315
0 -136.600000 -48.972439 13.122126 -0.553204 0.721439 -0.416523 -2.134375 0.205033
0 -138.200000 -50.034958 13.406827 -0.553204 0.721439 -0.416523 -2.159375 0.209482
collar_bevel
0 -138.200000 -50.034958 13.406827 -0.553204 0.833046 -0.000000 -2.159375 0.209482
0 -136.600000 -48.972439 13.122126 -0.553204 0.833046 -0.000000 -2.134375 0.205033
0 -136.600000 -48.972439 -13.122126 -0.553204 0.833046 -0.000000 -2.134375 -0.205033
collar_bevel
0 -138.200000 -50.034958 13.406827 -0.553204 0.833046 -0.000000 -2.159375 0.209482
0 -136.600000 -48.972439 -13.122126 -0.553204 0.833046 -0.000000 -2.134375 -0.205033
0 -138.200000 -50.034958 -13.406827 -0.553204 0.833046 -0.000000 -2.159375 -0.209482
collar_bevel
0 -138.200000 -50.034958 -13.406827 -0.553204 0.721439 0.416523 -2.159375 -0.209482
0 -136.600000 -48.972439 -13.122126 -0.553204 0.721439 0.416523 -2.134375 -0.205033
0 -136.600000 -35.850314 -35.850314 -0.553204 0.721439 0.416523 -2.134375 -0.560161
collar_bevel
0 -138.200000 -50.034958 -13.406827 -0.553204 0.721439 0.416523 -2.159375 -0.209482
0 -136.600000 -35.850314 -35.850314 -0.553204 0.721439 0.416523 -2.134375 -0.560161
0 -138.200000 -36.628131 -36.628131 -0.553204 0.721439 0.416523 -2.159375 -0.572315
collar_bevel
0 -138.200000 -36.628131 -36.628131 -0.553204 0.416523 0.721439 -2.159375 -0.572315
0 -136.600000 -35.850314 -35.850314 -0.553204 0.416523 0.721439 -2.134375 -0.560161
0 -136.600000 -13.122126 -48.972439 -0.553204 0.416523 0.721439 -2.134375 -0.205033
collar_bevel
0 -138.200000 -36.628131 -36.628131 -0.553204 0.416523 0.721439 -2.159375 -0.572315
0 -136.600000 -13.122126 -48.972439 -0.553204 0.416523 0.721439 -2.134375 -0.205033
0 -138.200000 -13.406827 -50.034958 -0.553204 0.416523 0.721439 -2.159375 -0.209482
collar_bevel
0 -138.200000 -13.406827 -50.034958 -0.553204 0.000000 0.833046 -2.159375 -0.209482
0 -136.600000 -13.122126 -48.972439 -0.553204 0.000000 0.833046 -2.134375 -0.205033
0 -136.600000 13.122126 -48.972439 -0.553204 0.000000 0.833046 -2.134375 0.205033
collar_bevel
0 -138.200000 -13.406827 -50.034958 -0.553204 0.000000 0.833046 -2.159375 -0.209482
0 -136.600000 13.122126 -48.972439 -0.553204 0.000000 0.833046 -2.134375 0.205033
0 -138.200000 13.406827 -50.034958 -0.553204 0.000000 0.833046 -2.159375 0.209482
collar_bevel
0 -138.200000 13.406827 -50.034958 -0.553204 -0.416523 0.721439 -2.159375 0.209482
0 -136.600000 13.122126 -48.972439 -0.553204 -0.416523 0.721439 -2.134375 0.205033
0 -136.600000 35.850314 -35.850314 -0.553204 -0.416523 0.721439 -2.134375 0.560161
collar_bevel
0 -138.200000 13.406827 -50.034958 -0.553204 -0.416523 0.721439 -2.159375 0.209482
0 -136.600000 35.850314 -35.850314 -0.553204 -0.416523 0.721439 -2.134375 0.560161
0 -138.200000 36.628131 -36.628131 -0.553204 -0.416523 0.721439 -2.159375 0.572315
collar_bevel
0 -138.200000 36.628131 -36.628131 -0.553204 -0.721439 0.416523 -2.159375 -0.572315
0 -136.600000 35.850314 -35.850314 -0.553204 -0.721439 0.416523 -2.134375 -0.560161
0 -136.600000 48.972439 -13.122126 -0.553204 -0.721439 0.416523 -2.134375 -0.205033
collar_bevel
0 -138.200000 36.628131 -36.628131 -0.553204 -0.721439 0.416523 -2.159375 -0.572315
0 -136.600000 48.972439 -13.122126 -0.553204 -0.721439 0.416523 -2.134375 -0.205033
0 -138.200000 50.034958 -13.406827 -0.553204 -0.721439 0.416523 -2.159375 -0.209482
collar_bevel
0 -138.200000 50.034958 -13.406827 -0.553204 -0.833046 0.000000 -2.159375 -0.209482
0 -136.600000 48.972439 -13.122126 -0.553204 -0.833046 0.000000 -2.134375 -0.205033
0 -136.600000 48.972439 13.122126 -0.553204 -0.833046 0.000000 -2.134375 0.205033
collar_bevel
0 -138.200000 50.034958 -13.406827 -0.553204 -0.833046 0.000000 -2.159375 -0.209482
0 -136.600000 48.972439 13.122126 -0.553204 -0.833046 0.000000 -2.134375 0.205033
0 -138.200000 50.034958 13.406827 -0.553204 -0.833046 0.000000 -2.159375 0.209482
collar_dark
0 -136.600000 48.972439 13.122126 -1.000000 0.000000 0.000000 0.765194 0.205033
0 -136.600000 48.296291 12.940952 -1.000000 0.000000 0.000000 0.754630 0.202202
0 -136.600000 35.355339 35.355339 -1.000000 0.000000 0.000000 0.552427 0.552427
collar_dark
0 -136.600000 48.972439 13.122126 -1.000000 0.000000 0.000000 0.765194 0.205033
0 -136.600000 35.355339 35.355339 -1.000000 0.000000 0.000000 0.552427 0.552427
0 -136.600000 35.850314 35.850314 -1.000000 0.000000 0.000000 0.560161 0.560161
collar_dark
0 -136.600000 35.850314 35.850314 -1.000000 0.000000 0.000000 0.560161 0.560161
0 -136.600000 35.355339 35.355339 -1.000000 0.000000 0.000000 0.552427 0.552427
0 -136.600000 12.940952 48.296291 -1.000000 0.000000 0.000000 0.202202 0.754630
collar_dark
0 -136.600000 35.850314 35.850314 -1.000000 0.000000 0.000000 0.560161 0.560161
0 -136.600000 12.940952 48.296291 -1.000000 0.000000 0.000000 0.202202 0.754630
0 -136.600000 13.122126 48.972439 -1.000000 0.000000 0.000000 0.205033 0.765194
collar_dark
0 -136.600000 13.122126 48.972439 -1.000000 0.000000 0.000000 0.205033 0.765194
0 -136.600000 12.940952 48.296291 -1.000000 0.000000 0.000000 0.202202 0.754630
0 -136.600000 -12.940952 48.296291 -1.000000 0.000000 0.000000 -0.202202 0.754630
collar_dark
0 -136.600000 13.122126 48.972439 -1.000000 0.000000 0.000000 0.205033 0.765194
0 -136.600000 -12.940952 48.296291 -1.000000 0.000000 0.000000 -0.202202 0.754630
0 -136.600000 -13.122126 48.972439 -1.000000 0.000000 0.000000 -0.205033 0.765194
collar_dark
0 -136.600000 -13.122126 48.972439 -1.000000 0.000000 0.000000 -0.205033 0.765194
0 -136.600000 -12.940952 48.296291 -1.000000 0.000000 0.000000 -0.202202 0.754630
0 -136.600000 -35.355339 35.355339 -1.000000 0.000000 0.000000 -0.552427 0.552427
collar_dark
0 -136.600000 -13.122126 48.972439 -1.000000 0.000000 0.000000 -0.205033 0.765194
0 -136.600000 -35.355339 35.355339 -1.000000 0.000000 0.000000 -0.552427 0.552427
0 -136.600000 -35.850314 35.850314 -1.000000 0.000000 0.000000 -0.560161 0.560161
collar_dark
0 -136.600000 -35.850314 35.850314 -1.000000 0.000000 0.000000 -0.560161 0.560161
0 -136.600000 -35.355339 35.355339 -1.000000 0.000000 0.000000 -0.552427 0.552427
0 -136.600000 -48.296291 12.940952 -1.000000 0.000000 0.000000 -0.754630 0.202202
collar_dark
0 -136.600000 -35.850314 35.850314 -1.000000 0.000000 0.000000 -0.560161 0.560161
0 -136.600000 -48.296291 12.940952 -1.000000 0.000000 0.000000 -0.754630 0.202202
0 -136.600000 -48.972439 13.122126 -1.000000 0.000000 0.000000 -0.765194 0.205033
collar_dark
0 -136.600000 -48.972439 13.122126 -1.000000 0.000000 0.000000 -0.765194 0.205033
0 -136.600000 -48.296291 12.940952 -1.000000 0.000000 0.000000 -0.754630 0.202202
0 -136.600000 -48.296291 -12.940952 -1.000000 0.000000 0.000000 -0.754630 -0.202202
collar_dark
0 -136.600000 -48.972439 13.122126 -1.000000 0.000000 0.000000 -0.765194 0.205033
0 -136.600000 -48.296291 -12.940952 -1.000000 0.000000 0.000000 -0.754630 -0.202202
0 -136.600000 -48.972439 -13.122126 -1.000000 0.000000 0.000000 -0.765194 -0.205033
collar_dark
0 -136.600000 -48.972439 -13.122126 -1.000000 0.000000 0.000000 -0.765194 -0.205033
0 -136.600000 -48.296291 -12.940952 -1.000000 0.000000 0.000000 -0.754630 -0.202202
0 -136.600000 -35.355339 -35.355339 -1.000000 0.000000 0.000000 -0.552427 -0.552427
collar_dark
0 -136.600000 -48.972439 -13.122126 -1.000000 0.000000 0.000000 -0.765194 -0.205033
0 -136.600000 -35.355339 -35.355339 -1.000000 0.000000 0.000000 -0.552427 -0.552427
0 -136.600000 -35.850314 -35.850314 -1.000000 0.000000 0.000000 -0.560161 -0.560161
collar_dark
0 -136.600000 -35.850314 -35.850314 -1.000000 0.000000 0.000000 -0.560161 -0.560161
0 -136.600000 -35.355339 -35.355339 -1.000000 0.000000 0.000000 -0.552427 -0.552427
0 -136.600000 -12.940952 -48.296291 -1.000000 0.000000 0.000000 -0.202202 -0.754630
collar_dark
0 -136.600000 -35.850314 -35.850314 -1.000000 0.000000 0.000000 -0.560161 -0.560161
0 -136.600000 -12.940952 -48.296291 -1.000000 0.000000 0.000000 -0.202202 -0.754630
0 -136.600000 -13.122126 -48.972439 -1.000000 0.000000 0.000000 -0.205033 -0.765194
collar_dark
0 -136.600000 -13.122126 -48.972439 -1.000000 0.000000 0.000000 -0.205033 -0.765194
0 -136.600000 -12.940952 -48.296291 -1.000000 0.000000 0.000000 -0.202202 -0.754630
0 -136.600000 12.940952 -48.296291 -1.000000 0.000000 0.000000 0.202202 -0.754630
collar_dark
0 -136.600000 -13.122126 -48.972439 -1.000000 0.000000 0.000000 -0.205033 -0.765194
0 -136.600000 12.940952 -48.296291 -1.000000 0.000000 0.000000 0.202202 -0.754630
0 -136.600000 13.122126 -48.972439 -1.000000 0.000000 0.000000 0.205033 -0.765194
collar_dark
0 -136.600000 13.122126 -48.972439 -1.000000 0.000000 0.000000 0.205033 -0.765194
0 -136.600000 12.940952 -48.296291 -1.000000 0.000000 0.000000 0.202202 -0.754630
0 -136.600000 35.355339 -35.355339 -1.000000 0.000000 0.000000 0.552427 -0.552427
collar_dark
0 -136.600000 13.122126 -48.972439 -1.000000 0.000000 0.000000 0.205033 -0.765194
0 -136.600000 35.355339 -35.355339 -1.000000 0.000000 0.000000 0.552427 -0.552427
0 -136.600000 35.850314 -35.850314 -1.000000 0.000000 0.000000 0.560161 -0.560161
collar_dark
0 -136.600000 35.850314 -35.850314 -1.000000 0.000000 0.000000 0.560161 -0.560161
0 -136.600000 35.355339 -35.355339 -1.000000 0.000000 0.000000 0.552427 -0.552427
0 -136.600000 48.296291 -12.940952 -1.000000 0.000000 0.000000 0.754630 -0.202202
collar_dark
0 -136.600000 35.850314 -35.850314 -1.000000 0.000000 0.000000 0.560161 -0.560161
0 -136.600000 48.296291 -12.940952 -1.000000 0.000000 0.000000 0.754630 -0.202202
0 -136.600000 48.972439 -13.122126 -1.000000 0.000000 0.000000 0.765194 -0.205033
collar_dark
0 -136.600000 48.972439 -13.122126 -1.000000 0.000000 0.000000 0.765194 -0.205033
0 -136.600000 48.296291 -12.940952 -1.000000 0.000000 0.000000 0.754630 -0.202202
0 -136.600000 48.296291 12.940952 -1.000000 0.000000 0.000000 0.754630 0.202202
collar_dark
0 -136.600000 48.972439 -13.122126 -1.000000 0.000000 0.000000 0.765194 -0.205033
0 -136.600000 48.296291 12.940952 -1.000000 0.000000 0.000000 0.754630 0.202202
0 -136.600000 48.972439 13.122126 -1.000000 0.000000 0.000000 0.765194 0.205033
collar_dark
0 -136.600000 48.296291 12.940952 0.000000 -0.866025 -0.500000 -2.134375 0.202202
0 -119.400000 48.296291 12.940952 0.000000 -0.866025 -0.500000 -1.865625 0.202202
0 -119.400000 35.355339 35.355339 0.000000 -0.866025 -0.500000 -1.865625 0.552427
collar_dark
0 -136.600000 48.296291 12.940952 0.000000 -0.866025 -0.500000 -2.134375 0.202202
0 -119.400000 35.355339 35.355339 0.000000 -0.866025 -0.500000 -1.865625 0.552427
0 -136.600000 35.355339 35.355339 0.000000 -0.866025 -0.500000 -2.134375 0.552427
collar_dark
0 -136.600000 35.355339 35.355339 0.000000 -0.500000 -0.866025 -2.134375 0.552427
0 -119.400000 35.355339 35.355339 0.000000 -0.500000 -0.866025 -1.865625 0.552427
0 -119.400000 12.940952 48.296291 0.000000 -0.500000 -0.866025 -1.865625 0.202202
collar_dark
0 -136.600000 35.355339 35.355339 0.000000 -0.500000 -0.866025 -2.134375 0.552427
0 -119.400000 12.940952 48.296291 0.000000 -0.500000 -0.866025 -1.865625 0.202202
0 -136.600000 12.940952 48.296291 0.000000 -0.500000 -0.866025 -2.134375 0.202202
collar_dark
0 -136.600000 12.940952 48.296291 0.000000 0.000000 -1.000000 -2.134375 0.202202
0 -119.400000 12.940952 48.296291 0.000000 0.000000 -1.000000 -1.865625 0.202202
0 -119.400000 -12.940952 48.296291 0.000000 0.000000 -1.000000 -1.865625 -0.202202
collar_dark
0 -136.600000 12.940952 48.296291 0.000000 0.000000 -1.000000 -2.134375 0.202202
0 -119.400000 -12.940952 48.296291 0.000000 0.000000 -1.000000 -1.865625 -0.202202
0 -136.600000 -12.940952 48.296291 0.000000 0.000000 -1.000000 -2.134375 -0.202202
collar_dark
0 -136.600000 -12.940952 48.296291 0.000000 0.500000 -0.866025 -2.134375 -0.202202
0 -119.400000 -12.940952 48.296291 0.000000 0.500000 -0.866025 -1.865625 -0.202202
0 -119.400000 -35.355339 35.355339 0.000000 0.500000 -0.866025 -1.865625 -0.552427
collar_dark
0 -136.600000 -12.940952 48.296291 0.000000 0.500000 -0.866025 -2.134375 -0.202202
0 -119.400000 -35.355339 35.355339 0.000000 0.500000 -0.866025 -1.865625 -0.552427
0 -136.600000 -35.355339 35.355339 0.000000 0.500000 -0.866025 -2.134375 -0.552427
collar_dark
0 -136.600000 -35.355339 35.355339 0.000000 0.866025 -0.500000 -2.134375 0.552427
0 -119.400000 -35.355339 35.355339 0.000000 0.866025 -0.500000 -1.865625 0.552427
0 -119.400000 -48.296291 12.940952 0.000000 0.866025 -0.500000 -1.865625 0.202202
collar_dark
0 -136.600000 -35.355339 35.355339 0.000000 0.866025 -0.500000 -2.134375 0.552427
0 -119.400000 -48.296291 12.940952 0.000000 0.866025 -0.500000 -1.865625 0.202202
0 -136.600000 -48.296291 12.940952 0.000000 0.866025 -0.500000 -2.134375 0.202202
collar_dark
0 -136.600000 -48.296291 12.940952 0.000000 1.000000 0.000000 -2.134375 0.202202
0 -119.400000 -48.296291 12.940952 0.000000 1.000000 0.000000 -1.865625 0.202202
0 -119.400000 -48.296291 -12.940952 0.000000 1.000000 0.000000 -1.865625 -0.202202
collar_dark
0 -136.600000 -48.296291 12.940952 0.000000 1.000000 0.000000 -2.134375 0.202202
0 -119.400000 -48.296291 -12.940952 0.000000 1.000000 0.000000 -1.865625 -0.202202
0 -136.600000 -48.296291 -12.940952 0.000000 1.000000 0.000000 -2.134375 -0.202202
collar_dark
0 -136.600000 -48.296291 -12.940952 0.000000 0.866025 0.500000 -2.134375 -0.202202
0 -119.400000 -48.296291 -12.940952 0.000000 0.866025 0.500000 -1.865625 -0.202202
0 -119.400000 -35.355339 -35.355339 0.000000 0.866025 0.500000 -1.865625 -0.552427
collar_dark
0 -136.600000 -48.296291 -12.940952 0.000000 0.866025 0.500000 -2.134375 -0.202202
0 -119.400000 -35.355339 -35.355339 0.000000 0.866025 0.500000 -1.865625 -0.552427
0 -136.600000 -35.355339 -35.355339 0.000000 0.866025 0.500000 -2.134375 -0.552427
collar_dark
0 -136.600000 -35.355339 -35.355339 0.000000 0.500000 0.866025 -2.134375 -0.552427
0 -119.400000 -35.355339 -35.355339 0.000000 0.500000 0.866025 -1.865625 -0.552427
0 -119.400000 -12.940952 -48.296291 0.000000 0.500000 0.866025 -1.865625 -0.202202
collar_dark
0 -136.600000 -35.355339 -35.355339 0.000000 0.500000 0.866025 -2.134375 -0.552427
0 -119.400000 -12.940952 -48.296291 0.000000 0.500000 0.866025 -1.865625 -0.202202
0 -136.600000 -12.940952 -48.296291 0.000000 0.500000 0.866025 -2.134375 -0.202202
collar_dark
0 -136.600000 -12.940952 -48.296291 0.000000 0.000000 1.000000 -2.134375 -0.202202
0 -119.400000 -12.940952 -48.296291 0.000000 0.000000 1.000000 -1.865625 -0.202202
0 -119.400000 12.940952 -48.296291 0.000000 0.000000 1.000000 -1.865625 0.202202
collar_dark
0 -136.600000 -12.940952 -48.296291 0.000000 0.000000 1.000000 -2.134375 -0.202202
0 -119.400000 12.940952 -48.296291 0.000000 0.000000 1.000000 -1.865625 0.202202
0 -136.600000 12.940952 -48.296291 0.000000 0.000000 1.000000 -2.134375 0.202202
collar_dark
0 -136.600000 12.940952 -48.296291 0.000000 -0.500000 0.866025 -2.134375 0.202202
0 -119.400000 12.940952 -48.296291 0.000000 -0.500000 0.866025 -1.865625 0.202202
0 -119.400000 35.355339 -35.355339 0.000000 -0.500000 0.866025 -1.865625 0.552427
collar_dark
0 -136.600000 12.940952 -48.296291 0.000000 -0.500000 0.866025 -2.134375 0.202202
0 -119.400000 35.355339 -35.355339 0.000000 -0.500000 0.866025 -1.865625 0.552427
0 -136.600000 35.355339 -35.355339 0.000000 -0.500000 0.866025 -2.134375 0.552427
collar_dark
0 -136.600000 35.355339 -35.355339 0.000000 -0.866025 0.500000 -2.134375 -0.552427
0 -119.400000 35.355339 -35.355339 0.000000 -0.866025 0.500000 -1.865625 -0.552427
0 -119.400000 48.296291 -12.940952 0.000000 -0.866025 0.500000 -1.865625 -0.202202
collar_dark
0 -136.600000 35.355339 -35.355339 0.000000 -0.866025 0.500000 -2.134375 -0.552427
0 -119.400000 48.296291 -12.940952 0.000000 -0.866025 0.500000 -1.865625 -0.202202
0 -136.600000 48.296291 -12.940952 0.000000 -0.866025 0.500000 -2.134375 -0.202202
collar_dark
0 -136.600000 48.296291 -12.940952 0.000000 -1.000000 0.000000 -2.134375 -0.202202
0 -119.400000 48.296291 -12.940952 0.000000 -1.000000 0.000000 -1.865625 -0.202202
0 -119.400000 48.296291 12.940952 0.000000 -1.000000 0.000000 -1.865625 0.202202
collar_dark
0 -136.600000 48.296291 -12.940952 0.000000 -1.000000 0.000000 -2.134375 -0.202202
0 -119.400000 48.296291 12.940952 0.000000 -1.000000 0.000000 -1.865625 0.202202
0 -136.600000 48.296291 12.940952 0.000000 -1.000000 0.000000 -2.134375 0.202202
collar_bevel
0 -119.400000 48.296291 12.940952 1.000000 0.000000 0.000000 0.754630 0.202202
0 -119.400000 48.972439 13.122126 1.000000 0.000000 0.000000 0.765194 0.205033
0 -119.400000 35.850314 35.850314 1.000000 0.000000 0.000000 0.560161 0.560161
collar_bevel
0 -119.400000 48.296291 12.940952 1.000000 0.000000 0.000000 0.754630 0.202202
0 -119.400000 35.850314 35.850314 1.000000 0.000000 0.000000 0.560161 0.560161
0 -119.400000 35.355339 35.355339 1.000000 0.000000 0.000000 0.552427 0.552427
collar_bevel
0 -119.400000 35.355339 35.355339 1.000000 0.000000 0.000000 0.552427 0.552427
0 -119.400000 35.850314 35.850314 1.000000 0.000000 0.000000 0.560161 0.560161
0 -119.400000 13.122126 48.972439 1.000000 0.000000 0.000000 0.205033 0.765194
collar_bevel
0 -119.400000 35.355339 35.355339 1.000000 0.000000 0.000000 0.552427 0.552427
0 -119.400000 13.122126 48.972439 1.000000 0.000000 0.000000 0.205033 0.765194
0 -119.400000 12.940952 48.296291 1.000000 0.000000 0.000000 0.202202 0.754630
collar_bevel
0 -119.400000 12.940952 48.296291 1.000000 0.000000 0.000000 0.202202 0.754630
0 -119.400000 13.122126 48.972439 1.000000 0.000000 0.000000 0.205033 0.765194
0 -119.400000 -13.122126 48.972439 1.000000 0.000000 0.000000 -0.205033 0.765194
collar_bevel
0 -119.400000 12.940952 48.296291 1.000000 0.000000 0.000000 0.202202 0.754630
0 -119.400000 -13.122126 48.972439 1.000000 0.000000 0.000000 -0.205033 0.765194
0 -119.400000 -12.940952 48.296291 1.000000 0.000000 0.000000 -0.202202 0.754630
collar_bevel
0 -119.400000 -12.940952 48.296291 1.000000 0.000000 0.000000 -0.202202 0.754630
0 -119.400000 -13.122126 48.972439 1.000000 0.000000 0.000000 -0.205033 0.765194
0 -119.400000 -35.850314 35.850314 1.000000 0.000000 0.000000 -0.560161 0.560161
collar_bevel
0 -119.400000 -12.940952 48.296291 1.000000 0.000000 0.000000 -0.202202 0.754630
0 -119.400000 -35.850314 35.850314 1.000000 0.000000 0.000000 -0.560161 0.560161
0 -119.400000 -35.355339 35.355339 1.000000 0.000000 0.000000 -0.552427 0.552427
collar_bevel
0 -119.400000 -35.355339 35.355339 1.000000 0.000000 0.000000 -0.552427 0.552427
0 -119.400000 -35.850314 35.850314 1.000000 0.000000 0.000000 -0.560161 0.560161
0 -119.400000 -48.972439 13.122126 1.000000 0.000000 0.000000 -0.765194 0.205033
collar_bevel
0 -119.400000 -35.355339 35.355339 1.000000 0.000000 0.000000 -0.552427 0.552427
0 -119.400000 -48.972439 13.122126 1.000000 0.000000 0.000000 -0.765194 0.205033
0 -119.400000 -48.296291 12.940952 1.000000 0.000000 0.000000 -0.754630 0.202202
collar_bevel
0 -119.400000 -48.296291 12.940952 1.000000 0.000000 0.000000 -0.754630 0.202202
0 -119.400000 -48.972439 13.122126 1.000000 0.000000 0.000000 -0.765194 0.205033
0 -119.400000 -48.972439 -13.122126 1.000000 0.000000 0.000000 -0.765194 -0.205033
collar_bevel
0 -119.400000 -48.296291 12.940952 1.000000 0.000000 0.000000 -0.754630 0.202202
0 -119.400000 -48.972439 -13.122126 1.000000 0.000000 0.000000 -0.765194 -0.205033
0 -119.400000 -48.296291 -12.940952 1.000000 0.000000 0.000000 -0.754630 -0.202202
collar_bevel
0 -119.400000 -48.296291 -12.940952 1.000000 0.000000 0.000000 -0.754630 -0.202202
0 -119.400000 -48.972439 -13.122126 1.000000 0.000000 0.000000 -0.765194 -0.205033
0 -119.400000 -35.850314 -35.850314 1.000000 0.000000 0.000000 -0.560161 -0.560161
collar_bevel
0 -119.400000 -48.296291 -12.940952 1.000000 0.000000 0.000000 -0.754630 -0.202202
0 -119.400000 -35.850314 -35.850314 1.000000 0.000000 0.000000 -0.560161 -0.560161
0 -119.400000 -35.355339 -35.355339 1.000000 0.000000 0.000000 -0.552427 -0.552427
collar_bevel
0 -119.400000 -35.355339 -35.355339 1.000000 0.000000 0.000000 -0.552427 -0.552427
0 -119.400000 -35.850314 -35.850314 1.000000 0.000000 0.000000 -0.560161 -0.560161
0 -119.400000 -13.122126 -48.972439 1.000000 0.000000 0.000000 -0.205033 -0.765194
collar_bevel
0 -119.400000 -35.355339 -35.355339 1.000000 0.000000 0.000000 -0.552427 -0.552427
0 -119.400000 -13.122126 -48.972439 1.000000 0.000000 0.000000 -0.205033 -0.765194
0 -119.400000 -12.940952 -48.296291 1.000000 0.000000 0.000000 -0.202202 -0.754630
collar_bevel
0 -119.400000 -12.940952 -48.296291 1.000000 0.000000 0.000000 -0.202202 -0.754630
0 -119.400000 -13.122126 -48.972439 1.000000 0.000000 0.000000 -0.205033 -0.765194
0 -119.400000 13.122126 -48.972439 1.000000 0.000000 0.000000 0.205033 -0.765194
collar_bevel
0 -119.400000 -12.940952 -48.296291 1.000000 0.000000 0.000000 -0.202202 -0.754630
0 -119.400000 13.122126 -48.972439 1.000000 0.000000 0.000000 0.205033 -0.765194
0 -119.400000 12.940952 -48.296291 1.000000 0.000000 0.000000 0.202202 -0.754630
collar_bevel
0 -119.400000 12.940952 -48.296291 1.000000 0.000000 0.000000 0.202202 -0.754630
0 -119.400000 13.122126 -48.972439 1.000000 0.000000 0.000000 0.205033 -0.765194
0 -119.400000 35.850314 -35.850314 1.000000 0.000000 0.000000 0.560161 -0.560161
collar_bevel
0 -119.400000 12.940952 -48.296291 1.000000 0.000000 0.000000 0.202202 -0.754630
0 -119.400000 35.850314 -35.850314 1.000000 0.000000 0.000000 0.560161 -0.560161
0 -119.400000 35.355339 -35.355339 1.000000 0.000000 0.000000 0.552427 -0.552427
collar_bevel
0 -119.400000 35.355339 -35.355339 1.000000 0.000000 0.000000 0.552427 -0.552427
0 -119.400000 35.850314 -35.850314 1.000000 0.000000 0.000000 0.560161 -0.560161
0 -119.400000 48.972439 -13.122126 1.000000 0.000000 0.000000 0.765194 -0.205033
collar_bevel
0 -119.400000 35.355339 -35.355339 1.000000 0.000000 0.000000 0.552427 -0.552427
0 -119.400000 48.972439 -13.122126 1.000000 0.000000 0.000000 0.765194 -0.205033
0 -119.400000 48.296291 -12.940952 1.000000 0.000000 0.000000 0.754630 -0.202202
collar_bevel
0 -119.400000 48.296291 -12.940952 1.000000 0.000000 0.000000 0.754630 -0.202202
0 -119.400000 48.972439 -13.122126 1.000000 0.000000 0.000000 0.765194 -0.205033
0 -119.400000 48.972439 13.122126 1.000000 0.000000 0.000000 0.765194 0.205033
collar_bevel
0 -119.400000 48.296291 -12.940952 1.000000 0.000000 0.000000 0.754630 -0.202202
0 -119.400000 48.972439 13.122126 1.000000 0.000000 0.000000 0.765194 0.205033
0 -119.400000 48.296291 12.940952 1.000000 0.000000 0.000000 0.754630 0.202202
collar_dark
0 -119.400000 48.972439 13.122126 0.553204 -0.721439 -0.416523 -1.865625 0.205033
0 -117.800000 50.034958 13.406827 0.553204 -0.721439 -0.416523 -1.840625 0.209482
0 -117.800000 36.628131 36.628131 0.553204 -0.721439 -0.416523 -1.840625 0.572315
collar_dark
0 -119.400000 48.972439 13.122126 0.553204 -0.721439 -0.416523 -1.865625 0.205033
0 -117.800000 36.628131 36.628131 0.553204 -0.721439 -0.416523 -1.840625 0.572315
0 -119.400000 35.850314 35.850314 0.553204 -0.721439 -0.416523 -1.865625 0.560161
collar_dark
0 -119.400000 35.850314 35.850314 0.553204 -0.416523 -0.721439 -1.865625 0.560161
0 -117.800000 36.628131 36.628131 0.553204 -0.416523 -0.721439 -1.840625 0.572315
0 -117.800000 13.406827 50.034958 0.553204 -0.416523 -0.721439 -1.840625 0.209482
collar_dark
0 -119.400000 35.850314 35.850314 0.553204 -0.416523 -0.721439 -1.865625 0.560161
0 -117.800000 13.406827 50.034958 0.553204 -0.416523 -0.721439 -1.840625 0.209482
0 -119.400000 13.122126 48.972439 0.553204 -0.416523 -0.721439 -1.865625 0.205033
collar_dark
0 -119.400000 13.122126 48.972439 0.553204 0.000000 -0.833046 -1.865625 0.205033
0 -117.800000 13.406827 50.034958 0.553204 0.000000 -0.833046 -1.840625 0.209482
0 -117.800000 -13.406827 50.034958 0.553204 0.000000 -0.833046 -1.840625 -0.209482
collar_dark
0 -119.400000 13.122126 48.972439 0.553204 0.000000 -0.833046 -1.865625 0.205033
0 -117.800000 -13.406827 50.034958 0.553204 0.000000 -0.833046 -1.840625 -0.209482
0 -119.400000 -13.122126 48.972439 0.553204 0.000000 -0.833046 -1.865625 -0.205033
collar_dark
0 -119.400000 -13.122126 48.972439 0.553204 0.416523 -0.721439 -1.865625 -0.205033
0 -117.800000 -13.406827 50.034958 0.553204 0.416523 -0.721439 -1.840625 -0.209482
0 -117.800000 -36.628131 36.628131 0.553204 0.416523 -0.721439 -1.840625 -0.572315
collar_dark
0 -119.400000 -13.122126 48.972439 0.553204 0.416523 -0.721439 -1.865625 -0.205033
0 -117.800000 -36.628131 36.628131 0.553204 0.416523 -0.721439 -1.840625 -0.572315
0 -119.400000 -35.850314 35.850314 0.553204 0.416523 -0.721439 -1.865625 -0.560161
collar_dark
0 -119.400000 -35.850314 35.850314 0.553204 0.721439 -0.416523 -1.865625 0.560161
0 -117.800000 -36.628131 36.628131 0.553204 0.721439 -0.416523 -1.840625 0.572315
0 -117.800000 -50.034958 13.406827 0.553204 0.721439 -0.416523 -1.840625 0.209482
collar_dark
0 -119.400000 -35.850314 35.850314 0.553204 0.721439 -0.416523 -1.865625 0.560161
0 -117.800000 -50.034958 13.406827 0.553204 0.721439 -0.416523 -1.840625 0.209482
0 -119.400000 -48.972439 13.122126 0.553204 0.721439 -0.416523 -1.865625 0.205033
collar_dark
0 -119.400000 -48.972439 13.122126 0.553204 0.833046 -0.000000 -1.865625 0.205033
0 -117.800000 -50.034958 13.406827 0.553204 0.833046 -0.000000 -1.840625 0.209482
0 -117.800000 -50.034958 -13.406827 0.553204 0.833046 -0.000000 -1.840625 -0.209482
collar_dark
0 -119.400000 -48.972439 13.122126 0.553204 0.833046 -0.000000 -1.865625 0.205033
0 -117.800000 -50.034958 -13.406827 0.553204 0.833046 -0.000000 -1.840625 -0.209482
0 -119.400000 -48.972439 -13.122126 0.553204 0.833046 -0.000000 -1.865625 -0.205033
collar_dark
0 -119.400000 -48.972439 -13.122126 0.553204 0.721439 0.416523 -1.865625 -0.205033
0 -117.800000 -50.034958 -13.406827 0.553204 0.721439 0.416523 -1.840625 -0.209482
0 -117.800000 -36.628131 -36.628131 0.553204 0.721439 0.416523 -1.840625 -0.572315
collar_dark
0 -119.400000 -48.972439 -13.122126 0.553204 0.721439 0.416523 -1.865625 -0.205033
0 -117.800000 -36.628131 -36.628131 0.553204 0.721439 0.416523 -1.840625 -0.572315
0 -119.400000 -35.850314 -35.850314 0.553204 0.721439 0.416523 -1.865625 -0.560161
collar_dark
0 -119.400000 -35.850314 -35.850314 0.553204 0.416523 0.721439 -1.865625 -0.560161
0 -117.800000 -36.628131 -36.628131 0.553204 0.416523 0.721439 -1.840625 -0.572315
0 -117.800000 -13.406827 -50.034958 0.553204 0.416523 0.721439 -1.840625 -0.209482
collar_dark
0 -119.400000 -35.850314 -35.850314 0.553204 0.416523 0.721439 -1.865625 -0.560161
0 -117.800000 -13.406827 -50.034958 0.553204 0.416523 0.721439 -1.840625 -0.209482
0 -119.400000 -13.122126 -48.972439 0.553204 0.416523 0.721439 -1.865625 -0.205033
collar_dark
0 -119.400000 -13.122126 -48.972439 0.553204 0.000000 0.833046 -1.865625 -0.205033
0 -117.800000 -13.406827 -50.034958 0.553204 0.000000 0.833046 -1.840625 -0.209482
0 -117.800000 13.406827 -50.034958 0.553204 0.000000 0.833046 -1.840625 0.209482
collar_dark
0 -119.400000 -13.122126 -48.972439 0.553204 0.000000 0.833046 -1.865625 -0.205033
0 -117.800000 13.406827 -50.034958 0.553204 0.000000 0.833046 -1.840625 0.209482
0 -119.400000 13.122126 -48.972439 0.553204 0.000000 0.833046 -1.865625 0.205033
collar_dark
0 -119.400000 13.122126 -48.972439 0.553204 -0.416523 0.721439 -1.865625 0.205033
0 -117.800000 13.406827 -50.034958 0.553204 -0.416523 0.721439 -1.840625 0.209482
0 -117.800000 36.628131 -36.628131 0.553204 -0.416523 0.721439 -1.840625 0.572315
collar_dark
0 -119.400000 13.122126 -48.972439 0.553204 -0.416523 0.721439 -1.865625 0.205033
0 -117.800000 36.628131 -36.628131 0.553204 -0.416523 0.721439 -1.840625 0.572315
0 -119.400000 35.850314 -35.850314 0.553204 -0.416523 0.721439 -1.865625 0.560161
collar_dark
0 -119.400000 35.850314 -35.850314 0.553204 -0.721439 0.416523 -1.865625 -0.560161
0 -117.800000 36.628131 -36.628131 0.553204 -0.721439 0.416523 -1.840625 -0.572315
0 -117.800000 50.034958 -13.406827 0.553204 -0.721439 0.416523 -1.840625 -0.209482
collar_dark
0 -119.400000 35.850314 -35.850314 0.553204 -0.721439 0.416523 -1.865625 -0.560161
0 -117.800000 50.034958 -13.406827 0.553204 -0.721439 0.416523 -1.840625 -0.209482
0 -119.400000 48.972439 -13.122126 0.553204 -0.721439 0.416523 -1.865625 -0.205033
collar_dark
0 -119.400000 48.972439 -13.122126 0.553204 -0.833046 0.000000 -1.865625 -0.205033
0 -117.800000 50.034958 -13.406827 0.553204 -0.833046 0.000000 -1.840625 -0.209482
0 -117.800000 50.034958 13.406827 0.553204 -0.833046 0.000000 -1.840625 0.209482
collar_dark
0 -119.400000 48.972439 -13.122126 0.553204 -0.833046 0.000000 -1.865625 -0.205033
0 -117.800000 50.034958 13.406827 0.553204 -0.833046 0.000000 -1.840625 0.209482
0 -119.400000 48.972439 13.122126 0.553204 -0.833046 0.000000 -1.865625 0.205033
collar_bevel
0 -117.800000 50.034958 13.406827 1.000000 0.000000 0.000000 0.781796 0.209482
0 -117.800000 51.194069 13.717409 1.000000 0.000000 0.000000 0.799907 0.214335
0 -117.800000 37.476659 37.476659 1.000000 0.000000 0.000000 0.585573 0.585573
collar_bevel
0 -117.800000 50.034958 13.406827 1.000000 0.000000 0.000000 0.781796 0.209482
0 -117.800000 37.476659 37.476659 1.000000 0.000000 0.000000 0.585573 0.585573
0 -117.800000 36.628131 36.628131 1.000000 0.000000 0.000000 0.572315 0.572315
collar_bevel
0 -117.800000 36.628131 36.628131 1.000000 0.000000 0.000000 0.572315 0.572315
0 -117.800000 37.476659 37.476659 1.000000 0.000000 0.000000 0.585573 0.585573
0 -117.800000 13.717409 51.194069 1.000000 0.000000 0.000000 0.214335 0.799907
collar_bevel
0 -117.800000 36.628131 36.628131 1.000000 0.000000 0.000000 0.572315 0.572315
0 -117.800000 13.717409 51.194069 1.000000 0.000000 0.000000 0.214335 0.799907
0 -117.800000 13.406827 50.034958 1.000000 0.000000 0.000000 0.209482 0.781796
collar_bevel
0 -117.800000 13.406827 50.034958 1.000000 0.000000 0.000000 0.209482 0.781796
0 -117.800000 13.717409 51.194069 1.000000 0.000000 0.000000 0.214335 0.799907
0 -117.800000 -13.717409 51.194069 1.000000 0.000000 0.000000 -0.214335 0.799907
collar_bevel
0 -117.800000 13.406827 50.034958 1.000000 0.000000 0.000000 0.209482 0.781796
0 -117.800000 -13.717409 51.194069 1.000000 0.000000 0.000000 -0.214335 0.799907
0 -117.800000 -13.406827 50.034958 1.000000 0.000000 0.000000 -0.209482 0.781796
collar_bevel
0 -117.800000 -13.406827 50.034958 1.000000 0.000000 0.000000 -0.209482 0.781796
0 -117.800000 -13.717409 51.194069 1.000000 0.000000 0.000000 -0.214335 0.799907
0 -117.800000 -37.476659 37.476659 1.000000 0.000000 0.000000 -0.585573 0.585573
collar_bevel
0 -117.800000 -13.406827 50.034958 1.000000 0.000000 0.000000 -0.209482 0.781796
0 -117.800000 -37.476659 37.476659 1.000000 0.000000 0.000000 -0.585573 0.585573
0 -117.800000 -36.628131 36.628131 1.000000 0.000000 0.000000 -0.572315 0.572315
collar_bevel
0 -117.800000 -36.628131 36.628131 1.000000 0.000000 0.000000 -0.572315 0.572315
0 -117.800000 -37.476659 37.476659 1.000000 0.000000 0.000000 -0.585573 0.585573
0 -117.800000 -51.194069 13.717409 1.000000 0.000000 0.000000 -0.799907 0.214335
collar_bevel
0 -117.800000 -36.628131 36.628131 1.000000 0.000000 0.000000 -0.572315 0.572315
0 -117.800000 -51.194069 13.717409 1.000000 0.000000 0.000000 -0.799907 0.214335
0 -117.800000 -50.034958 13.406827 1.000000 0.000000 0.000000 -0.781796 0.209482
collar_bevel
0 -117.800000 -50.034958 13.406827 1.000000 0.000000 0.000000 -0.781796 0.209482
0 -117.800000 -51.194069 13.717409 1.000000 0.000000 0.000000 -0.799907 0.214335
0 -117.800000 -51.194069 -13.717409 1.000000 0.000000 0.000000 -0.799907 -0.214335
collar_bevel
0 -117.800000 -50.034958 13.406827 1.000000 0.000000 0.000000 -0.781796 0.209482
0 -117.800000 -51.194069 -13.717409 1.000000 0.000000 0.000000 -0.799907 -0.214335
0 -117.800000 -50.034958 -13.406827 1.000000 0.000000 0.000000 -0.781796 -0.209482
collar_bevel
0 -117.800000 -50.034958 -13.406827 1.000000 0.000000 0.000000 -0.781796 -0.209482
0 -117.800000 -51.194069 -13.717409 1.000000 0.000000 0.000000 -0.799907 -0.214335
0 -117.800000 -37.476659 -37.476659 1.000000 0.000000 0.000000 -0.585573 -0.585573
collar_bevel
0 -117.800000 -50.034958 -13.406827 1.000000 0.000000 0.000000 -0.781796 -0.209482
0 -117.800000 -37.476659 -37.476659 1.000000 0.000000 0.000000 -0.585573 -0.585573
0 -117.800000 -36.628131 -36.628131 1.000000 0.000000 0.000000 -0.572315 -0.572315
collar_bevel
0 -117.800000 -36.628131 -36.628131 1.000000 0.000000 0.000000 -0.572315 -0.572315
0 -117.800000 -37.476659 -37.476659 1.000000 0.000000 0.000000 -0.585573 -0.585573
0 -117.800000 -13.717409 -51.194069 1.000000 0.000000 0.000000 -0.214335 -0.799907
collar_bevel
0 -117.800000 -36.628131 -36.628131 1.000000 0.000000 0.000000 -0.572315 -0.572315
0 -117.800000 -13.717409 -51.194069 1.000000 0.000000 0.000000 -0.214335 -0.799907
0 -117.800000 -13.406827 -50.034958 1.000000 0.000000 0.000000 -0.209482 -0.781796
collar_bevel
0 -117.800000 -13.406827 -50.034958 1.000000 0.000000 0.000000 -0.209482 -0.781796
0 -117.800000 -13.717409 -51.194069 1.000000 0.000000 0.000000 -0.214335 -0.799907
0 -117.800000 13.717409 -51.194069 1.000000 0.000000 0.000000 0.214335 -0.799907
collar_bevel
0 -117.800000 -13.406827 -50.034958 1.000000 0.000000 0.000000 -0.209482 -0.781796
0 -117.800000 13.717409 -51.194069 1.000000 0.000000 0.000000 0.214335 -0.799907
0 -117.800000 13.406827 -50.034958 1.000000 0.000000 0.000000 0.209482 -0.781796
collar_bevel
0 -117.800000 13.406827 -50.034958 1.000000 0.000000 0.000000 0.209482 -0.781796
0 -117.800000 13.717409 -51.194069 1.000000 0.000000 0.000000 0.214335 -0.799907
0 -117.800000 37.476659 -37.476659 1.000000 0.000000 0.000000 0.585573 -0.585573
collar_bevel
0 -117.800000 13.406827 -50.034958 1.000000 0.000000 0.000000 0.209482 -0.781796
0 -117.800000 37.476659 -37.476659 1.000000 0.000000 0.000000 0.585573 -0.585573
0 -117.800000 36.628131 -36.628131 1.000000 0.000000 0.000000 0.572315 -0.572315
collar_bevel
0 -117.800000 36.628131 -36.628131 1.000000 0.000000 0.000000 0.572315 -0.572315
0 -117.800000 37.476659 -37.476659 1.000000 0.000000 0.000000 0.585573 -0.585573
0 -117.800000 51.194069 -13.717409 1.000000 0.000000 0.000000 0.799907 -0.214335
collar_bevel
0 -117.800000 36.628131 -36.628131 1.000000 0.000000 0.000000 0.572315 -0.572315
0 -117.800000 51.194069 -13.717409 1.000000 0.000000 0.000000 0.799907 -0.214335
0 -117.800000 50.034958 -13.406827 1.000000 0.000000 0.000000 0.781796 -0.209482
collar_bevel
0 -117.800000 50.034958 -13.406827 1.000000 0.000000 0.000000 0.781796 -0.209482
0 -117.800000 51.194069 -13.717409 1.000000 0.000000 0.000000 0.799907 -0.214335
0 -117.800000 51.194069 13.717409 1.000000 0.000000 0.000000 0.799907 0.214335
collar_bevel
0 -117.800000 50.034958 -13.406827 1.000000 0.000000 0.000000 0.781796 -0.209482
0 -117.800000 51.194069 13.717409 1.000000 0.000000 0.000000 0.799907 0.214335
0 -117.800000 50.034958 13.406827 1.000000 0.000000 0.000000 0.781796 0.209482
collar_bevel
0 -117.800000 51.194069 13.717409 0.541408 0.728120 0.420380 -1.840625 0.214335
0 -119.000000 51.966809 13.924465 0.541408 0.728120 0.420380 -1.859375 0.217570
0 -119.000000 38.042345 38.042345 0.541408 0.728120 0.420380 -1.859375 0.594412
collar_bevel
0 -117.800000 51.194069 13.717409 0.541408 0.728120 0.420380 -1.840625 0.214335
0 -119.000000 38.042345 38.042345 0.541408 0.728120 0.420380 -1.859375 0.594412
0 -117.800000 37.476659 37.476659 0.541408 0.728120 0.420380 -1.840625 0.585573
collar_bevel
0 -117.800000 37.476659 37.476659 0.541408 0.420380 0.728120 -1.840625 0.585573
0 -119.000000 38.042345 38.042345 0.541408 0.420380 0.728120 -1.859375 0.594412
0 -119.000000 13.924465 51.966809 0.541408 0.420380 0.728120 -1.859375 0.217570
collar_bevel
0 -117.800000 37.476659 37.476659 0.541408 0.420380 0.728120 -1.840625 0.585573
0 -119.000000 13.924465 51.966809 0.541408 0.420380 0.728120 -1.859375 0.217570
0 -117.800000 13.717409 51.194069 0.541408 0.420380 0.728120 -1.840625 0.214335
collar_bevel
0 -117.800000 13.717409 51.194069 0.541408 0.000000 0.840760 -1.840625 0.214335
0 -119.000000 13.924465 51.966809 0.541408 0.000000 0.840760 -1.859375 0.217570
0 -119.000000 -13.924465 51.966809 0.541408 0.000000 0.840760 -1.859375 -0.217570
collar_bevel
0 -117.800000 13.717409 51.194069 0.541408 0.000000 0.840760 -1.840625 0.214335
0 -119.000000 -13.924465 51.966809 0.541408 0.000000 0.840760 -1.859375 -0.217570
0 -117.800000 -13.717409 51.194069 0.541408 0.000000 0.840760 -1.840625 -0.214335
collar_bevel
0 -117.800000 -13.717409 51.194069 0.541408 -0.420380 0.728120 -1.840625 -0.214335
0 -119.000000 -13.924465 51.966809 0.541408 -0.420380 0.728120 -1.859375 -0.217570
0 -119.000000 -38.042345 38.042345 0.541408 -0.420380 0.728120 -1.859375 -0.594412
collar_bevel
0 -117.800000 -13.717409 51.194069 0.541408 -0.420380 0.728120 -1.840625 -0.214335
0 -119.000000 -38.042345 38.042345 0.541408 -0.420380 0.728120 -1.859375 -0.594412
0 -117.800000 -37.476659 37.476659 0.541408 -0.420380 0.728120 -1.840625 -0.585573
collar_bevel
0 -117.800000 -37.476659 37.476659 0.541408 -0.728120 0.420380 -1.840625 0.585573
0 -119.000000 -38.042345 38.042345 0.541408 -0.728120 0.420380 -1.859375 0.594412
0 -119.000000 -51.966809 13.924465 0.541408 -0.728120 0.420380 -1.859375 0.217570
collar_bevel
0 -117.800000 -37.476659 37.476659 0.541408 -0.728120 0.420380 -1.840625 0.585573
0 -119.000000 -51.966809 13.924465 0.541408 -0.728120 0.420380 -1.859375 0.217570
0 -117.800000 -51.194069 13.717409 0.541408 -0.728120 0.420380 -1.840625 0.214335
collar_bevel
0 -117.800000 -51.194069 13.717409 0.541408 -0.840760 0.000000 -1.840625 0.214335
0 -119.000000 -51.966809 13.924465 0.541408 -0.840760 0.000000 -1.859375 0.217570
0 -119.000000 -51.966809 -13.924465 0.541408 -0.840760 0.000000 -1.859375 -0.217570
collar_bevel
0 -117.800000 -51.194069 13.717409 0.541408 -0.840760 0.000000 -1.840625 0.214335
0 -119.000000 -51.966809 -13.924465 0.541408 -0.840760 0.000000 -1.859375 -0.217570
0 -117.800000 -51.194069 -13.717409 0.541408 -0.840760 0.000000 -1.840625 -0.214335
collar_bevel
0 -117.800000 -51.194069 -13.717409 0.541408 -0.728120 -0.420380 -1.840625 -0.214335
0 -119.000000 -51.966809 -13.924465 0.541408 -0.728120 -0.420380 -1.859375 -0.217570
0 -119.000000 -38.042345 -38.042345 0.541408 -0.728120 -0.420380 -1.859375 -0.594412
collar_bevel
0 -117.800000 -51.194069 -13.717409 0.541408 -0.728120 -0.420380 -1.840625 -0.214335
0 -119.000000 -38.042345 -38.042345 0.541408 -0.728120 -0.420380 -1.859375 -0.594412
0 -117.800000 -37.476659 -37.476659 0.541408 -0.728120 -0.420380 -1.840625 -0.585573
collar_bevel
0 -117.800000 -37.476659 -37.476659 0.541408 -0.420380 -0.728120 -1.840625 -0.585573
0 -119.000000 -38.042345 -38.042345 0.541408 -0.420380 -0.728120 -1.859375 -0.594412
0 -119.000000 -13.924465 -51.966809 0.541408 -0.420380 -0.728120 -1.859375 -0.217570
collar_bevel
0 -117.800000 -37.476659 -37.476659 0.541408 -0.420380 -0.728120 -1.840625 -0.585573
0 -119.000000 -13.924465 -51.966809 0.541408 -0.420380 -0.728120 -1.859375 -0.217570
0 -117.800000 -13.717409 -51.194069 0.541408 -0.420380 -0.728120 -1.840625 -0.214335
collar_bevel
0 -117.800000 -13.717409 -51.194069 0.541408 -0.000000 -0.840760 -1.840625 -0.214335
0 -119.000000 -13.924465 -51.966809 0.541408 -0.000000 -0.840760 -1.859375 -0.217570
0 -119.000000 13.924465 -51.966809 0.541408 -0.000000 -0.840760 -1.859375 0.217570
collar_bevel
0 -117.800000 -13.717409 -51.194069 0.541408 -0.000000 -0.840760 -1.840625 -0.214335
0 -119.000000 13.924465 -51.966809 0.541408 -0.000000 -0.840760 -1.859375 0.217570
0 -117.800000 13.717409 -51.194069 0.541408 -0.000000 -0.840760 -1.840625 0.214335
collar_bevel
0 -117.800000 13.717409 -51.194069 0.541408 0.420380 -0.728120 -1.840625 0.214335
0 -119.000000 13.924465 -51.966809 0.541408 0.420380 -0.728120 -1.859375 0.217570
0 -119.000000 38.042345 -38.042345 0.541408 0.420380 -0.728120 -1.859375 0.594412
collar_bevel
0 -117.800000 13.717409 -51.194069 0.541408 0.420380 -0.728120 -1.840625 0.214335
0 -119.000000 38.042345 -38.042345 0.541408 0.420380 -0.728120 -1.859375 0.594412
0 -117.800000 37.476659 -37.476659 0.541408 0.420380 -0.728120 -1.840625 0.585573
collar_bevel
0 -117.800000 37.476659 -37.476659 0.541408 0.728120 -0.420380 -1.840625 -0.585573
0 -119.000000 38.042345 -38.042345 0.541408 0.728120 -0.420380 -1.859375 -0.594412
0 -119.000000 51.966809 -13.924465 0.541408 0.728120 -0.420380 -1.859375 -0.217570
collar_bevel
0 -117.800000 37.476659 -37.476659 0.541408 0.728120 -0.420380 -1.840625 -0.585573
0 -119.000000 51.966809 -13.924465 0.541408 0.728120 -0.420380 -1.859375 -0.217570
0 -117.800000 51.194069 -13.717409 0.541408 0.728120 -0.420380 -1.840625 -0.214335
collar_bevel
0 -117.800000 51.194069 -13.717409 0.541408 0.840760 -0.000000 -1.840625 -0.214335
0 -119.000000 51.966809 -13.924465 0.541408 0.840760 -0.000000 -1.859375 -0.217570
0 -119.000000 51.966809 13.924465 0.541408 0.840760 -0.000000 -1.859375 0.217570
collar_bevel
0 -117.800000 51.194069 -13.717409 0.541408 0.840760 -0.000000 -1.840625 -0.214335
0 -119.000000 51.966809 13.924465 0.541408 0.840760 -0.000000 -1.859375 0.217570
0 -117.800000 51.194069 13.717409 0.541408 0.840760 -0.000000 -1.840625 0.214335
collar_bevel
0 -119.000000 51.966809 13.924465 1.000000 0.000000 0.000000 0.811981 0.217570
0 -119.000000 53.608883 14.364457 1.000000 0.000000 0.000000 0.837639 0.224445
0 -119.000000 39.244426 39.244426 1.000000 0.000000 0.000000 0.613194 0.613194
collar_bevel
0 -119.000000 51.966809 13.924465 1.000000 0.000000 0.000000 0.811981 0.217570
0 -119.000000 39.244426 39.244426 1.000000 0.000000 0.000000 0.613194 0.613194
0 -119.000000 38.042345 38.042345 1.000000 0.000000 0.000000 0.594412 0.594412
collar_bevel
0 -119.000000 38.042345 38.042345 1.000000 0.000000 0.000000 0.594412 0.594412
0 -119.000000 39.244426 39.244426 1.000000 0.000000 0.000000 0.613194 0.613194
0 -119.000000 14.364457 53.608883 1.000000 0.000000 0.000000 0.224445 0.837639
collar_bevel
0 -119.000000 38.042345 38.042345 1.000000 0.000000 0.000000 0.594412 0.594412
0 -119.000000 14.364457 53.608883 1.000000 0.000000 0.000000 0.224445 0.837639
0 -119.000000 13.924465 51.966809 1.000000 0.000000 0.000000 0.217570 0.811981
collar_bevel
0 -119.000000 13.924465 51.966809 1.000000 0.000000 0.000000 0.217570 0.811981
0 -119.000000 14.364457 53.608883 1.000000 0.000000 0.000000 0.224445 0.837639
0 -119.000000 -14.364457 53.608883 1.000000 0.000000 0.000000 -0.224445 0.837639
collar_bevel
0 -119.000000 13.924465 51.966809 1.000000 0.000000 0.000000 0.217570 0.811981
0 -119.000000 -14.364457 53.608883 1.000000 0.000000 0.000000 -0.224445 0.837639
0 -119.000000 -13.924465 51.966809 1.000000 0.000000 0.000000 -0.217570 0.811981
collar_bevel
0 -119.000000 -13.924465 51.966809 1.000000 0.000000 0.000000 -0.217570 0.811981
0 -119.000000 -14.364457 53.608883 1.000000 0.000000 0.000000 -0.224445 0.837639
0 -119.000000 -39.244426 39.244426 1.000000 0.000000 0.000000 -0.613194 0.613194
collar_bevel
0 -119.000000 -13.924465 51.966809 1.000000 0.000000 0.000000 -0.217570 0.811981
0 -119.000000 -39.244426 39.244426 1.000000 0.000000 0.000000 -0.613194 0.613194
0 -119.000000 -38.042345 38.042345 1.000000 0.000000 0.000000 -0.594412 0.594412
collar_bevel
0 -119.000000 -38.042345 38.042345 1.000000 0.000000 0.000000 -0.594412 0.594412
0 -119.000000 -39.244426 39.244426 1.000000 0.000000 0.000000 -0.613194 0.613194
0 -119.000000 -53.608883 14.364457 1.000000 0.000000 0.000000 -0.837639 0.224445
collar_bevel
0 -119.000000 -38.042345 38.042345 1.000000 0.000000 0.000000 -0.594412 0.594412
0 -119.000000 -53.608883 14.364457 1.000000 0.000000 0.000000 -0.837639 0.224445
0 -119.000000 -51.966809 13.924465 1.000000 0.000000 0.000000 -0.811981 0.217570
collar_bevel
0 -119.000000 -51.966809 13.924465 1.000000 0.000000 0.000000 -0.811981 0.217570
0 -119.000000 -53.608883 14.364457 1.000000 0.000000 0.000000 -0.837639 0.224445
0 -119.000000 -53.608883 -14.364457 1.000000 0.000000 0.000000 -0.837639 -0.224445
collar_bevel
0 -119.000000 -51.966809 13.924465 1.000000 0.000000 0.000000 -0.811981 0.217570
0 -119.000000 -53.608883 -14.364457 1.000000 0.000000 0.000000 -0.837639 -0.224445
0 -119.000000 -51.966809 -13.924465 1.000000 0.000000 0.000000 -0.811981 -0.217570
collar_bevel
0 -119.000000 -51.966809 -13.924465 1.000000 0.000000 0.000000 -0.811981 -0.217570
0 -119.000000 -53.608883 -14.364457 1.000000 0.000000 0.000000 -0.837639 -0.224445
0 -119.000000 -39.244426 -39.244426 1.000000 0.000000 0.000000 -0.613194 -0.613194
collar_bevel
0 -119.000000 -51.966809 -13.924465 1.000000 0.000000 0.000000 -0.811981 -0.217570
0 -119.000000 -39.244426 -39.244426 1.000000 0.000000 0.000000 -0.613194 -0.613194
0 -119.000000 -38.042345 -38.042345 1.000000 0.000000 0.000000 -0.594412 -0.594412
collar_bevel
0 -119.000000 -38.042345 -38.042345 1.000000 0.000000 0.000000 -0.594412 -0.594412
0 -119.000000 -39.244426 -39.244426 1.000000 0.000000 0.000000 -0.613194 -0.613194
0 -119.000000 -14.364457 -53.608883 1.000000 0.000000 0.000000 -0.224445 -0.837639
collar_bevel
0 -119.000000 -38.042345 -38.042345 1.000000 0.000000 0.000000 -0.594412 -0.594412
0 -119.000000 -14.364457 -53.608883 1.000000 0.000000 0.000000 -0.224445 -0.837639
0 -119.000000 -13.924465 -51.966809 1.000000 0.000000 0.000000 -0.217570 -0.811981
collar_bevel
0 -119.000000 -13.924465 -51.966809 1.000000 0.000000 0.000000 -0.217570 -0.811981
0 -119.000000 -14.364457 -53.608883 1.000000 0.000000 0.000000 -0.224445 -0.837639
0 -119.000000 14.364457 -53.608883 1.000000 0.000000 0.000000 0.224445 -0.837639
collar_bevel
0 -119.000000 -13.924465 -51.966809 1.000000 0.000000 0.000000 -0.217570 -0.811981
0 -119.000000 14.364457 -53.608883 1.000000 0.000000 0.000000 0.224445 -0.837639
0 -119.000000 13.924465 -51.966809 1.000000 0.000000 0.000000 0.217570 -0.811981
collar_bevel
0 -119.000000 13.924465 -51.966809 1.000000 0.000000 0.000000 0.217570 -0.811981
0 -119.000000 14.364457 -53.608883 1.000000 0.000000 0.000000 0.224445 -0.837639
0 -119.000000 39.244426 -39.244426 1.000000 0.000000 0.000000 0.613194 -0.613194
collar_bevel
0 -119.000000 13.924465 -51.966809 1.000000 0.000000 0.000000 0.217570 -0.811981
0 -119.000000 39.244426 -39.244426 1.000000 0.000000 0.000000 0.613194 -0.613194
0 -119.000000 38.042345 -38.042345 1.000000 0.000000 0.000000 0.594412 -0.594412
collar_bevel
0 -119.000000 38.042345 -38.042345 1.000000 0.000000 0.000000 0.594412 -0.594412
0 -119.000000 39.244426 -39.244426 1.000000 0.000000 0.000000 0.613194 -0.613194
0 -119.000000 53.608883 -14.364457 1.000000 0.000000 0.000000 0.837639 -0.224445
collar_bevel
0 -119.000000 38.042345 -38.042345 1.000000 0.000000 0.000000 0.594412 -0.594412
0 -119.000000 53.608883 -14.364457 1.000000 0.000000 0.000000 0.837639 -0.224445
0 -119.000000 51.966809 -13.924465 1.000000 0.000000 0.000000 0.811981 -0.217570
collar_bevel
0 -119.000000 51.966809 -13.924465 1.000000 0.000000 0.000000 0.811981 -0.217570
0 -119.000000 53.608883 -14.364457 1.000000 0.000000 0.000000 0.837639 -0.224445
0 -119.000000 53.608883 14.364457 1.000000 0.000000 0.000000 0.837639 0.224445
collar_bevel
0 -119.000000 51.966809 -13.924465 1.000000 0.000000 0.000000 0.811981 -0.217570
0 -119.000000 53.608883 14.364457 1.000000 0.000000 0.000000 0.837639 0.224445
0 -119.000000 51.966809 13.924465 1.000000 0.000000 0.000000 0.811981 0.217570
collar_bevel
0 -119.000000 53.608883 14.364457 0.234734 0.841828 0.486030 -1.859375 0.224445
0 -121.000000 54.091846 14.493867 0.234734 0.841828 0.486030 -1.890625 0.226467
0 -121.000000 39.597980 39.597980 0.234734 0.841828 0.486030 -1.890625 0.618718
collar_bevel
0 -119.000000 53.608883 14.364457 0.234734 0.841828 0.486030 -1.859375 0.224445
0 -121.000000 39.597980 39.597980 0.234734 0.841828 0.486030 -1.890625 0.618718
0 -119.000000 39.244426 39.244426 0.234734 0.841828 0.486030 -1.859375 0.613194
collar_bevel
0 -119.000000 39.244426 39.244426 0.234734 0.486030 0.841828 -1.859375 0.613194
0 -121.000000 39.597980 39.597980 0.234734 0.486030 0.841828 -1.890625 0.618718
0 -121.000000 14.493867 54.091846 0.234734 0.486030 0.841828 -1.890625 0.226467
collar_bevel
0 -119.000000 39.244426 39.244426 0.234734 0.486030 0.841828 -1.859375 0.613194
0 -121.000000 14.493867 54.091846 0.234734 0.486030 0.841828 -1.890625 0.226467
0 -119.000000 14.364457 53.608883 0.234734 0.486030 0.841828 -1.859375 0.224445
collar_bevel
0 -119.000000 14.364457 53.608883 0.234734 0.000000 0.972060 -1.859375 0.224445
0 -121.000000 14.493867 54.091846 0.234734 0.000000 0.972060 -1.890625 0.226467
0 -121.000000 -14.493867 54.091846 0.234734 0.000000 0.972060 -1.890625 -0.226467
collar_bevel
0 -119.000000 14.364457 53.608883 0.234734 0.000000 0.972060 -1.859375 0.224445
0 -121.000000 -14.493867 54.091846 0.234734 0.000000 0.972060 -1.890625 -0.226467
0 -119.000000 -14.364457 53.608883 0.234734 0.000000 0.972060 -1.859375 -0.224445
collar_bevel
0 -119.000000 -14.364457 53.608883 0.234734 -0.486030 0.841828 -1.859375 -0.224445
0 -121.000000 -14.493867 54.091846 0.234734 -0.486030 0.841828 -1.890625 -0.226467
0 -121.000000 -39.597980 39.597980 0.234734 -0.486030 0.841828 -1.890625 -0.618718
collar_bevel
0 -119.000000 -14.364457 53.608883 0.234734 -0.486030 0.841828 -1.859375 -0.224445
0 -121.000000 -39.597980 39.597980 0.234734 -0.486030 0.841828 -1.890625 -0.618718
0 -119.000000 -39.244426 39.244426 0.234734 -0.486030 0.841828 -1.859375 -0.613194
collar_bevel
0 -119.000000 -39.244426 39.244426 0.234734 -0.841828 0.486030 -1.859375 0.613194
0 -121.000000 -39.597980 39.597980 0.234734 -0.841828 0.486030 -1.890625 0.618718
0 -121.000000 -54.091846 14.493867 0.234734 -0.841828 0.486030 -1.890625 0.226467
collar_bevel
0 -119.000000 -39.244426 39.244426 0.234734 -0.841828 0.486030 -1.859375 0.613194
0 -121.000000 -54.091846 14.493867 0.234734 -0.841828 0.486030 -1.890625 0.226467
0 -119.000000 -53.608883 14.364457 0.234734 -0.841828 0.486030 -1.859375 0.224445
collar_bevel
0 -119.000000 -53.608883 14.364457 0.234734 -0.972060 0.000000 -1.859375 0.224445
0 -121.000000 -54.091846 14.493867 0.234734 -0.972060 0.000000 -1.890625 0.226467
0 -121.000000 -54.091846 -14.493867 0.234734 -0.972060 0.000000 -1.890625 -0.226467
collar_bevel
0 -119.000000 -53.608883 14.364457 0.234734 -0.972060 0.000000 -1.859375 0.224445
0 -121.000000 -54.091846 -14.493867 0.234734 -0.972060 0.000000 -1.890625 -0.226467
0 -119.000000 -53.608883 -14.364457 0.234734 -0.972060 0.000000 -1.859375 -0.224445
collar_bevel
0 -119.000000 -53.608883 -14.364457 0.234734 -0.841828 -0.486030 -1.859375 -0.224445
0 -121.000000 -54.091846 -14.493867 0.234734 -0.841828 -0.486030 -1.890625 -0.226467
0 -121.000000 -39.597980 -39.597980 0.234734 -0.841828 -0.486030 -1.890625 -0.618718
collar_bevel
0 -119.000000 -53.608883 -14.364457 0.234734 -0.841828 -0.486030 -1.859375 -0.224445
0 -121.000000 -39.597980 -39.597980 0.234734 -0.841828 -0.486030 -1.890625 -0.618718
0 -119.000000 -39.244426 -39.244426 0.234734 -0.841828 -0.486030 -1.859375 -0.613194
collar_bevel
0 -119.000000 -39.244426 -39.244426 0.234734 -0.486030 -0.841828 -1.859375 -0.613194
0 -121.000000 -39.597980 -39.597980 0.234734 -0.486030 -0.841828 -1.890625 -0.618718
0 -121.000000 -14.493867 -54.091846 0.234734 -0.486030 -0.841828 -1.890625 -0.226467
collar_bevel
0 -119.000000 -39.244426 -39.244426 0.234734 -0.486030 -0.841828 -1.859375 -0.613194
0 -121.000000 -14.493867 -54.091846 0.234734 -0.486030 -0.841828 -1.890625 -0.226467
0 -119.000000 -14.364457 -53.608883 0.234734 -0.486030 -0.841828 -1.859375 -0.224445
collar_bevel
0 -119.000000 -14.364457 -53.608883 0.234734 -0.000000 -0.972060 -1.859375 -0.224445
0 -121.000000 -14.493867 -54.091846 0.234734 -0.000000 -0.972060 -1.890625 -0.226467
0 -121.000000 14.493867 -54.091846 0.234734 -0.000000 -0.972060 -1.890625 0.226467
collar_bevel
0 -119.000000 -14.364457 -53.608883 0.234734 -0.000000 -0.972060 -1.859375 -0.224445
0 -121.000000 14.493867 -54.091846 0.234734 -0.000000 -0.972060 -1.890625 0.226467
0 -119.000000 14.364457 -53.608883 0.234734 -0.000000 -0.972060 -1.859375 0.224445
collar_bevel
0 -119.000000 14.364457 -53.608883 0.234734 0.486030 -0.841828 -1.859375 0.224445
0 -121.000000 14.493867 -54.091846 0.234734 0.486030 -0.841828 -1.890625 0.226467
0 -121.000000 39.597980 -39.597980 0.234734 0.486030 -0.841828 -1.890625 0.618718
collar_bevel
0 -119.000000 14.364457 -53.608883 0.234734 0.486030 -0.841828 -1.859375 0.224445
0 -121.000000 39.597980 -39.597980 0.234734 0.486030 -0.841828 -1.890625 0.618718
0 -119.000000 39.244426 -39.244426 0.234734 0.486030 -0.841828 -1.859375 0.613194
collar_bevel
0 -119.000000 39.244426 -39.244426 0.234734 0.841828 -0.486030 -1.859375 -0.613194
0 -121.000000 39.597980 -39.597980 0.234734 0.841828 -0.486030 -1.890625 -0.618718
0 -121.000000 54.091846 -14.493867 0.234734 0.841828 -0.486030 -1.890625 -0.226467
collar_bevel
0 -119.000000 39.244426 -39.244426 0.234734 0.841828 -0.486030 -1.859375 -0.613194
0 -121.000000 54.091846 -14.493867 0.234734 0.841828 -0.486030 -1.890625 -0.226467
0 -119.000000 53.608883 -14.364457 0.234734 0.841828 -0.486030 -1.859375 -0.224445
collar_bevel
0 -119.000000 53.608883 -14.364457 0.234734 0.972060 -0.000000 -1.859375 -0.224445
0 -121.000000 54.091846 -14.493867 0.234734 0.972060 -0.000000 -1.890625 -0.226467
0 -121.000000 54.091846 14.493867 0.234734 0.972060 -0.000000 -1.890625 0.226467
collar_bevel
0 -119.000000 53.608883 -14.364457 0.234734 0.972060 -0.000000 -1.859375 -0.224445
0 -121.000000 54.091846 14.493867 0.234734 0.972060 -0.000000 -1.890625 0.226467
0 -119.000000 53.608883 14.364457 0.234734 0.972060 -0.000000 -1.859375 0.224445
collar_orange
0 -121.000000 54.091846 14.493867 1.000000 0.000000 0.000000 0.845185 0.226467
0 -121.000000 61.819253 16.564419 1.000000 0.000000 0.000000 0.965926 0.258819
0 -121.000000 45.254834 45.254834 1.000000 0.000000 0.000000 0.707107 0.707107
collar_orange
0 -121.000000 54.091846 14.493867 1.000000 0.000000 0.000000 0.845185 0.226467
0 -121.000000 45.254834 45.254834 1.000000 0.000000 0.000000 0.707107 0.707107
0 -121.000000 39.597980 39.597980 1.000000 0.000000 0.000000 0.618718 0.618718
collar_orange
0 -121.000000 39.597980 39.597980 1.000000 0.000000 0.000000 0.618718 0.618718
0 -121.000000 45.254834 45.254834 1.000000 0.000000 0.000000 0.707107 0.707107
0 -121.000000 16.564419 61.819253 1.000000 0.000000 0.000000 0.258819 0.965926
collar_orange
0 -121.000000 39.597980 39.597980 1.000000 0.000000 0.000000 0.618718 0.618718
0 -121.000000 16.564419 61.819253 1.000000 0.000000 0.000000 0.258819 0.965926
0 -121.000000 14.493867 54.091846 1.000000 0.000000 0.000000 0.226467 0.845185
collar_orange
0 -121.000000 14.493867 54.091846 1.000000 0.000000 0.000000 0.226467 0.845185
0 -121.000000 16.564419 61.819253 1.000000 0.000000 0.000000 0.258819 0.965926
0 -121.000000 -16.564419 61.819253 1.000000 0.000000 0.000000 -0.258819 0.965926
collar_orange
0 -121.000000 14.493867 54.091846 1.000000 0.000000 0.000000 0.226467 0.845185
0 -121.000000 -16.564419 61.819253 1.000000 0.000000 0.000000 -0.258819 0.965926
0 -121.000000 -14.493867 54.091846 1.000000 0.000000 0.000000 -0.226467 0.845185
collar_orange
0 -121.000000 -14.493867 54.091846 1.000000 0.000000 0.000000 -0.226467 0.845185
0 -121.000000 -16.564419 61.819253 1.000000 0.000000 0.000000 -0.258819 0.965926
0 -121.000000 -45.254834 45.254834 1.000000 0.000000 0.000000 -0.707107 0.707107
collar_orange
0 -121.000000 -14.493867 54.091846 1.000000 0.000000 0.000000 -0.226467 0.845185
0 -121.000000 -45.254834 45.254834 1.000000 0.000000 0.000000 -0.707107 0.707107
0 -121.000000 -39.597980 39.597980 1.000000 0.000000 0.000000 -0.618718 0.618718
collar_orange
0 -121.000000 -39.597980 39.597980 1.000000 0.000000 0.000000 -0.618718 0.618718
0 -121.000000 -45.254834 45.254834 1.000000 0.000000 0.000000 -0.707107 0.707107
0 -121.000000 -61.819253 16.564419 1.000000 0.000000 0.000000 -0.965926 0.258819
collar_orange
0 -121.000000 -39.597980 39.597980 1.000000 0.000000 0.000000 -0.618718 0.618718
0 -121.000000 -61.819253 16.564419 1.000000 0.000000 0.000000 -0.965926 0.258819
0 -121.000000 -54.091846 14.493867 1.000000 0.000000 0.000000 -0.845185 0.226467
collar_orange
0 -121.000000 -54.091846 14.493867 1.000000 0.000000 0.000000 -0.845185 0.226467
0 -121.000000 -61.819253 16.564419 1.000000 0.000000 0.000000 -0.965926 0.258819
0 -121.000000 -61.819253 -16.564419 1.000000 0.000000 0.000000 -0.965926 -0.258819
collar_orange
0 -121.000000 -54.091846 14.493867 1.000000 0.000000 0.000000 -0.845185 0.226467
0 -121.000000 -61.819253 -16.564419 1.000000 0.000000 0.000000 -0.965926 -0.258819
0 -121.000000 -54.091846 -14.493867 1.000000 0.000000 0.000000 -0.845185 -0.226467
collar_orange
0 -121.000000 -54.091846 -14.493867 1.000000 0.000000 0.000000 -0.845185 -0.226467
0 -121.000000 -61.819253 -16.564419 1.000000 0.000000 0.000000 -0.965926 -0.258819
0 -121.000000 -45.254834 -45.254834 1.000000 0.000000 0.000000 -0.707107 -0.707107
collar_orange
0 -121.000000 -54.091846 -14.493867 1.000000 0.000000 0.000000 -0.845185 -0.226467
0 -121.000000 -45.254834 -45.254834 1.000000 0.000000 0.000000 -0.707107 -0.707107
0 -121.000000 -39.597980 -39.597980 1.000000 0.000000 0.000000 -0.618718 -0.618718
collar_orange
0 -121.000000 -39.597980 -39.597980 1.000000 0.000000 0.000000 -0.618718 -0.618718
0 -121.000000 -45.254834 -45.254834 1.000000 0.000000 0.000000 -0.707107 -0.707107
0 -121.000000 -16.564419 -61.819253 1.000000 0.000000 0.000000 -0.258819 -0.965926
collar_orange
0 -121.000000 -39.597980 -39.597980 1.000000 0.000000 0.000000 -0.618718 -0.618718
0 -121.000000 -16.564419 -61.819253 1.000000 0.000000 0.000000 -0.258819 -0.965926
0 -121.000000 -14.493867 -54.091846 1.000000 0.000000 0.000000 -0.226467 -0.845185
collar_orange
0 -121.000000 -14.493867 -54.091846 1.000000 0.000000 0.000000 -0.226467 -0.845185
0 -121.000000 -16.564419 -61.819253 1.000000 0.000000 0.000000 -0.258819 -0.965926
0 -121.000000 16.564419 -61.819253 1.000000 0.000000 0.000000 0.258819 -0.965926
collar_orange
0 -121.000000 -14.493867 -54.091846 1.000000 0.000000 0.000000 -0.226467 -0.845185
0 -121.000000 16.564419 -61.819253 1.000000 0.000000 0.000000 0.258819 -0.965926
0 -121.000000 14.493867 -54.091846 1.000000 0.000000 0.000000 0.226467 -0.845185
collar_orange
0 -121.000000 14.493867 -54.091846 1.000000 0.000000 0.000000 0.226467 -0.845185
0 -121.000000 16.564419 -61.819253 1.000000 0.000000 0.000000 0.258819 -0.965926
0 -121.000000 45.254834 -45.254834 1.000000 0.000000 0.000000 0.707107 -0.707107
collar_orange
0 -121.000000 14.493867 -54.091846 1.000000 0.000000 0.000000 0.226467 -0.845185
0 -121.000000 45.254834 -45.254834 1.000000 0.000000 0.000000 0.707107 -0.707107
0 -121.000000 39.597980 -39.597980 1.000000 0.000000 0.000000 0.618718 -0.618718
collar_orange
0 -121.000000 39.597980 -39.597980 1.000000 0.000000 0.000000 0.618718 -0.618718
0 -121.000000 45.254834 -45.254834 1.000000 0.000000 0.000000 0.707107 -0.707107
0 -121.000000 61.819253 -16.564419 1.000000 0.000000 0.000000 0.965926 -0.258819
collar_orange
0 -121.000000 39.597980 -39.597980 1.000000 0.000000 0.000000 0.618718 -0.618718
0 -121.000000 61.819253 -16.564419 1.000000 0.000000 0.000000 0.965926 -0.258819
0 -121.000000 54.091846 -14.493867 1.000000 0.000000 0.000000 0.845185 -0.226467
collar_orange
0 -121.000000 54.091846 -14.493867 1.000000 0.000000 0.000000 0.845185 -0.226467
0 -121.000000 61.819253 -16.564419 1.000000 0.000000 0.000000 0.965926 -0.258819
0 -121.000000 61.819253 16.564419 1.000000 0.000000 0.000000 0.965926 0.258819
collar_orange
0 -121.000000 54.091846 -14.493867 1.000000 0.000000 0.000000 0.845185 -0.226467
0 -121.000000 61.819253 16.564419 1.000000 0.000000 0.000000 0.965926 0.258819
0 -121.000000 54.091846 14.493867 1.000000 0.000000 0.000000 0.845185 0.226467
collar_dark
0 -121.000000 61.819253 16.564419 0.000000 0.866025 0.500000 -1.890625 0.258819
0 -135.000000 61.819253 16.564419 0.000000 0.866025 0.500000 -2.109375 0.258819
0 -135.000000 45.254834 45.254834 0.000000 0.866025 0.500000 -2.109375 0.707107
collar_dark
0 -121.000000 61.819253 16.564419 0.000000 0.866025 0.500000 -1.890625 0.258819
0 -135.000000 45.254834 45.254834 0.000000 0.866025 0.500000 -2.109375 0.707107
0 -121.000000 45.254834 45.254834 0.000000 0.866025 0.500000 -1.890625 0.707107
collar_dark
0 -121.000000 45.254834 45.254834 0.000000 0.500000 0.866025 -1.890625 0.707107
0 -135.000000 45.254834 45.254834 0.000000 0.500000 0.866025 -2.109375 0.707107
0 -135.000000 16.564419 61.819253 0.000000 0.500000 0.866025 -2.109375 0.258819
collar_dark
0 -121.000000 45.254834 45.254834 0.000000 0.500000 0.866025 -1.890625 0.707107
0 -135.000000 16.564419 61.819253 0.000000 0.500000 0.866025 -2.109375 0.258819
0 -121.000000 16.564419 61.819253 0.000000 0.500000 0.866025 -1.890625 0.258819
collar_dark
0 -121.000000 16.564419 61.819253 0.000000 0.000000 1.000000 -1.890625 0.258819
0 -135.000000 16.564419 61.819253 0.000000 0.000000 1.000000 -2.109375 0.258819
0 -135.000000 -16.564419 61.819253 0.000000 0.000000 1.000000 -2.109375 -0.258819
collar_dark
0 -121.000000 16.564419 61.819253 0.000000 0.000000 1.000000 -1.890625 0.258819
0 -135.000000 -16.564419 61.819253 0.000000 0.000000 1.000000 -2.109375 -0.258819
0 -121.000000 -16.564419 61.819253 0.000000 0.000000 1.000000 -1.890625 -0.258819
collar_dark
0 -121.000000 -16.564419 61.819253 0.000000 -0.500000 0.866025 -1.890625 -0.258819
0 -135.000000 -16.564419 61.819253 0.000000 -0.500000 0.866025 -2.109375 -0.258819
0 -135.000000 -45.254834 45.254834 0.000000 -0.500000 0.866025 -2.109375 -0.707107
collar_dark
0 -121.000000 -16.564419 61.819253 0.000000 -0.500000 0.866025 -1.890625 -0.258819
0 -135.000000 -45.254834 45.254834 0.000000 -0.500000 0.866025 -2.109375 -0.707107
0 -121.000000 -45.254834 45.254834 0.000000 -0.500000 0.866025 -1.890625 -0.707107
collar_dark
0 -121.000000 -45.254834 45.254834 0.000000 -0.866025 0.500000 -1.890625 0.707107
0 -135.000000 -45.254834 45.254834 0.000000 -0.866025 0.500000 -2.109375 0.707107
0 -135.000000 -61.819253 16.564419 0.000000 -0.866025 0.500000 -2.109375 0.258819
collar_dark
0 -121.000000 -45.254834 45.254834 0.000000 -0.866025 0.500000 -1.890625 0.707107
0 -135.000000 -61.819253 16.564419 0.000000 -0.866025 0.500000 -2.109375 0.258819
0 -121.000000 -61.819253 16.564419 0.000000 -0.866025 0.500000 -1.890625 0.258819
collar_dark
0 -121.000000 -61.819253 16.564419 0.000000 -1.000000 0.000000 -1.890625 0.258819
0 -135.000000 -61.819253 16.564419 0.000000 -1.000000 0.000000 -2.109375 0.258819
0 -135.000000 -61.819253 -16.564419 0.000000 -1.000000 0.000000 -2.109375 -0.258819
collar_dark
0 -121.000000 -61.819253 16.564419 0.000000 -1.000000 0.000000 -1.890625 0.258819
0 -135.000000 -61.819253 -16.564419 0.000000 -1.000000 0.000000 -2.109375 -0.258819
0 -121.000000 -61.819253 -16.564419 0.000000 -1.000000 0.000000 -1.890625 -0.258819
collar_dark
0 -121.000000 -61.819253 -16.564419 0.000000 -0.866025 -0.500000 -1.890625 -0.258819
0 -135.000000 -61.819253 -16.564419 0.000000 -0.866025 -0.500000 -2.109375 -0.258819
0 -135.000000 -45.254834 -45.254834 0.000000 -0.866025 -0.500000 -2.109375 -0.707107
collar_dark
0 -121.000000 -61.819253 -16.564419 0.000000 -0.866025 -0.500000 -1.890625 -0.258819
0 -135.000000 -45.254834 -45.254834 0.000000 -0.866025 -0.500000 -2.109375 -0.707107
0 -121.000000 -45.254834 -45.254834 0.000000 -0.866025 -0.500000 -1.890625 -0.707107
collar_dark
0 -121.000000 -45.254834 -45.254834 0.000000 -0.500000 -0.866025 -1.890625 -0.707107
0 -135.000000 -45.254834 -45.254834 0.000000 -0.500000 -0.866025 -2.109375 -0.707107
0 -135.000000 -16.564419 -61.819253 0.000000 -0.500000 -0.866025 -2.109375 -0.258819
collar_dark
0 -121.000000 -45.254834 -45.254834 0.000000 -0.500000 -0.866025 -1.890625 -0.707107
0 -135.000000 -16.564419 -61.819253 0.000000 -0.500000 -0.866025 -2.109375 -0.258819
0 -121.000000 -16.564419 -61.819253 0.000000 -0.500000 -0.866025 -1.890625 -0.258819
collar_dark
0 -121.000000 -16.564419 -61.819253 0.000000 -0.000000 -1.000000 -1.890625 -0.258819
0 -135.000000 -16.564419 -61.819253 0.000000 -0.000000 -1.000000 -2.109375 -0.258819
0 -135.000000 16.564419 -61.819253 0.000000 -0.000000 -1.000000 -2.109375 0.258819
collar_dark
0 -121.000000 -16.564419 -61.819253 0.000000 -0.000000 -1.000000 -1.890625 -0.258819
0 -135.000000 16.564419 -61.819253 0.000000 -0.000000 -1.000000 -2.109375 0.258819
0 -121.000000 16.564419 -61.819253 0.000000 -0.000000 -1.000000 -1.890625 0.258819
collar_dark
0 -121.000000 16.564419 -61.819253 0.000000 0.500000 -0.866025 -1.890625 0.258819
0 -135.000000 16.564419 -61.819253 0.000000 0.500000 -0.866025 -2.109375 0.258819
0 -135.000000 45.254834 -45.254834 0.000000 0.500000 -0.866025 -2.109375 0.707107
collar_dark
0 -121.000000 16.564419 -61.819253 0.000000 0.500000 -0.866025 -1.890625 0.258819
0 -135.000000 45.254834 -45.254834 0.000000 0.500000 -0.866025 -2.109375 0.707107
0 -121.000000 45.254834 -45.254834 0.000000 0.500000 -0.866025 -1.890625 0.707107
collar_dark
0 -121.000000 45.254834 -45.254834 0.000000 0.866025 -0.500000 -1.890625 -0.707107
0 -135.000000 45.254834 -45.254834 0.000000 0.866025 -0.500000 -2.109375 -0.707107
0 -135.000000 61.819253 -16.564419 0.000000 0.866025 -0.500000 -2.109375 -0.258819
collar_dark
0 -121.000000 45.254834 -45.254834 0.000000 0.866025 -0.500000 -1.890625 -0.707107
0 -135.000000 61.819253 -16.564419 0.000000 0.866025 -0.500000 -2.109375 -0.258819
0 -121.000000 61.819253 -16.564419 0.000000 0.866025 -0.500000 -1.890625 -0.258819
collar_dark
0 -121.000000 61.819253 -16.564419 0.000000 1.000000 -0.000000 -1.890625 -0.258819
0 -135.000000 61.819253 -16.564419 0.000000 1.000000 -0.000000 -2.109375 -0.258819
0 -135.000000 61.819253 16.564419 0.000000 1.000000 -0.000000 -2.109375 0.258819
collar_dark
0 -121.000000 61.819253 -16.564419 0.000000 1.000000 -0.000000 -1.890625 -0.258819
0 -135.000000 61.819253 16.564419 0.000000 1.000000 -0.000000 -2.109375 0.258819
0 -121.000000 61.819253 16.564419 0.000000 1.000000 -0.000000 -1.890625 0.258819
collar_orange
0 -54.152892 61.819253 44.253397 -0.707107 0.000000 -0.707107 0.965926 0.691459
0 -52.688791 54.091846 42.789296 -0.707107 0.000000 -0.707107 0.845185 0.668583
0 -70.440079 39.597980 60.540585 -0.707107 0.000000 -0.707107 0.618718 0.945947
collar_orange
0 -54.152892 61.819253 44.253397 -0.707107 0.000000 -0.707107 0.965926 0.691459
0 -70.440079 39.597980 60.540585 -0.707107 0.000000 -0.707107 0.618718 0.945947
0 -74.440079 45.254834 64.540585 -0.707107 0.000000 -0.707107 0.707107 1.008447
collar_orange
0 -74.440079 45.254834 64.540585 -0.707107 0.000000 -0.707107 0.707107 1.008447
0 -70.440079 39.597980 60.540585 -0.707107 0.000000 -0.707107 0.618718 0.945947
0 -80.688791 14.493867 70.789296 -0.707107 0.000000 -0.707107 0.226467 1.106083
collar_orange
0 -74.440079 45.254834 64.540585 -0.707107 0.000000 -0.707107 0.707107 1.008447
0 -80.688791 14.493867 70.789296 -0.707107 0.000000 -0.707107 0.226467 1.106083
0 -86.152892 16.564419 76.253397 -0.707107 0.000000 -0.707107 0.258819 1.191459
collar_orange
0 -86.152892 16.564419 76.253397 -0.707107 0.000000 -0.707107 0.258819 1.191459
0 -80.688791 14.493867 70.789296 -0.707107 0.000000 -0.707107 0.226467 1.106083
0 -80.688791 -14.493867 70.789296 -0.707107 0.000000 -0.707107 -0.226467 1.106083
collar_orange
0 -86.152892 16.564419 76.253397 -0.707107 0.000000 -0.707107 0.258819 1.191459
0 -80.688791 -14.493867 70.789296 -0.707107 0.000000 -0.707107 -0.226467 1.106083
0 -86.152892 -16.564419 76.253397 -0.707107 0.000000 -0.707107 -0.258819 1.191459
collar_orange
0 -86.152892 -16.564419 76.253397 -0.707107 0.000000 -0.707107 -0.258819 1.191459
0 -80.688791 -14.493867 70.789296 -0.707107 0.000000 -0.707107 -0.226467 1.106083
0 -70.440079 -39.597980 60.540585 -0.707107 0.000000 -0.707107 -0.618718 0.945947
collar_orange
0 -86.152892 -16.564419 76.253397 -0.707107 0.000000 -0.707107 -0.258819 1.191459
0 -70.440079 -39.597980 60.540585 -0.707107 0.000000 -0.707107 -0.618718 0.945947
0 -74.440079 -45.254834 64.540585 -0.707107 0.000000 -0.707107 -0.707107 1.008447
collar_orange
0 -74.440079 -45.254834 64.540585 -0.707107 0.000000 -0.707107 -0.707107 1.008447
0 -70.440079 -39.597980 60.540585 -0.707107 0.000000 -0.707107 -0.618718 0.945947
0 -52.688791 -54.091846 42.789296 -0.707107 0.000000 -0.707107 -0.845185 0.668583
collar_orange
0 -74.440079 -45.254834 64.540585 -0.707107 0.000000 -0.707107 -0.707107 1.008447
0 -52.688791 -54.091846 42.789296 -0.707107 0.000000 -0.707107 -0.845185 0.668583
0 -54.152892 -61.819253 44.253397 -0.707107 0.000000 -0.707107 -0.965926 0.691459
collar_orange
0 -54.152892 -61.819253 44.253397 -0.707107 0.000000 -0.707107 -0.965926 0.691459
0 -52.688791 -54.091846 42.789296 -0.707107 0.000000 -0.707107 -0.845185 0.668583
0 -32.191368 -54.091846 22.291873 -0.707107 0.000000 -0.707107 -0.845185 0.348311
collar_orange
0 -54.152892 -61.819253 44.253397 -0.707107 0.000000 -0.707107 -0.965926 0.691459
0 -32.191368 -54.091846 22.291873 -0.707107 0.000000 -0.707107 -0.845185 0.348311
0 -30.727267 -61.819253 20.827772 -0.707107 0.000000 -0.707107 -0.965926 0.325434
collar_orange
0 -30.727267 -61.819253 20.827772 -0.707107 0.000000 -0.707107 -0.965926 0.325434
0 -32.191368 -54.091846 22.291873 -0.707107 0.000000 -0.707107 -0.845185 0.348311
0 -14.440079 -39.597980 4.540585 -0.707107 0.000000 -0.707107 -0.618718 0.070947
collar_orange
0 -30.727267 -61.819253 20.827772 -0.707107 0.000000 -0.707107 -0.965926 0.325434
0 -14.440079 -39.597980 4.540585 -0.707107 0.000000 -0.707107 -0.618718 0.070947
0 -10.440079 -45.254834 0.540585 -0.707107 0.000000 -0.707107 -0.707107 0.008447
collar_orange
0 -10.440079 -45.254834 0.540585 -0.707107 0.000000 -0.707107 -0.707107 0.008447
0 -14.440079 -39.597980 4.540585 -0.707107 0.000000 -0.707107 -0.618718 0.070947
0 -4.191368 -14.493867 -5.708127 -0.707107 0.000000 -0.707107 -0.226467 -0.089189
collar_orange
0 -10.440079 -45.254834 0.540585 -0.707107 0.000000 -0.707107 -0.707107 0.008447
0 -4.191368 -14.493867 -5.708127 -0.707107 0.000000 -0.707107 -0.226467 -0.089189
0 1.272733 -16.564419 -11.172228 -0.707107 0.000000 -0.707107 -0.258819 -0.174566
collar_orange
0 1.272733 -16.564419 -11.172228 -0.707107 0.000000 -0.707107 -0.258819 -0.174566
0 -4.191368 -14.493867 -5.708127 -0.707107 0.000000 -0.707107 -0.226467 -0.089189
0 -4.191368 14.493867 -5.708127 -0.707107 0.000000 -0.707107 0.226467 -0.089189
collar_orange
0 1.272733 -16.564419 -11.172228 -0.707107 0.000000 -0.707107 -0.258819 -0.174566
0 -4.191368 14.493867 -5.708127 -0.707107 0.000000 -0.707107 0.226467 -0.089189
0 1.272733 16.564419 -11.172228 -0.707107 0.000000 -0.707107 0.258819 -0.174566
collar_orange
0 1.272733 16.564419 -11.172228 -0.707107 -0.000000 -0.707107 0.258819 -0.174566
0 -4.191368 14.493867 -5.708127 -0.707107 -0.000000 -0.707107 0.226467 -0.089189
0 -14.440079 39.597980 4.540585 -0.707107 -0.000000 -0.707107 0.618718 0.070947
collar_orange
0 1.272733 16.564419 -11.172228 -0.707107 0.000000 -0.707107 0.258819 -0.174566
0 -14.440079 39.597980 4.540585 -0.707107 0.000000 -0.707107 0.618718 0.070947
0 -10.440079 45.254834 0.540585 -0.707107 0.000000 -0.707107 0.707107 0.008447
collar_orange
0 -10.440079 45.254834 0.540585 -0.707107 0.000000 -0.707107 0.707107 0.008447
0 -14.440079 39.597980 4.540585 -0.707107 0.000000 -0.707107 0.618718 0.070947
0 -32.191368 54.091846 22.291873 -0.707107 0.000000 -0.707107 0.845185 0.348311
collar_orange
0 -10.440079 45.254834 0.540585 -0.707107 -0.000000 -0.707107 0.707107 0.008447
0 -32.191368 54.091846 22.291873 -0.707107 -0.000000 -0.707107 0.845185 0.348311
0 -30.727267 61.819253 20.827772 -0.707107 -0.000000 -0.707107 0.965926 0.325434
collar_orange
0 -30.727267 61.819253 20.827772 -0.707107 -0.000000 -0.707107 0.965926 0.325434
0 -32.191368 54.091846 22.291873 -0.707107 -0.000000 -0.707107 0.845185 0.348311
0 -52.688791 54.091846 42.789296 -0.707107 -0.000000 -0.707107 0.845185 0.668583
collar_orange
0 -30.727267 61.819253 20.827772 -0.707107 0.000000 -0.707107 0.965926 0.325434
0 -52.688791 54.091846 42.789296 -0.707107 0.000000 -0.707107 0.845185 0.668583
0 -54.152892 61.819253 44.253397 -0.707107 0.000000 -0.707107 0.965926 0.691459
collar_bevel
0 -52.688791 54.091846 42.789296 -0.509657 0.841828 0.177693 -0.823262 0.668583
0 -54.011498 53.608883 41.283576 -0.509657 0.841828 0.177693 -0.843930 0.645056
0 -71.604293 39.244426 58.876371 -0.509657 0.841828 0.177693 -1.118817 0.919943
collar_bevel
0 -52.688791 54.091846 42.789296 -0.509657 0.841828 0.177693 -0.823262 0.668583
0 -71.604293 39.244426 58.876371 -0.509657 0.841828 0.177693 -1.118817 0.919943
0 -70.440079 39.597980 60.540585 -0.509657 0.841828 0.177693 -1.100626 0.945947
collar_bevel
0 -70.440079 39.597980 60.540585 -0.761245 0.486030 0.429280 0.618718 0.945947
0 -71.604293 39.244426 58.876371 -0.761245 0.486030 0.429280 0.613194 0.919943
0 -81.761498 14.364457 69.033576 -0.761245 0.486030 0.429280 0.224445 1.078650
collar_bevel
0 -70.440079 39.597980 60.540585 -0.761245 0.486030 0.429280 0.618718 0.945947
0 -81.761498 14.364457 69.033576 -0.761245 0.486030 0.429280 0.224445 1.078650
0 -80.688791 14.493867 70.789296 -0.761245 0.486030 0.429280 0.226467 1.106083
collar_bevel
0 -80.688791 14.493867 70.789296 -0.853332 0.000000 0.521368 0.226467 1.106083
0 -81.761498 14.364457 69.033576 -0.853332 0.000000 0.521368 0.224445 1.078650
0 -81.761498 -14.364457 69.033576 -0.853332 0.000000 0.521368 -0.224445 1.078650
collar_bevel
0 -80.688791 14.493867 70.789296 -0.853332 0.000000 0.521368 0.226467 1.106083
0 -81.761498 -14.364457 69.033576 -0.853332 0.000000 0.521368 -0.224445 1.078650
0 -80.688791 -14.493867 70.789296 -0.853332 0.000000 0.521368 -0.226467 1.106083
collar_bevel
0 -80.688791 -14.493867 70.789296 -0.761245 -0.486030 0.429280 -0.226467 1.106083
0 -81.761498 -14.364457 69.033576 -0.761245 -0.486030 0.429280 -0.224445 1.078650
0 -71.604293 -39.244426 58.876371 -0.761245 -0.486030 0.429280 -0.613194 0.919943
collar_bevel
0 -80.688791 -14.493867 70.789296 -0.761245 -0.486030 0.429280 -0.226467 1.106083
0 -71.604293 -39.244426 58.876371 -0.761245 -0.486030 0.429280 -0.613194 0.919943
0 -70.440079 -39.597980 60.540585 -0.761245 -0.486030 0.429280 -0.618718 0.945947
collar_bevel
0 -70.440079 -39.597980 60.540585 -0.509657 -0.841828 0.177693 -1.100626 0.945947
0 -71.604293 -39.244426 58.876371 -0.509657 -0.841828 0.177693 -1.118817 0.919943
0 -54.011498 -53.608883 41.283576 -0.509657 -0.841828 0.177693 -0.843930 0.645056
collar_bevel
0 -70.440079 -39.597980 60.540585 -0.509657 -0.841828 0.177693 -1.100626 0.945947
0 -54.011498 -53.608883 41.283576 -0.509657 -0.841828 0.177693 -0.843930 0.645056
0 -52.688791 -54.091846 42.789296 -0.509657 -0.841828 0.177693 -0.823262 0.668583
collar_bevel
0 -52.688791 -54.091846 42.789296 -0.165982 -0.972060 -0.165982 -0.823262 0.668583
0 -54.011498 -53.608883 41.283576 -0.165982 -0.972060 -0.165982 -0.843930 0.645056
0 -33.697088 -53.608883 20.969166 -0.165982 -0.972060 -0.165982 -0.526517 0.327643
collar_bevel
0 -52.688791 -54.091846 42.789296 -0.165982 -0.972060 -0.165982 -0.823262 0.668583
0 -33.697088 -53.608883 20.969166 -0.165982 -0.972060 -0.165982 -0.526517 0.327643
0 -32.191368 -54.091846 22.291873 -0.165982 -0.972060 -0.165982 -0.502990 0.348311
collar_bevel
0 -32.191368 -54.091846 22.291873 0.177693 -0.841828 -0.509657 -0.502990 0.348311
0 -33.697088 -53.608883 20.969166 0.177693 -0.841828 -0.509657 -0.526517 0.327643
0 -16.104293 -39.244426 3.376371 0.177693 -0.841828 -0.509657 -0.251630 0.052756
collar_bevel
0 -32.191368 -54.091846 22.291873 0.177693 -0.841828 -0.509657 -0.502990 0.348311
0 -16.104293 -39.244426 3.376371 0.177693 -0.841828 -0.509657 -0.251630 0.052756
0 -14.440079 -39.597980 4.540585 0.177693 -0.841828 -0.509657 -0.225626 0.070947
collar_bevel
0 -14.440079 -39.597980 4.540585 0.429280 -0.486030 -0.761245 -0.225626 -0.618718
0 -16.104293 -39.244426 3.376371 0.429280 -0.486030 -0.761245 -0.251630 -0.613194
0 -5.947088 -14.364457 -6.780834 0.429280 -0.486030 -0.761245 -0.092923 -0.224445
collar_bevel
0 -14.440079 -39.597980 4.540585 0.429280 -0.486030 -0.761245 -0.225626 -0.618718
0 -5.947088 -14.364457 -6.780834 0.429280 -0.486030 -0.761245 -0.092923 -0.224445
0 -4.191368 -14.493867 -5.708127 0.429280 -0.486030 -0.761245 -0.065490 -0.226467
collar_bevel
0 -4.191368 -14.493867 -5.708127 0.521368 -0.000000 -0.853332 -0.065490 -0.226467
0 -5.947088 -14.364457 -6.780834 0.521368 -0.000000 -0.853332 -0.092923 -0.224445
0 -5.947088 14.364457 -6.780834 0.521368 -0.000000 -0.853332 -0.092923 0.224445
collar_bevel
0 -4.191368 -14.493867 -5.708127 0.521368 -0.000000 -0.853332 -0.065490 -0.226467
0 -5.947088 14.364457 -6.780834 0.521368 -0.000000 -0.853332 -0.092923 0.224445
0 -4.191368 14.493867 -5.708127 0.521368 -0.000000 -0.853332 -0.065490 0.226467
collar_bevel
0 -4.191368 14.493867 -5.708127 0.429280 0.486030 -0.761245 -0.065490 0.226467
0 -5.947088 14.364457 -6.780834 0.429280 0.486030 -0.761245 -0.092923 0.224445
0 -16.104293 39.244426 3.376371 0.429280 0.486030 -0.761245 -0.251630 0.613194
collar_bevel
0 -4.191368 14.493867 -5.708127 0.429280 0.486030 -0.761245 -0.065490 0.226467
0 -16.104293 39.244426 3.376371 0.429280 0.486030 -0.761245 -0.251630 0.613194
0 -14.440079 39.597980 4.540585 0.429280 0.486030 -0.761245 -0.225626 0.618718
collar_bevel
0 -14.440079 39.597980 4.540585 0.177693 0.841828 -0.509657 -0.225626 0.070947
0 -16.104293 39.244426 3.376371 0.177693 0.841828 -0.509657 -0.251630 0.052756
0 -33.697088 53.608883 20.969166 0.177693 0.841828 -0.509657 -0.526517 0.327643
collar_bevel
0 -14.440079 39.597980 4.540585 0.177693 0.841828 -0.509657 -0.225626 0.070947
0 -33.697088 53.608883 20.969166 0.177693 0.841828 -0.509657 -0.526517 0.327643
0 -32.191368 54.091846 22.291873 0.177693 0.841828 -0.509657 -0.502990 0.348311
collar_bevel
0 -32.191368 54.091846 22.291873 -0.165982 0.972060 -0.165982 -0.502990 0.348311
0 -33.697088 53.608883 20.969166 -0.165982 0.972060 -0.165982 -0.526517 0.327643
0 -54.011498 53.608883 41.283576 -0.165982 0.972060 -0.165982 -0.843930 0.645056
collar_bevel
0 -32.191368 54.091846 22.291873 -0.165982 0.972060 -0.165982 -0.502990 0.348311
0 -54.011498 53.608883 41.283576 -0.165982 0.972060 -0.165982 -0.843930 0.645056
0 -52.688791 54.091846 42.789296 -0.165982 0.972060 -0.165982 -0.823262 0.668583
collar_bevel
0 -54.011498 53.608883 41.283576 -0.707107 -0.000000 -0.707107 0.837639 0.645056
0 -53.700376 51.966809 40.972454 -0.707107 -0.000000 -0.707107 0.811981 0.640195
0 -70.754293 38.042345 58.026371 -0.707107 -0.000000 -0.707107 0.594412 0.906662
collar_bevel
0 -54.011498 53.608883 41.283576 -0.707107 0.000000 -0.707107 0.837639 0.645056
0 -70.754293 38.042345 58.026371 -0.707107 0.000000 -0.707107 0.594412 0.906662
0 -71.604293 39.244426 58.876371 -0.707107 0.000000 -0.707107 0.613194 0.919943
collar_bevel
0 -71.604293 39.244426 58.876371 -0.707107 -0.000000 -0.707107 0.613194 0.919943
0 -70.754293 38.042345 58.026371 -0.707107 -0.000000 -0.707107 0.594412 0.906662
0 -80.600376 13.924465 67.872454 -0.707107 -0.000000 -0.707107 0.217570 1.060507
collar_bevel
0 -71.604293 39.244426 58.876371 -0.707107 -0.000000 -0.707107 0.613194 0.919943
0 -80.600376 13.924465 67.872454 -0.707107 -0.000000 -0.707107 0.217570 1.060507
0 -81.761498 14.364457 69.033576 -0.707107 -0.000000 -0.707107 0.224445 1.078650
collar_bevel
0 -81.761498 14.364457 69.033576 -0.707107 0.000000 -0.707107 0.224445 1.078650
0 -80.600376 13.924465 67.872454 -0.707107 0.000000 -0.707107 0.217570 1.060507
0 -80.600376 -13.924465 67.872454 -0.707107 0.000000 -0.707107 -0.217570 1.060507
collar_bevel
0 -81.761498 14.364457 69.033576 -0.707107 0.000000 -0.707107 0.224445 1.078650
0 -80.600376 -13.924465 67.872454 -0.707107 0.000000 -0.707107 -0.217570 1.060507
0 -81.761498 -14.364457 69.033576 -0.707107 0.000000 -0.707107 -0.224445 1.078650
collar_bevel
0 -81.761498 -14.364457 69.033576 -0.707107 0.000000 -0.707107 -0.224445 1.078650
0 -80.600376 -13.924465 67.872454 -0.707107 0.000000 -0.707107 -0.217570 1.060507
0 -70.754293 -38.042345 58.026371 -0.707107 0.000000 -0.707107 -0.594412 0.906662
collar_bevel
0 -81.761498 -14.364457 69.033576 -0.707107 0.000000 -0.707107 -0.224445 1.078650
0 -70.754293 -38.042345 58.026371 -0.707107 0.000000 -0.707107 -0.594412 0.906662
0 -71.604293 -39.244426 58.876371 -0.707107 0.000000 -0.707107 -0.613194 0.919943
collar_bevel
0 -71.604293 -39.244426 58.876371 -0.707107 0.000000 -0.707107 -0.613194 0.919943
0 -70.754293 -38.042345 58.026371 -0.707107 0.000000 -0.707107 -0.594412 0.906662
0 -53.700376 -51.966809 40.972454 -0.707107 0.000000 -0.707107 -0.811981 0.640195
collar_bevel
0 -71.604293 -39.244426 58.876371 -0.707107 0.000000 -0.707107 -0.613194 0.919943
0 -53.700376 -51.966809 40.972454 -0.707107 0.000000 -0.707107 -0.811981 0.640195
0 -54.011498 -53.608883 41.283576 -0.707107 0.000000 -0.707107 -0.837639 0.645056
collar_bevel
0 -54.011498 -53.608883 41.283576 -0.707107 -0.000000 -0.707107 -0.843930 -0.837639
0 -53.700376 -51.966809 40.972454 -0.707107 -0.000000 -0.707107 -0.839068 -0.811981
0 -34.008210 -51.966809 21.280288 -0.707107 -0.000000 -0.707107 -0.531378 -0.811981
collar_bevel
0 -54.011498 -53.608883 41.283576 -0.707107 0.000000 -0.707107 -0.837639 0.645056
0 -34.008210 -51.966809 21.280288 -0.707107 0.000000 -0.707107 -0.811981 0.332504
0 -33.697088 -53.608883 20.969166 -0.707107 0.000000 -0.707107 -0.837639 0.327643
collar_bevel
0 -33.697088 -53.608883 20.969166 -0.707107 0.000000 -0.707107 -0.837639 0.327643
0 -34.008210 -51.966809 21.280288 -0.707107 0.000000 -0.707107 -0.811981 0.332504
0 -16.954293 -38.042345 4.226371 -0.707107 0.000000 -0.707107 -0.594412 0.066037
collar_bevel
0 -33.697088 -53.608883 20.969166 -0.707107 0.000000 -0.707107 -0.837639 0.327643
0 -16.954293 -38.042345 4.226371 -0.707107 0.000000 -0.707107 -0.594412 0.066037
0 -16.104293 -39.244426 3.376371 -0.707107 0.000000 -0.707107 -0.613194 0.052756
collar_bevel
0 -16.104293 -39.244426 3.376371 -0.707107 0.000000 -0.707107 -0.613194 0.052756
0 -16.954293 -38.042345 4.226371 -0.707107 0.000000 -0.707107 -0.594412 0.066037
0 -7.108210 -13.924465 -5.619712 -0.707107 0.000000 -0.707107 -0.217570 -0.087808
collar_bevel
0 -16.104293 -39.244426 3.376371 -0.707107 0.000000 -0.707107 -0.613194 0.052756
0 -7.108210 -13.924465 -5.619712 -0.707107 0.000000 -0.707107 -0.217570 -0.087808
0 -5.947088 -14.364457 -6.780834 -0.707107 0.000000 -0.707107 -0.224445 -0.105951
collar_bevel
0 -5.947088 -14.364457 -6.780834 -0.707107 0.000000 -0.707107 -0.224445 -0.105951
0 -7.108210 -13.924465 -5.619712 -0.707107 0.000000 -0.707107 -0.217570 -0.087808
0 -7.108210 13.924465 -5.619712 -0.707107 0.000000 -0.707107 0.217570 -0.087808
collar_bevel
0 -5.947088 -14.364457 -6.780834 -0.707107 0.000000 -0.707107 -0.224445 -0.105951
0 -7.108210 13.924465 -5.619712 -0.707107 0.000000 -0.707107 0.217570 -0.087808
0 -5.947088 14.364457 -6.780834 -0.707107 0.000000 -0.707107 0.224445 -0.105951
collar_bevel
0 -5.947088 14.364457 -6.780834 -0.707107 0.000000 -0.707107 0.224445 -0.105951
0 -7.108210 13.924465 -5.619712 -0.707107 0.000000 -0.707107 0.217570 -0.087808
0 -16.954293 38.042345 4.226371 -0.707107 0.000000 -0.707107 0.594412 0.066037
collar_bevel
0 -5.947088 14.364457 -6.780834 -0.707107 0.000000 -0.707107 0.224445 -0.105951
0 -16.954293 38.042345 4.226371 -0.707107 0.000000 -0.707107 0.594412 0.066037
0 -16.104293 39.244426 3.376371 -0.707107 0.000000 -0.707107 0.613194 0.052756
collar_bevel
0 -16.104293 39.244426 3.376371 -0.707107 0.000000 -0.707107 0.613194 0.052756
0 -16.954293 38.042345 4.226371 -0.707107 0.000000 -0.707107 0.594412 0.066037
0 -34.008210 51.966809 21.280288 -0.707107 0.000000 -0.707107 0.811981 0.332504
collar_bevel
0 -16.104293 39.244426 3.376371 -0.707107 0.000000 -0.707107 0.613194 0.052756
0 -34.008210 51.966809 21.280288 -0.707107 0.000000 -0.707107 0.811981 0.332504
0 -33.697088 53.608883 20.969166 -0.707107 0.000000 -0.707107 0.837639 0.327643
collar_bevel
0 -33.697088 53.608883 20.969166 -0.707107 -0.000000 -0.707107 -0.526517 0.837639
0 -34.008210 51.966809 21.280288 -0.707107 -0.000000 -0.707107 -0.531378 0.811981
0 -53.700376 51.966809 40.972454 -0.707107 -0.000000 -0.707107 -0.839068 0.811981
collar_bevel
0 -33.697088 53.608883 20.969166 -0.707107 0.000000 -0.707107 -0.526517 0.837639
0 -53.700376 51.966809 40.972454 -0.707107 0.000000 -0.707107 -0.839068 0.811981
0 -54.011498 53.608883 41.283576 -0.707107 0.000000 -0.707107 -0.843930 0.837639
collar_bevel
0 -53.700376 51.966809 40.972454 -0.680087 0.728120 -0.085580 -0.839068 0.640195
0 -54.402494 51.194069 39.977516 -0.680087 0.728120 -0.085580 -0.850039 0.624649
0 -71.202821 37.476659 56.777843 -0.680087 0.728120 -0.085580 -1.112544 0.887154
collar_bevel
0 -53.700376 51.966809 40.972454 -0.680087 0.728120 -0.085580 -0.839068 0.640195
0 -71.202821 37.476659 56.777843 -0.680087 0.728120 -0.085580 -1.112544 0.887154
0 -70.754293 38.042345 58.026371 -0.680087 0.728120 -0.085580 -1.105536 0.906662
collar_bevel
0 -70.754293 38.042345 58.026371 -0.897691 0.420380 0.132025 0.594412 0.906662
0 -71.202821 37.476659 56.777843 -0.897691 0.420380 0.132025 0.585573 0.887154
0 -80.902494 13.717409 66.477516 -0.897691 0.420380 0.132025 0.214335 1.038711
collar_bevel
0 -70.754293 38.042345 58.026371 -0.897691 0.420380 0.132025 0.594412 0.906662
0 -80.902494 13.717409 66.477516 -0.897691 0.420380 0.132025 0.214335 1.038711
0 -80.600376 13.924465 67.872454 -0.897691 0.420380 0.132025 0.217570 1.060507
collar_bevel
0 -80.600376 13.924465 67.872454 -0.977340 0.000000 0.211674 0.217570 1.060507
0 -80.902494 13.717409 66.477516 -0.977340 0.000000 0.211674 0.214335 1.038711
0 -80.902494 -13.717409 66.477516 -0.977340 0.000000 0.211674 -0.214335 1.038711
collar_bevel
0 -80.600376 13.924465 67.872454 -0.977340 0.000000 0.211674 0.217570 1.060507
0 -80.902494 -13.717409 66.477516 -0.977340 0.000000 0.211674 -0.214335 1.038711
0 -80.600376 -13.924465 67.872454 -0.977340 0.000000 0.211674 -0.217570 1.060507
collar_bevel
0 -80.600376 -13.924465 67.872454 -0.897691 -0.420380 0.132025 -0.217570 1.060507
0 -80.902494 -13.717409 66.477516 -0.897691 -0.420380 0.132025 -0.214335 1.038711
0 -71.202821 -37.476659 56.777843 -0.897691 -0.420380 0.132025 -0.585573 0.887154
collar_bevel
0 -80.600376 -13.924465 67.872454 -0.897691 -0.420380 0.132025 -0.217570 1.060507
0 -71.202821 -37.476659 56.777843 -0.897691 -0.420380 0.132025 -0.585573 0.887154
0 -70.754293 -38.042345 58.026371 -0.897691 -0.420380 0.132025 -0.594412 0.906662
collar_bevel
0 -70.754293 -38.042345 58.026371 -0.680087 -0.728120 -0.085580 -1.105536 0.906662
0 -71.202821 -37.476659 56.777843 -0.680087 -0.728120 -0.085580 -1.112544 0.887154
0 -54.402494 -51.194069 39.977516 -0.680087 -0.728120 -0.085580 -0.850039 0.624649
collar_bevel
0 -70.754293 -38.042345 58.026371 -0.680087 -0.728120 -0.085580 -1.105536 0.906662
0 -54.402494 -51.194069 39.977516 -0.680087 -0.728120 -0.085580 -0.850039 0.624649
0 -53.700376 -51.966809 40.972454 -0.680087 -0.728120 -0.085580 -0.839068 0.640195
collar_bevel
0 -53.700376 -51.966809 40.972454 -0.382833 -0.840760 -0.382833 -0.839068 0.640195
0 -54.402494 -51.194069 39.977516 -0.382833 -0.840760 -0.382833 -0.850039 0.624649
0 -35.003148 -51.194069 20.578170 -0.382833 -0.840760 -0.382833 -0.546924 0.321534
collar_bevel
0 -53.700376 -51.966809 40.972454 -0.382833 -0.840760 -0.382833 -0.839068 0.640195
0 -35.003148 -51.194069 20.578170 -0.382833 -0.840760 -0.382833 -0.546924 0.321534
0 -34.008210 -51.966809 21.280288 -0.382833 -0.840760 -0.382833 -0.531378 0.332504
collar_bevel
0 -34.008210 -51.966809 21.280288 -0.085580 -0.728120 -0.680087 -0.531378 0.332504
0 -35.003148 -51.194069 20.578170 -0.085580 -0.728120 -0.680087 -0.546924 0.321534
0 -18.202821 -37.476659 3.777843 -0.085580 -0.728120 -0.680087 -0.284419 0.059029
collar_bevel
0 -34.008210 -51.966809 21.280288 -0.085580 -0.728120 -0.680087 -0.531378 0.332504
0 -18.202821 -37.476659 3.777843 -0.085580 -0.728120 -0.680087 -0.284419 0.059029
0 -16.954293 -38.042345 4.226371 -0.085580 -0.728120 -0.680087 -0.264911 0.066037
collar_bevel
0 -16.954293 -38.042345 4.226371 0.132025 -0.420380 -0.897691 -0.264911 -0.594412
0 -18.202821 -37.476659 3.777843 0.132025 -0.420380 -0.897691 -0.284419 -0.585573
0 -8.503148 -13.717409 -5.921830 0.132025 -0.420380 -0.897691 -0.132862 -0.214335
collar_bevel
0 -16.954293 -38.042345 4.226371 0.132025 -0.420380 -0.897691 -0.264911 -0.594412
0 -8.503148 -13.717409 -5.921830 0.132025 -0.420380 -0.897691 -0.132862 -0.214335
0 -7.108210 -13.924465 -5.619712 0.132025 -0.420380 -0.897691 -0.111066 -0.217570
collar_bevel
0 -7.108210 -13.924465 -5.619712 0.211674 0.000000 -0.977340 -0.111066 -0.217570
0 -8.503148 -13.717409 -5.921830 0.211674 0.000000 -0.977340 -0.132862 -0.214335
0 -8.503148 13.717409 -5.921830 0.211674 0.000000 -0.977340 -0.132862 0.214335
collar_bevel
0 -7.108210 -13.924465 -5.619712 0.211674 -0.000000 -0.977340 -0.111066 -0.217570
0 -8.503148 13.717409 -5.921830 0.211674 -0.000000 -0.977340 -0.132862 0.214335
0 -7.108210 13.924465 -5.619712 0.211674 -0.000000 -0.977340 -0.111066 0.217570
collar_bevel
0 -7.108210 13.924465 -5.619712 0.132025 0.420380 -0.897691 -0.111066 0.217570
0 -8.503148 13.717409 -5.921830 0.132025 0.420380 -0.897691 -0.132862 0.214335
0 -18.202821 37.476659 3.777843 0.132025 0.420380 -0.897691 -0.284419 0.585573
collar_bevel
0 -7.108210 13.924465 -5.619712 0.132025 0.420380 -0.897691 -0.111066 0.217570
0 -18.202821 37.476659 3.777843 0.132025 0.420380 -0.897691 -0.284419 0.585573
0 -16.954293 38.042345 4.226371 0.132025 0.420380 -0.897691 -0.264911 0.594412
collar_bevel
0 -16.954293 38.042345 4.226371 -0.085580 0.728120 -0.680087 -0.264911 0.066037
0 -18.202821 37.476659 3.777843 -0.085580 0.728120 -0.680087 -0.284419 0.059029
0 -35.003148 51.194069 20.578170 -0.085580 0.728120 -0.680087 -0.546924 0.321534
collar_bevel
0 -16.954293 38.042345 4.226371 -0.085580 0.728120 -0.680087 -0.264911 0.066037
0 -35.003148 51.194069 20.578170 -0.085580 0.728120 -0.680087 -0.546924 0.321534
0 -34.008210 51.966809 21.280288 -0.085580 0.728120 -0.680087 -0.531378 0.332504
collar_bevel
0 -34.008210 51.966809 21.280288 -0.382833 0.840760 -0.382833 -0.531378 0.332504
0 -35.003148 51.194069 20.578170 -0.382833 0.840760 -0.382833 -0.546924 0.321534
0 -54.402494 51.194069 39.977516 -0.382833 0.840760 -0.382833 -0.850039 0.624649
collar_bevel
0 -34.008210 51.966809 21.280288 -0.382833 0.840760 -0.382833 -0.531378 0.332504
0 -54.402494 51.194069 39.977516 -0.382833 0.840760 -0.382833 -0.850039 0.624649
0 -53.700376 51.966809 40.972454 -0.382833 0.840760 -0.382833 -0.839068 0.640195
collar_dark
0 -54.402494 51.194069 39.977516 -0.707107 -0.000000 -0.707107 0.799907 0.624649
0 -54.182879 50.034958 39.757901 -0.707107 -0.000000 -0.707107 0.781796 0.621217
0 -70.602821 36.628131 56.177843 -0.707107 -0.000000 -0.707107 0.572315 0.877779
collar_dark
0 -54.402494 51.194069 39.977516 -0.707107 0.000000 -0.707107 0.799907 0.624649
0 -70.602821 36.628131 56.177843 -0.707107 0.000000 -0.707107 0.572315 0.877779
0 -71.202821 37.476659 56.777843 -0.707107 0.000000 -0.707107 0.585573 0.887154
collar_dark
0 -71.202821 37.476659 56.777843 -0.707107 0.000000 -0.707107 -1.112544 0.585573
0 -70.602821 36.628131 56.177843 -0.707107 0.000000 -0.707107 -1.103169 0.572315
0 -80.082879 13.406827 65.657901 -0.707107 0.000000 -0.707107 -1.251295 0.209482
collar_dark
0 -71.202821 37.476659 56.777843 -0.707107 0.000000 -0.707107 -1.112544 0.585573
0 -80.082879 13.406827 65.657901 -0.707107 0.000000 -0.707107 -1.251295 0.209482
0 -80.902494 13.717409 66.477516 -0.707107 0.000000 -0.707107 -1.264101 0.214335
collar_dark
0 -80.902494 13.717409 66.477516 -0.707107 0.000000 -0.707107 0.214335 1.038711
0 -80.082879 13.406827 65.657901 -0.707107 0.000000 -0.707107 0.209482 1.025905
0 -80.082879 -13.406827 65.657901 -0.707107 0.000000 -0.707107 -0.209482 1.025905
collar_dark
0 -80.902494 13.717409 66.477516 -0.707107 0.000000 -0.707107 0.214335 1.038711
0 -80.082879 -13.406827 65.657901 -0.707107 0.000000 -0.707107 -0.209482 1.025905
0 -80.902494 -13.717409 66.477516 -0.707107 0.000000 -0.707107 -0.214335 1.038711
collar_dark
0 -80.902494 -13.717409 66.477516 -0.707107 -0.000000 -0.707107 -1.264101 -0.214335
0 -80.082879 -13.406827 65.657901 -0.707107 -0.000000 -0.707107 -1.251295 -0.209482
0 -70.602821 -36.628131 56.177843 -0.707107 -0.000000 -0.707107 -1.103169 -0.572315
collar_dark
0 -80.902494 -13.717409 66.477516 -0.707107 -0.000000 -0.707107 -1.264101 -0.214335
0 -70.602821 -36.628131 56.177843 -0.707107 -0.000000 -0.707107 -1.103169 -0.572315
0 -71.202821 -37.476659 56.777843 -0.707107 -0.000000 -0.707107 -1.112544 -0.585573
collar_dark
0 -71.202821 -37.476659 56.777843 -0.707107 0.000000 -0.707107 -0.585573 0.887154
0 -70.602821 -36.628131 56.177843 -0.707107 0.000000 -0.707107 -0.572315 0.877779
0 -54.182879 -50.034958 39.757901 -0.707107 0.000000 -0.707107 -0.781796 0.621217
collar_dark
0 -71.202821 -37.476659 56.777843 -0.707107 0.000000 -0.707107 -0.585573 0.887154
0 -54.182879 -50.034958 39.757901 -0.707107 0.000000 -0.707107 -0.781796 0.621217
0 -54.402494 -51.194069 39.977516 -0.707107 0.000000 -0.707107 -0.799907 0.624649
collar_dark
0 -54.402494 -51.194069 39.977516 -0.707107 0.000000 -0.707107 -0.799907 0.624649
0 -54.182879 -50.034958 39.757901 -0.707107 0.000000 -0.707107 -0.781796 0.621217
0 -35.222763 -50.034958 20.797785 -0.707107 0.000000 -0.707107 -0.781796 0.324965
collar_dark
0 -54.402494 -51.194069 39.977516 -0.707107 0.000000 -0.707107 -0.799907 0.624649
0 -35.222763 -50.034958 20.797785 -0.707107 0.000000 -0.707107 -0.781796 0.324965
0 -35.003148 -51.194069 20.578170 -0.707107 0.000000 -0.707107 -0.799907 0.321534
collar_dark
0 -35.003148 -51.194069 20.578170 -0.707107 0.000000 -0.707107 -0.799907 0.321534
0 -35.222763 -50.034958 20.797785 -0.707107 0.000000 -0.707107 -0.781796 0.324965
0 -18.802821 -36.628131 4.377843 -0.707107 0.000000 -0.707107 -0.572315 0.068404
collar_dark
0 -35.003148 -51.194069 20.578170 -0.707107 0.000000 -0.707107 -0.799907 0.321534
0 -18.802821 -36.628131 4.377843 -0.707107 0.000000 -0.707107 -0.572315 0.068404
0 -18.202821 -37.476659 3.777843 -0.707107 0.000000 -0.707107 -0.585573 0.059029
collar_dark
0 -18.202821 -37.476659 3.777843 -0.707107 0.000000 -0.707107 -0.585573 0.059029
0 -18.802821 -36.628131 4.377843 -0.707107 0.000000 -0.707107 -0.572315 0.068404
0 -9.322763 -13.406827 -5.102215 -0.707107 0.000000 -0.707107 -0.209482 -0.079722
collar_dark
0 -18.202821 -37.476659 3.777843 -0.707107 0.000000 -0.707107 -0.585573 0.059029
0 -9.322763 -13.406827 -5.102215 -0.707107 0.000000 -0.707107 -0.209482 -0.079722
0 -8.503148 -13.717409 -5.921830 -0.707107 0.000000 -0.707107 -0.214335 -0.092529
collar_dark
0 -8.503148 -13.717409 -5.921830 -0.707107 0.000000 -0.707107 -0.214335 -0.092529
0 -9.322763 -13.406827 -5.102215 -0.707107 0.000000 -0.707107 -0.209482 -0.079722
0 -9.322763 13.406827 -5.102215 -0.707107 0.000000 -0.707107 0.209482 -0.079722
collar_dark
0 -8.503148 -13.717409 -5.921830 -0.707107 0.000000 -0.707107 -0.214335 -0.092529
0 -9.322763 13.406827 -5.102215 -0.707107 0.000000 -0.707107 0.209482 -0.079722
0 -8.503148 13.717409 -5.921830 -0.707107 0.000000 -0.707107 0.214335 -0.092529
collar_dark
0 -8.503148 13.717409 -5.921830 -0.707107 0.000000 -0.707107 0.214335 -0.092529
0 -9.322763 13.406827 -5.102215 -0.707107 0.000000 -0.707107 0.209482 -0.079722
0 -18.802821 36.628131 4.377843 -0.707107 0.000000 -0.707107 0.572315 0.068404
collar_dark
0 -8.503148 13.717409 -5.921830 -0.707107 0.000000 -0.707107 0.214335 -0.092529
0 -18.802821 36.628131 4.377843 -0.707107 0.000000 -0.707107 0.572315 0.068404
0 -18.202821 37.476659 3.777843 -0.707107 0.000000 -0.707107 0.585573 0.059029
collar_dark
0 -18.202821 37.476659 3.777843 -0.707107 0.000000 -0.707107 0.585573 0.059029
0 -18.802821 36.628131 4.377843 -0.707107 0.000000 -0.707107 0.572315 0.068404
0 -35.222763 50.034958 20.797785 -0.707107 0.000000 -0.707107 0.781796 0.324965
collar_dark
0 -18.202821 37.476659 3.777843 -0.707107 0.000000 -0.707107 0.585573 0.059029
0 -35.222763 50.034958 20.797785 -0.707107 0.000000 -0.707107 0.781796 0.324965
0 -35.003148 51.194069 20.578170 -0.707107 0.000000 -0.707107 0.799907 0.321534
collar_dark
0 -35.003148 51.194069 20.578170 -0.707107 0.000000 -0.707107 0.799907 0.321534
0 -35.222763 50.034958 20.797785 -0.707107 0.000000 -0.707107 0.781796 0.324965
0 -54.182879 50.034958 39.757901 -0.707107 0.000000 -0.707107 0.781796 0.621217
collar_dark
0 -35.003148 51.194069 20.578170 -0.707107 0.000000 -0.707107 0.799907 0.321534
0 -54.182879 50.034958 39.757901 -0.707107 0.000000 -0.707107 0.781796 0.621217
0 -54.402494 51.194069 39.977516 -0.707107 0.000000 -0.707107 0.799907 0.624649
collar_bevel
0 -54.182879 50.034958 39.757901 -0.096648 -0.721439 -0.685700 -0.846607 0.621217
0 -52.850194 48.972439 40.687958 -0.096648 -0.721439 -0.685700 -0.825784 0.635749
0 -68.921450 35.850314 56.759214 -0.096648 -0.721439 -0.685700 -1.076898 0.886863
collar_bevel
0 -54.182879 50.034958 39.757901 -0.096648 -0.721439 -0.685700 -0.846607 0.621217
0 -68.921450 35.850314 56.759214 -0.096648 -0.721439 -0.685700 -1.076898 0.886863
0 -70.602821 36.628131 56.177843 -0.096648 -0.721439 -0.685700 -1.103169 0.877779
collar_bevel
0 -70.602821 36.628131 56.177843 0.118960 -0.416523 -0.901309 -1.103169 0.572315
0 -68.921450 35.850314 56.759214 0.118960 -0.416523 -0.901309 -1.076898 0.560161
0 -78.200194 13.122126 66.037958 0.118960 -0.416523 -0.901309 -1.221878 0.205033
collar_bevel
0 -70.602821 36.628131 56.177843 0.118960 -0.416523 -0.901309 -1.103169 0.572315
0 -78.200194 13.122126 66.037958 0.118960 -0.416523 -0.901309 -1.221878 0.205033
0 -80.082879 13.406827 65.657901 0.118960 -0.416523 -0.901309 -1.251295 0.209482
collar_bevel
0 -80.082879 13.406827 65.657901 0.197878 0.000000 -0.980227 -1.251295 0.209482
0 -78.200194 13.122126 66.037958 0.197878 0.000000 -0.980227 -1.221878 0.205033
0 -78.200194 -13.122126 66.037958 0.197878 0.000000 -0.980227 -1.221878 -0.205033
collar_bevel
0 -80.082879 13.406827 65.657901 0.197878 0.000000 -0.980227 -1.251295 0.209482
0 -78.200194 -13.122126 66.037958 0.197878 0.000000 -0.980227 -1.221878 -0.205033
0 -80.082879 -13.406827 65.657901 0.197878 0.000000 -0.980227 -1.251295 -0.209482
collar_bevel
0 -80.082879 -13.406827 65.657901 0.118960 0.416523 -0.901309 -1.251295 -0.209482
0 -78.200194 -13.122126 66.037958 0.118960 0.416523 -0.901309 -1.221878 -0.205033
0 -68.921450 -35.850314 56.759214 0.118960 0.416523 -0.901309 -1.076898 -0.560161
collar_bevel
0 -80.082879 -13.406827 65.657901 0.118960 0.416523 -0.901309 -1.251295 -0.209482
0 -68.921450 -35.850314 56.759214 0.118960 0.416523 -0.901309 -1.076898 -0.560161
0 -70.602821 -36.628131 56.177843 0.118960 0.416523 -0.901309 -1.103169 -0.572315
collar_bevel
0 -70.602821 -36.628131 56.177843 -0.096648 0.721439 -0.685700 -1.103169 0.877779
0 -68.921450 -35.850314 56.759214 -0.096648 0.721439 -0.685700 -1.076898 0.886863
0 -52.850194 -48.972439 40.687958 -0.096648 0.721439 -0.685700 -0.825784 0.635749
collar_bevel
0 -70.602821 -36.628131 56.177843 -0.096648 0.721439 -0.685700 -1.103169 0.877779
0 -52.850194 -48.972439 40.687958 -0.096648 0.721439 -0.685700 -0.825784 0.635749
0 -54.182879 -50.034958 39.757901 -0.096648 0.721439 -0.685700 -0.846607 0.621217
collar_bevel
0 -54.182879 -50.034958 39.757901 -0.391174 0.833046 -0.391174 -0.846607 0.621217
0 -52.850194 -48.972439 40.687958 -0.391174 0.833046 -0.391174 -0.825784 0.635749
0 -34.292706 -48.972439 22.130470 -0.391174 0.833046 -0.391174 -0.535824 0.345789
collar_bevel
0 -54.182879 -50.034958 39.757901 -0.391174 0.833046 -0.391174 -0.846607 0.621217
0 -34.292706 -48.972439 22.130470 -0.391174 0.833046 -0.391174 -0.535824 0.345789
0 -35.222763 -50.034958 20.797785 -0.391174 0.833046 -0.391174 -0.550356 0.324965
collar_bevel
0 -35.222763 -50.034958 20.797785 -0.685700 0.721439 -0.096648 -0.550356 0.324965
0 -34.292706 -48.972439 22.130470 -0.685700 0.721439 -0.096648 -0.535824 0.345789
0 -18.221450 -35.850314 6.059214 -0.685700 0.721439 -0.096648 -0.284710 0.094675
collar_bevel
0 -35.222763 -50.034958 20.797785 -0.685700 0.721439 -0.096648 -0.550356 0.324965
0 -18.221450 -35.850314 6.059214 -0.685700 0.721439 -0.096648 -0.284710 0.094675
0 -18.802821 -36.628131 4.377843 -0.685700 0.721439 -0.096648 -0.293794 0.068404
collar_bevel
0 -18.802821 -36.628131 4.377843 -0.901309 0.416523 0.118960 -0.572315 0.068404
0 -18.221450 -35.850314 6.059214 -0.901309 0.416523 0.118960 -0.560161 0.094675
0 -8.942706 -13.122126 -3.219530 -0.901309 0.416523 0.118960 -0.205033 -0.050305
collar_bevel
0 -18.802821 -36.628131 4.377843 -0.901309 0.416523 0.118960 -0.572315 0.068404
0 -8.942706 -13.122126 -3.219530 -0.901309 0.416523 0.118960 -0.205033 -0.050305
0 -9.322763 -13.406827 -5.102215 -0.901309 0.416523 0.118960 -0.209482 -0.079722
collar_bevel
0 -9.322763 -13.406827 -5.102215 -0.980227 0.000000 0.197878 -0.209482 -0.079722
0 -8.942706 -13.122126 -3.219530 -0.980227 0.000000 0.197878 -0.205033 -0.050305
0 -8.942706 13.122126 -3.219530 -0.980227 0.000000 0.197878 0.205033 -0.050305
collar_bevel
0 -9.322763 -13.406827 -5.102215 -0.980227 0.000000 0.197878 -0.209482 -0.079722
0 -8.942706 13.122126 -3.219530 -0.980227 0.000000 0.197878 0.205033 -0.050305
0 -9.322763 13.406827 -5.102215 -0.980227 0.000000 0.197878 0.209482 -0.079722
collar_bevel
0 -9.322763 13.406827 -5.102215 -0.901309 -0.416523 0.118960 0.209482 -0.079722
0 -8.942706 13.122126 -3.219530 -0.901309 -0.416523 0.118960 0.205033 -0.050305
0 -18.221450 35.850314 6.059214 -0.901309 -0.416523 0.118960 0.560161 0.094675
collar_bevel
0 -9.322763 13.406827 -5.102215 -0.901309 -0.416523 0.118960 0.209482 -0.079722
0 -18.221450 35.850314 6.059214 -0.901309 -0.416523 0.118960 0.560161 0.094675
0 -18.802821 36.628131 4.377843 -0.901309 -0.416523 0.118960 0.572315 0.068404
collar_bevel
0 -18.802821 36.628131 4.377843 -0.685700 -0.721439 -0.096648 -0.293794 0.068404
0 -18.221450 35.850314 6.059214 -0.685700 -0.721439 -0.096648 -0.284710 0.094675
0 -34.292706 48.972439 22.130470 -0.685700 -0.721439 -0.096648 -0.535824 0.345789
collar_bevel
0 -18.802821 36.628131 4.377843 -0.685700 -0.721439 -0.096648 -0.293794 0.068404
0 -34.292706 48.972439 22.130470 -0.685700 -0.721439 -0.096648 -0.535824 0.345789
0 -35.222763 50.034958 20.797785 -0.685700 -0.721439 -0.096648 -0.550356 0.324965
collar_bevel
0 -35.222763 50.034958 20.797785 -0.391174 -0.833046 -0.391174 -0.550356 0.324965
0 -34.292706 48.972439 22.130470 -0.391174 -0.833046 -0.391174 -0.535824 0.345789
0 -52.850194 48.972439 40.687958 -0.391174 -0.833046 -0.391174 -0.825784 0.635749
collar_bevel
0 -35.222763 50.034958 20.797785 -0.391174 -0.833046 -0.391174 -0.550356 0.324965
0 -52.850194 48.972439 40.687958 -0.391174 -0.833046 -0.391174 -0.825784 0.635749
0 -54.182879 50.034958 39.757901 -0.391174 -0.833046 -0.391174 -0.846607 0.621217
collar_dark
0 -52.850194 48.972439 40.687958 -0.707107 -0.000000 -0.707107 0.765194 0.635749
0 -52.722085 48.296291 40.559849 -0.707107 -0.000000 -0.707107 0.754630 0.633748
0 -68.571450 35.355339 56.409214 -0.707107 -0.000000 -0.707107 0.552427 0.881394
collar_dark
0 -52.850194 48.972439 40.687958 -0.707107 0.000000 -0.707107 0.765194 0.635749
0 -68.571450 35.355339 56.409214 -0.707107 0.000000 -0.707107 0.552427 0.881394
0 -68.921450 35.850314 56.759214 -0.707107 0.000000 -0.707107 0.560161 0.886863
collar_dark
0 -68.921450 35.850314 56.759214 -0.707107 -0.000000 -0.707107 0.560161 0.886863
0 -68.571450 35.355339 56.409214 -0.707107 -0.000000 -0.707107 0.552427 0.881394
0 -77.722085 12.940952 65.559849 -0.707107 -0.000000 -0.707107 0.202202 1.024373
collar_dark
0 -68.921450 35.850314 56.759214 -0.707107 -0.000000 -0.707107 0.560161 0.886863
0 -77.722085 12.940952 65.559849 -0.707107 -0.000000 -0.707107 0.202202 1.024373
0 -78.200194 13.122126 66.037958 -0.707107 -0.000000 -0.707107 0.205033 1.031843
collar_dark
0 -78.200194 13.122126 66.037958 -0.707107 0.000000 -0.707107 0.205033 1.031843
0 -77.722085 12.940952 65.559849 -0.707107 0.000000 -0.707107 0.202202 1.024373
0 -77.722085 -12.940952 65.559849 -0.707107 0.000000 -0.707107 -0.202202 1.024373
collar_dark
0 -78.200194 13.122126 66.037958 -0.707107 0.000000 -0.707107 0.205033 1.031843
0 -77.722085 -12.940952 65.559849 -0.707107 0.000000 -0.707107 -0.202202 1.024373
0 -78.200194 -13.122126 66.037958 -0.707107 0.000000 -0.707107 -0.205033 1.031843
collar_dark
0 -78.200194 -13.122126 66.037958 -0.707107 0.000000 -0.707107 -0.205033 1.031843
0 -77.722085 -12.940952 65.559849 -0.707107 0.000000 -0.707107 -0.202202 1.024373
0 -68.571450 -35.355339 56.409214 -0.707107 0.000000 -0.707107 -0.552427 0.881394
collar_dark
0 -78.200194 -13.122126 66.037958 -0.707107 0.000000 -0.707107 -0.205033 1.031843
0 -68.571450 -35.355339 56.409214 -0.707107 0.000000 -0.707107 -0.552427 0.881394
0 -68.921450 -35.850314 56.759214 -0.707107 0.000000 -0.707107 -0.560161 0.886863
collar_dark
0 -68.921450 -35.850314 56.759214 -0.707107 0.000000 -0.707107 -0.560161 0.886863
0 -68.571450 -35.355339 56.409214 -0.707107 0.000000 -0.707107 -0.552427 0.881394
0 -52.722085 -48.296291 40.559849 -0.707107 0.000000 -0.707107 -0.754630 0.633748
collar_dark
0 -68.921450 -35.850314 56.759214 -0.707107 0.000000 -0.707107 -0.560161 0.886863
0 -52.722085 -48.296291 40.559849 -0.707107 0.000000 -0.707107 -0.754630 0.633748
0 -52.850194 -48.972439 40.687958 -0.707107 0.000000 -0.707107 -0.765194 0.635749
collar_dark
0 -52.850194 -48.972439 40.687958 -0.707107 0.000000 -0.707107 -0.765194 0.635749
0 -52.722085 -48.296291 40.559849 -0.707107 0.000000 -0.707107 -0.754630 0.633748
0 -34.420815 -48.296291 22.258579 -0.707107 0.000000 -0.707107 -0.754630 0.347790
collar_dark
0 -52.850194 -48.972439 40.687958 -0.707107 0.000000 -0.707107 -0.765194 0.635749
0 -34.420815 -48.296291 22.258579 -0.707107 0.000000 -0.707107 -0.754630 0.347790
0 -34.292706 -48.972439 22.130470 -0.707107 0.000000 -0.707107 -0.765194 0.345789
collar_dark
0 -34.292706 -48.972439 22.130470 -0.707107 0.000000 -0.707107 -0.535824 -0.765194
0 -34.420815 -48.296291 22.258579 -0.707107 0.000000 -0.707107 -0.537825 -0.754630
0 -18.571450 -35.355339 6.409214 -0.707107 0.000000 -0.707107 -0.290179 -0.552427
collar_dark
0 -34.292706 -48.972439 22.130470 -0.707107 -0.000000 -0.707107 -0.535824 -0.765194
0 -18.571450 -35.355339 6.409214 -0.707107 -0.000000 -0.707107 -0.290179 -0.552427
0 -18.221450 -35.850314 6.059214 -0.707107 -0.000000 -0.707107 -0.284710 -0.560161
collar_dark
0 -18.221450 -35.850314 6.059214 -0.707107 -0.000000 -0.707107 -0.284710 -0.560161
0 -18.571450 -35.355339 6.409214 -0.707107 -0.000000 -0.707107 -0.290179 -0.552427
0 -9.420815 -12.940952 -2.741421 -0.707107 -0.000000 -0.707107 -0.147200 -0.202202
collar_dark
0 -18.221450 -35.850314 6.059214 -0.707107 0.000000 -0.707107 -0.560161 0.094675
0 -9.420815 -12.940952 -2.741421 -0.707107 0.000000 -0.707107 -0.202202 -0.042835
0 -8.942706 -13.122126 -3.219530 -0.707107 0.000000 -0.707107 -0.205033 -0.050305
collar_dark
0 -8.942706 -13.122126 -3.219530 -0.707107 0.000000 -0.707107 -0.205033 -0.050305
0 -9.420815 -12.940952 -2.741421 -0.707107 0.000000 -0.707107 -0.202202 -0.042835
0 -9.420815 12.940952 -2.741421 -0.707107 0.000000 -0.707107 0.202202 -0.042835
collar_dark
0 -8.942706 -13.122126 -3.219530 -0.707107 0.000000 -0.707107 -0.205033 -0.050305
0 -9.420815 12.940952 -2.741421 -0.707107 0.000000 -0.707107 0.202202 -0.042835
0 -8.942706 13.122126 -3.219530 -0.707107 0.000000 -0.707107 0.205033 -0.050305
collar_dark
0 -8.942706 13.122126 -3.219530 -0.707107 -0.000000 -0.707107 0.205033 -0.050305
0 -9.420815 12.940952 -2.741421 -0.707107 -0.000000 -0.707107 0.202202 -0.042835
0 -18.571450 35.355339 6.409214 -0.707107 -0.000000 -0.707107 0.552427 0.100144
collar_dark
0 -8.942706 13.122126 -3.219530 -0.707107 0.000000 -0.707107 0.205033 -0.050305
0 -18.571450 35.355339 6.409214 -0.707107 0.000000 -0.707107 0.552427 0.100144
0 -18.221450 35.850314 6.059214 -0.707107 0.000000 -0.707107 0.560161 0.094675
collar_dark
0 -18.221450 35.850314 6.059214 -0.707107 0.000000 -0.707107 0.560161 0.094675
0 -18.571450 35.355339 6.409214 -0.707107 0.000000 -0.707107 0.552427 0.100144
0 -34.420815 48.296291 22.258579 -0.707107 0.000000 -0.707107 0.754630 0.347790
collar_dark
0 -18.221450 35.850314 6.059214 -0.707107 -0.000000 -0.707107 0.560161 0.094675
0 -34.420815 48.296291 22.258579 -0.707107 -0.000000 -0.707107 0.754630 0.347790
0 -34.292706 48.972439 22.130470 -0.707107 -0.000000 -0.707107 0.765194 0.345789
collar_dark
0 -34.292706 48.972439 22.130470 -0.707107 -0.000000 -0.707107 -0.535824 0.765194
0 -34.420815 48.296291 22.258579 -0.707107 -0.000000 -0.707107 -0.537825 0.754630
0 -52.722085 48.296291 40.559849 -0.707107 -0.000000 -0.707107 -0.823783 0.754630
collar_dark
0 -34.292706 48.972439 22.130470 -0.707107 0.000000 -0.707107 0.765194 0.345789
0 -52.722085 48.296291 40.559849 -0.707107 0.000000 -0.707107 0.754630 0.633748
0 -52.850194 48.972439 40.687958 -0.707107 0.000000 -0.707107 0.765194 0.635749
collar_dark
0 -52.722085 48.296291 40.559849 0.353553 -0.866025 -0.353553 -0.823783 0.633748
0 -40.559849 48.296291 52.722085 0.353553 -0.866025 -0.353553 -0.633748 0.823783
0 -56.409214 35.355339 68.571450 0.353553 -0.866025 -0.353553 -0.881394 1.071429
collar_dark
0 -52.722085 48.296291 40.559849 0.353553 -0.866025 -0.353553 -0.823783 0.633748
0 -56.409214 35.355339 68.571450 0.353553 -0.866025 -0.353553 -0.881394 1.071429
0 -68.571450 35.355339 56.409214 0.353553 -0.866025 -0.353553 -1.071429 0.881394
collar_dark
0 -68.571450 35.355339 56.409214 0.612372 -0.500000 -0.612372 0.552427 0.881394
0 -56.409214 35.355339 68.571450 0.612372 -0.500000 -0.612372 0.552427 1.071429
0 -65.559849 12.940952 77.722085 0.612372 -0.500000 -0.612372 0.202202 1.214408
collar_dark
0 -68.571450 35.355339 56.409214 0.612372 -0.500000 -0.612372 0.552427 0.881394
0 -65.559849 12.940952 77.722085 0.612372 -0.500000 -0.612372 0.202202 1.214408
0 -77.722085 12.940952 65.559849 0.612372 -0.500000 -0.612372 0.202202 1.024373
collar_dark
0 -77.722085 12.940952 65.559849 0.707107 0.000000 -0.707107 0.202202 1.024373
0 -65.559849 12.940952 77.722085 0.707107 0.000000 -0.707107 0.202202 1.214408
0 -65.559849 -12.940952 77.722085 0.707107 0.000000 -0.707107 -0.202202 1.214408
collar_dark
0 -77.722085 12.940952 65.559849 0.707107 0.000000 -0.707107 0.202202 1.024373
0 -65.559849 -12.940952 77.722085 0.707107 0.000000 -0.707107 -0.202202 1.214408
0 -77.722085 -12.940952 65.559849 0.707107 0.000000 -0.707107 -0.202202 1.024373
collar_dark
0 -77.722085 -12.940952 65.559849 0.612372 0.500000 -0.612372 -0.202202 1.024373
0 -65.559849 -12.940952 77.722085 0.612372 0.500000 -0.612372 -0.202202 1.214408
0 -56.409214 -35.355339 68.571450 0.612372 0.500000 -0.612372 -0.552427 1.071429
collar_dark
0 -77.722085 -12.940952 65.559849 0.612372 0.500000 -0.612372 -0.202202 1.024373
0 -56.409214 -35.355339 68.571450 0.612372 0.500000 -0.612372 -0.552427 1.071429
0 -68.571450 -35.355339 56.409214 0.612372 0.500000 -0.612372 -0.552427 0.881394
collar_dark
0 -68.571450 -35.355339 56.409214 0.353553 0.866025 -0.353553 -1.071429 0.881394
0 -56.409214 -35.355339 68.571450 0.353553 0.866025 -0.353553 -0.881394 1.071429
0 -40.559849 -48.296291 52.722085 0.353553 0.866025 -0.353553 -0.633748 0.823783
collar_dark
0 -68.571450 -35.355339 56.409214 0.353553 0.866025 -0.353553 -1.071429 0.881394
0 -40.559849 -48.296291 52.722085 0.353553 0.866025 -0.353553 -0.633748 0.823783
0 -52.722085 -48.296291 40.559849 0.353553 0.866025 -0.353553 -0.823783 0.633748
collar_dark
0 -52.722085 -48.296291 40.559849 0.000000 1.000000 0.000000 -0.823783 0.633748
0 -40.559849 -48.296291 52.722085 0.000000 1.000000 0.000000 -0.633748 0.823783
0 -22.258579 -48.296291 34.420815 0.000000 1.000000 0.000000 -0.347790 0.537825
collar_dark
0 -52.722085 -48.296291 40.559849 0.000000 1.000000 0.000000 -0.823783 0.633748
0 -22.258579 -48.296291 34.420815 0.000000 1.000000 0.000000 -0.347790 0.537825
0 -34.420815 -48.296291 22.258579 0.000000 1.000000 0.000000 -0.537825 0.347790
collar_dark
0 -34.420815 -48.296291 22.258579 -0.353553 0.866025 0.353553 -0.537825 0.347790
0 -22.258579 -48.296291 34.420815 -0.353553 0.866025 0.353553 -0.347790 0.537825
0 -6.409214 -35.355339 18.571450 -0.353553 0.866025 0.353553 -0.100144 0.290179
collar_dark
0 -34.420815 -48.296291 22.258579 -0.353553 0.866025 0.353553 -0.537825 0.347790
0 -6.409214 -35.355339 18.571450 -0.353553 0.866025 0.353553 -0.100144 0.290179
0 -18.571450 -35.355339 6.409214 -0.353553 0.866025 0.353553 -0.290179 0.100144
collar_dark
0 -18.571450 -35.355339 6.409214 -0.612372 0.500000 0.612372 -0.552427 0.100144
0 -6.409214 -35.355339 18.571450 -0.612372 0.500000 0.612372 -0.552427 0.290179
0 2.741421 -12.940952 9.420815 -0.612372 0.500000 0.612372 -0.202202 0.147200
collar_dark
0 -18.571450 -35.355339 6.409214 -0.612372 0.500000 0.612372 -0.552427 0.100144
0 2.741421 -12.940952 9.420815 -0.612372 0.500000 0.612372 -0.202202 0.147200
0 -9.420815 -12.940952 -2.741421 -0.612372 0.500000 0.612372 -0.202202 -0.042835
collar_dark
0 -9.420815 -12.940952 -2.741421 -0.707107 0.000000 0.707107 -0.202202 -0.042835
0 2.741421 -12.940952 9.420815 -0.707107 0.000000 0.707107 -0.202202 0.147200
0 2.741421 12.940952 9.420815 -0.707107 0.000000 0.707107 0.202202 0.147200
collar_dark
0 -9.420815 -12.940952 -2.741421 -0.707107 0.000000 0.707107 -0.202202 -0.042835
0 2.741421 12.940952 9.420815 -0.707107 0.000000 0.707107 0.202202 0.147200
0 -9.420815 12.940952 -2.741421 -0.707107 0.000000 0.707107 0.202202 -0.042835
collar_dark
0 -9.420815 12.940952 -2.741421 -0.612372 -0.500000 0.612372 0.202202 -0.042835
0 2.741421 12.940952 9.420815 -0.612372 -0.500000 0.612372 0.202202 0.147200
0 -6.409214 35.355339 18.571450 -0.612372 -0.500000 0.612372 0.552427 0.290179
collar_dark
0 -9.420815 12.940952 -2.741421 -0.612372 -0.500000 0.612372 0.202202 -0.042835
0 -6.409214 35.355339 18.571450 -0.612372 -0.500000 0.612372 0.552427 0.290179
0 -18.571450 35.355339 6.409214 -0.612372 -0.500000 0.612372 0.552427 0.100144
collar_dark
0 -18.571450 35.355339 6.409214 -0.353553 -0.866025 0.353553 -0.290179 0.100144
0 -6.409214 35.355339 18.571450 -0.353553 -0.866025 0.353553 -0.100144 0.290179
0 -22.258579 48.296291 34.420815 -0.353553 -0.866025 0.353553 -0.347790 0.537825
collar_dark
0 -18.571450 35.355339 6.409214 -0.353553 -0.866025 0.353553 -0.290179 0.100144
0 -22.258579 48.296291 34.420815 -0.353553 -0.866025 0.353553 -0.347790 0.537825
0 -34.420815 48.296291 22.258579 -0.353553 -0.866025 0.353553 -0.537825 0.347790
collar_dark
0 -34.420815 48.296291 22.258579 -0.000000 -1.000000 0.000000 -0.537825 0.347790
0 -22.258579 48.296291 34.420815 -0.000000 -1.000000 0.000000 -0.347790 0.537825
0 -40.559849 48.296291 52.722085 -0.000000 -1.000000 0.000000 -0.633748 0.823783
collar_dark
0 -34.420815 48.296291 22.258579 -0.000000 -1.000000 0.000000 -0.537825 0.347790
0 -40.559849 48.296291 52.722085 -0.000000 -1.000000 0.000000 -0.633748 0.823783
0 -52.722085 48.296291 40.559849 -0.000000 -1.000000 0.000000 -0.823783 0.633748
collar_bevel
0 -40.559849 48.296291 52.722085 0.707107 -0.000000 0.707107 -0.633748 0.754630
0 -40.687958 48.972439 52.850194 0.707107 -0.000000 0.707107 -0.635749 0.765194
0 -56.759214 35.850314 68.921450 0.707107 -0.000000 0.707107 -0.886863 0.560161
collar_bevel
0 -40.559849 48.296291 52.722085 0.707107 0.000000 0.707107 0.754630 0.823783
0 -56.759214 35.850314 68.921450 0.707107 0.000000 0.707107 0.560161 1.076898
0 -56.409214 35.355339 68.571450 0.707107 0.000000 0.707107 0.552427 1.071429
collar_bevel
0 -56.409214 35.355339 68.571450 0.707107 -0.000000 0.707107 -0.881394 0.552427
0 -56.759214 35.850314 68.921450 0.707107 -0.000000 0.707107 -0.886863 0.560161
0 -66.037958 13.122126 78.200194 0.707107 -0.000000 0.707107 -1.031843 0.205033
collar_bevel
0 -56.409214 35.355339 68.571450 0.707107 -0.000000 0.707107 0.552427 1.071429
0 -66.037958 13.122126 78.200194 0.707107 -0.000000 0.707107 0.205033 1.221878
0 -65.559849 12.940952 77.722085 0.707107 -0.000000 0.707107 0.202202 1.214408
collar_bevel
0 -65.559849 12.940952 77.722085 0.707107 0.000000 0.707107 0.202202 1.214408
0 -66.037958 13.122126 78.200194 0.707107 0.000000 0.707107 0.205033 1.221878
0 -66.037958 -13.122126 78.200194 0.707107 0.000000 0.707107 -0.205033 1.221878
collar_bevel
0 -65.559849 12.940952 77.722085 0.707107 0.000000 0.707107 0.202202 1.214408
0 -66.037958 -13.122126 78.200194 0.707107 0.000000 0.707107 -0.205033 1.221878
0 -65.559849 -12.940952 77.722085 0.707107 0.000000 0.707107 -0.202202 1.214408
collar_bevel
0 -65.559849 -12.940952 77.722085 0.707107 0.000000 0.707107 -0.202202 1.214408
0 -66.037958 -13.122126 78.200194 0.707107 0.000000 0.707107 -0.205033 1.221878
0 -56.759214 -35.850314 68.921450 0.707107 0.000000 0.707107 -0.560161 1.076898
collar_bevel
0 -65.559849 -12.940952 77.722085 0.707107 0.000000 0.707107 -1.024373 -0.202202
0 -56.759214 -35.850314 68.921450 0.707107 0.000000 0.707107 -0.886863 -0.560161
0 -56.409214 -35.355339 68.571450 0.707107 0.000000 0.707107 -0.881394 -0.552427
collar_bevel
0 -56.409214 -35.355339 68.571450 0.707107 0.000000 0.707107 -0.881394 -0.552427
0 -56.759214 -35.850314 68.921450 0.707107 0.000000 0.707107 -0.886863 -0.560161
0 -40.687958 -48.972439 52.850194 0.707107 0.000000 0.707107 -0.635749 -0.765194
collar_bevel
0 -56.409214 -35.355339 68.571450 0.707107 0.000000 0.707107 -0.552427 1.071429
0 -40.687958 -48.972439 52.850194 0.707107 0.000000 0.707107 -0.765194 0.825784
0 -40.559849 -48.296291 52.722085 0.707107 0.000000 0.707107 -0.754630 0.823783
collar_bevel
0 -40.559849 -48.296291 52.722085 0.707107 0.000000 0.707107 -0.754630 0.823783
0 -40.687958 -48.972439 52.850194 0.707107 0.000000 0.707107 -0.765194 0.825784
0 -22.130470 -48.972439 34.292706 0.707107 0.000000 0.707107 -0.765194 0.535824
collar_bevel
0 -40.559849 -48.296291 52.722085 0.707107 0.000000 0.707107 -0.754630 0.823783
0 -22.130470 -48.972439 34.292706 0.707107 0.000000 0.707107 -0.765194 0.535824
0 -22.258579 -48.296291 34.420815 0.707107 0.000000 0.707107 -0.754630 0.537825
collar_bevel
0 -22.258579 -48.296291 34.420815 0.707107 0.000000 0.707107 -0.754630 0.537825
0 -22.130470 -48.972439 34.292706 0.707107 0.000000 0.707107 -0.765194 0.535824
0 -6.059214 -35.850314 18.221450 0.707107 0.000000 0.707107 -0.560161 0.284710
collar_bevel
0 -22.258579 -48.296291 34.420815 0.707107 -0.000000 0.707107 -0.754630 0.537825
0 -6.059214 -35.850314 18.221450 0.707107 -0.000000 0.707107 -0.560161 0.284710
0 -6.409214 -35.355339 18.571450 0.707107 -0.000000 0.707107 -0.552427 0.290179
collar_bevel
0 -6.409214 -35.355339 18.571450 0.707107 -0.000000 0.707107 -0.552427 0.290179
0 -6.059214 -35.850314 18.221450 0.707107 -0.000000 0.707107 -0.560161 0.284710
0 3.219530 -13.122126 8.942706 0.707107 -0.000000 0.707107 -0.205033 0.139730
collar_bevel
0 -6.409214 -35.355339 18.571450 0.707107 0.000000 0.707107 -0.552427 0.290179
0 3.219530 -13.122126 8.942706 0.707107 0.000000 0.707107 -0.205033 0.139730
0 2.741421 -12.940952 9.420815 0.707107 0.000000 0.707107 -0.202202 0.147200
collar_bevel
0 2.741421 -12.940952 9.420815 0.707107 0.000000 0.707107 -0.202202 0.147200
0 3.219530 -13.122126 8.942706 0.707107 0.000000 0.707107 -0.205033 0.139730
0 3.219530 13.122126 8.942706 0.707107 0.000000 0.707107 0.205033 0.139730
collar_bevel
0 2.741421 -12.940952 9.420815 0.707107 0.000000 0.707107 -0.202202 0.147200
0 3.219530 13.122126 8.942706 0.707107 0.000000 0.707107 0.205033 0.139730
0 2.741421 12.940952 9.420815 0.707107 0.000000 0.707107 0.202202 0.147200
collar_bevel
0 2.741421 12.940952 9.420815 0.707107 -0.000000 0.707107 0.202202 0.147200
0 3.219530 13.122126 8.942706 0.707107 -0.000000 0.707107 0.205033 0.139730
0 -6.059214 35.850314 18.221450 0.707107 -0.000000 0.707107 0.560161 0.284710
collar_bevel
0 2.741421 12.940952 9.420815 0.707107 0.000000 0.707107 0.202202 0.147200
0 -6.059214 35.850314 18.221450 0.707107 0.000000 0.707107 0.560161 0.284710
0 -6.409214 35.355339 18.571450 0.707107 0.000000 0.707107 0.552427 0.290179
collar_bevel
0 -6.409214 35.355339 18.571450 0.707107 -0.000000 0.707107 0.552427 0.290179
0 -6.059214 35.850314 18.221450 0.707107 -0.000000 0.707107 0.560161 0.284710
0 -22.130470 48.972439 34.292706 0.707107 -0.000000 0.707107 0.765194 0.535824
collar_bevel
0 -6.409214 35.355339 18.571450 0.707107 -0.000000 0.707107 -0.100144 0.552427
0 -22.130470 48.972439 34.292706 0.707107 -0.000000 0.707107 -0.345789 0.765194
0 -22.258579 48.296291 34.420815 0.707107 -0.000000 0.707107 -0.347790 0.754630
collar_bevel
0 -22.258579 48.296291 34.420815 0.707107 -0.000000 0.707107 0.754630 0.537825
0 -22.130470 48.972439 34.292706 0.707107 -0.000000 0.707107 0.765194 0.535824
0 -40.687958 48.972439 52.850194 0.707107 -0.000000 0.707107 0.765194 0.825784
collar_bevel
0 -22.258579 48.296291 34.420815 0.707107 0.000000 0.707107 0.754630 0.537825
0 -40.687958 48.972439 52.850194 0.707107 0.000000 0.707107 0.765194 0.825784
0 -40.559849 48.296291 52.722085 0.707107 0.000000 0.707107 0.754630 0.823783
collar_dark
0 -40.687958 48.972439 52.850194 0.685700 -0.721439 0.096648 -0.635749 0.825784
0 -39.757901 50.034958 54.182879 0.685700 -0.721439 0.096648 -0.621217 0.846607
0 -56.177843 36.628131 70.602821 0.685700 -0.721439 0.096648 -0.877779 1.103169
collar_dark
0 -40.687958 48.972439 52.850194 0.685700 -0.721439 0.096648 -0.635749 0.825784
0 -56.177843 36.628131 70.602821 0.685700 -0.721439 0.096648 -0.877779 1.103169
0 -56.759214 35.850314 68.921450 0.685700 -0.721439 0.096648 -0.886863 1.076898
collar_dark
0 -56.759214 35.850314 68.921450 0.901309 -0.416523 -0.118960 0.560161 1.076898
0 -56.177843 36.628131 70.602821 0.901309 -0.416523 -0.118960 0.572315 1.103169
0 -65.657901 13.406827 80.082879 0.901309 -0.416523 -0.118960 0.209482 1.251295
collar_dark
0 -56.759214 35.850314 68.921450 0.901309 -0.416523 -0.118960 0.560161 1.076898
0 -65.657901 13.406827 80.082879 0.901309 -0.416523 -0.118960 0.209482 1.251295
0 -66.037958 13.122126 78.200194 0.901309 -0.416523 -0.118960 0.205033 1.221878
collar_dark
0 -66.037958 13.122126 78.200194 0.980227 0.000000 -0.197878 0.205033 1.221878
0 -65.657901 13.406827 80.082879 0.980227 0.000000 -0.197878 0.209482 1.251295
0 -65.657901 -13.406827 80.082879 0.980227 0.000000 -0.197878 -0.209482 1.251295
collar_dark
0 -66.037958 13.122126 78.200194 0.980227 0.000000 -0.197878 0.205033 1.221878
0 -65.657901 -13.406827 80.082879 0.980227 0.000000 -0.197878 -0.209482 1.251295
0 -66.037958 -13.122126 78.200194 0.980227 0.000000 -0.197878 -0.205033 1.221878
collar_dark
0 -66.037958 -13.122126 78.200194 0.901309 0.416523 -0.118960 -0.205033 1.221878
0 -65.657901 -13.406827 80.082879 0.901309 0.416523 -0.118960 -0.209482 1.251295
0 -56.177843 -36.628131 70.602821 0.901309 0.416523 -0.118960 -0.572315 1.103169
collar_dark
0 -66.037958 -13.122126 78.200194 0.901309 0.416523 -0.118960 -0.205033 1.221878
0 -56.177843 -36.628131 70.602821 0.901309 0.416523 -0.118960 -0.572315 1.103169
0 -56.759214 -35.850314 68.921450 0.901309 0.416523 -0.118960 -0.560161 1.076898
collar_dark
0 -56.759214 -35.850314 68.921450 0.685700 0.721439 0.096648 -0.886863 1.076898
0 -56.177843 -36.628131 70.602821 0.685700 0.721439 0.096648 -0.877779 1.103169
0 -39.757901 -50.034958 54.182879 0.685700 0.721439 0.096648 -0.621217 0.846607
collar_dark
0 -56.759214 -35.850314 68.921450 0.685700 0.721439 0.096648 -0.886863 1.076898
0 -39.757901 -50.034958 54.182879 0.685700 0.721439 0.096648 -0.621217 0.846607
0 -40.687958 -48.972439 52.850194 0.685700 0.721439 0.096648 -0.635749 0.825784
collar_dark
0 -40.687958 -48.972439 52.850194 0.391174 0.833046 0.391174 -0.635749 0.825784
0 -39.757901 -50.034958 54.182879 0.391174 0.833046 0.391174 -0.621217 0.846607
0 -20.797785 -50.034958 35.222763 0.391174 0.833046 0.391174 -0.324965 0.550356
collar_dark
0 -40.687958 -48.972439 52.850194 0.391174 0.833046 0.391174 -0.635749 0.825784
0 -20.797785 -50.034958 35.222763 0.391174 0.833046 0.391174 -0.324965 0.550356
0 -22.130470 -48.972439 34.292706 0.391174 0.833046 0.391174 -0.345789 0.535824
collar_dark
0 -22.130470 -48.972439 34.292706 0.096648 0.721439 0.685700 -0.345789 0.535824
0 -20.797785 -50.034958 35.222763 0.096648 0.721439 0.685700 -0.324965 0.550356
0 -4.377843 -36.628131 18.802821 0.096648 0.721439 0.685700 -0.068404 0.293794
collar_dark
0 -22.130470 -48.972439 34.292706 0.096648 0.721439 0.685700 -0.345789 0.535824
0 -4.377843 -36.628131 18.802821 0.096648 0.721439 0.685700 -0.068404 0.293794
0 -6.059214 -35.850314 18.221450 0.096648 0.721439 0.685700 -0.094675 0.284710
collar_dark
0 -6.059214 -35.850314 18.221450 -0.118960 0.416523 0.901309 -0.094675 -0.560161
0 -4.377843 -36.628131 18.802821 -0.118960 0.416523 0.901309 -0.068404 -0.572315
0 5.102215 -13.406827 9.322763 -0.118960 0.416523 0.901309 0.079722 -0.209482
collar_dark
0 -6.059214 -35.850314 18.221450 -0.118960 0.416523 0.901309 -0.094675 -0.560161
0 5.102215 -13.406827 9.322763 -0.118960 0.416523 0.901309 0.079722 -0.209482
0 3.219530 -13.122126 8.942706 -0.118960 0.416523 0.901309 0.050305 -0.205033
collar_dark
0 3.219530 -13.122126 8.942706 -0.197878 0.000000 0.980227 0.050305 -0.205033
0 5.102215 -13.406827 9.322763 -0.197878 0.000000 0.980227 0.079722 -0.209482
0 5.102215 13.406827 9.322763 -0.197878 0.000000 0.980227 0.079722 0.209482
collar_dark
0 3.219530 -13.122126 8.942706 -0.197878 0.000000 0.980227 0.050305 -0.205033
0 5.102215 13.406827 9.322763 -0.197878 0.000000 0.980227 0.079722 0.209482
0 3.219530 13.122126 8.942706 -0.197878 0.000000 0.980227 0.050305 0.205033
collar_dark
0 3.219530 13.122126 8.942706 -0.118960 -0.416523 0.901309 0.050305 0.205033
0 5.102215 13.406827 9.322763 -0.118960 -0.416523 0.901309 0.079722 0.209482
0 -4.377843 36.628131 18.802821 -0.118960 -0.416523 0.901309 -0.068404 0.572315
collar_dark
0 3.219530 13.122126 8.942706 -0.118960 -0.416523 0.901309 0.050305 0.205033
0 -4.377843 36.628131 18.802821 -0.118960 -0.416523 0.901309 -0.068404 0.572315
0 -6.059214 35.850314 18.221450 -0.118960 -0.416523 0.901309 -0.094675 0.560161
collar_dark
0 -6.059214 35.850314 18.221450 0.096648 -0.721439 0.685700 -0.094675 0.284710
0 -4.377843 36.628131 18.802821 0.096648 -0.721439 0.685700 -0.068404 0.293794
0 -20.797785 50.034958 35.222763 0.096648 -0.721439 0.685700 -0.324965 0.550356
collar_dark
0 -6.059214 35.850314 18.221450 0.096648 -0.721439 0.685700 -0.094675 0.284710
0 -20.797785 50.034958 35.222763 0.096648 -0.721439 0.685700 -0.324965 0.550356
0 -22.130470 48.972439 34.292706 0.096648 -0.721439 0.685700 -0.345789 0.535824
collar_dark
0 -22.130470 48.972439 34.292706 0.391174 -0.833046 0.391174 -0.345789 0.535824
0 -20.797785 50.034958 35.222763 0.391174 -0.833046 0.391174 -0.324965 0.550356
0 -39.757901 50.034958 54.182879 0.391174 -0.833046 0.391174 -0.621217 0.846607
collar_dark
0 -22.130470 48.972439 34.292706 0.391174 -0.833046 0.391174 -0.345789 0.535824
0 -39.757901 50.034958 54.182879 0.391174 -0.833046 0.391174 -0.621217 0.846607
0 -40.687958 48.972439 52.850194 0.391174 -0.833046 0.391174 -0.635749 0.825784
collar_bevel
0 -39.757901 50.034958 54.182879 0.707107 -0.000000 0.707107 -0.621217 0.781796
0 -39.977516 51.194069 54.402494 0.707107 -0.000000 0.707107 -0.624649 0.799907
0 -56.777843 37.476659 71.202821 0.707107 -0.000000 0.707107 -0.887154 0.585573
collar_bevel
0 -39.757901 50.034958 54.182879 0.707107 0.000000 0.707107 0.781796 0.846607
0 -56.777843 37.476659 71.202821 0.707107 0.000000 0.707107 0.585573 1.112544
0 -56.177843 36.628131 70.602821 0.707107 0.000000 0.707107 0.572315 1.103169
collar_bevel
0 -56.177843 36.628131 70.602821 0.707107 0.000000 0.707107 0.572315 1.103169
0 -56.777843 37.476659 71.202821 0.707107 0.000000 0.707107 0.585573 1.112544
0 -66.477516 13.717409 80.902494 0.707107 0.000000 0.707107 0.214335 1.264101
collar_bevel
0 -56.177843 36.628131 70.602821 0.707107 0.000000 0.707107 0.572315 1.103169
0 -66.477516 13.717409 80.902494 0.707107 0.000000 0.707107 0.214335 1.264101
0 -65.657901 13.406827 80.082879 0.707107 0.000000 0.707107 0.209482 1.251295
collar_bevel
0 -65.657901 13.406827 80.082879 0.707107 0.000000 0.707107 0.209482 1.251295
0 -66.477516 13.717409 80.902494 0.707107 0.000000 0.707107 0.214335 1.264101
0 -66.477516 -13.717409 80.902494 0.707107 0.000000 0.707107 -0.214335 1.264101
collar_bevel
0 -65.657901 13.406827 80.082879 0.707107 0.000000 0.707107 0.209482 1.251295
0 -66.477516 -13.717409 80.902494 0.707107 0.000000 0.707107 -0.214335 1.264101
0 -65.657901 -13.406827 80.082879 0.707107 0.000000 0.707107 -0.209482 1.251295
collar_bevel
0 -65.657901 -13.406827 80.082879 0.707107 -0.000000 0.707107 -0.209482 1.251295
0 -66.477516 -13.717409 80.902494 0.707107 -0.000000 0.707107 -0.214335 1.264101
0 -56.777843 -37.476659 71.202821 0.707107 -0.000000 0.707107 -0.585573 1.112544
collar_bevel
0 -65.657901 -13.406827 80.082879 0.707107 -0.000000 0.707107 -0.209482 1.251295
0 -56.777843 -37.476659 71.202821 0.707107 -0.000000 0.707107 -0.585573 1.112544
0 -56.177843 -36.628131 70.602821 0.707107 -0.000000 0.707107 -0.572315 1.103169
collar_bevel
0 -56.177843 -36.628131 70.602821 0.707107 0.000000 0.707107 -0.877779 -0.572315
0 -56.777843 -37.476659 71.202821 0.707107 0.000000 0.707107 -0.887154 -0.585573
0 -39.977516 -51.194069 54.402494 0.707107 0.000000 0.707107 -0.624649 -0.799907
collar_bevel
0 -56.177843 -36.628131 70.602821 0.707107 0.000000 0.707107 -0.877779 -0.572315
0 -39.977516 -51.194069 54.402494 0.707107 0.000000 0.707107 -0.624649 -0.799907
0 -39.757901 -50.034958 54.182879 0.707107 0.000000 0.707107 -0.621217 -0.781796
collar_bevel
0 -39.757901 -50.034958 54.182879 0.707107 0.000000 0.707107 -0.781796 0.846607
0 -39.977516 -51.194069 54.402494 0.707107 0.000000 0.707107 -0.799907 0.850039
0 -20.578170 -51.194069 35.003148 0.707107 0.000000 0.707107 -0.799907 0.546924
collar_bevel
0 -39.757901 -50.034958 54.182879 0.707107 0.000000 0.707107 -0.781796 0.846607
0 -20.578170 -51.194069 35.003148 0.707107 0.000000 0.707107 -0.799907 0.546924
0 -20.797785 -50.034958 35.222763 0.707107 0.000000 0.707107 -0.781796 0.550356
collar_bevel
0 -20.797785 -50.034958 35.222763 0.707107 0.000000 0.707107 -0.781796 0.550356
0 -20.578170 -51.194069 35.003148 0.707107 0.000000 0.707107 -0.799907 0.546924
0 -3.777843 -37.476659 18.202821 0.707107 0.000000 0.707107 -0.585573 0.284419
collar_bevel
0 -20.797785 -50.034958 35.222763 0.707107 0.000000 0.707107 -0.781796 0.550356
0 -3.777843 -37.476659 18.202821 0.707107 0.000000 0.707107 -0.585573 0.284419
0 -4.377843 -36.628131 18.802821 0.707107 0.000000 0.707107 -0.572315 0.293794
collar_bevel
0 -4.377843 -36.628131 18.802821 0.707107 0.000000 0.707107 -0.572315 0.293794
0 -3.777843 -37.476659 18.202821 0.707107 0.000000 0.707107 -0.585573 0.284419
0 5.921830 -13.717409 8.503148 0.707107 0.000000 0.707107 -0.214335 0.132862
collar_bevel
0 -4.377843 -36.628131 18.802821 0.707107 0.000000 0.707107 -0.572315 0.293794
0 5.921830 -13.717409 8.503148 0.707107 0.000000 0.707107 -0.214335 0.132862
0 5.102215 -13.406827 9.322763 0.707107 0.000000 0.707107 -0.209482 0.145668
collar_bevel
0 5.102215 -13.406827 9.322763 0.707107 0.000000 0.707107 -0.209482 0.145668
0 5.921830 -13.717409 8.503148 0.707107 0.000000 0.707107 -0.214335 0.132862
0 5.921830 13.717409 8.503148 0.707107 0.000000 0.707107 0.214335 0.132862
collar_bevel
0 5.102215 -13.406827 9.322763 0.707107 0.000000 0.707107 -0.209482 0.145668
0 5.921830 13.717409 8.503148 0.707107 0.000000 0.707107 0.214335 0.132862
0 5.102215 13.406827 9.322763 0.707107 0.000000 0.707107 0.209482 0.145668
collar_bevel
0 5.102215 13.406827 9.322763 0.707107 0.000000 0.707107 0.209482 0.145668
0 5.921830 13.717409 8.503148 0.707107 0.000000 0.707107 0.214335 0.132862
0 -3.777843 37.476659 18.202821 0.707107 0.000000 0.707107 0.585573 0.284419
collar_bevel
0 5.102215 13.406827 9.322763 0.707107 0.000000 0.707107 0.209482 0.145668
0 -3.777843 37.476659 18.202821 0.707107 0.000000 0.707107 0.585573 0.284419
0 -4.377843 36.628131 18.802821 0.707107 0.000000 0.707107 0.572315 0.293794
collar_bevel
0 -4.377843 36.628131 18.802821 0.707107 0.000000 0.707107 0.572315 0.293794
0 -3.777843 37.476659 18.202821 0.707107 0.000000 0.707107 0.585573 0.284419
0 -20.578170 51.194069 35.003148 0.707107 0.000000 0.707107 0.799907 0.546924
collar_bevel
0 -4.377843 36.628131 18.802821 0.707107 0.000000 0.707107 0.572315 0.293794
0 -20.578170 51.194069 35.003148 0.707107 0.000000 0.707107 0.799907 0.546924
0 -20.797785 50.034958 35.222763 0.707107 0.000000 0.707107 0.781796 0.550356
collar_bevel
0 -20.797785 50.034958 35.222763 0.707107 0.000000 0.707107 0.781796 0.550356
0 -20.578170 51.194069 35.003148 0.707107 0.000000 0.707107 0.799907 0.546924
0 -39.977516 51.194069 54.402494 0.707107 0.000000 0.707107 0.799907 0.850039
collar_bevel
0 -20.797785 50.034958 35.222763 0.707107 0.000000 0.707107 0.781796 0.550356
0 -39.977516 51.194069 54.402494 0.707107 0.000000 0.707107 0.799907 0.850039
0 -39.757901 50.034958 54.182879 0.707107 0.000000 0.707107 0.781796 0.846607
collar_bevel
0 -39.977516 51.194069 54.402494 0.085580 0.728120 0.680087 -0.624649 0.850039
0 -40.972454 51.966809 53.700376 0.085580 0.728120 0.680087 -0.640195 0.839068
0 -58.026371 38.042345 70.754293 0.085580 0.728120 0.680087 -0.906662 1.105536
collar_bevel
0 -39.977516 51.194069 54.402494 0.085580 0.728120 0.680087 -0.624649 0.850039
0 -58.026371 38.042345 70.754293 0.085580 0.728120 0.680087 -0.906662 1.105536
0 -56.777843 37.476659 71.202821 0.085580 0.728120 0.680087 -0.887154 1.112544
collar_bevel
0 -56.777843 37.476659 71.202821 -0.132025 0.420380 0.897691 -0.887154 0.585573
0 -58.026371 38.042345 70.754293 -0.132025 0.420380 0.897691 -0.906662 0.594412
0 -67.872454 13.924465 80.600376 -0.132025 0.420380 0.897691 -1.060507 0.217570
collar_bevel
0 -56.777843 37.476659 71.202821 -0.132025 0.420380 0.897691 -0.887154 0.585573
0 -67.872454 13.924465 80.600376 -0.132025 0.420380 0.897691 -1.060507 0.217570
0 -66.477516 13.717409 80.902494 -0.132025 0.420380 0.897691 -1.038711 0.214335
collar_bevel
0 -66.477516 13.717409 80.902494 -0.211674 0.000000 0.977340 -1.038711 0.214335
0 -67.872454 13.924465 80.600376 -0.211674 0.000000 0.977340 -1.060507 0.217570
0 -67.872454 -13.924465 80.600376 -0.211674 0.000000 0.977340 -1.060507 -0.217570
collar_bevel
0 -66.477516 13.717409 80.902494 -0.211674 0.000000 0.977340 -1.038711 0.214335
0 -67.872454 -13.924465 80.600376 -0.211674 0.000000 0.977340 -1.060507 -0.217570
0 -66.477516 -13.717409 80.902494 -0.211674 0.000000 0.977340 -1.038711 -0.214335
collar_bevel
0 -66.477516 -13.717409 80.902494 -0.132025 -0.420380 0.897691 -1.038711 -0.214335
0 -67.872454 -13.924465 80.600376 -0.132025 -0.420380 0.897691 -1.060507 -0.217570
0 -58.026371 -38.042345 70.754293 -0.132025 -0.420380 0.897691 -0.906662 -0.594412
collar_bevel
0 -66.477516 -13.717409 80.902494 -0.132025 -0.420380 0.897691 -1.038711 -0.214335
0 -58.026371 -38.042345 70.754293 -0.132025 -0.420380 0.897691 -0.906662 -0.594412
0 -56.777843 -37.476659 71.202821 -0.132025 -0.420380 0.897691 -0.887154 -0.585573
collar_bevel
0 -56.777843 -37.476659 71.202821 0.085580 -0.728120 0.680087 -0.887154 1.112544
0 -58.026371 -38.042345 70.754293 0.085580 -0.728120 0.680087 -0.906662 1.105536
0 -40.972454 -51.966809 53.700376 0.085580 -0.728120 0.680087 -0.640195 0.839068
collar_bevel
0 -56.777843 -37.476659 71.202821 0.085580 -0.728120 0.680087 -0.887154 1.112544
0 -40.972454 -51.966809 53.700376 0.085580 -0.728120 0.680087 -0.640195 0.839068
0 -39.977516 -51.194069 54.402494 0.085580 -0.728120 0.680087 -0.624649 0.850039
collar_bevel
0 -39.977516 -51.194069 54.402494 0.382833 -0.840760 0.382833 -0.624649 0.850039
0 -40.972454 -51.966809 53.700376 0.382833 -0.840760 0.382833 -0.640195 0.839068
0 -21.280288 -51.966809 34.008210 0.382833 -0.840760 0.382833 -0.332504 0.531378
collar_bevel
0 -39.977516 -51.194069 54.402494 0.382833 -0.840760 0.382833 -0.624649 0.850039
0 -21.280288 -51.966809 34.008210 0.382833 -0.840760 0.382833 -0.332504 0.531378
0 -20.578170 -51.194069 35.003148 0.382833 -0.840760 0.382833 -0.321534 0.546924
collar_bevel
0 -20.578170 -51.194069 35.003148 0.680087 -0.728120 0.085580 -0.321534 0.546924
0 -21.280288 -51.966809 34.008210 0.680087 -0.728120 0.085580 -0.332504 0.531378
0 -4.226371 -38.042345 16.954293 0.680087 -0.728120 0.085580 -0.066037 0.264911
collar_bevel
0 -20.578170 -51.194069 35.003148 0.680087 -0.728120 0.085580 -0.321534 0.546924
0 -4.226371 -38.042345 16.954293 0.680087 -0.728120 0.085580 -0.066037 0.264911
0 -3.777843 -37.476659 18.202821 0.680087 -0.728120 0.085580 -0.059029 0.284419
collar_bevel
0 -3.777843 -37.476659 18.202821 0.897691 -0.420380 -0.132025 -0.585573 0.284419
0 -4.226371 -38.042345 16.954293 0.897691 -0.420380 -0.132025 -0.594412 0.264911
0 5.619712 -13.924465 7.108210 0.897691 -0.420380 -0.132025 -0.217570 0.111066
collar_bevel
0 -3.777843 -37.476659 18.202821 0.897691 -0.420380 -0.132025 -0.585573 0.284419
0 5.619712 -13.924465 7.108210 0.897691 -0.420380 -0.132025 -0.217570 0.111066
0 5.921830 -13.717409 8.503148 0.897691 -0.420380 -0.132025 -0.214335 0.132862
collar_bevel
0 5.921830 -13.717409 8.503148 0.977340 -0.000000 -0.211674 -0.214335 0.132862
0 5.619712 -13.924465 7.108210 0.977340 -0.000000 -0.211674 -0.217570 0.111066
0 5.619712 13.924465 7.108210 0.977340 -0.000000 -0.211674 0.217570 0.111066
collar_bevel
0 5.921830 -13.717409 8.503148 0.977340 0.000000 -0.211674 -0.214335 0.132862
0 5.619712 13.924465 7.108210 0.977340 0.000000 -0.211674 0.217570 0.111066
0 5.921830 13.717409 8.503148 0.977340 0.000000 -0.211674 0.214335 0.132862
collar_bevel
0 5.921830 13.717409 8.503148 0.897691 0.420380 -0.132025 0.214335 0.132862
0 5.619712 13.924465 7.108210 0.897691 0.420380 -0.132025 0.217570 0.111066
0 -4.226371 38.042345 16.954293 0.897691 0.420380 -0.132025 0.594412 0.264911
collar_bevel
0 5.921830 13.717409 8.503148 0.897691 0.420380 -0.132025 0.214335 0.132862
0 -4.226371 38.042345 16.954293 0.897691 0.420380 -0.132025 0.594412 0.264911
0 -3.777843 37.476659 18.202821 0.897691 0.420380 -0.132025 0.585573 0.284419
collar_bevel
0 -3.777843 37.476659 18.202821 0.680087 0.728120 0.085580 -0.059029 0.284419
0 -4.226371 38.042345 16.954293 0.680087 0.728120 0.085580 -0.066037 0.264911
0 -21.280288 51.966809 34.008210 0.680087 0.728120 0.085580 -0.332504 0.531378
collar_bevel
0 -3.777843 37.476659 18.202821 0.680087 0.728120 0.085580 -0.059029 0.284419
0 -21.280288 51.966809 34.008210 0.680087 0.728120 0.085580 -0.332504 0.531378
0 -20.578170 51.194069 35.003148 0.680087 0.728120 0.085580 -0.321534 0.546924
collar_bevel
0 -20.578170 51.194069 35.003148 0.382833 0.840760 0.382833 -0.321534 0.546924
0 -21.280288 51.966809 34.008210 0.382833 0.840760 0.382833 -0.332504 0.531378
0 -40.972454 51.966809 53.700376 0.382833 0.840760 0.382833 -0.640195 0.839068
collar_bevel
0 -20.578170 51.194069 35.003148 0.382833 0.840760 0.382833 -0.321534 0.546924
0 -40.972454 51.966809 53.700376 0.382833 0.840760 0.382833 -0.640195 0.839068
0 -39.977516 51.194069 54.402494 0.382833 0.840760 0.382833 -0.624649 0.850039
collar_bevel
0 -40.972454 51.966809 53.700376 0.707107 -0.000000 0.707107 -0.640195 0.811981
0 -41.283576 53.608883 54.011498 0.707107 -0.000000 0.707107 -0.645056 0.837639
0 -58.876371 39.244426 71.604293 0.707107 -0.000000 0.707107 -0.919943 0.613194
collar_bevel
0 -40.972454 51.966809 53.700376 0.707107 0.000000 0.707107 0.811981 0.839068
0 -58.876371 39.244426 71.604293 0.707107 0.000000 0.707107 0.613194 1.118817
0 -58.026371 38.042345 70.754293 0.707107 0.000000 0.707107 0.594412 1.105536
collar_bevel
0 -58.026371 38.042345 70.754293 0.707107 -0.000000 0.707107 -0.906662 0.594412
0 -58.876371 39.244426 71.604293 0.707107 -0.000000 0.707107 -0.919943 0.613194
0 -69.033576 14.364457 81.761498 0.707107 -0.000000 0.707107 -1.078650 0.224445
collar_bevel
0 -58.026371 38.042345 70.754293 0.707107 0.000000 0.707107 0.594412 1.105536
0 -69.033576 14.364457 81.761498 0.707107 0.000000 0.707107 0.224445 1.277523
0 -67.872454 13.924465 80.600376 0.707107 0.000000 0.707107 0.217570 1.259381
collar_bevel
0 -67.872454 13.924465 80.600376 0.707107 0.000000 0.707107 0.217570 1.259381
0 -69.033576 14.364457 81.761498 0.707107 0.000000 0.707107 0.224445 1.277523
0 -69.033576 -14.364457 81.761498 0.707107 0.000000 0.707107 -0.224445 1.277523
collar_bevel
0 -67.872454 13.924465 80.600376 0.707107 0.000000 0.707107 0.217570 1.259381
0 -69.033576 -14.364457 81.761498 0.707107 0.000000 0.707107 -0.224445 1.277523
0 -67.872454 -13.924465 80.600376 0.707107 0.000000 0.707107 -0.217570 1.259381
collar_bevel
0 -67.872454 -13.924465 80.600376 0.707107 0.000000 0.707107 -0.217570 1.259381
0 -69.033576 -14.364457 81.761498 0.707107 0.000000 0.707107 -0.224445 1.277523
0 -58.876371 -39.244426 71.604293 0.707107 0.000000 0.707107 -0.613194 1.118817
collar_bevel
0 -67.872454 -13.924465 80.600376 0.707107 0.000000 0.707107 -0.217570 1.259381
0 -58.876371 -39.244426 71.604293 0.707107 0.000000 0.707107 -0.613194 1.118817
0 -58.026371 -38.042345 70.754293 0.707107 0.000000 0.707107 -0.594412 1.105536
collar_bevel
0 -58.026371 -38.042345 70.754293 0.707107 0.000000 0.707107 -0.594412 1.105536
0 -58.876371 -39.244426 71.604293 0.707107 0.000000 0.707107 -0.613194 1.118817
0 -41.283576 -53.608883 54.011498 0.707107 0.000000 0.707107 -0.837639 0.843930
collar_bevel
0 -58.026371 -38.042345 70.754293 0.707107 0.000000 0.707107 -0.594412 1.105536
0 -41.283576 -53.608883 54.011498 0.707107 0.000000 0.707107 -0.837639 0.843930
0 -40.972454 -51.966809 53.700376 0.707107 0.000000 0.707107 -0.811981 0.839068
collar_bevel
0 -40.972454 -51.966809 53.700376 0.707107 0.000000 0.707107 -0.811981 0.839068
0 -41.283576 -53.608883 54.011498 0.707107 0.000000 0.707107 -0.837639 0.843930
0 -20.969166 -53.608883 33.697088 0.707107 0.000000 0.707107 -0.837639 0.526517
collar_bevel
0 -40.972454 -51.966809 53.700376 0.707107 0.000000 0.707107 -0.811981 0.839068
0 -20.969166 -53.608883 33.697088 0.707107 0.000000 0.707107 -0.837639 0.526517
0 -21.280288 -51.966809 34.008210 0.707107 0.000000 0.707107 -0.811981 0.531378
collar_bevel
0 -21.280288 -51.966809 34.008210 0.707107 0.000000 0.707107 -0.332504 -0.811981
0 -20.969166 -53.608883 33.697088 0.707107 0.000000 0.707107 -0.327643 -0.837639
0 -3.376371 -39.244426 16.104293 0.707107 0.000000 0.707107 -0.052756 -0.613194
collar_bevel
0 -21.280288 -51.966809 34.008210 0.707107 0.000000 0.707107 -0.811981 0.531378
0 -3.376371 -39.244426 16.104293 0.707107 0.000000 0.707107 -0.613194 0.251630
0 -4.226371 -38.042345 16.954293 0.707107 0.000000 0.707107 -0.594412 0.264911
collar_bevel
0 -4.226371 -38.042345 16.954293 0.707107 0.000000 0.707107 -0.594412 0.264911
0 -3.376371 -39.244426 16.104293 0.707107 0.000000 0.707107 -0.613194 0.251630
0 6.780834 -14.364457 5.947088 0.707107 0.000000 0.707107 -0.224445 0.092923
collar_bevel
0 -4.226371 -38.042345 16.954293 0.707107 0.000000 0.707107 -0.594412 0.264911
0 6.780834 -14.364457 5.947088 0.707107 0.000000 0.707107 -0.224445 0.092923
0 5.619712 -13.924465 7.108210 0.707107 0.000000 0.707107 -0.217570 0.111066
collar_bevel
0 5.619712 -13.924465 7.108210 0.707107 0.000000 0.707107 -0.217570 0.111066
0 6.780834 -14.364457 5.947088 0.707107 0.000000 0.707107 -0.224445 0.092923
0 6.780834 14.364457 5.947088 0.707107 0.000000 0.707107 0.224445 0.092923
collar_bevel
0 5.619712 -13.924465 7.108210 0.707107 0.000000 0.707107 -0.217570 0.111066
0 6.780834 14.364457 5.947088 0.707107 0.000000 0.707107 0.224445 0.092923
0 5.619712 13.924465 7.108210 0.707107 0.000000 0.707107 0.217570 0.111066
collar_bevel
0 5.619712 13.924465 7.108210 0.707107 0.000000 0.707107 0.217570 0.111066
0 6.780834 14.364457 5.947088 0.707107 0.000000 0.707107 0.224445 0.092923
0 -3.376371 39.244426 16.104293 0.707107 0.000000 0.707107 0.613194 0.251630
collar_bevel
0 5.619712 13.924465 7.108210 0.707107 0.000000 0.707107 0.217570 0.111066
0 -3.376371 39.244426 16.104293 0.707107 0.000000 0.707107 0.613194 0.251630
0 -4.226371 38.042345 16.954293 0.707107 0.000000 0.707107 0.594412 0.264911
collar_bevel
0 -4.226371 38.042345 16.954293 0.707107 0.000000 0.707107 -0.066037 0.594412
0 -3.376371 39.244426 16.104293 0.707107 0.000000 0.707107 -0.052756 0.613194
0 -20.969166 53.608883 33.697088 0.707107 0.000000 0.707107 -0.327643 0.837639
collar_bevel
0 -4.226371 38.042345 16.954293 0.707107 0.000000 0.707107 0.594412 0.264911
0 -20.969166 53.608883 33.697088 0.707107 0.000000 0.707107 0.837639 0.526517
0 -21.280288 51.966809 34.008210 0.707107 0.000000 0.707107 0.811981 0.531378
collar_bevel
0 -21.280288 51.966809 34.008210 0.707107 -0.000000 0.707107 0.811981 0.531378
0 -20.969166 53.608883 33.697088 0.707107 -0.000000 0.707107 0.837639 0.526517
0 -41.283576 53.608883 54.011498 0.707107 -0.000000 0.707107 0.837639 0.843930
collar_bevel
0 -21.280288 51.966809 34.008210 0.707107 0.000000 0.707107 0.811981 0.531378
0 -41.283576 53.608883 54.011498 0.707107 0.000000 0.707107 0.837639 0.843930
0 -40.972454 51.966809 53.700376 0.707107 0.000000 0.707107 0.811981 0.839068
collar_bevel
0 -41.283576 53.608883 54.011498 -0.177693 0.841828 0.509657 -0.645056 0.843930
0 -42.789296 54.091846 52.688791 -0.177693 0.841828 0.509657 -0.668583 0.823262
0 -60.540585 39.597980 70.440079 -0.177693 0.841828 0.509657 -0.945947 1.100626
collar_bevel
0 -41.283576 53.608883 54.011498 -0.177693 0.841828 0.509657 -0.645056 0.843930
0 -60.540585 39.597980 70.440079 -0.177693 0.841828 0.509657 -0.945947 1.100626
0 -58.876371 39.244426 71.604293 -0.177693 0.841828 0.509657 -0.919943 1.118817
collar_bevel
0 -58.876371 39.244426 71.604293 -0.429280 0.486030 0.761245 -0.919943 0.613194
0 -60.540585 39.597980 70.440079 -0.429280 0.486030 0.761245 -0.945947 0.618718
0 -70.789296 14.493867 80.688791 -0.429280 0.486030 0.761245 -1.106083 0.226467
collar_bevel
0 -58.876371 39.244426 71.604293 -0.429280 0.486030 0.761245 -0.919943 0.613194
0 -70.789296 14.493867 80.688791 -0.429280 0.486030 0.761245 -1.106083 0.226467
0 -69.033576 14.364457 81.761498 -0.429280 0.486030 0.761245 -1.078650 0.224445
collar_bevel
0 -69.033576 14.364457 81.761498 -0.521368 0.000000 0.853332 -1.078650 0.224445
0 -70.789296 14.493867 80.688791 -0.521368 0.000000 0.853332 -1.106083 0.226467
0 -70.789296 -14.493867 80.688791 -0.521368 0.000000 0.853332 -1.106083 -0.226467
collar_bevel
0 -69.033576 14.364457 81.761498 -0.521368 0.000000 0.853332 -1.078650 0.224445
0 -70.789296 -14.493867 80.688791 -0.521368 0.000000 0.853332 -1.106083 -0.226467
0 -69.033576 -14.364457 81.761498 -0.521368 0.000000 0.853332 -1.078650 -0.224445
collar_bevel
0 -69.033576 -14.364457 81.761498 -0.429280 -0.486030 0.761245 -1.078650 -0.224445
0 -70.789296 -14.493867 80.688791 -0.429280 -0.486030 0.761245 -1.106083 -0.226467
0 -60.540585 -39.597980 70.440079 -0.429280 -0.486030 0.761245 -0.945947 -0.618718
collar_bevel
0 -69.033576 -14.364457 81.761498 -0.429280 -0.486030 0.761245 -1.078650 -0.224445
0 -60.540585 -39.597980 70.440079 -0.429280 -0.486030 0.761245 -0.945947 -0.618718
0 -58.876371 -39.244426 71.604293 -0.429280 -0.486030 0.761245 -0.919943 -0.613194
collar_bevel
0 -58.876371 -39.244426 71.604293 -0.177693 -0.841828 0.509657 -0.919943 1.118817
0 -60.540585 -39.597980 70.440079 -0.177693 -0.841828 0.509657 -0.945947 1.100626
0 -42.789296 -54.091846 52.688791 -0.177693 -0.841828 0.509657 -0.668583 0.823262
collar_bevel
0 -58.876371 -39.244426 71.604293 -0.177693 -0.841828 0.509657 -0.919943 1.118817
0 -42.789296 -54.091846 52.688791 -0.177693 -0.841828 0.509657 -0.668583 0.823262
0 -41.283576 -53.608883 54.011498 -0.177693 -0.841828 0.509657 -0.645056 0.843930
collar_bevel
0 -41.283576 -53.608883 54.011498 0.165982 -0.972060 0.165982 -0.645056 0.843930
0 -42.789296 -54.091846 52.688791 0.165982 -0.972060 0.165982 -0.668583 0.823262
0 -22.291873 -54.091846 32.191368 0.165982 -0.972060 0.165982 -0.348311 0.502990
collar_bevel
0 -41.283576 -53.608883 54.011498 0.165982 -0.972060 0.165982 -0.645056 0.843930
0 -22.291873 -54.091846 32.191368 0.165982 -0.972060 0.165982 -0.348311 0.502990
0 -20.969166 -53.608883 33.697088 0.165982 -0.972060 0.165982 -0.327643 0.526517
collar_bevel
0 -20.969166 -53.608883 33.697088 0.509657 -0.841828 -0.177693 -0.327643 0.526517
0 -22.291873 -54.091846 32.191368 0.509657 -0.841828 -0.177693 -0.348311 0.502990
0 -4.540585 -39.597980 14.440079 0.509657 -0.841828 -0.177693 -0.070947 0.225626
collar_bevel
0 -20.969166 -53.608883 33.697088 0.509657 -0.841828 -0.177693 -0.327643 0.526517
0 -4.540585 -39.597980 14.440079 0.509657 -0.841828 -0.177693 -0.070947 0.225626
0 -3.376371 -39.244426 16.104293 0.509657 -0.841828 -0.177693 -0.052756 0.251630
collar_bevel
0 -3.376371 -39.244426 16.104293 0.761245 -0.486030 -0.429280 -0.613194 0.251630
0 -4.540585 -39.597980 14.440079 0.761245 -0.486030 -0.429280 -0.618718 0.225626
0 5.708127 -14.493867 4.191368 0.761245 -0.486030 -0.429280 -0.226467 0.065490
collar_bevel
0 -3.376371 -39.244426 16.104293 0.761245 -0.486030 -0.429280 -0.613194 0.251630
0 5.708127 -14.493867 4.191368 0.761245 -0.486030 -0.429280 -0.226467 0.065490
0 6.780834 -14.364457 5.947088 0.761245 -0.486030 -0.429280 -0.224445 0.092923
collar_bevel
0 6.780834 -14.364457 5.947088 0.853332 -0.000000 -0.521368 -0.224445 0.092923
0 5.708127 -14.493867 4.191368 0.853332 -0.000000 -0.521368 -0.226467 0.065490
0 5.708127 14.493867 4.191368 0.853332 -0.000000 -0.521368 0.226467 0.065490
collar_bevel
0 6.780834 -14.364457 5.947088 0.853332 -0.000000 -0.521368 -0.224445 0.092923
0 5.708127 14.493867 4.191368 0.853332 -0.000000 -0.521368 0.226467 0.065490
0 6.780834 14.364457 5.947088 0.853332 -0.000000 -0.521368 0.224445 0.092923
collar_bevel
0 6.780834 14.364457 5.947088 0.761245 0.486030 -0.429280 0.224445 0.092923
0 5.708127 14.493867 4.191368 0.761245 0.486030 -0.429280 0.226467 0.065490
0 -4.540585 39.597980 14.440079 0.761245 0.486030 -0.429280 0.618718 0.225626
collar_bevel
0 6.780834 14.364457 5.947088 0.761245 0.486030 -0.429280 0.224445 0.092923
0 -4.540585 39.597980 14.440079 0.761245 0.486030 -0.429280 0.618718 0.225626
0 -3.376371 39.244426 16.104293 0.761245 0.486030 -0.429280 0.613194 0.251630
collar_bevel
0 -3.376371 39.244426 16.104293 0.509657 0.841828 -0.177693 -0.052756 0.251630
0 -4.540585 39.597980 14.440079 0.509657 0.841828 -0.177693 -0.070947 0.225626
0 -22.291873 54.091846 32.191368 0.509657 0.841828 -0.177693 -0.348311 0.502990
collar_bevel
0 -3.376371 39.244426 16.104293 0.509657 0.841828 -0.177693 -0.052756 0.251630
0 -22.291873 54.091846 32.191368 0.509657 0.841828 -0.177693 -0.348311 0.502990
0 -20.969166 53.608883 33.697088 0.509657 0.841828 -0.177693 -0.327643 0.526517
collar_bevel
0 -20.969166 53.608883 33.697088 0.165982 0.972060 0.165982 -0.327643 0.526517
0 -22.291873 54.091846 32.191368 0.165982 0.972060 0.165982 -0.348311 0.502990
0 -42.789296 54.091846 52.688791 0.165982 0.972060 0.165982 -0.668583 0.823262
collar_bevel
0 -20.969166 53.608883 33.697088 0.165982 0.972060 0.165982 -0.327643 0.526517
0 -42.789296 54.091846 52.688791 0.165982 0.972060 0.165982 -0.668583 0.823262
0 -41.283576 53.608883 54.011498 0.165982 0.972060 0.165982 -0.645056 0.843930
collar_orange
0 -42.789296 54.091846 52.688791 0.707107 0.000000 0.707107 0.845185 0.823262
0 -44.253397 61.819253 54.152892 0.707107 0.000000 0.707107 0.965926 0.846139
0 -64.540585 45.254834 74.440079 0.707107 0.000000 0.707107 0.707107 1.163126
collar_orange
0 -42.789296 54.091846 52.688791 0.707107 0.000000 0.707107 0.845185 0.823262
0 -64.540585 45.254834 74.440079 0.707107 0.000000 0.707107 0.707107 1.163126
0 -60.540585 39.597980 70.440079 0.707107 0.000000 0.707107 0.618718 1.100626
collar_orange
0 -60.540585 39.597980 70.440079 0.707107 0.000000 0.707107 0.618718 1.100626
0 -64.540585 45.254834 74.440079 0.707107 0.000000 0.707107 0.707107 1.163126
0 -76.253397 16.564419 86.152892 0.707107 0.000000 0.707107 0.258819 1.346139
collar_orange
0 -60.540585 39.597980 70.440079 0.707107 0.000000 0.707107 0.618718 1.100626
0 -76.253397 16.564419 86.152892 0.707107 0.000000 0.707107 0.258819 1.346139
0 -70.789296 14.493867 80.688791 0.707107 0.000000 0.707107 0.226467 1.260762
collar_orange
0 -70.789296 14.493867 80.688791 0.707107 0.000000 0.707107 0.226467 1.260762
0 -76.253397 16.564419 86.152892 0.707107 0.000000 0.707107 0.258819 1.346139
0 -76.253397 -16.564419 86.152892 0.707107 0.000000 0.707107 -0.258819 1.346139
collar_orange
0 -70.789296 14.493867 80.688791 0.707107 0.000000 0.707107 0.226467 1.260762
0 -76.253397 -16.564419 86.152892 0.707107 0.000000 0.707107 -0.258819 1.346139
0 -70.789296 -14.493867 80.688791 0.707107 0.000000 0.707107 -0.226467 1.260762
collar_orange
0 -70.789296 -14.493867 80.688791 0.707107 0.000000 0.707107 -0.226467 1.260762
0 -76.253397 -16.564419 86.152892 0.707107 0.000000 0.707107 -0.258819 1.346139
0 -64.540585 -45.254834 74.440079 0.707107 0.000000 0.707107 -0.707107 1.163126
collar_orange
0 -70.789296 -14.493867 80.688791 0.707107 0.000000 0.707107 -0.226467 1.260762
0 -64.540585 -45.254834 74.440079 0.707107 0.000000 0.707107 -0.707107 1.163126
0 -60.540585 -39.597980 70.440079 0.707107 0.000000 0.707107 -0.618718 1.100626
collar_orange
0 -60.540585 -39.597980 70.440079 0.707107 0.000000 0.707107 -0.618718 1.100626
0 -64.540585 -45.254834 74.440079 0.707107 0.000000 0.707107 -0.707107 1.163126
0 -44.253397 -61.819253 54.152892 0.707107 0.000000 0.707107 -0.965926 0.846139
collar_orange
0 -60.540585 -39.597980 70.440079 0.707107 0.000000 0.707107 -0.618718 1.100626
0 -44.253397 -61.819253 54.152892 0.707107 0.000000 0.707107 -0.965926 0.846139
0 -42.789296 -54.091846 52.688791 0.707107 0.000000 0.707107 -0.845185 0.823262
collar_orange
0 -42.789296 -54.091846 52.688791 0.707107 0.000000 0.707107 -0.668583 -0.845185
0 -44.253397 -61.819253 54.152892 0.707107 0.000000 0.707107 -0.691459 -0.965926
0 -20.827772 -61.819253 30.727267 0.707107 0.000000 0.707107 -0.325434 -0.965926
collar_orange
0 -42.789296 -54.091846 52.688791 0.707107 0.000000 0.707107 -0.668583 -0.845185
0 -20.827772 -61.819253 30.727267 0.707107 0.000000 0.707107 -0.325434 -0.965926
0 -22.291873 -54.091846 32.191368 0.707107 0.000000 0.707107 -0.348311 -0.845185
collar_orange
0 -22.291873 -54.091846 32.191368 0.707107 0.000000 0.707107 -0.348311 -0.845185
0 -20.827772 -61.819253 30.727267 0.707107 0.000000 0.707107 -0.325434 -0.965926
0 -0.540585 -45.254834 10.440079 0.707107 0.000000 0.707107 -0.008447 -0.707107
collar_orange
0 -22.291873 -54.091846 32.191368 0.707107 -0.000000 0.707107 -0.348311 -0.845185
0 -0.540585 -45.254834 10.440079 0.707107 -0.000000 0.707107 -0.008447 -0.707107
0 -4.540585 -39.597980 14.440079 0.707107 -0.000000 0.707107 -0.070947 -0.618718
collar_orange
0 -4.540585 -39.597980 14.440079 0.707107 0.000000 0.707107 -0.618718 0.225626
0 -0.540585 -45.254834 10.440079 0.707107 0.000000 0.707107 -0.707107 0.163126
0 11.172228 -16.564419 -1.272733 0.707107 0.000000 0.707107 -0.258819 -0.019886
collar_orange
0 -4.540585 -39.597980 14.440079 0.707107 0.000000 0.707107 -0.618718 0.225626
0 11.172228 -16.564419 -1.272733 0.707107 0.000000 0.707107 -0.258819 -0.019886
0 5.708127 -14.493867 4.191368 0.707107 0.000000 0.707107 -0.226467 0.065490
collar_orange
0 5.708127 -14.493867 4.191368 0.707107 0.000000 0.707107 0.089189 -0.226467
0 11.172228 -16.564419 -1.272733 0.707107 0.000000 0.707107 0.174566 -0.258819
0 11.172228 16.564419 -1.272733 0.707107 0.000000 0.707107 0.174566 0.258819
collar_orange
0 5.708127 -14.493867 4.191368 0.707107 0.000000 0.707107 0.089189 -0.226467
0 11.172228 16.564419 -1.272733 0.707107 0.000000 0.707107 0.174566 0.258819
0 5.708127 14.493867 4.191368 0.707107 0.000000 0.707107 0.089189 0.226467
collar_orange
0 5.708127 14.493867 4.191368 0.707107 -0.000000 0.707107 0.089189 0.226467
0 11.172228 16.564419 -1.272733 0.707107 -0.000000 0.707107 0.174566 0.258819
0 -0.540585 45.254834 10.440079 0.707107 -0.000000 0.707107 -0.008447 0.707107
collar_orange
0 5.708127 14.493867 4.191368 0.707107 -0.000000 0.707107 0.089189 0.226467
0 -0.540585 45.254834 10.440079 0.707107 -0.000000 0.707107 -0.008447 0.707107
0 -4.540585 39.597980 14.440079 0.707107 -0.000000 0.707107 -0.070947 0.618718
collar_orange
0 -4.540585 39.597980 14.440079 0.707107 0.000000 0.707107 0.618718 0.225626
0 -0.540585 45.254834 10.440079 0.707107 0.000000 0.707107 0.707107 0.163126
0 -20.827772 61.819253 30.727267 0.707107 0.000000 0.707107 0.965926 0.480114
collar_orange
0 -4.540585 39.597980 14.440079 0.707107 -0.000000 0.707107 -0.070947 0.618718
0 -20.827772 61.819253 30.727267 0.707107 -0.000000 0.707107 -0.325434 0.965926
0 -22.291873 54.091846 32.191368 0.707107 -0.000000 0.707107 -0.348311 0.845185
collar_orange
0 -22.291873 54.091846 32.191368 0.707107 -0.000000 0.707107 -0.348311 0.845185
0 -20.827772 61.819253 30.727267 0.707107 -0.000000 0.707107 -0.325434 0.965926
0 -44.253397 61.819253 54.152892 0.707107 -0.000000 0.707107 -0.691459 0.965926
collar_orange
0 -22.291873 54.091846 32.191368 0.707107 0.000000 0.707107 -0.348311 0.845185
0 -44.253397 61.819253 54.152892 0.707107 0.000000 0.707107 -0.691459 0.965926
0 -42.789296 54.091846 52.688791 0.707107 0.000000 0.707107 -0.668583 0.845185
collar_dark
0 -44.253397 61.819253 54.152892 -0.353553 0.866025 0.353553 -0.691459 0.846139
0 -54.152892 61.819253 44.253397 -0.353553 0.866025 0.353553 -0.846139 0.691459
0 -74.440079 45.254834 64.540585 -0.353553 0.866025 0.353553 -1.163126 1.008447
collar_dark
0 -44.253397 61.819253 54.152892 -0.353553 0.866025 0.353553 -0.691459 0.846139
0 -74.440079 45.254834 64.540585 -0.353553 0.866025 0.353553 -1.163126 1.008447
0 -64.540585 45.254834 74.440079 -0.353553 0.866025 0.353553 -1.008447 1.163126
collar_dark
0 -64.540585 45.254834 74.440079 -0.612372 0.500000 0.612372 0.707107 1.163126
0 -74.440079 45.254834 64.540585 -0.612372 0.500000 0.612372 0.707107 1.008447
0 -86.152892 16.564419 76.253397 -0.612372 0.500000 0.612372 0.258819 1.191459
collar_dark
0 -64.540585 45.254834 74.440079 -0.612372 0.500000 0.612372 0.707107 1.163126
0 -86.152892 16.564419 76.253397 -0.612372 0.500000 0.612372 0.258819 1.191459
0 -76.253397 16.564419 86.152892 -0.612372 0.500000 0.612372 0.258819 1.346139
collar_dark
0 -76.253397 16.564419 86.152892 -0.707107 0.000000 0.707107 0.258819 1.346139
0 -86.152892 16.564419 76.253397 -0.707107 0.000000 0.707107 0.258819 1.191459
0 -86.152892 -16.564419 76.253397 -0.707107 0.000000 0.707107 -0.258819 1.191459
collar_dark
0 -76.253397 16.564419 86.152892 -0.707107 0.000000 0.707107 0.258819 1.346139
0 -86.152892 -16.564419 76.253397 -0.707107 0.000000 0.707107 -0.258819 1.191459
0 -76.253397 -16.564419 86.152892 -0.707107 0.000000 0.707107 -0.258819 1.346139
collar_dark
0 -76.253397 -16.564419 86.152892 -0.612372 -0.500000 0.612372 -0.258819 1.346139
0 -86.152892 -16.564419 76.253397 -0.612372 -0.500000 0.612372 -0.258819 1.191459
0 -74.440079 -45.254834 64.540585 -0.612372 -0.500000 0.612372 -0.707107 1.008447
collar_dark
0 -76.253397 -16.564419 86.152892 -0.612372 -0.500000 0.612372 -0.258819 1.346139
0 -74.440079 -45.254834 64.540585 -0.612372 -0.500000 0.612372 -0.707107 1.008447
0 -64.540585 -45.254834 74.440079 -0.612372 -0.500000 0.612372 -0.707107 1.163126
collar_dark
0 -64.540585 -45.254834 74.440079 -0.353553 -0.866025 0.353553 -1.008447 1.163126
0 -74.440079 -45.254834 64.540585 -0.353553 -0.866025 0.353553 -1.163126 1.008447
0 -54.152892 -61.819253 44.253397 -0.353553 -0.866025 0.353553 -0.846139 0.691459
collar_dark
0 -64.540585 -45.254834 74.440079 -0.353553 -0.866025 0.353553 -1.008447 1.163126
0 -54.152892 -61.819253 44.253397 -0.353553 -0.866025 0.353553 -0.846139 0.691459
0 -44.253397 -61.819253 54.152892 -0.353553 -0.866025 0.353553 -0.691459 0.846139
collar_dark
0 -44.253397 -61.819253 54.152892 -0.000000 -1.000000 0.000000 -0.691459 0.846139
0 -54.152892 -61.819253 44.253397 -0.000000 -1.000000 0.000000 -0.846139 0.691459
0 -30.727267 -61.819253 20.827772 -0.000000 -1.000000 0.000000 -0.480114 0.325434
collar_dark
0 -44.253397 -61.819253 54.152892 -0.000000 -1.000000 0.000000 -0.691459 0.846139
0 -30.727267 -61.819253 20.827772 -0.000000 -1.000000 0.000000 -0.480114 0.325434
0 -20.827772 -61.819253 30.727267 -0.000000 -1.000000 0.000000 -0.325434 0.480114
collar_dark
0 -20.827772 -61.819253 30.727267 0.353553 -0.866025 -0.353553 -0.325434 0.480114
0 -30.727267 -61.819253 20.827772 0.353553 -0.866025 -0.353553 -0.480114 0.325434
0 -10.440079 -45.254834 0.540585 0.353553 -0.866025 -0.353553 -0.163126 0.008447
collar_dark
0 -20.827772 -61.819253 30.727267 0.353553 -0.866025 -0.353553 -0.325434 0.480114
0 -10.440079 -45.254834 0.540585 0.353553 -0.866025 -0.353553 -0.163126 0.008447
0 -0.540585 -45.254834 10.440079 0.353553 -0.866025 -0.353553 -0.008447 0.163126
collar_dark
0 -0.540585 -45.254834 10.440079 0.612372 -0.500000 -0.612372 -0.707107 0.163126
0 -10.440079 -45.254834 0.540585 0.612372 -0.500000 -0.612372 -0.707107 0.008447
0 1.272733 -16.564419 -11.172228 0.612372 -0.500000 -0.612372 -0.258819 -0.174566
collar_dark
0 -0.540585 -45.254834 10.440079 0.612372 -0.500000 -0.612372 -0.707107 0.163126
0 1.272733 -16.564419 -11.172228 0.612372 -0.500000 -0.612372 -0.258819 -0.174566
0 11.172228 -16.564419 -1.272733 0.612372 -0.500000 -0.612372 -0.258819 -0.019886
collar_dark
0 11.172228 -16.564419 -1.272733 0.707107 -0.000000 -0.707107 -0.258819 -0.019886
0 1.272733 -16.564419 -11.172228 0.707107 -0.000000 -0.707107 -0.258819 -0.174566
0 1.272733 16.564419 -11.172228 0.707107 -0.000000 -0.707107 0.258819 -0.174566
collar_dark
0 11.172228 -16.564419 -1.272733 0.707107 -0.000000 -0.707107 -0.258819 -0.019886
0 1.272733 16.564419 -11.172228 0.707107 -0.000000 -0.707107 0.258819 -0.174566
0 11.172228 16.564419 -1.272733 0.707107 -0.000000 -0.707107 0.258819 -0.019886
collar_dark
0 11.172228 16.564419 -1.272733 0.612372 0.500000 -0.612372 0.258819 -0.019886
0 1.272733 16.564419 -11.172228 0.612372 0.500000 -0.612372 0.258819 -0.174566
0 -10.440079 45.254834 0.540585 0.612372 0.500000 -0.612372 0.707107 0.008447
collar_dark
0 11.172228 16.564419 -1.272733 0.612372 0.500000 -0.612372 0.174566 0.258819
0 -10.440079 45.254834 0.540585 0.612372 0.500000 -0.612372 -0.163126 0.707107
0 -0.540585 45.254834 10.440079 0.612372 0.500000 -0.612372 -0.008447 0.707107
collar_dark
0 -0.540585 45.254834 10.440079 0.353553 0.866025 -0.353553 -0.008447 0.163126
0 -10.440079 45.254834 0.540585 0.353553 0.866025 -0.353553 -0.163126 0.008447
0 -30.727267 61.819253 20.827772 0.353553 0.866025 -0.353553 -0.480114 0.325434
collar_dark
0 -0.540585 45.254834 10.440079 0.353553 0.866025 -0.353553 -0.008447 0.163126
0 -30.727267 61.819253 20.827772 0.353553 0.866025 -0.353553 -0.480114 0.325434
0 -20.827772 61.819253 30.727267 0.353553 0.866025 -0.353553 -0.325434 0.480114
collar_dark
0 -20.827772 61.819253 30.727267 0.000000 1.000000 -0.000000 -0.325434 0.480114
0 -30.727267 61.819253 20.827772 0.000000 1.000000 -0.000000 -0.480114 0.325434
0 -54.152892 61.819253 44.253397 0.000000 1.000000 -0.000000 -0.846139 0.691459
collar_dark
0 -20.827772 61.819253 30.727267 0.000000 1.000000 -0.000000 -0.325434 0.480114
0 -54.152892 61.819253 44.253397 0.000000 1.000000 -0.000000 -0.846139 0.691459
0 -44.253397 61.819253 54.152892 0.000000 1.000000 -0.000000 -0.691459 0.846139
collar_orange
0 -16.564419 61.819253 121.000000 0.000000 0.000000 -1.000000 -0.258819 0.965926
0 -14.493867 54.091846 121.000000 0.000000 0.000000 -1.000000 -0.226467 0.845185
0 -39.597980 39.597980 121.000000 0.000000 0.000000 -1.000000 -0.618718 0.618718
collar_orange
0 -16.564419 61.819253 121.000000 0.000000 0.000000 -1.000000 -0.258819 0.965926
0 -39.597980 39.597980 121.000000 0.000000 0.000000 -1.000000 -0.618718 0.618718
0 -45.254834 45.254834 121.000000 0.000000 0.000000 -1.000000 -0.707107 0.707107
collar_orange
0 -45.254834 45.254834 121.000000 0.000000 0.000000 -1.000000 -0.707107 0.707107
0 -39.597980 39.597980 121.000000 0.000000 0.000000 -1.000000 -0.618718 0.618718
0 -54.091846 14.493867 121.000000 0.000000 0.000000 -1.000000 -0.845185 0.226467
collar_orange
0 -45.254834 45.254834 121.000000 0.000000 0.000000 -1.000000 -0.707107 0.707107
0 -54.091846 14.493867 121.000000 0.000000 0.000000 -1.000000 -0.845185 0.226467
0 -61.819253 16.564419 121.000000 0.000000 0.000000 -1.000000 -0.965926 0.258819
collar_orange
0 -61.819253 16.564419 121.000000 0.000000 0.000000 -1.000000 -0.965926 0.258819
0 -54.091846 14.493867 121.000000 0.000000 0.000000 -1.000000 -0.845185 0.226467
0 -54.091846 -14.493867 121.000000 0.000000 0.000000 -1.000000 -0.845185 -0.226467
collar_orange
0 -61.819253 16.564419 121.000000 0.000000 0.000000 -1.000000 -0.965926 0.258819
0 -54.091846 -14.493867 121.000000 0.000000 0.000000 -1.000000 -0.845185 -0.226467
0 -61.819253 -16.564419 121.000000 0.000000 0.000000 -1.000000 -0.965926 -0.258819
collar_orange
0 -61.819253 -16.564419 121.000000 0.000000 0.000000 -1.000000 -0.965926 -0.258819
0 -54.091846 -14.493867 121.000000 0.000000 0.000000 -1.000000 -0.845185 -0.226467
0 -39.597980 -39.597980 121.000000 0.000000 0.000000 -1.000000 -0.618718 -0.618718
collar_orange
0 -61.819253 -16.564419 121.000000 0.000000 0.000000 -1.000000 -0.965926 -0.258819
0 -39.597980 -39.597980 121.000000 0.000000 0.000000 -1.000000 -0.618718 -0.618718
0 -45.254834 -45.254834 121.000000 0.000000 0.000000 -1.000000 -0.707107 -0.707107
collar_orange
0 -45.254834 -45.254834 121.000000 0.000000 0.000000 -1.000000 -0.707107 -0.707107
0 -39.597980 -39.597980 121.000000 0.000000 0.000000 -1.000000 -0.618718 -0.618718
0 -14.493867 -54.091846 121.000000 0.000000 0.000000 -1.000000 -0.226467 -0.845185
collar_orange
0 -45.254834 -45.254834 121.000000 0.000000 0.000000 -1.000000 -0.707107 -0.707107
0 -14.493867 -54.091846 121.000000 0.000000 0.000000 -1.000000 -0.226467 -0.845185
0 -16.564419 -61.819253 121.000000 0.000000 0.000000 -1.000000 -0.258819 -0.965926
collar_orange
0 -16.564419 -61.819253 121.000000 0.000000 0.000000 -1.000000 -0.258819 -0.965926
0 -14.493867 -54.091846 121.000000 0.000000 0.000000 -1.000000 -0.226467 -0.845185
0 14.493867 -54.091846 121.000000 0.000000 0.000000 -1.000000 0.226467 -0.845185
collar_orange
0 -16.564419 -61.819253 121.000000 0.000000 0.000000 -1.000000 -0.258819 -0.965926
0 14.493867 -54.091846 121.000000 0.000000 0.000000 -1.000000 0.226467 -0.845185
0 16.564419 -61.819253 121.000000 0.000000 0.000000 -1.000000 0.258819 -0.965926
collar_orange
0 16.564419 -61.819253 121.000000 0.000000 0.000000 -1.000000 0.258819 -0.965926
0 14.493867 -54.091846 121.000000 0.000000 0.000000 -1.000000 0.226467 -0.845185
0 39.597980 -39.597980 121.000000 0.000000 0.000000 -1.000000 0.618718 -0.618718
collar_orange
0 16.564419 -61.819253 121.000000 0.000000 0.000000 -1.000000 0.258819 -0.965926
0 39.597980 -39.597980 121.000000 0.000000 0.000000 -1.000000 0.618718 -0.618718
0 45.254834 -45.254834 121.000000 0.000000 0.000000 -1.000000 0.707107 -0.707107
collar_orange
0 45.254834 -45.254834 121.000000 0.000000 0.000000 -1.000000 0.707107 -0.707107
0 39.597980 -39.597980 121.000000 0.000000 0.000000 -1.000000 0.618718 -0.618718
0 54.091846 -14.493867 121.000000 0.000000 0.000000 -1.000000 0.845185 -0.226467
collar_orange
0 45.254834 -45.254834 121.000000 0.000000 0.000000 -1.000000 0.707107 -0.707107
0 54.091846 -14.493867 121.000000 0.000000 0.000000 -1.000000 0.845185 -0.226467
0 61.819253 -16.564419 121.000000 0.000000 0.000000 -1.000000 0.965926 -0.258819
collar_orange
0 61.819253 -16.564419 121.000000 0.000000 0.000000 -1.000000 0.965926 -0.258819
0 54.091846 -14.493867 121.000000 0.000000 0.000000 -1.000000 0.845185 -0.226467
0 54.091846 14.493867 121.000000 0.000000 0.000000 -1.000000 0.845185 0.226467
collar_orange
0 61.819253 -16.564419 121.000000 0.000000 0.000000 -1.000000 0.965926 -0.258819
0 54.091846 14.493867 121.000000 0.000000 0.000000 -1.000000 0.845185 0.226467
0 61.819253 16.564419 121.000000 0.000000 0.000000 -1.000000 0.965926 0.258819
collar_orange
0 61.819253 16.564419 121.000000 0.000000 0.000000 -1.000000 0.965926 0.258819
0 54.091846 14.493867 121.000000 0.000000 0.000000 -1.000000 0.845185 0.226467
0 39.597980 39.597980 121.000000 0.000000 0.000000 -1.000000 0.618718 0.618718
collar_orange
0 61.819253 16.564419 121.000000 0.000000 0.000000 -1.000000 0.965926 0.258819
0 39.597980 39.597980 121.000000 0.000000 0.000000 -1.000000 0.618718 0.618718
0 45.254834 45.254834 121.000000 0.000000 0.000000 -1.000000 0.707107 0.707107
collar_orange
0 45.254834 45.254834 121.000000 0.000000 0.000000 -1.000000 0.707107 0.707107
0 39.597980 39.597980 121.000000 0.000000 0.000000 -1.000000 0.618718 0.618718
0 14.493867 54.091846 121.000000 0.000000 0.000000 -1.000000 0.226467 0.845185
collar_orange
0 45.254834 45.254834 121.000000 0.000000 0.000000 -1.000000 0.707107 0.707107
0 14.493867 54.091846 121.000000 0.000000 0.000000 -1.000000 0.226467 0.845185
0 16.564419 61.819253 121.000000 0.000000 0.000000 -1.000000 0.258819 0.965926
collar_orange
0 16.564419 61.819253 121.000000 0.000000 0.000000 -1.000000 0.258819 0.965926
0 14.493867 54.091846 121.000000 0.000000 0.000000 -1.000000 0.226467 0.845185
0 -14.493867 54.091846 121.000000 0.000000 0.000000 -1.000000 -0.226467 0.845185
collar_orange
0 16.564419 61.819253 121.000000 0.000000 0.000000 -1.000000 0.258819 0.965926
0 -14.493867 54.091846 121.000000 0.000000 0.000000 -1.000000 -0.226467 0.845185
0 -16.564419 61.819253 121.000000 0.000000 0.000000 -1.000000 -0.258819 0.965926
collar_bevel
0 -14.493867 54.091846 121.000000 -0.486030 0.841828 -0.234734 -0.226467 1.890625
0 -14.364457 53.608883 119.000000 -0.486030 0.841828 -0.234734 -0.224445 1.859375
0 -39.244426 39.244426 119.000000 -0.486030 0.841828 -0.234734 -0.613194 1.859375
collar_bevel
0 -14.493867 54.091846 121.000000 -0.486030 0.841828 -0.234734 -0.226467 1.890625
0 -39.244426 39.244426 119.000000 -0.486030 0.841828 -0.234734 -0.613194 1.859375
0 -39.597980 39.597980 121.000000 -0.486030 0.841828 -0.234734 -0.618718 1.890625
collar_bevel
0 -39.597980 39.597980 121.000000 -0.841828 0.486030 -0.234734 0.618718 1.890625
0 -39.244426 39.244426 119.000000 -0.841828 0.486030 -0.234734 0.613194 1.859375
0 -53.608883 14.364457 119.000000 -0.841828 0.486030 -0.234734 0.224445 1.859375
collar_bevel
0 -39.597980 39.597980 121.000000 -0.841828 0.486030 -0.234734 0.618718 1.890625
0 -53.608883 14.364457 119.000000 -0.841828 0.486030 -0.234734 0.224445 1.859375
0 -54.091846 14.493867 121.000000 -0.841828 0.486030 -0.234734 0.226467 1.890625
collar_bevel
0 -54.091846 14.493867 121.000000 -0.972060 0.000000 -0.234734 0.226467 1.890625
0 -53.608883 14.364457 119.000000 -0.972060 0.000000 -0.234734 0.224445 1.859375
0 -53.608883 -14.364457 119.000000 -0.972060 0.000000 -0.234734 -0.224445 1.859375
collar_bevel
0 -54.091846 14.493867 121.000000 -0.972060 0.000000 -0.234734 0.226467 1.890625
0 -53.608883 -14.364457 119.000000 -0.972060 0.000000 -0.234734 -0.224445 1.859375
0 -54.091846 -14.493867 121.000000 -0.972060 0.000000 -0.234734 -0.226467 1.890625
collar_bevel
0 -54.091846 -14.493867 121.000000 -0.841828 -0.486030 -0.234734 -0.226467 1.890625
0 -53.608883 -14.364457 119.000000 -0.841828 -0.486030 -0.234734 -0.224445 1.859375
0 -39.244426 -39.244426 119.000000 -0.841828 -0.486030 -0.234734 -0.613194 1.859375
collar_bevel
0 -54.091846 -14.493867 121.000000 -0.841828 -0.486030 -0.234734 -0.226467 1.890625
0 -39.244426 -39.244426 119.000000 -0.841828 -0.486030 -0.234734 -0.613194 1.859375
0 -39.597980 -39.597980 121.000000 -0.841828 -0.486030 -0.234734 -0.618718 1.890625
collar_bevel
0 -39.597980 -39.597980 121.000000 -0.486030 -0.841828 -0.234734 -0.618718 1.890625
0 -39.244426 -39.244426 119.000000 -0.486030 -0.841828 -0.234734 -0.613194 1.859375
0 -14.364457 -53.608883 119.000000 -0.486030 -0.841828 -0.234734 -0.224445 1.859375
collar_bevel
0 -39.597980 -39.597980 121.000000 -0.486030 -0.841828 -0.234734 -0.618718 1.890625
0 -14.364457 -53.608883 119.000000 -0.486030 -0.841828 -0.234734 -0.224445 1.859375
0 -14.493867 -54.091846 121.000000 -0.486030 -0.841828 -0.234734 -0.226467 1.890625
collar_bevel
0 -14.493867 -54.091846 121.000000 -0.000000 -0.972060 -0.234734 -0.226467 1.890625
0 -14.364457 -53.608883 119.000000 -0.000000 -0.972060 -0.234734 -0.224445 1.859375
0 14.364457 -53.608883 119.000000 -0.000000 -0.972060 -0.234734 0.224445 1.859375
collar_bevel
0 -14.493867 -54.091846 121.000000 0.000000 -0.972060 -0.234734 -0.226467 1.890625
0 14.364457 -53.608883 119.000000 0.000000 -0.972060 -0.234734 0.224445 1.859375
0 14.493867 -54.091846 121.000000 0.000000 -0.972060 -0.234734 0.226467 1.890625
collar_bevel
0 14.493867 -54.091846 121.000000 0.486030 -0.841828 -0.234734 0.226467 1.890625
0 14.364457 -53.608883 119.000000 0.486030 -0.841828 -0.234734 0.224445 1.859375
0 39.244426 -39.244426 119.000000 0.486030 -0.841828 -0.234734 0.613194 1.859375
collar_bevel
0 14.493867 -54.091846 121.000000 0.486030 -0.841828 -0.234734 0.226467 1.890625
0 39.244426 -39.244426 119.000000 0.486030 -0.841828 -0.234734 0.613194 1.859375
0 39.597980 -39.597980 121.000000 0.486030 -0.841828 -0.234734 0.618718 1.890625
collar_bevel
0 39.597980 -39.597980 121.000000 0.841828 -0.486030 -0.234734 -0.618718 1.890625
0 39.244426 -39.244426 119.000000 0.841828 -0.486030 -0.234734 -0.613194 1.859375
0 53.608883 -14.364457 119.000000 0.841828 -0.486030 -0.234734 -0.224445 1.859375
collar_bevel
0 39.597980 -39.597980 121.000000 0.841828 -0.486030 -0.234734 -0.618718 1.890625
0 53.608883 -14.364457 119.000000 0.841828 -0.486030 -0.234734 -0.224445 1.859375
0 54.091846 -14.493867 121.000000 0.841828 -0.486030 -0.234734 -0.226467 1.890625
collar_bevel
0 54.091846 -14.493867 121.000000 0.972060 -0.000000 -0.234734 -0.226467 1.890625
0 53.608883 -14.364457 119.000000 0.972060 -0.000000 -0.234734 -0.224445 1.859375
0 53.608883 14.364457 119.000000 0.972060 -0.000000 -0.234734 0.224445 1.859375
collar_bevel
0 54.091846 -14.493867 121.000000 0.972060 -0.000000 -0.234734 -0.226467 1.890625
0 53.608883 14.364457 119.000000 0.972060 -0.000000 -0.234734 0.224445 1.859375
0 54.091846 14.493867 121.000000 0.972060 -0.000000 -0.234734 0.226467 1.890625
collar_bevel
0 54.091846 14.493867 121.000000 0.841828 0.486030 -0.234734 0.226467 1.890625
0 53.608883 14.364457 119.000000 0.841828 0.486030 -0.234734 0.224445 1.859375
0 39.244426 39.244426 119.000000 0.841828 0.486030 -0.234734 0.613194 1.859375
collar_bevel
0 54.091846 14.493867 121.000000 0.841828 0.486030 -0.234734 0.226467 1.890625
0 39.244426 39.244426 119.000000 0.841828 0.486030 -0.234734 0.613194 1.859375
0 39.597980 39.597980 121.000000 0.841828 0.486030 -0.234734 0.618718 1.890625
collar_bevel
0 39.597980 39.597980 121.000000 0.486030 0.841828 -0.234734 0.618718 1.890625
0 39.244426 39.244426 119.000000 0.486030 0.841828 -0.234734 0.613194 1.859375
0 14.364457 53.608883 119.000000 0.486030 0.841828 -0.234734 0.224445 1.859375
collar_bevel
0 39.597980 39.597980 121.000000 0.486030 0.841828 -0.234734 0.618718 1.890625
0 14.364457 53.608883 119.000000 0.486030 0.841828 -0.234734 0.224445 1.859375
0 14.493867 54.091846 121.000000 0.486030 0.841828 -0.234734 0.226467 1.890625
collar_bevel
0 14.493867 54.091846 121.000000 0.000000 0.972060 -0.234734 0.226467 1.890625
0 14.364457 53.608883 119.000000 0.000000 0.972060 -0.234734 0.224445 1.859375
0 -14.364457 53.608883 119.000000 0.000000 0.972060 -0.234734 -0.224445 1.859375
collar_bevel
0 14.493867 54.091846 121.000000 0.000000 0.972060 -0.234734 0.226467 1.890625
0 -14.364457 53.608883 119.000000 0.000000 0.972060 -0.234734 -0.224445 1.859375
0 -14.493867 54.091846 121.000000 0.000000 0.972060 -0.234734 -0.226467 1.890625
collar_bevel
0 -14.364457 53.608883 119.000000 0.000000 0.000000 -1.000000 -0.224445 0.837639
0 -13.924465 51.966809 119.000000 0.000000 0.000000 -1.000000 -0.217570 0.811981
0 -38.042345 38.042345 119.000000 0.000000 0.000000 -1.000000 -0.594412 0.594412
collar_bevel
0 -14.364457 53.608883 119.000000 0.000000 0.000000 -1.000000 -0.224445 0.837639
0 -38.042345 38.042345 119.000000 0.000000 0.000000 -1.000000 -0.594412 0.594412
0 -39.244426 39.244426 119.000000 0.000000 0.000000 -1.000000 -0.613194 0.613194
collar_bevel
0 -39.244426 39.244426 119.000000 0.000000 0.000000 -1.000000 -0.613194 0.613194
0 -38.042345 38.042345 119.000000 0.000000 0.000000 -1.000000 -0.594412 0.594412
0 -51.966809 13.924465 119.000000 0.000000 0.000000 -1.000000 -0.811981 0.217570
collar_bevel
0 -39.244426 39.244426 119.000000 0.000000 0.000000 -1.000000 -0.613194 0.613194
0 -51.966809 13.924465 119.000000 0.000000 0.000000 -1.000000 -0.811981 0.217570
0 -53.608883 14.364457 119.000000 0.000000 0.000000 -1.000000 -0.837639 0.224445
collar_bevel
0 -53.608883 14.364457 119.000000 0.000000 0.000000 -1.000000 -0.837639 0.224445
0 -51.966809 13.924465 119.000000 0.000000 0.000000 -1.000000 -0.811981 0.217570
0 -51.966809 -13.924465 119.000000 0.000000 0.000000 -1.000000 -0.811981 -0.217570
collar_bevel
0 -53.608883 14.364457 119.000000 0.000000 0.000000 -1.000000 -0.837639 0.224445
0 -51.966809 -13.924465 119.000000 0.000000 0.000000 -1.000000 -0.811981 -0.217570
0 -53.608883 -14.364457 119.000000 0.000000 0.000000 -1.000000 -0.837639 -0.224445
collar_bevel
0 -53.608883 -14.364457 119.000000 0.000000 0.000000 -1.000000 -0.837639 -0.224445
0 -51.966809 -13.924465 119.000000 0.000000 0.000000 -1.000000 -0.811981 -0.217570
0 -38.042345 -38.042345 119.000000 0.000000 0.000000 -1.000000 -0.594412 -0.594412
collar_bevel
0 -53.608883 -14.364457 119.000000 0.000000 0.000000 -1.000000 -0.837639 -0.224445
0 -38.042345 -38.042345 119.000000 0.000000 0.000000 -1.000000 -0.594412 -0.594412
0 -39.244426 -39.244426 119.000000 0.000000 0.000000 -1.000000 -0.613194 -0.613194
collar_bevel
0 -39.244426 -39.244426 119.000000 0.000000 0.000000 -1.000000 -0.613194 -0.613194
0 -38.042345 -38.042345 119.000000 0.000000 0.000000 -1.000000 -0.594412 -0.594412
0 -13.924465 -51.966809 119.000000 0.000000 0.000000 -1.000000 -0.217570 -0.811981
collar_bevel
0 -39.244426 -39.244426 119.000000 0.000000 0.000000 -1.000000 -0.613194 -0.613194
0 -13.924465 -51.966809 119.000000 0.000000 0.000000 -1.000000 -0.217570 -0.811981
0 -14.364457 -53.608883 119.000000 0.000000 0.000000 -1.000000 -0.224445 -0.837639
collar_bevel
0 -14.364457 -53.608883 119.000000 0.000000 0.000000 -1.000000 -0.224445 -0.837639
0 -13.924465 -51.966809 119.000000 0.000000 0.000000 -1.000000 -0.217570 -0.811981
0 13.924465 -51.966809 119.000000 0.000000 0.000000 -1.000000 0.217570 -0.811981
collar_bevel
0 -14.364457 -53.608883 119.000000 0.000000 0.000000 -1.000000 -0.224445 -0.837639
0 13.924465 -51.966809 119.000000 0.000000 0.000000 -1.000000 0.217570 -0.811981
0 14.364457 -53.608883 119.000000 0.000000 0.000000 -1.000000 0.224445 -0.837639
collar_bevel
0 14.364457 -53.608883 119.000000 0.000000 0.000000 -1.000000 0.224445 -0.837639
0 13.924465 -51.966809 119.000000 0.000000 0.000000 -1.000000 0.217570 -0.811981
0 38.042345 -38.042345 119.000000 0.000000 0.000000 -1.000000 0.594412 -0.594412
collar_bevel
0 14.364457 -53.608883 119.000000 0.000000 0.000000 -1.000000 0.224445 -0.837639
0 38.042345 -38.042345 119.000000 0.000000 0.000000 -1.000000 0.594412 -0.594412
0 39.244426 -39.244426 119.000000 0.000000 0.000000 -1.000000 0.613194 -0.613194
collar_bevel
0 39.244426 -39.244426 119.000000 0.000000 0.000000 -1.000000 0.613194 -0.613194
0 38.042345 -38.042345 119.000000 0.000000 0.000000 -1.000000 0.594412 -0.594412
0 51.966809 -13.924465 119.000000 0.000000 0.000000 -1.000000 0.811981 -0.217570
collar_bevel
0 39.244426 -39.244426 119.000000 0.000000 0.000000 -1.000000 0.613194 -0.613194
0 51.966809 -13.924465 119.000000 0.000000 0.000000 -1.000000 0.811981 -0.217570
0 53.608883 -14.364457 119.000000 0.000000 0.000000 -1.000000 0.837639 -0.224445
collar_bevel
0 53.608883 -14.364457 119.000000 0.000000 0.000000 -1.000000 0.837639 -0.224445
0 51.966809 -13.924465 119.000000 0.000000 0.000000 -1.000000 0.811981 -0.217570
0 51.966809 13.924465 119.000000 0.000000 0.000000 -1.000000 0.811981 0.217570
collar_bevel
0 53.608883 -14.364457 119.000000 0.000000 0.000000 -1.000000 0.837639 -0.224445
0 51.966809 13.924465 119.000000 0.000000 0.000000 -1.000000 0.811981 0.217570
0 53.608883 14.364457 119.000000 0.000000 0.000000 -1.000000 0.837639 0.224445
collar_bevel
0 53.608883 14.364457 119.000000 0.000000 0.000000 -1.000000 0.837639 0.224445
0 51.966809 13.924465 119.000000 0.000000 0.000000 -1.000000 0.811981 0.217570
0 38.042345 38.042345 119.000000 0.000000 0.000000 -1.000000 0.594412 0.594412
collar_bevel
0 53.608883 14.364457 119.000000 0.000000 0.000000 -1.000000 0.837639 0.224445
0 38.042345 38.042345 119.000000 0.000000 0.000000 -1.000000 0.594412 0.594412
0 39.244426 39.244426 119.000000 0.000000 0.000000 -1.000000 0.613194 0.613194
collar_bevel
0 39.244426 39.244426 119.000000 0.000000 0.000000 -1.000000 0.613194 0.613194
0 38.042345 38.042345 119.000000 0.000000 0.000000 -1.000000 0.594412 0.594412
0 13.924465 51.966809 119.000000 0.000000 0.000000 -1.000000 0.217570 0.811981
collar_bevel
0 39.244426 39.244426 119.000000 0.000000 0.000000 -1.000000 0.613194 0.613194
0 13.924465 51.966809 119.000000 0.000000 0.000000 -1.000000 0.217570 0.811981
0 14.364457 53.608883 119.000000 0.000000 0.000000 -1.000000 0.224445 0.837639
collar_bevel
0 14.364457 53.608883 119.000000 0.000000 0.000000 -1.000000 0.224445 0.837639
0 13.924465 51.966809 119.000000 0.000000 0.000000 -1.000000 0.217570 0.811981
0 -13.924465 51.966809 119.000000 0.000000 0.000000 -1.000000 -0.217570 0.811981
collar_bevel
0 14.364457 53.608883 119.000000 0.000000 0.000000 -1.000000 0.224445 0.837639
0 -13.924465 51.966809 119.000000 0.000000 0.000000 -1.000000 -0.217570 0.811981
0 -14.364457 53.608883 119.000000 0.000000 0.000000 -1.000000 -0.224445 0.837639
collar_bevel
0 -13.924465 51.966809 119.000000 -0.420380 0.728120 -0.541408 -0.217570 1.859375
0 -13.717409 51.194069 117.800000 -0.420380 0.728120 -0.541408 -0.214335 1.840625
0 -37.476659 37.476659 117.800000 -0.420380 0.728120 -0.541408 -0.585573 1.840625
collar_bevel
0 -13.924465 51.966809 119.000000 -0.420380 0.728120 -0.541408 -0.217570 1.859375
0 -37.476659 37.476659 117.800000 -0.420380 0.728120 -0.541408 -0.585573 1.840625
0 -38.042345 38.042345 119.000000 -0.420380 0.728120 -0.541408 -0.594412 1.859375
collar_bevel
0 -38.042345 38.042345 119.000000 -0.728120 0.420380 -0.541408 0.594412 1.859375
0 -37.476659 37.476659 117.800000 -0.728120 0.420380 -0.541408 0.585573 1.840625
0 -51.194069 13.717409 117.800000 -0.728120 0.420380 -0.541408 0.214335 1.840625
collar_bevel
0 -38.042345 38.042345 119.000000 -0.728120 0.420380 -0.541408 0.594412 1.859375
0 -51.194069 13.717409 117.800000 -0.728120 0.420380 -0.541408 0.214335 1.840625
0 -51.966809 13.924465 119.000000 -0.728120 0.420380 -0.541408 0.217570 1.859375
collar_bevel
0 -51.966809 13.924465 119.000000 -0.840760 0.000000 -0.541408 0.217570 1.859375
0 -51.194069 13.717409 117.800000 -0.840760 0.000000 -0.541408 0.214335 1.840625
0 -51.194069 -13.717409 117.800000 -0.840760 0.000000 -0.541408 -0.214335 1.840625
collar_bevel
0 -51.966809 13.924465 119.000000 -0.840760 0.000000 -0.541408 0.217570 1.859375
0 -51.194069 -13.717409 117.800000 -0.840760 0.000000 -0.541408 -0.214335 1.840625
0 -51.966809 -13.924465 119.000000 -0.840760 0.000000 -0.541408 -0.217570 1.859375
collar_bevel
0 -51.966809 -13.924465 119.000000 -0.728120 -0.420380 -0.541408 -0.217570 1.859375
0 -51.194069 -13.717409 117.800000 -0.728120 -0.420380 -0.541408 -0.214335 1.840625
0 -37.476659 -37.476659 117.800000 -0.728120 -0.420380 -0.541408 -0.585573 1.840625
collar_bevel
0 -51.966809 -13.924465 119.000000 -0.728120 -0.420380 -0.541408 -0.217570 1.859375
0 -37.476659 -37.476659 117.800000 -0.728120 -0.420380 -0.541408 -0.585573 1.840625
0 -38.042345 -38.042345 119.000000 -0.728120 -0.420380 -0.541408 -0.594412 1.859375
collar_bevel
0 -38.042345 -38.042345 119.000000 -0.420380 -0.728120 -0.541408 -0.594412 1.859375
0 -37.476659 -37.476659 117.800000 -0.420380 -0.728120 -0.541408 -0.585573 1.840625
0 -13.717409 -51.194069 117.800000 -0.420380 -0.728120 -0.541408 -0.214335 1.840625
collar_bevel
0 -38.042345 -38.042345 119.000000 -0.420380 -0.728120 -0.541408 -0.594412 1.859375
0 -13.717409 -51.194069 117.800000 -0.420380 -0.728120 -0.541408 -0.214335 1.840625
0 -13.924465 -51.966809 119.000000 -0.420380 -0.728120 -0.541408 -0.217570 1.859375
collar_bevel
0 -13.924465 -51.966809 119.000000 0.000000 -0.840760 -0.541408 -0.217570 1.859375
0 -13.717409 -51.194069 117.800000 0.000000 -0.840760 -0.541408 -0.214335 1.840625
0 13.717409 -51.194069 117.800000 0.000000 -0.840760 -0.541408 0.214335 1.840625
collar_bevel
0 -13.924465 -51.966809 119.000000 -0.000000 -0.840760 -0.541408 -0.217570 1.859375
0 13.717409 -51.194069 117.800000 -0.000000 -0.840760 -0.541408 0.214335 1.840625
0 13.924465 -51.966809 119.000000 -0.000000 -0.840760 -0.541408 0.217570 1.859375
collar_bevel
0 13.924465 -51.966809 119.000000 0.420380 -0.728120 -0.541408 0.217570 1.859375
0 13.717409 -51.194069 117.800000 0.420380 -0.728120 -0.541408 0.214335 1.840625
0 37.476659 -37.476659 117.800000 0.420380 -0.728120 -0.541408 0.585573 1.840625
collar_bevel
0 13.924465 -51.966809 119.000000 0.420380 -0.728120 -0.541408 0.217570 1.859375
0 37.476659 -37.476659 117.800000 0.420380 -0.728120 -0.541408 0.585573 1.840625
0 38.042345 -38.042345 119.000000 0.420380 -0.728120 -0.541408 0.594412 1.859375
collar_bevel
0 38.042345 -38.042345 119.000000 0.728120 -0.420380 -0.541408 -0.594412 1.859375
0 37.476659 -37.476659 117.800000 0.728120 -0.420380 -0.541408 -0.585573 1.840625
0 51.194069 -13.717409 117.800000 0.728120 -0.420380 -0.541408 -0.214335 1.840625
collar_bevel
0 38.042345 -38.042345 119.000000 0.728120 -0.420380 -0.541408 -0.594412 1.859375
0 51.194069 -13.717409 117.800000 0.728120 -0.420380 -0.541408 -0.214335 1.840625
0 51.966809 -13.924465 119.000000 0.728120 -0.420380 -0.541408 -0.217570 1.859375
collar_bevel
0 51.966809 -13.924465 119.000000 0.840760 -0.000000 -0.541408 -0.217570 1.859375
0 51.194069 -13.717409 117.800000 0.840760 -0.000000 -0.541408 -0.214335 1.840625
0 51.194069 13.717409 117.800000 0.840760 -0.000000 -0.541408 0.214335 1.840625
collar_bevel
0 51.966809 -13.924465 119.000000 0.840760 -0.000000 -0.541408 -0.217570 1.859375
0 51.194069 13.717409 117.800000 0.840760 -0.000000 -0.541408 0.214335 1.840625
0 51.966809 13.924465 119.000000 0.840760 -0.000000 -0.541408 0.217570 1.859375
collar_bevel
0 51.966809 13.924465 119.000000 0.728120 0.420380 -0.541408 0.217570 1.859375
0 51.194069 13.717409 117.800000 0.728120 0.420380 -0.541408 0.214335 1.840625
0 37.476659 37.476659 117.800000 0.728120 0.420380 -0.541408 0.585573 1.840625
collar_bevel
0 51.966809 13.924465 119.000000 0.728120 0.420380 -0.541408 0.217570 1.859375
0 37.476659 37.476659 117.800000 0.728120 0.420380 -0.541408 0.585573 1.840625
0 38.042345 38.042345 119.000000 0.728120 0.420380 -0.541408 0.594412 1.859375
collar_bevel
0 38.042345 38.042345 119.000000 0.420380 0.728120 -0.541408 0.594412 1.859375
0 37.476659 37.476659 117.800000 0.420380 0.728120 -0.541408 0.585573 1.840625
0 13.717409 51.194069 117.800000 0.420380 0.728120 -0.541408 0.214335 1.840625
collar_bevel
0 38.042345 38.042345 119.000000 0.420380 0.728120 -0.541408 0.594412 1.859375
0 13.717409 51.194069 117.800000 0.420380 0.728120 -0.541408 0.214335 1.840625
0 13.924465 51.966809 119.000000 0.420380 0.728120 -0.541408 0.217570 1.859375
collar_bevel
0 13.924465 51.966809 119.000000 0.000000 0.840760 -0.541408 0.217570 1.859375
0 13.717409 51.194069 117.800000 0.000000 0.840760 -0.541408 0.214335 1.840625
0 -13.717409 51.194069 117.800000 0.000000 0.840760 -0.541408 -0.214335 1.840625
collar_bevel
0 13.924465 51.966809 119.000000 0.000000 0.840760 -0.541408 0.217570 1.859375
0 -13.717409 51.194069 117.800000 0.000000 0.840760 -0.541408 -0.214335 1.840625
0 -13.924465 51.966809 119.000000 0.000000 0.840760 -0.541408 -0.217570 1.859375
collar_dark
0 -13.717409 51.194069 117.800000 0.000000 0.000000 -1.000000 -0.214335 0.799907
0 -13.406827 50.034958 117.800000 0.000000 0.000000 -1.000000 -0.209482 0.781796
0 -36.628131 36.628131 117.800000 0.000000 0.000000 -1.000000 -0.572315 0.572315
collar_dark
0 -13.717409 51.194069 117.800000 0.000000 0.000000 -1.000000 -0.214335 0.799907
0 -36.628131 36.628131 117.800000 0.000000 0.000000 -1.000000 -0.572315 0.572315
0 -37.476659 37.476659 117.800000 0.000000 0.000000 -1.000000 -0.585573 0.585573
collar_dark
0 -37.476659 37.476659 117.800000 0.000000 0.000000 -1.000000 -0.585573 0.585573
0 -36.628131 36.628131 117.800000 0.000000 0.000000 -1.000000 -0.572315 0.572315
0 -50.034958 13.406827 117.800000 0.000000 0.000000 -1.000000 -0.781796 0.209482
collar_dark
0 -37.476659 37.476659 117.800000 0.000000 0.000000 -1.000000 -0.585573 0.585573
0 -50.034958 13.406827 117.800000 0.000000 0.000000 -1.000000 -0.781796 0.209482
0 -51.194069 13.717409 117.800000 0.000000 0.000000 -1.000000 -0.799907 0.214335
collar_dark
0 -51.194069 13.717409 117.800000 0.000000 0.000000 -1.000000 -0.799907 0.214335
0 -50.034958 13.406827 117.800000 0.000000 0.000000 -1.000000 -0.781796 0.209482
0 -50.034958 -13.406827 117.800000 0.000000 0.000000 -1.000000 -0.781796 -0.209482
collar_dark
0 -51.194069 13.717409 117.800000 0.000000 0.000000 -1.000000 -0.799907 0.214335
0 -50.034958 -13.406827 117.800000 0.000000 0.000000 -1.000000 -0.781796 -0.209482
0 -51.194069 -13.717409 117.800000 0.000000 0.000000 -1.000000 -0.799907 -0.214335
collar_dark
0 -51.194069 -13.717409 117.800000 0.000000 0.000000 -1.000000 -0.799907 -0.214335
0 -50.034958 -13.406827 117.800000 0.000000 0.000000 -1.000000 -0.781796 -0.209482
0 -36.628131 -36.628131 117.800000 0.000000 0.000000 -1.000000 -0.572315 -0.572315
collar_dark
0 -51.194069 -13.717409 117.800000 0.000000 0.000000 -1.000000 -0.799907 -0.214335
0 -36.628131 -36.628131 117.800000 0.000000 0.000000 -1.000000 -0.572315 -0.572315
0 -37.476659 -37.476659 117.800000 0.000000 0.000000 -1.000000 -0.585573 -0.585573
collar_dark
0 -37.476659 -37.476659 117.800000 0.000000 0.000000 -1.000000 -0.585573 -0.585573
0 -36.628131 -36.628131 117.800000 0.000000 0.000000 -1.000000 -0.572315 -0.572315
0 -13.406827 -50.034958 117.800000 0.000000 0.000000 -1.000000 -0.209482 -0.781796
collar_dark
0 -37.476659 -37.476659 117.800000 0.000000 0.000000 -1.000000 -0.585573 -0.585573
0 -13.406827 -50.034958 117.800000 0.000000 0.000000 -1.000000 -0.209482 -0.781796
0 -13.717409 -51.194069 117.800000 0.000000 0.000000 -1.000000 -0.214335 -0.799907
collar_dark
0 -13.717409 -51.194069 117.800000 0.000000 0.000000 -1.000000 -0.214335 -0.799907
0 -13.406827 -50.034958 117.800000 0.000000 0.000000 -1.000000 -0.209482 -0.781796
0 13.406827 -50.034958 117.800000 0.000000 0.000000 -1.000000 0.209482 -0.781796
collar_dark
0 -13.717409 -51.194069 117.800000 0.000000 0.000000 -1.000000 -0.214335 -0.799907
0 13.406827 -50.034958 117.800000 0.000000 0.000000 -1.000000 0.209482 -0.781796
0 13.717409 -51.194069 117.800000 0.000000 0.000000 -1.000000 0.214335 -0.799907
collar_dark
0 13.717409 -51.194069 117.800000 0.000000 0.000000 -1.000000 0.214335 -0.799907
0 13.406827 -50.034958 117.800000 0.000000 0.000000 -1.000000 0.209482 -0.781796
0 36.628131 -36.628131 117.800000 0.000000 0.000000 -1.000000 0.572315 -0.572315
collar_dark
0 13.717409 -51.194069 117.800000 0.000000 0.000000 -1.000000 0.214335 -0.799907
0 36.628131 -36.628131 117.800000 0.000000 0.000000 -1.000000 0.572315 -0.572315
0 37.476659 -37.476659 117.800000 0.000000 0.000000 -1.000000 0.585573 -0.585573
collar_dark
0 37.476659 -37.476659 117.800000 0.000000 0.000000 -1.000000 0.585573 -0.585573
0 36.628131 -36.628131 117.800000 0.000000 0.000000 -1.000000 0.572315 -0.572315
0 50.034958 -13.406827 117.800000 0.000000 0.000000 -1.000000 0.781796 -0.209482
collar_dark
0 37.476659 -37.476659 117.800000 0.000000 0.000000 -1.000000 0.585573 -0.585573
0 50.034958 -13.406827 117.800000 0.000000 0.000000 -1.000000 0.781796 -0.209482
0 51.194069 -13.717409 117.800000 0.000000 0.000000 -1.000000 0.799907 -0.214335
collar_dark
0 51.194069 -13.717409 117.800000 0.000000 0.000000 -1.000000 0.799907 -0.214335
0 50.034958 -13.406827 117.800000 0.000000 0.000000 -1.000000 0.781796 -0.209482
0 50.034958 13.406827 117.800000 0.000000 0.000000 -1.000000 0.781796 0.209482
collar_dark
0 51.194069 -13.717409 117.800000 0.000000 0.000000 -1.000000 0.799907 -0.214335
0 50.034958 13.406827 117.800000 0.000000 0.000000 -1.000000 0.781796 0.209482
0 51.194069 13.717409 117.800000 0.000000 0.000000 -1.000000 0.799907 0.214335
collar_dark
0 51.194069 13.717409 117.800000 0.000000 0.000000 -1.000000 0.799907 0.214335
0 50.034958 13.406827 117.800000 0.000000 0.000000 -1.000000 0.781796 0.209482
0 36.628131 36.628131 117.800000 0.000000 0.000000 -1.000000 0.572315 0.572315
collar_dark
0 51.194069 13.717409 117.800000 0.000000 0.000000 -1.000000 0.799907 0.214335
0 36.628131 36.628131 117.800000 0.000000 0.000000 -1.000000 0.572315 0.572315
0 37.476659 37.476659 117.800000 0.000000 0.000000 -1.000000 0.585573 0.585573
collar_dark
0 37.476659 37.476659 117.800000 0.000000 0.000000 -1.000000 0.585573 0.585573
0 36.628131 36.628131 117.800000 0.000000 0.000000 -1.000000 0.572315 0.572315
0 13.406827 50.034958 117.800000 0.000000 0.000000 -1.000000 0.209482 0.781796
collar_dark
0 37.476659 37.476659 117.800000 0.000000 0.000000 -1.000000 0.585573 0.585573
0 13.406827 50.034958 117.800000 0.000000 0.000000 -1.000000 0.209482 0.781796
0 13.717409 51.194069 117.800000 0.000000 0.000000 -1.000000 0.214335 0.799907
collar_dark
0 13.717409 51.194069 117.800000 0.000000 0.000000 -1.000000 0.214335 0.799907
0 13.406827 50.034958 117.800000 0.000000 0.000000 -1.000000 0.209482 0.781796
0 -13.406827 50.034958 117.800000 0.000000 0.000000 -1.000000 -0.209482 0.781796
collar_dark
0 13.717409 51.194069 117.800000 0.000000 0.000000 -1.000000 0.214335 0.799907
0 -13.406827 50.034958 117.800000 0.000000 0.000000 -1.000000 -0.209482 0.781796
0 -13.717409 51.194069 117.800000 0.000000 0.000000 -1.000000 -0.214335 0.799907
collar_bevel
0 -13.406827 50.034958 117.800000 0.416523 -0.721439 -0.553204 -0.209482 1.840625
0 -13.122126 48.972439 119.400000 0.416523 -0.721439 -0.553204 -0.205033 1.865625
0 -35.850314 35.850314 119.400000 0.416523 -0.721439 -0.553204 -0.560161 1.865625
collar_bevel
0 -13.406827 50.034958 117.800000 0.416523 -0.721439 -0.553204 -0.209482 1.840625
0 -35.850314 35.850314 119.400000 0.416523 -0.721439 -0.553204 -0.560161 1.865625
0 -36.628131 36.628131 117.800000 0.416523 -0.721439 -0.553204 -0.572315 1.840625
collar_bevel
0 -36.628131 36.628131 117.800000 0.721439 -0.416523 -0.553204 0.572315 1.840625
0 -35.850314 35.850314 119.400000 0.721439 -0.416523 -0.553204 0.560161 1.865625
0 -48.972439 13.122126 119.400000 0.721439 -0.416523 -0.553204 0.205033 1.865625
collar_bevel
0 -36.628131 36.628131 117.800000 0.721439 -0.416523 -0.553204 0.572315 1.840625
0 -48.972439 13.122126 119.400000 0.721439 -0.416523 -0.553204 0.205033 1.865625
0 -50.034958 13.406827 117.800000 0.721439 -0.416523 -0.553204 0.209482 1.840625
collar_bevel
0 -50.034958 13.406827 117.800000 0.833046 0.000000 -0.553204 0.209482 1.840625
0 -48.972439 13.122126 119.400000 0.833046 0.000000 -0.553204 0.205033 1.865625
0 -48.972439 -13.122126 119.400000 0.833046 0.000000 -0.553204 -0.205033 1.865625
collar_bevel
0 -50.034958 13.406827 117.800000 0.833046 0.000000 -0.553204 0.209482 1.840625
0 -48.972439 -13.122126 119.400000 0.833046 0.000000 -0.553204 -0.205033 1.865625
0 -50.034958 -13.406827 117.800000 0.833046 0.000000 -0.553204 -0.209482 1.840625
collar_bevel
0 -50.034958 -13.406827 117.800000 0.721439 0.416523 -0.553204 -0.209482 1.840625
0 -48.972439 -13.122126 119.400000 0.721439 0.416523 -0.553204 -0.205033 1.865625
0 -35.850314 -35.850314 119.400000 0.721439 0.416523 -0.553204 -0.560161 1.865625
collar_bevel
0 -50.034958 -13.406827 117.800000 0.721439 0.416523 -0.553204 -0.209482 1.840625
0 -35.850314 -35.850314 119.400000 0.721439 0.416523 -0.553204 -0.560161 1.865625
0 -36.628131 -36.628131 117.800000 0.721439 0.416523 -0.553204 -0.572315 1.840625
collar_bevel
0 -36.628131 -36.628131 117.800000 0.416523 0.721439 -0.553204 -0.572315 1.840625
0 -35.850314 -35.850314 119.400000 0.416523 0.721439 -0.553204 -0.560161 1.865625
0 -13.122126 -48.972439 119.400000 0.416523 0.721439 -0.553204 -0.205033 1.865625
collar_bevel
0 -36.628131 -36.628131 117.800000 0.416523 0.721439 -0.553204 -0.572315 1.840625
0 -13.122126 -48.972439 119.400000 0.416523 0.721439 -0.553204 -0.205033 1.865625
0 -13.406827 -50.034958 117.800000 0.416523 0.721439 -0.553204 -0.209482 1.840625
collar_bevel
0 -13.406827 -50.034958 117.800000 0.000000 0.833046 -0.553204 -0.209482 1.840625
0 -13.122126 -48.972439 119.400000 0.000000 0.833046 -0.553204 -0.205033 1.865625
0 13.122126 -48.972439 119.400000 0.000000 0.833046 -0.553204 0.205033 1.865625
collar_bevel
0 -13.406827 -50.034958 117.800000 0.000000 0.833046 -0.553204 -0.209482 1.840625
0 13.122126 -48.972439 119.400000 0.000000 0.833046 -0.553204 0.205033 1.865625
0 13.406827 -50.034958 117.800000 0.000000 0.833046 -0.553204 0.209482 1.840625
collar_bevel
0 13.406827 -50.034958 117.800000 -0.416523 0.721439 -0.553204 0.209482 1.840625
0 13.122126 -48.972439 119.400000 -0.416523 0.721439 -0.553204 0.205033 1.865625
0 35.850314 -35.850314 119.400000 -0.416523 0.721439 -0.553204 0.560161 1.865625
collar_bevel
0 13.406827 -50.034958 117.800000 -0.416523 0.721439 -0.553204 0.209482 1.840625
0 35.850314 -35.850314 119.400000 -0.416523 0.721439 -0.553204 0.560161 1.865625
0 36.628131 -36.628131 117.800000 -0.416523 0.721439 -0.553204 0.572315 1.840625
collar_bevel
0 36.628131 -36.628131 117.800000 -0.721439 0.416523 -0.553204 -0.572315 1.840625
0 35.850314 -35.850314 119.400000 -0.721439 0.416523 -0.553204 -0.560161 1.865625
0 48.972439 -13.122126 119.400000 -0.721439 0.416523 -0.553204 -0.205033 1.865625
collar_bevel
0 36.628131 -36.628131 117.800000 -0.721439 0.416523 -0.553204 -0.572315 1.840625
0 48.972439 -13.122126 119.400000 -0.721439 0.416523 -0.553204 -0.205033 1.865625
0 50.034958 -13.406827 117.800000 -0.721439 0.416523 -0.553204 -0.209482 1.840625
collar_bevel
0 50.034958 -13.406827 117.800000 -0.833046 0.000000 -0.553204 -0.209482 1.840625
0 48.972439 -13.122126 119.400000 -0.833046 0.000000 -0.553204 -0.205033 1.865625
0 48.972439 13.122126 119.400000 -0.833046 0.000000 -0.553204 0.205033 1.865625
collar_bevel
0 50.034958 -13.406827 117.800000 -0.833046 0.000000 -0.553204 -0.209482 1.840625
0 48.972439 13.122126 119.400000 -0.833046 0.000000 -0.553204 0.205033 1.865625
0 50.034958 13.406827 117.800000 -0.833046 0.000000 -0.553204 0.209482 1.840625
collar_bevel
0 50.034958 13.406827 117.800000 -0.721439 -0.416523 -0.553204 0.209482 1.840625
0 48.972439 13.122126 119.400000 -0.721439 -0.416523 -0.553204 0.205033 1.865625
0 35.850314 35.850314 119.400000 -0.721439 -0.416523 -0.553204 0.560161 1.865625
collar_bevel
0 50.034958 13.406827 117.800000 -0.721439 -0.416523 -0.553204 0.209482 1.840625
0 35.850314 35.850314 119.400000 -0.721439 -0.416523 -0.553204 0.560161 1.865625
0 36.628131 36.628131 117.800000 -0.721439 -0.416523 -0.553204 0.572315 1.840625
collar_bevel
0 36.628131 36.628131 117.800000 -0.416523 -0.721439 -0.553204 0.572315 1.840625
0 35.850314 35.850314 119.400000 -0.416523 -0.721439 -0.553204 0.560161 1.865625
0 13.122126 48.972439 119.400000 -0.416523 -0.721439 -0.553204 0.205033 1.865625
collar_bevel
0 36.628131 36.628131 117.800000 -0.416523 -0.721439 -0.553204 0.572315 1.840625
0 13.122126 48.972439 119.400000 -0.416523 -0.721439 -0.553204 0.205033 1.865625
0 13.406827 50.034958 117.800000 -0.416523 -0.721439 -0.553204 0.209482 1.840625
collar_bevel
0 13.406827 50.034958 117.800000 -0.000000 -0.833046 -0.553204 0.209482 1.840625
0 13.122126 48.972439 119.400000 -0.000000 -0.833046 -0.553204 0.205033 1.865625
0 -13.122126 48.972439 119.400000 -0.000000 -0.833046 -0.553204 -0.205033 1.865625
collar_bevel
0 13.406827 50.034958 117.800000 -0.000000 -0.833046 -0.553204 0.209482 1.840625
0 -13.122126 48.972439 119.400000 -0.000000 -0.833046 -0.553204 -0.205033 1.865625
0 -13.406827 50.034958 117.800000 -0.000000 -0.833046 -0.553204 -0.209482 1.840625
collar_dark
0 -13.122126 48.972439 119.400000 0.000000 0.000000 -1.000000 -0.205033 0.765194
0 -12.940952 48.296291 119.400000 0.000000 0.000000 -1.000000 -0.202202 0.754630
0 -35.355339 35.355339 119.400000 0.000000 0.000000 -1.000000 -0.552427 0.552427
collar_dark
0 -13.122126 48.972439 119.400000 0.000000 0.000000 -1.000000 -0.205033 0.765194
0 -35.355339 35.355339 119.400000 0.000000 0.000000 -1.000000 -0.552427 0.552427
0 -35.850314 35.850314 119.400000 0.000000 0.000000 -1.000000 -0.560161 0.560161
collar_dark
0 -35.850314 35.850314 119.400000 0.000000 0.000000 -1.000000 -0.560161 0.560161
0 -35.355339 35.355339 119.400000 0.000000 0.000000 -1.000000 -0.552427 0.552427
0 -48.296291 12.940952 119.400000 0.000000 0.000000 -1.000000 -0.754630 0.202202
collar_dark
0 -35.850314 35.850314 119.400000 0.000000 0.000000 -1.000000 -0.560161 0.560161
0 -48.296291 12.940952 119.400000 0.000000 0.000000 -1.000000 -0.754630 0.202202
0 -48.972439 13.122126 119.400000 0.000000 0.000000 -1.000000 -0.765194 0.205033
collar_dark
0 -48.972439 13.122126 119.400000 0.000000 0.000000 -1.000000 -0.765194 0.205033
0 -48.296291 12.940952 119.400000 0.000000 0.000000 -1.000000 -0.754630 0.202202
0 -48.296291 -12.940952 119.400000 0.000000 0.000000 -1.000000 -0.754630 -0.202202
collar_dark
0 -48.972439 13.122126 119.400000 0.000000 0.000000 -1.000000 -0.765194 0.205033
0 -48.296291 -12.940952 119.400000 0.000000 0.000000 -1.000000 -0.754630 -0.202202
0 -48.972439 -13.122126 119.400000 0.000000 0.000000 -1.000000 -0.765194 -0.205033
collar_dark
0 -48.972439 -13.122126 119.400000 0.000000 0.000000 -1.000000 -0.765194 -0.205033
0 -48.296291 -12.940952 119.400000 0.000000 0.000000 -1.000000 -0.754630 -0.202202
0 -35.355339 -35.355339 119.400000 0.000000 0.000000 -1.000000 -0.552427 -0.552427
collar_dark
0 -48.972439 -13.122126 119.400000 0.000000 0.000000 -1.000000 -0.765194 -0.205033
0 -35.355339 -35.355339 119.400000 0.000000 0.000000 -1.000000 -0.552427 -0.552427
0 -35.850314 -35.850314 119.400000 0.000000 0.000000 -1.000000 -0.560161 -0.560161
collar_dark
0 -35.850314 -35.850314 119.400000 0.000000 0.000000 -1.000000 -0.560161 -0.560161
0 -35.355339 -35.355339 119.400000 0.000000 0.000000 -1.000000 -0.552427 -0.552427
0 -12.940952 -48.296291 119.400000 0.000000 0.000000 -1.000000 -0.202202 -0.754630
collar_dark
0 -35.850314 -35.850314 119.400000 0.000000 0.000000 -1.000000 -0.560161 -0.560161
0 -12.940952 -48.296291 119.400000 0.000000 0.000000 -1.000000 -0.202202 -0.754630
0 -13.122126 -48.972439 119.400000 0.000000 0.000000 -1.000000 -0.205033 -0.765194
collar_dark
0 -13.122126 -48.972439 119.400000 0.000000 0.000000 -1.000000 -0.205033 -0.765194
0 -12.940952 -48.296291 119.400000 0.000000 0.000000 -1.000000 -0.202202 -0.754630
0 12.940952 -48.296291 119.400000 0.000000 0.000000 -1.000000 0.202202 -0.754630
collar_dark
0 -13.122126 -48.972439 119.400000 0.000000 0.000000 -1.000000 -0.205033 -0.765194
0 12.940952 -48.296291 119.400000 0.000000 0.000000 -1.000000 0.202202 -0.754630
0 13.122126 -48.972439 119.400000 0.000000 0.000000 -1.000000 0.205033 -0.765194
collar_dark
0 13.122126 -48.972439 119.400000 0.000000 0.000000 -1.000000 0.205033 -0.765194
0 12.940952 -48.296291 119.400000 0.000000 0.000000 -1.000000 0.202202 -0.754630
0 35.355339 -35.355339 119.400000 0.000000 0.000000 -1.000000 0.552427 -0.552427
collar_dark
0 13.122126 -48.972439 119.400000 0.000000 0.000000 -1.000000 0.205033 -0.765194
0 35.355339 -35.355339 119.400000 0.000000 0.000000 -1.000000 0.552427 -0.552427
0 35.850314 -35.850314 119.400000 0.000000 0.000000 -1.000000 0.560161 -0.560161
collar_dark
0 35.850314 -35.850314 119.400000 0.000000 0.000000 -1.000000 0.560161 -0.560161
0 35.355339 -35.355339 119.400000 0.000000 0.000000 -1.000000 0.552427 -0.552427
0 48.296291 -12.940952 119.400000 0.000000 0.000000 -1.000000 0.754630 -0.202202
collar_dark
0 35.850314 -35.850314 119.400000 0.000000 0.000000 -1.000000 0.560161 -0.560161
0 48.296291 -12.940952 119.400000 0.000000 0.000000 -1.000000 0.754630 -0.202202
0 48.972439 -13.122126 119.400000 0.000000 0.000000 -1.000000 0.765194 -0.205033
collar_dark
0 48.972439 -13.122126 119.400000 0.000000 0.000000 -1.000000 0.765194 -0.205033
0 48.296291 -12.940952 119.400000 0.000000 0.000000 -1.000000 0.754630 -0.202202
0 48.296291 12.940952 119.400000 0.000000 0.000000 -1.000000 0.754630 0.202202
collar_dark
0 48.972439 -13.122126 119.400000 0.000000 0.000000 -1.000000 0.765194 -0.205033
0 48.296291 12.940952 119.400000 0.000000 0.000000 -1.000000 0.754630 0.202202
0 48.972439 13.122126 119.400000 0.000000 0.000000 -1.000000 0.765194 0.205033
collar_dark
0 48.972439 13.122126 119.400000 0.000000 0.000000 -1.000000 0.765194 0.205033
0 48.296291 12.940952 119.400000 0.000000 0.000000 -1.000000 0.754630 0.202202
0 35.355339 35.355339 119.400000 0.000000 0.000000 -1.000000 0.552427 0.552427
collar_dark
0 48.972439 13.122126 119.400000 0.000000 0.000000 -1.000000 0.765194 0.205033
0 35.355339 35.355339 119.400000 0.000000 0.000000 -1.000000 0.552427 0.552427
0 35.850314 35.850314 119.400000 0.000000 0.000000 -1.000000 0.560161 0.560161
collar_dark
0 35.850314 35.850314 119.400000 0.000000 0.000000 -1.000000 0.560161 0.560161
0 35.355339 35.355339 119.400000 0.000000 0.000000 -1.000000 0.552427 0.552427
0 12.940952 48.296291 119.400000 0.000000 0.000000 -1.000000 0.202202 0.754630
collar_dark
0 35.850314 35.850314 119.400000 0.000000 0.000000 -1.000000 0.560161 0.560161
0 12.940952 48.296291 119.400000 0.000000 0.000000 -1.000000 0.202202 0.754630
0 13.122126 48.972439 119.400000 0.000000 0.000000 -1.000000 0.205033 0.765194
collar_dark
0 13.122126 48.972439 119.400000 0.000000 0.000000 -1.000000 0.205033 0.765194
0 12.940952 48.296291 119.400000 0.000000 0.000000 -1.000000 0.202202 0.754630
0 -12.940952 48.296291 119.400000 0.000000 0.000000 -1.000000 -0.202202 0.754630
collar_dark
0 13.122126 48.972439 119.400000 0.000000 0.000000 -1.000000 0.205033 0.765194
0 -12.940952 48.296291 119.400000 0.000000 0.000000 -1.000000 -0.202202 0.754630
0 -13.122126 48.972439 119.400000 0.000000 0.000000 -1.000000 -0.205033 0.765194
collar_dark
0 -12.940952 48.296291 119.400000 0.500000 -0.866025 0.000000 -0.202202 1.865625
0 -12.940952 48.296291 136.600000 0.500000 -0.866025 0.000000 -0.202202 2.134375
0 -35.355339 35.355339 136.600000 0.500000 -0.866025 0.000000 -0.552427 2.134375
collar_dark
0 -12.940952 48.296291 119.400000 0.500000 -0.866025 0.000000 -0.202202 1.865625
0 -35.355339 35.355339 136.600000 0.500000 -0.866025 0.000000 -0.552427 2.134375
0 -35.355339 35.355339 119.400000 0.500000 -0.866025 0.000000 -0.552427 1.865625
collar_dark
0 -35.355339 35.355339 119.400000 0.866025 -0.500000 0.000000 0.552427 1.865625
0 -35.355339 35.355339 136.600000 0.866025 -0.500000 0.000000 0.552427 2.134375
0 -48.296291 12.940952 136.600000 0.866025 -0.500000 0.000000 0.202202 2.134375
collar_dark
0 -35.355339 35.355339 119.400000 0.866025 -0.500000 0.000000 0.552427 1.865625
0 -48.296291 12.940952 136.600000 0.866025 -0.500000 0.000000 0.202202 2.134375
0 -48.296291 12.940952 119.400000 0.866025 -0.500000 0.000000 0.202202 1.865625
collar_dark
0 -48.296291 12.940952 119.400000 1.000000 0.000000 0.000000 0.202202 1.865625
0 -48.296291 12.940952 136.600000 1.000000 0.000000 0.000000 0.202202 2.134375
0 -48.296291 -12.940952 136.600000 1.000000 0.000000 0.000000 -0.202202 2.134375
collar_dark
0 -48.296291 12.940952 119.400000 1.000000 0.000000 0.000000 0.202202 1.865625
0 -48.296291 -12.940952 136.600000 1.000000 0.000000 0.000000 -0.202202 2.134375
0 -48.296291 -12.940952 119.400000 1.000000 0.000000 0.000000 -0.202202 1.865625
collar_dark
0 -48.296291 -12.940952 119.400000 0.866025 0.500000 0.000000 -0.202202 1.865625
0 -48.296291 -12.940952 136.600000 0.866025 0.500000 0.000000 -0.202202 2.134375
0 -35.355339 -35.355339 136.600000 0.866025 0.500000 0.000000 -0.552427 2.134375
collar_dark
0 -48.296291 -12.940952 119.400000 0.866025 0.500000 0.000000 -0.202202 1.865625
0 -35.355339 -35.355339 136.600000 0.866025 0.500000 0.000000 -0.552427 2.134375
0 -35.355339 -35.355339 119.400000 0.866025 0.500000 0.000000 -0.552427 1.865625
collar_dark
0 -35.355339 -35.355339 119.400000 0.500000 0.866025 0.000000 -0.552427 1.865625
0 -35.355339 -35.355339 136.600000 0.500000 0.866025 0.000000 -0.552427 2.134375
0 -12.940952 -48.296291 136.600000 0.500000 0.866025 0.000000 -0.202202 2.134375
collar_dark
0 -35.355339 -35.355339 119.400000 0.500000 0.866025 0.000000 -0.552427 1.865625
0 -12.940952 -48.296291 136.600000 0.500000 0.866025 0.000000 -0.202202 2.134375
0 -12.940952 -48.296291 119.400000 0.500000 0.866025 0.000000 -0.202202 1.865625
collar_dark
0 -12.940952 -48.296291 119.400000 0.000000 1.000000 0.000000 -0.202202 1.865625
0 -12.940952 -48.296291 136.600000 0.000000 1.000000 0.000000 -0.202202 2.134375
0 12.940952 -48.296291 136.600000 0.000000 1.000000 0.000000 0.202202 2.134375
collar_dark
0 -12.940952 -48.296291 119.400000 0.000000 1.000000 0.000000 -0.202202 1.865625
0 12.940952 -48.296291 136.600000 0.000000 1.000000 0.000000 0.202202 2.134375
0 12.940952 -48.296291 119.400000 0.000000 1.000000 0.000000 0.202202 1.865625
collar_dark
0 12.940952 -48.296291 119.400000 -0.500000 0.866025 0.000000 0.202202 1.865625
0 12.940952 -48.296291 136.600000 -0.500000 0.866025 0.000000 0.202202 2.134375
0 35.355339 -35.355339 136.600000 -0.500000 0.866025 0.000000 0.552427 2.134375
collar_dark
0 12.940952 -48.296291 119.400000 -0.500000 0.866025 0.000000 0.202202 1.865625
0 35.355339 -35.355339 136.600000 -0.500000 0.866025 0.000000 0.552427 2.134375
0 35.355339 -35.355339 119.400000 -0.500000 0.866025 0.000000 0.552427 1.865625
collar_dark
0 35.355339 -35.355339 119.400000 -0.866025 0.500000 0.000000 -0.552427 1.865625
0 35.355339 -35.355339 136.600000 -0.866025 0.500000 0.000000 -0.552427 2.134375
0 48.296291 -12.940952 136.600000 -0.866025 0.500000 0.000000 -0.202202 2.134375
collar_dark
0 35.355339 -35.355339 119.400000 -0.866025 0.500000 0.000000 -0.552427 1.865625
0 48.296291 -12.940952 136.600000 -0.866025 0.500000 0.000000 -0.202202 2.134375
0 48.296291 -12.940952 119.400000 -0.866025 0.500000 0.000000 -0.202202 1.865625
collar_dark
0 48.296291 -12.940952 119.400000 -1.000000 0.000000 0.000000 -0.202202 1.865625
0 48.296291 -12.940952 136.600000 -1.000000 0.000000 0.000000 -0.202202 2.134375
0 48.296291 12.940952 136.600000 -1.000000 0.000000 0.000000 0.202202 2.134375
collar_dark
0 48.296291 -12.940952 119.400000 -1.000000 0.000000 0.000000 -0.202202 1.865625
0 48.296291 12.940952 136.600000 -1.000000 0.000000 0.000000 0.202202 2.134375
0 48.296291 12.940952 119.400000 -1.000000 0.000000 0.000000 0.202202 1.865625
collar_dark
0 48.296291 12.940952 119.400000 -0.866025 -0.500000 0.000000 0.202202 1.865625
0 48.296291 12.940952 136.600000 -0.866025 -0.500000 0.000000 0.202202 2.134375
0 35.355339 35.355339 136.600000 -0.866025 -0.500000 0.000000 0.552427 2.134375
collar_dark
0 48.296291 12.940952 119.400000 -0.866025 -0.500000 0.000000 0.202202 1.865625
0 35.355339 35.355339 136.600000 -0.866025 -0.500000 0.000000 0.552427 2.134375
0 35.355339 35.355339 119.400000 -0.866025 -0.500000 0.000000 0.552427 1.865625
collar_dark
0 35.355339 35.355339 119.400000 -0.500000 -0.866025 0.000000 0.552427 1.865625
0 35.355339 35.355339 136.600000 -0.500000 -0.866025 0.000000 0.552427 2.134375
0 12.940952 48.296291 136.600000 -0.500000 -0.866025 0.000000 0.202202 2.134375
collar_dark
0 35.355339 35.355339 119.400000 -0.500000 -0.866025 0.000000 0.552427 1.865625
0 12.940952 48.296291 136.600000 -0.500000 -0.866025 0.000000 0.202202 2.134375
0 12.940952 48.296291 119.400000 -0.500000 -0.866025 0.000000 0.202202 1.865625
collar_dark
0 12.940952 48.296291 119.400000 -0.000000 -1.000000 0.000000 0.202202 1.865625
0 12.940952 48.296291 136.600000 -0.000000 -1.000000 0.000000 0.202202 2.134375
0 -12.940952 48.296291 136.600000 -0.000000 -1.000000 0.000000 -0.202202 2.134375
collar_dark
0 12.940952 48.296291 119.400000 -0.000000 -1.000000 0.000000 0.202202 1.865625
0 -12.940952 48.296291 136.600000 -0.000000 -1.000000 0.000000 -0.202202 2.134375
0 -12.940952 48.296291 119.400000 -0.000000 -1.000000 0.000000 -0.202202 1.865625
collar_bevel
0 -12.940952 48.296291 136.600000 0.000000 0.000000 1.000000 -0.202202 0.754630
0 -13.122126 48.972439 136.600000 0.000000 0.000000 1.000000 -0.205033 0.765194
0 -35.850314 35.850314 136.600000 0.000000 0.000000 1.000000 -0.560161 0.560161
collar_bevel
0 -12.940952 48.296291 136.600000 0.000000 0.000000 1.000000 -0.202202 0.754630
0 -35.850314 35.850314 136.600000 0.000000 0.000000 1.000000 -0.560161 0.560161
0 -35.355339 35.355339 136.600000 0.000000 0.000000 1.000000 -0.552427 0.552427
collar_bevel
0 -35.355339 35.355339 136.600000 0.000000 0.000000 1.000000 -0.552427 0.552427
0 -35.850314 35.850314 136.600000 0.000000 0.000000 1.000000 -0.560161 0.560161
0 -48.972439 13.122126 136.600000 0.000000 0.000000 1.000000 -0.765194 0.205033
collar_bevel
0 -35.355339 35.355339 136.600000 0.000000 0.000000 1.000000 -0.552427 0.552427
0 -48.972439 13.122126 136.600000 0.000000 0.000000 1.000000 -0.765194 0.205033
0 -48.296291 12.940952 136.600000 0.000000 0.000000 1.000000 -0.754630 0.202202
collar_bevel
0 -48.296291 12.940952 136.600000 0.000000 0.000000 1.000000 -0.754630 0.202202
0 -48.972439 13.122126 136.600000 0.000000 0.000000 1.000000 -0.765194 0.205033
0 -48.972439 -13.122126 136.600000 0.000000 0.000000 1.000000 -0.765194 -0.205033
collar_bevel
0 -48.296291 12.940952 136.600000 0.000000 0.000000 1.000000 -0.754630 0.202202
0 -48.972439 -13.122126 136.600000 0.000000 0.000000 1.000000 -0.765194 -0.205033
0 -48.296291 -12.940952 136.600000 0.000000 0.000000 1.000000 -0.754630 -0.202202
collar_bevel
0 -48.296291 -12.940952 136.600000 0.000000 0.000000 1.000000 -0.754630 -0.202202
0 -48.972439 -13.122126 136.600000 0.000000 0.000000 1.000000 -0.765194 -0.205033
0 -35.850314 -35.850314 136.600000 0.000000 0.000000 1.000000 -0.560161 -0.560161
collar_bevel
0 -48.296291 -12.940952 136.600000 0.000000 0.000000 1.000000 -0.754630 -0.202202
0 -35.850314 -35.850314 136.600000 0.000000 0.000000 1.000000 -0.560161 -0.560161
0 -35.355339 -35.355339 136.600000 0.000000 0.000000 1.000000 -0.552427 -0.552427
collar_bevel
0 -35.355339 -35.355339 136.600000 0.000000 0.000000 1.000000 -0.552427 -0.552427
0 -35.850314 -35.850314 136.600000 0.000000 0.000000 1.000000 -0.560161 -0.560161
0 -13.122126 -48.972439 136.600000 0.000000 0.000000 1.000000 -0.205033 -0.765194
collar_bevel
0 -35.355339 -35.355339 136.600000 0.000000 0.000000 1.000000 -0.552427 -0.552427
0 -13.122126 -48.972439 136.600000 0.000000 0.000000 1.000000 -0.205033 -0.765194
0 -12.940952 -48.296291 136.600000 0.000000 0.000000 1.000000 -0.202202 -0.754630
collar_bevel
0 -12.940952 -48.296291 136.600000 0.000000 0.000000 1.000000 -0.202202 -0.754630
0 -13.122126 -48.972439 136.600000 0.000000 0.000000 1.000000 -0.205033 -0.765194
0 13.122126 -48.972439 136.600000 0.000000 0.000000 1.000000 0.205033 -0.765194
collar_bevel
0 -12.940952 -48.296291 136.600000 0.000000 0.000000 1.000000 -0.202202 -0.754630
0 13.122126 -48.972439 136.600000 0.000000 0.000000 1.000000 0.205033 -0.765194
0 12.940952 -48.296291 136.600000 0.000000 0.000000 1.000000 0.202202 -0.754630
collar_bevel
0 12.940952 -48.296291 136.600000 0.000000 0.000000 1.000000 0.202202 -0.754630
0 13.122126 -48.972439 136.600000 0.000000 0.000000 1.000000 0.205033 -0.765194
0 35.850314 -35.850314 136.600000 0.000000 0.000000 1.000000 0.560161 -0.560161
collar_bevel
0 12.940952 -48.296291 136.600000 0.000000 0.000000 1.000000 0.202202 -0.754630
0 35.850314 -35.850314 136.600000 0.000000 0.000000 1.000000 0.560161 -0.560161
0 35.355339 -35.355339 136.600000 0.000000 0.000000 1.000000 0.552427 -0.552427
collar_bevel
0 35.355339 -35.355339 136.600000 0.000000 0.000000 1.000000 0.552427 -0.552427
0 35.850314 -35.850314 136.600000 0.000000 0.000000 1.000000 0.560161 -0.560161
0 48.972439 -13.122126 136.600000 0.000000 0.000000 1.000000 0.765194 -0.205033
collar_bevel
0 35.355339 -35.355339 136.600000 0.000000 0.000000 1.000000 0.552427 -0.552427
0 48.972439 -13.122126 136.600000 0.000000 0.000000 1.000000 0.765194 -0.205033
0 48.296291 -12.940952 136.600000 0.000000 0.000000 1.000000 0.754630 -0.202202
collar_bevel
0 48.296291 -12.940952 136.600000 0.000000 0.000000 1.000000 0.754630 -0.202202
0 48.972439 -13.122126 136.600000 0.000000 0.000000 1.000000 0.765194 -0.205033
0 48.972439 13.122126 136.600000 0.000000 0.000000 1.000000 0.765194 0.205033
collar_bevel
0 48.296291 -12.940952 136.600000 0.000000 0.000000 1.000000 0.754630 -0.202202
0 48.972439 13.122126 136.600000 0.000000 0.000000 1.000000 0.765194 0.205033
0 48.296291 12.940952 136.600000 0.000000 0.000000 1.000000 0.754630 0.202202
collar_bevel
0 48.296291 12.940952 136.600000 0.000000 0.000000 1.000000 0.754630 0.202202
0 48.972439 13.122126 136.600000 0.000000 0.000000 1.000000 0.765194 0.205033
0 35.850314 35.850314 136.600000 0.000000 0.000000 1.000000 0.560161 0.560161
collar_bevel
0 48.296291 12.940952 136.600000 0.000000 0.000000 1.000000 0.754630 0.202202
0 35.850314 35.850314 136.600000 0.000000 0.000000 1.000000 0.560161 0.560161
0 35.355339 35.355339 136.600000 0.000000 0.000000 1.000000 0.552427 0.552427
collar_bevel
0 35.355339 35.355339 136.600000 0.000000 0.000000 1.000000 0.552427 0.552427
0 35.850314 35.850314 136.600000 0.000000 0.000000 1.000000 0.560161 0.560161
0 13.122126 48.972439 136.600000 0.000000 0.000000 1.000000 0.205033 0.765194
collar_bevel
0 35.355339 35.355339 136.600000 0.000000 0.000000 1.000000 0.552427 0.552427
0 13.122126 48.972439 136.600000 0.000000 0.000000 1.000000 0.205033 0.765194
0 12.940952 48.296291 136.600000 0.000000 0.000000 1.000000 0.202202 0.754630
collar_bevel
0 12.940952 48.296291 136.600000 0.000000 0.000000 1.000000 0.202202 0.754630
0 13.122126 48.972439 136.600000 0.000000 0.000000 1.000000 0.205033 0.765194
0 -13.122126 48.972439 136.600000 0.000000 0.000000 1.000000 -0.205033 0.765194
collar_bevel
0 12.940952 48.296291 136.600000 0.000000 0.000000 1.000000 0.202202 0.754630
0 -13.122126 48.972439 136.600000 0.000000 0.000000 1.000000 -0.205033 0.765194
0 -12.940952 48.296291 136.600000 0.000000 0.000000 1.000000 -0.202202 0.754630
collar_dark
0 -13.122126 48.972439 136.600000 0.416523 -0.721439 0.553204 -0.205033 2.134375
0 -13.406827 50.034958 138.200000 0.416523 -0.721439 0.553204 -0.209482 2.159375
0 -36.628131 36.628131 138.200000 0.416523 -0.721439 0.553204 -0.572315 2.159375
collar_dark
0 -13.122126 48.972439 136.600000 0.416523 -0.721439 0.553204 -0.205033 2.134375
0 -36.628131 36.628131 138.200000 0.416523 -0.721439 0.553204 -0.572315 2.159375
0 -35.850314 35.850314 136.600000 0.416523 -0.721439 0.553204 -0.560161 2.134375
collar_dark
0 -35.850314 35.850314 136.600000 0.721439 -0.416523 0.553204 0.560161 2.134375
0 -36.628131 36.628131 138.200000 0.721439 -0.416523 0.553204 0.572315 2.159375
0 -50.034958 13.406827 138.200000 0.721439 -0.416523 0.553204 0.209482 2.159375
collar_dark
0 -35.850314 35.850314 136.600000 0.721439 -0.416523 0.553204 0.560161 2.134375
0 -50.034958 13.406827 138.200000 0.721439 -0.416523 0.553204 0.209482 2.159375
0 -48.972439 13.122126 136.600000 0.721439 -0.416523 0.553204 0.205033 2.134375
collar_dark
0 -48.972439 13.122126 136.600000 0.833046 0.000000 0.553204 0.205033 2.134375
0 -50.034958 13.406827 138.200000 0.833046 0.000000 0.553204 0.209482 2.159375
0 -50.034958 -13.406827 138.200000 0.833046 0.000000 0.553204 -0.209482 2.159375
collar_dark
0 -48.972439 13.122126 136.600000 0.833046 0.000000 0.553204 0.205033 2.134375
0 -50.034958 -13.406827 138.200000 0.833046 0.000000 0.553204 -0.209482 2.159375
0 -48.972439 -13.122126 136.600000 0.833046 0.000000 0.553204 -0.205033 2.134375
collar_dark
0 -48.972439 -13.122126 136.600000 0.721439 0.416523 0.553204 -0.205033 2.134375
0 -50.034958 -13.406827 138.200000 0.721439 0.416523 0.553204 -0.209482 2.159375
0 -36.628131 -36.628131 138.200000 0.721439 0.416523 0.553204 -0.572315 2.159375
collar_dark
0 -48.972439 -13.122126 136.600000 0.721439 0.416523 0.553204 -0.205033 2.134375
0 -36.628131 -36.628131 138.200000 0.721439 0.416523 0.553204 -0.572315 2.159375
0 -35.850314 -35.850314 136.600000 0.721439 0.416523 0.553204 -0.560161 2.134375
collar_dark
0 -35.850314 -35.850314 136.600000 0.416523 0.721439 0.553204 -0.560161 2.134375
0 -36.628131 -36.628131 138.200000 0.416523 0.721439 0.553204 -0.572315 2.159375
0 -13.406827 -50.034958 138.200000 0.416523 0.721439 0.553204 -0.209482 2.159375
collar_dark
0 -35.850314 -35.850314 136.600000 0.416523 0.721439 0.553204 -0.560161 2.134375
0 -13.406827 -50.034958 138.200000 0.416523 0.721439 0.553204 -0.209482 2.159375
0 -13.122126 -48.972439 136.600000 0.416523 0.721439 0.553204 -0.205033 2.134375
collar_dark
0 -13.122126 -48.972439 136.600000 0.000000 0.833046 0.553204 -0.205033 2.134375
0 -13.406827 -50.034958 138.200000 0.000000 0.833046 0.553204 -0.209482 2.159375
0 13.406827 -50.034958 138.200000 0.000000 0.833046 0.553204 0.209482 2.159375
collar_dark
0 -13.122126 -48.972439 136.600000 0.000000 0.833046 0.553204 -0.205033 2.134375
0 13.406827 -50.034958 138.200000 0.000000 0.833046 0.553204 0.209482 2.159375
0 13.122126 -48.972439 136.600000 0.000000 0.833046 0.553204 0.205033 2.134375
collar_dark
0 13.122126 -48.972439 136.600000 -0.416523 0.721439 0.553204 0.205033 2.134375
0 13.406827 -50.034958 138.200000 -0.416523 0.721439 0.553204 0.209482 2.159375
0 36.628131 -36.628131 138.200000 -0.416523 0.721439 0.553204 0.572315 2.159375
collar_dark
0 13.122126 -48.972439 136.600000 -0.416523 0.721439 0.553204 0.205033 2.134375
0 36.628131 -36.628131 138.200000 -0.416523 0.721439 0.553204 0.572315 2.159375
0 35.850314 -35.850314 136.600000 -0.416523 0.721439 0.553204 0.560161 2.134375
collar_dark
0 35.850314 -35.850314 136.600000 -0.721439 0.416523 0.553204 -0.560161 2.134375
0 36.628131 -36.628131 138.200000 -0.721439 0.416523 0.553204 -0.572315 2.159375
0 50.034958 -13.406827 138.200000 -0.721439 0.416523 0.553204 -0.209482 2.159375
collar_dark
0 35.850314 -35.850314 136.600000 -0.721439 0.416523 0.553204 -0.560161 2.134375
0 50.034958 -13.406827 138.200000 -0.721439 0.416523 0.553204 -0.209482 2.159375
0 48.972439 -13.122126 136.600000 -0.721439 0.416523 0.553204 -0.205033 2.134375
collar_dark
0 48.972439 -13.122126 136.600000 -0.833046 0.000000 0.553204 -0.205033 2.134375
0 50.034958 -13.406827 138.200000 -0.833046 0.000000 0.553204 -0.209482 2.159375
0 50.034958 13.406827 138.200000 -0.833046 0.000000 0.553204 0.209482 2.159375
collar_dark
0 48.972439 -13.122126 136.600000 -0.833046 0.000000 0.553204 -0.205033 2.134375
0 50.034958 13.406827 138.200000 -0.833046 0.000000 0.553204 0.209482 2.159375
0 48.972439 13.122126 136.600000 -0.833046 0.000000 0.553204 0.205033 2.134375
collar_dark
0 48.972439 13.122126 136.600000 -0.721439 -0.416523 0.553204 0.205033 2.134375
0 50.034958 13.406827 138.200000 -0.721439 -0.416523 0.553204 0.209482 2.159375
0 36.628131 36.628131 138.200000 -0.721439 -0.416523 0.553204 0.572315 2.159375
collar_dark
0 48.972439 13.122126 136.600000 -0.721439 -0.416523 0.553204 0.205033 2.134375
0 36.628131 36.628131 138.200000 -0.721439 -0.416523 0.553204 0.572315 2.159375
0 35.850314 35.850314 136.600000 -0.721439 -0.416523 0.553204 0.560161 2.134375
collar_dark
0 35.850314 35.850314 136.600000 -0.416523 -0.721439 0.553204 0.560161 2.134375
0 36.628131 36.628131 138.200000 -0.416523 -0.721439 0.553204 0.572315 2.159375
0 13.406827 50.034958 138.200000 -0.416523 -0.721439 0.553204 0.209482 2.159375
collar_dark
0 35.850314 35.850314 136.600000 -0.416523 -0.721439 0.553204 0.560161 2.134375
0 13.406827 50.034958 138.200000 -0.416523 -0.721439 0.553204 0.209482 2.159375
0 13.122126 48.972439 136.600000 -0.416523 -0.721439 0.553204 0.205033 2.134375
collar_dark
0 13.122126 48.972439 136.600000 -0.000000 -0.833046 0.553204 0.205033 2.134375
0 13.406827 50.034958 138.200000 -0.000000 -0.833046 0.553204 0.209482 2.159375
0 -13.406827 50.034958 138.200000 -0.000000 -0.833046 0.553204 -0.209482 2.159375
collar_dark
0 13.122126 48.972439 136.600000 -0.000000 -0.833046 0.553204 0.205033 2.134375
0 -13.406827 50.034958 138.200000 -0.000000 -0.833046 0.553204 -0.209482 2.159375
0 -13.122126 48.972439 136.600000 -0.000000 -0.833046 0.553204 -0.205033 2.134375
collar_bevel
0 -13.406827 50.034958 138.200000 0.000000 0.000000 1.000000 -0.209482 0.781796
0 -13.717409 51.194069 138.200000 0.000000 0.000000 1.000000 -0.214335 0.799907
0 -37.476659 37.476659 138.200000 0.000000 0.000000 1.000000 -0.585573 0.585573
collar_bevel
0 -13.406827 50.034958 138.200000 0.000000 0.000000 1.000000 -0.209482 0.781796
0 -37.476659 37.476659 138.200000 0.000000 0.000000 1.000000 -0.585573 0.585573
0 -36.628131 36.628131 138.200000 0.000000 0.000000 1.000000 -0.572315 0.572315
collar_bevel
0 -36.628131 36.628131 138.200000 0.000000 0.000000 1.000000 -0.572315 0.572315
0 -37.476659 37.476659 138.200000 0.000000 0.000000 1.000000 -0.585573 0.585573
0 -51.194069 13.717409 138.200000 0.000000 0.000000 1.000000 -0.799907 0.214335
collar_bevel
0 -36.628131 36.628131 138.200000 0.000000 0.000000 1.000000 -0.572315 0.572315
0 -51.194069 13.717409 138.200000 0.000000 0.000000 1.000000 -0.799907 0.214335
0 -50.034958 13.406827 138.200000 0.000000 0.000000 1.000000 -0.781796 0.209482
collar_bevel
0 -50.034958 13.406827 138.200000 0.000000 0.000000 1.000000 -0.781796 0.209482
0 -51.194069 13.717409 138.200000 0.000000 0.000000 1.000000 -0.799907 0.214335
0 -51.194069 -13.717409 138.200000 0.000000 0.000000 1.000000 -0.799907 -0.214335
collar_bevel
0 -50.034958 13.406827 138.200000 0.000000 0.000000 1.000000 -0.781796 0.209482
0 -51.194069 -13.717409 138.200000 0.000000 0.000000 1.000000 -0.799907 -0.214335
0 -50.034958 -13.406827 138.200000 0.000000 0.000000 1.000000 -0.781796 -0.209482
collar_bevel
0 -50.034958 -13.406827 138.200000 0.000000 0.000000 1.000000 -0.781796 -0.209482
0 -51.194069 -13.717409 138.200000 0.000000 0.000000 1.000000 -0.799907 -0.214335
0 -37.476659 -37.476659 138.200000 0.000000 0.000000 1.000000 -0.585573 -0.585573
collar_bevel
0 -50.034958 -13.406827 138.200000 0.000000 0.000000 1.000000 -0.781796 -0.209482
0 -37.476659 -37.476659 138.200000 0.000000 0.000000 1.000000 -0.585573 -0.585573
0 -36.628131 -36.628131 138.200000 0.000000 0.000000 1.000000 -0.572315 -0.572315
collar_bevel
0 -36.628131 -36.628131 138.200000 0.000000 0.000000 1.000000 -0.572315 -0.572315
0 -37.476659 -37.476659 138.200000 0.000000 0.000000 1.000000 -0.585573 -0.585573
0 -13.717409 -51.194069 138.200000 0.000000 0.000000 1.000000 -0.214335 -0.799907
collar_bevel
0 -36.628131 -36.628131 138.200000 0.000000 0.000000 1.000000 -0.572315 -0.572315
0 -13.717409 -51.194069 138.200000 0.000000 0.000000 1.000000 -0.214335 -0.799907
0 -13.406827 -50.034958 138.200000 0.000000 0.000000 1.000000 -0.209482 -0.781796
collar_bevel
0 -13.406827 -50.034958 138.200000 0.000000 0.000000 1.000000 -0.209482 -0.781796
0 -13.717409 -51.194069 138.200000 0.000000 0.000000 1.000000 -0.214335 -0.799907
0 13.717409 -51.194069 138.200000 0.000000 0.000000 1.000000 0.214335 -0.799907
collar_bevel
0 -13.406827 -50.034958 138.200000 0.000000 0.000000 1.000000 -0.209482 -0.781796
0 13.717409 -51.194069 138.200000 0.000000 0.000000 1.000000 0.214335 -0.799907
0 13.406827 -50.034958 138.200000 0.000000 0.000000 1.000000 0.209482 -0.781796
collar_bevel
0 13.406827 -50.034958 138.200000 0.000000 0.000000 1.000000 0.209482 -0.781796
0 13.717409 -51.194069 138.200000 0.000000 0.000000 1.000000 0.214335 -0.799907
0 37.476659 -37.476659 138.200000 0.000000 0.000000 1.000000 0.585573 -0.585573
collar_bevel
0 13.406827 -50.034958 138.200000 0.000000 0.000000 1.000000 0.209482 -0.781796
0 37.476659 -37.476659 138.200000 0.000000 0.000000 1.000000 0.585573 -0.585573
0 36.628131 -36.628131 138.200000 0.000000 0.000000 1.000000 0.572315 -0.572315
collar_bevel
0 36.628131 -36.628131 138.200000 0.000000 0.000000 1.000000 0.572315 -0.572315
0 37.476659 -37.476659 138.200000 0.000000 0.000000 1.000000 0.585573 -0.585573
0 51.194069 -13.717409 138.200000 0.000000 0.000000 1.000000 0.799907 -0.214335
collar_bevel
0 36.628131 -36.628131 138.200000 0.000000 0.000000 1.000000 0.572315 -0.572315
0 51.194069 -13.717409 138.200000 0.000000 0.000000 1.000000 0.799907 -0.214335
0 50.034958 -13.406827 138.200000 0.000000 0.000000 1.000000 0.781796 -0.209482
collar_bevel
0 50.034958 -13.406827 138.200000 0.000000 0.000000 1.000000 0.781796 -0.209482
0 51.194069 -13.717409 138.200000 0.000000 0.000000 1.000000 0.799907 -0.214335
0 51.194069 13.717409 138.200000 0.000000 0.000000 1.000000 0.799907 0.214335
collar_bevel
0 50.034958 -13.406827 138.200000 0.000000 0.000000 1.000000 0.781796 -0.209482
0 51.194069 13.717409 138.200000 0.000000 0.000000 1.000000 0.799907 0.214335
0 50.034958 13.406827 138.200000 0.000000 0.000000 1.000000 0.781796 0.209482
collar_bevel
0 50.034958 13.406827 138.200000 0.000000 0.000000 1.000000 0.781796 0.209482
0 51.194069 13.717409 138.200000 0.000000 0.000000 1.000000 0.799907 0.214335
0 37.476659 37.476659 138.200000 0.000000 0.000000 1.000000 0.585573 0.585573
collar_bevel
0 50.034958 13.406827 138.200000 0.000000 0.000000 1.000000 0.781796 0.209482
0 37.476659 37.476659 138.200000 0.000000 0.000000 1.000000 0.585573 0.585573
0 36.628131 36.628131 138.200000 0.000000 0.000000 1.000000 0.572315 0.572315
collar_bevel
0 36.628131 36.628131 138.200000 0.000000 0.000000 1.000000 0.572315 0.572315
0 37.476659 37.476659 138.200000 0.000000 0.000000 1.000000 0.585573 0.585573
0 13.717409 51.194069 138.200000 0.000000 0.000000 1.000000 0.214335 0.799907
collar_bevel
0 36.628131 36.628131 138.200000 0.000000 0.000000 1.000000 0.572315 0.572315
0 13.717409 51.194069 138.200000 0.000000 0.000000 1.000000 0.214335 0.799907
0 13.406827 50.034958 138.200000 0.000000 0.000000 1.000000 0.209482 0.781796
collar_bevel
0 13.406827 50.034958 138.200000 0.000000 0.000000 1.000000 0.209482 0.781796
0 13.717409 51.194069 138.200000 0.000000 0.000000 1.000000 0.214335 0.799907
0 -13.717409 51.194069 138.200000 0.000000 0.000000 1.000000 -0.214335 0.799907
collar_bevel
0 13.406827 50.034958 138.200000 0.000000 0.000000 1.000000 0.209482 0.781796
0 -13.717409 51.194069 138.200000 0.000000 0.000000 1.000000 -0.214335 0.799907
0 -13.406827 50.034958 138.200000 0.000000 0.000000 1.000000 -0.209482 0.781796
collar_bevel
0 -13.717409 51.194069 138.200000 -0.420380 0.728120 0.541408 -0.214335 2.159375
0 -13.924465 51.966809 137.000000 -0.420380 0.728120 0.541408 -0.217570 2.140625
0 -38.042345 38.042345 137.000000 -0.420380 0.728120 0.541408 -0.594412 2.140625
collar_bevel
0 -13.717409 51.194069 138.200000 -0.420380 0.728120 0.541408 -0.214335 2.159375
0 -38.042345 38.042345 137.000000 -0.420380 0.728120 0.541408 -0.594412 2.140625
0 -37.476659 37.476659 138.200000 -0.420380 0.728120 0.541408 -0.585573 2.159375
collar_bevel
0 -37.476659 37.476659 138.200000 -0.728120 0.420380 0.541408 0.585573 2.159375
0 -38.042345 38.042345 137.000000 -0.728120 0.420380 0.541408 0.594412 2.140625
0 -51.966809 13.924465 137.000000 -0.728120 0.420380 0.541408 0.217570 2.140625
collar_bevel
0 -37.476659 37.476659 138.200000 -0.728120 0.420380 0.541408 0.585573 2.159375
0 -51.966809 13.924465 137.000000 -0.728120 0.420380 0.541408 0.217570 2.140625
0 -51.194069 13.717409 138.200000 -0.728120 0.420380 0.541408 0.214335 2.159375
collar_bevel
0 -51.194069 13.717409 138.200000 -0.840760 0.000000 0.541408 0.214335 2.159375
0 -51.966809 13.924465 137.000000 -0.840760 0.000000 0.541408 0.217570 2.140625
0 -51.966809 -13.924465 137.000000 -0.840760 0.000000 0.541408 -0.217570 2.140625
collar_bevel
0 -51.194069 13.717409 138.200000 -0.840760 0.000000 0.541408 0.214335 2.159375
0 -51.966809 -13.924465 137.000000 -0.840760 0.000000 0.541408 -0.217570 2.140625
0 -51.194069 -13.717409 138.200000 -0.840760 0.000000 0.541408 -0.214335 2.159375
collar_bevel
0 -51.194069 -13.717409 138.200000 -0.728120 -0.420380 0.541408 -0.214335 2.159375
0 -51.966809 -13.924465 137.000000 -0.728120 -0.420380 0.541408 -0.217570 2.140625
0 -38.042345 -38.042345 137.000000 -0.728120 -0.420380 0.541408 -0.594412 2.140625
collar_bevel
0 -51.194069 -13.717409 138.200000 -0.728120 -0.420380 0.541408 -0.214335 2.159375
0 -38.042345 -38.042345 137.000000 -0.728120 -0.420380 0.541408 -0.594412 2.140625
0 -37.476659 -37.476659 138.200000 -0.728120 -0.420380 0.541408 -0.585573 2.159375
collar_bevel
0 -37.476659 -37.476659 138.200000 -0.420380 -0.728120 0.541408 -0.585573 2.159375
0 -38.042345 -38.042345 137.000000 -0.420380 -0.728120 0.541408 -0.594412 2.140625
0 -13.924465 -51.966809 137.000000 -0.420380 -0.728120 0.541408 -0.217570 2.140625
collar_bevel
0 -37.476659 -37.476659 138.200000 -0.420380 -0.728120 0.541408 -0.585573 2.159375
0 -13.924465 -51.966809 137.000000 -0.420380 -0.728120 0.541408 -0.217570 2.140625
0 -13.717409 -51.194069 138.200000 -0.420380 -0.728120 0.541408 -0.214335 2.159375
collar_bevel
0 -13.717409 -51.194069 138.200000 -0.000000 -0.840760 0.541408 -0.214335 2.159375
0 -13.924465 -51.966809 137.000000 -0.000000 -0.840760 0.541408 -0.217570 2.140625
0 13.924465 -51.966809 137.000000 -0.000000 -0.840760 0.541408 0.217570 2.140625
collar_bevel
0 -13.717409 -51.194069 138.200000 0.000000 -0.840760 0.541408 -0.214335 2.159375
0 13.924465 -51.966809 137.000000 0.000000 -0.840760 0.541408 0.217570 2.140625
0 13.717409 -51.194069 138.200000 0.000000 -0.840760 0.541408 0.214335 2.159375
collar_bevel
0 13.717409 -51.194069 138.200000 0.420380 -0.728120 0.541408 0.214335 2.159375
0 13.924465 -51.966809 137.000000 0.420380 -0.728120 0.541408 0.217570 2.140625
0 38.042345 -38.042345 137.000000 0.420380 -0.728120 0.541408 0.594412 2.140625
collar_bevel
0 13.717409 -51.194069 138.200000 0.420380 -0.728120 0.541408 0.214335 2.159375
0 38.042345 -38.042345 137.000000 0.420380 -0.728120 0.541408 0.594412 2.140625
0 37.476659 -37.476659 138.200000 0.420380 -0.728120 0.541408 0.585573 2.159375
collar_bevel
0 37.476659 -37.476659 138.200000 0.728120 -0.420380 0.541408 -0.585573 2.159375
0 38.042345 -38.042345 137.000000 0.728120 -0.420380 0.541408 -0.594412 2.140625
0 51.966809 -13.924465 137.000000 0.728120 -0.420380 0.541408 -0.217570 2.140625
collar_bevel
0 37.476659 -37.476659 138.200000 0.728120 -0.420380 0.541408 -0.585573 2.159375
0 51.966809 -13.924465 137.000000 0.728120 -0.420380 0.541408 -0.217570 2.140625
0 51.194069 -13.717409 138.200000 0.728120 -0.420380 0.541408 -0.214335 2.159375
collar_bevel
0 51.194069 -13.717409 138.200000 0.840760 -0.000000 0.541408 -0.214335 2.159375
0 51.966809 -13.924465 137.000000 0.840760 -0.000000 0.541408 -0.217570 2.140625
0 51.966809 13.924465 137.000000 0.840760 -0.000000 0.541408 0.217570 2.140625
collar_bevel
0 51.194069 -13.717409 138.200000 0.840760 -0.000000 0.541408 -0.214335 2.159375
0 51.966809 13.924465 137.000000 0.840760 -0.000000 0.541408 0.217570 2.140625
0 51.194069 13.717409 138.200000 0.840760 -0.000000 0.541408 0.214335 2.159375
collar_bevel
0 51.194069 13.717409 138.200000 0.728120 0.420380 0.541408 0.214335 2.159375
0 51.966809 13.924465 137.000000 0.728120 0.420380 0.541408 0.217570 2.140625
0 38.042345 38.042345 137.000000 0.728120 0.420380 0.541408 0.594412 2.140625
collar_bevel
0 51.194069 13.717409 138.200000 0.728120 0.420380 0.541408 0.214335 2.159375
0 38.042345 38.042345 137.000000 0.728120 0.420380 0.541408 0.594412 2.140625
0 37.476659 37.476659 138.200000 0.728120 0.420380 0.541408 0.585573 2.159375
collar_bevel
0 37.476659 37.476659 138.200000 0.420380 0.728120 0.541408 0.585573 2.159375
0 38.042345 38.042345 137.000000 0.420380 0.728120 0.541408 0.594412 2.140625
0 13.924465 51.966809 137.000000 0.420380 0.728120 0.541408 0.217570 2.140625
collar_bevel
0 37.476659 37.476659 138.200000 0.420380 0.728120 0.541408 0.585573 2.159375
0 13.924465 51.966809 137.000000 0.420380 0.728120 0.541408 0.217570 2.140625
0 13.717409 51.194069 138.200000 0.420380 0.728120 0.541408 0.214335 2.159375
collar_bevel
0 13.717409 51.194069 138.200000 0.000000 0.840760 0.541408 0.214335 2.159375
0 13.924465 51.966809 137.000000 0.000000 0.840760 0.541408 0.217570 2.140625
0 -13.924465 51.966809 137.000000 0.000000 0.840760 0.541408 -0.217570 2.140625
collar_bevel
0 13.717409 51.194069 138.200000 0.000000 0.840760 0.541408 0.214335 2.159375
0 -13.924465 51.966809 137.000000 0.000000 0.840760 0.541408 -0.217570 2.140625
0 -13.717409 51.194069 138.200000 0.000000 0.840760 0.541408 -0.214335 2.159375
collar_bevel
0 -13.924465 51.966809 137.000000 0.000000 0.000000 1.000000 -0.217570 0.811981
0 -14.364457 53.608883 137.000000 0.000000 0.000000 1.000000 -0.224445 0.837639
0 -39.244426 39.244426 137.000000 0.000000 0.000000 1.000000 -0.613194 0.613194
collar_bevel
0 -13.924465 51.966809 137.000000 0.000000 0.000000 1.000000 -0.217570 0.811981
0 -39.244426 39.244426 137.000000 0.000000 0.000000 1.000000 -0.613194 0.613194
0 -38.042345 38.042345 137.000000 0.000000 0.000000 1.000000 -0.594412 0.594412
collar_bevel
0 -38.042345 38.042345 137.000000 0.000000 0.000000 1.000000 -0.594412 0.594412
0 -39.244426 39.244426 137.000000 0.000000 0.000000 1.000000 -0.613194 0.613194
0 -53.608883 14.364457 137.000000 0.000000 0.000000 1.000000 -0.837639 0.224445
collar_bevel
0 -38.042345 38.042345 137.000000 0.000000 0.000000 1.000000 -0.594412 0.594412
0 -53.608883 14.364457 137.000000 0.000000 0.000000 1.000000 -0.837639 0.224445
0 -51.966809 13.924465 137.000000 0.000000 0.000000 1.000000 -0.811981 0.217570
collar_bevel
0 -51.966809 13.924465 137.000000 0.000000 0.000000 1.000000 -0.811981 0.217570
0 -53.608883 14.364457 137.000000 0.000000 0.000000 1.000000 -0.837639 0.224445
0 -53.608883 -14.364457 137.000000 0.000000 0.000000 1.000000 -0.837639 -0.224445
collar_bevel
0 -51.966809 13.924465 137.000000 0.000000 0.000000 1.000000 -0.811981 0.217570
0 -53.608883 -14.364457 137.000000 0.000000 0.000000 1.000000 -0.837639 -0.224445
0 -51.966809 -13.924465 137.000000 0.000000 0.000000 1.000000 -0.811981 -0.217570
collar_bevel
0 -51.966809 -13.924465 137.000000 0.000000 0.000000 1.000000 -0.811981 -0.217570
0 -53.608883 -14.364457 137.000000 0.000000 0.000000 1.000000 -0.837639 -0.224445
0 -39.244426 -39.244426 137.000000 0.000000 0.000000 1.000000 -0.613194 -0.613194
collar_bevel
0 -51.966809 -13.924465 137.000000 0.000000 0.000000 1.000000 -0.811981 -0.217570
0 -39.244426 -39.244426 137.000000 0.000000 0.000000 1.000000 -0.613194 -0.613194
0 -38.042345 -38.042345 137.000000 0.000000 0.000000 1.000000 -0.594412 -0.594412
collar_bevel
0 -38.042345 -38.042345 137.000000 0.000000 0.000000 1.000000 -0.594412 -0.594412
0 -39.244426 -39.244426 137.000000 0.000000 0.000000 1.000000 -0.613194 -0.613194
0 -14.364457 -53.608883 137.000000 0.000000 0.000000 1.000000 -0.224445 -0.837639
collar_bevel
0 -38.042345 -38.042345 137.000000 0.000000 0.000000 1.000000 -0.594412 -0.594412
0 -14.364457 -53.608883 137.000000 0.000000 0.000000 1.000000 -0.224445 -0.837639
0 -13.924465 -51.966809 137.000000 0.000000 0.000000 1.000000 -0.217570 -0.811981
collar_bevel
0 -13.924465 -51.966809 137.000000 0.000000 0.000000 1.000000 -0.217570 -0.811981
0 -14.364457 -53.608883 137.000000 0.000000 0.000000 1.000000 -0.224445 -0.837639
0 14.364457 -53.608883 137.000000 0.000000 0.000000 1.000000 0.224445 -0.837639
collar_bevel
0 -13.924465 -51.966809 137.000000 0.000000 0.000000 1.000000 -0.217570 -0.811981
0 14.364457 -53.608883 137.000000 0.000000 0.000000 1.000000 0.224445 -0.837639
0 13.924465 -51.966809 137.000000 0.000000 0.000000 1.000000 0.217570 -0.811981
collar_bevel
0 13.924465 -51.966809 137.000000 0.000000 0.000000 1.000000 0.217570 -0.811981
0 14.364457 -53.608883 137.000000 0.000000 0.000000 1.000000 0.224445 -0.837639
0 39.244426 -39.244426 137.000000 0.000000 0.000000 1.000000 0.613194 -0.613194
collar_bevel
0 13.924465 -51.966809 137.000000 0.000000 0.000000 1.000000 0.217570 -0.811981
0 39.244426 -39.244426 137.000000 0.000000 0.000000 1.000000 0.613194 -0.613194
0 38.042345 -38.042345 137.000000 0.000000 0.000000 1.000000 0.594412 -0.594412
collar_bevel
0 38.042345 -38.042345 137.000000 0.000000 0.000000 1.000000 0.594412 -0.594412
0 39.244426 -39.244426 137.000000 0.000000 0.000000 1.000000 0.613194 -0.613194
0 53.608883 -14.364457 137.000000 0.000000 0.000000 1.000000 0.837639 -0.224445
collar_bevel
0 38.042345 -38.042345 137.000000 0.000000 0.000000 1.000000 0.594412 -0.594412
0 53.608883 -14.364457 137.000000 0.000000 0.000000 1.000000 0.837639 -0.224445
0 51.966809 -13.924465 137.000000 0.000000 0.000000 1.000000 0.811981 -0.217570
collar_bevel
0 51.966809 -13.924465 137.000000 0.000000 0.000000 1.000000 0.811981 -0.217570
0 53.608883 -14.364457 137.000000 0.000000 0.000000 1.000000 0.837639 -0.224445
0 53.608883 14.364457 137.000000 0.000000 0.000000 1.000000 0.837639 0.224445
collar_bevel
0 51.966809 -13.924465 137.000000 0.000000 0.000000 1.000000 0.811981 -0.217570
0 53.608883 14.364457 137.000000 0.000000 0.000000 1.000000 0.837639 0.224445
0 51.966809 13.924465 137.000000 0.000000 0.000000 1.000000 0.811981 0.217570
collar_bevel
0 51.966809 13.924465 137.000000 0.000000 0.000000 1.000000 0.811981 0.217570
0 53.608883 14.364457 137.000000 0.000000 0.000000 1.000000 0.837639 0.224445
0 39.244426 39.244426 137.000000 0.000000 0.000000 1.000000 0.613194 0.613194
collar_bevel
0 51.966809 13.924465 137.000000 0.000000 0.000000 1.000000 0.811981 0.217570
0 39.244426 39.244426 137.000000 0.000000 0.000000 1.000000 0.613194 0.613194
0 38.042345 38.042345 137.000000 0.000000 0.000000 1.000000 0.594412 0.594412
collar_bevel
0 38.042345 38.042345 137.000000 0.000000 0.000000 1.000000 0.594412 0.594412
0 39.244426 39.244426 137.000000 0.000000 0.000000 1.000000 0.613194 0.613194
0 14.364457 53.608883 137.000000 0.000000 0.000000 1.000000 0.224445 0.837639
collar_bevel
0 38.042345 38.042345 137.000000 0.000000 0.000000 1.000000 0.594412 0.594412
0 14.364457 53.608883 137.000000 0.000000 0.000000 1.000000 0.224445 0.837639
0 13.924465 51.966809 137.000000 0.000000 0.000000 1.000000 0.217570 0.811981
collar_bevel
0 13.924465 51.966809 137.000000 0.000000 0.000000 1.000000 0.217570 0.811981
0 14.364457 53.608883 137.000000 0.000000 0.000000 1.000000 0.224445 0.837639
0 -14.364457 53.608883 137.000000 0.000000 0.000000 1.000000 -0.224445 0.837639
collar_bevel
0 13.924465 51.966809 137.000000 0.000000 0.000000 1.000000 0.217570 0.811981
0 -14.364457 53.608883 137.000000 0.000000 0.000000 1.000000 -0.224445 0.837639
0 -13.924465 51.966809 137.000000 0.000000 0.000000 1.000000 -0.217570 0.811981
collar_bevel
0 -14.364457 53.608883 137.000000 -0.486030 0.841828 0.234734 -0.224445 2.140625
0 -14.493867 54.091846 135.000000 -0.486030 0.841828 0.234734 -0.226467 2.109375
0 -39.597980 39.597980 135.000000 -0.486030 0.841828 0.234734 -0.618718 2.109375
collar_bevel
0 -14.364457 53.608883 137.000000 -0.486030 0.841828 0.234734 -0.224445 2.140625
0 -39.597980 39.597980 135.000000 -0.486030 0.841828 0.234734 -0.618718 2.109375
0 -39.244426 39.244426 137.000000 -0.486030 0.841828 0.234734 -0.613194 2.140625
collar_bevel
0 -39.244426 39.244426 137.000000 -0.841828 0.486030 0.234734 0.613194 2.140625
0 -39.597980 39.597980 135.000000 -0.841828 0.486030 0.234734 0.618718 2.109375
0 -54.091846 14.493867 135.000000 -0.841828 0.486030 0.234734 0.226467 2.109375
collar_bevel
0 -39.244426 39.244426 137.000000 -0.841828 0.486030 0.234734 0.613194 2.140625
0 -54.091846 14.493867 135.000000 -0.841828 0.486030 0.234734 0.226467 2.109375
0 -53.608883 14.364457 137.000000 -0.841828 0.486030 0.234734 0.224445 2.140625
collar_bevel
0 -53.608883 14.364457 137.000000 -0.972060 0.000000 0.234734 0.224445 2.140625
0 -54.091846 14.493867 135.000000 -0.972060 0.000000 0.234734 0.226467 2.109375
0 -54.091846 -14.493867 135.000000 -0.972060 0.000000 0.234734 -0.226467 2.109375
collar_bevel
0 -53.608883 14.364457 137.000000 -0.972060 0.000000 0.234734 0.224445 2.140625
0 -54.091846 -14.493867 135.000000 -0.972060 0.000000 0.234734 -0.226467 2.109375
0 -53.608883 -14.364457 137.000000 -0.972060 0.000000 0.234734 -0.224445 2.140625
collar_bevel
0 -53.608883 -14.364457 137.000000 -0.841828 -0.486030 0.234734 -0.224445 2.140625
0 -54.091846 -14.493867 135.000000 -0.841828 -0.486030 0.234734 -0.226467 2.109375
0 -39.597980 -39.597980 135.000000 -0.841828 -0.486030 0.234734 -0.618718 2.109375
collar_bevel
0 -53.608883 -14.364457 137.000000 -0.841828 -0.486030 0.234734 -0.224445 2.140625
0 -39.597980 -39.597980 135.000000 -0.841828 -0.486030 0.234734 -0.618718 2.109375
0 -39.244426 -39.244426 137.000000 -0.841828 -0.486030 0.234734 -0.613194 2.140625
collar_bevel
0 -39.244426 -39.244426 137.000000 -0.486030 -0.841828 0.234734 -0.613194 2.140625
0 -39.597980 -39.597980 135.000000 -0.486030 -0.841828 0.234734 -0.618718 2.109375
0 -14.493867 -54.091846 135.000000 -0.486030 -0.841828 0.234734 -0.226467 2.109375
collar_bevel
0 -39.244426 -39.244426 137.000000 -0.486030 -0.841828 0.234734 -0.613194 2.140625
0 -14.493867 -54.091846 135.000000 -0.486030 -0.841828 0.234734 -0.226467 2.109375
0 -14.364457 -53.608883 137.000000 -0.486030 -0.841828 0.234734 -0.224445 2.140625
collar_bevel
0 -14.364457 -53.608883 137.000000 0.000000 -0.972060 0.234734 -0.224445 2.140625
0 -14.493867 -54.091846 135.000000 0.000000 -0.972060 0.234734 -0.226467 2.109375
0 14.493867 -54.091846 135.000000 0.000000 -0.972060 0.234734 0.226467 2.109375
collar_bevel
0 -14.364457 -53.608883 137.000000 -0.000000 -0.972060 0.234734 -0.224445 2.140625
0 14.493867 -54.091846 135.000000 -0.000000 -0.972060 0.234734 0.226467 2.109375
0 14.364457 -53.608883 137.000000 -0.000000 -0.972060 0.234734 0.224445 2.140625
collar_bevel
0 14.364457 -53.608883 137.000000 0.486030 -0.841828 0.234734 0.224445 2.140625
0 14.493867 -54.091846 135.000000 0.486030 -0.841828 0.234734 0.226467 2.109375
0 39.597980 -39.597980 135.000000 0.486030 -0.841828 0.234734 0.618718 2.109375
collar_bevel
0 14.364457 -53.608883 137.000000 0.486030 -0.841828 0.234734 0.224445 2.140625
0 39.597980 -39.597980 135.000000 0.486030 -0.841828 0.234734 0.618718 2.109375
0 39.244426 -39.244426 137.000000 0.486030 -0.841828 0.234734 0.613194 2.140625
collar_bevel
0 39.244426 -39.244426 137.000000 0.841828 -0.486030 0.234734 -0.613194 2.140625
0 39.597980 -39.597980 135.000000 0.841828 -0.486030 0.234734 -0.618718 2.109375
0 54.091846 -14.493867 135.000000 0.841828 -0.486030 0.234734 -0.226467 2.109375
collar_bevel
0 39.244426 -39.244426 137.000000 0.841828 -0.486030 0.234734 -0.613194 2.140625
0 54.091846 -14.493867 135.000000 0.841828 -0.486030 0.234734 -0.226467 2.109375
0 53.608883 -14.364457 137.000000 0.841828 -0.486030 0.234734 -0.224445 2.140625
collar_bevel
0 53.608883 -14.364457 137.000000 0.972060 -0.000000 0.234734 -0.224445 2.140625
0 54.091846 -14.493867 135.000000 0.972060 -0.000000 0.234734 -0.226467 2.109375
0 54.091846 14.493867 135.000000 0.972060 -0.000000 0.234734 0.226467 2.109375
collar_bevel
0 53.608883 -14.364457 137.000000 0.972060 -0.000000 0.234734 -0.224445 2.140625
0 54.091846 14.493867 135.000000 0.972060 -0.000000 0.234734 0.226467 2.109375
0 53.608883 14.364457 137.000000 0.972060 -0.000000 0.234734 0.224445 2.140625
collar_bevel
0 53.608883 14.364457 137.000000 0.841828 0.486030 0.234734 0.224445 2.140625
0 54.091846 14.493867 135.000000 0.841828 0.486030 0.234734 0.226467 2.109375
0 39.597980 39.597980 135.000000 0.841828 0.486030 0.234734 0.618718 2.109375
collar_bevel
0 53.608883 14.364457 137.000000 0.841828 0.486030 0.234734 0.224445 2.140625
0 39.597980 39.597980 135.000000 0.841828 0.486030 0.234734 0.618718 2.109375
0 39.244426 39.244426 137.000000 0.841828 0.486030 0.234734 0.613194 2.140625
collar_bevel
0 39.244426 39.244426 137.000000 0.486030 0.841828 0.234734 0.613194 2.140625
0 39.597980 39.597980 135.000000 0.486030 0.841828 0.234734 0.618718 2.109375
0 14.493867 54.091846 135.000000 0.486030 0.841828 0.234734 0.226467 2.109375
collar_bevel
0 39.244426 39.244426 137.000000 0.486030 0.841828 0.234734 0.613194 2.140625
0 14.493867 54.091846 135.000000 0.486030 0.841828 0.234734 0.226467 2.109375
0 14.364457 53.608883 137.000000 0.486030 0.841828 0.234734 0.224445 2.140625
collar_bevel
0 14.364457 53.608883 137.000000 0.000000 0.972060 0.234734 0.224445 2.140625
0 14.493867 54.091846 135.000000 0.000000 0.972060 0.234734 0.226467 2.109375
0 -14.493867 54.091846 135.000000 0.000000 0.972060 0.234734 -0.226467 2.109375
collar_bevel
0 14.364457 53.608883 137.000000 0.000000 0.972060 0.234734 0.224445 2.140625
0 -14.493867 54.091846 135.000000 0.000000 0.972060 0.234734 -0.226467 2.109375
0 -14.364457 53.608883 137.000000 0.000000 0.972060 0.234734 -0.224445 2.140625
collar_orange
0 -14.493867 54.091846 135.000000 0.000000 0.000000 1.000000 -0.226467 0.845185
0 -16.564419 61.819253 135.000000 0.000000 0.000000 1.000000 -0.258819 0.965926
0 -45.254834 45.254834 135.000000 0.000000 0.000000 1.000000 -0.707107 0.707107
collar_orange
0 -14.493867 54.091846 135.000000 0.000000 0.000000 1.000000 -0.226467 0.845185
0 -45.254834 45.254834 135.000000 0.000000 0.000000 1.000000 -0.707107 0.707107
0 -39.597980 39.597980 135.000000 0.000000 0.000000 1.000000 -0.618718 0.618718
collar_orange
0 -39.597980 39.597980 135.000000 0.000000 0.000000 1.000000 -0.618718 0.618718
0 -45.254834 45.254834 135.000000 0.000000 0.000000 1.000000 -0.707107 0.707107
0 -61.819253 16.564419 135.000000 0.000000 0.000000 1.000000 -0.965926 0.258819
collar_orange
0 -39.597980 39.597980 135.000000 0.000000 0.000000 1.000000 -0.618718 0.618718
0 -61.819253 16.564419 135.000000 0.000000 0.000000 1.000000 -0.965926 0.258819
0 -54.091846 14.493867 135.000000 0.000000 0.000000 1.000000 -0.845185 0.226467
collar_orange
0 -54.091846 14.493867 135.000000 0.000000 0.000000 1.000000 -0.845185 0.226467
0 -61.819253 16.564419 135.000000 0.000000 0.000000 1.000000 -0.965926 0.258819
0 -61.819253 -16.564419 135.000000 0.000000 0.000000 1.000000 -0.965926 -0.258819
collar_orange
0 -54.091846 14.493867 135.000000 0.000000 0.000000 1.000000 -0.845185 0.226467
0 -61.819253 -16.564419 135.000000 0.000000 0.000000 1.000000 -0.965926 -0.258819
0 -54.091846 -14.493867 135.000000 0.000000 0.000000 1.000000 -0.845185 -0.226467
collar_orange
0 -54.091846 -14.493867 135.000000 0.000000 0.000000 1.000000 -0.845185 -0.226467
0 -61.819253 -16.564419 135.000000 0.000000 0.000000 1.000000 -0.965926 -0.258819
0 -45.254834 -45.254834 135.000000 0.000000 0.000000 1.000000 -0.707107 -0.707107
collar_orange
0 -54.091846 -14.493867 135.000000 0.000000 0.000000 1.000000 -0.845185 -0.226467
0 -45.254834 -45.254834 135.000000 0.000000 0.000000 1.000000 -0.707107 -0.707107
0 -39.597980 -39.597980 135.000000 0.000000 0.000000 1.000000 -0.618718 -0.618718
collar_orange
0 -39.597980 -39.597980 135.000000 0.000000 0.000000 1.000000 -0.618718 -0.618718
0 -45.254834 -45.254834 135.000000 0.000000 0.000000 1.000000 -0.707107 -0.707107
0 -16.564419 -61.819253 135.000000 0.000000 0.000000 1.000000 -0.258819 -0.965926
collar_orange
0 -39.597980 -39.597980 135.000000 0.000000 0.000000 1.000000 -0.618718 -0.618718
0 -16.564419 -61.819253 135.000000 0.000000 0.000000 1.000000 -0.258819 -0.965926
0 -14.493867 -54.091846 135.000000 0.000000 0.000000 1.000000 -0.226467 -0.845185
collar_orange
0 -14.493867 -54.091846 135.000000 0.000000 0.000000 1.000000 -0.226467 -0.845185
0 -16.564419 -61.819253 135.000000 0.000000 0.000000 1.000000 -0.258819 -0.965926
0 16.564419 -61.819253 135.000000 0.000000 0.000000 1.000000 0.258819 -0.965926
collar_orange
0 -14.493867 -54.091846 135.000000 0.000000 0.000000 1.000000 -0.226467 -0.845185
0 16.564419 -61.819253 135.000000 0.000000 0.000000 1.000000 0.258819 -0.965926
0 14.493867 -54.091846 135.000000 0.000000 0.000000 1.000000 0.226467 -0.845185
collar_orange
0 14.493867 -54.091846 135.000000 0.000000 0.000000 1.000000 0.226467 -0.845185
0 16.564419 -61.819253 135.000000 0.000000 0.000000 1.000000 0.258819 -0.965926
0 45.254834 -45.254834 135.000000 0.000000 0.000000 1.000000 0.707107 -0.707107
collar_orange
0 14.493867 -54.091846 135.000000 0.000000 0.000000 1.000000 0.226467 -0.845185
0 45.254834 -45.254834 135.000000 0.000000 0.000000 1.000000 0.707107 -0.707107
0 39.597980 -39.597980 135.000000 0.000000 0.000000 1.000000 0.618718 -0.618718
collar_orange
0 39.597980 -39.597980 135.000000 0.000000 0.000000 1.000000 0.618718 -0.618718
0 45.254834 -45.254834 135.000000 0.000000 0.000000 1.000000 0.707107 -0.707107
0 61.819253 -16.564419 135.000000 0.000000 0.000000 1.000000 0.965926 -0.258819
collar_orange
0 39.597980 -39.597980 135.000000 0.000000 0.000000 1.000000 0.618718 -0.618718
0 61.819253 -16.564419 135.000000 0.000000 0.000000 1.000000 0.965926 -0.258819
0 54.091846 -14.493867 135.000000 0.000000 0.000000 1.000000 0.845185 -0.226467
collar_orange
0 54.091846 -14.493867 135.000000 0.000000 0.000000 1.000000 0.845185 -0.226467
0 61.819253 -16.564419 135.000000 0.000000 0.000000 1.000000 0.965926 -0.258819
0 61.819253 16.564419 135.000000 0.000000 0.000000 1.000000 0.965926 0.258819
collar_orange
0 54.091846 -14.493867 135.000000 0.000000 0.000000 1.000000 0.845185 -0.226467
0 61.819253 16.564419 135.000000 0.000000 0.000000 1.000000 0.965926 0.258819
0 54.091846 14.493867 135.000000 0.000000 0.000000 1.000000 0.845185 0.226467
collar_orange
0 54.091846 14.493867 135.000000 0.000000 0.000000 1.000000 0.845185 0.226467
0 61.819253 16.564419 135.000000 0.000000 0.000000 1.000000 0.965926 0.258819
0 45.254834 45.254834 135.000000 0.000000 0.000000 1.000000 0.707107 0.707107
collar_orange
0 54.091846 14.493867 135.000000 0.000000 0.000000 1.000000 0.845185 0.226467
0 45.254834 45.254834 135.000000 0.000000 0.000000 1.000000 0.707107 0.707107
0 39.597980 39.597980 135.000000 0.000000 0.000000 1.000000 0.618718 0.618718
collar_orange
0 39.597980 39.597980 135.000000 0.000000 0.000000 1.000000 0.618718 0.618718
0 45.254834 45.254834 135.000000 0.000000 0.000000 1.000000 0.707107 0.707107
0 16.564419 61.819253 135.000000 0.000000 0.000000 1.000000 0.258819 0.965926
collar_orange
0 39.597980 39.597980 135.000000 0.000000 0.000000 1.000000 0.618718 0.618718
0 16.564419 61.819253 135.000000 0.000000 0.000000 1.000000 0.258819 0.965926
0 14.493867 54.091846 135.000000 0.000000 0.000000 1.000000 0.226467 0.845185
collar_orange
0 14.493867 54.091846 135.000000 0.000000 0.000000 1.000000 0.226467 0.845185
0 16.564419 61.819253 135.000000 0.000000 0.000000 1.000000 0.258819 0.965926
0 -16.564419 61.819253 135.000000 0.000000 0.000000 1.000000 -0.258819 0.965926
collar_orange
0 14.493867 54.091846 135.000000 0.000000 0.000000 1.000000 0.226467 0.845185
0 -16.564419 61.819253 135.000000 0.000000 0.000000 1.000000 -0.258819 0.965926
0 -14.493867 54.091846 135.000000 0.000000 0.000000 1.000000 -0.226467 0.845185
collar_dark
0 -16.564419 61.819253 135.000000 -0.500000 0.866025 0.000000 -0.258819 2.109375
0 -16.564419 61.819253 121.000000 -0.500000 0.866025 0.000000 -0.258819 1.890625
0 -45.254834 45.254834 121.000000 -0.500000 0.866025 0.000000 -0.707107 1.890625
collar_dark
0 -16.564419 61.819253 135.000000 -0.500000 0.866025 0.000000 -0.258819 2.109375
0 -45.254834 45.254834 121.000000 -0.500000 0.866025 0.000000 -0.707107 1.890625
0 -45.254834 45.254834 135.000000 -0.500000 0.866025 0.000000 -0.707107 2.109375
collar_dark
0 -45.254834 45.254834 135.000000 -0.866025 0.500000 0.000000 0.707107 2.109375
0 -45.254834 45.254834 121.000000 -0.866025 0.500000 0.000000 0.707107 1.890625
0 -61.819253 16.564419 121.000000 -0.866025 0.500000 0.000000 0.258819 1.890625
collar_dark
0 -45.254834 45.254834 135.000000 -0.866025 0.500000 0.000000 0.707107 2.109375
0 -61.819253 16.564419 121.000000 -0.866025 0.500000 0.000000 0.258819 1.890625
0 -61.819253 16.564419 135.000000 -0.866025 0.500000 0.000000 0.258819 2.109375
collar_dark
0 -61.819253 16.564419 135.000000 -1.000000 0.000000 0.000000 0.258819 2.109375
0 -61.819253 16.564419 121.000000 -1.000000 0.000000 0.000000 0.258819 1.890625
0 -61.819253 -16.564419 121.000000 -1.000000 0.000000 0.000000 -0.258819 1.890625
collar_dark
0 -61.819253 16.564419 135.000000 -1.000000 0.000000 0.000000 0.258819 2.109375
0 -61.819253 -16.564419 121.000000 -1.000000 0.000000 0.000000 -0.258819 1.890625
0 -61.819253 -16.564419 135.000000 -1.000000 0.000000 0.000000 -0.258819 2.109375
collar_dark
0 -61.819253 -16.564419 135.000000 -0.866025 -0.500000 0.000000 -0.258819 2.109375
0 -61.819253 -16.564419 121.000000 -0.866025 -0.500000 0.000000 -0.258819 1.890625
0 -45.254834 -45.254834 121.000000 -0.866025 -0.500000 0.000000 -0.707107 1.890625
collar_dark
0 -61.819253 -16.564419 135.000000 -0.866025 -0.500000 0.000000 -0.258819 2.109375
0 -45.254834 -45.254834 121.000000 -0.866025 -0.500000 0.000000 -0.707107 1.890625
0 -45.254834 -45.254834 135.000000 -0.866025 -0.500000 0.000000 -0.707107 2.109375
collar_dark
0 -45.254834 -45.254834 135.000000 -0.500000 -0.866025 0.000000 -0.707107 2.109375
0 -45.254834 -45.254834 121.000000 -0.500000 -0.866025 0.000000 -0.707107 1.890625
0 -16.564419 -61.819253 121.000000 -0.500000 -0.866025 0.000000 -0.258819 1.890625
collar_dark
0 -45.254834 -45.254834 135.000000 -0.500000 -0.866025 0.000000 -0.707107 2.109375
0 -16.564419 -61.819253 121.000000 -0.500000 -0.866025 0.000000 -0.258819 1.890625
0 -16.564419 -61.819253 135.000000 -0.500000 -0.866025 0.000000 -0.258819 2.109375
collar_dark
0 -16.564419 -61.819253 135.000000 -0.000000 -1.000000 0.000000 -0.258819 2.109375
0 -16.564419 -61.819253 121.000000 -0.000000 -1.000000 0.000000 -0.258819 1.890625
0 16.564419 -61.819253 121.000000 -0.000000 -1.000000 0.000000 0.258819 1.890625
collar_dark
0 -16.564419 -61.819253 135.000000 -0.000000 -1.000000 0.000000 -0.258819 2.109375
0 16.564419 -61.819253 121.000000 -0.000000 -1.000000 0.000000 0.258819 1.890625
0 16.564419 -61.819253 135.000000 -0.000000 -1.000000 0.000000 0.258819 2.109375
collar_dark
0 16.564419 -61.819253 135.000000 0.500000 -0.866025 0.000000 0.258819 2.109375
0 16.564419 -61.819253 121.000000 0.500000 -0.866025 0.000000 0.258819 1.890625
0 45.254834 -45.254834 121.000000 0.500000 -0.866025 0.000000 0.707107 1.890625
collar_dark
0 16.564419 -61.819253 135.000000 0.500000 -0.866025 0.000000 0.258819 2.109375
0 45.254834 -45.254834 121.000000 0.500000 -0.866025 0.000000 0.707107 1.890625
0 45.254834 -45.254834 135.000000 0.500000 -0.866025 0.000000 0.707107 2.109375
collar_dark
0 45.254834 -45.254834 135.000000 0.866025 -0.500000 0.000000 -0.707107 2.109375
0 45.254834 -45.254834 121.000000 0.866025 -0.500000 0.000000 -0.707107 1.890625
0 61.819253 -16.564419 121.000000 0.866025 -0.500000 0.000000 -0.258819 1.890625
collar_dark
0 45.254834 -45.254834 135.000000 0.866025 -0.500000 0.000000 -0.707107 2.109375
0 61.819253 -16.564419 121.000000 0.866025 -0.500000 0.000000 -0.258819 1.890625
0 61.819253 -16.564419 135.000000 0.866025 -0.500000 0.000000 -0.258819 2.109375
collar_dark
0 61.819253 -16.564419 135.000000 1.000000 -0.000000 0.000000 -0.258819 2.109375
0 61.819253 -16.564419 121.000000 1.000000 -0.000000 0.000000 -0.258819 1.890625
0 61.819253 16.564419 121.000000 1.000000 -0.000000 0.000000 0.258819 1.890625
collar_dark
0 61.819253 -16.564419 135.000000 1.000000 -0.000000 0.000000 -0.258819 2.109375
0 61.819253 16.564419 121.000000 1.000000 -0.000000 0.000000 0.258819 1.890625
0 61.819253 16.564419 135.000000 1.000000 -0.000000 0.000000 0.258819 2.109375
collar_dark
0 61.819253 16.564419 135.000000 0.866025 0.500000 0.000000 0.258819 2.109375
0 61.819253 16.564419 121.000000 0.866025 0.500000 0.000000 0.258819 1.890625
0 45.254834 45.254834 121.000000 0.866025 0.500000 0.000000 0.707107 1.890625
collar_dark
0 61.819253 16.564419 135.000000 0.866025 0.500000 0.000000 0.258819 2.109375
0 45.254834 45.254834 121.000000 0.866025 0.500000 0.000000 0.707107 1.890625
0 45.254834 45.254834 135.000000 0.866025 0.500000 0.000000 0.707107 2.109375
collar_dark
0 45.254834 45.254834 135.000000 0.500000 0.866025 0.000000 0.707107 2.109375
0 45.254834 45.254834 121.000000 0.500000 0.866025 0.000000 0.707107 1.890625
0 16.564419 61.819253 121.000000 0.500000 0.866025 0.000000 0.258819 1.890625
collar_dark
0 45.254834 45.254834 135.000000 0.500000 0.866025 0.000000 0.707107 2.109375
0 16.564419 61.819253 121.000000 0.500000 0.866025 0.000000 0.258819 1.890625
0 16.564419 61.819253 135.000000 0.500000 0.866025 0.000000 0.258819 2.109375
collar_dark
0 16.564419 61.819253 135.000000 0.000000 1.000000 0.000000 0.258819 2.109375
0 16.564419 61.819253 121.000000 0.000000 1.000000 0.000000 0.258819 1.890625
0 -16.564419 61.819253 121.000000 0.000000 1.000000 0.000000 -0.258819 1.890625
collar_dark
0 16.564419 61.819253 135.000000 0.000000 1.000000 0.000000 0.258819 2.109375
0 -16.564419 61.819253 121.000000 0.000000 1.000000 0.000000 -0.258819 1.890625
0 -16.564419 61.819253 135.000000 0.000000 1.000000 0.000000 -0.258819 2.109375
collar_dark
0 -128.000000 -37.800000 -37.800000 0.024541 0.000000 -0.999699 -2.000000 -0.590625
0 -128.000000 -34.200000 -37.800000 0.024541 0.000000 -0.999699 -2.000000 -0.534375
0 -119.864580 -34.200000 -37.600287 0.024541 0.000000 -0.999699 -1.872884 -0.534375
collar_dark
0 -128.000000 -37.800000 -37.800000 0.024541 0.000000 -0.999699 -2.000000 -0.590625
0 -119.864580 -34.200000 -37.600287 0.024541 0.000000 -0.999699 -1.872884 -0.534375
0 -119.864580 -37.800000 -37.600287 0.024541 0.000000 -0.999699 -1.872884 -0.590625
collar_dark
0 -128.000000 -34.200000 -37.800000 0.000000 1.000000 0.000000 -2.000000 -0.590625
0 -128.000000 -34.200000 -34.200000 0.000000 1.000000 0.000000 -2.000000 -0.534375
0 -120.041223 -34.200000 -34.004623 0.000000 1.000000 0.000000 -1.875644 -0.531322
collar_dark
0 -128.000000 -34.200000 -37.800000 0.000000 1.000000 0.000000 -2.000000 -0.590625
0 -120.041223 -34.200000 -34.004623 0.000000 1.000000 0.000000 -1.875644 -0.531322
0 -119.864580 -34.200000 -37.600287 0.000000 1.000000 0.000000 -1.872884 -0.587504
collar_dark
0 -128.000000 -34.200000 -34.200000 -0.024541 0.000000 0.999699 -2.000000 -0.534375
0 -128.000000 -37.800000 -34.200000 -0.024541 0.000000 0.999699 -2.000000 -0.590625
0 -120.041223 -37.800000 -34.004623 -0.024541 0.000000 0.999699 -1.875644 -0.590625
collar_dark
0 -128.000000 -34.200000 -34.200000 -0.024541 0.000000 0.999699 -2.000000 -0.534375
0 -120.041223 -37.800000 -34.004623 -0.024541 0.000000 0.999699 -1.875644 -0.590625
0 -120.041223 -34.200000 -34.004623 -0.024541 0.000000 0.999699 -1.875644 -0.534375
collar_dark
0 -128.000000 -37.800000 -34.200000 0.000000 -1.000000 0.000000 -2.000000 -0.534375
0 -128.000000 -37.800000 -37.800000 0.000000 -1.000000 0.000000 -2.000000 -0.590625
0 -119.864580 -37.800000 -37.600287 0.000000 -1.000000 0.000000 -1.872884 -0.587504
collar_dark
0 -128.000000 -37.800000 -34.200000 0.000000 -1.000000 0.000000 -2.000000 -0.534375
0 -119.864580 -37.800000 -37.600287 0.000000 -1.000000 0.000000 -1.872884 -0.587504
0 -120.041223 -37.800000 -34.004623 0.000000 -1.000000 0.000000 -1.875644 -0.531322
collar_dark
0 -128.000000 -37.800000 34.200000 0.024541 0.000000 -0.999699 -2.000000 -0.590625
0 -128.000000 -34.200000 34.200000 0.024541 0.000000 -0.999699 -2.000000 -0.534375
0 -123.397452 -34.200000 34.312986 0.024541 0.000000 -0.999699 -1.928085 -0.534375
collar_dark
0 -128.000000 -37.800000 34.200000 0.024541 0.000000 -0.999699 -2.000000 -0.590625
0 -123.397452 -34.200000 34.312986 0.024541 0.000000 -0.999699 -1.928085 -0.534375
0 -123.397452 -37.800000 34.312986 0.024541 0.000000 -0.999699 -1.928085 -0.590625
collar_dark
0 -128.000000 -34.200000 34.200000 0.000000 1.000000 0.000000 -2.000000 0.534375
0 -128.000000 -34.200000 37.800000 0.000000 1.000000 0.000000 -2.000000 0.590625
0 -123.574096 -34.200000 37.908650 0.000000 1.000000 0.000000 -1.930845 0.592323
collar_dark
0 -128.000000 -34.200000 34.200000 0.000000 1.000000 0.000000 -2.000000 0.534375
0 -123.574096 -34.200000 37.908650 0.000000 1.000000 0.000000 -1.930845 0.592323
0 -123.397452 -34.200000 34.312986 0.000000 1.000000 0.000000 -1.928085 0.536140
collar_dark
0 -128.000000 -34.200000 37.800000 -0.024541 0.000000 0.999699 -2.000000 -0.534375
0 -128.000000 -37.800000 37.800000 -0.024541 0.000000 0.999699 -2.000000 -0.590625
0 -123.574096 -37.800000 37.908650 -0.024541 0.000000 0.999699 -1.930845 -0.590625
collar_dark
0 -128.000000 -34.200000 37.800000 -0.024541 0.000000 0.999699 -2.000000 -0.534375
0 -123.574096 -37.800000 37.908650 -0.024541 0.000000 0.999699 -1.930845 -0.590625
0 -123.574096 -34.200000 37.908650 -0.024541 0.000000 0.999699 -1.930845 -0.534375
collar_dark
0 -128.000000 -37.800000 37.800000 0.000000 -1.000000 0.000000 -2.000000 0.590625
0 -128.000000 -37.800000 34.200000 0.000000 -1.000000 0.000000 -2.000000 0.534375
0 -123.397452 -37.800000 34.312986 0.000000 -1.000000 0.000000 -1.928085 0.536140
collar_dark
0 -128.000000 -37.800000 37.800000 0.000000 -1.000000 0.000000 -2.000000 0.590625
0 -123.397452 -37.800000 34.312986 0.000000 -1.000000 0.000000 -1.928085 0.536140
0 -123.574096 -37.800000 37.908650 0.000000 -1.000000 0.000000 -1.930845 0.592323
collar_dark
0 -128.000000 34.200000 -37.800000 0.024541 0.000000 -0.999699 -2.000000 0.534375
0 -128.000000 37.800000 -37.800000 0.024541 0.000000 -0.999699 -2.000000 0.590625
0 -119.864580 37.800000 -37.600287 0.024541 0.000000 -0.999699 -1.872884 0.590625
collar_dark
0 -128.000000 34.200000 -37.800000 0.024541 0.000000 -0.999699 -2.000000 0.534375
0 -119.864580 37.800000 -37.600287 0.024541 0.000000 -0.999699 -1.872884 0.590625
0 -119.864580 34.200000 -37.600287 0.024541 0.000000 -0.999699 -1.872884 0.534375
collar_dark
0 -128.000000 37.800000 -37.800000 0.000000 1.000000 0.000000 -2.000000 -0.590625
0 -128.000000 37.800000 -34.200000 0.000000 1.000000 0.000000 -2.000000 -0.534375
0 -120.041223 37.800000 -34.004623 0.000000 1.000000 0.000000 -1.875644 -0.531322
collar_dark
0 -128.000000 37.800000 -37.800000 0.000000 1.000000 0.000000 -2.000000 -0.590625
0 -120.041223 37.800000 -34.004623 0.000000 1.000000 0.000000 -1.875644 -0.531322
0 -119.864580 37.800000 -37.600287 0.000000 1.000000 0.000000 -1.872884 -0.587504
collar_dark
0 -128.000000 37.800000 -34.200000 -0.024541 0.000000 0.999699 -2.000000 0.590625
0 -128.000000 34.200000 -34.200000 -0.024541 0.000000 0.999699 -2.000000 0.534375
0 -120.041223 34.200000 -34.004623 -0.024541 0.000000 0.999699 -1.875644 0.534375
collar_dark
0 -128.000000 37.800000 -34.200000 -0.024541 0.000000 0.999699 -2.000000 0.590625
0 -120.041223 34.200000 -34.004623 -0.024541 0.000000 0.999699 -1.875644 0.534375
0 -120.041223 37.800000 -34.004623 -0.024541 0.000000 0.999699 -1.875644 0.590625
collar_dark
0 -128.000000 34.200000 -34.200000 0.000000 -1.000000 0.000000 -2.000000 -0.534375
0 -128.000000 34.200000 -37.800000 0.000000 -1.000000 0.000000 -2.000000 -0.590625
0 -119.864580 34.200000 -37.600287 0.000000 -1.000000 0.000000 -1.872884 -0.587504
collar_dark
0 -128.000000 34.200000 -34.200000 0.000000 -1.000000 0.000000 -2.000000 -0.534375
0 -119.864580 34.200000 -37.600287 0.000000 -1.000000 0.000000 -1.872884 -0.587504
0 -120.041223 34.200000 -34.004623 0.000000 -1.000000 0.000000 -1.875644 -0.531322
collar_dark
0 -128.000000 34.200000 34.200000 0.024541 0.000000 -0.999699 -2.000000 0.534375
0 -128.000000 37.800000 34.200000 0.024541 0.000000 -0.999699 -2.000000 0.590625
0 -123.397452 37.800000 34.312986 0.024541 0.000000 -0.999699 -1.928085 0.590625
collar_dark
0 -128.000000 34.200000 34.200000 0.024541 0.000000 -0.999699 -2.000000 0.534375
0 -123.397452 37.800000 34.312986 0.024541 0.000000 -0.999699 -1.928085 0.590625
0 -123.397452 34.200000 34.312986 0.024541 0.000000 -0.999699 -1.928085 0.534375
collar_dark
0 -128.000000 37.800000 34.200000 0.000000 1.000000 0.000000 -2.000000 0.534375
0 -128.000000 37.800000 37.800000 0.000000 1.000000 0.000000 -2.000000 0.590625
0 -123.574096 37.800000 37.908650 0.000000 1.000000 0.000000 -1.930845 0.592323
collar_dark
0 -128.000000 37.800000 34.200000 0.000000 1.000000 0.000000 -2.000000 0.534375
0 -123.574096 37.800000 37.908650 0.000000 1.000000 0.000000 -1.930845 0.592323
0 -123.397452 37.800000 34.312986 0.000000 1.000000 0.000000 -1.928085 0.536140
collar_dark
0 -128.000000 37.800000 37.800000 -0.024541 0.000000 0.999699 -2.000000 0.590625
0 -128.000000 34.200000 37.800000 -0.024541 0.000000 0.999699 -2.000000 0.534375
0 -123.574096 34.200000 37.908650 -0.024541 0.000000 0.999699 -1.930845 0.534375
collar_dark
0 -128.000000 37.800000 37.800000 -0.024541 0.000000 0.999699 -2.000000 0.590625
0 -123.574096 34.200000 37.908650 -0.024541 0.000000 0.999699 -1.930845 0.534375
0 -123.574096 37.800000 37.908650 -0.024541 0.000000 0.999699 -1.930845 0.590625
collar_dark
0 -128.000000 34.200000 37.800000 0.000000 -1.000000 0.000000 -2.000000 0.590625
0 -128.000000 34.200000 34.200000 0.000000 -1.000000 0.000000 -2.000000 0.534375
0 -123.397452 34.200000 34.312986 0.000000 -1.000000 0.000000 -1.928085 0.536140
collar_dark
0 -128.000000 34.200000 37.800000 0.000000 -1.000000 0.000000 -2.000000 0.590625
0 -123.397452 34.200000 34.312986 0.000000 -1.000000 0.000000 -1.928085 0.536140
0 -123.574096 34.200000 37.908650 0.000000 -1.000000 0.000000 -1.930845 0.592323
glass
0 -128.000000 48.296291 12.940952 -0.012273 0.865960 0.499962 -2.000000 0.202202
0 -128.000000 35.355339 35.355339 -0.012273 0.865960 0.499962 -2.000000 0.552427
0 -123.454142 35.355339 35.466934 -0.012273 0.865960 0.499962 -1.928971 0.554171
glass
0 -128.000000 48.296291 12.940952 -0.012273 0.865960 0.499962 -2.000000 0.202202
0 -123.454142 35.355339 35.466934 -0.012273 0.865960 0.499962 -1.928971 0.554171
0 -122.354320 48.296291 13.079546 -0.012273 0.865960 0.499962 -1.911786 0.204368
glass
0 -128.000000 35.355339 35.355339 -0.021255 0.499887 0.865830 -2.000000 0.552427
0 -128.000000 12.940952 48.296291 -0.021255 0.499887 0.865830 -2.000000 0.202202
0 -124.089124 12.940952 48.392298 -0.021255 0.499887 0.865830 -1.938893 0.202202
glass
0 -128.000000 35.355339 35.355339 -0.021255 0.499887 0.865830 -2.000000 0.552427
0 -124.089124 12.940952 48.392298 -0.021255 0.499887 0.865830 -1.938893 0.202202
0 -123.454142 35.355339 35.466934 -0.021255 0.499887 0.865830 -1.928971 0.552427
glass
0 -128.000000 12.940952 48.296291 -0.024541 0.000000 0.999699 -2.000000 0.202202
0 -128.000000 -12.940952 48.296291 -0.024541 0.000000 0.999699 -2.000000 -0.202202
0 -124.089124 -12.940952 48.392298 -0.024541 0.000000 0.999699 -1.938893 -0.202202
glass
0 -128.000000 12.940952 48.296291 -0.024541 0.000000 0.999699 -2.000000 0.202202
0 -124.089124 -12.940952 48.392298 -0.024541 0.000000 0.999699 -1.938893 -0.202202
0 -124.089124 12.940952 48.392298 -0.024541 0.000000 0.999699 -1.938893 0.202202
glass
0 -128.000000 -12.940952 48.296291 -0.021255 -0.499887 0.865830 -2.000000 -0.202202
0 -128.000000 -35.355339 35.355339 -0.021255 -0.499887 0.865830 -2.000000 -0.552427
0 -123.454142 -35.355339 35.466934 -0.021255 -0.499887 0.865830 -1.928971 -0.552427
glass
0 -128.000000 -12.940952 48.296291 -0.021255 -0.499887 0.865830 -2.000000 -0.202202
0 -123.454142 -35.355339 35.466934 -0.021255 -0.499887 0.865830 -1.928971 -0.552427
0 -124.089124 -12.940952 48.392298 -0.021255 -0.499887 0.865830 -1.938893 -0.202202
glass
0 -128.000000 -35.355339 35.355339 -0.012273 -0.865960 0.499962 -2.000000 0.552427
0 -128.000000 -48.296291 12.940952 -0.012273 -0.865960 0.499962 -2.000000 0.202202
0 -122.354320 -48.296291 13.079546 -0.012273 -0.865960 0.499962 -1.911786 0.204368
glass
0 -128.000000 -35.355339 35.355339 -0.012273 -0.865960 0.499962 -2.000000 0.552427
0 -122.354320 -48.296291 13.079546 -0.012273 -0.865960 0.499962 -1.911786 0.204368
0 -123.454142 -35.355339 35.466934 -0.012273 -0.865960 0.499962 -1.928971 0.554171
glass
0 -128.000000 -48.296291 12.940952 0.000000 -1.000000 0.000000 -2.000000 0.202202
0 -128.000000 -48.296291 -12.940952 0.000000 -1.000000 0.000000 -2.000000 -0.202202
0 -121.084355 -48.296291 -12.771183 0.000000 -1.000000 0.000000 -1.891943 -0.199550
glass
0 -128.000000 -48.296291 12.940952 0.000000 -1.000000 0.000000 -2.000000 0.202202
0 -121.084355 -48.296291 -12.771183 0.000000 -1.000000 0.000000 -1.891943 -0.199550
0 -122.354320 -48.296291 13.079546 0.000000 -1.000000 0.000000 -1.911786 0.204368
glass
0 -128.000000 -48.296291 -12.940952 0.012273 -0.865960 -0.499962 -2.000000 -0.202202
0 -128.000000 -35.355339 -35.355339 0.012273 -0.865960 -0.499962 -2.000000 -0.552427
0 -119.984533 -35.355339 -35.158570 0.012273 -0.865960 -0.499962 -1.874758 -0.549353
glass
0 -128.000000 -48.296291 -12.940952 0.012273 -0.865960 -0.499962 -2.000000 -0.202202
0 -119.984533 -35.355339 -35.158570 0.012273 -0.865960 -0.499962 -1.874758 -0.549353
0 -121.084355 -48.296291 -12.771183 0.012273 -0.865960 -0.499962 -1.891943 -0.199550
glass
0 -128.000000 -35.355339 -35.355339 0.021255 -0.499887 -0.865830 -2.000000 -0.552427
0 -128.000000 -12.940952 -48.296291 0.021255 -0.499887 -0.865830 -2.000000 -0.202202
0 -119.349551 -12.940952 -48.083935 0.021255 -0.499887 -0.865830 -1.864837 -0.202202
glass
0 -128.000000 -35.355339 -35.355339 0.021255 -0.499887 -0.865830 -2.000000 -0.552427
0 -119.349551 -12.940952 -48.083935 0.021255 -0.499887 -0.865830 -1.864837 -0.202202
0 -119.984533 -35.355339 -35.158570 0.021255 -0.499887 -0.865830 -1.874758 -0.552427
glass
0 -128.000000 -12.940952 -48.296291 0.024541 -0.000000 -0.999699 -2.000000 -0.202202
0 -128.000000 12.940952 -48.296291 0.024541 -0.000000 -0.999699 -2.000000 0.202202
0 -119.349551 12.940952 -48.083935 0.024541 -0.000000 -0.999699 -1.864837 0.202202
glass
0 -128.000000 -12.940952 -48.296291 0.024541 -0.000000 -0.999699 -2.000000 -0.202202
0 -119.349551 12.940952 -48.083935 0.024541 -0.000000 -0.999699 -1.864837 0.202202
0 -119.349551 -12.940952 -48.083935 0.024541 -0.000000 -0.999699 -1.864837 -0.202202
glass
0 -128.000000 12.940952 -48.296291 0.021255 0.499887 -0.865830 -2.000000 0.202202
0 -128.000000 35.355339 -35.355339 0.021255 0.499887 -0.865830 -2.000000 0.552427
0 -119.984533 35.355339 -35.158570 0.021255 0.499887 -0.865830 -1.874758 0.552427
glass
0 -128.000000 12.940952 -48.296291 0.021255 0.499887 -0.865830 -2.000000 0.202202
0 -119.984533 35.355339 -35.158570 0.021255 0.499887 -0.865830 -1.874758 0.552427
0 -119.349551 12.940952 -48.083935 0.021255 0.499887 -0.865830 -1.864837 0.202202
glass
0 -128.000000 35.355339 -35.355339 0.012273 0.865960 -0.499962 -2.000000 -0.552427
0 -128.000000 48.296291 -12.940952 0.012273 0.865960 -0.499962 -2.000000 -0.202202
0 -121.084355 48.296291 -12.771183 0.012273 0.865960 -0.499962 -1.891943 -0.199550
glass
0 -128.000000 35.355339 -35.355339 0.012273 0.865960 -0.499962 -2.000000 -0.552427
0 -121.084355 48.296291 -12.771183 0.012273 0.865960 -0.499962 -1.891943 -0.199550
0 -119.984533 35.355339 -35.158570 0.012273 0.865960 -0.499962 -1.874758 -0.549353
glass
0 -128.000000 48.296291 -12.940952 0.000000 1.000000 -0.000000 -2.000000 -0.202202
0 -128.000000 48.296291 12.940952 0.000000 1.000000 -0.000000 -2.000000 0.202202
0 -122.354320 48.296291 13.079546 0.000000 1.000000 -0.000000 -1.911786 0.204368
glass
0 -128.000000 48.296291 -12.940952 0.000000 1.000000 -0.000000 -2.000000 -0.202202
0 -122.354320 48.296291 13.079546 0.000000 1.000000 -0.000000 -1.911786 0.204368
0 -121.084355 48.296291 -12.771183 0.000000 1.000000 -0.000000 -1.891943 -0.199550
collar_dark
0 -119.864580 -37.800000 -37.600287 0.073565 0.000000 -0.997290 -1.872884 -0.590625
0 -119.864580 -34.200000 -37.600287 0.073565 0.000000 -0.997290 -1.872884 -0.534375
0 -111.748758 -34.200000 -37.001628 0.073565 0.000000 -0.997290 -1.746074 -0.534375
collar_dark
0 -119.864580 -37.800000 -37.600287 0.073565 0.000000 -0.997290 -1.872884 -0.590625
0 -111.748758 -34.200000 -37.001628 0.073565 0.000000 -0.997290 -1.746074 -0.534375
0 -111.748758 -37.800000 -37.001628 0.073565 0.000000 -0.997290 -1.746074 -0.590625
collar_dark
0 -119.864580 -34.200000 -37.600287 0.000000 1.000000 0.000000 -1.872884 -0.587504
0 -120.041223 -34.200000 -34.004623 0.000000 1.000000 0.000000 -1.875644 -0.531322
0 -112.101620 -34.200000 -33.418963 0.000000 1.000000 0.000000 -1.751588 -0.522171
collar_dark
0 -119.864580 -34.200000 -37.600287 0.000000 1.000000 0.000000 -1.872884 -0.587504
0 -112.101620 -34.200000 -33.418963 0.000000 1.000000 0.000000 -1.751588 -0.522171
0 -111.748758 -34.200000 -37.001628 0.000000 1.000000 0.000000 -1.746074 -0.578150
collar_dark
0 -120.041223 -34.200000 -34.004623 -0.073565 0.000000 0.997290 -1.875644 -0.534375
0 -120.041223 -37.800000 -34.004623 -0.073565 0.000000 0.997290 -1.875644 -0.590625
0 -112.101620 -37.800000 -33.418963 -0.073565 0.000000 0.997290 -1.751588 -0.590625
collar_dark
0 -120.041223 -34.200000 -34.004623 -0.073565 0.000000 0.997290 -1.875644 -0.534375
0 -112.101620 -37.800000 -33.418963 -0.073565 0.000000 0.997290 -1.751588 -0.590625
0 -112.101620 -34.200000 -33.418963 -0.073565 0.000000 0.997290 -1.751588 -0.534375
collar_dark
0 -120.041223 -37.800000 -34.004623 0.000000 -1.000000 0.000000 -1.875644 -0.531322
0 -119.864580 -37.800000 -37.600287 0.000000 -1.000000 0.000000 -1.872884 -0.587504
0 -111.748758 -37.800000 -37.001628 0.000000 -1.000000 0.000000 -1.746074 -0.578150
collar_dark
0 -120.041223 -37.800000 -34.004623 0.000000 -1.000000 0.000000 -1.875644 -0.531322
0 -111.748758 -37.800000 -37.001628 0.000000 -1.000000 0.000000 -1.746074 -0.578150
0 -112.101620 -37.800000 -33.418963 0.000000 -1.000000 0.000000 -1.751588 -0.522171
collar_dark
0 -123.397452 -37.800000 34.312986 0.073565 0.000000 -0.997290 -1.928085 -0.590625
0 -123.397452 -34.200000 34.312986 0.073565 0.000000 -0.997290 -1.928085 -0.534375
0 -118.805992 -34.200000 34.651673 0.073565 0.000000 -0.997290 -1.856344 -0.534375
collar_dark
0 -123.397452 -37.800000 34.312986 0.073565 0.000000 -0.997290 -1.928085 -0.590625
0 -118.805992 -34.200000 34.651673 0.073565 0.000000 -0.997290 -1.856344 -0.534375
0 -118.805992 -37.800000 34.651673 0.073565 0.000000 -0.997290 -1.856344 -0.590625
collar_dark
0 -123.397452 -34.200000 34.312986 0.000000 1.000000 0.000000 -1.928085 0.536140
0 -123.574096 -34.200000 37.908650 0.000000 1.000000 0.000000 -1.930845 0.592323
0 -119.158854 -34.200000 38.234338 0.000000 1.000000 0.000000 -1.861857 0.597412
collar_dark
0 -123.397452 -34.200000 34.312986 0.000000 1.000000 0.000000 -1.928085 0.536140
0 -119.158854 -34.200000 38.234338 0.000000 1.000000 0.000000 -1.861857 0.597412
0 -118.805992 -34.200000 34.651673 0.000000 1.000000 0.000000 -1.856344 0.541432
collar_dark
0 -123.574096 -34.200000 37.908650 -0.073565 0.000000 0.997290 -1.930845 -0.534375
0 -123.574096 -37.800000 37.908650 -0.073565 0.000000 0.997290 -1.930845 -0.590625
0 -119.158854 -37.800000 38.234338 -0.073565 0.000000 0.997290 -1.861857 -0.590625
collar_dark
0 -123.574096 -34.200000 37.908650 -0.073565 0.000000 0.997290 -1.930845 -0.534375
0 -119.158854 -37.800000 38.234338 -0.073565 0.000000 0.997290 -1.861857 -0.590625
0 -119.158854 -34.200000 38.234338 -0.073565 0.000000 0.997290 -1.861857 -0.534375
collar_dark
0 -123.574096 -37.800000 37.908650 0.000000 -1.000000 0.000000 -1.930845 0.592323
0 -123.397452 -37.800000 34.312986 0.000000 -1.000000 0.000000 -1.928085 0.536140
0 -118.805992 -37.800000 34.651673 0.000000 -1.000000 0.000000 -1.856344 0.541432
collar_dark
0 -123.574096 -37.800000 37.908650 0.000000 -1.000000 0.000000 -1.930845 0.592323
0 -118.805992 -37.800000 34.651673 0.000000 -1.000000 0.000000 -1.856344 0.541432
0 -119.158854 -37.800000 38.234338 0.000000 -1.000000 0.000000 -1.861857 0.597412
collar_dark
0 -119.864580 34.200000 -37.600287 0.073565 0.000000 -0.997290 -1.872884 0.534375
0 -119.864580 37.800000 -37.600287 0.073565 0.000000 -0.997290 -1.872884 0.590625
0 -111.748758 37.800000 -37.001628 0.073565 0.000000 -0.997290 -1.746074 0.590625
collar_dark
0 -119.864580 34.200000 -37.600287 0.073565 0.000000 -0.997290 -1.872884 0.534375
0 -111.748758 37.800000 -37.001628 0.073565 0.000000 -0.997290 -1.746074 0.590625
0 -111.748758 34.200000 -37.001628 0.073565 0.000000 -0.997290 -1.746074 0.534375
collar_dark
0 -119.864580 37.800000 -37.600287 0.000000 1.000000 0.000000 -1.872884 -0.587504
0 -120.041223 37.800000 -34.004623 0.000000 1.000000 0.000000 -1.875644 -0.531322
0 -112.101620 37.800000 -33.418963 0.000000 1.000000 0.000000 -1.751588 -0.522171
collar_dark
0 -119.864580 37.800000 -37.600287 0.000000 1.000000 0.000000 -1.872884 -0.587504
0 -112.101620 37.800000 -33.418963 0.000000 1.000000 0.000000 -1.751588 -0.522171
0 -111.748758 37.800000 -37.001628 0.000000 1.000000 0.000000 -1.746074 -0.578150
collar_dark
0 -120.041223 37.800000 -34.004623 -0.073565 0.000000 0.997290 -1.875644 0.590625
0 -120.041223 34.200000 -34.004623 -0.073565 0.000000 0.997290 -1.875644 0.534375
0 -112.101620 34.200000 -33.418963 -0.073565 0.000000 0.997290 -1.751588 0.534375
collar_dark
0 -120.041223 37.800000 -34.004623 -0.073565 0.000000 0.997290 -1.875644 0.590625
0 -112.101620 34.200000 -33.418963 -0.073565 0.000000 0.997290 -1.751588 0.534375
0 -112.101620 37.800000 -33.418963 -0.073565 0.000000 0.997290 -1.751588 0.590625
collar_dark
0 -120.041223 34.200000 -34.004623 0.000000 -1.000000 0.000000 -1.875644 -0.531322
0 -119.864580 34.200000 -37.600287 0.000000 -1.000000 0.000000 -1.872884 -0.587504
0 -111.748758 34.200000 -37.001628 0.000000 -1.000000 0.000000 -1.746074 -0.578150
collar_dark
0 -120.041223 34.200000 -34.004623 0.000000 -1.000000 0.000000 -1.875644 -0.531322
0 -111.748758 34.200000 -37.001628 0.000000 -1.000000 0.000000 -1.746074 -0.578150
0 -112.101620 34.200000 -33.418963 0.000000 -1.000000 0.000000 -1.751588 -0.522171
collar_dark
0 -123.397452 34.200000 34.312986 0.073565 0.000000 -0.997290 -1.928085 0.534375
0 -123.397452 37.800000 34.312986 0.073565 0.000000 -0.997290 -1.928085 0.590625
0 -118.805992 37.800000 34.651673 0.073565 0.000000 -0.997290 -1.856344 0.590625
collar_dark
0 -123.397452 34.200000 34.312986 0.073565 0.000000 -0.997290 -1.928085 0.534375
0 -118.805992 37.800000 34.651673 0.073565 0.000000 -0.997290 -1.856344 0.590625
0 -118.805992 34.200000 34.651673 0.073565 0.000000 -0.997290 -1.856344 0.534375
collar_dark
0 -123.397452 37.800000 34.312986 0.000000 1.000000 0.000000 -1.928085 0.536140
0 -123.574096 37.800000 37.908650 0.000000 1.000000 0.000000 -1.930845 0.592323
0 -119.158854 37.800000 38.234338 0.000000 1.000000 0.000000 -1.861857 0.597412
collar_dark
0 -123.397452 37.800000 34.312986 0.000000 1.000000 0.000000 -1.928085 0.536140
0 -119.158854 37.800000 38.234338 0.000000 1.000000 0.000000 -1.861857 0.597412
0 -118.805992 37.800000 34.651673 0.000000 1.000000 0.000000 -1.856344 0.541432
collar_dark
0 -123.574096 37.800000 37.908650 -0.073565 0.000000 0.997290 -1.930845 0.590625
0 -123.574096 34.200000 37.908650 -0.073565 0.000000 0.997290 -1.930845 0.534375
0 -119.158854 34.200000 38.234338 -0.073565 0.000000 0.997290 -1.861857 0.534375
collar_dark
0 -123.574096 37.800000 37.908650 -0.073565 0.000000 0.997290 -1.930845 0.590625
0 -119.158854 34.200000 38.234338 -0.073565 0.000000 0.997290 -1.861857 0.534375
0 -119.158854 37.800000 38.234338 -0.073565 0.000000 0.997290 -1.861857 0.590625
collar_dark
0 -123.574096 34.200000 37.908650 0.000000 -1.000000 0.000000 -1.930845 0.592323
0 -123.397452 34.200000 34.312986 0.000000 -1.000000 0.000000 -1.928085 0.536140
0 -118.805992 34.200000 34.651673 0.000000 -1.000000 0.000000 -1.856344 0.541432
collar_dark
0 -123.574096 34.200000 37.908650 0.000000 -1.000000 0.000000 -1.930845 0.592323
0 -118.805992 34.200000 34.651673 0.000000 -1.000000 0.000000 -1.856344 0.541432
0 -119.158854 34.200000 38.234338 0.000000 -1.000000 0.000000 -1.861857 0.597412
glass
0 -122.354320 48.296291 13.079546 -0.036791 0.865960 0.498758 -1.911786 0.204368
0 -123.454142 35.355339 35.466934 -0.036791 0.865960 0.498758 -1.928971 0.554171
0 -118.919235 35.355339 35.801448 -0.036791 0.865960 0.498758 -1.858113 0.559398
glass
0 -122.354320 48.296291 13.079546 -0.036791 0.865960 0.498758 -1.911786 0.204368
0 -118.919235 35.355339 35.801448 -0.036791 0.865960 0.498758 -1.858113 0.559398
0 -116.722241 48.296291 13.494993 -0.036791 0.865960 0.498758 -1.823785 0.210859
glass
0 -123.454142 35.355339 35.466934 -0.063714 0.499887 0.863744 -1.928971 0.552427
0 -124.089124 12.940952 48.392298 -0.063714 0.499887 0.863744 -1.938893 0.202202
0 -120.187670 12.940952 48.680086 -0.063714 0.499887 0.863744 -1.877932 0.202202
glass
0 -123.454142 35.355339 35.466934 -0.063714 0.499887 0.863744 -1.928971 0.552427
0 -120.187670 12.940952 48.680086 -0.063714 0.499887 0.863744 -1.877932 0.202202
0 -118.919235 35.355339 35.801448 -0.063714 0.499887 0.863744 -1.858113 0.552427
glass
0 -124.089124 12.940952 48.392298 -0.073565 0.000000 0.997290 -1.938893 0.202202
0 -124.089124 -12.940952 48.392298 -0.073565 0.000000 0.997290 -1.938893 -0.202202
0 -120.187670 -12.940952 48.680086 -0.073565 0.000000 0.997290 -1.877932 -0.202202
glass
0 -124.089124 12.940952 48.392298 -0.073565 0.000000 0.997290 -1.938893 0.202202
0 -120.187670 -12.940952 48.680086 -0.073565 0.000000 0.997290 -1.877932 -0.202202
0 -120.187670 12.940952 48.680086 -0.073565 0.000000 0.997290 -1.877932 0.202202
glass
0 -124.089124 -12.940952 48.392298 -0.063714 -0.499887 0.863744 -1.938893 -0.202202
0 -123.454142 -35.355339 35.466934 -0.063714 -0.499887 0.863744 -1.928971 -0.552427
0 -118.919235 -35.355339 35.801448 -0.063714 -0.499887 0.863744 -1.858113 -0.552427
glass
0 -124.089124 -12.940952 48.392298 -0.063714 -0.499887 0.863744 -1.938893 -0.202202
0 -118.919235 -35.355339 35.801448 -0.063714 -0.499887 0.863744 -1.858113 -0.552427
0 -120.187670 -12.940952 48.680086 -0.063714 -0.499887 0.863744 -1.877932 -0.202202
glass
0 -123.454142 -35.355339 35.466934 -0.036791 -0.865960 0.498758 -1.928971 0.554171
0 -122.354320 -48.296291 13.079546 -0.036791 -0.865960 0.498758 -1.911786 0.204368
0 -116.722241 -48.296291 13.494993 -0.036791 -0.865960 0.498758 -1.823785 0.210859
glass
0 -123.454142 -35.355339 35.466934 -0.036791 -0.865960 0.498758 -1.928971 0.554171
0 -116.722241 -48.296291 13.494993 -0.036791 -0.865960 0.498758 -1.823785 0.210859
0 -118.919235 -35.355339 35.801448 -0.036791 -0.865960 0.498758 -1.858113 0.559398
glass
0 -122.354320 -48.296291 13.079546 0.000000 -1.000000 0.000000 -1.911786 0.204368
0 -121.084355 -48.296291 -12.771183 0.000000 -1.000000 0.000000 -1.891943 -0.199550
0 -114.185371 -48.296291 -12.262283 0.000000 -1.000000 0.000000 -1.784146 -0.191598
glass
0 -122.354320 -48.296291 13.079546 0.000000 -1.000000 0.000000 -1.911786 0.204368
0 -114.185371 -48.296291 -12.262283 0.000000 -1.000000 0.000000 -1.784146 -0.191598
0 -116.722241 -48.296291 13.494993 0.000000 -1.000000 0.000000 -1.823785 0.210859
glass
0 -121.084355 -48.296291 -12.771183 0.036791 -0.865960 -0.498758 -1.891943 -0.199550
0 -119.984533 -35.355339 -35.158570 0.036791 -0.865960 -0.498758 -1.874758 -0.549353
0 -111.988377 -35.355339 -34.568738 0.036791 -0.865960 -0.498758 -1.749818 -0.540137
glass
0 -121.084355 -48.296291 -12.771183 0.036791 -0.865960 -0.498758 -1.891943 -0.199550
0 -111.988377 -35.355339 -34.568738 0.036791 -0.865960 -0.498758 -1.749818 -0.540137
0 -114.185371 -48.296291 -12.262283 0.036791 -0.865960 -0.498758 -1.784146 -0.191598
glass
0 -119.984533 -35.355339 -35.158570 0.063714 -0.499887 -0.863744 -1.874758 -0.552427
0 -119.349551 -12.940952 -48.083935 0.063714 -0.499887 -0.863744 -1.864837 -0.202202
0 -110.719942 -12.940952 -47.447376 0.063714 -0.499887 -0.863744 -1.729999 -0.202202
glass
0 -119.984533 -35.355339 -35.158570 0.063714 -0.499887 -0.863744 -1.874758 -0.552427
0 -110.719942 -12.940952 -47.447376 0.063714 -0.499887 -0.863744 -1.729999 -0.202202
0 -111.988377 -35.355339 -34.568738 0.063714 -0.499887 -0.863744 -1.749818 -0.552427
glass
0 -119.349551 -12.940952 -48.083935 0.073565 -0.000000 -0.997290 -1.864837 -0.202202
0 -119.349551 12.940952 -48.083935 0.073565 -0.000000 -0.997290 -1.864837 0.202202
0 -110.719942 12.940952 -47.447376 0.073565 -0.000000 -0.997290 -1.729999 0.202202
glass
0 -119.349551 -12.940952 -48.083935 0.073565 -0.000000 -0.997290 -1.864837 -0.202202
0 -110.719942 12.940952 -47.447376 0.073565 -0.000000 -0.997290 -1.729999 0.202202
0 -110.719942 -12.940952 -47.447376 0.073565 -0.000000 -0.997290 -1.729999 -0.202202
glass
0 -119.349551 12.940952 -48.083935 0.063714 0.499887 -0.863744 -1.864837 0.202202
0 -119.984533 35.355339 -35.158570 0.063714 0.499887 -0.863744 -1.874758 0.552427
0 -111.988377 35.355339 -34.568738 0.063714 0.499887 -0.863744 -1.749818 0.552427
glass
0 -119.349551 12.940952 -48.083935 0.063714 0.499887 -0.863744 -1.864837 0.202202
0 -111.988377 35.355339 -34.568738 0.063714 0.499887 -0.863744 -1.749818 0.552427
0 -110.719942 12.940952 -47.447376 0.063714 0.499887 -0.863744 -1.729999 0.202202
glass
0 -119.984533 35.355339 -35.158570 0.036791 0.865960 -0.498758 -1.874758 -0.549353
0 -121.084355 48.296291 -12.771183 0.036791 0.865960 -0.498758 -1.891943 -0.199550
0 -114.185371 48.296291 -12.262283 0.036791 0.865960 -0.498758 -1.784146 -0.191598
glass
0 -119.984533 35.355339 -35.158570 0.036791 0.865960 -0.498758 -1.874758 -0.549353
0 -114.185371 48.296291 -12.262283 0.036791 0.865960 -0.498758 -1.784146 -0.191598
0 -111.988377 35.355339 -34.568738 0.036791 0.865960 -0.498758 -1.749818 -0.540137
glass
0 -121.084355 48.296291 -12.771183 0.000000 1.000000 -0.000000 -1.891943 -0.199550
0 -122.354320 48.296291 13.079546 0.000000 1.000000 -0.000000 -1.911786 0.204368
0 -116.722241 48.296291 13.494993 0.000000 1.000000 -0.000000 -1.823785 0.210859
glass
0 -121.084355 48.296291 -12.771183 0.000000 1.000000 -0.000000 -1.891943 -0.199550
0 -116.722241 48.296291 13.494993 0.000000 1.000000 -0.000000 -1.823785 0.210859
0 -114.185371 48.296291 -12.262283 0.000000 1.000000 -0.000000 -1.784146 -0.191598
collar_dark
0 -111.748758 -37.800000 -37.001628 0.122411 0.000000 -0.992480 -1.746074 -0.590625
0 -111.748758 -34.200000 -37.001628 0.122411 0.000000 -0.992480 -1.746074 -0.534375
0 -103.672087 -34.200000 -36.005465 0.122411 0.000000 -0.992480 -1.619876 -0.534375
collar_dark
0 -111.748758 -37.800000 -37.001628 0.122411 0.000000 -0.992480 -1.746074 -0.590625
0 -103.672087 -34.200000 -36.005465 0.122411 0.000000 -0.992480 -1.619876 -0.534375
0 -103.672087 -37.800000 -36.005465 0.122411 0.000000 -0.992480 -1.619876 -0.590625
collar_dark
0 -111.748758 -34.200000 -37.001628 0.000000 1.000000 0.000000 -1.746074 -0.578150
0 -112.101620 -34.200000 -33.418963 0.000000 1.000000 0.000000 -1.751588 -0.522171
0 -104.200317 -34.200000 -32.444430 0.000000 1.000000 0.000000 -1.628130 -0.506944
collar_dark
0 -111.748758 -34.200000 -37.001628 0.000000 1.000000 0.000000 -1.746074 -0.578150
0 -104.200317 -34.200000 -32.444430 0.000000 1.000000 0.000000 -1.628130 -0.506944
0 -103.672087 -34.200000 -36.005465 0.000000 1.000000 0.000000 -1.619876 -0.562585
collar_dark
0 -112.101620 -34.200000 -33.418963 -0.122411 0.000000 0.992480 -1.751588 -0.534375
0 -112.101620 -37.800000 -33.418963 -0.122411 0.000000 0.992480 -1.751588 -0.590625
0 -104.200317 -37.800000 -32.444430 -0.122411 0.000000 0.992480 -1.628130 -0.590625
collar_dark
0 -112.101620 -34.200000 -33.418963 -0.122411 0.000000 0.992480 -1.751588 -0.534375
0 -104.200317 -37.800000 -32.444430 -0.122411 0.000000 0.992480 -1.628130 -0.590625
0 -104.200317 -34.200000 -32.444430 -0.122411 0.000000 0.992480 -1.628130 -0.534375
collar_dark
0 -112.101620 -37.800000 -33.418963 0.000000 -1.000000 0.000000 -1.751588 -0.522171
0 -111.748758 -37.800000 -37.001628 0.000000 -1.000000 0.000000 -1.746074 -0.578150
0 -103.672087 -37.800000 -36.005465 0.000000 -1.000000 0.000000 -1.619876 -0.562585
collar_dark
0 -112.101620 -37.800000 -33.418963 0.000000 -1.000000 0.000000 -1.751588 -0.522171
0 -103.672087 -37.800000 -36.005465 0.000000 -1.000000 0.000000 -1.619876 -0.562585
0 -104.200317 -37.800000 -32.444430 0.000000 -1.000000 0.000000 -1.628130 -0.506944
collar_dark
0 -118.805992 -37.800000 34.651673 0.122411 0.000000 -0.992480 -1.856344 -0.590625
0 -118.805992 -34.200000 34.651673 0.122411 0.000000 -0.992480 -1.856344 -0.534375
0 -114.236681 -34.200000 35.215243 0.122411 0.000000 -0.992480 -1.784948 -0.534375
collar_dark
0 -118.805992 -37.800000 34.651673 0.122411 0.000000 -0.992480 -1.856344 -0.590625
0 -114.236681 -34.200000 35.215243 0.122411 0.000000 -0.992480 -1.784948 -0.534375
0 -114.236681 -37.800000 35.215243 0.122411 0.000000 -0.992480 -1.784948 -0.590625
collar_dark
0 -118.805992 -34.200000 34.651673 0.000000 1.000000 0.000000 -1.856344 0.541432
0 -119.158854 -34.200000 38.234338 0.000000 1.000000 0.000000 -1.861857 0.597412
0 -114.764911 -34.200000 38.776279 0.000000 1.000000 0.000000 -1.793202 0.605879
collar_dark
0 -118.805992 -34.200000 34.651673 0.000000 1.000000 0.000000 -1.856344 0.541432
0 -114.764911 -34.200000 38.776279 0.000000 1.000000 0.000000 -1.793202 0.605879
0 -114.236681 -34.200000 35.215243 0.000000 1.000000 0.000000 -1.784948 0.550238
collar_dark
0 -119.158854 -34.200000 38.234338 -0.122411 0.000000 0.992480 -1.861857 -0.534375
0 -119.158854 -37.800000 38.234338 -0.122411 0.000000 0.992480 -1.861857 -0.590625
0 -114.764911 -37.800000 38.776279 -0.122411 0.000000 0.992480 -1.793202 -0.590625
collar_dark
0 -119.158854 -34.200000 38.234338 -0.122411 0.000000 0.992480 -1.861857 -0.534375
0 -114.764911 -37.800000 38.776279 -0.122411 0.000000 0.992480 -1.793202 -0.590625
0 -114.764911 -34.200000 38.776279 -0.122411 0.000000 0.992480 -1.793202 -0.534375
collar_dark
0 -119.158854 -37.800000 38.234338 0.000000 -1.000000 0.000000 -1.861857 0.597412
0 -118.805992 -37.800000 34.651673 0.000000 -1.000000 0.000000 -1.856344 0.541432
0 -114.236681 -37.800000 35.215243 0.000000 -1.000000 0.000000 -1.784948 0.550238
collar_dark
0 -119.158854 -37.800000 38.234338 0.000000 -1.000000 0.000000 -1.861857 0.597412
0 -114.236681 -37.800000 35.215243 0.000000 -1.000000 0.000000 -1.784948 0.550238
0 -114.764911 -37.800000 38.776279 0.000000 -1.000000 0.000000 -1.793202 0.605879
collar_dark
0 -111.748758 34.200000 -37.001628 0.122411 0.000000 -0.992480 -1.746074 0.534375
0 -111.748758 37.800000 -37.001628 0.122411 0.000000 -0.992480 -1.746074 0.590625
0 -103.672087 37.800000 -36.005465 0.122411 0.000000 -0.992480 -1.619876 0.590625
collar_dark
0 -111.748758 34.200000 -37.001628 0.122411 0.000000 -0.992480 -1.746074 0.534375
0 -103.672087 37.800000 -36.005465 0.122411 0.000000 -0.992480 -1.619876 0.590625
0 -103.672087 34.200000 -36.005465 0.122411 0.000000 -0.992480 -1.619876 0.534375
collar_dark
0 -111.748758 37.800000 -37.001628 0.000000 1.000000 0.000000 -1.746074 -0.578150
0 -112.101620 37.800000 -33.418963 0.000000 1.000000 0.000000 -1.751588 -0.522171
0 -104.200317 37.800000 -32.444430 0.000000 1.000000 0.000000 -1.628130 -0.506944
collar_dark
0 -111.748758 37.800000 -37.001628 0.000000 1.000000 0.000000 -1.746074 -0.578150
0 -104.200317 37.800000 -32.444430 0.000000 1.000000 0.000000 -1.628130 -0.506944
0 -103.672087 37.800000 -36.005465 0.000000 1.000000 0.000000 -1.619876 -0.562585
collar_dark
0 -112.101620 37.800000 -33.418963 -0.122411 0.000000 0.992480 -1.751588 0.590625
0 -112.101620 34.200000 -33.418963 -0.122411 0.000000 0.992480 -1.751588 0.534375
0 -104.200317 34.200000 -32.444430 -0.122411 0.000000 0.992480 -1.628130 0.534375
collar_dark
0 -112.101620 37.800000 -33.418963 -0.122411 0.000000 0.992480 -1.751588 0.590625
0 -104.200317 34.200000 -32.444430 -0.122411 0.000000 0.992480 -1.628130 0.534375
0 -104.200317 37.800000 -32.444430 -0.122411 0.000000 0.992480 -1.628130 0.590625
collar_dark
0 -112.101620 34.200000 -33.418963 0.000000 -1.000000 0.000000 -1.751588 -0.522171
0 -111.748758 34.200000 -37.001628 0.000000 -1.000000 0.000000 -1.746074 -0.578150
0 -103.672087 34.200000 -36.005465 0.000000 -1.000000 0.000000 -1.619876 -0.562585
collar_dark
0 -112.101620 34.200000 -33.418963 0.000000 -1.000000 0.000000 -1.751588 -0.522171
0 -103.672087 34.200000 -36.005465 0.000000 -1.000000 0.000000 -1.619876 -0.562585
0 -104.200317 34.200000 -32.444430 0.000000 -1.000000 0.000000 -1.628130 -0.506944
collar_dark
0 -118.805992 34.200000 34.651673 0.122411 0.000000 -0.992480 -1.856344 0.534375
0 -118.805992 37.800000 34.651673 0.122411 0.000000 -0.992480 -1.856344 0.590625
0 -114.236681 37.800000 35.215243 0.122411 0.000000 -0.992480 -1.784948 0.590625
collar_dark
0 -118.805992 34.200000 34.651673 0.122411 0.000000 -0.992480 -1.856344 0.534375
0 -114.236681 37.800000 35.215243 0.122411 0.000000 -0.992480 -1.784948 0.590625
0 -114.236681 34.200000 35.215243 0.122411 0.000000 -0.992480 -1.784948 0.534375
collar_dark
0 -118.805992 37.800000 34.651673 0.000000 1.000000 0.000000 -1.856344 0.541432
0 -119.158854 37.800000 38.234338 0.000000 1.000000 0.000000 -1.861857 0.597412
0 -114.764911 37.800000 38.776279 0.000000 1.000000 0.000000 -1.793202 0.605879
collar_dark
0 -118.805992 37.800000 34.651673 0.000000 1.000000 0.000000 -1.856344 0.541432
0 -114.764911 37.800000 38.776279 0.000000 1.000000 0.000000 -1.793202 0.605879
0 -114.236681 37.800000 35.215243 0.000000 1.000000 0.000000 -1.784948 0.550238
collar_dark
0 -119.158854 37.800000 38.234338 -0.122411 0.000000 0.992480 -1.861857 0.590625
0 -119.158854 34.200000 38.234338 -0.122411 0.000000 0.992480 -1.861857 0.534375
0 -114.764911 34.200000 38.776279 -0.122411 0.000000 0.992480 -1.793202 0.534375
collar_dark
0 -119.158854 37.800000 38.234338 -0.122411 0.000000 0.992480 -1.861857 0.590625
0 -114.764911 34.200000 38.776279 -0.122411 0.000000 0.992480 -1.793202 0.534375
0 -114.764911 37.800000 38.776279 -0.122411 0.000000 0.992480 -1.793202 0.590625
collar_dark
0 -119.158854 34.200000 38.234338 0.000000 -1.000000 0.000000 -1.861857 0.597412
0 -118.805992 34.200000 34.651673 0.000000 -1.000000 0.000000 -1.856344 0.541432
0 -114.236681 34.200000 35.215243 0.000000 -1.000000 0.000000 -1.784948 0.550238
collar_dark
0 -119.158854 34.200000 38.234338 0.000000 -1.000000 0.000000 -1.861857 0.597412
0 -114.236681 34.200000 35.215243 0.000000 -1.000000 0.000000 -1.784948 0.550238
0 -114.764911 34.200000 38.776279 0.000000 -1.000000 0.000000 -1.793202 0.605879
glass
0 -116.722241 48.296291 13.494993 -0.061219 0.865960 0.496352 -1.823785 0.210859
0 -118.919235 35.355339 35.801448 -0.061219 0.865960 0.496352 -1.858113 0.559398
0 -114.406205 35.355339 36.358078 -0.061219 0.865960 0.496352 -1.787597 0.568095
glass
0 -116.722241 48.296291 13.494993 -0.061219 0.865960 0.496352 -1.823785 0.210859
0 -114.406205 35.355339 36.358078 -0.061219 0.865960 0.496352 -1.787597 0.568095
0 -111.117331 48.296291 14.186293 -0.061219 0.865960 0.496352 -1.736208 0.221661
glass
0 -118.919235 35.355339 35.801448 -0.106019 0.499887 0.859577 -1.858113 0.552427
0 -120.187670 12.940952 48.680086 -0.106019 0.499887 0.859577 -1.877932 0.202202
0 -116.305037 12.940952 49.158964 -0.106019 0.499887 0.859577 -1.817266 0.202202
glass
0 -118.919235 35.355339 35.801448 -0.106019 0.499887 0.859577 -1.858113 0.552427
0 -116.305037 12.940952 49.158964 -0.106019 0.499887 0.859577 -1.817266 0.202202
0 -114.406205 35.355339 36.358078 -0.106019 0.499887 0.859577 -1.787597 0.552427
glass
0 -120.187670 12.940952 48.680086 -0.122411 0.000000 0.992480 -1.877932 0.202202
0 -120.187670 -12.940952 48.680086 -0.122411 0.000000 0.992480 -1.877932 -0.202202
0 -116.305037 -12.940952 49.158964 -0.122411 0.000000 0.992480 -1.817266 -0.202202
glass
0 -120.187670 12.940952 48.680086 -0.122411 0.000000 0.992480 -1.877932 0.202202
0 -116.305037 -12.940952 49.158964 -0.122411 0.000000 0.992480 -1.817266 -0.202202
0 -116.305037 12.940952 49.158964 -0.122411 0.000000 0.992480 -1.817266 0.202202
glass
0 -120.187670 -12.940952 48.680086 -0.106019 -0.499887 0.859577 -1.877932 -0.202202
0 -118.919235 -35.355339 35.801448 -0.106019 -0.499887 0.859577 -1.858113 -0.552427
0 -114.406205 -35.355339 36.358078 -0.106019 -0.499887 0.859577 -1.787597 -0.552427
glass
0 -120.187670 -12.940952 48.680086 -0.106019 -0.499887 0.859577 -1.877932 -0.202202
0 -114.406205 -35.355339 36.358078 -0.106019 -0.499887 0.859577 -1.787597 -0.552427
0 -116.305037 -12.940952 49.158964 -0.106019 -0.499887 0.859577 -1.817266 -0.202202
glass
0 -118.919235 -35.355339 35.801448 -0.061219 -0.865960 0.496352 -1.858113 0.559398
0 -116.722241 -48.296291 13.494993 -0.061219 -0.865960 0.496352 -1.823785 0.210859
0 -111.117331 -48.296291 14.186293 -0.061219 -0.865960 0.496352 -1.736208 0.221661
glass
0 -118.919235 -35.355339 35.801448 -0.061219 -0.865960 0.496352 -1.858113 0.559398
0 -111.117331 -48.296291 14.186293 -0.061219 -0.865960 0.496352 -1.736208 0.221661
0 -114.406205 -35.355339 36.358078 -0.061219 -0.865960 0.496352 -1.787597 0.568095
glass
0 -116.722241 -48.296291 13.494993 0.000000 -1.000000 0.000000 -1.823785 0.210859
0 -114.185371 -48.296291 -12.262283 0.000000 -1.000000 0.000000 -1.784146 -0.191598
0 -107.319667 -48.296291 -11.415479 0.000000 -1.000000 0.000000 -1.676870 -0.178367
glass
0 -116.722241 -48.296291 13.494993 0.000000 -1.000000 0.000000 -1.823785 0.210859
0 -107.319667 -48.296291 -11.415479 0.000000 -1.000000 0.000000 -1.676870 -0.178367
0 -111.117331 -48.296291 14.186293 0.000000 -1.000000 0.000000 -1.736208 0.221661
glass
0 -114.185371 -48.296291 -12.262283 0.061219 -0.865960 -0.496352 -1.784146 -0.191598
0 -111.988377 -35.355339 -34.568738 0.061219 -0.865960 -0.496352 -1.749818 -0.540137
0 -104.030794 -35.355339 -33.587264 0.061219 -0.865960 -0.496352 -1.625481 -0.524801
glass
0 -114.185371 -48.296291 -12.262283 0.061219 -0.865960 -0.496352 -1.784146 -0.191598
0 -104.030794 -35.355339 -33.587264 0.061219 -0.865960 -0.496352 -1.625481 -0.524801
0 -107.319667 -48.296291 -11.415479 0.061219 -0.865960 -0.496352 -1.676870 -0.178367
glass
0 -111.988377 -35.355339 -34.568738 0.106019 -0.499887 -0.859577 -1.749818 -0.552427
0 -110.719942 -12.940952 -47.447376 0.106019 -0.499887 -0.859577 -1.729999 -0.202202
0 -102.131962 -12.940952 -46.388150 0.106019 -0.499887 -0.859577 -1.595812 -0.202202
glass
0 -111.988377 -35.355339 -34.568738 0.106019 -0.499887 -0.859577 -1.749818 -0.552427
0 -102.131962 -12.940952 -46.388150 0.106019 -0.499887 -0.859577 -1.595812 -0.202202
0 -104.030794 -35.355339 -33.587264 0.106019 -0.499887 -0.859577 -1.625481 -0.552427
glass
0 -110.719942 -12.940952 -47.447376 0.122411 -0.000000 -0.992480 -1.729999 -0.202202
0 -110.719942 12.940952 -47.447376 0.122411 -0.000000 -0.992480 -1.729999 0.202202
0 -102.131962 12.940952 -46.388150 0.122411 -0.000000 -0.992480 -1.595812 0.202202
glass
0 -110.719942 -12.940952 -47.447376 0.122411 -0.000000 -0.992480 -1.729999 -0.202202
0 -102.131962 12.940952 -46.388150 0.122411 -0.000000 -0.992480 -1.595812 0.202202
0 -102.131962 -12.940952 -46.388150 0.122411 -0.000000 -0.992480 -1.595812 -0.202202
glass
0 -110.719942 12.940952 -47.447376 0.106019 0.499887 -0.859577 -1.729999 0.202202
0 -111.988377 35.355339 -34.568738 0.106019 0.499887 -0.859577 -1.749818 0.552427
0 -104.030794 35.355339 -33.587264 0.106019 0.499887 -0.859577 -1.625481 0.552427
glass
0 -110.719942 12.940952 -47.447376 0.106019 0.499887 -0.859577 -1.729999 0.202202
0 -104.030794 35.355339 -33.587264 0.106019 0.499887 -0.859577 -1.625481 0.552427
0 -102.131962 12.940952 -46.388150 0.106019 0.499887 -0.859577 -1.595812 0.202202
glass
0 -111.988377 35.355339 -34.568738 0.061219 0.865960 -0.496352 -1.749818 -0.540137
0 -114.185371 48.296291 -12.262283 0.061219 0.865960 -0.496352 -1.784146 -0.191598
0 -107.319667 48.296291 -11.415479 0.061219 0.865960 -0.496352 -1.676870 -0.178367
glass
0 -111.988377 35.355339 -34.568738 0.061219 0.865960 -0.496352 -1.749818 -0.540137
0 -107.319667 48.296291 -11.415479 0.061219 0.865960 -0.496352 -1.676870 -0.178367
0 -104.030794 35.355339 -33.587264 0.061219 0.865960 -0.496352 -1.625481 -0.524801
glass
0 -114.185371 48.296291 -12.262283 0.000000 1.000000 -0.000000 -1.784146 -0.191598
0 -116.722241 48.296291 13.494993 0.000000 1.000000 -0.000000 -1.823785 0.210859
0 -111.117331 48.296291 14.186293 0.000000 1.000000 -0.000000 -1.736208 0.221661
glass
0 -114.185371 48.296291 -12.262283 0.000000 1.000000 -0.000000 -1.784146 -0.191598
0 -111.117331 48.296291 14.186293 0.000000 1.000000 -0.000000 -1.736208 0.221661
0 -107.319667 48.296291 -11.415479 0.000000 1.000000 -0.000000 -1.676870 -0.178367
collar_dark
0 -103.672087 -37.800000 -36.005465 0.170962 0.000000 -0.985278 -1.619876 -0.590625
0 -103.672087 -34.200000 -36.005465 0.170962 0.000000 -0.985278 -1.619876 -0.534375
0 -95.654025 -34.200000 -34.614199 0.170962 0.000000 -0.985278 -1.494594 -0.534375
collar_dark
0 -103.672087 -37.800000 -36.005465 0.170962 0.000000 -0.985278 -1.619876 -0.590625
0 -95.654025 -34.200000 -34.614199 0.170962 0.000000 -0.985278 -1.494594 -0.534375
0 -95.654025 -37.800000 -34.614199 0.170962 0.000000 -0.985278 -1.494594 -0.590625
collar_dark
0 -103.672087 -34.200000 -36.005465 0.000000 1.000000 0.000000 -1.619876 -0.562585
0 -104.200317 -34.200000 -32.444430 0.000000 1.000000 0.000000 -1.628130 -0.506944
0 -96.356350 -34.200000 -31.083372 0.000000 1.000000 0.000000 -1.505568 -0.485678
collar_dark
0 -103.672087 -34.200000 -36.005465 0.000000 1.000000 0.000000 -1.619876 -0.562585
0 -96.356350 -34.200000 -31.083372 0.000000 1.000000 0.000000 -1.505568 -0.485678
0 -95.654025 -34.200000 -34.614199 0.000000 1.000000 0.000000 -1.494594 -0.540847
collar_dark
0 -104.200317 -34.200000 -32.444430 -0.170962 0.000000 0.985278 -1.628130 -0.534375
0 -104.200317 -37.800000 -32.444430 -0.170962 0.000000 0.985278 -1.628130 -0.590625
0 -96.356350 -37.800000 -31.083372 -0.170962 0.000000 0.985278 -1.505568 -0.590625
collar_dark
0 -104.200317 -34.200000 -32.444430 -0.170962 0.000000 0.985278 -1.628130 -0.534375
0 -96.356350 -37.800000 -31.083372 -0.170962 0.000000 0.985278 -1.505568 -0.590625
0 -96.356350 -34.200000 -31.083372 -0.170962 0.000000 0.985278 -1.505568 -0.534375
collar_dark
0 -104.200317 -37.800000 -32.444430 0.000000 -1.000000 0.000000 -1.628130 -0.506944
0 -103.672087 -37.800000 -36.005465 0.000000 -1.000000 0.000000 -1.619876 -0.562585
0 -95.654025 -37.800000 -34.614199 0.000000 -1.000000 0.000000 -1.494594 -0.540847
collar_dark
0 -104.200317 -37.800000 -32.444430 0.000000 -1.000000 0.000000 -1.628130 -0.506944
0 -95.654025 -37.800000 -34.614199 0.000000 -1.000000 0.000000 -1.494594 -0.540847
0 -96.356350 -37.800000 -31.083372 0.000000 -1.000000 0.000000 -1.505568 -0.485678
collar_dark
0 -114.236681 -37.800000 35.215243 0.170962 0.000000 -0.985278 -1.784948 -0.590625
0 -114.236681 -34.200000 35.215243 0.170962 0.000000 -0.985278 -1.784948 -0.534375
0 -109.700528 -34.200000 36.002341 0.170962 0.000000 -0.985278 -1.714071 -0.534375
collar_dark
0 -114.236681 -37.800000 35.215243 0.170962 0.000000 -0.985278 -1.784948 -0.590625
0 -109.700528 -34.200000 36.002341 0.170962 0.000000 -0.985278 -1.714071 -0.534375
0 -109.700528 -37.800000 36.002341 0.170962 0.000000 -0.985278 -1.714071 -0.590625
collar_dark
0 -114.236681 -34.200000 35.215243 0.000000 1.000000 0.000000 -1.784948 0.550238
0 -114.764911 -34.200000 38.776279 0.000000 1.000000 0.000000 -1.793202 0.605879
0 -110.402853 -34.200000 39.533168 0.000000 1.000000 0.000000 -1.725045 0.617706
collar_dark
0 -114.236681 -34.200000 35.215243 0.000000 1.000000 0.000000 -1.784948 0.550238
0 -110.402853 -34.200000 39.533168 0.000000 1.000000 0.000000 -1.725045 0.617706
0 -109.700528 -34.200000 36.002341 0.000000 1.000000 0.000000 -1.714071 0.562537
collar_dark
0 -114.764911 -34.200000 38.776279 -0.170962 0.000000 0.985278 -1.793202 -0.534375
0 -114.764911 -37.800000 38.776279 -0.170962 0.000000 0.985278 -1.793202 -0.590625
0 -110.402853 -37.800000 39.533168 -0.170962 0.000000 0.985278 -1.725045 -0.590625
collar_dark
0 -114.764911 -34.200000 38.776279 -0.170962 0.000000 0.985278 -1.793202 -0.534375
0 -110.402853 -37.800000 39.533168 -0.170962 0.000000 0.985278 -1.725045 -0.590625
0 -110.402853 -34.200000 39.533168 -0.170962 0.000000 0.985278 -1.725045 -0.534375
collar_dark
0 -114.764911 -37.800000 38.776279 0.000000 -1.000000 0.000000 -1.793202 0.605879
0 -114.236681 -37.800000 35.215243 0.000000 -1.000000 0.000000 -1.784948 0.550238
0 -109.700528 -37.800000 36.002341 0.000000 -1.000000 0.000000 -1.714071 0.562537
collar_dark
0 -114.764911 -37.800000 38.776279 0.000000 -1.000000 0.000000 -1.793202 0.605879
0 -109.700528 -37.800000 36.002341 0.000000 -1.000000 0.000000 -1.714071 0.562537
0 -110.402853 -37.800000 39.533168 0.000000 -1.000000 0.000000 -1.725045 0.617706
collar_dark
0 -103.672087 34.200000 -36.005465 0.170962 0.000000 -0.985278 -1.619876 0.534375
0 -103.672087 37.800000 -36.005465 0.170962 0.000000 -0.985278 -1.619876 0.590625
0 -95.654025 37.800000 -34.614199 0.170962 0.000000 -0.985278 -1.494594 0.590625
collar_dark
0 -103.672087 34.200000 -36.005465 0.170962 0.000000 -0.985278 -1.619876 0.534375
0 -95.654025 37.800000 -34.614199 0.170962 0.000000 -0.985278 -1.494594 0.590625
0 -95.654025 34.200000 -34.614199 0.170962 0.000000 -0.985278 -1.494594 0.534375
collar_dark
0 -103.672087 37.800000 -36.005465 0.000000 1.000000 0.000000 -1.619876 -0.562585
0 -104.200317 37.800000 -32.444430 0.000000 1.000000 0.000000 -1.628130 -0.506944
0 -96.356350 37.800000 -31.083372 0.000000 1.000000 0.000000 -1.505568 -0.485678
collar_dark
0 -103.672087 37.800000 -36.005465 0.000000 1.000000 0.000000 -1.619876 -0.562585
0 -96.356350 37.800000 -31.083372 0.000000 1.000000 0.000000 -1.505568 -0.485678
0 -95.654025 37.800000 -34.614199 0.000000 1.000000 0.000000 -1.494594 -0.540847
collar_dark
0 -104.200317 37.800000 -32.444430 -0.170962 0.000000 0.985278 -1.628130 0.590625
0 -104.200317 34.200000 -32.444430 -0.170962 0.000000 0.985278 -1.628130 0.534375
0 -96.356350 34.200000 -31.083372 -0.170962 0.000000 0.985278 -1.505568 0.534375
collar_dark
0 -104.200317 37.800000 -32.444430 -0.170962 0.000000 0.985278 -1.628130 0.590625
0 -96.356350 34.200000 -31.083372 -0.170962 0.000000 0.985278 -1.505568 0.534375
0 -96.356350 37.800000 -31.083372 -0.170962 0.000000 0.985278 -1.505568 0.590625
collar_dark
0 -104.200317 34.200000 -32.444430 0.000000 -1.000000 0.000000 -1.628130 -0.506944
0 -103.672087 34.200000 -36.005465 0.000000 -1.000000 0.000000 -1.619876 -0.562585
0 -95.654025 34.200000 -34.614199 0.000000 -1.000000 0.000000 -1.494594 -0.540847
collar_dark
0 -104.200317 34.200000 -32.444430 0.000000 -1.000000 0.000000 -1.628130 -0.506944
0 -95.654025 34.200000 -34.614199 0.000000 -1.000000 0.000000 -1.494594 -0.540847
0 -96.356350 34.200000 -31.083372 0.000000 -1.000000 0.000000 -1.505568 -0.485678
collar_dark
0 -114.236681 34.200000 35.215243 0.170962 0.000000 -0.985278 -1.784948 0.534375
0 -114.236681 37.800000 35.215243 0.170962 0.000000 -0.985278 -1.784948 0.590625
0 -109.700528 37.800000 36.002341 0.170962 0.000000 -0.985278 -1.714071 0.590625
collar_dark
0 -114.236681 34.200000 35.215243 0.170962 0.000000 -0.985278 -1.784948 0.534375
0 -109.700528 37.800000 36.002341 0.170962 0.000000 -0.985278 -1.714071 0.590625
0 -109.700528 34.200000 36.002341 0.170962 0.000000 -0.985278 -1.714071 0.534375
collar_dark
0 -114.236681 37.800000 35.215243 0.000000 1.000000 0.000000 -1.784948 0.550238
0 -114.764911 37.800000 38.776279 0.000000 1.000000 0.000000 -1.793202 0.605879
0 -110.402853 37.800000 39.533168 0.000000 1.000000 0.000000 -1.725045 0.617706
collar_dark
0 -114.236681 37.800000 35.215243 0.000000 1.000000 0.000000 -1.784948 0.550238
0 -110.402853 37.800000 39.533168 0.000000 1.000000 0.000000 -1.725045 0.617706
0 -109.700528 37.800000 36.002341 0.000000 1.000000 0.000000 -1.714071 0.562537
collar_dark
0 -114.764911 37.800000 38.776279 -0.170962 0.000000 0.985278 -1.793202 0.590625
0 -114.764911 34.200000 38.776279 -0.170962 0.000000 0.985278 -1.793202 0.534375
0 -110.402853 34.200000 39.533168 -0.170962 0.000000 0.985278 -1.725045 0.534375
collar_dark
0 -114.764911 37.800000 38.776279 -0.170962 0.000000 0.985278 -1.793202 0.590625
0 -110.402853 34.200000 39.533168 -0.170962 0.000000 0.985278 -1.725045 0.534375
0 -110.402853 37.800000 39.533168 -0.170962 0.000000 0.985278 -1.725045 0.590625
collar_dark
0 -114.764911 34.200000 38.776279 0.000000 -1.000000 0.000000 -1.793202 0.605879
0 -114.236681 34.200000 35.215243 0.000000 -1.000000 0.000000 -1.784948 0.550238
0 -109.700528 34.200000 36.002341 0.000000 -1.000000 0.000000 -1.714071 0.562537
collar_dark
0 -114.764911 34.200000 38.776279 0.000000 -1.000000 0.000000 -1.793202 0.605879
0 -109.700528 34.200000 36.002341 0.000000 -1.000000 0.000000 -1.714071 0.562537
0 -110.402853 34.200000 39.533168 0.000000 -1.000000 0.000000 -1.725045 0.617706
glass
0 -111.117331 48.296291 14.186293 -0.085500 0.865960 0.492750 -1.736208 0.221661
0 -114.406205 35.355339 36.358078 -0.085500 0.865960 0.492750 -1.787597 0.568095
0 -109.925923 35.355339 37.135480 -0.085500 0.865960 0.492750 -1.717593 0.580242
glass
0 -111.117331 48.296291 14.186293 -0.085500 0.865960 0.492750 -1.736208 0.221661
0 -109.925923 35.355339 37.135480 -0.085500 0.865960 0.492750 -1.717593 0.580242
0 -105.553093 48.296291 15.151780 -0.085500 0.865960 0.492750 -1.649267 0.236747
glass
0 -114.406205 35.355339 36.358078 -0.148068 0.499887 0.853340 -1.787597 0.552427
0 -116.305037 12.940952 49.158964 -0.148068 0.499887 0.853340 -1.817266 0.202202
0 -112.450578 12.940952 49.827776 -0.148068 0.499887 0.853340 -1.757040 0.202202
glass
0 -114.406205 35.355339 36.358078 -0.148068 0.499887 0.853340 -1.787597 0.552427
0 -112.450578 12.940952 49.827776 -0.148068 0.499887 0.853340 -1.757040 0.202202
0 -109.925923 35.355339 37.135480 -0.148068 0.499887 0.853340 -1.717593 0.552427
glass
0 -116.305037 12.940952 49.158964 -0.170962 0.000000 0.985278 -1.817266 0.202202
0 -116.305037 -12.940952 49.158964 -0.170962 0.000000 0.985278 -1.817266 -0.202202
0 -112.450578 -12.940952 49.827776 -0.170962 0.000000 0.985278 -1.757040 -0.202202
glass
0 -116.305037 12.940952 49.158964 -0.170962 0.000000 0.985278 -1.817266 0.202202
0 -112.450578 -12.940952 49.827776 -0.170962 0.000000 0.985278 -1.757040 -0.202202
0 -112.450578 12.940952 49.827776 -0.170962 0.000000 0.985278 -1.757040 0.202202
glass
0 -116.305037 -12.940952 49.158964 -0.148068 -0.499887 0.853340 -1.817266 -0.202202
0 -114.406205 -35.355339 36.358078 -0.148068 -0.499887 0.853340 -1.787597 -0.552427
0 -109.925923 -35.355339 37.135480 -0.148068 -0.499887 0.853340 -1.717593 -0.552427
glass
0 -116.305037 -12.940952 49.158964 -0.148068 -0.499887 0.853340 -1.817266 -0.202202
0 -109.925923 -35.355339 37.135480 -0.148068 -0.499887 0.853340 -1.717593 -0.552427
0 -112.450578 -12.940952 49.827776 -0.148068 -0.499887 0.853340 -1.757040 -0.202202
glass
0 -114.406205 -35.355339 36.358078 -0.085500 -0.865960 0.492750 -1.787597 0.568095
0 -111.117331 -48.296291 14.186293 -0.085500 -0.865960 0.492750 -1.736208 0.221661
0 -105.553093 -48.296291 15.151780 -0.085500 -0.865960 0.492750 -1.649267 0.236747
glass
0 -114.406205 -35.355339 36.358078 -0.085500 -0.865960 0.492750 -1.787597 0.568095
0 -105.553093 -48.296291 15.151780 -0.085500 -0.865960 0.492750 -1.649267 0.236747
0 -109.925923 -35.355339 37.135480 -0.085500 -0.865960 0.492750 -1.717593 0.580242
glass
0 -111.117331 -48.296291 14.186293 0.000000 -1.000000 0.000000 -1.736208 0.221661
0 -107.319667 -48.296291 -11.415479 0.000000 -1.000000 0.000000 -1.676870 -0.178367
0 -100.503784 -48.296291 -10.232811 0.000000 -1.000000 0.000000 -1.570372 -0.159888
glass
0 -111.117331 -48.296291 14.186293 0.000000 -1.000000 0.000000 -1.736208 0.221661
0 -100.503784 -48.296291 -10.232811 0.000000 -1.000000 0.000000 -1.570372 -0.159888
0 -105.553093 -48.296291 15.151780 0.000000 -1.000000 0.000000 -1.649267 0.236747
glass
0 -107.319667 -48.296291 -11.415479 0.085500 -0.865960 -0.492750 -1.676870 -0.178367
0 -104.030794 -35.355339 -33.587264 0.085500 -0.865960 -0.492750 -1.625481 -0.524801
0 -96.130954 -35.355339 -32.216512 0.085500 -0.865960 -0.492750 -1.502046 -0.503383
glass
0 -107.319667 -48.296291 -11.415479 0.085500 -0.865960 -0.492750 -1.676870 -0.178367
0 -96.130954 -35.355339 -32.216512 0.085500 -0.865960 -0.492750 -1.502046 -0.503383
0 -100.503784 -48.296291 -10.232811 0.085500 -0.865960 -0.492750 -1.570372 -0.159888
glass
0 -104.030794 -35.355339 -33.587264 0.148068 -0.499887 -0.853340 -1.625481 -0.552427
0 -102.131962 -12.940952 -46.388150 0.148068 -0.499887 -0.853340 -1.595812 -0.202202
0 -93.606300 -12.940952 -44.908808 0.148068 -0.499887 -0.853340 -1.462598 -0.202202
glass
0 -104.030794 -35.355339 -33.587264 0.148068 -0.499887 -0.853340 -1.625481 -0.552427
0 -93.606300 -12.940952 -44.908808 0.148068 -0.499887 -0.853340 -1.462598 -0.202202
0 -96.130954 -35.355339 -32.216512 0.148068 -0.499887 -0.853340 -1.502046 -0.552427
glass
0 -102.131962 -12.940952 -46.388150 0.170962 -0.000000 -0.985278 -1.595812 -0.202202
0 -102.131962 12.940952 -46.388150 0.170962 -0.000000 -0.985278 -1.595812 0.202202
0 -93.606300 12.940952 -44.908808 0.170962 -0.000000 -0.985278 -1.462598 0.202202
glass
0 -102.131962 -12.940952 -46.388150 0.170962 -0.000000 -0.985278 -1.595812 -0.202202
0 -93.606300 12.940952 -44.908808 0.170962 -0.000000 -0.985278 -1.462598 0.202202
0 -93.606300 -12.940952 -44.908808 0.170962 -0.000000 -0.985278 -1.462598 -0.202202
glass
0 -102.131962 12.940952 -46.388150 0.148068 0.499887 -0.853340 -1.595812 0.202202
0 -104.030794 35.355339 -33.587264 0.148068 0.499887 -0.853340 -1.625481 0.552427
0 -96.130954 35.355339 -32.216512 0.148068 0.499887 -0.853340 -1.502046 0.552427
glass
0 -102.131962 12.940952 -46.388150 0.148068 0.499887 -0.853340 -1.595812 0.202202
0 -96.130954 35.355339 -32.216512 0.148068 0.499887 -0.853340 -1.502046 0.552427
0 -93.606300 12.940952 -44.908808 0.148068 0.499887 -0.853340 -1.462598 0.202202
glass
0 -104.030794 35.355339 -33.587264 0.085500 0.865960 -0.492750 -1.625481 -0.524801
0 -107.319667 48.296291 -11.415479 0.085500 0.865960 -0.492750 -1.676870 -0.178367
0 -100.503784 48.296291 -10.232811 0.085500 0.865960 -0.492750 -1.570372 -0.159888
glass
0 -104.030794 35.355339 -33.587264 0.085500 0.865960 -0.492750 -1.625481 -0.524801
0 -100.503784 48.296291 -10.232811 0.085500 0.865960 -0.492750 -1.570372 -0.159888
0 -96.130954 35.355339 -32.216512 0.085500 0.865960 -0.492750 -1.502046 -0.503383
glass
0 -107.319667 48.296291 -11.415479 0.000000 1.000000 -0.000000 -1.676870 -0.178367
0 -111.117331 48.296291 14.186293 0.000000 1.000000 -0.000000 -1.736208 0.221661
0 -105.553093 48.296291 15.151780 0.000000 1.000000 -0.000000 -1.649267 0.236747
glass
0 -107.319667 48.296291 -11.415479 0.000000 1.000000 -0.000000 -1.676870 -0.178367
0 -105.553093 48.296291 15.151780 0.000000 1.000000 -0.000000 -1.649267 0.236747
0 -100.503784 48.296291 -10.232811 0.000000 1.000000 -0.000000 -1.570372 -0.159888
collar_dark
0 -95.654025 -37.800000 -34.614199 0.219101 0.000000 -0.975702 -1.494594 -0.590625
0 -95.654025 -34.200000 -34.614199 0.219101 0.000000 -0.975702 -1.494594 -0.534375
0 -87.713886 -34.200000 -32.831182 0.219101 0.000000 -0.975702 -1.370529 -0.534375
collar_dark
0 -95.654025 -37.800000 -34.614199 0.219101 0.000000 -0.975702 -1.494594 -0.590625
0 -87.713886 -34.200000 -32.831182 0.219101 0.000000 -0.975702 -1.370529 -0.534375
0 -87.713886 -37.800000 -32.831182 0.219101 0.000000 -0.975702 -1.370529 -0.590625
collar_dark
0 -95.654025 -34.200000 -34.614199 0.000000 1.000000 0.000000 -1.494594 -0.540847
0 -96.356350 -34.200000 -31.083372 0.000000 1.000000 0.000000 -1.505568 -0.485678
0 -88.588615 -34.200000 -29.339069 0.000000 1.000000 0.000000 -1.384197 -0.458423
collar_dark
0 -95.654025 -34.200000 -34.614199 0.000000 1.000000 0.000000 -1.494594 -0.540847
0 -88.588615 -34.200000 -29.339069 0.000000 1.000000 0.000000 -1.384197 -0.458423
0 -87.713886 -34.200000 -32.831182 0.000000 1.000000 0.000000 -1.370529 -0.512987
collar_dark
0 -96.356350 -34.200000 -31.083372 -0.219101 0.000000 0.975702 -1.505568 -0.534375
0 -96.356350 -37.800000 -31.083372 -0.219101 0.000000 0.975702 -1.505568 -0.590625
0 -88.588615 -37.800000 -29.339069 -0.219101 0.000000 0.975702 -1.384197 -0.590625
collar_dark
0 -96.356350 -34.200000 -31.083372 -0.219101 0.000000 0.975702 -1.505568 -0.534375
0 -88.588615 -37.800000 -29.339069 -0.219101 0.000000 0.975702 -1.384197 -0.590625
0 -88.588615 -34.200000 -29.339069 -0.219101 0.000000 0.975702 -1.384197 -0.534375
collar_dark
0 -96.356350 -37.800000 -31.083372 0.000000 -1.000000 0.000000 -1.505568 -0.485678
0 -95.654025 -37.800000 -34.614199 0.000000 -1.000000 0.000000 -1.494594 -0.540847
0 -87.713886 -37.800000 -32.831182 0.000000 -1.000000 0.000000 -1.370529 -0.512987
collar_dark
0 -96.356350 -37.800000 -31.083372 0.000000 -1.000000 0.000000 -1.505568 -0.485678
0 -87.713886 -37.800000 -32.831182 0.000000 -1.000000 0.000000 -1.370529 -0.512987
0 -88.588615 -37.800000 -29.339069 0.000000 -1.000000 0.000000 -1.384197 -0.458423
collar_dark
0 -109.700528 -37.800000 36.002341 0.219101 0.000000 -0.975702 -1.714071 -0.590625
0 -109.700528 -34.200000 36.002341 0.219101 0.000000 -0.975702 -1.714071 -0.534375
0 -105.208459 -34.200000 37.011068 0.219101 0.000000 -0.975702 -1.643882 -0.534375
collar_dark
0 -109.700528 -37.800000 36.002341 0.219101 0.000000 -0.975702 -1.714071 -0.590625
0 -105.208459 -34.200000 37.011068 0.219101 0.000000 -0.975702 -1.643882 -0.534375
0 -105.208459 -37.800000 37.011068 0.219101 0.000000 -0.975702 -1.643882 -0.590625
collar_dark
0 -109.700528 -34.200000 36.002341 0.000000 1.000000 0.000000 -1.714071 0.562537
0 -110.402853 -34.200000 39.533168 0.000000 1.000000 0.000000 -1.725045 0.617706
0 -106.083188 -34.200000 40.503181 0.000000 1.000000 0.000000 -1.657550 0.632862
collar_dark
0 -109.700528 -34.200000 36.002341 0.000000 1.000000 0.000000 -1.714071 0.562537
0 -106.083188 -34.200000 40.503181 0.000000 1.000000 0.000000 -1.657550 0.632862
0 -105.208459 -34.200000 37.011068 0.000000 1.000000 0.000000 -1.643882 0.578298
collar_dark
0 -110.402853 -34.200000 39.533168 -0.219101 0.000000 0.975702 -1.725045 -0.534375
0 -110.402853 -37.800000 39.533168 -0.219101 0.000000 0.975702 -1.725045 -0.590625
0 -106.083188 -37.800000 40.503181 -0.219101 0.000000 0.975702 -1.657550 -0.590625
collar_dark
0 -110.402853 -34.200000 39.533168 -0.219101 0.000000 0.975702 -1.725045 -0.534375
0 -106.083188 -37.800000 40.503181 -0.219101 0.000000 0.975702 -1.657550 -0.590625
0 -106.083188 -34.200000 40.503181 -0.219101 0.000000 0.975702 -1.657550 -0.534375
collar_dark
0 -110.402853 -37.800000 39.533168 0.000000 -1.000000 0.000000 -1.725045 0.617706
0 -109.700528 -37.800000 36.002341 0.000000 -1.000000 0.000000 -1.714071 0.562537
0 -105.208459 -37.800000 37.011068 0.000000 -1.000000 0.000000 -1.643882 0.578298
collar_dark
0 -110.402853 -37.800000 39.533168 0.000000 -1.000000 0.000000 -1.725045 0.617706
0 -105.208459 -37.800000 37.011068 0.000000 -1.000000 0.000000 -1.643882 0.578298
0 -106.083188 -37.800000 40.503181 0.000000 -1.000000 0.000000 -1.657550 0.632862
collar_dark
0 -95.654025 34.200000 -34.614199 0.219101 0.000000 -0.975702 -1.494594 0.534375
0 -95.654025 37.800000 -34.614199 0.219101 0.000000 -0.975702 -1.494594 0.590625
0 -87.713886 37.800000 -32.831182 0.219101 0.000000 -0.975702 -1.370529 0.590625
collar_dark
0 -95.654025 34.200000 -34.614199 0.219101 0.000000 -0.975702 -1.494594 0.534375
0 -87.713886 37.800000 -32.831182 0.219101 0.000000 -0.975702 -1.370529 0.590625
0 -87.713886 34.200000 -32.831182 0.219101 0.000000 -0.975702 -1.370529 0.534375
collar_dark
0 -95.654025 37.800000 -34.614199 0.000000 1.000000 0.000000 -1.494594 -0.540847
0 -96.356350 37.800000 -31.083372 0.000000 1.000000 0.000000 -1.505568 -0.485678
0 -88.588615 37.800000 -29.339069 0.000000 1.000000 0.000000 -1.384197 -0.458423
collar_dark
0 -95.654025 37.800000 -34.614199 0.000000 1.000000 0.000000 -1.494594 -0.540847
0 -88.588615 37.800000 -29.339069 0.000000 1.000000 0.000000 -1.384197 -0.458423
0 -87.713886 37.800000 -32.831182 0.000000 1.000000 0.000000 -1.370529 -0.512987
collar_dark
0 -96.356350 37.800000 -31.083372 -0.219101 0.000000 0.975702 -1.505568 0.590625
0 -96.356350 34.200000 -31.083372 -0.219101 0.000000 0.975702 -1.505568 0.534375
0 -88.588615 34.200000 -29.339069 -0.219101 0.000000 0.975702 -1.384197 0.534375
collar_dark
0 -96.356350 37.800000 -31.083372 -0.219101 0.000000 0.975702 -1.505568 0.590625
0 -88.588615 34.200000 -29.339069 -0.219101 0.000000 0.975702 -1.384197 0.534375
0 -88.588615 37.800000 -29.339069 -0.219101 0.000000 0.975702 -1.384197 0.590625
collar_dark
0 -96.356350 34.200000 -31.083372 0.000000 -1.000000 0.000000 -1.505568 -0.485678
0 -95.654025 34.200000 -34.614199 0.000000 -1.000000 0.000000 -1.494594 -0.540847
0 -87.713886 34.200000 -32.831182 0.000000 -1.000000 0.000000 -1.370529 -0.512987
collar_dark
0 -96.356350 34.200000 -31.083372 0.000000 -1.000000 0.000000 -1.505568 -0.485678
0 -87.713886 34.200000 -32.831182 0.000000 -1.000000 0.000000 -1.370529 -0.512987
0 -88.588615 34.200000 -29.339069 0.000000 -1.000000 0.000000 -1.384197 -0.458423
collar_dark
0 -109.700528 34.200000 36.002341 0.219101 0.000000 -0.975702 -1.714071 0.534375
0 -109.700528 37.800000 36.002341 0.219101 0.000000 -0.975702 -1.714071 0.590625
0 -105.208459 37.800000 37.011068 0.219101 0.000000 -0.975702 -1.643882 0.590625
collar_dark
0 -109.700528 34.200000 36.002341 0.219101 0.000000 -0.975702 -1.714071 0.534375
0 -105.208459 37.800000 37.011068 0.219101 0.000000 -0.975702 -1.643882 0.590625
0 -105.208459 34.200000 37.011068 0.219101 0.000000 -0.975702 -1.643882 0.534375
collar_dark
0 -109.700528 37.800000 36.002341 0.000000 1.000000 0.000000 -1.714071 0.562537
0 -110.402853 37.800000 39.533168 0.000000 1.000000 0.000000 -1.725045 0.617706
0 -106.083188 37.800000 40.503181 0.000000 1.000000 0.000000 -1.657550 0.632862
collar_dark
0 -109.700528 37.800000 36.002341 0.000000 1.000000 0.000000 -1.714071 0.562537
0 -106.083188 37.800000 40.503181 0.000000 1.000000 0.000000 -1.657550 0.632862
0 -105.208459 37.800000 37.011068 0.000000 1.000000 0.000000 -1.643882 0.578298
collar_dark
0 -110.402853 37.800000 39.533168 -0.219101 0.000000 0.975702 -1.725045 0.590625
0 -110.402853 34.200000 39.533168 -0.219101 0.000000 0.975702 -1.725045 0.534375
0 -106.083188 34.200000 40.503181 -0.219101 0.000000 0.975702 -1.657550 0.534375
collar_dark
0 -110.402853 37.800000 39.533168 -0.219101 0.000000 0.975702 -1.725045 0.590625
0 -106.083188 34.200000 40.503181 -0.219101 0.000000 0.975702 -1.657550 0.534375
0 -106.083188 37.800000 40.503181 -0.219101 0.000000 0.975702 -1.657550 0.590625
collar_dark
0 -110.402853 34.200000 39.533168 0.000000 -1.000000 0.000000 -1.725045 0.617706
0 -109.700528 34.200000 36.002341 0.000000 -1.000000 0.000000 -1.714071 0.562537
0 -105.208459 34.200000 37.011068 0.000000 -1.000000 0.000000 -1.643882 0.578298
collar_dark
0 -110.402853 34.200000 39.533168 0.000000 -1.000000 0.000000 -1.725045 0.617706
0 -105.208459 34.200000 37.011068 0.000000 -1.000000 0.000000 -1.643882 0.578298
0 -106.083188 34.200000 40.503181 0.000000 -1.000000 0.000000 -1.657550 0.632862
glass
0 -105.553093 48.296291 15.151780 -0.109575 0.865960 0.487961 -1.649267 0.236747
0 -109.925923 35.355339 37.135480 -0.109575 0.865960 0.487961 -1.717593 0.580242
0 -105.489184 35.355339 38.131783 -0.109575 0.865960 0.487961 -1.648268 0.595809
glass
0 -105.553093 48.296291 15.151780 -0.109575 0.865960 0.487961 -1.649267 0.236747
0 -105.489184 35.355339 38.131783 -0.109575 0.865960 0.487961 -1.648268 0.595809
0 -100.042932 48.296291 16.389128 -0.109575 0.865960 0.487961 -1.563171 0.256080
glass
0 -109.925923 35.355339 37.135480 -0.189762 0.499887 0.845046 -1.717593 0.552427
0 -112.450578 12.940952 49.827776 -0.189762 0.499887 0.845046 -1.757040 0.202202
0 -108.633579 12.940952 50.684912 -0.189762 0.499887 0.845046 -1.697400 0.202202
glass
0 -109.925923 35.355339 37.135480 -0.189762 0.499887 0.845046 -1.717593 0.552427
0 -108.633579 12.940952 50.684912 -0.189762 0.499887 0.845046 -1.697400 0.202202
0 -105.489184 35.355339 38.131783 -0.189762 0.499887 0.845046 -1.648268 0.552427
glass
0 -112.450578 12.940952 49.827776 -0.219101 0.000000 0.975702 -1.757040 0.202202
0 -112.450578 -12.940952 49.827776 -0.219101 0.000000 0.975702 -1.757040 -0.202202
0 -108.633579 -12.940952 50.684912 -0.219101 0.000000 0.975702 -1.697400 -0.202202
glass
0 -112.450578 12.940952 49.827776 -0.219101 0.000000 0.975702 -1.757040 0.202202
0 -108.633579 -12.940952 50.684912 -0.219101 0.000000 0.975702 -1.697400 -0.202202
0 -108.633579 12.940952 50.684912 -0.219101 0.000000 0.975702 -1.697400 0.202202
glass
0 -112.450578 -12.940952 49.827776 -0.189762 -0.499887 0.845046 -1.757040 -0.202202
0 -109.925923 -35.355339 37.135480 -0.189762 -0.499887 0.845046 -1.717593 -0.552427
0 -105.489184 -35.355339 38.131783 -0.189762 -0.499887 0.845046 -1.648268 -0.552427
glass
0 -112.450578 -12.940952 49.827776 -0.189762 -0.499887 0.845046 -1.757040 -0.202202
0 -105.489184 -35.355339 38.131783 -0.189762 -0.499887 0.845046 -1.648268 -0.552427
0 -108.633579 -12.940952 50.684912 -0.189762 -0.499887 0.845046 -1.697400 -0.202202
glass
0 -109.925923 -35.355339 37.135480 -0.109575 -0.865960 0.487961 -1.717593 0.580242
0 -105.553093 -48.296291 15.151780 -0.109575 -0.865960 0.487961 -1.649267 0.236747
0 -100.042932 -48.296291 16.389128 -0.109575 -0.865960 0.487961 -1.563171 0.256080
glass
0 -109.925923 -35.355339 37.135480 -0.109575 -0.865960 0.487961 -1.717593 0.580242
0 -100.042932 -48.296291 16.389128 -0.109575 -0.865960 0.487961 -1.563171 0.256080
0 -105.489184 -35.355339 38.131783 -0.109575 -0.865960 0.487961 -1.648268 0.595809
glass
0 -105.553093 -48.296291 15.151780 0.000000 -1.000000 0.000000 -1.649267 0.236747
0 -100.503784 -48.296291 -10.232811 0.000000 -1.000000 0.000000 -1.570372 -0.159888
0 -93.754142 -48.296291 -8.717129 0.000000 -1.000000 0.000000 -1.464908 -0.136205
glass
0 -105.553093 -48.296291 15.151780 0.000000 -1.000000 0.000000 -1.649267 0.236747
0 -93.754142 -48.296291 -8.717129 0.000000 -1.000000 0.000000 -1.464908 -0.136205
0 -100.042932 -48.296291 16.389128 0.000000 -1.000000 0.000000 -1.563171 0.256080
glass
0 -100.503784 -48.296291 -10.232811 0.109575 -0.865960 -0.487961 -1.570372 -0.159888
0 -96.130954 -35.355339 -32.216512 0.109575 -0.865960 -0.487961 -1.502046 -0.503383
0 -88.307890 -35.355339 -30.459784 0.109575 -0.865960 -0.487961 -1.379811 -0.475934
glass
0 -100.503784 -48.296291 -10.232811 0.109575 -0.865960 -0.487961 -1.570372 -0.159888
0 -88.307890 -35.355339 -30.459784 0.109575 -0.865960 -0.487961 -1.379811 -0.475934
0 -93.754142 -48.296291 -8.717129 0.109575 -0.865960 -0.487961 -1.464908 -0.136205
glass
0 -96.130954 -35.355339 -32.216512 0.189762 -0.499887 -0.845046 -1.502046 -0.552427
0 -93.606300 -12.940952 -44.908808 0.189762 -0.499887 -0.845046 -1.462598 -0.202202
0 -85.163495 -12.940952 -43.012912 0.189762 -0.499887 -0.845046 -1.330680 -0.202202
glass
0 -96.130954 -35.355339 -32.216512 0.189762 -0.499887 -0.845046 -1.502046 -0.552427
0 -85.163495 -12.940952 -43.012912 0.189762 -0.499887 -0.845046 -1.330680 -0.202202
0 -88.307890 -35.355339 -30.459784 0.189762 -0.499887 -0.845046 -1.379811 -0.552427
glass
0 -93.606300 -12.940952 -44.908808 0.219101 -0.000000 -0.975702 -1.462598 -0.202202
0 -93.606300 12.940952 -44.908808 0.219101 -0.000000 -0.975702 -1.462598 0.202202
0 -85.163495 12.940952 -43.012912 0.219101 -0.000000 -0.975702 -1.330680 0.202202
glass
0 -93.606300 -12.940952 -44.908808 0.219101 -0.000000 -0.975702 -1.462598 -0.202202
0 -85.163495 12.940952 -43.012912 0.219101 -0.000000 -0.975702 -1.330680 0.202202
0 -85.163495 -12.940952 -43.012912 0.219101 -0.000000 -0.975702 -1.330680 -0.202202
glass
0 -93.606300 12.940952 -44.908808 0.189762 0.499887 -0.845046 -1.462598 0.202202
0 -96.130954 35.355339 -32.216512 0.189762 0.499887 -0.845046 -1.502046 0.552427
0 -88.307890 35.355339 -30.459784 0.189762 0.499887 -0.845046 -1.379811 0.552427
glass
0 -93.606300 12.940952 -44.908808 0.189762 0.499887 -0.845046 -1.462598 0.202202
0 -88.307890 35.355339 -30.459784 0.189762 0.499887 -0.845046 -1.379811 0.552427
0 -85.163495 12.940952 -43.012912 0.189762 0.499887 -0.845046 -1.330680 0.202202
glass
0 -96.130954 35.355339 -32.216512 0.109575 0.865960 -0.487961 -1.502046 -0.503383
0 -100.503784 48.296291 -10.232811 0.109575 0.865960 -0.487961 -1.570372 -0.159888
0 -93.754142 48.296291 -8.717129 0.109575 0.865960 -0.487961 -1.464908 -0.136205
glass
0 -96.130954 35.355339 -32.216512 0.109575 0.865960 -0.487961 -1.502046 -0.503383
0 -93.754142 48.296291 -8.717129 0.109575 0.865960 -0.487961 -1.464908 -0.136205
0 -88.307890 35.355339 -30.459784 0.109575 0.865960 -0.487961 -1.379811 -0.475934
glass
0 -100.503784 48.296291 -10.232811 0.000000 1.000000 -0.000000 -1.570372 -0.159888
0 -105.553093 48.296291 15.151780 0.000000 1.000000 -0.000000 -1.649267 0.236747
0 -100.042932 48.296291 16.389128 0.000000 1.000000 -0.000000 -1.563171 0.256080
glass
0 -100.503784 48.296291 -10.232811 0.000000 1.000000 -0.000000 -1.570372 -0.159888
0 -100.042932 48.296291 16.389128 0.000000 1.000000 -0.000000 -1.563171 0.256080
0 -93.754142 48.296291 -8.717129 0.000000 1.000000 -0.000000 -1.464908 -0.136205
collar_dark
0 -87.713886 -37.800000 -32.831182 0.266713 0.000000 -0.963776 -1.370529 -0.590625
0 -87.713886 -34.200000 -32.831182 0.266713 0.000000 -0.963776 -1.370529 -0.534375
0 -79.870801 -34.200000 -30.660708 0.266713 0.000000 -0.963776 -1.247981 -0.534375
collar_dark
0 -87.713886 -37.800000 -32.831182 0.266713 0.000000 -0.963776 -1.370529 -0.590625
0 -79.870801 -34.200000 -30.660708 0.266713 0.000000 -0.963776 -1.247981 -0.534375
0 -79.870801 -37.800000 -30.660708 0.266713 0.000000 -0.963776 -1.247981 -0.590625
collar_dark
0 -87.713886 -34.200000 -32.831182 0.000000 1.000000 0.000000 -1.370529 -0.512987
0 -88.588615 -34.200000 -29.339069 0.000000 1.000000 0.000000 -1.384197 -0.458423
0 -80.915825 -34.200000 -27.215722 0.000000 1.000000 0.000000 -1.264310 -0.425246
collar_dark
0 -87.713886 -34.200000 -32.831182 0.000000 1.000000 0.000000 -1.370529 -0.512987
0 -80.915825 -34.200000 -27.215722 0.000000 1.000000 0.000000 -1.264310 -0.425246
0 -79.870801 -34.200000 -30.660708 0.000000 1.000000 0.000000 -1.247981 -0.479074
collar_dark
0 -88.588615 -34.200000 -29.339069 -0.266713 0.000000 0.963776 -1.384197 -0.534375
0 -88.588615 -37.800000 -29.339069 -0.266713 0.000000 0.963776 -1.384197 -0.590625
0 -80.915825 -37.800000 -27.215722 -0.266713 0.000000 0.963776 -1.264310 -0.590625
collar_dark
0 -88.588615 -34.200000 -29.339069 -0.266713 0.000000 0.963776 -1.384197 -0.534375
0 -80.915825 -37.800000 -27.215722 -0.266713 0.000000 0.963776 -1.264310 -0.590625
0 -80.915825 -34.200000 -27.215722 -0.266713 0.000000 0.963776 -1.264310 -0.534375
collar_dark
0 -88.588615 -37.800000 -29.339069 0.000000 -1.000000 0.000000 -1.384197 -0.458423
0 -87.713886 -37.800000 -32.831182 0.000000 -1.000000 0.000000 -1.370529 -0.512987
0 -79.870801 -37.800000 -30.660708 0.000000 -1.000000 0.000000 -1.247981 -0.479074
collar_dark
0 -88.588615 -37.800000 -29.339069 0.000000 -1.000000 0.000000 -1.384197 -0.458423
0 -79.870801 -37.800000 -30.660708 0.000000 -1.000000 0.000000 -1.247981 -0.479074
0 -80.915825 -37.800000 -27.215722 0.000000 -1.000000 0.000000 -1.264310 -0.425246
collar_dark
0 -105.208459 -37.800000 37.011068 0.266713 0.000000 -0.963776 -1.643882 -0.590625
0 -105.208459 -34.200000 37.011068 0.266713 0.000000 -0.963776 -1.643882 -0.534375
0 -100.771297 -34.200000 38.238997 0.266713 0.000000 -0.963776 -1.574552 -0.534375
collar_dark
0 -105.208459 -37.800000 37.011068 0.266713 0.000000 -0.963776 -1.643882 -0.590625
0 -100.771297 -34.200000 38.238997 0.266713 0.000000 -0.963776 -1.574552 -0.534375
0 -100.771297 -37.800000 38.238997 0.266713 0.000000 -0.963776 -1.574552 -0.590625
collar_dark
0 -105.208459 -34.200000 37.011068 0.000000 1.000000 0.000000 -1.643882 0.578298
0 -106.083188 -34.200000 40.503181 0.000000 1.000000 0.000000 -1.657550 0.632862
0 -101.816322 -34.200000 41.683982 0.000000 1.000000 0.000000 -1.590880 0.651312
collar_dark
0 -105.208459 -34.200000 37.011068 0.000000 1.000000 0.000000 -1.643882 0.578298
0 -101.816322 -34.200000 41.683982 0.000000 1.000000 0.000000 -1.590880 0.651312
0 -100.771297 -34.200000 38.238997 0.000000 1.000000 0.000000 -1.574552 0.597484
collar_dark
0 -106.083188 -34.200000 40.503181 -0.266713 0.000000 0.963776 -1.657550 -0.534375
0 -106.083188 -37.800000 40.503181 -0.266713 0.000000 0.963776 -1.657550 -0.590625
0 -101.816322 -37.800000 41.683982 -0.266713 0.000000 0.963776 -1.590880 -0.590625
collar_dark
0 -106.083188 -34.200000 40.503181 -0.266713 0.000000 0.963776 -1.657550 -0.534375
0 -101.816322 -37.800000 41.683982 -0.266713 0.000000 0.963776 -1.590880 -0.590625
0 -101.816322 -34.200000 41.683982 -0.266713 0.000000 0.963776 -1.590880 -0.534375
collar_dark
0 -106.083188 -37.800000 40.503181 0.000000 -1.000000 0.000000 -1.657550 0.632862
0 -105.208459 -37.800000 37.011068 0.000000 -1.000000 0.000000 -1.643882 0.578298
0 -100.771297 -37.800000 38.238997 0.000000 -1.000000 0.000000 -1.574552 0.597484
collar_dark
0 -106.083188 -37.800000 40.503181 0.000000 -1.000000 0.000000 -1.657550 0.632862
0 -100.771297 -37.800000 38.238997 0.000000 -1.000000 0.000000 -1.574552 0.597484
0 -101.816322 -37.800000 41.683982 0.000000 -1.000000 0.000000 -1.590880 0.651312
collar_dark
0 -87.713886 34.200000 -32.831182 0.266713 0.000000 -0.963776 -1.370529 0.534375
0 -87.713886 37.800000 -32.831182 0.266713 0.000000 -0.963776 -1.370529 0.590625
0 -79.870801 37.800000 -30.660708 0.266713 0.000000 -0.963776 -1.247981 0.590625
collar_dark
0 -87.713886 34.200000 -32.831182 0.266713 0.000000 -0.963776 -1.370529 0.534375
0 -79.870801 37.800000 -30.660708 0.266713 0.000000 -0.963776 -1.247981 0.590625
0 -79.870801 34.200000 -30.660708 0.266713 0.000000 -0.963776 -1.247981 0.534375
collar_dark
0 -87.713886 37.800000 -32.831182 0.000000 1.000000 0.000000 -1.370529 -0.512987
0 -88.588615 37.800000 -29.339069 0.000000 1.000000 0.000000 -1.384197 -0.458423
0 -80.915825 37.800000 -27.215722 0.000000 1.000000 0.000000 -1.264310 -0.425246
collar_dark
0 -87.713886 37.800000 -32.831182 0.000000 1.000000 0.000000 -1.370529 -0.512987
0 -80.915825 37.800000 -27.215722 0.000000 1.000000 0.000000 -1.264310 -0.425246
0 -79.870801 37.800000 -30.660708 0.000000 1.000000 0.000000 -1.247981 -0.479074
collar_dark
0 -88.588615 37.800000 -29.339069 -0.266713 0.000000 0.963776 -1.384197 0.590625
0 -88.588615 34.200000 -29.339069 -0.266713 0.000000 0.963776 -1.384197 0.534375
0 -80.915825 34.200000 -27.215722 -0.266713 0.000000 0.963776 -1.264310 0.534375
collar_dark
0 -88.588615 37.800000 -29.339069 -0.266713 0.000000 0.963776 -1.384197 0.590625
0 -80.915825 34.200000 -27.215722 -0.266713 0.000000 0.963776 -1.264310 0.534375
0 -80.915825 37.800000 -27.215722 -0.266713 0.000000 0.963776 -1.264310 0.590625
collar_dark
0 -88.588615 34.200000 -29.339069 0.000000 -1.000000 0.000000 -1.384197 -0.458423
0 -87.713886 34.200000 -32.831182 0.000000 -1.000000 0.000000 -1.370529 -0.512987
0 -79.870801 34.200000 -30.660708 0.000000 -1.000000 0.000000 -1.247981 -0.479074
collar_dark
0 -88.588615 34.200000 -29.339069 0.000000 -1.000000 0.000000 -1.384197 -0.458423
0 -79.870801 34.200000 -30.660708 0.000000 -1.000000 0.000000 -1.247981 -0.479074
0 -80.915825 34.200000 -27.215722 0.000000 -1.000000 0.000000 -1.264310 -0.425246
collar_dark
0 -105.208459 34.200000 37.011068 0.266713 0.000000 -0.963776 -1.643882 0.534375
0 -105.208459 37.800000 37.011068 0.266713 0.000000 -0.963776 -1.643882 0.590625
0 -100.771297 37.800000 38.238997 0.266713 0.000000 -0.963776 -1.574552 0.590625
collar_dark
0 -105.208459 34.200000 37.011068 0.266713 0.000000 -0.963776 -1.643882 0.534375
0 -100.771297 37.800000 38.238997 0.266713 0.000000 -0.963776 -1.574552 0.590625
0 -100.771297 34.200000 38.238997 0.266713 0.000000 -0.963776 -1.574552 0.534375
collar_dark
0 -105.208459 37.800000 37.011068 0.000000 1.000000 0.000000 -1.643882 0.578298
0 -106.083188 37.800000 40.503181 0.000000 1.000000 0.000000 -1.657550 0.632862
0 -101.816322 37.800000 41.683982 0.000000 1.000000 0.000000 -1.590880 0.651312
collar_dark
0 -105.208459 37.800000 37.011068 0.000000 1.000000 0.000000 -1.643882 0.578298
0 -101.816322 37.800000 41.683982 0.000000 1.000000 0.000000 -1.590880 0.651312
0 -100.771297 37.800000 38.238997 0.000000 1.000000 0.000000 -1.574552 0.597484
collar_dark
0 -106.083188 37.800000 40.503181 -0.266713 0.000000 0.963776 -1.657550 0.590625
0 -106.083188 34.200000 40.503181 -0.266713 0.000000 0.963776 -1.657550 0.534375
0 -101.816322 34.200000 41.683982 -0.266713 0.000000 0.963776 -1.590880 0.534375
collar_dark
0 -106.083188 37.800000 40.503181 -0.266713 0.000000 0.963776 -1.657550 0.590625
0 -101.816322 34.200000 41.683982 -0.266713 0.000000 0.963776 -1.590880 0.534375
0 -101.816322 37.800000 41.683982 -0.266713 0.000000 0.963776 -1.590880 0.590625
collar_dark
0 -106.083188 34.200000 40.503181 0.000000 -1.000000 0.000000 -1.657550 0.632862
0 -105.208459 34.200000 37.011068 0.000000 -1.000000 0.000000 -1.643882 0.578298
0 -100.771297 34.200000 38.238997 0.000000 -1.000000 0.000000 -1.574552 0.597484
collar_dark
0 -106.083188 34.200000 40.503181 0.000000 -1.000000 0.000000 -1.657550 0.632862
0 -100.771297 34.200000 38.238997 0.000000 -1.000000 0.000000 -1.574552 0.597484
0 -101.816322 34.200000 41.683982 0.000000 -1.000000 0.000000 -1.590880 0.651312
glass
0 -100.042932 48.296291 16.389128 -0.133387 0.865960 0.481997 -1.563171 0.256080
0 -105.489184 35.355339 38.131783 -0.133387 0.865960 0.481997 -1.648268 0.595809
0 -101.106674 35.355339 39.344587 -0.133387 0.865960 0.481997 -1.579792 0.614759
glass
0 -100.042932 48.296291 16.389128 -0.133387 0.865960 0.481997 -1.563171 0.256080
0 -101.106674 35.355339 39.344587 -0.133387 0.865960 0.481997 -1.579792 0.614759
0 -94.600121 48.296291 17.895356 -0.133387 0.865960 0.481997 -1.478127 0.279615
glass
0 -105.489184 35.355339 38.131783 -0.230997 0.499887 0.834717 -1.648268 0.552427
0 -108.633579 12.940952 50.684912 -0.230997 0.499887 0.834717 -1.697400 0.202202
0 -104.863235 12.940952 51.728306 -0.230997 0.499887 0.834717 -1.638488 0.202202
glass
0 -105.489184 35.355339 38.131783 -0.230997 0.499887 0.834717 -1.648268 0.552427
0 -104.863235 12.940952 51.728306 -0.230997 0.499887 0.834717 -1.638488 0.202202
0 -101.106674 35.355339 39.344587 -0.230997 0.499887 0.834717 -1.579792 0.552427
glass
0 -108.633579 12.940952 50.684912 -0.266713 0.000000 0.963776 -1.697400 0.202202
0 -108.633579 -12.940952 50.684912 -0.266713 0.000000 0.963776 -1.697400 -0.202202
0 -104.863235 -12.940952 51.728306 -0.266713 0.000000 0.963776 -1.638488 -0.202202
glass
0 -108.633579 12.940952 50.684912 -0.266713 0.000000 0.963776 -1.697400 0.202202
0 -104.863235 -12.940952 51.728306 -0.266713 0.000000 0.963776 -1.638488 -0.202202
0 -104.863235 12.940952 51.728306 -0.266713 0.000000 0.963776 -1.638488 0.202202
glass
0 -108.633579 -12.940952 50.684912 -0.230997 -0.499887 0.834717 -1.697400 -0.202202
0 -105.489184 -35.355339 38.131783 -0.230997 -0.499887 0.834717 -1.648268 -0.552427
0 -101.106674 -35.355339 39.344587 -0.230997 -0.499887 0.834717 -1.579792 -0.552427
glass
0 -108.633579 -12.940952 50.684912 -0.230997 -0.499887 0.834717 -1.697400 -0.202202
0 -101.106674 -35.355339 39.344587 -0.230997 -0.499887 0.834717 -1.579792 -0.552427
0 -104.863235 -12.940952 51.728306 -0.230997 -0.499887 0.834717 -1.638488 -0.202202
glass
0 -105.489184 -35.355339 38.131783 -0.133387 -0.865960 0.481997 -1.648268 0.595809
0 -100.042932 -48.296291 16.389128 -0.133387 -0.865960 0.481997 -1.563171 0.256080
0 -94.600121 -48.296291 17.895356 -0.133387 -0.865960 0.481997 -1.478127 0.279615
glass
0 -105.489184 -35.355339 38.131783 -0.133387 -0.865960 0.481997 -1.648268 0.595809
0 -94.600121 -48.296291 17.895356 -0.133387 -0.865960 0.481997 -1.478127 0.279615
0 -101.106674 -35.355339 39.344587 -0.133387 -0.865960 0.481997 -1.579792 0.614759
glass
0 -100.042932 -48.296291 16.389128 0.000000 -1.000000 0.000000 -1.563171 0.256080
0 -93.754142 -48.296291 -8.717129 0.000000 -1.000000 0.000000 -1.464908 -0.136205
0 -87.087001 -48.296291 -6.872082 0.000000 -1.000000 0.000000 -1.360734 -0.107376
glass
0 -100.042932 -48.296291 16.389128 0.000000 -1.000000 0.000000 -1.563171 0.256080
0 -87.087001 -48.296291 -6.872082 0.000000 -1.000000 0.000000 -1.360734 -0.107376
0 -94.600121 -48.296291 17.895356 0.000000 -1.000000 0.000000 -1.478127 0.279615
glass
0 -93.754142 -48.296291 -8.717129 0.133387 -0.865960 -0.481997 -1.464908 -0.136205
0 -88.307890 -35.355339 -30.459784 0.133387 -0.865960 -0.481997 -1.379811 -0.475934
0 -80.580448 -35.355339 -28.321313 0.133387 -0.865960 -0.481997 -1.259070 -0.442521
glass
0 -93.754142 -48.296291 -8.717129 0.133387 -0.865960 -0.481997 -1.464908 -0.136205
0 -80.580448 -35.355339 -28.321313 0.133387 -0.865960 -0.481997 -1.259070 -0.442521
0 -87.087001 -48.296291 -6.872082 0.133387 -0.865960 -0.481997 -1.360734 -0.107376
glass
0 -88.307890 -35.355339 -30.459784 0.230997 -0.499887 -0.834717 -1.379811 -0.552427
0 -85.163495 -12.940952 -43.012912 0.230997 -0.499887 -0.834717 -1.330680 -0.202202
0 -76.823888 -12.940952 -40.705032 0.230997 -0.499887 -0.834717 -1.200373 -0.202202
glass
0 -88.307890 -35.355339 -30.459784 0.230997 -0.499887 -0.834717 -1.379811 -0.552427
0 -76.823888 -12.940952 -40.705032 0.230997 -0.499887 -0.834717 -1.200373 -0.202202
0 -80.580448 -35.355339 -28.321313 0.230997 -0.499887 -0.834717 -1.259070 -0.552427
glass
0 -85.163495 -12.940952 -43.012912 0.266713 -0.000000 -0.963776 -1.330680 -0.202202
0 -85.163495 12.940952 -43.012912 0.266713 -0.000000 -0.963776 -1.330680 0.202202
0 -76.823888 12.940952 -40.705032 0.266713 -0.000000 -0.963776 -1.200373 0.202202
glass
0 -85.163495 -12.940952 -43.012912 0.266713 -0.000000 -0.963776 -1.330680 -0.202202
0 -76.823888 12.940952 -40.705032 0.266713 -0.000000 -0.963776 -1.200373 0.202202
0 -76.823888 -12.940952 -40.705032 0.266713 -0.000000 -0.963776 -1.200373 -0.202202
glass
0 -85.163495 12.940952 -43.012912 0.230997 0.499887 -0.834717 -1.330680 0.202202
0 -88.307890 35.355339 -30.459784 0.230997 0.499887 -0.834717 -1.379811 0.552427
0 -80.580448 35.355339 -28.321313 0.230997 0.499887 -0.834717 -1.259070 0.552427
glass
0 -85.163495 12.940952 -43.012912 0.230997 0.499887 -0.834717 -1.330680 0.202202
0 -80.580448 35.355339 -28.321313 0.230997 0.499887 -0.834717 -1.259070 0.552427
0 -76.823888 12.940952 -40.705032 0.230997 0.499887 -0.834717 -1.200373 0.202202
glass
0 -88.307890 35.355339 -30.459784 0.133387 0.865960 -0.481997 -1.379811 -0.475934
0 -93.754142 48.296291 -8.717129 0.133387 0.865960 -0.481997 -1.464908 -0.136205
0 -87.087001 48.296291 -6.872082 0.133387 0.865960 -0.481997 -1.360734 -0.107376
glass
0 -88.307890 35.355339 -30.459784 0.133387 0.865960 -0.481997 -1.379811 -0.475934
0 -87.087001 48.296291 -6.872082 0.133387 0.865960 -0.481997 -1.360734 -0.107376
0 -80.580448 35.355339 -28.321313 0.133387 0.865960 -0.481997 -1.259070 -0.442521
glass
0 -93.754142 48.296291 -8.717129 0.000000 1.000000 -0.000000 -1.464908 -0.136205
0 -100.042932 48.296291 16.389128 0.000000 1.000000 -0.000000 -1.563171 0.256080
0 -94.600121 48.296291 17.895356 0.000000 1.000000 -0.000000 -1.478127 0.279615
glass
0 -93.754142 48.296291 -8.717129 0.000000 1.000000 -0.000000 -1.464908 -0.136205
0 -94.600121 48.296291 17.895356 0.000000 1.000000 -0.000000 -1.478127 0.279615
0 -87.087001 48.296291 -6.872082 0.000000 1.000000 -0.000000 -1.360734 -0.107376
collar_dark
0 -79.870801 -37.800000 -30.660708 0.313682 0.000000 -0.949528 -1.247981 -0.590625
0 -79.870801 -34.200000 -30.660708 0.313682 0.000000 -0.949528 -1.247981 -0.534375
0 -72.143662 -34.200000 -28.108006 0.313682 0.000000 -0.949528 -1.127245 -0.534375
collar_dark
0 -79.870801 -37.800000 -30.660708 0.313682 0.000000 -0.949528 -1.247981 -0.590625
0 -72.143662 -34.200000 -28.108006 0.313682 0.000000 -0.949528 -1.127245 -0.534375
0 -72.143662 -37.800000 -28.108006 0.313682 0.000000 -0.949528 -1.127245 -0.590625
collar_dark
0 -79.870801 -34.200000 -30.660708 0.000000 1.000000 0.000000 -1.247981 -0.479074
0 -80.915825 -34.200000 -27.215722 0.000000 1.000000 0.000000 -1.264310 -0.425246
0 -73.356466 -34.200000 -24.718447 0.000000 1.000000 0.000000 -1.146195 -0.386226
collar_dark
0 -79.870801 -34.200000 -30.660708 0.000000 1.000000 0.000000 -1.247981 -0.479074
0 -73.356466 -34.200000 -24.718447 0.000000 1.000000 0.000000 -1.146195 -0.386226
0 -72.143662 -34.200000 -28.108006 0.000000 1.000000 0.000000 -1.127245 -0.439188
collar_dark
0 -80.915825 -34.200000 -27.215722 -0.313682 0.000000 0.949528 -1.264310 -0.534375
0 -80.915825 -37.800000 -27.215722 -0.313682 0.000000 0.949528 -1.264310 -0.590625
0 -73.356466 -37.800000 -24.718447 -0.313682 0.000000 0.949528 -1.146195 -0.590625
collar_dark
0 -80.915825 -34.200000 -27.215722 -0.313682 0.000000 0.949528 -1.264310 -0.534375
0 -73.356466 -37.800000 -24.718447 -0.313682 0.000000 0.949528 -1.146195 -0.590625
0 -73.356466 -34.200000 -24.718447 -0.313682 0.000000 0.949528 -1.146195 -0.534375
collar_dark
0 -80.915825 -37.800000 -27.215722 0.000000 -1.000000 0.000000 -1.264310 -0.425246
0 -79.870801 -37.800000 -30.660708 0.000000 -1.000000 0.000000 -1.247981 -0.479074
0 -72.143662 -37.800000 -28.108006 0.000000 -1.000000 0.000000 -1.127245 -0.439188
collar_dark
0 -80.915825 -37.800000 -27.215722 0.000000 -1.000000 0.000000 -1.264310 -0.425246
0 -72.143662 -37.800000 -28.108006 0.000000 -1.000000 0.000000 -1.127245 -0.439188
0 -73.356466 -37.800000 -24.718447 0.000000 -1.000000 0.000000 -1.146195 -0.386226
collar_dark
0 -100.771297 -37.800000 38.238997 0.313682 0.000000 -0.949528 -1.574552 -0.590625
0 -100.771297 -34.200000 38.238997 0.313682 0.000000 -0.949528 -1.574552 -0.534375
0 -96.399732 -34.200000 39.683167 0.313682 0.000000 -0.949528 -1.506246 -0.534375
collar_dark
0 -100.771297 -37.800000 38.238997 0.313682 0.000000 -0.949528 -1.574552 -0.590625
0 -96.399732 -34.200000 39.683167 0.313682 0.000000 -0.949528 -1.506246 -0.534375
0 -96.399732 -37.800000 39.683167 0.313682 0.000000 -0.949528 -1.506246 -0.590625
collar_dark
0 -100.771297 -34.200000 38.238997 0.000000 1.000000 0.000000 -1.574552 0.597484
0 -101.816322 -34.200000 41.683982 0.000000 1.000000 0.000000 -1.590880 0.651312
0 -97.612535 -34.200000 43.072725 0.000000 1.000000 0.000000 -1.525196 0.673011
collar_dark
0 -100.771297 -34.200000 38.238997 0.000000 1.000000 0.000000 -1.574552 0.597484
0 -97.612535 -34.200000 43.072725 0.000000 1.000000 0.000000 -1.525196 0.673011
0 -96.399732 -34.200000 39.683167 0.000000 1.000000 0.000000 -1.506246 0.620049
collar_dark
0 -101.816322 -34.200000 41.683982 -0.313682 0.000000 0.949528 -1.590880 -0.534375
0 -101.816322 -37.800000 41.683982 -0.313682 0.000000 0.949528 -1.590880 -0.590625
0 -97.612535 -37.800000 43.072725 -0.313682 0.000000 0.949528 -1.525196 -0.590625
collar_dark
0 -101.816322 -34.200000 41.683982 -0.313682 0.000000 0.949528 -1.590880 -0.534375
0 -97.612535 -37.800000 43.072725 -0.313682 0.000000 0.949528 -1.525196 -0.590625
0 -97.612535 -34.200000 43.072725 -0.313682 0.000000 0.949528 -1.525196 -0.534375
collar_dark
0 -101.816322 -37.800000 41.683982 0.000000 -1.000000 0.000000 -1.590880 0.651312
0 -100.771297 -37.800000 38.238997 0.000000 -1.000000 0.000000 -1.574552 0.597484
0 -96.399732 -37.800000 39.683167 0.000000 -1.000000 0.000000 -1.506246 0.620049
collar_dark
0 -101.816322 -37.800000 41.683982 0.000000 -1.000000 0.000000 -1.590880 0.651312
0 -96.399732 -37.800000 39.683167 0.000000 -1.000000 0.000000 -1.506246 0.620049
0 -97.612535 -37.800000 43.072725 0.000000 -1.000000 0.000000 -1.525196 0.673011
collar_dark
0 -79.870801 34.200000 -30.660708 0.313682 0.000000 -0.949528 -1.247981 0.534375
0 -79.870801 37.800000 -30.660708 0.313682 0.000000 -0.949528 -1.247981 0.590625
0 -72.143662 37.800000 -28.108006 0.313682 0.000000 -0.949528 -1.127245 0.590625
collar_dark
0 -79.870801 34.200000 -30.660708 0.313682 0.000000 -0.949528 -1.247981 0.534375
0 -72.143662 37.800000 -28.108006 0.313682 0.000000 -0.949528 -1.127245 0.590625
0 -72.143662 34.200000 -28.108006 0.313682 0.000000 -0.949528 -1.127245 0.534375
collar_dark
0 -79.870801 37.800000 -30.660708 0.000000 1.000000 0.000000 -1.247981 -0.479074
0 -80.915825 37.800000 -27.215722 0.000000 1.000000 0.000000 -1.264310 -0.425246
0 -73.356466 37.800000 -24.718447 0.000000 1.000000 0.000000 -1.146195 -0.386226
collar_dark
0 -79.870801 37.800000 -30.660708 0.000000 1.000000 0.000000 -1.247981 -0.479074
0 -73.356466 37.800000 -24.718447 0.000000 1.000000 0.000000 -1.146195 -0.386226
0 -72.143662 37.800000 -28.108006 0.000000 1.000000 0.000000 -1.127245 -0.439188
collar_dark
0 -80.915825 37.800000 -27.215722 -0.313682 0.000000 0.949528 -1.264310 0.590625
0 -80.915825 34.200000 -27.215722 -0.313682 0.000000 0.949528 -1.264310 0.534375
0 -73.356466 34.200000 -24.718447 -0.313682 0.000000 0.949528 -1.146195 0.534375
collar_dark
0 -80.915825 37.800000 -27.215722 -0.313682 0.000000 0.949528 -1.264310 0.590625
0 -73.356466 34.200000 -24.718447 -0.313682 0.000000 0.949528 -1.146195 0.534375
0 -73.356466 37.800000 -24.718447 -0.313682 0.000000 0.949528 -1.146195 0.590625
collar_dark
0 -80.915825 34.200000 -27.215722 0.000000 -1.000000 0.000000 -1.264310 -0.425246
0 -79.870801 34.200000 -30.660708 0.000000 -1.000000 0.000000 -1.247981 -0.479074
0 -72.143662 34.200000 -28.108006 0.000000 -1.000000 0.000000 -1.127245 -0.439188
collar_dark
0 -80.915825 34.200000 -27.215722 0.000000 -1.000000 0.000000 -1.264310 -0.425246
0 -72.143662 34.200000 -28.108006 0.000000 -1.000000 0.000000 -1.127245 -0.439188
0 -73.356466 34.200000 -24.718447 0.000000 -1.000000 0.000000 -1.146195 -0.386226
collar_dark
0 -100.771297 34.200000 38.238997 0.313682 0.000000 -0.949528 -1.574552 0.534375
0 -100.771297 37.800000 38.238997 0.313682 0.000000 -0.949528 -1.574552 0.590625
0 -96.399732 37.800000 39.683167 0.313682 0.000000 -0.949528 -1.506246 0.590625
collar_dark
0 -100.771297 34.200000 38.238997 0.313682 0.000000 -0.949528 -1.574552 0.534375
0 -96.399732 37.800000 39.683167 0.313682 0.000000 -0.949528 -1.506246 0.590625
0 -96.399732 34.200000 39.683167 0.313682 0.000000 -0.949528 -1.506246 0.534375
collar_dark
0 -100.771297 37.800000 38.238997 0.000000 1.000000 0.000000 -1.574552 0.597484
0 -101.816322 37.800000 41.683982 0.000000 1.000000 0.000000 -1.590880 0.651312
0 -97.612535 37.800000 43.072725 0.000000 1.000000 0.000000 -1.525196 0.673011
collar_dark
0 -100.771297 37.800000 38.238997 0.000000 1.000000 0.000000 -1.574552 0.597484
0 -97.612535 37.800000 43.072725 0.000000 1.000000 0.000000 -1.525196 0.673011
0 -96.399732 37.800000 39.683167 0.000000 1.000000 0.000000 -1.506246 0.620049
collar_dark
0 -101.816322 37.800000 41.683982 -0.313682 0.000000 0.949528 -1.590880 0.590625
0 -101.816322 34.200000 41.683982 -0.313682 0.000000 0.949528 -1.590880 0.534375
0 -97.612535 34.200000 43.072725 -0.313682 0.000000 0.949528 -1.525196 0.534375
collar_dark
0 -101.816322 37.800000 41.683982 -0.313682 0.000000 0.949528 -1.590880 0.590625
0 -97.612535 34.200000 43.072725 -0.313682 0.000000 0.949528 -1.525196 0.534375
0 -97.612535 37.800000 43.072725 -0.313682 0.000000 0.949528 -1.525196 0.590625
collar_dark
0 -101.816322 34.200000 41.683982 0.000000 -1.000000 0.000000 -1.590880 0.651312
0 -100.771297 34.200000 38.238997 0.000000 -1.000000 0.000000 -1.574552 0.597484
0 -96.399732 34.200000 39.683167 0.000000 -1.000000 0.000000 -1.506246 0.620049
collar_dark
0 -101.816322 34.200000 41.683982 0.000000 -1.000000 0.000000 -1.590880 0.651312
0 -96.399732 34.200000 39.683167 0.000000 -1.000000 0.000000 -1.506246 0.620049
0 -97.612535 34.200000 43.072725 0.000000 -1.000000 0.000000 -1.525196 0.673011
glass
0 -94.600121 48.296291 17.895356 -0.156876 0.865960 0.474871 -1.478127 0.279615
0 -101.106674 35.355339 39.344587 -0.156876 0.865960 0.474871 -1.579792 0.614759
0 -96.788954 35.355339 40.770969 -0.156876 0.865960 0.474871 -1.512327 0.637046
glass
0 -94.600121 48.296291 17.895356 -0.156876 0.865960 0.474871 -1.478127 0.279615
0 -96.788954 35.355339 40.770969 -0.156876 0.865960 0.474871 -1.512327 0.637046
0 -89.237774 48.296291 19.666836 -0.156876 0.865960 0.474871 -1.394340 0.307294
glass
0 -101.106674 35.355339 39.344587 -0.271677 0.499887 0.822377 -1.579792 0.552427
0 -104.863235 12.940952 51.728306 -0.271677 0.499887 0.822377 -1.638488 0.202202
0 -101.148629 12.940952 52.955446 -0.271677 0.499887 0.822377 -1.580447 0.202202
glass
0 -101.106674 35.355339 39.344587 -0.271677 0.499887 0.822377 -1.579792 0.552427
0 -101.148629 12.940952 52.955446 -0.271677 0.499887 0.822377 -1.580447 0.202202
0 -96.788954 35.355339 40.770969 -0.271677 0.499887 0.822377 -1.512327 0.552427
glass
0 -104.863235 12.940952 51.728306 -0.313682 0.000000 0.949528 -1.638488 0.202202
0 -104.863235 -12.940952 51.728306 -0.313682 0.000000 0.949528 -1.638488 -0.202202
0 -101.148629 -12.940952 52.955446 -0.313682 0.000000 0.949528 -1.580447 -0.202202
glass
0 -104.863235 12.940952 51.728306 -0.313682 0.000000 0.949528 -1.638488 0.202202
0 -101.148629 -12.940952 52.955446 -0.313682 0.000000 0.949528 -1.580447 -0.202202
0 -101.148629 12.940952 52.955446 -0.313682 0.000000 0.949528 -1.580447 0.202202
glass
0 -104.863235 -12.940952 51.728306 -0.271677 -0.499887 0.822377 -1.638488 -0.202202
0 -101.106674 -35.355339 39.344587 -0.271677 -0.499887 0.822377 -1.579792 -0.552427
0 -96.788954 -35.355339 40.770969 -0.271677 -0.499887 0.822377 -1.512327 -0.552427
glass
0 -104.863235 -12.940952 51.728306 -0.271677 -0.499887 0.822377 -1.638488 -0.202202
0 -96.788954 -35.355339 40.770969 -0.271677 -0.499887 0.822377 -1.512327 -0.552427
0 -101.148629 -12.940952 52.955446 -0.271677 -0.499887 0.822377 -1.580447 -0.202202
glass
0 -101.106674 -35.355339 39.344587 -0.156876 -0.865960 0.474871 -1.579792 0.614759
0 -94.600121 -48.296291 17.895356 -0.156876 -0.865960 0.474871 -1.478127 0.279615
0 -89.237774 -48.296291 19.666836 -0.156876 -0.865960 0.474871 -1.394340 0.307294
glass
0 -101.106674 -35.355339 39.344587 -0.156876 -0.865960 0.474871 -1.579792 0.614759
0 -89.237774 -48.296291 19.666836 -0.156876 -0.865960 0.474871 -1.394340 0.307294
0 -96.788954 -35.355339 40.770969 -0.156876 -0.865960 0.474871 -1.512327 0.637046
glass
0 -94.600121 -48.296291 17.895356 0.000000 -1.000000 0.000000 -1.478127 0.279615
0 -87.087001 -48.296291 -6.872082 0.000000 -1.000000 0.000000 -1.360734 -0.107376
0 -80.518423 -48.296291 -4.702117 0.000000 -1.000000 0.000000 -1.258100 -0.073471
glass
0 -94.600121 -48.296291 17.895356 0.000000 -1.000000 0.000000 -1.478127 0.279615
0 -80.518423 -48.296291 -4.702117 0.000000 -1.000000 0.000000 -1.258100 -0.073471
0 -89.237774 -48.296291 19.666836 0.000000 -1.000000 0.000000 -1.394340 0.307294
glass
0 -87.087001 -48.296291 -6.872082 0.156876 -0.865960 -0.474871 -1.360734 -0.107376
0 -80.580448 -35.355339 -28.321313 0.156876 -0.865960 -0.474871 -1.259070 -0.442521
0 -72.967244 -35.355339 -25.806250 0.156876 -0.865960 -0.474871 -1.140113 -0.403223
glass
0 -87.087001 -48.296291 -6.872082 0.156876 -0.865960 -0.474871 -1.360734 -0.107376
0 -72.967244 -35.355339 -25.806250 0.156876 -0.865960 -0.474871 -1.140113 -0.403223
0 -80.518423 -48.296291 -4.702117 0.156876 -0.865960 -0.474871 -1.258100 -0.073471
glass
0 -80.580448 -35.355339 -28.321313 0.271677 -0.499887 -0.822377 -1.259070 -0.552427
0 -76.823888 -12.940952 -40.705032 0.271677 -0.499887 -0.822377 -1.200373 -0.202202
0 -68.607568 -12.940952 -37.990727 0.271677 -0.499887 -0.822377 -1.071993 -0.202202
glass
0 -80.580448 -35.355339 -28.321313 0.271677 -0.499887 -0.822377 -1.259070 -0.552427
0 -68.607568 -12.940952 -37.990727 0.271677 -0.499887 -0.822377 -1.071993 -0.202202
0 -72.967244 -35.355339 -25.806250 0.271677 -0.499887 -0.822377 -1.140113 -0.552427
glass
0 -76.823888 -12.940952 -40.705032 0.313682 -0.000000 -0.949528 -1.200373 -0.202202
0 -76.823888 12.940952 -40.705032 0.313682 -0.000000 -0.949528 -1.200373 0.202202
0 -68.607568 12.940952 -37.990727 0.313682 -0.000000 -0.949528 -1.071993 0.202202
glass
0 -76.823888 -12.940952 -40.705032 0.313682 -0.000000 -0.949528 -1.200373 -0.202202
0 -68.607568 12.940952 -37.990727 0.313682 -0.000000 -0.949528 -1.071993 0.202202
0 -68.607568 -12.940952 -37.990727 0.313682 -0.000000 -0.949528 -1.071993 -0.202202
glass
0 -76.823888 12.940952 -40.705032 0.271677 0.499887 -0.822377 -1.200373 0.202202
0 -80.580448 35.355339 -28.321313 0.271677 0.499887 -0.822377 -1.259070 0.552427
0 -72.967244 35.355339 -25.806250 0.271677 0.499887 -0.822377 -1.140113 0.552427
glass
0 -76.823888 12.940952 -40.705032 0.271677 0.499887 -0.822377 -1.200373 0.202202
0 -72.967244 35.355339 -25.806250 0.271677 0.499887 -0.822377 -1.140113 0.552427
0 -68.607568 12.940952 -37.990727 0.271677 0.499887 -0.822377 -1.071993 0.202202
glass
0 -80.580448 35.355339 -28.321313 0.156876 0.865960 -0.474871 -1.259070 -0.442521
0 -87.087001 48.296291 -6.872082 0.156876 0.865960 -0.474871 -1.360734 -0.107376
0 -80.518423 48.296291 -4.702117 0.156876 0.865960 -0.474871 -1.258100 -0.073471
glass
0 -80.580448 35.355339 -28.321313 0.156876 0.865960 -0.474871 -1.259070 -0.442521
0 -80.518423 48.296291 -4.702117 0.156876 0.865960 -0.474871 -1.258100 -0.073471
0 -72.967244 35.355339 -25.806250 0.156876 0.865960 -0.474871 -1.140113 -0.403223
glass
0 -87.087001 48.296291 -6.872082 0.000000 1.000000 -0.000000 -1.360734 -0.107376
0 -94.600121 48.296291 17.895356 0.000000 1.000000 -0.000000 -1.478127 0.279615
0 -89.237774 48.296291 19.666836 0.000000 1.000000 -0.000000 -1.394340 0.307294
glass
0 -87.087001 48.296291 -6.872082 0.000000 1.000000 -0.000000 -1.360734 -0.107376
0 -89.237774 48.296291 19.666836 0.000000 1.000000 -0.000000 -1.394340 0.307294
0 -80.518423 48.296291 -4.702117 0.000000 1.000000 -0.000000 -1.258100 -0.073471
collar_dark
0 -72.143662 -37.800000 -28.108006 0.359895 0.000000 -0.932993 -1.127245 -0.590625
0 -72.143662 -34.200000 -28.108006 0.359895 0.000000 -0.932993 -1.127245 -0.534375
0 -64.551087 -34.200000 -25.179226 0.359895 0.000000 -0.932993 -1.008611 -0.534375
collar_dark
0 -72.143662 -37.800000 -28.108006 0.359895 0.000000 -0.932993 -1.127245 -0.590625
0 -64.551087 -34.200000 -25.179226 0.359895 0.000000 -0.932993 -1.008611 -0.534375
0 -64.551087 -37.800000 -25.179226 0.359895 0.000000 -0.932993 -1.008611 -0.590625
collar_dark
0 -72.143662 -34.200000 -28.108006 0.000000 1.000000 0.000000 -1.127245 -0.439188
0 -73.356466 -34.200000 -24.718447 0.000000 1.000000 0.000000 -1.146195 -0.386226
0 -65.928747 -34.200000 -21.853260 0.000000 1.000000 0.000000 -1.030137 -0.341457
collar_dark
0 -72.143662 -34.200000 -28.108006 0.000000 1.000000 0.000000 -1.127245 -0.439188
0 -65.928747 -34.200000 -21.853260 0.000000 1.000000 0.000000 -1.030137 -0.341457
0 -64.551087 -34.200000 -25.179226 0.000000 1.000000 0.000000 -1.008611 -0.393425
collar_dark
0 -73.356466 -34.200000 -24.718447 -0.359895 0.000000 0.932993 -1.146195 -0.534375
0 -73.356466 -37.800000 -24.718447 -0.359895 0.000000 0.932993 -1.146195 -0.590625
0 -65.928747 -37.800000 -21.853260 -0.359895 0.000000 0.932993 -1.030137 -0.590625
collar_dark
0 -73.356466 -34.200000 -24.718447 -0.359895 0.000000 0.932993 -1.146195 -0.534375
0 -65.928747 -37.800000 -21.853260 -0.359895 0.000000 0.932993 -1.030137 -0.590625
0 -65.928747 -34.200000 -21.853260 -0.359895 0.000000 0.932993 -1.030137 -0.534375
collar_dark
0 -73.356466 -37.800000 -24.718447 0.000000 -1.000000 0.000000 -1.146195 -0.386226
0 -72.143662 -37.800000 -28.108006 0.000000 -1.000000 0.000000 -1.127245 -0.439188
0 -64.551087 -37.800000 -25.179226 0.000000 -1.000000 0.000000 -1.008611 -0.393425
collar_dark
0 -73.356466 -37.800000 -24.718447 0.000000 -1.000000 0.000000 -1.146195 -0.386226
0 -64.551087 -37.800000 -25.179226 0.000000 -1.000000 0.000000 -1.008611 -0.393425
0 -65.928747 -37.800000 -21.853260 0.000000 -1.000000 0.000000 -1.030137 -0.341457
collar_dark
0 -96.399732 -37.800000 39.683167 0.359895 0.000000 -0.932993 -1.506246 -0.590625
0 -96.399732 -34.200000 39.683167 0.359895 0.000000 -0.932993 -1.506246 -0.534375
0 -92.104294 -34.200000 41.340100 0.359895 0.000000 -0.932993 -1.439130 -0.534375
collar_dark
0 -96.399732 -37.800000 39.683167 0.359895 0.000000 -0.932993 -1.506246 -0.590625
0 -92.104294 -34.200000 41.340100 0.359895 0.000000 -0.932993 -1.439130 -0.534375
0 -92.104294 -37.800000 41.340100 0.359895 0.000000 -0.932993 -1.439130 -0.590625
collar_dark
0 -96.399732 -34.200000 39.683167 0.000000 1.000000 0.000000 -1.506246 0.620049
0 -97.612535 -34.200000 43.072725 0.000000 1.000000 0.000000 -1.525196 0.673011
0 -93.481954 -34.200000 44.666066 0.000000 1.000000 0.000000 -1.460656 0.697907
collar_dark
0 -96.399732 -34.200000 39.683167 0.000000 1.000000 0.000000 -1.506246 0.620049
0 -93.481954 -34.200000 44.666066 0.000000 1.000000 0.000000 -1.460656 0.697907
0 -92.104294 -34.200000 41.340100 0.000000 1.000000 0.000000 -1.439130 0.645939
collar_dark
0 -97.612535 -34.200000 43.072725 -0.359895 0.000000 0.932993 -1.525196 -0.534375
0 -97.612535 -37.800000 43.072725 -0.359895 0.000000 0.932993 -1.525196 -0.590625
0 -93.481954 -37.800000 44.666066 -0.359895 0.000000 0.932993 -1.460656 -0.590625
collar_dark
0 -97.612535 -34.200000 43.072725 -0.359895 0.000000 0.932993 -1.525196 -0.534375
0 -93.481954 -37.800000 44.666066 -0.359895 0.000000 0.932993 -1.460656 -0.590625
0 -93.481954 -34.200000 44.666066 -0.359895 0.000000 0.932993 -1.460656 -0.534375
collar_dark
0 -97.612535 -37.800000 43.072725 0.000000 -1.000000 0.000000 -1.525196 0.673011
0 -96.399732 -37.800000 39.683167 0.000000 -1.000000 0.000000 -1.506246 0.620049
0 -92.104294 -37.800000 41.340100 0.000000 -1.000000 0.000000 -1.439130 0.645939
collar_dark
0 -97.612535 -37.800000 43.072725 0.000000 -1.000000 0.000000 -1.525196 0.673011
0 -92.104294 -37.800000 41.340100 0.000000 -1.000000 0.000000 -1.439130 0.645939
0 -93.481954 -37.800000 44.666066 0.000000 -1.000000 0.000000 -1.460656 0.697907
collar_dark
0 -72.143662 34.200000 -28.108006 0.359895 0.000000 -0.932993 -1.127245 0.534375
0 -72.143662 37.800000 -28.108006 0.359895 0.000000 -0.932993 -1.127245 0.590625
0 -64.551087 37.800000 -25.179226 0.359895 0.000000 -0.932993 -1.008611 0.590625
collar_dark
0 -72.143662 34.200000 -28.108006 0.359895 0.000000 -0.932993 -1.127245 0.534375
0 -64.551087 37.800000 -25.179226 0.359895 0.000000 -0.932993 -1.008611 0.590625
0 -64.551087 34.200000 -25.179226 0.359895 0.000000 -0.932993 -1.008611 0.534375
collar_dark
0 -72.143662 37.800000 -28.108006 0.000000 1.000000 0.000000 -1.127245 -0.439188
0 -73.356466 37.800000 -24.718447 0.000000 1.000000 0.000000 -1.146195 -0.386226
0 -65.928747 37.800000 -21.853260 0.000000 1.000000 0.000000 -1.030137 -0.341457
collar_dark
0 -72.143662 37.800000 -28.108006 0.000000 1.000000 0.000000 -1.127245 -0.439188
0 -65.928747 37.800000 -21.853260 0.000000 1.000000 0.000000 -1.030137 -0.341457
0 -64.551087 37.800000 -25.179226 0.000000 1.000000 0.000000 -1.008611 -0.393425
collar_dark
0 -73.356466 37.800000 -24.718447 -0.359895 0.000000 0.932993 -1.146195 0.590625
0 -73.356466 34.200000 -24.718447 -0.359895 0.000000 0.932993 -1.146195 0.534375
0 -65.928747 34.200000 -21.853260 -0.359895 0.000000 0.932993 -1.030137 0.534375
collar_dark
0 -73.356466 37.800000 -24.718447 -0.359895 0.000000 0.932993 -1.146195 0.590625
0 -65.928747 34.200000 -21.853260 -0.359895 0.000000 0.932993 -1.030137 0.534375
0 -65.928747 37.800000 -21.853260 -0.359895 0.000000 0.932993 -1.030137 0.590625
collar_dark
0 -73.356466 34.200000 -24.718447 0.000000 -1.000000 0.000000 -1.146195 -0.386226
0 -72.143662 34.200000 -28.108006 0.000000 -1.000000 0.000000 -1.127245 -0.439188
0 -64.551087 34.200000 -25.179226 0.000000 -1.000000 0.000000 -1.008611 -0.393425
collar_dark
0 -73.356466 34.200000 -24.718447 0.000000 -1.000000 0.000000 -1.146195 -0.386226
0 -64.551087 34.200000 -25.179226 0.000000 -1.000000 0.000000 -1.008611 -0.393425
0 -65.928747 34.200000 -21.853260 0.000000 -1.000000 0.000000 -1.030137 -0.341457
collar_dark
0 -96.399732 34.200000 39.683167 0.359895 0.000000 -0.932993 -1.506246 0.534375
0 -96.399732 37.800000 39.683167 0.359895 0.000000 -0.932993 -1.506246 0.590625
0 -92.104294 37.800000 41.340100 0.359895 0.000000 -0.932993 -1.439130 0.590625
collar_dark
0 -96.399732 34.200000 39.683167 0.359895 0.000000 -0.932993 -1.506246 0.534375
0 -92.104294 37.800000 41.340100 0.359895 0.000000 -0.932993 -1.439130 0.590625
0 -92.104294 34.200000 41.340100 0.359895 0.000000 -0.932993 -1.439130 0.534375
collar_dark
0 -96.399732 37.800000 39.683167 0.000000 1.000000 0.000000 -1.506246 0.620049
0 -97.612535 37.800000 43.072725 0.000000 1.000000 0.000000 -1.525196 0.673011
0 -93.481954 37.800000 44.666066 0.000000 1.000000 0.000000 -1.460656 0.697907
collar_dark
0 -96.399732 37.800000 39.683167 0.000000 1.000000 0.000000 -1.506246 0.620049
0 -93.481954 37.800000 44.666066 0.000000 1.000000 0.000000 -1.460656 0.697907
0 -92.104294 37.800000 41.340100 0.000000 1.000000 0.000000 -1.439130 0.645939
collar_dark
0 -97.612535 37.800000 43.072725 -0.359895 0.000000 0.932993 -1.525196 0.590625
0 -97.612535 34.200000 43.072725 -0.359895 0.000000 0.932993 -1.525196 0.534375
0 -93.481954 34.200000 44.666066 -0.359895 0.000000 0.932993 -1.460656 0.534375
collar_dark
0 -97.612535 37.800000 43.072725 -0.359895 0.000000 0.932993 -1.525196 0.590625
0 -93.481954 34.200000 44.666066 -0.359895 0.000000 0.932993 -1.460656 0.534375
0 -93.481954 37.800000 44.666066 -0.359895 0.000000 0.932993 -1.460656 0.590625
collar_dark
0 -97.612535 34.200000 43.072725 0.000000 -1.000000 0.000000 -1.525196 0.673011
0 -96.399732 34.200000 39.683167 0.000000 -1.000000 0.000000 -1.506246 0.620049
0 -92.104294 34.200000 41.340100 0.000000 -1.000000 0.000000 -1.439130 0.645939
collar_dark
0 -97.612535 34.200000 43.072725 0.000000 -1.000000 0.000000 -1.525196 0.673011
0 -92.104294 34.200000 41.340100 0.000000 -1.000000 0.000000 -1.439130 0.645939
0 -93.481954 34.200000 44.666066 0.000000 -1.000000 0.000000 -1.460656 0.697907
glass
0 -89.237774 48.296291 19.666836 -0.179988 0.865960 0.466602 -1.394340 0.307294
0 -96.788954 35.355339 40.770969 -0.179988 0.865960 0.466602 -1.512327 0.637046
0 -92.546423 35.355339 42.407494 -0.179988 0.865960 0.466602 -1.446038 0.662617
glass
0 -89.237774 48.296291 19.666836 -0.179988 0.865960 0.466602 -1.394340 0.307294
0 -92.546423 35.355339 42.407494 -0.179988 0.865960 0.466602 -1.446038 0.662617
0 -83.968809 48.296291 21.699301 -0.179988 0.865960 0.466602 -1.312013 0.339052
glass
0 -96.788954 35.355339 40.770969 -0.311702 0.499887 0.808056 -1.512327 0.552427
0 -101.148629 12.940952 52.955446 -0.311702 0.499887 0.808056 -1.580447 0.202202
0 -97.498711 12.940952 54.363375 -0.311702 0.499887 0.808056 -1.523417 0.202202
glass
0 -96.788954 35.355339 40.770969 -0.311702 0.499887 0.808056 -1.512327 0.552427
0 -97.498711 12.940952 54.363375 -0.311702 0.499887 0.808056 -1.523417 0.202202
0 -92.546423 35.355339 42.407494 -0.311702 0.499887 0.808056 -1.446038 0.552427
glass
0 -101.148629 12.940952 52.955446 -0.359895 0.000000 0.932993 -1.580447 0.202202
0 -101.148629 -12.940952 52.955446 -0.359895 0.000000 0.932993 -1.580447 -0.202202
0 -97.498711 -12.940952 54.363375 -0.359895 0.000000 0.932993 -1.523417 -0.202202
glass
0 -101.148629 12.940952 52.955446 -0.359895 0.000000 0.932993 -1.580447 0.202202
0 -97.498711 -12.940952 54.363375 -0.359895 0.000000 0.932993 -1.523417 -0.202202
0 -97.498711 12.940952 54.363375 -0.359895 0.000000 0.932993 -1.523417 0.202202
glass
0 -101.148629 -12.940952 52.955446 -0.311702 -0.499887 0.808056 -1.580447 -0.202202
0 -96.788954 -35.355339 40.770969 -0.311702 -0.499887 0.808056 -1.512327 -0.552427
0 -92.546423 -35.355339 42.407494 -0.311702 -0.499887 0.808056 -1.446038 -0.552427
glass
0 -101.148629 -12.940952 52.955446 -0.311702 -0.499887 0.808056 -1.580447 -0.202202
0 -92.546423 -35.355339 42.407494 -0.311702 -0.499887 0.808056 -1.446038 -0.552427
0 -97.498711 -12.940952 54.363375 -0.311702 -0.499887 0.808056 -1.523417 -0.202202
glass
0 -96.788954 -35.355339 40.770969 -0.179988 -0.865960 0.466602 -1.512327 0.637046
0 -89.237774 -48.296291 19.666836 -0.179988 -0.865960 0.466602 -1.394340 0.307294
0 -83.968809 -48.296291 21.699301 -0.179988 -0.865960 0.466602 -1.312013 0.339052
glass
0 -96.788954 -35.355339 40.770969 -0.179988 -0.865960 0.466602 -1.512327 0.637046
0 -83.968809 -48.296291 21.699301 -0.179988 -0.865960 0.466602 -1.312013 0.339052
0 -92.546423 -35.355339 42.407494 -0.179988 -0.865960 0.466602 -1.446038 0.662617
glass
0 -89.237774 -48.296291 19.666836 0.000000 -1.000000 0.000000 -1.394340 0.307294
0 -80.518423 -48.296291 -4.702117 0.000000 -1.000000 0.000000 -1.258100 -0.073471
0 -74.064233 -48.296291 -2.212461 0.000000 -1.000000 0.000000 -1.157254 -0.034570
glass
0 -89.237774 -48.296291 19.666836 0.000000 -1.000000 0.000000 -1.394340 0.307294
0 -74.064233 -48.296291 -2.212461 0.000000 -1.000000 0.000000 -1.157254 -0.034570
0 -83.968809 -48.296291 21.699301 0.000000 -1.000000 0.000000 -1.312013 0.339052
glass
0 -80.518423 -48.296291 -4.702117 0.179988 -0.865960 -0.466602 -1.258100 -0.073471
0 -72.967244 -35.355339 -25.806250 0.179988 -0.865960 -0.466602 -1.140113 -0.403223
0 -65.486618 -35.355339 -22.920654 0.179988 -0.865960 -0.466602 -1.023228 -0.358135
glass
0 -80.518423 -48.296291 -4.702117 0.179988 -0.865960 -0.466602 -1.258100 -0.073471
0 -65.486618 -35.355339 -22.920654 0.179988 -0.865960 -0.466602 -1.023228 -0.358135
0 -74.064233 -48.296291 -2.212461 0.179988 -0.865960 -0.466602 -1.157254 -0.034570
glass
0 -72.967244 -35.355339 -25.806250 0.311702 -0.499887 -0.808056 -1.140113 -0.552427
0 -68.607568 -12.940952 -37.990727 0.311702 -0.499887 -0.808056 -1.071993 -0.202202
0 -60.534330 -12.940952 -34.876535 0.311702 -0.499887 -0.808056 -0.945849 -0.202202
glass
0 -72.967244 -35.355339 -25.806250 0.311702 -0.499887 -0.808056 -1.140113 -0.552427
0 -60.534330 -12.940952 -34.876535 0.311702 -0.499887 -0.808056 -0.945849 -0.202202
0 -65.486618 -35.355339 -22.920654 0.311702 -0.499887 -0.808056 -1.023228 -0.552427
glass
0 -68.607568 -12.940952 -37.990727 0.359895 -0.000000 -0.932993 -1.071993 -0.202202
0 -68.607568 12.940952 -37.990727 0.359895 -0.000000 -0.932993 -1.071993 0.202202
0 -60.534330 12.940952 -34.876535 0.359895 -0.000000 -0.932993 -0.945849 0.202202
glass
0 -68.607568 -12.940952 -37.990727 0.359895 -0.000000 -0.932993 -1.071993 -0.202202
0 -60.534330 12.940952 -34.876535 0.359895 -0.000000 -0.932993 -0.945849 0.202202
0 -60.534330 -12.940952 -34.876535 0.359895 -0.000000 -0.932993 -0.945849 -0.202202
glass
0 -68.607568 12.940952 -37.990727 0.311702 0.499887 -0.808056 -1.071993 0.202202
0 -72.967244 35.355339 -25.806250 0.311702 0.499887 -0.808056 -1.140113 0.552427
0 -65.486618 35.355339 -22.920654 0.311702 0.499887 -0.808056 -1.023228 0.552427
glass
0 -68.607568 12.940952 -37.990727 0.311702 0.499887 -0.808056 -1.071993 0.202202
0 -65.486618 35.355339 -22.920654 0.311702 0.499887 -0.808056 -1.023228 0.552427
0 -60.534330 12.940952 -34.876535 0.311702 0.499887 -0.808056 -0.945849 0.202202
glass
0 -72.967244 35.355339 -25.806250 0.179988 0.865960 -0.466602 -1.140113 -0.403223
0 -80.518423 48.296291 -4.702117 0.179988 0.865960 -0.466602 -1.258100 -0.073471
0 -74.064233 48.296291 -2.212461 0.179988 0.865960 -0.466602 -1.157254 -0.034570
glass
0 -72.967244 35.355339 -25.806250 0.179988 0.865960 -0.466602 -1.140113 -0.403223
0 -74.064233 48.296291 -2.212461 0.179988 0.865960 -0.466602 -1.157254 -0.034570
0 -65.486618 35.355339 -22.920654 0.179988 0.865960 -0.466602 -1.023228 -0.358135
glass
0 -80.518423 48.296291 -4.702117 0.000000 1.000000 -0.000000 -1.258100 -0.073471
0 -89.237774 48.296291 19.666836 0.000000 1.000000 -0.000000 -1.394340 0.307294
0 -83.968809 48.296291 21.699301 0.000000 1.000000 -0.000000 -1.312013 0.339052
glass
0 -80.518423 48.296291 -4.702117 0.000000 1.000000 -0.000000 -1.258100 -0.073471
0 -83.968809 48.296291 21.699301 0.000000 1.000000 -0.000000 -1.312013 0.339052
0 -74.064233 48.296291 -2.212461 0.000000 1.000000 -0.000000 -1.157254 -0.034570
collar_dark
0 -64.551087 -37.800000 -25.179226 0.405241 0.000000 -0.914210 -1.008611 -0.590625
0 -64.551087 -34.200000 -25.179226 0.405241 0.000000 -0.914210 -1.008611 -0.534375
0 -57.111366 -34.200000 -21.881425 0.405241 0.000000 -0.914210 -0.892365 -0.534375
collar_dark
0 -64.551087 -37.800000 -25.179226 0.405241 0.000000 -0.914210 -1.008611 -0.590625
0 -57.111366 -34.200000 -21.881425 0.405241 0.000000 -0.914210 -0.892365 -0.534375
0 -57.111366 -37.800000 -21.881425 0.405241 0.000000 -0.914210 -0.892365 -0.590625
collar_dark
0 -64.551087 -34.200000 -25.179226 0.000000 1.000000 0.000000 -1.008611 -0.393425
0 -65.928747 -34.200000 -21.853260 0.000000 1.000000 0.000000 -1.030137 -0.341457
0 -58.650564 -34.200000 -18.627063 0.000000 1.000000 0.000000 -0.916415 -0.291048
collar_dark
0 -64.551087 -34.200000 -25.179226 0.000000 1.000000 0.000000 -1.008611 -0.393425
0 -58.650564 -34.200000 -18.627063 0.000000 1.000000 0.000000 -0.916415 -0.291048
0 -57.111366 -34.200000 -21.881425 0.000000 1.000000 0.000000 -0.892365 -0.341897
collar_dark
0 -65.928747 -34.200000 -21.853260 -0.405241 0.000000 0.914210 -1.030137 -0.534375
0 -65.928747 -37.800000 -21.853260 -0.405241 0.000000 0.914210 -1.030137 -0.590625
0 -58.650564 -37.800000 -18.627063 -0.405241 0.000000 0.914210 -0.916415 -0.590625
collar_dark
0 -65.928747 -34.200000 -21.853260 -0.405241 0.000000 0.914210 -1.030137 -0.534375
0 -58.650564 -37.800000 -18.627063 -0.405241 0.000000 0.914210 -0.916415 -0.590625
0 -58.650564 -34.200000 -18.627063 -0.405241 0.000000 0.914210 -0.916415 -0.534375
collar_dark
0 -65.928747 -37.800000 -21.853260 0.000000 -1.000000 0.000000 -1.030137 -0.341457
0 -64.551087 -37.800000 -25.179226 0.000000 -1.000000 0.000000 -1.008611 -0.393425
0 -57.111366 -37.800000 -21.881425 0.000000 -1.000000 0.000000 -0.892365 -0.341897
collar_dark
0 -65.928747 -37.800000 -21.853260 0.000000 -1.000000 0.000000 -1.030137 -0.341457
0 -57.111366 -37.800000 -21.881425 0.000000 -1.000000 0.000000 -0.892365 -0.341897
0 -58.650564 -37.800000 -18.627063 0.000000 -1.000000 0.000000 -0.916415 -0.291048
collar_dark
0 -92.104294 -37.800000 41.340100 0.405241 0.000000 -0.914210 -1.439130 -0.590625
0 -92.104294 -34.200000 41.340100 0.405241 0.000000 -0.914210 -1.439130 -0.534375
0 -87.895332 -34.200000 43.205804 0.405241 0.000000 -0.914210 -1.373365 -0.534375
collar_dark
0 -92.104294 -37.800000 41.340100 0.405241 0.000000 -0.914210 -1.439130 -0.590625
0 -87.895332 -34.200000 43.205804 0.405241 0.000000 -0.914210 -1.373365 -0.534375
0 -87.895332 -37.800000 43.205804 0.405241 0.000000 -0.914210 -1.373365 -0.590625
collar_dark
0 -92.104294 -34.200000 41.340100 0.000000 1.000000 0.000000 -1.439130 0.645939
0 -93.481954 -34.200000 44.666066 0.000000 1.000000 0.000000 -1.460656 0.697907
0 -89.434531 -34.200000 46.460166 0.000000 1.000000 0.000000 -1.397415 0.725940
collar_dark
0 -92.104294 -34.200000 41.340100 0.000000 1.000000 0.000000 -1.439130 0.645939
0 -89.434531 -34.200000 46.460166 0.000000 1.000000 0.000000 -1.397415 0.725940
0 -87.895332 -34.200000 43.205804 0.000000 1.000000 0.000000 -1.373365 0.675091
collar_dark
0 -93.481954 -34.200000 44.666066 -0.405241 0.000000 0.914210 -1.460656 -0.534375
0 -93.481954 -37.800000 44.666066 -0.405241 0.000000 0.914210 -1.460656 -0.590625
0 -89.434531 -37.800000 46.460166 -0.405241 0.000000 0.914210 -1.397415 -0.590625
collar_dark
0 -93.481954 -34.200000 44.666066 -0.405241 0.000000 0.914210 -1.460656 -0.534375
0 -89.434531 -37.800000 46.460166 -0.405241 0.000000 0.914210 -1.397415 -0.590625
0 -89.434531 -34.200000 46.460166 -0.405241 0.000000 0.914210 -1.397415 -0.534375
collar_dark
0 -93.481954 -37.800000 44.666066 0.000000 -1.000000 0.000000 -1.460656 0.697907
0 -92.104294 -37.800000 41.340100 0.000000 -1.000000 0.000000 -1.439130 0.645939
0 -87.895332 -37.800000 43.205804 0.000000 -1.000000 0.000000 -1.373365 0.675091
collar_dark
0 -93.481954 -37.800000 44.666066 0.000000 -1.000000 0.000000 -1.460656 0.697907
0 -87.895332 -37.800000 43.205804 0.000000 -1.000000 0.000000 -1.373365 0.675091
0 -89.434531 -37.800000 46.460166 0.000000 -1.000000 0.000000 -1.397415 0.725940
collar_dark
0 -64.551087 34.200000 -25.179226 0.405241 0.000000 -0.914210 -1.008611 0.534375
0 -64.551087 37.800000 -25.179226 0.405241 0.000000 -0.914210 -1.008611 0.590625
0 -57.111366 37.800000 -21.881425 0.405241 0.000000 -0.914210 -0.892365 0.590625
collar_dark
0 -64.551087 34.200000 -25.179226 0.405241 0.000000 -0.914210 -1.008611 0.534375
0 -57.111366 37.800000 -21.881425 0.405241 0.000000 -0.914210 -0.892365 0.590625
0 -57.111366 34.200000 -21.881425 0.405241 0.000000 -0.914210 -0.892365 0.534375
collar_dark
0 -64.551087 37.800000 -25.179226 0.000000 1.000000 0.000000 -1.008611 -0.393425
0 -65.928747 37.800000 -21.853260 0.000000 1.000000 0.000000 -1.030137 -0.341457
0 -58.650564 37.800000 -18.627063 0.000000 1.000000 0.000000 -0.916415 -0.291048
collar_dark
0 -64.551087 37.800000 -25.179226 0.000000 1.000000 0.000000 -1.008611 -0.393425
0 -58.650564 37.800000 -18.627063 0.000000 1.000000 0.000000 -0.916415 -0.291048
0 -57.111366 37.800000 -21.881425 0.000000 1.000000 0.000000 -0.892365 -0.341897
collar_dark
0 -65.928747 37.800000 -21.853260 -0.405241 0.000000 0.914210 -1.030137 0.590625
0 -65.928747 34.200000 -21.853260 -0.405241 0.000000 0.914210 -1.030137 0.534375
0 -58.650564 34.200000 -18.627063 -0.405241 0.000000 0.914210 -0.916415 0.534375
collar_dark
0 -65.928747 37.800000 -21.853260 -0.405241 0.000000 0.914210 -1.030137 0.590625
0 -58.650564 34.200000 -18.627063 -0.405241 0.000000 0.914210 -0.916415 0.534375
0 -58.650564 37.800000 -18.627063 -0.405241 0.000000 0.914210 -0.916415 0.590625
collar_dark
0 -65.928747 34.200000 -21.853260 0.000000 -1.000000 0.000000 -1.030137 -0.341457
0 -64.551087 34.200000 -25.179226 0.000000 -1.000000 0.000000 -1.008611 -0.393425
0 -57.111366 34.200000 -21.881425 0.000000 -1.000000 0.000000 -0.892365 -0.341897
collar_dark
0 -65.928747 34.200000 -21.853260 0.000000 -1.000000 0.000000 -1.030137 -0.341457
0 -57.111366 34.200000 -21.881425 0.000000 -1.000000 0.000000 -0.892365 -0.341897
0 -58.650564 34.200000 -18.627063 0.000000 -1.000000 0.000000 -0.916415 -0.291048
collar_dark
0 -92.104294 34.200000 41.340100 0.405241 0.000000 -0.914210 -1.439130 0.534375
0 -92.104294 37.800000 41.340100 0.405241 0.000000 -0.914210 -1.439130 0.590625
0 -87.895332 37.800000 43.205804 0.405241 0.000000 -0.914210 -1.373365 0.590625
collar_dark
0 -92.104294 34.200000 41.340100 0.405241 0.000000 -0.914210 -1.439130 0.534375
0 -87.895332 37.800000 43.205804 0.405241 0.000000 -0.914210 -1.373365 0.590625
0 -87.895332 34.200000 43.205804 0.405241 0.000000 -0.914210 -1.373365 0.534375
collar_dark
0 -92.104294 37.800000 41.340100 0.000000 1.000000 0.000000 -1.439130 0.645939
0 -93.481954 37.800000 44.666066 0.000000 1.000000 0.000000 -1.460656 0.697907
0 -89.434531 37.800000 46.460166 0.000000 1.000000 0.000000 -1.397415 0.725940
collar_dark
0 -92.104294 37.800000 41.340100 0.000000 1.000000 0.000000 -1.439130 0.645939
0 -89.434531 37.800000 46.460166 0.000000 1.000000 0.000000 -1.397415 0.725940
0 -87.895332 37.800000 43.205804 0.000000 1.000000 0.000000 -1.373365 0.675091
collar_dark
0 -93.481954 37.800000 44.666066 -0.405241 0.000000 0.914210 -1.460656 0.590625
0 -93.481954 34.200000 44.666066 -0.405241 0.000000 0.914210 -1.460656 0.534375
0 -89.434531 34.200000 46.460166 -0.405241 0.000000 0.914210 -1.397415 0.534375
collar_dark
0 -93.481954 37.800000 44.666066 -0.405241 0.000000 0.914210 -1.460656 0.590625
0 -89.434531 34.200000 46.460166 -0.405241 0.000000 0.914210 -1.397415 0.534375
0 -89.434531 37.800000 46.460166 -0.405241 0.000000 0.914210 -1.397415 0.590625
collar_dark
0 -93.481954 34.200000 44.666066 0.000000 -1.000000 0.000000 -1.460656 0.697907
0 -92.104294 34.200000 41.340100 0.000000 -1.000000 0.000000 -1.439130 0.645939
0 -87.895332 34.200000 43.205804 0.000000 -1.000000 0.000000 -1.373365 0.675091
collar_dark
0 -93.481954 34.200000 44.666066 0.000000 -1.000000 0.000000 -1.460656 0.697907
0 -87.895332 34.200000 43.205804 0.000000 -1.000000 0.000000 -1.373365 0.675091
0 -89.434531 34.200000 46.460166 0.000000 -1.000000 0.000000 -1.397415 0.725940
glass
0 -83.968809 48.296291 21.699301 -0.202666 0.865960 0.457208 -1.312013 0.339052
0 -92.546423 35.355339 42.407494 -0.202666 0.865960 0.457208 -1.446038 0.662617
0 -88.389303 35.355339 44.250218 -0.202666 0.865960 0.457208 -1.381083 0.691410
glass
0 -83.968809 48.296291 21.699301 -0.202666 0.865960 0.457208 -1.312013 0.339052
0 -88.389303 35.355339 44.250218 -0.202666 0.865960 0.457208 -1.381083 0.691410
0 -78.805918 48.296291 23.987853 -0.202666 0.865960 0.457208 -1.231342 0.374810
glass
0 -92.546423 35.355339 42.407494 -0.350976 0.499887 0.791788 -1.446038 0.552427
0 -97.498711 12.940952 54.363375 -0.350976 0.499887 0.791788 -1.523417 0.202202
0 -93.922273 12.940952 55.948701 -0.350976 0.499887 0.791788 -1.467536 0.202202
glass
0 -92.546423 35.355339 42.407494 -0.350976 0.499887 0.791788 -1.446038 0.552427
0 -93.922273 12.940952 55.948701 -0.350976 0.499887 0.791788 -1.467536 0.202202
0 -88.389303 35.355339 44.250218 -0.350976 0.499887 0.791788 -1.381083 0.552427
glass
0 -97.498711 12.940952 54.363375 -0.405241 0.000000 0.914210 -1.523417 0.202202
0 -97.498711 -12.940952 54.363375 -0.405241 0.000000 0.914210 -1.523417 -0.202202
0 -93.922273 -12.940952 55.948701 -0.405241 0.000000 0.914210 -1.467536 -0.202202
glass
0 -97.498711 12.940952 54.363375 -0.405241 0.000000 0.914210 -1.523417 0.202202
0 -93.922273 -12.940952 55.948701 -0.405241 0.000000 0.914210 -1.467536 -0.202202
0 -93.922273 12.940952 55.948701 -0.405241 0.000000 0.914210 -1.467536 0.202202
glass
0 -97.498711 -12.940952 54.363375 -0.350976 -0.499887 0.791788 -1.523417 -0.202202
0 -92.546423 -35.355339 42.407494 -0.350976 -0.499887 0.791788 -1.446038 -0.552427
0 -88.389303 -35.355339 44.250218 -0.350976 -0.499887 0.791788 -1.381083 -0.552427
glass
0 -97.498711 -12.940952 54.363375 -0.350976 -0.499887 0.791788 -1.523417 -0.202202
0 -88.389303 -35.355339 44.250218 -0.350976 -0.499887 0.791788 -1.381083 -0.552427
0 -93.922273 -12.940952 55.948701 -0.350976 -0.499887 0.791788 -1.467536 -0.202202
glass
0 -92.546423 -35.355339 42.407494 -0.202666 -0.865960 0.457208 -1.446038 0.662617
0 -83.968809 -48.296291 21.699301 -0.202666 -0.865960 0.457208 -1.312013 0.339052
0 -78.805918 -48.296291 23.987853 -0.202666 -0.865960 0.457208 -1.231342 0.374810
glass
0 -92.546423 -35.355339 42.407494 -0.202666 -0.865960 0.457208 -1.446038 0.662617
0 -78.805918 -48.296291 23.987853 -0.202666 -0.865960 0.457208 -1.231342 0.374810
0 -88.389303 -35.355339 44.250218 -0.202666 -0.865960 0.457208 -1.381083 0.691410
glass
0 -83.968809 -48.296291 21.699301 0.000000 -1.000000 0.000000 -1.312013 0.339052
0 -74.064233 -48.296291 -2.212461 0.000000 -1.000000 0.000000 -1.157254 -0.034570
0 -67.739978 -48.296291 0.590888 0.000000 -1.000000 0.000000 -1.058437 0.009233
glass
0 -83.968809 -48.296291 21.699301 0.000000 -1.000000 0.000000 -1.312013 0.339052
0 -67.739978 -48.296291 0.590888 0.000000 -1.000000 0.000000 -1.058437 0.009233
0 -78.805918 -48.296291 23.987853 0.000000 -1.000000 0.000000 -1.231342 0.374810
glass
0 -74.064233 -48.296291 -2.212461 0.202666 -0.865960 -0.457208 -1.157254 -0.034570
0 -65.486618 -35.355339 -22.920654 0.202666 -0.865960 -0.457208 -1.023228 -0.358135
0 -58.156593 -35.355339 -19.671477 0.202666 -0.865960 -0.457208 -0.908697 -0.307367
glass
0 -74.064233 -48.296291 -2.212461 0.202666 -0.865960 -0.457208 -1.157254 -0.034570
0 -58.156593 -35.355339 -19.671477 0.202666 -0.865960 -0.457208 -0.908697 -0.307367
0 -67.739978 -48.296291 0.590888 0.202666 -0.865960 -0.457208 -1.058437 0.009233
glass
0 -65.486618 -35.355339 -22.920654 0.350976 -0.499887 -0.791788 -1.023228 -0.552427
0 -60.534330 -12.940952 -34.876535 0.350976 -0.499887 -0.791788 -0.945849 -0.202202
0 -52.623623 -12.940952 -31.369960 0.350976 -0.499887 -0.791788 -0.822244 -0.202202
glass
0 -65.486618 -35.355339 -22.920654 0.350976 -0.499887 -0.791788 -1.023228 -0.552427
0 -52.623623 -12.940952 -31.369960 0.350976 -0.499887 -0.791788 -0.822244 -0.202202
0 -58.156593 -35.355339 -19.671477 0.350976 -0.499887 -0.791788 -0.908697 -0.552427
glass
0 -60.534330 -12.940952 -34.876535 0.405241 -0.000000 -0.914210 -0.945849 -0.202202
0 -60.534330 12.940952 -34.876535 0.405241 -0.000000 -0.914210 -0.945849 0.202202
0 -52.623623 12.940952 -31.369960 0.405241 -0.000000 -0.914210 -0.822244 0.202202
glass
0 -60.534330 -12.940952 -34.876535 0.405241 -0.000000 -0.914210 -0.945849 -0.202202
0 -52.623623 12.940952 -31.369960 0.405241 -0.000000 -0.914210 -0.822244 0.202202
0 -52.623623 -12.940952 -31.369960 0.405241 -0.000000 -0.914210 -0.822244 -0.202202
glass
0 -60.534330 12.940952 -34.876535 0.350976 0.499887 -0.791788 -0.945849 0.202202
0 -65.486618 35.355339 -22.920654 0.350976 0.499887 -0.791788 -1.023228 0.552427
0 -58.156593 35.355339 -19.671477 0.350976 0.499887 -0.791788 -0.908697 0.552427
glass
0 -60.534330 12.940952 -34.876535 0.350976 0.499887 -0.791788 -0.945849 0.202202
0 -58.156593 35.355339 -19.671477 0.350976 0.499887 -0.791788 -0.908697 0.552427
0 -52.623623 12.940952 -31.369960 0.350976 0.499887 -0.791788 -0.822244 0.202202
glass
0 -65.486618 35.355339 -22.920654 0.202666 0.865960 -0.457208 -1.023228 -0.358135
0 -74.064233 48.296291 -2.212461 0.202666 0.865960 -0.457208 -1.157254 -0.034570
0 -67.739978 48.296291 0.590888 0.202666 0.865960 -0.457208 -1.058437 0.009233
glass
0 -65.486618 35.355339 -22.920654 0.202666 0.865960 -0.457208 -1.023228 -0.358135
0 -67.739978 48.296291 0.590888 0.202666 0.865960 -0.457208 -1.058437 0.009233
0 -58.156593 35.355339 -19.671477 0.202666 0.865960 -0.457208 -0.908697 -0.307367
glass
0 -74.064233 48.296291 -2.212461 0.000000 1.000000 -0.000000 -1.157254 -0.034570
0 -83.968809 48.296291 21.699301 0.000000 1.000000 -0.000000 -1.312013 0.339052
0 -78.805918 48.296291 23.987853 0.000000 1.000000 -0.000000 -1.231342 0.374810
glass
0 -74.064233 48.296291 -2.212461 0.000000 1.000000 -0.000000 -1.157254 -0.034570
0 -78.805918 48.296291 23.987853 0.000000 1.000000 -0.000000 -1.231342 0.374810
0 -67.739978 48.296291 0.590888 0.000000 1.000000 -0.000000 -1.058437 0.009233
collar_dark
0 -57.111366 -37.800000 -21.881425 0.449611 0.000000 -0.893224 -0.892365 -0.590625
0 -57.111366 -34.200000 -21.881425 0.449611 0.000000 -0.893224 -0.892365 -0.534375
0 -49.842421 -34.200000 -18.222546 0.449611 0.000000 -0.893224 -0.778788 -0.534375
collar_dark
0 -57.111366 -37.800000 -21.881425 0.449611 0.000000 -0.893224 -0.892365 -0.590625
0 -49.842421 -34.200000 -18.222546 0.449611 0.000000 -0.893224 -0.778788 -0.534375
0 -49.842421 -37.800000 -18.222546 0.449611 0.000000 -0.893224 -0.778788 -0.590625
collar_dark
0 -57.111366 -34.200000 -21.881425 0.000000 1.000000 0.000000 -0.892365 -0.341897
0 -58.650564 -34.200000 -18.627063 0.000000 1.000000 0.000000 -0.916415 -0.291048
0 -51.539449 -34.200000 -15.047629 0.000000 1.000000 0.000000 -0.805304 -0.235119
collar_dark
0 -57.111366 -34.200000 -21.881425 0.000000 1.000000 0.000000 -0.892365 -0.341897
0 -51.539449 -34.200000 -15.047629 0.000000 1.000000 0.000000 -0.805304 -0.235119
0 -49.842421 -34.200000 -18.222546 0.000000 1.000000 0.000000 -0.778788 -0.284727
collar_dark
0 -58.650564 -34.200000 -18.627063 -0.449611 0.000000 0.893224 -0.916415 -0.534375
0 -58.650564 -37.800000 -18.627063 -0.449611 0.000000 0.893224 -0.916415 -0.590625
0 -51.539449 -37.800000 -15.047629 -0.449611 0.000000 0.893224 -0.805304 -0.590625
collar_dark
0 -58.650564 -34.200000 -18.627063 -0.449611 0.000000 0.893224 -0.916415 -0.534375
0 -51.539449 -37.800000 -15.047629 -0.449611 0.000000 0.893224 -0.805304 -0.590625
0 -51.539449 -34.200000 -15.047629 -0.449611 0.000000 0.893224 -0.805304 -0.534375
collar_dark
0 -58.650564 -37.800000 -18.627063 0.000000 -1.000000 0.000000 -0.916415 -0.291048
0 -57.111366 -37.800000 -21.881425 0.000000 -1.000000 0.000000 -0.892365 -0.341897
0 -49.842421 -37.800000 -18.222546 0.000000 -1.000000 0.000000 -0.778788 -0.284727
collar_dark
0 -58.650564 -37.800000 -18.627063 0.000000 -1.000000 0.000000 -0.916415 -0.291048
0 -49.842421 -37.800000 -18.222546 0.000000 -1.000000 0.000000 -0.778788 -0.284727
0 -51.539449 -37.800000 -15.047629 0.000000 -1.000000 0.000000 -0.805304 -0.235119
collar_dark
0 -87.895332 -37.800000 43.205804 0.449611 0.000000 -0.893224 -1.373365 -0.590625
0 -87.895332 -34.200000 43.205804 0.449611 0.000000 -0.893224 -1.373365 -0.534375
0 -83.782986 -34.200000 45.275785 0.449611 0.000000 -0.893224 -1.309109 -0.534375
collar_dark
0 -87.895332 -37.800000 43.205804 0.449611 0.000000 -0.893224 -1.373365 -0.590625
0 -83.782986 -34.200000 45.275785 0.449611 0.000000 -0.893224 -1.309109 -0.534375
0 -83.782986 -37.800000 45.275785 0.449611 0.000000 -0.893224 -1.309109 -0.590625
collar_dark
0 -87.895332 -34.200000 43.205804 0.000000 1.000000 0.000000 -1.373365 0.675091
0 -89.434531 -34.200000 46.460166 0.000000 1.000000 0.000000 -1.397415 0.725940
0 -85.480014 -34.200000 48.450702 0.000000 1.000000 0.000000 -1.335625 0.757042
collar_dark
0 -87.895332 -34.200000 43.205804 0.000000 1.000000 0.000000 -1.373365 0.675091
0 -85.480014 -34.200000 48.450702 0.000000 1.000000 0.000000 -1.335625 0.757042
0 -83.782986 -34.200000 45.275785 0.000000 1.000000 0.000000 -1.309109 0.707434
collar_dark
0 -89.434531 -34.200000 46.460166 -0.449611 0.000000 0.893224 -1.397415 -0.534375
0 -89.434531 -37.800000 46.460166 -0.449611 0.000000 0.893224 -1.397415 -0.590625
0 -85.480014 -37.800000 48.450702 -0.449611 0.000000 0.893224 -1.335625 -0.590625
collar_dark
0 -89.434531 -34.200000 46.460166 -0.449611 0.000000 0.893224 -1.397415 -0.534375
0 -85.480014 -37.800000 48.450702 -0.449611 0.000000 0.893224 -1.335625 -0.590625
0 -85.480014 -34.200000 48.450702 -0.449611 0.000000 0.893224 -1.335625 -0.534375
collar_dark
0 -89.434531 -37.800000 46.460166 0.000000 -1.000000 0.000000 -1.397415 0.725940
0 -87.895332 -37.800000 43.205804 0.000000 -1.000000 0.000000 -1.373365 0.675091
0 -83.782986 -37.800000 45.275785 0.000000 -1.000000 0.000000 -1.309109 0.707434
collar_dark
0 -89.434531 -37.800000 46.460166 0.000000 -1.000000 0.000000 -1.397415 0.725940
0 -83.782986 -37.800000 45.275785 0.000000 -1.000000 0.000000 -1.309109 0.707434
0 -85.480014 -37.800000 48.450702 0.000000 -1.000000 0.000000 -1.335625 0.757042
collar_dark
0 -57.111366 34.200000 -21.881425 0.449611 0.000000 -0.893224 -0.892365 0.534375
0 -57.111366 37.800000 -21.881425 0.449611 0.000000 -0.893224 -0.892365 0.590625
0 -49.842421 37.800000 -18.222546 0.449611 0.000000 -0.893224 -0.778788 0.590625
collar_dark
0 -57.111366 34.200000 -21.881425 0.449611 0.000000 -0.893224 -0.892365 0.534375
0 -49.842421 37.800000 -18.222546 0.449611 0.000000 -0.893224 -0.778788 0.590625
0 -49.842421 34.200000 -18.222546 0.449611 0.000000 -0.893224 -0.778788 0.534375
collar_dark
0 -57.111366 37.800000 -21.881425 0.000000 1.000000 0.000000 -0.892365 -0.341897
0 -58.650564 37.800000 -18.627063 0.000000 1.000000 0.000000 -0.916415 -0.291048
0 -51.539449 37.800000 -15.047629 0.000000 1.000000 0.000000 -0.805304 -0.235119
collar_dark
0 -57.111366 37.800000 -21.881425 0.000000 1.000000 0.000000 -0.892365 -0.341897
0 -51.539449 37.800000 -15.047629 0.000000 1.000000 0.000000 -0.805304 -0.235119
0 -49.842421 37.800000 -18.222546 0.000000 1.000000 0.000000 -0.778788 -0.284727
collar_dark
0 -58.650564 37.800000 -18.627063 -0.449611 0.000000 0.893224 -0.916415 0.590625
0 -58.650564 34.200000 -18.627063 -0.449611 0.000000 0.893224 -0.916415 0.534375
0 -51.539449 34.200000 -15.047629 -0.449611 0.000000 0.893224 -0.805304 0.534375
collar_dark
0 -58.650564 37.800000 -18.627063 -0.449611 0.000000 0.893224 -0.916415 0.590625
0 -51.539449 34.200000 -15.047629 -0.449611 0.000000 0.893224 -0.805304 0.534375
0 -51.539449 37.800000 -15.047629 -0.449611 0.000000 0.893224 -0.805304 0.590625
collar_dark
0 -58.650564 34.200000 -18.627063 0.000000 -1.000000 0.000000 -0.916415 -0.291048
0 -57.111366 34.200000 -21.881425 0.000000 -1.000000 0.000000 -0.892365 -0.341897
0 -49.842421 34.200000 -18.222546 0.000000 -1.000000 0.000000 -0.778788 -0.284727
collar_dark
0 -58.650564 34.200000 -18.627063 0.000000 -1.000000 0.000000 -0.916415 -0.291048
0 -49.842421 34.200000 -18.222546 0.000000 -1.000000 0.000000 -0.778788 -0.284727
0 -51.539449 34.200000 -15.047629 0.000000 -1.000000 0.000000 -0.805304 -0.235119
collar_dark
0 -87.895332 34.200000 43.205804 0.449611 0.000000 -0.893224 -1.373365 0.534375
0 -87.895332 37.800000 43.205804 0.449611 0.000000 -0.893224 -1.373365 0.590625
0 -83.782986 37.800000 45.275785 0.449611 0.000000 -0.893224 -1.309109 0.590625
collar_dark
0 -87.895332 34.200000 43.205804 0.449611 0.000000 -0.893224 -1.373365 0.534375
0 -83.782986 37.800000 45.275785 0.449611 0.000000 -0.893224 -1.309109 0.590625
0 -83.782986 34.200000 45.275785 0.449611 0.000000 -0.893224 -1.309109 0.534375
collar_dark
0 -87.895332 37.800000 43.205804 0.000000 1.000000 0.000000 -1.373365 0.675091
0 -89.434531 37.800000 46.460166 0.000000 1.000000 0.000000 -1.397415 0.725940
0 -85.480014 37.800000 48.450702 0.000000 1.000000 0.000000 -1.335625 0.757042
collar_dark
0 -87.895332 37.800000 43.205804 0.000000 1.000000 0.000000 -1.373365 0.675091
0 -85.480014 37.800000 48.450702 0.000000 1.000000 0.000000 -1.335625 0.757042
0 -83.782986 37.800000 45.275785 0.000000 1.000000 0.000000 -1.309109 0.707434
collar_dark
0 -89.434531 37.800000 46.460166 -0.449611 0.000000 0.893224 -1.397415 0.590625
0 -89.434531 34.200000 46.460166 -0.449611 0.000000 0.893224 -1.397415 0.534375
0 -85.480014 34.200000 48.450702 -0.449611 0.000000 0.893224 -1.335625 0.534375
collar_dark
0 -89.434531 37.800000 46.460166 -0.449611 0.000000 0.893224 -1.397415 0.590625
0 -85.480014 34.200000 48.450702 -0.449611 0.000000 0.893224 -1.335625 0.534375
0 -85.480014 37.800000 48.450702 -0.449611 0.000000 0.893224 -1.335625 0.590625
collar_dark
0 -89.434531 34.200000 46.460166 0.000000 -1.000000 0.000000 -1.397415 0.725940
0 -87.895332 34.200000 43.205804 0.000000 -1.000000 0.000000 -1.373365 0.675091
0 -83.782986 34.200000 45.275785 0.000000 -1.000000 0.000000 -1.309109 0.707434
collar_dark
0 -89.434531 34.200000 46.460166 0.000000 -1.000000 0.000000 -1.397415 0.725940
0 -83.782986 34.200000 45.275785 0.000000 -1.000000 0.000000 -1.309109 0.707434
0 -85.480014 34.200000 48.450702 0.000000 -1.000000 0.000000 -1.335625 0.757042
glass
0 -78.805918 48.296291 23.987853 -0.224856 0.865960 0.446713 -1.231342 0.374810
0 -88.389303 35.355339 44.250218 -0.224856 0.865960 0.446713 -1.381083 0.691410
0 -84.327609 35.355339 46.294703 -0.224856 0.865960 0.446713 -1.317619 0.723355
glass
0 -78.805918 48.296291 23.987853 -0.224856 0.865960 0.446713 -1.231342 0.374810
0 -84.327609 35.355339 46.294703 -0.224856 0.865960 0.446713 -1.317619 0.723355
0 -73.761540 48.296291 26.526979 -0.224856 0.865960 0.446713 -1.152524 0.414484
glass
0 -88.389303 35.355339 44.250218 -0.389404 0.499887 0.773613 -1.381083 0.552427
0 -93.922273 12.940952 55.948701 -0.389404 0.499887 0.773613 -1.467536 0.202202
0 -90.427932 12.940952 57.707604 -0.389404 0.499887 0.773613 -1.412936 0.202202
glass
0 -88.389303 35.355339 44.250218 -0.389404 0.499887 0.773613 -1.381083 0.552427
0 -90.427932 12.940952 57.707604 -0.389404 0.499887 0.773613 -1.412936 0.202202
0 -84.327609 35.355339 46.294703 -0.389404 0.499887 0.773613 -1.317619 0.552427
glass
0 -93.922273 12.940952 55.948701 -0.449611 0.000000 0.893224 -1.467536 0.202202
0 -93.922273 -12.940952 55.948701 -0.449611 0.000000 0.893224 -1.467536 -0.202202
0 -90.427932 -12.940952 57.707604 -0.449611 0.000000 0.893224 -1.412936 -0.202202
glass
0 -93.922273 12.940952 55.948701 -0.449611 0.000000 0.893224 -1.467536 0.202202
0 -90.427932 -12.940952 57.707604 -0.449611 0.000000 0.893224 -1.412936 -0.202202
0 -90.427932 12.940952 57.707604 -0.449611 0.000000 0.893224 -1.412936 0.202202
glass
0 -93.922273 -12.940952 55.948701 -0.389404 -0.499887 0.773613 -1.467536 -0.202202
0 -88.389303 -35.355339 44.250218 -0.389404 -0.499887 0.773613 -1.381083 -0.552427
0 -84.327609 -35.355339 46.294703 -0.389404 -0.499887 0.773613 -1.317619 -0.552427
glass
0 -93.922273 -12.940952 55.948701 -0.389404 -0.499887 0.773613 -1.467536 -0.202202
0 -84.327609 -35.355339 46.294703 -0.389404 -0.499887 0.773613 -1.317619 -0.552427
0 -90.427932 -12.940952 57.707604 -0.389404 -0.499887 0.773613 -1.412936 -0.202202
glass
0 -88.389303 -35.355339 44.250218 -0.224856 -0.865960 0.446713 -1.381083 0.691410
0 -78.805918 -48.296291 23.987853 -0.224856 -0.865960 0.446713 -1.231342 0.374810
0 -73.761540 -48.296291 26.526979 -0.224856 -0.865960 0.446713 -1.152524 0.414484
glass
0 -88.389303 -35.355339 44.250218 -0.224856 -0.865960 0.446713 -1.381083 0.691410
0 -73.761540 -48.296291 26.526979 -0.224856 -0.865960 0.446713 -1.152524 0.414484
0 -84.327609 -35.355339 46.294703 -0.224856 -0.865960 0.446713 -1.317619 0.723355
glass
0 -78.805918 -48.296291 23.987853 0.000000 -1.000000 0.000000 -1.231342 0.374810
0 -67.739978 -48.296291 0.590888 0.000000 -1.000000 0.000000 -1.058437 0.009233
0 -61.560895 -48.296291 3.701177 0.000000 -1.000000 0.000000 -0.961889 0.057831
glass
0 -78.805918 -48.296291 23.987853 0.000000 -1.000000 0.000000 -1.231342 0.374810
0 -61.560895 -48.296291 3.701177 0.000000 -1.000000 0.000000 -0.961889 0.057831
0 -73.761540 -48.296291 26.526979 0.000000 -1.000000 0.000000 -1.152524 0.414484
glass
0 -67.739978 -48.296291 0.590888 0.224856 -0.865960 -0.446713 -1.058437 0.009233
0 -58.156593 -35.355339 -19.671477 0.224856 -0.865960 -0.446713 -0.908697 -0.307367
0 -50.994826 -35.355339 -16.066547 0.224856 -0.865960 -0.446713 -0.796794 -0.251040
glass
0 -67.739978 -48.296291 0.590888 0.224856 -0.865960 -0.446713 -1.058437 0.009233
0 -50.994826 -35.355339 -16.066547 0.224856 -0.865960 -0.446713 -0.796794 -0.251040
0 -61.560895 -48.296291 3.701177 0.224856 -0.865960 -0.446713 -0.961889 0.057831
glass
0 -58.156593 -35.355339 -19.671477 0.389404 -0.499887 -0.773613 -0.908697 -0.552427
0 -52.623623 -12.940952 -31.369960 0.389404 -0.499887 -0.773613 -0.822244 -0.202202
0 -44.894504 -12.940952 -27.479448 0.389404 -0.499887 -0.773613 -0.701477 -0.202202
glass
0 -58.156593 -35.355339 -19.671477 0.389404 -0.499887 -0.773613 -0.908697 -0.552427
0 -44.894504 -12.940952 -27.479448 0.389404 -0.499887 -0.773613 -0.701477 -0.202202
0 -50.994826 -35.355339 -16.066547 0.389404 -0.499887 -0.773613 -0.796794 -0.552427
glass
0 -52.623623 -12.940952 -31.369960 0.449611 -0.000000 -0.893224 -0.822244 -0.202202
0 -52.623623 12.940952 -31.369960 0.449611 -0.000000 -0.893224 -0.822244 0.202202
0 -44.894504 12.940952 -27.479448 0.449611 -0.000000 -0.893224 -0.701477 0.202202
glass
0 -52.623623 -12.940952 -31.369960 0.449611 0.000000 -0.893224 -0.822244 -0.202202
0 -44.894504 12.940952 -27.479448 0.449611 0.000000 -0.893224 -0.701477 0.202202
0 -44.894504 -12.940952 -27.479448 0.449611 0.000000 -0.893224 -0.701477 -0.202202
glass
0 -52.623623 12.940952 -31.369960 0.389404 0.499887 -0.773613 -0.822244 0.202202
0 -58.156593 35.355339 -19.671477 0.389404 0.499887 -0.773613 -0.908697 0.552427
0 -50.994826 35.355339 -16.066547 0.389404 0.499887 -0.773613 -0.796794 0.552427
glass
0 -52.623623 12.940952 -31.369960 0.389404 0.499887 -0.773613 -0.822244 0.202202
0 -50.994826 35.355339 -16.066547 0.389404 0.499887 -0.773613 -0.796794 0.552427
0 -44.894504 12.940952 -27.479448 0.389404 0.499887 -0.773613 -0.701477 0.202202
glass
0 -58.156593 35.355339 -19.671477 0.224856 0.865960 -0.446713 -0.908697 -0.307367
0 -67.739978 48.296291 0.590888 0.224856 0.865960 -0.446713 -1.058437 0.009233
0 -61.560895 48.296291 3.701177 0.224856 0.865960 -0.446713 -0.961889 0.057831
glass
0 -58.156593 35.355339 -19.671477 0.224856 0.865960 -0.446713 -0.908697 -0.307367
0 -61.560895 48.296291 3.701177 0.224856 0.865960 -0.446713 -0.961889 0.057831
0 -50.994826 35.355339 -16.066547 0.224856 0.865960 -0.446713 -0.796794 -0.251040
glass
0 -67.739978 48.296291 0.590888 0.000000 1.000000 -0.000000 -1.058437 0.009233
0 -78.805918 48.296291 23.987853 0.000000 1.000000 -0.000000 -1.231342 0.374810
0 -73.761540 48.296291 26.526979 0.000000 1.000000 -0.000000 -1.152524 0.414484
glass
0 -67.739978 48.296291 0.590888 0.000000 1.000000 -0.000000 -1.058437 0.009233
0 -73.761540 48.296291 26.526979 0.000000 1.000000 -0.000000 -1.152524 0.414484
0 -61.560895 48.296291 3.701177 0.000000 1.000000 -0.000000 -0.961889 0.057831
collar_dark
0 -49.842421 -37.800000 -18.222546 0.492898 0.000000 -0.870087 -0.778788 -0.590625
0 -49.842421 -34.200000 -18.222546 0.492898 0.000000 -0.870087 -0.778788 -0.534375
0 -42.761765 -34.200000 -14.211404 0.492898 0.000000 -0.870087 -0.668153 -0.534375
collar_dark
0 -49.842421 -37.800000 -18.222546 0.492898 0.000000 -0.870087 -0.778788 -0.590625
0 -42.761765 -34.200000 -14.211404 0.492898 0.000000 -0.870087 -0.668153 -0.534375
0 -42.761765 -37.800000 -14.211404 0.492898 0.000000 -0.870087 -0.668153 -0.590625
collar_dark
0 -49.842421 -34.200000 -18.222546 0.000000 1.000000 0.000000 -0.778788 -0.284727
0 -51.539449 -34.200000 -15.047629 0.000000 1.000000 0.000000 -0.805304 -0.235119
0 -44.612535 -34.200000 -11.123581 0.000000 1.000000 0.000000 -0.697071 -0.173806
collar_dark
0 -49.842421 -34.200000 -18.222546 0.000000 1.000000 0.000000 -0.778788 -0.284727
0 -44.612535 -34.200000 -11.123581 0.000000 1.000000 0.000000 -0.697071 -0.173806
0 -42.761765 -34.200000 -14.211404 0.000000 1.000000 0.000000 -0.668153 -0.222053
collar_dark
0 -51.539449 -34.200000 -15.047629 -0.492898 0.000000 0.870087 -0.805304 -0.534375
0 -51.539449 -37.800000 -15.047629 -0.492898 0.000000 0.870087 -0.805304 -0.590625
0 -44.612535 -37.800000 -11.123581 -0.492898 0.000000 0.870087 -0.697071 -0.590625
collar_dark
0 -51.539449 -34.200000 -15.047629 -0.492898 0.000000 0.870087 -0.805304 -0.534375
0 -44.612535 -37.800000 -11.123581 -0.492898 0.000000 0.870087 -0.697071 -0.590625
0 -44.612535 -34.200000 -11.123581 -0.492898 0.000000 0.870087 -0.697071 -0.534375
collar_dark
0 -51.539449 -37.800000 -15.047629 0.000000 -1.000000 0.000000 -0.805304 -0.235119
0 -49.842421 -37.800000 -18.222546 0.000000 -1.000000 0.000000 -0.778788 -0.284727
0 -42.761765 -37.800000 -14.211404 0.000000 -1.000000 0.000000 -0.668153 -0.222053
collar_dark
0 -51.539449 -37.800000 -15.047629 0.000000 -1.000000 0.000000 -0.805304 -0.235119
0 -42.761765 -37.800000 -14.211404 0.000000 -1.000000 0.000000 -0.668153 -0.222053
0 -44.612535 -37.800000 -11.123581 0.000000 -1.000000 0.000000 -0.697071 -0.173806
collar_dark
0 -83.782986 -37.800000 45.275785 0.492898 0.000000 -0.870087 -1.309109 -0.590625
0 -83.782986 -34.200000 45.275785 0.492898 0.000000 -0.870087 -1.309109 -0.534375
0 -79.777163 -34.200000 47.545056 0.492898 0.000000 -0.870087 -1.246518 -0.534375
collar_dark
0 -83.782986 -37.800000 45.275785 0.492898 0.000000 -0.870087 -1.309109 -0.590625
0 -79.777163 -34.200000 47.545056 0.492898 0.000000 -0.870087 -1.246518 -0.534375
0 -79.777163 -37.800000 47.545056 0.492898 0.000000 -0.870087 -1.246518 -0.590625
collar_dark
0 -83.782986 -34.200000 45.275785 0.000000 1.000000 0.000000 -1.309109 0.707434
0 -85.480014 -34.200000 48.450702 0.000000 1.000000 0.000000 -1.335625 0.757042
0 -81.627932 -34.200000 50.632879 0.000000 1.000000 0.000000 -1.275436 0.791139
collar_dark
0 -83.782986 -34.200000 45.275785 0.000000 1.000000 0.000000 -1.309109 0.707434
0 -81.627932 -34.200000 50.632879 0.000000 1.000000 0.000000 -1.275436 0.791139
0 -79.777163 -34.200000 47.545056 0.000000 1.000000 0.000000 -1.246518 0.742892
collar_dark
0 -85.480014 -34.200000 48.450702 -0.492898 0.000000 0.870087 -1.335625 -0.534375
0 -85.480014 -37.800000 48.450702 -0.492898 0.000000 0.870087 -1.335625 -0.590625
0 -81.627932 -37.800000 50.632879 -0.492898 0.000000 0.870087 -1.275436 -0.590625
collar_dark
0 -85.480014 -34.200000 48.450702 -0.492898 0.000000 0.870087 -1.335625 -0.534375
0 -81.627932 -37.800000 50.632879 -0.492898 0.000000 0.870087 -1.275436 -0.590625
0 -81.627932 -34.200000 50.632879 -0.492898 0.000000 0.870087 -1.275436 -0.534375
collar_dark
0 -85.480014 -37.800000 48.450702 0.000000 -1.000000 0.000000 -1.335625 0.757042
0 -83.782986 -37.800000 45.275785 0.000000 -1.000000 0.000000 -1.309109 0.707434
0 -79.777163 -37.800000 47.545056 0.000000 -1.000000 0.000000 -1.246518 0.742892
collar_dark
0 -85.480014 -37.800000 48.450702 0.000000 -1.000000 0.000000 -1.335625 0.757042
0 -79.777163 -37.800000 47.545056 0.000000 -1.000000 0.000000 -1.246518 0.742892
0 -81.627932 -37.800000 50.632879 0.000000 -1.000000 0.000000 -1.275436 0.791139
collar_dark
0 -49.842421 34.200000 -18.222546 0.492898 0.000000 -0.870087 -0.778788 0.534375
0 -49.842421 37.800000 -18.222546 0.492898 0.000000 -0.870087 -0.778788 0.590625
0 -42.761765 37.800000 -14.211404 0.492898 0.000000 -0.870087 -0.668153 0.590625
collar_dark
0 -49.842421 34.200000 -18.222546 0.492898 0.000000 -0.870087 -0.778788 0.534375
0 -42.761765 37.800000 -14.211404 0.492898 0.000000 -0.870087 -0.668153 0.590625
0 -42.761765 34.200000 -14.211404 0.492898 0.000000 -0.870087 -0.668153 0.534375
collar_dark
0 -49.842421 37.800000 -18.222546 0.000000 1.000000 0.000000 -0.778788 -0.284727
0 -51.539449 37.800000 -15.047629 0.000000 1.000000 0.000000 -0.805304 -0.235119
0 -44.612535 37.800000 -11.123581 0.000000 1.000000 0.000000 -0.697071 -0.173806
collar_dark
0 -49.842421 37.800000 -18.222546 0.000000 1.000000 0.000000 -0.778788 -0.284727
0 -44.612535 37.800000 -11.123581 0.000000 1.000000 0.000000 -0.697071 -0.173806
0 -42.761765 37.800000 -14.211404 0.000000 1.000000 0.000000 -0.668153 -0.222053
collar_dark
0 -51.539449 37.800000 -15.047629 -0.492898 0.000000 0.870087 -0.805304 0.590625
0 -51.539449 34.200000 -15.047629 -0.492898 0.000000 0.870087 -0.805304 0.534375
0 -44.612535 34.200000 -11.123581 -0.492898 0.000000 0.870087 -0.697071 0.534375
collar_dark
0 -51.539449 37.800000 -15.047629 -0.492898 0.000000 0.870087 -0.805304 0.590625
0 -44.612535 34.200000 -11.123581 -0.492898 0.000000 0.870087 -0.697071 0.534375
0 -44.612535 37.800000 -11.123581 -0.492898 0.000000 0.870087 -0.697071 0.590625
collar_dark
0 -51.539449 34.200000 -15.047629 0.000000 -1.000000 0.000000 -0.805304 -0.235119
0 -49.842421 34.200000 -18.222546 0.000000 -1.000000 0.000000 -0.778788 -0.284727
0 -42.761765 34.200000 -14.211404 0.000000 -1.000000 0.000000 -0.668153 -0.222053
collar_dark
0 -51.539449 34.200000 -15.047629 0.000000 -1.000000 0.000000 -0.805304 -0.235119
0 -42.761765 34.200000 -14.211404 0.000000 -1.000000 0.000000 -0.668153 -0.222053
0 -44.612535 34.200000 -11.123581 0.000000 -1.000000 0.000000 -0.697071 -0.173806
collar_dark
0 -83.782986 34.200000 45.275785 0.492898 0.000000 -0.870087 -1.309109 0.534375
0 -83.782986 37.800000 45.275785 0.492898 0.000000 -0.870087 -1.309109 0.590625
0 -79.777163 37.800000 47.545056 0.492898 0.000000 -0.870087 -1.246518 0.590625
collar_dark
0 -83.782986 34.200000 45.275785 0.492898 0.000000 -0.870087 -1.309109 0.534375
0 -79.777163 37.800000 47.545056 0.492898 0.000000 -0.870087 -1.246518 0.590625
0 -79.777163 34.200000 47.545056 0.492898 0.000000 -0.870087 -1.246518 0.534375
collar_dark
0 -83.782986 37.800000 45.275785 0.000000 1.000000 0.000000 -1.309109 0.707434
0 -85.480014 37.800000 48.450702 0.000000 1.000000 0.000000 -1.335625 0.757042
0 -81.627932 37.800000 50.632879 0.000000 1.000000 0.000000 -1.275436 0.791139
collar_dark
0 -83.782986 37.800000 45.275785 0.000000 1.000000 0.000000 -1.309109 0.707434
0 -81.627932 37.800000 50.632879 0.000000 1.000000 0.000000 -1.275436 0.791139
0 -79.777163 37.800000 47.545056 0.000000 1.000000 0.000000 -1.246518 0.742892
collar_dark
0 -85.480014 37.800000 48.450702 -0.492898 0.000000 0.870087 -1.335625 0.590625
0 -85.480014 34.200000 48.450702 -0.492898 0.000000 0.870087 -1.335625 0.534375
0 -81.627932 34.200000 50.632879 -0.492898 0.000000 0.870087 -1.275436 0.534375
collar_dark
0 -85.480014 37.800000 48.450702 -0.492898 0.000000 0.870087 -1.335625 0.590625
0 -81.627932 34.200000 50.632879 -0.492898 0.000000 0.870087 -1.275436 0.534375
0 -81.627932 37.800000 50.632879 -0.492898 0.000000 0.870087 -1.275436 0.590625
collar_dark
0 -85.480014 34.200000 48.450702 0.000000 -1.000000 0.000000 -1.335625 0.757042
0 -83.782986 34.200000 45.275785 0.000000 -1.000000 0.000000 -1.309109 0.707434
0 -79.777163 34.200000 47.545056 0.000000 -1.000000 0.000000 -1.246518 0.742892
collar_dark
0 -85.480014 34.200000 48.450702 0.000000 -1.000000 0.000000 -1.335625 0.757042
0 -79.777163 34.200000 47.545056 0.000000 -1.000000 0.000000 -1.246518 0.742892
0 -81.627932 34.200000 50.632879 0.000000 -1.000000 0.000000 -1.275436 0.791139
glass
0 -73.761540 48.296291 26.526979 -0.246505 0.865960 0.435142 -1.152524 0.414484
0 -84.327609 35.355339 46.294703 -0.246505 0.865960 0.435142 -1.317619 0.723355
0 -80.371126 35.355339 48.536024 -0.246505 0.865960 0.435142 -1.255799 0.758375
glass
0 -73.761540 48.296291 26.526979 -0.246505 0.865960 0.435142 -1.152524 0.414484
0 -80.371126 35.355339 48.536024 -0.246505 0.865960 0.435142 -1.255799 0.758375
0 -68.847828 48.296291 29.310563 -0.246505 0.865960 0.435142 -1.075747 0.457978
glass
0 -84.327609 35.355339 46.294703 -0.426894 0.499887 0.753574 -1.317619 0.552427
0 -90.427932 12.940952 57.707604 -0.426894 0.499887 0.753574 -1.412936 0.202202
0 -87.024105 12.940952 59.635849 -0.426894 0.499887 0.753574 -1.359752 0.202202
glass
0 -84.327609 35.355339 46.294703 -0.426894 0.499887 0.753574 -1.317619 0.552427
0 -87.024105 12.940952 59.635849 -0.426894 0.499887 0.753574 -1.359752 0.202202
0 -80.371126 35.355339 48.536024 -0.426894 0.499887 0.753574 -1.255799 0.552427
glass
0 -90.427932 12.940952 57.707604 -0.492898 0.000000 0.870087 -1.412936 0.202202
0 -90.427932 -12.940952 57.707604 -0.492898 0.000000 0.870087 -1.412936 -0.202202
0 -87.024105 -12.940952 59.635849 -0.492898 0.000000 0.870087 -1.359752 -0.202202
glass
0 -90.427932 12.940952 57.707604 -0.492898 0.000000 0.870087 -1.412936 0.202202
0 -87.024105 -12.940952 59.635849 -0.492898 0.000000 0.870087 -1.359752 -0.202202
0 -87.024105 12.940952 59.635849 -0.492898 0.000000 0.870087 -1.359752 0.202202
glass
0 -90.427932 -12.940952 57.707604 -0.426894 -0.499887 0.753574 -1.412936 -0.202202
0 -84.327609 -35.355339 46.294703 -0.426894 -0.499887 0.753574 -1.317619 -0.552427
0 -80.371126 -35.355339 48.536024 -0.426894 -0.499887 0.753574 -1.255799 -0.552427
glass
0 -90.427932 -12.940952 57.707604 -0.426894 -0.499887 0.753574 -1.412936 -0.202202
0 -80.371126 -35.355339 48.536024 -0.426894 -0.499887 0.753574 -1.255799 -0.552427
0 -87.024105 -12.940952 59.635849 -0.426894 -0.499887 0.753574 -1.359752 -0.202202
glass
0 -84.327609 -35.355339 46.294703 -0.246505 -0.865960 0.435142 -1.317619 0.723355
0 -73.761540 -48.296291 26.526979 -0.246505 -0.865960 0.435142 -1.152524 0.414484
0 -68.847828 -48.296291 29.310563 -0.246505 -0.865960 0.435142 -1.075747 0.457978
glass
0 -84.327609 -35.355339 46.294703 -0.246505 -0.865960 0.435142 -1.317619 0.723355
0 -68.847828 -48.296291 29.310563 -0.246505 -0.865960 0.435142 -1.075747 0.457978
0 -80.371126 -35.355339 48.536024 -0.246505 -0.865960 0.435142 -1.255799 0.758375
glass
0 -73.761540 -48.296291 26.526979 0.000000 -1.000000 0.000000 -1.152524 0.414484
0 -61.560895 -48.296291 3.701177 0.000000 -1.000000 0.000000 -0.961889 0.057831
0 -55.541870 -48.296291 7.110913 0.000000 -1.000000 0.000000 -0.867842 0.111108
glass
0 -73.761540 -48.296291 26.526979 0.000000 -1.000000 0.000000 -1.152524 0.414484
0 -55.541870 -48.296291 7.110913 0.000000 -1.000000 0.000000 -0.867842 0.111108
0 -68.847828 -48.296291 29.310563 0.000000 -1.000000 0.000000 -1.075747 0.457978
glass
0 -61.560895 -48.296291 3.701177 0.246505 -0.865960 -0.435142 -0.961889 0.057831
0 -50.994826 -35.355339 -16.066547 0.246505 -0.865960 -0.435142 -0.796794 -0.251040
0 -44.018572 -35.355339 -12.114548 0.246505 -0.865960 -0.435142 -0.687790 -0.189290
glass
0 -61.560895 -48.296291 3.701177 0.246505 -0.865960 -0.435142 -0.961889 0.057831
0 -44.018572 -35.355339 -12.114548 0.246505 -0.865960 -0.435142 -0.687790 -0.189290
0 -55.541870 -48.296291 7.110913 0.246505 -0.865960 -0.435142 -0.867842 0.111108
glass
0 -50.994826 -35.355339 -16.066547 0.426894 -0.499887 -0.753574 -0.796794 -0.552427
0 -44.894504 -12.940952 -27.479448 0.426894 -0.499887 -0.753574 -0.701477 -0.202202
0 -37.365593 -12.940952 -23.214373 0.426894 -0.499887 -0.753574 -0.583837 -0.202202
glass
0 -50.994826 -35.355339 -16.066547 0.426894 -0.499887 -0.753574 -0.796794 -0.552427
0 -37.365593 -12.940952 -23.214373 0.426894 -0.499887 -0.753574 -0.583837 -0.202202
0 -44.018572 -35.355339 -12.114548 0.426894 -0.499887 -0.753574 -0.687790 -0.552427
glass
0 -44.894504 -12.940952 -27.479448 0.492898 0.000000 -0.870087 -0.701477 -0.202202
0 -44.894504 12.940952 -27.479448 0.492898 0.000000 -0.870087 -0.701477 0.202202
0 -37.365593 12.940952 -23.214373 0.492898 0.000000 -0.870087 -0.583837 0.202202
glass
0 -44.894504 -12.940952 -27.479448 0.492898 -0.000000 -0.870087 -0.701477 -0.202202
0 -37.365593 12.940952 -23.214373 0.492898 -0.000000 -0.870087 -0.583837 0.202202
0 -37.365593 -12.940952 -23.214373 0.492898 -0.000000 -0.870087 -0.583837 -0.202202
glass
0 -44.894504 12.940952 -27.479448 0.426894 0.499887 -0.753574 -0.701477 0.202202
0 -50.994826 35.355339 -16.066547 0.426894 0.499887 -0.753574 -0.796794 0.552427
0 -44.018572 35.355339 -12.114548 0.426894 0.499887 -0.753574 -0.687790 0.552427
glass
0 -44.894504 12.940952 -27.479448 0.426894 0.499887 -0.753574 -0.701477 0.202202
0 -44.018572 35.355339 -12.114548 0.426894 0.499887 -0.753574 -0.687790 0.552427
0 -37.365593 12.940952 -23.214373 0.426894 0.499887 -0.753574 -0.583837 0.202202
glass
0 -50.994826 35.355339 -16.066547 0.246505 0.865960 -0.435142 -0.796794 -0.251040
0 -61.560895 48.296291 3.701177 0.246505 0.865960 -0.435142 -0.961889 0.057831
0 -55.541870 48.296291 7.110913 0.246505 0.865960 -0.435142 -0.867842 0.111108
glass
0 -50.994826 35.355339 -16.066547 0.246505 0.865960 -0.435142 -0.796794 -0.251040
0 -55.541870 48.296291 7.110913 0.246505 0.865960 -0.435142 -0.867842 0.111108
0 -44.018572 35.355339 -12.114548 0.246505 0.865960 -0.435142 -0.687790 -0.189290
glass
0 -61.560895 48.296291 3.701177 0.000000 1.000000 -0.000000 -0.961889 0.057831
0 -73.761540 48.296291 26.526979 0.000000 1.000000 -0.000000 -1.152524 0.414484
0 -68.847828 48.296291 29.310563 0.000000 1.000000 -0.000000 -1.075747 0.457978
glass
0 -61.560895 48.296291 3.701177 0.000000 1.000000 -0.000000 -0.961889 0.057831
0 -68.847828 48.296291 29.310563 0.000000 1.000000 -0.000000 -1.075747 0.457978
0 -55.541870 48.296291 7.110913 0.000000 1.000000 -0.000000 -0.867842 0.111108
collar_dark
0 -42.761765 -37.800000 -14.211404 0.534998 0.000000 -0.844854 -0.668153 -0.590625
0 -42.761765 -34.200000 -14.211404 0.534998 0.000000 -0.844854 -0.668153 -0.534375
0 -35.886455 -34.200000 -9.857662 0.534998 0.000000 -0.844854 -0.560726 -0.534375
collar_dark
0 -42.761765 -37.800000 -14.211404 0.534998 0.000000 -0.844854 -0.668153 -0.590625
0 -35.886455 -34.200000 -9.857662 0.534998 0.000000 -0.844854 -0.560726 -0.534375
0 -35.886455 -37.800000 -9.857662 0.534998 0.000000 -0.844854 -0.560726 -0.590625
collar_dark
0 -42.761765 -34.200000 -14.211404 0.000000 1.000000 0.000000 -0.668153 -0.222053
0 -44.612535 -34.200000 -11.123581 0.000000 1.000000 0.000000 -0.697071 -0.173806
0 -37.886508 -34.200000 -6.864371 0.000000 1.000000 0.000000 -0.591977 -0.107256
collar_dark
0 -42.761765 -34.200000 -14.211404 0.000000 1.000000 0.000000 -0.668153 -0.222053
0 -37.886508 -34.200000 -6.864371 0.000000 1.000000 0.000000 -0.591977 -0.107256
0 -35.886455 -34.200000 -9.857662 0.000000 1.000000 0.000000 -0.560726 -0.154026
collar_dark
0 -44.612535 -34.200000 -11.123581 -0.534998 0.000000 0.844854 -0.697071 -0.534375
0 -44.612535 -37.800000 -11.123581 -0.534998 0.000000 0.844854 -0.697071 -0.590625
0 -37.886508 -37.800000 -6.864371 -0.534998 0.000000 0.844854 -0.591977 -0.590625
collar_dark
0 -44.612535 -34.200000 -11.123581 -0.534998 0.000000 0.844854 -0.697071 -0.534375
0 -37.886508 -37.800000 -6.864371 -0.534998 0.000000 0.844854 -0.591977 -0.590625
0 -37.886508 -34.200000 -6.864371 -0.534998 0.000000 0.844854 -0.591977 -0.534375
collar_dark
0 -44.612535 -37.800000 -11.123581 0.000000 -1.000000 0.000000 -0.697071 -0.173806
0 -42.761765 -37.800000 -14.211404 0.000000 -1.000000 0.000000 -0.668153 -0.222053
0 -35.886455 -37.800000 -9.857662 0.000000 -1.000000 0.000000 -0.560726 -0.154026
collar_dark
0 -44.612535 -37.800000 -11.123581 0.000000 -1.000000 0.000000 -0.697071 -0.173806
0 -35.886455 -37.800000 -9.857662 0.000000 -1.000000 0.000000 -0.560726 -0.154026
0 -37.886508 -37.800000 -6.864371 0.000000 -1.000000 0.000000 -0.591977 -0.107256
collar_dark
0 -79.777163 -37.800000 47.545056 0.534998 0.000000 -0.844854 -1.246518 -0.590625
0 -79.777163 -34.200000 47.545056 0.534998 0.000000 -0.844854 -1.246518 -0.534375
0 -75.887512 -34.200000 50.008150 0.534998 0.000000 -0.844854 -1.185742 -0.534375
collar_dark
0 -79.777163 -37.800000 47.545056 0.534998 0.000000 -0.844854 -1.246518 -0.590625
0 -75.887512 -34.200000 50.008150 0.534998 0.000000 -0.844854 -1.185742 -0.534375
0 -75.887512 -37.800000 50.008150 0.534998 0.000000 -0.844854 -1.185742 -0.590625
collar_dark
0 -79.777163 -34.200000 47.545056 0.000000 1.000000 0.000000 -1.246518 0.742892
0 -81.627932 -34.200000 50.632879 0.000000 1.000000 0.000000 -1.275436 0.791139
0 -77.887565 -34.200000 53.001441 0.000000 1.000000 0.000000 -1.216993 0.828148
collar_dark
0 -79.777163 -34.200000 47.545056 0.000000 1.000000 0.000000 -1.246518 0.742892
0 -77.887565 -34.200000 53.001441 0.000000 1.000000 0.000000 -1.216993 0.828148
0 -75.887512 -34.200000 50.008150 0.000000 1.000000 0.000000 -1.185742 0.781377
collar_dark
0 -81.627932 -34.200000 50.632879 -0.534998 0.000000 0.844854 -1.275436 -0.534375
0 -81.627932 -37.800000 50.632879 -0.534998 0.000000 0.844854 -1.275436 -0.590625
0 -77.887565 -37.800000 53.001441 -0.534998 0.000000 0.844854 -1.216993 -0.590625
collar_dark
0 -81.627932 -34.200000 50.632879 -0.534998 0.000000 0.844854 -1.275436 -0.534375
0 -77.887565 -37.800000 53.001441 -0.534998 0.000000 0.844854 -1.216993 -0.590625
0 -77.887565 -34.200000 53.001441 -0.534998 0.000000 0.844854 -1.216993 -0.534375
collar_dark
0 -81.627932 -37.800000 50.632879 0.000000 -1.000000 0.000000 -1.275436 0.791139
0 -79.777163 -37.800000 47.545056 0.000000 -1.000000 0.000000 -1.246518 0.742892
0 -75.887512 -37.800000 50.008150 0.000000 -1.000000 0.000000 -1.185742 0.781377
collar_dark
0 -81.627932 -37.800000 50.632879 0.000000 -1.000000 0.000000 -1.275436 0.791139
0 -75.887512 -37.800000 50.008150 0.000000 -1.000000 0.000000 -1.185742 0.781377
0 -77.887565 -37.800000 53.001441 0.000000 -1.000000 0.000000 -1.216993 0.828148
collar_dark
0 -42.761765 34.200000 -14.211404 0.534998 0.000000 -0.844854 -0.668153 0.534375
0 -42.761765 37.800000 -14.211404 0.534998 0.000000 -0.844854 -0.668153 0.590625
0 -35.886455 37.800000 -9.857662 0.534998 0.000000 -0.844854 -0.560726 0.590625
collar_dark
0 -42.761765 34.200000 -14.211404 0.534998 0.000000 -0.844854 -0.668153 0.534375
0 -35.886455 37.800000 -9.857662 0.534998 0.000000 -0.844854 -0.560726 0.590625
0 -35.886455 34.200000 -9.857662 0.534998 0.000000 -0.844854 -0.560726 0.534375
collar_dark
0 -42.761765 37.800000 -14.211404 0.000000 1.000000 0.000000 -0.668153 -0.222053
0 -44.612535 37.800000 -11.123581 0.000000 1.000000 0.000000 -0.697071 -0.173806
0 -37.886508 37.800000 -6.864371 0.000000 1.000000 0.000000 -0.591977 -0.107256
collar_dark
0 -42.761765 37.800000 -14.211404 0.000000 1.000000 0.000000 -0.668153 -0.222053
0 -37.886508 37.800000 -6.864371 0.000000 1.000000 0.000000 -0.591977 -0.107256
0 -35.886455 37.800000 -9.857662 0.000000 1.000000 0.000000 -0.560726 -0.154026
collar_dark
0 -44.612535 37.800000 -11.123581 -0.534998 0.000000 0.844854 -0.697071 0.590625
0 -44.612535 34.200000 -11.123581 -0.534998 0.000000 0.844854 -0.697071 0.534375
0 -37.886508 34.200000 -6.864371 -0.534998 0.000000 0.844854 -0.591977 0.534375
collar_dark
0 -44.612535 37.800000 -11.123581 -0.534998 0.000000 0.844854 -0.697071 0.590625
0 -37.886508 34.200000 -6.864371 -0.534998 0.000000 0.844854 -0.591977 0.534375
0 -37.886508 37.800000 -6.864371 -0.534998 0.000000 0.844854 -0.591977 0.590625
collar_dark
0 -44.612535 34.200000 -11.123581 0.000000 -1.000000 0.000000 -0.697071 -0.173806
0 -42.761765 34.200000 -14.211404 0.000000 -1.000000 0.000000 -0.668153 -0.222053
0 -35.886455 34.200000 -9.857662 0.000000 -1.000000 0.000000 -0.560726 -0.154026
collar_dark
0 -44.612535 34.200000 -11.123581 0.000000 -1.000000 0.000000 -0.697071 -0.173806
0 -35.886455 34.200000 -9.857662 0.000000 -1.000000 0.000000 -0.560726 -0.154026
0 -37.886508 34.200000 -6.864371 0.000000 -1.000000 0.000000 -0.591977 -0.107256
collar_dark
0 -79.777163 34.200000 47.545056 0.534998 0.000000 -0.844854 -1.246518 0.534375
0 -79.777163 37.800000 47.545056 0.534998 0.000000 -0.844854 -1.246518 0.590625
0 -75.887512 37.800000 50.008150 0.534998 0.000000 -0.844854 -1.185742 0.590625
collar_dark
0 -79.777163 34.200000 47.545056 0.534998 0.000000 -0.844854 -1.246518 0.534375
0 -75.887512 37.800000 50.008150 0.534998 0.000000 -0.844854 -1.185742 0.590625
0 -75.887512 34.200000 50.008150 0.534998 0.000000 -0.844854 -1.185742 0.534375
collar_dark
0 -79.777163 37.800000 47.545056 0.000000 1.000000 0.000000 -1.246518 0.742892
0 -81.627932 37.800000 50.632879 0.000000 1.000000 0.000000 -1.275436 0.791139
0 -77.887565 37.800000 53.001441 0.000000 1.000000 0.000000 -1.216993 0.828148
collar_dark
0 -79.777163 37.800000 47.545056 0.000000 1.000000 0.000000 -1.246518 0.742892
0 -77.887565 37.800000 53.001441 0.000000 1.000000 0.000000 -1.216993 0.828148
0 -75.887512 37.800000 50.008150 0.000000 1.000000 0.000000 -1.185742 0.781377
collar_dark
0 -81.627932 37.800000 50.632879 -0.534998 0.000000 0.844854 -1.275436 0.590625
0 -81.627932 34.200000 50.632879 -0.534998 0.000000 0.844854 -1.275436 0.534375
0 -77.887565 34.200000 53.001441 -0.534998 0.000000 0.844854 -1.216993 0.534375
collar_dark
0 -81.627932 37.800000 50.632879 -0.534998 0.000000 0.844854 -1.275436 0.590625
0 -77.887565 34.200000 53.001441 -0.534998 0.000000 0.844854 -1.216993 0.534375
0 -77.887565 37.800000 53.001441 -0.534998 0.000000 0.844854 -1.216993 0.590625
collar_dark
0 -81.627932 34.200000 50.632879 0.000000 -1.000000 0.000000 -1.275436 0.791139
0 -79.777163 34.200000 47.545056 0.000000 -1.000000 0.000000 -1.246518 0.742892
0 -75.887512 34.200000 50.008150 0.000000 -1.000000 0.000000 -1.185742 0.781377
collar_dark
0 -81.627932 34.200000 50.632879 0.000000 -1.000000 0.000000 -1.275436 0.791139
0 -75.887512 34.200000 50.008150 0.000000 -1.000000 0.000000 -1.185742 0.781377
0 -77.887565 34.200000 53.001441 0.000000 -1.000000 0.000000 -1.216993 0.828148
glass
0 -68.847828 48.296291 29.310563 -0.267559 0.865960 0.422522 -1.075747 0.457978
0 -80.371126 35.355339 48.536024 -0.267559 0.865960 0.422522 -1.255799 0.758375
0 -76.529384 35.355339 50.968780 -0.267559 0.865960 0.422522 -1.195772 0.796387
glass
0 -68.847828 48.296291 29.310563 -0.267559 0.865960 0.422522 -1.075747 0.457978
0 -76.529384 35.355339 50.968780 -0.267559 0.865960 0.422522 -1.195772 0.796387
0 -64.076618 48.296291 32.331898 -0.267559 0.865960 0.422522 -1.001197 0.505186
glass
0 -80.371126 35.355339 48.536024 -0.463356 0.499887 0.731720 -1.255799 0.552427
0 -87.024105 12.940952 59.635849 -0.463356 0.499887 0.731720 -1.359752 0.202202
0 -83.718992 12.940952 61.728788 -0.463356 0.499887 0.731720 -1.308109 0.202202
glass
0 -80.371126 35.355339 48.536024 -0.463356 0.499887 0.731720 -1.255799 0.552427
0 -83.718992 12.940952 61.728788 -0.463356 0.499887 0.731720 -1.308109 0.202202
0 -76.529384 35.355339 50.968780 -0.463356 0.499887 0.731720 -1.195772 0.552427
glass
0 -87.024105 12.940952 59.635849 -0.534998 0.000000 0.844854 -1.359752 0.202202
0 -87.024105 -12.940952 59.635849 -0.534998 0.000000 0.844854 -1.359752 -0.202202
0 -83.718992 -12.940952 61.728788 -0.534998 0.000000 0.844854 -1.308109 -0.202202
glass
0 -87.024105 12.940952 59.635849 -0.534998 0.000000 0.844854 -1.359752 0.202202
0 -83.718992 -12.940952 61.728788 -0.534998 0.000000 0.844854 -1.308109 -0.202202
0 -83.718992 12.940952 61.728788 -0.534998 0.000000 0.844854 -1.308109 0.202202
glass
0 -87.024105 -12.940952 59.635849 -0.463356 -0.499887 0.731720 -1.359752 -0.202202
0 -80.371126 -35.355339 48.536024 -0.463356 -0.499887 0.731720 -1.255799 -0.552427
0 -76.529384 -35.355339 50.968780 -0.463356 -0.499887 0.731720 -1.195772 -0.552427
glass
0 -87.024105 -12.940952 59.635849 -0.463356 -0.499887 0.731720 -1.359752 -0.202202
0 -76.529384 -35.355339 50.968780 -0.463356 -0.499887 0.731720 -1.195772 -0.552427
0 -83.718992 -12.940952 61.728788 -0.463356 -0.499887 0.731720 -1.308109 -0.202202
glass
0 -80.371126 -35.355339 48.536024 -0.267559 -0.865960 0.422522 -1.255799 0.758375
0 -68.847828 -48.296291 29.310563 -0.267559 -0.865960 0.422522 -1.075747 0.457978
0 -64.076618 -48.296291 32.331898 -0.267559 -0.865960 0.422522 -1.001197 0.505186
glass
0 -80.371126 -35.355339 48.536024 -0.267559 -0.865960 0.422522 -1.255799 0.758375
0 -64.076618 -48.296291 32.331898 -0.267559 -0.865960 0.422522 -1.001197 0.505186
0 -76.529384 -35.355339 50.968780 -0.267559 -0.865960 0.422522 -1.195772 0.796387
glass
0 -68.847828 -48.296291 29.310563 0.000000 -1.000000 0.000000 -1.075747 0.457978
0 -55.541870 -48.296291 7.110913 0.000000 -1.000000 0.000000 -0.867842 0.111108
0 -49.697402 -48.296291 10.811881 0.000000 -1.000000 0.000000 -0.776522 0.168936
glass
0 -68.847828 -48.296291 29.310563 0.000000 -1.000000 0.000000 -1.075747 0.457978
0 -49.697402 -48.296291 10.811881 0.000000 -1.000000 0.000000 -0.776522 0.168936
0 -64.076618 -48.296291 32.331898 0.000000 -1.000000 0.000000 -1.001197 0.505186
glass
0 -55.541870 -48.296291 7.110913 0.267559 -0.865960 -0.422522 -0.867842 0.111108
0 -44.018572 -35.355339 -12.114548 0.267559 -0.865960 -0.422522 -0.687790 -0.189290
0 -37.244636 -35.355339 -7.825000 0.267559 -0.865960 -0.422522 -0.581947 -0.122266
glass
0 -55.541870 -48.296291 7.110913 0.267559 -0.865960 -0.422522 -0.867842 0.111108
0 -37.244636 -35.355339 -7.825000 0.267559 -0.865960 -0.422522 -0.581947 -0.122266
0 -49.697402 -48.296291 10.811881 0.267559 -0.865960 -0.422522 -0.776522 0.168936
glass
0 -44.018572 -35.355339 -12.114548 0.463356 -0.499887 -0.731720 -0.687790 -0.552427
0 -37.365593 -12.940952 -23.214373 0.463356 -0.499887 -0.731720 -0.583837 -0.202202
0 -30.055028 -12.940952 -18.585009 0.463356 -0.499887 -0.731720 -0.469610 -0.202202
glass
0 -44.018572 -35.355339 -12.114548 0.463356 -0.499887 -0.731720 -0.687790 -0.552427
0 -30.055028 -12.940952 -18.585009 0.463356 -0.499887 -0.731720 -0.469610 -0.202202
0 -37.244636 -35.355339 -7.825000 0.463356 -0.499887 -0.731720 -0.581947 -0.552427
glass
0 -37.365593 -12.940952 -23.214373 0.534998 -0.000000 -0.844854 -0.583837 -0.202202
0 -37.365593 12.940952 -23.214373 0.534998 -0.000000 -0.844854 -0.583837 0.202202
0 -30.055028 12.940952 -18.585009 0.534998 -0.000000 -0.844854 -0.469610 0.202202
glass
0 -37.365593 -12.940952 -23.214373 0.534998 -0.000000 -0.844854 -0.583837 -0.202202
0 -30.055028 12.940952 -18.585009 0.534998 -0.000000 -0.844854 -0.469610 0.202202
0 -30.055028 -12.940952 -18.585009 0.534998 -0.000000 -0.844854 -0.469610 -0.202202
glass
0 -37.365593 12.940952 -23.214373 0.463356 0.499887 -0.731720 -0.583837 0.202202
0 -44.018572 35.355339 -12.114548 0.463356 0.499887 -0.731720 -0.687790 0.552427
0 -37.244636 35.355339 -7.825000 0.463356 0.499887 -0.731720 -0.581947 0.552427
glass
0 -37.365593 12.940952 -23.214373 0.463356 0.499887 -0.731720 -0.583837 0.202202
0 -37.244636 35.355339 -7.825000 0.463356 0.499887 -0.731720 -0.581947 0.552427
0 -30.055028 12.940952 -18.585009 0.463356 0.499887 -0.731720 -0.469610 0.202202
glass
0 -44.018572 35.355339 -12.114548 0.267559 0.865960 -0.422522 -0.687790 -0.189290
0 -55.541870 48.296291 7.110913 0.267559 0.865960 -0.422522 -0.867842 0.111108
0 -49.697402 48.296291 10.811881 0.267559 0.865960 -0.422522 -0.776522 0.168936
glass
0 -44.018572 35.355339 -12.114548 0.267559 0.865960 -0.422522 -0.687790 -0.189290
0 -49.697402 48.296291 10.811881 0.267559 0.865960 -0.422522 -0.776522 0.168936
0 -37.244636 35.355339 -7.825000 0.267559 0.865960 -0.422522 -0.581947 -0.122266
glass
0 -55.541870 48.296291 7.110913 0.000000 1.000000 -0.000000 -0.867842 0.111108
0 -68.847828 48.296291 29.310563 0.000000 1.000000 -0.000000 -1.075747 0.457978
0 -64.076618 48.296291 32.331898 0.000000 1.000000 -0.000000 -1.001197 0.505186
glass
0 -55.541870 48.296291 7.110913 0.000000 1.000000 -0.000000 -0.867842 0.111108
0 -64.076618 48.296291 32.331898 0.000000 1.000000 -0.000000 -1.001197 0.505186
0 -49.697402 48.296291 10.811881 0.000000 1.000000 -0.000000 -0.776522 0.168936
collar_dark
0 -35.886455 -37.800000 -9.857662 0.575808 0.000000 -0.817585 -0.560726 -0.590625
0 -35.886455 -34.200000 -9.857662 0.575808 0.000000 -0.817585 -0.560726 -0.534375
0 -29.233055 -34.200000 -5.171809 0.575808 0.000000 -0.817585 -0.456766 -0.534375
collar_dark
0 -35.886455 -37.800000 -9.857662 0.575808 0.000000 -0.817585 -0.560726 -0.590625
0 -29.233055 -34.200000 -5.171809 0.575808 0.000000 -0.817585 -0.456766 -0.534375
0 -29.233055 -37.800000 -5.171809 0.575808 0.000000 -0.817585 -0.456766 -0.590625
collar_dark
0 -35.886455 -34.200000 -9.857662 0.000000 1.000000 0.000000 -0.560726 -0.154026
0 -37.886508 -34.200000 -6.864371 0.000000 1.000000 0.000000 -0.591977 -0.107256
0 -31.377573 -34.200000 -2.280262 0.000000 1.000000 0.000000 -0.490275 -0.035629
collar_dark
0 -35.886455 -34.200000 -9.857662 0.000000 1.000000 0.000000 -0.560726 -0.154026
0 -31.377573 -34.200000 -2.280262 0.000000 1.000000 0.000000 -0.490275 -0.035629
0 -29.233055 -34.200000 -5.171809 0.000000 1.000000 0.000000 -0.456766 -0.080810
collar_dark
0 -37.886508 -34.200000 -6.864371 -0.575808 0.000000 0.817585 -0.591977 -0.534375
0 -37.886508 -37.800000 -6.864371 -0.575808 0.000000 0.817585 -0.591977 -0.590625
0 -31.377573 -37.800000 -2.280262 -0.575808 0.000000 0.817585 -0.490275 -0.590625
collar_dark
0 -37.886508 -34.200000 -6.864371 -0.575808 0.000000 0.817585 -0.591977 -0.534375
0 -31.377573 -37.800000 -2.280262 -0.575808 0.000000 0.817585 -0.490275 -0.590625
0 -31.377573 -34.200000 -2.280262 -0.575808 0.000000 0.817585 -0.490275 -0.534375
collar_dark
0 -37.886508 -37.800000 -6.864371 0.000000 -1.000000 0.000000 -0.591977 -0.107256
0 -35.886455 -37.800000 -9.857662 0.000000 -1.000000 0.000000 -0.560726 -0.154026
0 -29.233055 -37.800000 -5.171809 0.000000 -1.000000 0.000000 -0.456766 -0.080810
collar_dark
0 -37.886508 -37.800000 -6.864371 0.000000 -1.000000 0.000000 -0.591977 -0.107256
0 -29.233055 -37.800000 -5.171809 0.000000 -1.000000 0.000000 -0.456766 -0.080810
0 -31.377573 -37.800000 -2.280262 0.000000 -1.000000 0.000000 -0.490275 -0.035629
collar_dark
0 -75.887512 -37.800000 50.008150 0.575808 0.000000 -0.817585 -1.185742 -0.590625
0 -75.887512 -34.200000 50.008150 0.575808 0.000000 -0.817585 -1.185742 -0.534375
0 -72.123405 -34.200000 52.659134 0.575808 0.000000 -0.817585 -1.126928 -0.534375
collar_dark
0 -75.887512 -37.800000 50.008150 0.575808 0.000000 -0.817585 -1.185742 -0.590625
0 -72.123405 -34.200000 52.659134 0.575808 0.000000 -0.817585 -1.126928 -0.534375
0 -72.123405 -37.800000 52.659134 0.575808 0.000000 -0.817585 -1.126928 -0.590625
collar_dark
0 -75.887512 -34.200000 50.008150 0.000000 1.000000 0.000000 -1.185742 0.781377
0 -77.887565 -34.200000 53.001441 0.000000 1.000000 0.000000 -1.216993 0.828148
0 -74.267923 -34.200000 55.550681 0.000000 1.000000 0.000000 -1.160436 0.867979
collar_dark
0 -75.887512 -34.200000 50.008150 0.000000 1.000000 0.000000 -1.185742 0.781377
0 -74.267923 -34.200000 55.550681 0.000000 1.000000 0.000000 -1.160436 0.867979
0 -72.123405 -34.200000 52.659134 0.000000 1.000000 0.000000 -1.126928 0.822799
collar_dark
0 -77.887565 -34.200000 53.001441 -0.575808 0.000000 0.817585 -1.216993 -0.534375
0 -77.887565 -37.800000 53.001441 -0.575808 0.000000 0.817585 -1.216993 -0.590625
0 -74.267923 -37.800000 55.550681 -0.575808 0.000000 0.817585 -1.160436 -0.590625
collar_dark
0 -77.887565 -34.200000 53.001441 -0.575808 0.000000 0.817585 -1.216993 -0.534375
0 -74.267923 -37.800000 55.550681 -0.575808 0.000000 0.817585 -1.160436 -0.590625
0 -74.267923 -34.200000 55.550681 -0.575808 0.000000 0.817585 -1.160436 -0.534375
collar_dark
0 -77.887565 -37.800000 53.001441 0.000000 -1.000000 0.000000 -1.216993 0.828148
0 -75.887512 -37.800000 50.008150 0.000000 -1.000000 0.000000 -1.185742 0.781377
0 -72.123405 -37.800000 52.659134 0.000000 -1.000000 0.000000 -1.126928 0.822799
collar_dark
0 -77.887565 -37.800000 53.001441 0.000000 -1.000000 0.000000 -1.216993 0.828148
0 -72.123405 -37.800000 52.659134 0.000000 -1.000000 0.000000 -1.126928 0.822799
0 -74.267923 -37.800000 55.550681 0.000000 -1.000000 0.000000 -1.160436 0.867979
collar_dark
0 -35.886455 34.200000 -9.857662 0.575808 0.000000 -0.817585 -0.560726 0.534375
0 -35.886455 37.800000 -9.857662 0.575808 0.000000 -0.817585 -0.560726 0.590625
0 -29.233055 37.800000 -5.171809 0.575808 0.000000 -0.817585 -0.456766 0.590625
collar_dark
0 -35.886455 34.200000 -9.857662 0.575808 0.000000 -0.817585 -0.560726 0.534375
0 -29.233055 37.800000 -5.171809 0.575808 0.000000 -0.817585 -0.456766 0.590625
0 -29.233055 34.200000 -5.171809 0.575808 0.000000 -0.817585 -0.456766 0.534375
collar_dark
0 -35.886455 37.800000 -9.857662 0.000000 1.000000 0.000000 -0.560726 -0.154026
0 -37.886508 37.800000 -6.864371 0.000000 1.000000 0.000000 -0.591977 -0.107256
0 -31.377573 37.800000 -2.280262 0.000000 1.000000 0.000000 -0.490275 -0.035629
collar_dark
0 -35.886455 37.800000 -9.857662 0.000000 1.000000 0.000000 -0.560726 -0.154026
0 -31.377573 37.800000 -2.280262 0.000000 1.000000 0.000000 -0.490275 -0.035629
0 -29.233055 37.800000 -5.171809 0.000000 1.000000 0.000000 -0.456766 -0.080810
collar_dark
0 -37.886508 37.800000 -6.864371 -0.575808 0.000000 0.817585 -0.591977 0.590625
0 -37.886508 34.200000 -6.864371 -0.575808 0.000000 0.817585 -0.591977 0.534375
0 -31.377573 34.200000 -2.280262 -0.575808 0.000000 0.817585 -0.490275 0.534375
collar_dark
0 -37.886508 37.800000 -6.864371 -0.575808 0.000000 0.817585 -0.591977 0.590625
0 -31.377573 34.200000 -2.280262 -0.575808 0.000000 0.817585 -0.490275 0.534375
0 -31.377573 37.800000 -2.280262 -0.575808 0.000000 0.817585 -0.490275 0.590625
collar_dark
0 -37.886508 34.200000 -6.864371 0.000000 -1.000000 0.000000 -0.591977 -0.107256
0 -35.886455 34.200000 -9.857662 0.000000 -1.000000 0.000000 -0.560726 -0.154026
0 -29.233055 34.200000 -5.171809 0.000000 -1.000000 0.000000 -0.456766 -0.080810
collar_dark
0 -37.886508 34.200000 -6.864371 0.000000 -1.000000 0.000000 -0.591977 -0.107256
0 -29.233055 34.200000 -5.171809 0.000000 -1.000000 0.000000 -0.456766 -0.080810
0 -31.377573 34.200000 -2.280262 0.000000 -1.000000 0.000000 -0.490275 -0.035629
collar_dark
0 -75.887512 34.200000 50.008150 0.575808 0.000000 -0.817585 -1.185742 0.534375
0 -75.887512 37.800000 50.008150 0.575808 0.000000 -0.817585 -1.185742 0.590625
0 -72.123405 37.800000 52.659134 0.575808 0.000000 -0.817585 -1.126928 0.590625
collar_dark
0 -75.887512 34.200000 50.008150 0.575808 0.000000 -0.817585 -1.185742 0.534375
0 -72.123405 37.800000 52.659134 0.575808 0.000000 -0.817585 -1.126928 0.590625
0 -72.123405 34.200000 52.659134 0.575808 0.000000 -0.817585 -1.126928 0.534375
collar_dark
0 -75.887512 37.800000 50.008150 0.000000 1.000000 0.000000 -1.185742 0.781377
0 -77.887565 37.800000 53.001441 0.000000 1.000000 0.000000 -1.216993 0.828148
0 -74.267923 37.800000 55.550681 0.000000 1.000000 0.000000 -1.160436 0.867979
collar_dark
0 -75.887512 37.800000 50.008150 0.000000 1.000000 0.000000 -1.185742 0.781377
0 -74.267923 37.800000 55.550681 0.000000 1.000000 0.000000 -1.160436 0.867979
0 -72.123405 37.800000 52.659134 0.000000 1.000000 0.000000 -1.126928 0.822799
collar_dark
0 -77.887565 37.800000 53.001441 -0.575808 0.000000 0.817585 -1.216993 0.590625
0 -77.887565 34.200000 53.001441 -0.575808 0.000000 0.817585 -1.216993 0.534375
0 -74.267923 34.200000 55.550681 -0.575808 0.000000 0.817585 -1.160436 0.534375
collar_dark
0 -77.887565 37.800000 53.001441 -0.575808 0.000000 0.817585 -1.216993 0.590625
0 -74.267923 34.200000 55.550681 -0.575808 0.000000 0.817585 -1.160436 0.534375
0 -74.267923 37.800000 55.550681 -0.575808 0.000000 0.817585 -1.160436 0.590625
collar_dark
0 -77.887565 34.200000 53.001441 0.000000 -1.000000 0.000000 -1.216993 0.828148
0 -75.887512 34.200000 50.008150 0.000000 -1.000000 0.000000 -1.185742 0.781377
0 -72.123405 34.200000 52.659134 0.000000 -1.000000 0.000000 -1.126928 0.822799
collar_dark
0 -77.887565 34.200000 53.001441 0.000000 -1.000000 0.000000 -1.216993 0.828148
0 -72.123405 34.200000 52.659134 0.000000 -1.000000 0.000000 -1.126928 0.822799
0 -74.267923 34.200000 55.550681 0.000000 -1.000000 0.000000 -1.160436 0.867979
glass
0 -64.076618 48.296291 32.331898 -0.287969 0.865960 0.408885 -1.001197 0.505186
0 -76.529384 35.355339 50.968780 -0.287969 0.865960 0.408885 -1.195772 0.796387
0 -72.811640 35.355339 53.587111 -0.287969 0.865960 0.408885 -1.137682 0.837299
glass
0 -64.076618 48.296291 32.331898 -0.287969 0.865960 0.408885 -1.001197 0.505186
0 -72.811640 35.355339 53.587111 -0.287969 0.865960 0.408885 -1.137682 0.837299
0 -59.459405 48.296291 35.583706 -0.287969 0.865960 0.408885 -0.929053 0.555995
glass
0 -76.529384 35.355339 50.968780 -0.498702 0.499887 0.708103 -1.195772 0.552427
0 -83.718992 12.940952 61.728788 -0.498702 0.499887 0.708103 -1.308109 0.202202
0 -80.520556 12.940952 63.981381 -0.498702 0.499887 0.708103 -1.258134 0.202202
glass
0 -76.529384 35.355339 50.968780 -0.498702 0.499887 0.708103 -1.195772 0.552427
0 -80.520556 12.940952 63.981381 -0.498702 0.499887 0.708103 -1.258134 0.202202
0 -72.811640 35.355339 53.587111 -0.498702 0.499887 0.708103 -1.137682 0.552427
glass
0 -83.718992 12.940952 61.728788 -0.575808 0.000000 0.817585 -1.308109 0.202202
0 -83.718992 -12.940952 61.728788 -0.575808 0.000000 0.817585 -1.308109 -0.202202
0 -80.520556 -12.940952 63.981381 -0.575808 0.000000 0.817585 -1.258134 -0.202202
glass
0 -83.718992 12.940952 61.728788 -0.575808 0.000000 0.817585 -1.308109 0.202202
0 -80.520556 -12.940952 63.981381 -0.575808 0.000000 0.817585 -1.258134 -0.202202
0 -80.520556 12.940952 63.981381 -0.575808 0.000000 0.817585 -1.258134 0.202202
glass
0 -83.718992 -12.940952 61.728788 -0.498702 -0.499887 0.708103 -1.308109 -0.202202
0 -76.529384 -35.355339 50.968780 -0.498702 -0.499887 0.708103 -1.195772 -0.552427
0 -72.811640 -35.355339 53.587111 -0.498702 -0.499887 0.708103 -1.137682 -0.552427
glass
0 -83.718992 -12.940952 61.728788 -0.498702 -0.499887 0.708103 -1.308109 -0.202202
0 -72.811640 -35.355339 53.587111 -0.498702 -0.499887 0.708103 -1.137682 -0.552427
0 -80.520556 -12.940952 63.981381 -0.498702 -0.499887 0.708103 -1.258134 -0.202202
glass
0 -76.529384 -35.355339 50.968780 -0.287969 -0.865960 0.408885 -1.195772 0.796387
0 -64.076618 -48.296291 32.331898 -0.287969 -0.865960 0.408885 -1.001197 0.505186
0 -59.459405 -48.296291 35.583706 -0.287969 -0.865960 0.408885 -0.929053 0.555995
glass
0 -76.529384 -35.355339 50.968780 -0.287969 -0.865960 0.408885 -1.195772 0.796387
0 -59.459405 -48.296291 35.583706 -0.287969 -0.865960 0.408885 -0.929053 0.555995
0 -72.811640 -35.355339 53.587111 -0.287969 -0.865960 0.408885 -1.137682 0.837299
glass
0 -64.076618 -48.296291 32.331898 0.000000 -1.000000 0.000000 -1.001197 0.505186
0 -49.697402 -48.296291 10.811881 0.000000 -1.000000 0.000000 -0.776522 0.168936
0 -44.041573 -48.296291 14.795166 0.000000 -1.000000 0.000000 -0.688150 0.231174
glass
0 -64.076618 -48.296291 32.331898 0.000000 -1.000000 0.000000 -1.001197 0.505186
0 -44.041573 -48.296291 14.795166 0.000000 -1.000000 0.000000 -0.688150 0.231174
0 -59.459405 -48.296291 35.583706 0.000000 -1.000000 0.000000 -0.929053 0.555995
glass
0 -49.697402 -48.296291 10.811881 0.287969 -0.865960 -0.408885 -0.776522 0.168936
0 -37.244636 -35.355339 -7.825000 0.287969 -0.865960 -0.408885 -0.581947 -0.122266
0 -30.689338 -35.355339 -3.208239 0.287969 -0.865960 -0.408885 -0.479521 -0.050129
glass
0 -49.697402 -48.296291 10.811881 0.287969 -0.865960 -0.408885 -0.776522 0.168936
0 -30.689338 -35.355339 -3.208239 0.287969 -0.865960 -0.408885 -0.479521 -0.050129
0 -44.041573 -48.296291 14.795166 0.287969 -0.865960 -0.408885 -0.688150 0.231174
glass
0 -37.244636 -35.355339 -7.825000 0.498702 -0.499887 -0.708103 -0.581947 -0.552427
0 -30.055028 -12.940952 -18.585009 0.498702 -0.499887 -0.708103 -0.469610 -0.202202
0 -22.980422 -12.940952 -13.602509 0.498702 -0.499887 -0.708103 -0.359069 -0.202202
glass
0 -37.244636 -35.355339 -7.825000 0.498702 -0.499887 -0.708103 -0.581947 -0.552427
0 -22.980422 -12.940952 -13.602509 0.498702 -0.499887 -0.708103 -0.359069 -0.202202
0 -30.689338 -35.355339 -3.208239 0.498702 -0.499887 -0.708103 -0.479521 -0.552427
glass
0 -30.055028 -12.940952 -18.585009 0.575808 -0.000000 -0.817585 -0.469610 -0.202202
0 -30.055028 12.940952 -18.585009 0.575808 -0.000000 -0.817585 -0.469610 0.202202
0 -22.980422 12.940952 -13.602509 0.575808 -0.000000 -0.817585 -0.359069 0.202202
glass
0 -30.055028 -12.940952 -18.585009 0.575808 -0.000000 -0.817585 -0.469610 -0.202202
0 -22.980422 12.940952 -13.602509 0.575808 -0.000000 -0.817585 -0.359069 0.202202
0 -22.980422 -12.940952 -13.602509 0.575808 -0.000000 -0.817585 -0.359069 -0.202202
glass
0 -30.055028 12.940952 -18.585009 0.498702 0.499887 -0.708103 -0.469610 0.202202
0 -37.244636 35.355339 -7.825000 0.498702 0.499887 -0.708103 -0.581947 0.552427
0 -30.689338 35.355339 -3.208239 0.498702 0.499887 -0.708103 -0.479521 0.552427
glass
0 -30.055028 12.940952 -18.585009 0.498702 0.499887 -0.708103 -0.469610 0.202202
0 -30.689338 35.355339 -3.208239 0.498702 0.499887 -0.708103 -0.479521 0.552427
0 -22.980422 12.940952 -13.602509 0.498702 0.499887 -0.708103 -0.359069 0.202202
glass
0 -37.244636 35.355339 -7.825000 0.287969 0.865960 -0.408885 -0.581947 -0.122266
0 -49.697402 48.296291 10.811881 0.287969 0.865960 -0.408885 -0.776522 0.168936
0 -44.041573 48.296291 14.795166 0.287969 0.865960 -0.408885 -0.688150 0.231174
glass
0 -37.244636 35.355339 -7.825000 0.287969 0.865960 -0.408885 -0.581947 -0.122266
0 -44.041573 48.296291 14.795166 0.287969 0.865960 -0.408885 -0.688150 0.231174
0 -30.689338 35.355339 -3.208239 0.287969 0.865960 -0.408885 -0.479521 -0.050129
glass
0 -49.697402 48.296291 10.811881 0.000000 1.000000 -0.000000 -0.776522 0.168936
0 -64.076618 48.296291 32.331898 0.000000 1.000000 -0.000000 -1.001197 0.505186
0 -59.459405 48.296291 35.583706 0.000000 1.000000 -0.000000 -0.929053 0.555995
glass
0 -49.697402 48.296291 10.811881 0.000000 1.000000 -0.000000 -0.776522 0.168936
0 -59.459405 48.296291 35.583706 0.000000 1.000000 -0.000000 -0.929053 0.555995
0 -44.041573 48.296291 14.795166 0.000000 1.000000 -0.000000 -0.688150 0.231174
collar_dark
0 -29.233055 -37.800000 -5.171809 0.615232 0.000000 -0.788346 -0.456766 -0.590625
0 -29.233055 -34.200000 -5.171809 0.615232 0.000000 -0.788346 -0.456766 -0.534375
0 -22.817593 -34.200000 -0.165133 0.615232 0.000000 -0.788346 -0.356525 -0.534375
collar_dark
0 -29.233055 -37.800000 -5.171809 0.615232 0.000000 -0.788346 -0.456766 -0.590625
0 -22.817593 -34.200000 -0.165133 0.615232 0.000000 -0.788346 -0.356525 -0.534375
0 -22.817593 -37.800000 -0.165133 0.615232 0.000000 -0.788346 -0.356525 -0.590625
collar_dark
0 -29.233055 -34.200000 -5.171809 0.000000 1.000000 0.000000 -0.456766 -0.080810
0 -31.377573 -34.200000 -2.280262 0.000000 1.000000 0.000000 -0.490275 -0.035629
0 -25.101409 -34.200000 2.617704 0.000000 1.000000 0.000000 -0.392210 0.040902
collar_dark
0 -29.233055 -34.200000 -5.171809 0.000000 1.000000 0.000000 -0.456766 -0.080810
0 -25.101409 -34.200000 2.617704 0.000000 1.000000 0.000000 -0.392210 0.040902
0 -22.817593 -34.200000 -0.165133 0.000000 1.000000 0.000000 -0.356525 -0.002580
collar_dark
0 -31.377573 -34.200000 -2.280262 -0.615232 0.000000 0.788346 -0.490275 -0.534375
0 -31.377573 -37.800000 -2.280262 -0.615232 0.000000 0.788346 -0.490275 -0.590625
0 -25.101409 -37.800000 2.617704 -0.615232 0.000000 0.788346 -0.392210 -0.590625
collar_dark
0 -31.377573 -34.200000 -2.280262 -0.615232 0.000000 0.788346 -0.490275 -0.534375
0 -25.101409 -37.800000 2.617704 -0.615232 0.000000 0.788346 -0.392210 -0.590625
0 -25.101409 -34.200000 2.617704 -0.615232 0.000000 0.788346 -0.392210 -0.534375
collar_dark
0 -31.377573 -37.800000 -2.280262 0.000000 -1.000000 0.000000 -0.490275 -0.035629
0 -29.233055 -37.800000 -5.171809 0.000000 -1.000000 0.000000 -0.456766 -0.080810
0 -22.817593 -37.800000 -0.165133 0.000000 -1.000000 0.000000 -0.356525 -0.002580
collar_dark
0 -31.377573 -37.800000 -2.280262 0.000000 -1.000000 0.000000 -0.490275 -0.035629
0 -22.817593 -37.800000 -0.165133 0.000000 -1.000000 0.000000 -0.356525 -0.002580
0 -25.101409 -37.800000 2.617704 0.000000 -1.000000 0.000000 -0.392210 0.040902
collar_dark
0 -72.123405 -37.800000 52.659134 0.615232 0.000000 -0.788346 -1.126928 -0.590625
0 -72.123405 -34.200000 52.659134 0.615232 0.000000 -0.788346 -1.126928 -0.534375
0 -68.493910 -34.200000 55.491619 0.615232 0.000000 -0.788346 -1.070217 -0.534375
collar_dark
0 -72.123405 -37.800000 52.659134 0.615232 0.000000 -0.788346 -1.126928 -0.590625
0 -68.493910 -34.200000 55.491619 0.615232 0.000000 -0.788346 -1.070217 -0.534375
0 -68.493910 -37.800000 55.491619 0.615232 0.000000 -0.788346 -1.070217 -0.590625
collar_dark
0 -72.123405 -34.200000 52.659134 0.000000 1.000000 0.000000 -1.126928 0.822799
0 -74.267923 -34.200000 55.550681 0.000000 1.000000 0.000000 -1.160436 0.867979
0 -70.777726 -34.200000 58.274457 0.000000 1.000000 0.000000 -1.105902 0.910538
collar_dark
0 -72.123405 -34.200000 52.659134 0.000000 1.000000 0.000000 -1.126928 0.822799
0 -70.777726 -34.200000 58.274457 0.000000 1.000000 0.000000 -1.105902 0.910538
0 -68.493910 -34.200000 55.491619 0.000000 1.000000 0.000000 -1.070217 0.867057
collar_dark
0 -74.267923 -34.200000 55.550681 -0.615232 0.000000 0.788346 -1.160436 -0.534375
0 -74.267923 -37.800000 55.550681 -0.615232 0.000000 0.788346 -1.160436 -0.590625
0 -70.777726 -37.800000 58.274457 -0.615232 0.000000 0.788346 -1.105902 -0.590625
collar_dark
0 -74.267923 -34.200000 55.550681 -0.615232 0.000000 0.788346 -1.160436 -0.534375
0 -70.777726 -37.800000 58.274457 -0.615232 0.000000 0.788346 -1.105902 -0.590625
0 -70.777726 -34.200000 58.274457 -0.615232 0.000000 0.788346 -1.105902 -0.534375
collar_dark
0 -74.267923 -37.800000 55.550681 0.000000 -1.000000 0.000000 -1.160436 0.867979
0 -72.123405 -37.800000 52.659134 0.000000 -1.000000 0.000000 -1.126928 0.822799
0 -68.493910 -37.800000 55.491619 0.000000 -1.000000 0.000000 -1.070217 0.867057
collar_dark
0 -74.267923 -37.800000 55.550681 0.000000 -1.000000 0.000000 -1.160436 0.867979
0 -68.493910 -37.800000 55.491619 0.000000 -1.000000 0.000000 -1.070217 0.867057
0 -70.777726 -37.800000 58.274457 0.000000 -1.000000 0.000000 -1.105902 0.910538
collar_dark
0 -29.233055 34.200000 -5.171809 0.615232 0.000000 -0.788346 -0.456766 0.534375
0 -29.233055 37.800000 -5.171809 0.615232 0.000000 -0.788346 -0.456766 0.590625
0 -22.817593 37.800000 -0.165133 0.615232 0.000000 -0.788346 -0.356525 0.590625
collar_dark
0 -29.233055 34.200000 -5.171809 0.615232 0.000000 -0.788346 -0.456766 0.534375
0 -22.817593 37.800000 -0.165133 0.615232 0.000000 -0.788346 -0.356525 0.590625
0 -22.817593 34.200000 -0.165133 0.615232 0.000000 -0.788346 -0.356525 0.534375
collar_dark
0 -29.233055 37.800000 -5.171809 0.000000 1.000000 0.000000 -0.456766 -0.080810
0 -31.377573 37.800000 -2.280262 0.000000 1.000000 0.000000 -0.490275 -0.035629
0 -25.101409 37.800000 2.617704 0.000000 1.000000 0.000000 -0.392210 0.040902
collar_dark
0 -29.233055 37.800000 -5.171809 0.000000 1.000000 0.000000 -0.456766 -0.080810
0 -25.101409 37.800000 2.617704 0.000000 1.000000 0.000000 -0.392210 0.040902
0 -22.817593 37.800000 -0.165133 0.000000 1.000000 0.000000 -0.356525 -0.002580
collar_dark
0 -31.377573 37.800000 -2.280262 -0.615232 0.000000 0.788346 -0.490275 0.590625
0 -31.377573 34.200000 -2.280262 -0.615232 0.000000 0.788346 -0.490275 0.534375
0 -25.101409 34.200000 2.617704 -0.615232 0.000000 0.788346 -0.392210 0.534375
collar_dark
0 -31.377573 37.800000 -2.280262 -0.615232 0.000000 0.788346 -0.490275 0.590625
0 -25.101409 34.200000 2.617704 -0.615232 0.000000 0.788346 -0.392210 0.534375
0 -25.101409 37.800000 2.617704 -0.615232 0.000000 0.788346 -0.392210 0.590625
collar_dark
0 -31.377573 34.200000 -2.280262 0.000000 -1.000000 0.000000 -0.490275 -0.035629
0 -29.233055 34.200000 -5.171809 0.000000 -1.000000 0.000000 -0.456766 -0.080810
0 -22.817593 34.200000 -0.165133 0.000000 -1.000000 0.000000 -0.356525 -0.002580
collar_dark
0 -31.377573 34.200000 -2.280262 0.000000 -1.000000 0.000000 -0.490275 -0.035629
0 -22.817593 34.200000 -0.165133 0.000000 -1.000000 0.000000 -0.356525 -0.002580
0 -25.101409 34.200000 2.617704 0.000000 -1.000000 0.000000 -0.392210 0.040902
collar_dark
0 -72.123405 34.200000 52.659134 0.615232 0.000000 -0.788346 -1.126928 0.534375
0 -72.123405 37.800000 52.659134 0.615232 0.000000 -0.788346 -1.126928 0.590625
0 -68.493910 37.800000 55.491619 0.615232 0.000000 -0.788346 -1.070217 0.590625
collar_dark
0 -72.123405 34.200000 52.659134 0.615232 0.000000 -0.788346 -1.126928 0.534375
0 -68.493910 37.800000 55.491619 0.615232 0.000000 -0.788346 -1.070217 0.590625
0 -68.493910 34.200000 55.491619 0.615232 0.000000 -0.788346 -1.070217 0.534375
collar_dark
0 -72.123405 37.800000 52.659134 0.000000 1.000000 0.000000 -1.126928 0.822799
0 -74.267923 37.800000 55.550681 0.000000 1.000000 0.000000 -1.160436 0.867979
0 -70.777726 37.800000 58.274457 0.000000 1.000000 0.000000 -1.105902 0.910538
collar_dark
0 -72.123405 37.800000 52.659134 0.000000 1.000000 0.000000 -1.126928 0.822799
0 -70.777726 37.800000 58.274457 0.000000 1.000000 0.000000 -1.105902 0.910538
0 -68.493910 37.800000 55.491619 0.000000 1.000000 0.000000 -1.070217 0.867057
collar_dark
0 -74.267923 37.800000 55.550681 -0.615232 0.000000 0.788346 -1.160436 0.590625
0 -74.267923 34.200000 55.550681 -0.615232 0.000000 0.788346 -1.160436 0.534375
0 -70.777726 34.200000 58.274457 -0.615232 0.000000 0.788346 -1.105902 0.534375
collar_dark
0 -74.267923 37.800000 55.550681 -0.615232 0.000000 0.788346 -1.160436 0.590625
0 -70.777726 34.200000 58.274457 -0.615232 0.000000 0.788346 -1.105902 0.534375
0 -70.777726 37.800000 58.274457 -0.615232 0.000000 0.788346 -1.105902 0.590625
collar_dark
0 -74.267923 34.200000 55.550681 0.000000 -1.000000 0.000000 -1.160436 0.867979
0 -72.123405 34.200000 52.659134 0.000000 -1.000000 0.000000 -1.126928 0.822799
0 -68.493910 34.200000 55.491619 0.000000 -1.000000 0.000000 -1.070217 0.867057
collar_dark
0 -74.267923 34.200000 55.550681 0.000000 -1.000000 0.000000 -1.160436 0.867979
0 -68.493910 34.200000 55.491619 0.000000 -1.000000 0.000000 -1.070217 0.867057
0 -70.777726 34.200000 58.274457 0.000000 -1.000000 0.000000 -1.105902 0.910538
glass
0 -59.459405 48.296291 35.583706 -0.307685 0.865960 0.394262 -0.929053 0.555995
0 -72.811640 35.355339 53.587111 -0.307685 0.865960 0.394262 -1.137682 0.837299
0 -69.226849 35.355339 56.384709 -0.307685 0.865960 0.394262 -1.081670 0.881011
glass
0 -59.459405 48.296291 35.583706 -0.307685 0.865960 0.394262 -0.929053 0.555995
0 -69.226849 35.355339 56.384709 -0.307685 0.865960 0.394262 -1.081670 0.881011
0 -55.007313 48.296291 39.058153 -0.307685 0.865960 0.394262 -0.859489 0.610284
glass
0 -72.811640 35.355339 53.587111 -0.532846 0.499887 0.682779 -1.137682 0.552427
0 -80.520556 12.940952 63.981381 -0.532846 0.499887 0.682779 -1.258134 0.202202
0 -77.436502 12.940952 66.388200 -0.532846 0.499887 0.682779 -1.209945 0.202202
glass
0 -72.811640 35.355339 53.587111 -0.532846 0.499887 0.682779 -1.137682 0.552427
0 -77.436502 12.940952 66.388200 -0.532846 0.499887 0.682779 -1.209945 0.202202
0 -69.226849 35.355339 56.384709 -0.532846 0.499887 0.682779 -1.081670 0.552427
glass
0 -80.520556 12.940952 63.981381 -0.615232 0.000000 0.788346 -1.258134 0.202202
0 -80.520556 -12.940952 63.981381 -0.615232 0.000000 0.788346 -1.258134 -0.202202
0 -77.436502 -12.940952 66.388200 -0.615232 0.000000 0.788346 -1.209945 -0.202202
glass
0 -80.520556 12.940952 63.981381 -0.615232 0.000000 0.788346 -1.258134 0.202202
0 -77.436502 -12.940952 66.388200 -0.615232 0.000000 0.788346 -1.209945 -0.202202
0 -77.436502 12.940952 66.388200 -0.615232 0.000000 0.788346 -1.209945 0.202202
glass
0 -80.520556 -12.940952 63.981381 -0.532846 -0.499887 0.682779 -1.258134 -0.202202
0 -72.811640 -35.355339 53.587111 -0.532846 -0.499887 0.682779 -1.137682 -0.552427
0 -69.226849 -35.355339 56.384709 -0.532846 -0.499887 0.682779 -1.081670 -0.552427
glass
0 -80.520556 -12.940952 63.981381 -0.532846 -0.499887 0.682779 -1.258134 -0.202202
0 -69.226849 -35.355339 56.384709 -0.532846 -0.499887 0.682779 -1.081670 -0.552427
0 -77.436502 -12.940952 66.388200 -0.532846 -0.499887 0.682779 -1.209945 -0.202202
glass
0 -72.811640 -35.355339 53.587111 -0.307685 -0.865960 0.394262 -1.137682 0.837299
0 -59.459405 -48.296291 35.583706 -0.307685 -0.865960 0.394262 -0.929053 0.555995
0 -55.007313 -48.296291 39.058153 -0.307685 -0.865960 0.394262 -0.859489 0.610284
glass
0 -72.811640 -35.355339 53.587111 -0.307685 -0.865960 0.394262 -1.137682 0.837299
0 -55.007313 -48.296291 39.058153 -0.307685 -0.865960 0.394262 -0.859489 0.610284
0 -69.226849 -35.355339 56.384709 -0.307685 -0.865960 0.394262 -1.081670 0.881011
glass
0 -59.459405 -48.296291 35.583706 0.000000 -1.000000 0.000000 -0.929053 0.555995
0 -44.041573 -48.296291 14.795166 0.000000 -1.000000 0.000000 -0.688150 0.231174
0 -38.588006 -48.296291 19.051171 0.000000 -1.000000 0.000000 -0.602938 0.297675
glass
0 -59.459405 -48.296291 35.583706 0.000000 -1.000000 0.000000 -0.929053 0.555995
0 -38.588006 -48.296291 19.051171 0.000000 -1.000000 0.000000 -0.602938 0.297675
0 -55.007313 -48.296291 39.058153 0.000000 -1.000000 0.000000 -0.859489 0.610284
glass
0 -44.041573 -48.296291 14.795166 0.307685 -0.865960 -0.394262 -0.688150 0.231174
0 -30.689338 -35.355339 -3.208239 0.307685 -0.865960 -0.394262 -0.479521 -0.050129
0 -24.368470 -35.355339 1.724615 0.307685 -0.865960 -0.394262 -0.380757 0.026947
glass
0 -44.041573 -48.296291 14.795166 0.307685 -0.865960 -0.394262 -0.688150 0.231174
0 -24.368470 -35.355339 1.724615 0.307685 -0.865960 -0.394262 -0.380757 0.026947
0 -38.588006 -48.296291 19.051171 0.307685 -0.865960 -0.394262 -0.602938 0.297675
glass
0 -30.689338 -35.355339 -3.208239 0.532846 -0.499887 -0.682779 -0.479521 -0.552427
0 -22.980422 -12.940952 -13.602509 0.532846 -0.499887 -0.682779 -0.359069 -0.202202
0 -16.158817 -12.940952 -8.278876 0.532846 -0.499887 -0.682779 -0.252482 -0.202202
glass
0 -30.689338 -35.355339 -3.208239 0.532846 -0.499887 -0.682779 -0.479521 -0.552427
0 -16.158817 -12.940952 -8.278876 0.532846 -0.499887 -0.682779 -0.252482 -0.202202
0 -24.368470 -35.355339 1.724615 0.532846 -0.499887 -0.682779 -0.380757 -0.552427
glass
0 -22.980422 -12.940952 -13.602509 0.615232 -0.000000 -0.788346 -0.359069 -0.202202
0 -22.980422 12.940952 -13.602509 0.615232 -0.000000 -0.788346 -0.359069 0.202202
0 -16.158817 12.940952 -8.278876 0.615232 -0.000000 -0.788346 -0.252482 0.202202
glass
0 -22.980422 -12.940952 -13.602509 0.615232 -0.000000 -0.788346 -0.359069 -0.202202
0 -16.158817 12.940952 -8.278876 0.615232 -0.000000 -0.788346 -0.252482 0.202202
0 -16.158817 -12.940952 -8.278876 0.615232 -0.000000 -0.788346 -0.252482 -0.202202
glass
0 -22.980422 12.940952 -13.602509 0.532846 0.499887 -0.682779 -0.359069 0.202202
0 -30.689338 35.355339 -3.208239 0.532846 0.499887 -0.682779 -0.479521 0.552427
0 -24.368470 35.355339 1.724615 0.532846 0.499887 -0.682779 -0.380757 0.552427
glass
0 -22.980422 12.940952 -13.602509 0.532846 0.499887 -0.682779 -0.359069 0.202202
0 -24.368470 35.355339 1.724615 0.532846 0.499887 -0.682779 -0.380757 0.552427
0 -16.158817 12.940952 -8.278876 0.532846 0.499887 -0.682779 -0.252482 0.202202
glass
0 -30.689338 35.355339 -3.208239 0.307685 0.865960 -0.394262 -0.479521 -0.050129
0 -44.041573 48.296291 14.795166 0.307685 0.865960 -0.394262 -0.688150 0.231174
0 -38.588006 48.296291 19.051171 0.307685 0.865960 -0.394262 -0.602938 0.297675
glass
0 -30.689338 35.355339 -3.208239 0.307685 0.865960 -0.394262 -0.479521 -0.050129
0 -38.588006 48.296291 19.051171 0.307685 0.865960 -0.394262 -0.602938 0.297675
0 -24.368470 35.355339 1.724615 0.307685 0.865960 -0.394262 -0.380757 0.026947
glass
0 -44.041573 48.296291 14.795166 0.000000 1.000000 -0.000000 -0.688150 0.231174
0 -59.459405 48.296291 35.583706 0.000000 1.000000 -0.000000 -0.929053 0.555995
0 -55.007313 48.296291 39.058153 0.000000 1.000000 -0.000000 -0.859489 0.610284
glass
0 -44.041573 48.296291 14.795166 0.000000 1.000000 -0.000000 -0.688150 0.231174
0 -55.007313 48.296291 39.058153 0.000000 1.000000 -0.000000 -0.859489 0.610284
0 -38.588006 48.296291 19.051171 0.000000 1.000000 -0.000000 -0.602938 0.297675
collar_dark
0 -22.817593 -37.800000 -0.165133 0.653173 0.000000 -0.757209 -0.356525 -0.590625
0 -22.817593 -34.200000 -0.165133 0.653173 0.000000 -0.757209 -0.356525 -0.534375
0 -16.655525 -34.200000 5.150303 0.653173 0.000000 -0.757209 -0.260243 -0.534375
collar_dark
0 -22.817593 -37.800000 -0.165133 0.653173 0.000000 -0.757209 -0.356525 -0.590625
0 -16.655525 -34.200000 5.150303 0.653173 0.000000 -0.757209 -0.260243 -0.534375
0 -16.655525 -37.800000 5.150303 0.653173 0.000000 -0.757209 -0.260243 -0.590625
collar_dark
0 -22.817593 -34.200000 -0.165133 0.000000 1.000000 0.000000 -0.356525 -0.002580
0 -25.101409 -34.200000 2.617704 0.000000 1.000000 0.000000 -0.392210 0.040902
0 -19.073138 -34.200000 7.817727 0.000000 1.000000 0.000000 -0.298018 0.122152
collar_dark
0 -22.817593 -34.200000 -0.165133 0.000000 1.000000 0.000000 -0.356525 -0.002580
0 -19.073138 -34.200000 7.817727 0.000000 1.000000 0.000000 -0.298018 0.122152
0 -16.655525 -34.200000 5.150303 0.000000 1.000000 0.000000 -0.260243 0.080473
collar_dark
0 -25.101409 -34.200000 2.617704 -0.653173 0.000000 0.757209 -0.392210 -0.534375
0 -25.101409 -37.800000 2.617704 -0.653173 0.000000 0.757209 -0.392210 -0.590625
0 -19.073138 -37.800000 7.817727 -0.653173 0.000000 0.757209 -0.298018 -0.590625
collar_dark
0 -25.101409 -34.200000 2.617704 -0.653173 0.000000 0.757209 -0.392210 -0.534375
0 -19.073138 -37.800000 7.817727 -0.653173 0.000000 0.757209 -0.298018 -0.590625
0 -19.073138 -34.200000 7.817727 -0.653173 0.000000 0.757209 -0.298018 -0.534375
collar_dark
0 -25.101409 -37.800000 2.617704 0.000000 -1.000000 0.000000 -0.392210 0.040902
0 -22.817593 -37.800000 -0.165133 0.000000 -1.000000 0.000000 -0.356525 -0.002580
0 -16.655525 -37.800000 5.150303 0.000000 -1.000000 0.000000 -0.260243 0.080473
collar_dark
0 -25.101409 -37.800000 2.617704 0.000000 -1.000000 0.000000 -0.392210 0.040902
0 -16.655525 -37.800000 5.150303 0.000000 -1.000000 0.000000 -0.260243 0.080473
0 -19.073138 -37.800000 7.817727 0.000000 -1.000000 0.000000 -0.298018 0.122152
collar_dark
0 -68.493910 -37.800000 55.491619 0.653173 0.000000 -0.757209 -1.070217 -0.590625
0 -68.493910 -34.200000 55.491619 0.653173 0.000000 -0.757209 -1.070217 -0.534375
0 -65.007770 -34.200000 58.498784 0.653173 0.000000 -0.757209 -1.015746 -0.534375
collar_dark
0 -68.493910 -37.800000 55.491619 0.653173 0.000000 -0.757209 -1.070217 -0.590625
0 -65.007770 -34.200000 58.498784 0.653173 0.000000 -0.757209 -1.015746 -0.534375
0 -65.007770 -37.800000 58.498784 0.653173 0.000000 -0.757209 -1.015746 -0.590625
collar_dark
0 -68.493910 -34.200000 55.491619 0.000000 1.000000 0.000000 -1.070217 0.867057
0 -70.777726 -34.200000 58.274457 0.000000 1.000000 0.000000 -1.105902 0.910538
0 -67.425382 -34.200000 61.166208 0.000000 1.000000 0.000000 -1.053522 0.955722
collar_dark
0 -68.493910 -34.200000 55.491619 0.000000 1.000000 0.000000 -1.070217 0.867057
0 -67.425382 -34.200000 61.166208 0.000000 1.000000 0.000000 -1.053522 0.955722
0 -65.007770 -34.200000 58.498784 0.000000 1.000000 0.000000 -1.015746 0.914044
collar_dark
0 -70.777726 -34.200000 58.274457 -0.653173 0.000000 0.757209 -1.105902 -0.534375
0 -70.777726 -37.800000 58.274457 -0.653173 0.000000 0.757209 -1.105902 -0.590625
0 -67.425382 -37.800000 61.166208 -0.653173 0.000000 0.757209 -1.053522 -0.590625
collar_dark
0 -70.777726 -34.200000 58.274457 -0.653173 0.000000 0.757209 -1.105902 -0.534375
0 -67.425382 -37.800000 61.166208 -0.653173 0.000000 0.757209 -1.053522 -0.590625
0 -67.425382 -34.200000 61.166208 -0.653173 0.000000 0.757209 -1.053522 -0.534375
collar_dark
0 -70.777726 -37.800000 58.274457 0.000000 -1.000000 0.000000 -1.105902 0.910538
0 -68.493910 -37.800000 55.491619 0.000000 -1.000000 0.000000 -1.070217 0.867057
0 -65.007770 -37.800000 58.498784 0.000000 -1.000000 0.000000 -1.015746 0.914044
collar_dark
0 -70.777726 -37.800000 58.274457 0.000000 -1.000000 0.000000 -1.105902 0.910538
0 -65.007770 -37.800000 58.498784 0.000000 -1.000000 0.000000 -1.015746 0.914044
0 -67.425382 -37.800000 61.166208 0.000000 -1.000000 0.000000 -1.053522 0.955722
collar_dark
0 -22.817593 34.200000 -0.165133 0.653173 0.000000 -0.757209 -0.356525 0.534375
0 -22.817593 37.800000 -0.165133 0.653173 0.000000 -0.757209 -0.356525 0.590625
0 -16.655525 37.800000 5.150303 0.653173 0.000000 -0.757209 -0.260243 0.590625
collar_dark
0 -22.817593 34.200000 -0.165133 0.653173 0.000000 -0.757209 -0.356525 0.534375
0 -16.655525 37.800000 5.150303 0.653173 0.000000 -0.757209 -0.260243 0.590625
0 -16.655525 34.200000 5.150303 0.653173 0.000000 -0.757209 -0.260243 0.534375
collar_dark
0 -22.817593 37.800000 -0.165133 0.000000 1.000000 0.000000 -0.356525 -0.002580
0 -25.101409 37.800000 2.617704 0.000000 1.000000 0.000000 -0.392210 0.040902
0 -19.073138 37.800000 7.817727 0.000000 1.000000 0.000000 -0.298018 0.122152
collar_dark
0 -22.817593 37.800000 -0.165133 0.000000 1.000000 0.000000 -0.356525 -0.002580
0 -19.073138 37.800000 7.817727 0.000000 1.000000 0.000000 -0.298018 0.122152
0 -16.655525 37.800000 5.150303 0.000000 1.000000 0.000000 -0.260243 0.080473
collar_dark
0 -25.101409 37.800000 2.617704 -0.653173 0.000000 0.757209 -0.392210 0.590625
0 -25.101409 34.200000 2.617704 -0.653173 0.000000 0.757209 -0.392210 0.534375
0 -19.073138 34.200000 7.817727 -0.653173 0.000000 0.757209 -0.298018 0.534375
collar_dark
0 -25.101409 37.800000 2.617704 -0.653173 0.000000 0.757209 -0.392210 0.590625
0 -19.073138 34.200000 7.817727 -0.653173 0.000000 0.757209 -0.298018 0.534375
0 -19.073138 37.800000 7.817727 -0.653173 0.000000 0.757209 -0.298018 0.590625
collar_dark
0 -25.101409 34.200000 2.617704 0.000000 -1.000000 0.000000 -0.392210 0.040902
0 -22.817593 34.200000 -0.165133 0.000000 -1.000000 0.000000 -0.356525 -0.002580
0 -16.655525 34.200000 5.150303 0.000000 -1.000000 0.000000 -0.260243 0.080473
collar_dark
0 -25.101409 34.200000 2.617704 0.000000 -1.000000 0.000000 -0.392210 0.040902
0 -16.655525 34.200000 5.150303 0.000000 -1.000000 0.000000 -0.260243 0.080473
0 -19.073138 34.200000 7.817727 0.000000 -1.000000 0.000000 -0.298018 0.122152
collar_dark
0 -68.493910 34.200000 55.491619 0.653173 0.000000 -0.757209 -1.070217 0.534375
0 -68.493910 37.800000 55.491619 0.653173 0.000000 -0.757209 -1.070217 0.590625
0 -65.007770 37.800000 58.498784 0.653173 0.000000 -0.757209 -1.015746 0.590625
collar_dark
0 -68.493910 34.200000 55.491619 0.653173 0.000000 -0.757209 -1.070217 0.534375
0 -65.007770 37.800000 58.498784 0.653173 0.000000 -0.757209 -1.015746 0.590625
0 -65.007770 34.200000 58.498784 0.653173 0.000000 -0.757209 -1.015746 0.534375
collar_dark
0 -68.493910 37.800000 55.491619 0.000000 1.000000 0.000000 -1.070217 0.867057
0 -70.777726 37.800000 58.274457 0.000000 1.000000 0.000000 -1.105902 0.910538
0 -67.425382 37.800000 61.166208 0.000000 1.000000 0.000000 -1.053522 0.955722
collar_dark
0 -68.493910 37.800000 55.491619 0.000000 1.000000 0.000000 -1.070217 0.867057
0 -67.425382 37.800000 61.166208 0.000000 1.000000 0.000000 -1.053522 0.955722
0 -65.007770 37.800000 58.498784 0.000000 1.000000 0.000000 -1.015746 0.914044
collar_dark
0 -70.777726 37.800000 58.274457 -0.653173 0.000000 0.757209 -1.105902 0.590625
0 -70.777726 34.200000 58.274457 -0.653173 0.000000 0.757209 -1.105902 0.534375
0 -67.425382 34.200000 61.166208 -0.653173 0.000000 0.757209 -1.053522 0.534375
collar_dark
0 -70.777726 37.800000 58.274457 -0.653173 0.000000 0.757209 -1.105902 0.590625
0 -67.425382 34.200000 61.166208 -0.653173 0.000000 0.757209 -1.053522 0.534375
0 -67.425382 37.800000 61.166208 -0.653173 0.000000 0.757209 -1.053522 0.590625
collar_dark
0 -70.777726 34.200000 58.274457 0.000000 -1.000000 0.000000 -1.105902 0.910538
0 -68.493910 34.200000 55.491619 0.000000 -1.000000 0.000000 -1.070217 0.867057
0 -65.007770 34.200000 58.498784 0.000000 -1.000000 0.000000 -1.015746 0.914044
collar_dark
0 -70.777726 34.200000 58.274457 0.000000 -1.000000 0.000000 -1.105902 0.910538
0 -65.007770 34.200000 58.498784 0.000000 -1.000000 0.000000 -1.015746 0.914044
0 -67.425382 34.200000 61.166208 0.000000 -1.000000 0.000000 -1.053522 0.955722
glass
0 -55.007313 48.296291 39.058153 -0.326660 0.865960 0.378690 -0.859489 0.610284
0 -69.226849 35.355339 56.384709 -0.326660 0.865960 0.378690 -1.081670 0.881011
0 -65.783648 35.355339 59.354834 -0.326660 0.865960 0.378690 -1.027870 0.927419
glass
0 -55.007313 48.296291 39.058153 -0.326660 0.865960 0.378690 -0.859489 0.610284
0 -65.783648 35.355339 59.354834 -0.326660 0.865960 0.378690 -1.027870 0.927419
0 -50.731066 48.296291 42.746869 -0.326660 0.865960 0.378690 -0.792673 0.667920
glass
0 -69.226849 35.355339 56.384709 -0.565707 0.499887 0.655811 -1.081670 0.552427
0 -77.436502 12.940952 66.388200 -0.565707 0.499887 0.655811 -1.209945 0.202202
0 -74.474261 12.940952 68.943447 -0.565707 0.499887 0.655811 -1.163660 0.202202
glass
0 -69.226849 35.355339 56.384709 -0.565707 0.499887 0.655811 -1.081670 0.552427
0 -74.474261 12.940952 68.943447 -0.565707 0.499887 0.655811 -1.163660 0.202202
0 -65.783648 35.355339 59.354834 -0.565707 0.499887 0.655811 -1.027870 0.552427
glass
0 -77.436502 12.940952 66.388200 -0.653173 0.000000 0.757209 -1.209945 0.202202
0 -77.436502 -12.940952 66.388200 -0.653173 0.000000 0.757209 -1.209945 -0.202202
0 -74.474261 -12.940952 68.943447 -0.653173 0.000000 0.757209 -1.163660 -0.202202
glass
0 -77.436502 12.940952 66.388200 -0.653173 0.000000 0.757209 -1.209945 0.202202
0 -74.474261 -12.940952 68.943447 -0.653173 0.000000 0.757209 -1.163660 -0.202202
0 -74.474261 12.940952 68.943447 -0.653173 0.000000 0.757209 -1.163660 0.202202
glass
0 -77.436502 -12.940952 66.388200 -0.565707 -0.499887 0.655811 -1.209945 -0.202202
0 -69.226849 -35.355339 56.384709 -0.565707 -0.499887 0.655811 -1.081670 -0.552427
0 -65.783648 -35.355339 59.354834 -0.565707 -0.499887 0.655811 -1.027870 -0.552427
glass
0 -77.436502 -12.940952 66.388200 -0.565707 -0.499887 0.655811 -1.209945 -0.202202
0 -65.783648 -35.355339 59.354834 -0.565707 -0.499887 0.655811 -1.027870 -0.552427
0 -74.474261 -12.940952 68.943447 -0.565707 -0.499887 0.655811 -1.163660 -0.202202
glass
0 -69.226849 -35.355339 56.384709 -0.326660 -0.865960 0.378690 -1.081670 0.881011
0 -55.007313 -48.296291 39.058153 -0.326660 -0.865960 0.378690 -0.859489 0.610284
0 -50.731066 -48.296291 42.746869 -0.326660 -0.865960 0.378690 -0.792673 0.667920
glass
0 -69.226849 -35.355339 56.384709 -0.326660 -0.865960 0.378690 -1.081670 0.881011
0 -50.731066 -48.296291 42.746869 -0.326660 -0.865960 0.378690 -0.792673 0.667920
0 -65.783648 -35.355339 59.354834 -0.326660 -0.865960 0.378690 -1.027870 0.927419
glass
0 -55.007313 -48.296291 39.058153 0.000000 -1.000000 0.000000 -0.859489 0.610284
0 -38.588006 -48.296291 19.051171 0.000000 -1.000000 0.000000 -0.602938 0.297675
0 -33.349841 -48.296291 23.569643 0.000000 -1.000000 0.000000 -0.521091 0.368276
glass
0 -55.007313 -48.296291 39.058153 0.000000 -1.000000 0.000000 -0.859489 0.610284
0 -33.349841 -48.296291 23.569643 0.000000 -1.000000 0.000000 -0.521091 0.368276
0 -50.731066 -48.296291 42.746869 0.000000 -1.000000 0.000000 -0.792673 0.667920
glass
0 -38.588006 -48.296291 19.051171 0.326660 -0.865960 -0.378690 -0.602938 0.297675
0 -24.368470 -35.355339 1.724615 0.326660 -0.865960 -0.378690 -0.380757 0.026947
0 -18.297259 -35.355339 6.961678 0.326660 -0.865960 -0.378690 -0.285895 0.108776
glass
0 -38.588006 -48.296291 19.051171 0.326660 -0.865960 -0.378690 -0.602938 0.297675
0 -18.297259 -35.355339 6.961678 0.326660 -0.865960 -0.378690 -0.285895 0.108776
0 -33.349841 -48.296291 23.569643 0.326660 -0.865960 -0.378690 -0.521091 0.368276
glass
0 -24.368470 -35.355339 1.724615 0.565707 -0.499887 -0.655811 -0.380757 -0.552427
0 -16.158817 -12.940952 -8.278876 0.565707 -0.499887 -0.655811 -0.252482 -0.202202
0 -9.606647 -12.940952 -2.626935 0.565707 -0.499887 -0.655811 -0.150104 -0.202202
glass
0 -24.368470 -35.355339 1.724615 0.565707 -0.499887 -0.655811 -0.380757 -0.552427
0 -9.606647 -12.940952 -2.626935 0.565707 -0.499887 -0.655811 -0.150104 -0.202202
0 -18.297259 -35.355339 6.961678 0.565707 -0.499887 -0.655811 -0.285895 -0.552427
glass
0 -16.158817 -12.940952 -8.278876 0.653173 -0.000000 -0.757209 -0.252482 -0.202202
0 -16.158817 12.940952 -8.278876 0.653173 -0.000000 -0.757209 -0.252482 0.202202
0 -9.606647 12.940952 -2.626935 0.653173 -0.000000 -0.757209 -0.150104 0.202202
glass
0 -16.158817 -12.940952 -8.278876 0.653173 -0.000000 -0.757209 -0.252482 -0.202202
0 -9.606647 12.940952 -2.626935 0.653173 -0.000000 -0.757209 -0.150104 0.202202
0 -9.606647 -12.940952 -2.626935 0.653173 -0.000000 -0.757209 -0.150104 -0.202202
glass
0 -16.158817 12.940952 -8.278876 0.565707 0.499887 -0.655811 -0.252482 0.202202
0 -24.368470 35.355339 1.724615 0.565707 0.499887 -0.655811 -0.380757 0.552427
0 -18.297259 35.355339 6.961678 0.565707 0.499887 -0.655811 -0.285895 0.552427
glass
0 -16.158817 12.940952 -8.278876 0.565707 0.499887 -0.655811 -0.252482 0.202202
0 -18.297259 35.355339 6.961678 0.565707 0.499887 -0.655811 -0.285895 0.552427
0 -9.606647 12.940952 -2.626935 0.565707 0.499887 -0.655811 -0.150104 0.202202
glass
0 -24.368470 35.355339 1.724615 0.326660 0.865960 -0.378690 -0.380757 0.026947
0 -38.588006 48.296291 19.051171 0.326660 0.865960 -0.378690 -0.602938 0.297675
0 -33.349841 48.296291 23.569643 0.326660 0.865960 -0.378690 -0.521091 0.368276
glass
0 -24.368470 35.355339 1.724615 0.326660 0.865960 -0.378690 -0.380757 0.026947
0 -33.349841 48.296291 23.569643 0.326660 0.865960 -0.378690 -0.521091 0.368276
0 -18.297259 35.355339 6.961678 0.326660 0.865960 -0.378690 -0.285895 0.108776
glass
0 -38.588006 48.296291 19.051171 0.000000 1.000000 -0.000000 -0.602938 0.297675
0 -55.007313 48.296291 39.058153 0.000000 1.000000 -0.000000 -0.859489 0.610284
0 -50.731066 48.296291 42.746869 0.000000 1.000000 -0.000000 -0.792673 0.667920
glass
0 -38.588006 48.296291 19.051171 0.000000 1.000000 -0.000000 -0.602938 0.297675
0 -50.731066 48.296291 42.746869 0.000000 1.000000 -0.000000 -0.792673 0.667920
0 -33.349841 48.296291 23.569643 0.000000 1.000000 -0.000000 -0.521091 0.368276
collar_dark
0 -16.655525 -37.800000 5.150303 0.689541 0.000000 -0.724247 -0.260243 -0.590625
0 -16.655525 -34.200000 5.150303 0.689541 0.000000 -0.724247 -0.260243 -0.534375
0 -10.761696 -34.200000 10.761696 0.689541 0.000000 -0.724247 -0.168151 -0.534375
collar_dark
0 -16.655525 -37.800000 5.150303 0.689541 0.000000 -0.724247 -0.260243 -0.590625
0 -10.761696 -34.200000 10.761696 0.689541 0.000000 -0.724247 -0.168151 -0.534375
0 -10.761696 -37.800000 10.761696 0.689541 0.000000 -0.724247 -0.168151 -0.590625
collar_dark
0 -16.655525 -34.200000 5.150303 0.000000 1.000000 0.000000 -0.260243 0.080473
0 -19.073138 -34.200000 7.817727 0.000000 1.000000 0.000000 -0.298018 0.122152
0 -13.307280 -34.200000 13.307280 0.000000 1.000000 0.000000 -0.207926 0.207926
collar_dark
0 -16.655525 -34.200000 5.150303 0.000000 1.000000 0.000000 -0.260243 0.080473
0 -13.307280 -34.200000 13.307280 0.000000 1.000000 0.000000 -0.207926 0.207926
0 -10.761696 -34.200000 10.761696 0.000000 1.000000 0.000000 -0.168151 0.168151
collar_dark
0 -19.073138 -34.200000 7.817727 -0.689541 0.000000 0.724247 -0.298018 -0.534375
0 -19.073138 -37.800000 7.817727 -0.689541 0.000000 0.724247 -0.298018 -0.590625
0 -13.307280 -37.800000 13.307280 -0.689541 0.000000 0.724247 -0.207926 -0.590625
collar_dark
0 -19.073138 -34.200000 7.817727 -0.689541 0.000000 0.724247 -0.298018 -0.534375
0 -13.307280 -37.800000 13.307280 -0.689541 0.000000 0.724247 -0.207926 -0.590625
0 -13.307280 -34.200000 13.307280 -0.689541 0.000000 0.724247 -0.207926 -0.534375
collar_dark
0 -19.073138 -37.800000 7.817727 0.000000 -1.000000 0.000000 -0.298018 0.122152
0 -16.655525 -37.800000 5.150303 0.000000 -1.000000 0.000000 -0.260243 0.080473
0 -10.761696 -37.800000 10.761696 0.000000 -1.000000 0.000000 -0.168151 0.168151
collar_dark
0 -19.073138 -37.800000 7.817727 0.000000 -1.000000 0.000000 -0.298018 0.122152
0 -10.761696 -37.800000 10.761696 0.000000 -1.000000 0.000000 -0.168151 0.168151
0 -13.307280 -37.800000 13.307280 0.000000 -1.000000 0.000000 -0.207926 0.207926
collar_dark
0 -65.007770 -37.800000 58.498784 0.689541 0.000000 -0.724247 -1.015746 -0.590625
0 -65.007770 -34.200000 58.498784 0.689541 0.000000 -0.724247 -1.015746 -0.534375
0 -61.673384 -34.200000 61.673384 0.689541 0.000000 -0.724247 -0.963647 -0.534375
collar_dark
0 -65.007770 -37.800000 58.498784 0.689541 0.000000 -0.724247 -1.015746 -0.590625
0 -61.673384 -34.200000 61.673384 0.689541 0.000000 -0.724247 -0.963647 -0.534375
0 -61.673384 -37.800000 61.673384 0.689541 0.000000 -0.724247 -0.963647 -0.590625
collar_dark
0 -65.007770 -34.200000 58.498784 0.000000 1.000000 0.000000 -1.015746 0.914044
0 -67.425382 -34.200000 61.166208 0.000000 1.000000 0.000000 -1.053522 0.955722
0 -64.218968 -34.200000 64.218968 0.000000 1.000000 0.000000 -1.003421 1.003421
collar_dark
0 -65.007770 -34.200000 58.498784 0.000000 1.000000 0.000000 -1.015746 0.914044
0 -64.218968 -34.200000 64.218968 0.000000 1.000000 0.000000 -1.003421 1.003421
0 -61.673384 -34.200000 61.673384 0.000000 1.000000 0.000000 -0.963647 0.963647
collar_dark
0 -67.425382 -34.200000 61.166208 -0.689541 0.000000 0.724247 -1.053522 -0.534375
0 -67.425382 -37.800000 61.166208 -0.689541 0.000000 0.724247 -1.053522 -0.590625
0 -64.218968 -37.800000 64.218968 -0.689541 0.000000 0.724247 -1.003421 -0.590625
collar_dark
0 -67.425382 -34.200000 61.166208 -0.689541 0.000000 0.724247 -1.053522 -0.534375
0 -64.218968 -37.800000 64.218968 -0.689541 0.000000 0.724247 -1.003421 -0.590625
0 -64.218968 -34.200000 64.218968 -0.689541 0.000000 0.724247 -1.003421 -0.534375
collar_dark
0 -67.425382 -37.800000 61.166208 0.000000 -1.000000 0.000000 -1.053522 0.955722
0 -65.007770 -37.800000 58.498784 0.000000 -1.000000 0.000000 -1.015746 0.914044
0 -61.673384 -37.800000 61.673384 0.000000 -1.000000 0.000000 -0.963647 0.963647
collar_dark
0 -67.425382 -37.800000 61.166208 0.000000 -1.000000 0.000000 -1.053522 0.955722
0 -61.673384 -37.800000 61.673384 0.000000 -1.000000 0.000000 -0.963647 0.963647
0 -64.218968 -37.800000 64.218968 0.000000 -1.000000 0.000000 -1.003421 1.003421
collar_dark
0 -16.655525 34.200000 5.150303 0.689541 0.000000 -0.724247 -0.260243 0.534375
0 -16.655525 37.800000 5.150303 0.689541 0.000000 -0.724247 -0.260243 0.590625
0 -10.761696 37.800000 10.761696 0.689541 0.000000 -0.724247 -0.168151 0.590625
collar_dark
0 -16.655525 34.200000 5.150303 0.689541 0.000000 -0.724247 -0.260243 0.534375
0 -10.761696 37.800000 10.761696 0.689541 0.000000 -0.724247 -0.168151 0.590625
0 -10.761696 34.200000 10.761696 0.689541 0.000000 -0.724247 -0.168151 0.534375
collar_dark
0 -16.655525 37.800000 5.150303 0.000000 1.000000 0.000000 -0.260243 0.080473
0 -19.073138 37.800000 7.817727 0.000000 1.000000 0.000000 -0.298018 0.122152
0 -13.307280 37.800000 13.307280 0.000000 1.000000 0.000000 -0.207926 0.207926
collar_dark
0 -16.655525 37.800000 5.150303 0.000000 1.000000 0.000000 -0.260243 0.080473
0 -13.307280 37.800000 13.307280 0.000000 1.000000 0.000000 -0.207926 0.207926
0 -10.761696 37.800000 10.761696 0.000000 1.000000 0.000000 -0.168151 0.168151
collar_dark
0 -19.073138 37.800000 7.817727 -0.689541 0.000000 0.724247 -0.298018 0.590625
0 -19.073138 34.200000 7.817727 -0.689541 0.000000 0.724247 -0.298018 0.534375
0 -13.307280 34.200000 13.307280 -0.689541 0.000000 0.724247 -0.207926 0.534375
collar_dark
0 -19.073138 37.800000 7.817727 -0.689541 0.000000 0.724247 -0.298018 0.590625
0 -13.307280 34.200000 13.307280 -0.689541 0.000000 0.724247 -0.207926 0.534375
0 -13.307280 37.800000 13.307280 -0.689541 0.000000 0.724247 -0.207926 0.590625
collar_dark
0 -19.073138 34.200000 7.817727 0.000000 -1.000000 0.000000 -0.298018 0.122152
0 -16.655525 34.200000 5.150303 0.000000 -1.000000 0.000000 -0.260243 0.080473
0 -10.761696 34.200000 10.761696 0.000000 -1.000000 0.000000 -0.168151 0.168151
collar_dark
0 -19.073138 34.200000 7.817727 0.000000 -1.000000 0.000000 -0.298018 0.122152
0 -10.761696 34.200000 10.761696 0.000000 -1.000000 0.000000 -0.168151 0.168151
0 -13.307280 34.200000 13.307280 0.000000 -1.000000 0.000000 -0.207926 0.207926
collar_dark
0 -65.007770 34.200000 58.498784 0.689541 0.000000 -0.724247 -1.015746 0.534375
0 -65.007770 37.800000 58.498784 0.689541 0.000000 -0.724247 -1.015746 0.590625
0 -61.673384 37.800000 61.673384 0.689541 0.000000 -0.724247 -0.963647 0.590625
collar_dark
0 -65.007770 34.200000 58.498784 0.689541 0.000000 -0.724247 -1.015746 0.534375
0 -61.673384 37.800000 61.673384 0.689541 0.000000 -0.724247 -0.963647 0.590625
0 -61.673384 34.200000 61.673384 0.689541 0.000000 -0.724247 -0.963647 0.534375
collar_dark
0 -65.007770 37.800000 58.498784 0.000000 1.000000 0.000000 -1.015746 0.914044
0 -67.425382 37.800000 61.166208 0.000000 1.000000 0.000000 -1.053522 0.955722
0 -64.218968 37.800000 64.218968 0.000000 1.000000 0.000000 -1.003421 1.003421
collar_dark
0 -65.007770 37.800000 58.498784 0.000000 1.000000 0.000000 -1.015746 0.914044
0 -64.218968 37.800000 64.218968 0.000000 1.000000 0.000000 -1.003421 1.003421
0 -61.673384 37.800000 61.673384 0.000000 1.000000 0.000000 -0.963647 0.963647
collar_dark
0 -67.425382 37.800000 61.166208 -0.689541 0.000000 0.724247 -1.053522 0.590625
0 -67.425382 34.200000 61.166208 -0.689541 0.000000 0.724247 -1.053522 0.534375
0 -64.218968 34.200000 64.218968 -0.689541 0.000000 0.724247 -1.003421 0.534375
collar_dark
0 -67.425382 37.800000 61.166208 -0.689541 0.000000 0.724247 -1.053522 0.590625
0 -64.218968 34.200000 64.218968 -0.689541 0.000000 0.724247 -1.003421 0.534375
0 -64.218968 37.800000 64.218968 -0.689541 0.000000 0.724247 -1.003421 0.590625
collar_dark
0 -67.425382 34.200000 61.166208 0.000000 -1.000000 0.000000 -1.053522 0.955722
0 -65.007770 34.200000 58.498784 0.000000 -1.000000 0.000000 -1.015746 0.914044
0 -61.673384 34.200000 61.673384 0.000000 -1.000000 0.000000 -0.963647 0.963647
collar_dark
0 -67.425382 34.200000 61.166208 0.000000 -1.000000 0.000000 -1.053522 0.955722
0 -61.673384 34.200000 61.673384 0.000000 -1.000000 0.000000 -0.963647 0.963647
0 -64.218968 34.200000 64.218968 0.000000 -1.000000 0.000000 -1.003421 1.003421
glass
0 -50.731066 48.296291 42.746869 -0.344848 0.865960 0.362205 -0.792673 0.667920
0 -65.783648 35.355339 59.354834 -0.344848 0.865960 0.362205 -1.027870 0.927419
0 -62.490332 35.355339 62.490332 -0.344848 0.865960 0.362205 -0.976411 0.976411
glass
0 -50.731066 48.296291 42.746869 -0.344848 0.865960 0.362205 -0.792673 0.667920
0 -62.490332 35.355339 62.490332 -0.344848 0.865960 0.362205 -0.976411 0.976411
0 -46.640967 48.296291 46.640967 -0.344848 0.865960 0.362205 -0.728765 0.728765
glass
0 -65.783648 35.355339 59.354834 -0.597205 0.499887 0.627264 -1.027870 0.552427
0 -74.474261 12.940952 68.943447 -0.597205 0.499887 0.627264 -1.163660 0.202202
0 -71.640967 12.940952 71.640967 -0.597205 0.499887 0.627264 -1.119390 0.202202
glass
0 -65.783648 35.355339 59.354834 -0.597205 0.499887 0.627264 -1.027870 0.552427
0 -71.640967 12.940952 71.640967 -0.597205 0.499887 0.627264 -1.119390 0.202202
0 -62.490332 35.355339 62.490332 -0.597205 0.499887 0.627264 -0.976411 0.552427
glass
0 -74.474261 12.940952 68.943447 -0.689541 0.000000 0.724247 -1.163660 0.202202
0 -74.474261 -12.940952 68.943447 -0.689541 0.000000 0.724247 -1.163660 -0.202202
0 -71.640967 -12.940952 71.640967 -0.689541 0.000000 0.724247 -1.119390 -0.202202
glass
0 -74.474261 12.940952 68.943447 -0.689541 0.000000 0.724247 -1.163660 0.202202
0 -71.640967 -12.940952 71.640967 -0.689541 0.000000 0.724247 -1.119390 -0.202202
0 -71.640967 12.940952 71.640967 -0.689541 0.000000 0.724247 -1.119390 0.202202
glass
0 -74.474261 -12.940952 68.943447 -0.597205 -0.499887 0.627264 -1.163660 -0.202202
0 -65.783648 -35.355339 59.354834 -0.597205 -0.499887 0.627264 -1.027870 -0.552427
0 -62.490332 -35.355339 62.490332 -0.597205 -0.499887 0.627264 -0.976411 -0.552427
glass
0 -74.474261 -12.940952 68.943447 -0.597205 -0.499887 0.627264 -1.163660 -0.202202
0 -62.490332 -35.355339 62.490332 -0.597205 -0.499887 0.627264 -0.976411 -0.552427
0 -71.640967 -12.940952 71.640967 -0.597205 -0.499887 0.627264 -1.119390 -0.202202
glass
0 -65.783648 -35.355339 59.354834 -0.344848 -0.865960 0.362205 -1.027870 0.927419
0 -50.731066 -48.296291 42.746869 -0.344848 -0.865960 0.362205 -0.792673 0.667920
0 -46.640967 -48.296291 46.640967 -0.344848 -0.865960 0.362205 -0.728765 0.728765
glass
0 -65.783648 -35.355339 59.354834 -0.344848 -0.865960 0.362205 -1.027870 0.927419
0 -46.640967 -48.296291 46.640967 -0.344848 -0.865960 0.362205 -0.728765 0.728765
0 -62.490332 -35.355339 62.490332 -0.344848 -0.865960 0.362205 -0.976411 0.976411
glass
0 -50.731066 -48.296291 42.746869 0.000000 -1.000000 0.000000 -0.792673 0.667920
0 -33.349841 -48.296291 23.569643 0.000000 -1.000000 0.000000 -0.521091 0.368276
0 -28.339697 -48.296291 28.339697 0.000000 -1.000000 0.000000 -0.442808 0.442808
glass
0 -50.731066 -48.296291 42.746869 0.000000 -1.000000 0.000000 -0.792673 0.667920
0 -28.339697 -48.296291 28.339697 0.000000 -1.000000 0.000000 -0.442808 0.442808
0 -46.640967 -48.296291 46.640967 0.000000 -1.000000 0.000000 -0.728765 0.728765
glass
0 -33.349841 -48.296291 23.569643 0.344848 -0.865960 -0.362205 -0.521091 0.368276
0 -18.297259 -35.355339 6.961678 0.344848 -0.865960 -0.362205 -0.285895 0.108776
0 -12.490332 -35.355339 12.490332 0.344848 -0.865960 -0.362205 -0.195161 0.195161
glass
0 -33.349841 -48.296291 23.569643 0.344848 -0.865960 -0.362205 -0.521091 0.368276
0 -12.490332 -35.355339 12.490332 0.344848 -0.865960 -0.362205 -0.195161 0.195161
0 -28.339697 -48.296291 28.339697 0.344848 -0.865960 -0.362205 -0.442808 0.442808
glass
0 -18.297259 -35.355339 6.961678 0.597205 -0.499887 -0.627264 -0.285895 -0.552427
0 -9.606647 -12.940952 -2.626935 0.597205 -0.499887 -0.627264 -0.150104 -0.202202
0 -3.339697 -12.940952 3.339697 0.597205 -0.499887 -0.627264 -0.052183 -0.202202
glass
0 -18.297259 -35.355339 6.961678 0.597205 -0.499887 -0.627264 -0.285895 -0.552427
0 -3.339697 -12.940952 3.339697 0.597205 -0.499887 -0.627264 -0.052183 -0.202202
0 -12.490332 -35.355339 12.490332 0.597205 -0.499887 -0.627264 -0.195161 -0.552427
glass
0 -9.606647 -12.940952 -2.626935 0.689541 -0.000000 -0.724247 -0.150104 -0.202202
0 -9.606647 12.940952 -2.626935 0.689541 -0.000000 -0.724247 -0.150104 0.202202
0 -3.339697 12.940952 3.339697 0.689541 -0.000000 -0.724247 -0.052183 0.202202
glass
0 -9.606647 -12.940952 -2.626935 0.689541 0.000000 -0.724247 -0.150104 -0.202202
0 -3.339697 12.940952 3.339697 0.689541 0.000000 -0.724247 -0.052183 0.202202
0 -3.339697 -12.940952 3.339697 0.689541 0.000000 -0.724247 -0.052183 -0.202202
glass
0 -9.606647 12.940952 -2.626935 0.597205 0.499887 -0.627264 -0.150104 0.202202
0 -18.297259 35.355339 6.961678 0.597205 0.499887 -0.627264 -0.285895 0.552427
0 -12.490332 35.355339 12.490332 0.597205 0.499887 -0.627264 -0.195161 0.552427
glass
0 -9.606647 12.940952 -2.626935 0.597205 0.499887 -0.627264 -0.150104 0.202202
0 -12.490332 35.355339 12.490332 0.597205 0.499887 -0.627264 -0.195161 0.552427
0 -3.339697 12.940952 3.339697 0.597205 0.499887 -0.627264 -0.052183 0.202202
glass
0 -18.297259 35.355339 6.961678 0.344848 0.865960 -0.362205 -0.285895 0.108776
0 -33.349841 48.296291 23.569643 0.344848 0.865960 -0.362205 -0.521091 0.368276
0 -28.339697 48.296291 28.339697 0.344848 0.865960 -0.362205 -0.442808 0.442808
glass
0 -18.297259 35.355339 6.961678 0.344848 0.865960 -0.362205 -0.285895 0.108776
0 -28.339697 48.296291 28.339697 0.344848 0.865960 -0.362205 -0.442808 0.442808
0 -12.490332 35.355339 12.490332 0.344848 0.865960 -0.362205 -0.195161 0.195161
glass
0 -33.349841 48.296291 23.569643 0.000000 1.000000 -0.000000 -0.521091 0.368276
0 -50.731066 48.296291 42.746869 0.000000 1.000000 -0.000000 -0.792673 0.667920
0 -46.640967 48.296291 46.640967 0.000000 1.000000 -0.000000 -0.728765 0.728765
glass
0 -33.349841 48.296291 23.569643 0.000000 1.000000 -0.000000 -0.521091 0.368276
0 -46.640967 48.296291 46.640967 0.000000 1.000000 -0.000000 -0.728765 0.728765
0 -28.339697 48.296291 28.339697 0.000000 1.000000 -0.000000 -0.442808 0.442808
collar_dark
0 -10.761696 -37.800000 10.761696 0.724247 0.000000 -0.689541 -0.590625 0.168151
0 -10.761696 -34.200000 10.761696 0.724247 0.000000 -0.689541 -0.534375 0.168151
0 -5.150303 -34.200000 16.655525 0.724247 0.000000 -0.689541 -0.534375 0.260243
collar_dark
0 -10.761696 -37.800000 10.761696 0.724247 0.000000 -0.689541 -0.590625 0.168151
0 -5.150303 -34.200000 16.655525 0.724247 0.000000 -0.689541 -0.534375 0.260243
0 -5.150303 -37.800000 16.655525 0.724247 0.000000 -0.689541 -0.590625 0.260243
collar_dark
0 -10.761696 -34.200000 10.761696 0.000000 1.000000 0.000000 -0.168151 0.168151
0 -13.307280 -34.200000 13.307280 0.000000 1.000000 0.000000 -0.207926 0.207926
0 -7.817727 -34.200000 19.073138 0.000000 1.000000 0.000000 -0.122152 0.298018
collar_dark
0 -10.761696 -34.200000 10.761696 0.000000 1.000000 0.000000 -0.168151 0.168151
0 -7.817727 -34.200000 19.073138 0.000000 1.000000 0.000000 -0.122152 0.298018
0 -5.150303 -34.200000 16.655525 0.000000 1.000000 0.000000 -0.080473 0.260243
collar_dark
0 -13.307280 -34.200000 13.307280 -0.724247 0.000000 0.689541 -0.534375 0.207926
0 -13.307280 -37.800000 13.307280 -0.724247 0.000000 0.689541 -0.590625 0.207926
0 -7.817727 -37.800000 19.073138 -0.724247 0.000000 0.689541 -0.590625 0.298018
collar_dark
0 -13.307280 -34.200000 13.307280 -0.724247 0.000000 0.689541 -0.534375 0.207926
0 -7.817727 -37.800000 19.073138 -0.724247 0.000000 0.689541 -0.590625 0.298018
0 -7.817727 -34.200000 19.073138 -0.724247 0.000000 0.689541 -0.534375 0.298018
collar_dark
0 -13.307280 -37.800000 13.307280 0.000000 -1.000000 0.000000 -0.207926 0.207926
0 -10.761696 -37.800000 10.761696 0.000000 -1.000000 0.000000 -0.168151 0.168151
0 -5.150303 -37.800000 16.655525 0.000000 -1.000000 0.000000 -0.080473 0.260243
collar_dark
0 -13.307280 -37.800000 13.307280 0.000000 -1.000000 0.000000 -0.207926 0.207926
0 -5.150303 -37.800000 16.655525 0.000000 -1.000000 0.000000 -0.080473 0.260243
0 -7.817727 -37.800000 19.073138 0.000000 -1.000000 0.000000 -0.122152 0.298018
collar_dark
0 -61.673384 -37.800000 61.673384 0.724247 0.000000 -0.689541 -0.590625 0.963647
0 -61.673384 -34.200000 61.673384 0.724247 0.000000 -0.689541 -0.534375 0.963647
0 -58.498784 -34.200000 65.007770 0.724247 0.000000 -0.689541 -0.534375 1.015746
collar_dark
0 -61.673384 -37.800000 61.673384 0.724247 0.000000 -0.689541 -0.590625 0.963647
0 -58.498784 -34.200000 65.007770 0.724247 0.000000 -0.689541 -0.534375 1.015746
0 -58.498784 -37.800000 65.007770 0.724247 0.000000 -0.689541 -0.590625 1.015746
collar_dark
0 -61.673384 -34.200000 61.673384 0.000000 1.000000 0.000000 -0.963647 0.963647
0 -64.218968 -34.200000 64.218968 0.000000 1.000000 0.000000 -1.003421 1.003421
0 -61.166208 -34.200000 67.425382 0.000000 1.000000 0.000000 -0.955722 1.053522
collar_dark
0 -61.673384 -34.200000 61.673384 0.000000 1.000000 0.000000 -0.963647 0.963647
0 -61.166208 -34.200000 67.425382 0.000000 1.000000 0.000000 -0.955722 1.053522
0 -58.498784 -34.200000 65.007770 0.000000 1.000000 0.000000 -0.914044 1.015746
collar_dark
0 -64.218968 -34.200000 64.218968 -0.724247 0.000000 0.689541 -0.534375 1.003421
0 -64.218968 -37.800000 64.218968 -0.724247 0.000000 0.689541 -0.590625 1.003421
0 -61.166208 -37.800000 67.425382 -0.724247 0.000000 0.689541 -0.590625 1.053522
collar_dark
0 -64.218968 -34.200000 64.218968 -0.724247 0.000000 0.689541 -0.534375 1.003421
0 -61.166208 -37.800000 67.425382 -0.724247 0.000000 0.689541 -0.590625 1.053522
0 -61.166208 -34.200000 67.425382 -0.724247 0.000000 0.689541 -0.534375 1.053522
collar_dark
0 -64.218968 -37.800000 64.218968 0.000000 -1.000000 0.000000 -1.003421 1.003421
0 -61.673384 -37.800000 61.673384 0.000000 -1.000000 0.000000 -0.963647 0.963647
0 -58.498784 -37.800000 65.007770 0.000000 -1.000000 0.000000 -0.914044 1.015746
collar_dark
0 -64.218968 -37.800000 64.218968 0.000000 -1.000000 0.000000 -1.003421 1.003421
0 -58.498784 -37.800000 65.007770 0.000000 -1.000000 0.000000 -0.914044 1.015746
0 -61.166208 -37.800000 67.425382 0.000000 -1.000000 0.000000 -0.955722 1.053522
collar_dark
0 -10.761696 34.200000 10.761696 0.724247 0.000000 -0.689541 0.534375 0.168151
0 -10.761696 37.800000 10.761696 0.724247 0.000000 -0.689541 0.590625 0.168151
0 -5.150303 37.800000 16.655525 0.724247 0.000000 -0.689541 0.590625 0.260243
collar_dark
0 -10.761696 34.200000 10.761696 0.724247 0.000000 -0.689541 0.534375 0.168151
0 -5.150303 37.800000 16.655525 0.724247 0.000000 -0.689541 0.590625 0.260243
0 -5.150303 34.200000 16.655525 0.724247 0.000000 -0.689541 0.534375 0.260243
collar_dark
0 -10.761696 37.800000 10.761696 0.000000 1.000000 0.000000 -0.168151 0.168151
0 -13.307280 37.800000 13.307280 0.000000 1.000000 0.000000 -0.207926 0.207926
0 -7.817727 37.800000 19.073138 0.000000 1.000000 0.000000 -0.122152 0.298018
collar_dark
0 -10.761696 37.800000 10.761696 0.000000 1.000000 0.000000 -0.168151 0.168151
0 -7.817727 37.800000 19.073138 0.000000 1.000000 0.000000 -0.122152 0.298018
0 -5.150303 37.800000 16.655525 0.000000 1.000000 0.000000 -0.080473 0.260243
collar_dark
0 -13.307280 37.800000 13.307280 -0.724247 0.000000 0.689541 0.590625 0.207926
0 -13.307280 34.200000 13.307280 -0.724247 0.000000 0.689541 0.534375 0.207926
0 -7.817727 34.200000 19.073138 -0.724247 0.000000 0.689541 0.534375 0.298018
collar_dark
0 -13.307280 37.800000 13.307280 -0.724247 0.000000 0.689541 0.590625 0.207926
0 -7.817727 34.200000 19.073138 -0.724247 0.000000 0.689541 0.534375 0.298018
0 -7.817727 37.800000 19.073138 -0.724247 0.000000 0.689541 0.590625 0.298018
collar_dark
0 -13.307280 34.200000 13.307280 0.000000 -1.000000 0.000000 -0.207926 0.207926
0 -10.761696 34.200000 10.761696 0.000000 -1.000000 0.000000 -0.168151 0.168151
0 -5.150303 34.200000 16.655525 0.000000 -1.000000 0.000000 -0.080473 0.260243
collar_dark
0 -13.307280 34.200000 13.307280 0.000000 -1.000000 0.000000 -0.207926 0.207926
0 -5.150303 34.200000 16.655525 0.000000 -1.000000 0.000000 -0.080473 0.260243
0 -7.817727 34.200000 19.073138 0.000000 -1.000000 0.000000 -0.122152 0.298018
collar_dark
0 -61.673384 34.200000 61.673384 0.724247 0.000000 -0.689541 0.534375 0.963647
0 -61.673384 37.800000 61.673384 0.724247 0.000000 -0.689541 0.590625 0.963647
0 -58.498784 37.800000 65.007770 0.724247 0.000000 -0.689541 0.590625 1.015746
collar_dark
0 -61.673384 34.200000 61.673384 0.724247 0.000000 -0.689541 0.534375 0.963647
0 -58.498784 37.800000 65.007770 0.724247 0.000000 -0.689541 0.590625 1.015746
0 -58.498784 34.200000 65.007770 0.724247 0.000000 -0.689541 0.534375 1.015746
collar_dark
0 -61.673384 37.800000 61.673384 0.000000 1.000000 0.000000 -0.963647 0.963647
0 -64.218968 37.800000 64.218968 0.000000 1.000000 0.000000 -1.003421 1.003421
0 -61.166208 37.800000 67.425382 0.000000 1.000000 0.000000 -0.955722 1.053522
collar_dark
0 -61.673384 37.800000 61.673384 0.000000 1.000000 0.000000 -0.963647 0.963647
0 -61.166208 37.800000 67.425382 0.000000 1.000000 0.000000 -0.955722 1.053522
0 -58.498784 37.800000 65.007770 0.000000 1.000000 0.000000 -0.914044 1.015746
collar_dark
0 -64.218968 37.800000 64.218968 -0.724247 0.000000 0.689541 0.590625 1.003421
0 -64.218968 34.200000 64.218968 -0.724247 0.000000 0.689541 0.534375 1.003421
0 -61.166208 34.200000 67.425382 -0.724247 0.000000 0.689541 0.534375 1.053522
collar_dark
0 -64.218968 37.800000 64.218968 -0.724247 0.000000 0.689541 0.590625 1.003421
0 -61.166208 34.200000 67.425382 -0.724247 0.000000 0.689541 0.534375 1.053522
0 -61.166208 37.800000 67.425382 -0.724247 0.000000 0.689541 0.590625 1.053522
collar_dark
0 -64.218968 34.200000 64.218968 0.000000 -1.000000 0.000000 -1.003421 1.003421
0 -61.673384 34.200000 61.673384 0.000000 -1.000000 0.000000 -0.963647 0.963647
0 -58.498784 34.200000 65.007770 0.000000 -1.000000 0.000000 -0.914044 1.015746
collar_dark
0 -64.218968 34.200000 64.218968 0.000000 -1.000000 0.000000 -1.003421 1.003421
0 -58.498784 34.200000 65.007770 0.000000 -1.000000 0.000000 -0.914044 1.015746
0 -61.166208 34.200000 67.425382 0.000000 -1.000000 0.000000 -0.955722 1.053522
glass
0 -46.640967 48.296291 46.640967 -0.362205 0.865960 0.344848 -0.728765 0.728765
0 -62.490332 35.355339 62.490332 -0.362205 0.865960 0.344848 -0.976411 0.976411
0 -59.354834 35.355339 65.783648 -0.362205 0.865960 0.344848 -0.927419 1.027870
glass
0 -46.640967 48.296291 46.640967 -0.362205 0.865960 0.344848 -0.728765 0.728765
0 -59.354834 35.355339 65.783648 -0.362205 0.865960 0.344848 -0.927419 1.027870
0 -42.746869 48.296291 50.731066 -0.362205 0.865960 0.344848 -0.667920 0.792673
glass
0 -62.490332 35.355339 62.490332 -0.627264 0.499887 0.597205 0.552427 0.976411
0 -71.640967 12.940952 71.640967 -0.627264 0.499887 0.597205 0.202202 1.119390
0 -68.943447 12.940952 74.474261 -0.627264 0.499887 0.597205 0.202202 1.163660
glass
0 -62.490332 35.355339 62.490332 -0.627264 0.499887 0.597205 0.552427 0.976411
0 -68.943447 12.940952 74.474261 -0.627264 0.499887 0.597205 0.202202 1.163660
0 -59.354834 35.355339 65.783648 -0.627264 0.499887 0.597205 0.552427 1.027870
glass
0 -71.640967 12.940952 71.640967 -0.724247 0.000000 0.689541 0.202202 1.119390
0 -71.640967 -12.940952 71.640967 -0.724247 0.000000 0.689541 -0.202202 1.119390
0 -68.943447 -12.940952 74.474261 -0.724247 0.000000 0.689541 -0.202202 1.163660
glass
0 -71.640967 12.940952 71.640967 -0.724247 0.000000 0.689541 0.202202 1.119390
0 -68.943447 -12.940952 74.474261 -0.724247 0.000000 0.689541 -0.202202 1.163660
0 -68.943447 12.940952 74.474261 -0.724247 0.000000 0.689541 0.202202 1.163660
glass
0 -71.640967 -12.940952 71.640967 -0.627264 -0.499887 0.597205 -0.202202 1.119390
0 -62.490332 -35.355339 62.490332 -0.627264 -0.499887 0.597205 -0.552427 0.976411
0 -59.354834 -35.355339 65.783648 -0.627264 -0.499887 0.597205 -0.552427 1.027870
glass
0 -71.640967 -12.940952 71.640967 -0.627264 -0.499887 0.597205 -0.202202 1.119390
0 -59.354834 -35.355339 65.783648 -0.627264 -0.499887 0.597205 -0.552427 1.027870
0 -68.943447 -12.940952 74.474261 -0.627264 -0.499887 0.597205 -0.202202 1.163660
glass
0 -62.490332 -35.355339 62.490332 -0.362205 -0.865960 0.344848 -0.976411 0.976411
0 -46.640967 -48.296291 46.640967 -0.362205 -0.865960 0.344848 -0.728765 0.728765
0 -42.746869 -48.296291 50.731066 -0.362205 -0.865960 0.344848 -0.667920 0.792673
glass
0 -62.490332 -35.355339 62.490332 -0.362205 -0.865960 0.344848 -0.976411 0.976411
0 -42.746869 -48.296291 50.731066 -0.362205 -0.865960 0.344848 -0.667920 0.792673
0 -59.354834 -35.355339 65.783648 -0.362205 -0.865960 0.344848 -0.927419 1.027870
glass
0 -46.640967 -48.296291 46.640967 0.000000 -1.000000 0.000000 -0.728765 0.728765
0 -28.339697 -48.296291 28.339697 0.000000 -1.000000 0.000000 -0.442808 0.442808
0 -23.569643 -48.296291 33.349841 0.000000 -1.000000 0.000000 -0.368276 0.521091
glass
0 -46.640967 -48.296291 46.640967 0.000000 -1.000000 0.000000 -0.728765 0.728765
0 -23.569643 -48.296291 33.349841 0.000000 -1.000000 0.000000 -0.368276 0.521091
0 -42.746869 -48.296291 50.731066 0.000000 -1.000000 0.000000 -0.667920 0.792673
glass
0 -28.339697 -48.296291 28.339697 0.362205 -0.865960 -0.344848 -0.442808 0.442808
0 -12.490332 -35.355339 12.490332 0.362205 -0.865960 -0.344848 -0.195161 0.195161
0 -6.961678 -35.355339 18.297259 0.362205 -0.865960 -0.344848 -0.108776 0.285895
glass
0 -28.339697 -48.296291 28.339697 0.362205 -0.865960 -0.344848 -0.442808 0.442808
0 -6.961678 -35.355339 18.297259 0.362205 -0.865960 -0.344848 -0.108776 0.285895
0 -23.569643 -48.296291 33.349841 0.362205 -0.865960 -0.344848 -0.368276 0.521091
glass
0 -12.490332 -35.355339 12.490332 0.627264 -0.499887 -0.597205 -0.552427 0.195161
0 -3.339697 -12.940952 3.339697 0.627264 -0.499887 -0.597205 -0.202202 0.052183
0 2.626935 -12.940952 9.606647 0.627264 -0.499887 -0.597205 -0.202202 0.150104
glass
0 -12.490332 -35.355339 12.490332 0.627264 -0.499887 -0.597205 -0.552427 0.195161
0 2.626935 -12.940952 9.606647 0.627264 -0.499887 -0.597205 -0.202202 0.150104
0 -6.961678 -35.355339 18.297259 0.627264 -0.499887 -0.597205 -0.552427 0.285895
glass
0 -3.339697 -12.940952 3.339697 0.724247 0.000000 -0.689541 -0.202202 0.052183
0 -3.339697 12.940952 3.339697 0.724247 0.000000 -0.689541 0.202202 0.052183
0 2.626935 12.940952 9.606647 0.724247 0.000000 -0.689541 0.202202 0.150104
glass
0 -3.339697 -12.940952 3.339697 0.724247 -0.000000 -0.689541 -0.202202 0.052183
0 2.626935 12.940952 9.606647 0.724247 -0.000000 -0.689541 0.202202 0.150104
0 2.626935 -12.940952 9.606647 0.724247 -0.000000 -0.689541 -0.202202 0.150104
glass
0 -3.339697 12.940952 3.339697 0.627264 0.499887 -0.597205 0.202202 0.052183
0 -12.490332 35.355339 12.490332 0.627264 0.499887 -0.597205 0.552427 0.195161
0 -6.961678 35.355339 18.297259 0.627264 0.499887 -0.597205 0.552427 0.285895
glass
0 -3.339697 12.940952 3.339697 0.627264 0.499887 -0.597205 0.202202 0.052183
0 -6.961678 35.355339 18.297259 0.627264 0.499887 -0.597205 0.552427 0.285895
0 2.626935 12.940952 9.606647 0.627264 0.499887 -0.597205 0.202202 0.150104
glass
0 -12.490332 35.355339 12.490332 0.362205 0.865960 -0.344848 -0.195161 0.195161
0 -28.339697 48.296291 28.339697 0.362205 0.865960 -0.344848 -0.442808 0.442808
0 -23.569643 48.296291 33.349841 0.362205 0.865960 -0.344848 -0.368276 0.521091
glass
0 -12.490332 35.355339 12.490332 0.362205 0.865960 -0.344848 -0.195161 0.195161
0 -23.569643 48.296291 33.349841 0.362205 0.865960 -0.344848 -0.368276 0.521091
0 -6.961678 35.355339 18.297259 0.362205 0.865960 -0.344848 -0.108776 0.285895
glass
0 -28.339697 48.296291 28.339697 0.000000 1.000000 -0.000000 -0.442808 0.442808
0 -46.640967 48.296291 46.640967 0.000000 1.000000 -0.000000 -0.728765 0.728765
0 -42.746869 48.296291 50.731066 0.000000 1.000000 -0.000000 -0.667920 0.792673
glass
0 -28.339697 48.296291 28.339697 0.000000 1.000000 -0.000000 -0.442808 0.442808
0 -42.746869 48.296291 50.731066 0.000000 1.000000 -0.000000 -0.667920 0.792673
0 -23.569643 48.296291 33.349841 0.000000 1.000000 -0.000000 -0.368276 0.521091
collar_dark
0 -5.150303 -37.800000 16.655525 0.757209 0.000000 -0.653173 -0.590625 0.260243
0 -5.150303 -34.200000 16.655525 0.757209 0.000000 -0.653173 -0.534375 0.260243
0 0.165133 -34.200000 22.817593 0.757209 0.000000 -0.653173 -0.534375 0.356525
collar_dark
0 -5.150303 -37.800000 16.655525 0.757209 0.000000 -0.653173 -0.590625 0.260243
0 0.165133 -34.200000 22.817593 0.757209 0.000000 -0.653173 -0.534375 0.356525
0 0.165133 -37.800000 22.817593 0.757209 0.000000 -0.653173 -0.590625 0.356525
collar_dark
0 -5.150303 -34.200000 16.655525 0.000000 1.000000 0.000000 -0.080473 0.260243
0 -7.817727 -34.200000 19.073138 0.000000 1.000000 0.000000 -0.122152 0.298018
0 -2.617704 -34.200000 25.101409 0.000000 1.000000 0.000000 -0.040902 0.392210
collar_dark
0 -5.150303 -34.200000 16.655525 0.000000 1.000000 0.000000 -0.080473 0.260243
0 -2.617704 -34.200000 25.101409 0.000000 1.000000 0.000000 -0.040902 0.392210
0 0.165133 -34.200000 22.817593 0.000000 1.000000 0.000000 0.002580 0.356525
collar_dark
0 -7.817727 -34.200000 19.073138 -0.757209 0.000000 0.653173 -0.534375 0.298018
0 -7.817727 -37.800000 19.073138 -0.757209 0.000000 0.653173 -0.590625 0.298018
0 -2.617704 -37.800000 25.101409 -0.757209 0.000000 0.653173 -0.590625 0.392210
collar_dark
0 -7.817727 -34.200000 19.073138 -0.757209 0.000000 0.653173 -0.534375 0.298018
0 -2.617704 -37.800000 25.101409 -0.757209 0.000000 0.653173 -0.590625 0.392210
0 -2.617704 -34.200000 25.101409 -0.757209 0.000000 0.653173 -0.534375 0.392210
collar_dark
0 -7.817727 -37.800000 19.073138 0.000000 -1.000000 0.000000 -0.122152 0.298018
0 -5.150303 -37.800000 16.655525 0.000000 -1.000000 0.000000 -0.080473 0.260243
0 0.165133 -37.800000 22.817593 0.000000 -1.000000 0.000000 0.002580 0.356525
collar_dark
0 -7.817727 -37.800000 19.073138 0.000000 -1.000000 0.000000 -0.122152 0.298018
0 0.165133 -37.800000 22.817593 0.000000 -1.000000 0.000000 0.002580 0.356525
0 -2.617704 -37.800000 25.101409 0.000000 -1.000000 0.000000 -0.040902 0.392210
collar_dark
0 -58.498784 -37.800000 65.007770 0.757209 0.000000 -0.653173 -0.590625 1.015746
0 -58.498784 -34.200000 65.007770 0.757209 0.000000 -0.653173 -0.534375 1.015746
0 -55.491619 -34.200000 68.493910 0.757209 0.000000 -0.653173 -0.534375 1.070217
collar_dark
0 -58.498784 -37.800000 65.007770 0.757209 0.000000 -0.653173 -0.590625 1.015746
0 -55.491619 -34.200000 68.493910 0.757209 0.000000 -0.653173 -0.534375 1.070217
0 -55.491619 -37.800000 68.493910 0.757209 0.000000 -0.653173 -0.590625 1.070217
collar_dark
0 -58.498784 -34.200000 65.007770 0.000000 1.000000 0.000000 -0.914044 1.015746
0 -61.166208 -34.200000 67.425382 0.000000 1.000000 0.000000 -0.955722 1.053522
0 -58.274457 -34.200000 70.777726 0.000000 1.000000 0.000000 -0.910538 1.105902
collar_dark
0 -58.498784 -34.200000 65.007770 0.000000 1.000000 0.000000 -0.914044 1.015746
0 -58.274457 -34.200000 70.777726 0.000000 1.000000 0.000000 -0.910538 1.105902
0 -55.491619 -34.200000 68.493910 0.000000 1.000000 0.000000 -0.867057 1.070217
collar_dark
0 -61.166208 -34.200000 67.425382 -0.757209 0.000000 0.653173 -0.534375 1.053522
0 -61.166208 -37.800000 67.425382 -0.757209 0.000000 0.653173 -0.590625 1.053522
0 -58.274457 -37.800000 70.777726 -0.757209 0.000000 0.653173 -0.590625 1.105902
collar_dark
0 -61.166208 -34.200000 67.425382 -0.757209 0.000000 0.653173 -0.534375 1.053522
0 -58.274457 -37.800000 70.777726 -0.757209 0.000000 0.653173 -0.590625 1.105902
0 -58.274457 -34.200000 70.777726 -0.757209 0.000000 0.653173 -0.534375 1.105902
collar_dark
0 -61.166208 -37.800000 67.425382 0.000000 -1.000000 0.000000 -0.955722 1.053522
0 -58.498784 -37.800000 65.007770 0.000000 -1.000000 0.000000 -0.914044 1.015746
0 -55.491619 -37.800000 68.493910 0.000000 -1.000000 0.000000 -0.867057 1.070217
collar_dark
0 -61.166208 -37.800000 67.425382 0.000000 -1.000000 0.000000 -0.955722 1.053522
0 -55.491619 -37.800000 68.493910 0.000000 -1.000000 0.000000 -0.867057 1.070217
0 -58.274457 -37.800000 70.777726 0.000000 -1.000000 0.000000 -0.910538 1.105902
collar_dark
0 -5.150303 34.200000 16.655525 0.757209 0.000000 -0.653173 0.534375 0.260243
0 -5.150303 37.800000 16.655525 0.757209 0.000000 -0.653173 0.590625 0.260243
0 0.165133 37.800000 22.817593 0.757209 0.000000 -0.653173 0.590625 0.356525
collar_dark
0 -5.150303 34.200000 16.655525 0.757209 0.000000 -0.653173 0.534375 0.260243
0 0.165133 37.800000 22.817593 0.757209 0.000000 -0.653173 0.590625 0.356525
0 0.165133 34.200000 22.817593 0.757209 0.000000 -0.653173 0.534375 0.356525
collar_dark
0 -5.150303 37.800000 16.655525 0.000000 1.000000 0.000000 -0.080473 0.260243
0 -7.817727 37.800000 19.073138 0.000000 1.000000 0.000000 -0.122152 0.298018
0 -2.617704 37.800000 25.101409 0.000000 1.000000 0.000000 -0.040902 0.392210
collar_dark
0 -5.150303 37.800000 16.655525 0.000000 1.000000 0.000000 -0.080473 0.260243
0 -2.617704 37.800000 25.101409 0.000000 1.000000 0.000000 -0.040902 0.392210
0 0.165133 37.800000 22.817593 0.000000 1.000000 0.000000 0.002580 0.356525
collar_dark
0 -7.817727 37.800000 19.073138 -0.757209 0.000000 0.653173 0.590625 0.298018
0 -7.817727 34.200000 19.073138 -0.757209 0.000000 0.653173 0.534375 0.298018
0 -2.617704 34.200000 25.101409 -0.757209 0.000000 0.653173 0.534375 0.392210
collar_dark
0 -7.817727 37.800000 19.073138 -0.757209 0.000000 0.653173 0.590625 0.298018
0 -2.617704 34.200000 25.101409 -0.757209 0.000000 0.653173 0.534375 0.392210
0 -2.617704 37.800000 25.101409 -0.757209 0.000000 0.653173 0.590625 0.392210
collar_dark
0 -7.817727 34.200000 19.073138 0.000000 -1.000000 0.000000 -0.122152 0.298018
0 -5.150303 34.200000 16.655525 0.000000 -1.000000 0.000000 -0.080473 0.260243
0 0.165133 34.200000 22.817593 0.000000 -1.000000 0.000000 0.002580 0.356525
collar_dark
0 -7.817727 34.200000 19.073138 0.000000 -1.000000 0.000000 -0.122152 0.298018
0 0.165133 34.200000 22.817593 0.000000 -1.000000 0.000000 0.002580 0.356525
0 -2.617704 34.200000 25.101409 0.000000 -1.000000 0.000000 -0.040902 0.392210
collar_dark
0 -58.498784 34.200000 65.007770 0.757209 0.000000 -0.653173 0.534375 1.015746
0 -58.498784 37.800000 65.007770 0.757209 0.000000 -0.653173 0.590625 1.015746
0 -55.491619 37.800000 68.493910 0.757209 0.000000 -0.653173 0.590625 1.070217
collar_dark
0 -58.498784 34.200000 65.007770 0.757209 0.000000 -0.653173 0.534375 1.015746
0 -55.491619 37.800000 68.493910 0.757209 0.000000 -0.653173 0.590625 1.070217
0 -55.491619 34.200000 68.493910 0.757209 0.000000 -0.653173 0.534375 1.070217
collar_dark
0 -58.498784 37.800000 65.007770 0.000000 1.000000 0.000000 -0.914044 1.015746
0 -61.166208 37.800000 67.425382 0.000000 1.000000 0.000000 -0.955722 1.053522
0 -58.274457 37.800000 70.777726 0.000000 1.000000 0.000000 -0.910538 1.105902
collar_dark
0 -58.498784 37.800000 65.007770 0.000000 1.000000 0.000000 -0.914044 1.015746
0 -58.274457 37.800000 70.777726 0.000000 1.000000 0.000000 -0.910538 1.105902
0 -55.491619 37.800000 68.493910 0.000000 1.000000 0.000000 -0.867057 1.070217
collar_dark
0 -61.166208 37.800000 67.425382 -0.757209 0.000000 0.653173 0.590625 1.053522
0 -61.166208 34.200000 67.425382 -0.757209 0.000000 0.653173 0.534375 1.053522
0 -58.274457 34.200000 70.777726 -0.757209 0.000000 0.653173 0.534375 1.105902
collar_dark
0 -61.166208 37.800000 67.425382 -0.757209 0.000000 0.653173 0.590625 1.053522
0 -58.274457 34.200000 70.777726 -0.757209 0.000000 0.653173 0.534375 1.105902
0 -58.274457 37.800000 70.777726 -0.757209 0.000000 0.653173 0.590625 1.105902
collar_dark
0 -61.166208 34.200000 67.425382 0.000000 -1.000000 0.000000 -0.955722 1.053522
0 -58.498784 34.200000 65.007770 0.000000 -1.000000 0.000000 -0.914044 1.015746
0 -55.491619 34.200000 68.493910 0.000000 -1.000000 0.000000 -0.867057 1.070217
collar_dark
0 -61.166208 34.200000 67.425382 0.000000 -1.000000 0.000000 -0.955722 1.053522
0 -55.491619 34.200000 68.493910 0.000000 -1.000000 0.000000 -0.867057 1.070217
0 -58.274457 34.200000 70.777726 0.000000 -1.000000 0.000000 -0.910538 1.105902
glass
0 -42.746869 48.296291 50.731066 -0.378690 0.865960 0.326660 -0.667920 0.792673
0 -59.354834 35.355339 65.783648 -0.378690 0.865960 0.326660 -0.927419 1.027870
0 -56.384709 35.355339 69.226849 -0.378690 0.865960 0.326660 -0.881011 1.081670
glass
0 -42.746869 48.296291 50.731066 -0.378690 0.865960 0.326660 -0.667920 0.792673
0 -56.384709 35.355339 69.226849 -0.378690 0.865960 0.326660 -0.881011 1.081670
0 -39.058153 48.296291 55.007313 -0.378690 0.865960 0.326660 -0.610284 0.859489
glass
0 -59.354834 35.355339 65.783648 -0.655811 0.499887 0.565707 0.552427 1.027870
0 -68.943447 12.940952 74.474261 -0.655811 0.499887 0.565707 0.202202 1.163660
0 -66.388200 12.940952 77.436502 -0.655811 0.499887 0.565707 0.202202 1.209945
glass
0 -59.354834 35.355339 65.783648 -0.655811 0.499887 0.565707 0.552427 1.027870
0 -66.388200 12.940952 77.436502 -0.655811 0.499887 0.565707 0.202202 1.209945
0 -56.384709 35.355339 69.226849 -0.655811 0.499887 0.565707 0.552427 1.081670
glass
0 -68.943447 12.940952 74.474261 -0.757209 0.000000 0.653173 0.202202 1.163660
0 -68.943447 -12.940952 74.474261 -0.757209 0.000000 0.653173 -0.202202 1.163660
0 -66.388200 -12.940952 77.436502 -0.757209 0.000000 0.653173 -0.202202 1.209945
glass
0 -68.943447 12.940952 74.474261 -0.757209 0.000000 0.653173 0.202202 1.163660
0 -66.388200 -12.940952 77.436502 -0.757209 0.000000 0.653173 -0.202202 1.209945
0 -66.388200 12.940952 77.436502 -0.757209 0.000000 0.653173 0.202202 1.209945
glass
0 -68.943447 -12.940952 74.474261 -0.655811 -0.499887 0.565707 -0.202202 1.163660
0 -59.354834 -35.355339 65.783648 -0.655811 -0.499887 0.565707 -0.552427 1.027870
0 -56.384709 -35.355339 69.226849 -0.655811 -0.499887 0.565707 -0.552427 1.081670
glass
0 -68.943447 -12.940952 74.474261 -0.655811 -0.499887 0.565707 -0.202202 1.163660
0 -56.384709 -35.355339 69.226849 -0.655811 -0.499887 0.565707 -0.552427 1.081670
0 -66.388200 -12.940952 77.436502 -0.655811 -0.499887 0.565707 -0.202202 1.209945
glass
0 -59.354834 -35.355339 65.783648 -0.378690 -0.865960 0.326660 -0.927419 1.027870
0 -42.746869 -48.296291 50.731066 -0.378690 -0.865960 0.326660 -0.667920 0.792673
0 -39.058153 -48.296291 55.007313 -0.378690 -0.865960 0.326660 -0.610284 0.859489
glass
0 -59.354834 -35.355339 65.783648 -0.378690 -0.865960 0.326660 -0.927419 1.027870
0 -39.058153 -48.296291 55.007313 -0.378690 -0.865960 0.326660 -0.610284 0.859489
0 -56.384709 -35.355339 69.226849 -0.378690 -0.865960 0.326660 -0.881011 1.081670
glass
0 -42.746869 -48.296291 50.731066 0.000000 -1.000000 0.000000 -0.667920 0.792673
0 -23.569643 -48.296291 33.349841 0.000000 -1.000000 0.000000 -0.368276 0.521091
0 -19.051171 -48.296291 38.588006 0.000000 -1.000000 0.000000 -0.297675 0.602938
glass
0 -42.746869 -48.296291 50.731066 0.000000 -1.000000 0.000000 -0.667920 0.792673
0 -19.051171 -48.296291 38.588006 0.000000 -1.000000 0.000000 -0.297675 0.602938
0 -39.058153 -48.296291 55.007313 0.000000 -1.000000 0.000000 -0.610284 0.859489
glass
0 -23.569643 -48.296291 33.349841 0.378690 -0.865960 -0.326660 -0.368276 0.521091
0 -6.961678 -35.355339 18.297259 0.378690 -0.865960 -0.326660 -0.108776 0.285895
0 -1.724615 -35.355339 24.368470 0.378690 -0.865960 -0.326660 -0.026947 0.380757
glass
0 -23.569643 -48.296291 33.349841 0.378690 -0.865960 -0.326660 -0.368276 0.521091
0 -1.724615 -35.355339 24.368470 0.378690 -0.865960 -0.326660 -0.026947 0.380757
0 -19.051171 -48.296291 38.588006 0.378690 -0.865960 -0.326660 -0.297675 0.602938
glass
0 -6.961678 -35.355339 18.297259 0.655811 -0.499887 -0.565707 -0.552427 0.285895
0 2.626935 -12.940952 9.606647 0.655811 -0.499887 -0.565707 -0.202202 0.150104
0 8.278876 -12.940952 16.158817 0.655811 -0.499887 -0.565707 -0.202202 0.252482
glass
0 -6.961678 -35.355339 18.297259 0.655811 -0.499887 -0.565707 -0.552427 0.285895
0 8.278876 -12.940952 16.158817 0.655811 -0.499887 -0.565707 -0.202202 0.252482
0 -1.724615 -35.355339 24.368470 0.655811 -0.499887 -0.565707 -0.552427 0.380757
glass
0 2.626935 -12.940952 9.606647 0.757209 -0.000000 -0.653173 -0.202202 0.150104
0 2.626935 12.940952 9.606647 0.757209 -0.000000 -0.653173 0.202202 0.150104
0 8.278876 12.940952 16.158817 0.757209 -0.000000 -0.653173 0.202202 0.252482
glass
0 2.626935 -12.940952 9.606647 0.757209 -0.000000 -0.653173 -0.202202 0.150104
0 8.278876 12.940952 16.158817 0.757209 -0.000000 -0.653173 0.202202 0.252482
0 8.278876 -12.940952 16.158817 0.757209 -0.000000 -0.653173 -0.202202 0.252482
glass
0 2.626935 12.940952 9.606647 0.655811 0.499887 -0.565707 0.202202 0.150104
0 -6.961678 35.355339 18.297259 0.655811 0.499887 -0.565707 0.552427 0.285895
0 -1.724615 35.355339 24.368470 0.655811 0.499887 -0.565707 0.552427 0.380757
glass
0 2.626935 12.940952 9.606647 0.655811 0.499887 -0.565707 0.202202 0.150104
0 -1.724615 35.355339 24.368470 0.655811 0.499887 -0.565707 0.552427 0.380757
0 8.278876 12.940952 16.158817 0.655811 0.499887 -0.565707 0.202202 0.252482
glass
0 -6.961678 35.355339 18.297259 0.378690 0.865960 -0.326660 -0.108776 0.285895
0 -23.569643 48.296291 33.349841 0.378690 0.865960 -0.326660 -0.368276 0.521091
0 -19.051171 48.296291 38.588006 0.378690 0.865960 -0.326660 -0.297675 0.602938
glass
0 -6.961678 35.355339 18.297259 0.378690 0.865960 -0.326660 -0.108776 0.285895
0 -19.051171 48.296291 38.588006 0.378690 0.865960 -0.326660 -0.297675 0.602938
0 -1.724615 35.355339 24.368470 0.378690 0.865960 -0.326660 -0.026947 0.380757
glass
0 -23.569643 48.296291 33.349841 0.000000 1.000000 -0.000000 -0.368276 0.521091
0 -42.746869 48.296291 50.731066 0.000000 1.000000 -0.000000 -0.667920 0.792673
0 -39.058153 48.296291 55.007313 0.000000 1.000000 -0.000000 -0.610284 0.859489
glass
0 -23.569643 48.296291 33.349841 0.000000 1.000000 -0.000000 -0.368276 0.521091
0 -39.058153 48.296291 55.007313 0.000000 1.000000 -0.000000 -0.610284 0.859489
0 -19.051171 48.296291 38.588006 0.000000 1.000000 -0.000000 -0.297675 0.602938
collar_dark
0 0.165133 -37.800000 22.817593 0.788346 0.000000 -0.615232 -0.590625 0.356525
0 0.165133 -34.200000 22.817593 0.788346 0.000000 -0.615232 -0.534375 0.356525
0 5.171809 -34.200000 29.233055 0.788346 0.000000 -0.615232 -0.534375 0.456766
collar_dark
0 0.165133 -37.800000 22.817593 0.788346 0.000000 -0.615232 -0.590625 0.356525
0 5.171809 -34.200000 29.233055 0.788346 0.000000 -0.615232 -0.534375 0.456766
0 5.171809 -37.800000 29.233055 0.788346 0.000000 -0.615232 -0.590625 0.456766
collar_dark
0 0.165133 -34.200000 22.817593 0.000000 1.000000 0.000000 0.002580 0.356525
0 -2.617704 -34.200000 25.101409 0.000000 1.000000 0.000000 -0.040902 0.392210
0 2.280262 -34.200000 31.377573 0.000000 1.000000 0.000000 0.035629 0.490275
collar_dark
0 0.165133 -34.200000 22.817593 0.000000 1.000000 0.000000 0.002580 0.356525
0 2.280262 -34.200000 31.377573 0.000000 1.000000 0.000000 0.035629 0.490275
0 5.171809 -34.200000 29.233055 0.000000 1.000000 0.000000 0.080810 0.456766
collar_dark
0 -2.617704 -34.200000 25.101409 -0.788346 0.000000 0.615232 -0.534375 0.392210
0 -2.617704 -37.800000 25.101409 -0.788346 0.000000 0.615232 -0.590625 0.392210
0 2.280262 -37.800000 31.377573 -0.788346 0.000000 0.615232 -0.590625 0.490275
collar_dark
0 -2.617704 -34.200000 25.101409 -0.788346 0.000000 0.615232 -0.534375 0.392210
0 2.280262 -37.800000 31.377573 -0.788346 0.000000 0.615232 -0.590625 0.490275
0 2.280262 -34.200000 31.377573 -0.788346 0.000000 0.615232 -0.534375 0.490275
collar_dark
0 -2.617704 -37.800000 25.101409 0.000000 -1.000000 0.000000 -0.040902 0.392210
0 0.165133 -37.800000 22.817593 0.000000 -1.000000 0.000000 0.002580 0.356525
0 5.171809 -37.800000 29.233055 0.000000 -1.000000 0.000000 0.080810 0.456766
collar_dark
0 -2.617704 -37.800000 25.101409 0.000000 -1.000000 0.000000 -0.040902 0.392210
0 5.171809 -37.800000 29.233055 0.000000 -1.000000 0.000000 0.080810 0.456766
0 2.280262 -37.800000 31.377573 0.000000 -1.000000 0.000000 0.035629 0.490275
collar_dark
0 -55.491619 -37.800000 68.493910 0.788346 0.000000 -0.615232 -0.590625 1.070217
0 -55.491619 -34.200000 68.493910 0.788346 0.000000 -0.615232 -0.534375 1.070217
0 -52.659134 -34.200000 72.123405 0.788346 0.000000 -0.615232 -0.534375 1.126928
collar_dark
0 -55.491619 -37.800000 68.493910 0.788346 0.000000 -0.615232 -0.590625 1.070217
0 -52.659134 -34.200000 72.123405 0.788346 0.000000 -0.615232 -0.534375 1.126928
0 -52.659134 -37.800000 72.123405 0.788346 0.000000 -0.615232 -0.590625 1.126928
collar_dark
0 -55.491619 -34.200000 68.493910 0.000000 1.000000 0.000000 -0.867057 1.070217
0 -58.274457 -34.200000 70.777726 0.000000 1.000000 0.000000 -0.910538 1.105902
0 -55.550681 -34.200000 74.267923 0.000000 1.000000 0.000000 -0.867979 1.160436
collar_dark
0 -55.491619 -34.200000 68.493910 0.000000 1.000000 0.000000 -0.867057 1.070217
0 -55.550681 -34.200000 74.267923 0.000000 1.000000 0.000000 -0.867979 1.160436
0 -52.659134 -34.200000 72.123405 0.000000 1.000000 0.000000 -0.822799 1.126928
collar_dark
0 -58.274457 -34.200000 70.777726 -0.788346 0.000000 0.615232 -0.534375 1.105902
0 -58.274457 -37.800000 70.777726 -0.788346 0.000000 0.615232 -0.590625 1.105902
0 -55.550681 -37.800000 74.267923 -0.788346 0.000000 0.615232 -0.590625 1.160436
collar_dark
0 -58.274457 -34.200000 70.777726 -0.788346 0.000000 0.615232 -0.534375 1.105902
0 -55.550681 -37.800000 74.267923 -0.788346 0.000000 0.615232 -0.590625 1.160436
0 -55.550681 -34.200000 74.267923 -0.788346 0.000000 0.615232 -0.534375 1.160436
collar_dark
0 -58.274457 -37.800000 70.777726 0.000000 -1.000000 0.000000 -0.910538 1.105902
0 -55.491619 -37.800000 68.493910 0.000000 -1.000000 0.000000 -0.867057 1.070217
0 -52.659134 -37.800000 72.123405 0.000000 -1.000000 0.000000 -0.822799 1.126928
collar_dark
0 -58.274457 -37.800000 70.777726 0.000000 -1.000000 0.000000 -0.910538 1.105902
0 -52.659134 -37.800000 72.123405 0.000000 -1.000000 0.000000 -0.822799 1.126928
0 -55.550681 -37.800000 74.267923 0.000000 -1.000000 0.000000 -0.867979 1.160436
collar_dark
0 0.165133 34.200000 22.817593 0.788346 0.000000 -0.615232 0.534375 0.356525
0 0.165133 37.800000 22.817593 0.788346 0.000000 -0.615232 0.590625 0.356525
0 5.171809 37.800000 29.233055 0.788346 0.000000 -0.615232 0.590625 0.456766
collar_dark
0 0.165133 34.200000 22.817593 0.788346 0.000000 -0.615232 0.534375 0.356525
0 5.171809 37.800000 29.233055 0.788346 0.000000 -0.615232 0.590625 0.456766
0 5.171809 34.200000 29.233055 0.788346 0.000000 -0.615232 0.534375 0.456766
collar_dark
0 0.165133 37.800000 22.817593 0.000000 1.000000 0.000000 0.002580 0.356525
0 -2.617704 37.800000 25.101409 0.000000 1.000000 0.000000 -0.040902 0.392210
0 2.280262 37.800000 31.377573 0.000000 1.000000 0.000000 0.035629 0.490275
collar_dark
0 0.165133 37.800000 22.817593 0.000000 1.000000 0.000000 0.002580 0.356525
0 2.280262 37.800000 31.377573 0.000000 1.000000 0.000000 0.035629 0.490275
0 5.171809 37.800000 29.233055 0.000000 1.000000 0.000000 0.080810 0.456766
collar_dark
0 -2.617704 37.800000 25.101409 -0.788346 0.000000 0.615232 0.590625 0.392210
0 -2.617704 34.200000 25.101409 -0.788346 0.000000 0.615232 0.534375 0.392210
0 2.280262 34.200000 31.377573 -0.788346 0.000000 0.615232 0.534375 0.490275
collar_dark
0 -2.617704 37.800000 25.101409 -0.788346 0.000000 0.615232 0.590625 0.392210
0 2.280262 34.200000 31.377573 -0.788346 0.000000 0.615232 0.534375 0.490275
0 2.280262 37.800000 31.377573 -0.788346 0.000000 0.615232 0.590625 0.490275
collar_dark
0 -2.617704 34.200000 25.101409 0.000000 -1.000000 0.000000 -0.040902 0.392210
0 0.165133 34.200000 22.817593 0.000000 -1.000000 0.000000 0.002580 0.356525
0 5.171809 34.200000 29.233055 0.000000 -1.000000 0.000000 0.080810 0.456766
collar_dark
0 -2.617704 34.200000 25.101409 0.000000 -1.000000 0.000000 -0.040902 0.392210
0 5.171809 34.200000 29.233055 0.000000 -1.000000 0.000000 0.080810 0.456766
0 2.280262 34.200000 31.377573 0.000000 -1.000000 0.000000 0.035629 0.490275
collar_dark
0 -55.491619 34.200000 68.493910 0.788346 0.000000 -0.615232 0.534375 1.070217
0 -55.491619 37.800000 68.493910 0.788346 0.000000 -0.615232 0.590625 1.070217
0 -52.659134 37.800000 72.123405 0.788346 0.000000 -0.615232 0.590625 1.126928
collar_dark
0 -55.491619 34.200000 68.493910 0.788346 0.000000 -0.615232 0.534375 1.070217
0 -52.659134 37.800000 72.123405 0.788346 0.000000 -0.615232 0.590625 1.126928
0 -52.659134 34.200000 72.123405 0.788346 0.000000 -0.615232 0.534375 1.126928
collar_dark
0 -55.491619 37.800000 68.493910 0.000000 1.000000 0.000000 -0.867057 1.070217
0 -58.274457 37.800000 70.777726 0.000000 1.000000 0.000000 -0.910538 1.105902
0 -55.550681 37.800000 74.267923 0.000000 1.000000 0.000000 -0.867979 1.160436
collar_dark
0 -55.491619 37.800000 68.493910 0.000000 1.000000 0.000000 -0.867057 1.070217
0 -55.550681 37.800000 74.267923 0.000000 1.000000 0.000000 -0.867979 1.160436
0 -52.659134 37.800000 72.123405 0.000000 1.000000 0.000000 -0.822799 1.126928
collar_dark
0 -58.274457 37.800000 70.777726 -0.788346 0.000000 0.615232 0.590625 1.105902
0 -58.274457 34.200000 70.777726 -0.788346 0.000000 0.615232 0.534375 1.105902
0 -55.550681 34.200000 74.267923 -0.788346 0.000000 0.615232 0.534375 1.160436
collar_dark
0 -58.274457 37.800000 70.777726 -0.788346 0.000000 0.615232 0.590625 1.105902
0 -55.550681 34.200000 74.267923 -0.788346 0.000000 0.615232 0.534375 1.160436
0 -55.550681 37.800000 74.267923 -0.788346 0.000000 0.615232 0.590625 1.160436
collar_dark
0 -58.274457 34.200000 70.777726 0.000000 -1.000000 0.000000 -0.910538 1.105902
0 -55.491619 34.200000 68.493910 0.000000 -1.000000 0.000000 -0.867057 1.070217
0 -52.659134 34.200000 72.123405 0.000000 -1.000000 0.000000 -0.822799 1.126928
collar_dark
0 -58.274457 34.200000 70.777726 0.000000 -1.000000 0.000000 -0.910538 1.105902
0 -52.659134 34.200000 72.123405 0.000000 -1.000000 0.000000 -0.822799 1.126928
0 -55.550681 34.200000 74.267923 0.000000 -1.000000 0.000000 -0.867979 1.160436
glass
0 -39.058153 48.296291 55.007313 -0.394262 0.865960 0.307685 -0.610284 0.859489
0 -56.384709 35.355339 69.226849 -0.394262 0.865960 0.307685 -0.881011 1.081670
0 -53.587111 35.355339 72.811640 -0.394262 0.865960 0.307685 -0.837299 1.137682
glass
0 -39.058153 48.296291 55.007313 -0.394262 0.865960 0.307685 -0.610284 0.859489
0 -53.587111 35.355339 72.811640 -0.394262 0.865960 0.307685 -0.837299 1.137682
0 -35.583706 48.296291 59.459405 -0.394262 0.865960 0.307685 -0.555995 0.929053
glass
0 -56.384709 35.355339 69.226849 -0.682779 0.499887 0.532846 0.552427 1.081670
0 -66.388200 12.940952 77.436502 -0.682779 0.499887 0.532846 0.202202 1.209945
0 -63.981381 12.940952 80.520556 -0.682779 0.499887 0.532846 0.202202 1.258134
glass
0 -56.384709 35.355339 69.226849 -0.682779 0.499887 0.532846 0.552427 1.081670
0 -63.981381 12.940952 80.520556 -0.682779 0.499887 0.532846 0.202202 1.258134
0 -53.587111 35.355339 72.811640 -0.682779 0.499887 0.532846 0.552427 1.137682
glass
0 -66.388200 12.940952 77.436502 -0.788346 0.000000 0.615232 0.202202 1.209945
0 -66.388200 -12.940952 77.436502 -0.788346 0.000000 0.615232 -0.202202 1.209945
0 -63.981381 -12.940952 80.520556 -0.788346 0.000000 0.615232 -0.202202 1.258134
glass
0 -66.388200 12.940952 77.436502 -0.788346 0.000000 0.615232 0.202202 1.209945
0 -63.981381 -12.940952 80.520556 -0.788346 0.000000 0.615232 -0.202202 1.258134
0 -63.981381 12.940952 80.520556 -0.788346 0.000000 0.615232 0.202202 1.258134
glass
0 -66.388200 -12.940952 77.436502 -0.682779 -0.499887 0.532846 -0.202202 1.209945
0 -56.384709 -35.355339 69.226849 -0.682779 -0.499887 0.532846 -0.552427 1.081670
0 -53.587111 -35.355339 72.811640 -0.682779 -0.499887 0.532846 -0.552427 1.137682
glass
0 -66.388200 -12.940952 77.436502 -0.682779 -0.499887 0.532846 -0.202202 1.209945
0 -53.587111 -35.355339 72.811640 -0.682779 -0.499887 0.532846 -0.552427 1.137682
0 -63.981381 -12.940952 80.520556 -0.682779 -0.499887 0.532846 -0.202202 1.258134
glass
0 -56.384709 -35.355339 69.226849 -0.394262 -0.865960 0.307685 -0.881011 1.081670
0 -39.058153 -48.296291 55.007313 -0.394262 -0.865960 0.307685 -0.610284 0.859489
0 -35.583706 -48.296291 59.459405 -0.394262 -0.865960 0.307685 -0.555995 0.929053
glass
0 -56.384709 -35.355339 69.226849 -0.394262 -0.865960 0.307685 -0.881011 1.081670
0 -35.583706 -48.296291 59.459405 -0.394262 -0.865960 0.307685 -0.555995 0.929053
0 -53.587111 -35.355339 72.811640 -0.394262 -0.865960 0.307685 -0.837299 1.137682
glass
0 -39.058153 -48.296291 55.007313 0.000000 -1.000000 0.000000 -0.610284 0.859489
0 -19.051171 -48.296291 38.588006 0.000000 -1.000000 0.000000 -0.297675 0.602938
0 -14.795166 -48.296291 44.041573 0.000000 -1.000000 0.000000 -0.231174 0.688150
glass
0 -39.058153 -48.296291 55.007313 0.000000 -1.000000 0.000000 -0.610284 0.859489
0 -14.795166 -48.296291 44.041573 0.000000 -1.000000 0.000000 -0.231174 0.688150
0 -35.583706 -48.296291 59.459405 0.000000 -1.000000 0.000000 -0.555995 0.929053
glass
0 -19.051171 -48.296291 38.588006 0.394262 -0.865960 -0.307685 -0.297675 0.602938
0 -1.724615 -35.355339 24.368470 0.394262 -0.865960 -0.307685 -0.026947 0.380757
0 3.208239 -35.355339 30.689338 0.394262 -0.865960 -0.307685 0.050129 0.479521
glass
0 -19.051171 -48.296291 38.588006 0.394262 -0.865960 -0.307685 -0.297675 0.602938
0 3.208239 -35.355339 30.689338 0.394262 -0.865960 -0.307685 0.050129 0.479521
0 -14.795166 -48.296291 44.041573 0.394262 -0.865960 -0.307685 -0.231174 0.688150
glass
0 -1.724615 -35.355339 24.368470 0.682779 -0.499887 -0.532846 -0.552427 0.380757
0 8.278876 -12.940952 16.158817 0.682779 -0.499887 -0.532846 -0.202202 0.252482
0 13.602509 -12.940952 22.980422 0.682779 -0.499887 -0.532846 -0.202202 0.359069
glass
0 -1.724615 -35.355339 24.368470 0.682779 -0.499887 -0.532846 -0.552427 0.380757
0 13.602509 -12.940952 22.980422 0.682779 -0.499887 -0.532846 -0.202202 0.359069
0 3.208239 -35.355339 30.689338 0.682779 -0.499887 -0.532846 -0.552427 0.479521
glass
0 8.278876 -12.940952 16.158817 0.788346 -0.000000 -0.615232 -0.202202 0.252482
0 8.278876 12.940952 16.158817 0.788346 -0.000000 -0.615232 0.202202 0.252482
0 13.602509 12.940952 22.980422 0.788346 -0.000000 -0.615232 0.202202 0.359069
glass
0 8.278876 -12.940952 16.158817 0.788346 -0.000000 -0.615232 -0.202202 0.252482
0 13.602509 12.940952 22.980422 0.788346 -0.000000 -0.615232 0.202202 0.359069
0 13.602509 -12.940952 22.980422 0.788346 -0.000000 -0.615232 -0.202202 0.359069
glass
0 8.278876 12.940952 16.158817 0.682779 0.499887 -0.532846 0.202202 0.252482
0 -1.724615 35.355339 24.368470 0.682779 0.499887 -0.532846 0.552427 0.380757
0 3.208239 35.355339 30.689338 0.682779 0.499887 -0.532846 0.552427 0.479521
glass
0 8.278876 12.940952 16.158817 0.682779 0.499887 -0.532846 0.202202 0.252482
0 3.208239 35.355339 30.689338 0.682779 0.499887 -0.532846 0.552427 0.479521
0 13.602509 12.940952 22.980422 0.682779 0.499887 -0.532846 0.202202 0.359069
glass
0 -1.724615 35.355339 24.368470 0.394262 0.865960 -0.307685 -0.026947 0.380757
0 -19.051171 48.296291 38.588006 0.394262 0.865960 -0.307685 -0.297675 0.602938
0 -14.795166 48.296291 44.041573 0.394262 0.865960 -0.307685 -0.231174 0.688150
glass
0 -1.724615 35.355339 24.368470 0.394262 0.865960 -0.307685 -0.026947 0.380757
0 -14.795166 48.296291 44.041573 0.394262 0.865960 -0.307685 -0.231174 0.688150
0 3.208239 35.355339 30.689338 0.394262 0.865960 -0.307685 0.050129 0.479521
glass
0 -19.051171 48.296291 38.588006 0.000000 1.000000 -0.000000 -0.297675 0.602938
0 -39.058153 48.296291 55.007313 0.000000 1.000000 -0.000000 -0.610284 0.859489
0 -35.583706 48.296291 59.459405 0.000000 1.000000 -0.000000 -0.555995 0.929053
glass
0 -19.051171 48.296291 38.588006 0.000000 1.000000 -0.000000 -0.297675 0.602938
0 -35.583706 48.296291 59.459405 0.000000 1.000000 -0.000000 -0.555995 0.929053
0 -14.795166 48.296291 44.041573 0.000000 1.000000 -0.000000 -0.231174 0.688150
collar_dark
0 5.171809 -37.800000 29.233055 0.817585 0.000000 -0.575808 -0.590625 0.456766
0 5.171809 -34.200000 29.233055 0.817585 0.000000 -0.575808 -0.534375 0.456766
0 9.857662 -34.200000 35.886455 0.817585 0.000000 -0.575808 -0.534375 0.560726
collar_dark
0 5.171809 -37.800000 29.233055 0.817585 0.000000 -0.575808 -0.590625 0.456766
0 9.857662 -34.200000 35.886455 0.817585 0.000000 -0.575808 -0.534375 0.560726
0 9.857662 -37.800000 35.886455 0.817585 0.000000 -0.575808 -0.590625 0.560726
collar_dark
0 5.171809 -34.200000 29.233055 0.000000 1.000000 0.000000 0.080810 0.456766
0 2.280262 -34.200000 31.377573 0.000000 1.000000 0.000000 0.035629 0.490275
0 6.864371 -34.200000 37.886508 0.000000 1.000000 0.000000 0.107256 0.591977
collar_dark
0 5.171809 -34.200000 29.233055 0.000000 1.000000 0.000000 0.080810 0.456766
0 6.864371 -34.200000 37.886508 0.000000 1.000000 0.000000 0.107256 0.591977
0 9.857662 -34.200000 35.886455 0.000000 1.000000 0.000000 0.154026 0.560726
collar_dark
0 2.280262 -34.200000 31.377573 -0.817585 0.000000 0.575808 -0.534375 0.490275
0 2.280262 -37.800000 31.377573 -0.817585 0.000000 0.575808 -0.590625 0.490275
0 6.864371 -37.800000 37.886508 -0.817585 0.000000 0.575808 -0.590625 0.591977
collar_dark
0 2.280262 -34.200000 31.377573 -0.817585 0.000000 0.575808 -0.534375 0.490275
0 6.864371 -37.800000 37.886508 -0.817585 0.000000 0.575808 -0.590625 0.591977
0 6.864371 -34.200000 37.886508 -0.817585 0.000000 0.575808 -0.534375 0.591977
collar_dark
0 2.280262 -37.800000 31.377573 0.000000 -1.000000 0.000000 0.035629 0.490275
0 5.171809 -37.800000 29.233055 0.000000 -1.000000 0.000000 0.080810 0.456766
0 9.857662 -37.800000 35.886455 0.000000 -1.000000 0.000000 0.154026 0.560726
collar_dark
0 2.280262 -37.800000 31.377573 0.000000 -1.000000 0.000000 0.035629 0.490275
0 9.857662 -37.800000 35.886455 0.000000 -1.000000 0.000000 0.154026 0.560726
0 6.864371 -37.800000 37.886508 0.000000 -1.000000 0.000000 0.107256 0.591977
collar_dark
0 -52.659134 -37.800000 72.123405 0.817585 0.000000 -0.575808 -0.590625 1.126928
0 -52.659134 -34.200000 72.123405 0.817585 0.000000 -0.575808 -0.534375 1.126928
0 -50.008150 -34.200000 75.887512 0.817585 0.000000 -0.575808 -0.534375 1.185742
collar_dark
0 -52.659134 -37.800000 72.123405 0.817585 0.000000 -0.575808 -0.590625 1.126928
0 -50.008150 -34.200000 75.887512 0.817585 0.000000 -0.575808 -0.534375 1.185742
0 -50.008150 -37.800000 75.887512 0.817585 0.000000 -0.575808 -0.590625 1.185742
collar_dark
0 -52.659134 -34.200000 72.123405 0.000000 1.000000 0.000000 -0.822799 1.126928
0 -55.550681 -34.200000 74.267923 0.000000 1.000000 0.000000 -0.867979 1.160436
0 -53.001441 -34.200000 77.887565 0.000000 1.000000 0.000000 -0.828148 1.216993
collar_dark
0 -52.659134 -34.200000 72.123405 0.000000 1.000000 0.000000 -0.822799 1.126928
0 -53.001441 -34.200000 77.887565 0.000000 1.000000 0.000000 -0.828148 1.216993
0 -50.008150 -34.200000 75.887512 0.000000 1.000000 0.000000 -0.781377 1.185742
collar_dark
0 -55.550681 -34.200000 74.267923 -0.817585 0.000000 0.575808 -0.534375 1.160436
0 -55.550681 -37.800000 74.267923 -0.817585 0.000000 0.575808 -0.590625 1.160436
0 -53.001441 -37.800000 77.887565 -0.817585 0.000000 0.575808 -0.590625 1.216993
collar_dark
0 -55.550681 -34.200000 74.267923 -0.817585 0.000000 0.575808 -0.534375 1.160436
0 -53.001441 -37.800000 77.887565 -0.817585 0.000000 0.575808 -0.590625 1.216993
0 -53.001441 -34.200000 77.887565 -0.817585 0.000000 0.575808 -0.534375 1.216993
collar_dark
0 -55.550681 -37.800000 74.267923 0.000000 -1.000000 0.000000 -0.867979 1.160436
0 -52.659134 -37.800000 72.123405 0.000000 -1.000000 0.000000 -0.822799 1.126928
0 -50.008150 -37.800000 75.887512 0.000000 -1.000000 0.000000 -0.781377 1.185742
collar_dark
0 -55.550681 -37.800000 74.267923 0.000000 -1.000000 0.000000 -0.867979 1.160436
0 -50.008150 -37.800000 75.887512 0.000000 -1.000000 0.000000 -0.781377 1.185742
0 -53.001441 -37.800000 77.887565 0.000000 -1.000000 0.000000 -0.828148 1.216993
collar_dark
0 5.171809 34.200000 29.233055 0.817585 0.000000 -0.575808 0.534375 0.456766
0 5.171809 37.800000 29.233055 0.817585 0.000000 -0.575808 0.590625 0.456766
0 9.857662 37.800000 35.886455 0.817585 0.000000 -0.575808 0.590625 0.560726
collar_dark
0 5.171809 34.200000 29.233055 0.817585 0.000000 -0.575808 0.534375 0.456766
0 9.857662 37.800000 35.886455 0.817585 0.000000 -0.575808 0.590625 0.560726
0 9.857662 34.200000 35.886455 0.817585 0.000000 -0.575808 0.534375 0.560726
collar_dark
0 5.171809 37.800000 29.233055 0.000000 1.000000 0.000000 0.080810 0.456766
0 2.280262 37.800000 31.377573 0.000000 1.000000 0.000000 0.035629 0.490275
0 6.864371 37.800000 37.886508 0.000000 1.000000 0.000000 0.107256 0.591977
collar_dark
0 5.171809 37.800000 29.233055 0.000000 1.000000 0.000000 0.080810 0.456766
0 6.864371 37.800000 37.886508 0.000000 1.000000 0.000000 0.107256 0.591977
0 9.857662 37.800000 35.886455 0.000000 1.000000 0.000000 0.154026 0.560726
collar_dark
0 2.280262 37.800000 31.377573 -0.817585 0.000000 0.575808 0.590625 0.490275
0 2.280262 34.200000 31.377573 -0.817585 0.000000 0.575808 0.534375 0.490275
0 6.864371 34.200000 37.886508 -0.817585 0.000000 0.575808 0.534375 0.591977
collar_dark
0 2.280262 37.800000 31.377573 -0.817585 0.000000 0.575808 0.590625 0.490275
0 6.864371 34.200000 37.886508 -0.817585 0.000000 0.575808 0.534375 0.591977
0 6.864371 37.800000 37.886508 -0.817585 0.000000 0.575808 0.590625 0.591977
collar_dark
0 2.280262 34.200000 31.377573 0.000000 -1.000000 0.000000 0.035629 0.490275
0 5.171809 34.200000 29.233055 0.000000 -1.000000 0.000000 0.080810 0.456766
0 9.857662 34.200000 35.886455 0.000000 -1.000000 0.000000 0.154026 0.560726
collar_dark
0 2.280262 34.200000 31.377573 0.000000 -1.000000 0.000000 0.035629 0.490275
0 9.857662 34.200000 35.886455 0.000000 -1.000000 0.000000 0.154026 0.560726
0 6.864371 34.200000 37.886508 0.000000 -1.000000 0.000000 0.107256 0.591977
collar_dark
0 -52.659134 34.200000 72.123405 0.817585 0.000000 -0.575808 0.534375 1.126928
0 -52.659134 37.800000 72.123405 0.817585 0.000000 -0.575808 0.590625 1.126928
0 -50.008150 37.800000 75.887512 0.817585 0.000000 -0.575808 0.590625 1.185742
collar_dark
0 -52.659134 34.200000 72.123405 0.817585 0.000000 -0.575808 0.534375 1.126928
0 -50.008150 37.800000 75.887512 0.817585 0.000000 -0.575808 0.590625 1.185742
0 -50.008150 34.200000 75.887512 0.817585 0.000000 -0.575808 0.534375 1.185742
collar_dark
0 -52.659134 37.800000 72.123405 0.000000 1.000000 0.000000 -0.822799 1.126928
0 -55.550681 37.800000 74.267923 0.000000 1.000000 0.000000 -0.867979 1.160436
0 -53.001441 37.800000 77.887565 0.000000 1.000000 0.000000 -0.828148 1.216993
collar_dark
0 -52.659134 37.800000 72.123405 0.000000 1.000000 0.000000 -0.822799 1.126928
0 -53.001441 37.800000 77.887565 0.000000 1.000000 0.000000 -0.828148 1.216993
0 -50.008150 37.800000 75.887512 0.000000 1.000000 0.000000 -0.781377 1.185742
collar_dark
0 -55.550681 37.800000 74.267923 -0.817585 0.000000 0.575808 0.590625 1.160436
0 -55.550681 34.200000 74.267923 -0.817585 0.000000 0.575808 0.534375 1.160436
0 -53.001441 34.200000 77.887565 -0.817585 0.000000 0.575808 0.534375 1.216993
collar_dark
0 -55.550681 37.800000 74.267923 -0.817585 0.000000 0.575808 0.590625 1.160436
0 -53.001441 34.200000 77.887565 -0.817585 0.000000 0.575808 0.534375 1.216993
0 -53.001441 37.800000 77.887565 -0.817585 0.000000 0.575808 0.590625 1.216993
collar_dark
0 -55.550681 34.200000 74.267923 0.000000 -1.000000 0.000000 -0.867979 1.160436
0 -52.659134 34.200000 72.123405 0.000000 -1.000000 0.000000 -0.822799 1.126928
0 -50.008150 34.200000 75.887512 0.000000 -1.000000 0.000000 -0.781377 1.185742
collar_dark
0 -55.550681 34.200000 74.267923 0.000000 -1.000000 0.000000 -0.867979 1.160436
0 -50.008150 34.200000 75.887512 0.000000 -1.000000 0.000000 -0.781377 1.185742
0 -53.001441 34.200000 77.887565 0.000000 -1.000000 0.000000 -0.828148 1.216993
glass
0 -35.583706 48.296291 59.459405 -0.408885 0.865960 0.287969 -0.555995 0.929053
0 -53.587111 35.355339 72.811640 -0.408885 0.865960 0.287969 -0.837299 1.137682
0 -50.968780 35.355339 76.529384 -0.408885 0.865960 0.287969 -0.796387 1.195772
glass
0 -35.583706 48.296291 59.459405 -0.408885 0.865960 0.287969 -0.555995 0.929053
0 -50.968780 35.355339 76.529384 -0.408885 0.865960 0.287969 -0.796387 1.195772
0 -32.331898 48.296291 64.076618 -0.408885 0.865960 0.287969 -0.505186 1.001197
glass
0 -53.587111 35.355339 72.811640 -0.708103 0.499887 0.498702 0.552427 1.137682
0 -63.981381 12.940952 80.520556 -0.708103 0.499887 0.498702 0.202202 1.258134
0 -61.728788 12.940952 83.718992 -0.708103 0.499887 0.498702 0.202202 1.308109
glass
0 -53.587111 35.355339 72.811640 -0.708103 0.499887 0.498702 0.552427 1.137682
0 -61.728788 12.940952 83.718992 -0.708103 0.499887 0.498702 0.202202 1.308109
0 -50.968780 35.355339 76.529384 -0.708103 0.499887 0.498702 0.552427 1.195772
glass
0 -63.981381 12.940952 80.520556 -0.817585 0.000000 0.575808 0.202202 1.258134
0 -63.981381 -12.940952 80.520556 -0.817585 0.000000 0.575808 -0.202202 1.258134
0 -61.728788 -12.940952 83.718992 -0.817585 0.000000 0.575808 -0.202202 1.308109
glass
0 -63.981381 12.940952 80.520556 -0.817585 0.000000 0.575808 0.202202 1.258134
0 -61.728788 -12.940952 83.718992 -0.817585 0.000000 0.575808 -0.202202 1.308109
0 -61.728788 12.940952 83.718992 -0.817585 0.000000 0.575808 0.202202 1.308109
glass
0 -63.981381 -12.940952 80.520556 -0.708103 -0.499887 0.498702 -0.202202 1.258134
0 -53.587111 -35.355339 72.811640 -0.708103 -0.499887 0.498702 -0.552427 1.137682
0 -50.968780 -35.355339 76.529384 -0.708103 -0.499887 0.498702 -0.552427 1.195772
glass
0 -63.981381 -12.940952 80.520556 -0.708103 -0.499887 0.498702 -0.202202 1.258134
0 -50.968780 -35.355339 76.529384 -0.708103 -0.499887 0.498702 -0.552427 1.195772
0 -61.728788 -12.940952 83.718992 -0.708103 -0.499887 0.498702 -0.202202 1.308109
glass
0 -53.587111 -35.355339 72.811640 -0.408885 -0.865960 0.287969 -0.837299 1.137682
0 -35.583706 -48.296291 59.459405 -0.408885 -0.865960 0.287969 -0.555995 0.929053
0 -32.331898 -48.296291 64.076618 -0.408885 -0.865960 0.287969 -0.505186 1.001197
glass
0 -53.587111 -35.355339 72.811640 -0.408885 -0.865960 0.287969 -0.837299 1.137682
0 -32.331898 -48.296291 64.076618 -0.408885 -0.865960 0.287969 -0.505186 1.001197
0 -50.968780 -35.355339 76.529384 -0.408885 -0.865960 0.287969 -0.796387 1.195772
glass
0 -35.583706 -48.296291 59.459405 0.000000 -1.000000 0.000000 -0.555995 0.929053
0 -14.795166 -48.296291 44.041573 0.000000 -1.000000 0.000000 -0.231174 0.688150
0 -10.811881 -48.296291 49.697402 0.000000 -1.000000 0.000000 -0.168936 0.776522
glass
0 -35.583706 -48.296291 59.459405 0.000000 -1.000000 0.000000 -0.555995 0.929053
0 -10.811881 -48.296291 49.697402 0.000000 -1.000000 0.000000 -0.168936 0.776522
0 -32.331898 -48.296291 64.076618 0.000000 -1.000000 0.000000 -0.505186 1.001197
glass
0 -14.795166 -48.296291 44.041573 0.408885 -0.865960 -0.287969 -0.231174 0.688150
0 3.208239 -35.355339 30.689338 0.408885 -0.865960 -0.287969 0.050129 0.479521
0 7.825000 -35.355339 37.244636 0.408885 -0.865960 -0.287969 0.122266 0.581947
glass
0 -14.795166 -48.296291 44.041573 0.408885 -0.865960 -0.287969 -0.231174 0.688150
0 7.825000 -35.355339 37.244636 0.408885 -0.865960 -0.287969 0.122266 0.581947
0 -10.811881 -48.296291 49.697402 0.408885 -0.865960 -0.287969 -0.168936 0.776522
glass
0 3.208239 -35.355339 30.689338 0.708103 -0.499887 -0.498702 -0.552427 0.479521
0 13.602509 -12.940952 22.980422 0.708103 -0.499887 -0.498702 -0.202202 0.359069
0 18.585009 -12.940952 30.055028 0.708103 -0.499887 -0.498702 -0.202202 0.469610
glass
0 3.208239 -35.355339 30.689338 0.708103 -0.499887 -0.498702 -0.552427 0.479521
0 18.585009 -12.940952 30.055028 0.708103 -0.499887 -0.498702 -0.202202 0.469610
0 7.825000 -35.355339 37.244636 0.708103 -0.499887 -0.498702 -0.552427 0.581947
glass
0 13.602509 -12.940952 22.980422 0.817585 -0.000000 -0.575808 -0.202202 0.359069
0 13.602509 12.940952 22.980422 0.817585 -0.000000 -0.575808 0.202202 0.359069
0 18.585009 12.940952 30.055028 0.817585 -0.000000 -0.575808 0.202202 0.469610
glass
0 13.602509 -12.940952 22.980422 0.817585 -0.000000 -0.575808 -0.202202 0.359069
0 18.585009 12.940952 30.055028 0.817585 -0.000000 -0.575808 0.202202 0.469610
0 18.585009 -12.940952 30.055028 0.817585 -0.000000 -0.575808 -0.202202 0.469610
glass
0 13.602509 12.940952 22.980422 0.708103 0.499887 -0.498702 0.202202 0.359069
0 3.208239 35.355339 30.689338 0.708103 0.499887 -0.498702 0.552427 0.479521
0 7.825000 35.355339 37.244636 0.708103 0.499887 -0.498702 0.552427 0.581947
glass
0 13.602509 12.940952 22.980422 0.708103 0.499887 -0.498702 0.202202 0.359069
0 7.825000 35.355339 37.244636 0.708103 0.499887 -0.498702 0.552427 0.581947
0 18.585009 12.940952 30.055028 0.708103 0.499887 -0.498702 0.202202 0.469610
glass
0 3.208239 35.355339 30.689338 0.408885 0.865960 -0.287969 0.050129 0.479521
0 -14.795166 48.296291 44.041573 0.408885 0.865960 -0.287969 -0.231174 0.688150
0 -10.811881 48.296291 49.697402 0.408885 0.865960 -0.287969 -0.168936 0.776522
glass
0 3.208239 35.355339 30.689338 0.408885 0.865960 -0.287969 0.050129 0.479521
0 -10.811881 48.296291 49.697402 0.408885 0.865960 -0.287969 -0.168936 0.776522
0 7.825000 35.355339 37.244636 0.408885 0.865960 -0.287969 0.122266 0.581947
glass
0 -14.795166 48.296291 44.041573 0.000000 1.000000 -0.000000 -0.231174 0.688150
0 -35.583706 48.296291 59.459405 0.000000 1.000000 -0.000000 -0.555995 0.929053
0 -32.331898 48.296291 64.076618 0.000000 1.000000 -0.000000 -0.505186 1.001197
glass
0 -14.795166 48.296291 44.041573 0.000000 1.000000 -0.000000 -0.231174 0.688150
0 -32.331898 48.296291 64.076618 0.000000 1.000000 -0.000000 -0.505186 1.001197
0 -10.811881 48.296291 49.697402 0.000000 1.000000 -0.000000 -0.168936 0.776522
collar_dark
0 9.857662 -37.800000 35.886455 0.844854 0.000000 -0.534998 -0.590625 0.560726
0 9.857662 -34.200000 35.886455 0.844854 0.000000 -0.534998 -0.534375 0.560726
0 14.211404 -34.200000 42.761765 0.844854 0.000000 -0.534998 -0.534375 0.668153
collar_dark
0 9.857662 -37.800000 35.886455 0.844854 0.000000 -0.534998 -0.590625 0.560726
0 14.211404 -34.200000 42.761765 0.844854 0.000000 -0.534998 -0.534375 0.668153
0 14.211404 -37.800000 42.761765 0.844854 0.000000 -0.534998 -0.590625 0.668153
collar_dark
0 9.857662 -34.200000 35.886455 0.000000 1.000000 0.000000 0.154026 0.560726
0 6.864371 -34.200000 37.886508 0.000000 1.000000 0.000000 0.107256 0.591977
0 11.123581 -34.200000 44.612535 0.000000 1.000000 0.000000 0.173806 0.697071
collar_dark
0 9.857662 -34.200000 35.886455 0.000000 1.000000 0.000000 0.154026 0.560726
0 11.123581 -34.200000 44.612535 0.000000 1.000000 0.000000 0.173806 0.697071
0 14.211404 -34.200000 42.761765 0.000000 1.000000 0.000000 0.222053 0.668153
collar_dark
0 6.864371 -34.200000 37.886508 -0.844854 0.000000 0.534998 -0.534375 0.591977
0 6.864371 -37.800000 37.886508 -0.844854 0.000000 0.534998 -0.590625 0.591977
0 11.123581 -37.800000 44.612535 -0.844854 0.000000 0.534998 -0.590625 0.697071
collar_dark
0 6.864371 -34.200000 37.886508 -0.844854 0.000000 0.534998 -0.534375 0.591977
0 11.123581 -37.800000 44.612535 -0.844854 0.000000 0.534998 -0.590625 0.697071
0 11.123581 -34.200000 44.612535 -0.844854 0.000000 0.534998 -0.534375 0.697071
collar_dark
0 6.864371 -37.800000 37.886508 0.000000 -1.000000 0.000000 0.107256 0.591977
0 9.857662 -37.800000 35.886455 0.000000 -1.000000 0.000000 0.154026 0.560726
0 14.211404 -37.800000 42.761765 0.000000 -1.000000 0.000000 0.222053 0.668153
collar_dark
0 6.864371 -37.800000 37.886508 0.000000 -1.000000 0.000000 0.107256 0.591977
0 14.211404 -37.800000 42.761765 0.000000 -1.000000 0.000000 0.222053 0.668153
0 11.123581 -37.800000 44.612535 0.000000 -1.000000 0.000000 0.173806 0.697071
collar_dark
0 -50.008150 -37.800000 75.887512 0.844854 0.000000 -0.534998 -0.590625 1.185742
0 -50.008150 -34.200000 75.887512 0.844854 0.000000 -0.534998 -0.534375 1.185742
0 -47.545056 -34.200000 79.777163 0.844854 0.000000 -0.534998 -0.534375 1.246518
collar_dark
0 -50.008150 -37.800000 75.887512 0.844854 0.000000 -0.534998 -0.590625 1.185742
0 -47.545056 -34.200000 79.777163 0.844854 0.000000 -0.534998 -0.534375 1.246518
0 -47.545056 -37.800000 79.777163 0.844854 0.000000 -0.534998 -0.590625 1.246518
collar_dark
0 -50.008150 -34.200000 75.887512 0.000000 1.000000 0.000000 -0.781377 1.185742
0 -53.001441 -34.200000 77.887565 0.000000 1.000000 0.000000 -0.828148 1.216993
0 -50.632879 -34.200000 81.627932 0.000000 1.000000 0.000000 -0.791139 1.275436
collar_dark
0 -50.008150 -34.200000 75.887512 0.000000 1.000000 0.000000 -0.781377 1.185742
0 -50.632879 -34.200000 81.627932 0.000000 1.000000 0.000000 -0.791139 1.275436
0 -47.545056 -34.200000 79.777163 0.000000 1.000000 0.000000 -0.742892 1.246518
collar_dark
0 -53.001441 -34.200000 77.887565 -0.844854 0.000000 0.534998 -0.534375 1.216993
0 -53.001441 -37.800000 77.887565 -0.844854 0.000000 0.534998 -0.590625 1.216993
0 -50.632879 -37.800000 81.627932 -0.844854 0.000000 0.534998 -0.590625 1.275436
collar_dark
0 -53.001441 -34.200000 77.887565 -0.844854 0.000000 0.534998 -0.534375 1.216993
0 -50.632879 -37.800000 81.627932 -0.844854 0.000000 0.534998 -0.590625 1.275436
0 -50.632879 -34.200000 81.627932 -0.844854 0.000000 0.534998 -0.534375 1.275436
collar_dark
0 -53.001441 -37.800000 77.887565 0.000000 -1.000000 0.000000 -0.828148 1.216993
0 -50.008150 -37.800000 75.887512 0.000000 -1.000000 0.000000 -0.781377 1.185742
0 -47.545056 -37.800000 79.777163 0.000000 -1.000000 0.000000 -0.742892 1.246518
collar_dark
0 -53.001441 -37.800000 77.887565 0.000000 -1.000000 0.000000 -0.828148 1.216993
0 -47.545056 -37.800000 79.777163 0.000000 -1.000000 0.000000 -0.742892 1.246518
0 -50.632879 -37.800000 81.627932 0.000000 -1.000000 0.000000 -0.791139 1.275436
collar_dark
0 9.857662 34.200000 35.886455 0.844854 0.000000 -0.534998 0.534375 0.560726
0 9.857662 37.800000 35.886455 0.844854 0.000000 -0.534998 0.590625 0.560726
0 14.211404 37.800000 42.761765 0.844854 0.000000 -0.534998 0.590625 0.668153
collar_dark
0 9.857662 34.200000 35.886455 0.844854 0.000000 -0.534998 0.534375 0.560726
0 14.211404 37.800000 42.761765 0.844854 0.000000 -0.534998 0.590625 0.668153
0 14.211404 34.200000 42.761765 0.844854 0.000000 -0.534998 0.534375 0.668153
collar_dark
0 9.857662 37.800000 35.886455 0.000000 1.000000 0.000000 0.154026 0.560726
0 6.864371 37.800000 37.886508 0.000000 1.000000 0.000000 0.107256 0.591977
0 11.123581 37.800000 44.612535 0.000000 1.000000 0.000000 0.173806 0.697071
collar_dark
0 9.857662 37.800000 35.886455 0.000000 1.000000 0.000000 0.154026 0.560726
0 11.123581 37.800000 44.612535 0.000000 1.000000 0.000000 0.173806 0.697071
0 14.211404 37.800000 42.761765 0.000000 1.000000 0.000000 0.222053 0.668153
collar_dark
0 6.864371 37.800000 37.886508 -0.844854 0.000000 0.534998 0.590625 0.591977
0 6.864371 34.200000 37.886508 -0.844854 0.000000 0.534998 0.534375 0.591977
0 11.123581 34.200000 44.612535 -0.844854 0.000000 0.534998 0.534375 0.697071
collar_dark
0 6.864371 37.800000 37.886508 -0.844854 0.000000 0.534998 0.590625 0.591977
0 11.123581 34.200000 44.612535 -0.844854 0.000000 0.534998 0.534375 0.697071
0 11.123581 37.800000 44.612535 -0.844854 0.000000 0.534998 0.590625 0.697071
collar_dark
0 6.864371 34.200000 37.886508 0.000000 -1.000000 0.000000 0.107256 0.591977
0 9.857662 34.200000 35.886455 0.000000 -1.000000 0.000000 0.154026 0.560726
0 14.211404 34.200000 42.761765 0.000000 -1.000000 0.000000 0.222053 0.668153
collar_dark
0 6.864371 34.200000 37.886508 0.000000 -1.000000 0.000000 0.107256 0.591977
0 14.211404 34.200000 42.761765 0.000000 -1.000000 0.000000 0.222053 0.668153
0 11.123581 34.200000 44.612535 0.000000 -1.000000 0.000000 0.173806 0.697071
collar_dark
0 -50.008150 34.200000 75.887512 0.844854 0.000000 -0.534998 0.534375 1.185742
0 -50.008150 37.800000 75.887512 0.844854 0.000000 -0.534998 0.590625 1.185742
0 -47.545056 37.800000 79.777163 0.844854 0.000000 -0.534998 0.590625 1.246518
collar_dark
0 -50.008150 34.200000 75.887512 0.844854 0.000000 -0.534998 0.534375 1.185742
0 -47.545056 37.800000 79.777163 0.844854 0.000000 -0.534998 0.590625 1.246518
0 -47.545056 34.200000 79.777163 0.844854 0.000000 -0.534998 0.534375 1.246518
collar_dark
0 -50.008150 37.800000 75.887512 0.000000 1.000000 0.000000 -0.781377 1.185742
0 -53.001441 37.800000 77.887565 0.000000 1.000000 0.000000 -0.828148 1.216993
0 -50.632879 37.800000 81.627932 0.000000 1.000000 0.000000 -0.791139 1.275436
collar_dark
0 -50.008150 37.800000 75.887512 0.000000 1.000000 0.000000 -0.781377 1.185742
0 -50.632879 37.800000 81.627932 0.000000 1.000000 0.000000 -0.791139 1.275436
0 -47.545056 37.800000 79.777163 0.000000 1.000000 0.000000 -0.742892 1.246518
collar_dark
0 -53.001441 37.800000 77.887565 -0.844854 0.000000 0.534998 0.590625 1.216993
0 -53.001441 34.200000 77.887565 -0.844854 0.000000 0.534998 0.534375 1.216993
0 -50.632879 34.200000 81.627932 -0.844854 0.000000 0.534998 0.534375 1.275436
collar_dark
0 -53.001441 37.800000 77.887565 -0.844854 0.000000 0.534998 0.590625 1.216993
0 -50.632879 34.200000 81.627932 -0.844854 0.000000 0.534998 0.534375 1.275436
0 -50.632879 37.800000 81.627932 -0.844854 0.000000 0.534998 0.590625 1.275436
collar_dark
0 -53.001441 34.200000 77.887565 0.000000 -1.000000 0.000000 -0.828148 1.216993
0 -50.008150 34.200000 75.887512 0.000000 -1.000000 0.000000 -0.781377 1.185742
0 -47.545056 34.200000 79.777163 0.000000 -1.000000 0.000000 -0.742892 1.246518
collar_dark
0 -53.001441 34.200000 77.887565 0.000000 -1.000000 0.000000 -0.828148 1.216993
0 -47.545056 34.200000 79.777163 0.000000 -1.000000 0.000000 -0.742892 1.246518
0 -50.632879 34.200000 81.627932 0.000000 -1.000000 0.000000 -0.791139 1.275436
glass
0 -32.331898 48.296291 64.076618 -0.422522 0.865960 0.267559 -0.505186 1.001197
0 -50.968780 35.355339 76.529384 -0.422522 0.865960 0.267559 -0.796387 1.195772
0 -48.536024 35.355339 80.371126 -0.422522 0.865960 0.267559 -0.758375 1.255799
glass
0 -32.331898 48.296291 64.076618 -0.422522 0.865960 0.267559 -0.505186 1.001197
0 -48.536024 35.355339 80.371126 -0.422522 0.865960 0.267559 -0.758375 1.255799
0 -29.310563 48.296291 68.847828 -0.422522 0.865960 0.267559 -0.457978 1.075747
glass
0 -50.968780 35.355339 76.529384 -0.731720 0.499887 0.463356 0.552427 1.195772
0 -61.728788 12.940952 83.718992 -0.731720 0.499887 0.463356 0.202202 1.308109
0 -59.635849 12.940952 87.024105 -0.731720 0.499887 0.463356 0.202202 1.359752
glass
0 -50.968780 35.355339 76.529384 -0.731720 0.499887 0.463356 0.552427 1.195772
0 -59.635849 12.940952 87.024105 -0.731720 0.499887 0.463356 0.202202 1.359752
0 -48.536024 35.355339 80.371126 -0.731720 0.499887 0.463356 0.552427 1.255799
glass
0 -61.728788 12.940952 83.718992 -0.844854 0.000000 0.534998 0.202202 1.308109
0 -61.728788 -12.940952 83.718992 -0.844854 0.000000 0.534998 -0.202202 1.308109
0 -59.635849 -12.940952 87.024105 -0.844854 0.000000 0.534998 -0.202202 1.359752
glass
0 -61.728788 12.940952 83.718992 -0.844854 0.000000 0.534998 0.202202 1.308109
0 -59.635849 -12.940952 87.024105 -0.844854 0.000000 0.534998 -0.202202 1.359752
0 -59.635849 12.940952 87.024105 -0.844854 0.000000 0.534998 0.202202 1.359752
glass
0 -61.728788 -12.940952 83.718992 -0.731720 -0.499887 0.463356 -0.202202 1.308109
0 -50.968780 -35.355339 76.529384 -0.731720 -0.499887 0.463356 -0.552427 1.195772
0 -48.536024 -35.355339 80.371126 -0.731720 -0.499887 0.463356 -0.552427 1.255799
glass
0 -61.728788 -12.940952 83.718992 -0.731720 -0.499887 0.463356 -0.202202 1.308109
0 -48.536024 -35.355339 80.371126 -0.731720 -0.499887 0.463356 -0.552427 1.255799
0 -59.635849 -12.940952 87.024105 -0.731720 -0.499887 0.463356 -0.202202 1.359752
glass
0 -50.968780 -35.355339 76.529384 -0.422522 -0.865960 0.267559 -0.796387 1.195772
0 -32.331898 -48.296291 64.076618 -0.422522 -0.865960 0.267559 -0.505186 1.001197
0 -29.310563 -48.296291 68.847828 -0.422522 -0.865960 0.267559 -0.457978 1.075747
glass
0 -50.968780 -35.355339 76.529384 -0.422522 -0.865960 0.267559 -0.796387 1.195772
0 -29.310563 -48.296291 68.847828 -0.422522 -0.865960 0.267559 -0.457978 1.075747
0 -48.536024 -35.355339 80.371126 -0.422522 -0.865960 0.267559 -0.758375 1.255799
glass
0 -32.331898 -48.296291 64.076618 0.000000 -1.000000 0.000000 -0.505186 1.001197
0 -10.811881 -48.296291 49.697402 0.000000 -1.000000 0.000000 -0.168936 0.776522
0 -7.110913 -48.296291 55.541870 0.000000 -1.000000 0.000000 -0.111108 0.867842
glass
0 -32.331898 -48.296291 64.076618 0.000000 -1.000000 0.000000 -0.505186 1.001197
0 -7.110913 -48.296291 55.541870 0.000000 -1.000000 0.000000 -0.111108 0.867842
0 -29.310563 -48.296291 68.847828 0.000000 -1.000000 0.000000 -0.457978 1.075747
glass
0 -10.811881 -48.296291 49.697402 0.422522 -0.865960 -0.267559 -0.168936 0.776522
0 7.825000 -35.355339 37.244636 0.422522 -0.865960 -0.267559 0.122266 0.581947
0 12.114548 -35.355339 44.018572 0.422522 -0.865960 -0.267559 0.189290 0.687790
glass
0 -10.811881 -48.296291 49.697402 0.422522 -0.865960 -0.267559 -0.168936 0.776522
0 12.114548 -35.355339 44.018572 0.422522 -0.865960 -0.267559 0.189290 0.687790
0 -7.110913 -48.296291 55.541870 0.422522 -0.865960 -0.267559 -0.111108 0.867842
glass
0 7.825000 -35.355339 37.244636 0.731720 -0.499887 -0.463356 -0.552427 0.581947
0 18.585009 -12.940952 30.055028 0.731720 -0.499887 -0.463356 -0.202202 0.469610
0 23.214373 -12.940952 37.365593 0.731720 -0.499887 -0.463356 -0.202202 0.583837
glass
0 7.825000 -35.355339 37.244636 0.731720 -0.499887 -0.463356 -0.552427 0.581947
0 23.214373 -12.940952 37.365593 0.731720 -0.499887 -0.463356 -0.202202 0.583837
0 12.114548 -35.355339 44.018572 0.731720 -0.499887 -0.463356 -0.552427 0.687790
glass
0 18.585009 -12.940952 30.055028 0.844854 -0.000000 -0.534998 -0.202202 0.469610
0 18.585009 12.940952 30.055028 0.844854 -0.000000 -0.534998 0.202202 0.469610
0 23.214373 12.940952 37.365593 0.844854 -0.000000 -0.534998 0.202202 0.583837
glass
0 18.585009 -12.940952 30.055028 0.844854 -0.000000 -0.534998 -0.202202 0.469610
0 23.214373 12.940952 37.365593 0.844854 -0.000000 -0.534998 0.202202 0.583837
0 23.214373 -12.940952 37.365593 0.844854 -0.000000 -0.534998 -0.202202 0.583837
glass
0 18.585009 12.940952 30.055028 0.731720 0.499887 -0.463356 0.202202 0.469610
0 7.825000 35.355339 37.244636 0.731720 0.499887 -0.463356 0.552427 0.581947
0 12.114548 35.355339 44.018572 0.731720 0.499887 -0.463356 0.552427 0.687790
glass
0 18.585009 12.940952 30.055028 0.731720 0.499887 -0.463356 0.202202 0.469610
0 12.114548 35.355339 44.018572 0.731720 0.499887 -0.463356 0.552427 0.687790
0 23.214373 12.940952 37.365593 0.731720 0.499887 -0.463356 0.202202 0.583837
glass
0 7.825000 35.355339 37.244636 0.422522 0.865960 -0.267559 0.122266 0.581947
0 -10.811881 48.296291 49.697402 0.422522 0.865960 -0.267559 -0.168936 0.776522
0 -7.110913 48.296291 55.541870 0.422522 0.865960 -0.267559 -0.111108 0.867842
glass
0 7.825000 35.355339 37.244636 0.422522 0.865960 -0.267559 0.122266 0.581947
0 -7.110913 48.296291 55.541870 0.422522 0.865960 -0.267559 -0.111108 0.867842
0 12.114548 35.355339 44.018572 0.422522 0.865960 -0.267559 0.189290 0.687790
glass
0 -10.811881 48.296291 49.697402 0.000000 1.000000 -0.000000 -0.168936 0.776522
0 -32.331898 48.296291 64.076618 0.000000 1.000000 -0.000000 -0.505186 1.001197
0 -29.310563 48.296291 68.847828 0.000000 1.000000 -0.000000 -0.457978 1.075747
glass
0 -10.811881 48.296291 49.697402 0.000000 1.000000 -0.000000 -0.168936 0.776522
0 -29.310563 48.296291 68.847828 0.000000 1.000000 -0.000000 -0.457978 1.075747
0 -7.110913 48.296291 55.541870 0.000000 1.000000 -0.000000 -0.111108 0.867842
collar_dark
0 14.211404 -37.800000 42.761765 0.870087 0.000000 -0.492898 -0.590625 0.668153
0 14.211404 -34.200000 42.761765 0.870087 0.000000 -0.492898 -0.534375 0.668153
0 18.222546 -34.200000 49.842421 0.870087 0.000000 -0.492898 -0.534375 0.778788
collar_dark
0 14.211404 -37.800000 42.761765 0.870087 0.000000 -0.492898 -0.590625 0.668153
0 18.222546 -34.200000 49.842421 0.870087 0.000000 -0.492898 -0.534375 0.778788
0 18.222546 -37.800000 49.842421 0.870087 0.000000 -0.492898 -0.590625 0.778788
collar_dark
0 14.211404 -34.200000 42.761765 0.000000 1.000000 0.000000 0.222053 0.668153
0 11.123581 -34.200000 44.612535 0.000000 1.000000 0.000000 0.173806 0.697071
0 15.047629 -34.200000 51.539449 0.000000 1.000000 0.000000 0.235119 0.805304
collar_dark
0 14.211404 -34.200000 42.761765 0.000000 1.000000 0.000000 0.222053 0.668153
0 15.047629 -34.200000 51.539449 0.000000 1.000000 0.000000 0.235119 0.805304
0 18.222546 -34.200000 49.842421 0.000000 1.000000 0.000000 0.284727 0.778788
collar_dark
0 11.123581 -34.200000 44.612535 -0.870087 0.000000 0.492898 -0.534375 0.697071
0 11.123581 -37.800000 44.612535 -0.870087 0.000000 0.492898 -0.590625 0.697071
0 15.047629 -37.800000 51.539449 -0.870087 0.000000 0.492898 -0.590625 0.805304
collar_dark
0 11.123581 -34.200000 44.612535 -0.870087 0.000000 0.492898 -0.534375 0.697071
0 15.047629 -37.800000 51.539449 -0.870087 0.000000 0.492898 -0.590625 0.805304
0 15.047629 -34.200000 51.539449 -0.870087 0.000000 0.492898 -0.534375 0.805304
collar_dark
0 11.123581 -37.800000 44.612535 0.000000 -1.000000 0.000000 0.173806 0.697071
0 14.211404 -37.800000 42.761765 0.000000 -1.000000 0.000000 0.222053 0.668153
0 18.222546 -37.800000 49.842421 0.000000 -1.000000 0.000000 0.284727 0.778788
collar_dark
0 11.123581 -37.800000 44.612535 0.000000 -1.000000 0.000000 0.173806 0.697071
0 18.222546 -37.800000 49.842421 0.000000 -1.000000 0.000000 0.284727 0.778788
0 15.047629 -37.800000 51.539449 0.000000 -1.000000 0.000000 0.235119 0.805304
collar_dark
0 -47.545056 -37.800000 79.777163 0.870087 0.000000 -0.492898 -0.590625 1.246518
0 -47.545056 -34.200000 79.777163 0.870087 0.000000 -0.492898 -0.534375 1.246518
0 -45.275785 -34.200000 83.782986 0.870087 0.000000 -0.492898 -0.534375 1.309109
collar_dark
0 -47.545056 -37.800000 79.777163 0.870087 0.000000 -0.492898 -0.590625 1.246518
0 -45.275785 -34.200000 83.782986 0.870087 0.000000 -0.492898 -0.534375 1.309109
0 -45.275785 -37.800000 83.782986 0.870087 0.000000 -0.492898 -0.590625 1.309109
collar_dark
0 -47.545056 -34.200000 79.777163 0.000000 1.000000 0.000000 -0.742892 1.246518
0 -50.632879 -34.200000 81.627932 0.000000 1.000000 0.000000 -0.791139 1.275436
0 -48.450702 -34.200000 85.480014 0.000000 1.000000 0.000000 -0.757042 1.335625
collar_dark
0 -47.545056 -34.200000 79.777163 0.000000 1.000000 0.000000 -0.742892 1.246518
0 -48.450702 -34.200000 85.480014 0.000000 1.000000 0.000000 -0.757042 1.335625
0 -45.275785 -34.200000 83.782986 0.000000 1.000000 0.000000 -0.707434 1.309109
collar_dark
0 -50.632879 -34.200000 81.627932 -0.870087 0.000000 0.492898 -0.534375 1.275436
0 -50.632879 -37.800000 81.627932 -0.870087 0.000000 0.492898 -0.590625 1.275436
0 -48.450702 -37.800000 85.480014 -0.870087 0.000000 0.492898 -0.590625 1.335625
collar_dark
0 -50.632879 -34.200000 81.627932 -0.870087 0.000000 0.492898 -0.534375 1.275436
0 -48.450702 -37.800000 85.480014 -0.870087 0.000000 0.492898 -0.590625 1.335625
0 -48.450702 -34.200000 85.480014 -0.870087 0.000000 0.492898 -0.534375 1.335625
collar_dark
0 -50.632879 -37.800000 81.627932 0.000000 -1.000000 0.000000 -0.791139 1.275436
0 -47.545056 -37.800000 79.777163 0.000000 -1.000000 0.000000 -0.742892 1.246518
0 -45.275785 -37.800000 83.782986 0.000000 -1.000000 0.000000 -0.707434 1.309109
collar_dark
0 -50.632879 -37.800000 81.627932 0.000000 -1.000000 0.000000 -0.791139 1.275436
0 -45.275785 -37.800000 83.782986 0.000000 -1.000000 0.000000 -0.707434 1.309109
0 -48.450702 -37.800000 85.480014 0.000000 -1.000000 0.000000 -0.757042 1.335625
collar_dark
0 14.211404 34.200000 42.761765 0.870087 0.000000 -0.492898 0.534375 0.668153
0 14.211404 37.800000 42.761765 0.870087 0.000000 -0.492898 0.590625 0.668153
0 18.222546 37.800000 49.842421 0.870087 0.000000 -0.492898 0.590625 0.778788
collar_dark
0 14.211404 34.200000 42.761765 0.870087 0.000000 -0.492898 0.534375 0.668153
0 18.222546 37.800000 49.842421 0.870087 0.000000 -0.492898 0.590625 0.778788
0 18.222546 34.200000 49.842421 0.870087 0.000000 -0.492898 0.534375 0.778788
collar_dark
0 14.211404 37.800000 42.761765 0.000000 1.000000 0.000000 0.222053 0.668153
0 11.123581 37.800000 44.612535 0.000000 1.000000 0.000000 0.173806 0.697071
0 15.047629 37.800000 51.539449 0.000000 1.000000 0.000000 0.235119 0.805304
collar_dark
0 14.211404 37.800000 42.761765 0.000000 1.000000 0.000000 0.222053 0.668153
0 15.047629 37.800000 51.539449 0.000000 1.000000 0.000000 0.235119 0.805304
0 18.222546 37.800000 49.842421 0.000000 1.000000 0.000000 0.284727 0.778788
collar_dark
0 11.123581 37.800000 44.612535 -0.870087 0.000000 0.492898 0.590625 0.697071
0 11.123581 34.200000 44.612535 -0.870087 0.000000 0.492898 0.534375 0.697071
0 15.047629 34.200000 51.539449 -0.870087 0.000000 0.492898 0.534375 0.805304
collar_dark
0 11.123581 37.800000 44.612535 -0.870087 0.000000 0.492898 0.590625 0.697071
0 15.047629 34.200000 51.539449 -0.870087 0.000000 0.492898 0.534375 0.805304
0 15.047629 37.800000 51.539449 -0.870087 0.000000 0.492898 0.590625 0.805304
collar_dark
0 11.123581 34.200000 44.612535 0.000000 -1.000000 0.000000 0.173806 0.697071
0 14.211404 34.200000 42.761765 0.000000 -1.000000 0.000000 0.222053 0.668153
0 18.222546 34.200000 49.842421 0.000000 -1.000000 0.000000 0.284727 0.778788
collar_dark
0 11.123581 34.200000 44.612535 0.000000 -1.000000 0.000000 0.173806 0.697071
0 18.222546 34.200000 49.842421 0.000000 -1.000000 0.000000 0.284727 0.778788
0 15.047629 34.200000 51.539449 0.000000 -1.000000 0.000000 0.235119 0.805304
collar_dark
0 -47.545056 34.200000 79.777163 0.870087 0.000000 -0.492898 0.534375 1.246518
0 -47.545056 37.800000 79.777163 0.870087 0.000000 -0.492898 0.590625 1.246518
0 -45.275785 37.800000 83.782986 0.870087 0.000000 -0.492898 0.590625 1.309109
collar_dark
0 -47.545056 34.200000 79.777163 0.870087 0.000000 -0.492898 0.534375 1.246518
0 -45.275785 37.800000 83.782986 0.870087 0.000000 -0.492898 0.590625 1.309109
0 -45.275785 34.200000 83.782986 0.870087 0.000000 -0.492898 0.534375 1.309109
collar_dark
0 -47.545056 37.800000 79.777163 0.000000 1.000000 0.000000 -0.742892 1.246518
0 -50.632879 37.800000 81.627932 0.000000 1.000000 0.000000 -0.791139 1.275436
0 -48.450702 37.800000 85.480014 0.000000 1.000000 0.000000 -0.757042 1.335625
collar_dark
0 -47.545056 37.800000 79.777163 0.000000 1.000000 0.000000 -0.742892 1.246518
0 -48.450702 37.800000 85.480014 0.000000 1.000000 0.000000 -0.757042 1.335625
0 -45.275785 37.800000 83.782986 0.000000 1.000000 0.000000 -0.707434 1.309109
collar_dark
0 -50.632879 37.800000 81.627932 -0.870087 0.000000 0.492898 0.590625 1.275436
0 -50.632879 34.200000 81.627932 -0.870087 0.000000 0.492898 0.534375 1.275436
0 -48.450702 34.200000 85.480014 -0.870087 0.000000 0.492898 0.534375 1.335625
collar_dark
0 -50.632879 37.800000 81.627932 -0.870087 0.000000 0.492898 0.590625 1.275436
0 -48.450702 34.200000 85.480014 -0.870087 0.000000 0.492898 0.534375 1.335625
0 -48.450702 37.800000 85.480014 -0.870087 0.000000 0.492898 0.590625 1.335625
collar_dark
0 -50.632879 34.200000 81.627932 0.000000 -1.000000 0.000000 -0.791139 1.275436
0 -47.545056 34.200000 79.777163 0.000000 -1.000000 0.000000 -0.742892 1.246518
0 -45.275785 34.200000 83.782986 0.000000 -1.000000 0.000000 -0.707434 1.309109
collar_dark
0 -50.632879 34.200000 81.627932 0.000000 -1.000000 0.000000 -0.791139 1.275436
0 -45.275785 34.200000 83.782986 0.000000 -1.000000 0.000000 -0.707434 1.309109
0 -48.450702 34.200000 85.480014 0.000000 -1.000000 0.000000 -0.757042 1.335625
glass
0 -29.310563 48.296291 68.847828 -0.435142 0.865960 0.246505 -0.457978 1.075747
0 -48.536024 35.355339 80.371126 -0.435142 0.865960 0.246505 -0.758375 1.255799
0 -46.294703 35.355339 84.327609 -0.435142 0.865960 0.246505 -0.723355 1.317619
glass
0 -29.310563 48.296291 68.847828 -0.435142 0.865960 0.246505 -0.457978 1.075747
0 -46.294703 35.355339 84.327609 -0.435142 0.865960 0.246505 -0.723355 1.317619
0 -26.526979 48.296291 73.761540 -0.435142 0.865960 0.246505 -0.414484 1.152524
glass
0 -48.536024 35.355339 80.371126 -0.753574 0.499887 0.426894 0.552427 1.255799
0 -59.635849 12.940952 87.024105 -0.753574 0.499887 0.426894 0.202202 1.359752
0 -57.707604 12.940952 90.427932 -0.753574 0.499887 0.426894 0.202202 1.412936
glass
0 -48.536024 35.355339 80.371126 -0.753574 0.499887 0.426894 0.552427 1.255799
0 -57.707604 12.940952 90.427932 -0.753574 0.499887 0.426894 0.202202 1.412936
0 -46.294703 35.355339 84.327609 -0.753574 0.499887 0.426894 0.552427 1.317619
glass
0 -59.635849 12.940952 87.024105 -0.870087 0.000000 0.492898 0.202202 1.359752
0 -59.635849 -12.940952 87.024105 -0.870087 0.000000 0.492898 -0.202202 1.359752
0 -57.707604 -12.940952 90.427932 -0.870087 0.000000 0.492898 -0.202202 1.412936
glass
0 -59.635849 12.940952 87.024105 -0.870087 0.000000 0.492898 0.202202 1.359752
0 -57.707604 -12.940952 90.427932 -0.870087 0.000000 0.492898 -0.202202 1.412936
0 -57.707604 12.940952 90.427932 -0.870087 0.000000 0.492898 0.202202 1.412936
glass
0 -59.635849 -12.940952 87.024105 -0.753574 -0.499887 0.426894 -0.202202 1.359752
0 -48.536024 -35.355339 80.371126 -0.753574 -0.499887 0.426894 -0.552427 1.255799
0 -46.294703 -35.355339 84.327609 -0.753574 -0.499887 0.426894 -0.552427 1.317619
glass
0 -59.635849 -12.940952 87.024105 -0.753574 -0.499887 0.426894 -0.202202 1.359752
0 -46.294703 -35.355339 84.327609 -0.753574 -0.499887 0.426894 -0.552427 1.317619
0 -57.707604 -12.940952 90.427932 -0.753574 -0.499887 0.426894 -0.202202 1.412936
glass
0 -48.536024 -35.355339 80.371126 -0.435142 -0.865960 0.246505 -0.758375 1.255799
0 -29.310563 -48.296291 68.847828 -0.435142 -0.865960 0.246505 -0.457978 1.075747
0 -26.526979 -48.296291 73.761540 -0.435142 -0.865960 0.246505 -0.414484 1.152524
glass
0 -48.536024 -35.355339 80.371126 -0.435142 -0.865960 0.246505 -0.758375 1.255799
0 -26.526979 -48.296291 73.761540 -0.435142 -0.865960 0.246505 -0.414484 1.152524
0 -46.294703 -35.355339 84.327609 -0.435142 -0.865960 0.246505 -0.723355 1.317619
glass
0 -29.310563 -48.296291 68.847828 0.000000 -1.000000 0.000000 -0.457978 1.075747
0 -7.110913 -48.296291 55.541870 0.000000 -1.000000 0.000000 -0.111108 0.867842
0 -3.701177 -48.296291 61.560895 0.000000 -1.000000 0.000000 -0.057831 0.961889
glass
0 -29.310563 -48.296291 68.847828 0.000000 -1.000000 0.000000 -0.457978 1.075747
0 -3.701177 -48.296291 61.560895 0.000000 -1.000000 0.000000 -0.057831 0.961889
0 -26.526979 -48.296291 73.761540 0.000000 -1.000000 0.000000 -0.414484 1.152524
glass
0 -7.110913 -48.296291 55.541870 0.435142 -0.865960 -0.246505 -0.111108 0.867842
0 12.114548 -35.355339 44.018572 0.435142 -0.865960 -0.246505 0.189290 0.687790
0 16.066547 -35.355339 50.994826 0.435142 -0.865960 -0.246505 0.251040 0.796794
glass
0 -7.110913 -48.296291 55.541870 0.435142 -0.865960 -0.246505 -0.111108 0.867842
0 16.066547 -35.355339 50.994826 0.435142 -0.865960 -0.246505 0.251040 0.796794
0 -3.701177 -48.296291 61.560895 0.435142 -0.865960 -0.246505 -0.057831 0.961889
glass
0 12.114548 -35.355339 44.018572 0.753574 -0.499887 -0.426894 -0.552427 0.687790
0 23.214373 -12.940952 37.365593 0.753574 -0.499887 -0.426894 -0.202202 0.583837
0 27.479448 -12.940952 44.894504 0.753574 -0.499887 -0.426894 -0.202202 0.701477
glass
0 12.114548 -35.355339 44.018572 0.753574 -0.499887 -0.426894 -0.552427 0.687790
0 27.479448 -12.940952 44.894504 0.753574 -0.499887 -0.426894 -0.202202 0.701477
0 16.066547 -35.355339 50.994826 0.753574 -0.499887 -0.426894 -0.552427 0.796794
glass
0 23.214373 -12.940952 37.365593 0.870087 -0.000000 -0.492898 -0.202202 0.583837
0 23.214373 12.940952 37.365593 0.870087 -0.000000 -0.492898 0.202202 0.583837
0 27.479448 12.940952 44.894504 0.870087 -0.000000 -0.492898 0.202202 0.701477
glass
0 23.214373 -12.940952 37.365593 0.870087 -0.000000 -0.492898 -0.202202 0.583837
0 27.479448 12.940952 44.894504 0.870087 -0.000000 -0.492898 0.202202 0.701477
0 27.479448 -12.940952 44.894504 0.870087 -0.000000 -0.492898 -0.202202 0.701477
glass
0 23.214373 12.940952 37.365593 0.753574 0.499887 -0.426894 0.202202 0.583837
0 12.114548 35.355339 44.018572 0.753574 0.499887 -0.426894 0.552427 0.687790
0 16.066547 35.355339 50.994826 0.753574 0.499887 -0.426894 0.552427 0.796794
glass
0 23.214373 12.940952 37.365593 0.753574 0.499887 -0.426894 0.202202 0.583837
0 16.066547 35.355339 50.994826 0.753574 0.499887 -0.426894 0.552427 0.796794
0 27.479448 12.940952 44.894504 0.753574 0.499887 -0.426894 0.202202 0.701477
glass
0 12.114548 35.355339 44.018572 0.435142 0.865960 -0.246505 0.189290 0.687790
0 -7.110913 48.296291 55.541870 0.435142 0.865960 -0.246505 -0.111108 0.867842
0 -3.701177 48.296291 61.560895 0.435142 0.865960 -0.246505 -0.057831 0.961889
glass
0 12.114548 35.355339 44.018572 0.435142 0.865960 -0.246505 0.189290 0.687790
0 -3.701177 48.296291 61.560895 0.435142 0.865960 -0.246505 -0.057831 0.961889
0 16.066547 35.355339 50.994826 0.435142 0.865960 -0.246505 0.251040 0.796794
glass
0 -7.110913 48.296291 55.541870 0.000000 1.000000 -0.000000 -0.111108 0.867842
0 -29.310563 48.296291 68.847828 0.000000 1.000000 -0.000000 -0.457978 1.075747
0 -26.526979 48.296291 73.761540 0.000000 1.000000 -0.000000 -0.414484 1.152524
glass
0 -7.110913 48.296291 55.541870 0.000000 1.000000 -0.000000 -0.111108 0.867842
0 -26.526979 48.296291 73.761540 0.000000 1.000000 -0.000000 -0.414484 1.152524
0 -3.701177 48.296291 61.560895 0.000000 1.000000 -0.000000 -0.057831 0.961889
collar_dark
0 18.222546 -37.800000 49.842421 0.893224 0.000000 -0.449611 -0.590625 0.778788
0 18.222546 -34.200000 49.842421 0.893224 0.000000 -0.449611 -0.534375 0.778788
0 21.881425 -34.200000 57.111366 0.893224 0.000000 -0.449611 -0.534375 0.892365
collar_dark
0 18.222546 -37.800000 49.842421 0.893224 0.000000 -0.449611 -0.590625 0.778788
0 21.881425 -34.200000 57.111366 0.893224 0.000000 -0.449611 -0.534375 0.892365
0 21.881425 -37.800000 57.111366 0.893224 0.000000 -0.449611 -0.590625 0.892365
collar_dark
0 18.222546 -34.200000 49.842421 0.000000 1.000000 0.000000 0.284727 0.778788
0 15.047629 -34.200000 51.539449 0.000000 1.000000 0.000000 0.235119 0.805304
0 18.627063 -34.200000 58.650564 0.000000 1.000000 0.000000 0.291048 0.916415
collar_dark
0 18.222546 -34.200000 49.842421 0.000000 1.000000 0.000000 0.284727 0.778788
0 18.627063 -34.200000 58.650564 0.000000 1.000000 0.000000 0.291048 0.916415
0 21.881425 -34.200000 57.111366 0.000000 1.000000 0.000000 0.341897 0.892365
collar_dark
0 15.047629 -34.200000 51.539449 -0.893224 0.000000 0.449611 -0.534375 0.805304
0 15.047629 -37.800000 51.539449 -0.893224 0.000000 0.449611 -0.590625 0.805304
0 18.627063 -37.800000 58.650564 -0.893224 0.000000 0.449611 -0.590625 0.916415
collar_dark
0 15.047629 -34.200000 51.539449 -0.893224 0.000000 0.449611 -0.534375 0.805304
0 18.627063 -37.800000 58.650564 -0.893224 0.000000 0.449611 -0.590625 0.916415
0 18.627063 -34.200000 58.650564 -0.893224 0.000000 0.449611 -0.534375 0.916415
collar_dark
0 15.047629 -37.800000 51.539449 0.000000 -1.000000 0.000000 0.235119 0.805304
0 18.222546 -37.800000 49.842421 0.000000 -1.000000 0.000000 0.284727 0.778788
0 21.881425 -37.800000 57.111366 0.000000 -1.000000 0.000000 0.341897 0.892365
collar_dark
0 15.047629 -37.800000 51.539449 0.000000 -1.000000 0.000000 0.235119 0.805304
0 21.881425 -37.800000 57.111366 0.000000 -1.000000 0.000000 0.341897 0.892365
0 18.627063 -37.800000 58.650564 0.000000 -1.000000 0.000000 0.291048 0.916415
collar_dark
0 -45.275785 -37.800000 83.782986 0.893224 0.000000 -0.449611 -0.590625 1.309109
0 -45.275785 -34.200000 83.782986 0.893224 0.000000 -0.449611 -0.534375 1.309109
0 -43.205804 -34.200000 87.895332 0.893224 0.000000 -0.449611 -0.534375 1.373365
collar_dark
0 -45.275785 -37.800000 83.782986 0.893224 0.000000 -0.449611 -0.590625 1.309109
0 -43.205804 -34.200000 87.895332 0.893224 0.000000 -0.449611 -0.534375 1.373365
0 -43.205804 -37.800000 87.895332 0.893224 0.000000 -0.449611 -0.590625 1.373365
collar_dark
0 -45.275785 -34.200000 83.782986 0.000000 1.000000 0.000000 -0.707434 1.309109
0 -48.450702 -34.200000 85.480014 0.000000 1.000000 0.000000 -0.757042 1.335625
0 -46.460166 -34.200000 89.434531 0.000000 1.000000 0.000000 -0.725940 1.397415
collar_dark
0 -45.275785 -34.200000 83.782986 0.000000 1.000000 0.000000 -0.707434 1.309109
0 -46.460166 -34.200000 89.434531 0.000000 1.000000 0.000000 -0.725940 1.397415
0 -43.205804 -34.200000 87.895332 0.000000 1.000000 0.000000 -0.675091 1.373365
collar_dark
0 -48.450702 -34.200000 85.480014 -0.893224 0.000000 0.449611 -0.534375 1.335625
0 -48.450702 -37.800000 85.480014 -0.893224 0.000000 0.449611 -0.590625 1.335625
0 -46.460166 -37.800000 89.434531 -0.893224 0.000000 0.449611 -0.590625 1.397415
collar_dark
0 -48.450702 -34.200000 85.480014 -0.893224 0.000000 0.449611 -0.534375 1.335625
0 -46.460166 -37.800000 89.434531 -0.893224 0.000000 0.449611 -0.590625 1.397415
0 -46.460166 -34.200000 89.434531 -0.893224 0.000000 0.449611 -0.534375 1.397415
collar_dark
0 -48.450702 -37.800000 85.480014 0.000000 -1.000000 0.000000 -0.757042 1.335625
0 -45.275785 -37.800000 83.782986 0.000000 -1.000000 0.000000 -0.707434 1.309109
0 -43.205804 -37.800000 87.895332 0.000000 -1.000000 0.000000 -0.675091 1.373365
collar_dark
0 -48.450702 -37.800000 85.480014 0.000000 -1.000000 0.000000 -0.757042 1.335625
0 -43.205804 -37.800000 87.895332 0.000000 -1.000000 0.000000 -0.675091 1.373365
0 -46.460166 -37.800000 89.434531 0.000000 -1.000000 0.000000 -0.725940 1.397415
collar_dark
0 18.222546 34.200000 49.842421 0.893224 0.000000 -0.449611 0.534375 0.778788
0 18.222546 37.800000 49.842421 0.893224 0.000000 -0.449611 0.590625 0.778788
0 21.881425 37.800000 57.111366 0.893224 0.000000 -0.449611 0.590625 0.892365
collar_dark
0 18.222546 34.200000 49.842421 0.893224 0.000000 -0.449611 0.534375 0.778788
0 21.881425 37.800000 57.111366 0.893224 0.000000 -0.449611 0.590625 0.892365
0 21.881425 34.200000 57.111366 0.893224 0.000000 -0.449611 0.534375 0.892365
collar_dark
0 18.222546 37.800000 49.842421 0.000000 1.000000 0.000000 0.284727 0.778788
0 15.047629 37.800000 51.539449 0.000000 1.000000 0.000000 0.235119 0.805304
0 18.627063 37.800000 58.650564 0.000000 1.000000 0.000000 0.291048 0.916415
collar_dark
0 18.222546 37.800000 49.842421 0.000000 1.000000 0.000000 0.284727 0.778788
0 18.627063 37.800000 58.650564 0.000000 1.000000 0.000000 0.291048 0.916415
0 21.881425 37.800000 57.111366 0.000000 1.000000 0.000000 0.341897 0.892365
collar_dark
0 15.047629 37.800000 51.539449 -0.893224 0.000000 0.449611 0.590625 0.805304
0 15.047629 34.200000 51.539449 -0.893224 0.000000 0.449611 0.534375 0.805304
0 18.627063 34.200000 58.650564 -0.893224 0.000000 0.449611 0.534375 0.916415
collar_dark
0 15.047629 37.800000 51.539449 -0.893224 0.000000 0.449611 0.590625 0.805304
0 18.627063 34.200000 58.650564 -0.893224 0.000000 0.449611 0.534375 0.916415
0 18.627063 37.800000 58.650564 -0.893224 0.000000 0.449611 0.590625 0.916415
collar_dark
0 15.047629 34.200000 51.539449 0.000000 -1.000000 0.000000 0.235119 0.805304
0 18.222546 34.200000 49.842421 0.000000 -1.000000 0.000000 0.284727 0.778788
0 21.881425 34.200000 57.111366 0.000000 -1.000000 0.000000 0.341897 0.892365
collar_dark
0 15.047629 34.200000 51.539449 0.000000 -1.000000 0.000000 0.235119 0.805304
0 21.881425 34.200000 57.111366 0.000000 -1.000000 0.000000 0.341897 0.892365
0 18.627063 34.200000 58.650564 0.000000 -1.000000 0.000000 0.291048 0.916415
collar_dark
0 -45.275785 34.200000 83.782986 0.893224 0.000000 -0.449611 0.534375 1.309109
0 -45.275785 37.800000 83.782986 0.893224 0.000000 -0.449611 0.590625 1.309109
0 -43.205804 37.800000 87.895332 0.893224 0.000000 -0.449611 0.590625 1.373365
collar_dark
0 -45.275785 34.200000 83.782986 0.893224 0.000000 -0.449611 0.534375 1.309109
0 -43.205804 37.800000 87.895332 0.893224 0.000000 -0.449611 0.590625 1.373365
0 -43.205804 34.200000 87.895332 0.893224 0.000000 -0.449611 0.534375 1.373365
collar_dark
0 -45.275785 37.800000 83.782986 0.000000 1.000000 0.000000 -0.707434 1.309109
0 -48.450702 37.800000 85.480014 0.000000 1.000000 0.000000 -0.757042 1.335625
0 -46.460166 37.800000 89.434531 0.000000 1.000000 0.000000 -0.725940 1.397415
collar_dark
0 -45.275785 37.800000 83.782986 0.000000 1.000000 0.000000 -0.707434 1.309109
0 -46.460166 37.800000 89.434531 0.000000 1.000000 0.000000 -0.725940 1.397415
0 -43.205804 37.800000 87.895332 0.000000 1.000000 0.000000 -0.675091 1.373365
collar_dark
0 -48.450702 37.800000 85.480014 -0.893224 0.000000 0.449611 0.590625 1.335625
0 -48.450702 34.200000 85.480014 -0.893224 0.000000 0.449611 0.534375 1.335625
0 -46.460166 34.200000 89.434531 -0.893224 0.000000 0.449611 0.534375 1.397415
collar_dark
0 -48.450702 37.800000 85.480014 -0.893224 0.000000 0.449611 0.590625 1.335625
0 -46.460166 34.200000 89.434531 -0.893224 0.000000 0.449611 0.534375 1.397415
0 -46.460166 37.800000 89.434531 -0.893224 0.000000 0.449611 0.590625 1.397415
collar_dark
0 -48.450702 34.200000 85.480014 0.000000 -1.000000 0.000000 -0.757042 1.335625
0 -45.275785 34.200000 83.782986 0.000000 -1.000000 0.000000 -0.707434 1.309109
0 -43.205804 34.200000 87.895332 0.000000 -1.000000 0.000000 -0.675091 1.373365
collar_dark
0 -48.450702 34.200000 85.480014 0.000000 -1.000000 0.000000 -0.757042 1.335625
0 -43.205804 34.200000 87.895332 0.000000 -1.000000 0.000000 -0.675091 1.373365
0 -46.460166 34.200000 89.434531 0.000000 -1.000000 0.000000 -0.725940 1.397415
glass
0 -26.526979 48.296291 73.761540 -0.446713 0.865960 0.224856 -0.414484 1.152524
0 -46.294703 35.355339 84.327609 -0.446713 0.865960 0.224856 -0.723355 1.317619
0 -44.250218 35.355339 88.389303 -0.446713 0.865960 0.224856 -0.691410 1.381083
glass
0 -26.526979 48.296291 73.761540 -0.446713 0.865960 0.224856 -0.414484 1.152524
0 -44.250218 35.355339 88.389303 -0.446713 0.865960 0.224856 -0.691410 1.381083
0 -23.987853 48.296291 78.805918 -0.446713 0.865960 0.224856 -0.374810 1.231342
glass
0 -46.294703 35.355339 84.327609 -0.773613 0.499887 0.389404 0.552427 1.317619
0 -57.707604 12.940952 90.427932 -0.773613 0.499887 0.389404 0.202202 1.412936
0 -55.948701 12.940952 93.922273 -0.773613 0.499887 0.389404 0.202202 1.467536
glass
0 -46.294703 35.355339 84.327609 -0.773613 0.499887 0.389404 0.552427 1.317619
0 -55.948701 12.940952 93.922273 -0.773613 0.499887 0.389404 0.202202 1.467536
0 -44.250218 35.355339 88.389303 -0.773613 0.499887 0.389404 0.552427 1.381083
glass
0 -57.707604 12.940952 90.427932 -0.893224 0.000000 0.449611 0.202202 1.412936
0 -57.707604 -12.940952 90.427932 -0.893224 0.000000 0.449611 -0.202202 1.412936
0 -55.948701 -12.940952 93.922273 -0.893224 0.000000 0.449611 -0.202202 1.467536
glass
0 -57.707604 12.940952 90.427932 -0.893224 0.000000 0.449611 0.202202 1.412936
0 -55.948701 -12.940952 93.922273 -0.893224 0.000000 0.449611 -0.202202 1.467536
0 -55.948701 12.940952 93.922273 -0.893224 0.000000 0.449611 0.202202 1.467536
glass
0 -57.707604 -12.940952 90.427932 -0.773613 -0.499887 0.389404 -0.202202 1.412936
0 -46.294703 -35.355339 84.327609 -0.773613 -0.499887 0.389404 -0.552427 1.317619
0 -44.250218 -35.355339 88.389303 -0.773613 -0.499887 0.389404 -0.552427 1.381083
glass
0 -57.707604 -12.940952 90.427932 -0.773613 -0.499887 0.389404 -0.202202 1.412936
0 -44.250218 -35.355339 88.389303 -0.773613 -0.499887 0.389404 -0.552427 1.381083
0 -55.948701 -12.940952 93.922273 -0.773613 -0.499887 0.389404 -0.202202 1.467536
glass
0 -46.294703 -35.355339 84.327609 -0.446713 -0.865960 0.224856 -0.723355 1.317619
0 -26.526979 -48.296291 73.761540 -0.446713 -0.865960 0.224856 -0.414484 1.152524
0 -23.987853 -48.296291 78.805918 -0.446713 -0.865960 0.224856 -0.374810 1.231342
glass
0 -46.294703 -35.355339 84.327609 -0.446713 -0.865960 0.224856 -0.723355 1.317619
0 -23.987853 -48.296291 78.805918 -0.446713 -0.865960 0.224856 -0.374810 1.231342
0 -44.250218 -35.355339 88.389303 -0.446713 -0.865960 0.224856 -0.691410 1.381083
glass
0 -26.526979 -48.296291 73.761540 0.000000 -1.000000 0.000000 -0.414484 1.152524
0 -3.701177 -48.296291 61.560895 0.000000 -1.000000 0.000000 -0.057831 0.961889
0 -0.590888 -48.296291 67.739978 0.000000 -1.000000 0.000000 -0.009233 1.058437
glass
0 -26.526979 -48.296291 73.761540 0.000000 -1.000000 0.000000 -0.414484 1.152524
0 -0.590888 -48.296291 67.739978 0.000000 -1.000000 0.000000 -0.009233 1.058437
0 -23.987853 -48.296291 78.805918 0.000000 -1.000000 0.000000 -0.374810 1.231342
glass
0 -3.701177 -48.296291 61.560895 0.446713 -0.865960 -0.224856 -0.057831 0.961889
0 16.066547 -35.355339 50.994826 0.446713 -0.865960 -0.224856 0.251040 0.796794
0 19.671477 -35.355339 58.156593 0.446713 -0.865960 -0.224856 0.307367 0.908697
glass
0 -3.701177 -48.296291 61.560895 0.446713 -0.865960 -0.224856 -0.057831 0.961889
0 19.671477 -35.355339 58.156593 0.446713 -0.865960 -0.224856 0.307367 0.908697
0 -0.590888 -48.296291 67.739978 0.446713 -0.865960 -0.224856 -0.009233 1.058437
glass
0 16.066547 -35.355339 50.994826 0.773613 -0.499887 -0.389404 -0.552427 0.796794
0 27.479448 -12.940952 44.894504 0.773613 -0.499887 -0.389404 -0.202202 0.701477
0 31.369960 -12.940952 52.623623 0.773613 -0.499887 -0.389404 -0.202202 0.822244
glass
0 16.066547 -35.355339 50.994826 0.773613 -0.499887 -0.389404 -0.552427 0.796794
0 31.369960 -12.940952 52.623623 0.773613 -0.499887 -0.389404 -0.202202 0.822244
0 19.671477 -35.355339 58.156593 0.773613 -0.499887 -0.389404 -0.552427 0.908697
glass
0 27.479448 -12.940952 44.894504 0.893224 -0.000000 -0.449611 -0.202202 0.701477
0 27.479448 12.940952 44.894504 0.893224 -0.000000 -0.449611 0.202202 0.701477
0 31.369960 12.940952 52.623623 0.893224 -0.000000 -0.449611 0.202202 0.822244
glass
0 27.479448 -12.940952 44.894504 0.893224 -0.000000 -0.449611 -0.202202 0.701477
0 31.369960 12.940952 52.623623 0.893224 -0.000000 -0.449611 0.202202 0.822244
0 31.369960 -12.940952 52.623623 0.893224 -0.000000 -0.449611 -0.202202 0.822244
glass
0 27.479448 12.940952 44.894504 0.773613 0.499887 -0.389404 0.202202 0.701477
0 16.066547 35.355339 50.994826 0.773613 0.499887 -0.389404 0.552427 0.796794
0 19.671477 35.355339 58.156593 0.773613 0.499887 -0.389404 0.552427 0.908697
glass
0 27.479448 12.940952 44.894504 0.773613 0.499887 -0.389404 0.202202 0.701477
0 19.671477 35.355339 58.156593 0.773613 0.499887 -0.389404 0.552427 0.908697
0 31.369960 12.940952 52.623623 0.773613 0.499887 -0.389404 0.202202 0.822244
glass
0 16.066547 35.355339 50.994826 0.446713 0.865960 -0.224856 0.251040 0.796794
0 -3.701177 48.296291 61.560895 0.446713 0.865960 -0.224856 -0.057831 0.961889
0 -0.590888 48.296291 67.739978 0.446713 0.865960 -0.224856 -0.009233 1.058437
glass
0 16.066547 35.355339 50.994826 0.446713 0.865960 -0.224856 0.251040 0.796794
0 -0.590888 48.296291 67.739978 0.446713 0.865960 -0.224856 -0.009233 1.058437
0 19.671477 35.355339 58.156593 0.446713 0.865960 -0.224856 0.307367 0.908697
glass
0 -3.701177 48.296291 61.560895 0.000000 1.000000 -0.000000 -0.057831 0.961889
0 -26.526979 48.296291 73.761540 0.000000 1.000000 -0.000000 -0.414484 1.152524
0 -23.987853 48.296291 78.805918 0.000000 1.000000 -0.000000 -0.374810 1.231342
glass
0 -3.701177 48.296291 61.560895 0.000000 1.000000 -0.000000 -0.057831 0.961889
0 -23.987853 48.296291 78.805918 0.000000 1.000000 -0.000000 -0.374810 1.231342
0 -0.590888 48.296291 67.739978 0.000000 1.000000 -0.000000 -0.009233 1.058437
collar_dark
0 21.881425 -37.800000 57.111366 0.914210 0.000000 -0.405241 -0.590625 0.892365
0 21.881425 -34.200000 57.111366 0.914210 0.000000 -0.405241 -0.534375 0.892365
0 25.179226 -34.200000 64.551087 0.914210 0.000000 -0.405241 -0.534375 1.008611
collar_dark
0 21.881425 -37.800000 57.111366 0.914210 0.000000 -0.405241 -0.590625 0.892365
0 25.179226 -34.200000 64.551087 0.914210 0.000000 -0.405241 -0.534375 1.008611
0 25.179226 -37.800000 64.551087 0.914210 0.000000 -0.405241 -0.590625 1.008611
collar_dark
0 21.881425 -34.200000 57.111366 0.000000 1.000000 0.000000 0.341897 0.892365
0 18.627063 -34.200000 58.650564 0.000000 1.000000 0.000000 0.291048 0.916415
0 21.853260 -34.200000 65.928747 0.000000 1.000000 0.000000 0.341457 1.030137
collar_dark
0 21.881425 -34.200000 57.111366 0.000000 1.000000 0.000000 0.341897 0.892365
0 21.853260 -34.200000 65.928747 0.000000 1.000000 0.000000 0.341457 1.030137
0 25.179226 -34.200000 64.551087 0.000000 1.000000 0.000000 0.393425 1.008611
collar_dark
0 18.627063 -34.200000 58.650564 -0.914210 0.000000 0.405241 -0.534375 0.916415
0 18.627063 -37.800000 58.650564 -0.914210 0.000000 0.405241 -0.590625 0.916415
0 21.853260 -37.800000 65.928747 -0.914210 0.000000 0.405241 -0.590625 1.030137
collar_dark
0 18.627063 -34.200000 58.650564 -0.914210 0.000000 0.405241 -0.534375 0.916415
0 21.853260 -37.800000 65.928747 -0.914210 0.000000 0.405241 -0.590625 1.030137
0 21.853260 -34.200000 65.928747 -0.914210 0.000000 0.405241 -0.534375 1.030137
collar_dark
0 18.627063 -37.800000 58.650564 0.000000 -1.000000 0.000000 0.291048 0.916415
0 21.881425 -37.800000 57.111366 0.000000 -1.000000 0.000000 0.341897 0.892365
0 25.179226 -37.800000 64.551087 0.000000 -1.000000 0.000000 0.393425 1.008611
collar_dark
0 18.627063 -37.800000 58.650564 0.000000 -1.000000 0.000000 0.291048 0.916415
0 25.179226 -37.800000 64.551087 0.000000 -1.000000 0.000000 0.393425 1.008611
0 21.853260 -37.800000 65.928747 0.000000 -1.000000 0.000000 0.341457 1.030137
collar_dark
0 -43.205804 -37.800000 87.895332 0.914210 0.000000 -0.405241 -0.590625 1.373365
0 -43.205804 -34.200000 87.895332 0.914210 0.000000 -0.405241 -0.534375 1.373365
0 -41.340100 -34.200000 92.104294 0.914210 0.000000 -0.405241 -0.534375 1.439130
collar_dark
0 -43.205804 -37.800000 87.895332 0.914210 0.000000 -0.405241 -0.590625 1.373365
0 -41.340100 -34.200000 92.104294 0.914210 0.000000 -0.405241 -0.534375 1.439130
0 -41.340100 -37.800000 92.104294 0.914210 0.000000 -0.405241 -0.590625 1.439130
collar_dark
0 -43.205804 -34.200000 87.895332 0.000000 1.000000 0.000000 -0.675091 1.373365
0 -46.460166 -34.200000 89.434531 0.000000 1.000000 0.000000 -0.725940 1.397415
0 -44.666066 -34.200000 93.481954 0.000000 1.000000 0.000000 -0.697907 1.460656
collar_dark
0 -43.205804 -34.200000 87.895332 0.000000 1.000000 0.000000 -0.675091 1.373365
0 -44.666066 -34.200000 93.481954 0.000000 1.000000 0.000000 -0.697907 1.460656
0 -41.340100 -34.200000 92.104294 0.000000 1.000000 0.000000 -0.645939 1.439130
collar_dark
0 -46.460166 -34.200000 89.434531 -0.914210 0.000000 0.405241 -0.534375 1.397415
0 -46.460166 -37.800000 89.434531 -0.914210 0.000000 0.405241 -0.590625 1.397415
0 -44.666066 -37.800000 93.481954 -0.914210 0.000000 0.405241 -0.590625 1.460656
collar_dark
0 -46.460166 -34.200000 89.434531 -0.914210 0.000000 0.405241 -0.534375 1.397415
0 -44.666066 -37.800000 93.481954 -0.914210 0.000000 0.405241 -0.590625 1.460656
0 -44.666066 -34.200000 93.481954 -0.914210 0.000000 0.405241 -0.534375 1.460656
collar_dark
0 -46.460166 -37.800000 89.434531 0.000000 -1.000000 0.000000 -0.725940 1.397415
0 -43.205804 -37.800000 87.895332 0.000000 -1.000000 0.000000 -0.675091 1.373365
0 -41.340100 -37.800000 92.104294 0.000000 -1.000000 0.000000 -0.645939 1.439130
collar_dark
0 -46.460166 -37.800000 89.434531 0.000000 -1.000000 0.000000 -0.725940 1.397415
0 -41.340100 -37.800000 92.104294 0.000000 -1.000000 0.000000 -0.645939 1.439130
0 -44.666066 -37.800000 93.481954 0.000000 -1.000000 0.000000 -0.697907 1.460656
collar_dark
0 21.881425 34.200000 57.111366 0.914210 0.000000 -0.405241 0.534375 0.892365
0 21.881425 37.800000 57.111366 0.914210 0.000000 -0.405241 0.590625 0.892365
0 25.179226 37.800000 64.551087 0.914210 0.000000 -0.405241 0.590625 1.008611
collar_dark
0 21.881425 34.200000 57.111366 0.914210 0.000000 -0.405241 0.534375 0.892365
0 25.179226 37.800000 64.551087 0.914210 0.000000 -0.405241 0.590625 1.008611
0 25.179226 34.200000 64.551087 0.914210 0.000000 -0.405241 0.534375 1.008611
collar_dark
0 21.881425 37.800000 57.111366 0.000000 1.000000 0.000000 0.341897 0.892365
0 18.627063 37.800000 58.650564 0.000000 1.000000 0.000000 0.291048 0.916415
0 21.853260 37.800000 65.928747 0.000000 1.000000 0.000000 0.341457 1.030137
collar_dark
0 21.881425 37.800000 57.111366 0.000000 1.000000 0.000000 0.341897 0.892365
0 21.853260 37.800000 65.928747 0.000000 1.000000 0.000000 0.341457 1.030137
0 25.179226 37.800000 64.551087 0.000000 1.000000 0.000000 0.393425 1.008611
collar_dark
0 18.627063 37.800000 58.650564 -0.914210 0.000000 0.405241 0.590625 0.916415
0 18.627063 34.200000 58.650564 -0.914210 0.000000 0.405241 0.534375 0.916415
0 21.853260 34.200000 65.928747 -0.914210 0.000000 0.405241 0.534375 1.030137
collar_dark
0 18.627063 37.800000 58.650564 -0.914210 0.000000 0.405241 0.590625 0.916415
0 21.853260 34.200000 65.928747 -0.914210 0.000000 0.405241 0.534375 1.030137
0 21.853260 37.800000 65.928747 -0.914210 0.000000 0.405241 0.590625 1.030137
collar_dark
0 18.627063 34.200000 58.650564 0.000000 -1.000000 0.000000 0.291048 0.916415
0 21.881425 34.200000 57.111366 0.000000 -1.000000 0.000000 0.341897 0.892365
0 25.179226 34.200000 64.551087 0.000000 -1.000000 0.000000 0.393425 1.008611
collar_dark
0 18.627063 34.200000 58.650564 0.000000 -1.000000 0.000000 0.291048 0.916415
0 25.179226 34.200000 64.551087 0.000000 -1.000000 0.000000 0.393425 1.008611
0 21.853260 34.200000 65.928747 0.000000 -1.000000 0.000000 0.341457 1.030137
collar_dark
0 -43.205804 34.200000 87.895332 0.914210 0.000000 -0.405241 0.534375 1.373365
0 -43.205804 37.800000 87.895332 0.914210 0.000000 -0.405241 0.590625 1.373365
0 -41.340100 37.800000 92.104294 0.914210 0.000000 -0.405241 0.590625 1.439130
collar_dark
0 -43.205804 34.200000 87.895332 0.914210 0.000000 -0.405241 0.534375 1.373365
0 -41.340100 37.800000 92.104294 0.914210 0.000000 -0.405241 0.590625 1.439130
0 -41.340100 34.200000 92.104294 0.914210 0.000000 -0.405241 0.534375 1.439130
collar_dark
0 -43.205804 37.800000 87.895332 0.000000 1.000000 0.000000 -0.675091 1.373365
0 -46.460166 37.800000 89.434531 0.000000 1.000000 0.000000 -0.725940 1.397415
0 -44.666066 37.800000 93.481954 0.000000 1.000000 0.000000 -0.697907 1.460656
collar_dark
0 -43.205804 37.800000 87.895332 0.000000 1.000000 0.000000 -0.675091 1.373365
0 -44.666066 37.800000 93.481954 0.000000 1.000000 0.000000 -0.697907 1.460656
0 -41.340100 37.800000 92.104294 0.000000 1.000000 0.000000 -0.645939 1.439130
collar_dark
0 -46.460166 37.800000 89.434531 -0.914210 0.000000 0.405241 0.590625 1.397415
0 -46.460166 34.200000 89.434531 -0.914210 0.000000 0.405241 0.534375 1.397415
0 -44.666066 34.200000 93.481954 -0.914210 0.000000 0.405241 0.534375 1.460656
collar_dark
0 -46.460166 37.800000 89.434531 -0.914210 0.000000 0.405241 0.590625 1.397415
0 -44.666066 34.200000 93.481954 -0.914210 0.000000 0.405241 0.534375 1.460656
0 -44.666066 37.800000 93.481954 -0.914210 0.000000 0.405241 0.590625 1.460656
collar_dark
0 -46.460166 34.200000 89.434531 0.000000 -1.000000 0.000000 -0.725940 1.397415
0 -43.205804 34.200000 87.895332 0.000000 -1.000000 0.000000 -0.675091 1.373365
0 -41.340100 34.200000 92.104294 0.000000 -1.000000 0.000000 -0.645939 1.439130
collar_dark
0 -46.460166 34.200000 89.434531 0.000000 -1.000000 0.000000 -0.725940 1.397415
0 -41.340100 34.200000 92.104294 0.000000 -1.000000 0.000000 -0.645939 1.439130
0 -44.666066 34.200000 93.481954 0.000000 -1.000000 0.000000 -0.697907 1.460656
glass
0 -23.987853 48.296291 78.805918 -0.457208 0.865960 0.202666 -0.374810 1.231342
0 -44.250218 35.355339 88.389303 -0.457208 0.865960 0.202666 -0.691410 1.381083
0 -42.407494 35.355339 92.546423 -0.457208 0.865960 0.202666 -0.662617 1.446038
glass
0 -23.987853 48.296291 78.805918 -0.457208 0.865960 0.202666 -0.374810 1.231342
0 -42.407494 35.355339 92.546423 -0.457208 0.865960 0.202666 -0.662617 1.446038
0 -21.699301 48.296291 83.968809 -0.457208 0.865960 0.202666 -0.339052 1.312013
glass
0 -44.250218 35.355339 88.389303 -0.791788 0.499887 0.350976 0.552427 1.381083
0 -55.948701 12.940952 93.922273 -0.791788 0.499887 0.350976 0.202202 1.467536
0 -54.363375 12.940952 97.498711 -0.791788 0.499887 0.350976 0.202202 1.523417
glass
0 -44.250218 35.355339 88.389303 -0.791788 0.499887 0.350976 0.552427 1.381083
0 -54.363375 12.940952 97.498711 -0.791788 0.499887 0.350976 0.202202 1.523417
0 -42.407494 35.355339 92.546423 -0.791788 0.499887 0.350976 0.552427 1.446038
glass
0 -55.948701 12.940952 93.922273 -0.914210 0.000000 0.405241 0.202202 1.467536
0 -55.948701 -12.940952 93.922273 -0.914210 0.000000 0.405241 -0.202202 1.467536
0 -54.363375 -12.940952 97.498711 -0.914210 0.000000 0.405241 -0.202202 1.523417
glass
0 -55.948701 12.940952 93.922273 -0.914210 0.000000 0.405241 0.202202 1.467536
0 -54.363375 -12.940952 97.498711 -0.914210 0.000000 0.405241 -0.202202 1.523417
0 -54.363375 12.940952 97.498711 -0.914210 0.000000 0.405241 0.202202 1.523417
glass
0 -55.948701 -12.940952 93.922273 -0.791788 -0.499887 0.350976 -0.202202 1.467536
0 -44.250218 -35.355339 88.389303 -0.791788 -0.499887 0.350976 -0.552427 1.381083
0 -42.407494 -35.355339 92.546423 -0.791788 -0.499887 0.350976 -0.552427 1.446038
glass
0 -55.948701 -12.940952 93.922273 -0.791788 -0.499887 0.350976 -0.202202 1.467536
0 -42.407494 -35.355339 92.546423 -0.791788 -0.499887 0.350976 -0.552427 1.446038
0 -54.363375 -12.940952 97.498711 -0.791788 -0.499887 0.350976 -0.202202 1.523417
glass
0 -44.250218 -35.355339 88.389303 -0.457208 -0.865960 0.202666 -0.691410 1.381083
0 -23.987853 -48.296291 78.805918 -0.457208 -0.865960 0.202666 -0.374810 1.231342
0 -21.699301 -48.296291 83.968809 -0.457208 -0.865960 0.202666 -0.339052 1.312013
glass
0 -44.250218 -35.355339 88.389303 -0.457208 -0.865960 0.202666 -0.691410 1.381083
0 -21.699301 -48.296291 83.968809 -0.457208 -0.865960 0.202666 -0.339052 1.312013
0 -42.407494 -35.355339 92.546423 -0.457208 -0.865960 0.202666 -0.662617 1.446038
glass
0 -23.987853 -48.296291 78.805918 0.000000 -1.000000 0.000000 -0.374810 1.231342
0 -0.590888 -48.296291 67.739978 0.000000 -1.000000 0.000000 -0.009233 1.058437
0 2.212461 -48.296291 74.064233 0.000000 -1.000000 0.000000 0.034570 1.157254
glass
0 -23.987853 -48.296291 78.805918 0.000000 -1.000000 0.000000 -0.374810 1.231342
0 2.212461 -48.296291 74.064233 0.000000 -1.000000 0.000000 0.034570 1.157254
0 -21.699301 -48.296291 83.968809 0.000000 -1.000000 0.000000 -0.339052 1.312013
glass
0 -0.590888 -48.296291 67.739978 0.457208 -0.865960 -0.202666 -0.009233 1.058437
0 19.671477 -35.355339 58.156593 0.457208 -0.865960 -0.202666 0.307367 0.908697
0 22.920654 -35.355339 65.486618 0.457208 -0.865960 -0.202666 0.358135 1.023228
glass
0 -0.590888 -48.296291 67.739978 0.457208 -0.865960 -0.202666 -0.009233 1.058437
0 22.920654 -35.355339 65.486618 0.457208 -0.865960 -0.202666 0.358135 1.023228
0 2.212461 -48.296291 74.064233 0.457208 -0.865960 -0.202666 0.034570 1.157254
glass
0 19.671477 -35.355339 58.156593 0.791788 -0.499887 -0.350976 -0.552427 0.908697
0 31.369960 -12.940952 52.623623 0.791788 -0.499887 -0.350976 -0.202202 0.822244
0 34.876535 -12.940952 60.534330 0.791788 -0.499887 -0.350976 -0.202202 0.945849
glass
0 19.671477 -35.355339 58.156593 0.791788 -0.499887 -0.350976 -0.552427 0.908697
0 34.876535 -12.940952 60.534330 0.791788 -0.499887 -0.350976 -0.202202 0.945849
0 22.920654 -35.355339 65.486618 0.791788 -0.499887 -0.350976 -0.552427 1.023228
glass
0 31.369960 -12.940952 52.623623 0.914210 -0.000000 -0.405241 -0.202202 0.822244
0 31.369960 12.940952 52.623623 0.914210 -0.000000 -0.405241 0.202202 0.822244
0 34.876535 12.940952 60.534330 0.914210 -0.000000 -0.405241 0.202202 0.945849
glass
0 31.369960 -12.940952 52.623623 0.914210 -0.000000 -0.405241 -0.202202 0.822244
0 34.876535 12.940952 60.534330 0.914210 -0.000000 -0.405241 0.202202 0.945849
0 34.876535 -12.940952 60.534330 0.914210 -0.000000 -0.405241 -0.202202 0.945849
glass
0 31.369960 12.940952 52.623623 0.791788 0.499887 -0.350976 0.202202 0.822244
0 19.671477 35.355339 58.156593 0.791788 0.499887 -0.350976 0.552427 0.908697
0 22.920654 35.355339 65.486618 0.791788 0.499887 -0.350976 0.552427 1.023228
glass
0 31.369960 12.940952 52.623623 0.791788 0.499887 -0.350976 0.202202 0.822244
0 22.920654 35.355339 65.486618 0.791788 0.499887 -0.350976 0.552427 1.023228
0 34.876535 12.940952 60.534330 0.791788 0.499887 -0.350976 0.202202 0.945849
glass
0 19.671477 35.355339 58.156593 0.457208 0.865960 -0.202666 0.307367 0.908697
0 -0.590888 48.296291 67.739978 0.457208 0.865960 -0.202666 -0.009233 1.058437
0 2.212461 48.296291 74.064233 0.457208 0.865960 -0.202666 0.034570 1.157254
glass
0 19.671477 35.355339 58.156593 0.457208 0.865960 -0.202666 0.307367 0.908697
0 2.212461 48.296291 74.064233 0.457208 0.865960 -0.202666 0.034570 1.157254
0 22.920654 35.355339 65.486618 0.457208 0.865960 -0.202666 0.358135 1.023228
glass
0 -0.590888 48.296291 67.739978 0.000000 1.000000 -0.000000 -0.009233 1.058437
0 -23.987853 48.296291 78.805918 0.000000 1.000000 -0.000000 -0.374810 1.231342
0 -21.699301 48.296291 83.968809 0.000000 1.000000 -0.000000 -0.339052 1.312013
glass
0 -0.590888 48.296291 67.739978 0.000000 1.000000 -0.000000 -0.009233 1.058437
0 -21.699301 48.296291 83.968809 0.000000 1.000000 -0.000000 -0.339052 1.312013
0 2.212461 48.296291 74.064233 0.000000 1.000000 -0.000000 0.034570 1.157254
collar_dark
0 25.179226 -37.800000 64.551087 0.932993 0.000000 -0.359895 -0.590625 1.008611
0 25.179226 -34.200000 64.551087 0.932993 0.000000 -0.359895 -0.534375 1.008611
0 28.108006 -34.200000 72.143662 0.932993 0.000000 -0.359895 -0.534375 1.127245
collar_dark
0 25.179226 -37.800000 64.551087 0.932993 0.000000 -0.359895 -0.590625 1.008611
0 28.108006 -34.200000 72.143662 0.932993 0.000000 -0.359895 -0.534375 1.127245
0 28.108006 -37.800000 72.143662 0.932993 0.000000 -0.359895 -0.590625 1.127245
collar_dark
0 25.179226 -34.200000 64.551087 0.000000 1.000000 0.000000 0.393425 1.008611
0 21.853260 -34.200000 65.928747 0.000000 1.000000 0.000000 0.341457 1.030137
0 24.718447 -34.200000 73.356466 0.000000 1.000000 0.000000 0.386226 1.146195
collar_dark
0 25.179226 -34.200000 64.551087 0.000000 1.000000 0.000000 0.393425 1.008611
0 24.718447 -34.200000 73.356466 0.000000 1.000000 0.000000 0.386226 1.146195
0 28.108006 -34.200000 72.143662 0.000000 1.000000 0.000000 0.439188 1.127245
collar_dark
0 21.853260 -34.200000 65.928747 -0.932993 0.000000 0.359895 -0.534375 1.030137
0 21.853260 -37.800000 65.928747 -0.932993 0.000000 0.359895 -0.590625 1.030137
0 24.718447 -37.800000 73.356466 -0.932993 0.000000 0.359895 -0.590625 1.146195
collar_dark
0 21.853260 -34.200000 65.928747 -0.932993 0.000000 0.359895 -0.534375 1.030137
0 24.718447 -37.800000 73.356466 -0.932993 0.000000 0.359895 -0.590625 1.146195
0 24.718447 -34.200000 73.356466 -0.932993 0.000000 0.359895 -0.534375 1.146195
collar_dark
0 21.853260 -37.800000 65.928747 0.000000 -1.000000 0.000000 0.341457 1.030137
0 25.179226 -37.800000 64.551087 0.000000 -1.000000 0.000000 0.393425 1.008611
0 28.108006 -37.800000 72.143662 0.000000 -1.000000 0.000000 0.439188 1.127245
collar_dark
0 21.853260 -37.800000 65.928747 0.000000 -1.000000 0.000000 0.341457 1.030137
0 28.108006 -37.800000 72.143662 0.000000 -1.000000 0.000000 0.439188 1.127245
0 24.718447 -37.800000 73.356466 0.000000 -1.000000 0.000000 0.386226 1.146195
collar_dark
0 -41.340100 -37.800000 92.104294 0.932993 0.000000 -0.359895 -0.590625 1.439130
0 -41.340100 -34.200000 92.104294 0.932993 0.000000 -0.359895 -0.534375 1.439130
0 -39.683167 -34.200000 96.399732 0.932993 0.000000 -0.359895 -0.534375 1.506246
collar_dark
0 -41.340100 -37.800000 92.104294 0.932993 0.000000 -0.359895 -0.590625 1.439130
0 -39.683167 -34.200000 96.399732 0.932993 0.000000 -0.359895 -0.534375 1.506246
0 -39.683167 -37.800000 96.399732 0.932993 0.000000 -0.359895 -0.590625 1.506246
collar_dark
0 -41.340100 -34.200000 92.104294 0.000000 1.000000 0.000000 -0.645939 1.439130
0 -44.666066 -34.200000 93.481954 0.000000 1.000000 0.000000 -0.697907 1.460656
0 -43.072725 -34.200000 97.612535 0.000000 1.000000 0.000000 -0.673011 1.525196
collar_dark
0 -41.340100 -34.200000 92.104294 0.000000 1.000000 0.000000 -0.645939 1.439130
0 -43.072725 -34.200000 97.612535 0.000000 1.000000 0.000000 -0.673011 1.525196
0 -39.683167 -34.200000 96.399732 0.000000 1.000000 0.000000 -0.620049 1.506246
collar_dark
0 -44.666066 -34.200000 93.481954 -0.932993 0.000000 0.359895 -0.534375 1.460656
0 -44.666066 -37.800000 93.481954 -0.932993 0.000000 0.359895 -0.590625 1.460656
0 -43.072725 -37.800000 97.612535 -0.932993 0.000000 0.359895 -0.590625 1.525196
collar_dark
0 -44.666066 -34.200000 93.481954 -0.932993 0.000000 0.359895 -0.534375 1.460656
0 -43.072725 -37.800000 97.612535 -0.932993 0.000000 0.359895 -0.590625 1.525196
0 -43.072725 -34.200000 97.612535 -0.932993 0.000000 0.359895 -0.534375 1.525196
collar_dark
0 -44.666066 -37.800000 93.481954 0.000000 -1.000000 0.000000 -0.697907 1.460656
0 -41.340100 -37.800000 92.104294 0.000000 -1.000000 0.000000 -0.645939 1.439130
0 -39.683167 -37.800000 96.399732 0.000000 -1.000000 0.000000 -0.620049 1.506246
collar_dark
0 -44.666066 -37.800000 93.481954 0.000000 -1.000000 0.000000 -0.697907 1.460656
0 -39.683167 -37.800000 96.399732 0.000000 -1.000000 0.000000 -0.620049 1.506246
0 -43.072725 -37.800000 97.612535 0.000000 -1.000000 0.000000 -0.673011 1.525196
collar_dark
0 25.179226 34.200000 64.551087 0.932993 0.000000 -0.359895 0.534375 1.008611
0 25.179226 37.800000 64.551087 0.932993 0.000000 -0.359895 0.590625 1.008611
0 28.108006 37.800000 72.143662 0.932993 0.000000 -0.359895 0.590625 1.127245
collar_dark
0 25.179226 34.200000 64.551087 0.932993 0.000000 -0.359895 0.534375 1.008611
0 28.108006 37.800000 72.143662 0.932993 0.000000 -0.359895 0.590625 1.127245
0 28.108006 34.200000 72.143662 0.932993 0.000000 -0.359895 0.534375 1.127245
collar_dark
0 25.179226 37.800000 64.551087 0.000000 1.000000 0.000000 0.393425 1.008611
0 21.853260 37.800000 65.928747 0.000000 1.000000 0.000000 0.341457 1.030137
0 24.718447 37.800000 73.356466 0.000000 1.000000 0.000000 0.386226 1.146195
collar_dark
0 25.179226 37.800000 64.551087 0.000000 1.000000 0.000000 0.393425 1.008611
0 24.718447 37.800000 73.356466 0.000000 1.000000 0.000000 0.386226 1.146195
0 28.108006 37.800000 72.143662 0.000000 1.000000 0.000000 0.439188 1.127245
collar_dark
0 21.853260 37.800000 65.928747 -0.932993 0.000000 0.359895 0.590625 1.030137
0 21.853260 34.200000 65.928747 -0.932993 0.000000 0.359895 0.534375 1.030137
0 24.718447 34.200000 73.356466 -0.932993 0.000000 0.359895 0.534375 1.146195
collar_dark
0 21.853260 37.800000 65.928747 -0.932993 0.000000 0.359895 0.590625 1.030137
0 24.718447 34.200000 73.356466 -0.932993 0.000000 0.359895 0.534375 1.146195
0 24.718447 37.800000 73.356466 -0.932993 0.000000 0.359895 0.590625 1.146195
collar_dark
0 21.853260 34.200000 65.928747 0.000000 -1.000000 0.000000 0.341457 1.030137
0 25.179226 34.200000 64.551087 0.000000 -1.000000 0.000000 0.393425 1.008611
0 28.108006 34.200000 72.143662 0.000000 -1.000000 0.000000 0.439188 1.127245
collar_dark
0 21.853260 34.200000 65.928747 0.000000 -1.000000 0.000000 0.341457 1.030137
0 28.108006 34.200000 72.143662 0.000000 -1.000000 0.000000 0.439188 1.127245
0 24.718447 34.200000 73.356466 0.000000 -1.000000 0.000000 0.386226 1.146195
collar_dark
0 -41.340100 34.200000 92.104294 0.932993 0.000000 -0.359895 0.534375 1.439130
0 -41.340100 37.800000 92.104294 0.932993 0.000000 -0.359895 0.590625 1.439130
0 -39.683167 37.800000 96.399732 0.932993 0.000000 -0.359895 0.590625 1.506246
collar_dark
0 -41.340100 34.200000 92.104294 0.932993 0.000000 -0.359895 0.534375 1.439130
0 -39.683167 37.800000 96.399732 0.932993 0.000000 -0.359895 0.590625 1.506246
0 -39.683167 34.200000 96.399732 0.932993 0.000000 -0.359895 0.534375 1.506246
collar_dark
0 -41.340100 37.800000 92.104294 0.000000 1.000000 0.000000 -0.645939 1.439130
0 -44.666066 37.800000 93.481954 0.000000 1.000000 0.000000 -0.697907 1.460656
0 -43.072725 37.800000 97.612535 0.000000 1.000000 0.000000 -0.673011 1.525196
collar_dark
0 -41.340100 37.800000 92.104294 0.000000 1.000000 0.000000 -0.645939 1.439130
0 -43.072725 37.800000 97.612535 0.000000 1.000000 0.000000 -0.673011 1.525196
0 -39.683167 37.800000 96.399732 0.000000 1.000000 0.000000 -0.620049 1.506246
collar_dark
0 -44.666066 37.800000 93.481954 -0.932993 0.000000 0.359895 0.590625 1.460656
0 -44.666066 34.200000 93.481954 -0.932993 0.000000 0.359895 0.534375 1.460656
0 -43.072725 34.200000 97.612535 -0.932993 0.000000 0.359895 0.534375 1.525196
collar_dark
0 -44.666066 37.800000 93.481954 -0.932993 0.000000 0.359895 0.590625 1.460656
0 -43.072725 34.200000 97.612535 -0.932993 0.000000 0.359895 0.534375 1.525196
0 -43.072725 37.800000 97.612535 -0.932993 0.000000 0.359895 0.590625 1.525196
collar_dark
0 -44.666066 34.200000 93.481954 0.000000 -1.000000 0.000000 -0.697907 1.460656
0 -41.340100 34.200000 92.104294 0.000000 -1.000000 0.000000 -0.645939 1.439130
0 -39.683167 34.200000 96.399732 0.000000 -1.000000 0.000000 -0.620049 1.506246
collar_dark
0 -44.666066 34.200000 93.481954 0.000000 -1.000000 0.000000 -0.697907 1.460656
0 -39.683167 34.200000 96.399732 0.000000 -1.000000 0.000000 -0.620049 1.506246
0 -43.072725 34.200000 97.612535 0.000000 -1.000000 0.000000 -0.673011 1.525196
glass
0 -21.699301 48.296291 83.968809 -0.466602 0.865960 0.179988 -0.339052 1.312013
0 -42.407494 35.355339 92.546423 -0.466602 0.865960 0.179988 -0.662617 1.446038
0 -40.770969 35.355339 96.788954 -0.466602 0.865960 0.179988 -0.637046 1.512327
glass
0 -21.699301 48.296291 83.968809 -0.466602 0.865960 0.179988 -0.339052 1.312013
0 -40.770969 35.355339 96.788954 -0.466602 0.865960 0.179988 -0.637046 1.512327
0 -19.666836 48.296291 89.237774 -0.466602 0.865960 0.179988 -0.307294 1.394340
glass
0 -42.407494 35.355339 92.546423 -0.808056 0.499887 0.311702 0.552427 1.446038
0 -54.363375 12.940952 97.498711 -0.808056 0.499887 0.311702 0.202202 1.523417
0 -52.955446 12.940952 101.148629 -0.808056 0.499887 0.311702 0.202202 1.580447
glass
0 -42.407494 35.355339 92.546423 -0.808056 0.499887 0.311702 0.552427 1.446038
0 -52.955446 12.940952 101.148629 -0.808056 0.499887 0.311702 0.202202 1.580447
0 -40.770969 35.355339 96.788954 -0.808056 0.499887 0.311702 0.552427 1.512327
glass
0 -54.363375 12.940952 97.498711 -0.932993 0.000000 0.359895 0.202202 1.523417
0 -54.363375 -12.940952 97.498711 -0.932993 0.000000 0.359895 -0.202202 1.523417
0 -52.955446 -12.940952 101.148629 -0.932993 0.000000 0.359895 -0.202202 1.580447
glass
0 -54.363375 12.940952 97.498711 -0.932993 0.000000 0.359895 0.202202 1.523417
0 -52.955446 -12.940952 101.148629 -0.932993 0.000000 0.359895 -0.202202 1.580447
0 -52.955446 12.940952 101.148629 -0.932993 0.000000 0.359895 0.202202 1.580447
glass
0 -54.363375 -12.940952 97.498711 -0.808056 -0.499887 0.311702 -0.202202 1.523417
0 -42.407494 -35.355339 92.546423 -0.808056 -0.499887 0.311702 -0.552427 1.446038
0 -40.770969 -35.355339 96.788954 -0.808056 -0.499887 0.311702 -0.552427 1.512327
glass
0 -54.363375 -12.940952 97.498711 -0.808056 -0.499887 0.311702 -0.202202 1.523417
0 -40.770969 -35.355339 96.788954 -0.808056 -0.499887 0.311702 -0.552427 1.512327
0 -52.955446 -12.940952 101.148629 -0.808056 -0.499887 0.311702 -0.202202 1.580447
glass
0 -42.407494 -35.355339 92.546423 -0.466602 -0.865960 0.179988 -0.662617 1.446038
0 -21.699301 -48.296291 83.968809 -0.466602 -0.865960 0.179988 -0.339052 1.312013
0 -19.666836 -48.296291 89.237774 -0.466602 -0.865960 0.179988 -0.307294 1.394340
glass
0 -42.407494 -35.355339 92.546423 -0.466602 -0.865960 0.179988 -0.662617 1.446038
0 -19.666836 -48.296291 89.237774 -0.466602 -0.865960 0.179988 -0.307294 1.394340
0 -40.770969 -35.355339 96.788954 -0.466602 -0.865960 0.179988 -0.637046 1.512327
glass
0 -21.699301 -48.296291 83.968809 0.000000 -1.000000 0.000000 -0.339052 1.312013
0 2.212461 -48.296291 74.064233 0.000000 -1.000000 0.000000 0.034570 1.157254
0 4.702117 -48.296291 80.518423 0.000000 -1.000000 0.000000 0.073471 1.258100
glass
0 -21.699301 -48.296291 83.968809 0.000000 -1.000000 0.000000 -0.339052 1.312013
0 4.702117 -48.296291 80.518423 0.000000 -1.000000 0.000000 0.073471 1.258100
0 -19.666836 -48.296291 89.237774 0.000000 -1.000000 0.000000 -0.307294 1.394340
glass
0 2.212461 -48.296291 74.064233 0.466602 -0.865960 -0.179988 0.034570 1.157254
0 22.920654 -35.355339 65.486618 0.466602 -0.865960 -0.179988 0.358135 1.023228
0 25.806250 -35.355339 72.967244 0.466602 -0.865960 -0.179988 0.403223 1.140113
glass
0 2.212461 -48.296291 74.064233 0.466602 -0.865960 -0.179988 0.034570 1.157254
0 25.806250 -35.355339 72.967244 0.466602 -0.865960 -0.179988 0.403223 1.140113
0 4.702117 -48.296291 80.518423 0.466602 -0.865960 -0.179988 0.073471 1.258100
glass
0 22.920654 -35.355339 65.486618 0.808056 -0.499887 -0.311702 -0.552427 1.023228
0 34.876535 -12.940952 60.534330 0.808056 -0.499887 -0.311702 -0.202202 0.945849
0 37.990727 -12.940952 68.607568 0.808056 -0.499887 -0.311702 -0.202202 1.071993
glass
0 22.920654 -35.355339 65.486618 0.808056 -0.499887 -0.311702 -0.552427 1.023228
0 37.990727 -12.940952 68.607568 0.808056 -0.499887 -0.311702 -0.202202 1.071993
0 25.806250 -35.355339 72.967244 0.808056 -0.499887 -0.311702 -0.552427 1.140113
glass
0 34.876535 -12.940952 60.534330 0.932993 -0.000000 -0.359895 -0.202202 0.945849
0 34.876535 12.940952 60.534330 0.932993 -0.000000 -0.359895 0.202202 0.945849
0 37.990727 12.940952 68.607568 0.932993 -0.000000 -0.359895 0.202202 1.071993
glass
0 34.876535 -12.940952 60.534330 0.932993 -0.000000 -0.359895 -0.202202 0.945849
0 37.990727 12.940952 68.607568 0.932993 -0.000000 -0.359895 0.202202 1.071993
0 37.990727 -12.940952 68.607568 0.932993 -0.000000 -0.359895 -0.202202 1.071993
glass
0 34.876535 12.940952 60.534330 0.808056 0.499887 -0.311702 0.202202 0.945849
0 22.920654 35.355339 65.486618 0.808056 0.499887 -0.311702 0.552427 1.023228
0 25.806250 35.355339 72.967244 0.808056 0.499887 -0.311702 0.552427 1.140113
glass
0 34.876535 12.940952 60.534330 0.808056 0.499887 -0.311702 0.202202 0.945849
0 25.806250 35.355339 72.967244 0.808056 0.499887 -0.311702 0.552427 1.140113
0 37.990727 12.940952 68.607568 0.808056 0.499887 -0.311702 0.202202 1.071993
glass
0 22.920654 35.355339 65.486618 0.466602 0.865960 -0.179988 0.358135 1.023228
0 2.212461 48.296291 74.064233 0.466602 0.865960 -0.179988 0.034570 1.157254
0 4.702117 48.296291 80.518423 0.466602 0.865960 -0.179988 0.073471 1.258100
glass
0 22.920654 35.355339 65.486618 0.466602 0.865960 -0.179988 0.358135 1.023228
0 4.702117 48.296291 80.518423 0.466602 0.865960 -0.179988 0.073471 1.258100
0 25.806250 35.355339 72.967244 0.466602 0.865960 -0.179988 0.403223 1.140113
glass
0 2.212461 48.296291 74.064233 0.000000 1.000000 -0.000000 0.034570 1.157254
0 -21.699301 48.296291 83.968809 0.000000 1.000000 -0.000000 -0.339052 1.312013
0 -19.666836 48.296291 89.237774 0.000000 1.000000 -0.000000 -0.307294 1.394340
glass
0 2.212461 48.296291 74.064233 0.000000 1.000000 -0.000000 0.034570 1.157254
0 -19.666836 48.296291 89.237774 0.000000 1.000000 -0.000000 -0.307294 1.394340
0 4.702117 48.296291 80.518423 0.000000 1.000000 -0.000000 0.073471 1.258100
collar_dark
0 28.108006 -37.800000 72.143662 0.949528 0.000000 -0.313682 -0.590625 1.127245
0 28.108006 -34.200000 72.143662 0.949528 0.000000 -0.313682 -0.534375 1.127245
0 30.660708 -34.200000 79.870801 0.949528 0.000000 -0.313682 -0.534375 1.247981
collar_dark
0 28.108006 -37.800000 72.143662 0.949528 0.000000 -0.313682 -0.590625 1.127245
0 30.660708 -34.200000 79.870801 0.949528 0.000000 -0.313682 -0.534375 1.247981
0 30.660708 -37.800000 79.870801 0.949528 0.000000 -0.313682 -0.590625 1.247981
collar_dark
0 28.108006 -34.200000 72.143662 0.000000 1.000000 0.000000 0.439188 1.127245
0 24.718447 -34.200000 73.356466 0.000000 1.000000 0.000000 0.386226 1.146195
0 27.215722 -34.200000 80.915825 0.000000 1.000000 0.000000 0.425246 1.264310
collar_dark
0 28.108006 -34.200000 72.143662 0.000000 1.000000 0.000000 0.439188 1.127245
0 27.215722 -34.200000 80.915825 0.000000 1.000000 0.000000 0.425246 1.264310
0 30.660708 -34.200000 79.870801 0.000000 1.000000 0.000000 0.479074 1.247981
collar_dark
0 24.718447 -34.200000 73.356466 -0.949528 0.000000 0.313682 -0.534375 1.146195
0 24.718447 -37.800000 73.356466 -0.949528 0.000000 0.313682 -0.590625 1.146195
0 27.215722 -37.800000 80.915825 -0.949528 0.000000 0.313682 -0.590625 1.264310
collar_dark
0 24.718447 -34.200000 73.356466 -0.949528 0.000000 0.313682 -0.534375 1.146195
0 27.215722 -37.800000 80.915825 -0.949528 0.000000 0.313682 -0.590625 1.264310
0 27.215722 -34.200000 80.915825 -0.949528 0.000000 0.313682 -0.534375 1.264310
collar_dark
0 24.718447 -37.800000 73.356466 0.000000 -1.000000 0.000000 0.386226 1.146195
0 28.108006 -37.800000 72.143662 0.000000 -1.000000 0.000000 0.439188 1.127245
0 30.660708 -37.800000 79.870801 0.000000 -1.000000 0.000000 0.479074 1.247981
collar_dark
0 24.718447 -37.800000 73.356466 0.000000 -1.000000 0.000000 0.386226 1.146195
0 30.660708 -37.800000 79.870801 0.000000 -1.000000 0.000000 0.479074 1.247981
0 27.215722 -37.800000 80.915825 0.000000 -1.000000 0.000000 0.425246 1.264310
collar_dark
0 -39.683167 -37.800000 96.399732 0.949528 0.000000 -0.313682 -0.590625 1.506246
0 -39.683167 -34.200000 96.399732 0.949528 0.000000 -0.313682 -0.534375 1.506246
0 -38.238997 -34.200000 100.771297 0.949528 0.000000 -0.313682 -0.534375 1.574552
collar_dark
0 -39.683167 -37.800000 96.399732 0.949528 0.000000 -0.313682 -0.590625 1.506246
0 -38.238997 -34.200000 100.771297 0.949528 0.000000 -0.313682 -0.534375 1.574552
0 -38.238997 -37.800000 100.771297 0.949528 0.000000 -0.313682 -0.590625 1.574552
collar_dark
0 -39.683167 -34.200000 96.399732 0.000000 1.000000 0.000000 -0.620049 1.506246
0 -43.072725 -34.200000 97.612535 0.000000 1.000000 0.000000 -0.673011 1.525196
0 -41.683982 -34.200000 101.816322 0.000000 1.000000 0.000000 -0.651312 1.590880
collar_dark
0 -39.683167 -34.200000 96.399732 0.000000 1.000000 0.000000 -0.620049 1.506246
0 -41.683982 -34.200000 101.816322 0.000000 1.000000 0.000000 -0.651312 1.590880
0 -38.238997 -34.200000 100.771297 0.000000 1.000000 0.000000 -0.597484 1.574552
collar_dark
0 -43.072725 -34.200000 97.612535 -0.949528 0.000000 0.313682 -0.534375 1.525196
0 -43.072725 -37.800000 97.612535 -0.949528 0.000000 0.313682 -0.590625 1.525196
0 -41.683982 -37.800000 101.816322 -0.949528 0.000000 0.313682 -0.590625 1.590880
collar_dark
0 -43.072725 -34.200000 97.612535 -0.949528 0.000000 0.313682 -0.534375 1.525196
0 -41.683982 -37.800000 101.816322 -0.949528 0.000000 0.313682 -0.590625 1.590880
0 -41.683982 -34.200000 101.816322 -0.949528 0.000000 0.313682 -0.534375 1.590880
collar_dark
0 -43.072725 -37.800000 97.612535 0.000000 -1.000000 0.000000 -0.673011 1.525196
0 -39.683167 -37.800000 96.399732 0.000000 -1.000000 0.000000 -0.620049 1.506246
0 -38.238997 -37.800000 100.771297 0.000000 -1.000000 0.000000 -0.597484 1.574552
collar_dark
0 -43.072725 -37.800000 97.612535 0.000000 -1.000000 0.000000 -0.673011 1.525196
0 -38.238997 -37.800000 100.771297 0.000000 -1.000000 0.000000 -0.597484 1.574552
0 -41.683982 -37.800000 101.816322 0.000000 -1.000000 0.000000 -0.651312 1.590880
collar_dark
0 28.108006 34.200000 72.143662 0.949528 0.000000 -0.313682 0.534375 1.127245
0 28.108006 37.800000 72.143662 0.949528 0.000000 -0.313682 0.590625 1.127245
0 30.660708 37.800000 79.870801 0.949528 0.000000 -0.313682 0.590625 1.247981
collar_dark
0 28.108006 34.200000 72.143662 0.949528 0.000000 -0.313682 0.534375 1.127245
0 30.660708 37.800000 79.870801 0.949528 0.000000 -0.313682 0.590625 1.247981
0 30.660708 34.200000 79.870801 0.949528 0.000000 -0.313682 0.534375 1.247981
collar_dark
0 28.108006 37.800000 72.143662 0.000000 1.000000 0.000000 0.439188 1.127245
0 24.718447 37.800000 73.356466 0.000000 1.000000 0.000000 0.386226 1.146195
0 27.215722 37.800000 80.915825 0.000000 1.000000 0.000000 0.425246 1.264310
collar_dark
0 28.108006 37.800000 72.143662 0.000000 1.000000 0.000000 0.439188 1.127245
0 27.215722 37.800000 80.915825 0.000000 1.000000 0.000000 0.425246 1.264310
0 30.660708 37.800000 79.870801 0.000000 1.000000 0.000000 0.479074 1.247981
collar_dark
0 24.718447 37.800000 73.356466 -0.949528 0.000000 0.313682 0.590625 1.146195
0 24.718447 34.200000 73.356466 -0.949528 0.000000 0.313682 0.534375 1.146195
0 27.215722 34.200000 80.915825 -0.949528 0.000000 0.313682 0.534375 1.264310
collar_dark
0 24.718447 37.800000 73.356466 -0.949528 0.000000 0.313682 0.590625 1.146195
0 27.215722 34.200000 80.915825 -0.949528 0.000000 0.313682 0.534375 1.264310
0 27.215722 37.800000 80.915825 -0.949528 0.000000 0.313682 0.590625 1.264310
collar_dark
0 24.718447 34.200000 73.356466 0.000000 -1.000000 0.000000 0.386226 1.146195
0 28.108006 34.200000 72.143662 0.000000 -1.000000 0.000000 0.439188 1.127245
0 30.660708 34.200000 79.870801 0.000000 -1.000000 0.000000 0.479074 1.247981
collar_dark
0 24.718447 34.200000 73.356466 0.000000 -1.000000 0.000000 0.386226 1.146195
0 30.660708 34.200000 79.870801 0.000000 -1.000000 0.000000 0.479074 1.247981
0 27.215722 34.200000 80.915825 0.000000 -1.000000 0.000000 0.425246 1.264310
collar_dark
0 -39.683167 34.200000 96.399732 0.949528 0.000000 -0.313682 0.534375 1.506246
0 -39.683167 37.800000 96.399732 0.949528 0.000000 -0.313682 0.590625 1.506246
0 -38.238997 37.800000 100.771297 0.949528 0.000000 -0.313682 0.590625 1.574552
collar_dark
0 -39.683167 34.200000 96.399732 0.949528 0.000000 -0.313682 0.534375 1.506246
0 -38.238997 37.800000 100.771297 0.949528 0.000000 -0.313682 0.590625 1.574552
0 -38.238997 34.200000 100.771297 0.949528 0.000000 -0.313682 0.534375 1.574552
collar_dark
0 -39.683167 37.800000 96.399732 0.000000 1.000000 0.000000 -0.620049 1.506246
0 -43.072725 37.800000 97.612535 0.000000 1.000000 0.000000 -0.673011 1.525196
0 -41.683982 37.800000 101.816322 0.000000 1.000000 0.000000 -0.651312 1.590880
collar_dark
0 -39.683167 37.800000 96.399732 0.000000 1.000000 0.000000 -0.620049 1.506246
0 -41.683982 37.800000 101.816322 0.000000 1.000000 0.000000 -0.651312 1.590880
0 -38.238997 37.800000 100.771297 0.000000 1.000000 0.000000 -0.597484 1.574552
collar_dark
0 -43.072725 37.800000 97.612535 -0.949528 0.000000 0.313682 0.590625 1.525196
0 -43.072725 34.200000 97.612535 -0.949528 0.000000 0.313682 0.534375 1.525196
0 -41.683982 34.200000 101.816322 -0.949528 0.000000 0.313682 0.534375 1.590880
collar_dark
0 -43.072725 37.800000 97.612535 -0.949528 0.000000 0.313682 0.590625 1.525196
0 -41.683982 34.200000 101.816322 -0.949528 0.000000 0.313682 0.534375 1.590880
0 -41.683982 37.800000 101.816322 -0.949528 0.000000 0.313682 0.590625 1.590880
collar_dark
0 -43.072725 34.200000 97.612535 0.000000 -1.000000 0.000000 -0.673011 1.525196
0 -39.683167 34.200000 96.399732 0.000000 -1.000000 0.000000 -0.620049 1.506246
0 -38.238997 34.200000 100.771297 0.000000 -1.000000 0.000000 -0.597484 1.574552
collar_dark
0 -43.072725 34.200000 97.612535 0.000000 -1.000000 0.000000 -0.673011 1.525196
0 -38.238997 34.200000 100.771297 0.000000 -1.000000 0.000000 -0.597484 1.574552
0 -41.683982 34.200000 101.816322 0.000000 -1.000000 0.000000 -0.651312 1.590880
glass
0 -19.666836 48.296291 89.237774 -0.474871 0.865960 0.156876 -0.307294 1.394340
0 -40.770969 35.355339 96.788954 -0.474871 0.865960 0.156876 -0.637046 1.512327
0 -39.344587 35.355339 101.106674 -0.474871 0.865960 0.156876 -0.614759 1.579792
glass
0 -19.666836 48.296291 89.237774 -0.474871 0.865960 0.156876 -0.307294 1.394340
0 -39.344587 35.355339 101.106674 -0.474871 0.865960 0.156876 -0.614759 1.579792
0 -17.895356 48.296291 94.600121 -0.474871 0.865960 0.156876 -0.279615 1.478127
glass
0 -40.770969 35.355339 96.788954 -0.822377 0.499887 0.271677 0.552427 1.512327
0 -52.955446 12.940952 101.148629 -0.822377 0.499887 0.271677 0.202202 1.580447
0 -51.728306 12.940952 104.863235 -0.822377 0.499887 0.271677 0.202202 1.638488
glass
0 -40.770969 35.355339 96.788954 -0.822377 0.499887 0.271677 0.552427 1.512327
0 -51.728306 12.940952 104.863235 -0.822377 0.499887 0.271677 0.202202 1.638488
0 -39.344587 35.355339 101.106674 -0.822377 0.499887 0.271677 0.552427 1.579792
glass
0 -52.955446 12.940952 101.148629 -0.949528 0.000000 0.313682 0.202202 1.580447
0 -52.955446 -12.940952 101.148629 -0.949528 0.000000 0.313682 -0.202202 1.580447
0 -51.728306 -12.940952 104.863235 -0.949528 0.000000 0.313682 -0.202202 1.638488
glass
0 -52.955446 12.940952 101.148629 -0.949528 0.000000 0.313682 0.202202 1.580447
0 -51.728306 -12.940952 104.863235 -0.949528 0.000000 0.313682 -0.202202 1.638488
0 -51.728306 12.940952 104.863235 -0.949528 0.000000 0.313682 0.202202 1.638488
glass
0 -52.955446 -12.940952 101.148629 -0.822377 -0.499887 0.271677 -0.202202 1.580447
0 -40.770969 -35.355339 96.788954 -0.822377 -0.499887 0.271677 -0.552427 1.512327
0 -39.344587 -35.355339 101.106674 -0.822377 -0.499887 0.271677 -0.552427 1.579792
glass
0 -52.955446 -12.940952 101.148629 -0.822377 -0.499887 0.271677 -0.202202 1.580447
0 -39.344587 -35.355339 101.106674 -0.822377 -0.499887 0.271677 -0.552427 1.579792
0 -51.728306 -12.940952 104.863235 -0.822377 -0.499887 0.271677 -0.202202 1.638488
glass
0 -40.770969 -35.355339 96.788954 -0.474871 -0.865960 0.156876 -0.637046 1.512327
0 -19.666836 -48.296291 89.237774 -0.474871 -0.865960 0.156876 -0.307294 1.394340
0 -17.895356 -48.296291 94.600121 -0.474871 -0.865960 0.156876 -0.279615 1.478127
glass
0 -40.770969 -35.355339 96.788954 -0.474871 -0.865960 0.156876 -0.637046 1.512327
0 -17.895356 -48.296291 94.600121 -0.474871 -0.865960 0.156876 -0.279615 1.478127
0 -39.344587 -35.355339 101.106674 -0.474871 -0.865960 0.156876 -0.614759 1.579792
glass
0 -19.666836 -48.296291 89.237774 0.000000 -1.000000 0.000000 -0.307294 1.394340
0 4.702117 -48.296291 80.518423 0.000000 -1.000000 0.000000 0.073471 1.258100
0 6.872082 -48.296291 87.087001 0.000000 -1.000000 0.000000 0.107376 1.360734
glass
0 -19.666836 -48.296291 89.237774 0.000000 -1.000000 0.000000 -0.307294 1.394340
0 6.872082 -48.296291 87.087001 0.000000 -1.000000 0.000000 0.107376 1.360734
0 -17.895356 -48.296291 94.600121 0.000000 -1.000000 0.000000 -0.279615 1.478127
glass
0 4.702117 -48.296291 80.518423 0.474871 -0.865960 -0.156876 0.073471 1.258100
0 25.806250 -35.355339 72.967244 0.474871 -0.865960 -0.156876 0.403223 1.140113
0 28.321313 -35.355339 80.580448 0.474871 -0.865960 -0.156876 0.442521 1.259070
glass
0 4.702117 -48.296291 80.518423 0.474871 -0.865960 -0.156876 0.073471 1.258100
0 28.321313 -35.355339 80.580448 0.474871 -0.865960 -0.156876 0.442521 1.259070
0 6.872082 -48.296291 87.087001 0.474871 -0.865960 -0.156876 0.107376 1.360734
glass
0 25.806250 -35.355339 72.967244 0.822377 -0.499887 -0.271677 -0.552427 1.140113
0 37.990727 -12.940952 68.607568 0.822377 -0.499887 -0.271677 -0.202202 1.071993
0 40.705032 -12.940952 76.823888 0.822377 -0.499887 -0.271677 -0.202202 1.200373
glass
0 25.806250 -35.355339 72.967244 0.822377 -0.499887 -0.271677 -0.552427 1.140113
0 40.705032 -12.940952 76.823888 0.822377 -0.499887 -0.271677 -0.202202 1.200373
0 28.321313 -35.355339 80.580448 0.822377 -0.499887 -0.271677 -0.552427 1.259070
glass
0 37.990727 -12.940952 68.607568 0.949528 -0.000000 -0.313682 -0.202202 1.071993
0 37.990727 12.940952 68.607568 0.949528 -0.000000 -0.313682 0.202202 1.071993
0 40.705032 12.940952 76.823888 0.949528 -0.000000 -0.313682 0.202202 1.200373
glass
0 37.990727 -12.940952 68.607568 0.949528 -0.000000 -0.313682 -0.202202 1.071993
0 40.705032 12.940952 76.823888 0.949528 -0.000000 -0.313682 0.202202 1.200373
0 40.705032 -12.940952 76.823888 0.949528 -0.000000 -0.313682 -0.202202 1.200373
glass
0 37.990727 12.940952 68.607568 0.822377 0.499887 -0.271677 0.202202 1.071993
0 25.806250 35.355339 72.967244 0.822377 0.499887 -0.271677 0.552427 1.140113
0 28.321313 35.355339 80.580448 0.822377 0.499887 -0.271677 0.552427 1.259070
glass
0 37.990727 12.940952 68.607568 0.822377 0.499887 -0.271677 0.202202 1.071993
0 28.321313 35.355339 80.580448 0.822377 0.499887 -0.271677 0.552427 1.259070
0 40.705032 12.940952 76.823888 0.822377 0.499887 -0.271677 0.202202 1.200373
glass
0 25.806250 35.355339 72.967244 0.474871 0.865960 -0.156876 0.403223 1.140113
0 4.702117 48.296291 80.518423 0.474871 0.865960 -0.156876 0.073471 1.258100
0 6.872082 48.296291 87.087001 0.474871 0.865960 -0.156876 0.107376 1.360734
glass
0 25.806250 35.355339 72.967244 0.474871 0.865960 -0.156876 0.403223 1.140113
0 6.872082 48.296291 87.087001 0.474871 0.865960 -0.156876 0.107376 1.360734
0 28.321313 35.355339 80.580448 0.474871 0.865960 -0.156876 0.442521 1.259070
glass
0 4.702117 48.296291 80.518423 0.000000 1.000000 -0.000000 0.073471 1.258100
0 -19.666836 48.296291 89.237774 0.000000 1.000000 -0.000000 -0.307294 1.394340
0 -17.895356 48.296291 94.600121 0.000000 1.000000 -0.000000 -0.279615 1.478127
glass
0 4.702117 48.296291 80.518423 0.000000 1.000000 -0.000000 0.073471 1.258100
0 -17.895356 48.296291 94.600121 0.000000 1.000000 -0.000000 -0.279615 1.478127
0 6.872082 48.296291 87.087001 0.000000 1.000000 -0.000000 0.107376 1.360734
collar_dark
0 30.660708 -37.800000 79.870801 0.963776 0.000000 -0.266713 -0.590625 1.247981
0 30.660708 -34.200000 79.870801 0.963776 0.000000 -0.266713 -0.534375 1.247981
0 32.831182 -34.200000 87.713886 0.963776 0.000000 -0.266713 -0.534375 1.370529
collar_dark
0 30.660708 -37.800000 79.870801 0.963776 0.000000 -0.266713 -0.590625 1.247981
0 32.831182 -34.200000 87.713886 0.963776 0.000000 -0.266713 -0.534375 1.370529
0 32.831182 -37.800000 87.713886 0.963776 0.000000 -0.266713 -0.590625 1.370529
collar_dark
0 30.660708 -34.200000 79.870801 0.000000 1.000000 0.000000 0.479074 1.247981
0 27.215722 -34.200000 80.915825 0.000000 1.000000 0.000000 0.425246 1.264310
0 29.339069 -34.200000 88.588615 0.000000 1.000000 0.000000 0.458423 1.384197
collar_dark
0 30.660708 -34.200000 79.870801 0.000000 1.000000 0.000000 0.479074 1.247981
0 29.339069 -34.200000 88.588615 0.000000 1.000000 0.000000 0.458423 1.384197
0 32.831182 -34.200000 87.713886 0.000000 1.000000 0.000000 0.512987 1.370529
collar_dark
0 27.215722 -34.200000 80.915825 -0.963776 0.000000 0.266713 -0.534375 1.264310
0 27.215722 -37.800000 80.915825 -0.963776 0.000000 0.266713 -0.590625 1.264310
0 29.339069 -37.800000 88.588615 -0.963776 0.000000 0.266713 -0.590625 1.384197
collar_dark
0 27.215722 -34.200000 80.915825 -0.963776 0.000000 0.266713 -0.534375 1.264310
0 29.339069 -37.800000 88.588615 -0.963776 0.000000 0.266713 -0.590625 1.384197
0 29.339069 -34.200000 88.588615 -0.963776 0.000000 0.266713 -0.534375 1.384197
collar_dark
0 27.215722 -37.800000 80.915825 0.000000 -1.000000 0.000000 0.425246 1.264310
0 30.660708 -37.800000 79.870801 0.000000 -1.000000 0.000000 0.479074 1.247981
0 32.831182 -37.800000 87.713886 0.000000 -1.000000 0.000000 0.512987 1.370529
collar_dark
0 27.215722 -37.800000 80.915825 0.000000 -1.000000 0.000000 0.425246 1.264310
0 32.831182 -37.800000 87.713886 0.000000 -1.000000 0.000000 0.512987 1.370529
0 29.339069 -37.800000 88.588615 0.000000 -1.000000 0.000000 0.458423 1.384197
collar_dark
0 -38.238997 -37.800000 100.771297 0.963776 0.000000 -0.266713 -0.590625 1.574552
0 -38.238997 -34.200000 100.771297 0.963776 0.000000 -0.266713 -0.534375 1.574552
0 -37.011068 -34.200000 105.208459 0.963776 0.000000 -0.266713 -0.534375 1.643882
collar_dark
0 -38.238997 -37.800000 100.771297 0.963776 0.000000 -0.266713 -0.590625 1.574552
0 -37.011068 -34.200000 105.208459 0.963776 0.000000 -0.266713 -0.534375 1.643882
0 -37.011068 -37.800000 105.208459 0.963776 0.000000 -0.266713 -0.590625 1.643882
collar_dark
0 -38.238997 -34.200000 100.771297 0.000000 1.000000 0.000000 -0.597484 1.574552
0 -41.683982 -34.200000 101.816322 0.000000 1.000000 0.000000 -0.651312 1.590880
0 -40.503181 -34.200000 106.083188 0.000000 1.000000 0.000000 -0.632862 1.657550
collar_dark
0 -38.238997 -34.200000 100.771297 0.000000 1.000000 0.000000 -0.597484 1.574552
0 -40.503181 -34.200000 106.083188 0.000000 1.000000 0.000000 -0.632862 1.657550
0 -37.011068 -34.200000 105.208459 0.000000 1.000000 0.000000 -0.578298 1.643882
collar_dark
0 -41.683982 -34.200000 101.816322 -0.963776 0.000000 0.266713 -0.534375 1.590880
0 -41.683982 -37.800000 101.816322 -0.963776 0.000000 0.266713 -0.590625 1.590880
0 -40.503181 -37.800000 106.083188 -0.963776 0.000000 0.266713 -0.590625 1.657550
collar_dark
0 -41.683982 -34.200000 101.816322 -0.963776 0.000000 0.266713 -0.534375 1.590880
0 -40.503181 -37.800000 106.083188 -0.963776 0.000000 0.266713 -0.590625 1.657550
0 -40.503181 -34.200000 106.083188 -0.963776 0.000000 0.266713 -0.534375 1.657550
collar_dark
0 -41.683982 -37.800000 101.816322 0.000000 -1.000000 0.000000 -0.651312 1.590880
0 -38.238997 -37.800000 100.771297 0.000000 -1.000000 0.000000 -0.597484 1.574552
0 -37.011068 -37.800000 105.208459 0.000000 -1.000000 0.000000 -0.578298 1.643882
collar_dark
0 -41.683982 -37.800000 101.816322 0.000000 -1.000000 0.000000 -0.651312 1.590880
0 -37.011068 -37.800000 105.208459 0.000000 -1.000000 0.000000 -0.578298 1.643882
0 -40.503181 -37.800000 106.083188 0.000000 -1.000000 0.000000 -0.632862 1.657550
collar_dark
0 30.660708 34.200000 79.870801 0.963776 0.000000 -0.266713 0.534375 1.247981
0 30.660708 37.800000 79.870801 0.963776 0.000000 -0.266713 0.590625 1.247981
0 32.831182 37.800000 87.713886 0.963776 0.000000 -0.266713 0.590625 1.370529
collar_dark
0 30.660708 34.200000 79.870801 0.963776 0.000000 -0.266713 0.534375 1.247981
0 32.831182 37.800000 87.713886 0.963776 0.000000 -0.266713 0.590625 1.370529
0 32.831182 34.200000 87.713886 0.963776 0.000000 -0.266713 0.534375 1.370529
collar_dark
0 30.660708 37.800000 79.870801 0.000000 1.000000 0.000000 0.479074 1.247981
0 27.215722 37.800000 80.915825 0.000000 1.000000 0.000000 0.425246 1.264310
0 29.339069 37.800000 88.588615 0.000000 1.000000 0.000000 0.458423 1.384197
collar_dark
0 30.660708 37.800000 79.870801 0.000000 1.000000 0.000000 0.479074 1.247981
0 29.339069 37.800000 88.588615 0.000000 1.000000 0.000000 0.458423 1.384197
0 32.831182 37.800000 87.713886 0.000000 1.000000 0.000000 0.512987 1.370529
collar_dark
0 27.215722 37.800000 80.915825 -0.963776 0.000000 0.266713 0.590625 1.264310
0 27.215722 34.200000 80.915825 -0.963776 0.000000 0.266713 0.534375 1.264310
0 29.339069 34.200000 88.588615 -0.963776 0.000000 0.266713 0.534375 1.384197
collar_dark
0 27.215722 37.800000 80.915825 -0.963776 0.000000 0.266713 0.590625 1.264310
0 29.339069 34.200000 88.588615 -0.963776 0.000000 0.266713 0.534375 1.384197
0 29.339069 37.800000 88.588615 -0.963776 0.000000 0.266713 0.590625 1.384197
collar_dark
0 27.215722 34.200000 80.915825 0.000000 -1.000000 0.000000 0.425246 1.264310
0 30.660708 34.200000 79.870801 0.000000 -1.000000 0.000000 0.479074 1.247981
0 32.831182 34.200000 87.713886 0.000000 -1.000000 0.000000 0.512987 1.370529
collar_dark
0 27.215722 34.200000 80.915825 0.000000 -1.000000 0.000000 0.425246 1.264310
0 32.831182 34.200000 87.713886 0.000000 -1.000000 0.000000 0.512987 1.370529
0 29.339069 34.200000 88.588615 0.000000 -1.000000 0.000000 0.458423 1.384197
collar_dark
0 -38.238997 34.200000 100.771297 0.963776 0.000000 -0.266713 0.534375 1.574552
0 -38.238997 37.800000 100.771297 0.963776 0.000000 -0.266713 0.590625 1.574552
0 -37.011068 37.800000 105.208459 0.963776 0.000000 -0.266713 0.590625 1.643882
collar_dark
0 -38.238997 34.200000 100.771297 0.963776 0.000000 -0.266713 0.534375 1.574552
0 -37.011068 37.800000 105.208459 0.963776 0.000000 -0.266713 0.590625 1.643882
0 -37.011068 34.200000 105.208459 0.963776 0.000000 -0.266713 0.534375 1.643882
collar_dark
0 -38.238997 37.800000 100.771297 0.000000 1.000000 0.000000 -0.597484 1.574552
0 -41.683982 37.800000 101.816322 0.000000 1.000000 0.000000 -0.651312 1.590880
0 -40.503181 37.800000 106.083188 0.000000 1.000000 0.000000 -0.632862 1.657550
collar_dark
0 -38.238997 37.800000 100.771297 0.000000 1.000000 0.000000 -0.597484 1.574552
0 -40.503181 37.800000 106.083188 0.000000 1.000000 0.000000 -0.632862 1.657550
0 -37.011068 37.800000 105.208459 0.000000 1.000000 0.000000 -0.578298 1.643882
collar_dark
0 -41.683982 37.800000 101.816322 -0.963776 0.000000 0.266713 0.590625 1.590880
0 -41.683982 34.200000 101.816322 -0.963776 0.000000 0.266713 0.534375 1.590880
0 -40.503181 34.200000 106.083188 -0.963776 0.000000 0.266713 0.534375 1.657550
collar_dark
0 -41.683982 37.800000 101.816322 -0.963776 0.000000 0.266713 0.590625 1.590880
0 -40.503181 34.200000 106.083188 -0.963776 0.000000 0.266713 0.534375 1.657550
0 -40.503181 37.800000 106.083188 -0.963776 0.000000 0.266713 0.590625 1.657550
collar_dark
0 -41.683982 34.200000 101.816322 0.000000 -1.000000 0.000000 -0.651312 1.590880
0 -38.238997 34.200000 100.771297 0.000000 -1.000000 0.000000 -0.597484 1.574552
0 -37.011068 34.200000 105.208459 0.000000 -1.000000 0.000000 -0.578298 1.643882
collar_dark
0 -41.683982 34.200000 101.816322 0.000000 -1.000000 0.000000 -0.651312 1.590880
0 -37.011068 34.200000 105.208459 0.000000 -1.000000 0.000000 -0.578298 1.643882
0 -40.503181 34.200000 106.083188 0.000000 -1.000000 0.000000 -0.632862 1.657550
glass
0 -17.895356 48.296291 94.600121 -0.481997 0.865960 0.133387 -0.279615 1.478127
0 -39.344587 35.355339 101.106674 -0.481997 0.865960 0.133387 -0.614759 1.579792
0 -38.131783 35.355339 105.489184 -0.481997 0.865960 0.133387 -0.595809 1.648268
glass
0 -17.895356 48.296291 94.600121 -0.481997 0.865960 0.133387 -0.279615 1.478127
0 -38.131783 35.355339 105.489184 -0.481997 0.865960 0.133387 -0.595809 1.648268
0 -16.389128 48.296291 100.042932 -0.481997 0.865960 0.133387 -0.256080 1.563171
glass
0 -39.344587 35.355339 101.106674 -0.834717 0.499887 0.230997 0.552427 1.579792
0 -51.728306 12.940952 104.863235 -0.834717 0.499887 0.230997 0.202202 1.638488
0 -50.684912 12.940952 108.633579 -0.834717 0.499887 0.230997 0.202202 1.697400
glass
0 -39.344587 35.355339 101.106674 -0.834717 0.499887 0.230997 0.552427 1.579792
0 -50.684912 12.940952 108.633579 -0.834717 0.499887 0.230997 0.202202 1.697400
0 -38.131783 35.355339 105.489184 -0.834717 0.499887 0.230997 0.552427 1.648268
glass
0 -51.728306 12.940952 104.863235 -0.963776 0.000000 0.266713 0.202202 1.638488
0 -51.728306 -12.940952 104.863235 -0.963776 0.000000 0.266713 -0.202202 1.638488
0 -50.684912 -12.940952 108.633579 -0.963776 0.000000 0.266713 -0.202202 1.697400
glass
0 -51.728306 12.940952 104.863235 -0.963776 0.000000 0.266713 0.202202 1.638488
0 -50.684912 -12.940952 108.633579 -0.963776 0.000000 0.266713 -0.202202 1.697400
0 -50.684912 12.940952 108.633579 -0.963776 0.000000 0.266713 0.202202 1.697400
glass
0 -51.728306 -12.940952 104.863235 -0.834717 -0.499887 0.230997 -0.202202 1.638488
0 -39.344587 -35.355339 101.106674 -0.834717 -0.499887 0.230997 -0.552427 1.579792
0 -38.131783 -35.355339 105.489184 -0.834717 -0.499887 0.230997 -0.552427 1.648268
glass
0 -51.728306 -12.940952 104.863235 -0.834717 -0.499887 0.230997 -0.202202 1.638488
0 -38.131783 -35.355339 105.489184 -0.834717 -0.499887 0.230997 -0.552427 1.648268
0 -50.684912 -12.940952 108.633579 -0.834717 -0.499887 0.230997 -0.202202 1.697400
glass
0 -39.344587 -35.355339 101.106674 -0.481997 -0.865960 0.133387 -0.614759 1.579792
0 -17.895356 -48.296291 94.600121 -0.481997 -0.865960 0.133387 -0.279615 1.478127
0 -16.389128 -48.296291 100.042932 -0.481997 -0.865960 0.133387 -0.256080 1.563171
glass
0 -39.344587 -35.355339 101.106674 -0.481997 -0.865960 0.133387 -0.614759 1.579792
0 -16.389128 -48.296291 100.042932 -0.481997 -0.865960 0.133387 -0.256080 1.563171
0 -38.131783 -35.355339 105.489184 -0.481997 -0.865960 0.133387 -0.595809 1.648268
glass
0 -17.895356 -48.296291 94.600121 0.000000 -1.000000 0.000000 -0.279615 1.478127
0 6.872082 -48.296291 87.087001 0.000000 -1.000000 0.000000 0.107376 1.360734
0 8.717129 -48.296291 93.754142 0.000000 -1.000000 0.000000 0.136205 1.464908
glass
0 -17.895356 -48.296291 94.600121 0.000000 -1.000000 0.000000 -0.279615 1.478127
0 8.717129 -48.296291 93.754142 0.000000 -1.000000 0.000000 0.136205 1.464908
0 -16.389128 -48.296291 100.042932 0.000000 -1.000000 0.000000 -0.256080 1.563171
glass
0 6.872082 -48.296291 87.087001 0.481997 -0.865960 -0.133387 0.107376 1.360734
0 28.321313 -35.355339 80.580448 0.481997 -0.865960 -0.133387 0.442521 1.259070
0 30.459784 -35.355339 88.307890 0.481997 -0.865960 -0.133387 0.475934 1.379811
glass
0 6.872082 -48.296291 87.087001 0.481997 -0.865960 -0.133387 0.107376 1.360734
0 30.459784 -35.355339 88.307890 0.481997 -0.865960 -0.133387 0.475934 1.379811
0 8.717129 -48.296291 93.754142 0.481997 -0.865960 -0.133387 0.136205 1.464908
glass
0 28.321313 -35.355339 80.580448 0.834717 -0.499887 -0.230997 -0.552427 1.259070
0 40.705032 -12.940952 76.823888 0.834717 -0.499887 -0.230997 -0.202202 1.200373
0 43.012912 -12.940952 85.163495 0.834717 -0.499887 -0.230997 -0.202202 1.330680
glass
0 28.321313 -35.355339 80.580448 0.834717 -0.499887 -0.230997 -0.552427 1.259070
0 43.012912 -12.940952 85.163495 0.834717 -0.499887 -0.230997 -0.202202 1.330680
0 30.459784 -35.355339 88.307890 0.834717 -0.499887 -0.230997 -0.552427 1.379811
glass
0 40.705032 -12.940952 76.823888 0.963776 -0.000000 -0.266713 -0.202202 1.200373
0 40.705032 12.940952 76.823888 0.963776 -0.000000 -0.266713 0.202202 1.200373
0 43.012912 12.940952 85.163495 0.963776 -0.000000 -0.266713 0.202202 1.330680
glass
0 40.705032 -12.940952 76.823888 0.963776 -0.000000 -0.266713 -0.202202 1.200373
0 43.012912 12.940952 85.163495 0.963776 -0.000000 -0.266713 0.202202 1.330680
0 43.012912 -12.940952 85.163495 0.963776 -0.000000 -0.266713 -0.202202 1.330680
glass
0 40.705032 12.940952 76.823888 0.834717 0.499887 -0.230997 0.202202 1.200373
0 28.321313 35.355339 80.580448 0.834717 0.499887 -0.230997 0.552427 1.259070
0 30.459784 35.355339 88.307890 0.834717 0.499887 -0.230997 0.552427 1.379811
glass
0 40.705032 12.940952 76.823888 0.834717 0.499887 -0.230997 0.202202 1.200373
0 30.459784 35.355339 88.307890 0.834717 0.499887 -0.230997 0.552427 1.379811
0 43.012912 12.940952 85.163495 0.834717 0.499887 -0.230997 0.202202 1.330680
glass
0 28.321313 35.355339 80.580448 0.481997 0.865960 -0.133387 0.442521 1.259070
0 6.872082 48.296291 87.087001 0.481997 0.865960 -0.133387 0.107376 1.360734
0 8.717129 48.296291 93.754142 0.481997 0.865960 -0.133387 0.136205 1.464908
glass
0 28.321313 35.355339 80.580448 0.481997 0.865960 -0.133387 0.442521 1.259070
0 8.717129 48.296291 93.754142 0.481997 0.865960 -0.133387 0.136205 1.464908
0 30.459784 35.355339 88.307890 0.481997 0.865960 -0.133387 0.475934 1.379811
glass
0 6.872082 48.296291 87.087001 0.000000 1.000000 -0.000000 0.107376 1.360734
0 -17.895356 48.296291 94.600121 0.000000 1.000000 -0.000000 -0.279615 1.478127
0 -16.389128 48.296291 100.042932 0.000000 1.000000 -0.000000 -0.256080 1.563171
glass
0 6.872082 48.296291 87.087001 0.000000 1.000000 -0.000000 0.107376 1.360734
0 -16.389128 48.296291 100.042932 0.000000 1.000000 -0.000000 -0.256080 1.563171
0 8.717129 48.296291 93.754142 0.000000 1.000000 -0.000000 0.136205 1.464908
collar_dark
0 32.831182 -37.800000 87.713886 0.975702 0.000000 -0.219101 -0.590625 1.370529
0 32.831182 -34.200000 87.713886 0.975702 0.000000 -0.219101 -0.534375 1.370529
0 34.614199 -34.200000 95.654025 0.975702 0.000000 -0.219101 -0.534375 1.494594
collar_dark
0 32.831182 -37.800000 87.713886 0.975702 0.000000 -0.219101 -0.590625 1.370529
0 34.614199 -34.200000 95.654025 0.975702 0.000000 -0.219101 -0.534375 1.494594
0 34.614199 -37.800000 95.654025 0.975702 0.000000 -0.219101 -0.590625 1.494594
collar_dark
0 32.831182 -34.200000 87.713886 0.000000 1.000000 0.000000 0.512987 1.370529
0 29.339069 -34.200000 88.588615 0.000000 1.000000 0.000000 0.458423 1.384197
0 31.083372 -34.200000 96.356350 0.000000 1.000000 0.000000 0.485678 1.505568
collar_dark
0 32.831182 -34.200000 87.713886 0.000000 1.000000 0.000000 0.512987 1.370529
0 31.083372 -34.200000 96.356350 0.000000 1.000000 0.000000 0.485678 1.505568
0 34.614199 -34.200000 95.654025 0.000000 1.000000 0.000000 0.540847 1.494594
collar_dark
0 29.339069 -34.200000 88.588615 -0.975702 0.000000 0.219101 -0.534375 1.384197
0 29.339069 -37.800000 88.588615 -0.975702 0.000000 0.219101 -0.590625 1.384197
0 31.083372 -37.800000 96.356350 -0.975702 0.000000 0.219101 -0.590625 1.505568
collar_dark
0 29.339069 -34.200000 88.588615 -0.975702 0.000000 0.219101 -0.534375 1.384197
0 31.083372 -37.800000 96.356350 -0.975702 0.000000 0.219101 -0.590625 1.505568
0 31.083372 -34.200000 96.356350 -0.975702 0.000000 0.219101 -0.534375 1.505568
collar_dark
0 29.339069 -37.800000 88.588615 0.000000 -1.000000 0.000000 0.458423 1.384197
0 32.831182 -37.800000 87.713886 0.000000 -1.000000 0.000000 0.512987 1.370529
0 34.614199 -37.800000 95.654025 0.000000 -1.000000 0.000000 0.540847 1.494594
collar_dark
0 29.339069 -37.800000 88.588615 0.000000 -1.000000 0.000000 0.458423 1.384197
0 34.614199 -37.800000 95.654025 0.000000 -1.000000 0.000000 0.540847 1.494594
0 31.083372 -37.800000 96.356350 0.000000 -1.000000 0.000000 0.485678 1.505568
collar_dark
0 -37.011068 -37.800000 105.208459 0.975702 0.000000 -0.219101 -0.590625 1.643882
0 -37.011068 -34.200000 105.208459 0.975702 0.000000 -0.219101 -0.534375 1.643882
0 -36.002341 -34.200000 109.700528 0.975702 0.000000 -0.219101 -0.534375 1.714071
collar_dark
0 -37.011068 -37.800000 105.208459 0.975702 0.000000 -0.219101 -0.590625 1.643882
0 -36.002341 -34.200000 109.700528 0.975702 0.000000 -0.219101 -0.534375 1.714071
0 -36.002341 -37.800000 109.700528 0.975702 0.000000 -0.219101 -0.590625 1.714071
collar_dark
0 -37.011068 -34.200000 105.208459 0.000000 1.000000 0.000000 -0.578298 1.643882
0 -40.503181 -34.200000 106.083188 0.000000 1.000000 0.000000 -0.632862 1.657550
0 -39.533168 -34.200000 110.402853 0.000000 1.000000 0.000000 -0.617706 1.725045
collar_dark
0 -37.011068 -34.200000 105.208459 0.000000 1.000000 0.000000 -0.578298 1.643882
0 -39.533168 -34.200000 110.402853 0.000000 1.000000 0.000000 -0.617706 1.725045
0 -36.002341 -34.200000 109.700528 0.000000 1.000000 0.000000 -0.562537 1.714071
collar_dark
0 -40.503181 -34.200000 106.083188 -0.975702 0.000000 0.219101 -0.534375 1.657550
0 -40.503181 -37.800000 106.083188 -0.975702 0.000000 0.219101 -0.590625 1.657550
0 -39.533168 -37.800000 110.402853 -0.975702 0.000000 0.219101 -0.590625 1.725045
collar_dark
0 -40.503181 -34.200000 106.083188 -0.975702 0.000000 0.219101 -0.534375 1.657550
0 -39.533168 -37.800000 110.402853 -0.975702 0.000000 0.219101 -0.590625 1.725045
0 -39.533168 -34.200000 110.402853 -0.975702 0.000000 0.219101 -0.534375 1.725045
collar_dark
0 -40.503181 -37.800000 106.083188 0.000000 -1.000000 0.000000 -0.632862 1.657550
0 -37.011068 -37.800000 105.208459 0.000000 -1.000000 0.000000 -0.578298 1.643882
0 -36.002341 -37.800000 109.700528 0.000000 -1.000000 0.000000 -0.562537 1.714071
collar_dark
0 -40.503181 -37.800000 106.083188 0.000000 -1.000000 0.000000 -0.632862 1.657550
0 -36.002341 -37.800000 109.700528 0.000000 -1.000000 0.000000 -0.562537 1.714071
0 -39.533168 -37.800000 110.402853 0.000000 -1.000000 0.000000 -0.617706 1.725045
collar_dark
0 32.831182 34.200000 87.713886 0.975702 0.000000 -0.219101 0.534375 1.370529
0 32.831182 37.800000 87.713886 0.975702 0.000000 -0.219101 0.590625 1.370529
0 34.614199 37.800000 95.654025 0.975702 0.000000 -0.219101 0.590625 1.494594
collar_dark
0 32.831182 34.200000 87.713886 0.975702 0.000000 -0.219101 0.534375 1.370529
0 34.614199 37.800000 95.654025 0.975702 0.000000 -0.219101 0.590625 1.494594
0 34.614199 34.200000 95.654025 0.975702 0.000000 -0.219101 0.534375 1.494594
collar_dark
0 32.831182 37.800000 87.713886 0.000000 1.000000 0.000000 0.512987 1.370529
0 29.339069 37.800000 88.588615 0.000000 1.000000 0.000000 0.458423 1.384197
0 31.083372 37.800000 96.356350 0.000000 1.000000 0.000000 0.485678 1.505568
collar_dark
0 32.831182 37.800000 87.713886 0.000000 1.000000 0.000000 0.512987 1.370529
0 31.083372 37.800000 96.356350 0.000000 1.000000 0.000000 0.485678 1.505568
0 34.614199 37.800000 95.654025 0.000000 1.000000 0.000000 0.540847 1.494594
collar_dark
0 29.339069 37.800000 88.588615 -0.975702 0.000000 0.219101 0.590625 1.384197
0 29.339069 34.200000 88.588615 -0.975702 0.000000 0.219101 0.534375 1.384197
0 31.083372 34.200000 96.356350 -0.975702 0.000000 0.219101 0.534375 1.505568
collar_dark
0 29.339069 37.800000 88.588615 -0.975702 0.000000 0.219101 0.590625 1.384197
0 31.083372 34.200000 96.356350 -0.975702 0.000000 0.219101 0.534375 1.505568
0 31.083372 37.800000 96.356350 -0.975702 0.000000 0.219101 0.590625 1.505568
collar_dark
0 29.339069 34.200000 88.588615 0.000000 -1.000000 0.000000 0.458423 1.384197
0 32.831182 34.200000 87.713886 0.000000 -1.000000 0.000000 0.512987 1.370529
0 34.614199 34.200000 95.654025 0.000000 -1.000000 0.000000 0.540847 1.494594
collar_dark
0 29.339069 34.200000 88.588615 0.000000 -1.000000 0.000000 0.458423 1.384197
0 34.614199 34.200000 95.654025 0.000000 -1.000000 0.000000 0.540847 1.494594
0 31.083372 34.200000 96.356350 0.000000 -1.000000 0.000000 0.485678 1.505568
collar_dark
0 -37.011068 34.200000 105.208459 0.975702 0.000000 -0.219101 0.534375 1.643882
0 -37.011068 37.800000 105.208459 0.975702 0.000000 -0.219101 0.590625 1.643882
0 -36.002341 37.800000 109.700528 0.975702 0.000000 -0.219101 0.590625 1.714071
collar_dark
0 -37.011068 34.200000 105.208459 0.975702 0.000000 -0.219101 0.534375 1.643882
0 -36.002341 37.800000 109.700528 0.975702 0.000000 -0.219101 0.590625 1.714071
0 -36.002341 34.200000 109.700528 0.975702 0.000000 -0.219101 0.534375 1.714071
collar_dark
0 -37.011068 37.800000 105.208459 0.000000 1.000000 0.000000 -0.578298 1.643882
0 -40.503181 37.800000 106.083188 0.000000 1.000000 0.000000 -0.632862 1.657550
0 -39.533168 37.800000 110.402853 0.000000 1.000000 0.000000 -0.617706 1.725045
collar_dark
0 -37.011068 37.800000 105.208459 0.000000 1.000000 0.000000 -0.578298 1.643882
0 -39.533168 37.800000 110.402853 0.000000 1.000000 0.000000 -0.617706 1.725045
0 -36.002341 37.800000 109.700528 0.000000 1.000000 0.000000 -0.562537 1.714071
collar_dark
0 -40.503181 37.800000 106.083188 -0.975702 0.000000 0.219101 0.590625 1.657550
0 -40.503181 34.200000 106.083188 -0.975702 0.000000 0.219101 0.534375 1.657550
0 -39.533168 34.200000 110.402853 -0.975702 0.000000 0.219101 0.534375 1.725045
collar_dark
0 -40.503181 37.800000 106.083188 -0.975702 0.000000 0.219101 0.590625 1.657550
0 -39.533168 34.200000 110.402853 -0.975702 0.000000 0.219101 0.534375 1.725045
0 -39.533168 37.800000 110.402853 -0.975702 0.000000 0.219101 0.590625 1.725045
collar_dark
0 -40.503181 34.200000 106.083188 0.000000 -1.000000 0.000000 -0.632862 1.657550
0 -37.011068 34.200000 105.208459 0.000000 -1.000000 0.000000 -0.578298 1.643882
0 -36.002341 34.200000 109.700528 0.000000 -1.000000 0.000000 -0.562537 1.714071
collar_dark
0 -40.503181 34.200000 106.083188 0.000000 -1.000000 0.000000 -0.632862 1.657550
0 -36.002341 34.200000 109.700528 0.000000 -1.000000 0.000000 -0.562537 1.714071
0 -39.533168 34.200000 110.402853 0.000000 -1.000000 0.000000 -0.617706 1.725045
glass
0 -16.389128 48.296291 100.042932 -0.487961 0.865960 0.109575 -0.256080 1.563171
0 -38.131783 35.355339 105.489184 -0.487961 0.865960 0.109575 -0.595809 1.648268
0 -37.135480 35.355339 109.925923 -0.487961 0.865960 0.109575 -0.580242 1.717593
glass
0 -16.389128 48.296291 100.042932 -0.487961 0.865960 0.109575 -0.256080 1.563171
0 -37.135480 35.355339 109.925923 -0.487961 0.865960 0.109575 -0.580242 1.717593
0 -15.151780 48.296291 105.553093 -0.487961 0.865960 0.109575 -0.236747 1.649267
glass
0 -38.131783 35.355339 105.489184 -0.845046 0.499887 0.189762 0.552427 1.648268
0 -50.684912 12.940952 108.633579 -0.845046 0.499887 0.189762 0.202202 1.697400
0 -49.827776 12.940952 112.450578 -0.845046 0.499887 0.189762 0.202202 1.757040
glass
0 -38.131783 35.355339 105.489184 -0.845046 0.499887 0.189762 0.552427 1.648268
0 -49.827776 12.940952 112.450578 -0.845046 0.499887 0.189762 0.202202 1.757040
0 -37.135480 35.355339 109.925923 -0.845046 0.499887 0.189762 0.552427 1.717593
glass
0 -50.684912 12.940952 108.633579 -0.975702 0.000000 0.219101 0.202202 1.697400
0 -50.684912 -12.940952 108.633579 -0.975702 0.000000 0.219101 -0.202202 1.697400
0 -49.827776 -12.940952 112.450578 -0.975702 0.000000 0.219101 -0.202202 1.757040
glass
0 -50.684912 12.940952 108.633579 -0.975702 0.000000 0.219101 0.202202 1.697400
0 -49.827776 -12.940952 112.450578 -0.975702 0.000000 0.219101 -0.202202 1.757040
0 -49.827776 12.940952 112.450578 -0.975702 0.000000 0.219101 0.202202 1.757040
glass
0 -50.684912 -12.940952 108.633579 -0.845046 -0.499887 0.189762 -0.202202 1.697400
0 -38.131783 -35.355339 105.489184 -0.845046 -0.499887 0.189762 -0.552427 1.648268
0 -37.135480 -35.355339 109.925923 -0.845046 -0.499887 0.189762 -0.552427 1.717593
glass
0 -50.684912 -12.940952 108.633579 -0.845046 -0.499887 0.189762 -0.202202 1.697400
0 -37.135480 -35.355339 109.925923 -0.845046 -0.499887 0.189762 -0.552427 1.717593
0 -49.827776 -12.940952 112.450578 -0.845046 -0.499887 0.189762 -0.202202 1.757040
glass
0 -38.131783 -35.355339 105.489184 -0.487961 -0.865960 0.109575 -0.595809 1.648268
0 -16.389128 -48.296291 100.042932 -0.487961 -0.865960 0.109575 -0.256080 1.563171
0 -15.151780 -48.296291 105.553093 -0.487961 -0.865960 0.109575 -0.236747 1.649267
glass
0 -38.131783 -35.355339 105.489184 -0.487961 -0.865960 0.109575 -0.595809 1.648268
0 -15.151780 -48.296291 105.553093 -0.487961 -0.865960 0.109575 -0.236747 1.649267
0 -37.135480 -35.355339 109.925923 -0.487961 -0.865960 0.109575 -0.580242 1.717593
glass
0 -16.389128 -48.296291 100.042932 0.000000 -1.000000 0.000000 -0.256080 1.563171
0 8.717129 -48.296291 93.754142 0.000000 -1.000000 0.000000 0.136205 1.464908
0 10.232811 -48.296291 100.503784 0.000000 -1.000000 0.000000 0.159888 1.570372
glass
0 -16.389128 -48.296291 100.042932 0.000000 -1.000000 0.000000 -0.256080 1.563171
0 10.232811 -48.296291 100.503784 0.000000 -1.000000 0.000000 0.159888 1.570372
0 -15.151780 -48.296291 105.553093 0.000000 -1.000000 0.000000 -0.236747 1.649267
glass
0 8.717129 -48.296291 93.754142 0.487961 -0.865960 -0.109575 0.136205 1.464908
0 30.459784 -35.355339 88.307890 0.487961 -0.865960 -0.109575 0.475934 1.379811
0 32.216512 -35.355339 96.130954 0.487961 -0.865960 -0.109575 0.503383 1.502046
glass
0 8.717129 -48.296291 93.754142 0.487961 -0.865960 -0.109575 0.136205 1.464908
0 32.216512 -35.355339 96.130954 0.487961 -0.865960 -0.109575 0.503383 1.502046
0 10.232811 -48.296291 100.503784 0.487961 -0.865960 -0.109575 0.159888 1.570372
glass
0 30.459784 -35.355339 88.307890 0.845046 -0.499887 -0.189762 -0.552427 1.379811
0 43.012912 -12.940952 85.163495 0.845046 -0.499887 -0.189762 -0.202202 1.330680
0 44.908808 -12.940952 93.606300 0.845046 -0.499887 -0.189762 -0.202202 1.462598
glass
0 30.459784 -35.355339 88.307890 0.845046 -0.499887 -0.189762 -0.552427 1.379811
0 44.908808 -12.940952 93.606300 0.845046 -0.499887 -0.189762 -0.202202 1.462598
0 32.216512 -35.355339 96.130954 0.845046 -0.499887 -0.189762 -0.552427 1.502046
glass
0 43.012912 -12.940952 85.163495 0.975702 -0.000000 -0.219101 -0.202202 1.330680
0 43.012912 12.940952 85.163495 0.975702 -0.000000 -0.219101 0.202202 1.330680
0 44.908808 12.940952 93.606300 0.975702 -0.000000 -0.219101 0.202202 1.462598
glass
0 43.012912 -12.940952 85.163495 0.975702 -0.000000 -0.219101 -0.202202 1.330680
0 44.908808 12.940952 93.606300 0.975702 -0.000000 -0.219101 0.202202 1.462598
0 44.908808 -12.940952 93.606300 0.975702 -0.000000 -0.219101 -0.202202 1.462598
glass
0 43.012912 12.940952 85.163495 0.845046 0.499887 -0.189762 0.202202 1.330680
0 30.459784 35.355339 88.307890 0.845046 0.499887 -0.189762 0.552427 1.379811
0 32.216512 35.355339 96.130954 0.845046 0.499887 -0.189762 0.552427 1.502046
glass
0 43.012912 12.940952 85.163495 0.845046 0.499887 -0.189762 0.202202 1.330680
0 32.216512 35.355339 96.130954 0.845046 0.499887 -0.189762 0.552427 1.502046
0 44.908808 12.940952 93.606300 0.845046 0.499887 -0.189762 0.202202 1.462598
glass
0 30.459784 35.355339 88.307890 0.487961 0.865960 -0.109575 0.475934 1.379811
0 8.717129 48.296291 93.754142 0.487961 0.865960 -0.109575 0.136205 1.464908
0 10.232811 48.296291 100.503784 0.487961 0.865960 -0.109575 0.159888 1.570372
glass
0 30.459784 35.355339 88.307890 0.487961 0.865960 -0.109575 0.475934 1.379811
0 10.232811 48.296291 100.503784 0.487961 0.865960 -0.109575 0.159888 1.570372
0 32.216512 35.355339 96.130954 0.487961 0.865960 -0.109575 0.503383 1.502046
glass
0 8.717129 48.296291 93.754142 0.000000 1.000000 -0.000000 0.136205 1.464908
0 -16.389128 48.296291 100.042932 0.000000 1.000000 -0.000000 -0.256080 1.563171
0 -15.151780 48.296291 105.553093 0.000000 1.000000 -0.000000 -0.236747 1.649267
glass
0 8.717129 48.296291 93.754142 0.000000 1.000000 -0.000000 0.136205 1.464908
0 -15.151780 48.296291 105.553093 0.000000 1.000000 -0.000000 -0.236747 1.649267
0 10.232811 48.296291 100.503784 0.000000 1.000000 -0.000000 0.159888 1.570372
collar_dark
0 34.614199 -37.800000 95.654025 0.985278 0.000000 -0.170962 -0.590625 1.494594
0 34.614199 -34.200000 95.654025 0.985278 0.000000 -0.170962 -0.534375 1.494594
0 36.005465 -34.200000 103.672087 0.985278 0.000000 -0.170962 -0.534375 1.619876
collar_dark
0 34.614199 -37.800000 95.654025 0.985278 0.000000 -0.170962 -0.590625 1.494594
0 36.005465 -34.200000 103.672087 0.985278 0.000000 -0.170962 -0.534375 1.619876
0 36.005465 -37.800000 103.672087 0.985278 0.000000 -0.170962 -0.590625 1.619876
collar_dark
0 34.614199 -34.200000 95.654025 0.000000 1.000000 0.000000 0.540847 1.494594
0 31.083372 -34.200000 96.356350 0.000000 1.000000 0.000000 0.485678 1.505568
0 32.444430 -34.200000 104.200317 0.000000 1.000000 0.000000 0.506944 1.628130
collar_dark
0 34.614199 -34.200000 95.654025 0.000000 1.000000 0.000000 0.540847 1.494594
0 32.444430 -34.200000 104.200317 0.000000 1.000000 0.000000 0.506944 1.628130
0 36.005465 -34.200000 103.672087 0.000000 1.000000 0.000000 0.562585 1.619876
collar_dark
0 31.083372 -34.200000 96.356350 -0.985278 0.000000 0.170962 -0.534375 1.505568
0 31.083372 -37.800000 96.356350 -0.985278 0.000000 0.170962 -0.590625 1.505568
0 32.444430 -37.800000 104.200317 -0.985278 0.000000 0.170962 -0.590625 1.628130
collar_dark
0 31.083372 -34.200000 96.356350 -0.985278 0.000000 0.170962 -0.534375 1.505568
0 32.444430 -37.800000 104.200317 -0.985278 0.000000 0.170962 -0.590625 1.628130
0 32.444430 -34.200000 104.200317 -0.985278 0.000000 0.170962 -0.534375 1.628130
collar_dark
0 31.083372 -37.800000 96.356350 0.000000 -1.000000 0.000000 0.485678 1.505568
0 34.614199 -37.800000 95.654025 0.000000 -1.000000 0.000000 0.540847 1.494594
0 36.005465 -37.800000 103.672087 0.000000 -1.000000 0.000000 0.562585 1.619876
collar_dark
0 31.083372 -37.800000 96.356350 0.000000 -1.000000 0.000000 0.485678 1.505568
0 36.005465 -37.800000 103.672087 0.000000 -1.000000 0.000000 0.562585 1.619876
0 32.444430 -37.800000 104.200317 0.000000 -1.000000 0.000000 0.506944 1.628130
collar_dark
0 -36.002341 -37.800000 109.700528 0.985278 0.000000 -0.170962 -0.590625 1.714071
0 -36.002341 -34.200000 109.700528 0.985278 0.000000 -0.170962 -0.534375 1.714071
0 -35.215243 -34.200000 114.236681 0.985278 0.000000 -0.170962 -0.534375 1.784948
collar_dark
0 -36.002341 -37.800000 109.700528 0.985278 0.000000 -0.170962 -0.590625 1.714071
0 -35.215243 -34.200000 114.236681 0.985278 0.000000 -0.170962 -0.534375 1.784948
0 -35.215243 -37.800000 114.236681 0.985278 0.000000 -0.170962 -0.590625 1.784948
collar_dark
0 -36.002341 -34.200000 109.700528 0.000000 1.000000 0.000000 -0.562537 1.714071
0 -39.533168 -34.200000 110.402853 0.000000 1.000000 0.000000 -0.617706 1.725045
0 -38.776279 -34.200000 114.764911 0.000000 1.000000 0.000000 -0.605879 1.793202
collar_dark
0 -36.002341 -34.200000 109.700528 0.000000 1.000000 0.000000 -0.562537 1.714071
0 -38.776279 -34.200000 114.764911 0.000000 1.000000 0.000000 -0.605879 1.793202
0 -35.215243 -34.200000 114.236681 0.000000 1.000000 0.000000 -0.550238 1.784948
collar_dark
0 -39.533168 -34.200000 110.402853 -0.985278 0.000000 0.170962 -0.534375 1.725045
0 -39.533168 -37.800000 110.402853 -0.985278 0.000000 0.170962 -0.590625 1.725045
0 -38.776279 -37.800000 114.764911 -0.985278 0.000000 0.170962 -0.590625 1.793202
collar_dark
0 -39.533168 -34.200000 110.402853 -0.985278 0.000000 0.170962 -0.534375 1.725045
0 -38.776279 -37.800000 114.764911 -0.985278 0.000000 0.170962 -0.590625 1.793202
0 -38.776279 -34.200000 114.764911 -0.985278 0.000000 0.170962 -0.534375 1.793202
collar_dark
0 -39.533168 -37.800000 110.402853 0.000000 -1.000000 0.000000 -0.617706 1.725045
0 -36.002341 -37.800000 109.700528 0.000000 -1.000000 0.000000 -0.562537 1.714071
0 -35.215243 -37.800000 114.236681 0.000000 -1.000000 0.000000 -0.550238 1.784948
collar_dark
0 -39.533168 -37.800000 110.402853 0.000000 -1.000000 0.000000 -0.617706 1.725045
0 -35.215243 -37.800000 114.236681 0.000000 -1.000000 0.000000 -0.550238 1.784948
0 -38.776279 -37.800000 114.764911 0.000000 -1.000000 0.000000 -0.605879 1.793202
collar_dark
0 34.614199 34.200000 95.654025 0.985278 0.000000 -0.170962 0.534375 1.494594
0 34.614199 37.800000 95.654025 0.985278 0.000000 -0.170962 0.590625 1.494594
0 36.005465 37.800000 103.672087 0.985278 0.000000 -0.170962 0.590625 1.619876
collar_dark
0 34.614199 34.200000 95.654025 0.985278 0.000000 -0.170962 0.534375 1.494594
0 36.005465 37.800000 103.672087 0.985278 0.000000 -0.170962 0.590625 1.619876
0 36.005465 34.200000 103.672087 0.985278 0.000000 -0.170962 0.534375 1.619876
collar_dark
0 34.614199 37.800000 95.654025 0.000000 1.000000 0.000000 0.540847 1.494594
0 31.083372 37.800000 96.356350 0.000000 1.000000 0.000000 0.485678 1.505568
0 32.444430 37.800000 104.200317 0.000000 1.000000 0.000000 0.506944 1.628130
collar_dark
0 34.614199 37.800000 95.654025 0.000000 1.000000 0.000000 0.540847 1.494594
0 32.444430 37.800000 104.200317 0.000000 1.000000 0.000000 0.506944 1.628130
0 36.005465 37.800000 103.672087 0.000000 1.000000 0.000000 0.562585 1.619876
collar_dark
0 31.083372 37.800000 96.356350 -0.985278 0.000000 0.170962 0.590625 1.505568
0 31.083372 34.200000 96.356350 -0.985278 0.000000 0.170962 0.534375 1.505568
0 32.444430 34.200000 104.200317 -0.985278 0.000000 0.170962 0.534375 1.628130
collar_dark
0 31.083372 37.800000 96.356350 -0.985278 0.000000 0.170962 0.590625 1.505568
0 32.444430 34.200000 104.200317 -0.985278 0.000000 0.170962 0.534375 1.628130
0 32.444430 37.800000 104.200317 -0.985278 0.000000 0.170962 0.590625 1.628130
collar_dark
0 31.083372 34.200000 96.356350 0.000000 -1.000000 0.000000 0.485678 1.505568
0 34.614199 34.200000 95.654025 0.000000 -1.000000 0.000000 0.540847 1.494594
0 36.005465 34.200000 103.672087 0.000000 -1.000000 0.000000 0.562585 1.619876
collar_dark
0 31.083372 34.200000 96.356350 0.000000 -1.000000 0.000000 0.485678 1.505568
0 36.005465 34.200000 103.672087 0.000000 -1.000000 0.000000 0.562585 1.619876
0 32.444430 34.200000 104.200317 0.000000 -1.000000 0.000000 0.506944 1.628130
collar_dark
0 -36.002341 34.200000 109.700528 0.985278 0.000000 -0.170962 0.534375 1.714071
0 -36.002341 37.800000 109.700528 0.985278 0.000000 -0.170962 0.590625 1.714071
0 -35.215243 37.800000 114.236681 0.985278 0.000000 -0.170962 0.590625 1.784948
collar_dark
0 -36.002341 34.200000 109.700528 0.985278 0.000000 -0.170962 0.534375 1.714071
0 -35.215243 37.800000 114.236681 0.985278 0.000000 -0.170962 0.590625 1.784948
0 -35.215243 34.200000 114.236681 0.985278 0.000000 -0.170962 0.534375 1.784948
collar_dark
0 -36.002341 37.800000 109.700528 0.000000 1.000000 0.000000 -0.562537 1.714071
0 -39.533168 37.800000 110.402853 0.000000 1.000000 0.000000 -0.617706 1.725045
0 -38.776279 37.800000 114.764911 0.000000 1.000000 0.000000 -0.605879 1.793202
collar_dark
0 -36.002341 37.800000 109.700528 0.000000 1.000000 0.000000 -0.562537 1.714071
0 -38.776279 37.800000 114.764911 0.000000 1.000000 0.000000 -0.605879 1.793202
0 -35.215243 37.800000 114.236681 0.000000 1.000000 0.000000 -0.550238 1.784948
collar_dark
0 -39.533168 37.800000 110.402853 -0.985278 0.000000 0.170962 0.590625 1.725045
0 -39.533168 34.200000 110.402853 -0.985278 0.000000 0.170962 0.534375 1.725045
0 -38.776279 34.200000 114.764911 -0.985278 0.000000 0.170962 0.534375 1.793202
collar_dark
0 -39.533168 37.800000 110.402853 -0.985278 0.000000 0.170962 0.590625 1.725045
0 -38.776279 34.200000 114.764911 -0.985278 0.000000 0.170962 0.534375 1.793202
0 -38.776279 37.800000 114.764911 -0.985278 0.000000 0.170962 0.590625 1.793202
collar_dark
0 -39.533168 34.200000 110.402853 0.000000 -1.000000 0.000000 -0.617706 1.725045
0 -36.002341 34.200000 109.700528 0.000000 -1.000000 0.000000 -0.562537 1.714071
0 -35.215243 34.200000 114.236681 0.000000 -1.000000 0.000000 -0.550238 1.784948
collar_dark
0 -39.533168 34.200000 110.402853 0.000000 -1.000000 0.000000 -0.617706 1.725045
0 -35.215243 34.200000 114.236681 0.000000 -1.000000 0.000000 -0.550238 1.784948
0 -38.776279 34.200000 114.764911 0.000000 -1.000000 0.000000 -0.605879 1.793202
glass
0 -15.151780 48.296291 105.553093 -0.492750 0.865960 0.085500 -0.236747 1.649267
0 -37.135480 35.355339 109.925923 -0.492750 0.865960 0.085500 -0.580242 1.717593
0 -36.358078 35.355339 114.406205 -0.492750 0.865960 0.085500 -0.568095 1.787597
glass
0 -15.151780 48.296291 105.553093 -0.492750 0.865960 0.085500 -0.236747 1.649267
0 -36.358078 35.355339 114.406205 -0.492750 0.865960 0.085500 -0.568095 1.787597
0 -14.186293 48.296291 111.117331 -0.492750 0.865960 0.085500 -0.221661 1.736208
glass
0 -37.135480 35.355339 109.925923 -0.853340 0.499887 0.148068 0.552427 1.717593
0 -49.827776 12.940952 112.450578 -0.853340 0.499887 0.148068 0.202202 1.757040
0 -49.158964 12.940952 116.305037 -0.853340 0.499887 0.148068 0.202202 1.817266
glass
0 -37.135480 35.355339 109.925923 -0.853340 0.499887 0.148068 0.552427 1.717593
0 -49.158964 12.940952 116.305037 -0.853340 0.499887 0.148068 0.202202 1.817266
0 -36.358078 35.355339 114.406205 -0.853340 0.499887 0.148068 0.552427 1.787597
glass
0 -49.827776 12.940952 112.450578 -0.985278 0.000000 0.170962 0.202202 1.757040
0 -49.827776 -12.940952 112.450578 -0.985278 0.000000 0.170962 -0.202202 1.757040
0 -49.158964 -12.940952 116.305037 -0.985278 0.000000 0.170962 -0.202202 1.817266
glass
0 -49.827776 12.940952 112.450578 -0.985278 0.000000 0.170962 0.202202 1.757040
0 -49.158964 -12.940952 116.305037 -0.985278 0.000000 0.170962 -0.202202 1.817266
0 -49.158964 12.940952 116.305037 -0.985278 0.000000 0.170962 0.202202 1.817266
glass
0 -49.827776 -12.940952 112.450578 -0.853340 -0.499887 0.148068 -0.202202 1.757040
0 -37.135480 -35.355339 109.925923 -0.853340 -0.499887 0.148068 -0.552427 1.717593
0 -36.358078 -35.355339 114.406205 -0.853340 -0.499887 0.148068 -0.552427 1.787597
glass
0 -49.827776 -12.940952 112.450578 -0.853340 -0.499887 0.148068 -0.202202 1.757040
0 -36.358078 -35.355339 114.406205 -0.853340 -0.499887 0.148068 -0.552427 1.787597
0 -49.158964 -12.940952 116.305037 -0.853340 -0.499887 0.148068 -0.202202 1.817266
glass
0 -37.135480 -35.355339 109.925923 -0.492750 -0.865960 0.085500 -0.580242 1.717593
0 -15.151780 -48.296291 105.553093 -0.492750 -0.865960 0.085500 -0.236747 1.649267
0 -14.186293 -48.296291 111.117331 -0.492750 -0.865960 0.085500 -0.221661 1.736208
glass
0 -37.135480 -35.355339 109.925923 -0.492750 -0.865960 0.085500 -0.580242 1.717593
0 -14.186293 -48.296291 111.117331 -0.492750 -0.865960 0.085500 -0.221661 1.736208
0 -36.358078 -35.355339 114.406205 -0.492750 -0.865960 0.085500 -0.568095 1.787597
glass
0 -15.151780 -48.296291 105.553093 0.000000 -1.000000 0.000000 -0.236747 1.649267
0 10.232811 -48.296291 100.503784 0.000000 -1.000000 0.000000 0.159888 1.570372
0 11.415479 -48.296291 107.319667 0.000000 -1.000000 0.000000 0.178367 1.676870
glass
0 -15.151780 -48.296291 105.553093 0.000000 -1.000000 0.000000 -0.236747 1.649267
0 11.415479 -48.296291 107.319667 0.000000 -1.000000 0.000000 0.178367 1.676870
0 -14.186293 -48.296291 111.117331 0.000000 -1.000000 0.000000 -0.221661 1.736208
glass
0 10.232811 -48.296291 100.503784 0.492750 -0.865960 -0.085500 0.159888 1.570372
0 32.216512 -35.355339 96.130954 0.492750 -0.865960 -0.085500 0.503383 1.502046
0 33.587264 -35.355339 104.030794 0.492750 -0.865960 -0.085500 0.524801 1.625481
glass
0 10.232811 -48.296291 100.503784 0.492750 -0.865960 -0.085500 0.159888 1.570372
0 33.587264 -35.355339 104.030794 0.492750 -0.865960 -0.085500 0.524801 1.625481
0 11.415479 -48.296291 107.319667 0.492750 -0.865960 -0.085500 0.178367 1.676870
glass
0 32.216512 -35.355339 96.130954 0.853340 -0.499887 -0.148068 -0.552427 1.502046
0 44.908808 -12.940952 93.606300 0.853340 -0.499887 -0.148068 -0.202202 1.462598
0 46.388150 -12.940952 102.131962 0.853340 -0.499887 -0.148068 -0.202202 1.595812
glass
0 32.216512 -35.355339 96.130954 0.853340 -0.499887 -0.148068 -0.552427 1.502046
0 46.388150 -12.940952 102.131962 0.853340 -0.499887 -0.148068 -0.202202 1.595812
0 33.587264 -35.355339 104.030794 0.853340 -0.499887 -0.148068 -0.552427 1.625481
glass
0 44.908808 -12.940952 93.606300 0.985278 -0.000000 -0.170962 -0.202202 1.462598
0 44.908808 12.940952 93.606300 0.985278 -0.000000 -0.170962 0.202202 1.462598
0 46.388150 12.940952 102.131962 0.985278 -0.000000 -0.170962 0.202202 1.595812
glass
0 44.908808 -12.940952 93.606300 0.985278 -0.000000 -0.170962 -0.202202 1.462598
0 46.388150 12.940952 102.131962 0.985278 -0.000000 -0.170962 0.202202 1.595812
0 46.388150 -12.940952 102.131962 0.985278 -0.000000 -0.170962 -0.202202 1.595812
glass
0 44.908808 12.940952 93.606300 0.853340 0.499887 -0.148068 0.202202 1.462598
0 32.216512 35.355339 96.130954 0.853340 0.499887 -0.148068 0.552427 1.502046
0 33.587264 35.355339 104.030794 0.853340 0.499887 -0.148068 0.552427 1.625481
glass
0 44.908808 12.940952 93.606300 0.853340 0.499887 -0.148068 0.202202 1.462598
0 33.587264 35.355339 104.030794 0.853340 0.499887 -0.148068 0.552427 1.625481
0 46.388150 12.940952 102.131962 0.853340 0.499887 -0.148068 0.202202 1.595812
glass
0 32.216512 35.355339 96.130954 0.492750 0.865960 -0.085500 0.503383 1.502046
0 10.232811 48.296291 100.503784 0.492750 0.865960 -0.085500 0.159888 1.570372
0 11.415479 48.296291 107.319667 0.492750 0.865960 -0.085500 0.178367 1.676870
glass
0 32.216512 35.355339 96.130954 0.492750 0.865960 -0.085500 0.503383 1.502046
0 11.415479 48.296291 107.319667 0.492750 0.865960 -0.085500 0.178367 1.676870
0 33.587264 35.355339 104.030794 0.492750 0.865960 -0.085500 0.524801 1.625481
glass
0 10.232811 48.296291 100.503784 0.000000 1.000000 -0.000000 0.159888 1.570372
0 -15.151780 48.296291 105.553093 0.000000 1.000000 -0.000000 -0.236747 1.649267
0 -14.186293 48.296291 111.117331 0.000000 1.000000 -0.000000 -0.221661 1.736208
glass
0 10.232811 48.296291 100.503784 0.000000 1.000000 -0.000000 0.159888 1.570372
0 -14.186293 48.296291 111.117331 0.000000 1.000000 -0.000000 -0.221661 1.736208
0 11.415479 48.296291 107.319667 0.000000 1.000000 -0.000000 0.178367 1.676870
collar_dark
0 36.005465 -37.800000 103.672087 0.992480 0.000000 -0.122411 -0.590625 1.619876
0 36.005465 -34.200000 103.672087 0.992480 0.000000 -0.122411 -0.534375 1.619876
0 37.001628 -34.200000 111.748758 0.992480 0.000000 -0.122411 -0.534375 1.746074
collar_dark
0 36.005465 -37.800000 103.672087 0.992480 0.000000 -0.122411 -0.590625 1.619876
0 37.001628 -34.200000 111.748758 0.992480 0.000000 -0.122411 -0.534375 1.746074
0 37.001628 -37.800000 111.748758 0.992480 0.000000 -0.122411 -0.590625 1.746074
collar_dark
0 36.005465 -34.200000 103.672087 0.000000 1.000000 0.000000 0.562585 1.619876
0 32.444430 -34.200000 104.200317 0.000000 1.000000 0.000000 0.506944 1.628130
0 33.418963 -34.200000 112.101620 0.000000 1.000000 0.000000 0.522171 1.751588
collar_dark
0 36.005465 -34.200000 103.672087 0.000000 1.000000 0.000000 0.562585 1.619876
0 33.418963 -34.200000 112.101620 0.000000 1.000000 0.000000 0.522171 1.751588
0 37.001628 -34.200000 111.748758 0.000000 1.000000 0.000000 0.578150 1.746074
collar_dark
0 32.444430 -34.200000 104.200317 -0.992480 0.000000 0.122411 -0.534375 1.628130
0 32.444430 -37.800000 104.200317 -0.992480 0.000000 0.122411 -0.590625 1.628130
0 33.418963 -37.800000 112.101620 -0.992480 0.000000 0.122411 -0.590625 1.751588
collar_dark
0 32.444430 -34.200000 104.200317 -0.992480 0.000000 0.122411 -0.534375 1.628130
0 33.418963 -37.800000 112.101620 -0.992480 0.000000 0.122411 -0.590625 1.751588
0 33.418963 -34.200000 112.101620 -0.992480 0.000000 0.122411 -0.534375 1.751588
collar_dark
0 32.444430 -37.800000 104.200317 0.000000 -1.000000 0.000000 0.506944 1.628130
0 36.005465 -37.800000 103.672087 0.000000 -1.000000 0.000000 0.562585 1.619876
0 37.001628 -37.800000 111.748758 0.000000 -1.000000 0.000000 0.578150 1.746074
collar_dark
0 32.444430 -37.800000 104.200317 0.000000 -1.000000 0.000000 0.506944 1.628130
0 37.001628 -37.800000 111.748758 0.000000 -1.000000 0.000000 0.578150 1.746074
0 33.418963 -37.800000 112.101620 0.000000 -1.000000 0.000000 0.522171 1.751588
collar_dark
0 -35.215243 -37.800000 114.236681 0.992480 0.000000 -0.122411 -0.590625 1.784948
0 -35.215243 -34.200000 114.236681 0.992480 0.000000 -0.122411 -0.534375 1.784948
0 -34.651673 -34.200000 118.805992 0.992480 0.000000 -0.122411 -0.534375 1.856344
collar_dark
0 -35.215243 -37.800000 114.236681 0.992480 0.000000 -0.122411 -0.590625 1.784948
0 -34.651673 -34.200000 118.805992 0.992480 0.000000 -0.122411 -0.534375 1.856344
0 -34.651673 -37.800000 118.805992 0.992480 0.000000 -0.122411 -0.590625 1.856344
collar_dark
0 -35.215243 -34.200000 114.236681 0.000000 1.000000 0.000000 -0.550238 1.784948
0 -38.776279 -34.200000 114.764911 0.000000 1.000000 0.000000 -0.605879 1.793202
0 -38.234338 -34.200000 119.158854 0.000000 1.000000 0.000000 -0.597412 1.861857
collar_dark
0 -35.215243 -34.200000 114.236681 0.000000 1.000000 0.000000 -0.550238 1.784948
0 -38.234338 -34.200000 119.158854 0.000000 1.000000 0.000000 -0.597412 1.861857
0 -34.651673 -34.200000 118.805992 0.000000 1.000000 0.000000 -0.541432 1.856344
collar_dark
0 -38.776279 -34.200000 114.764911 -0.992480 0.000000 0.122411 -0.534375 1.793202
0 -38.776279 -37.800000 114.764911 -0.992480 0.000000 0.122411 -0.590625 1.793202
0 -38.234338 -37.800000 119.158854 -0.992480 0.000000 0.122411 -0.590625 1.861857
collar_dark
0 -38.776279 -34.200000 114.764911 -0.992480 0.000000 0.122411 -0.534375 1.793202
0 -38.234338 -37.800000 119.158854 -0.992480 0.000000 0.122411 -0.590625 1.861857
0 -38.234338 -34.200000 119.158854 -0.992480 0.000000 0.122411 -0.534375 1.861857
collar_dark
0 -38.776279 -37.800000 114.764911 0.000000 -1.000000 0.000000 -0.605879 1.793202
0 -35.215243 -37.800000 114.236681 0.000000 -1.000000 0.000000 -0.550238 1.784948
0 -34.651673 -37.800000 118.805992 0.000000 -1.000000 0.000000 -0.541432 1.856344
collar_dark
0 -38.776279 -37.800000 114.764911 0.000000 -1.000000 0.000000 -0.605879 1.793202
0 -34.651673 -37.800000 118.805992 0.000000 -1.000000 0.000000 -0.541432 1.856344
0 -38.234338 -37.800000 119.158854 0.000000 -1.000000 0.000000 -0.597412 1.861857
collar_dark
0 36.005465 34.200000 103.672087 0.992480 0.000000 -0.122411 0.534375 1.619876
0 36.005465 37.800000 103.672087 0.992480 0.000000 -0.122411 0.590625 1.619876
0 37.001628 37.800000 111.748758 0.992480 0.000000 -0.122411 0.590625 1.746074
collar_dark
0 36.005465 34.200000 103.672087 0.992480 0.000000 -0.122411 0.534375 1.619876
0 37.001628 37.800000 111.748758 0.992480 0.000000 -0.122411 0.590625 1.746074
0 37.001628 34.200000 111.748758 0.992480 0.000000 -0.122411 0.534375 1.746074
collar_dark
0 36.005465 37.800000 103.672087 0.000000 1.000000 0.000000 0.562585 1.619876
0 32.444430 37.800000 104.200317 0.000000 1.000000 0.000000 0.506944 1.628130
0 33.418963 37.800000 112.101620 0.000000 1.000000 0.000000 0.522171 1.751588
collar_dark
0 36.005465 37.800000 103.672087 0.000000 1.000000 0.000000 0.562585 1.619876
0 33.418963 37.800000 112.101620 0.000000 1.000000 0.000000 0.522171 1.751588
0 37.001628 37.800000 111.748758 0.000000 1.000000 0.000000 0.578150 1.746074
collar_dark
0 32.444430 37.800000 104.200317 -0.992480 0.000000 0.122411 0.590625 1.628130
0 32.444430 34.200000 104.200317 -0.992480 0.000000 0.122411 0.534375 1.628130
0 33.418963 34.200000 112.101620 -0.992480 0.000000 0.122411 0.534375 1.751588
collar_dark
0 32.444430 37.800000 104.200317 -0.992480 0.000000 0.122411 0.590625 1.628130
0 33.418963 34.200000 112.101620 -0.992480 0.000000 0.122411 0.534375 1.751588
0 33.418963 37.800000 112.101620 -0.992480 0.000000 0.122411 0.590625 1.751588
collar_dark
0 32.444430 34.200000 104.200317 0.000000 -1.000000 0.000000 0.506944 1.628130
0 36.005465 34.200000 103.672087 0.000000 -1.000000 0.000000 0.562585 1.619876
0 37.001628 34.200000 111.748758 0.000000 -1.000000 0.000000 0.578150 1.746074
collar_dark
0 32.444430 34.200000 104.200317 0.000000 -1.000000 0.000000 0.506944 1.628130
0 37.001628 34.200000 111.748758 0.000000 -1.000000 0.000000 0.578150 1.746074
0 33.418963 34.200000 112.101620 0.000000 -1.000000 0.000000 0.522171 1.751588
collar_dark
0 -35.215243 34.200000 114.236681 0.992480 0.000000 -0.122411 0.534375 1.784948
0 -35.215243 37.800000 114.236681 0.992480 0.000000 -0.122411 0.590625 1.784948
0 -34.651673 37.800000 118.805992 0.992480 0.000000 -0.122411 0.590625 1.856344
collar_dark
0 -35.215243 34.200000 114.236681 0.992480 0.000000 -0.122411 0.534375 1.784948
0 -34.651673 37.800000 118.805992 0.992480 0.000000 -0.122411 0.590625 1.856344
0 -34.651673 34.200000 118.805992 0.992480 0.000000 -0.122411 0.534375 1.856344
collar_dark
0 -35.215243 37.800000 114.236681 0.000000 1.000000 0.000000 -0.550238 1.784948
0 -38.776279 37.800000 114.764911 0.000000 1.000000 0.000000 -0.605879 1.793202
0 -38.234338 37.800000 119.158854 0.000000 1.000000 0.000000 -0.597412 1.861857
collar_dark
0 -35.215243 37.800000 114.236681 0.000000 1.000000 0.000000 -0.550238 1.784948
0 -38.234338 37.800000 119.158854 0.000000 1.000000 0.000000 -0.597412 1.861857
0 -34.651673 37.800000 118.805992 0.000000 1.000000 0.000000 -0.541432 1.856344
collar_dark
0 -38.776279 37.800000 114.764911 -0.992480 0.000000 0.122411 0.590625 1.793202
0 -38.776279 34.200000 114.764911 -0.992480 0.000000 0.122411 0.534375 1.793202
0 -38.234338 34.200000 119.158854 -0.992480 0.000000 0.122411 0.534375 1.861857
collar_dark
0 -38.776279 37.800000 114.764911 -0.992480 0.000000 0.122411 0.590625 1.793202
0 -38.234338 34.200000 119.158854 -0.992480 0.000000 0.122411 0.534375 1.861857
0 -38.234338 37.800000 119.158854 -0.992480 0.000000 0.122411 0.590625 1.861857
collar_dark
0 -38.776279 34.200000 114.764911 0.000000 -1.000000 0.000000 -0.605879 1.793202
0 -35.215243 34.200000 114.236681 0.000000 -1.000000 0.000000 -0.550238 1.784948
0 -34.651673 34.200000 118.805992 0.000000 -1.000000 0.000000 -0.541432 1.856344
collar_dark
0 -38.776279 34.200000 114.764911 0.000000 -1.000000 0.000000 -0.605879 1.793202
0 -34.651673 34.200000 118.805992 0.000000 -1.000000 0.000000 -0.541432 1.856344
0 -38.234338 34.200000 119.158854 0.000000 -1.000000 0.000000 -0.597412 1.861857
glass
0 -14.186293 48.296291 111.117331 -0.496352 0.865960 0.061219 -0.221661 1.736208
0 -36.358078 35.355339 114.406205 -0.496352 0.865960 0.061219 -0.568095 1.787597
0 -35.801448 35.355339 118.919235 -0.496352 0.865960 0.061219 -0.559398 1.858113
glass
0 -14.186293 48.296291 111.117331 -0.496352 0.865960 0.061219 -0.221661 1.736208
0 -35.801448 35.355339 118.919235 -0.496352 0.865960 0.061219 -0.559398 1.858113
0 -13.494993 48.296291 116.722241 -0.496352 0.865960 0.061219 -0.210859 1.823785
glass
0 -36.358078 35.355339 114.406205 -0.859577 0.499887 0.106019 0.552427 1.787597
0 -49.158964 12.940952 116.305037 -0.859577 0.499887 0.106019 0.202202 1.817266
0 -48.680086 12.940952 120.187670 -0.859577 0.499887 0.106019 0.202202 1.877932
glass
0 -36.358078 35.355339 114.406205 -0.859577 0.499887 0.106019 0.552427 1.787597
0 -48.680086 12.940952 120.187670 -0.859577 0.499887 0.106019 0.202202 1.877932
0 -35.801448 35.355339 118.919235 -0.859577 0.499887 0.106019 0.552427 1.858113
glass
0 -49.158964 12.940952 116.305037 -0.992480 0.000000 0.122411 0.202202 1.817266
0 -49.158964 -12.940952 116.305037 -0.992480 0.000000 0.122411 -0.202202 1.817266
0 -48.680086 -12.940952 120.187670 -0.992480 0.000000 0.122411 -0.202202 1.877932
glass
0 -49.158964 12.940952 116.305037 -0.992480 0.000000 0.122411 0.202202 1.817266
0 -48.680086 -12.940952 120.187670 -0.992480 0.000000 0.122411 -0.202202 1.877932
0 -48.680086 12.940952 120.187670 -0.992480 0.000000 0.122411 0.202202 1.877932
glass
0 -49.158964 -12.940952 116.305037 -0.859577 -0.499887 0.106019 -0.202202 1.817266
0 -36.358078 -35.355339 114.406205 -0.859577 -0.499887 0.106019 -0.552427 1.787597
0 -35.801448 -35.355339 118.919235 -0.859577 -0.499887 0.106019 -0.552427 1.858113
glass
0 -49.158964 -12.940952 116.305037 -0.859577 -0.499887 0.106019 -0.202202 1.817266
0 -35.801448 -35.355339 118.919235 -0.859577 -0.499887 0.106019 -0.552427 1.858113
0 -48.680086 -12.940952 120.187670 -0.859577 -0.499887 0.106019 -0.202202 1.877932
glass
0 -36.358078 -35.355339 114.406205 -0.496352 -0.865960 0.061219 -0.568095 1.787597
0 -14.186293 -48.296291 111.117331 -0.496352 -0.865960 0.061219 -0.221661 1.736208
0 -13.494993 -48.296291 116.722241 -0.496352 -0.865960 0.061219 -0.210859 1.823785
glass
0 -36.358078 -35.355339 114.406205 -0.496352 -0.865960 0.061219 -0.568095 1.787597
0 -13.494993 -48.296291 116.722241 -0.496352 -0.865960 0.061219 -0.210859 1.823785
0 -35.801448 -35.355339 118.919235 -0.496352 -0.865960 0.061219 -0.559398 1.858113
glass
0 -14.186293 -48.296291 111.117331 0.000000 -1.000000 0.000000 -0.221661 1.736208
0 11.415479 -48.296291 107.319667 0.000000 -1.000000 0.000000 0.178367 1.676870
0 12.262283 -48.296291 114.185371 0.000000 -1.000000 0.000000 0.191598 1.784146
glass
0 -14.186293 -48.296291 111.117331 0.000000 -1.000000 0.000000 -0.221661 1.736208
0 12.262283 -48.296291 114.185371 0.000000 -1.000000 0.000000 0.191598 1.784146
0 -13.494993 -48.296291 116.722241 0.000000 -1.000000 0.000000 -0.210859 1.823785
glass
0 11.415479 -48.296291 107.319667 0.496352 -0.865960 -0.061219 0.178367 1.676870
0 33.587264 -35.355339 104.030794 0.496352 -0.865960 -0.061219 0.524801 1.625481
0 34.568738 -35.355339 111.988377 0.496352 -0.865960 -0.061219 0.540137 1.749818
glass
0 11.415479 -48.296291 107.319667 0.496352 -0.865960 -0.061219 0.178367 1.676870
0 34.568738 -35.355339 111.988377 0.496352 -0.865960 -0.061219 0.540137 1.749818
0 12.262283 -48.296291 114.185371 0.496352 -0.865960 -0.061219 0.191598 1.784146
glass
0 33.587264 -35.355339 104.030794 0.859577 -0.499887 -0.106019 -0.552427 1.625481
0 46.388150 -12.940952 102.131962 0.859577 -0.499887 -0.106019 -0.202202 1.595812
0 47.447376 -12.940952 110.719942 0.859577 -0.499887 -0.106019 -0.202202 1.729999
glass
0 33.587264 -35.355339 104.030794 0.859577 -0.499887 -0.106019 -0.552427 1.625481
0 47.447376 -12.940952 110.719942 0.859577 -0.499887 -0.106019 -0.202202 1.729999
0 34.568738 -35.355339 111.988377 0.859577 -0.499887 -0.106019 -0.552427 1.749818
glass
0 46.388150 -12.940952 102.131962 0.992480 -0.000000 -0.122411 -0.202202 1.595812
0 46.388150 12.940952 102.131962 0.992480 -0.000000 -0.122411 0.202202 1.595812
0 47.447376 12.940952 110.719942 0.992480 -0.000000 -0.122411 0.202202 1.729999
glass
0 46.388150 -12.940952 102.131962 0.992480 -0.000000 -0.122411 -0.202202 1.595812
0 47.447376 12.940952 110.719942 0.992480 -0.000000 -0.122411 0.202202 1.729999
0 47.447376 -12.940952 110.719942 0.992480 -0.000000 -0.122411 -0.202202 1.729999
glass
0 46.388150 12.940952 102.131962 0.859577 0.499887 -0.106019 0.202202 1.595812
0 33.587264 35.355339 104.030794 0.859577 0.499887 -0.106019 0.552427 1.625481
0 34.568738 35.355339 111.988377 0.859577 0.499887 -0.106019 0.552427 1.749818
glass
0 46.388150 12.940952 102.131962 0.859577 0.499887 -0.106019 0.202202 1.595812
0 34.568738 35.355339 111.988377 0.859577 0.499887 -0.106019 0.552427 1.749818
0 47.447376 12.940952 110.719942 0.859577 0.499887 -0.106019 0.202202 1.729999
glass
0 33.587264 35.355339 104.030794 0.496352 0.865960 -0.061219 0.524801 1.625481
0 11.415479 48.296291 107.319667 0.496352 0.865960 -0.061219 0.178367 1.676870
0 12.262283 48.296291 114.185371 0.496352 0.865960 -0.061219 0.191598 1.784146
glass
0 33.587264 35.355339 104.030794 0.496352 0.865960 -0.061219 0.524801 1.625481
0 12.262283 48.296291 114.185371 0.496352 0.865960 -0.061219 0.191598 1.784146
0 34.568738 35.355339 111.988377 0.496352 0.865960 -0.061219 0.540137 1.749818
glass
0 11.415479 48.296291 107.319667 0.000000 1.000000 -0.000000 0.178367 1.676870
0 -14.186293 48.296291 111.117331 0.000000 1.000000 -0.000000 -0.221661 1.736208
0 -13.494993 48.296291 116.722241 0.000000 1.000000 -0.000000 -0.210859 1.823785
glass
0 11.415479 48.296291 107.319667 0.000000 1.000000 -0.000000 0.178367 1.676870
0 -13.494993 48.296291 116.722241 0.000000 1.000000 -0.000000 -0.210859 1.823785
0 12.262283 48.296291 114.185371 0.000000 1.000000 -0.000000 0.191598 1.784146
collar_dark
0 37.001628 -37.800000 111.748758 0.997290 0.000000 -0.073565 -0.590625 1.746074
0 37.001628 -34.200000 111.748758 0.997290 0.000000 -0.073565 -0.534375 1.746074
0 37.600287 -34.200000 119.864580 0.997290 0.000000 -0.073565 -0.534375 1.872884
collar_dark
0 37.001628 -37.800000 111.748758 0.997290 0.000000 -0.073565 -0.590625 1.746074
0 37.600287 -34.200000 119.864580 0.997290 0.000000 -0.073565 -0.534375 1.872884
0 37.600287 -37.800000 119.864580 0.997290 0.000000 -0.073565 -0.590625 1.872884
collar_dark
0 37.001628 -34.200000 111.748758 0.000000 1.000000 0.000000 0.578150 1.746074
0 33.418963 -34.200000 112.101620 0.000000 1.000000 0.000000 0.522171 1.751588
0 34.004623 -34.200000 120.041223 0.000000 1.000000 0.000000 0.531322 1.875644
collar_dark
0 37.001628 -34.200000 111.748758 0.000000 1.000000 0.000000 0.578150 1.746074
0 34.004623 -34.200000 120.041223 0.000000 1.000000 0.000000 0.531322 1.875644
0 37.600287 -34.200000 119.864580 0.000000 1.000000 0.000000 0.587504 1.872884
collar_dark
0 33.418963 -34.200000 112.101620 -0.997290 0.000000 0.073565 -0.534375 1.751588
0 33.418963 -37.800000 112.101620 -0.997290 0.000000 0.073565 -0.590625 1.751588
0 34.004623 -37.800000 120.041223 -0.997290 0.000000 0.073565 -0.590625 1.875644
collar_dark
0 33.418963 -34.200000 112.101620 -0.997290 0.000000 0.073565 -0.534375 1.751588
0 34.004623 -37.800000 120.041223 -0.997290 0.000000 0.073565 -0.590625 1.875644
0 34.004623 -34.200000 120.041223 -0.997290 0.000000 0.073565 -0.534375 1.875644
collar_dark
0 33.418963 -37.800000 112.101620 0.000000 -1.000000 0.000000 0.522171 1.751588
0 37.001628 -37.800000 111.748758 0.000000 -1.000000 0.000000 0.578150 1.746074
0 37.600287 -37.800000 119.864580 0.000000 -1.000000 0.000000 0.587504 1.872884
collar_dark
0 33.418963 -37.800000 112.101620 0.000000 -1.000000 0.000000 0.522171 1.751588
0 37.600287 -37.800000 119.864580 0.000000 -1.000000 0.000000 0.587504 1.872884
0 34.004623 -37.800000 120.041223 0.000000 -1.000000 0.000000 0.531322 1.875644
collar_dark
0 -34.651673 -37.800000 118.805992 0.997290 0.000000 -0.073565 -0.590625 1.856344
0 -34.651673 -34.200000 118.805992 0.997290 0.000000 -0.073565 -0.534375 1.856344
0 -34.312986 -34.200000 123.397452 0.997290 0.000000 -0.073565 -0.534375 1.928085
collar_dark
0 -34.651673 -37.800000 118.805992 0.997290 0.000000 -0.073565 -0.590625 1.856344
0 -34.312986 -34.200000 123.397452 0.997290 0.000000 -0.073565 -0.534375 1.928085
0 -34.312986 -37.800000 123.397452 0.997290 0.000000 -0.073565 -0.590625 1.928085
collar_dark
0 -34.651673 -34.200000 118.805992 0.000000 1.000000 0.000000 -0.541432 1.856344
0 -38.234338 -34.200000 119.158854 0.000000 1.000000 0.000000 -0.597412 1.861857
0 -37.908650 -34.200000 123.574096 0.000000 1.000000 0.000000 -0.592323 1.930845
collar_dark
0 -34.651673 -34.200000 118.805992 0.000000 1.000000 0.000000 -0.541432 1.856344
0 -37.908650 -34.200000 123.574096 0.000000 1.000000 0.000000 -0.592323 1.930845
0 -34.312986 -34.200000 123.397452 0.000000 1.000000 0.000000 -0.536140 1.928085
collar_dark
0 -38.234338 -34.200000 119.158854 -0.997290 0.000000 0.073565 -0.534375 1.861857
0 -38.234338 -37.800000 119.158854 -0.997290 0.000000 0.073565 -0.590625 1.861857
0 -37.908650 -37.800000 123.574096 -0.997290 0.000000 0.073565 -0.590625 1.930845
collar_dark
0 -38.234338 -34.200000 119.158854 -0.997290 0.000000 0.073565 -0.534375 1.861857
0 -37.908650 -37.800000 123.574096 -0.997290 0.000000 0.073565 -0.590625 1.930845
0 -37.908650 -34.200000 123.574096 -0.997290 0.000000 0.073565 -0.534375 1.930845
collar_dark
0 -38.234338 -37.800000 119.158854 0.000000 -1.000000 0.000000 -0.597412 1.861857
0 -34.651673 -37.800000 118.805992 0.000000 -1.000000 0.000000 -0.541432 1.856344
0 -34.312986 -37.800000 123.397452 0.000000 -1.000000 0.000000 -0.536140 1.928085
collar_dark
0 -38.234338 -37.800000 119.158854 0.000000 -1.000000 0.000000 -0.597412 1.861857
0 -34.312986 -37.800000 123.397452 0.000000 -1.000000 0.000000 -0.536140 1.928085
0 -37.908650 -37.800000 123.574096 0.000000 -1.000000 0.000000 -0.592323 1.930845
collar_dark
0 37.001628 34.200000 111.748758 0.997290 0.000000 -0.073565 0.534375 1.746074
0 37.001628 37.800000 111.748758 0.997290 0.000000 -0.073565 0.590625 1.746074
0 37.600287 37.800000 119.864580 0.997290 0.000000 -0.073565 0.590625 1.872884
collar_dark
0 37.001628 34.200000 111.748758 0.997290 0.000000 -0.073565 0.534375 1.746074
0 37.600287 37.800000 119.864580 0.997290 0.000000 -0.073565 0.590625 1.872884
0 37.600287 34.200000 119.864580 0.997290 0.000000 -0.073565 0.534375 1.872884
collar_dark
0 37.001628 37.800000 111.748758 0.000000 1.000000 0.000000 0.578150 1.746074
0 33.418963 37.800000 112.101620 0.000000 1.000000 0.000000 0.522171 1.751588
0 34.004623 37.800000 120.041223 0.000000 1.000000 0.000000 0.531322 1.875644
collar_dark
0 37.001628 37.800000 111.748758 0.000000 1.000000 0.000000 0.578150 1.746074
0 34.004623 37.800000 120.041223 0.000000 1.000000 0.000000 0.531322 1.875644
0 37.600287 37.800000 119.864580 0.000000 1.000000 0.000000 0.587504 1.872884
collar_dark
0 33.418963 37.800000 112.101620 -0.997290 0.000000 0.073565 0.590625 1.751588
0 33.418963 34.200000 112.101620 -0.997290 0.000000 0.073565 0.534375 1.751588
0 34.004623 34.200000 120.041223 -0.997290 0.000000 0.073565 0.534375 1.875644
collar_dark
0 33.418963 37.800000 112.101620 -0.997290 0.000000 0.073565 0.590625 1.751588
0 34.004623 34.200000 120.041223 -0.997290 0.000000 0.073565 0.534375 1.875644
0 34.004623 37.800000 120.041223 -0.997290 0.000000 0.073565 0.590625 1.875644
collar_dark
0 33.418963 34.200000 112.101620 0.000000 -1.000000 0.000000 0.522171 1.751588
0 37.001628 34.200000 111.748758 0.000000 -1.000000 0.000000 0.578150 1.746074
0 37.600287 34.200000 119.864580 0.000000 -1.000000 0.000000 0.587504 1.872884
collar_dark
0 33.418963 34.200000 112.101620 0.000000 -1.000000 0.000000 0.522171 1.751588
0 37.600287 34.200000 119.864580 0.000000 -1.000000 0.000000 0.587504 1.872884
0 34.004623 34.200000 120.041223 0.000000 -1.000000 0.000000 0.531322 1.875644
collar_dark
0 -34.651673 34.200000 118.805992 0.997290 0.000000 -0.073565 0.534375 1.856344
0 -34.651673 37.800000 118.805992 0.997290 0.000000 -0.073565 0.590625 1.856344
0 -34.312986 37.800000 123.397452 0.997290 0.000000 -0.073565 0.590625 1.928085
collar_dark
0 -34.651673 34.200000 118.805992 0.997290 0.000000 -0.073565 0.534375 1.856344
0 -34.312986 37.800000 123.397452 0.997290 0.000000 -0.073565 0.590625 1.928085
0 -34.312986 34.200000 123.397452 0.997290 0.000000 -0.073565 0.534375 1.928085
collar_dark
0 -34.651673 37.800000 118.805992 0.000000 1.000000 0.000000 -0.541432 1.856344
0 -38.234338 37.800000 119.158854 0.000000 1.000000 0.000000 -0.597412 1.861857
0 -37.908650 37.800000 123.574096 0.000000 1.000000 0.000000 -0.592323 1.930845
collar_dark
0 -34.651673 37.800000 118.805992 0.000000 1.000000 0.000000 -0.541432 1.856344
0 -37.908650 37.800000 123.574096 0.000000 1.000000 0.000000 -0.592323 1.930845
0 -34.312986 37.800000 123.397452 0.000000 1.000000 0.000000 -0.536140 1.928085
collar_dark
0 -38.234338 37.800000 119.158854 -0.997290 0.000000 0.073565 0.590625 1.861857
0 -38.234338 34.200000 119.158854 -0.997290 0.000000 0.073565 0.534375 1.861857
0 -37.908650 34.200000 123.574096 -0.997290 0.000000 0.073565 0.534375 1.930845
collar_dark
0 -38.234338 37.800000 119.158854 -0.997290 0.000000 0.073565 0.590625 1.861857
0 -37.908650 34.200000 123.574096 -0.997290 0.000000 0.073565 0.534375 1.930845
0 -37.908650 37.800000 123.574096 -0.997290 0.000000 0.073565 0.590625 1.930845
collar_dark
0 -38.234338 34.200000 119.158854 0.000000 -1.000000 0.000000 -0.597412 1.861857
0 -34.651673 34.200000 118.805992 0.000000 -1.000000 0.000000 -0.541432 1.856344
0 -34.312986 34.200000 123.397452 0.000000 -1.000000 0.000000 -0.536140 1.928085
collar_dark
0 -38.234338 34.200000 119.158854 0.000000 -1.000000 0.000000 -0.597412 1.861857
0 -34.312986 34.200000 123.397452 0.000000 -1.000000 0.000000 -0.536140 1.928085
0 -37.908650 34.200000 123.574096 0.000000 -1.000000 0.000000 -0.592323 1.930845
glass
0 -13.494993 48.296291 116.722241 -0.498758 0.865960 0.036791 -0.210859 1.823785
0 -35.801448 35.355339 118.919235 -0.498758 0.865960 0.036791 -0.559398 1.858113
0 -35.466934 35.355339 123.454142 -0.498758 0.865960 0.036791 -0.554171 1.928971
glass
0 -13.494993 48.296291 116.722241 -0.498758 0.865960 0.036791 -0.210859 1.823785
0 -35.466934 35.355339 123.454142 -0.498758 0.865960 0.036791 -0.554171 1.928971
0 -13.079546 48.296291 122.354320 -0.498758 0.865960 0.036791 -0.204368 1.911786
glass
0 -35.801448 35.355339 118.919235 -0.863744 0.499887 0.063714 0.552427 1.858113
0 -48.680086 12.940952 120.187670 -0.863744 0.499887 0.063714 0.202202 1.877932
0 -48.392298 12.940952 124.089124 -0.863744 0.499887 0.063714 0.202202 1.938893
glass
0 -35.801448 35.355339 118.919235 -0.863744 0.499887 0.063714 0.552427 1.858113
0 -48.392298 12.940952 124.089124 -0.863744 0.499887 0.063714 0.202202 1.938893
0 -35.466934 35.355339 123.454142 -0.863744 0.499887 0.063714 0.552427 1.928971
glass
0 -48.680086 12.940952 120.187670 -0.997290 0.000000 0.073565 0.202202 1.877932
0 -48.680086 -12.940952 120.187670 -0.997290 0.000000 0.073565 -0.202202 1.877932
0 -48.392298 -12.940952 124.089124 -0.997290 0.000000 0.073565 -0.202202 1.938893
glass
0 -48.680086 12.940952 120.187670 -0.997290 0.000000 0.073565 0.202202 1.877932
0 -48.392298 -12.940952 124.089124 -0.997290 0.000000 0.073565 -0.202202 1.938893
0 -48.392298 12.940952 124.089124 -0.997290 0.000000 0.073565 0.202202 1.938893
glass
0 -48.680086 -12.940952 120.187670 -0.863744 -0.499887 0.063714 -0.202202 1.877932
0 -35.801448 -35.355339 118.919235 -0.863744 -0.499887 0.063714 -0.552427 1.858113
0 -35.466934 -35.355339 123.454142 -0.863744 -0.499887 0.063714 -0.552427 1.928971
glass
0 -48.680086 -12.940952 120.187670 -0.863744 -0.499887 0.063714 -0.202202 1.877932
0 -35.466934 -35.355339 123.454142 -0.863744 -0.499887 0.063714 -0.552427 1.928971
0 -48.392298 -12.940952 124.089124 -0.863744 -0.499887 0.063714 -0.202202 1.938893
glass
0 -35.801448 -35.355339 118.919235 -0.498758 -0.865960 0.036791 -0.559398 1.858113
0 -13.494993 -48.296291 116.722241 -0.498758 -0.865960 0.036791 -0.210859 1.823785
0 -13.079546 -48.296291 122.354320 -0.498758 -0.865960 0.036791 -0.204368 1.911786
glass
0 -35.801448 -35.355339 118.919235 -0.498758 -0.865960 0.036791 -0.559398 1.858113
0 -13.079546 -48.296291 122.354320 -0.498758 -0.865960 0.036791 -0.204368 1.911786
0 -35.466934 -35.355339 123.454142 -0.498758 -0.865960 0.036791 -0.554171 1.928971
glass
0 -13.494993 -48.296291 116.722241 0.000000 -1.000000 0.000000 -0.210859 1.823785
0 12.262283 -48.296291 114.185371 0.000000 -1.000000 0.000000 0.191598 1.784146
0 12.771183 -48.296291 121.084355 0.000000 -1.000000 0.000000 0.199550 1.891943
glass
0 -13.494993 -48.296291 116.722241 0.000000 -1.000000 0.000000 -0.210859 1.823785
0 12.771183 -48.296291 121.084355 0.000000 -1.000000 0.000000 0.199550 1.891943
0 -13.079546 -48.296291 122.354320 0.000000 -1.000000 0.000000 -0.204368 1.911786
glass
0 12.262283 -48.296291 114.185371 0.498758 -0.865960 -0.036791 0.191598 1.784146
0 34.568738 -35.355339 111.988377 0.498758 -0.865960 -0.036791 0.540137 1.749818
0 35.158570 -35.355339 119.984533 0.498758 -0.865960 -0.036791 0.549353 1.874758
glass
0 12.262283 -48.296291 114.185371 0.498758 -0.865960 -0.036791 0.191598 1.784146
0 35.158570 -35.355339 119.984533 0.498758 -0.865960 -0.036791 0.549353 1.874758
0 12.771183 -48.296291 121.084355 0.498758 -0.865960 -0.036791 0.199550 1.891943
glass
0 34.568738 -35.355339 111.988377 0.863744 -0.499887 -0.063714 -0.552427 1.749818
0 47.447376 -12.940952 110.719942 0.863744 -0.499887 -0.063714 -0.202202 1.729999
0 48.083935 -12.940952 119.349551 0.863744 -0.499887 -0.063714 -0.202202 1.864837
glass
0 34.568738 -35.355339 111.988377 0.863744 -0.499887 -0.063714 -0.552427 1.749818
0 48.083935 -12.940952 119.349551 0.863744 -0.499887 -0.063714 -0.202202 1.864837
0 35.158570 -35.355339 119.984533 0.863744 -0.499887 -0.063714 -0.552427 1.874758
glass
0 47.447376 -12.940952 110.719942 0.997290 -0.000000 -0.073565 -0.202202 1.729999
0 47.447376 12.940952 110.719942 0.997290 -0.000000 -0.073565 0.202202 1.729999
0 48.083935 12.940952 119.349551 0.997290 -0.000000 -0.073565 0.202202 1.864837
glass
0 47.447376 -12.940952 110.719942 0.997290 -0.000000 -0.073565 -0.202202 1.729999
0 48.083935 12.940952 119.349551 0.997290 -0.000000 -0.073565 0.202202 1.864837
0 48.083935 -12.940952 119.349551 0.997290 -0.000000 -0.073565 -0.202202 1.864837
glass
0 47.447376 12.940952 110.719942 0.863744 0.499887 -0.063714 0.202202 1.729999
0 34.568738 35.355339 111.988377 0.863744 0.499887 -0.063714 0.552427 1.749818
0 35.158570 35.355339 119.984533 0.863744 0.499887 -0.063714 0.552427 1.874758
glass
0 47.447376 12.940952 110.719942 0.863744 0.499887 -0.063714 0.202202 1.729999
0 35.158570 35.355339 119.984533 0.863744 0.499887 -0.063714 0.552427 1.874758
0 48.083935 12.940952 119.349551 0.863744 0.499887 -0.063714 0.202202 1.864837
glass
0 34.568738 35.355339 111.988377 0.498758 0.865960 -0.036791 0.540137 1.749818
0 12.262283 48.296291 114.185371 0.498758 0.865960 -0.036791 0.191598 1.784146
0 12.771183 48.296291 121.084355 0.498758 0.865960 -0.036791 0.199550 1.891943
glass
0 34.568738 35.355339 111.988377 0.498758 0.865960 -0.036791 0.540137 1.749818
0 12.771183 48.296291 121.084355 0.498758 0.865960 -0.036791 0.199550 1.891943
0 35.158570 35.355339 119.984533 0.498758 0.865960 -0.036791 0.549353 1.874758
glass
0 12.262283 48.296291 114.185371 0.000000 1.000000 -0.000000 0.191598 1.784146
0 -13.494993 48.296291 116.722241 0.000000 1.000000 -0.000000 -0.210859 1.823785
0 -13.079546 48.296291 122.354320 0.000000 1.000000 -0.000000 -0.204368 1.911786
glass
0 12.262283 48.296291 114.185371 0.000000 1.000000 -0.000000 0.191598 1.784146
0 -13.079546 48.296291 122.354320 0.000000 1.000000 -0.000000 -0.204368 1.911786
0 12.771183 48.296291 121.084355 0.000000 1.000000 -0.000000 0.199550 1.891943
collar_dark
0 37.600287 -37.800000 119.864580 0.999699 0.000000 -0.024541 -0.590625 1.872884
0 37.600287 -34.200000 119.864580 0.999699 0.000000 -0.024541 -0.534375 1.872884
0 37.800000 -34.200000 128.000000 0.999699 0.000000 -0.024541 -0.534375 2.000000
collar_dark
0 37.600287 -37.800000 119.864580 0.999699 0.000000 -0.024541 -0.590625 1.872884
0 37.800000 -34.200000 128.000000 0.999699 0.000000 -0.024541 -0.534375 2.000000
0 37.800000 -37.800000 128.000000 0.999699 0.000000 -0.024541 -0.590625 2.000000
collar_dark
0 37.600287 -34.200000 119.864580 0.000000 1.000000 0.000000 0.587504 1.872884
0 34.004623 -34.200000 120.041223 0.000000 1.000000 0.000000 0.531322 1.875644
0 34.200000 -34.200000 128.000000 0.000000 1.000000 0.000000 0.534375 2.000000
collar_dark
0 37.600287 -34.200000 119.864580 0.000000 1.000000 0.000000 0.587504 1.872884
0 34.200000 -34.200000 128.000000 0.000000 1.000000 0.000000 0.534375 2.000000
0 37.800000 -34.200000 128.000000 0.000000 1.000000 0.000000 0.590625 2.000000
collar_dark
0 34.004623 -34.200000 120.041223 -0.999699 0.000000 0.024541 -0.534375 1.875644
0 34.004623 -37.800000 120.041223 -0.999699 0.000000 0.024541 -0.590625 1.875644
0 34.200000 -37.800000 128.000000 -0.999699 0.000000 0.024541 -0.590625 2.000000
collar_dark
0 34.004623 -34.200000 120.041223 -0.999699 0.000000 0.024541 -0.534375 1.875644
0 34.200000 -37.800000 128.000000 -0.999699 0.000000 0.024541 -0.590625 2.000000
0 34.200000 -34.200000 128.000000 -0.999699 0.000000 0.024541 -0.534375 2.000000
collar_dark
0 34.004623 -37.800000 120.041223 0.000000 -1.000000 0.000000 0.531322 1.875644
0 37.600287 -37.800000 119.864580 0.000000 -1.000000 0.000000 0.587504 1.872884
0 37.800000 -37.800000 128.000000 0.000000 -1.000000 0.000000 0.590625 2.000000
collar_dark
0 34.004623 -37.800000 120.041223 0.000000 -1.000000 0.000000 0.531322 1.875644
0 37.800000 -37.800000 128.000000 0.000000 -1.000000 0.000000 0.590625 2.000000
0 34.200000 -37.800000 128.000000 0.000000 -1.000000 0.000000 0.534375 2.000000
collar_dark
0 -34.312986 -37.800000 123.397452 0.999699 0.000000 -0.024541 -0.590625 1.928085
0 -34.312986 -34.200000 123.397452 0.999699 0.000000 -0.024541 -0.534375 1.928085
0 -34.200000 -34.200000 128.000000 0.999699 0.000000 -0.024541 -0.534375 2.000000
collar_dark
0 -34.312986 -37.800000 123.397452 0.999699 0.000000 -0.024541 -0.590625 1.928085
0 -34.200000 -34.200000 128.000000 0.999699 0.000000 -0.024541 -0.534375 2.000000
0 -34.200000 -37.800000 128.000000 0.999699 0.000000 -0.024541 -0.590625 2.000000
collar_dark
0 -34.312986 -34.200000 123.397452 0.000000 1.000000 0.000000 -0.536140 1.928085
0 -37.908650 -34.200000 123.574096 0.000000 1.000000 0.000000 -0.592323 1.930845
0 -37.800000 -34.200000 128.000000 0.000000 1.000000 0.000000 -0.590625 2.000000
collar_dark
0 -34.312986 -34.200000 123.397452 0.000000 1.000000 0.000000 -0.536140 1.928085
0 -37.800000 -34.200000 128.000000 0.000000 1.000000 0.000000 -0.590625 2.000000
0 -34.200000 -34.200000 128.000000 0.000000 1.000000 0.000000 -0.534375 2.000000
collar_dark
0 -37.908650 -34.200000 123.574096 -0.999699 0.000000 0.024541 -0.534375 1.930845
0 -37.908650 -37.800000 123.574096 -0.999699 0.000000 0.024541 -0.590625 1.930845
0 -37.800000 -37.800000 128.000000 -0.999699 0.000000 0.024541 -0.590625 2.000000
collar_dark
0 -37.908650 -34.200000 123.574096 -0.999699 0.000000 0.024541 -0.534375 1.930845
0 -37.800000 -37.800000 128.000000 -0.999699 0.000000 0.024541 -0.590625 2.000000
0 -37.800000 -34.200000 128.000000 -0.999699 0.000000 0.024541 -0.534375 2.000000
collar_dark
0 -37.908650 -37.800000 123.574096 0.000000 -1.000000 0.000000 -0.592323 1.930845
0 -34.312986 -37.800000 123.397452 0.000000 -1.000000 0.000000 -0.536140 1.928085
0 -34.200000 -37.800000 128.000000 0.000000 -1.000000 0.000000 -0.534375 2.000000
collar_dark
0 -37.908650 -37.800000 123.574096 0.000000 -1.000000 0.000000 -0.592323 1.930845
0 -34.200000 -37.800000 128.000000 0.000000 -1.000000 0.000000 -0.534375 2.000000
0 -37.800000 -37.800000 128.000000 0.000000 -1.000000 0.000000 -0.590625 2.000000
collar_dark
0 37.600287 34.200000 119.864580 0.999699 0.000000 -0.024541 0.534375 1.872884
0 37.600287 37.800000 119.864580 0.999699 0.000000 -0.024541 0.590625 1.872884
0 37.800000 37.800000 128.000000 0.999699 0.000000 -0.024541 0.590625 2.000000
collar_dark
0 37.600287 34.200000 119.864580 0.999699 0.000000 -0.024541 0.534375 1.872884
0 37.800000 37.800000 128.000000 0.999699 0.000000 -0.024541 0.590625 2.000000
0 37.800000 34.200000 128.000000 0.999699 0.000000 -0.024541 0.534375 2.000000
collar_dark
0 37.600287 37.800000 119.864580 0.000000 1.000000 0.000000 0.587504 1.872884
0 34.004623 37.800000 120.041223 0.000000 1.000000 0.000000 0.531322 1.875644
0 34.200000 37.800000 128.000000 0.000000 1.000000 0.000000 0.534375 2.000000
collar_dark
0 37.600287 37.800000 119.864580 0.000000 1.000000 0.000000 0.587504 1.872884
0 34.200000 37.800000 128.000000 0.000000 1.000000 0.000000 0.534375 2.000000
0 37.800000 37.800000 128.000000 0.000000 1.000000 0.000000 0.590625 2.000000
collar_dark
0 34.004623 37.800000 120.041223 -0.999699 0.000000 0.024541 0.590625 1.875644
0 34.004623 34.200000 120.041223 -0.999699 0.000000 0.024541 0.534375 1.875644
0 34.200000 34.200000 128.000000 -0.999699 0.000000 0.024541 0.534375 2.000000
collar_dark
0 34.004623 37.800000 120.041223 -0.999699 0.000000 0.024541 0.590625 1.875644
0 34.200000 34.200000 128.000000 -0.999699 0.000000 0.024541 0.534375 2.000000
0 34.200000 37.800000 128.000000 -0.999699 0.000000 0.024541 0.590625 2.000000
collar_dark
0 34.004623 34.200000 120.041223 0.000000 -1.000000 0.000000 0.531322 1.875644
0 37.600287 34.200000 119.864580 0.000000 -1.000000 0.000000 0.587504 1.872884
0 37.800000 34.200000 128.000000 0.000000 -1.000000 0.000000 0.590625 2.000000
collar_dark
0 34.004623 34.200000 120.041223 0.000000 -1.000000 0.000000 0.531322 1.875644
0 37.800000 34.200000 128.000000 0.000000 -1.000000 0.000000 0.590625 2.000000
0 34.200000 34.200000 128.000000 0.000000 -1.000000 0.000000 0.534375 2.000000
collar_dark
0 -34.312986 34.200000 123.397452 0.999699 0.000000 -0.024541 0.534375 1.928085
0 -34.312986 37.800000 123.397452 0.999699 0.000000 -0.024541 0.590625 1.928085
0 -34.200000 37.800000 128.000000 0.999699 0.000000 -0.024541 0.590625 2.000000
collar_dark
0 -34.312986 34.200000 123.397452 0.999699 0.000000 -0.024541 0.534375 1.928085
0 -34.200000 37.800000 128.000000 0.999699 0.000000 -0.024541 0.590625 2.000000
0 -34.200000 34.200000 128.000000 0.999699 0.000000 -0.024541 0.534375 2.000000
collar_dark
0 -34.312986 37.800000 123.397452 0.000000 1.000000 0.000000 -0.536140 1.928085
0 -37.908650 37.800000 123.574096 0.000000 1.000000 0.000000 -0.592323 1.930845
0 -37.800000 37.800000 128.000000 0.000000 1.000000 0.000000 -0.590625 2.000000
collar_dark
0 -34.312986 37.800000 123.397452 0.000000 1.000000 0.000000 -0.536140 1.928085
0 -37.800000 37.800000 128.000000 0.000000 1.000000 0.000000 -0.590625 2.000000
0 -34.200000 37.800000 128.000000 0.000000 1.000000 0.000000 -0.534375 2.000000
collar_dark
0 -37.908650 37.800000 123.574096 -0.999699 0.000000 0.024541 0.590625 1.930845
0 -37.908650 34.200000 123.574096 -0.999699 0.000000 0.024541 0.534375 1.930845
0 -37.800000 34.200000 128.000000 -0.999699 0.000000 0.024541 0.534375 2.000000
collar_dark
0 -37.908650 37.800000 123.574096 -0.999699 0.000000 0.024541 0.590625 1.930845
0 -37.800000 34.200000 128.000000 -0.999699 0.000000 0.024541 0.534375 2.000000
0 -37.800000 37.800000 128.000000 -0.999699 0.000000 0.024541 0.590625 2.000000
collar_dark
0 -37.908650 34.200000 123.574096 0.000000 -1.000000 0.000000 -0.592323 1.930845
0 -34.312986 34.200000 123.397452 0.000000 -1.000000 0.000000 -0.536140 1.928085
0 -34.200000 34.200000 128.000000 0.000000 -1.000000 0.000000 -0.534375 2.000000
collar_dark
0 -37.908650 34.200000 123.574096 0.000000 -1.000000 0.000000 -0.592323 1.930845
0 -34.200000 34.200000 128.000000 0.000000 -1.000000 0.000000 -0.534375 2.000000
0 -37.800000 34.200000 128.000000 0.000000 -1.000000 0.000000 -0.590625 2.000000
glass
0 -13.079546 48.296291 122.354320 -0.499962 0.865960 0.012273 -0.204368 1.911786
0 -35.466934 35.355339 123.454142 -0.499962 0.865960 0.012273 -0.554171 1.928971
0 -35.355339 35.355339 128.000000 -0.499962 0.865960 0.012273 -0.552427 2.000000
glass
0 -13.079546 48.296291 122.354320 -0.499962 0.865960 0.012273 -0.204368 1.911786
0 -35.355339 35.355339 128.000000 -0.499962 0.865960 0.012273 -0.552427 2.000000
0 -12.940952 48.296291 128.000000 -0.499962 0.865960 0.012273 -0.202202 2.000000
glass
0 -35.466934 35.355339 123.454142 -0.865830 0.499887 0.021255 0.552427 1.928971
0 -48.392298 12.940952 124.089124 -0.865830 0.499887 0.021255 0.202202 1.938893
0 -48.296291 12.940952 128.000000 -0.865830 0.499887 0.021255 0.202202 2.000000
glass
0 -35.466934 35.355339 123.454142 -0.865830 0.499887 0.021255 0.552427 1.928971
0 -48.296291 12.940952 128.000000 -0.865830 0.499887 0.021255 0.202202 2.000000
0 -35.355339 35.355339 128.000000 -0.865830 0.499887 0.021255 0.552427 2.000000
glass
0 -48.392298 12.940952 124.089124 -0.999699 0.000000 0.024541 0.202202 1.938893
0 -48.392298 -12.940952 124.089124 -0.999699 0.000000 0.024541 -0.202202 1.938893
0 -48.296291 -12.940952 128.000000 -0.999699 0.000000 0.024541 -0.202202 2.000000
glass
0 -48.392298 12.940952 124.089124 -0.999699 0.000000 0.024541 0.202202 1.938893
0 -48.296291 -12.940952 128.000000 -0.999699 0.000000 0.024541 -0.202202 2.000000
0 -48.296291 12.940952 128.000000 -0.999699 0.000000 0.024541 0.202202 2.000000
glass
0 -48.392298 -12.940952 124.089124 -0.865830 -0.499887 0.021255 -0.202202 1.938893
0 -35.466934 -35.355339 123.454142 -0.865830 -0.499887 0.021255 -0.552427 1.928971
0 -35.355339 -35.355339 128.000000 -0.865830 -0.499887 0.021255 -0.552427 2.000000
glass
0 -48.392298 -12.940952 124.089124 -0.865830 -0.499887 0.021255 -0.202202 1.938893
0 -35.355339 -35.355339 128.000000 -0.865830 -0.499887 0.021255 -0.552427 2.000000
0 -48.296291 -12.940952 128.000000 -0.865830 -0.499887 0.021255 -0.202202 2.000000
glass
0 -35.466934 -35.355339 123.454142 -0.499962 -0.865960 0.012273 -0.554171 1.928971
0 -13.079546 -48.296291 122.354320 -0.499962 -0.865960 0.012273 -0.204368 1.911786
0 -12.940952 -48.296291 128.000000 -0.499962 -0.865960 0.012273 -0.202202 2.000000
glass
0 -35.466934 -35.355339 123.454142 -0.499962 -0.865960 0.012273 -0.554171 1.928971
0 -12.940952 -48.296291 128.000000 -0.499962 -0.865960 0.012273 -0.202202 2.000000
0 -35.355339 -35.355339 128.000000 -0.499962 -0.865960 0.012273 -0.552427 2.000000
glass
0 -13.079546 -48.296291 122.354320 0.000000 -1.000000 0.000000 -0.204368 1.911786
0 12.771183 -48.296291 121.084355 0.000000 -1.000000 0.000000 0.199550 1.891943
0 12.940952 -48.296291 128.000000 0.000000 -1.000000 0.000000 0.202202 2.000000
glass
0 -13.079546 -48.296291 122.354320 0.000000 -1.000000 0.000000 -0.204368 1.911786
0 12.940952 -48.296291 128.000000 0.000000 -1.000000 0.000000 0.202202 2.000000
0 -12.940952 -48.296291 128.000000 0.000000 -1.000000 0.000000 -0.202202 2.000000
glass
0 12.771183 -48.296291 121.084355 0.499962 -0.865960 -0.012273 0.199550 1.891943
0 35.158570 -35.355339 119.984533 0.499962 -0.865960 -0.012273 0.549353 1.874758
0 35.355339 -35.355339 128.000000 0.499962 -0.865960 -0.012273 0.552427 2.000000
glass
0 12.771183 -48.296291 121.084355 0.499962 -0.865960 -0.012273 0.199550 1.891943
0 35.355339 -35.355339 128.000000 0.499962 -0.865960 -0.012273 0.552427 2.000000
0 12.940952 -48.296291 128.000000 0.499962 -0.865960 -0.012273 0.202202 2.000000
glass
0 35.158570 -35.355339 119.984533 0.865830 -0.499887 -0.021255 -0.552427 1.874758
0 48.083935 -12.940952 119.349551 0.865830 -0.499887 -0.021255 -0.202202 1.864837
0 48.296291 -12.940952 128.000000 0.865830 -0.499887 -0.021255 -0.202202 2.000000
glass
0 35.158570 -35.355339 119.984533 0.865830 -0.499887 -0.021255 -0.552427 1.874758
0 48.296291 -12.940952 128.000000 0.865830 -0.499887 -0.021255 -0.202202 2.000000
0 35.355339 -35.355339 128.000000 0.865830 -0.499887 -0.021255 -0.552427 2.000000
glass
0 48.083935 -12.940952 119.349551 0.999699 -0.000000 -0.024541 -0.202202 1.864837
0 48.083935 12.940952 119.349551 0.999699 -0.000000 -0.024541 0.202202 1.864837
0 48.296291 12.940952 128.000000 0.999699 -0.000000 -0.024541 0.202202 2.000000
glass
0 48.083935 -12.940952 119.349551 0.999699 -0.000000 -0.024541 -0.202202 1.864837
0 48.296291 12.940952 128.000000 0.999699 -0.000000 -0.024541 0.202202 2.000000
0 48.296291 -12.940952 128.000000 0.999699 -0.000000 -0.024541 -0.202202 2.000000
glass
0 48.083935 12.940952 119.349551 0.865830 0.499887 -0.021255 0.202202 1.864837
0 35.158570 35.355339 119.984533 0.865830 0.499887 -0.021255 0.552427 1.874758
0 35.355339 35.355339 128.000000 0.865830 0.499887 -0.021255 0.552427 2.000000
glass
0 48.083935 12.940952 119.349551 0.865830 0.499887 -0.021255 0.202202 1.864837
0 35.355339 35.355339 128.000000 0.865830 0.499887 -0.021255 0.552427 2.000000
0 48.296291 12.940952 128.000000 0.865830 0.499887 -0.021255 0.202202 2.000000
glass
0 35.158570 35.355339 119.984533 0.499962 0.865960 -0.012273 0.549353 1.874758
0 12.771183 48.296291 121.084355 0.499962 0.865960 -0.012273 0.199550 1.891943
0 12.940952 48.296291 128.000000 0.499962 0.865960 -0.012273 0.202202 2.000000
glass
0 35.158570 35.355339 119.984533 0.499962 0.865960 -0.012273 0.549353 1.874758
0 12.940952 48.296291 128.000000 0.499962 0.865960 -0.012273 0.202202 2.000000
0 35.355339 35.355339 128.000000 0.499962 0.865960 -0.012273 0.552427 2.000000
glass
0 12.771183 48.296291 121.084355 0.000000 1.000000 -0.000000 0.199550 1.891943
0 -13.079546 48.296291 122.354320 0.000000 1.000000 -0.000000 -0.204368 1.911786
0 -12.940952 48.296291 128.000000 0.000000 1.000000 -0.000000 -0.202202 2.000000
glass
0 12.771183 48.296291 121.084355 0.000000 1.000000 -0.000000 0.199550 1.891943
0 -12.940952 48.296291 128.000000 0.000000 1.000000 -0.000000 -0.202202 2.000000
0 12.940952 48.296291 128.000000 0.000000 1.000000 -0.000000 0.202202 2.000000
end